personnel_id,deployment_id,month_idx,date,start_date,end_date,deployment_duration_days,deployment_type,operational_intensity,hardship_level,recovery_required,location_category
P-000001,DEP-V2-0000001,2,2025-02-01,2025-02-05,2025-02-23,18,High Tempo,4,4,True,Remote/Difficult Terrain
P-000001,DEP-V2-0000002,3,2025-03-01,2025-03-04,2025-03-27,23,High Tempo,4,4,True,Remote/Difficult Terrain
P-000001,DEP-V2-0000003,4,2025-04-01,2025-04-04,2025-04-24,20,High Tempo,4,4,True,Remote/Difficult Terrain
P-000001,DEP-V2-0000004,5,2025-05-01,2025-05-04,2025-05-23,19,High Tempo,4,4,True,Remote/Difficult Terrain
P-000002,DEP-V2-0000005,4,2025-04-01,2025-04-05,2025-04-28,23,High Tempo,4,3,True,Semi-Urban Outpost
P-000002,DEP-V2-0000006,5,2025-05-01,2025-05-03,2025-05-23,20,High Tempo,3,4,True,Semi-Urban Outpost
P-000002,DEP-V2-0000007,6,2025-06-01,2025-06-03,2025-06-28,25,High Tempo,3,3,False,Semi-Urban Outpost
P-000002,DEP-V2-0000008,7,2025-07-01,2025-07-03,2025-07-26,23,High Tempo,4,3,True,Semi-Urban Outpost
P-000002,DEP-V2-0000009,8,2025-08-01,2025-08-02,2025-08-27,25,High Tempo,3,4,True,Semi-Urban Outpost
P-000003,DEP-V2-0000010,3,2025-03-01,2025-03-03,2025-03-27,24,Extended,4,5,True,Remote/Difficult Terrain
P-000003,DEP-V2-0000011,4,2025-04-01,2025-04-05,2025-04-24,19,Extended,5,4,True,High Altitude/Extreme
P-000003,DEP-V2-0000012,5,2025-05-01,2025-05-05,2025-05-27,22,Extended,5,4,True,High Altitude/Extreme
P-000003,DEP-V2-0000013,6,2025-06-01,2025-06-04,2025-06-24,20,Extended,4,4,True,Remote/Difficult Terrain
P-000003,DEP-V2-0000014,7,2025-07-01,2025-07-04,2025-07-28,24,Extended,5,5,True,High Altitude/Extreme
P-000003,DEP-V2-0000015,8,2025-08-01,2025-08-04,2025-08-24,20,Extended,5,5,True,High Altitude/Extreme
P-000003,DEP-V2-0000016,9,2025-09-01,2025-09-04,2025-09-25,21,Extended,4,5,True,High Altitude/Extreme
P-000004,DEP-V2-0000017,4,2025-04-01,2025-04-04,2025-04-26,22,High Tempo,4,5,True,Remote/Difficult Terrain
P-000004,DEP-V2-0000018,5,2025-05-01,2025-05-02,2025-05-25,23,Extended,4,4,True,Remote/Difficult Terrain
P-000004,DEP-V2-0000019,6,2025-06-01,2025-06-03,2025-06-23,20,Extended,5,5,True,Remote/Difficult Terrain
P-000004,DEP-V2-0000020,7,2025-07-01,2025-07-05,2025-07-26,21,Extended,5,5,True,High Altitude/Extreme
P-000004,DEP-V2-0000021,8,2025-08-01,2025-08-03,2025-08-27,24,Extended,5,5,True,High Altitude/Extreme
P-000004,DEP-V2-0000022,9,2025-09-01,2025-09-05,2025-09-23,18,High Tempo,5,4,True,Remote/Difficult Terrain
P-000004,DEP-V2-0000023,10,2025-10-01,2025-10-04,2025-10-26,22,Extended,5,5,True,Remote/Difficult Terrain
P-000004,DEP-V2-0000024,11,2025-11-01,2025-11-04,2025-11-23,19,Extended,4,5,True,Remote/Difficult Terrain
P-000006,DEP-V2-0000025,4,2025-04-01,2025-04-04,2025-04-24,20,Routine,3,2,False,Urban Base
P-000007,DEP-V2-0000026,4,2025-04-01,2025-04-04,2025-04-24,20,Extended,5,4,True,High Altitude/Extreme
P-000007,DEP-V2-0000027,5,2025-05-01,2025-05-05,2025-05-27,22,Extended,4,4,True,High Altitude/Extreme
P-000007,DEP-V2-0000028,6,2025-06-01,2025-06-02,2025-06-27,25,High Tempo,4,4,True,High Altitude/Extreme
P-000007,DEP-V2-0000029,7,2025-07-01,2025-07-05,2025-07-23,18,High Tempo,4,4,True,Remote/Difficult Terrain
P-000007,DEP-V2-0000030,8,2025-08-01,2025-08-02,2025-08-26,24,High Tempo,5,5,True,Remote/Difficult Terrain
P-000007,DEP-V2-0000031,9,2025-09-01,2025-09-04,2025-09-27,23,Extended,4,5,True,High Altitude/Extreme
P-000007,DEP-V2-0000032,10,2025-10-01,2025-10-03,2025-10-26,23,High Tempo,4,5,True,Remote/Difficult Terrain
P-000007,DEP-V2-0000033,11,2025-11-01,2025-11-05,2025-11-26,21,Extended,4,5,True,High Altitude/Extreme
P-000008,DEP-V2-0000034,4,2025-04-01,2025-04-03,2025-04-23,20,Routine,2,1,False,Urban Base
P-000009,DEP-V2-0000035,5,2025-05-01,2025-05-03,2025-05-28,25,Routine,2,1,False,Semi-Urban Outpost
P-000010,DEP-V2-0000036,4,2025-04-01,2025-04-05,2025-04-28,23,Extended,5,5,True,High Altitude/Extreme
P-000010,DEP-V2-0000037,5,2025-05-01,2025-05-02,2025-05-24,22,Extended,5,5,True,High Altitude/Extreme
P-000010,DEP-V2-0000038,6,2025-06-01,2025-06-04,2025-06-23,19,Extended,4,5,True,Remote/Difficult Terrain
P-000010,DEP-V2-0000039,7,2025-07-01,2025-07-05,2025-07-27,22,Extended,5,4,True,Remote/Difficult Terrain
P-000010,DEP-V2-0000040,8,2025-08-01,2025-08-05,2025-08-23,18,High Tempo,5,4,True,Remote/Difficult Terrain
P-000010,DEP-V2-0000041,9,2025-09-01,2025-09-04,2025-09-26,22,High Tempo,4,5,True,Remote/Difficult Terrain
P-000010,DEP-V2-0000042,10,2025-10-01,2025-10-05,2025-10-26,21,High Tempo,4,4,True,High Altitude/Extreme
P-000010,DEP-V2-0000043,11,2025-11-01,2025-11-03,2025-11-27,24,High Tempo,4,4,True,High Altitude/Extreme
P-000011,DEP-V2-0000044,4,2025-04-01,2025-04-05,2025-04-28,23,High Tempo,5,4,True,Remote/Difficult Terrain
P-000011,DEP-V2-0000045,5,2025-05-01,2025-05-04,2025-05-24,20,Extended,5,5,True,High Altitude/Extreme
P-000011,DEP-V2-0000046,6,2025-06-01,2025-06-02,2025-06-26,24,High Tempo,5,5,True,High Altitude/Extreme
P-000011,DEP-V2-0000047,7,2025-07-01,2025-07-03,2025-07-28,25,Extended,4,5,True,High Altitude/Extreme
P-000011,DEP-V2-0000048,8,2025-08-01,2025-08-04,2025-08-27,23,Extended,5,5,True,Remote/Difficult Terrain
P-000011,DEP-V2-0000049,9,2025-09-01,2025-09-04,2025-09-25,21,High Tempo,4,5,True,High Altitude/Extreme
P-000011,DEP-V2-0000050,10,2025-10-01,2025-10-03,2025-10-25,22,High Tempo,5,5,True,Remote/Difficult Terrain
P-000011,DEP-V2-0000051,11,2025-11-01,2025-11-05,2025-11-27,22,High Tempo,4,5,True,High Altitude/Extreme
P-000012,DEP-V2-0000052,4,2025-04-01,2025-04-05,2025-04-28,23,Routine,3,2,False,Urban Base
P-000012,DEP-V2-0000053,5,2025-05-01,2025-05-05,2025-05-23,18,Routine,2,2,False,Urban Base
P-000014,DEP-V2-0000054,4,2025-04-01,2025-04-05,2025-04-23,18,Routine,3,1,False,Urban Base
P-000014,DEP-V2-0000055,5,2025-05-01,2025-05-03,2025-05-26,23,Routine,3,1,False,Urban Base
P-000015,DEP-V2-0000056,4,2025-04-01,2025-04-05,2025-04-28,23,High Tempo,3,3,False,Semi-Urban Outpost
P-000015,DEP-V2-0000057,5,2025-05-01,2025-05-03,2025-05-26,23,High Tempo,5,3,True,Semi-Urban Outpost
P-000015,DEP-V2-0000058,6,2025-06-01,2025-06-03,2025-06-24,21,High Tempo,4,3,True,Remote/Difficult Terrain
P-000015,DEP-V2-0000059,7,2025-07-01,2025-07-04,2025-07-28,24,High Tempo,5,4,True,Remote/Difficult Terrain
P-000015,DEP-V2-0000060,8,2025-08-01,2025-08-04,2025-08-23,19,High Tempo,4,4,True,Remote/Difficult Terrain
P-000016,DEP-V2-0000061,2,2025-02-01,2025-02-04,2025-02-24,20,High Tempo,4,4,True,Remote/Difficult Terrain
P-000016,DEP-V2-0000062,3,2025-03-01,2025-03-02,2025-03-23,21,High Tempo,4,4,True,Remote/Difficult Terrain
P-000016,DEP-V2-0000063,4,2025-04-01,2025-04-04,2025-04-26,22,High Tempo,4,4,True,Remote/Difficult Terrain
P-000016,DEP-V2-0000064,5,2025-05-01,2025-05-05,2025-05-28,23,High Tempo,4,4,True,Remote/Difficult Terrain
P-000017,DEP-V2-0000065,4,2025-04-01,2025-04-03,2025-04-25,22,High Tempo,3,3,False,Semi-Urban Outpost
P-000017,DEP-V2-0000066,5,2025-05-01,2025-05-05,2025-05-23,18,High Tempo,3,3,False,Remote/Difficult Terrain
P-000017,DEP-V2-0000067,6,2025-06-01,2025-06-02,2025-06-27,25,High Tempo,3,3,False,Semi-Urban Outpost
P-000017,DEP-V2-0000068,7,2025-07-01,2025-07-02,2025-07-26,24,High Tempo,3,4,True,Remote/Difficult Terrain
P-000017,DEP-V2-0000069,8,2025-08-01,2025-08-04,2025-08-26,22,High Tempo,3,4,True,Semi-Urban Outpost
P-000019,DEP-V2-0000070,6,2025-06-01,2025-06-03,2025-06-27,24,High Tempo,4,3,True,Semi-Urban Outpost
P-000019,DEP-V2-0000071,7,2025-07-01,2025-07-04,2025-07-27,23,High Tempo,4,3,True,Semi-Urban Outpost
P-000020,DEP-V2-0000072,4,2025-04-01,2025-04-03,2025-04-23,20,Extended,4,4,True,Remote/Difficult Terrain
P-000020,DEP-V2-0000073,5,2025-05-01,2025-05-02,2025-05-23,21,Extended,5,4,True,High Altitude/Extreme
P-000020,DEP-V2-0000074,6,2025-06-01,2025-06-02,2025-06-23,21,High Tempo,5,5,True,High Altitude/Extreme
P-000020,DEP-V2-0000075,7,2025-07-01,2025-07-04,2025-07-27,23,High Tempo,5,4,True,Remote/Difficult Terrain
P-000020,DEP-V2-0000076,8,2025-08-01,2025-08-03,2025-08-24,21,High Tempo,5,5,True,High Altitude/Extreme
P-000020,DEP-V2-0000077,9,2025-09-01,2025-09-04,2025-09-23,19,High Tempo,5,5,True,Remote/Difficult Terrain
P-000020,DEP-V2-0000078,10,2025-10-01,2025-10-05,2025-10-27,22,Extended,4,5,True,High Altitude/Extreme
P-000020,DEP-V2-0000079,11,2025-11-01,2025-11-02,2025-11-27,25,High Tempo,5,5,True,Remote/Difficult Terrain
P-000021,DEP-V2-0000080,4,2025-04-01,2025-04-04,2025-04-28,24,High Tempo,5,5,True,Remote/Difficult Terrain
P-000021,DEP-V2-0000081,5,2025-05-01,2025-05-02,2025-05-24,22,Extended,5,4,True,High Altitude/Extreme
P-000021,DEP-V2-0000082,6,2025-06-01,2025-06-05,2025-06-27,22,High Tempo,5,5,True,Remote/Difficult Terrain
P-000021,DEP-V2-0000083,7,2025-07-01,2025-07-02,2025-07-23,21,High Tempo,5,5,True,Remote/Difficult Terrain
P-000021,DEP-V2-0000084,8,2025-08-01,2025-08-03,2025-08-26,23,Extended,5,5,True,High Altitude/Extreme
P-000021,DEP-V2-0000085,9,2025-09-01,2025-09-02,2025-09-26,24,High Tempo,4,5,True,High Altitude/Extreme
P-000021,DEP-V2-0000086,10,2025-10-01,2025-10-04,2025-10-28,24,High Tempo,4,5,True,High Altitude/Extreme
P-000021,DEP-V2-0000087,11,2025-11-01,2025-11-04,2025-11-27,23,High Tempo,5,4,True,Remote/Difficult Terrain
P-000022,DEP-V2-0000088,2,2025-02-01,2025-02-04,2025-02-25,21,High Tempo,4,4,True,Remote/Difficult Terrain
P-000022,DEP-V2-0000089,3,2025-03-01,2025-03-02,2025-03-24,22,High Tempo,4,4,True,Remote/Difficult Terrain
P-000022,DEP-V2-0000090,4,2025-04-01,2025-04-05,2025-04-28,23,High Tempo,4,4,True,Remote/Difficult Terrain
P-000022,DEP-V2-0000091,5,2025-05-01,2025-05-04,2025-05-26,22,High Tempo,4,4,True,Remote/Difficult Terrain
P-000024,DEP-V2-0000092,5,2025-05-01,2025-05-03,2025-05-23,20,Routine,3,1,False,Semi-Urban Outpost
P-000025,DEP-V2-0000093,3,2025-03-01,2025-03-02,2025-03-25,23,Extended,5,4,True,Remote/Difficult Terrain
P-000025,DEP-V2-0000094,4,2025-04-01,2025-04-02,2025-04-28,26,Extended,4,4,True,High Altitude/Extreme
P-000025,DEP-V2-0000095,5,2025-05-01,2025-05-03,2025-05-24,21,Extended,4,4,True,High Altitude/Extreme
P-000025,DEP-V2-0000096,6,2025-06-01,2025-06-03,2025-06-28,25,Extended,5,5,True,High Altitude/Extreme
P-000025,DEP-V2-0000097,7,2025-07-01,2025-07-02,2025-07-26,24,Extended,4,4,True,Remote/Difficult Terrain
P-000025,DEP-V2-0000098,8,2025-08-01,2025-08-03,2025-08-28,25,Extended,5,5,True,Remote/Difficult Terrain
P-000025,DEP-V2-0000099,9,2025-09-01,2025-09-03,2025-09-27,24,Extended,5,4,True,High Altitude/Extreme
P-000026,DEP-V2-0000100,4,2025-04-01,2025-04-04,2025-04-25,21,High Tempo,5,3,True,Semi-Urban Outpost
P-000026,DEP-V2-0000101,5,2025-05-01,2025-05-02,2025-05-23,21,High Tempo,5,3,True,Semi-Urban Outpost
P-000026,DEP-V2-0000102,6,2025-06-01,2025-06-02,2025-06-24,22,High Tempo,5,4,True,Remote/Difficult Terrain
P-000026,DEP-V2-0000103,7,2025-07-01,2025-07-02,2025-07-28,26,High Tempo,4,3,True,Semi-Urban Outpost
P-000026,DEP-V2-0000104,8,2025-08-01,2025-08-02,2025-08-27,25,High Tempo,4,3,True,Semi-Urban Outpost
P-000027,DEP-V2-0000105,4,2025-04-01,2025-04-02,2025-04-27,25,High Tempo,4,5,True,Remote/Difficult Terrain
P-000027,DEP-V2-0000106,5,2025-05-01,2025-05-02,2025-05-25,23,High Tempo,4,5,True,Remote/Difficult Terrain
P-000027,DEP-V2-0000107,6,2025-06-01,2025-06-05,2025-06-25,20,Extended,5,4,True,High Altitude/Extreme
P-000027,DEP-V2-0000108,7,2025-07-01,2025-07-03,2025-07-26,23,Extended,5,5,True,Remote/Difficult Terrain
P-000027,DEP-V2-0000109,8,2025-08-01,2025-08-02,2025-08-24,22,Extended,4,5,True,Remote/Difficult Terrain
P-000027,DEP-V2-0000110,9,2025-09-01,2025-09-04,2025-09-27,23,High Tempo,5,5,True,Remote/Difficult Terrain
P-000027,DEP-V2-0000111,10,2025-10-01,2025-10-04,2025-10-28,24,High Tempo,4,4,True,Remote/Difficult Terrain
P-000027,DEP-V2-0000112,11,2025-11-01,2025-11-03,2025-11-25,22,High Tempo,4,5,True,Remote/Difficult Terrain
P-000028,DEP-V2-0000113,6,2025-06-01,2025-06-02,2025-06-24,22,High Tempo,4,3,True,Semi-Urban Outpost
P-000028,DEP-V2-0000114,7,2025-07-01,2025-07-05,2025-07-24,19,High Tempo,4,3,True,Semi-Urban Outpost
P-000029,DEP-V2-0000115,4,2025-04-01,2025-04-04,2025-04-25,21,Routine,2,1,False,Semi-Urban Outpost
P-000030,DEP-V2-0000116,4,2025-04-01,2025-04-05,2025-04-25,20,High Tempo,4,3,True,Remote/Difficult Terrain
P-000030,DEP-V2-0000117,5,2025-05-01,2025-05-04,2025-05-27,23,High Tempo,4,4,True,Remote/Difficult Terrain
P-000030,DEP-V2-0000118,6,2025-06-01,2025-06-02,2025-06-23,21,High Tempo,3,4,True,Semi-Urban Outpost
P-000030,DEP-V2-0000119,7,2025-07-01,2025-07-03,2025-07-24,21,High Tempo,4,3,True,Remote/Difficult Terrain
P-000030,DEP-V2-0000120,8,2025-08-01,2025-08-02,2025-08-23,21,High Tempo,3,4,True,Semi-Urban Outpost
P-000031,DEP-V2-0000121,3,2025-03-01,2025-03-04,2025-03-25,21,Extended,4,5,True,Remote/Difficult Terrain
P-000031,DEP-V2-0000122,4,2025-04-01,2025-04-02,2025-04-28,26,Extended,4,4,True,High Altitude/Extreme
P-000031,DEP-V2-0000123,5,2025-05-01,2025-05-03,2025-05-26,23,Extended,5,4,True,Remote/Difficult Terrain
P-000031,DEP-V2-0000124,6,2025-06-01,2025-06-03,2025-06-26,23,Extended,4,4,True,Remote/Difficult Terrain
P-000031,DEP-V2-0000125,7,2025-07-01,2025-07-05,2025-07-24,19,Extended,5,4,True,Remote/Difficult Terrain
P-000031,DEP-V2-0000126,8,2025-08-01,2025-08-05,2025-08-24,19,Extended,4,5,True,High Altitude/Extreme
P-000031,DEP-V2-0000127,9,2025-09-01,2025-09-04,2025-09-24,20,Extended,4,5,True,Remote/Difficult Terrain
P-000032,DEP-V2-0000128,4,2025-04-01,2025-04-04,2025-04-24,20,High Tempo,3,3,False,Remote/Difficult Terrain
P-000032,DEP-V2-0000129,5,2025-05-01,2025-05-04,2025-05-27,23,High Tempo,4,3,True,Remote/Difficult Terrain
P-000032,DEP-V2-0000130,6,2025-06-01,2025-06-04,2025-06-28,24,High Tempo,3,3,False,Remote/Difficult Terrain
P-000032,DEP-V2-0000131,7,2025-07-01,2025-07-03,2025-07-27,24,High Tempo,3,4,True,Remote/Difficult Terrain
P-000032,DEP-V2-0000132,8,2025-08-01,2025-08-04,2025-08-27,23,High Tempo,4,3,True,Remote/Difficult Terrain
P-000033,DEP-V2-0000133,3,2025-03-01,2025-03-02,2025-03-25,23,Extended,4,4,True,Remote/Difficult Terrain
P-000033,DEP-V2-0000134,4,2025-04-01,2025-04-02,2025-04-25,23,Extended,5,4,True,High Altitude/Extreme
P-000033,DEP-V2-0000135,5,2025-05-01,2025-05-03,2025-05-26,23,Extended,4,4,True,Remote/Difficult Terrain
P-000033,DEP-V2-0000136,6,2025-06-01,2025-06-02,2025-06-26,24,Extended,5,4,True,Remote/Difficult Terrain
P-000033,DEP-V2-0000137,7,2025-07-01,2025-07-05,2025-07-23,18,Extended,3,4,True,Remote/Difficult Terrain
P-000033,DEP-V2-0000138,8,2025-08-01,2025-08-03,2025-08-25,22,Extended,4,5,True,High Altitude/Extreme
P-000033,DEP-V2-0000139,9,2025-09-01,2025-09-04,2025-09-24,20,Extended,4,4,True,Remote/Difficult Terrain
P-000034,DEP-V2-0000140,4,2025-04-01,2025-04-05,2025-04-26,21,High Tempo,4,4,True,Semi-Urban Outpost
P-000034,DEP-V2-0000141,5,2025-05-01,2025-05-03,2025-05-26,23,High Tempo,3,3,False,Semi-Urban Outpost
P-000034,DEP-V2-0000142,6,2025-06-01,2025-06-05,2025-06-24,19,High Tempo,4,3,True,Remote/Difficult Terrain
P-000034,DEP-V2-0000143,7,2025-07-01,2025-07-04,2025-07-28,24,High Tempo,3,4,True,Remote/Difficult Terrain
P-000034,DEP-V2-0000144,8,2025-08-01,2025-08-02,2025-08-26,24,High Tempo,4,3,True,Semi-Urban Outpost
P-000035,DEP-V2-0000145,4,2025-04-01,2025-04-03,2025-04-23,20,Routine,2,2,False,Urban Base
P-000035,DEP-V2-0000146,5,2025-05-01,2025-05-02,2025-05-24,22,Routine,1,2,False,Urban Base
P-000036,DEP-V2-0000147,3,2025-03-01,2025-03-05,2025-03-24,19,Extended,3,4,True,Remote/Difficult Terrain
P-000036,DEP-V2-0000148,4,2025-04-01,2025-04-03,2025-04-23,20,Extended,4,4,True,High Altitude/Extreme
P-000036,DEP-V2-0000149,5,2025-05-01,2025-05-04,2025-05-27,23,Extended,3,5,True,Remote/Difficult Terrain
P-000036,DEP-V2-0000150,6,2025-06-01,2025-06-03,2025-06-23,20,Extended,4,5,True,High Altitude/Extreme
P-000036,DEP-V2-0000151,7,2025-07-01,2025-07-05,2025-07-27,22,Extended,4,4,True,Remote/Difficult Terrain
P-000036,DEP-V2-0000152,8,2025-08-01,2025-08-05,2025-08-28,23,Extended,4,4,True,Remote/Difficult Terrain
P-000036,DEP-V2-0000153,9,2025-09-01,2025-09-04,2025-09-23,19,Extended,4,5,True,High Altitude/Extreme
P-000037,DEP-V2-0000154,2,2025-02-01,2025-02-05,2025-02-23,18,High Tempo,4,4,True,Remote/Difficult Terrain
P-000037,DEP-V2-0000155,3,2025-03-01,2025-03-02,2025-03-27,25,High Tempo,4,4,True,Remote/Difficult Terrain
P-000037,DEP-V2-0000156,4,2025-04-01,2025-04-05,2025-04-28,23,High Tempo,4,4,True,Remote/Difficult Terrain
P-000037,DEP-V2-0000157,5,2025-05-01,2025-05-05,2025-05-26,21,High Tempo,4,4,True,Remote/Difficult Terrain
P-000038,DEP-V2-0000158,2,2025-02-01,2025-02-05,2025-02-27,22,High Tempo,4,4,True,Remote/Difficult Terrain
P-000038,DEP-V2-0000159,3,2025-03-01,2025-03-02,2025-03-23,21,High Tempo,4,4,True,Remote/Difficult Terrain
P-000038,DEP-V2-0000160,4,2025-04-01,2025-04-03,2025-04-27,24,High Tempo,4,4,True,Remote/Difficult Terrain
P-000038,DEP-V2-0000161,5,2025-05-01,2025-05-05,2025-05-23,18,High Tempo,4,4,True,Remote/Difficult Terrain
P-000039,DEP-V2-0000162,4,2025-04-01,2025-04-05,2025-04-24,19,Extended,5,5,True,High Altitude/Extreme
P-000039,DEP-V2-0000163,5,2025-05-01,2025-05-03,2025-05-25,22,Extended,4,5,True,High Altitude/Extreme
P-000039,DEP-V2-0000164,6,2025-06-01,2025-06-03,2025-06-27,24,Extended,5,4,True,Remote/Difficult Terrain
P-000039,DEP-V2-0000165,7,2025-07-01,2025-07-03,2025-07-26,23,Extended,4,5,True,Remote/Difficult Terrain
P-000039,DEP-V2-0000166,8,2025-08-01,2025-08-05,2025-08-25,20,Extended,5,5,True,High Altitude/Extreme
P-000039,DEP-V2-0000167,9,2025-09-01,2025-09-03,2025-09-28,25,High Tempo,4,5,True,High Altitude/Extreme
P-000039,DEP-V2-0000168,10,2025-10-01,2025-10-02,2025-10-26,24,Extended,5,5,True,High Altitude/Extreme
P-000039,DEP-V2-0000169,11,2025-11-01,2025-11-04,2025-11-28,24,Extended,4,4,True,High Altitude/Extreme
P-000041,DEP-V2-0000170,4,2025-04-01,2025-04-03,2025-04-24,21,Routine,2,2,False,Urban Base
P-000041,DEP-V2-0000171,5,2025-05-01,2025-05-02,2025-05-26,24,Routine,2,1,False,Urban Base
P-000042,DEP-V2-0000172,2,2025-02-01,2025-02-02,2025-02-28,26,High Tempo,4,4,True,Remote/Difficult Terrain
P-000042,DEP-V2-0000173,3,2025-03-01,2025-03-03,2025-03-23,20,High Tempo,4,4,True,Remote/Difficult Terrain
P-000042,DEP-V2-0000174,4,2025-04-01,2025-04-05,2025-04-28,23,High Tempo,4,4,True,Remote/Difficult Terrain
P-000042,DEP-V2-0000175,5,2025-05-01,2025-05-03,2025-05-25,22,High Tempo,4,4,True,Remote/Difficult Terrain
P-000043,DEP-V2-0000176,2,2025-02-01,2025-02-05,2025-02-25,20,High Tempo,4,4,True,Remote/Difficult Terrain
P-000043,DEP-V2-0000177,3,2025-03-01,2025-03-04,2025-03-25,21,High Tempo,4,4,True,Remote/Difficult Terrain
P-000043,DEP-V2-0000178,4,2025-04-01,2025-04-03,2025-04-28,25,High Tempo,4,4,True,Remote/Difficult Terrain
P-000043,DEP-V2-0000179,5,2025-05-01,2025-05-04,2025-05-23,19,High Tempo,4,4,True,Remote/Difficult Terrain
P-000045,DEP-V2-0000180,4,2025-04-01,2025-04-03,2025-04-23,20,Routine,2,1,False,Urban Base
P-000046,DEP-V2-0000181,5,2025-05-01,2025-05-02,2025-05-24,22,Routine,1,2,False,Urban Base
P-000047,DEP-V2-0000182,4,2025-04-01,2025-04-03,2025-04-24,21,Routine,1,2,False,Urban Base
P-000047,DEP-V2-0000183,5,2025-05-01,2025-05-02,2025-05-24,22,Routine,2,1,False,Semi-Urban Outpost
P-000048,DEP-V2-0000184,4,2025-04-01,2025-04-04,2025-04-27,23,Routine,1,1,False,Urban Base
P-000049,DEP-V2-0000185,4,2025-04-01,2025-04-03,2025-04-27,24,High Tempo,5,5,True,Remote/Difficult Terrain
P-000049,DEP-V2-0000186,5,2025-05-01,2025-05-02,2025-05-23,21,High Tempo,5,5,True,Remote/Difficult Terrain
P-000049,DEP-V2-0000187,6,2025-06-01,2025-06-03,2025-06-23,20,Extended,5,5,True,High Altitude/Extreme
P-000049,DEP-V2-0000188,7,2025-07-01,2025-07-04,2025-07-26,22,Extended,4,5,True,High Altitude/Extreme
P-000049,DEP-V2-0000189,8,2025-08-01,2025-08-05,2025-08-26,21,Extended,5,5,True,Remote/Difficult Terrain
P-000049,DEP-V2-0000190,9,2025-09-01,2025-09-04,2025-09-27,23,High Tempo,5,5,True,Remote/Difficult Terrain
P-000049,DEP-V2-0000191,10,2025-10-01,2025-10-04,2025-10-27,23,High Tempo,5,4,True,Remote/Difficult Terrain
P-000049,DEP-V2-0000192,11,2025-11-01,2025-11-04,2025-11-23,19,High Tempo,5,5,True,Remote/Difficult Terrain
P-000050,DEP-V2-0000193,4,2025-04-01,2025-04-05,2025-04-27,22,Routine,2,1,False,Urban Base
P-000051,DEP-V2-0000194,4,2025-04-01,2025-04-04,2025-04-26,22,High Tempo,4,3,True,Remote/Difficult Terrain
P-000051,DEP-V2-0000195,5,2025-05-01,2025-05-03,2025-05-24,21,High Tempo,5,4,True,Semi-Urban Outpost
P-000051,DEP-V2-0000196,6,2025-06-01,2025-06-03,2025-06-27,24,High Tempo,4,3,True,Semi-Urban Outpost
P-000051,DEP-V2-0000197,7,2025-07-01,2025-07-05,2025-07-25,20,High Tempo,5,3,True,Semi-Urban Outpost
P-000051,DEP-V2-0000198,8,2025-08-01,2025-08-02,2025-08-27,25,High Tempo,3,3,False,Semi-Urban Outpost
P-000052,DEP-V2-0000199,4,2025-04-01,2025-04-02,2025-04-24,22,Routine,3,1,False,Semi-Urban Outpost
P-000056,DEP-V2-0000200,6,2025-06-01,2025-06-05,2025-06-26,21,High Tempo,4,3,True,Semi-Urban Outpost
P-000056,DEP-V2-0000201,7,2025-07-01,2025-07-04,2025-07-26,22,High Tempo,4,3,True,Semi-Urban Outpost
P-000057,DEP-V2-0000202,5,2025-05-01,2025-05-03,2025-05-25,22,Routine,2,2,False,Urban Base
P-000058,DEP-V2-0000203,4,2025-04-01,2025-04-05,2025-04-28,23,Routine,2,2,False,Semi-Urban Outpost
P-000058,DEP-V2-0000204,5,2025-05-01,2025-05-02,2025-05-27,25,Routine,2,1,False,Urban Base
P-000059,DEP-V2-0000205,4,2025-04-01,2025-04-05,2025-04-27,22,High Tempo,4,4,True,Semi-Urban Outpost
P-000059,DEP-V2-0000206,5,2025-05-01,2025-05-03,2025-05-27,24,High Tempo,5,3,True,Semi-Urban Outpost
P-000059,DEP-V2-0000207,6,2025-06-01,2025-06-03,2025-06-28,25,High Tempo,5,3,True,Semi-Urban Outpost
P-000059,DEP-V2-0000208,7,2025-07-01,2025-07-02,2025-07-26,24,High Tempo,3,4,True,Remote/Difficult Terrain
P-000059,DEP-V2-0000209,8,2025-08-01,2025-08-03,2025-08-28,25,High Tempo,3,4,True,Semi-Urban Outpost
P-000060,DEP-V2-0000210,2,2025-02-01,2025-02-04,2025-02-28,24,High Tempo,4,4,True,Remote/Difficult Terrain
P-000060,DEP-V2-0000211,3,2025-03-01,2025-03-02,2025-03-28,26,High Tempo,4,4,True,Remote/Difficult Terrain
P-000060,DEP-V2-0000212,4,2025-04-01,2025-04-02,2025-04-28,26,High Tempo,4,4,True,Remote/Difficult Terrain
P-000060,DEP-V2-0000213,5,2025-05-01,2025-05-03,2025-05-23,20,High Tempo,4,4,True,Remote/Difficult Terrain
P-000061,DEP-V2-0000214,4,2025-04-01,2025-04-04,2025-04-23,19,High Tempo,4,4,True,Remote/Difficult Terrain
P-000061,DEP-V2-0000215,5,2025-05-01,2025-05-03,2025-05-25,22,High Tempo,5,3,True,Semi-Urban Outpost
P-000061,DEP-V2-0000216,6,2025-06-01,2025-06-03,2025-06-25,22,High Tempo,4,3,True,Remote/Difficult Terrain
P-000061,DEP-V2-0000217,7,2025-07-01,2025-07-02,2025-07-27,25,High Tempo,4,3,True,Semi-Urban Outpost
P-000061,DEP-V2-0000218,8,2025-08-01,2025-08-02,2025-08-24,22,High Tempo,4,3,True,Remote/Difficult Terrain
P-000062,DEP-V2-0000219,4,2025-04-01,2025-04-05,2025-04-27,22,Routine,1,2,False,Urban Base
P-000062,DEP-V2-0000220,5,2025-05-01,2025-05-03,2025-05-25,22,Routine,2,1,False,Urban Base
P-000064,DEP-V2-0000221,4,2025-04-01,2025-04-04,2025-04-23,19,Extended,5,5,True,High Altitude/Extreme
P-000064,DEP-V2-0000222,5,2025-05-01,2025-05-05,2025-05-28,23,Extended,4,4,True,High Altitude/Extreme
P-000064,DEP-V2-0000223,6,2025-06-01,2025-06-03,2025-06-26,23,High Tempo,4,5,True,Remote/Difficult Terrain
P-000064,DEP-V2-0000224,7,2025-07-01,2025-07-03,2025-07-23,20,Extended,4,5,True,Remote/Difficult Terrain
P-000064,DEP-V2-0000225,8,2025-08-01,2025-08-05,2025-08-26,21,High Tempo,5,5,True,Remote/Difficult Terrain
P-000064,DEP-V2-0000226,9,2025-09-01,2025-09-03,2025-09-23,20,High Tempo,5,4,True,High Altitude/Extreme
P-000064,DEP-V2-0000227,10,2025-10-01,2025-10-05,2025-10-25,20,Extended,5,5,True,High Altitude/Extreme
P-000064,DEP-V2-0000228,11,2025-11-01,2025-11-02,2025-11-25,23,High Tempo,5,5,True,Remote/Difficult Terrain
P-000065,DEP-V2-0000229,4,2025-04-01,2025-04-02,2025-04-28,26,Routine,2,1,False,Urban Base
P-000068,DEP-V2-0000230,4,2025-04-01,2025-04-03,2025-04-26,23,High Tempo,4,3,True,Remote/Difficult Terrain
P-000068,DEP-V2-0000231,5,2025-05-01,2025-05-04,2025-05-25,21,High Tempo,5,3,True,Semi-Urban Outpost
P-000068,DEP-V2-0000232,6,2025-06-01,2025-06-03,2025-06-25,22,High Tempo,5,3,True,Semi-Urban Outpost
P-000068,DEP-V2-0000233,7,2025-07-01,2025-07-02,2025-07-27,25,High Tempo,5,4,True,Remote/Difficult Terrain
P-000068,DEP-V2-0000234,8,2025-08-01,2025-08-03,2025-08-28,25,High Tempo,3,4,True,Remote/Difficult Terrain
P-000069,DEP-V2-0000235,2,2025-02-01,2025-02-02,2025-02-23,21,High Tempo,4,4,True,Remote/Difficult Terrain
P-000069,DEP-V2-0000236,3,2025-03-01,2025-03-05,2025-03-25,20,High Tempo,4,4,True,Remote/Difficult Terrain
P-000069,DEP-V2-0000237,4,2025-04-01,2025-04-02,2025-04-23,21,High Tempo,4,4,True,Remote/Difficult Terrain
P-000069,DEP-V2-0000238,5,2025-05-01,2025-05-05,2025-05-27,22,High Tempo,4,4,True,Remote/Difficult Terrain
P-000070,DEP-V2-0000239,4,2025-04-01,2025-04-02,2025-04-28,26,Routine,1,1,False,Urban Base
P-000070,DEP-V2-0000240,5,2025-05-01,2025-05-05,2025-05-26,21,Routine,2,1,False,Urban Base
P-000071,DEP-V2-0000241,4,2025-04-01,2025-04-02,2025-04-28,26,Extended,5,5,True,High Altitude/Extreme
P-000071,DEP-V2-0000242,5,2025-05-01,2025-05-03,2025-05-24,21,High Tempo,5,4,True,High Altitude/Extreme
P-000071,DEP-V2-0000243,6,2025-06-01,2025-06-03,2025-06-27,24,Extended,5,5,True,High Altitude/Extreme
P-000071,DEP-V2-0000244,7,2025-07-01,2025-07-04,2025-07-27,23,Extended,4,4,True,Remote/Difficult Terrain
P-000071,DEP-V2-0000245,8,2025-08-01,2025-08-05,2025-08-24,19,High Tempo,5,4,True,High Altitude/Extreme
P-000071,DEP-V2-0000246,9,2025-09-01,2025-09-05,2025-09-23,18,Extended,5,4,True,High Altitude/Extreme
P-000071,DEP-V2-0000247,10,2025-10-01,2025-10-03,2025-10-25,22,High Tempo,5,4,True,Remote/Difficult Terrain
P-000071,DEP-V2-0000248,11,2025-11-01,2025-11-04,2025-11-28,24,Extended,4,5,True,Remote/Difficult Terrain
P-000072,DEP-V2-0000249,4,2025-04-01,2025-04-03,2025-04-24,21,High Tempo,5,3,True,Semi-Urban Outpost
P-000072,DEP-V2-0000250,5,2025-05-01,2025-05-02,2025-05-26,24,High Tempo,4,3,True,Semi-Urban Outpost
P-000072,DEP-V2-0000251,6,2025-06-01,2025-06-04,2025-06-26,22,High Tempo,3,3,False,Remote/Difficult Terrain
P-000072,DEP-V2-0000252,7,2025-07-01,2025-07-05,2025-07-26,21,High Tempo,4,3,True,Semi-Urban Outpost
P-000072,DEP-V2-0000253,8,2025-08-01,2025-08-03,2025-08-27,24,High Tempo,3,4,True,Remote/Difficult Terrain
P-000073,DEP-V2-0000254,4,2025-04-01,2025-04-02,2025-04-27,25,Routine,2,1,False,Urban Base
P-000073,DEP-V2-0000255,5,2025-05-01,2025-05-05,2025-05-28,23,Routine,2,1,False,Semi-Urban Outpost
P-000074,DEP-V2-0000256,4,2025-04-01,2025-04-04,2025-04-24,20,High Tempo,4,3,True,Semi-Urban Outpost
P-000074,DEP-V2-0000257,5,2025-05-01,2025-05-04,2025-05-27,23,High Tempo,4,4,True,Semi-Urban Outpost
P-000074,DEP-V2-0000258,6,2025-06-01,2025-06-03,2025-06-28,25,High Tempo,4,4,True,Remote/Difficult Terrain
P-000074,DEP-V2-0000259,7,2025-07-01,2025-07-05,2025-07-24,19,High Tempo,3,3,False,Remote/Difficult Terrain
P-000074,DEP-V2-0000260,8,2025-08-01,2025-08-03,2025-08-28,25,High Tempo,5,4,True,Remote/Difficult Terrain
P-000076,DEP-V2-0000261,5,2025-05-01,2025-05-03,2025-05-23,20,Routine,2,2,False,Semi-Urban Outpost
P-000077,DEP-V2-0000262,4,2025-04-01,2025-04-04,2025-04-28,24,High Tempo,4,4,True,Semi-Urban Outpost
P-000077,DEP-V2-0000263,5,2025-05-01,2025-05-04,2025-05-25,21,High Tempo,4,4,True,Remote/Difficult Terrain
P-000077,DEP-V2-0000264,6,2025-06-01,2025-06-02,2025-06-28,26,High Tempo,4,4,True,Semi-Urban Outpost
P-000077,DEP-V2-0000265,7,2025-07-01,2025-07-05,2025-07-27,22,High Tempo,3,4,True,Semi-Urban Outpost
P-000077,DEP-V2-0000266,8,2025-08-01,2025-08-02,2025-08-25,23,High Tempo,4,3,True,Semi-Urban Outpost
P-000078,DEP-V2-0000267,4,2025-04-01,2025-04-05,2025-04-25,20,Routine,2,1,False,Urban Base
P-000080,DEP-V2-0000268,2,2025-02-01,2025-02-03,2025-02-27,24,High Tempo,4,4,True,Remote/Difficult Terrain
P-000080,DEP-V2-0000269,3,2025-03-01,2025-03-03,2025-03-23,20,High Tempo,4,4,True,Remote/Difficult Terrain
P-000080,DEP-V2-0000270,4,2025-04-01,2025-04-03,2025-04-25,22,High Tempo,4,4,True,Remote/Difficult Terrain
P-000080,DEP-V2-0000271,5,2025-05-01,2025-05-02,2025-05-24,22,High Tempo,4,4,True,Remote/Difficult Terrain
P-000081,DEP-V2-0000272,6,2025-06-01,2025-06-02,2025-06-26,24,High Tempo,4,3,True,Semi-Urban Outpost
P-000081,DEP-V2-0000273,7,2025-07-01,2025-07-05,2025-07-23,18,High Tempo,4,3,True,Semi-Urban Outpost
P-000083,DEP-V2-0000274,4,2025-04-01,2025-04-05,2025-04-26,21,High Tempo,5,5,True,Remote/Difficult Terrain
P-000083,DEP-V2-0000275,5,2025-05-01,2025-05-02,2025-05-26,24,Extended,5,4,True,Remote/Difficult Terrain
P-000083,DEP-V2-0000276,6,2025-06-01,2025-06-03,2025-06-28,25,High Tempo,5,5,True,High Altitude/Extreme
P-000083,DEP-V2-0000277,7,2025-07-01,2025-07-05,2025-07-27,22,Extended,4,5,True,Remote/Difficult Terrain
P-000083,DEP-V2-0000278,8,2025-08-01,2025-08-05,2025-08-27,22,Extended,5,5,True,High Altitude/Extreme
P-000083,DEP-V2-0000279,9,2025-09-01,2025-09-05,2025-09-26,21,High Tempo,4,4,True,High Altitude/Extreme
P-000083,DEP-V2-0000280,10,2025-10-01,2025-10-04,2025-10-27,23,High Tempo,5,5,True,Remote/Difficult Terrain
P-000083,DEP-V2-0000281,11,2025-11-01,2025-11-02,2025-11-26,24,Extended,5,5,True,High Altitude/Extreme
P-000085,DEP-V2-0000282,4,2025-04-01,2025-04-05,2025-04-23,18,Routine,2,1,False,Urban Base
P-000085,DEP-V2-0000283,5,2025-05-01,2025-05-03,2025-05-24,21,Routine,1,1,False,Urban Base
P-000086,DEP-V2-0000284,2,2025-02-01,2025-02-03,2025-02-26,23,High Tempo,4,4,True,Remote/Difficult Terrain
P-000086,DEP-V2-0000285,3,2025-03-01,2025-03-03,2025-03-26,23,High Tempo,4,4,True,Remote/Difficult Terrain
P-000086,DEP-V2-0000286,4,2025-04-01,2025-04-03,2025-04-26,23,High Tempo,4,4,True,Remote/Difficult Terrain
P-000086,DEP-V2-0000287,5,2025-05-01,2025-05-04,2025-05-23,19,High Tempo,4,4,True,Remote/Difficult Terrain
P-000087,DEP-V2-0000288,3,2025-03-01,2025-03-02,2025-03-24,22,Extended,4,5,True,Remote/Difficult Terrain
P-000087,DEP-V2-0000289,4,2025-04-01,2025-04-02,2025-04-27,25,Extended,3,5,True,Remote/Difficult Terrain
P-000087,DEP-V2-0000290,5,2025-05-01,2025-05-05,2025-05-25,20,Extended,3,5,True,Remote/Difficult Terrain
P-000087,DEP-V2-0000291,6,2025-06-01,2025-06-04,2025-06-27,23,Extended,4,5,True,Remote/Difficult Terrain
P-000087,DEP-V2-0000292,7,2025-07-01,2025-07-02,2025-07-27,25,Extended,4,4,True,High Altitude/Extreme
P-000087,DEP-V2-0000293,8,2025-08-01,2025-08-04,2025-08-28,24,Extended,4,5,True,High Altitude/Extreme
P-000087,DEP-V2-0000294,9,2025-09-01,2025-09-05,2025-09-23,18,Extended,4,4,True,Remote/Difficult Terrain
P-000088,DEP-V2-0000295,4,2025-04-01,2025-04-02,2025-04-24,22,Routine,2,1,False,Urban Base
P-000089,DEP-V2-0000296,3,2025-03-01,2025-03-03,2025-03-26,23,Extended,4,5,True,Remote/Difficult Terrain
P-000089,DEP-V2-0000297,4,2025-04-01,2025-04-02,2025-04-23,21,Extended,5,4,True,High Altitude/Extreme
P-000089,DEP-V2-0000298,5,2025-05-01,2025-05-03,2025-05-26,23,Extended,4,5,True,Remote/Difficult Terrain
P-000089,DEP-V2-0000299,6,2025-06-01,2025-06-05,2025-06-25,20,Extended,5,4,True,Remote/Difficult Terrain
P-000089,DEP-V2-0000300,7,2025-07-01,2025-07-03,2025-07-28,25,Extended,4,4,True,High Altitude/Extreme
P-000089,DEP-V2-0000301,8,2025-08-01,2025-08-04,2025-08-23,19,Extended,4,4,True,Remote/Difficult Terrain
P-000089,DEP-V2-0000302,9,2025-09-01,2025-09-03,2025-09-24,21,Extended,4,4,True,High Altitude/Extreme
P-000090,DEP-V2-0000303,3,2025-03-01,2025-03-03,2025-03-24,21,Extended,4,5,True,High Altitude/Extreme
P-000090,DEP-V2-0000304,4,2025-04-01,2025-04-03,2025-04-26,23,Extended,5,4,True,High Altitude/Extreme
P-000090,DEP-V2-0000305,5,2025-05-01,2025-05-02,2025-05-27,25,Extended,3,5,True,Remote/Difficult Terrain
P-000090,DEP-V2-0000306,6,2025-06-01,2025-06-05,2025-06-26,21,Extended,4,4,True,High Altitude/Extreme
P-000090,DEP-V2-0000307,7,2025-07-01,2025-07-03,2025-07-26,23,Extended,4,4,True,Remote/Difficult Terrain
P-000090,DEP-V2-0000308,8,2025-08-01,2025-08-02,2025-08-28,26,Extended,3,4,True,Remote/Difficult Terrain
P-000090,DEP-V2-0000309,9,2025-09-01,2025-09-02,2025-09-27,25,Extended,4,4,True,Remote/Difficult Terrain
P-000092,DEP-V2-0000310,2,2025-02-01,2025-02-03,2025-02-26,23,High Tempo,4,4,True,Remote/Difficult Terrain
P-000092,DEP-V2-0000311,3,2025-03-01,2025-03-05,2025-03-26,21,High Tempo,4,4,True,Remote/Difficult Terrain
P-000092,DEP-V2-0000312,4,2025-04-01,2025-04-02,2025-04-23,21,High Tempo,4,4,True,Remote/Difficult Terrain
P-000092,DEP-V2-0000313,5,2025-05-01,2025-05-05,2025-05-23,18,High Tempo,4,4,True,Remote/Difficult Terrain
P-000093,DEP-V2-0000314,2,2025-02-01,2025-02-04,2025-02-26,22,High Tempo,4,4,True,Remote/Difficult Terrain
P-000093,DEP-V2-0000315,3,2025-03-01,2025-03-05,2025-03-23,18,High Tempo,4,4,True,Remote/Difficult Terrain
P-000093,DEP-V2-0000316,4,2025-04-01,2025-04-02,2025-04-26,24,High Tempo,4,4,True,Remote/Difficult Terrain
P-000093,DEP-V2-0000317,5,2025-05-01,2025-05-03,2025-05-27,24,High Tempo,4,4,True,Remote/Difficult Terrain
P-000095,DEP-V2-0000318,4,2025-04-01,2025-04-03,2025-04-23,20,High Tempo,4,4,True,Semi-Urban Outpost
P-000095,DEP-V2-0000319,5,2025-05-01,2025-05-03,2025-05-28,25,High Tempo,3,3,False,Semi-Urban Outpost
P-000095,DEP-V2-0000320,6,2025-06-01,2025-06-02,2025-06-26,24,High Tempo,3,4,True,Remote/Difficult Terrain
P-000095,DEP-V2-0000321,7,2025-07-01,2025-07-02,2025-07-26,24,High Tempo,4,3,True,Semi-Urban Outpost
P-000095,DEP-V2-0000322,8,2025-08-01,2025-08-03,2025-08-25,22,High Tempo,4,3,True,Remote/Difficult Terrain
P-000098,DEP-V2-0000323,5,2025-05-01,2025-05-03,2025-05-23,20,Routine,2,1,False,Urban Base
P-000099,DEP-V2-0000324,2,2025-02-01,2025-02-05,2025-02-25,20,High Tempo,4,4,True,Remote/Difficult Terrain
P-000099,DEP-V2-0000325,3,2025-03-01,2025-03-02,2025-03-27,25,High Tempo,4,4,True,Remote/Difficult Terrain
P-000099,DEP-V2-0000326,4,2025-04-01,2025-04-04,2025-04-25,21,High Tempo,4,4,True,Remote/Difficult Terrain
P-000099,DEP-V2-0000327,5,2025-05-01,2025-05-04,2025-05-25,21,High Tempo,4,4,True,Remote/Difficult Terrain
P-000100,DEP-V2-0000328,4,2025-04-01,2025-04-04,2025-04-27,23,High Tempo,3,3,False,Remote/Difficult Terrain
P-000100,DEP-V2-0000329,5,2025-05-01,2025-05-02,2025-05-26,24,High Tempo,3,4,True,Semi-Urban Outpost
P-000100,DEP-V2-0000330,6,2025-06-01,2025-06-02,2025-06-24,22,High Tempo,5,3,True,Remote/Difficult Terrain
P-000100,DEP-V2-0000331,7,2025-07-01,2025-07-02,2025-07-28,26,High Tempo,4,3,True,Remote/Difficult Terrain
P-000100,DEP-V2-0000332,8,2025-08-01,2025-08-04,2025-08-24,20,High Tempo,3,3,False,Remote/Difficult Terrain
P-000102,DEP-V2-0000333,4,2025-04-01,2025-04-03,2025-04-24,21,High Tempo,3,3,False,Remote/Difficult Terrain
P-000102,DEP-V2-0000334,5,2025-05-01,2025-05-02,2025-05-27,25,High Tempo,4,3,True,Remote/Difficult Terrain
P-000102,DEP-V2-0000335,6,2025-06-01,2025-06-02,2025-06-26,24,High Tempo,4,4,True,Semi-Urban Outpost
P-000102,DEP-V2-0000336,7,2025-07-01,2025-07-02,2025-07-27,25,High Tempo,5,3,True,Remote/Difficult Terrain
P-000102,DEP-V2-0000337,8,2025-08-01,2025-08-02,2025-08-24,22,High Tempo,4,4,True,Remote/Difficult Terrain
P-000103,DEP-V2-0000338,4,2025-04-01,2025-04-02,2025-04-26,24,Routine,1,1,False,Semi-Urban Outpost
P-000103,DEP-V2-0000339,5,2025-05-01,2025-05-05,2025-05-28,23,Routine,1,1,False,Urban Base
P-000105,DEP-V2-0000340,4,2025-04-01,2025-04-05,2025-04-23,18,High Tempo,3,4,True,Remote/Difficult Terrain
P-000105,DEP-V2-0000341,5,2025-05-01,2025-05-02,2025-05-27,25,High Tempo,4,3,True,Semi-Urban Outpost
P-000105,DEP-V2-0000342,6,2025-06-01,2025-06-04,2025-06-24,20,High Tempo,4,4,True,Remote/Difficult Terrain
P-000105,DEP-V2-0000343,7,2025-07-01,2025-07-03,2025-07-28,25,High Tempo,4,4,True,Remote/Difficult Terrain
P-000105,DEP-V2-0000344,8,2025-08-01,2025-08-05,2025-08-25,20,High Tempo,5,4,True,Remote/Difficult Terrain
P-000106,DEP-V2-0000345,4,2025-04-01,2025-04-04,2025-04-26,22,High Tempo,5,3,True,Semi-Urban Outpost
P-000106,DEP-V2-0000346,5,2025-05-01,2025-05-04,2025-05-28,24,High Tempo,3,3,False,Remote/Difficult Terrain
P-000106,DEP-V2-0000347,6,2025-06-01,2025-06-03,2025-06-23,20,High Tempo,5,3,True,Semi-Urban Outpost
P-000106,DEP-V2-0000348,7,2025-07-01,2025-07-05,2025-07-25,20,High Tempo,5,4,True,Remote/Difficult Terrain
P-000106,DEP-V2-0000349,8,2025-08-01,2025-08-03,2025-08-25,22,High Tempo,3,3,False,Semi-Urban Outpost
P-000108,DEP-V2-0000350,5,2025-05-01,2025-05-05,2025-05-25,20,Routine,1,1,False,Urban Base
P-000109,DEP-V2-0000351,4,2025-04-01,2025-04-04,2025-04-24,20,Extended,5,5,True,High Altitude/Extreme
P-000109,DEP-V2-0000352,5,2025-05-01,2025-05-04,2025-05-28,24,Extended,5,5,True,Remote/Difficult Terrain
P-000109,DEP-V2-0000353,6,2025-06-01,2025-06-04,2025-06-27,23,Extended,5,5,True,Remote/Difficult Terrain
P-000109,DEP-V2-0000354,7,2025-07-01,2025-07-03,2025-07-28,25,High Tempo,5,5,True,Remote/Difficult Terrain
P-000109,DEP-V2-0000355,8,2025-08-01,2025-08-04,2025-08-28,24,Extended,4,5,True,High Altitude/Extreme
P-000109,DEP-V2-0000356,9,2025-09-01,2025-09-04,2025-09-23,19,Extended,4,4,True,Remote/Difficult Terrain
P-000109,DEP-V2-0000357,10,2025-10-01,2025-10-02,2025-10-24,22,Extended,5,5,True,Remote/Difficult Terrain
P-000109,DEP-V2-0000358,11,2025-11-01,2025-11-04,2025-11-25,21,Extended,5,4,True,High Altitude/Extreme
P-000110,DEP-V2-0000359,3,2025-03-01,2025-03-02,2025-03-25,23,Extended,3,5,True,High Altitude/Extreme
P-000110,DEP-V2-0000360,4,2025-04-01,2025-04-02,2025-04-23,21,Extended,4,4,True,High Altitude/Extreme
P-000110,DEP-V2-0000361,5,2025-05-01,2025-05-02,2025-05-24,22,Extended,3,5,True,High Altitude/Extreme
P-000110,DEP-V2-0000362,6,2025-06-01,2025-06-04,2025-06-24,20,Extended,4,5,True,Remote/Difficult Terrain
P-000110,DEP-V2-0000363,7,2025-07-01,2025-07-03,2025-07-27,24,Extended,5,4,True,High Altitude/Extreme
P-000110,DEP-V2-0000364,8,2025-08-01,2025-08-05,2025-08-25,20,Extended,4,5,True,Remote/Difficult Terrain
P-000110,DEP-V2-0000365,9,2025-09-01,2025-09-02,2025-09-26,24,Extended,4,4,True,High Altitude/Extreme
P-000111,DEP-V2-0000366,4,2025-04-01,2025-04-05,2025-04-25,20,High Tempo,3,3,False,Remote/Difficult Terrain
P-000111,DEP-V2-0000367,5,2025-05-01,2025-05-04,2025-05-26,22,High Tempo,4,3,True,Remote/Difficult Terrain
P-000111,DEP-V2-0000368,6,2025-06-01,2025-06-02,2025-06-25,23,High Tempo,4,3,True,Semi-Urban Outpost
P-000111,DEP-V2-0000369,7,2025-07-01,2025-07-02,2025-07-23,21,High Tempo,3,3,False,Semi-Urban Outpost
P-000111,DEP-V2-0000370,8,2025-08-01,2025-08-04,2025-08-23,19,High Tempo,4,4,True,Semi-Urban Outpost
P-000112,DEP-V2-0000371,4,2025-04-01,2025-04-02,2025-04-27,25,Routine,2,2,False,Urban Base
P-000113,DEP-V2-0000372,4,2025-04-01,2025-04-03,2025-04-27,24,High Tempo,3,3,False,Semi-Urban Outpost
P-000113,DEP-V2-0000373,5,2025-05-01,2025-05-05,2025-05-26,21,High Tempo,5,3,True,Semi-Urban Outpost
P-000113,DEP-V2-0000374,6,2025-06-01,2025-06-03,2025-06-25,22,High Tempo,3,4,True,Semi-Urban Outpost
P-000113,DEP-V2-0000375,7,2025-07-01,2025-07-03,2025-07-26,23,High Tempo,5,3,True,Semi-Urban Outpost
P-000113,DEP-V2-0000376,8,2025-08-01,2025-08-05,2025-08-26,21,High Tempo,3,4,True,Remote/Difficult Terrain
P-000114,DEP-V2-0000377,5,2025-05-01,2025-05-04,2025-05-26,22,Routine,2,1,False,Urban Base
P-000115,DEP-V2-0000378,4,2025-04-01,2025-04-05,2025-04-28,23,High Tempo,4,3,True,Semi-Urban Outpost
P-000115,DEP-V2-0000379,5,2025-05-01,2025-05-02,2025-05-26,24,High Tempo,4,3,True,Semi-Urban Outpost
P-000115,DEP-V2-0000380,6,2025-06-01,2025-06-05,2025-06-24,19,High Tempo,3,4,True,Semi-Urban Outpost
P-000115,DEP-V2-0000381,7,2025-07-01,2025-07-04,2025-07-28,24,High Tempo,4,3,True,Semi-Urban Outpost
P-000115,DEP-V2-0000382,8,2025-08-01,2025-08-04,2025-08-28,24,High Tempo,5,4,True,Remote/Difficult Terrain
P-000117,DEP-V2-0000383,4,2025-04-01,2025-04-02,2025-04-23,21,High Tempo,5,5,True,High Altitude/Extreme
P-000117,DEP-V2-0000384,5,2025-05-01,2025-05-02,2025-05-23,21,Extended,4,4,True,High Altitude/Extreme
P-000117,DEP-V2-0000385,6,2025-06-01,2025-06-02,2025-06-25,23,High Tempo,4,5,True,Remote/Difficult Terrain
P-000117,DEP-V2-0000386,7,2025-07-01,2025-07-05,2025-07-28,23,Extended,5,5,True,Remote/Difficult Terrain
P-000117,DEP-V2-0000387,8,2025-08-01,2025-08-05,2025-08-24,19,High Tempo,4,5,True,Remote/Difficult Terrain
P-000117,DEP-V2-0000388,9,2025-09-01,2025-09-03,2025-09-26,23,High Tempo,4,5,True,High Altitude/Extreme
P-000117,DEP-V2-0000389,10,2025-10-01,2025-10-02,2025-10-26,24,High Tempo,5,4,True,Remote/Difficult Terrain
P-000117,DEP-V2-0000390,11,2025-11-01,2025-11-03,2025-11-28,25,High Tempo,4,5,True,Remote/Difficult Terrain
P-000118,DEP-V2-0000391,4,2025-04-01,2025-04-03,2025-04-23,20,High Tempo,4,4,True,Semi-Urban Outpost
P-000118,DEP-V2-0000392,5,2025-05-01,2025-05-04,2025-05-26,22,High Tempo,4,4,True,Remote/Difficult Terrain
P-000118,DEP-V2-0000393,6,2025-06-01,2025-06-03,2025-06-23,20,High Tempo,4,3,True,Remote/Difficult Terrain
P-000118,DEP-V2-0000394,7,2025-07-01,2025-07-05,2025-07-28,23,High Tempo,3,3,False,Semi-Urban Outpost
P-000118,DEP-V2-0000395,8,2025-08-01,2025-08-04,2025-08-28,24,High Tempo,3,3,False,Semi-Urban Outpost
P-000119,DEP-V2-0000396,4,2025-04-01,2025-04-05,2025-04-28,23,High Tempo,3,4,True,Remote/Difficult Terrain
P-000119,DEP-V2-0000397,5,2025-05-01,2025-05-03,2025-05-23,20,High Tempo,5,4,True,Remote/Difficult Terrain
P-000119,DEP-V2-0000398,6,2025-06-01,2025-06-03,2025-06-23,20,High Tempo,4,3,True,Semi-Urban Outpost
P-000119,DEP-V2-0000399,7,2025-07-01,2025-07-05,2025-07-26,21,High Tempo,5,3,True,Semi-Urban Outpost
P-000119,DEP-V2-0000400,8,2025-08-01,2025-08-04,2025-08-24,20,High Tempo,5,3,True,Remote/Difficult Terrain
P-000120,DEP-V2-0000401,4,2025-04-01,2025-04-03,2025-04-26,23,Extended,4,5,True,Remote/Difficult Terrain
P-000120,DEP-V2-0000402,5,2025-05-01,2025-05-02,2025-05-28,26,High Tempo,5,5,True,Remote/Difficult Terrain
P-000120,DEP-V2-0000403,6,2025-06-01,2025-06-04,2025-06-24,20,Extended,5,5,True,High Altitude/Extreme
P-000120,DEP-V2-0000404,7,2025-07-01,2025-07-02,2025-07-26,24,Extended,4,5,True,High Altitude/Extreme
P-000120,DEP-V2-0000405,8,2025-08-01,2025-08-03,2025-08-24,21,High Tempo,4,5,True,Remote/Difficult Terrain
P-000120,DEP-V2-0000406,9,2025-09-01,2025-09-03,2025-09-28,25,High Tempo,5,5,True,Remote/Difficult Terrain
P-000120,DEP-V2-0000407,10,2025-10-01,2025-10-05,2025-10-23,18,High Tempo,4,5,True,Remote/Difficult Terrain
P-000120,DEP-V2-0000408,11,2025-11-01,2025-11-03,2025-11-27,24,Extended,4,5,True,High Altitude/Extreme
P-000121,DEP-V2-0000409,4,2025-04-01,2025-04-03,2025-04-23,20,Routine,1,2,False,Urban Base
P-000123,DEP-V2-0000410,4,2025-04-01,2025-04-02,2025-04-25,23,Routine,1,1,False,Urban Base
P-000124,DEP-V2-0000411,2,2025-02-01,2025-02-04,2025-02-26,22,High Tempo,4,4,True,Remote/Difficult Terrain
P-000124,DEP-V2-0000412,3,2025-03-01,2025-03-03,2025-03-28,25,High Tempo,4,4,True,Remote/Difficult Terrain
P-000124,DEP-V2-0000413,4,2025-04-01,2025-04-02,2025-04-28,26,High Tempo,4,4,True,Remote/Difficult Terrain
P-000124,DEP-V2-0000414,5,2025-05-01,2025-05-04,2025-05-28,24,High Tempo,4,4,True,Remote/Difficult Terrain
P-000125,DEP-V2-0000415,4,2025-04-01,2025-04-05,2025-04-24,19,High Tempo,5,5,True,High Altitude/Extreme
P-000125,DEP-V2-0000416,5,2025-05-01,2025-05-04,2025-05-23,19,Extended,5,5,True,Remote/Difficult Terrain
P-000125,DEP-V2-0000417,6,2025-06-01,2025-06-04,2025-06-28,24,Extended,5,5,True,Remote/Difficult Terrain
P-000125,DEP-V2-0000418,7,2025-07-01,2025-07-05,2025-07-25,20,High Tempo,5,5,True,Remote/Difficult Terrain
P-000125,DEP-V2-0000419,8,2025-08-01,2025-08-04,2025-08-25,21,High Tempo,5,4,True,Remote/Difficult Terrain
P-000125,DEP-V2-0000420,9,2025-09-01,2025-09-05,2025-09-28,23,High Tempo,5,5,True,Remote/Difficult Terrain
P-000125,DEP-V2-0000421,10,2025-10-01,2025-10-03,2025-10-26,23,Extended,4,5,True,High Altitude/Extreme
P-000125,DEP-V2-0000422,11,2025-11-01,2025-11-04,2025-11-25,21,Extended,5,5,True,Remote/Difficult Terrain
P-000126,DEP-V2-0000423,4,2025-04-01,2025-04-04,2025-04-28,24,Routine,1,1,False,Urban Base
P-000126,DEP-V2-0000424,5,2025-05-01,2025-05-03,2025-05-23,20,Routine,1,2,False,Semi-Urban Outpost
P-000127,DEP-V2-0000425,3,2025-03-01,2025-03-03,2025-03-25,22,Extended,3,4,True,High Altitude/Extreme
P-000127,DEP-V2-0000426,4,2025-04-01,2025-04-04,2025-04-27,23,Extended,4,4,True,High Altitude/Extreme
P-000127,DEP-V2-0000427,5,2025-05-01,2025-05-02,2025-05-25,23,Extended,4,4,True,High Altitude/Extreme
P-000127,DEP-V2-0000428,6,2025-06-01,2025-06-03,2025-06-26,23,Extended,4,5,True,Remote/Difficult Terrain
P-000127,DEP-V2-0000429,7,2025-07-01,2025-07-03,2025-07-28,25,Extended,3,4,True,Remote/Difficult Terrain
P-000127,DEP-V2-0000430,8,2025-08-01,2025-08-05,2025-08-25,20,Extended,4,5,True,Remote/Difficult Terrain
P-000127,DEP-V2-0000431,9,2025-09-01,2025-09-04,2025-09-27,23,Extended,4,5,True,Remote/Difficult Terrain
P-000128,DEP-V2-0000432,5,2025-05-01,2025-05-04,2025-05-24,20,Routine,2,2,False,Urban Base
P-000129,DEP-V2-0000433,4,2025-04-01,2025-04-04,2025-04-23,19,Routine,1,2,False,Urban Base
P-000129,DEP-V2-0000434,5,2025-05-01,2025-05-02,2025-05-25,23,Routine,3,1,False,Urban Base
P-000130,DEP-V2-0000435,4,2025-04-01,2025-04-02,2025-04-26,24,Routine,1,2,False,Urban Base
P-000131,DEP-V2-0000436,5,2025-05-01,2025-05-04,2025-05-23,19,Routine,1,2,False,Urban Base
P-000132,DEP-V2-0000437,5,2025-05-01,2025-05-04,2025-05-23,19,Routine,2,1,False,Urban Base
P-000133,DEP-V2-0000438,2,2025-02-01,2025-02-05,2025-02-26,21,High Tempo,4,4,True,Remote/Difficult Terrain
P-000133,DEP-V2-0000439,3,2025-03-01,2025-03-02,2025-03-26,24,High Tempo,4,4,True,Remote/Difficult Terrain
P-000133,DEP-V2-0000440,4,2025-04-01,2025-04-05,2025-04-28,23,High Tempo,4,4,True,Remote/Difficult Terrain
P-000133,DEP-V2-0000441,5,2025-05-01,2025-05-04,2025-05-24,20,High Tempo,4,4,True,Remote/Difficult Terrain
P-000135,DEP-V2-0000442,4,2025-04-01,2025-04-04,2025-04-27,23,High Tempo,4,3,True,Semi-Urban Outpost
P-000135,DEP-V2-0000443,5,2025-05-01,2025-05-03,2025-05-28,25,High Tempo,4,3,True,Semi-Urban Outpost
P-000135,DEP-V2-0000444,6,2025-06-01,2025-06-03,2025-06-26,23,High Tempo,4,4,True,Remote/Difficult Terrain
P-000135,DEP-V2-0000445,7,2025-07-01,2025-07-02,2025-07-27,25,High Tempo,3,4,True,Semi-Urban Outpost
P-000135,DEP-V2-0000446,8,2025-08-01,2025-08-05,2025-08-23,18,High Tempo,4,3,True,Semi-Urban Outpost
P-000136,DEP-V2-0000447,3,2025-03-01,2025-03-02,2025-03-27,25,Extended,4,4,True,Remote/Difficult Terrain
P-000136,DEP-V2-0000448,4,2025-04-01,2025-04-04,2025-04-27,23,Extended,5,5,True,Remote/Difficult Terrain
P-000136,DEP-V2-0000449,5,2025-05-01,2025-05-02,2025-05-28,26,Extended,5,5,True,Remote/Difficult Terrain
P-000136,DEP-V2-0000450,6,2025-06-01,2025-06-03,2025-06-24,21,Extended,3,4,True,Remote/Difficult Terrain
P-000136,DEP-V2-0000451,7,2025-07-01,2025-07-04,2025-07-24,20,Extended,4,4,True,High Altitude/Extreme
P-000136,DEP-V2-0000452,8,2025-08-01,2025-08-04,2025-08-28,24,Extended,4,5,True,High Altitude/Extreme
P-000136,DEP-V2-0000453,9,2025-09-01,2025-09-02,2025-09-27,25,Extended,5,5,True,High Altitude/Extreme
P-000139,DEP-V2-0000454,4,2025-04-01,2025-04-04,2025-04-28,24,Extended,4,5,True,High Altitude/Extreme
P-000139,DEP-V2-0000455,5,2025-05-01,2025-05-03,2025-05-24,21,Extended,4,5,True,Remote/Difficult Terrain
P-000139,DEP-V2-0000456,6,2025-06-01,2025-06-05,2025-06-24,19,High Tempo,5,5,True,High Altitude/Extreme
P-000139,DEP-V2-0000457,7,2025-07-01,2025-07-03,2025-07-23,20,High Tempo,4,5,True,High Altitude/Extreme
P-000139,DEP-V2-0000458,8,2025-08-01,2025-08-02,2025-08-23,21,Extended,5,4,True,High Altitude/Extreme
P-000139,DEP-V2-0000459,9,2025-09-01,2025-09-03,2025-09-26,23,High Tempo,5,4,True,Remote/Difficult Terrain
P-000139,DEP-V2-0000460,10,2025-10-01,2025-10-03,2025-10-27,24,Extended,5,4,True,High Altitude/Extreme
P-000139,DEP-V2-0000461,11,2025-11-01,2025-11-02,2025-11-28,26,High Tempo,5,5,True,High Altitude/Extreme
P-000141,DEP-V2-0000462,5,2025-05-01,2025-05-04,2025-05-27,23,Routine,1,1,False,Semi-Urban Outpost
P-000142,DEP-V2-0000463,4,2025-04-01,2025-04-02,2025-04-27,25,High Tempo,5,4,True,High Altitude/Extreme
P-000142,DEP-V2-0000464,5,2025-05-01,2025-05-03,2025-05-24,21,Extended,4,4,True,Remote/Difficult Terrain
P-000142,DEP-V2-0000465,6,2025-06-01,2025-06-05,2025-06-27,22,Extended,5,5,True,High Altitude/Extreme
P-000142,DEP-V2-0000466,7,2025-07-01,2025-07-02,2025-07-28,26,Extended,4,5,True,High Altitude/Extreme
P-000142,DEP-V2-0000467,8,2025-08-01,2025-08-04,2025-08-23,19,Extended,5,4,True,High Altitude/Extreme
P-000142,DEP-V2-0000468,9,2025-09-01,2025-09-04,2025-09-23,19,Extended,4,5,True,Remote/Difficult Terrain
P-000142,DEP-V2-0000469,10,2025-10-01,2025-10-03,2025-10-26,23,Extended,5,5,True,High Altitude/Extreme
P-000142,DEP-V2-0000470,11,2025-11-01,2025-11-04,2025-11-23,19,Extended,5,5,True,Remote/Difficult Terrain
P-000143,DEP-V2-0000471,3,2025-03-01,2025-03-04,2025-03-25,21,Extended,4,4,True,Remote/Difficult Terrain
P-000143,DEP-V2-0000472,4,2025-04-01,2025-04-02,2025-04-26,24,Extended,4,4,True,Remote/Difficult Terrain
P-000143,DEP-V2-0000473,5,2025-05-01,2025-05-02,2025-05-23,21,Extended,5,5,True,High Altitude/Extreme
P-000143,DEP-V2-0000474,6,2025-06-01,2025-06-04,2025-06-26,22,Extended,4,4,True,High Altitude/Extreme
P-000143,DEP-V2-0000475,7,2025-07-01,2025-07-05,2025-07-27,22,Extended,4,4,True,Remote/Difficult Terrain
P-000143,DEP-V2-0000476,8,2025-08-01,2025-08-04,2025-08-27,23,Extended,3,5,True,High Altitude/Extreme
P-000143,DEP-V2-0000477,9,2025-09-01,2025-09-04,2025-09-26,22,Extended,4,4,True,High Altitude/Extreme
P-000144,DEP-V2-0000478,5,2025-05-01,2025-05-02,2025-05-24,22,Routine,2,1,False,Urban Base
P-000146,DEP-V2-0000479,4,2025-04-01,2025-04-04,2025-04-26,22,Routine,1,1,False,Urban Base
P-000147,DEP-V2-0000480,5,2025-05-01,2025-05-02,2025-05-23,21,Routine,1,1,False,Urban Base
P-000148,DEP-V2-0000481,4,2025-04-01,2025-04-03,2025-04-26,23,High Tempo,3,3,False,Semi-Urban Outpost
P-000148,DEP-V2-0000482,5,2025-05-01,2025-05-02,2025-05-28,26,High Tempo,4,4,True,Remote/Difficult Terrain
P-000148,DEP-V2-0000483,6,2025-06-01,2025-06-02,2025-06-27,25,High Tempo,4,4,True,Semi-Urban Outpost
P-000148,DEP-V2-0000484,7,2025-07-01,2025-07-03,2025-07-24,21,High Tempo,5,4,True,Remote/Difficult Terrain
P-000148,DEP-V2-0000485,8,2025-08-01,2025-08-02,2025-08-27,25,High Tempo,4,4,True,Remote/Difficult Terrain
P-000149,DEP-V2-0000486,2,2025-02-01,2025-02-04,2025-02-27,23,High Tempo,4,4,True,Remote/Difficult Terrain
P-000149,DEP-V2-0000487,3,2025-03-01,2025-03-05,2025-03-26,21,High Tempo,4,4,True,Remote/Difficult Terrain
P-000149,DEP-V2-0000488,4,2025-04-01,2025-04-04,2025-04-24,20,High Tempo,4,4,True,Remote/Difficult Terrain
P-000149,DEP-V2-0000489,5,2025-05-01,2025-05-04,2025-05-28,24,High Tempo,4,4,True,Remote/Difficult Terrain
P-000150,DEP-V2-0000490,4,2025-04-01,2025-04-05,2025-04-23,18,High Tempo,5,5,True,High Altitude/Extreme
P-000150,DEP-V2-0000491,5,2025-05-01,2025-05-05,2025-05-24,19,High Tempo,5,5,True,Remote/Difficult Terrain
P-000150,DEP-V2-0000492,6,2025-06-01,2025-06-04,2025-06-25,21,High Tempo,5,5,True,High Altitude/Extreme
P-000150,DEP-V2-0000493,7,2025-07-01,2025-07-04,2025-07-27,23,Extended,5,4,True,Remote/Difficult Terrain
P-000150,DEP-V2-0000494,8,2025-08-01,2025-08-05,2025-08-23,18,Extended,5,5,True,High Altitude/Extreme
P-000150,DEP-V2-0000495,9,2025-09-01,2025-09-02,2025-09-23,21,High Tempo,5,4,True,Remote/Difficult Terrain
P-000150,DEP-V2-0000496,10,2025-10-01,2025-10-04,2025-10-27,23,Extended,5,4,True,High Altitude/Extreme
P-000150,DEP-V2-0000497,11,2025-11-01,2025-11-05,2025-11-24,19,High Tempo,5,5,True,High Altitude/Extreme
P-000151,DEP-V2-0000498,5,2025-05-01,2025-05-05,2025-05-24,19,Routine,1,1,False,Semi-Urban Outpost
P-000152,DEP-V2-0000499,4,2025-04-01,2025-04-05,2025-04-24,19,Routine,3,2,False,Urban Base
P-000153,DEP-V2-0000500,5,2025-05-01,2025-05-02,2025-05-26,24,Routine,2,2,False,Urban Base
P-000154,DEP-V2-0000501,4,2025-04-01,2025-04-05,2025-04-26,21,High Tempo,3,3,False,Remote/Difficult Terrain
P-000154,DEP-V2-0000502,5,2025-05-01,2025-05-05,2025-05-24,19,High Tempo,5,3,True,Remote/Difficult Terrain
P-000154,DEP-V2-0000503,6,2025-06-01,2025-06-05,2025-06-26,21,High Tempo,4,4,True,Remote/Difficult Terrain
P-000154,DEP-V2-0000504,7,2025-07-01,2025-07-02,2025-07-27,25,High Tempo,4,3,True,Remote/Difficult Terrain
P-000154,DEP-V2-0000505,8,2025-08-01,2025-08-05,2025-08-25,20,High Tempo,5,3,True,Remote/Difficult Terrain
P-000155,DEP-V2-0000506,4,2025-04-01,2025-04-05,2025-04-27,22,Extended,5,5,True,High Altitude/Extreme
P-000155,DEP-V2-0000507,5,2025-05-01,2025-05-02,2025-05-26,24,Extended,5,5,True,High Altitude/Extreme
P-000155,DEP-V2-0000508,6,2025-06-01,2025-06-04,2025-06-26,22,Extended,4,4,True,High Altitude/Extreme
P-000155,DEP-V2-0000509,7,2025-07-01,2025-07-03,2025-07-23,20,High Tempo,5,5,True,Remote/Difficult Terrain
P-000155,DEP-V2-0000510,8,2025-08-01,2025-08-05,2025-08-28,23,Extended,5,5,True,High Altitude/Extreme
P-000155,DEP-V2-0000511,9,2025-09-01,2025-09-03,2025-09-26,23,High Tempo,5,5,True,Remote/Difficult Terrain
P-000155,DEP-V2-0000512,10,2025-10-01,2025-10-04,2025-10-23,19,Extended,5,5,True,Remote/Difficult Terrain
P-000155,DEP-V2-0000513,11,2025-11-01,2025-11-03,2025-11-27,24,High Tempo,4,4,True,High Altitude/Extreme
P-000156,DEP-V2-0000514,4,2025-04-01,2025-04-04,2025-04-27,23,High Tempo,5,5,True,Remote/Difficult Terrain
P-000156,DEP-V2-0000515,5,2025-05-01,2025-05-05,2025-05-23,18,Extended,5,4,True,Remote/Difficult Terrain
P-000156,DEP-V2-0000516,6,2025-06-01,2025-06-05,2025-06-23,18,Extended,4,5,True,Remote/Difficult Terrain
P-000156,DEP-V2-0000517,7,2025-07-01,2025-07-05,2025-07-25,20,Extended,5,4,True,Remote/Difficult Terrain
P-000156,DEP-V2-0000518,8,2025-08-01,2025-08-02,2025-08-25,23,Extended,4,5,True,High Altitude/Extreme
P-000156,DEP-V2-0000519,9,2025-09-01,2025-09-05,2025-09-24,19,High Tempo,5,4,True,High Altitude/Extreme
P-000156,DEP-V2-0000520,10,2025-10-01,2025-10-02,2025-10-24,22,Extended,5,5,True,Remote/Difficult Terrain
P-000156,DEP-V2-0000521,11,2025-11-01,2025-11-05,2025-11-26,21,Extended,4,5,True,High Altitude/Extreme
P-000157,DEP-V2-0000522,2,2025-02-01,2025-02-04,2025-02-27,23,High Tempo,4,4,True,Remote/Difficult Terrain
P-000157,DEP-V2-0000523,3,2025-03-01,2025-03-03,2025-03-23,20,High Tempo,4,4,True,Remote/Difficult Terrain
P-000157,DEP-V2-0000524,4,2025-04-01,2025-04-02,2025-04-24,22,High Tempo,4,4,True,Remote/Difficult Terrain
P-000157,DEP-V2-0000525,5,2025-05-01,2025-05-02,2025-05-26,24,High Tempo,4,4,True,Remote/Difficult Terrain
P-000160,DEP-V2-0000526,4,2025-04-01,2025-04-04,2025-04-25,21,High Tempo,5,5,True,High Altitude/Extreme
P-000160,DEP-V2-0000527,5,2025-05-01,2025-05-02,2025-05-27,25,Extended,5,5,True,High Altitude/Extreme
P-000160,DEP-V2-0000528,6,2025-06-01,2025-06-02,2025-06-27,25,High Tempo,5,5,True,Remote/Difficult Terrain
P-000160,DEP-V2-0000529,7,2025-07-01,2025-07-04,2025-07-26,22,Extended,4,5,True,Remote/Difficult Terrain
P-000160,DEP-V2-0000530,8,2025-08-01,2025-08-05,2025-08-26,21,High Tempo,5,5,True,Remote/Difficult Terrain
P-000160,DEP-V2-0000531,9,2025-09-01,2025-09-04,2025-09-25,21,High Tempo,5,5,True,Remote/Difficult Terrain
P-000160,DEP-V2-0000532,10,2025-10-01,2025-10-02,2025-10-27,25,Extended,5,4,True,Remote/Difficult Terrain
P-000160,DEP-V2-0000533,11,2025-11-01,2025-11-04,2025-11-24,20,Extended,5,5,True,Remote/Difficult Terrain
P-000161,DEP-V2-0000534,4,2025-04-01,2025-04-02,2025-04-27,25,Routine,1,2,False,Urban Base
P-000163,DEP-V2-0000535,4,2025-04-01,2025-04-02,2025-04-28,26,Extended,4,5,True,High Altitude/Extreme
P-000163,DEP-V2-0000536,5,2025-05-01,2025-05-04,2025-05-28,24,Extended,5,5,True,High Altitude/Extreme
P-000163,DEP-V2-0000537,6,2025-06-01,2025-06-02,2025-06-24,22,Extended,4,5,True,Remote/Difficult Terrain
P-000163,DEP-V2-0000538,7,2025-07-01,2025-07-04,2025-07-26,22,High Tempo,4,5,True,High Altitude/Extreme
P-000163,DEP-V2-0000539,8,2025-08-01,2025-08-02,2025-08-28,26,Extended,5,5,True,High Altitude/Extreme
P-000163,DEP-V2-0000540,9,2025-09-01,2025-09-02,2025-09-25,23,Extended,4,4,True,High Altitude/Extreme
P-000163,DEP-V2-0000541,10,2025-10-01,2025-10-03,2025-10-24,21,Extended,5,5,True,Remote/Difficult Terrain
P-000163,DEP-V2-0000542,11,2025-11-01,2025-11-03,2025-11-25,22,Extended,4,4,True,Remote/Difficult Terrain
P-000164,DEP-V2-0000543,6,2025-06-01,2025-06-03,2025-06-28,25,High Tempo,4,3,True,Semi-Urban Outpost
P-000164,DEP-V2-0000544,7,2025-07-01,2025-07-03,2025-07-24,21,High Tempo,4,3,True,Semi-Urban Outpost
P-000165,DEP-V2-0000545,5,2025-05-01,2025-05-05,2025-05-27,22,Routine,2,2,False,Urban Base
P-000166,DEP-V2-0000546,3,2025-03-01,2025-03-04,2025-03-23,19,Extended,4,4,True,High Altitude/Extreme
P-000166,DEP-V2-0000547,4,2025-04-01,2025-04-05,2025-04-27,22,Extended,5,4,True,Remote/Difficult Terrain
P-000166,DEP-V2-0000548,5,2025-05-01,2025-05-05,2025-05-23,18,Extended,4,5,True,High Altitude/Extreme
P-000166,DEP-V2-0000549,6,2025-06-01,2025-06-03,2025-06-23,20,Extended,5,5,True,High Altitude/Extreme
P-000166,DEP-V2-0000550,7,2025-07-01,2025-07-05,2025-07-26,21,Extended,4,5,True,Remote/Difficult Terrain
P-000166,DEP-V2-0000551,8,2025-08-01,2025-08-02,2025-08-27,25,Extended,3,4,True,High Altitude/Extreme
P-000166,DEP-V2-0000552,9,2025-09-01,2025-09-03,2025-09-23,20,Extended,3,4,True,Remote/Difficult Terrain
P-000167,DEP-V2-0000553,4,2025-04-01,2025-04-05,2025-04-27,22,Routine,2,2,False,Urban Base
P-000168,DEP-V2-0000554,4,2025-04-01,2025-04-04,2025-04-24,20,Routine,1,1,False,Urban Base
P-000170,DEP-V2-0000555,4,2025-04-01,2025-04-04,2025-04-27,23,High Tempo,5,5,True,High Altitude/Extreme
P-000170,DEP-V2-0000556,5,2025-05-01,2025-05-02,2025-05-27,25,High Tempo,5,4,True,Remote/Difficult Terrain
P-000170,DEP-V2-0000557,6,2025-06-01,2025-06-04,2025-06-23,19,Extended,5,4,True,High Altitude/Extreme
P-000170,DEP-V2-0000558,7,2025-07-01,2025-07-03,2025-07-23,20,High Tempo,5,5,True,High Altitude/Extreme
P-000170,DEP-V2-0000559,8,2025-08-01,2025-08-03,2025-08-23,20,High Tempo,5,5,True,Remote/Difficult Terrain
P-000170,DEP-V2-0000560,9,2025-09-01,2025-09-05,2025-09-23,18,High Tempo,5,5,True,High Altitude/Extreme
P-000170,DEP-V2-0000561,10,2025-10-01,2025-10-05,2025-10-24,19,High Tempo,4,5,True,Remote/Difficult Terrain
P-000170,DEP-V2-0000562,11,2025-11-01,2025-11-05,2025-11-24,19,Extended,5,4,True,Remote/Difficult Terrain
P-000171,DEP-V2-0000563,4,2025-04-01,2025-04-03,2025-04-25,22,High Tempo,5,3,True,Semi-Urban Outpost
P-000171,DEP-V2-0000564,5,2025-05-01,2025-05-02,2025-05-27,25,High Tempo,4,3,True,Remote/Difficult Terrain
P-000171,DEP-V2-0000565,6,2025-06-01,2025-06-05,2025-06-24,19,High Tempo,3,4,True,Semi-Urban Outpost
P-000171,DEP-V2-0000566,7,2025-07-01,2025-07-05,2025-07-24,19,High Tempo,3,4,True,Remote/Difficult Terrain
P-000171,DEP-V2-0000567,8,2025-08-01,2025-08-05,2025-08-23,18,High Tempo,5,3,True,Remote/Difficult Terrain
P-000172,DEP-V2-0000568,3,2025-03-01,2025-03-03,2025-03-23,20,Extended,4,5,True,Remote/Difficult Terrain
P-000172,DEP-V2-0000569,4,2025-04-01,2025-04-03,2025-04-25,22,Extended,5,4,True,Remote/Difficult Terrain
P-000172,DEP-V2-0000570,5,2025-05-01,2025-05-03,2025-05-23,20,Extended,5,5,True,High Altitude/Extreme
P-000172,DEP-V2-0000571,6,2025-06-01,2025-06-02,2025-06-24,22,Extended,4,5,True,Remote/Difficult Terrain
P-000172,DEP-V2-0000572,7,2025-07-01,2025-07-05,2025-07-27,22,Extended,3,5,True,High Altitude/Extreme
P-000172,DEP-V2-0000573,8,2025-08-01,2025-08-02,2025-08-26,24,Extended,4,5,True,High Altitude/Extreme
P-000172,DEP-V2-0000574,9,2025-09-01,2025-09-03,2025-09-25,22,Extended,4,5,True,High Altitude/Extreme
P-000174,DEP-V2-0000575,5,2025-05-01,2025-05-03,2025-05-23,20,Routine,3,2,False,Urban Base
P-000176,DEP-V2-0000576,3,2025-03-01,2025-03-02,2025-03-23,21,Extended,3,4,True,High Altitude/Extreme
P-000176,DEP-V2-0000577,4,2025-04-01,2025-04-04,2025-04-27,23,Extended,4,4,True,Remote/Difficult Terrain
P-000176,DEP-V2-0000578,5,2025-05-01,2025-05-04,2025-05-28,24,Extended,4,5,True,High Altitude/Extreme
P-000176,DEP-V2-0000579,6,2025-06-01,2025-06-02,2025-06-26,24,Extended,4,4,True,Remote/Difficult Terrain
P-000176,DEP-V2-0000580,7,2025-07-01,2025-07-03,2025-07-25,22,Extended,4,5,True,Remote/Difficult Terrain
P-000176,DEP-V2-0000581,8,2025-08-01,2025-08-05,2025-08-24,19,Extended,3,5,True,Remote/Difficult Terrain
P-000176,DEP-V2-0000582,9,2025-09-01,2025-09-02,2025-09-23,21,Extended,4,4,True,High Altitude/Extreme
P-000177,DEP-V2-0000583,2,2025-02-01,2025-02-05,2025-02-27,22,High Tempo,4,4,True,Remote/Difficult Terrain
P-000177,DEP-V2-0000584,3,2025-03-01,2025-03-03,2025-03-24,21,High Tempo,4,4,True,Remote/Difficult Terrain
P-000177,DEP-V2-0000585,4,2025-04-01,2025-04-03,2025-04-28,25,High Tempo,4,4,True,Remote/Difficult Terrain
P-000177,DEP-V2-0000586,5,2025-05-01,2025-05-04,2025-05-27,23,High Tempo,4,4,True,Remote/Difficult Terrain
P-000178,DEP-V2-0000587,3,2025-03-01,2025-03-05,2025-03-27,22,Extended,4,4,True,High Altitude/Extreme
P-000178,DEP-V2-0000588,4,2025-04-01,2025-04-05,2025-04-27,22,Extended,4,5,True,Remote/Difficult Terrain
P-000178,DEP-V2-0000589,5,2025-05-01,2025-05-02,2025-05-23,21,Extended,4,4,True,Remote/Difficult Terrain
P-000178,DEP-V2-0000590,6,2025-06-01,2025-06-04,2025-06-26,22,Extended,5,5,True,Remote/Difficult Terrain
P-000178,DEP-V2-0000591,7,2025-07-01,2025-07-02,2025-07-25,23,Extended,4,5,True,High Altitude/Extreme
P-000178,DEP-V2-0000592,8,2025-08-01,2025-08-04,2025-08-28,24,Extended,3,5,True,Remote/Difficult Terrain
P-000178,DEP-V2-0000593,9,2025-09-01,2025-09-04,2025-09-27,23,Extended,4,4,True,Remote/Difficult Terrain
P-000179,DEP-V2-0000594,4,2025-04-01,2025-04-04,2025-04-26,22,High Tempo,3,3,False,Semi-Urban Outpost
P-000179,DEP-V2-0000595,5,2025-05-01,2025-05-02,2025-05-28,26,High Tempo,3,3,False,Remote/Difficult Terrain
P-000179,DEP-V2-0000596,6,2025-06-01,2025-06-04,2025-06-26,22,High Tempo,4,3,True,Semi-Urban Outpost
P-000179,DEP-V2-0000597,7,2025-07-01,2025-07-02,2025-07-24,22,High Tempo,4,3,True,Remote/Difficult Terrain
P-000179,DEP-V2-0000598,8,2025-08-01,2025-08-05,2025-08-27,22,High Tempo,4,3,True,Remote/Difficult Terrain
P-000182,DEP-V2-0000599,5,2025-05-01,2025-05-05,2025-05-26,21,Routine,3,1,False,Urban Base
P-000183,DEP-V2-0000600,4,2025-04-01,2025-04-05,2025-04-27,22,High Tempo,4,3,True,Semi-Urban Outpost
P-000183,DEP-V2-0000601,5,2025-05-01,2025-05-03,2025-05-27,24,High Tempo,4,3,True,Remote/Difficult Terrain
P-000183,DEP-V2-0000602,6,2025-06-01,2025-06-03,2025-06-28,25,High Tempo,5,3,True,Remote/Difficult Terrain
P-000183,DEP-V2-0000603,7,2025-07-01,2025-07-02,2025-07-28,26,High Tempo,5,3,True,Semi-Urban Outpost
P-000183,DEP-V2-0000604,8,2025-08-01,2025-08-05,2025-08-24,19,High Tempo,4,3,True,Semi-Urban Outpost
P-000184,DEP-V2-0000605,4,2025-04-01,2025-04-02,2025-04-23,21,High Tempo,3,4,True,Remote/Difficult Terrain
P-000184,DEP-V2-0000606,5,2025-05-01,2025-05-02,2025-05-25,23,High Tempo,4,4,True,Semi-Urban Outpost
P-000184,DEP-V2-0000607,6,2025-06-01,2025-06-03,2025-06-23,20,High Tempo,5,4,True,Semi-Urban Outpost
P-000184,DEP-V2-0000608,7,2025-07-01,2025-07-03,2025-07-27,24,High Tempo,4,3,True,Remote/Difficult Terrain
P-000184,DEP-V2-0000609,8,2025-08-01,2025-08-04,2025-08-24,20,High Tempo,4,3,True,Semi-Urban Outpost
P-000185,DEP-V2-0000610,2,2025-02-01,2025-02-03,2025-02-23,20,High Tempo,4,4,True,Remote/Difficult Terrain
P-000185,DEP-V2-0000611,3,2025-03-01,2025-03-04,2025-03-28,24,High Tempo,4,4,True,Remote/Difficult Terrain
P-000185,DEP-V2-0000612,4,2025-04-01,2025-04-03,2025-04-27,24,High Tempo,4,4,True,Remote/Difficult Terrain
P-000185,DEP-V2-0000613,5,2025-05-01,2025-05-05,2025-05-24,19,High Tempo,4,4,True,Remote/Difficult Terrain
P-000187,DEP-V2-0000614,6,2025-06-01,2025-06-02,2025-06-27,25,High Tempo,4,3,True,Semi-Urban Outpost
P-000187,DEP-V2-0000615,7,2025-07-01,2025-07-05,2025-07-23,18,High Tempo,4,3,True,Semi-Urban Outpost
P-000188,DEP-V2-0000616,4,2025-04-01,2025-04-05,2025-04-25,20,High Tempo,5,3,True,Remote/Difficult Terrain
P-000188,DEP-V2-0000617,5,2025-05-01,2025-05-04,2025-05-27,23,High Tempo,4,4,True,Semi-Urban Outpost
P-000188,DEP-V2-0000618,6,2025-06-01,2025-06-04,2025-06-23,19,High Tempo,5,4,True,Semi-Urban Outpost
P-000188,DEP-V2-0000619,7,2025-07-01,2025-07-05,2025-07-25,20,High Tempo,4,3,True,Remote/Difficult Terrain
P-000188,DEP-V2-0000620,8,2025-08-01,2025-08-03,2025-08-24,21,High Tempo,3,3,False,Semi-Urban Outpost
P-000189,DEP-V2-0000621,3,2025-03-01,2025-03-05,2025-03-25,20,Extended,5,4,True,Remote/Difficult Terrain
P-000189,DEP-V2-0000622,4,2025-04-01,2025-04-05,2025-04-23,18,Extended,3,4,True,High Altitude/Extreme
P-000189,DEP-V2-0000623,5,2025-05-01,2025-05-03,2025-05-25,22,Extended,4,5,True,High Altitude/Extreme
P-000189,DEP-V2-0000624,6,2025-06-01,2025-06-03,2025-06-24,21,Extended,5,5,True,High Altitude/Extreme
P-000189,DEP-V2-0000625,7,2025-07-01,2025-07-04,2025-07-27,23,Extended,4,4,True,Remote/Difficult Terrain
P-000189,DEP-V2-0000626,8,2025-08-01,2025-08-04,2025-08-24,20,Extended,4,4,True,High Altitude/Extreme
P-000189,DEP-V2-0000627,9,2025-09-01,2025-09-03,2025-09-24,21,Extended,5,5,True,High Altitude/Extreme
P-000191,DEP-V2-0000628,4,2025-04-01,2025-04-02,2025-04-26,24,Extended,4,5,True,Remote/Difficult Terrain
P-000191,DEP-V2-0000629,5,2025-05-01,2025-05-03,2025-05-26,23,Extended,5,5,True,High Altitude/Extreme
P-000191,DEP-V2-0000630,6,2025-06-01,2025-06-02,2025-06-23,21,High Tempo,5,5,True,Remote/Difficult Terrain
P-000191,DEP-V2-0000631,7,2025-07-01,2025-07-02,2025-07-28,26,High Tempo,5,5,True,High Altitude/Extreme
P-000191,DEP-V2-0000632,8,2025-08-01,2025-08-04,2025-08-24,20,High Tempo,4,4,True,High Altitude/Extreme
P-000191,DEP-V2-0000633,9,2025-09-01,2025-09-05,2025-09-27,22,Extended,4,5,True,Remote/Difficult Terrain
P-000191,DEP-V2-0000634,10,2025-10-01,2025-10-04,2025-10-25,21,High Tempo,5,5,True,Remote/Difficult Terrain
P-000191,DEP-V2-0000635,11,2025-11-01,2025-11-04,2025-11-25,21,High Tempo,4,4,True,Remote/Difficult Terrain
P-000192,DEP-V2-0000636,4,2025-04-01,2025-04-05,2025-04-26,21,Routine,1,1,False,Semi-Urban Outpost
P-000193,DEP-V2-0000637,3,2025-03-01,2025-03-04,2025-03-23,19,Extended,5,4,True,High Altitude/Extreme
P-000193,DEP-V2-0000638,4,2025-04-01,2025-04-04,2025-04-24,20,Extended,4,5,True,High Altitude/Extreme
P-000193,DEP-V2-0000639,5,2025-05-01,2025-05-05,2025-05-24,19,Extended,4,5,True,High Altitude/Extreme
P-000193,DEP-V2-0000640,6,2025-06-01,2025-06-05,2025-06-25,20,Extended,4,4,True,Remote/Difficult Terrain
P-000193,DEP-V2-0000641,7,2025-07-01,2025-07-03,2025-07-24,21,Extended,4,4,True,Remote/Difficult Terrain
P-000193,DEP-V2-0000642,8,2025-08-01,2025-08-04,2025-08-23,19,Extended,4,4,True,Remote/Difficult Terrain
P-000193,DEP-V2-0000643,9,2025-09-01,2025-09-05,2025-09-24,19,Extended,4,5,True,Remote/Difficult Terrain
P-000194,DEP-V2-0000644,5,2025-05-01,2025-05-02,2025-05-28,26,Routine,3,1,False,Semi-Urban Outpost
P-000195,DEP-V2-0000645,6,2025-06-01,2025-06-05,2025-06-27,22,High Tempo,4,3,True,Semi-Urban Outpost
P-000195,DEP-V2-0000646,7,2025-07-01,2025-07-03,2025-07-27,24,High Tempo,4,3,True,Semi-Urban Outpost
P-000196,DEP-V2-0000647,6,2025-06-01,2025-06-02,2025-06-26,24,High Tempo,4,3,True,Semi-Urban Outpost
P-000196,DEP-V2-0000648,7,2025-07-01,2025-07-02,2025-07-23,21,High Tempo,4,3,True,Semi-Urban Outpost
P-000197,DEP-V2-0000649,4,2025-04-01,2025-04-04,2025-04-27,23,High Tempo,5,5,True,High Altitude/Extreme
P-000197,DEP-V2-0000650,5,2025-05-01,2025-05-03,2025-05-25,22,Extended,5,5,True,High Altitude/Extreme
P-000197,DEP-V2-0000651,6,2025-06-01,2025-06-04,2025-06-27,23,High Tempo,5,4,True,Remote/Difficult Terrain
P-000197,DEP-V2-0000652,7,2025-07-01,2025-07-02,2025-07-23,21,High Tempo,5,4,True,High Altitude/Extreme
P-000197,DEP-V2-0000653,8,2025-08-01,2025-08-05,2025-08-24,19,High Tempo,5,5,True,High Altitude/Extreme
P-000197,DEP-V2-0000654,9,2025-09-01,2025-09-02,2025-09-27,25,High Tempo,5,5,True,High Altitude/Extreme
P-000197,DEP-V2-0000655,10,2025-10-01,2025-10-04,2025-10-24,20,Extended,4,4,True,Remote/Difficult Terrain
P-000197,DEP-V2-0000656,11,2025-11-01,2025-11-02,2025-11-25,23,High Tempo,5,5,True,Remote/Difficult Terrain
P-000199,DEP-V2-0000657,5,2025-05-01,2025-05-05,2025-05-28,23,Routine,1,1,False,Urban Base
P-000200,DEP-V2-0000658,4,2025-04-01,2025-04-05,2025-04-28,23,High Tempo,5,5,True,High Altitude/Extreme
P-000200,DEP-V2-0000659,5,2025-05-01,2025-05-04,2025-05-25,21,High Tempo,5,5,True,Remote/Difficult Terrain
P-000200,DEP-V2-0000660,6,2025-06-01,2025-06-02,2025-06-23,21,High Tempo,4,4,True,Remote/Difficult Terrain
P-000200,DEP-V2-0000661,7,2025-07-01,2025-07-05,2025-07-23,18,Extended,5,4,True,Remote/Difficult Terrain
P-000200,DEP-V2-0000662,8,2025-08-01,2025-08-05,2025-08-25,20,Extended,5,5,True,High Altitude/Extreme
P-000200,DEP-V2-0000663,9,2025-09-01,2025-09-03,2025-09-26,23,Extended,5,5,True,High Altitude/Extreme
P-000200,DEP-V2-0000664,10,2025-10-01,2025-10-02,2025-10-23,21,High Tempo,5,5,True,High Altitude/Extreme
P-000200,DEP-V2-0000665,11,2025-11-01,2025-11-02,2025-11-26,24,Extended,5,5,True,Remote/Difficult Terrain
P-000203,DEP-V2-0000666,5,2025-05-01,2025-05-03,2025-05-23,20,Routine,2,2,False,Urban Base
P-000206,DEP-V2-0000667,3,2025-03-01,2025-03-03,2025-03-26,23,Extended,5,5,True,Remote/Difficult Terrain
P-000206,DEP-V2-0000668,4,2025-04-01,2025-04-05,2025-04-27,22,Extended,4,4,True,High Altitude/Extreme
P-000206,DEP-V2-0000669,5,2025-05-01,2025-05-05,2025-05-23,18,Extended,4,4,True,Remote/Difficult Terrain
P-000206,DEP-V2-0000670,6,2025-06-01,2025-06-04,2025-06-25,21,Extended,4,5,True,Remote/Difficult Terrain
P-000206,DEP-V2-0000671,7,2025-07-01,2025-07-03,2025-07-23,20,Extended,4,5,True,Remote/Difficult Terrain
P-000206,DEP-V2-0000672,8,2025-08-01,2025-08-02,2025-08-23,21,Extended,3,5,True,High Altitude/Extreme
P-000206,DEP-V2-0000673,9,2025-09-01,2025-09-04,2025-09-27,23,Extended,4,5,True,Remote/Difficult Terrain
P-000207,DEP-V2-0000674,4,2025-04-01,2025-04-02,2025-04-25,23,Routine,2,1,False,Urban Base
P-000207,DEP-V2-0000675,5,2025-05-01,2025-05-03,2025-05-23,20,Routine,1,1,False,Urban Base
P-000208,DEP-V2-0000676,4,2025-04-01,2025-04-04,2025-04-26,22,High Tempo,3,3,False,Remote/Difficult Terrain
P-000208,DEP-V2-0000677,5,2025-05-01,2025-05-05,2025-05-25,20,High Tempo,4,4,True,Semi-Urban Outpost
P-000208,DEP-V2-0000678,6,2025-06-01,2025-06-04,2025-06-28,24,High Tempo,5,4,True,Semi-Urban Outpost
P-000208,DEP-V2-0000679,7,2025-07-01,2025-07-02,2025-07-24,22,High Tempo,3,3,False,Semi-Urban Outpost
P-000208,DEP-V2-0000680,8,2025-08-01,2025-08-05,2025-08-26,21,High Tempo,4,3,True,Remote/Difficult Terrain
P-000211,DEP-V2-0000681,5,2025-05-01,2025-05-04,2025-05-28,24,Routine,2,1,False,Urban Base
P-000213,DEP-V2-0000682,4,2025-04-01,2025-04-05,2025-04-25,20,Routine,2,1,False,Urban Base
P-000214,DEP-V2-0000683,4,2025-04-01,2025-04-05,2025-04-23,18,Routine,2,2,False,Urban Base
P-000215,DEP-V2-0000684,4,2025-04-01,2025-04-02,2025-04-24,22,High Tempo,5,3,True,Remote/Difficult Terrain
P-000215,DEP-V2-0000685,5,2025-05-01,2025-05-04,2025-05-24,20,High Tempo,4,3,True,Semi-Urban Outpost
P-000215,DEP-V2-0000686,6,2025-06-01,2025-06-04,2025-06-23,19,High Tempo,4,4,True,Remote/Difficult Terrain
P-000215,DEP-V2-0000687,7,2025-07-01,2025-07-05,2025-07-25,20,High Tempo,3,3,False,Remote/Difficult Terrain
P-000215,DEP-V2-0000688,8,2025-08-01,2025-08-04,2025-08-28,24,High Tempo,4,3,True,Remote/Difficult Terrain
P-000216,DEP-V2-0000689,4,2025-04-01,2025-04-04,2025-04-25,21,Routine,2,1,False,Urban Base
P-000217,DEP-V2-0000690,3,2025-03-01,2025-03-02,2025-03-26,24,Extended,4,5,True,Remote/Difficult Terrain
P-000217,DEP-V2-0000691,4,2025-04-01,2025-04-02,2025-04-26,24,Extended,3,5,True,Remote/Difficult Terrain
P-000217,DEP-V2-0000692,5,2025-05-01,2025-05-03,2025-05-25,22,Extended,4,5,True,Remote/Difficult Terrain
P-000217,DEP-V2-0000693,6,2025-06-01,2025-06-02,2025-06-28,26,Extended,5,5,True,High Altitude/Extreme
P-000217,DEP-V2-0000694,7,2025-07-01,2025-07-05,2025-07-25,20,Extended,4,4,True,High Altitude/Extreme
P-000217,DEP-V2-0000695,8,2025-08-01,2025-08-02,2025-08-26,24,Extended,4,4,True,Remote/Difficult Terrain
P-000217,DEP-V2-0000696,9,2025-09-01,2025-09-02,2025-09-27,25,Extended,4,4,True,Remote/Difficult Terrain
P-000218,DEP-V2-0000697,3,2025-03-01,2025-03-03,2025-03-25,22,Extended,3,4,True,Remote/Difficult Terrain
P-000218,DEP-V2-0000698,4,2025-04-01,2025-04-02,2025-04-26,24,Extended,4,4,True,Remote/Difficult Terrain
P-000218,DEP-V2-0000699,5,2025-05-01,2025-05-04,2025-05-28,24,Extended,4,4,True,Remote/Difficult Terrain
P-000218,DEP-V2-0000700,6,2025-06-01,2025-06-02,2025-06-24,22,Extended,4,5,True,High Altitude/Extreme
P-000218,DEP-V2-0000701,7,2025-07-01,2025-07-05,2025-07-28,23,Extended,4,4,True,High Altitude/Extreme
P-000218,DEP-V2-0000702,8,2025-08-01,2025-08-03,2025-08-24,21,Extended,4,4,True,High Altitude/Extreme
P-000218,DEP-V2-0000703,9,2025-09-01,2025-09-03,2025-09-24,21,Extended,4,4,True,High Altitude/Extreme
P-000219,DEP-V2-0000704,4,2025-04-01,2025-04-05,2025-04-24,19,High Tempo,3,4,True,Semi-Urban Outpost
P-000219,DEP-V2-0000705,5,2025-05-01,2025-05-05,2025-05-24,19,High Tempo,3,3,False,Remote/Difficult Terrain
P-000219,DEP-V2-0000706,6,2025-06-01,2025-06-02,2025-06-28,26,High Tempo,3,3,False,Semi-Urban Outpost
P-000219,DEP-V2-0000707,7,2025-07-01,2025-07-05,2025-07-23,18,High Tempo,3,4,True,Semi-Urban Outpost
P-000219,DEP-V2-0000708,8,2025-08-01,2025-08-05,2025-08-25,20,High Tempo,4,4,True,Semi-Urban Outpost
P-000220,DEP-V2-0000709,2,2025-02-01,2025-02-02,2025-02-23,21,High Tempo,4,4,True,Remote/Difficult Terrain
P-000220,DEP-V2-0000710,3,2025-03-01,2025-03-02,2025-03-25,23,High Tempo,4,4,True,Remote/Difficult Terrain
P-000220,DEP-V2-0000711,4,2025-04-01,2025-04-02,2025-04-28,26,High Tempo,4,4,True,Remote/Difficult Terrain
P-000220,DEP-V2-0000712,5,2025-05-01,2025-05-05,2025-05-25,20,High Tempo,4,4,True,Remote/Difficult Terrain
P-000221,DEP-V2-0000713,5,2025-05-01,2025-05-05,2025-05-25,20,Routine,1,1,False,Urban Base
P-000222,DEP-V2-0000714,4,2025-04-01,2025-04-03,2025-04-27,24,High Tempo,4,5,True,Remote/Difficult Terrain
P-000222,DEP-V2-0000715,5,2025-05-01,2025-05-03,2025-05-27,24,High Tempo,4,5,True,Remote/Difficult Terrain
P-000222,DEP-V2-0000716,6,2025-06-01,2025-06-05,2025-06-27,22,High Tempo,4,4,True,Remote/Difficult Terrain
P-000222,DEP-V2-0000717,7,2025-07-01,2025-07-05,2025-07-27,22,High Tempo,5,5,True,High Altitude/Extreme
P-000222,DEP-V2-0000718,8,2025-08-01,2025-08-03,2025-08-24,21,High Tempo,4,4,True,Remote/Difficult Terrain
P-000222,DEP-V2-0000719,9,2025-09-01,2025-09-03,2025-09-27,24,Extended,5,5,True,High Altitude/Extreme
P-000222,DEP-V2-0000720,10,2025-10-01,2025-10-03,2025-10-28,25,Extended,5,5,True,Remote/Difficult Terrain
P-000222,DEP-V2-0000721,11,2025-11-01,2025-11-04,2025-11-24,20,Extended,5,5,True,Remote/Difficult Terrain
P-000223,DEP-V2-0000722,5,2025-05-01,2025-05-04,2025-05-27,23,Routine,2,1,False,Urban Base
P-000224,DEP-V2-0000723,5,2025-05-01,2025-05-05,2025-05-25,20,Routine,2,2,False,Urban Base
P-000225,DEP-V2-0000724,4,2025-04-01,2025-04-05,2025-04-24,19,Routine,1,2,False,Urban Base
P-000226,DEP-V2-0000725,4,2025-04-01,2025-04-04,2025-04-27,23,High Tempo,5,3,True,Remote/Difficult Terrain
P-000226,DEP-V2-0000726,5,2025-05-01,2025-05-02,2025-05-23,21,High Tempo,5,3,True,Remote/Difficult Terrain
P-000226,DEP-V2-0000727,6,2025-06-01,2025-06-05,2025-06-28,23,High Tempo,3,3,False,Remote/Difficult Terrain
P-000226,DEP-V2-0000728,7,2025-07-01,2025-07-02,2025-07-26,24,High Tempo,4,4,True,Semi-Urban Outpost
P-000226,DEP-V2-0000729,8,2025-08-01,2025-08-05,2025-08-23,18,High Tempo,4,4,True,Remote/Difficult Terrain
P-000227,DEP-V2-0000730,4,2025-04-01,2025-04-02,2025-04-23,21,Routine,1,2,False,Urban Base
P-000228,DEP-V2-0000731,3,2025-03-01,2025-03-04,2025-03-26,22,Extended,4,5,True,Remote/Difficult Terrain
P-000228,DEP-V2-0000732,4,2025-04-01,2025-04-05,2025-04-24,19,Extended,3,5,True,Remote/Difficult Terrain
P-000228,DEP-V2-0000733,5,2025-05-01,2025-05-04,2025-05-27,23,Extended,4,4,True,High Altitude/Extreme
P-000228,DEP-V2-0000734,6,2025-06-01,2025-06-02,2025-06-24,22,Extended,5,5,True,High Altitude/Extreme
P-000228,DEP-V2-0000735,7,2025-07-01,2025-07-05,2025-07-26,21,Extended,4,5,True,High Altitude/Extreme
P-000228,DEP-V2-0000736,8,2025-08-01,2025-08-04,2025-08-24,20,Extended,4,4,True,High Altitude/Extreme
P-000228,DEP-V2-0000737,9,2025-09-01,2025-09-03,2025-09-25,22,Extended,4,4,True,Remote/Difficult Terrain
P-000229,DEP-V2-0000738,5,2025-05-01,2025-05-03,2025-05-26,23,Routine,1,2,False,Urban Base
P-000230,DEP-V2-0000739,3,2025-03-01,2025-03-02,2025-03-23,21,Extended,4,5,True,Remote/Difficult Terrain
P-000230,DEP-V2-0000740,4,2025-04-01,2025-04-02,2025-04-26,24,Extended,4,5,True,Remote/Difficult Terrain
P-000230,DEP-V2-0000741,5,2025-05-01,2025-05-05,2025-05-27,22,Extended,4,4,True,Remote/Difficult Terrain
P-000230,DEP-V2-0000742,6,2025-06-01,2025-06-03,2025-06-27,24,Extended,4,5,True,High Altitude/Extreme
P-000230,DEP-V2-0000743,7,2025-07-01,2025-07-02,2025-07-28,26,Extended,4,5,True,Remote/Difficult Terrain
P-000230,DEP-V2-0000744,8,2025-08-01,2025-08-02,2025-08-24,22,Extended,4,4,True,Remote/Difficult Terrain
P-000230,DEP-V2-0000745,9,2025-09-01,2025-09-02,2025-09-27,25,Extended,4,5,True,High Altitude/Extreme
P-000232,DEP-V2-0000746,3,2025-03-01,2025-03-04,2025-03-27,23,Extended,4,5,True,High Altitude/Extreme
P-000232,DEP-V2-0000747,4,2025-04-01,2025-04-04,2025-04-28,24,Extended,4,4,True,Remote/Difficult Terrain
P-000232,DEP-V2-0000748,5,2025-05-01,2025-05-03,2025-05-27,24,Extended,5,4,True,Remote/Difficult Terrain
P-000232,DEP-V2-0000749,6,2025-06-01,2025-06-04,2025-06-23,19,Extended,4,4,True,Remote/Difficult Terrain
P-000232,DEP-V2-0000750,7,2025-07-01,2025-07-02,2025-07-26,24,Extended,4,4,True,Remote/Difficult Terrain
P-000232,DEP-V2-0000751,8,2025-08-01,2025-08-04,2025-08-23,19,Extended,3,5,True,Remote/Difficult Terrain
P-000232,DEP-V2-0000752,9,2025-09-01,2025-09-04,2025-09-23,19,Extended,4,5,True,Remote/Difficult Terrain
P-000233,DEP-V2-0000753,4,2025-04-01,2025-04-04,2025-04-25,21,High Tempo,5,5,True,High Altitude/Extreme
P-000233,DEP-V2-0000754,5,2025-05-01,2025-05-04,2025-05-25,21,High Tempo,4,4,True,High Altitude/Extreme
P-000233,DEP-V2-0000755,6,2025-06-01,2025-06-05,2025-06-27,22,Extended,5,4,True,High Altitude/Extreme
P-000233,DEP-V2-0000756,7,2025-07-01,2025-07-03,2025-07-25,22,Extended,4,5,True,Remote/Difficult Terrain
P-000233,DEP-V2-0000757,8,2025-08-01,2025-08-05,2025-08-25,20,High Tempo,5,5,True,High Altitude/Extreme
P-000233,DEP-V2-0000758,9,2025-09-01,2025-09-03,2025-09-25,22,Extended,4,5,True,Remote/Difficult Terrain
P-000233,DEP-V2-0000759,10,2025-10-01,2025-10-03,2025-10-28,25,Extended,4,5,True,Remote/Difficult Terrain
P-000233,DEP-V2-0000760,11,2025-11-01,2025-11-03,2025-11-24,21,Extended,5,5,True,High Altitude/Extreme
P-000234,DEP-V2-0000761,3,2025-03-01,2025-03-02,2025-03-27,25,Extended,4,5,True,High Altitude/Extreme
P-000234,DEP-V2-0000762,4,2025-04-01,2025-04-03,2025-04-25,22,Extended,4,5,True,High Altitude/Extreme
P-000234,DEP-V2-0000763,5,2025-05-01,2025-05-02,2025-05-24,22,Extended,4,5,True,High Altitude/Extreme
P-000234,DEP-V2-0000764,6,2025-06-01,2025-06-05,2025-06-24,19,Extended,5,5,True,High Altitude/Extreme
P-000234,DEP-V2-0000765,7,2025-07-01,2025-07-02,2025-07-28,26,Extended,3,5,True,High Altitude/Extreme
P-000234,DEP-V2-0000766,8,2025-08-01,2025-08-04,2025-08-27,23,Extended,5,4,True,Remote/Difficult Terrain
P-000234,DEP-V2-0000767,9,2025-09-01,2025-09-03,2025-09-27,24,Extended,4,5,True,High Altitude/Extreme
P-000236,DEP-V2-0000768,6,2025-06-01,2025-06-02,2025-06-28,26,High Tempo,4,3,True,Semi-Urban Outpost
P-000236,DEP-V2-0000769,7,2025-07-01,2025-07-04,2025-07-24,20,High Tempo,4,3,True,Semi-Urban Outpost
P-000237,DEP-V2-0000770,3,2025-03-01,2025-03-02,2025-03-27,25,Extended,5,5,True,Remote/Difficult Terrain
P-000237,DEP-V2-0000771,4,2025-04-01,2025-04-04,2025-04-24,20,Extended,5,5,True,Remote/Difficult Terrain
P-000237,DEP-V2-0000772,5,2025-05-01,2025-05-03,2025-05-28,25,Extended,5,5,True,High Altitude/Extreme
P-000237,DEP-V2-0000773,6,2025-06-01,2025-06-03,2025-06-23,20,Extended,4,5,True,Remote/Difficult Terrain
P-000237,DEP-V2-0000774,7,2025-07-01,2025-07-02,2025-07-28,26,Extended,3,5,True,High Altitude/Extreme
P-000237,DEP-V2-0000775,8,2025-08-01,2025-08-04,2025-08-24,20,Extended,4,4,True,High Altitude/Extreme
P-000237,DEP-V2-0000776,9,2025-09-01,2025-09-04,2025-09-23,19,Extended,3,4,True,High Altitude/Extreme
P-000238,DEP-V2-0000777,4,2025-04-01,2025-04-04,2025-04-27,23,High Tempo,3,4,True,Semi-Urban Outpost
P-000238,DEP-V2-0000778,5,2025-05-01,2025-05-02,2025-05-23,21,High Tempo,4,4,True,Remote/Difficult Terrain
P-000238,DEP-V2-0000779,6,2025-06-01,2025-06-03,2025-06-23,20,High Tempo,4,4,True,Remote/Difficult Terrain
P-000238,DEP-V2-0000780,7,2025-07-01,2025-07-03,2025-07-24,21,High Tempo,4,4,True,Remote/Difficult Terrain
P-000238,DEP-V2-0000781,8,2025-08-01,2025-08-04,2025-08-26,22,High Tempo,3,3,False,Semi-Urban Outpost
P-000239,DEP-V2-0000782,3,2025-03-01,2025-03-03,2025-03-27,24,Extended,4,4,True,Remote/Difficult Terrain
P-000239,DEP-V2-0000783,4,2025-04-01,2025-04-02,2025-04-25,23,Extended,3,5,True,Remote/Difficult Terrain
P-000239,DEP-V2-0000784,5,2025-05-01,2025-05-04,2025-05-25,21,Extended,5,5,True,Remote/Difficult Terrain
P-000239,DEP-V2-0000785,6,2025-06-01,2025-06-02,2025-06-27,25,Extended,4,5,True,High Altitude/Extreme
P-000239,DEP-V2-0000786,7,2025-07-01,2025-07-05,2025-07-25,20,Extended,4,4,True,High Altitude/Extreme
P-000239,DEP-V2-0000787,8,2025-08-01,2025-08-02,2025-08-25,23,Extended,3,5,True,High Altitude/Extreme
P-000239,DEP-V2-0000788,9,2025-09-01,2025-09-05,2025-09-27,22,Extended,5,5,True,Remote/Difficult Terrain
P-000241,DEP-V2-0000789,5,2025-05-01,2025-05-02,2025-05-26,24,Routine,3,2,False,Urban Base
P-000242,DEP-V2-0000790,4,2025-04-01,2025-04-03,2025-04-27,24,High Tempo,4,4,True,Semi-Urban Outpost
P-000242,DEP-V2-0000791,5,2025-05-01,2025-05-03,2025-05-28,25,High Tempo,4,3,True,Remote/Difficult Terrain
P-000242,DEP-V2-0000792,6,2025-06-01,2025-06-02,2025-06-26,24,High Tempo,4,3,True,Remote/Difficult Terrain
P-000242,DEP-V2-0000793,7,2025-07-01,2025-07-04,2025-07-25,21,High Tempo,3,3,False,Semi-Urban Outpost
P-000242,DEP-V2-0000794,8,2025-08-01,2025-08-05,2025-08-27,22,High Tempo,4,3,True,Semi-Urban Outpost
P-000243,DEP-V2-0000795,3,2025-03-01,2025-03-03,2025-03-26,23,Extended,4,5,True,High Altitude/Extreme
P-000243,DEP-V2-0000796,4,2025-04-01,2025-04-05,2025-04-25,20,Extended,4,4,True,High Altitude/Extreme
P-000243,DEP-V2-0000797,5,2025-05-01,2025-05-03,2025-05-23,20,Extended,4,5,True,Remote/Difficult Terrain
P-000243,DEP-V2-0000798,6,2025-06-01,2025-06-05,2025-06-28,23,Extended,4,5,True,High Altitude/Extreme
P-000243,DEP-V2-0000799,7,2025-07-01,2025-07-05,2025-07-23,18,Extended,4,5,True,High Altitude/Extreme
P-000243,DEP-V2-0000800,8,2025-08-01,2025-08-03,2025-08-23,20,Extended,4,5,True,High Altitude/Extreme
P-000243,DEP-V2-0000801,9,2025-09-01,2025-09-04,2025-09-25,21,Extended,4,4,True,High Altitude/Extreme
P-000244,DEP-V2-0000802,5,2025-05-01,2025-05-04,2025-05-25,21,Routine,2,2,False,Urban Base
P-000245,DEP-V2-0000803,5,2025-05-01,2025-05-05,2025-05-26,21,Routine,1,1,False,Urban Base
P-000246,DEP-V2-0000804,4,2025-04-01,2025-04-02,2025-04-23,21,Routine,2,1,False,Urban Base
P-000247,DEP-V2-0000805,4,2025-04-01,2025-04-05,2025-04-26,21,Routine,2,2,False,Urban Base
P-000248,DEP-V2-0000806,4,2025-04-01,2025-04-03,2025-04-23,20,Routine,1,1,False,Semi-Urban Outpost
P-000249,DEP-V2-0000807,4,2025-04-01,2025-04-05,2025-04-25,20,Routine,2,2,False,Urban Base
P-000249,DEP-V2-0000808,5,2025-05-01,2025-05-04,2025-05-26,22,Routine,3,1,False,Urban Base
P-000250,DEP-V2-0000809,4,2025-04-01,2025-04-03,2025-04-28,25,Routine,1,1,False,Urban Base
P-000250,DEP-V2-0000810,5,2025-05-01,2025-05-03,2025-05-25,22,Routine,1,2,False,Urban Base
P-000251,DEP-V2-0000811,5,2025-05-01,2025-05-04,2025-05-27,23,Routine,2,1,False,Urban Base
P-000252,DEP-V2-0000812,4,2025-04-01,2025-04-04,2025-04-27,23,High Tempo,5,3,True,Semi-Urban Outpost
P-000252,DEP-V2-0000813,5,2025-05-01,2025-05-05,2025-05-26,21,High Tempo,4,3,True,Remote/Difficult Terrain
P-000252,DEP-V2-0000814,6,2025-06-01,2025-06-05,2025-06-27,22,High Tempo,4,3,True,Remote/Difficult Terrain
P-000252,DEP-V2-0000815,7,2025-07-01,2025-07-02,2025-07-27,25,High Tempo,3,3,False,Semi-Urban Outpost
P-000252,DEP-V2-0000816,8,2025-08-01,2025-08-02,2025-08-25,23,High Tempo,3,3,False,Semi-Urban Outpost
P-000253,DEP-V2-0000817,5,2025-05-01,2025-05-03,2025-05-24,21,Routine,2,1,False,Urban Base
P-000254,DEP-V2-0000818,4,2025-04-01,2025-04-04,2025-04-25,21,Extended,5,4,True,High Altitude/Extreme
P-000254,DEP-V2-0000819,5,2025-05-01,2025-05-02,2025-05-24,22,High Tempo,5,4,True,Remote/Difficult Terrain
P-000254,DEP-V2-0000820,6,2025-06-01,2025-06-05,2025-06-25,20,High Tempo,4,4,True,High Altitude/Extreme
P-000254,DEP-V2-0000821,7,2025-07-01,2025-07-05,2025-07-26,21,Extended,4,4,True,Remote/Difficult Terrain
P-000254,DEP-V2-0000822,8,2025-08-01,2025-08-03,2025-08-23,20,Extended,4,5,True,Remote/Difficult Terrain
P-000254,DEP-V2-0000823,9,2025-09-01,2025-09-05,2025-09-25,20,Extended,5,5,True,Remote/Difficult Terrain
P-000254,DEP-V2-0000824,10,2025-10-01,2025-10-02,2025-10-27,25,Extended,5,5,True,High Altitude/Extreme
P-000254,DEP-V2-0000825,11,2025-11-01,2025-11-05,2025-11-28,23,High Tempo,5,5,True,Remote/Difficult Terrain
P-000257,DEP-V2-0000826,5,2025-05-01,2025-05-02,2025-05-23,21,Routine,2,1,False,Urban Base
P-000258,DEP-V2-0000827,4,2025-04-01,2025-04-05,2025-04-27,22,Routine,2,1,False,Semi-Urban Outpost
P-000259,DEP-V2-0000828,3,2025-03-01,2025-03-02,2025-03-28,26,Extended,4,5,True,Remote/Difficult Terrain
P-000259,DEP-V2-0000829,4,2025-04-01,2025-04-05,2025-04-26,21,Extended,5,5,True,High Altitude/Extreme
P-000259,DEP-V2-0000830,5,2025-05-01,2025-05-03,2025-05-23,20,Extended,4,5,True,Remote/Difficult Terrain
P-000259,DEP-V2-0000831,6,2025-06-01,2025-06-05,2025-06-28,23,Extended,5,5,True,Remote/Difficult Terrain
P-000259,DEP-V2-0000832,7,2025-07-01,2025-07-04,2025-07-27,23,Extended,4,4,True,Remote/Difficult Terrain
P-000259,DEP-V2-0000833,8,2025-08-01,2025-08-02,2025-08-25,23,Extended,4,4,True,Remote/Difficult Terrain
P-000259,DEP-V2-0000834,9,2025-09-01,2025-09-04,2025-09-26,22,Extended,3,5,True,High Altitude/Extreme
P-000260,DEP-V2-0000835,6,2025-06-01,2025-06-03,2025-06-26,23,High Tempo,4,3,True,Semi-Urban Outpost
P-000260,DEP-V2-0000836,7,2025-07-01,2025-07-02,2025-07-27,25,High Tempo,4,3,True,Semi-Urban Outpost
P-000261,DEP-V2-0000837,3,2025-03-01,2025-03-05,2025-03-23,18,Extended,5,4,True,High Altitude/Extreme
P-000261,DEP-V2-0000838,4,2025-04-01,2025-04-03,2025-04-28,25,Extended,4,5,True,Remote/Difficult Terrain
P-000261,DEP-V2-0000839,5,2025-05-01,2025-05-05,2025-05-27,22,Extended,4,4,True,High Altitude/Extreme
P-000261,DEP-V2-0000840,6,2025-06-01,2025-06-04,2025-06-26,22,Extended,4,4,True,Remote/Difficult Terrain
P-000261,DEP-V2-0000841,7,2025-07-01,2025-07-04,2025-07-28,24,Extended,4,4,True,High Altitude/Extreme
P-000261,DEP-V2-0000842,8,2025-08-01,2025-08-04,2025-08-26,22,Extended,4,4,True,High Altitude/Extreme
P-000261,DEP-V2-0000843,9,2025-09-01,2025-09-03,2025-09-26,23,Extended,4,5,True,Remote/Difficult Terrain
P-000262,DEP-V2-0000844,5,2025-05-01,2025-05-03,2025-05-26,23,Routine,3,2,False,Urban Base
P-000263,DEP-V2-0000845,3,2025-03-01,2025-03-05,2025-03-27,22,Extended,4,5,True,Remote/Difficult Terrain
P-000263,DEP-V2-0000846,4,2025-04-01,2025-04-05,2025-04-24,19,Extended,4,5,True,Remote/Difficult Terrain
P-000263,DEP-V2-0000847,5,2025-05-01,2025-05-05,2025-05-26,21,Extended,3,4,True,Remote/Difficult Terrain
P-000263,DEP-V2-0000848,6,2025-06-01,2025-06-03,2025-06-23,20,Extended,4,5,True,Remote/Difficult Terrain
P-000263,DEP-V2-0000849,7,2025-07-01,2025-07-02,2025-07-23,21,Extended,5,4,True,High Altitude/Extreme
P-000263,DEP-V2-0000850,8,2025-08-01,2025-08-02,2025-08-28,26,Extended,4,4,True,High Altitude/Extreme
P-000263,DEP-V2-0000851,9,2025-09-01,2025-09-02,2025-09-24,22,Extended,5,4,True,High Altitude/Extreme
P-000264,DEP-V2-0000852,4,2025-04-01,2025-04-03,2025-04-24,21,Routine,2,2,False,Urban Base
P-000265,DEP-V2-0000853,4,2025-04-01,2025-04-03,2025-04-23,20,Routine,2,2,False,Semi-Urban Outpost
P-000266,DEP-V2-0000854,4,2025-04-01,2025-04-02,2025-04-27,25,Routine,2,1,False,Urban Base
P-000267,DEP-V2-0000855,4,2025-04-01,2025-04-04,2025-04-27,23,High Tempo,3,4,True,Remote/Difficult Terrain
P-000267,DEP-V2-0000856,5,2025-05-01,2025-05-03,2025-05-24,21,High Tempo,4,3,True,Remote/Difficult Terrain
P-000267,DEP-V2-0000857,6,2025-06-01,2025-06-02,2025-06-23,21,High Tempo,4,3,True,Remote/Difficult Terrain
P-000267,DEP-V2-0000858,7,2025-07-01,2025-07-05,2025-07-26,21,High Tempo,5,3,True,Semi-Urban Outpost
P-000267,DEP-V2-0000859,8,2025-08-01,2025-08-02,2025-08-24,22,High Tempo,3,3,False,Semi-Urban Outpost
P-000268,DEP-V2-0000860,5,2025-05-01,2025-05-04,2025-05-27,23,Routine,2,1,False,Urban Base
P-000269,DEP-V2-0000861,4,2025-04-01,2025-04-02,2025-04-28,26,Routine,1,1,False,Urban Base
P-000270,DEP-V2-0000862,3,2025-03-01,2025-03-02,2025-03-26,24,Extended,4,5,True,High Altitude/Extreme
P-000270,DEP-V2-0000863,4,2025-04-01,2025-04-04,2025-04-24,20,Extended,3,4,True,High Altitude/Extreme
P-000270,DEP-V2-0000864,5,2025-05-01,2025-05-05,2025-05-27,22,Extended,4,5,True,High Altitude/Extreme
P-000270,DEP-V2-0000865,6,2025-06-01,2025-06-02,2025-06-25,23,Extended,4,4,True,High Altitude/Extreme
P-000270,DEP-V2-0000866,7,2025-07-01,2025-07-05,2025-07-25,20,Extended,4,5,True,Remote/Difficult Terrain
P-000270,DEP-V2-0000867,8,2025-08-01,2025-08-05,2025-08-23,18,Extended,4,4,True,High Altitude/Extreme
P-000270,DEP-V2-0000868,9,2025-09-01,2025-09-03,2025-09-23,20,Extended,5,4,True,High Altitude/Extreme
P-000271,DEP-V2-0000869,4,2025-04-01,2025-04-04,2025-04-23,19,High Tempo,5,5,True,Remote/Difficult Terrain
P-000271,DEP-V2-0000870,5,2025-05-01,2025-05-05,2025-05-27,22,Extended,5,4,True,High Altitude/Extreme
P-000271,DEP-V2-0000871,6,2025-06-01,2025-06-02,2025-06-24,22,Extended,4,5,True,High Altitude/Extreme
P-000271,DEP-V2-0000872,7,2025-07-01,2025-07-02,2025-07-28,26,High Tempo,5,5,True,Remote/Difficult Terrain
P-000271,DEP-V2-0000873,8,2025-08-01,2025-08-05,2025-08-26,21,High Tempo,4,5,True,Remote/Difficult Terrain
P-000271,DEP-V2-0000874,9,2025-09-01,2025-09-05,2025-09-26,21,High Tempo,5,5,True,High Altitude/Extreme
P-000271,DEP-V2-0000875,10,2025-10-01,2025-10-02,2025-10-26,24,High Tempo,5,5,True,High Altitude/Extreme
P-000271,DEP-V2-0000876,11,2025-11-01,2025-11-04,2025-11-24,20,Extended,5,5,True,Remote/Difficult Terrain
P-000273,DEP-V2-0000877,4,2025-04-01,2025-04-02,2025-04-24,22,Routine,1,1,False,Semi-Urban Outpost
P-000274,DEP-V2-0000878,4,2025-04-01,2025-04-02,2025-04-27,25,High Tempo,4,3,True,Remote/Difficult Terrain
P-000274,DEP-V2-0000879,5,2025-05-01,2025-05-04,2025-05-24,20,High Tempo,3,3,False,Semi-Urban Outpost
P-000274,DEP-V2-0000880,6,2025-06-01,2025-06-05,2025-06-28,23,High Tempo,5,4,True,Semi-Urban Outpost
P-000274,DEP-V2-0000881,7,2025-07-01,2025-07-04,2025-07-24,20,High Tempo,3,3,False,Remote/Difficult Terrain
P-000274,DEP-V2-0000882,8,2025-08-01,2025-08-04,2025-08-23,19,High Tempo,4,3,True,Semi-Urban Outpost
P-000275,DEP-V2-0000883,6,2025-06-01,2025-06-02,2025-06-25,23,High Tempo,4,3,True,Semi-Urban Outpost
P-000275,DEP-V2-0000884,7,2025-07-01,2025-07-04,2025-07-26,22,High Tempo,4,3,True,Semi-Urban Outpost
P-000277,DEP-V2-0000885,6,2025-06-01,2025-06-03,2025-06-27,24,High Tempo,4,3,True,Semi-Urban Outpost
P-000277,DEP-V2-0000886,7,2025-07-01,2025-07-02,2025-07-28,26,High Tempo,4,3,True,Semi-Urban Outpost
P-000278,DEP-V2-0000887,2,2025-02-01,2025-02-02,2025-02-23,21,High Tempo,4,4,True,Remote/Difficult Terrain
P-000278,DEP-V2-0000888,3,2025-03-01,2025-03-03,2025-03-24,21,High Tempo,4,4,True,Remote/Difficult Terrain
P-000278,DEP-V2-0000889,4,2025-04-01,2025-04-02,2025-04-28,26,High Tempo,4,4,True,Remote/Difficult Terrain
P-000278,DEP-V2-0000890,5,2025-05-01,2025-05-03,2025-05-23,20,High Tempo,4,4,True,Remote/Difficult Terrain
P-000280,DEP-V2-0000891,5,2025-05-01,2025-05-04,2025-05-25,21,Routine,2,1,False,Urban Base
P-000281,DEP-V2-0000892,4,2025-04-01,2025-04-04,2025-04-28,24,Extended,4,5,True,Remote/Difficult Terrain
P-000281,DEP-V2-0000893,5,2025-05-01,2025-05-02,2025-05-24,22,Extended,4,5,True,High Altitude/Extreme
P-000281,DEP-V2-0000894,6,2025-06-01,2025-06-04,2025-06-23,19,Extended,5,4,True,Remote/Difficult Terrain
P-000281,DEP-V2-0000895,7,2025-07-01,2025-07-04,2025-07-23,19,High Tempo,4,5,True,High Altitude/Extreme
P-000281,DEP-V2-0000896,8,2025-08-01,2025-08-04,2025-08-28,24,High Tempo,5,4,True,High Altitude/Extreme
P-000281,DEP-V2-0000897,9,2025-09-01,2025-09-03,2025-09-24,21,High Tempo,5,4,True,High Altitude/Extreme
P-000281,DEP-V2-0000898,10,2025-10-01,2025-10-05,2025-10-25,20,High Tempo,5,5,True,Remote/Difficult Terrain
P-000281,DEP-V2-0000899,11,2025-11-01,2025-11-04,2025-11-25,21,High Tempo,4,5,True,Remote/Difficult Terrain
P-000282,DEP-V2-0000900,4,2025-04-01,2025-04-05,2025-04-26,21,High Tempo,5,3,True,Remote/Difficult Terrain
P-000282,DEP-V2-0000901,5,2025-05-01,2025-05-04,2025-05-23,19,High Tempo,5,3,True,Remote/Difficult Terrain
P-000282,DEP-V2-0000902,6,2025-06-01,2025-06-02,2025-06-26,24,High Tempo,3,4,True,Semi-Urban Outpost
P-000282,DEP-V2-0000903,7,2025-07-01,2025-07-05,2025-07-25,20,High Tempo,5,4,True,Remote/Difficult Terrain
P-000282,DEP-V2-0000904,8,2025-08-01,2025-08-02,2025-08-23,21,High Tempo,4,3,True,Remote/Difficult Terrain
P-000283,DEP-V2-0000905,2,2025-02-01,2025-02-03,2025-02-27,24,High Tempo,4,4,True,Remote/Difficult Terrain
P-000283,DEP-V2-0000906,3,2025-03-01,2025-03-05,2025-03-23,18,High Tempo,4,4,True,Remote/Difficult Terrain
P-000283,DEP-V2-0000907,4,2025-04-01,2025-04-05,2025-04-26,21,High Tempo,4,4,True,Remote/Difficult Terrain
P-000283,DEP-V2-0000908,5,2025-05-01,2025-05-04,2025-05-23,19,High Tempo,4,4,True,Remote/Difficult Terrain
P-000284,DEP-V2-0000909,4,2025-04-01,2025-04-04,2025-04-28,24,Extended,5,5,True,Remote/Difficult Terrain
P-000284,DEP-V2-0000910,5,2025-05-01,2025-05-03,2025-05-26,23,High Tempo,5,5,True,High Altitude/Extreme
P-000284,DEP-V2-0000911,6,2025-06-01,2025-06-03,2025-06-28,25,High Tempo,5,4,True,Remote/Difficult Terrain
P-000284,DEP-V2-0000912,7,2025-07-01,2025-07-05,2025-07-25,20,Extended,5,5,True,High Altitude/Extreme
P-000284,DEP-V2-0000913,8,2025-08-01,2025-08-05,2025-08-25,20,Extended,4,4,True,Remote/Difficult Terrain
P-000284,DEP-V2-0000914,9,2025-09-01,2025-09-03,2025-09-28,25,Extended,4,5,True,Remote/Difficult Terrain
P-000284,DEP-V2-0000915,10,2025-10-01,2025-10-05,2025-10-24,19,High Tempo,5,4,True,Remote/Difficult Terrain
P-000284,DEP-V2-0000916,11,2025-11-01,2025-11-02,2025-11-28,26,Extended,5,5,True,Remote/Difficult Terrain
P-000285,DEP-V2-0000917,4,2025-04-01,2025-04-02,2025-04-26,24,Routine,2,1,False,Urban Base
P-000286,DEP-V2-0000918,5,2025-05-01,2025-05-04,2025-05-23,19,Routine,2,1,False,Urban Base
P-000289,DEP-V2-0000919,4,2025-04-01,2025-04-05,2025-04-26,21,Routine,1,1,False,Urban Base
P-000289,DEP-V2-0000920,5,2025-05-01,2025-05-04,2025-05-24,20,Routine,2,2,False,Urban Base
P-000290,DEP-V2-0000921,6,2025-06-01,2025-06-05,2025-06-23,18,High Tempo,4,3,True,Semi-Urban Outpost
P-000290,DEP-V2-0000922,7,2025-07-01,2025-07-02,2025-07-28,26,High Tempo,4,3,True,Semi-Urban Outpost
P-000291,DEP-V2-0000923,4,2025-04-01,2025-04-04,2025-04-25,21,High Tempo,4,3,True,Semi-Urban Outpost
P-000291,DEP-V2-0000924,5,2025-05-01,2025-05-05,2025-05-24,19,High Tempo,3,4,True,Remote/Difficult Terrain
P-000291,DEP-V2-0000925,6,2025-06-01,2025-06-02,2025-06-24,22,High Tempo,4,4,True,Remote/Difficult Terrain
P-000291,DEP-V2-0000926,7,2025-07-01,2025-07-03,2025-07-25,22,High Tempo,4,3,True,Semi-Urban Outpost
P-000291,DEP-V2-0000927,8,2025-08-01,2025-08-03,2025-08-24,21,High Tempo,3,3,False,Semi-Urban Outpost
P-000292,DEP-V2-0000928,6,2025-06-01,2025-06-04,2025-06-23,19,High Tempo,4,3,True,Semi-Urban Outpost
P-000292,DEP-V2-0000929,7,2025-07-01,2025-07-03,2025-07-25,22,High Tempo,4,3,True,Semi-Urban Outpost
P-000293,DEP-V2-0000930,2,2025-02-01,2025-02-03,2025-02-25,22,High Tempo,4,4,True,Remote/Difficult Terrain
P-000293,DEP-V2-0000931,3,2025-03-01,2025-03-02,2025-03-27,25,High Tempo,4,4,True,Remote/Difficult Terrain
P-000293,DEP-V2-0000932,4,2025-04-01,2025-04-03,2025-04-24,21,High Tempo,4,4,True,Remote/Difficult Terrain
P-000293,DEP-V2-0000933,5,2025-05-01,2025-05-02,2025-05-27,25,High Tempo,4,4,True,Remote/Difficult Terrain
P-000294,DEP-V2-0000934,4,2025-04-01,2025-04-03,2025-04-23,20,High Tempo,5,5,True,High Altitude/Extreme
P-000294,DEP-V2-0000935,5,2025-05-01,2025-05-04,2025-05-23,19,Extended,5,5,True,Remote/Difficult Terrain
P-000294,DEP-V2-0000936,6,2025-06-01,2025-06-04,2025-06-28,24,Extended,5,5,True,Remote/Difficult Terrain
P-000294,DEP-V2-0000937,7,2025-07-01,2025-07-02,2025-07-27,25,High Tempo,5,5,True,Remote/Difficult Terrain
P-000294,DEP-V2-0000938,8,2025-08-01,2025-08-02,2025-08-26,24,High Tempo,5,5,True,High Altitude/Extreme
P-000294,DEP-V2-0000939,9,2025-09-01,2025-09-03,2025-09-27,24,Extended,5,5,True,Remote/Difficult Terrain
P-000294,DEP-V2-0000940,10,2025-10-01,2025-10-04,2025-10-25,21,High Tempo,4,5,True,Remote/Difficult Terrain
P-000294,DEP-V2-0000941,11,2025-11-01,2025-11-05,2025-11-23,18,Extended,4,5,True,Remote/Difficult Terrain
P-000296,DEP-V2-0000942,5,2025-05-01,2025-05-02,2025-05-24,22,Routine,1,1,False,Urban Base
P-000298,DEP-V2-0000943,4,2025-04-01,2025-04-05,2025-04-26,21,Routine,2,1,False,Semi-Urban Outpost
P-000299,DEP-V2-0000944,3,2025-03-01,2025-03-05,2025-03-23,18,Extended,4,5,True,Remote/Difficult Terrain
P-000299,DEP-V2-0000945,4,2025-04-01,2025-04-02,2025-04-28,26,Extended,3,4,True,High Altitude/Extreme
P-000299,DEP-V2-0000946,5,2025-05-01,2025-05-05,2025-05-25,20,Extended,4,5,True,Remote/Difficult Terrain
P-000299,DEP-V2-0000947,6,2025-06-01,2025-06-03,2025-06-26,23,Extended,4,5,True,Remote/Difficult Terrain
P-000299,DEP-V2-0000948,7,2025-07-01,2025-07-03,2025-07-24,21,Extended,4,4,True,Remote/Difficult Terrain
P-000299,DEP-V2-0000949,8,2025-08-01,2025-08-04,2025-08-25,21,Extended,4,5,True,Remote/Difficult Terrain
P-000299,DEP-V2-0000950,9,2025-09-01,2025-09-03,2025-09-28,25,Extended,4,5,True,High Altitude/Extreme
P-000300,DEP-V2-0000951,5,2025-05-01,2025-05-03,2025-05-25,22,Routine,2,2,False,Urban Base
P-000301,DEP-V2-0000952,4,2025-04-01,2025-04-03,2025-04-27,24,Routine,3,1,False,Urban Base
P-000303,DEP-V2-0000953,5,2025-05-01,2025-05-04,2025-05-23,19,Routine,1,1,False,Urban Base
P-000304,DEP-V2-0000954,4,2025-04-01,2025-04-02,2025-04-24,22,High Tempo,3,4,True,Remote/Difficult Terrain
P-000304,DEP-V2-0000955,5,2025-05-01,2025-05-05,2025-05-27,22,High Tempo,5,3,True,Remote/Difficult Terrain
P-000304,DEP-V2-0000956,6,2025-06-01,2025-06-04,2025-06-28,24,High Tempo,4,3,True,Remote/Difficult Terrain
P-000304,DEP-V2-0000957,7,2025-07-01,2025-07-02,2025-07-28,26,High Tempo,4,3,True,Remote/Difficult Terrain
P-000304,DEP-V2-0000958,8,2025-08-01,2025-08-03,2025-08-25,22,High Tempo,4,3,True,Semi-Urban Outpost
P-000305,DEP-V2-0000959,4,2025-04-01,2025-04-03,2025-04-25,22,High Tempo,4,3,True,Remote/Difficult Terrain
P-000305,DEP-V2-0000960,5,2025-05-01,2025-05-05,2025-05-24,19,High Tempo,4,4,True,Remote/Difficult Terrain
P-000305,DEP-V2-0000961,6,2025-06-01,2025-06-02,2025-06-24,22,High Tempo,5,3,True,Semi-Urban Outpost
P-000305,DEP-V2-0000962,7,2025-07-01,2025-07-03,2025-07-27,24,High Tempo,4,4,True,Remote/Difficult Terrain
P-000305,DEP-V2-0000963,8,2025-08-01,2025-08-02,2025-08-23,21,High Tempo,5,3,True,Remote/Difficult Terrain
P-000306,DEP-V2-0000964,4,2025-04-01,2025-04-03,2025-04-24,21,High Tempo,3,3,False,Semi-Urban Outpost
P-000306,DEP-V2-0000965,5,2025-05-01,2025-05-04,2025-05-25,21,High Tempo,4,4,True,Remote/Difficult Terrain
P-000306,DEP-V2-0000966,6,2025-06-01,2025-06-02,2025-06-27,25,High Tempo,5,3,True,Semi-Urban Outpost
P-000306,DEP-V2-0000967,7,2025-07-01,2025-07-02,2025-07-26,24,High Tempo,4,3,True,Remote/Difficult Terrain
P-000306,DEP-V2-0000968,8,2025-08-01,2025-08-02,2025-08-23,21,High Tempo,5,4,True,Semi-Urban Outpost
P-000307,DEP-V2-0000969,5,2025-05-01,2025-05-02,2025-05-27,25,Routine,2,1,False,Urban Base
P-000308,DEP-V2-0000970,4,2025-04-01,2025-04-03,2025-04-23,20,Routine,2,1,False,Urban Base
P-000309,DEP-V2-0000971,3,2025-03-01,2025-03-02,2025-03-28,26,Extended,4,4,True,High Altitude/Extreme
P-000309,DEP-V2-0000972,4,2025-04-01,2025-04-02,2025-04-23,21,Extended,4,5,True,Remote/Difficult Terrain
P-000309,DEP-V2-0000973,5,2025-05-01,2025-05-04,2025-05-28,24,Extended,4,5,True,High Altitude/Extreme
P-000309,DEP-V2-0000974,6,2025-06-01,2025-06-05,2025-06-27,22,Extended,3,4,True,Remote/Difficult Terrain
P-000309,DEP-V2-0000975,7,2025-07-01,2025-07-03,2025-07-25,22,Extended,3,4,True,High Altitude/Extreme
P-000309,DEP-V2-0000976,8,2025-08-01,2025-08-02,2025-08-24,22,Extended,5,4,True,High Altitude/Extreme
P-000309,DEP-V2-0000977,9,2025-09-01,2025-09-02,2025-09-25,23,Extended,3,4,True,Remote/Difficult Terrain
P-000310,DEP-V2-0000978,4,2025-04-01,2025-04-05,2025-04-24,19,High Tempo,5,3,True,Remote/Difficult Terrain
P-000310,DEP-V2-0000979,5,2025-05-01,2025-05-05,2025-05-26,21,High Tempo,3,4,True,Semi-Urban Outpost
P-000310,DEP-V2-0000980,6,2025-06-01,2025-06-02,2025-06-25,23,High Tempo,4,3,True,Semi-Urban Outpost
P-000310,DEP-V2-0000981,7,2025-07-01,2025-07-04,2025-07-25,21,High Tempo,4,3,True,Semi-Urban Outpost
P-000310,DEP-V2-0000982,8,2025-08-01,2025-08-03,2025-08-26,23,High Tempo,3,4,True,Semi-Urban Outpost
P-000312,DEP-V2-0000983,4,2025-04-01,2025-04-05,2025-04-27,22,Routine,1,1,False,Semi-Urban Outpost
P-000313,DEP-V2-0000984,4,2025-04-01,2025-04-04,2025-04-28,24,Extended,4,5,True,Remote/Difficult Terrain
P-000313,DEP-V2-0000985,5,2025-05-01,2025-05-05,2025-05-24,19,High Tempo,5,5,True,Remote/Difficult Terrain
P-000313,DEP-V2-0000986,6,2025-06-01,2025-06-04,2025-06-25,21,High Tempo,5,4,True,Remote/Difficult Terrain
P-000313,DEP-V2-0000987,7,2025-07-01,2025-07-02,2025-07-26,24,High Tempo,5,5,True,Remote/Difficult Terrain
P-000313,DEP-V2-0000988,8,2025-08-01,2025-08-05,2025-08-25,20,Extended,5,4,True,Remote/Difficult Terrain
P-000313,DEP-V2-0000989,9,2025-09-01,2025-09-02,2025-09-23,21,High Tempo,5,5,True,Remote/Difficult Terrain
P-000313,DEP-V2-0000990,10,2025-10-01,2025-10-04,2025-10-27,23,Extended,4,4,True,Remote/Difficult Terrain
P-000313,DEP-V2-0000991,11,2025-11-01,2025-11-03,2025-11-25,22,High Tempo,5,5,True,High Altitude/Extreme
P-000314,DEP-V2-0000992,4,2025-04-01,2025-04-04,2025-04-24,20,Routine,2,1,False,Semi-Urban Outpost
P-000315,DEP-V2-0000993,3,2025-03-01,2025-03-02,2025-03-26,24,Extended,3,5,True,High Altitude/Extreme
P-000315,DEP-V2-0000994,4,2025-04-01,2025-04-03,2025-04-25,22,Extended,4,5,True,Remote/Difficult Terrain
P-000315,DEP-V2-0000995,5,2025-05-01,2025-05-05,2025-05-26,21,Extended,5,4,True,High Altitude/Extreme
P-000315,DEP-V2-0000996,6,2025-06-01,2025-06-04,2025-06-28,24,Extended,4,4,True,Remote/Difficult Terrain
P-000315,DEP-V2-0000997,7,2025-07-01,2025-07-05,2025-07-27,22,Extended,4,4,True,High Altitude/Extreme
P-000315,DEP-V2-0000998,8,2025-08-01,2025-08-04,2025-08-25,21,Extended,4,4,True,High Altitude/Extreme
P-000315,DEP-V2-0000999,9,2025-09-01,2025-09-04,2025-09-27,23,Extended,4,4,True,Remote/Difficult Terrain
P-000316,DEP-V2-0001000,5,2025-05-01,2025-05-02,2025-05-27,25,Routine,3,1,False,Urban Base
P-000317,DEP-V2-0001001,4,2025-04-01,2025-04-02,2025-04-28,26,High Tempo,4,3,True,Remote/Difficult Terrain
P-000317,DEP-V2-0001002,5,2025-05-01,2025-05-03,2025-05-26,23,High Tempo,3,4,True,Semi-Urban Outpost
P-000317,DEP-V2-0001003,6,2025-06-01,2025-06-02,2025-06-23,21,High Tempo,4,3,True,Semi-Urban Outpost
P-000317,DEP-V2-0001004,7,2025-07-01,2025-07-02,2025-07-27,25,High Tempo,5,4,True,Semi-Urban Outpost
P-000317,DEP-V2-0001005,8,2025-08-01,2025-08-04,2025-08-24,20,High Tempo,4,3,True,Semi-Urban Outpost
P-000318,DEP-V2-0001006,4,2025-04-01,2025-04-03,2025-04-27,24,High Tempo,3,4,True,Remote/Difficult Terrain
P-000318,DEP-V2-0001007,5,2025-05-01,2025-05-04,2025-05-27,23,High Tempo,3,4,True,Semi-Urban Outpost
P-000318,DEP-V2-0001008,6,2025-06-01,2025-06-05,2025-06-26,21,High Tempo,5,3,True,Remote/Difficult Terrain
P-000318,DEP-V2-0001009,7,2025-07-01,2025-07-04,2025-07-25,21,High Tempo,3,3,False,Remote/Difficult Terrain
P-000318,DEP-V2-0001010,8,2025-08-01,2025-08-02,2025-08-23,21,High Tempo,3,3,False,Remote/Difficult Terrain
P-000319,DEP-V2-0001011,4,2025-04-01,2025-04-02,2025-04-24,22,High Tempo,4,3,True,Semi-Urban Outpost
P-000319,DEP-V2-0001012,5,2025-05-01,2025-05-05,2025-05-26,21,High Tempo,4,4,True,Semi-Urban Outpost
P-000319,DEP-V2-0001013,6,2025-06-01,2025-06-05,2025-06-27,22,High Tempo,4,3,True,Semi-Urban Outpost
P-000319,DEP-V2-0001014,7,2025-07-01,2025-07-05,2025-07-26,21,High Tempo,4,4,True,Semi-Urban Outpost
P-000319,DEP-V2-0001015,8,2025-08-01,2025-08-03,2025-08-26,23,High Tempo,4,3,True,Remote/Difficult Terrain
P-000320,DEP-V2-0001016,4,2025-04-01,2025-04-03,2025-04-23,20,Routine,1,1,False,Urban Base
P-000321,DEP-V2-0001017,4,2025-04-01,2025-04-05,2025-04-24,19,Routine,1,1,False,Urban Base
P-000322,DEP-V2-0001018,4,2025-04-01,2025-04-02,2025-04-27,25,High Tempo,4,3,True,Remote/Difficult Terrain
P-000322,DEP-V2-0001019,5,2025-05-01,2025-05-04,2025-05-25,21,High Tempo,4,3,True,Semi-Urban Outpost
P-000322,DEP-V2-0001020,6,2025-06-01,2025-06-05,2025-06-28,23,High Tempo,4,3,True,Semi-Urban Outpost
P-000322,DEP-V2-0001021,7,2025-07-01,2025-07-05,2025-07-28,23,High Tempo,4,4,True,Semi-Urban Outpost
P-000322,DEP-V2-0001022,8,2025-08-01,2025-08-05,2025-08-24,19,High Tempo,5,4,True,Semi-Urban Outpost
P-000324,DEP-V2-0001023,2,2025-02-01,2025-02-04,2025-02-27,23,High Tempo,4,4,True,Remote/Difficult Terrain
P-000324,DEP-V2-0001024,3,2025-03-01,2025-03-05,2025-03-28,23,High Tempo,4,4,True,Remote/Difficult Terrain
P-000324,DEP-V2-0001025,4,2025-04-01,2025-04-05,2025-04-26,21,High Tempo,4,4,True,Remote/Difficult Terrain
P-000324,DEP-V2-0001026,5,2025-05-01,2025-05-03,2025-05-23,20,High Tempo,4,4,True,Remote/Difficult Terrain
P-000325,DEP-V2-0001027,4,2025-04-01,2025-04-03,2025-04-28,25,Extended,4,5,True,Remote/Difficult Terrain
P-000325,DEP-V2-0001028,5,2025-05-01,2025-05-04,2025-05-27,23,Extended,5,5,True,Remote/Difficult Terrain
P-000325,DEP-V2-0001029,6,2025-06-01,2025-06-03,2025-06-25,22,Extended,5,4,True,Remote/Difficult Terrain
P-000325,DEP-V2-0001030,7,2025-07-01,2025-07-05,2025-07-27,22,Extended,5,5,True,Remote/Difficult Terrain
P-000325,DEP-V2-0001031,8,2025-08-01,2025-08-04,2025-08-23,19,Extended,4,5,True,High Altitude/Extreme
P-000325,DEP-V2-0001032,9,2025-09-01,2025-09-04,2025-09-28,24,Extended,5,5,True,Remote/Difficult Terrain
P-000325,DEP-V2-0001033,10,2025-10-01,2025-10-04,2025-10-23,19,High Tempo,5,4,True,Remote/Difficult Terrain
P-000325,DEP-V2-0001034,11,2025-11-01,2025-11-02,2025-11-25,23,High Tempo,5,5,True,Remote/Difficult Terrain
P-000326,DEP-V2-0001035,5,2025-05-01,2025-05-02,2025-05-24,22,Routine,2,1,False,Urban Base
P-000327,DEP-V2-0001036,5,2025-05-01,2025-05-05,2025-05-26,21,Routine,3,2,False,Urban Base
P-000328,DEP-V2-0001037,4,2025-04-01,2025-04-04,2025-04-26,22,Routine,2,1,False,Urban Base
P-000329,DEP-V2-0001038,5,2025-05-01,2025-05-04,2025-05-28,24,Routine,1,2,False,Urban Base
P-000330,DEP-V2-0001039,4,2025-04-01,2025-04-02,2025-04-28,26,High Tempo,4,4,True,Semi-Urban Outpost
P-000330,DEP-V2-0001040,5,2025-05-01,2025-05-04,2025-05-23,19,High Tempo,3,3,False,Remote/Difficult Terrain
P-000330,DEP-V2-0001041,6,2025-06-01,2025-06-02,2025-06-25,23,High Tempo,5,4,True,Semi-Urban Outpost
P-000330,DEP-V2-0001042,7,2025-07-01,2025-07-05,2025-07-27,22,High Tempo,5,3,True,Semi-Urban Outpost
P-000330,DEP-V2-0001043,8,2025-08-01,2025-08-04,2025-08-28,24,High Tempo,5,3,True,Semi-Urban Outpost
P-000331,DEP-V2-0001044,4,2025-04-01,2025-04-04,2025-04-27,23,Routine,1,1,False,Urban Base
P-000333,DEP-V2-0001045,3,2025-03-01,2025-03-03,2025-03-27,24,Extended,3,4,True,High Altitude/Extreme
P-000333,DEP-V2-0001046,4,2025-04-01,2025-04-05,2025-04-25,20,Extended,4,5,True,High Altitude/Extreme
P-000333,DEP-V2-0001047,5,2025-05-01,2025-05-02,2025-05-27,25,Extended,3,5,True,High Altitude/Extreme
P-000333,DEP-V2-0001048,6,2025-06-01,2025-06-04,2025-06-24,20,Extended,4,4,True,Remote/Difficult Terrain
P-000333,DEP-V2-0001049,7,2025-07-01,2025-07-03,2025-07-25,22,Extended,3,4,True,High Altitude/Extreme
P-000333,DEP-V2-0001050,8,2025-08-01,2025-08-02,2025-08-27,25,Extended,3,4,True,High Altitude/Extreme
P-000333,DEP-V2-0001051,9,2025-09-01,2025-09-02,2025-09-27,25,Extended,4,5,True,Remote/Difficult Terrain
P-000334,DEP-V2-0001052,4,2025-04-01,2025-04-02,2025-04-28,26,High Tempo,4,4,True,Remote/Difficult Terrain
P-000334,DEP-V2-0001053,5,2025-05-01,2025-05-03,2025-05-23,20,High Tempo,4,5,True,High Altitude/Extreme
P-000334,DEP-V2-0001054,6,2025-06-01,2025-06-04,2025-06-27,23,Extended,4,5,True,Remote/Difficult Terrain
P-000334,DEP-V2-0001055,7,2025-07-01,2025-07-02,2025-07-24,22,Extended,5,5,True,Remote/Difficult Terrain
P-000334,DEP-V2-0001056,8,2025-08-01,2025-08-05,2025-08-27,22,High Tempo,5,5,True,High Altitude/Extreme
P-000334,DEP-V2-0001057,9,2025-09-01,2025-09-03,2025-09-27,24,High Tempo,5,4,True,Remote/Difficult Terrain
P-000334,DEP-V2-0001058,10,2025-10-01,2025-10-02,2025-10-26,24,Extended,5,4,True,High Altitude/Extreme
P-000334,DEP-V2-0001059,11,2025-11-01,2025-11-03,2025-11-26,23,High Tempo,4,4,True,High Altitude/Extreme
P-000335,DEP-V2-0001060,2,2025-02-01,2025-02-04,2025-02-26,22,High Tempo,4,4,True,Remote/Difficult Terrain
P-000335,DEP-V2-0001061,3,2025-03-01,2025-03-03,2025-03-26,23,High Tempo,4,4,True,Remote/Difficult Terrain
P-000335,DEP-V2-0001062,4,2025-04-01,2025-04-05,2025-04-23,18,High Tempo,4,4,True,Remote/Difficult Terrain
P-000335,DEP-V2-0001063,5,2025-05-01,2025-05-05,2025-05-23,18,High Tempo,4,4,True,Remote/Difficult Terrain
P-000336,DEP-V2-0001064,2,2025-02-01,2025-02-02,2025-02-27,25,High Tempo,4,4,True,Remote/Difficult Terrain
P-000336,DEP-V2-0001065,3,2025-03-01,2025-03-02,2025-03-23,21,High Tempo,4,4,True,Remote/Difficult Terrain
P-000336,DEP-V2-0001066,4,2025-04-01,2025-04-03,2025-04-23,20,High Tempo,4,4,True,Remote/Difficult Terrain
P-000336,DEP-V2-0001067,5,2025-05-01,2025-05-03,2025-05-27,24,High Tempo,4,4,True,Remote/Difficult Terrain
P-000338,DEP-V2-0001068,3,2025-03-01,2025-03-03,2025-03-27,24,Extended,5,5,True,High Altitude/Extreme
P-000338,DEP-V2-0001069,4,2025-04-01,2025-04-04,2025-04-23,19,Extended,4,5,True,High Altitude/Extreme
P-000338,DEP-V2-0001070,5,2025-05-01,2025-05-05,2025-05-24,19,Extended,3,5,True,Remote/Difficult Terrain
P-000338,DEP-V2-0001071,6,2025-06-01,2025-06-02,2025-06-23,21,Extended,4,4,True,Remote/Difficult Terrain
P-000338,DEP-V2-0001072,7,2025-07-01,2025-07-02,2025-07-23,21,Extended,4,5,True,High Altitude/Extreme
P-000338,DEP-V2-0001073,8,2025-08-01,2025-08-02,2025-08-28,26,Extended,5,4,True,High Altitude/Extreme
P-000338,DEP-V2-0001074,9,2025-09-01,2025-09-03,2025-09-26,23,Extended,4,4,True,High Altitude/Extreme
P-000339,DEP-V2-0001075,3,2025-03-01,2025-03-04,2025-03-26,22,Extended,4,4,True,High Altitude/Extreme
P-000339,DEP-V2-0001076,4,2025-04-01,2025-04-02,2025-04-26,24,Extended,4,5,True,Remote/Difficult Terrain
P-000339,DEP-V2-0001077,5,2025-05-01,2025-05-02,2025-05-25,23,Extended,4,4,True,High Altitude/Extreme
P-000339,DEP-V2-0001078,6,2025-06-01,2025-06-05,2025-06-27,22,Extended,4,4,True,Remote/Difficult Terrain
P-000339,DEP-V2-0001079,7,2025-07-01,2025-07-05,2025-07-23,18,Extended,4,4,True,High Altitude/Extreme
P-000339,DEP-V2-0001080,8,2025-08-01,2025-08-02,2025-08-25,23,Extended,4,4,True,High Altitude/Extreme
P-000339,DEP-V2-0001081,9,2025-09-01,2025-09-05,2025-09-27,22,Extended,4,5,True,Remote/Difficult Terrain
P-000340,DEP-V2-0001082,6,2025-06-01,2025-06-03,2025-06-28,25,High Tempo,4,3,True,Semi-Urban Outpost
P-000340,DEP-V2-0001083,7,2025-07-01,2025-07-05,2025-07-28,23,High Tempo,4,3,True,Semi-Urban Outpost
P-000341,DEP-V2-0001084,2,2025-02-01,2025-02-05,2025-02-23,18,High Tempo,4,4,True,Remote/Difficult Terrain
P-000341,DEP-V2-0001085,3,2025-03-01,2025-03-05,2025-03-28,23,High Tempo,4,4,True,Remote/Difficult Terrain
P-000341,DEP-V2-0001086,4,2025-04-01,2025-04-05,2025-04-28,23,High Tempo,4,4,True,Remote/Difficult Terrain
P-000341,DEP-V2-0001087,5,2025-05-01,2025-05-02,2025-05-24,22,High Tempo,4,4,True,Remote/Difficult Terrain
P-000342,DEP-V2-0001088,4,2025-04-01,2025-04-02,2025-04-24,22,High Tempo,5,4,True,Remote/Difficult Terrain
P-000342,DEP-V2-0001089,5,2025-05-01,2025-05-05,2025-05-25,20,High Tempo,4,4,True,Semi-Urban Outpost
P-000342,DEP-V2-0001090,6,2025-06-01,2025-06-04,2025-06-25,21,High Tempo,4,4,True,Remote/Difficult Terrain
P-000342,DEP-V2-0001091,7,2025-07-01,2025-07-03,2025-07-28,25,High Tempo,5,4,True,Semi-Urban Outpost
P-000342,DEP-V2-0001092,8,2025-08-01,2025-08-05,2025-08-24,19,High Tempo,4,4,True,Remote/Difficult Terrain
P-000344,DEP-V2-0001093,4,2025-04-01,2025-04-02,2025-04-27,25,Routine,1,2,False,Urban Base
P-000345,DEP-V2-0001094,4,2025-04-01,2025-04-03,2025-04-28,25,High Tempo,5,4,True,Remote/Difficult Terrain
P-000345,DEP-V2-0001095,5,2025-05-01,2025-05-02,2025-05-23,21,High Tempo,3,3,False,Remote/Difficult Terrain
P-000345,DEP-V2-0001096,6,2025-06-01,2025-06-05,2025-06-23,18,High Tempo,3,3,False,Semi-Urban Outpost
P-000345,DEP-V2-0001097,7,2025-07-01,2025-07-03,2025-07-24,21,High Tempo,5,3,True,Semi-Urban Outpost
P-000345,DEP-V2-0001098,8,2025-08-01,2025-08-04,2025-08-24,20,High Tempo,4,3,True,Semi-Urban Outpost
P-000346,DEP-V2-0001099,2,2025-02-01,2025-02-03,2025-02-28,25,High Tempo,4,4,True,Remote/Difficult Terrain
P-000346,DEP-V2-0001100,3,2025-03-01,2025-03-03,2025-03-27,24,High Tempo,4,4,True,Remote/Difficult Terrain
P-000346,DEP-V2-0001101,4,2025-04-01,2025-04-03,2025-04-25,22,High Tempo,4,4,True,Remote/Difficult Terrain
P-000346,DEP-V2-0001102,5,2025-05-01,2025-05-03,2025-05-28,25,High Tempo,4,4,True,Remote/Difficult Terrain
P-000349,DEP-V2-0001103,6,2025-06-01,2025-06-03,2025-06-28,25,High Tempo,4,3,True,Semi-Urban Outpost
P-000349,DEP-V2-0001104,7,2025-07-01,2025-07-03,2025-07-23,20,High Tempo,4,3,True,Semi-Urban Outpost
P-000350,DEP-V2-0001105,4,2025-04-01,2025-04-02,2025-04-23,21,Extended,5,5,True,Remote/Difficult Terrain
P-000350,DEP-V2-0001106,5,2025-05-01,2025-05-03,2025-05-28,25,High Tempo,5,4,True,High Altitude/Extreme
P-000350,DEP-V2-0001107,6,2025-06-01,2025-06-04,2025-06-23,19,High Tempo,5,5,True,High Altitude/Extreme
P-000350,DEP-V2-0001108,7,2025-07-01,2025-07-05,2025-07-26,21,Extended,4,5,True,Remote/Difficult Terrain
P-000350,DEP-V2-0001109,8,2025-08-01,2025-08-03,2025-08-28,25,Extended,5,4,True,High Altitude/Extreme
P-000350,DEP-V2-0001110,9,2025-09-01,2025-09-03,2025-09-23,20,Extended,4,5,True,Remote/Difficult Terrain
P-000350,DEP-V2-0001111,10,2025-10-01,2025-10-04,2025-10-24,20,Extended,5,5,True,Remote/Difficult Terrain
P-000350,DEP-V2-0001112,11,2025-11-01,2025-11-03,2025-11-25,22,High Tempo,5,5,True,High Altitude/Extreme
P-000351,DEP-V2-0001113,6,2025-06-01,2025-06-02,2025-06-25,23,High Tempo,4,3,True,Semi-Urban Outpost
P-000351,DEP-V2-0001114,7,2025-07-01,2025-07-02,2025-07-27,25,High Tempo,4,3,True,Semi-Urban Outpost
P-000352,DEP-V2-0001115,5,2025-05-01,2025-05-04,2025-05-24,20,Routine,1,1,False,Urban Base
P-000353,DEP-V2-0001116,4,2025-04-01,2025-04-05,2025-04-23,18,Extended,4,4,True,High Altitude/Extreme
P-000353,DEP-V2-0001117,5,2025-05-01,2025-05-02,2025-05-25,23,Extended,5,4,True,Remote/Difficult Terrain
P-000353,DEP-V2-0001118,6,2025-06-01,2025-06-04,2025-06-26,22,High Tempo,5,5,True,High Altitude/Extreme
P-000353,DEP-V2-0001119,7,2025-07-01,2025-07-04,2025-07-28,24,High Tempo,5,5,True,Remote/Difficult Terrain
P-000353,DEP-V2-0001120,8,2025-08-01,2025-08-02,2025-08-26,24,High Tempo,5,5,True,High Altitude/Extreme
P-000353,DEP-V2-0001121,9,2025-09-01,2025-09-02,2025-09-26,24,High Tempo,4,5,True,High Altitude/Extreme
P-000353,DEP-V2-0001122,10,2025-10-01,2025-10-05,2025-10-26,21,Extended,4,5,True,Remote/Difficult Terrain
P-000353,DEP-V2-0001123,11,2025-11-01,2025-11-02,2025-11-25,23,Extended,5,5,True,High Altitude/Extreme
P-000355,DEP-V2-0001124,4,2025-04-01,2025-04-04,2025-04-28,24,High Tempo,4,3,True,Remote/Difficult Terrain
P-000355,DEP-V2-0001125,5,2025-05-01,2025-05-04,2025-05-26,22,High Tempo,4,3,True,Remote/Difficult Terrain
P-000355,DEP-V2-0001126,6,2025-06-01,2025-06-03,2025-06-23,20,High Tempo,4,4,True,Semi-Urban Outpost
P-000355,DEP-V2-0001127,7,2025-07-01,2025-07-03,2025-07-26,23,High Tempo,3,3,False,Remote/Difficult Terrain
P-000355,DEP-V2-0001128,8,2025-08-01,2025-08-04,2025-08-23,19,High Tempo,5,4,True,Remote/Difficult Terrain
P-000356,DEP-V2-0001129,5,2025-05-01,2025-05-05,2025-05-24,19,Routine,2,2,False,Urban Base
P-000357,DEP-V2-0001130,4,2025-04-01,2025-04-04,2025-04-28,24,High Tempo,4,4,True,Remote/Difficult Terrain
P-000357,DEP-V2-0001131,5,2025-05-01,2025-05-04,2025-05-26,22,High Tempo,4,4,True,Semi-Urban Outpost
P-000357,DEP-V2-0001132,6,2025-06-01,2025-06-03,2025-06-24,21,High Tempo,3,3,False,Semi-Urban Outpost
P-000357,DEP-V2-0001133,7,2025-07-01,2025-07-02,2025-07-23,21,High Tempo,3,4,True,Semi-Urban Outpost
P-000357,DEP-V2-0001134,8,2025-08-01,2025-08-04,2025-08-28,24,High Tempo,4,3,True,Remote/Difficult Terrain
P-000358,DEP-V2-0001135,3,2025-03-01,2025-03-04,2025-03-24,20,Extended,4,4,True,Remote/Difficult Terrain
P-000358,DEP-V2-0001136,4,2025-04-01,2025-04-05,2025-04-28,23,Extended,4,5,True,High Altitude/Extreme
P-000358,DEP-V2-0001137,5,2025-05-01,2025-05-04,2025-05-27,23,Extended,4,4,True,Remote/Difficult Terrain
P-000358,DEP-V2-0001138,6,2025-06-01,2025-06-05,2025-06-26,21,Extended,5,5,True,High Altitude/Extreme
P-000358,DEP-V2-0001139,7,2025-07-01,2025-07-02,2025-07-24,22,Extended,4,5,True,Remote/Difficult Terrain
P-000358,DEP-V2-0001140,8,2025-08-01,2025-08-05,2025-08-28,23,Extended,4,4,True,Remote/Difficult Terrain
P-000358,DEP-V2-0001141,9,2025-09-01,2025-09-03,2025-09-27,24,Extended,5,5,True,High Altitude/Extreme
P-000359,DEP-V2-0001142,4,2025-04-01,2025-04-04,2025-04-27,23,High Tempo,5,4,True,High Altitude/Extreme
P-000359,DEP-V2-0001143,5,2025-05-01,2025-05-03,2025-05-23,20,Extended,4,4,True,High Altitude/Extreme
P-000359,DEP-V2-0001144,6,2025-06-01,2025-06-04,2025-06-25,21,High Tempo,4,5,True,High Altitude/Extreme
P-000359,DEP-V2-0001145,7,2025-07-01,2025-07-02,2025-07-28,26,Extended,4,5,True,Remote/Difficult Terrain
P-000359,DEP-V2-0001146,8,2025-08-01,2025-08-03,2025-08-23,20,Extended,4,5,True,Remote/Difficult Terrain
P-000359,DEP-V2-0001147,9,2025-09-01,2025-09-02,2025-09-28,26,Extended,5,5,True,High Altitude/Extreme
P-000359,DEP-V2-0001148,10,2025-10-01,2025-10-03,2025-10-24,21,High Tempo,5,5,True,Remote/Difficult Terrain
P-000359,DEP-V2-0001149,11,2025-11-01,2025-11-05,2025-11-28,23,High Tempo,5,5,True,Remote/Difficult Terrain
P-000361,DEP-V2-0001150,4,2025-04-01,2025-04-03,2025-04-26,23,High Tempo,5,4,True,High Altitude/Extreme
P-000361,DEP-V2-0001151,5,2025-05-01,2025-05-02,2025-05-23,21,High Tempo,4,5,True,Remote/Difficult Terrain
P-000361,DEP-V2-0001152,6,2025-06-01,2025-06-03,2025-06-28,25,Extended,4,4,True,Remote/Difficult Terrain
P-000361,DEP-V2-0001153,7,2025-07-01,2025-07-05,2025-07-24,19,Extended,5,5,True,Remote/Difficult Terrain
P-000361,DEP-V2-0001154,8,2025-08-01,2025-08-05,2025-08-28,23,High Tempo,5,5,True,Remote/Difficult Terrain
P-000361,DEP-V2-0001155,9,2025-09-01,2025-09-05,2025-09-23,18,High Tempo,5,4,True,High Altitude/Extreme
P-000361,DEP-V2-0001156,10,2025-10-01,2025-10-02,2025-10-24,22,Extended,5,5,True,Remote/Difficult Terrain
P-000361,DEP-V2-0001157,11,2025-11-01,2025-11-05,2025-11-25,20,High Tempo,5,5,True,High Altitude/Extreme
P-000362,DEP-V2-0001158,3,2025-03-01,2025-03-02,2025-03-27,25,Extended,4,5,True,High Altitude/Extreme
P-000362,DEP-V2-0001159,4,2025-04-01,2025-04-04,2025-04-26,22,Extended,4,4,True,High Altitude/Extreme
P-000362,DEP-V2-0001160,5,2025-05-01,2025-05-03,2025-05-24,21,Extended,4,5,True,High Altitude/Extreme
P-000362,DEP-V2-0001161,6,2025-06-01,2025-06-04,2025-06-23,19,Extended,4,5,True,Remote/Difficult Terrain
P-000362,DEP-V2-0001162,7,2025-07-01,2025-07-03,2025-07-23,20,Extended,5,5,True,Remote/Difficult Terrain
P-000362,DEP-V2-0001163,8,2025-08-01,2025-08-03,2025-08-27,24,Extended,4,5,True,High Altitude/Extreme
P-000362,DEP-V2-0001164,9,2025-09-01,2025-09-02,2025-09-24,22,Extended,3,5,True,High Altitude/Extreme
P-000363,DEP-V2-0001165,5,2025-05-01,2025-05-04,2025-05-23,19,Routine,3,2,False,Urban Base
P-000365,DEP-V2-0001166,4,2025-04-01,2025-04-05,2025-04-26,21,Routine,2,1,False,Urban Base
P-000366,DEP-V2-0001167,3,2025-03-01,2025-03-03,2025-03-26,23,Extended,3,5,True,High Altitude/Extreme
P-000366,DEP-V2-0001168,4,2025-04-01,2025-04-02,2025-04-26,24,Extended,3,4,True,High Altitude/Extreme
P-000366,DEP-V2-0001169,5,2025-05-01,2025-05-05,2025-05-23,18,Extended,5,5,True,High Altitude/Extreme
P-000366,DEP-V2-0001170,6,2025-06-01,2025-06-05,2025-06-23,18,Extended,3,4,True,High Altitude/Extreme
P-000366,DEP-V2-0001171,7,2025-07-01,2025-07-04,2025-07-28,24,Extended,4,5,True,Remote/Difficult Terrain
P-000366,DEP-V2-0001172,8,2025-08-01,2025-08-05,2025-08-24,19,Extended,5,4,True,High Altitude/Extreme
P-000366,DEP-V2-0001173,9,2025-09-01,2025-09-04,2025-09-28,24,Extended,4,5,True,Remote/Difficult Terrain
P-000368,DEP-V2-0001174,4,2025-04-01,2025-04-05,2025-04-24,19,Routine,2,2,False,Urban Base
P-000369,DEP-V2-0001175,4,2025-04-01,2025-04-03,2025-04-25,22,High Tempo,4,5,True,Remote/Difficult Terrain
P-000369,DEP-V2-0001176,5,2025-05-01,2025-05-02,2025-05-28,26,High Tempo,5,5,True,Remote/Difficult Terrain
P-000369,DEP-V2-0001177,6,2025-06-01,2025-06-02,2025-06-28,26,Extended,4,4,True,Remote/Difficult Terrain
P-000369,DEP-V2-0001178,7,2025-07-01,2025-07-05,2025-07-26,21,High Tempo,4,5,True,Remote/Difficult Terrain
P-000369,DEP-V2-0001179,8,2025-08-01,2025-08-02,2025-08-26,24,Extended,4,5,True,Remote/Difficult Terrain
P-000369,DEP-V2-0001180,9,2025-09-01,2025-09-05,2025-09-27,22,High Tempo,5,5,True,High Altitude/Extreme
P-000369,DEP-V2-0001181,10,2025-10-01,2025-10-04,2025-10-27,23,Extended,5,4,True,Remote/Difficult Terrain
P-000369,DEP-V2-0001182,11,2025-11-01,2025-11-03,2025-11-25,22,High Tempo,5,5,True,Remote/Difficult Terrain
P-000370,DEP-V2-0001183,3,2025-03-01,2025-03-02,2025-03-25,23,Extended,4,5,True,Remote/Difficult Terrain
P-000370,DEP-V2-0001184,4,2025-04-01,2025-04-05,2025-04-27,22,Extended,3,4,True,High Altitude/Extreme
P-000370,DEP-V2-0001185,5,2025-05-01,2025-05-05,2025-05-28,23,Extended,4,5,True,High Altitude/Extreme
P-000370,DEP-V2-0001186,6,2025-06-01,2025-06-02,2025-06-23,21,Extended,4,5,True,High Altitude/Extreme
P-000370,DEP-V2-0001187,7,2025-07-01,2025-07-04,2025-07-25,21,Extended,4,4,True,Remote/Difficult Terrain
P-000370,DEP-V2-0001188,8,2025-08-01,2025-08-02,2025-08-26,24,Extended,4,5,True,Remote/Difficult Terrain
P-000370,DEP-V2-0001189,9,2025-09-01,2025-09-03,2025-09-27,24,Extended,4,5,True,High Altitude/Extreme
P-000371,DEP-V2-0001190,4,2025-04-01,2025-04-03,2025-04-23,20,High Tempo,5,3,True,Semi-Urban Outpost
P-000371,DEP-V2-0001191,5,2025-05-01,2025-05-03,2025-05-26,23,High Tempo,4,3,True,Semi-Urban Outpost
P-000371,DEP-V2-0001192,6,2025-06-01,2025-06-02,2025-06-24,22,High Tempo,3,3,False,Semi-Urban Outpost
P-000371,DEP-V2-0001193,7,2025-07-01,2025-07-04,2025-07-23,19,High Tempo,5,3,True,Remote/Difficult Terrain
P-000371,DEP-V2-0001194,8,2025-08-01,2025-08-04,2025-08-27,23,High Tempo,4,3,True,Semi-Urban Outpost
P-000372,DEP-V2-0001195,4,2025-04-01,2025-04-02,2025-04-23,21,High Tempo,5,3,True,Remote/Difficult Terrain
P-000372,DEP-V2-0001196,5,2025-05-01,2025-05-05,2025-05-25,20,High Tempo,4,3,True,Remote/Difficult Terrain
P-000372,DEP-V2-0001197,6,2025-06-01,2025-06-02,2025-06-27,25,High Tempo,3,3,False,Remote/Difficult Terrain
P-000372,DEP-V2-0001198,7,2025-07-01,2025-07-03,2025-07-24,21,High Tempo,5,4,True,Remote/Difficult Terrain
P-000372,DEP-V2-0001199,8,2025-08-01,2025-08-03,2025-08-28,25,High Tempo,4,3,True,Semi-Urban Outpost
P-000373,DEP-V2-0001200,3,2025-03-01,2025-03-03,2025-03-23,20,Extended,3,5,True,Remote/Difficult Terrain
P-000373,DEP-V2-0001201,4,2025-04-01,2025-04-04,2025-04-23,19,Extended,4,5,True,High Altitude/Extreme
P-000373,DEP-V2-0001202,5,2025-05-01,2025-05-02,2025-05-23,21,Extended,4,5,True,High Altitude/Extreme
P-000373,DEP-V2-0001203,6,2025-06-01,2025-06-02,2025-06-23,21,Extended,4,5,True,High Altitude/Extreme
P-000373,DEP-V2-0001204,7,2025-07-01,2025-07-02,2025-07-28,26,Extended,4,5,True,High Altitude/Extreme
P-000373,DEP-V2-0001205,8,2025-08-01,2025-08-03,2025-08-26,23,Extended,4,4,True,Remote/Difficult Terrain
P-000373,DEP-V2-0001206,9,2025-09-01,2025-09-02,2025-09-23,21,Extended,4,5,True,High Altitude/Extreme
P-000374,DEP-V2-0001207,4,2025-04-01,2025-04-02,2025-04-23,21,High Tempo,4,3,True,Remote/Difficult Terrain
P-000374,DEP-V2-0001208,5,2025-05-01,2025-05-03,2025-05-25,22,High Tempo,4,4,True,Remote/Difficult Terrain
P-000374,DEP-V2-0001209,6,2025-06-01,2025-06-02,2025-06-26,24,High Tempo,4,3,True,Remote/Difficult Terrain
P-000374,DEP-V2-0001210,7,2025-07-01,2025-07-03,2025-07-25,22,High Tempo,4,3,True,Semi-Urban Outpost
P-000374,DEP-V2-0001211,8,2025-08-01,2025-08-04,2025-08-25,21,High Tempo,4,3,True,Remote/Difficult Terrain
P-000375,DEP-V2-0001212,3,2025-03-01,2025-03-04,2025-03-28,24,Extended,5,5,True,High Altitude/Extreme
P-000375,DEP-V2-0001213,4,2025-04-01,2025-04-03,2025-04-27,24,Extended,4,4,True,High Altitude/Extreme
P-000375,DEP-V2-0001214,5,2025-05-01,2025-05-02,2025-05-23,21,Extended,4,4,True,High Altitude/Extreme
P-000375,DEP-V2-0001215,6,2025-06-01,2025-06-04,2025-06-27,23,Extended,5,5,True,Remote/Difficult Terrain
P-000375,DEP-V2-0001216,7,2025-07-01,2025-07-02,2025-07-26,24,Extended,4,4,True,Remote/Difficult Terrain
P-000375,DEP-V2-0001217,8,2025-08-01,2025-08-04,2025-08-27,23,Extended,4,5,True,High Altitude/Extreme
P-000375,DEP-V2-0001218,9,2025-09-01,2025-09-04,2025-09-24,20,Extended,5,5,True,High Altitude/Extreme
P-000377,DEP-V2-0001219,4,2025-04-01,2025-04-05,2025-04-28,23,Routine,2,2,False,Urban Base
P-000377,DEP-V2-0001220,5,2025-05-01,2025-05-04,2025-05-25,21,Routine,2,2,False,Semi-Urban Outpost
P-000378,DEP-V2-0001221,4,2025-04-01,2025-04-03,2025-04-26,23,Extended,5,5,True,Remote/Difficult Terrain
P-000378,DEP-V2-0001222,5,2025-05-01,2025-05-03,2025-05-26,23,High Tempo,4,4,True,High Altitude/Extreme
P-000378,DEP-V2-0001223,6,2025-06-01,2025-06-04,2025-06-23,19,Extended,4,5,True,High Altitude/Extreme
P-000378,DEP-V2-0001224,7,2025-07-01,2025-07-04,2025-07-25,21,High Tempo,5,4,True,High Altitude/Extreme
P-000378,DEP-V2-0001225,8,2025-08-01,2025-08-03,2025-08-27,24,Extended,5,5,True,Remote/Difficult Terrain
P-000378,DEP-V2-0001226,9,2025-09-01,2025-09-04,2025-09-24,20,Extended,4,4,True,Remote/Difficult Terrain
P-000378,DEP-V2-0001227,10,2025-10-01,2025-10-03,2025-10-23,20,High Tempo,5,5,True,Remote/Difficult Terrain
P-000378,DEP-V2-0001228,11,2025-11-01,2025-11-03,2025-11-25,22,High Tempo,4,5,True,Remote/Difficult Terrain
P-000379,DEP-V2-0001229,4,2025-04-01,2025-04-03,2025-04-25,22,Routine,2,2,False,Urban Base
P-000380,DEP-V2-0001230,2,2025-02-01,2025-02-04,2025-02-26,22,High Tempo,4,4,True,Remote/Difficult Terrain
P-000380,DEP-V2-0001231,3,2025-03-01,2025-03-04,2025-03-23,19,High Tempo,4,4,True,Remote/Difficult Terrain
P-000380,DEP-V2-0001232,4,2025-04-01,2025-04-02,2025-04-28,26,High Tempo,4,4,True,Remote/Difficult Terrain
P-000380,DEP-V2-0001233,5,2025-05-01,2025-05-03,2025-05-23,20,High Tempo,4,4,True,Remote/Difficult Terrain
P-000381,DEP-V2-0001234,3,2025-03-01,2025-03-03,2025-03-26,23,Extended,4,5,True,High Altitude/Extreme
P-000381,DEP-V2-0001235,4,2025-04-01,2025-04-02,2025-04-24,22,Extended,4,4,True,Remote/Difficult Terrain
P-000381,DEP-V2-0001236,5,2025-05-01,2025-05-04,2025-05-26,22,Extended,4,4,True,Remote/Difficult Terrain
P-000381,DEP-V2-0001237,6,2025-06-01,2025-06-05,2025-06-25,20,Extended,4,5,True,Remote/Difficult Terrain
P-000381,DEP-V2-0001238,7,2025-07-01,2025-07-05,2025-07-28,23,Extended,4,5,True,Remote/Difficult Terrain
P-000381,DEP-V2-0001239,8,2025-08-01,2025-08-05,2025-08-23,18,Extended,4,4,True,Remote/Difficult Terrain
P-000381,DEP-V2-0001240,9,2025-09-01,2025-09-02,2025-09-23,21,Extended,5,5,True,High Altitude/Extreme
P-000382,DEP-V2-0001241,4,2025-04-01,2025-04-02,2025-04-26,24,High Tempo,3,3,False,Semi-Urban Outpost
P-000382,DEP-V2-0001242,5,2025-05-01,2025-05-02,2025-05-27,25,High Tempo,4,3,True,Remote/Difficult Terrain
P-000382,DEP-V2-0001243,6,2025-06-01,2025-06-02,2025-06-28,26,High Tempo,4,3,True,Remote/Difficult Terrain
P-000382,DEP-V2-0001244,7,2025-07-01,2025-07-05,2025-07-24,19,High Tempo,4,3,True,Semi-Urban Outpost
P-000382,DEP-V2-0001245,8,2025-08-01,2025-08-02,2025-08-26,24,High Tempo,4,3,True,Remote/Difficult Terrain
P-000383,DEP-V2-0001246,4,2025-04-01,2025-04-03,2025-04-24,21,Routine,2,1,False,Urban Base
P-000384,DEP-V2-0001247,4,2025-04-01,2025-04-02,2025-04-28,26,Routine,3,1,False,Urban Base
P-000385,DEP-V2-0001248,2,2025-02-01,2025-02-05,2025-02-25,20,High Tempo,4,4,True,Remote/Difficult Terrain
P-000385,DEP-V2-0001249,3,2025-03-01,2025-03-02,2025-03-24,22,High Tempo,4,4,True,Remote/Difficult Terrain
P-000385,DEP-V2-0001250,4,2025-04-01,2025-04-02,2025-04-24,22,High Tempo,4,4,True,Remote/Difficult Terrain
P-000385,DEP-V2-0001251,5,2025-05-01,2025-05-03,2025-05-28,25,High Tempo,4,4,True,Remote/Difficult Terrain
P-000387,DEP-V2-0001252,2,2025-02-01,2025-02-02,2025-02-26,24,High Tempo,4,4,True,Remote/Difficult Terrain
P-000387,DEP-V2-0001253,3,2025-03-01,2025-03-05,2025-03-23,18,High Tempo,4,4,True,Remote/Difficult Terrain
P-000387,DEP-V2-0001254,4,2025-04-01,2025-04-04,2025-04-26,22,High Tempo,4,4,True,Remote/Difficult Terrain
P-000387,DEP-V2-0001255,5,2025-05-01,2025-05-02,2025-05-23,21,High Tempo,4,4,True,Remote/Difficult Terrain
P-000388,DEP-V2-0001256,2,2025-02-01,2025-02-04,2025-02-27,23,High Tempo,4,4,True,Remote/Difficult Terrain
P-000388,DEP-V2-0001257,3,2025-03-01,2025-03-02,2025-03-24,22,High Tempo,4,4,True,Remote/Difficult Terrain
P-000388,DEP-V2-0001258,4,2025-04-01,2025-04-05,2025-04-27,22,High Tempo,4,4,True,Remote/Difficult Terrain
P-000388,DEP-V2-0001259,5,2025-05-01,2025-05-05,2025-05-23,18,High Tempo,4,4,True,Remote/Difficult Terrain
P-000389,DEP-V2-0001260,4,2025-04-01,2025-04-05,2025-04-24,19,Routine,1,1,False,Urban Base
P-000389,DEP-V2-0001261,5,2025-05-01,2025-05-05,2025-05-28,23,Routine,2,1,False,Urban Base
P-000390,DEP-V2-0001262,3,2025-03-01,2025-03-02,2025-03-23,21,Extended,4,4,True,Remote/Difficult Terrain
P-000390,DEP-V2-0001263,4,2025-04-01,2025-04-04,2025-04-25,21,Extended,4,5,True,High Altitude/Extreme
P-000390,DEP-V2-0001264,5,2025-05-01,2025-05-02,2025-05-26,24,Extended,4,4,True,High Altitude/Extreme
P-000390,DEP-V2-0001265,6,2025-06-01,2025-06-04,2025-06-27,23,Extended,5,5,True,High Altitude/Extreme
P-000390,DEP-V2-0001266,7,2025-07-01,2025-07-04,2025-07-28,24,Extended,3,4,True,High Altitude/Extreme
P-000390,DEP-V2-0001267,8,2025-08-01,2025-08-04,2025-08-23,19,Extended,3,5,True,High Altitude/Extreme
P-000390,DEP-V2-0001268,9,2025-09-01,2025-09-03,2025-09-27,24,Extended,4,5,True,Remote/Difficult Terrain
P-000391,DEP-V2-0001269,4,2025-04-01,2025-04-03,2025-04-25,22,High Tempo,3,3,False,Remote/Difficult Terrain
P-000391,DEP-V2-0001270,5,2025-05-01,2025-05-05,2025-05-26,21,High Tempo,4,3,True,Semi-Urban Outpost
P-000391,DEP-V2-0001271,6,2025-06-01,2025-06-04,2025-06-27,23,High Tempo,4,4,True,Semi-Urban Outpost
P-000391,DEP-V2-0001272,7,2025-07-01,2025-07-04,2025-07-25,21,High Tempo,5,3,True,Semi-Urban Outpost
P-000391,DEP-V2-0001273,8,2025-08-01,2025-08-03,2025-08-26,23,High Tempo,3,4,True,Semi-Urban Outpost
P-000392,DEP-V2-0001274,4,2025-04-01,2025-04-04,2025-04-24,20,High Tempo,5,3,True,Remote/Difficult Terrain
P-000392,DEP-V2-0001275,5,2025-05-01,2025-05-03,2025-05-25,22,High Tempo,4,3,True,Remote/Difficult Terrain
P-000392,DEP-V2-0001276,6,2025-06-01,2025-06-03,2025-06-23,20,High Tempo,5,3,True,Remote/Difficult Terrain
P-000392,DEP-V2-0001277,7,2025-07-01,2025-07-04,2025-07-23,19,High Tempo,4,3,True,Semi-Urban Outpost
P-000392,DEP-V2-0001278,8,2025-08-01,2025-08-03,2025-08-25,22,High Tempo,5,4,True,Semi-Urban Outpost
P-000394,DEP-V2-0001279,4,2025-04-01,2025-04-03,2025-04-25,22,Routine,2,2,False,Urban Base
P-000394,DEP-V2-0001280,5,2025-05-01,2025-05-04,2025-05-27,23,Routine,3,1,False,Semi-Urban Outpost
P-000395,DEP-V2-0001281,4,2025-04-01,2025-04-02,2025-04-25,23,High Tempo,4,3,True,Remote/Difficult Terrain
P-000395,DEP-V2-0001282,5,2025-05-01,2025-05-05,2025-05-26,21,High Tempo,4,4,True,Remote/Difficult Terrain
P-000395,DEP-V2-0001283,6,2025-06-01,2025-06-02,2025-06-27,25,High Tempo,3,4,True,Semi-Urban Outpost
P-000395,DEP-V2-0001284,7,2025-07-01,2025-07-05,2025-07-25,20,High Tempo,3,3,False,Semi-Urban Outpost
P-000395,DEP-V2-0001285,8,2025-08-01,2025-08-05,2025-08-23,18,High Tempo,4,4,True,Remote/Difficult Terrain
P-000396,DEP-V2-0001286,5,2025-05-01,2025-05-02,2025-05-24,22,Routine,2,2,False,Urban Base
P-000397,DEP-V2-0001287,4,2025-04-01,2025-04-05,2025-04-25,20,High Tempo,5,5,True,High Altitude/Extreme
P-000397,DEP-V2-0001288,5,2025-05-01,2025-05-05,2025-05-26,21,Extended,4,5,True,Remote/Difficult Terrain
P-000397,DEP-V2-0001289,6,2025-06-01,2025-06-04,2025-06-23,19,High Tempo,4,5,True,Remote/Difficult Terrain
P-000397,DEP-V2-0001290,7,2025-07-01,2025-07-04,2025-07-24,20,Extended,5,5,True,High Altitude/Extreme
P-000397,DEP-V2-0001291,8,2025-08-01,2025-08-04,2025-08-26,22,Extended,5,4,True,Remote/Difficult Terrain
P-000397,DEP-V2-0001292,9,2025-09-01,2025-09-02,2025-09-25,23,High Tempo,5,4,True,High Altitude/Extreme
P-000397,DEP-V2-0001293,10,2025-10-01,2025-10-02,2025-10-27,25,High Tempo,4,4,True,High Altitude/Extreme
P-000397,DEP-V2-0001294,11,2025-11-01,2025-11-03,2025-11-23,20,Extended,5,4,True,High Altitude/Extreme
P-000398,DEP-V2-0001295,2,2025-02-01,2025-02-02,2025-02-24,22,High Tempo,4,4,True,Remote/Difficult Terrain
P-000398,DEP-V2-0001296,3,2025-03-01,2025-03-05,2025-03-25,20,High Tempo,4,4,True,Remote/Difficult Terrain
P-000398,DEP-V2-0001297,4,2025-04-01,2025-04-03,2025-04-25,22,High Tempo,4,4,True,Remote/Difficult Terrain
P-000398,DEP-V2-0001298,5,2025-05-01,2025-05-03,2025-05-25,22,High Tempo,4,4,True,Remote/Difficult Terrain
P-000400,DEP-V2-0001299,4,2025-04-01,2025-04-04,2025-04-25,21,High Tempo,4,4,True,Remote/Difficult Terrain
P-000400,DEP-V2-0001300,5,2025-05-01,2025-05-02,2025-05-24,22,High Tempo,3,4,True,Remote/Difficult Terrain
P-000400,DEP-V2-0001301,6,2025-06-01,2025-06-02,2025-06-23,21,High Tempo,4,3,True,Semi-Urban Outpost
P-000400,DEP-V2-0001302,7,2025-07-01,2025-07-02,2025-07-26,24,High Tempo,5,4,True,Remote/Difficult Terrain
P-000400,DEP-V2-0001303,8,2025-08-01,2025-08-03,2025-08-26,23,High Tempo,5,4,True,Remote/Difficult Terrain
P-000401,DEP-V2-0001304,5,2025-05-01,2025-05-05,2025-05-24,19,Routine,1,2,False,Urban Base
P-000402,DEP-V2-0001305,4,2025-04-01,2025-04-02,2025-04-28,26,High Tempo,3,4,True,Semi-Urban Outpost
P-000402,DEP-V2-0001306,5,2025-05-01,2025-05-03,2025-05-25,22,High Tempo,4,3,True,Remote/Difficult Terrain
P-000402,DEP-V2-0001307,6,2025-06-01,2025-06-04,2025-06-23,19,High Tempo,5,4,True,Semi-Urban Outpost
P-000402,DEP-V2-0001308,7,2025-07-01,2025-07-05,2025-07-28,23,High Tempo,3,3,False,Semi-Urban Outpost
P-000402,DEP-V2-0001309,8,2025-08-01,2025-08-02,2025-08-23,21,High Tempo,4,4,True,Semi-Urban Outpost
P-000403,DEP-V2-0001310,4,2025-04-01,2025-04-04,2025-04-26,22,Extended,5,5,True,High Altitude/Extreme
P-000403,DEP-V2-0001311,5,2025-05-01,2025-05-05,2025-05-28,23,Extended,5,4,True,Remote/Difficult Terrain
P-000403,DEP-V2-0001312,6,2025-06-01,2025-06-04,2025-06-25,21,High Tempo,5,5,True,Remote/Difficult Terrain
P-000403,DEP-V2-0001313,7,2025-07-01,2025-07-02,2025-07-24,22,Extended,5,5,True,Remote/Difficult Terrain
P-000403,DEP-V2-0001314,8,2025-08-01,2025-08-05,2025-08-26,21,High Tempo,5,4,True,Remote/Difficult Terrain
P-000403,DEP-V2-0001315,9,2025-09-01,2025-09-03,2025-09-26,23,High Tempo,4,5,True,High Altitude/Extreme
P-000403,DEP-V2-0001316,10,2025-10-01,2025-10-05,2025-10-28,23,High Tempo,4,4,True,Remote/Difficult Terrain
P-000403,DEP-V2-0001317,11,2025-11-01,2025-11-03,2025-11-24,21,High Tempo,5,5,True,Remote/Difficult Terrain
P-000405,DEP-V2-0001318,4,2025-04-01,2025-04-05,2025-04-23,18,High Tempo,3,3,False,Semi-Urban Outpost
P-000405,DEP-V2-0001319,5,2025-05-01,2025-05-05,2025-05-25,20,High Tempo,3,3,False,Semi-Urban Outpost
P-000405,DEP-V2-0001320,6,2025-06-01,2025-06-03,2025-06-26,23,High Tempo,3,3,False,Semi-Urban Outpost
P-000405,DEP-V2-0001321,7,2025-07-01,2025-07-04,2025-07-25,21,High Tempo,3,3,False,Remote/Difficult Terrain
P-000405,DEP-V2-0001322,8,2025-08-01,2025-08-02,2025-08-26,24,High Tempo,4,3,True,Semi-Urban Outpost
P-000406,DEP-V2-0001323,3,2025-03-01,2025-03-05,2025-03-23,18,Extended,4,4,True,High Altitude/Extreme
P-000406,DEP-V2-0001324,4,2025-04-01,2025-04-05,2025-04-27,22,Extended,5,5,True,High Altitude/Extreme
P-000406,DEP-V2-0001325,5,2025-05-01,2025-05-03,2025-05-28,25,Extended,4,4,True,High Altitude/Extreme
P-000406,DEP-V2-0001326,6,2025-06-01,2025-06-02,2025-06-26,24,Extended,4,4,True,High Altitude/Extreme
P-000406,DEP-V2-0001327,7,2025-07-01,2025-07-03,2025-07-25,22,Extended,4,4,True,High Altitude/Extreme
P-000406,DEP-V2-0001328,8,2025-08-01,2025-08-04,2025-08-24,20,Extended,4,5,True,High Altitude/Extreme
P-000406,DEP-V2-0001329,9,2025-09-01,2025-09-03,2025-09-25,22,Extended,4,5,True,Remote/Difficult Terrain
P-000407,DEP-V2-0001330,4,2025-04-01,2025-04-02,2025-04-27,25,High Tempo,5,3,True,Remote/Difficult Terrain
P-000407,DEP-V2-0001331,5,2025-05-01,2025-05-02,2025-05-28,26,High Tempo,5,4,True,Remote/Difficult Terrain
P-000407,DEP-V2-0001332,6,2025-06-01,2025-06-05,2025-06-25,20,High Tempo,4,3,True,Semi-Urban Outpost
P-000407,DEP-V2-0001333,7,2025-07-01,2025-07-04,2025-07-24,20,High Tempo,5,4,True,Semi-Urban Outpost
P-000407,DEP-V2-0001334,8,2025-08-01,2025-08-03,2025-08-26,23,High Tempo,5,4,True,Remote/Difficult Terrain
P-000408,DEP-V2-0001335,2,2025-02-01,2025-02-02,2025-02-24,22,High Tempo,4,4,True,Remote/Difficult Terrain
P-000408,DEP-V2-0001336,3,2025-03-01,2025-03-05,2025-03-27,22,High Tempo,4,4,True,Remote/Difficult Terrain
P-000408,DEP-V2-0001337,4,2025-04-01,2025-04-02,2025-04-27,25,High Tempo,4,4,True,Remote/Difficult Terrain
P-000408,DEP-V2-0001338,5,2025-05-01,2025-05-05,2025-05-23,18,High Tempo,4,4,True,Remote/Difficult Terrain
P-000409,DEP-V2-0001339,4,2025-04-01,2025-04-02,2025-04-24,22,Routine,1,1,False,Urban Base
P-000409,DEP-V2-0001340,5,2025-05-01,2025-05-03,2025-05-23,20,Routine,2,1,False,Urban Base
P-000410,DEP-V2-0001341,4,2025-04-01,2025-04-03,2025-04-27,24,High Tempo,4,5,True,Remote/Difficult Terrain
P-000410,DEP-V2-0001342,5,2025-05-01,2025-05-04,2025-05-25,21,High Tempo,4,5,True,High Altitude/Extreme
P-000410,DEP-V2-0001343,6,2025-06-01,2025-06-04,2025-06-28,24,Extended,4,5,True,High Altitude/Extreme
P-000410,DEP-V2-0001344,7,2025-07-01,2025-07-03,2025-07-26,23,High Tempo,4,5,True,Remote/Difficult Terrain
P-000410,DEP-V2-0001345,8,2025-08-01,2025-08-03,2025-08-25,22,High Tempo,4,5,True,Remote/Difficult Terrain
P-000410,DEP-V2-0001346,9,2025-09-01,2025-09-04,2025-09-25,21,High Tempo,4,4,True,Remote/Difficult Terrain
P-000410,DEP-V2-0001347,10,2025-10-01,2025-10-03,2025-10-25,22,High Tempo,5,5,True,Remote/Difficult Terrain
P-000410,DEP-V2-0001348,11,2025-11-01,2025-11-04,2025-11-23,19,Extended,5,5,True,High Altitude/Extreme
P-000411,DEP-V2-0001349,2,2025-02-01,2025-02-03,2025-02-26,23,High Tempo,4,4,True,Remote/Difficult Terrain
P-000411,DEP-V2-0001350,3,2025-03-01,2025-03-04,2025-03-24,20,High Tempo,4,4,True,Remote/Difficult Terrain
P-000411,DEP-V2-0001351,4,2025-04-01,2025-04-02,2025-04-23,21,High Tempo,4,4,True,Remote/Difficult Terrain
P-000411,DEP-V2-0001352,5,2025-05-01,2025-05-04,2025-05-26,22,High Tempo,4,4,True,Remote/Difficult Terrain
P-000412,DEP-V2-0001353,3,2025-03-01,2025-03-02,2025-03-25,23,Extended,4,5,True,Remote/Difficult Terrain
P-000412,DEP-V2-0001354,4,2025-04-01,2025-04-02,2025-04-24,22,Extended,4,5,True,High Altitude/Extreme
P-000412,DEP-V2-0001355,5,2025-05-01,2025-05-05,2025-05-28,23,Extended,3,4,True,Remote/Difficult Terrain
P-000412,DEP-V2-0001356,6,2025-06-01,2025-06-05,2025-06-27,22,Extended,3,4,True,High Altitude/Extreme
P-000412,DEP-V2-0001357,7,2025-07-01,2025-07-03,2025-07-28,25,Extended,3,4,True,Remote/Difficult Terrain
P-000412,DEP-V2-0001358,8,2025-08-01,2025-08-05,2025-08-26,21,Extended,4,4,True,High Altitude/Extreme
P-000412,DEP-V2-0001359,9,2025-09-01,2025-09-03,2025-09-26,23,Extended,4,4,True,Remote/Difficult Terrain
P-000413,DEP-V2-0001360,4,2025-04-01,2025-04-05,2025-04-27,22,Routine,2,1,False,Semi-Urban Outpost
P-000414,DEP-V2-0001361,4,2025-04-01,2025-04-04,2025-04-24,20,Routine,1,1,False,Urban Base
P-000415,DEP-V2-0001362,4,2025-04-01,2025-04-03,2025-04-26,23,Extended,5,4,True,High Altitude/Extreme
P-000415,DEP-V2-0001363,5,2025-05-01,2025-05-05,2025-05-26,21,Extended,5,5,True,High Altitude/Extreme
P-000415,DEP-V2-0001364,6,2025-06-01,2025-06-03,2025-06-27,24,High Tempo,4,5,True,High Altitude/Extreme
P-000415,DEP-V2-0001365,7,2025-07-01,2025-07-02,2025-07-28,26,Extended,5,5,True,High Altitude/Extreme
P-000415,DEP-V2-0001366,8,2025-08-01,2025-08-03,2025-08-24,21,High Tempo,4,5,True,Remote/Difficult Terrain
P-000415,DEP-V2-0001367,9,2025-09-01,2025-09-04,2025-09-26,22,Extended,5,5,True,Remote/Difficult Terrain
P-000415,DEP-V2-0001368,10,2025-10-01,2025-10-03,2025-10-24,21,Extended,4,4,True,Remote/Difficult Terrain
P-000415,DEP-V2-0001369,11,2025-11-01,2025-11-05,2025-11-28,23,Extended,5,4,True,High Altitude/Extreme
P-000416,DEP-V2-0001370,4,2025-04-01,2025-04-02,2025-04-24,22,Routine,2,1,False,Semi-Urban Outpost
P-000417,DEP-V2-0001371,4,2025-04-01,2025-04-04,2025-04-27,23,Routine,2,1,False,Urban Base
P-000420,DEP-V2-0001372,5,2025-05-01,2025-05-02,2025-05-28,26,Routine,1,2,False,Semi-Urban Outpost
P-000421,DEP-V2-0001373,3,2025-03-01,2025-03-05,2025-03-24,19,Extended,3,5,True,High Altitude/Extreme
P-000421,DEP-V2-0001374,4,2025-04-01,2025-04-04,2025-04-25,21,Extended,4,5,True,High Altitude/Extreme
P-000421,DEP-V2-0001375,5,2025-05-01,2025-05-04,2025-05-26,22,Extended,3,4,True,Remote/Difficult Terrain
P-000421,DEP-V2-0001376,6,2025-06-01,2025-06-04,2025-06-28,24,Extended,5,5,True,High Altitude/Extreme
P-000421,DEP-V2-0001377,7,2025-07-01,2025-07-05,2025-07-24,19,Extended,4,5,True,Remote/Difficult Terrain
P-000421,DEP-V2-0001378,8,2025-08-01,2025-08-04,2025-08-26,22,Extended,3,4,True,High Altitude/Extreme
P-000421,DEP-V2-0001379,9,2025-09-01,2025-09-04,2025-09-26,22,Extended,4,5,True,High Altitude/Extreme
P-000422,DEP-V2-0001380,4,2025-04-01,2025-04-03,2025-04-27,24,Routine,1,2,False,Urban Base
P-000423,DEP-V2-0001381,3,2025-03-01,2025-03-03,2025-03-23,20,Extended,3,4,True,High Altitude/Extreme
P-000423,DEP-V2-0001382,4,2025-04-01,2025-04-04,2025-04-25,21,Extended,4,4,True,Remote/Difficult Terrain
P-000423,DEP-V2-0001383,5,2025-05-01,2025-05-04,2025-05-25,21,Extended,4,4,True,Remote/Difficult Terrain
P-000423,DEP-V2-0001384,6,2025-06-01,2025-06-04,2025-06-24,20,Extended,3,4,True,High Altitude/Extreme
P-000423,DEP-V2-0001385,7,2025-07-01,2025-07-05,2025-07-23,18,Extended,4,4,True,Remote/Difficult Terrain
P-000423,DEP-V2-0001386,8,2025-08-01,2025-08-04,2025-08-25,21,Extended,4,4,True,High Altitude/Extreme
P-000423,DEP-V2-0001387,9,2025-09-01,2025-09-04,2025-09-23,19,Extended,5,4,True,Remote/Difficult Terrain
P-000424,DEP-V2-0001388,4,2025-04-01,2025-04-05,2025-04-28,23,High Tempo,5,4,True,Semi-Urban Outpost
P-000424,DEP-V2-0001389,5,2025-05-01,2025-05-04,2025-05-23,19,High Tempo,3,4,True,Remote/Difficult Terrain
P-000424,DEP-V2-0001390,6,2025-06-01,2025-06-03,2025-06-26,23,High Tempo,3,3,False,Remote/Difficult Terrain
P-000424,DEP-V2-0001391,7,2025-07-01,2025-07-02,2025-07-27,25,High Tempo,5,4,True,Semi-Urban Outpost
P-000424,DEP-V2-0001392,8,2025-08-01,2025-08-05,2025-08-23,18,High Tempo,4,3,True,Remote/Difficult Terrain
P-000425,DEP-V2-0001393,4,2025-04-01,2025-04-02,2025-04-28,26,High Tempo,5,3,True,Semi-Urban Outpost
P-000425,DEP-V2-0001394,5,2025-05-01,2025-05-03,2025-05-26,23,High Tempo,4,3,True,Semi-Urban Outpost
P-000425,DEP-V2-0001395,6,2025-06-01,2025-06-05,2025-06-24,19,High Tempo,4,3,True,Remote/Difficult Terrain
P-000425,DEP-V2-0001396,7,2025-07-01,2025-07-04,2025-07-27,23,High Tempo,4,3,True,Semi-Urban Outpost
P-000425,DEP-V2-0001397,8,2025-08-01,2025-08-02,2025-08-23,21,High Tempo,4,3,True,Remote/Difficult Terrain
P-000426,DEP-V2-0001398,4,2025-04-01,2025-04-02,2025-04-24,22,Routine,3,1,False,Urban Base
P-000426,DEP-V2-0001399,5,2025-05-01,2025-05-05,2025-05-28,23,Routine,2,1,False,Urban Base
P-000427,DEP-V2-0001400,6,2025-06-01,2025-06-05,2025-06-23,18,High Tempo,4,3,True,Semi-Urban Outpost
P-000427,DEP-V2-0001401,7,2025-07-01,2025-07-05,2025-07-24,19,High Tempo,4,3,True,Semi-Urban Outpost
P-000428,DEP-V2-0001402,3,2025-03-01,2025-03-03,2025-03-23,20,Extended,3,4,True,Remote/Difficult Terrain
P-000428,DEP-V2-0001403,4,2025-04-01,2025-04-05,2025-04-23,18,Extended,4,5,True,High Altitude/Extreme
P-000428,DEP-V2-0001404,5,2025-05-01,2025-05-05,2025-05-28,23,Extended,3,5,True,Remote/Difficult Terrain
P-000428,DEP-V2-0001405,6,2025-06-01,2025-06-03,2025-06-24,21,Extended,4,5,True,Remote/Difficult Terrain
P-000428,DEP-V2-0001406,7,2025-07-01,2025-07-05,2025-07-25,20,Extended,5,5,True,High Altitude/Extreme
P-000428,DEP-V2-0001407,8,2025-08-01,2025-08-02,2025-08-24,22,Extended,5,5,True,High Altitude/Extreme
P-000428,DEP-V2-0001408,9,2025-09-01,2025-09-04,2025-09-27,23,Extended,4,4,True,Remote/Difficult Terrain
P-000429,DEP-V2-0001409,4,2025-04-01,2025-04-03,2025-04-26,23,Extended,5,5,True,High Altitude/Extreme
P-000429,DEP-V2-0001410,5,2025-05-01,2025-05-04,2025-05-25,21,High Tempo,5,5,True,High Altitude/Extreme
P-000429,DEP-V2-0001411,6,2025-06-01,2025-06-03,2025-06-26,23,High Tempo,5,5,True,High Altitude/Extreme
P-000429,DEP-V2-0001412,7,2025-07-01,2025-07-03,2025-07-27,24,High Tempo,4,5,True,High Altitude/Extreme
P-000429,DEP-V2-0001413,8,2025-08-01,2025-08-03,2025-08-24,21,High Tempo,4,4,True,High Altitude/Extreme
P-000429,DEP-V2-0001414,9,2025-09-01,2025-09-04,2025-09-26,22,Extended,5,4,True,High Altitude/Extreme
P-000429,DEP-V2-0001415,10,2025-10-01,2025-10-04,2025-10-23,19,Extended,4,4,True,Remote/Difficult Terrain
P-000429,DEP-V2-0001416,11,2025-11-01,2025-11-03,2025-11-23,20,High Tempo,4,5,True,Remote/Difficult Terrain
P-000430,DEP-V2-0001417,3,2025-03-01,2025-03-04,2025-03-28,24,Extended,3,4,True,High Altitude/Extreme
P-000430,DEP-V2-0001418,4,2025-04-01,2025-04-03,2025-04-26,23,Extended,3,5,True,High Altitude/Extreme
P-000430,DEP-V2-0001419,5,2025-05-01,2025-05-05,2025-05-23,18,Extended,5,5,True,High Altitude/Extreme
P-000430,DEP-V2-0001420,6,2025-06-01,2025-06-04,2025-06-28,24,Extended,3,5,True,High Altitude/Extreme
P-000430,DEP-V2-0001421,7,2025-07-01,2025-07-05,2025-07-23,18,Extended,4,5,True,Remote/Difficult Terrain
P-000430,DEP-V2-0001422,8,2025-08-01,2025-08-02,2025-08-23,21,Extended,3,5,True,High Altitude/Extreme
P-000430,DEP-V2-0001423,9,2025-09-01,2025-09-05,2025-09-23,18,Extended,4,4,True,Remote/Difficult Terrain
P-000431,DEP-V2-0001424,3,2025-03-01,2025-03-04,2025-03-26,22,Extended,4,4,True,Remote/Difficult Terrain
P-000431,DEP-V2-0001425,4,2025-04-01,2025-04-03,2025-04-23,20,Extended,4,4,True,Remote/Difficult Terrain
P-000431,DEP-V2-0001426,5,2025-05-01,2025-05-02,2025-05-27,25,Extended,4,4,True,High Altitude/Extreme
P-000431,DEP-V2-0001427,6,2025-06-01,2025-06-02,2025-06-24,22,Extended,5,5,True,Remote/Difficult Terrain
P-000431,DEP-V2-0001428,7,2025-07-01,2025-07-05,2025-07-24,19,Extended,4,5,True,High Altitude/Extreme
P-000431,DEP-V2-0001429,8,2025-08-01,2025-08-04,2025-08-23,19,Extended,3,5,True,High Altitude/Extreme
P-000431,DEP-V2-0001430,9,2025-09-01,2025-09-05,2025-09-27,22,Extended,4,4,True,High Altitude/Extreme
P-000432,DEP-V2-0001431,3,2025-03-01,2025-03-02,2025-03-28,26,Extended,4,4,True,High Altitude/Extreme
P-000432,DEP-V2-0001432,4,2025-04-01,2025-04-04,2025-04-27,23,Extended,3,5,True,Remote/Difficult Terrain
P-000432,DEP-V2-0001433,5,2025-05-01,2025-05-03,2025-05-28,25,Extended,4,4,True,Remote/Difficult Terrain
P-000432,DEP-V2-0001434,6,2025-06-01,2025-06-04,2025-06-27,23,Extended,4,5,True,Remote/Difficult Terrain
P-000432,DEP-V2-0001435,7,2025-07-01,2025-07-05,2025-07-23,18,Extended,4,4,True,Remote/Difficult Terrain
P-000432,DEP-V2-0001436,8,2025-08-01,2025-08-02,2025-08-27,25,Extended,4,4,True,Remote/Difficult Terrain
P-000432,DEP-V2-0001437,9,2025-09-01,2025-09-03,2025-09-25,22,Extended,4,4,True,Remote/Difficult Terrain
P-000434,DEP-V2-0001438,6,2025-06-01,2025-06-05,2025-06-24,19,High Tempo,4,3,True,Semi-Urban Outpost
P-000434,DEP-V2-0001439,7,2025-07-01,2025-07-02,2025-07-27,25,High Tempo,4,3,True,Semi-Urban Outpost
P-000435,DEP-V2-0001440,5,2025-05-01,2025-05-02,2025-05-24,22,Routine,2,2,False,Semi-Urban Outpost
P-000436,DEP-V2-0001441,2,2025-02-01,2025-02-04,2025-02-25,21,High Tempo,4,4,True,Remote/Difficult Terrain
P-000436,DEP-V2-0001442,3,2025-03-01,2025-03-05,2025-03-27,22,High Tempo,4,4,True,Remote/Difficult Terrain
P-000436,DEP-V2-0001443,4,2025-04-01,2025-04-04,2025-04-27,23,High Tempo,4,4,True,Remote/Difficult Terrain
P-000436,DEP-V2-0001444,5,2025-05-01,2025-05-04,2025-05-27,23,High Tempo,4,4,True,Remote/Difficult Terrain
P-000437,DEP-V2-0001445,4,2025-04-01,2025-04-02,2025-04-28,26,High Tempo,4,4,True,Remote/Difficult Terrain
P-000437,DEP-V2-0001446,5,2025-05-01,2025-05-03,2025-05-27,24,High Tempo,4,4,True,High Altitude/Extreme
P-000437,DEP-V2-0001447,6,2025-06-01,2025-06-02,2025-06-26,24,High Tempo,5,5,True,Remote/Difficult Terrain
P-000437,DEP-V2-0001448,7,2025-07-01,2025-07-02,2025-07-23,21,High Tempo,5,5,True,High Altitude/Extreme
P-000437,DEP-V2-0001449,8,2025-08-01,2025-08-05,2025-08-25,20,Extended,5,4,True,High Altitude/Extreme
P-000437,DEP-V2-0001450,9,2025-09-01,2025-09-03,2025-09-24,21,High Tempo,4,5,True,Remote/Difficult Terrain
P-000437,DEP-V2-0001451,10,2025-10-01,2025-10-04,2025-10-26,22,Extended,5,4,True,High Altitude/Extreme
P-000437,DEP-V2-0001452,11,2025-11-01,2025-11-05,2025-11-26,21,High Tempo,5,4,True,High Altitude/Extreme
P-000438,DEP-V2-0001453,2,2025-02-01,2025-02-05,2025-02-28,23,High Tempo,4,4,True,Remote/Difficult Terrain
P-000438,DEP-V2-0001454,3,2025-03-01,2025-03-02,2025-03-23,21,High Tempo,4,4,True,Remote/Difficult Terrain
P-000438,DEP-V2-0001455,4,2025-04-01,2025-04-05,2025-04-23,18,High Tempo,4,4,True,Remote/Difficult Terrain
P-000438,DEP-V2-0001456,5,2025-05-01,2025-05-04,2025-05-28,24,High Tempo,4,4,True,Remote/Difficult Terrain
P-000439,DEP-V2-0001457,4,2025-04-01,2025-04-04,2025-04-28,24,High Tempo,4,4,True,High Altitude/Extreme
P-000439,DEP-V2-0001458,5,2025-05-01,2025-05-05,2025-05-27,22,Extended,4,5,True,High Altitude/Extreme
P-000439,DEP-V2-0001459,6,2025-06-01,2025-06-03,2025-06-24,21,Extended,5,5,True,High Altitude/Extreme
P-000439,DEP-V2-0001460,7,2025-07-01,2025-07-04,2025-07-28,24,Extended,5,5,True,Remote/Difficult Terrain
P-000439,DEP-V2-0001461,8,2025-08-01,2025-08-05,2025-08-26,21,Extended,4,5,True,High Altitude/Extreme
P-000439,DEP-V2-0001462,9,2025-09-01,2025-09-03,2025-09-26,23,Extended,4,4,True,Remote/Difficult Terrain
P-000439,DEP-V2-0001463,10,2025-10-01,2025-10-04,2025-10-23,19,High Tempo,4,5,True,Remote/Difficult Terrain
P-000439,DEP-V2-0001464,11,2025-11-01,2025-11-04,2025-11-28,24,High Tempo,5,5,True,High Altitude/Extreme
P-000440,DEP-V2-0001465,4,2025-04-01,2025-04-04,2025-04-28,24,High Tempo,4,4,True,Remote/Difficult Terrain
P-000440,DEP-V2-0001466,5,2025-05-01,2025-05-05,2025-05-25,20,High Tempo,3,4,True,Semi-Urban Outpost
P-000440,DEP-V2-0001467,6,2025-06-01,2025-06-04,2025-06-26,22,High Tempo,3,3,False,Semi-Urban Outpost
P-000440,DEP-V2-0001468,7,2025-07-01,2025-07-04,2025-07-27,23,High Tempo,5,4,True,Semi-Urban Outpost
P-000440,DEP-V2-0001469,8,2025-08-01,2025-08-02,2025-08-26,24,High Tempo,4,3,True,Semi-Urban Outpost
P-000441,DEP-V2-0001470,5,2025-05-01,2025-05-04,2025-05-24,20,Routine,2,1,False,Urban Base
P-000442,DEP-V2-0001471,4,2025-04-01,2025-04-05,2025-04-28,23,High Tempo,4,3,True,Semi-Urban Outpost
P-000442,DEP-V2-0001472,5,2025-05-01,2025-05-05,2025-05-28,23,High Tempo,4,3,True,Remote/Difficult Terrain
P-000442,DEP-V2-0001473,6,2025-06-01,2025-06-04,2025-06-24,20,High Tempo,3,3,False,Semi-Urban Outpost
P-000442,DEP-V2-0001474,7,2025-07-01,2025-07-04,2025-07-27,23,High Tempo,4,3,True,Remote/Difficult Terrain
P-000442,DEP-V2-0001475,8,2025-08-01,2025-08-04,2025-08-28,24,High Tempo,3,4,True,Remote/Difficult Terrain
P-000443,DEP-V2-0001476,4,2025-04-01,2025-04-03,2025-04-23,20,High Tempo,5,4,True,Remote/Difficult Terrain
P-000443,DEP-V2-0001477,5,2025-05-01,2025-05-04,2025-05-27,23,High Tempo,4,3,True,Semi-Urban Outpost
P-000443,DEP-V2-0001478,6,2025-06-01,2025-06-02,2025-06-26,24,High Tempo,4,3,True,Remote/Difficult Terrain
P-000443,DEP-V2-0001479,7,2025-07-01,2025-07-03,2025-07-23,20,High Tempo,4,3,True,Remote/Difficult Terrain
P-000443,DEP-V2-0001480,8,2025-08-01,2025-08-04,2025-08-23,19,High Tempo,4,3,True,Remote/Difficult Terrain
P-000445,DEP-V2-0001481,4,2025-04-01,2025-04-03,2025-04-23,20,Routine,1,2,False,Urban Base
P-000446,DEP-V2-0001482,4,2025-04-01,2025-04-02,2025-04-24,22,Routine,3,1,False,Urban Base
P-000447,DEP-V2-0001483,4,2025-04-01,2025-04-05,2025-04-28,23,Extended,5,5,True,Remote/Difficult Terrain
P-000447,DEP-V2-0001484,5,2025-05-01,2025-05-05,2025-05-24,19,Extended,5,4,True,High Altitude/Extreme
P-000447,DEP-V2-0001485,6,2025-06-01,2025-06-05,2025-06-28,23,Extended,5,4,True,High Altitude/Extreme
P-000447,DEP-V2-0001486,7,2025-07-01,2025-07-04,2025-07-27,23,High Tempo,5,5,True,Remote/Difficult Terrain
P-000447,DEP-V2-0001487,8,2025-08-01,2025-08-03,2025-08-23,20,High Tempo,5,4,True,Remote/Difficult Terrain
P-000447,DEP-V2-0001488,9,2025-09-01,2025-09-04,2025-09-23,19,High Tempo,5,4,True,Remote/Difficult Terrain
P-000447,DEP-V2-0001489,10,2025-10-01,2025-10-03,2025-10-25,22,Extended,5,5,True,Remote/Difficult Terrain
P-000447,DEP-V2-0001490,11,2025-11-01,2025-11-03,2025-11-27,24,High Tempo,4,4,True,High Altitude/Extreme
P-000448,DEP-V2-0001491,3,2025-03-01,2025-03-03,2025-03-26,23,Extended,4,4,True,Remote/Difficult Terrain
P-000448,DEP-V2-0001492,4,2025-04-01,2025-04-05,2025-04-27,22,Extended,4,4,True,Remote/Difficult Terrain
P-000448,DEP-V2-0001493,5,2025-05-01,2025-05-02,2025-05-28,26,Extended,3,4,True,Remote/Difficult Terrain
P-000448,DEP-V2-0001494,6,2025-06-01,2025-06-02,2025-06-24,22,Extended,3,4,True,High Altitude/Extreme
P-000448,DEP-V2-0001495,7,2025-07-01,2025-07-05,2025-07-26,21,Extended,4,4,True,High Altitude/Extreme
P-000448,DEP-V2-0001496,8,2025-08-01,2025-08-03,2025-08-28,25,Extended,4,4,True,High Altitude/Extreme
P-000448,DEP-V2-0001497,9,2025-09-01,2025-09-03,2025-09-25,22,Extended,3,5,True,Remote/Difficult Terrain
P-000449,DEP-V2-0001498,4,2025-04-01,2025-04-05,2025-04-24,19,High Tempo,5,3,True,Semi-Urban Outpost
P-000449,DEP-V2-0001499,5,2025-05-01,2025-05-05,2025-05-28,23,High Tempo,3,3,False,Remote/Difficult Terrain
P-000449,DEP-V2-0001500,6,2025-06-01,2025-06-03,2025-06-23,20,High Tempo,3,3,False,Remote/Difficult Terrain
P-000449,DEP-V2-0001501,7,2025-07-01,2025-07-04,2025-07-24,20,High Tempo,4,3,True,Remote/Difficult Terrain
P-000449,DEP-V2-0001502,8,2025-08-01,2025-08-04,2025-08-24,20,High Tempo,5,4,True,Semi-Urban Outpost
P-000450,DEP-V2-0001503,3,2025-03-01,2025-03-03,2025-03-25,22,Extended,4,4,True,High Altitude/Extreme
P-000450,DEP-V2-0001504,4,2025-04-01,2025-04-02,2025-04-27,25,Extended,5,5,True,Remote/Difficult Terrain
P-000450,DEP-V2-0001505,5,2025-05-01,2025-05-04,2025-05-28,24,Extended,4,4,True,High Altitude/Extreme
P-000450,DEP-V2-0001506,6,2025-06-01,2025-06-04,2025-06-25,21,Extended,4,5,True,High Altitude/Extreme
P-000450,DEP-V2-0001507,7,2025-07-01,2025-07-05,2025-07-26,21,Extended,3,4,True,High Altitude/Extreme
P-000450,DEP-V2-0001508,8,2025-08-01,2025-08-03,2025-08-28,25,Extended,5,5,True,High Altitude/Extreme
P-000450,DEP-V2-0001509,9,2025-09-01,2025-09-05,2025-09-23,18,Extended,4,5,True,High Altitude/Extreme
P-000451,DEP-V2-0001510,4,2025-04-01,2025-04-05,2025-04-24,19,High Tempo,3,3,False,Semi-Urban Outpost
P-000451,DEP-V2-0001511,5,2025-05-01,2025-05-03,2025-05-25,22,High Tempo,5,4,True,Remote/Difficult Terrain
P-000451,DEP-V2-0001512,6,2025-06-01,2025-06-04,2025-06-23,19,High Tempo,5,3,True,Semi-Urban Outpost
P-000451,DEP-V2-0001513,7,2025-07-01,2025-07-05,2025-07-28,23,High Tempo,4,4,True,Semi-Urban Outpost
P-000451,DEP-V2-0001514,8,2025-08-01,2025-08-02,2025-08-23,21,High Tempo,5,3,True,Remote/Difficult Terrain
P-000452,DEP-V2-0001515,4,2025-04-01,2025-04-04,2025-04-26,22,High Tempo,3,4,True,Semi-Urban Outpost
P-000452,DEP-V2-0001516,5,2025-05-01,2025-05-04,2025-05-27,23,High Tempo,4,3,True,Semi-Urban Outpost
P-000452,DEP-V2-0001517,6,2025-06-01,2025-06-03,2025-06-28,25,High Tempo,3,4,True,Remote/Difficult Terrain
P-000452,DEP-V2-0001518,7,2025-07-01,2025-07-04,2025-07-24,20,High Tempo,5,3,True,Semi-Urban Outpost
P-000452,DEP-V2-0001519,8,2025-08-01,2025-08-03,2025-08-25,22,High Tempo,3,3,False,Remote/Difficult Terrain
P-000453,DEP-V2-0001520,3,2025-03-01,2025-03-05,2025-03-24,19,Extended,4,4,True,High Altitude/Extreme
P-000453,DEP-V2-0001521,4,2025-04-01,2025-04-04,2025-04-27,23,Extended,4,4,True,Remote/Difficult Terrain
P-000453,DEP-V2-0001522,5,2025-05-01,2025-05-03,2025-05-25,22,Extended,4,5,True,Remote/Difficult Terrain
P-000453,DEP-V2-0001523,6,2025-06-01,2025-06-04,2025-06-24,20,Extended,5,4,True,High Altitude/Extreme
P-000453,DEP-V2-0001524,7,2025-07-01,2025-07-03,2025-07-24,21,Extended,4,5,True,High Altitude/Extreme
P-000453,DEP-V2-0001525,8,2025-08-01,2025-08-05,2025-08-23,18,Extended,4,4,True,Remote/Difficult Terrain
P-000453,DEP-V2-0001526,9,2025-09-01,2025-09-03,2025-09-24,21,Extended,4,5,True,High Altitude/Extreme
P-000455,DEP-V2-0001527,4,2025-04-01,2025-04-03,2025-04-26,23,High Tempo,4,4,True,Semi-Urban Outpost
P-000455,DEP-V2-0001528,5,2025-05-01,2025-05-02,2025-05-23,21,High Tempo,3,3,False,Semi-Urban Outpost
P-000455,DEP-V2-0001529,6,2025-06-01,2025-06-03,2025-06-26,23,High Tempo,4,3,True,Remote/Difficult Terrain
P-000455,DEP-V2-0001530,7,2025-07-01,2025-07-05,2025-07-25,20,High Tempo,3,4,True,Semi-Urban Outpost
P-000455,DEP-V2-0001531,8,2025-08-01,2025-08-03,2025-08-27,24,High Tempo,3,4,True,Remote/Difficult Terrain
P-000456,DEP-V2-0001532,4,2025-04-01,2025-04-03,2025-04-25,22,High Tempo,4,3,True,Remote/Difficult Terrain
P-000456,DEP-V2-0001533,5,2025-05-01,2025-05-03,2025-05-24,21,High Tempo,3,4,True,Remote/Difficult Terrain
P-000456,DEP-V2-0001534,6,2025-06-01,2025-06-04,2025-06-24,20,High Tempo,3,3,False,Semi-Urban Outpost
P-000456,DEP-V2-0001535,7,2025-07-01,2025-07-04,2025-07-23,19,High Tempo,3,3,False,Semi-Urban Outpost
P-000456,DEP-V2-0001536,8,2025-08-01,2025-08-03,2025-08-23,20,High Tempo,4,3,True,Remote/Difficult Terrain
P-000457,DEP-V2-0001537,3,2025-03-01,2025-03-02,2025-03-24,22,Extended,4,5,True,High Altitude/Extreme
P-000457,DEP-V2-0001538,4,2025-04-01,2025-04-03,2025-04-24,21,Extended,5,4,True,Remote/Difficult Terrain
P-000457,DEP-V2-0001539,5,2025-05-01,2025-05-04,2025-05-25,21,Extended,4,5,True,Remote/Difficult Terrain
P-000457,DEP-V2-0001540,6,2025-06-01,2025-06-03,2025-06-23,20,Extended,5,5,True,Remote/Difficult Terrain
P-000457,DEP-V2-0001541,7,2025-07-01,2025-07-03,2025-07-24,21,Extended,4,5,True,High Altitude/Extreme
P-000457,DEP-V2-0001542,8,2025-08-01,2025-08-04,2025-08-23,19,Extended,4,4,True,Remote/Difficult Terrain
P-000457,DEP-V2-0001543,9,2025-09-01,2025-09-02,2025-09-27,25,Extended,4,4,True,Remote/Difficult Terrain
P-000459,DEP-V2-0001544,3,2025-03-01,2025-03-04,2025-03-26,22,Extended,5,4,True,High Altitude/Extreme
P-000459,DEP-V2-0001545,4,2025-04-01,2025-04-04,2025-04-26,22,Extended,4,4,True,Remote/Difficult Terrain
P-000459,DEP-V2-0001546,5,2025-05-01,2025-05-05,2025-05-26,21,Extended,5,4,True,High Altitude/Extreme
P-000459,DEP-V2-0001547,6,2025-06-01,2025-06-02,2025-06-23,21,Extended,5,5,True,High Altitude/Extreme
P-000459,DEP-V2-0001548,7,2025-07-01,2025-07-03,2025-07-27,24,Extended,4,5,True,High Altitude/Extreme
P-000459,DEP-V2-0001549,8,2025-08-01,2025-08-05,2025-08-24,19,Extended,5,5,True,Remote/Difficult Terrain
P-000459,DEP-V2-0001550,9,2025-09-01,2025-09-03,2025-09-26,23,Extended,4,5,True,High Altitude/Extreme
P-000460,DEP-V2-0001551,2,2025-02-01,2025-02-02,2025-02-26,24,High Tempo,4,4,True,Remote/Difficult Terrain
P-000460,DEP-V2-0001552,3,2025-03-01,2025-03-05,2025-03-27,22,High Tempo,4,4,True,Remote/Difficult Terrain
P-000460,DEP-V2-0001553,4,2025-04-01,2025-04-05,2025-04-23,18,High Tempo,4,4,True,Remote/Difficult Terrain
P-000460,DEP-V2-0001554,5,2025-05-01,2025-05-03,2025-05-24,21,High Tempo,4,4,True,Remote/Difficult Terrain
P-000461,DEP-V2-0001555,4,2025-04-01,2025-04-04,2025-04-23,19,Extended,4,5,True,Remote/Difficult Terrain
P-000461,DEP-V2-0001556,5,2025-05-01,2025-05-02,2025-05-27,25,High Tempo,4,4,True,High Altitude/Extreme
P-000461,DEP-V2-0001557,6,2025-06-01,2025-06-04,2025-06-25,21,High Tempo,5,5,True,High Altitude/Extreme
P-000461,DEP-V2-0001558,7,2025-07-01,2025-07-04,2025-07-26,22,Extended,5,5,True,High Altitude/Extreme
P-000461,DEP-V2-0001559,8,2025-08-01,2025-08-05,2025-08-28,23,Extended,4,4,True,High Altitude/Extreme
P-000461,DEP-V2-0001560,9,2025-09-01,2025-09-04,2025-09-25,21,High Tempo,4,4,True,High Altitude/Extreme
P-000461,DEP-V2-0001561,10,2025-10-01,2025-10-04,2025-10-24,20,High Tempo,5,5,True,Remote/Difficult Terrain
P-000461,DEP-V2-0001562,11,2025-11-01,2025-11-04,2025-11-27,23,Extended,4,5,True,High Altitude/Extreme
P-000462,DEP-V2-0001563,2,2025-02-01,2025-02-05,2025-02-25,20,High Tempo,4,4,True,Remote/Difficult Terrain
P-000462,DEP-V2-0001564,3,2025-03-01,2025-03-04,2025-03-23,19,High Tempo,4,4,True,Remote/Difficult Terrain
P-000462,DEP-V2-0001565,4,2025-04-01,2025-04-03,2025-04-26,23,High Tempo,4,4,True,Remote/Difficult Terrain
P-000462,DEP-V2-0001566,5,2025-05-01,2025-05-02,2025-05-25,23,High Tempo,4,4,True,Remote/Difficult Terrain
P-000463,DEP-V2-0001567,4,2025-04-01,2025-04-05,2025-04-23,18,High Tempo,3,3,False,Remote/Difficult Terrain
P-000463,DEP-V2-0001568,5,2025-05-01,2025-05-03,2025-05-25,22,High Tempo,5,3,True,Semi-Urban Outpost
P-000463,DEP-V2-0001569,6,2025-06-01,2025-06-05,2025-06-27,22,High Tempo,4,4,True,Semi-Urban Outpost
P-000463,DEP-V2-0001570,7,2025-07-01,2025-07-03,2025-07-28,25,High Tempo,3,3,False,Semi-Urban Outpost
P-000463,DEP-V2-0001571,8,2025-08-01,2025-08-05,2025-08-27,22,High Tempo,4,3,True,Remote/Difficult Terrain
P-000464,DEP-V2-0001572,4,2025-04-01,2025-04-02,2025-04-25,23,Routine,2,1,False,Semi-Urban Outpost
P-000465,DEP-V2-0001573,4,2025-04-01,2025-04-05,2025-04-23,18,Routine,1,2,False,Urban Base
P-000466,DEP-V2-0001574,2,2025-02-01,2025-02-02,2025-02-28,26,High Tempo,4,4,True,Remote/Difficult Terrain
P-000466,DEP-V2-0001575,3,2025-03-01,2025-03-02,2025-03-28,26,High Tempo,4,4,True,Remote/Difficult Terrain
P-000466,DEP-V2-0001576,4,2025-04-01,2025-04-02,2025-04-23,21,High Tempo,4,4,True,Remote/Difficult Terrain
P-000466,DEP-V2-0001577,5,2025-05-01,2025-05-05,2025-05-25,20,High Tempo,4,4,True,Remote/Difficult Terrain
P-000467,DEP-V2-0001578,4,2025-04-01,2025-04-04,2025-04-23,19,Routine,2,1,False,Urban Base
P-000468,DEP-V2-0001579,4,2025-04-01,2025-04-04,2025-04-26,22,Routine,1,1,False,Urban Base
P-000469,DEP-V2-0001580,4,2025-04-01,2025-04-02,2025-04-23,21,Extended,5,5,True,Remote/Difficult Terrain
P-000469,DEP-V2-0001581,5,2025-05-01,2025-05-02,2025-05-28,26,High Tempo,5,5,True,Remote/Difficult Terrain
P-000469,DEP-V2-0001582,6,2025-06-01,2025-06-04,2025-06-25,21,Extended,4,5,True,High Altitude/Extreme
P-000469,DEP-V2-0001583,7,2025-07-01,2025-07-05,2025-07-24,19,High Tempo,5,4,True,Remote/Difficult Terrain
P-000469,DEP-V2-0001584,8,2025-08-01,2025-08-05,2025-08-24,19,Extended,5,4,True,High Altitude/Extreme
P-000469,DEP-V2-0001585,9,2025-09-01,2025-09-03,2025-09-26,23,High Tempo,5,5,True,Remote/Difficult Terrain
P-000469,DEP-V2-0001586,10,2025-10-01,2025-10-04,2025-10-28,24,Extended,4,5,True,Remote/Difficult Terrain
P-000469,DEP-V2-0001587,11,2025-11-01,2025-11-05,2025-11-24,19,Extended,5,5,True,Remote/Difficult Terrain
P-000470,DEP-V2-0001588,4,2025-04-01,2025-04-02,2025-04-23,21,Routine,2,1,False,Urban Base
P-000470,DEP-V2-0001589,5,2025-05-01,2025-05-02,2025-05-25,23,Routine,2,1,False,Urban Base
P-000471,DEP-V2-0001590,4,2025-04-01,2025-04-03,2025-04-23,20,High Tempo,4,3,True,Semi-Urban Outpost
P-000471,DEP-V2-0001591,5,2025-05-01,2025-05-03,2025-05-27,24,High Tempo,5,3,True,Semi-Urban Outpost
P-000471,DEP-V2-0001592,6,2025-06-01,2025-06-05,2025-06-27,22,High Tempo,3,3,False,Remote/Difficult Terrain
P-000471,DEP-V2-0001593,7,2025-07-01,2025-07-02,2025-07-27,25,High Tempo,4,4,True,Semi-Urban Outpost
P-000471,DEP-V2-0001594,8,2025-08-01,2025-08-02,2025-08-28,26,High Tempo,4,3,True,Semi-Urban Outpost
P-000472,DEP-V2-0001595,4,2025-04-01,2025-04-02,2025-04-24,22,High Tempo,4,4,True,Semi-Urban Outpost
P-000472,DEP-V2-0001596,5,2025-05-01,2025-05-03,2025-05-27,24,High Tempo,5,3,True,Remote/Difficult Terrain
P-000472,DEP-V2-0001597,6,2025-06-01,2025-06-02,2025-06-26,24,High Tempo,4,3,True,Remote/Difficult Terrain
P-000472,DEP-V2-0001598,7,2025-07-01,2025-07-04,2025-07-24,20,High Tempo,4,4,True,Remote/Difficult Terrain
P-000472,DEP-V2-0001599,8,2025-08-01,2025-08-05,2025-08-23,18,High Tempo,3,3,False,Semi-Urban Outpost
P-000473,DEP-V2-0001600,4,2025-04-01,2025-04-03,2025-04-28,25,Routine,1,2,False,Urban Base
P-000473,DEP-V2-0001601,5,2025-05-01,2025-05-04,2025-05-26,22,Routine,2,1,False,Semi-Urban Outpost
P-000475,DEP-V2-0001602,5,2025-05-01,2025-05-02,2025-05-26,24,Routine,1,2,False,Urban Base
P-000476,DEP-V2-0001603,4,2025-04-01,2025-04-03,2025-04-28,25,Extended,5,4,True,Remote/Difficult Terrain
P-000476,DEP-V2-0001604,5,2025-05-01,2025-05-02,2025-05-24,22,High Tempo,4,4,True,High Altitude/Extreme
P-000476,DEP-V2-0001605,6,2025-06-01,2025-06-05,2025-06-25,20,Extended,5,5,True,Remote/Difficult Terrain
P-000476,DEP-V2-0001606,7,2025-07-01,2025-07-03,2025-07-26,23,High Tempo,4,5,True,Remote/Difficult Terrain
P-000476,DEP-V2-0001607,8,2025-08-01,2025-08-05,2025-08-27,22,Extended,5,4,True,Remote/Difficult Terrain
P-000476,DEP-V2-0001608,9,2025-09-01,2025-09-03,2025-09-23,20,High Tempo,5,5,True,Remote/Difficult Terrain
P-000476,DEP-V2-0001609,10,2025-10-01,2025-10-05,2025-10-24,19,Extended,4,4,True,High Altitude/Extreme
P-000476,DEP-V2-0001610,11,2025-11-01,2025-11-02,2025-11-26,24,High Tempo,5,5,True,High Altitude/Extreme
P-000477,DEP-V2-0001611,4,2025-04-01,2025-04-05,2025-04-25,20,High Tempo,5,4,True,Semi-Urban Outpost
P-000477,DEP-V2-0001612,5,2025-05-01,2025-05-05,2025-05-24,19,High Tempo,4,3,True,Remote/Difficult Terrain
P-000477,DEP-V2-0001613,6,2025-06-01,2025-06-02,2025-06-23,21,High Tempo,5,4,True,Remote/Difficult Terrain
P-000477,DEP-V2-0001614,7,2025-07-01,2025-07-04,2025-07-28,24,High Tempo,4,3,True,Remote/Difficult Terrain
P-000477,DEP-V2-0001615,8,2025-08-01,2025-08-02,2025-08-25,23,High Tempo,5,3,True,Remote/Difficult Terrain
P-000478,DEP-V2-0001616,4,2025-04-01,2025-04-05,2025-04-27,22,Routine,1,1,False,Semi-Urban Outpost
P-000479,DEP-V2-0001617,5,2025-05-01,2025-05-03,2025-05-27,24,Routine,2,1,False,Semi-Urban Outpost
P-000480,DEP-V2-0001618,4,2025-04-01,2025-04-02,2025-04-27,25,High Tempo,5,5,True,Remote/Difficult Terrain
P-000480,DEP-V2-0001619,5,2025-05-01,2025-05-02,2025-05-25,23,High Tempo,5,4,True,Remote/Difficult Terrain
P-000480,DEP-V2-0001620,6,2025-06-01,2025-06-04,2025-06-24,20,Extended,5,5,True,Remote/Difficult Terrain
P-000480,DEP-V2-0001621,7,2025-07-01,2025-07-03,2025-07-28,25,High Tempo,4,5,True,Remote/Difficult Terrain
P-000480,DEP-V2-0001622,8,2025-08-01,2025-08-02,2025-08-25,23,Extended,4,4,True,Remote/Difficult Terrain
P-000480,DEP-V2-0001623,9,2025-09-01,2025-09-03,2025-09-24,21,Extended,4,5,True,Remote/Difficult Terrain
P-000480,DEP-V2-0001624,10,2025-10-01,2025-10-02,2025-10-23,21,Extended,4,5,True,Remote/Difficult Terrain
P-000480,DEP-V2-0001625,11,2025-11-01,2025-11-04,2025-11-27,23,Extended,5,5,True,Remote/Difficult Terrain
P-000481,DEP-V2-0001626,5,2025-05-01,2025-05-04,2025-05-27,23,Routine,2,2,False,Urban Base
P-000482,DEP-V2-0001627,4,2025-04-01,2025-04-05,2025-04-25,20,High Tempo,4,3,True,Semi-Urban Outpost
P-000482,DEP-V2-0001628,5,2025-05-01,2025-05-05,2025-05-25,20,High Tempo,4,3,True,Remote/Difficult Terrain
P-000482,DEP-V2-0001629,6,2025-06-01,2025-06-03,2025-06-26,23,High Tempo,5,4,True,Remote/Difficult Terrain
P-000482,DEP-V2-0001630,7,2025-07-01,2025-07-05,2025-07-26,21,High Tempo,3,3,False,Semi-Urban Outpost
P-000482,DEP-V2-0001631,8,2025-08-01,2025-08-04,2025-08-25,21,High Tempo,4,4,True,Remote/Difficult Terrain
P-000483,DEP-V2-0001632,4,2025-04-01,2025-04-04,2025-04-28,24,High Tempo,3,4,True,Remote/Difficult Terrain
P-000483,DEP-V2-0001633,5,2025-05-01,2025-05-04,2025-05-25,21,High Tempo,5,3,True,Semi-Urban Outpost
P-000483,DEP-V2-0001634,6,2025-06-01,2025-06-04,2025-06-27,23,High Tempo,5,4,True,Remote/Difficult Terrain
P-000483,DEP-V2-0001635,7,2025-07-01,2025-07-05,2025-07-23,18,High Tempo,3,4,True,Remote/Difficult Terrain
P-000483,DEP-V2-0001636,8,2025-08-01,2025-08-02,2025-08-24,22,High Tempo,4,4,True,Semi-Urban Outpost
P-000484,DEP-V2-0001637,4,2025-04-01,2025-04-05,2025-04-28,23,High Tempo,5,4,True,Semi-Urban Outpost
P-000484,DEP-V2-0001638,5,2025-05-01,2025-05-05,2025-05-25,20,High Tempo,3,3,False,Remote/Difficult Terrain
P-000484,DEP-V2-0001639,6,2025-06-01,2025-06-05,2025-06-26,21,High Tempo,3,4,True,Remote/Difficult Terrain
P-000484,DEP-V2-0001640,7,2025-07-01,2025-07-05,2025-07-27,22,High Tempo,4,3,True,Semi-Urban Outpost
P-000484,DEP-V2-0001641,8,2025-08-01,2025-08-04,2025-08-27,23,High Tempo,5,3,True,Remote/Difficult Terrain
P-000485,DEP-V2-0001642,4,2025-04-01,2025-04-03,2025-04-24,21,High Tempo,5,4,True,High Altitude/Extreme
P-000485,DEP-V2-0001643,5,2025-05-01,2025-05-03,2025-05-25,22,High Tempo,5,4,True,High Altitude/Extreme
P-000485,DEP-V2-0001644,6,2025-06-01,2025-06-02,2025-06-24,22,High Tempo,5,5,True,Remote/Difficult Terrain
P-000485,DEP-V2-0001645,7,2025-07-01,2025-07-02,2025-07-27,25,Extended,5,5,True,Remote/Difficult Terrain
P-000485,DEP-V2-0001646,8,2025-08-01,2025-08-05,2025-08-26,21,Extended,5,4,True,High Altitude/Extreme
P-000485,DEP-V2-0001647,9,2025-09-01,2025-09-04,2025-09-24,20,High Tempo,4,4,True,High Altitude/Extreme
P-000485,DEP-V2-0001648,10,2025-10-01,2025-10-02,2025-10-28,26,High Tempo,4,4,True,Remote/Difficult Terrain
P-000485,DEP-V2-0001649,11,2025-11-01,2025-11-03,2025-11-25,22,Extended,4,5,True,Remote/Difficult Terrain
P-000486,DEP-V2-0001650,4,2025-04-01,2025-04-03,2025-04-26,23,High Tempo,3,3,False,Remote/Difficult Terrain
P-000486,DEP-V2-0001651,5,2025-05-01,2025-05-02,2025-05-25,23,High Tempo,5,3,True,Remote/Difficult Terrain
P-000486,DEP-V2-0001652,6,2025-06-01,2025-06-04,2025-06-25,21,High Tempo,3,3,False,Semi-Urban Outpost
P-000486,DEP-V2-0001653,7,2025-07-01,2025-07-02,2025-07-27,25,High Tempo,3,3,False,Remote/Difficult Terrain
P-000486,DEP-V2-0001654,8,2025-08-01,2025-08-02,2025-08-26,24,High Tempo,5,3,True,Semi-Urban Outpost
P-000487,DEP-V2-0001655,4,2025-04-01,2025-04-02,2025-04-26,24,Routine,2,1,False,Urban Base
P-000487,DEP-V2-0001656,5,2025-05-01,2025-05-05,2025-05-24,19,Routine,2,1,False,Urban Base
P-000488,DEP-V2-0001657,5,2025-05-01,2025-05-02,2025-05-26,24,Routine,1,1,False,Urban Base
P-000489,DEP-V2-0001658,4,2025-04-01,2025-04-02,2025-04-28,26,High Tempo,5,5,True,Remote/Difficult Terrain
P-000489,DEP-V2-0001659,5,2025-05-01,2025-05-05,2025-05-25,20,Extended,4,5,True,Remote/Difficult Terrain
P-000489,DEP-V2-0001660,6,2025-06-01,2025-06-04,2025-06-27,23,High Tempo,4,4,True,Remote/Difficult Terrain
P-000489,DEP-V2-0001661,7,2025-07-01,2025-07-03,2025-07-23,20,Extended,5,5,True,Remote/Difficult Terrain
P-000489,DEP-V2-0001662,8,2025-08-01,2025-08-03,2025-08-27,24,High Tempo,5,5,True,High Altitude/Extreme
P-000489,DEP-V2-0001663,9,2025-09-01,2025-09-05,2025-09-28,23,High Tempo,4,4,True,Remote/Difficult Terrain
P-000489,DEP-V2-0001664,10,2025-10-01,2025-10-05,2025-10-23,18,High Tempo,4,5,True,Remote/Difficult Terrain
P-000489,DEP-V2-0001665,11,2025-11-01,2025-11-03,2025-11-23,20,Extended,5,4,True,High Altitude/Extreme
P-000490,DEP-V2-0001666,4,2025-04-01,2025-04-04,2025-04-23,19,Routine,2,1,False,Urban Base
P-000491,DEP-V2-0001667,4,2025-04-01,2025-04-03,2025-04-25,22,Routine,2,1,False,Urban Base
P-000491,DEP-V2-0001668,5,2025-05-01,2025-05-02,2025-05-27,25,Routine,2,2,False,Urban Base
P-000492,DEP-V2-0001669,4,2025-04-01,2025-04-02,2025-04-27,25,High Tempo,4,3,True,Remote/Difficult Terrain
P-000492,DEP-V2-0001670,5,2025-05-01,2025-05-02,2025-05-23,21,High Tempo,4,3,True,Remote/Difficult Terrain
P-000492,DEP-V2-0001671,6,2025-06-01,2025-06-03,2025-06-25,22,High Tempo,4,3,True,Semi-Urban Outpost
P-000492,DEP-V2-0001672,7,2025-07-01,2025-07-05,2025-07-24,19,High Tempo,3,3,False,Remote/Difficult Terrain
P-000492,DEP-V2-0001673,8,2025-08-01,2025-08-03,2025-08-27,24,High Tempo,4,3,True,Semi-Urban Outpost
P-000493,DEP-V2-0001674,3,2025-03-01,2025-03-05,2025-03-25,20,Extended,3,4,True,Remote/Difficult Terrain
P-000493,DEP-V2-0001675,4,2025-04-01,2025-04-04,2025-04-25,21,Extended,3,4,True,Remote/Difficult Terrain
P-000493,DEP-V2-0001676,5,2025-05-01,2025-05-05,2025-05-28,23,Extended,3,4,True,Remote/Difficult Terrain
P-000493,DEP-V2-0001677,6,2025-06-01,2025-06-03,2025-06-24,21,Extended,4,4,True,Remote/Difficult Terrain
P-000493,DEP-V2-0001678,7,2025-07-01,2025-07-05,2025-07-28,23,Extended,4,5,True,Remote/Difficult Terrain
P-000493,DEP-V2-0001679,8,2025-08-01,2025-08-03,2025-08-28,25,Extended,4,4,True,High Altitude/Extreme
P-000493,DEP-V2-0001680,9,2025-09-01,2025-09-04,2025-09-26,22,Extended,5,4,True,Remote/Difficult Terrain
P-000494,DEP-V2-0001681,4,2025-04-01,2025-04-03,2025-04-26,23,Routine,2,1,False,Urban Base
P-000495,DEP-V2-0001682,3,2025-03-01,2025-03-02,2025-03-25,23,Extended,4,4,True,High Altitude/Extreme
P-000495,DEP-V2-0001683,4,2025-04-01,2025-04-05,2025-04-27,22,Extended,4,5,True,High Altitude/Extreme
P-000495,DEP-V2-0001684,5,2025-05-01,2025-05-03,2025-05-23,20,Extended,5,5,True,High Altitude/Extreme
P-000495,DEP-V2-0001685,6,2025-06-01,2025-06-03,2025-06-25,22,Extended,4,4,True,Remote/Difficult Terrain
P-000495,DEP-V2-0001686,7,2025-07-01,2025-07-02,2025-07-27,25,Extended,4,4,True,Remote/Difficult Terrain
P-000495,DEP-V2-0001687,8,2025-08-01,2025-08-04,2025-08-23,19,Extended,5,5,True,Remote/Difficult Terrain
P-000495,DEP-V2-0001688,9,2025-09-01,2025-09-03,2025-09-26,23,Extended,4,4,True,Remote/Difficult Terrain
P-000496,DEP-V2-0001689,4,2025-04-01,2025-04-04,2025-04-23,19,Routine,1,1,False,Urban Base
P-000497,DEP-V2-0001690,4,2025-04-01,2025-04-02,2025-04-25,23,High Tempo,4,4,True,Remote/Difficult Terrain
P-000497,DEP-V2-0001691,5,2025-05-01,2025-05-02,2025-05-27,25,High Tempo,3,3,False,Remote/Difficult Terrain
P-000497,DEP-V2-0001692,6,2025-06-01,2025-06-02,2025-06-28,26,High Tempo,4,4,True,Remote/Difficult Terrain
P-000497,DEP-V2-0001693,7,2025-07-01,2025-07-02,2025-07-25,23,High Tempo,3,4,True,Remote/Difficult Terrain
P-000497,DEP-V2-0001694,8,2025-08-01,2025-08-05,2025-08-25,20,High Tempo,4,3,True,Remote/Difficult Terrain
P-000499,DEP-V2-0001695,4,2025-04-01,2025-04-03,2025-04-23,20,High Tempo,4,4,True,Semi-Urban Outpost
P-000499,DEP-V2-0001696,5,2025-05-01,2025-05-03,2025-05-24,21,High Tempo,4,4,True,Remote/Difficult Terrain
P-000499,DEP-V2-0001697,6,2025-06-01,2025-06-04,2025-06-24,20,High Tempo,3,3,False,Remote/Difficult Terrain
P-000499,DEP-V2-0001698,7,2025-07-01,2025-07-03,2025-07-27,24,High Tempo,4,4,True,Semi-Urban Outpost
P-000499,DEP-V2-0001699,8,2025-08-01,2025-08-04,2025-08-25,21,High Tempo,4,4,True,Semi-Urban Outpost
P-000501,DEP-V2-0001700,3,2025-03-01,2025-03-02,2025-03-27,25,Extended,4,5,True,Remote/Difficult Terrain
P-000501,DEP-V2-0001701,4,2025-04-01,2025-04-04,2025-04-27,23,Extended,4,5,True,High Altitude/Extreme
P-000501,DEP-V2-0001702,5,2025-05-01,2025-05-02,2025-05-23,21,Extended,4,4,True,High Altitude/Extreme
P-000501,DEP-V2-0001703,6,2025-06-01,2025-06-03,2025-06-28,25,Extended,4,5,True,High Altitude/Extreme
P-000501,DEP-V2-0001704,7,2025-07-01,2025-07-05,2025-07-27,22,Extended,3,4,True,Remote/Difficult Terrain
P-000501,DEP-V2-0001705,8,2025-08-01,2025-08-02,2025-08-27,25,Extended,4,4,True,Remote/Difficult Terrain
P-000501,DEP-V2-0001706,9,2025-09-01,2025-09-03,2025-09-23,20,Extended,3,5,True,Remote/Difficult Terrain
P-000502,DEP-V2-0001707,4,2025-04-01,2025-04-03,2025-04-23,20,Routine,2,1,False,Urban Base
P-000503,DEP-V2-0001708,3,2025-03-01,2025-03-03,2025-03-27,24,Extended,5,5,True,High Altitude/Extreme
P-000503,DEP-V2-0001709,4,2025-04-01,2025-04-03,2025-04-24,21,Extended,5,4,True,Remote/Difficult Terrain
P-000503,DEP-V2-0001710,5,2025-05-01,2025-05-03,2025-05-28,25,Extended,3,4,True,Remote/Difficult Terrain
P-000503,DEP-V2-0001711,6,2025-06-01,2025-06-05,2025-06-24,19,Extended,3,4,True,Remote/Difficult Terrain
P-000503,DEP-V2-0001712,7,2025-07-01,2025-07-04,2025-07-28,24,Extended,5,5,True,Remote/Difficult Terrain
P-000503,DEP-V2-0001713,8,2025-08-01,2025-08-02,2025-08-24,22,Extended,4,5,True,Remote/Difficult Terrain
P-000503,DEP-V2-0001714,9,2025-09-01,2025-09-03,2025-09-25,22,Extended,4,5,True,Remote/Difficult Terrain
P-000505,DEP-V2-0001715,4,2025-04-01,2025-04-04,2025-04-28,24,Routine,1,2,False,Urban Base
P-000506,DEP-V2-0001716,2,2025-02-01,2025-02-04,2025-02-26,22,High Tempo,4,4,True,Remote/Difficult Terrain
P-000506,DEP-V2-0001717,3,2025-03-01,2025-03-02,2025-03-23,21,High Tempo,4,4,True,Remote/Difficult Terrain
P-000506,DEP-V2-0001718,4,2025-04-01,2025-04-03,2025-04-24,21,High Tempo,4,4,True,Remote/Difficult Terrain
P-000506,DEP-V2-0001719,5,2025-05-01,2025-05-03,2025-05-28,25,High Tempo,4,4,True,Remote/Difficult Terrain
P-000507,DEP-V2-0001720,4,2025-04-01,2025-04-03,2025-04-27,24,Routine,2,1,False,Urban Base
P-000507,DEP-V2-0001721,5,2025-05-01,2025-05-05,2025-05-27,22,Routine,1,1,False,Urban Base
P-000508,DEP-V2-0001722,4,2025-04-01,2025-04-02,2025-04-28,26,High Tempo,3,3,False,Semi-Urban Outpost
P-000508,DEP-V2-0001723,5,2025-05-01,2025-05-05,2025-05-26,21,High Tempo,4,3,True,Semi-Urban Outpost
P-000508,DEP-V2-0001724,6,2025-06-01,2025-06-05,2025-06-23,18,High Tempo,5,3,True,Remote/Difficult Terrain
P-000508,DEP-V2-0001725,7,2025-07-01,2025-07-04,2025-07-27,23,High Tempo,4,3,True,Remote/Difficult Terrain
P-000508,DEP-V2-0001726,8,2025-08-01,2025-08-03,2025-08-26,23,High Tempo,4,4,True,Remote/Difficult Terrain
P-000509,DEP-V2-0001727,4,2025-04-01,2025-04-03,2025-04-24,21,Routine,2,2,False,Urban Base
P-000509,DEP-V2-0001728,5,2025-05-01,2025-05-02,2025-05-26,24,Routine,2,1,False,Urban Base
P-000510,DEP-V2-0001729,4,2025-04-01,2025-04-05,2025-04-27,22,Extended,4,4,True,High Altitude/Extreme
P-000510,DEP-V2-0001730,5,2025-05-01,2025-05-03,2025-05-24,21,High Tempo,5,5,True,High Altitude/Extreme
P-000510,DEP-V2-0001731,6,2025-06-01,2025-06-05,2025-06-27,22,High Tempo,5,4,True,High Altitude/Extreme
P-000510,DEP-V2-0001732,7,2025-07-01,2025-07-02,2025-07-25,23,Extended,4,4,True,High Altitude/Extreme
P-000510,DEP-V2-0001733,8,2025-08-01,2025-08-02,2025-08-24,22,High Tempo,4,4,True,Remote/Difficult Terrain
P-000510,DEP-V2-0001734,9,2025-09-01,2025-09-05,2025-09-27,22,High Tempo,4,5,True,Remote/Difficult Terrain
P-000510,DEP-V2-0001735,10,2025-10-01,2025-10-02,2025-10-23,21,Extended,5,5,True,High Altitude/Extreme
P-000510,DEP-V2-0001736,11,2025-11-01,2025-11-05,2025-11-23,18,Extended,5,4,True,Remote/Difficult Terrain
P-000511,DEP-V2-0001737,2,2025-02-01,2025-02-04,2025-02-26,22,High Tempo,4,4,True,Remote/Difficult Terrain
P-000511,DEP-V2-0001738,3,2025-03-01,2025-03-02,2025-03-28,26,High Tempo,4,4,True,Remote/Difficult Terrain
P-000511,DEP-V2-0001739,4,2025-04-01,2025-04-04,2025-04-23,19,High Tempo,4,4,True,Remote/Difficult Terrain
P-000511,DEP-V2-0001740,5,2025-05-01,2025-05-04,2025-05-25,21,High Tempo,4,4,True,Remote/Difficult Terrain
P-000512,DEP-V2-0001741,4,2025-04-01,2025-04-04,2025-04-25,21,Extended,5,5,True,Remote/Difficult Terrain
P-000512,DEP-V2-0001742,5,2025-05-01,2025-05-03,2025-05-26,23,Extended,5,5,True,High Altitude/Extreme
P-000512,DEP-V2-0001743,6,2025-06-01,2025-06-04,2025-06-28,24,High Tempo,5,4,True,Remote/Difficult Terrain
P-000512,DEP-V2-0001744,7,2025-07-01,2025-07-02,2025-07-23,21,High Tempo,5,4,True,Remote/Difficult Terrain
P-000512,DEP-V2-0001745,8,2025-08-01,2025-08-03,2025-08-23,20,High Tempo,5,5,True,High Altitude/Extreme
P-000512,DEP-V2-0001746,9,2025-09-01,2025-09-03,2025-09-25,22,High Tempo,4,5,True,Remote/Difficult Terrain
P-000512,DEP-V2-0001747,10,2025-10-01,2025-10-04,2025-10-25,21,Extended,4,5,True,High Altitude/Extreme
P-000512,DEP-V2-0001748,11,2025-11-01,2025-11-05,2025-11-27,22,High Tempo,5,4,True,High Altitude/Extreme
P-000513,DEP-V2-0001749,6,2025-06-01,2025-06-04,2025-06-24,20,High Tempo,4,3,True,Semi-Urban Outpost
P-000513,DEP-V2-0001750,7,2025-07-01,2025-07-02,2025-07-27,25,High Tempo,4,3,True,Semi-Urban Outpost
P-000514,DEP-V2-0001751,4,2025-04-01,2025-04-05,2025-04-27,22,Extended,4,5,True,High Altitude/Extreme
P-000514,DEP-V2-0001752,5,2025-05-01,2025-05-05,2025-05-24,19,High Tempo,5,5,True,High Altitude/Extreme
P-000514,DEP-V2-0001753,6,2025-06-01,2025-06-03,2025-06-27,24,High Tempo,5,4,True,High Altitude/Extreme
P-000514,DEP-V2-0001754,7,2025-07-01,2025-07-02,2025-07-27,25,Extended,4,5,True,Remote/Difficult Terrain
P-000514,DEP-V2-0001755,8,2025-08-01,2025-08-03,2025-08-26,23,Extended,4,4,True,High Altitude/Extreme
P-000514,DEP-V2-0001756,9,2025-09-01,2025-09-04,2025-09-28,24,High Tempo,5,4,True,Remote/Difficult Terrain
P-000514,DEP-V2-0001757,10,2025-10-01,2025-10-04,2025-10-26,22,High Tempo,5,5,True,Remote/Difficult Terrain
P-000514,DEP-V2-0001758,11,2025-11-01,2025-11-02,2025-11-28,26,High Tempo,5,4,True,Remote/Difficult Terrain
P-000515,DEP-V2-0001759,5,2025-05-01,2025-05-02,2025-05-27,25,Routine,1,1,False,Urban Base
P-000517,DEP-V2-0001760,4,2025-04-01,2025-04-05,2025-04-28,23,High Tempo,4,4,True,Remote/Difficult Terrain
P-000517,DEP-V2-0001761,5,2025-05-01,2025-05-03,2025-05-24,21,High Tempo,4,3,True,Remote/Difficult Terrain
P-000517,DEP-V2-0001762,6,2025-06-01,2025-06-04,2025-06-28,24,High Tempo,5,4,True,Remote/Difficult Terrain
P-000517,DEP-V2-0001763,7,2025-07-01,2025-07-05,2025-07-24,19,High Tempo,4,4,True,Remote/Difficult Terrain
P-000517,DEP-V2-0001764,8,2025-08-01,2025-08-04,2025-08-23,19,High Tempo,4,4,True,Remote/Difficult Terrain
P-000518,DEP-V2-0001765,4,2025-04-01,2025-04-04,2025-04-28,24,High Tempo,3,4,True,Remote/Difficult Terrain
P-000518,DEP-V2-0001766,5,2025-05-01,2025-05-04,2025-05-24,20,High Tempo,4,3,True,Semi-Urban Outpost
P-000518,DEP-V2-0001767,6,2025-06-01,2025-06-05,2025-06-26,21,High Tempo,3,4,True,Semi-Urban Outpost
P-000518,DEP-V2-0001768,7,2025-07-01,2025-07-05,2025-07-27,22,High Tempo,4,3,True,Semi-Urban Outpost
P-000518,DEP-V2-0001769,8,2025-08-01,2025-08-02,2025-08-25,23,High Tempo,3,4,True,Remote/Difficult Terrain
P-000520,DEP-V2-0001770,6,2025-06-01,2025-06-04,2025-06-24,20,High Tempo,4,3,True,Semi-Urban Outpost
P-000520,DEP-V2-0001771,7,2025-07-01,2025-07-02,2025-07-25,23,High Tempo,4,3,True,Semi-Urban Outpost
P-000521,DEP-V2-0001772,4,2025-04-01,2025-04-04,2025-04-26,22,Extended,5,5,True,High Altitude/Extreme
P-000521,DEP-V2-0001773,5,2025-05-01,2025-05-04,2025-05-27,23,Extended,4,4,True,Remote/Difficult Terrain
P-000521,DEP-V2-0001774,6,2025-06-01,2025-06-04,2025-06-27,23,Extended,5,5,True,High Altitude/Extreme
P-000521,DEP-V2-0001775,7,2025-07-01,2025-07-02,2025-07-23,21,Extended,5,5,True,Remote/Difficult Terrain
P-000521,DEP-V2-0001776,8,2025-08-01,2025-08-03,2025-08-24,21,High Tempo,5,5,True,Remote/Difficult Terrain
P-000521,DEP-V2-0001777,9,2025-09-01,2025-09-04,2025-09-25,21,Extended,4,5,True,Remote/Difficult Terrain
P-000521,DEP-V2-0001778,10,2025-10-01,2025-10-04,2025-10-26,22,Extended,5,5,True,High Altitude/Extreme
P-000521,DEP-V2-0001779,11,2025-11-01,2025-11-05,2025-11-26,21,High Tempo,5,5,True,High Altitude/Extreme
P-000522,DEP-V2-0001780,4,2025-04-01,2025-04-03,2025-04-26,23,Routine,2,1,False,Urban Base
P-000523,DEP-V2-0001781,4,2025-04-01,2025-04-05,2025-04-25,20,High Tempo,5,5,True,Remote/Difficult Terrain
P-000523,DEP-V2-0001782,5,2025-05-01,2025-05-04,2025-05-23,19,High Tempo,4,5,True,High Altitude/Extreme
P-000523,DEP-V2-0001783,6,2025-06-01,2025-06-03,2025-06-23,20,High Tempo,4,5,True,Remote/Difficult Terrain
P-000523,DEP-V2-0001784,7,2025-07-01,2025-07-02,2025-07-23,21,Extended,4,4,True,High Altitude/Extreme
P-000523,DEP-V2-0001785,8,2025-08-01,2025-08-02,2025-08-28,26,Extended,4,4,True,Remote/Difficult Terrain
P-000523,DEP-V2-0001786,9,2025-09-01,2025-09-05,2025-09-26,21,Extended,5,5,True,Remote/Difficult Terrain
P-000523,DEP-V2-0001787,10,2025-10-01,2025-10-04,2025-10-27,23,Extended,4,5,True,High Altitude/Extreme
P-000523,DEP-V2-0001788,11,2025-11-01,2025-11-05,2025-11-27,22,High Tempo,5,4,True,Remote/Difficult Terrain
P-000525,DEP-V2-0001789,4,2025-04-01,2025-04-02,2025-04-25,23,Routine,1,1,False,Semi-Urban Outpost
P-000527,DEP-V2-0001790,4,2025-04-01,2025-04-02,2025-04-27,25,High Tempo,5,5,True,High Altitude/Extreme
P-000527,DEP-V2-0001791,5,2025-05-01,2025-05-02,2025-05-28,26,Extended,5,5,True,High Altitude/Extreme
P-000527,DEP-V2-0001792,6,2025-06-01,2025-06-03,2025-06-26,23,Extended,5,5,True,High Altitude/Extreme
P-000527,DEP-V2-0001793,7,2025-07-01,2025-07-05,2025-07-23,18,Extended,4,5,True,High Altitude/Extreme
P-000527,DEP-V2-0001794,8,2025-08-01,2025-08-03,2025-08-25,22,High Tempo,5,5,True,Remote/Difficult Terrain
P-000527,DEP-V2-0001795,9,2025-09-01,2025-09-03,2025-09-25,22,High Tempo,4,5,True,Remote/Difficult Terrain
P-000527,DEP-V2-0001796,10,2025-10-01,2025-10-05,2025-10-25,20,Extended,4,4,True,High Altitude/Extreme
P-000527,DEP-V2-0001797,11,2025-11-01,2025-11-04,2025-11-27,23,Extended,5,4,True,High Altitude/Extreme
P-000528,DEP-V2-0001798,3,2025-03-01,2025-03-03,2025-03-28,25,Extended,5,5,True,High Altitude/Extreme
P-000528,DEP-V2-0001799,4,2025-04-01,2025-04-02,2025-04-27,25,Extended,4,4,True,High Altitude/Extreme
P-000528,DEP-V2-0001800,5,2025-05-01,2025-05-03,2025-05-28,25,Extended,4,4,True,Remote/Difficult Terrain
P-000528,DEP-V2-0001801,6,2025-06-01,2025-06-03,2025-06-24,21,Extended,5,4,True,High Altitude/Extreme
P-000528,DEP-V2-0001802,7,2025-07-01,2025-07-02,2025-07-24,22,Extended,4,4,True,Remote/Difficult Terrain
P-000528,DEP-V2-0001803,8,2025-08-01,2025-08-04,2025-08-26,22,Extended,3,4,True,High Altitude/Extreme
P-000528,DEP-V2-0001804,9,2025-09-01,2025-09-02,2025-09-26,24,Extended,4,5,True,Remote/Difficult Terrain
P-000529,DEP-V2-0001805,4,2025-04-01,2025-04-04,2025-04-26,22,High Tempo,5,4,True,High Altitude/Extreme
P-000529,DEP-V2-0001806,5,2025-05-01,2025-05-03,2025-05-23,20,Extended,4,5,True,Remote/Difficult Terrain
P-000529,DEP-V2-0001807,6,2025-06-01,2025-06-02,2025-06-27,25,High Tempo,5,4,True,High Altitude/Extreme
P-000529,DEP-V2-0001808,7,2025-07-01,2025-07-04,2025-07-24,20,Extended,4,5,True,Remote/Difficult Terrain
P-000529,DEP-V2-0001809,8,2025-08-01,2025-08-03,2025-08-23,20,High Tempo,4,5,True,High Altitude/Extreme
P-000529,DEP-V2-0001810,9,2025-09-01,2025-09-04,2025-09-27,23,High Tempo,4,4,True,Remote/Difficult Terrain
P-000529,DEP-V2-0001811,10,2025-10-01,2025-10-05,2025-10-25,20,High Tempo,4,4,True,Remote/Difficult Terrain
P-000529,DEP-V2-0001812,11,2025-11-01,2025-11-02,2025-11-25,23,High Tempo,4,5,True,High Altitude/Extreme
P-000531,DEP-V2-0001813,4,2025-04-01,2025-04-04,2025-04-28,24,High Tempo,4,4,True,Semi-Urban Outpost
P-000531,DEP-V2-0001814,5,2025-05-01,2025-05-02,2025-05-23,21,High Tempo,5,4,True,Remote/Difficult Terrain
P-000531,DEP-V2-0001815,6,2025-06-01,2025-06-05,2025-06-27,22,High Tempo,4,3,True,Semi-Urban Outpost
P-000531,DEP-V2-0001816,7,2025-07-01,2025-07-05,2025-07-27,22,High Tempo,3,3,False,Remote/Difficult Terrain
P-000531,DEP-V2-0001817,8,2025-08-01,2025-08-04,2025-08-28,24,High Tempo,4,3,True,Semi-Urban Outpost
P-000532,DEP-V2-0001818,4,2025-04-01,2025-04-03,2025-04-26,23,High Tempo,3,4,True,Semi-Urban Outpost
P-000532,DEP-V2-0001819,5,2025-05-01,2025-05-03,2025-05-28,25,High Tempo,4,4,True,Remote/Difficult Terrain
P-000532,DEP-V2-0001820,6,2025-06-01,2025-06-04,2025-06-26,22,High Tempo,4,4,True,Semi-Urban Outpost
P-000532,DEP-V2-0001821,7,2025-07-01,2025-07-03,2025-07-27,24,High Tempo,3,3,False,Semi-Urban Outpost
P-000532,DEP-V2-0001822,8,2025-08-01,2025-08-02,2025-08-27,25,High Tempo,5,4,True,Semi-Urban Outpost
P-000534,DEP-V2-0001823,6,2025-06-01,2025-06-03,2025-06-24,21,High Tempo,4,3,True,Semi-Urban Outpost
P-000534,DEP-V2-0001824,7,2025-07-01,2025-07-02,2025-07-24,22,High Tempo,4,3,True,Semi-Urban Outpost
P-000535,DEP-V2-0001825,3,2025-03-01,2025-03-04,2025-03-24,20,Extended,4,4,True,High Altitude/Extreme
P-000535,DEP-V2-0001826,4,2025-04-01,2025-04-03,2025-04-27,24,Extended,4,5,True,High Altitude/Extreme
P-000535,DEP-V2-0001827,5,2025-05-01,2025-05-04,2025-05-23,19,Extended,4,4,True,Remote/Difficult Terrain
P-000535,DEP-V2-0001828,6,2025-06-01,2025-06-02,2025-06-27,25,Extended,3,4,True,High Altitude/Extreme
P-000535,DEP-V2-0001829,7,2025-07-01,2025-07-03,2025-07-25,22,Extended,4,4,True,Remote/Difficult Terrain
P-000535,DEP-V2-0001830,8,2025-08-01,2025-08-04,2025-08-24,20,Extended,3,5,True,High Altitude/Extreme
P-000535,DEP-V2-0001831,9,2025-09-01,2025-09-05,2025-09-24,19,Extended,4,4,True,Remote/Difficult Terrain
P-000537,DEP-V2-0001832,3,2025-03-01,2025-03-04,2025-03-25,21,Extended,3,4,True,High Altitude/Extreme
P-000537,DEP-V2-0001833,4,2025-04-01,2025-04-03,2025-04-28,25,Extended,5,4,True,Remote/Difficult Terrain
P-000537,DEP-V2-0001834,5,2025-05-01,2025-05-04,2025-05-26,22,Extended,4,5,True,Remote/Difficult Terrain
P-000537,DEP-V2-0001835,6,2025-06-01,2025-06-04,2025-06-23,19,Extended,4,4,True,Remote/Difficult Terrain
P-000537,DEP-V2-0001836,7,2025-07-01,2025-07-04,2025-07-25,21,Extended,5,5,True,High Altitude/Extreme
P-000537,DEP-V2-0001837,8,2025-08-01,2025-08-03,2025-08-28,25,Extended,5,5,True,High Altitude/Extreme
P-000537,DEP-V2-0001838,9,2025-09-01,2025-09-04,2025-09-28,24,Extended,3,4,True,Remote/Difficult Terrain
P-000538,DEP-V2-0001839,4,2025-04-01,2025-04-04,2025-04-27,23,Routine,2,1,False,Urban Base
P-000538,DEP-V2-0001840,5,2025-05-01,2025-05-04,2025-05-23,19,Routine,2,1,False,Semi-Urban Outpost
P-000539,DEP-V2-0001841,2,2025-02-01,2025-02-05,2025-02-24,19,High Tempo,4,4,True,Remote/Difficult Terrain
P-000539,DEP-V2-0001842,3,2025-03-01,2025-03-05,2025-03-25,20,High Tempo,4,4,True,Remote/Difficult Terrain
P-000539,DEP-V2-0001843,4,2025-04-01,2025-04-02,2025-04-25,23,High Tempo,4,4,True,Remote/Difficult Terrain
P-000539,DEP-V2-0001844,5,2025-05-01,2025-05-04,2025-05-26,22,High Tempo,4,4,True,Remote/Difficult Terrain
P-000540,DEP-V2-0001845,5,2025-05-01,2025-05-03,2025-05-26,23,Routine,1,1,False,Urban Base
P-000541,DEP-V2-0001846,2,2025-02-01,2025-02-05,2025-02-24,19,High Tempo,4,4,True,Remote/Difficult Terrain
P-000541,DEP-V2-0001847,3,2025-03-01,2025-03-05,2025-03-23,18,High Tempo,4,4,True,Remote/Difficult Terrain
P-000541,DEP-V2-0001848,4,2025-04-01,2025-04-04,2025-04-24,20,High Tempo,4,4,True,Remote/Difficult Terrain
P-000541,DEP-V2-0001849,5,2025-05-01,2025-05-04,2025-05-25,21,High Tempo,4,4,True,Remote/Difficult Terrain
P-000542,DEP-V2-0001850,2,2025-02-01,2025-02-04,2025-02-27,23,High Tempo,4,4,True,Remote/Difficult Terrain
P-000542,DEP-V2-0001851,3,2025-03-01,2025-03-04,2025-03-25,21,High Tempo,4,4,True,Remote/Difficult Terrain
P-000542,DEP-V2-0001852,4,2025-04-01,2025-04-02,2025-04-28,26,High Tempo,4,4,True,Remote/Difficult Terrain
P-000542,DEP-V2-0001853,5,2025-05-01,2025-05-03,2025-05-23,20,High Tempo,4,4,True,Remote/Difficult Terrain
P-000543,DEP-V2-0001854,4,2025-04-01,2025-04-02,2025-04-27,25,Routine,2,1,False,Urban Base
P-000544,DEP-V2-0001855,4,2025-04-01,2025-04-05,2025-04-23,18,Routine,1,1,False,Urban Base
P-000545,DEP-V2-0001856,2,2025-02-01,2025-02-04,2025-02-27,23,High Tempo,4,4,True,Remote/Difficult Terrain
P-000545,DEP-V2-0001857,3,2025-03-01,2025-03-03,2025-03-25,22,High Tempo,4,4,True,Remote/Difficult Terrain
P-000545,DEP-V2-0001858,4,2025-04-01,2025-04-03,2025-04-24,21,High Tempo,4,4,True,Remote/Difficult Terrain
P-000545,DEP-V2-0001859,5,2025-05-01,2025-05-05,2025-05-24,19,High Tempo,4,4,True,Remote/Difficult Terrain
P-000547,DEP-V2-0001860,4,2025-04-01,2025-04-05,2025-04-23,18,Extended,4,5,True,Remote/Difficult Terrain
P-000547,DEP-V2-0001861,5,2025-05-01,2025-05-05,2025-05-27,22,Extended,5,5,True,High Altitude/Extreme
P-000547,DEP-V2-0001862,6,2025-06-01,2025-06-02,2025-06-23,21,High Tempo,5,5,True,Remote/Difficult Terrain
P-000547,DEP-V2-0001863,7,2025-07-01,2025-07-03,2025-07-25,22,High Tempo,5,4,True,Remote/Difficult Terrain
P-000547,DEP-V2-0001864,8,2025-08-01,2025-08-03,2025-08-26,23,High Tempo,4,4,True,High Altitude/Extreme
P-000547,DEP-V2-0001865,9,2025-09-01,2025-09-05,2025-09-28,23,Extended,4,4,True,High Altitude/Extreme
P-000547,DEP-V2-0001866,10,2025-10-01,2025-10-04,2025-10-26,22,High Tempo,5,5,True,High Altitude/Extreme
P-000547,DEP-V2-0001867,11,2025-11-01,2025-11-04,2025-11-26,22,Extended,4,4,True,Remote/Difficult Terrain
P-000548,DEP-V2-0001868,4,2025-04-01,2025-04-03,2025-04-26,23,Routine,2,1,False,Urban Base
P-000549,DEP-V2-0001869,4,2025-04-01,2025-04-04,2025-04-25,21,Routine,2,2,False,Semi-Urban Outpost
P-000550,DEP-V2-0001870,4,2025-04-01,2025-04-05,2025-04-27,22,Routine,2,1,False,Urban Base
P-000551,DEP-V2-0001871,4,2025-04-01,2025-04-03,2025-04-28,25,Routine,1,1,False,Urban Base
P-000551,DEP-V2-0001872,5,2025-05-01,2025-05-05,2025-05-23,18,Routine,1,1,False,Urban Base
P-000552,DEP-V2-0001873,4,2025-04-01,2025-04-04,2025-04-27,23,Routine,2,2,False,Urban Base
P-000552,DEP-V2-0001874,5,2025-05-01,2025-05-03,2025-05-28,25,Routine,2,1,False,Urban Base
P-000553,DEP-V2-0001875,4,2025-04-01,2025-04-05,2025-04-25,20,High Tempo,3,3,False,Semi-Urban Outpost
P-000553,DEP-V2-0001876,5,2025-05-01,2025-05-05,2025-05-25,20,High Tempo,3,4,True,Semi-Urban Outpost
P-000553,DEP-V2-0001877,6,2025-06-01,2025-06-02,2025-06-25,23,High Tempo,4,3,True,Semi-Urban Outpost
P-000553,DEP-V2-0001878,7,2025-07-01,2025-07-04,2025-07-27,23,High Tempo,5,4,True,Semi-Urban Outpost
P-000553,DEP-V2-0001879,8,2025-08-01,2025-08-04,2025-08-26,22,High Tempo,4,3,True,Semi-Urban Outpost
P-000554,DEP-V2-0001880,4,2025-04-01,2025-04-04,2025-04-24,20,High Tempo,5,4,True,Remote/Difficult Terrain
P-000554,DEP-V2-0001881,5,2025-05-01,2025-05-02,2025-05-23,21,Extended,5,5,True,High Altitude/Extreme
P-000554,DEP-V2-0001882,6,2025-06-01,2025-06-03,2025-06-25,22,High Tempo,5,5,True,High Altitude/Extreme
P-000554,DEP-V2-0001883,7,2025-07-01,2025-07-04,2025-07-26,22,Extended,4,5,True,High Altitude/Extreme
P-000554,DEP-V2-0001884,8,2025-08-01,2025-08-02,2025-08-25,23,High Tempo,4,5,True,Remote/Difficult Terrain
P-000554,DEP-V2-0001885,9,2025-09-01,2025-09-05,2025-09-28,23,High Tempo,5,4,True,High Altitude/Extreme
P-000554,DEP-V2-0001886,10,2025-10-01,2025-10-02,2025-10-28,26,High Tempo,4,5,True,Remote/Difficult Terrain
P-000554,DEP-V2-0001887,11,2025-11-01,2025-11-02,2025-11-26,24,Extended,5,5,True,Remote/Difficult Terrain
P-000555,DEP-V2-0001888,4,2025-04-01,2025-04-05,2025-04-28,23,Routine,2,1,False,Urban Base
P-000557,DEP-V2-0001889,6,2025-06-01,2025-06-03,2025-06-26,23,High Tempo,4,3,True,Semi-Urban Outpost
P-000557,DEP-V2-0001890,7,2025-07-01,2025-07-04,2025-07-26,22,High Tempo,4,3,True,Semi-Urban Outpost
P-000558,DEP-V2-0001891,5,2025-05-01,2025-05-02,2025-05-26,24,Routine,1,1,False,Urban Base
P-000559,DEP-V2-0001892,5,2025-05-01,2025-05-03,2025-05-28,25,Routine,2,1,False,Urban Base
P-000560,DEP-V2-0001893,6,2025-06-01,2025-06-03,2025-06-27,24,High Tempo,4,3,True,Semi-Urban Outpost
P-000560,DEP-V2-0001894,7,2025-07-01,2025-07-05,2025-07-27,22,High Tempo,4,3,True,Semi-Urban Outpost
P-000561,DEP-V2-0001895,4,2025-04-01,2025-04-03,2025-04-26,23,High Tempo,5,4,True,High Altitude/Extreme
P-000561,DEP-V2-0001896,5,2025-05-01,2025-05-04,2025-05-24,20,High Tempo,4,5,True,Remote/Difficult Terrain
P-000561,DEP-V2-0001897,6,2025-06-01,2025-06-04,2025-06-26,22,Extended,4,5,True,High Altitude/Extreme
P-000561,DEP-V2-0001898,7,2025-07-01,2025-07-02,2025-07-23,21,Extended,5,4,True,Remote/Difficult Terrain
P-000561,DEP-V2-0001899,8,2025-08-01,2025-08-05,2025-08-27,22,High Tempo,5,5,True,High Altitude/Extreme
P-000561,DEP-V2-0001900,9,2025-09-01,2025-09-05,2025-09-28,23,Extended,4,4,True,High Altitude/Extreme
P-000561,DEP-V2-0001901,10,2025-10-01,2025-10-02,2025-10-24,22,Extended,4,4,True,Remote/Difficult Terrain
P-000561,DEP-V2-0001902,11,2025-11-01,2025-11-04,2025-11-24,20,High Tempo,4,5,True,Remote/Difficult Terrain
P-000562,DEP-V2-0001903,3,2025-03-01,2025-03-02,2025-03-28,26,Extended,4,4,True,High Altitude/Extreme
P-000562,DEP-V2-0001904,4,2025-04-01,2025-04-03,2025-04-24,21,Extended,5,5,True,Remote/Difficult Terrain
P-000562,DEP-V2-0001905,5,2025-05-01,2025-05-02,2025-05-27,25,Extended,5,5,True,High Altitude/Extreme
P-000562,DEP-V2-0001906,6,2025-06-01,2025-06-03,2025-06-25,22,Extended,4,5,True,Remote/Difficult Terrain
P-000562,DEP-V2-0001907,7,2025-07-01,2025-07-03,2025-07-28,25,Extended,4,5,True,High Altitude/Extreme
P-000562,DEP-V2-0001908,8,2025-08-01,2025-08-05,2025-08-26,21,Extended,4,5,True,High Altitude/Extreme
P-000562,DEP-V2-0001909,9,2025-09-01,2025-09-03,2025-09-27,24,Extended,4,4,True,Remote/Difficult Terrain
P-000563,DEP-V2-0001910,4,2025-04-01,2025-04-04,2025-04-23,19,Extended,5,5,True,Remote/Difficult Terrain
P-000563,DEP-V2-0001911,5,2025-05-01,2025-05-05,2025-05-28,23,High Tempo,5,5,True,High Altitude/Extreme
P-000563,DEP-V2-0001912,6,2025-06-01,2025-06-03,2025-06-28,25,Extended,4,5,True,High Altitude/Extreme
P-000563,DEP-V2-0001913,7,2025-07-01,2025-07-04,2025-07-23,19,High Tempo,5,5,True,Remote/Difficult Terrain
P-000563,DEP-V2-0001914,8,2025-08-01,2025-08-02,2025-08-23,21,Extended,5,4,True,Remote/Difficult Terrain
P-000563,DEP-V2-0001915,9,2025-09-01,2025-09-02,2025-09-26,24,High Tempo,5,4,True,High Altitude/Extreme
P-000563,DEP-V2-0001916,10,2025-10-01,2025-10-04,2025-10-24,20,High Tempo,5,5,True,High Altitude/Extreme
P-000563,DEP-V2-0001917,11,2025-11-01,2025-11-03,2025-11-27,24,Extended,5,4,True,Remote/Difficult Terrain
P-000564,DEP-V2-0001918,4,2025-04-01,2025-04-02,2025-04-28,26,Extended,4,5,True,High Altitude/Extreme
P-000564,DEP-V2-0001919,5,2025-05-01,2025-05-04,2025-05-24,20,Extended,5,5,True,High Altitude/Extreme
P-000564,DEP-V2-0001920,6,2025-06-01,2025-06-03,2025-06-27,24,Extended,5,4,True,High Altitude/Extreme
P-000564,DEP-V2-0001921,7,2025-07-01,2025-07-03,2025-07-23,20,High Tempo,5,5,True,High Altitude/Extreme
P-000564,DEP-V2-0001922,8,2025-08-01,2025-08-02,2025-08-26,24,Extended,5,4,True,High Altitude/Extreme
P-000564,DEP-V2-0001923,9,2025-09-01,2025-09-05,2025-09-27,22,Extended,5,5,True,Remote/Difficult Terrain
P-000564,DEP-V2-0001924,10,2025-10-01,2025-10-02,2025-10-25,23,Extended,5,5,True,Remote/Difficult Terrain
P-000564,DEP-V2-0001925,11,2025-11-01,2025-11-02,2025-11-25,23,High Tempo,5,5,True,Remote/Difficult Terrain
P-000565,DEP-V2-0001926,3,2025-03-01,2025-03-02,2025-03-28,26,Extended,4,4,True,Remote/Difficult Terrain
P-000565,DEP-V2-0001927,4,2025-04-01,2025-04-02,2025-04-28,26,Extended,3,4,True,High Altitude/Extreme
P-000565,DEP-V2-0001928,5,2025-05-01,2025-05-02,2025-05-25,23,Extended,3,4,True,Remote/Difficult Terrain
P-000565,DEP-V2-0001929,6,2025-06-01,2025-06-03,2025-06-26,23,Extended,4,4,True,High Altitude/Extreme
P-000565,DEP-V2-0001930,7,2025-07-01,2025-07-03,2025-07-25,22,Extended,5,5,True,Remote/Difficult Terrain
P-000565,DEP-V2-0001931,8,2025-08-01,2025-08-02,2025-08-23,21,Extended,4,4,True,High Altitude/Extreme
P-000565,DEP-V2-0001932,9,2025-09-01,2025-09-05,2025-09-25,20,Extended,4,4,True,High Altitude/Extreme
P-000566,DEP-V2-0001933,4,2025-04-01,2025-04-03,2025-04-25,22,Routine,1,1,False,Urban Base
P-000567,DEP-V2-0001934,4,2025-04-01,2025-04-02,2025-04-25,23,High Tempo,5,4,True,Semi-Urban Outpost
P-000567,DEP-V2-0001935,5,2025-05-01,2025-05-05,2025-05-28,23,High Tempo,4,4,True,Semi-Urban Outpost
P-000567,DEP-V2-0001936,6,2025-06-01,2025-06-04,2025-06-25,21,High Tempo,4,4,True,Semi-Urban Outpost
P-000567,DEP-V2-0001937,7,2025-07-01,2025-07-02,2025-07-28,26,High Tempo,3,3,False,Semi-Urban Outpost
P-000567,DEP-V2-0001938,8,2025-08-01,2025-08-04,2025-08-24,20,High Tempo,3,4,True,Semi-Urban Outpost
P-000570,DEP-V2-0001939,4,2025-04-01,2025-04-03,2025-04-25,22,High Tempo,5,4,True,Remote/Difficult Terrain
P-000570,DEP-V2-0001940,5,2025-05-01,2025-05-04,2025-05-24,20,High Tempo,5,5,True,High Altitude/Extreme
P-000570,DEP-V2-0001941,6,2025-06-01,2025-06-02,2025-06-24,22,High Tempo,4,5,True,Remote/Difficult Terrain
P-000570,DEP-V2-0001942,7,2025-07-01,2025-07-02,2025-07-26,24,Extended,5,5,True,High Altitude/Extreme
P-000570,DEP-V2-0001943,8,2025-08-01,2025-08-03,2025-08-24,21,High Tempo,5,5,True,Remote/Difficult Terrain
P-000570,DEP-V2-0001944,9,2025-09-01,2025-09-04,2025-09-26,22,Extended,5,5,True,Remote/Difficult Terrain
P-000570,DEP-V2-0001945,10,2025-10-01,2025-10-03,2025-10-23,20,Extended,5,5,True,High Altitude/Extreme
P-000570,DEP-V2-0001946,11,2025-11-01,2025-11-03,2025-11-28,25,Extended,4,5,True,Remote/Difficult Terrain
P-000571,DEP-V2-0001947,6,2025-06-01,2025-06-02,2025-06-23,21,High Tempo,4,3,True,Semi-Urban Outpost
P-000571,DEP-V2-0001948,7,2025-07-01,2025-07-02,2025-07-27,25,High Tempo,4,3,True,Semi-Urban Outpost
P-000572,DEP-V2-0001949,4,2025-04-01,2025-04-02,2025-04-27,25,High Tempo,4,3,True,Remote/Difficult Terrain
P-000572,DEP-V2-0001950,5,2025-05-01,2025-05-05,2025-05-26,21,High Tempo,4,3,True,Semi-Urban Outpost
P-000572,DEP-V2-0001951,6,2025-06-01,2025-06-04,2025-06-28,24,High Tempo,3,4,True,Semi-Urban Outpost
P-000572,DEP-V2-0001952,7,2025-07-01,2025-07-05,2025-07-25,20,High Tempo,4,3,True,Semi-Urban Outpost
P-000572,DEP-V2-0001953,8,2025-08-01,2025-08-03,2025-08-24,21,High Tempo,4,3,True,Semi-Urban Outpost
P-000573,DEP-V2-0001954,2,2025-02-01,2025-02-02,2025-02-24,22,High Tempo,4,4,True,Remote/Difficult Terrain
P-000573,DEP-V2-0001955,3,2025-03-01,2025-03-02,2025-03-26,24,High Tempo,4,4,True,Remote/Difficult Terrain
P-000573,DEP-V2-0001956,4,2025-04-01,2025-04-05,2025-04-24,19,High Tempo,4,4,True,Remote/Difficult Terrain
P-000573,DEP-V2-0001957,5,2025-05-01,2025-05-04,2025-05-28,24,High Tempo,4,4,True,Remote/Difficult Terrain
P-000574,DEP-V2-0001958,4,2025-04-01,2025-04-05,2025-04-23,18,Extended,5,5,True,Remote/Difficult Terrain
P-000574,DEP-V2-0001959,5,2025-05-01,2025-05-02,2025-05-23,21,Extended,4,4,True,Remote/Difficult Terrain
P-000574,DEP-V2-0001960,6,2025-06-01,2025-06-02,2025-06-25,23,Extended,4,5,True,Remote/Difficult Terrain
P-000574,DEP-V2-0001961,7,2025-07-01,2025-07-03,2025-07-28,25,Extended,5,5,True,High Altitude/Extreme
P-000574,DEP-V2-0001962,8,2025-08-01,2025-08-05,2025-08-26,21,Extended,5,4,True,High Altitude/Extreme
P-000574,DEP-V2-0001963,9,2025-09-01,2025-09-02,2025-09-27,25,High Tempo,5,5,True,High Altitude/Extreme
P-000574,DEP-V2-0001964,10,2025-10-01,2025-10-03,2025-10-23,20,Extended,4,5,True,Remote/Difficult Terrain
P-000574,DEP-V2-0001965,11,2025-11-01,2025-11-04,2025-11-26,22,Extended,5,5,True,High Altitude/Extreme
P-000576,DEP-V2-0001966,4,2025-04-01,2025-04-02,2025-04-25,23,High Tempo,5,5,True,High Altitude/Extreme
P-000576,DEP-V2-0001967,5,2025-05-01,2025-05-02,2025-05-27,25,High Tempo,4,4,True,Remote/Difficult Terrain
P-000576,DEP-V2-0001968,6,2025-06-01,2025-06-02,2025-06-24,22,Extended,4,5,True,High Altitude/Extreme
P-000576,DEP-V2-0001969,7,2025-07-01,2025-07-05,2025-07-26,21,High Tempo,5,5,True,Remote/Difficult Terrain
P-000576,DEP-V2-0001970,8,2025-08-01,2025-08-02,2025-08-26,24,Extended,5,5,True,Remote/Difficult Terrain
P-000576,DEP-V2-0001971,9,2025-09-01,2025-09-04,2025-09-25,21,High Tempo,4,5,True,Remote/Difficult Terrain
P-000576,DEP-V2-0001972,10,2025-10-01,2025-10-04,2025-10-24,20,High Tempo,4,5,True,Remote/Difficult Terrain
P-000576,DEP-V2-0001973,11,2025-11-01,2025-11-04,2025-11-28,24,Extended,5,5,True,High Altitude/Extreme
P-000577,DEP-V2-0001974,5,2025-05-01,2025-05-04,2025-05-28,24,Routine,2,2,False,Urban Base
P-000579,DEP-V2-0001975,6,2025-06-01,2025-06-03,2025-06-27,24,High Tempo,4,3,True,Semi-Urban Outpost
P-000579,DEP-V2-0001976,7,2025-07-01,2025-07-05,2025-07-23,18,High Tempo,4,3,True,Semi-Urban Outpost
P-000580,DEP-V2-0001977,2,2025-02-01,2025-02-05,2025-02-28,23,High Tempo,4,4,True,Remote/Difficult Terrain
P-000580,DEP-V2-0001978,3,2025-03-01,2025-03-04,2025-03-23,19,High Tempo,4,4,True,Remote/Difficult Terrain
P-000580,DEP-V2-0001979,4,2025-04-01,2025-04-02,2025-04-24,22,High Tempo,4,4,True,Remote/Difficult Terrain
P-000580,DEP-V2-0001980,5,2025-05-01,2025-05-04,2025-05-25,21,High Tempo,4,4,True,Remote/Difficult Terrain
P-000581,DEP-V2-0001981,3,2025-03-01,2025-03-03,2025-03-25,22,Extended,3,4,True,High Altitude/Extreme
P-000581,DEP-V2-0001982,4,2025-04-01,2025-04-05,2025-04-28,23,Extended,5,5,True,Remote/Difficult Terrain
P-000581,DEP-V2-0001983,5,2025-05-01,2025-05-02,2025-05-23,21,Extended,4,5,True,Remote/Difficult Terrain
P-000581,DEP-V2-0001984,6,2025-06-01,2025-06-02,2025-06-24,22,Extended,4,5,True,Remote/Difficult Terrain
P-000581,DEP-V2-0001985,7,2025-07-01,2025-07-03,2025-07-23,20,Extended,4,5,True,Remote/Difficult Terrain
P-000581,DEP-V2-0001986,8,2025-08-01,2025-08-05,2025-08-24,19,Extended,4,4,True,High Altitude/Extreme
P-000581,DEP-V2-0001987,9,2025-09-01,2025-09-05,2025-09-24,19,Extended,3,4,True,High Altitude/Extreme
P-000582,DEP-V2-0001988,4,2025-04-01,2025-04-02,2025-04-25,23,High Tempo,4,3,True,Semi-Urban Outpost
P-000582,DEP-V2-0001989,5,2025-05-01,2025-05-04,2025-05-26,22,High Tempo,3,4,True,Remote/Difficult Terrain
P-000582,DEP-V2-0001990,6,2025-06-01,2025-06-04,2025-06-24,20,High Tempo,5,3,True,Remote/Difficult Terrain
P-000582,DEP-V2-0001991,7,2025-07-01,2025-07-02,2025-07-27,25,High Tempo,5,4,True,Remote/Difficult Terrain
P-000582,DEP-V2-0001992,8,2025-08-01,2025-08-02,2025-08-25,23,High Tempo,4,4,True,Remote/Difficult Terrain
P-000583,DEP-V2-0001993,4,2025-04-01,2025-04-05,2025-04-25,20,Extended,4,5,True,High Altitude/Extreme
P-000583,DEP-V2-0001994,5,2025-05-01,2025-05-03,2025-05-26,23,High Tempo,5,4,True,Remote/Difficult Terrain
P-000583,DEP-V2-0001995,6,2025-06-01,2025-06-03,2025-06-27,24,High Tempo,5,4,True,Remote/Difficult Terrain
P-000583,DEP-V2-0001996,7,2025-07-01,2025-07-03,2025-07-23,20,Extended,4,5,True,High Altitude/Extreme
P-000583,DEP-V2-0001997,8,2025-08-01,2025-08-03,2025-08-27,24,High Tempo,5,4,True,Remote/Difficult Terrain
P-000583,DEP-V2-0001998,9,2025-09-01,2025-09-04,2025-09-28,24,Extended,5,5,True,Remote/Difficult Terrain
P-000583,DEP-V2-0001999,10,2025-10-01,2025-10-05,2025-10-26,21,High Tempo,4,5,True,High Altitude/Extreme
P-000583,DEP-V2-0002000,11,2025-11-01,2025-11-02,2025-11-26,24,Extended,4,5,True,Remote/Difficult Terrain
P-000584,DEP-V2-0002001,4,2025-04-01,2025-04-05,2025-04-24,19,Routine,3,1,False,Urban Base
P-000585,DEP-V2-0002002,2,2025-02-01,2025-02-02,2025-02-28,26,High Tempo,4,4,True,Remote/Difficult Terrain
P-000585,DEP-V2-0002003,3,2025-03-01,2025-03-05,2025-03-24,19,High Tempo,4,4,True,Remote/Difficult Terrain
P-000585,DEP-V2-0002004,4,2025-04-01,2025-04-02,2025-04-26,24,High Tempo,4,4,True,Remote/Difficult Terrain
P-000585,DEP-V2-0002005,5,2025-05-01,2025-05-03,2025-05-23,20,High Tempo,4,4,True,Remote/Difficult Terrain
P-000586,DEP-V2-0002006,4,2025-04-01,2025-04-02,2025-04-23,21,Extended,5,5,True,Remote/Difficult Terrain
P-000586,DEP-V2-0002007,5,2025-05-01,2025-05-04,2025-05-28,24,Extended,5,4,True,Remote/Difficult Terrain
P-000586,DEP-V2-0002008,6,2025-06-01,2025-06-02,2025-06-23,21,High Tempo,5,5,True,High Altitude/Extreme
P-000586,DEP-V2-0002009,7,2025-07-01,2025-07-02,2025-07-25,23,High Tempo,4,4,True,Remote/Difficult Terrain
P-000586,DEP-V2-0002010,8,2025-08-01,2025-08-03,2025-08-24,21,High Tempo,4,5,True,Remote/Difficult Terrain
P-000586,DEP-V2-0002011,9,2025-09-01,2025-09-02,2025-09-25,23,High Tempo,4,5,True,High Altitude/Extreme
P-000586,DEP-V2-0002012,10,2025-10-01,2025-10-05,2025-10-26,21,High Tempo,4,4,True,High Altitude/Extreme
P-000586,DEP-V2-0002013,11,2025-11-01,2025-11-04,2025-11-28,24,Extended,5,5,True,Remote/Difficult Terrain
P-000589,DEP-V2-0002014,3,2025-03-01,2025-03-05,2025-03-23,18,Extended,3,4,True,Remote/Difficult Terrain
P-000589,DEP-V2-0002015,4,2025-04-01,2025-04-02,2025-04-28,26,Extended,4,5,True,High Altitude/Extreme
P-000589,DEP-V2-0002016,5,2025-05-01,2025-05-03,2025-05-24,21,Extended,4,4,True,High Altitude/Extreme
P-000589,DEP-V2-0002017,6,2025-06-01,2025-06-05,2025-06-28,23,Extended,3,4,True,Remote/Difficult Terrain
P-000589,DEP-V2-0002018,7,2025-07-01,2025-07-05,2025-07-27,22,Extended,3,4,True,High Altitude/Extreme
P-000589,DEP-V2-0002019,8,2025-08-01,2025-08-03,2025-08-24,21,Extended,5,5,True,Remote/Difficult Terrain
P-000589,DEP-V2-0002020,9,2025-09-01,2025-09-03,2025-09-24,21,Extended,4,4,True,High Altitude/Extreme
P-000590,DEP-V2-0002021,3,2025-03-01,2025-03-03,2025-03-28,25,Extended,4,5,True,Remote/Difficult Terrain
P-000590,DEP-V2-0002022,4,2025-04-01,2025-04-02,2025-04-28,26,Extended,4,4,True,High Altitude/Extreme
P-000590,DEP-V2-0002023,5,2025-05-01,2025-05-02,2025-05-26,24,Extended,4,4,True,Remote/Difficult Terrain
P-000590,DEP-V2-0002024,6,2025-06-01,2025-06-05,2025-06-28,23,Extended,3,4,True,High Altitude/Extreme
P-000590,DEP-V2-0002025,7,2025-07-01,2025-07-05,2025-07-23,18,Extended,5,5,True,Remote/Difficult Terrain
P-000590,DEP-V2-0002026,8,2025-08-01,2025-08-02,2025-08-26,24,Extended,5,4,True,High Altitude/Extreme
P-000590,DEP-V2-0002027,9,2025-09-01,2025-09-03,2025-09-27,24,Extended,4,5,True,Remote/Difficult Terrain
P-000592,DEP-V2-0002028,3,2025-03-01,2025-03-05,2025-03-28,23,Extended,5,4,True,High Altitude/Extreme
P-000592,DEP-V2-0002029,4,2025-04-01,2025-04-04,2025-04-27,23,Extended,5,5,True,High Altitude/Extreme
P-000592,DEP-V2-0002030,5,2025-05-01,2025-05-02,2025-05-26,24,Extended,4,4,True,Remote/Difficult Terrain
P-000592,DEP-V2-0002031,6,2025-06-01,2025-06-05,2025-06-26,21,Extended,4,5,True,Remote/Difficult Terrain
P-000592,DEP-V2-0002032,7,2025-07-01,2025-07-05,2025-07-27,22,Extended,4,5,True,Remote/Difficult Terrain
P-000592,DEP-V2-0002033,8,2025-08-01,2025-08-04,2025-08-25,21,Extended,4,5,True,High Altitude/Extreme
P-000592,DEP-V2-0002034,9,2025-09-01,2025-09-02,2025-09-23,21,Extended,3,5,True,High Altitude/Extreme
P-000594,DEP-V2-0002035,4,2025-04-01,2025-04-02,2025-04-28,26,Routine,1,1,False,Semi-Urban Outpost
P-000595,DEP-V2-0002036,6,2025-06-01,2025-06-03,2025-06-26,23,High Tempo,4,3,True,Semi-Urban Outpost
P-000595,DEP-V2-0002037,7,2025-07-01,2025-07-03,2025-07-23,20,High Tempo,4,3,True,Semi-Urban Outpost
P-000596,DEP-V2-0002038,3,2025-03-01,2025-03-02,2025-03-23,21,Extended,4,5,True,High Altitude/Extreme
P-000596,DEP-V2-0002039,4,2025-04-01,2025-04-05,2025-04-24,19,Extended,4,5,True,Remote/Difficult Terrain
P-000596,DEP-V2-0002040,5,2025-05-01,2025-05-04,2025-05-27,23,Extended,4,4,True,High Altitude/Extreme
P-000596,DEP-V2-0002041,6,2025-06-01,2025-06-05,2025-06-23,18,Extended,5,5,True,High Altitude/Extreme
P-000596,DEP-V2-0002042,7,2025-07-01,2025-07-04,2025-07-27,23,Extended,4,4,True,High Altitude/Extreme
P-000596,DEP-V2-0002043,8,2025-08-01,2025-08-05,2025-08-26,21,Extended,4,4,True,High Altitude/Extreme
P-000596,DEP-V2-0002044,9,2025-09-01,2025-09-02,2025-09-25,23,Extended,4,5,True,High Altitude/Extreme
P-000597,DEP-V2-0002045,3,2025-03-01,2025-03-05,2025-03-25,20,Extended,5,5,True,Remote/Difficult Terrain
P-000597,DEP-V2-0002046,4,2025-04-01,2025-04-04,2025-04-24,20,Extended,5,4,True,High Altitude/Extreme
P-000597,DEP-V2-0002047,5,2025-05-01,2025-05-04,2025-05-25,21,Extended,4,5,True,High Altitude/Extreme
P-000597,DEP-V2-0002048,6,2025-06-01,2025-06-04,2025-06-25,21,Extended,4,5,True,Remote/Difficult Terrain
P-000597,DEP-V2-0002049,7,2025-07-01,2025-07-03,2025-07-28,25,Extended,4,5,True,High Altitude/Extreme
P-000597,DEP-V2-0002050,8,2025-08-01,2025-08-05,2025-08-25,20,Extended,4,4,True,High Altitude/Extreme
P-000597,DEP-V2-0002051,9,2025-09-01,2025-09-03,2025-09-26,23,Extended,4,5,True,High Altitude/Extreme
P-000598,DEP-V2-0002052,5,2025-05-01,2025-05-05,2025-05-23,18,Routine,1,1,False,Semi-Urban Outpost
P-000599,DEP-V2-0002053,4,2025-04-01,2025-04-05,2025-04-27,22,High Tempo,5,5,True,Remote/Difficult Terrain
P-000599,DEP-V2-0002054,5,2025-05-01,2025-05-02,2025-05-28,26,Extended,5,5,True,Remote/Difficult Terrain
P-000599,DEP-V2-0002055,6,2025-06-01,2025-06-03,2025-06-23,20,Extended,4,4,True,Remote/Difficult Terrain
P-000599,DEP-V2-0002056,7,2025-07-01,2025-07-02,2025-07-25,23,High Tempo,4,5,True,Remote/Difficult Terrain
P-000599,DEP-V2-0002057,8,2025-08-01,2025-08-03,2025-08-27,24,Extended,5,5,True,High Altitude/Extreme
P-000599,DEP-V2-0002058,9,2025-09-01,2025-09-04,2025-09-25,21,Extended,4,5,True,High Altitude/Extreme
P-000599,DEP-V2-0002059,10,2025-10-01,2025-10-02,2025-10-23,21,Extended,4,4,True,High Altitude/Extreme
P-000599,DEP-V2-0002060,11,2025-11-01,2025-11-04,2025-11-23,19,High Tempo,5,5,True,High Altitude/Extreme
P-000600,DEP-V2-0002061,4,2025-04-01,2025-04-05,2025-04-25,20,High Tempo,4,4,True,Remote/Difficult Terrain
P-000600,DEP-V2-0002062,5,2025-05-01,2025-05-05,2025-05-25,20,High Tempo,3,3,False,Remote/Difficult Terrain
P-000600,DEP-V2-0002063,6,2025-06-01,2025-06-02,2025-06-23,21,High Tempo,3,3,False,Semi-Urban Outpost
P-000600,DEP-V2-0002064,7,2025-07-01,2025-07-03,2025-07-25,22,High Tempo,3,4,True,Semi-Urban Outpost
P-000600,DEP-V2-0002065,8,2025-08-01,2025-08-02,2025-08-23,21,High Tempo,3,4,True,Remote/Difficult Terrain
P-000601,DEP-V2-0002066,4,2025-04-01,2025-04-03,2025-04-26,23,High Tempo,3,3,False,Semi-Urban Outpost
P-000601,DEP-V2-0002067,5,2025-05-01,2025-05-04,2025-05-27,23,High Tempo,4,3,True,Semi-Urban Outpost
P-000601,DEP-V2-0002068,6,2025-06-01,2025-06-04,2025-06-25,21,High Tempo,3,4,True,Semi-Urban Outpost
P-000601,DEP-V2-0002069,7,2025-07-01,2025-07-03,2025-07-24,21,High Tempo,4,3,True,Semi-Urban Outpost
P-000601,DEP-V2-0002070,8,2025-08-01,2025-08-05,2025-08-27,22,High Tempo,5,4,True,Semi-Urban Outpost
P-000602,DEP-V2-0002071,3,2025-03-01,2025-03-05,2025-03-26,21,Extended,5,4,True,Remote/Difficult Terrain
P-000602,DEP-V2-0002072,4,2025-04-01,2025-04-05,2025-04-23,18,Extended,4,5,True,High Altitude/Extreme
P-000602,DEP-V2-0002073,5,2025-05-01,2025-05-03,2025-05-28,25,Extended,3,5,True,High Altitude/Extreme
P-000602,DEP-V2-0002074,6,2025-06-01,2025-06-04,2025-06-23,19,Extended,4,5,True,High Altitude/Extreme
P-000602,DEP-V2-0002075,7,2025-07-01,2025-07-05,2025-07-28,23,Extended,4,4,True,High Altitude/Extreme
P-000602,DEP-V2-0002076,8,2025-08-01,2025-08-03,2025-08-27,24,Extended,3,5,True,Remote/Difficult Terrain
P-000602,DEP-V2-0002077,9,2025-09-01,2025-09-04,2025-09-25,21,Extended,3,4,True,High Altitude/Extreme
P-000603,DEP-V2-0002078,4,2025-04-01,2025-04-03,2025-04-23,20,Routine,1,1,False,Semi-Urban Outpost
P-000604,DEP-V2-0002079,3,2025-03-01,2025-03-03,2025-03-27,24,Extended,5,5,True,Remote/Difficult Terrain
P-000604,DEP-V2-0002080,4,2025-04-01,2025-04-05,2025-04-28,23,Extended,4,5,True,High Altitude/Extreme
P-000604,DEP-V2-0002081,5,2025-05-01,2025-05-03,2025-05-27,24,Extended,4,4,True,High Altitude/Extreme
P-000604,DEP-V2-0002082,6,2025-06-01,2025-06-04,2025-06-27,23,Extended,3,4,True,High Altitude/Extreme
P-000604,DEP-V2-0002083,7,2025-07-01,2025-07-03,2025-07-26,23,Extended,4,4,True,Remote/Difficult Terrain
P-000604,DEP-V2-0002084,8,2025-08-01,2025-08-04,2025-08-23,19,Extended,4,4,True,High Altitude/Extreme
P-000604,DEP-V2-0002085,9,2025-09-01,2025-09-05,2025-09-28,23,Extended,4,4,True,High Altitude/Extreme
P-000605,DEP-V2-0002086,3,2025-03-01,2025-03-03,2025-03-24,21,Extended,4,5,True,High Altitude/Extreme
P-000605,DEP-V2-0002087,4,2025-04-01,2025-04-03,2025-04-25,22,Extended,5,5,True,High Altitude/Extreme
P-000605,DEP-V2-0002088,5,2025-05-01,2025-05-03,2025-05-23,20,Extended,4,5,True,High Altitude/Extreme
P-000605,DEP-V2-0002089,6,2025-06-01,2025-06-02,2025-06-26,24,Extended,3,5,True,Remote/Difficult Terrain
P-000605,DEP-V2-0002090,7,2025-07-01,2025-07-03,2025-07-26,23,Extended,5,5,True,Remote/Difficult Terrain
P-000605,DEP-V2-0002091,8,2025-08-01,2025-08-03,2025-08-27,24,Extended,5,5,True,High Altitude/Extreme
P-000605,DEP-V2-0002092,9,2025-09-01,2025-09-02,2025-09-23,21,Extended,4,4,True,Remote/Difficult Terrain
P-000606,DEP-V2-0002093,5,2025-05-01,2025-05-04,2025-05-26,22,Routine,1,2,False,Urban Base
P-000607,DEP-V2-0002094,6,2025-06-01,2025-06-05,2025-06-24,19,High Tempo,4,3,True,Semi-Urban Outpost
P-000607,DEP-V2-0002095,7,2025-07-01,2025-07-04,2025-07-28,24,High Tempo,4,3,True,Semi-Urban Outpost
P-000608,DEP-V2-0002096,4,2025-04-01,2025-04-02,2025-04-27,25,Routine,2,1,False,Semi-Urban Outpost
P-000609,DEP-V2-0002097,4,2025-04-01,2025-04-02,2025-04-24,22,Routine,2,1,False,Urban Base
P-000609,DEP-V2-0002098,5,2025-05-01,2025-05-05,2025-05-25,20,Routine,2,1,False,Urban Base
P-000612,DEP-V2-0002099,4,2025-04-01,2025-04-04,2025-04-24,20,Routine,2,1,False,Urban Base
P-000613,DEP-V2-0002100,4,2025-04-01,2025-04-04,2025-04-24,20,High Tempo,4,3,True,Semi-Urban Outpost
P-000613,DEP-V2-0002101,5,2025-05-01,2025-05-04,2025-05-27,23,High Tempo,3,4,True,Remote/Difficult Terrain
P-000613,DEP-V2-0002102,6,2025-06-01,2025-06-05,2025-06-24,19,High Tempo,4,3,True,Semi-Urban Outpost
P-000613,DEP-V2-0002103,7,2025-07-01,2025-07-02,2025-07-26,24,High Tempo,5,4,True,Remote/Difficult Terrain
P-000613,DEP-V2-0002104,8,2025-08-01,2025-08-05,2025-08-26,21,High Tempo,4,4,True,Semi-Urban Outpost
P-000614,DEP-V2-0002105,3,2025-03-01,2025-03-05,2025-03-26,21,Extended,3,4,True,Remote/Difficult Terrain
P-000614,DEP-V2-0002106,4,2025-04-01,2025-04-05,2025-04-27,22,Extended,3,5,True,Remote/Difficult Terrain
P-000614,DEP-V2-0002107,5,2025-05-01,2025-05-03,2025-05-27,24,Extended,4,4,True,Remote/Difficult Terrain
P-000614,DEP-V2-0002108,6,2025-06-01,2025-06-04,2025-06-26,22,Extended,3,5,True,High Altitude/Extreme
P-000614,DEP-V2-0002109,7,2025-07-01,2025-07-05,2025-07-23,18,Extended,4,4,True,High Altitude/Extreme
P-000614,DEP-V2-0002110,8,2025-08-01,2025-08-04,2025-08-27,23,Extended,3,4,True,High Altitude/Extreme
P-000614,DEP-V2-0002111,9,2025-09-01,2025-09-02,2025-09-25,23,Extended,4,4,True,High Altitude/Extreme
P-000615,DEP-V2-0002112,4,2025-04-01,2025-04-04,2025-04-24,20,High Tempo,4,4,True,Remote/Difficult Terrain
P-000615,DEP-V2-0002113,5,2025-05-01,2025-05-05,2025-05-27,22,High Tempo,5,4,True,High Altitude/Extreme
P-000615,DEP-V2-0002114,6,2025-06-01,2025-06-03,2025-06-27,24,Extended,5,5,True,High Altitude/Extreme
P-000615,DEP-V2-0002115,7,2025-07-01,2025-07-04,2025-07-25,21,Extended,5,5,True,Remote/Difficult Terrain
P-000615,DEP-V2-0002116,8,2025-08-01,2025-08-02,2025-08-26,24,Extended,5,5,True,Remote/Difficult Terrain
P-000615,DEP-V2-0002117,9,2025-09-01,2025-09-02,2025-09-28,26,High Tempo,5,5,True,High Altitude/Extreme
P-000615,DEP-V2-0002118,10,2025-10-01,2025-10-03,2025-10-28,25,Extended,4,5,True,High Altitude/Extreme
P-000615,DEP-V2-0002119,11,2025-11-01,2025-11-02,2025-11-25,23,High Tempo,5,5,True,High Altitude/Extreme
P-000617,DEP-V2-0002120,4,2025-04-01,2025-04-03,2025-04-28,25,High Tempo,3,3,False,Semi-Urban Outpost
P-000617,DEP-V2-0002121,5,2025-05-01,2025-05-02,2025-05-24,22,High Tempo,4,3,True,Semi-Urban Outpost
P-000617,DEP-V2-0002122,6,2025-06-01,2025-06-04,2025-06-24,20,High Tempo,3,3,False,Semi-Urban Outpost
P-000617,DEP-V2-0002123,7,2025-07-01,2025-07-03,2025-07-23,20,High Tempo,5,3,True,Remote/Difficult Terrain
P-000617,DEP-V2-0002124,8,2025-08-01,2025-08-05,2025-08-25,20,High Tempo,4,4,True,Semi-Urban Outpost
P-000619,DEP-V2-0002125,2,2025-02-01,2025-02-04,2025-02-27,23,High Tempo,4,4,True,Remote/Difficult Terrain
P-000619,DEP-V2-0002126,3,2025-03-01,2025-03-04,2025-03-26,22,High Tempo,4,4,True,Remote/Difficult Terrain
P-000619,DEP-V2-0002127,4,2025-04-01,2025-04-04,2025-04-27,23,High Tempo,4,4,True,Remote/Difficult Terrain
P-000619,DEP-V2-0002128,5,2025-05-01,2025-05-04,2025-05-25,21,High Tempo,4,4,True,Remote/Difficult Terrain
P-000620,DEP-V2-0002129,4,2025-04-01,2025-04-02,2025-04-23,21,High Tempo,5,5,True,High Altitude/Extreme
P-000620,DEP-V2-0002130,5,2025-05-01,2025-05-05,2025-05-26,21,High Tempo,5,4,True,Remote/Difficult Terrain
P-000620,DEP-V2-0002131,6,2025-06-01,2025-06-05,2025-06-23,18,High Tempo,5,5,True,High Altitude/Extreme
P-000620,DEP-V2-0002132,7,2025-07-01,2025-07-04,2025-07-26,22,High Tempo,5,5,True,Remote/Difficult Terrain
P-000620,DEP-V2-0002133,8,2025-08-01,2025-08-03,2025-08-23,20,High Tempo,5,4,True,Remote/Difficult Terrain
P-000620,DEP-V2-0002134,9,2025-09-01,2025-09-03,2025-09-28,25,Extended,4,4,True,High Altitude/Extreme
P-000620,DEP-V2-0002135,10,2025-10-01,2025-10-03,2025-10-26,23,Extended,4,5,True,High Altitude/Extreme
P-000620,DEP-V2-0002136,11,2025-11-01,2025-11-03,2025-11-25,22,Extended,5,5,True,High Altitude/Extreme
P-000621,DEP-V2-0002137,3,2025-03-01,2025-03-04,2025-03-26,22,Extended,4,5,True,Remote/Difficult Terrain
P-000621,DEP-V2-0002138,4,2025-04-01,2025-04-03,2025-04-23,20,Extended,3,5,True,Remote/Difficult Terrain
P-000621,DEP-V2-0002139,5,2025-05-01,2025-05-02,2025-05-28,26,Extended,3,5,True,High Altitude/Extreme
P-000621,DEP-V2-0002140,6,2025-06-01,2025-06-05,2025-06-24,19,Extended,3,5,True,High Altitude/Extreme
P-000621,DEP-V2-0002141,7,2025-07-01,2025-07-04,2025-07-28,24,Extended,3,5,True,Remote/Difficult Terrain
P-000621,DEP-V2-0002142,8,2025-08-01,2025-08-05,2025-08-27,22,Extended,4,4,True,Remote/Difficult Terrain
P-000621,DEP-V2-0002143,9,2025-09-01,2025-09-04,2025-09-24,20,Extended,4,4,True,High Altitude/Extreme
P-000622,DEP-V2-0002144,3,2025-03-01,2025-03-03,2025-03-25,22,Extended,4,5,True,Remote/Difficult Terrain
P-000622,DEP-V2-0002145,4,2025-04-01,2025-04-04,2025-04-26,22,Extended,4,4,True,High Altitude/Extreme
P-000622,DEP-V2-0002146,5,2025-05-01,2025-05-02,2025-05-25,23,Extended,4,5,True,High Altitude/Extreme
P-000622,DEP-V2-0002147,6,2025-06-01,2025-06-02,2025-06-23,21,Extended,4,4,True,High Altitude/Extreme
P-000622,DEP-V2-0002148,7,2025-07-01,2025-07-03,2025-07-24,21,Extended,4,5,True,High Altitude/Extreme
P-000622,DEP-V2-0002149,8,2025-08-01,2025-08-05,2025-08-25,20,Extended,5,4,True,Remote/Difficult Terrain
P-000622,DEP-V2-0002150,9,2025-09-01,2025-09-03,2025-09-27,24,Extended,4,4,True,High Altitude/Extreme
P-000624,DEP-V2-0002151,4,2025-04-01,2025-04-03,2025-04-23,20,High Tempo,4,4,True,Semi-Urban Outpost
P-000624,DEP-V2-0002152,5,2025-05-01,2025-05-03,2025-05-25,22,High Tempo,4,3,True,Remote/Difficult Terrain
P-000624,DEP-V2-0002153,6,2025-06-01,2025-06-02,2025-06-28,26,High Tempo,3,4,True,Remote/Difficult Terrain
P-000624,DEP-V2-0002154,7,2025-07-01,2025-07-05,2025-07-25,20,High Tempo,4,4,True,Semi-Urban Outpost
P-000624,DEP-V2-0002155,8,2025-08-01,2025-08-03,2025-08-24,21,High Tempo,4,4,True,Semi-Urban Outpost
P-000626,DEP-V2-0002156,4,2025-04-01,2025-04-05,2025-04-24,19,High Tempo,5,4,True,Semi-Urban Outpost
P-000626,DEP-V2-0002157,5,2025-05-01,2025-05-04,2025-05-23,19,High Tempo,3,4,True,Remote/Difficult Terrain
P-000626,DEP-V2-0002158,6,2025-06-01,2025-06-04,2025-06-26,22,High Tempo,4,4,True,Semi-Urban Outpost
P-000626,DEP-V2-0002159,7,2025-07-01,2025-07-05,2025-07-28,23,High Tempo,4,3,True,Remote/Difficult Terrain
P-000626,DEP-V2-0002160,8,2025-08-01,2025-08-02,2025-08-27,25,High Tempo,4,4,True,Remote/Difficult Terrain
P-000627,DEP-V2-0002161,6,2025-06-01,2025-06-05,2025-06-25,20,High Tempo,4,3,True,Semi-Urban Outpost
P-000627,DEP-V2-0002162,7,2025-07-01,2025-07-04,2025-07-28,24,High Tempo,4,3,True,Semi-Urban Outpost
P-000628,DEP-V2-0002163,3,2025-03-01,2025-03-02,2025-03-24,22,Extended,3,4,True,Remote/Difficult Terrain
P-000628,DEP-V2-0002164,4,2025-04-01,2025-04-02,2025-04-24,22,Extended,3,5,True,High Altitude/Extreme
P-000628,DEP-V2-0002165,5,2025-05-01,2025-05-04,2025-05-24,20,Extended,3,4,True,Remote/Difficult Terrain
P-000628,DEP-V2-0002166,6,2025-06-01,2025-06-04,2025-06-26,22,Extended,5,4,True,Remote/Difficult Terrain
P-000628,DEP-V2-0002167,7,2025-07-01,2025-07-04,2025-07-28,24,Extended,4,4,True,Remote/Difficult Terrain
P-000628,DEP-V2-0002168,8,2025-08-01,2025-08-03,2025-08-26,23,Extended,3,5,True,High Altitude/Extreme
P-000628,DEP-V2-0002169,9,2025-09-01,2025-09-02,2025-09-24,22,Extended,4,5,True,High Altitude/Extreme
P-000629,DEP-V2-0002170,3,2025-03-01,2025-03-03,2025-03-28,25,Extended,4,5,True,Remote/Difficult Terrain
P-000629,DEP-V2-0002171,4,2025-04-01,2025-04-02,2025-04-28,26,Extended,4,5,True,Remote/Difficult Terrain
P-000629,DEP-V2-0002172,5,2025-05-01,2025-05-04,2025-05-25,21,Extended,4,4,True,Remote/Difficult Terrain
P-000629,DEP-V2-0002173,6,2025-06-01,2025-06-05,2025-06-28,23,Extended,4,5,True,High Altitude/Extreme
P-000629,DEP-V2-0002174,7,2025-07-01,2025-07-05,2025-07-24,19,Extended,3,4,True,High Altitude/Extreme
P-000629,DEP-V2-0002175,8,2025-08-01,2025-08-04,2025-08-26,22,Extended,4,5,True,High Altitude/Extreme
P-000629,DEP-V2-0002176,9,2025-09-01,2025-09-03,2025-09-28,25,Extended,4,4,True,High Altitude/Extreme
P-000630,DEP-V2-0002177,6,2025-06-01,2025-06-04,2025-06-26,22,High Tempo,4,3,True,Semi-Urban Outpost
P-000630,DEP-V2-0002178,7,2025-07-01,2025-07-05,2025-07-24,19,High Tempo,4,3,True,Semi-Urban Outpost
P-000632,DEP-V2-0002179,4,2025-04-01,2025-04-03,2025-04-27,24,Extended,5,5,True,High Altitude/Extreme
P-000632,DEP-V2-0002180,5,2025-05-01,2025-05-02,2025-05-25,23,High Tempo,5,4,True,Remote/Difficult Terrain
P-000632,DEP-V2-0002181,6,2025-06-01,2025-06-04,2025-06-26,22,Extended,5,5,True,High Altitude/Extreme
P-000632,DEP-V2-0002182,7,2025-07-01,2025-07-05,2025-07-27,22,Extended,4,5,True,Remote/Difficult Terrain
P-000632,DEP-V2-0002183,8,2025-08-01,2025-08-05,2025-08-27,22,Extended,5,5,True,High Altitude/Extreme
P-000632,DEP-V2-0002184,9,2025-09-01,2025-09-02,2025-09-26,24,Extended,5,4,True,Remote/Difficult Terrain
P-000632,DEP-V2-0002185,10,2025-10-01,2025-10-03,2025-10-25,22,High Tempo,4,4,True,High Altitude/Extreme
P-000632,DEP-V2-0002186,11,2025-11-01,2025-11-03,2025-11-23,20,High Tempo,5,5,True,High Altitude/Extreme
P-000633,DEP-V2-0002187,4,2025-04-01,2025-04-05,2025-04-27,22,High Tempo,4,5,True,Remote/Difficult Terrain
P-000633,DEP-V2-0002188,5,2025-05-01,2025-05-04,2025-05-23,19,Extended,4,5,True,Remote/Difficult Terrain
P-000633,DEP-V2-0002189,6,2025-06-01,2025-06-04,2025-06-25,21,Extended,5,4,True,High Altitude/Extreme
P-000633,DEP-V2-0002190,7,2025-07-01,2025-07-02,2025-07-25,23,High Tempo,4,5,True,Remote/Difficult Terrain
P-000633,DEP-V2-0002191,8,2025-08-01,2025-08-02,2025-08-28,26,High Tempo,5,4,True,High Altitude/Extreme
P-000633,DEP-V2-0002192,9,2025-09-01,2025-09-04,2025-09-23,19,Extended,5,5,True,High Altitude/Extreme
P-000633,DEP-V2-0002193,10,2025-10-01,2025-10-04,2025-10-24,20,Extended,5,4,True,Remote/Difficult Terrain
P-000633,DEP-V2-0002194,11,2025-11-01,2025-11-04,2025-11-23,19,Extended,5,5,True,Remote/Difficult Terrain
P-000634,DEP-V2-0002195,6,2025-06-01,2025-06-05,2025-06-26,21,High Tempo,4,3,True,Semi-Urban Outpost
P-000634,DEP-V2-0002196,7,2025-07-01,2025-07-02,2025-07-27,25,High Tempo,4,3,True,Semi-Urban Outpost
P-000635,DEP-V2-0002197,4,2025-04-01,2025-04-02,2025-04-26,24,Extended,5,5,True,High Altitude/Extreme
P-000635,DEP-V2-0002198,5,2025-05-01,2025-05-05,2025-05-28,23,High Tempo,4,4,True,High Altitude/Extreme
P-000635,DEP-V2-0002199,6,2025-06-01,2025-06-05,2025-06-26,21,Extended,4,5,True,High Altitude/Extreme
P-000635,DEP-V2-0002200,7,2025-07-01,2025-07-03,2025-07-28,25,Extended,4,5,True,Remote/Difficult Terrain
P-000635,DEP-V2-0002201,8,2025-08-01,2025-08-04,2025-08-26,22,Extended,4,4,True,Remote/Difficult Terrain
P-000635,DEP-V2-0002202,9,2025-09-01,2025-09-05,2025-09-28,23,High Tempo,5,4,True,High Altitude/Extreme
P-000635,DEP-V2-0002203,10,2025-10-01,2025-10-03,2025-10-28,25,Extended,5,4,True,High Altitude/Extreme
P-000635,DEP-V2-0002204,11,2025-11-01,2025-11-05,2025-11-24,19,High Tempo,5,5,True,Remote/Difficult Terrain
P-000636,DEP-V2-0002205,3,2025-03-01,2025-03-02,2025-03-23,21,Extended,3,4,True,High Altitude/Extreme
P-000636,DEP-V2-0002206,4,2025-04-01,2025-04-04,2025-04-23,19,Extended,4,5,True,High Altitude/Extreme
P-000636,DEP-V2-0002207,5,2025-05-01,2025-05-02,2025-05-23,21,Extended,4,5,True,High Altitude/Extreme
P-000636,DEP-V2-0002208,6,2025-06-01,2025-06-03,2025-06-28,25,Extended,4,5,True,High Altitude/Extreme
P-000636,DEP-V2-0002209,7,2025-07-01,2025-07-03,2025-07-23,20,Extended,5,4,True,High Altitude/Extreme
P-000636,DEP-V2-0002210,8,2025-08-01,2025-08-05,2025-08-24,19,Extended,4,4,True,High Altitude/Extreme
P-000636,DEP-V2-0002211,9,2025-09-01,2025-09-03,2025-09-23,20,Extended,4,5,True,Remote/Difficult Terrain
P-000637,DEP-V2-0002212,4,2025-04-01,2025-04-05,2025-04-24,19,Routine,1,2,False,Urban Base
P-000637,DEP-V2-0002213,5,2025-05-01,2025-05-03,2025-05-27,24,Routine,1,2,False,Urban Base
P-000638,DEP-V2-0002214,2,2025-02-01,2025-02-02,2025-02-28,26,High Tempo,4,4,True,Remote/Difficult Terrain
P-000638,DEP-V2-0002215,3,2025-03-01,2025-03-02,2025-03-23,21,High Tempo,4,4,True,Remote/Difficult Terrain
P-000638,DEP-V2-0002216,4,2025-04-01,2025-04-02,2025-04-27,25,High Tempo,4,4,True,Remote/Difficult Terrain
P-000638,DEP-V2-0002217,5,2025-05-01,2025-05-03,2025-05-26,23,High Tempo,4,4,True,Remote/Difficult Terrain
P-000641,DEP-V2-0002218,3,2025-03-01,2025-03-05,2025-03-26,21,Extended,4,4,True,High Altitude/Extreme
P-000641,DEP-V2-0002219,4,2025-04-01,2025-04-02,2025-04-24,22,Extended,4,5,True,High Altitude/Extreme
P-000641,DEP-V2-0002220,5,2025-05-01,2025-05-05,2025-05-25,20,Extended,3,5,True,High Altitude/Extreme
P-000641,DEP-V2-0002221,6,2025-06-01,2025-06-04,2025-06-26,22,Extended,4,5,True,Remote/Difficult Terrain
P-000641,DEP-V2-0002222,7,2025-07-01,2025-07-02,2025-07-24,22,Extended,4,4,True,High Altitude/Extreme
P-000641,DEP-V2-0002223,8,2025-08-01,2025-08-03,2025-08-23,20,Extended,4,5,True,Remote/Difficult Terrain
P-000641,DEP-V2-0002224,9,2025-09-01,2025-09-03,2025-09-26,23,Extended,3,5,True,High Altitude/Extreme
P-000642,DEP-V2-0002225,3,2025-03-01,2025-03-03,2025-03-27,24,Extended,4,5,True,Remote/Difficult Terrain
P-000642,DEP-V2-0002226,4,2025-04-01,2025-04-05,2025-04-27,22,Extended,4,5,True,High Altitude/Extreme
P-000642,DEP-V2-0002227,5,2025-05-01,2025-05-05,2025-05-28,23,Extended,4,5,True,High Altitude/Extreme
P-000642,DEP-V2-0002228,6,2025-06-01,2025-06-03,2025-06-27,24,Extended,4,4,True,Remote/Difficult Terrain
P-000642,DEP-V2-0002229,7,2025-07-01,2025-07-03,2025-07-25,22,Extended,5,4,True,High Altitude/Extreme
P-000642,DEP-V2-0002230,8,2025-08-01,2025-08-05,2025-08-27,22,Extended,4,4,True,Remote/Difficult Terrain
P-000642,DEP-V2-0002231,9,2025-09-01,2025-09-02,2025-09-27,25,Extended,3,4,True,Remote/Difficult Terrain
P-000643,DEP-V2-0002232,3,2025-03-01,2025-03-04,2025-03-28,24,Extended,4,4,True,Remote/Difficult Terrain
P-000643,DEP-V2-0002233,4,2025-04-01,2025-04-05,2025-04-27,22,Extended,3,5,True,High Altitude/Extreme
P-000643,DEP-V2-0002234,5,2025-05-01,2025-05-02,2025-05-28,26,Extended,5,5,True,Remote/Difficult Terrain
P-000643,DEP-V2-0002235,6,2025-06-01,2025-06-02,2025-06-27,25,Extended,4,5,True,Remote/Difficult Terrain
P-000643,DEP-V2-0002236,7,2025-07-01,2025-07-05,2025-07-26,21,Extended,4,4,True,High Altitude/Extreme
P-000643,DEP-V2-0002237,8,2025-08-01,2025-08-03,2025-08-25,22,Extended,5,5,True,Remote/Difficult Terrain
P-000643,DEP-V2-0002238,9,2025-09-01,2025-09-02,2025-09-23,21,Extended,4,4,True,Remote/Difficult Terrain
P-000644,DEP-V2-0002239,4,2025-04-01,2025-04-03,2025-04-28,25,Routine,1,1,False,Semi-Urban Outpost
P-000645,DEP-V2-0002240,4,2025-04-01,2025-04-05,2025-04-24,19,High Tempo,4,3,True,Semi-Urban Outpost
P-000645,DEP-V2-0002241,5,2025-05-01,2025-05-03,2025-05-24,21,High Tempo,3,3,False,Semi-Urban Outpost
P-000645,DEP-V2-0002242,6,2025-06-01,2025-06-03,2025-06-24,21,High Tempo,5,3,True,Semi-Urban Outpost
P-000645,DEP-V2-0002243,7,2025-07-01,2025-07-02,2025-07-27,25,High Tempo,4,3,True,Semi-Urban Outpost
P-000645,DEP-V2-0002244,8,2025-08-01,2025-08-04,2025-08-28,24,High Tempo,3,4,True,Semi-Urban Outpost
P-000647,DEP-V2-0002245,5,2025-05-01,2025-05-02,2025-05-25,23,Routine,1,1,False,Semi-Urban Outpost
P-000648,DEP-V2-0002246,6,2025-06-01,2025-06-03,2025-06-25,22,High Tempo,4,3,True,Semi-Urban Outpost
P-000648,DEP-V2-0002247,7,2025-07-01,2025-07-02,2025-07-28,26,High Tempo,4,3,True,Semi-Urban Outpost
P-000649,DEP-V2-0002248,5,2025-05-01,2025-05-02,2025-05-25,23,Routine,1,1,False,Urban Base
P-000651,DEP-V2-0002249,4,2025-04-01,2025-04-05,2025-04-26,21,Routine,1,2,False,Urban Base
P-000653,DEP-V2-0002250,2,2025-02-01,2025-02-02,2025-02-25,23,High Tempo,4,4,True,Remote/Difficult Terrain
P-000653,DEP-V2-0002251,3,2025-03-01,2025-03-04,2025-03-25,21,High Tempo,4,4,True,Remote/Difficult Terrain
P-000653,DEP-V2-0002252,4,2025-04-01,2025-04-05,2025-04-28,23,High Tempo,4,4,True,Remote/Difficult Terrain
P-000653,DEP-V2-0002253,5,2025-05-01,2025-05-05,2025-05-26,21,High Tempo,4,4,True,Remote/Difficult Terrain
P-000655,DEP-V2-0002254,5,2025-05-01,2025-05-03,2025-05-24,21,Routine,2,2,False,Urban Base
P-000656,DEP-V2-0002255,5,2025-05-01,2025-05-03,2025-05-23,20,Routine,2,1,False,Urban Base
P-000659,DEP-V2-0002256,4,2025-04-01,2025-04-05,2025-04-27,22,Routine,2,1,False,Urban Base
P-000659,DEP-V2-0002257,5,2025-05-01,2025-05-03,2025-05-23,20,Routine,3,1,False,Urban Base
P-000660,DEP-V2-0002258,3,2025-03-01,2025-03-05,2025-03-28,23,Extended,4,5,True,Remote/Difficult Terrain
P-000660,DEP-V2-0002259,4,2025-04-01,2025-04-04,2025-04-25,21,Extended,4,4,True,Remote/Difficult Terrain
P-000660,DEP-V2-0002260,5,2025-05-01,2025-05-04,2025-05-26,22,Extended,4,4,True,High Altitude/Extreme
P-000660,DEP-V2-0002261,6,2025-06-01,2025-06-04,2025-06-23,19,Extended,4,4,True,High Altitude/Extreme
P-000660,DEP-V2-0002262,7,2025-07-01,2025-07-02,2025-07-26,24,Extended,5,4,True,Remote/Difficult Terrain
P-000660,DEP-V2-0002263,8,2025-08-01,2025-08-04,2025-08-26,22,Extended,4,5,True,High Altitude/Extreme
P-000660,DEP-V2-0002264,9,2025-09-01,2025-09-02,2025-09-25,23,Extended,4,5,True,Remote/Difficult Terrain
P-000661,DEP-V2-0002265,4,2025-04-01,2025-04-02,2025-04-27,25,Routine,1,1,False,Semi-Urban Outpost
P-000662,DEP-V2-0002266,4,2025-04-01,2025-04-03,2025-04-25,22,High Tempo,5,4,True,Remote/Difficult Terrain
P-000662,DEP-V2-0002267,5,2025-05-01,2025-05-03,2025-05-25,22,High Tempo,5,5,True,High Altitude/Extreme
P-000662,DEP-V2-0002268,6,2025-06-01,2025-06-05,2025-06-25,20,Extended,4,5,True,High Altitude/Extreme
P-000662,DEP-V2-0002269,7,2025-07-01,2025-07-02,2025-07-23,21,Extended,4,5,True,Remote/Difficult Terrain
P-000662,DEP-V2-0002270,8,2025-08-01,2025-08-03,2025-08-27,24,High Tempo,4,4,True,Remote/Difficult Terrain
P-000662,DEP-V2-0002271,9,2025-09-01,2025-09-02,2025-09-25,23,Extended,5,5,True,High Altitude/Extreme
P-000662,DEP-V2-0002272,10,2025-10-01,2025-10-03,2025-10-24,21,High Tempo,4,5,True,Remote/Difficult Terrain
P-000662,DEP-V2-0002273,11,2025-11-01,2025-11-03,2025-11-24,21,High Tempo,5,4,True,High Altitude/Extreme
P-000663,DEP-V2-0002274,4,2025-04-01,2025-04-04,2025-04-25,21,Routine,2,1,False,Urban Base
P-000664,DEP-V2-0002275,4,2025-04-01,2025-04-05,2025-04-27,22,High Tempo,4,5,True,High Altitude/Extreme
P-000664,DEP-V2-0002276,5,2025-05-01,2025-05-04,2025-05-27,23,High Tempo,5,4,True,Remote/Difficult Terrain
P-000664,DEP-V2-0002277,6,2025-06-01,2025-06-04,2025-06-25,21,High Tempo,5,5,True,Remote/Difficult Terrain
P-000664,DEP-V2-0002278,7,2025-07-01,2025-07-02,2025-07-23,21,Extended,5,4,True,High Altitude/Extreme
P-000664,DEP-V2-0002279,8,2025-08-01,2025-08-04,2025-08-27,23,Extended,4,4,True,High Altitude/Extreme
P-000664,DEP-V2-0002280,9,2025-09-01,2025-09-03,2025-09-28,25,High Tempo,5,5,True,Remote/Difficult Terrain
P-000664,DEP-V2-0002281,10,2025-10-01,2025-10-03,2025-10-23,20,High Tempo,5,4,True,Remote/Difficult Terrain
P-000664,DEP-V2-0002282,11,2025-11-01,2025-11-05,2025-11-24,19,High Tempo,5,4,True,Remote/Difficult Terrain
P-000666,DEP-V2-0002283,3,2025-03-01,2025-03-05,2025-03-26,21,Extended,4,4,True,High Altitude/Extreme
P-000666,DEP-V2-0002284,4,2025-04-01,2025-04-03,2025-04-26,23,Extended,5,5,True,High Altitude/Extreme
P-000666,DEP-V2-0002285,5,2025-05-01,2025-05-02,2025-05-25,23,Extended,4,5,True,High Altitude/Extreme
P-000666,DEP-V2-0002286,6,2025-06-01,2025-06-03,2025-06-27,24,Extended,4,5,True,High Altitude/Extreme
P-000666,DEP-V2-0002287,7,2025-07-01,2025-07-04,2025-07-28,24,Extended,3,4,True,Remote/Difficult Terrain
P-000666,DEP-V2-0002288,8,2025-08-01,2025-08-02,2025-08-25,23,Extended,4,4,True,Remote/Difficult Terrain
P-000666,DEP-V2-0002289,9,2025-09-01,2025-09-02,2025-09-25,23,Extended,4,5,True,High Altitude/Extreme
P-000667,DEP-V2-0002290,4,2025-04-01,2025-04-03,2025-04-23,20,Routine,1,2,False,Urban Base
P-000667,DEP-V2-0002291,5,2025-05-01,2025-05-02,2025-05-24,22,Routine,2,1,False,Urban Base
P-000668,DEP-V2-0002292,4,2025-04-01,2025-04-03,2025-04-23,20,Extended,5,4,True,High Altitude/Extreme
P-000668,DEP-V2-0002293,5,2025-05-01,2025-05-02,2025-05-24,22,Extended,4,5,True,High Altitude/Extreme
P-000668,DEP-V2-0002294,6,2025-06-01,2025-06-02,2025-06-26,24,High Tempo,5,4,True,High Altitude/Extreme
P-000668,DEP-V2-0002295,7,2025-07-01,2025-07-02,2025-07-23,21,Extended,5,5,True,Remote/Difficult Terrain
P-000668,DEP-V2-0002296,8,2025-08-01,2025-08-02,2025-08-24,22,High Tempo,4,5,True,High Altitude/Extreme
P-000668,DEP-V2-0002297,9,2025-09-01,2025-09-02,2025-09-27,25,Extended,5,5,True,Remote/Difficult Terrain
P-000668,DEP-V2-0002298,10,2025-10-01,2025-10-03,2025-10-25,22,Extended,4,4,True,High Altitude/Extreme
P-000668,DEP-V2-0002299,11,2025-11-01,2025-11-05,2025-11-27,22,Extended,5,5,True,Remote/Difficult Terrain
P-000669,DEP-V2-0002300,5,2025-05-01,2025-05-02,2025-05-27,25,Routine,2,2,False,Urban Base
P-000670,DEP-V2-0002301,2,2025-02-01,2025-02-03,2025-02-26,23,High Tempo,4,4,True,Remote/Difficult Terrain
P-000670,DEP-V2-0002302,3,2025-03-01,2025-03-03,2025-03-24,21,High Tempo,4,4,True,Remote/Difficult Terrain
P-000670,DEP-V2-0002303,4,2025-04-01,2025-04-05,2025-04-28,23,High Tempo,4,4,True,Remote/Difficult Terrain
P-000670,DEP-V2-0002304,5,2025-05-01,2025-05-02,2025-05-25,23,High Tempo,4,4,True,Remote/Difficult Terrain
P-000671,DEP-V2-0002305,3,2025-03-01,2025-03-02,2025-03-27,25,Extended,4,4,True,Remote/Difficult Terrain
P-000671,DEP-V2-0002306,4,2025-04-01,2025-04-05,2025-04-24,19,Extended,5,4,True,Remote/Difficult Terrain
P-000671,DEP-V2-0002307,5,2025-05-01,2025-05-05,2025-05-27,22,Extended,3,4,True,High Altitude/Extreme
P-000671,DEP-V2-0002308,6,2025-06-01,2025-06-03,2025-06-23,20,Extended,4,5,True,Remote/Difficult Terrain
P-000671,DEP-V2-0002309,7,2025-07-01,2025-07-02,2025-07-25,23,Extended,4,5,True,High Altitude/Extreme
P-000671,DEP-V2-0002310,8,2025-08-01,2025-08-05,2025-08-26,21,Extended,4,5,True,Remote/Difficult Terrain
P-000671,DEP-V2-0002311,9,2025-09-01,2025-09-04,2025-09-24,20,Extended,4,4,True,Remote/Difficult Terrain
P-000672,DEP-V2-0002312,3,2025-03-01,2025-03-04,2025-03-23,19,Extended,4,4,True,Remote/Difficult Terrain
P-000672,DEP-V2-0002313,4,2025-04-01,2025-04-04,2025-04-26,22,Extended,4,5,True,Remote/Difficult Terrain
P-000672,DEP-V2-0002314,5,2025-05-01,2025-05-05,2025-05-23,18,Extended,3,5,True,High Altitude/Extreme
P-000672,DEP-V2-0002315,6,2025-06-01,2025-06-04,2025-06-23,19,Extended,5,5,True,Remote/Difficult Terrain
P-000672,DEP-V2-0002316,7,2025-07-01,2025-07-05,2025-07-23,18,Extended,4,5,True,Remote/Difficult Terrain
P-000672,DEP-V2-0002317,8,2025-08-01,2025-08-03,2025-08-28,25,Extended,4,4,True,Remote/Difficult Terrain
P-000672,DEP-V2-0002318,9,2025-09-01,2025-09-03,2025-09-24,21,Extended,5,4,True,Remote/Difficult Terrain
P-000673,DEP-V2-0002319,4,2025-04-01,2025-04-02,2025-04-25,23,High Tempo,4,3,True,Semi-Urban Outpost
P-000673,DEP-V2-0002320,5,2025-05-01,2025-05-03,2025-05-28,25,High Tempo,4,3,True,Remote/Difficult Terrain
P-000673,DEP-V2-0002321,6,2025-06-01,2025-06-05,2025-06-26,21,High Tempo,3,4,True,Remote/Difficult Terrain
P-000673,DEP-V2-0002322,7,2025-07-01,2025-07-03,2025-07-27,24,High Tempo,5,3,True,Remote/Difficult Terrain
P-000673,DEP-V2-0002323,8,2025-08-01,2025-08-03,2025-08-28,25,High Tempo,3,3,False,Semi-Urban Outpost
P-000674,DEP-V2-0002324,6,2025-06-01,2025-06-03,2025-06-26,23,High Tempo,4,3,True,Semi-Urban Outpost
P-000674,DEP-V2-0002325,7,2025-07-01,2025-07-03,2025-07-25,22,High Tempo,4,3,True,Semi-Urban Outpost
P-000675,DEP-V2-0002326,6,2025-06-01,2025-06-02,2025-06-28,26,High Tempo,4,3,True,Semi-Urban Outpost
P-000675,DEP-V2-0002327,7,2025-07-01,2025-07-02,2025-07-25,23,High Tempo,4,3,True,Semi-Urban Outpost
P-000676,DEP-V2-0002328,3,2025-03-01,2025-03-04,2025-03-24,20,Extended,4,5,True,High Altitude/Extreme
P-000676,DEP-V2-0002329,4,2025-04-01,2025-04-04,2025-04-24,20,Extended,5,4,True,Remote/Difficult Terrain
P-000676,DEP-V2-0002330,5,2025-05-01,2025-05-02,2025-05-24,22,Extended,3,5,True,High Altitude/Extreme
P-000676,DEP-V2-0002331,6,2025-06-01,2025-06-03,2025-06-27,24,Extended,5,4,True,Remote/Difficult Terrain
P-000676,DEP-V2-0002332,7,2025-07-01,2025-07-05,2025-07-23,18,Extended,4,4,True,Remote/Difficult Terrain
P-000676,DEP-V2-0002333,8,2025-08-01,2025-08-03,2025-08-26,23,Extended,4,5,True,High Altitude/Extreme
P-000676,DEP-V2-0002334,9,2025-09-01,2025-09-02,2025-09-24,22,Extended,4,4,True,High Altitude/Extreme
P-000677,DEP-V2-0002335,4,2025-04-01,2025-04-02,2025-04-23,21,Routine,1,2,False,Urban Base
P-000677,DEP-V2-0002336,5,2025-05-01,2025-05-05,2025-05-24,19,Routine,1,1,False,Urban Base
P-000678,DEP-V2-0002337,4,2025-04-01,2025-04-05,2025-04-24,19,Routine,2,1,False,Urban Base
P-000679,DEP-V2-0002338,3,2025-03-01,2025-03-03,2025-03-24,21,Extended,4,5,True,High Altitude/Extreme
P-000679,DEP-V2-0002339,4,2025-04-01,2025-04-04,2025-04-26,22,Extended,4,5,True,Remote/Difficult Terrain
P-000679,DEP-V2-0002340,5,2025-05-01,2025-05-02,2025-05-26,24,Extended,4,4,True,Remote/Difficult Terrain
P-000679,DEP-V2-0002341,6,2025-06-01,2025-06-03,2025-06-28,25,Extended,4,4,True,High Altitude/Extreme
P-000679,DEP-V2-0002342,7,2025-07-01,2025-07-04,2025-07-27,23,Extended,4,5,True,Remote/Difficult Terrain
P-000679,DEP-V2-0002343,8,2025-08-01,2025-08-03,2025-08-28,25,Extended,3,5,True,Remote/Difficult Terrain
P-000679,DEP-V2-0002344,9,2025-09-01,2025-09-04,2025-09-27,23,Extended,4,4,True,Remote/Difficult Terrain
P-000680,DEP-V2-0002345,4,2025-04-01,2025-04-05,2025-04-23,18,High Tempo,5,5,True,High Altitude/Extreme
P-000680,DEP-V2-0002346,5,2025-05-01,2025-05-02,2025-05-25,23,Extended,5,5,True,High Altitude/Extreme
P-000680,DEP-V2-0002347,6,2025-06-01,2025-06-05,2025-06-25,20,Extended,4,5,True,Remote/Difficult Terrain
P-000680,DEP-V2-0002348,7,2025-07-01,2025-07-05,2025-07-26,21,Extended,4,5,True,Remote/Difficult Terrain
P-000680,DEP-V2-0002349,8,2025-08-01,2025-08-05,2025-08-25,20,Extended,4,5,True,Remote/Difficult Terrain
P-000680,DEP-V2-0002350,9,2025-09-01,2025-09-02,2025-09-27,25,Extended,4,4,True,Remote/Difficult Terrain
P-000680,DEP-V2-0002351,10,2025-10-01,2025-10-03,2025-10-23,20,High Tempo,5,5,True,High Altitude/Extreme
P-000680,DEP-V2-0002352,11,2025-11-01,2025-11-05,2025-11-26,21,High Tempo,5,4,True,Remote/Difficult Terrain
P-000681,DEP-V2-0002353,4,2025-04-01,2025-04-05,2025-04-26,21,Extended,5,5,True,High Altitude/Extreme
P-000681,DEP-V2-0002354,5,2025-05-01,2025-05-04,2025-05-24,20,High Tempo,5,5,True,High Altitude/Extreme
P-000681,DEP-V2-0002355,6,2025-06-01,2025-06-03,2025-06-26,23,Extended,4,4,True,Remote/Difficult Terrain
P-000681,DEP-V2-0002356,7,2025-07-01,2025-07-02,2025-07-23,21,High Tempo,5,4,True,Remote/Difficult Terrain
P-000681,DEP-V2-0002357,8,2025-08-01,2025-08-02,2025-08-24,22,High Tempo,5,4,True,High Altitude/Extreme
P-000681,DEP-V2-0002358,9,2025-09-01,2025-09-03,2025-09-23,20,High Tempo,4,5,True,Remote/Difficult Terrain
P-000681,DEP-V2-0002359,10,2025-10-01,2025-10-04,2025-10-28,24,High Tempo,4,5,True,High Altitude/Extreme
P-000681,DEP-V2-0002360,11,2025-11-01,2025-11-05,2025-11-26,21,High Tempo,4,5,True,Remote/Difficult Terrain
P-000682,DEP-V2-0002361,4,2025-04-01,2025-04-02,2025-04-28,26,Extended,4,4,True,High Altitude/Extreme
P-000682,DEP-V2-0002362,5,2025-05-01,2025-05-03,2025-05-27,24,High Tempo,4,4,True,High Altitude/Extreme
P-000682,DEP-V2-0002363,6,2025-06-01,2025-06-02,2025-06-24,22,High Tempo,4,5,True,High Altitude/Extreme
P-000682,DEP-V2-0002364,7,2025-07-01,2025-07-03,2025-07-25,22,High Tempo,5,5,True,High Altitude/Extreme
P-000682,DEP-V2-0002365,8,2025-08-01,2025-08-03,2025-08-25,22,High Tempo,4,4,True,Remote/Difficult Terrain
P-000682,DEP-V2-0002366,9,2025-09-01,2025-09-02,2025-09-23,21,High Tempo,5,5,True,High Altitude/Extreme
P-000682,DEP-V2-0002367,10,2025-10-01,2025-10-02,2025-10-27,25,High Tempo,5,5,True,Remote/Difficult Terrain
P-000682,DEP-V2-0002368,11,2025-11-01,2025-11-05,2025-11-27,22,High Tempo,4,5,True,High Altitude/Extreme
P-000683,DEP-V2-0002369,4,2025-04-01,2025-04-02,2025-04-28,26,Routine,2,1,False,Urban Base
P-000684,DEP-V2-0002370,4,2025-04-01,2025-04-02,2025-04-23,21,Routine,1,2,False,Urban Base
P-000685,DEP-V2-0002371,4,2025-04-01,2025-04-03,2025-04-25,22,High Tempo,3,3,False,Semi-Urban Outpost
P-000685,DEP-V2-0002372,5,2025-05-01,2025-05-05,2025-05-23,18,High Tempo,4,3,True,Semi-Urban Outpost
P-000685,DEP-V2-0002373,6,2025-06-01,2025-06-05,2025-06-25,20,High Tempo,4,3,True,Remote/Difficult Terrain
P-000685,DEP-V2-0002374,7,2025-07-01,2025-07-02,2025-07-23,21,High Tempo,4,3,True,Remote/Difficult Terrain
P-000685,DEP-V2-0002375,8,2025-08-01,2025-08-03,2025-08-24,21,High Tempo,4,3,True,Remote/Difficult Terrain
P-000687,DEP-V2-0002376,3,2025-03-01,2025-03-05,2025-03-28,23,Extended,4,4,True,High Altitude/Extreme
P-000687,DEP-V2-0002377,4,2025-04-01,2025-04-05,2025-04-26,21,Extended,4,5,True,Remote/Difficult Terrain
P-000687,DEP-V2-0002378,5,2025-05-01,2025-05-04,2025-05-27,23,Extended,3,4,True,Remote/Difficult Terrain
P-000687,DEP-V2-0002379,6,2025-06-01,2025-06-03,2025-06-25,22,Extended,4,4,True,Remote/Difficult Terrain
P-000687,DEP-V2-0002380,7,2025-07-01,2025-07-05,2025-07-25,20,Extended,4,4,True,Remote/Difficult Terrain
P-000687,DEP-V2-0002381,8,2025-08-01,2025-08-05,2025-08-24,19,Extended,3,5,True,High Altitude/Extreme
P-000687,DEP-V2-0002382,9,2025-09-01,2025-09-04,2025-09-25,21,Extended,5,4,True,High Altitude/Extreme
P-000688,DEP-V2-0002383,6,2025-06-01,2025-06-04,2025-06-24,20,High Tempo,4,3,True,Semi-Urban Outpost
P-000688,DEP-V2-0002384,7,2025-07-01,2025-07-02,2025-07-24,22,High Tempo,4,3,True,Semi-Urban Outpost
P-000689,DEP-V2-0002385,4,2025-04-01,2025-04-03,2025-04-28,25,Routine,1,1,False,Urban Base
P-000689,DEP-V2-0002386,5,2025-05-01,2025-05-02,2025-05-26,24,Routine,2,1,False,Urban Base
P-000691,DEP-V2-0002387,6,2025-06-01,2025-06-02,2025-06-24,22,High Tempo,4,3,True,Semi-Urban Outpost
P-000691,DEP-V2-0002388,7,2025-07-01,2025-07-05,2025-07-23,18,High Tempo,4,3,True,Semi-Urban Outpost
P-000693,DEP-V2-0002389,4,2025-04-01,2025-04-04,2025-04-26,22,High Tempo,5,5,True,Remote/Difficult Terrain
P-000693,DEP-V2-0002390,5,2025-05-01,2025-05-04,2025-05-23,19,High Tempo,4,5,True,High Altitude/Extreme
P-000693,DEP-V2-0002391,6,2025-06-01,2025-06-05,2025-06-28,23,Extended,5,4,True,Remote/Difficult Terrain
P-000693,DEP-V2-0002392,7,2025-07-01,2025-07-04,2025-07-28,24,High Tempo,5,5,True,High Altitude/Extreme
P-000693,DEP-V2-0002393,8,2025-08-01,2025-08-05,2025-08-27,22,High Tempo,5,5,True,High Altitude/Extreme
P-000693,DEP-V2-0002394,9,2025-09-01,2025-09-05,2025-09-24,19,Extended,4,5,True,Remote/Difficult Terrain
P-000693,DEP-V2-0002395,10,2025-10-01,2025-10-04,2025-10-26,22,Extended,5,5,True,High Altitude/Extreme
P-000693,DEP-V2-0002396,11,2025-11-01,2025-11-04,2025-11-25,21,High Tempo,4,5,True,High Altitude/Extreme
P-000694,DEP-V2-0002397,4,2025-04-01,2025-04-05,2025-04-27,22,Routine,2,1,False,Semi-Urban Outpost
P-000696,DEP-V2-0002398,4,2025-04-01,2025-04-02,2025-04-26,24,High Tempo,4,3,True,Remote/Difficult Terrain
P-000696,DEP-V2-0002399,5,2025-05-01,2025-05-05,2025-05-23,18,High Tempo,4,3,True,Remote/Difficult Terrain
P-000696,DEP-V2-0002400,6,2025-06-01,2025-06-03,2025-06-28,25,High Tempo,3,4,True,Remote/Difficult Terrain
P-000696,DEP-V2-0002401,7,2025-07-01,2025-07-05,2025-07-25,20,High Tempo,4,4,True,Remote/Difficult Terrain
P-000696,DEP-V2-0002402,8,2025-08-01,2025-08-03,2025-08-25,22,High Tempo,4,4,True,Semi-Urban Outpost
P-000697,DEP-V2-0002403,3,2025-03-01,2025-03-02,2025-03-23,21,Extended,3,4,True,Remote/Difficult Terrain
P-000697,DEP-V2-0002404,4,2025-04-01,2025-04-02,2025-04-28,26,Extended,3,5,True,High Altitude/Extreme
P-000697,DEP-V2-0002405,5,2025-05-01,2025-05-04,2025-05-23,19,Extended,3,5,True,Remote/Difficult Terrain
P-000697,DEP-V2-0002406,6,2025-06-01,2025-06-04,2025-06-27,23,Extended,5,4,True,Remote/Difficult Terrain
P-000697,DEP-V2-0002407,7,2025-07-01,2025-07-02,2025-07-28,26,Extended,4,4,True,Remote/Difficult Terrain
P-000697,DEP-V2-0002408,8,2025-08-01,2025-08-04,2025-08-28,24,Extended,4,5,True,Remote/Difficult Terrain
P-000697,DEP-V2-0002409,9,2025-09-01,2025-09-05,2025-09-27,22,Extended,3,4,True,High Altitude/Extreme
P-000699,DEP-V2-0002410,3,2025-03-01,2025-03-03,2025-03-26,23,Extended,3,5,True,High Altitude/Extreme
P-000699,DEP-V2-0002411,4,2025-04-01,2025-04-05,2025-04-23,18,Extended,4,4,True,High Altitude/Extreme
P-000699,DEP-V2-0002412,5,2025-05-01,2025-05-03,2025-05-24,21,Extended,4,5,True,High Altitude/Extreme
P-000699,DEP-V2-0002413,6,2025-06-01,2025-06-02,2025-06-24,22,Extended,5,5,True,Remote/Difficult Terrain
P-000699,DEP-V2-0002414,7,2025-07-01,2025-07-03,2025-07-28,25,Extended,5,5,True,Remote/Difficult Terrain
P-000699,DEP-V2-0002415,8,2025-08-01,2025-08-05,2025-08-28,23,Extended,3,4,True,Remote/Difficult Terrain
P-000699,DEP-V2-0002416,9,2025-09-01,2025-09-02,2025-09-27,25,Extended,4,5,True,Remote/Difficult Terrain
P-000700,DEP-V2-0002417,4,2025-04-01,2025-04-02,2025-04-28,26,High Tempo,3,3,False,Semi-Urban Outpost
P-000700,DEP-V2-0002418,5,2025-05-01,2025-05-03,2025-05-26,23,High Tempo,5,3,True,Semi-Urban Outpost
P-000700,DEP-V2-0002419,6,2025-06-01,2025-06-05,2025-06-27,22,High Tempo,3,3,False,Semi-Urban Outpost
P-000700,DEP-V2-0002420,7,2025-07-01,2025-07-05,2025-07-26,21,High Tempo,4,3,True,Remote/Difficult Terrain
P-000700,DEP-V2-0002421,8,2025-08-01,2025-08-03,2025-08-23,20,High Tempo,3,3,False,Semi-Urban Outpost
P-000701,DEP-V2-0002422,4,2025-04-01,2025-04-03,2025-04-24,21,High Tempo,4,3,True,Semi-Urban Outpost
P-000701,DEP-V2-0002423,5,2025-05-01,2025-05-03,2025-05-24,21,High Tempo,5,4,True,Semi-Urban Outpost
P-000701,DEP-V2-0002424,6,2025-06-01,2025-06-03,2025-06-24,21,High Tempo,3,3,False,Semi-Urban Outpost
P-000701,DEP-V2-0002425,7,2025-07-01,2025-07-05,2025-07-25,20,High Tempo,5,4,True,Remote/Difficult Terrain
P-000701,DEP-V2-0002426,8,2025-08-01,2025-08-04,2025-08-27,23,High Tempo,4,4,True,Semi-Urban Outpost
P-000702,DEP-V2-0002427,4,2025-04-01,2025-04-05,2025-04-23,18,Routine,1,1,False,Urban Base
P-000706,DEP-V2-0002428,3,2025-03-01,2025-03-04,2025-03-28,24,Extended,4,4,True,Remote/Difficult Terrain
P-000706,DEP-V2-0002429,4,2025-04-01,2025-04-04,2025-04-25,21,Extended,4,5,True,High Altitude/Extreme
P-000706,DEP-V2-0002430,5,2025-05-01,2025-05-04,2025-05-26,22,Extended,3,5,True,Remote/Difficult Terrain
P-000706,DEP-V2-0002431,6,2025-06-01,2025-06-04,2025-06-24,20,Extended,4,4,True,High Altitude/Extreme
P-000706,DEP-V2-0002432,7,2025-07-01,2025-07-02,2025-07-28,26,Extended,3,5,True,Remote/Difficult Terrain
P-000706,DEP-V2-0002433,8,2025-08-01,2025-08-02,2025-08-28,26,Extended,4,5,True,High Altitude/Extreme
P-000706,DEP-V2-0002434,9,2025-09-01,2025-09-04,2025-09-26,22,Extended,4,5,True,High Altitude/Extreme
P-000708,DEP-V2-0002435,4,2025-04-01,2025-04-02,2025-04-27,25,High Tempo,4,5,True,High Altitude/Extreme
P-000708,DEP-V2-0002436,5,2025-05-01,2025-05-04,2025-05-26,22,Extended,4,5,True,Remote/Difficult Terrain
P-000708,DEP-V2-0002437,6,2025-06-01,2025-06-04,2025-06-27,23,High Tempo,4,4,True,High Altitude/Extreme
P-000708,DEP-V2-0002438,7,2025-07-01,2025-07-03,2025-07-24,21,Extended,5,5,True,Remote/Difficult Terrain
P-000708,DEP-V2-0002439,8,2025-08-01,2025-08-02,2025-08-24,22,High Tempo,5,5,True,Remote/Difficult Terrain
P-000708,DEP-V2-0002440,9,2025-09-01,2025-09-05,2025-09-24,19,Extended,5,4,True,High Altitude/Extreme
P-000708,DEP-V2-0002441,10,2025-10-01,2025-10-04,2025-10-27,23,Extended,5,5,True,High Altitude/Extreme
P-000708,DEP-V2-0002442,11,2025-11-01,2025-11-05,2025-11-28,23,Extended,5,5,True,Remote/Difficult Terrain
P-000710,DEP-V2-0002443,4,2025-04-01,2025-04-02,2025-04-24,22,High Tempo,5,4,True,Remote/Difficult Terrain
P-000710,DEP-V2-0002444,5,2025-05-01,2025-05-05,2025-05-24,19,High Tempo,3,3,False,Semi-Urban Outpost
P-000710,DEP-V2-0002445,6,2025-06-01,2025-06-04,2025-06-24,20,High Tempo,4,3,True,Semi-Urban Outpost
P-000710,DEP-V2-0002446,7,2025-07-01,2025-07-03,2025-07-24,21,High Tempo,5,3,True,Remote/Difficult Terrain
P-000710,DEP-V2-0002447,8,2025-08-01,2025-08-04,2025-08-23,19,High Tempo,3,3,False,Remote/Difficult Terrain
P-000711,DEP-V2-0002448,4,2025-04-01,2025-04-05,2025-04-24,19,Routine,1,1,False,Urban Base
P-000712,DEP-V2-0002449,4,2025-04-01,2025-04-02,2025-04-27,25,High Tempo,5,3,True,Remote/Difficult Terrain
P-000712,DEP-V2-0002450,5,2025-05-01,2025-05-05,2025-05-26,21,High Tempo,3,3,False,Semi-Urban Outpost
P-000712,DEP-V2-0002451,6,2025-06-01,2025-06-04,2025-06-25,21,High Tempo,4,3,True,Semi-Urban Outpost
P-000712,DEP-V2-0002452,7,2025-07-01,2025-07-02,2025-07-25,23,High Tempo,4,3,True,Remote/Difficult Terrain
P-000712,DEP-V2-0002453,8,2025-08-01,2025-08-05,2025-08-26,21,High Tempo,3,3,False,Remote/Difficult Terrain
P-000713,DEP-V2-0002454,4,2025-04-01,2025-04-04,2025-04-25,21,Routine,2,1,False,Urban Base
P-000715,DEP-V2-0002455,3,2025-03-01,2025-03-05,2025-03-28,23,Extended,4,5,True,High Altitude/Extreme
P-000715,DEP-V2-0002456,4,2025-04-01,2025-04-02,2025-04-26,24,Extended,3,5,True,Remote/Difficult Terrain
P-000715,DEP-V2-0002457,5,2025-05-01,2025-05-04,2025-05-23,19,Extended,4,4,True,High Altitude/Extreme
P-000715,DEP-V2-0002458,6,2025-06-01,2025-06-05,2025-06-24,19,Extended,3,4,True,High Altitude/Extreme
P-000715,DEP-V2-0002459,7,2025-07-01,2025-07-03,2025-07-24,21,Extended,3,4,True,High Altitude/Extreme
P-000715,DEP-V2-0002460,8,2025-08-01,2025-08-03,2025-08-28,25,Extended,4,5,True,Remote/Difficult Terrain
P-000715,DEP-V2-0002461,9,2025-09-01,2025-09-03,2025-09-23,20,Extended,4,5,True,Remote/Difficult Terrain
P-000716,DEP-V2-0002462,4,2025-04-01,2025-04-04,2025-04-26,22,High Tempo,5,4,True,Remote/Difficult Terrain
P-000716,DEP-V2-0002463,5,2025-05-01,2025-05-04,2025-05-27,23,High Tempo,3,3,False,Semi-Urban Outpost
P-000716,DEP-V2-0002464,6,2025-06-01,2025-06-04,2025-06-27,23,High Tempo,4,3,True,Semi-Urban Outpost
P-000716,DEP-V2-0002465,7,2025-07-01,2025-07-02,2025-07-25,23,High Tempo,4,3,True,Remote/Difficult Terrain
P-000716,DEP-V2-0002466,8,2025-08-01,2025-08-05,2025-08-25,20,High Tempo,4,4,True,Semi-Urban Outpost
P-000717,DEP-V2-0002467,4,2025-04-01,2025-04-05,2025-04-27,22,Routine,2,1,False,Urban Base
P-000717,DEP-V2-0002468,5,2025-05-01,2025-05-03,2025-05-26,23,Routine,1,2,False,Urban Base
P-000719,DEP-V2-0002469,4,2025-04-01,2025-04-03,2025-04-26,23,High Tempo,5,4,True,Remote/Difficult Terrain
P-000719,DEP-V2-0002470,5,2025-05-01,2025-05-05,2025-05-23,18,High Tempo,3,4,True,Semi-Urban Outpost
P-000719,DEP-V2-0002471,6,2025-06-01,2025-06-02,2025-06-26,24,High Tempo,4,4,True,Remote/Difficult Terrain
P-000719,DEP-V2-0002472,7,2025-07-01,2025-07-04,2025-07-28,24,High Tempo,4,4,True,Semi-Urban Outpost
P-000719,DEP-V2-0002473,8,2025-08-01,2025-08-03,2025-08-26,23,High Tempo,3,4,True,Semi-Urban Outpost
P-000720,DEP-V2-0002474,5,2025-05-01,2025-05-03,2025-05-24,21,Routine,2,1,False,Semi-Urban Outpost
P-000721,DEP-V2-0002475,5,2025-05-01,2025-05-03,2025-05-26,23,Routine,2,1,False,Urban Base
P-000722,DEP-V2-0002476,4,2025-04-01,2025-04-03,2025-04-23,20,High Tempo,5,5,True,High Altitude/Extreme
P-000722,DEP-V2-0002477,5,2025-05-01,2025-05-04,2025-05-24,20,High Tempo,5,4,True,Remote/Difficult Terrain
P-000722,DEP-V2-0002478,6,2025-06-01,2025-06-03,2025-06-23,20,Extended,5,5,True,High Altitude/Extreme
P-000722,DEP-V2-0002479,7,2025-07-01,2025-07-03,2025-07-26,23,Extended,5,5,True,High Altitude/Extreme
P-000722,DEP-V2-0002480,8,2025-08-01,2025-08-05,2025-08-26,21,High Tempo,4,5,True,High Altitude/Extreme
P-000722,DEP-V2-0002481,9,2025-09-01,2025-09-03,2025-09-27,24,High Tempo,4,5,True,High Altitude/Extreme
P-000722,DEP-V2-0002482,10,2025-10-01,2025-10-02,2025-10-23,21,High Tempo,5,5,True,High Altitude/Extreme
P-000722,DEP-V2-0002483,11,2025-11-01,2025-11-02,2025-11-25,23,High Tempo,5,5,True,Remote/Difficult Terrain
P-000725,DEP-V2-0002484,4,2025-04-01,2025-04-04,2025-04-25,21,Routine,1,2,False,Urban Base
P-000726,DEP-V2-0002485,4,2025-04-01,2025-04-05,2025-04-23,18,Routine,2,2,False,Urban Base
P-000726,DEP-V2-0002486,5,2025-05-01,2025-05-04,2025-05-27,23,Routine,2,2,False,Urban Base
P-000727,DEP-V2-0002487,4,2025-04-01,2025-04-03,2025-04-28,25,High Tempo,5,5,True,High Altitude/Extreme
P-000727,DEP-V2-0002488,5,2025-05-01,2025-05-03,2025-05-24,21,Extended,4,4,True,Remote/Difficult Terrain
P-000727,DEP-V2-0002489,6,2025-06-01,2025-06-04,2025-06-23,19,Extended,5,5,True,High Altitude/Extreme
P-000727,DEP-V2-0002490,7,2025-07-01,2025-07-04,2025-07-24,20,High Tempo,5,4,True,High Altitude/Extreme
P-000727,DEP-V2-0002491,8,2025-08-01,2025-08-03,2025-08-26,23,High Tempo,4,5,True,High Altitude/Extreme
P-000727,DEP-V2-0002492,9,2025-09-01,2025-09-02,2025-09-28,26,Extended,4,5,True,Remote/Difficult Terrain
P-000727,DEP-V2-0002493,10,2025-10-01,2025-10-02,2025-10-25,23,Extended,5,5,True,High Altitude/Extreme
P-000727,DEP-V2-0002494,11,2025-11-01,2025-11-05,2025-11-27,22,Extended,5,5,True,High Altitude/Extreme
P-000728,DEP-V2-0002495,4,2025-04-01,2025-04-03,2025-04-24,21,High Tempo,5,3,True,Remote/Difficult Terrain
P-000728,DEP-V2-0002496,5,2025-05-01,2025-05-05,2025-05-23,18,High Tempo,3,3,False,Remote/Difficult Terrain
P-000728,DEP-V2-0002497,6,2025-06-01,2025-06-04,2025-06-26,22,High Tempo,4,3,True,Semi-Urban Outpost
P-000728,DEP-V2-0002498,7,2025-07-01,2025-07-03,2025-07-27,24,High Tempo,4,3,True,Remote/Difficult Terrain
P-000728,DEP-V2-0002499,8,2025-08-01,2025-08-03,2025-08-24,21,High Tempo,4,3,True,Semi-Urban Outpost
P-000729,DEP-V2-0002500,4,2025-04-01,2025-04-05,2025-04-25,20,Routine,2,2,False,Semi-Urban Outpost
P-000730,DEP-V2-0002501,5,2025-05-01,2025-05-04,2025-05-28,24,Routine,1,1,False,Urban Base
P-000731,DEP-V2-0002502,5,2025-05-01,2025-05-02,2025-05-24,22,Routine,2,1,False,Urban Base
P-000732,DEP-V2-0002503,5,2025-05-01,2025-05-04,2025-05-23,19,Routine,2,1,False,Urban Base
P-000733,DEP-V2-0002504,3,2025-03-01,2025-03-03,2025-03-23,20,Extended,3,4,True,Remote/Difficult Terrain
P-000733,DEP-V2-0002505,4,2025-04-01,2025-04-04,2025-04-24,20,Extended,4,5,True,Remote/Difficult Terrain
P-000733,DEP-V2-0002506,5,2025-05-01,2025-05-03,2025-05-28,25,Extended,3,5,True,High Altitude/Extreme
P-000733,DEP-V2-0002507,6,2025-06-01,2025-06-05,2025-06-24,19,Extended,4,5,True,High Altitude/Extreme
P-000733,DEP-V2-0002508,7,2025-07-01,2025-07-05,2025-07-23,18,Extended,5,5,True,Remote/Difficult Terrain
P-000733,DEP-V2-0002509,8,2025-08-01,2025-08-02,2025-08-24,22,Extended,4,5,True,Remote/Difficult Terrain
P-000733,DEP-V2-0002510,9,2025-09-01,2025-09-02,2025-09-24,22,Extended,4,5,True,High Altitude/Extreme
P-000734,DEP-V2-0002511,4,2025-04-01,2025-04-03,2025-04-23,20,Extended,5,5,True,Remote/Difficult Terrain
P-000734,DEP-V2-0002512,5,2025-05-01,2025-05-05,2025-05-23,18,Extended,4,5,True,High Altitude/Extreme
P-000734,DEP-V2-0002513,6,2025-06-01,2025-06-04,2025-06-27,23,High Tempo,5,5,True,Remote/Difficult Terrain
P-000734,DEP-V2-0002514,7,2025-07-01,2025-07-04,2025-07-24,20,High Tempo,5,4,True,High Altitude/Extreme
P-000734,DEP-V2-0002515,8,2025-08-01,2025-08-05,2025-08-25,20,Extended,4,5,True,Remote/Difficult Terrain
P-000734,DEP-V2-0002516,9,2025-09-01,2025-09-05,2025-09-27,22,Extended,4,5,True,Remote/Difficult Terrain
P-000734,DEP-V2-0002517,10,2025-10-01,2025-10-03,2025-10-25,22,High Tempo,4,4,True,Remote/Difficult Terrain
P-000734,DEP-V2-0002518,11,2025-11-01,2025-11-02,2025-11-24,22,Extended,5,5,True,High Altitude/Extreme
P-000735,DEP-V2-0002519,5,2025-05-01,2025-05-05,2025-05-23,18,Routine,1,1,False,Urban Base
P-000736,DEP-V2-0002520,3,2025-03-01,2025-03-02,2025-03-27,25,Extended,4,4,True,Remote/Difficult Terrain
P-000736,DEP-V2-0002521,4,2025-04-01,2025-04-03,2025-04-25,22,Extended,4,5,True,High Altitude/Extreme
P-000736,DEP-V2-0002522,5,2025-05-01,2025-05-05,2025-05-23,18,Extended,4,5,True,High Altitude/Extreme
P-000736,DEP-V2-0002523,6,2025-06-01,2025-06-02,2025-06-24,22,Extended,4,5,True,High Altitude/Extreme
P-000736,DEP-V2-0002524,7,2025-07-01,2025-07-04,2025-07-25,21,Extended,5,5,True,Remote/Difficult Terrain
P-000736,DEP-V2-0002525,8,2025-08-01,2025-08-04,2025-08-28,24,Extended,4,4,True,Remote/Difficult Terrain
P-000736,DEP-V2-0002526,9,2025-09-01,2025-09-04,2025-09-23,19,Extended,5,4,True,Remote/Difficult Terrain
P-000738,DEP-V2-0002527,4,2025-04-01,2025-04-05,2025-04-23,18,High Tempo,3,3,False,Remote/Difficult Terrain
P-000738,DEP-V2-0002528,5,2025-05-01,2025-05-04,2025-05-27,23,High Tempo,4,3,True,Semi-Urban Outpost
P-000738,DEP-V2-0002529,6,2025-06-01,2025-06-03,2025-06-23,20,High Tempo,4,3,True,Semi-Urban Outpost
P-000738,DEP-V2-0002530,7,2025-07-01,2025-07-02,2025-07-23,21,High Tempo,4,4,True,Semi-Urban Outpost
P-000738,DEP-V2-0002531,8,2025-08-01,2025-08-04,2025-08-28,24,High Tempo,3,3,False,Semi-Urban Outpost
P-000739,DEP-V2-0002532,4,2025-04-01,2025-04-04,2025-04-23,19,High Tempo,5,5,True,High Altitude/Extreme
P-000739,DEP-V2-0002533,5,2025-05-01,2025-05-03,2025-05-24,21,Extended,5,5,True,Remote/Difficult Terrain
P-000739,DEP-V2-0002534,6,2025-06-01,2025-06-02,2025-06-24,22,High Tempo,4,5,True,Remote/Difficult Terrain
P-000739,DEP-V2-0002535,7,2025-07-01,2025-07-03,2025-07-27,24,Extended,4,4,True,High Altitude/Extreme
P-000739,DEP-V2-0002536,8,2025-08-01,2025-08-03,2025-08-24,21,High Tempo,5,4,True,High Altitude/Extreme
P-000739,DEP-V2-0002537,9,2025-09-01,2025-09-05,2025-09-24,19,High Tempo,4,4,True,Remote/Difficult Terrain
P-000739,DEP-V2-0002538,10,2025-10-01,2025-10-05,2025-10-27,22,Extended,5,5,True,Remote/Difficult Terrain
P-000739,DEP-V2-0002539,11,2025-11-01,2025-11-02,2025-11-28,26,Extended,5,5,True,Remote/Difficult Terrain
P-000740,DEP-V2-0002540,5,2025-05-01,2025-05-04,2025-05-26,22,Routine,3,1,False,Urban Base
P-000741,DEP-V2-0002541,5,2025-05-01,2025-05-04,2025-05-28,24,Routine,1,1,False,Urban Base
P-000742,DEP-V2-0002542,4,2025-04-01,2025-04-04,2025-04-25,21,Routine,2,1,False,Urban Base
P-000743,DEP-V2-0002543,4,2025-04-01,2025-04-04,2025-04-26,22,High Tempo,5,4,True,Remote/Difficult Terrain
P-000743,DEP-V2-0002544,5,2025-05-01,2025-05-03,2025-05-26,23,High Tempo,3,3,False,Semi-Urban Outpost
P-000743,DEP-V2-0002545,6,2025-06-01,2025-06-03,2025-06-23,20,High Tempo,5,3,True,Semi-Urban Outpost
P-000743,DEP-V2-0002546,7,2025-07-01,2025-07-03,2025-07-25,22,High Tempo,5,4,True,Remote/Difficult Terrain
P-000743,DEP-V2-0002547,8,2025-08-01,2025-08-04,2025-08-27,23,High Tempo,5,3,True,Semi-Urban Outpost
P-000745,DEP-V2-0002548,5,2025-05-01,2025-05-03,2025-05-27,24,Routine,2,1,False,Urban Base
P-000746,DEP-V2-0002549,4,2025-04-01,2025-04-05,2025-04-25,20,High Tempo,4,4,True,Semi-Urban Outpost
P-000746,DEP-V2-0002550,5,2025-05-01,2025-05-05,2025-05-23,18,High Tempo,4,3,True,Remote/Difficult Terrain
P-000746,DEP-V2-0002551,6,2025-06-01,2025-06-02,2025-06-25,23,High Tempo,4,4,True,Remote/Difficult Terrain
P-000746,DEP-V2-0002552,7,2025-07-01,2025-07-05,2025-07-25,20,High Tempo,3,3,False,Remote/Difficult Terrain
P-000746,DEP-V2-0002553,8,2025-08-01,2025-08-03,2025-08-27,24,High Tempo,4,3,True,Remote/Difficult Terrain
P-000747,DEP-V2-0002554,2,2025-02-01,2025-02-05,2025-02-26,21,High Tempo,4,4,True,Remote/Difficult Terrain
P-000747,DEP-V2-0002555,3,2025-03-01,2025-03-03,2025-03-24,21,High Tempo,4,4,True,Remote/Difficult Terrain
P-000747,DEP-V2-0002556,4,2025-04-01,2025-04-05,2025-04-23,18,High Tempo,4,4,True,Remote/Difficult Terrain
P-000747,DEP-V2-0002557,5,2025-05-01,2025-05-05,2025-05-28,23,High Tempo,4,4,True,Remote/Difficult Terrain
P-000749,DEP-V2-0002558,5,2025-05-01,2025-05-03,2025-05-27,24,Routine,1,2,False,Urban Base
P-000750,DEP-V2-0002559,4,2025-04-01,2025-04-05,2025-04-23,18,Routine,3,1,False,Urban Base
P-000751,DEP-V2-0002560,5,2025-05-01,2025-05-03,2025-05-25,22,Routine,2,1,False,Urban Base
P-000752,DEP-V2-0002561,4,2025-04-01,2025-04-03,2025-04-26,23,High Tempo,4,3,True,Remote/Difficult Terrain
P-000752,DEP-V2-0002562,5,2025-05-01,2025-05-05,2025-05-28,23,High Tempo,3,4,True,Remote/Difficult Terrain
P-000752,DEP-V2-0002563,6,2025-06-01,2025-06-05,2025-06-27,22,High Tempo,5,3,True,Remote/Difficult Terrain
P-000752,DEP-V2-0002564,7,2025-07-01,2025-07-05,2025-07-23,18,High Tempo,5,3,True,Remote/Difficult Terrain
P-000752,DEP-V2-0002565,8,2025-08-01,2025-08-02,2025-08-24,22,High Tempo,4,3,True,Remote/Difficult Terrain
P-000753,DEP-V2-0002566,5,2025-05-01,2025-05-03,2025-05-23,20,Routine,1,1,False,Urban Base
P-000754,DEP-V2-0002567,4,2025-04-01,2025-04-05,2025-04-27,22,High Tempo,5,5,True,High Altitude/Extreme
P-000754,DEP-V2-0002568,5,2025-05-01,2025-05-05,2025-05-27,22,Extended,4,4,True,Remote/Difficult Terrain
P-000754,DEP-V2-0002569,6,2025-06-01,2025-06-03,2025-06-23,20,Extended,4,5,True,High Altitude/Extreme
P-000754,DEP-V2-0002570,7,2025-07-01,2025-07-02,2025-07-28,26,Extended,5,5,True,Remote/Difficult Terrain
P-000754,DEP-V2-0002571,8,2025-08-01,2025-08-02,2025-08-23,21,Extended,5,4,True,High Altitude/Extreme
P-000754,DEP-V2-0002572,9,2025-09-01,2025-09-05,2025-09-27,22,High Tempo,5,4,True,Remote/Difficult Terrain
P-000754,DEP-V2-0002573,10,2025-10-01,2025-10-04,2025-10-27,23,Extended,4,5,True,High Altitude/Extreme
P-000754,DEP-V2-0002574,11,2025-11-01,2025-11-03,2025-11-27,24,Extended,4,4,True,High Altitude/Extreme
P-000755,DEP-V2-0002575,4,2025-04-01,2025-04-04,2025-04-23,19,High Tempo,4,3,True,Remote/Difficult Terrain
P-000755,DEP-V2-0002576,5,2025-05-01,2025-05-02,2025-05-27,25,High Tempo,4,3,True,Semi-Urban Outpost
P-000755,DEP-V2-0002577,6,2025-06-01,2025-06-02,2025-06-24,22,High Tempo,4,3,True,Semi-Urban Outpost
P-000755,DEP-V2-0002578,7,2025-07-01,2025-07-04,2025-07-28,24,High Tempo,3,4,True,Semi-Urban Outpost
P-000755,DEP-V2-0002579,8,2025-08-01,2025-08-03,2025-08-24,21,High Tempo,3,4,True,Semi-Urban Outpost
P-000756,DEP-V2-0002580,3,2025-03-01,2025-03-03,2025-03-28,25,Extended,4,4,True,High Altitude/Extreme
P-000756,DEP-V2-0002581,4,2025-04-01,2025-04-05,2025-04-28,23,Extended,4,4,True,High Altitude/Extreme
P-000756,DEP-V2-0002582,5,2025-05-01,2025-05-03,2025-05-27,24,Extended,3,4,True,Remote/Difficult Terrain
P-000756,DEP-V2-0002583,6,2025-06-01,2025-06-05,2025-06-24,19,Extended,3,4,True,High Altitude/Extreme
P-000756,DEP-V2-0002584,7,2025-07-01,2025-07-05,2025-07-23,18,Extended,5,5,True,High Altitude/Extreme
P-000756,DEP-V2-0002585,8,2025-08-01,2025-08-05,2025-08-28,23,Extended,4,5,True,High Altitude/Extreme
P-000756,DEP-V2-0002586,9,2025-09-01,2025-09-05,2025-09-25,20,Extended,5,5,True,Remote/Difficult Terrain
P-000757,DEP-V2-0002587,5,2025-05-01,2025-05-02,2025-05-27,25,Routine,1,1,False,Urban Base
P-000758,DEP-V2-0002588,5,2025-05-01,2025-05-05,2025-05-25,20,Routine,1,1,False,Urban Base
P-000759,DEP-V2-0002589,4,2025-04-01,2025-04-03,2025-04-23,20,Routine,2,1,False,Urban Base
P-000759,DEP-V2-0002590,5,2025-05-01,2025-05-05,2025-05-24,19,Routine,1,1,False,Urban Base
P-000760,DEP-V2-0002591,6,2025-06-01,2025-06-02,2025-06-28,26,High Tempo,4,3,True,Semi-Urban Outpost
P-000760,DEP-V2-0002592,7,2025-07-01,2025-07-02,2025-07-23,21,High Tempo,4,3,True,Semi-Urban Outpost
P-000761,DEP-V2-0002593,2,2025-02-01,2025-02-02,2025-02-24,22,High Tempo,4,4,True,Remote/Difficult Terrain
P-000761,DEP-V2-0002594,3,2025-03-01,2025-03-05,2025-03-27,22,High Tempo,4,4,True,Remote/Difficult Terrain
P-000761,DEP-V2-0002595,4,2025-04-01,2025-04-04,2025-04-25,21,High Tempo,4,4,True,Remote/Difficult Terrain
P-000761,DEP-V2-0002596,5,2025-05-01,2025-05-04,2025-05-23,19,High Tempo,4,4,True,Remote/Difficult Terrain
P-000762,DEP-V2-0002597,4,2025-04-01,2025-04-05,2025-04-27,22,High Tempo,4,5,True,High Altitude/Extreme
P-000762,DEP-V2-0002598,5,2025-05-01,2025-05-02,2025-05-25,23,Extended,5,5,True,High Altitude/Extreme
P-000762,DEP-V2-0002599,6,2025-06-01,2025-06-04,2025-06-26,22,High Tempo,5,4,True,Remote/Difficult Terrain
P-000762,DEP-V2-0002600,7,2025-07-01,2025-07-05,2025-07-26,21,High Tempo,4,4,True,Remote/Difficult Terrain
P-000762,DEP-V2-0002601,8,2025-08-01,2025-08-02,2025-08-23,21,High Tempo,4,5,True,High Altitude/Extreme
P-000762,DEP-V2-0002602,9,2025-09-01,2025-09-04,2025-09-26,22,Extended,4,5,True,High Altitude/Extreme
P-000762,DEP-V2-0002603,10,2025-10-01,2025-10-03,2025-10-27,24,Extended,5,5,True,High Altitude/Extreme
P-000762,DEP-V2-0002604,11,2025-11-01,2025-11-03,2025-11-27,24,Extended,4,4,True,High Altitude/Extreme
P-000765,DEP-V2-0002605,4,2025-04-01,2025-04-03,2025-04-23,20,Routine,3,1,False,Urban Base
P-000766,DEP-V2-0002606,4,2025-04-01,2025-04-02,2025-04-24,22,Routine,2,1,False,Urban Base
P-000766,DEP-V2-0002607,5,2025-05-01,2025-05-05,2025-05-28,23,Routine,1,2,False,Urban Base
P-000767,DEP-V2-0002608,4,2025-04-01,2025-04-03,2025-04-25,22,Routine,1,1,False,Urban Base
P-000767,DEP-V2-0002609,5,2025-05-01,2025-05-03,2025-05-23,20,Routine,1,2,False,Urban Base
P-000768,DEP-V2-0002610,2,2025-02-01,2025-02-03,2025-02-28,25,High Tempo,4,4,True,Remote/Difficult Terrain
P-000768,DEP-V2-0002611,3,2025-03-01,2025-03-02,2025-03-24,22,High Tempo,4,4,True,Remote/Difficult Terrain
P-000768,DEP-V2-0002612,4,2025-04-01,2025-04-02,2025-04-26,24,High Tempo,4,4,True,Remote/Difficult Terrain
P-000768,DEP-V2-0002613,5,2025-05-01,2025-05-02,2025-05-28,26,High Tempo,4,4,True,Remote/Difficult Terrain
P-000769,DEP-V2-0002614,3,2025-03-01,2025-03-05,2025-03-25,20,Extended,5,5,True,High Altitude/Extreme
P-000769,DEP-V2-0002615,4,2025-04-01,2025-04-02,2025-04-25,23,Extended,5,4,True,Remote/Difficult Terrain
P-000769,DEP-V2-0002616,5,2025-05-01,2025-05-05,2025-05-26,21,Extended,4,4,True,High Altitude/Extreme
P-000769,DEP-V2-0002617,6,2025-06-01,2025-06-04,2025-06-26,22,Extended,3,4,True,High Altitude/Extreme
P-000769,DEP-V2-0002618,7,2025-07-01,2025-07-04,2025-07-26,22,Extended,5,5,True,High Altitude/Extreme
P-000769,DEP-V2-0002619,8,2025-08-01,2025-08-03,2025-08-27,24,Extended,4,4,True,High Altitude/Extreme
P-000769,DEP-V2-0002620,9,2025-09-01,2025-09-02,2025-09-25,23,Extended,3,5,True,Remote/Difficult Terrain
P-000770,DEP-V2-0002621,4,2025-04-01,2025-04-02,2025-04-24,22,Extended,4,5,True,Remote/Difficult Terrain
P-000770,DEP-V2-0002622,5,2025-05-01,2025-05-02,2025-05-27,25,Extended,4,4,True,Remote/Difficult Terrain
P-000770,DEP-V2-0002623,6,2025-06-01,2025-06-03,2025-06-23,20,Extended,5,4,True,High Altitude/Extreme
P-000770,DEP-V2-0002624,7,2025-07-01,2025-07-02,2025-07-25,23,High Tempo,5,5,True,High Altitude/Extreme
P-000770,DEP-V2-0002625,8,2025-08-01,2025-08-03,2025-08-27,24,Extended,5,5,True,High Altitude/Extreme
P-000770,DEP-V2-0002626,9,2025-09-01,2025-09-05,2025-09-28,23,Extended,4,5,True,High Altitude/Extreme
P-000770,DEP-V2-0002627,10,2025-10-01,2025-10-05,2025-10-25,20,High Tempo,5,4,True,High Altitude/Extreme
P-000770,DEP-V2-0002628,11,2025-11-01,2025-11-02,2025-11-28,26,Extended,4,5,True,High Altitude/Extreme
P-000771,DEP-V2-0002629,4,2025-04-01,2025-04-05,2025-04-25,20,Routine,1,1,False,Semi-Urban Outpost
P-000772,DEP-V2-0002630,5,2025-05-01,2025-05-05,2025-05-26,21,Routine,2,1,False,Semi-Urban Outpost
P-000774,DEP-V2-0002631,4,2025-04-01,2025-04-04,2025-04-24,20,Routine,2,2,False,Semi-Urban Outpost
P-000774,DEP-V2-0002632,5,2025-05-01,2025-05-05,2025-05-25,20,Routine,2,1,False,Urban Base
P-000776,DEP-V2-0002633,4,2025-04-01,2025-04-04,2025-04-25,21,Routine,1,1,False,Urban Base
P-000777,DEP-V2-0002634,3,2025-03-01,2025-03-03,2025-03-24,21,Extended,5,4,True,High Altitude/Extreme
P-000777,DEP-V2-0002635,4,2025-04-01,2025-04-05,2025-04-26,21,Extended,4,4,True,High Altitude/Extreme
P-000777,DEP-V2-0002636,5,2025-05-01,2025-05-04,2025-05-26,22,Extended,4,5,True,Remote/Difficult Terrain
P-000777,DEP-V2-0002637,6,2025-06-01,2025-06-05,2025-06-23,18,Extended,4,4,True,High Altitude/Extreme
P-000777,DEP-V2-0002638,7,2025-07-01,2025-07-03,2025-07-23,20,Extended,4,5,True,Remote/Difficult Terrain
P-000777,DEP-V2-0002639,8,2025-08-01,2025-08-02,2025-08-27,25,Extended,3,5,True,High Altitude/Extreme
P-000777,DEP-V2-0002640,9,2025-09-01,2025-09-02,2025-09-23,21,Extended,4,5,True,Remote/Difficult Terrain
P-000778,DEP-V2-0002641,4,2025-04-01,2025-04-05,2025-04-25,20,Routine,2,1,False,Urban Base
P-000778,DEP-V2-0002642,5,2025-05-01,2025-05-03,2025-05-24,21,Routine,1,2,False,Urban Base
P-000779,DEP-V2-0002643,4,2025-04-01,2025-04-02,2025-04-25,23,High Tempo,4,5,True,High Altitude/Extreme
P-000779,DEP-V2-0002644,5,2025-05-01,2025-05-05,2025-05-23,18,Extended,4,5,True,High Altitude/Extreme
P-000779,DEP-V2-0002645,6,2025-06-01,2025-06-03,2025-06-25,22,Extended,4,5,True,High Altitude/Extreme
P-000779,DEP-V2-0002646,7,2025-07-01,2025-07-04,2025-07-23,19,Extended,5,5,True,Remote/Difficult Terrain
P-000779,DEP-V2-0002647,8,2025-08-01,2025-08-05,2025-08-28,23,Extended,5,4,True,High Altitude/Extreme
P-000779,DEP-V2-0002648,9,2025-09-01,2025-09-05,2025-09-26,21,High Tempo,5,5,True,Remote/Difficult Terrain
P-000779,DEP-V2-0002649,10,2025-10-01,2025-10-02,2025-10-27,25,High Tempo,5,5,True,High Altitude/Extreme
P-000779,DEP-V2-0002650,11,2025-11-01,2025-11-04,2025-11-26,22,High Tempo,4,5,True,High Altitude/Extreme
P-000780,DEP-V2-0002651,4,2025-04-01,2025-04-04,2025-04-28,24,Routine,2,2,False,Urban Base
P-000781,DEP-V2-0002652,4,2025-04-01,2025-04-03,2025-04-23,20,High Tempo,4,3,True,Semi-Urban Outpost
P-000781,DEP-V2-0002653,5,2025-05-01,2025-05-03,2025-05-24,21,High Tempo,3,4,True,Semi-Urban Outpost
P-000781,DEP-V2-0002654,6,2025-06-01,2025-06-03,2025-06-24,21,High Tempo,3,3,False,Remote/Difficult Terrain
P-000781,DEP-V2-0002655,7,2025-07-01,2025-07-05,2025-07-28,23,High Tempo,3,4,True,Remote/Difficult Terrain
P-000781,DEP-V2-0002656,8,2025-08-01,2025-08-03,2025-08-27,24,High Tempo,4,4,True,Remote/Difficult Terrain
P-000782,DEP-V2-0002657,2,2025-02-01,2025-02-04,2025-02-26,22,High Tempo,4,4,True,Remote/Difficult Terrain
P-000782,DEP-V2-0002658,3,2025-03-01,2025-03-04,2025-03-23,19,High Tempo,4,4,True,Remote/Difficult Terrain
P-000782,DEP-V2-0002659,4,2025-04-01,2025-04-05,2025-04-28,23,High Tempo,4,4,True,Remote/Difficult Terrain
P-000782,DEP-V2-0002660,5,2025-05-01,2025-05-05,2025-05-25,20,High Tempo,4,4,True,Remote/Difficult Terrain
P-000783,DEP-V2-0002661,2,2025-02-01,2025-02-02,2025-02-25,23,High Tempo,4,4,True,Remote/Difficult Terrain
P-000783,DEP-V2-0002662,3,2025-03-01,2025-03-04,2025-03-26,22,High Tempo,4,4,True,Remote/Difficult Terrain
P-000783,DEP-V2-0002663,4,2025-04-01,2025-04-03,2025-04-23,20,High Tempo,4,4,True,Remote/Difficult Terrain
P-000783,DEP-V2-0002664,5,2025-05-01,2025-05-03,2025-05-23,20,High Tempo,4,4,True,Remote/Difficult Terrain
P-000784,DEP-V2-0002665,5,2025-05-01,2025-05-05,2025-05-27,22,Routine,2,1,False,Urban Base
P-000785,DEP-V2-0002666,4,2025-04-01,2025-04-03,2025-04-28,25,Routine,1,2,False,Urban Base
P-000787,DEP-V2-0002667,4,2025-04-01,2025-04-04,2025-04-25,21,Routine,2,2,False,Urban Base
P-000788,DEP-V2-0002668,4,2025-04-01,2025-04-05,2025-04-28,23,High Tempo,4,5,True,Remote/Difficult Terrain
P-000788,DEP-V2-0002669,5,2025-05-01,2025-05-02,2025-05-24,22,Extended,5,5,True,High Altitude/Extreme
P-000788,DEP-V2-0002670,6,2025-06-01,2025-06-03,2025-06-27,24,High Tempo,5,5,True,Remote/Difficult Terrain
P-000788,DEP-V2-0002671,7,2025-07-01,2025-07-05,2025-07-25,20,Extended,4,5,True,Remote/Difficult Terrain
P-000788,DEP-V2-0002672,8,2025-08-01,2025-08-03,2025-08-25,22,High Tempo,4,4,True,High Altitude/Extreme
P-000788,DEP-V2-0002673,9,2025-09-01,2025-09-04,2025-09-23,19,Extended,4,5,True,High Altitude/Extreme
P-000788,DEP-V2-0002674,10,2025-10-01,2025-10-03,2025-10-23,20,Extended,5,5,True,Remote/Difficult Terrain
P-000788,DEP-V2-0002675,11,2025-11-01,2025-11-04,2025-11-26,22,High Tempo,5,5,True,High Altitude/Extreme
P-000789,DEP-V2-0002676,4,2025-04-01,2025-04-03,2025-04-27,24,Extended,5,4,True,Remote/Difficult Terrain
P-000789,DEP-V2-0002677,5,2025-05-01,2025-05-02,2025-05-27,25,Extended,4,5,True,Remote/Difficult Terrain
P-000789,DEP-V2-0002678,6,2025-06-01,2025-06-05,2025-06-23,18,High Tempo,5,5,True,High Altitude/Extreme
P-000789,DEP-V2-0002679,7,2025-07-01,2025-07-02,2025-07-25,23,High Tempo,5,5,True,Remote/Difficult Terrain
P-000789,DEP-V2-0002680,8,2025-08-01,2025-08-02,2025-08-28,26,Extended,5,5,True,Remote/Difficult Terrain
P-000789,DEP-V2-0002681,9,2025-09-01,2025-09-04,2025-09-26,22,High Tempo,5,5,True,High Altitude/Extreme
P-000789,DEP-V2-0002682,10,2025-10-01,2025-10-02,2025-10-26,24,Extended,4,4,True,Remote/Difficult Terrain
P-000789,DEP-V2-0002683,11,2025-11-01,2025-11-05,2025-11-27,22,High Tempo,5,4,True,High Altitude/Extreme
P-000790,DEP-V2-0002684,4,2025-04-01,2025-04-05,2025-04-26,21,Routine,1,2,False,Urban Base
P-000790,DEP-V2-0002685,5,2025-05-01,2025-05-02,2025-05-27,25,Routine,1,1,False,Urban Base
P-000791,DEP-V2-0002686,4,2025-04-01,2025-04-04,2025-04-24,20,High Tempo,4,3,True,Semi-Urban Outpost
P-000791,DEP-V2-0002687,5,2025-05-01,2025-05-03,2025-05-25,22,High Tempo,3,3,False,Remote/Difficult Terrain
P-000791,DEP-V2-0002688,6,2025-06-01,2025-06-02,2025-06-28,26,High Tempo,4,3,True,Semi-Urban Outpost
P-000791,DEP-V2-0002689,7,2025-07-01,2025-07-02,2025-07-23,21,High Tempo,3,3,False,Semi-Urban Outpost
P-000791,DEP-V2-0002690,8,2025-08-01,2025-08-03,2025-08-24,21,High Tempo,4,3,True,Semi-Urban Outpost
P-000792,DEP-V2-0002691,3,2025-03-01,2025-03-03,2025-03-26,23,Extended,4,5,True,Remote/Difficult Terrain
P-000792,DEP-V2-0002692,4,2025-04-01,2025-04-02,2025-04-23,21,Extended,4,5,True,Remote/Difficult Terrain
P-000792,DEP-V2-0002693,5,2025-05-01,2025-05-03,2025-05-25,22,Extended,5,5,True,High Altitude/Extreme
P-000792,DEP-V2-0002694,6,2025-06-01,2025-06-05,2025-06-24,19,Extended,4,5,True,High Altitude/Extreme
P-000792,DEP-V2-0002695,7,2025-07-01,2025-07-05,2025-07-26,21,Extended,4,4,True,High Altitude/Extreme
P-000792,DEP-V2-0002696,8,2025-08-01,2025-08-03,2025-08-28,25,Extended,4,4,True,Remote/Difficult Terrain
P-000792,DEP-V2-0002697,9,2025-09-01,2025-09-04,2025-09-23,19,Extended,5,5,True,High Altitude/Extreme
P-000793,DEP-V2-0002698,4,2025-04-01,2025-04-04,2025-04-28,24,High Tempo,5,5,True,Remote/Difficult Terrain
P-000793,DEP-V2-0002699,5,2025-05-01,2025-05-04,2025-05-27,23,High Tempo,4,4,True,Remote/Difficult Terrain
P-000793,DEP-V2-0002700,6,2025-06-01,2025-06-05,2025-06-24,19,High Tempo,4,4,True,High Altitude/Extreme
P-000793,DEP-V2-0002701,7,2025-07-01,2025-07-03,2025-07-24,21,Extended,4,5,True,High Altitude/Extreme
P-000793,DEP-V2-0002702,8,2025-08-01,2025-08-05,2025-08-26,21,Extended,5,5,True,High Altitude/Extreme
P-000793,DEP-V2-0002703,9,2025-09-01,2025-09-05,2025-09-28,23,High Tempo,5,5,True,High Altitude/Extreme
P-000793,DEP-V2-0002704,10,2025-10-01,2025-10-03,2025-10-27,24,Extended,4,5,True,Remote/Difficult Terrain
P-000793,DEP-V2-0002705,11,2025-11-01,2025-11-02,2025-11-23,21,High Tempo,4,5,True,High Altitude/Extreme
P-000795,DEP-V2-0002706,4,2025-04-01,2025-04-05,2025-04-24,19,High Tempo,4,5,True,High Altitude/Extreme
P-000795,DEP-V2-0002707,5,2025-05-01,2025-05-04,2025-05-24,20,Extended,4,5,True,Remote/Difficult Terrain
P-000795,DEP-V2-0002708,6,2025-06-01,2025-06-04,2025-06-26,22,Extended,5,4,True,High Altitude/Extreme
P-000795,DEP-V2-0002709,7,2025-07-01,2025-07-02,2025-07-23,21,Extended,4,5,True,Remote/Difficult Terrain
P-000795,DEP-V2-0002710,8,2025-08-01,2025-08-03,2025-08-26,23,Extended,5,5,True,High Altitude/Extreme
P-000795,DEP-V2-0002711,9,2025-09-01,2025-09-02,2025-09-25,23,Extended,5,4,True,High Altitude/Extreme
P-000795,DEP-V2-0002712,10,2025-10-01,2025-10-03,2025-10-28,25,Extended,5,5,True,High Altitude/Extreme
P-000795,DEP-V2-0002713,11,2025-11-01,2025-11-03,2025-11-27,24,High Tempo,5,5,True,Remote/Difficult Terrain
P-000798,DEP-V2-0002714,4,2025-04-01,2025-04-02,2025-04-28,26,High Tempo,4,3,True,Semi-Urban Outpost
P-000798,DEP-V2-0002715,5,2025-05-01,2025-05-05,2025-05-28,23,High Tempo,4,3,True,Remote/Difficult Terrain
P-000798,DEP-V2-0002716,6,2025-06-01,2025-06-04,2025-06-28,24,High Tempo,4,4,True,Semi-Urban Outpost
P-000798,DEP-V2-0002717,7,2025-07-01,2025-07-05,2025-07-27,22,High Tempo,3,4,True,Semi-Urban Outpost
P-000798,DEP-V2-0002718,8,2025-08-01,2025-08-03,2025-08-24,21,High Tempo,4,4,True,Semi-Urban Outpost
P-000800,DEP-V2-0002719,4,2025-04-01,2025-04-02,2025-04-27,25,Extended,4,4,True,High Altitude/Extreme
P-000800,DEP-V2-0002720,5,2025-05-01,2025-05-04,2025-05-23,19,High Tempo,5,5,True,High Altitude/Extreme
P-000800,DEP-V2-0002721,6,2025-06-01,2025-06-03,2025-06-23,20,High Tempo,4,5,True,High Altitude/Extreme
P-000800,DEP-V2-0002722,7,2025-07-01,2025-07-03,2025-07-27,24,Extended,4,5,True,High Altitude/Extreme
P-000800,DEP-V2-0002723,8,2025-08-01,2025-08-03,2025-08-28,25,High Tempo,5,4,True,High Altitude/Extreme
P-000800,DEP-V2-0002724,9,2025-09-01,2025-09-05,2025-09-24,19,High Tempo,4,5,True,Remote/Difficult Terrain
P-000800,DEP-V2-0002725,10,2025-10-01,2025-10-03,2025-10-23,20,Extended,4,5,True,Remote/Difficult Terrain
P-000800,DEP-V2-0002726,11,2025-11-01,2025-11-02,2025-11-26,24,Extended,4,4,True,High Altitude/Extreme
P-000801,DEP-V2-0002727,6,2025-06-01,2025-06-04,2025-06-27,23,High Tempo,4,3,True,Semi-Urban Outpost
P-000801,DEP-V2-0002728,7,2025-07-01,2025-07-04,2025-07-24,20,High Tempo,4,3,True,Semi-Urban Outpost
P-000802,DEP-V2-0002729,4,2025-04-01,2025-04-05,2025-04-24,19,High Tempo,4,4,True,Remote/Difficult Terrain
P-000802,DEP-V2-0002730,5,2025-05-01,2025-05-04,2025-05-24,20,High Tempo,3,4,True,Semi-Urban Outpost
P-000802,DEP-V2-0002731,6,2025-06-01,2025-06-03,2025-06-25,22,High Tempo,4,4,True,Semi-Urban Outpost
P-000802,DEP-V2-0002732,7,2025-07-01,2025-07-05,2025-07-25,20,High Tempo,4,4,True,Remote/Difficult Terrain
P-000802,DEP-V2-0002733,8,2025-08-01,2025-08-05,2025-08-28,23,High Tempo,4,3,True,Semi-Urban Outpost
P-000803,DEP-V2-0002734,4,2025-04-01,2025-04-03,2025-04-25,22,High Tempo,4,3,True,Semi-Urban Outpost
P-000803,DEP-V2-0002735,5,2025-05-01,2025-05-05,2025-05-28,23,High Tempo,5,4,True,Semi-Urban Outpost
P-000803,DEP-V2-0002736,6,2025-06-01,2025-06-02,2025-06-28,26,High Tempo,5,3,True,Remote/Difficult Terrain
P-000803,DEP-V2-0002737,7,2025-07-01,2025-07-04,2025-07-23,19,High Tempo,4,3,True,Remote/Difficult Terrain
P-000803,DEP-V2-0002738,8,2025-08-01,2025-08-03,2025-08-26,23,High Tempo,3,3,False,Remote/Difficult Terrain
P-000804,DEP-V2-0002739,5,2025-05-01,2025-05-03,2025-05-27,24,Routine,2,1,False,Urban Base
P-000805,DEP-V2-0002740,4,2025-04-01,2025-04-03,2025-04-25,22,Extended,5,5,True,High Altitude/Extreme
P-000805,DEP-V2-0002741,5,2025-05-01,2025-05-05,2025-05-27,22,High Tempo,4,4,True,Remote/Difficult Terrain
P-000805,DEP-V2-0002742,6,2025-06-01,2025-06-02,2025-06-28,26,Extended,5,5,True,Remote/Difficult Terrain
P-000805,DEP-V2-0002743,7,2025-07-01,2025-07-03,2025-07-27,24,Extended,4,5,True,High Altitude/Extreme
P-000805,DEP-V2-0002744,8,2025-08-01,2025-08-03,2025-08-26,23,High Tempo,4,5,True,High Altitude/Extreme
P-000805,DEP-V2-0002745,9,2025-09-01,2025-09-04,2025-09-27,23,Extended,4,5,True,High Altitude/Extreme
P-000805,DEP-V2-0002746,10,2025-10-01,2025-10-03,2025-10-25,22,Extended,4,5,True,High Altitude/Extreme
P-000805,DEP-V2-0002747,11,2025-11-01,2025-11-05,2025-11-25,20,High Tempo,5,5,True,Remote/Difficult Terrain
P-000806,DEP-V2-0002748,4,2025-04-01,2025-04-04,2025-04-27,23,High Tempo,5,3,True,Semi-Urban Outpost
P-000806,DEP-V2-0002749,5,2025-05-01,2025-05-02,2025-05-25,23,High Tempo,4,4,True,Semi-Urban Outpost
P-000806,DEP-V2-0002750,6,2025-06-01,2025-06-03,2025-06-25,22,High Tempo,4,4,True,Remote/Difficult Terrain
P-000806,DEP-V2-0002751,7,2025-07-01,2025-07-05,2025-07-28,23,High Tempo,3,3,False,Remote/Difficult Terrain
P-000806,DEP-V2-0002752,8,2025-08-01,2025-08-03,2025-08-26,23,High Tempo,3,4,True,Remote/Difficult Terrain
P-000807,DEP-V2-0002753,4,2025-04-01,2025-04-02,2025-04-25,23,High Tempo,4,4,True,Semi-Urban Outpost
P-000807,DEP-V2-0002754,5,2025-05-01,2025-05-04,2025-05-27,23,High Tempo,3,3,False,Remote/Difficult Terrain
P-000807,DEP-V2-0002755,6,2025-06-01,2025-06-04,2025-06-26,22,High Tempo,3,3,False,Semi-Urban Outpost
P-000807,DEP-V2-0002756,7,2025-07-01,2025-07-04,2025-07-24,20,High Tempo,5,3,True,Semi-Urban Outpost
P-000807,DEP-V2-0002757,8,2025-08-01,2025-08-05,2025-08-28,23,High Tempo,4,3,True,Remote/Difficult Terrain
P-000808,DEP-V2-0002758,4,2025-04-01,2025-04-02,2025-04-26,24,Routine,1,1,False,Urban Base
P-000809,DEP-V2-0002759,4,2025-04-01,2025-04-05,2025-04-28,23,Routine,2,1,False,Urban Base
P-000811,DEP-V2-0002760,4,2025-04-01,2025-04-03,2025-04-27,24,Routine,2,2,False,Urban Base
P-000812,DEP-V2-0002761,4,2025-04-01,2025-04-02,2025-04-28,26,High Tempo,5,4,True,Remote/Difficult Terrain
P-000812,DEP-V2-0002762,5,2025-05-01,2025-05-04,2025-05-26,22,High Tempo,4,3,True,Remote/Difficult Terrain
P-000812,DEP-V2-0002763,6,2025-06-01,2025-06-03,2025-06-27,24,High Tempo,5,3,True,Remote/Difficult Terrain
P-000812,DEP-V2-0002764,7,2025-07-01,2025-07-04,2025-07-24,20,High Tempo,4,4,True,Remote/Difficult Terrain
P-000812,DEP-V2-0002765,8,2025-08-01,2025-08-03,2025-08-28,25,High Tempo,5,4,True,Remote/Difficult Terrain
P-000813,DEP-V2-0002766,6,2025-06-01,2025-06-03,2025-06-23,20,High Tempo,4,3,True,Semi-Urban Outpost
P-000813,DEP-V2-0002767,7,2025-07-01,2025-07-02,2025-07-24,22,High Tempo,4,3,True,Semi-Urban Outpost
P-000815,DEP-V2-0002768,4,2025-04-01,2025-04-02,2025-04-28,26,Routine,2,2,False,Urban Base
P-000815,DEP-V2-0002769,5,2025-05-01,2025-05-05,2025-05-27,22,Routine,1,2,False,Semi-Urban Outpost
P-000817,DEP-V2-0002770,4,2025-04-01,2025-04-02,2025-04-26,24,High Tempo,3,4,True,Remote/Difficult Terrain
P-000817,DEP-V2-0002771,5,2025-05-01,2025-05-02,2025-05-27,25,High Tempo,4,3,True,Semi-Urban Outpost
P-000817,DEP-V2-0002772,6,2025-06-01,2025-06-02,2025-06-26,24,High Tempo,5,4,True,Remote/Difficult Terrain
P-000817,DEP-V2-0002773,7,2025-07-01,2025-07-04,2025-07-27,23,High Tempo,4,3,True,Semi-Urban Outpost
P-000817,DEP-V2-0002774,8,2025-08-01,2025-08-04,2025-08-25,21,High Tempo,4,4,True,Semi-Urban Outpost
P-000818,DEP-V2-0002775,4,2025-04-01,2025-04-02,2025-04-26,24,High Tempo,5,4,True,High Altitude/Extreme
P-000818,DEP-V2-0002776,5,2025-05-01,2025-05-04,2025-05-24,20,Extended,5,4,True,Remote/Difficult Terrain
P-000818,DEP-V2-0002777,6,2025-06-01,2025-06-02,2025-06-27,25,Extended,5,4,True,High Altitude/Extreme
P-000818,DEP-V2-0002778,7,2025-07-01,2025-07-03,2025-07-26,23,High Tempo,4,4,True,High Altitude/Extreme
P-000818,DEP-V2-0002779,8,2025-08-01,2025-08-03,2025-08-28,25,High Tempo,5,5,True,High Altitude/Extreme
P-000818,DEP-V2-0002780,9,2025-09-01,2025-09-02,2025-09-28,26,High Tempo,5,4,True,Remote/Difficult Terrain
P-000818,DEP-V2-0002781,10,2025-10-01,2025-10-02,2025-10-26,24,High Tempo,4,5,True,High Altitude/Extreme
P-000818,DEP-V2-0002782,11,2025-11-01,2025-11-02,2025-11-26,24,Extended,5,5,True,Remote/Difficult Terrain
P-000819,DEP-V2-0002783,3,2025-03-01,2025-03-04,2025-03-27,23,Extended,4,5,True,Remote/Difficult Terrain
P-000819,DEP-V2-0002784,4,2025-04-01,2025-04-04,2025-04-27,23,Extended,3,4,True,High Altitude/Extreme
P-000819,DEP-V2-0002785,5,2025-05-01,2025-05-03,2025-05-26,23,Extended,4,4,True,Remote/Difficult Terrain
P-000819,DEP-V2-0002786,6,2025-06-01,2025-06-02,2025-06-25,23,Extended,5,5,True,Remote/Difficult Terrain
P-000819,DEP-V2-0002787,7,2025-07-01,2025-07-02,2025-07-26,24,Extended,4,5,True,Remote/Difficult Terrain
P-000819,DEP-V2-0002788,8,2025-08-01,2025-08-03,2025-08-23,20,Extended,3,4,True,Remote/Difficult Terrain
P-000819,DEP-V2-0002789,9,2025-09-01,2025-09-03,2025-09-25,22,Extended,3,5,True,High Altitude/Extreme
P-000820,DEP-V2-0002790,4,2025-04-01,2025-04-03,2025-04-24,21,High Tempo,3,3,False,Semi-Urban Outpost
P-000820,DEP-V2-0002791,5,2025-05-01,2025-05-02,2025-05-28,26,High Tempo,3,3,False,Semi-Urban Outpost
P-000820,DEP-V2-0002792,6,2025-06-01,2025-06-03,2025-06-23,20,High Tempo,3,3,False,Remote/Difficult Terrain
P-000820,DEP-V2-0002793,7,2025-07-01,2025-07-02,2025-07-27,25,High Tempo,3,4,True,Semi-Urban Outpost
P-000820,DEP-V2-0002794,8,2025-08-01,2025-08-05,2025-08-27,22,High Tempo,4,4,True,Remote/Difficult Terrain
P-000821,DEP-V2-0002795,4,2025-04-01,2025-04-03,2025-04-25,22,Extended,5,5,True,High Altitude/Extreme
P-000821,DEP-V2-0002796,5,2025-05-01,2025-05-03,2025-05-23,20,Extended,5,4,True,High Altitude/Extreme
P-000821,DEP-V2-0002797,6,2025-06-01,2025-06-02,2025-06-24,22,High Tempo,5,5,True,Remote/Difficult Terrain
P-000821,DEP-V2-0002798,7,2025-07-01,2025-07-03,2025-07-28,25,Extended,5,5,True,High Altitude/Extreme
P-000821,DEP-V2-0002799,8,2025-08-01,2025-08-03,2025-08-25,22,Extended,4,5,True,High Altitude/Extreme
P-000821,DEP-V2-0002800,9,2025-09-01,2025-09-02,2025-09-26,24,Extended,4,5,True,High Altitude/Extreme
P-000821,DEP-V2-0002801,10,2025-10-01,2025-10-03,2025-10-26,23,High Tempo,4,5,True,High Altitude/Extreme
P-000821,DEP-V2-0002802,11,2025-11-01,2025-11-04,2025-11-23,19,High Tempo,4,5,True,Remote/Difficult Terrain
P-000822,DEP-V2-0002803,6,2025-06-01,2025-06-02,2025-06-25,23,High Tempo,4,3,True,Semi-Urban Outpost
P-000822,DEP-V2-0002804,7,2025-07-01,2025-07-05,2025-07-27,22,High Tempo,4,3,True,Semi-Urban Outpost
P-000824,DEP-V2-0002805,4,2025-04-01,2025-04-05,2025-04-25,20,High Tempo,4,3,True,Remote/Difficult Terrain
P-000824,DEP-V2-0002806,5,2025-05-01,2025-05-03,2025-05-26,23,High Tempo,3,4,True,Semi-Urban Outpost
P-000824,DEP-V2-0002807,6,2025-06-01,2025-06-04,2025-06-27,23,High Tempo,3,4,True,Semi-Urban Outpost
P-000824,DEP-V2-0002808,7,2025-07-01,2025-07-02,2025-07-25,23,High Tempo,4,4,True,Semi-Urban Outpost
P-000824,DEP-V2-0002809,8,2025-08-01,2025-08-05,2025-08-23,18,High Tempo,3,4,True,Semi-Urban Outpost
P-000825,DEP-V2-0002810,3,2025-03-01,2025-03-03,2025-03-27,24,Extended,4,4,True,High Altitude/Extreme
P-000825,DEP-V2-0002811,4,2025-04-01,2025-04-05,2025-04-28,23,Extended,3,5,True,High Altitude/Extreme
P-000825,DEP-V2-0002812,5,2025-05-01,2025-05-04,2025-05-25,21,Extended,4,4,True,Remote/Difficult Terrain
P-000825,DEP-V2-0002813,6,2025-06-01,2025-06-04,2025-06-27,23,Extended,4,4,True,Remote/Difficult Terrain
P-000825,DEP-V2-0002814,7,2025-07-01,2025-07-03,2025-07-27,24,Extended,4,5,True,High Altitude/Extreme
P-000825,DEP-V2-0002815,8,2025-08-01,2025-08-02,2025-08-23,21,Extended,5,5,True,High Altitude/Extreme
P-000825,DEP-V2-0002816,9,2025-09-01,2025-09-04,2025-09-24,20,Extended,3,5,True,Remote/Difficult Terrain
P-000827,DEP-V2-0002817,4,2025-04-01,2025-04-04,2025-04-26,22,Routine,1,1,False,Semi-Urban Outpost
P-000831,DEP-V2-0002818,2,2025-02-01,2025-02-05,2025-02-23,18,High Tempo,4,4,True,Remote/Difficult Terrain
P-000831,DEP-V2-0002819,3,2025-03-01,2025-03-05,2025-03-26,21,High Tempo,4,4,True,Remote/Difficult Terrain
P-000831,DEP-V2-0002820,4,2025-04-01,2025-04-05,2025-04-26,21,High Tempo,4,4,True,Remote/Difficult Terrain
P-000831,DEP-V2-0002821,5,2025-05-01,2025-05-03,2025-05-25,22,High Tempo,4,4,True,Remote/Difficult Terrain
P-000832,DEP-V2-0002822,3,2025-03-01,2025-03-04,2025-03-23,19,Extended,4,5,True,High Altitude/Extreme
P-000832,DEP-V2-0002823,4,2025-04-01,2025-04-05,2025-04-26,21,Extended,5,5,True,High Altitude/Extreme
P-000832,DEP-V2-0002824,5,2025-05-01,2025-05-02,2025-05-28,26,Extended,4,4,True,Remote/Difficult Terrain
P-000832,DEP-V2-0002825,6,2025-06-01,2025-06-03,2025-06-25,22,Extended,3,5,True,High Altitude/Extreme
P-000832,DEP-V2-0002826,7,2025-07-01,2025-07-02,2025-07-27,25,Extended,4,4,True,High Altitude/Extreme
P-000832,DEP-V2-0002827,8,2025-08-01,2025-08-03,2025-08-27,24,Extended,5,5,True,High Altitude/Extreme
P-000832,DEP-V2-0002828,9,2025-09-01,2025-09-04,2025-09-26,22,Extended,4,5,True,Remote/Difficult Terrain
P-000833,DEP-V2-0002829,4,2025-04-01,2025-04-04,2025-04-24,20,Extended,4,5,True,Remote/Difficult Terrain
P-000833,DEP-V2-0002830,5,2025-05-01,2025-05-05,2025-05-25,20,High Tempo,5,5,True,Remote/Difficult Terrain
P-000833,DEP-V2-0002831,6,2025-06-01,2025-06-04,2025-06-25,21,High Tempo,5,5,True,High Altitude/Extreme
P-000833,DEP-V2-0002832,7,2025-07-01,2025-07-04,2025-07-24,20,Extended,5,4,True,High Altitude/Extreme
P-000833,DEP-V2-0002833,8,2025-08-01,2025-08-03,2025-08-27,24,Extended,4,5,True,High Altitude/Extreme
P-000833,DEP-V2-0002834,9,2025-09-01,2025-09-02,2025-09-24,22,High Tempo,4,5,True,Remote/Difficult Terrain
P-000833,DEP-V2-0002835,10,2025-10-01,2025-10-02,2025-10-26,24,Extended,5,4,True,Remote/Difficult Terrain
P-000833,DEP-V2-0002836,11,2025-11-01,2025-11-04,2025-11-28,24,High Tempo,4,4,True,Remote/Difficult Terrain
P-000834,DEP-V2-0002837,5,2025-05-01,2025-05-03,2025-05-23,20,Routine,1,1,False,Urban Base
P-000835,DEP-V2-0002838,6,2025-06-01,2025-06-02,2025-06-27,25,High Tempo,4,3,True,Semi-Urban Outpost
P-000835,DEP-V2-0002839,7,2025-07-01,2025-07-03,2025-07-25,22,High Tempo,4,3,True,Semi-Urban Outpost
P-000836,DEP-V2-0002840,4,2025-04-01,2025-04-02,2025-04-24,22,Routine,2,1,False,Urban Base
P-000839,DEP-V2-0002841,3,2025-03-01,2025-03-03,2025-03-26,23,Extended,4,5,True,Remote/Difficult Terrain
P-000839,DEP-V2-0002842,4,2025-04-01,2025-04-05,2025-04-24,19,Extended,5,5,True,Remote/Difficult Terrain
P-000839,DEP-V2-0002843,5,2025-05-01,2025-05-05,2025-05-27,22,Extended,4,4,True,High Altitude/Extreme
P-000839,DEP-V2-0002844,6,2025-06-01,2025-06-05,2025-06-26,21,Extended,3,4,True,High Altitude/Extreme
P-000839,DEP-V2-0002845,7,2025-07-01,2025-07-03,2025-07-25,22,Extended,5,4,True,Remote/Difficult Terrain
P-000839,DEP-V2-0002846,8,2025-08-01,2025-08-03,2025-08-27,24,Extended,4,5,True,Remote/Difficult Terrain
P-000839,DEP-V2-0002847,9,2025-09-01,2025-09-05,2025-09-24,19,Extended,3,5,True,Remote/Difficult Terrain
P-000840,DEP-V2-0002848,2,2025-02-01,2025-02-02,2025-02-25,23,High Tempo,4,4,True,Remote/Difficult Terrain
P-000840,DEP-V2-0002849,3,2025-03-01,2025-03-03,2025-03-28,25,High Tempo,4,4,True,Remote/Difficult Terrain
P-000840,DEP-V2-0002850,4,2025-04-01,2025-04-03,2025-04-26,23,High Tempo,4,4,True,Remote/Difficult Terrain
P-000840,DEP-V2-0002851,5,2025-05-01,2025-05-02,2025-05-27,25,High Tempo,4,4,True,Remote/Difficult Terrain
P-000841,DEP-V2-0002852,4,2025-04-01,2025-04-03,2025-04-26,23,Routine,2,2,False,Semi-Urban Outpost
P-000842,DEP-V2-0002853,3,2025-03-01,2025-03-04,2025-03-27,23,Extended,4,5,True,Remote/Difficult Terrain
P-000842,DEP-V2-0002854,4,2025-04-01,2025-04-03,2025-04-25,22,Extended,3,4,True,High Altitude/Extreme
P-000842,DEP-V2-0002855,5,2025-05-01,2025-05-03,2025-05-27,24,Extended,4,5,True,High Altitude/Extreme
P-000842,DEP-V2-0002856,6,2025-06-01,2025-06-04,2025-06-25,21,Extended,5,4,True,Remote/Difficult Terrain
P-000842,DEP-V2-0002857,7,2025-07-01,2025-07-05,2025-07-27,22,Extended,4,5,True,Remote/Difficult Terrain
P-000842,DEP-V2-0002858,8,2025-08-01,2025-08-02,2025-08-28,26,Extended,4,4,True,Remote/Difficult Terrain
P-000842,DEP-V2-0002859,9,2025-09-01,2025-09-04,2025-09-27,23,Extended,4,4,True,High Altitude/Extreme
P-000843,DEP-V2-0002860,3,2025-03-01,2025-03-05,2025-03-26,21,Extended,4,4,True,High Altitude/Extreme
P-000843,DEP-V2-0002861,4,2025-04-01,2025-04-05,2025-04-25,20,Extended,5,5,True,High Altitude/Extreme
P-000843,DEP-V2-0002862,5,2025-05-01,2025-05-02,2025-05-25,23,Extended,5,4,True,High Altitude/Extreme
P-000843,DEP-V2-0002863,6,2025-06-01,2025-06-02,2025-06-24,22,Extended,4,5,True,Remote/Difficult Terrain
P-000843,DEP-V2-0002864,7,2025-07-01,2025-07-03,2025-07-27,24,Extended,4,4,True,Remote/Difficult Terrain
P-000843,DEP-V2-0002865,8,2025-08-01,2025-08-03,2025-08-23,20,Extended,5,5,True,High Altitude/Extreme
P-000843,DEP-V2-0002866,9,2025-09-01,2025-09-02,2025-09-28,26,Extended,3,5,True,Remote/Difficult Terrain
P-000844,DEP-V2-0002867,4,2025-04-01,2025-04-03,2025-04-26,23,High Tempo,5,4,True,Remote/Difficult Terrain
P-000844,DEP-V2-0002868,5,2025-05-01,2025-05-05,2025-05-26,21,Extended,5,5,True,Remote/Difficult Terrain
P-000844,DEP-V2-0002869,6,2025-06-01,2025-06-05,2025-06-23,18,Extended,5,4,True,Remote/Difficult Terrain
P-000844,DEP-V2-0002870,7,2025-07-01,2025-07-05,2025-07-24,19,High Tempo,4,5,True,Remote/Difficult Terrain
P-000844,DEP-V2-0002871,8,2025-08-01,2025-08-04,2025-08-26,22,Extended,5,5,True,High Altitude/Extreme
P-000844,DEP-V2-0002872,9,2025-09-01,2025-09-04,2025-09-25,21,High Tempo,4,5,True,High Altitude/Extreme
P-000844,DEP-V2-0002873,10,2025-10-01,2025-10-02,2025-10-24,22,Extended,5,5,True,High Altitude/Extreme
P-000844,DEP-V2-0002874,11,2025-11-01,2025-11-03,2025-11-23,20,Extended,4,5,True,Remote/Difficult Terrain
P-000845,DEP-V2-0002875,2,2025-02-01,2025-02-04,2025-02-25,21,High Tempo,4,4,True,Remote/Difficult Terrain
P-000845,DEP-V2-0002876,3,2025-03-01,2025-03-05,2025-03-28,23,High Tempo,4,4,True,Remote/Difficult Terrain
P-000845,DEP-V2-0002877,4,2025-04-01,2025-04-05,2025-04-25,20,High Tempo,4,4,True,Remote/Difficult Terrain
P-000845,DEP-V2-0002878,5,2025-05-01,2025-05-02,2025-05-24,22,High Tempo,4,4,True,Remote/Difficult Terrain
P-000846,DEP-V2-0002879,4,2025-04-01,2025-04-05,2025-04-28,23,Extended,4,4,True,Remote/Difficult Terrain
P-000846,DEP-V2-0002880,5,2025-05-01,2025-05-04,2025-05-28,24,Extended,5,5,True,High Altitude/Extreme
P-000846,DEP-V2-0002881,6,2025-06-01,2025-06-03,2025-06-27,24,Extended,5,5,True,Remote/Difficult Terrain
P-000846,DEP-V2-0002882,7,2025-07-01,2025-07-03,2025-07-25,22,High Tempo,4,5,True,Remote/Difficult Terrain
P-000846,DEP-V2-0002883,8,2025-08-01,2025-08-02,2025-08-26,24,High Tempo,5,4,True,Remote/Difficult Terrain
P-000846,DEP-V2-0002884,9,2025-09-01,2025-09-02,2025-09-26,24,Extended,5,4,True,Remote/Difficult Terrain
P-000846,DEP-V2-0002885,10,2025-10-01,2025-10-04,2025-10-28,24,Extended,4,5,True,Remote/Difficult Terrain
P-000846,DEP-V2-0002886,11,2025-11-01,2025-11-03,2025-11-25,22,High Tempo,4,5,True,High Altitude/Extreme
P-000847,DEP-V2-0002887,6,2025-06-01,2025-06-04,2025-06-28,24,High Tempo,4,3,True,Semi-Urban Outpost
P-000847,DEP-V2-0002888,7,2025-07-01,2025-07-02,2025-07-26,24,High Tempo,4,3,True,Semi-Urban Outpost
P-000848,DEP-V2-0002889,2,2025-02-01,2025-02-04,2025-02-27,23,High Tempo,4,4,True,Remote/Difficult Terrain
P-000848,DEP-V2-0002890,3,2025-03-01,2025-03-04,2025-03-28,24,High Tempo,4,4,True,Remote/Difficult Terrain
P-000848,DEP-V2-0002891,4,2025-04-01,2025-04-02,2025-04-26,24,High Tempo,4,4,True,Remote/Difficult Terrain
P-000848,DEP-V2-0002892,5,2025-05-01,2025-05-02,2025-05-24,22,High Tempo,4,4,True,Remote/Difficult Terrain
P-000849,DEP-V2-0002893,4,2025-04-01,2025-04-02,2025-04-28,26,Extended,5,5,True,Remote/Difficult Terrain
P-000849,DEP-V2-0002894,5,2025-05-01,2025-05-05,2025-05-28,23,High Tempo,5,5,True,High Altitude/Extreme
P-000849,DEP-V2-0002895,6,2025-06-01,2025-06-02,2025-06-26,24,High Tempo,5,4,True,High Altitude/Extreme
P-000849,DEP-V2-0002896,7,2025-07-01,2025-07-05,2025-07-23,18,High Tempo,4,4,True,High Altitude/Extreme
P-000849,DEP-V2-0002897,8,2025-08-01,2025-08-02,2025-08-25,23,Extended,5,5,True,High Altitude/Extreme
P-000849,DEP-V2-0002898,9,2025-09-01,2025-09-04,2025-09-23,19,Extended,4,5,True,High Altitude/Extreme
P-000849,DEP-V2-0002899,10,2025-10-01,2025-10-03,2025-10-25,22,Extended,5,5,True,Remote/Difficult Terrain
P-000849,DEP-V2-0002900,11,2025-11-01,2025-11-02,2025-11-27,25,High Tempo,5,5,True,High Altitude/Extreme
P-000850,DEP-V2-0002901,3,2025-03-01,2025-03-03,2025-03-25,22,Extended,4,4,True,High Altitude/Extreme
P-000850,DEP-V2-0002902,4,2025-04-01,2025-04-02,2025-04-24,22,Extended,4,4,True,Remote/Difficult Terrain
P-000850,DEP-V2-0002903,5,2025-05-01,2025-05-02,2025-05-24,22,Extended,4,5,True,High Altitude/Extreme
P-000850,DEP-V2-0002904,6,2025-06-01,2025-06-04,2025-06-26,22,Extended,4,5,True,Remote/Difficult Terrain
P-000850,DEP-V2-0002905,7,2025-07-01,2025-07-05,2025-07-24,19,Extended,3,4,True,Remote/Difficult Terrain
P-000850,DEP-V2-0002906,8,2025-08-01,2025-08-05,2025-08-26,21,Extended,3,4,True,Remote/Difficult Terrain
P-000850,DEP-V2-0002907,9,2025-09-01,2025-09-05,2025-09-26,21,Extended,4,5,True,High Altitude/Extreme
P-000855,DEP-V2-0002908,3,2025-03-01,2025-03-03,2025-03-24,21,Extended,4,4,True,Remote/Difficult Terrain
P-000855,DEP-V2-0002909,4,2025-04-01,2025-04-04,2025-04-26,22,Extended,3,5,True,High Altitude/Extreme
P-000855,DEP-V2-0002910,5,2025-05-01,2025-05-02,2025-05-24,22,Extended,5,5,True,High Altitude/Extreme
P-000855,DEP-V2-0002911,6,2025-06-01,2025-06-05,2025-06-24,19,Extended,4,5,True,High Altitude/Extreme
P-000855,DEP-V2-0002912,7,2025-07-01,2025-07-04,2025-07-23,19,Extended,4,4,True,Remote/Difficult Terrain
P-000855,DEP-V2-0002913,8,2025-08-01,2025-08-03,2025-08-26,23,Extended,3,4,True,Remote/Difficult Terrain
P-000855,DEP-V2-0002914,9,2025-09-01,2025-09-04,2025-09-24,20,Extended,4,4,True,High Altitude/Extreme
P-000857,DEP-V2-0002915,4,2025-04-01,2025-04-02,2025-04-25,23,High Tempo,4,3,True,Semi-Urban Outpost
P-000857,DEP-V2-0002916,5,2025-05-01,2025-05-04,2025-05-23,19,High Tempo,4,4,True,Remote/Difficult Terrain
P-000857,DEP-V2-0002917,6,2025-06-01,2025-06-03,2025-06-23,20,High Tempo,4,3,True,Semi-Urban Outpost
P-000857,DEP-V2-0002918,7,2025-07-01,2025-07-03,2025-07-24,21,High Tempo,4,3,True,Remote/Difficult Terrain
P-000857,DEP-V2-0002919,8,2025-08-01,2025-08-02,2025-08-25,23,High Tempo,3,3,False,Remote/Difficult Terrain
P-000858,DEP-V2-0002920,3,2025-03-01,2025-03-05,2025-03-28,23,Extended,4,4,True,Remote/Difficult Terrain
P-000858,DEP-V2-0002921,4,2025-04-01,2025-04-05,2025-04-27,22,Extended,4,4,True,Remote/Difficult Terrain
P-000858,DEP-V2-0002922,5,2025-05-01,2025-05-04,2025-05-25,21,Extended,4,5,True,Remote/Difficult Terrain
P-000858,DEP-V2-0002923,6,2025-06-01,2025-06-04,2025-06-23,19,Extended,3,4,True,Remote/Difficult Terrain
P-000858,DEP-V2-0002924,7,2025-07-01,2025-07-05,2025-07-27,22,Extended,4,4,True,High Altitude/Extreme
P-000858,DEP-V2-0002925,8,2025-08-01,2025-08-04,2025-08-24,20,Extended,3,5,True,High Altitude/Extreme
P-000858,DEP-V2-0002926,9,2025-09-01,2025-09-04,2025-09-28,24,Extended,4,5,True,High Altitude/Extreme
P-000863,DEP-V2-0002927,4,2025-04-01,2025-04-03,2025-04-25,22,High Tempo,3,3,False,Remote/Difficult Terrain
P-000863,DEP-V2-0002928,5,2025-05-01,2025-05-02,2025-05-28,26,High Tempo,5,4,True,Semi-Urban Outpost
P-000863,DEP-V2-0002929,6,2025-06-01,2025-06-04,2025-06-27,23,High Tempo,4,4,True,Remote/Difficult Terrain
P-000863,DEP-V2-0002930,7,2025-07-01,2025-07-02,2025-07-24,22,High Tempo,4,3,True,Remote/Difficult Terrain
P-000863,DEP-V2-0002931,8,2025-08-01,2025-08-03,2025-08-24,21,High Tempo,4,4,True,Remote/Difficult Terrain
P-000864,DEP-V2-0002932,4,2025-04-01,2025-04-02,2025-04-28,26,High Tempo,3,3,False,Semi-Urban Outpost
P-000864,DEP-V2-0002933,5,2025-05-01,2025-05-02,2025-05-25,23,High Tempo,4,3,True,Semi-Urban Outpost
P-000864,DEP-V2-0002934,6,2025-06-01,2025-06-03,2025-06-26,23,High Tempo,4,3,True,Semi-Urban Outpost
P-000864,DEP-V2-0002935,7,2025-07-01,2025-07-05,2025-07-26,21,High Tempo,3,3,False,Remote/Difficult Terrain
P-000864,DEP-V2-0002936,8,2025-08-01,2025-08-02,2025-08-23,21,High Tempo,3,3,False,Semi-Urban Outpost
P-000865,DEP-V2-0002937,6,2025-06-01,2025-06-03,2025-06-24,21,High Tempo,4,3,True,Semi-Urban Outpost
P-000865,DEP-V2-0002938,7,2025-07-01,2025-07-02,2025-07-27,25,High Tempo,4,3,True,Semi-Urban Outpost
P-000867,DEP-V2-0002939,3,2025-03-01,2025-03-03,2025-03-24,21,Extended,3,5,True,High Altitude/Extreme
P-000867,DEP-V2-0002940,4,2025-04-01,2025-04-02,2025-04-25,23,Extended,4,4,True,Remote/Difficult Terrain
P-000867,DEP-V2-0002941,5,2025-05-01,2025-05-05,2025-05-25,20,Extended,4,5,True,High Altitude/Extreme
P-000867,DEP-V2-0002942,6,2025-06-01,2025-06-04,2025-06-28,24,Extended,4,5,True,High Altitude/Extreme
P-000867,DEP-V2-0002943,7,2025-07-01,2025-07-04,2025-07-23,19,Extended,4,5,True,Remote/Difficult Terrain
P-000867,DEP-V2-0002944,8,2025-08-01,2025-08-02,2025-08-23,21,Extended,3,4,True,High Altitude/Extreme
P-000867,DEP-V2-0002945,9,2025-09-01,2025-09-03,2025-09-23,20,Extended,4,5,True,High Altitude/Extreme
P-000869,DEP-V2-0002946,6,2025-06-01,2025-06-02,2025-06-26,24,High Tempo,4,3,True,Semi-Urban Outpost
P-000869,DEP-V2-0002947,7,2025-07-01,2025-07-05,2025-07-28,23,High Tempo,4,3,True,Semi-Urban Outpost
P-000870,DEP-V2-0002948,4,2025-04-01,2025-04-05,2025-04-25,20,High Tempo,4,4,True,Remote/Difficult Terrain
P-000870,DEP-V2-0002949,5,2025-05-01,2025-05-03,2025-05-27,24,High Tempo,5,3,True,Remote/Difficult Terrain
P-000870,DEP-V2-0002950,6,2025-06-01,2025-06-03,2025-06-25,22,High Tempo,4,4,True,Remote/Difficult Terrain
P-000870,DEP-V2-0002951,7,2025-07-01,2025-07-03,2025-07-23,20,High Tempo,3,4,True,Semi-Urban Outpost
P-000870,DEP-V2-0002952,8,2025-08-01,2025-08-05,2025-08-24,19,High Tempo,3,4,True,Remote/Difficult Terrain
P-000871,DEP-V2-0002953,3,2025-03-01,2025-03-02,2025-03-25,23,Extended,3,4,True,Remote/Difficult Terrain
P-000871,DEP-V2-0002954,4,2025-04-01,2025-04-05,2025-04-26,21,Extended,5,4,True,Remote/Difficult Terrain
P-000871,DEP-V2-0002955,5,2025-05-01,2025-05-02,2025-05-26,24,Extended,4,4,True,High Altitude/Extreme
P-000871,DEP-V2-0002956,6,2025-06-01,2025-06-03,2025-06-26,23,Extended,4,5,True,High Altitude/Extreme
P-000871,DEP-V2-0002957,7,2025-07-01,2025-07-02,2025-07-28,26,Extended,3,5,True,Remote/Difficult Terrain
P-000871,DEP-V2-0002958,8,2025-08-01,2025-08-03,2025-08-24,21,Extended,4,4,True,Remote/Difficult Terrain
P-000871,DEP-V2-0002959,9,2025-09-01,2025-09-02,2025-09-24,22,Extended,4,5,True,High Altitude/Extreme
P-000872,DEP-V2-0002960,5,2025-05-01,2025-05-05,2025-05-24,19,Routine,1,1,False,Urban Base
P-000873,DEP-V2-0002961,3,2025-03-01,2025-03-03,2025-03-26,23,Extended,4,4,True,Remote/Difficult Terrain
P-000873,DEP-V2-0002962,4,2025-04-01,2025-04-05,2025-04-28,23,Extended,4,4,True,Remote/Difficult Terrain
P-000873,DEP-V2-0002963,5,2025-05-01,2025-05-02,2025-05-26,24,Extended,4,4,True,Remote/Difficult Terrain
P-000873,DEP-V2-0002964,6,2025-06-01,2025-06-02,2025-06-28,26,Extended,4,4,True,Remote/Difficult Terrain
P-000873,DEP-V2-0002965,7,2025-07-01,2025-07-05,2025-07-25,20,Extended,5,5,True,Remote/Difficult Terrain
P-000873,DEP-V2-0002966,8,2025-08-01,2025-08-03,2025-08-25,22,Extended,3,4,True,Remote/Difficult Terrain
P-000873,DEP-V2-0002967,9,2025-09-01,2025-09-02,2025-09-23,21,Extended,3,4,True,Remote/Difficult Terrain
P-000874,DEP-V2-0002968,4,2025-04-01,2025-04-04,2025-04-27,23,High Tempo,3,4,True,Remote/Difficult Terrain
P-000874,DEP-V2-0002969,5,2025-05-01,2025-05-03,2025-05-26,23,High Tempo,4,3,True,Remote/Difficult Terrain
P-000874,DEP-V2-0002970,6,2025-06-01,2025-06-04,2025-06-26,22,High Tempo,4,4,True,Semi-Urban Outpost
P-000874,DEP-V2-0002971,7,2025-07-01,2025-07-03,2025-07-28,25,High Tempo,4,3,True,Semi-Urban Outpost
P-000874,DEP-V2-0002972,8,2025-08-01,2025-08-03,2025-08-27,24,High Tempo,3,3,False,Remote/Difficult Terrain
P-000877,DEP-V2-0002973,4,2025-04-01,2025-04-02,2025-04-23,21,Routine,2,1,False,Urban Base
P-000877,DEP-V2-0002974,5,2025-05-01,2025-05-02,2025-05-23,21,Routine,1,2,False,Urban Base
P-000878,DEP-V2-0002975,4,2025-04-01,2025-04-02,2025-04-23,21,Routine,2,1,False,Urban Base
P-000878,DEP-V2-0002976,5,2025-05-01,2025-05-03,2025-05-25,22,Routine,1,2,False,Semi-Urban Outpost
P-000879,DEP-V2-0002977,2,2025-02-01,2025-02-05,2025-02-23,18,High Tempo,4,4,True,Remote/Difficult Terrain
P-000879,DEP-V2-0002978,3,2025-03-01,2025-03-04,2025-03-26,22,High Tempo,4,4,True,Remote/Difficult Terrain
P-000879,DEP-V2-0002979,4,2025-04-01,2025-04-05,2025-04-24,19,High Tempo,4,4,True,Remote/Difficult Terrain
P-000879,DEP-V2-0002980,5,2025-05-01,2025-05-03,2025-05-24,21,High Tempo,4,4,True,Remote/Difficult Terrain
P-000880,DEP-V2-0002981,4,2025-04-01,2025-04-04,2025-04-25,21,Extended,5,4,True,Remote/Difficult Terrain
P-000880,DEP-V2-0002982,5,2025-05-01,2025-05-02,2025-05-23,21,High Tempo,4,5,True,Remote/Difficult Terrain
P-000880,DEP-V2-0002983,6,2025-06-01,2025-06-05,2025-06-27,22,High Tempo,4,4,True,Remote/Difficult Terrain
P-000880,DEP-V2-0002984,7,2025-07-01,2025-07-05,2025-07-23,18,High Tempo,4,4,True,Remote/Difficult Terrain
P-000880,DEP-V2-0002985,8,2025-08-01,2025-08-02,2025-08-23,21,Extended,5,5,True,High Altitude/Extreme
P-000880,DEP-V2-0002986,9,2025-09-01,2025-09-05,2025-09-24,19,High Tempo,5,5,True,Remote/Difficult Terrain
P-000880,DEP-V2-0002987,10,2025-10-01,2025-10-02,2025-10-27,25,High Tempo,5,5,True,High Altitude/Extreme
P-000880,DEP-V2-0002988,11,2025-11-01,2025-11-03,2025-11-25,22,Extended,5,5,True,High Altitude/Extreme
P-000881,DEP-V2-0002989,4,2025-04-01,2025-04-02,2025-04-26,24,High Tempo,4,3,True,Remote/Difficult Terrain
P-000881,DEP-V2-0002990,5,2025-05-01,2025-05-05,2025-05-27,22,High Tempo,4,3,True,Remote/Difficult Terrain
P-000881,DEP-V2-0002991,6,2025-06-01,2025-06-03,2025-06-27,24,High Tempo,3,3,False,Remote/Difficult Terrain
P-000881,DEP-V2-0002992,7,2025-07-01,2025-07-03,2025-07-25,22,High Tempo,3,3,False,Semi-Urban Outpost
P-000881,DEP-V2-0002993,8,2025-08-01,2025-08-04,2025-08-28,24,High Tempo,4,4,True,Semi-Urban Outpost
P-000882,DEP-V2-0002994,6,2025-06-01,2025-06-05,2025-06-24,19,High Tempo,4,3,True,Semi-Urban Outpost
P-000882,DEP-V2-0002995,7,2025-07-01,2025-07-04,2025-07-27,23,High Tempo,4,3,True,Semi-Urban Outpost
P-000883,DEP-V2-0002996,4,2025-04-01,2025-04-02,2025-04-24,22,Routine,2,1,False,Urban Base
P-000883,DEP-V2-0002997,5,2025-05-01,2025-05-02,2025-05-28,26,Routine,1,1,False,Semi-Urban Outpost
P-000884,DEP-V2-0002998,3,2025-03-01,2025-03-04,2025-03-24,20,Extended,4,5,True,Remote/Difficult Terrain
P-000884,DEP-V2-0002999,4,2025-04-01,2025-04-02,2025-04-25,23,Extended,4,4,True,High Altitude/Extreme
P-000884,DEP-V2-0003000,5,2025-05-01,2025-05-04,2025-05-26,22,Extended,4,5,True,Remote/Difficult Terrain
P-000884,DEP-V2-0003001,6,2025-06-01,2025-06-03,2025-06-23,20,Extended,3,5,True,Remote/Difficult Terrain
P-000884,DEP-V2-0003002,7,2025-07-01,2025-07-02,2025-07-26,24,Extended,4,4,True,Remote/Difficult Terrain
P-000884,DEP-V2-0003003,8,2025-08-01,2025-08-03,2025-08-24,21,Extended,4,5,True,High Altitude/Extreme
P-000884,DEP-V2-0003004,9,2025-09-01,2025-09-02,2025-09-28,26,Extended,3,5,True,Remote/Difficult Terrain
P-000885,DEP-V2-0003005,5,2025-05-01,2025-05-05,2025-05-27,22,Routine,2,2,False,Urban Base
P-000886,DEP-V2-0003006,4,2025-04-01,2025-04-02,2025-04-26,24,Routine,2,1,False,Semi-Urban Outpost
P-000887,DEP-V2-0003007,2,2025-02-01,2025-02-04,2025-02-26,22,High Tempo,4,4,True,Remote/Difficult Terrain
P-000887,DEP-V2-0003008,3,2025-03-01,2025-03-03,2025-03-27,24,High Tempo,4,4,True,Remote/Difficult Terrain
P-000887,DEP-V2-0003009,4,2025-04-01,2025-04-03,2025-04-27,24,High Tempo,4,4,True,Remote/Difficult Terrain
P-000887,DEP-V2-0003010,5,2025-05-01,2025-05-02,2025-05-28,26,High Tempo,4,4,True,Remote/Difficult Terrain
P-000888,DEP-V2-0003011,4,2025-04-01,2025-04-02,2025-04-24,22,Routine,1,1,False,Urban Base
P-000889,DEP-V2-0003012,4,2025-04-01,2025-04-02,2025-04-26,24,Routine,2,2,False,Urban Base
P-000890,DEP-V2-0003013,4,2025-04-01,2025-04-03,2025-04-23,20,High Tempo,3,3,False,Semi-Urban Outpost
P-000890,DEP-V2-0003014,5,2025-05-01,2025-05-04,2025-05-26,22,High Tempo,5,3,True,Remote/Difficult Terrain
P-000890,DEP-V2-0003015,6,2025-06-01,2025-06-03,2025-06-26,23,High Tempo,4,3,True,Semi-Urban Outpost
P-000890,DEP-V2-0003016,7,2025-07-01,2025-07-03,2025-07-24,21,High Tempo,4,4,True,Semi-Urban Outpost
P-000890,DEP-V2-0003017,8,2025-08-01,2025-08-04,2025-08-26,22,High Tempo,5,3,True,Remote/Difficult Terrain
P-000891,DEP-V2-0003018,4,2025-04-01,2025-04-04,2025-04-24,20,High Tempo,4,4,True,Semi-Urban Outpost
P-000891,DEP-V2-0003019,5,2025-05-01,2025-05-04,2025-05-26,22,High Tempo,4,3,True,Semi-Urban Outpost
P-000891,DEP-V2-0003020,6,2025-06-01,2025-06-03,2025-06-27,24,High Tempo,3,4,True,Semi-Urban Outpost
P-000891,DEP-V2-0003021,7,2025-07-01,2025-07-02,2025-07-24,22,High Tempo,4,3,True,Remote/Difficult Terrain
P-000891,DEP-V2-0003022,8,2025-08-01,2025-08-02,2025-08-28,26,High Tempo,4,3,True,Remote/Difficult Terrain
P-000892,DEP-V2-0003023,4,2025-04-01,2025-04-03,2025-04-24,21,Routine,1,1,False,Urban Base
P-000893,DEP-V2-0003024,2,2025-02-01,2025-02-02,2025-02-26,24,High Tempo,4,4,True,Remote/Difficult Terrain
P-000893,DEP-V2-0003025,3,2025-03-01,2025-03-04,2025-03-27,23,High Tempo,4,4,True,Remote/Difficult Terrain
P-000893,DEP-V2-0003026,4,2025-04-01,2025-04-02,2025-04-28,26,High Tempo,4,4,True,Remote/Difficult Terrain
P-000893,DEP-V2-0003027,5,2025-05-01,2025-05-03,2025-05-28,25,High Tempo,4,4,True,Remote/Difficult Terrain
P-000894,DEP-V2-0003028,5,2025-05-01,2025-05-05,2025-05-23,18,Routine,1,1,False,Urban Base
P-000895,DEP-V2-0003029,5,2025-05-01,2025-05-02,2025-05-28,26,Routine,2,1,False,Urban Base
P-000896,DEP-V2-0003030,3,2025-03-01,2025-03-05,2025-03-27,22,Extended,5,5,True,High Altitude/Extreme
P-000896,DEP-V2-0003031,4,2025-04-01,2025-04-04,2025-04-24,20,Extended,5,4,True,High Altitude/Extreme
P-000896,DEP-V2-0003032,5,2025-05-01,2025-05-02,2025-05-24,22,Extended,4,5,True,High Altitude/Extreme
P-000896,DEP-V2-0003033,6,2025-06-01,2025-06-03,2025-06-25,22,Extended,5,4,True,High Altitude/Extreme
P-000896,DEP-V2-0003034,7,2025-07-01,2025-07-03,2025-07-23,20,Extended,5,4,True,Remote/Difficult Terrain
P-000896,DEP-V2-0003035,8,2025-08-01,2025-08-05,2025-08-28,23,Extended,4,5,True,Remote/Difficult Terrain
P-000896,DEP-V2-0003036,9,2025-09-01,2025-09-04,2025-09-28,24,Extended,4,4,True,Remote/Difficult Terrain
P-000897,DEP-V2-0003037,4,2025-04-01,2025-04-02,2025-04-27,25,Extended,5,5,True,High Altitude/Extreme
P-000897,DEP-V2-0003038,5,2025-05-01,2025-05-03,2025-05-25,22,Extended,4,5,True,Remote/Difficult Terrain
P-000897,DEP-V2-0003039,6,2025-06-01,2025-06-02,2025-06-24,22,Extended,4,5,True,High Altitude/Extreme
P-000897,DEP-V2-0003040,7,2025-07-01,2025-07-03,2025-07-26,23,High Tempo,5,4,True,Remote/Difficult Terrain
P-000897,DEP-V2-0003041,8,2025-08-01,2025-08-05,2025-08-25,20,Extended,5,4,True,Remote/Difficult Terrain
P-000897,DEP-V2-0003042,9,2025-09-01,2025-09-04,2025-09-26,22,High Tempo,5,4,True,Remote/Difficult Terrain
P-000897,DEP-V2-0003043,10,2025-10-01,2025-10-02,2025-10-25,23,Extended,4,5,True,High Altitude/Extreme
P-000897,DEP-V2-0003044,11,2025-11-01,2025-11-03,2025-11-27,24,High Tempo,5,5,True,High Altitude/Extreme
P-000898,DEP-V2-0003045,4,2025-04-01,2025-04-03,2025-04-24,21,Routine,1,1,False,Semi-Urban Outpost
P-000899,DEP-V2-0003046,4,2025-04-01,2025-04-04,2025-04-27,23,High Tempo,4,4,True,Semi-Urban Outpost
P-000899,DEP-V2-0003047,5,2025-05-01,2025-05-04,2025-05-27,23,High Tempo,4,3,True,Remote/Difficult Terrain
P-000899,DEP-V2-0003048,6,2025-06-01,2025-06-05,2025-06-23,18,High Tempo,4,3,True,Remote/Difficult Terrain
P-000899,DEP-V2-0003049,7,2025-07-01,2025-07-05,2025-07-26,21,High Tempo,4,4,True,Remote/Difficult Terrain
P-000899,DEP-V2-0003050,8,2025-08-01,2025-08-05,2025-08-26,21,High Tempo,4,3,True,Remote/Difficult Terrain
P-000900,DEP-V2-0003051,3,2025-03-01,2025-03-02,2025-03-25,23,Extended,4,5,True,Remote/Difficult Terrain
P-000900,DEP-V2-0003052,4,2025-04-01,2025-04-02,2025-04-25,23,Extended,4,5,True,High Altitude/Extreme
P-000900,DEP-V2-0003053,5,2025-05-01,2025-05-03,2025-05-26,23,Extended,3,4,True,Remote/Difficult Terrain
P-000900,DEP-V2-0003054,6,2025-06-01,2025-06-03,2025-06-24,21,Extended,4,4,True,Remote/Difficult Terrain
P-000900,DEP-V2-0003055,7,2025-07-01,2025-07-02,2025-07-27,25,Extended,4,4,True,Remote/Difficult Terrain
P-000900,DEP-V2-0003056,8,2025-08-01,2025-08-05,2025-08-26,21,Extended,3,4,True,High Altitude/Extreme
P-000900,DEP-V2-0003057,9,2025-09-01,2025-09-03,2025-09-26,23,Extended,4,4,True,High Altitude/Extreme
P-000902,DEP-V2-0003058,2,2025-02-01,2025-02-04,2025-02-25,21,High Tempo,4,4,True,Remote/Difficult Terrain
P-000902,DEP-V2-0003059,3,2025-03-01,2025-03-05,2025-03-25,20,High Tempo,4,4,True,Remote/Difficult Terrain
P-000902,DEP-V2-0003060,4,2025-04-01,2025-04-02,2025-04-23,21,High Tempo,4,4,True,Remote/Difficult Terrain
P-000902,DEP-V2-0003061,5,2025-05-01,2025-05-02,2025-05-23,21,High Tempo,4,4,True,Remote/Difficult Terrain
P-000905,DEP-V2-0003062,4,2025-04-01,2025-04-05,2025-04-23,18,High Tempo,4,4,True,Semi-Urban Outpost
P-000905,DEP-V2-0003063,5,2025-05-01,2025-05-02,2025-05-23,21,High Tempo,5,3,True,Remote/Difficult Terrain
P-000905,DEP-V2-0003064,6,2025-06-01,2025-06-04,2025-06-28,24,High Tempo,4,3,True,Remote/Difficult Terrain
P-000905,DEP-V2-0003065,7,2025-07-01,2025-07-03,2025-07-26,23,High Tempo,4,4,True,Remote/Difficult Terrain
P-000905,DEP-V2-0003066,8,2025-08-01,2025-08-05,2025-08-25,20,High Tempo,4,3,True,Remote/Difficult Terrain
P-000906,DEP-V2-0003067,4,2025-04-01,2025-04-05,2025-04-27,22,Routine,1,1,False,Urban Base
P-000906,DEP-V2-0003068,5,2025-05-01,2025-05-05,2025-05-25,20,Routine,1,1,False,Urban Base
P-000907,DEP-V2-0003069,3,2025-03-01,2025-03-03,2025-03-26,23,Extended,5,5,True,Remote/Difficult Terrain
P-000907,DEP-V2-0003070,4,2025-04-01,2025-04-05,2025-04-28,23,Extended,3,4,True,High Altitude/Extreme
P-000907,DEP-V2-0003071,5,2025-05-01,2025-05-05,2025-05-23,18,Extended,3,4,True,Remote/Difficult Terrain
P-000907,DEP-V2-0003072,6,2025-06-01,2025-06-04,2025-06-28,24,Extended,4,4,True,Remote/Difficult Terrain
P-000907,DEP-V2-0003073,7,2025-07-01,2025-07-04,2025-07-23,19,Extended,3,4,True,Remote/Difficult Terrain
P-000907,DEP-V2-0003074,8,2025-08-01,2025-08-03,2025-08-28,25,Extended,3,4,True,High Altitude/Extreme
P-000907,DEP-V2-0003075,9,2025-09-01,2025-09-04,2025-09-25,21,Extended,5,5,True,High Altitude/Extreme
P-000909,DEP-V2-0003076,5,2025-05-01,2025-05-05,2025-05-24,19,Routine,1,1,False,Semi-Urban Outpost
P-000910,DEP-V2-0003077,2,2025-02-01,2025-02-02,2025-02-24,22,High Tempo,4,4,True,Remote/Difficult Terrain
P-000910,DEP-V2-0003078,3,2025-03-01,2025-03-03,2025-03-24,21,High Tempo,4,4,True,Remote/Difficult Terrain
P-000910,DEP-V2-0003079,4,2025-04-01,2025-04-03,2025-04-25,22,High Tempo,4,4,True,Remote/Difficult Terrain
P-000910,DEP-V2-0003080,5,2025-05-01,2025-05-02,2025-05-24,22,High Tempo,4,4,True,Remote/Difficult Terrain
P-000911,DEP-V2-0003081,4,2025-04-01,2025-04-02,2025-04-25,23,Routine,1,2,False,Semi-Urban Outpost
P-000911,DEP-V2-0003082,5,2025-05-01,2025-05-05,2025-05-24,19,Routine,2,2,False,Semi-Urban Outpost
P-000912,DEP-V2-0003083,4,2025-04-01,2025-04-02,2025-04-23,21,Routine,3,2,False,Urban Base
P-000914,DEP-V2-0003084,5,2025-05-01,2025-05-02,2025-05-23,21,Routine,1,1,False,Urban Base
P-000915,DEP-V2-0003085,3,2025-03-01,2025-03-04,2025-03-28,24,Extended,4,5,True,High Altitude/Extreme
P-000915,DEP-V2-0003086,4,2025-04-01,2025-04-05,2025-04-23,18,Extended,3,4,True,Remote/Difficult Terrain
P-000915,DEP-V2-0003087,5,2025-05-01,2025-05-03,2025-05-23,20,Extended,4,4,True,High Altitude/Extreme
P-000915,DEP-V2-0003088,6,2025-06-01,2025-06-02,2025-06-26,24,Extended,3,4,True,Remote/Difficult Terrain
P-000915,DEP-V2-0003089,7,2025-07-01,2025-07-02,2025-07-26,24,Extended,4,4,True,High Altitude/Extreme
P-000915,DEP-V2-0003090,8,2025-08-01,2025-08-02,2025-08-25,23,Extended,3,5,True,Remote/Difficult Terrain
P-000915,DEP-V2-0003091,9,2025-09-01,2025-09-02,2025-09-26,24,Extended,4,5,True,Remote/Difficult Terrain
P-000916,DEP-V2-0003092,3,2025-03-01,2025-03-05,2025-03-28,23,Extended,5,5,True,High Altitude/Extreme
P-000916,DEP-V2-0003093,4,2025-04-01,2025-04-05,2025-04-23,18,Extended,5,5,True,Remote/Difficult Terrain
P-000916,DEP-V2-0003094,5,2025-05-01,2025-05-02,2025-05-26,24,Extended,4,4,True,Remote/Difficult Terrain
P-000916,DEP-V2-0003095,6,2025-06-01,2025-06-05,2025-06-27,22,Extended,4,4,True,Remote/Difficult Terrain
P-000916,DEP-V2-0003096,7,2025-07-01,2025-07-05,2025-07-24,19,Extended,5,5,True,Remote/Difficult Terrain
P-000916,DEP-V2-0003097,8,2025-08-01,2025-08-02,2025-08-23,21,Extended,4,4,True,High Altitude/Extreme
P-000916,DEP-V2-0003098,9,2025-09-01,2025-09-05,2025-09-23,18,Extended,5,5,True,High Altitude/Extreme
P-000918,DEP-V2-0003099,4,2025-04-01,2025-04-03,2025-04-28,25,Routine,2,2,False,Urban Base
P-000919,DEP-V2-0003100,4,2025-04-01,2025-04-05,2025-04-25,20,High Tempo,5,4,True,Remote/Difficult Terrain
P-000919,DEP-V2-0003101,5,2025-05-01,2025-05-05,2025-05-23,18,High Tempo,4,4,True,Remote/Difficult Terrain
P-000919,DEP-V2-0003102,6,2025-06-01,2025-06-03,2025-06-26,23,High Tempo,3,3,False,Semi-Urban Outpost
P-000919,DEP-V2-0003103,7,2025-07-01,2025-07-05,2025-07-28,23,High Tempo,5,3,True,Semi-Urban Outpost
P-000919,DEP-V2-0003104,8,2025-08-01,2025-08-03,2025-08-23,20,High Tempo,4,3,True,Remote/Difficult Terrain
P-000922,DEP-V2-0003105,2,2025-02-01,2025-02-05,2025-02-23,18,High Tempo,4,4,True,Remote/Difficult Terrain
P-000922,DEP-V2-0003106,3,2025-03-01,2025-03-04,2025-03-26,22,High Tempo,4,4,True,Remote/Difficult Terrain
P-000922,DEP-V2-0003107,4,2025-04-01,2025-04-04,2025-04-28,24,High Tempo,4,4,True,Remote/Difficult Terrain
P-000922,DEP-V2-0003108,5,2025-05-01,2025-05-05,2025-05-25,20,High Tempo,4,4,True,Remote/Difficult Terrain
P-000923,DEP-V2-0003109,3,2025-03-01,2025-03-04,2025-03-23,19,Extended,4,5,True,Remote/Difficult Terrain
P-000923,DEP-V2-0003110,4,2025-04-01,2025-04-03,2025-04-27,24,Extended,4,4,True,Remote/Difficult Terrain
P-000923,DEP-V2-0003111,5,2025-05-01,2025-05-04,2025-05-26,22,Extended,4,4,True,Remote/Difficult Terrain
P-000923,DEP-V2-0003112,6,2025-06-01,2025-06-03,2025-06-27,24,Extended,4,5,True,Remote/Difficult Terrain
P-000923,DEP-V2-0003113,7,2025-07-01,2025-07-05,2025-07-23,18,Extended,4,4,True,Remote/Difficult Terrain
P-000923,DEP-V2-0003114,8,2025-08-01,2025-08-05,2025-08-24,19,Extended,4,5,True,Remote/Difficult Terrain
P-000923,DEP-V2-0003115,9,2025-09-01,2025-09-04,2025-09-23,19,Extended,4,5,True,Remote/Difficult Terrain
P-000924,DEP-V2-0003116,4,2025-04-01,2025-04-03,2025-04-27,24,High Tempo,4,3,True,Semi-Urban Outpost
P-000924,DEP-V2-0003117,5,2025-05-01,2025-05-04,2025-05-25,21,High Tempo,4,4,True,Semi-Urban Outpost
P-000924,DEP-V2-0003118,6,2025-06-01,2025-06-03,2025-06-25,22,High Tempo,5,4,True,Remote/Difficult Terrain
P-000924,DEP-V2-0003119,7,2025-07-01,2025-07-04,2025-07-27,23,High Tempo,4,4,True,Semi-Urban Outpost
P-000924,DEP-V2-0003120,8,2025-08-01,2025-08-05,2025-08-27,22,High Tempo,4,4,True,Remote/Difficult Terrain
P-000925,DEP-V2-0003121,2,2025-02-01,2025-02-02,2025-02-27,25,High Tempo,4,4,True,Remote/Difficult Terrain
P-000925,DEP-V2-0003122,3,2025-03-01,2025-03-02,2025-03-24,22,High Tempo,4,4,True,Remote/Difficult Terrain
P-000925,DEP-V2-0003123,4,2025-04-01,2025-04-04,2025-04-23,19,High Tempo,4,4,True,Remote/Difficult Terrain
P-000925,DEP-V2-0003124,5,2025-05-01,2025-05-04,2025-05-28,24,High Tempo,4,4,True,Remote/Difficult Terrain
P-000926,DEP-V2-0003125,3,2025-03-01,2025-03-04,2025-03-25,21,Extended,5,5,True,High Altitude/Extreme
P-000926,DEP-V2-0003126,4,2025-04-01,2025-04-03,2025-04-25,22,Extended,4,4,True,High Altitude/Extreme
P-000926,DEP-V2-0003127,5,2025-05-01,2025-05-02,2025-05-24,22,Extended,5,4,True,High Altitude/Extreme
P-000926,DEP-V2-0003128,6,2025-06-01,2025-06-04,2025-06-28,24,Extended,5,4,True,Remote/Difficult Terrain
P-000926,DEP-V2-0003129,7,2025-07-01,2025-07-02,2025-07-25,23,Extended,5,4,True,High Altitude/Extreme
P-000926,DEP-V2-0003130,8,2025-08-01,2025-08-05,2025-08-28,23,Extended,3,5,True,Remote/Difficult Terrain
P-000926,DEP-V2-0003131,9,2025-09-01,2025-09-04,2025-09-23,19,Extended,4,4,True,High Altitude/Extreme
P-000928,DEP-V2-0003132,4,2025-04-01,2025-04-04,2025-04-25,21,Routine,2,2,False,Urban Base
P-000932,DEP-V2-0003133,3,2025-03-01,2025-03-02,2025-03-27,25,Extended,3,5,True,Remote/Difficult Terrain
P-000932,DEP-V2-0003134,4,2025-04-01,2025-04-03,2025-04-23,20,Extended,4,5,True,Remote/Difficult Terrain
P-000932,DEP-V2-0003135,5,2025-05-01,2025-05-04,2025-05-25,21,Extended,4,4,True,Remote/Difficult Terrain
P-000932,DEP-V2-0003136,6,2025-06-01,2025-06-04,2025-06-25,21,Extended,4,4,True,High Altitude/Extreme
P-000932,DEP-V2-0003137,7,2025-07-01,2025-07-03,2025-07-28,25,Extended,4,5,True,High Altitude/Extreme
P-000932,DEP-V2-0003138,8,2025-08-01,2025-08-05,2025-08-28,23,Extended,3,4,True,Remote/Difficult Terrain
P-000932,DEP-V2-0003139,9,2025-09-01,2025-09-05,2025-09-25,20,Extended,5,5,True,Remote/Difficult Terrain
P-000933,DEP-V2-0003140,4,2025-04-01,2025-04-03,2025-04-26,23,High Tempo,4,3,True,Semi-Urban Outpost
P-000933,DEP-V2-0003141,5,2025-05-01,2025-05-05,2025-05-24,19,High Tempo,4,3,True,Semi-Urban Outpost
P-000933,DEP-V2-0003142,6,2025-06-01,2025-06-03,2025-06-23,20,High Tempo,3,3,False,Semi-Urban Outpost
P-000933,DEP-V2-0003143,7,2025-07-01,2025-07-05,2025-07-28,23,High Tempo,5,4,True,Remote/Difficult Terrain
P-000933,DEP-V2-0003144,8,2025-08-01,2025-08-02,2025-08-23,21,High Tempo,3,3,False,Semi-Urban Outpost
P-000934,DEP-V2-0003145,4,2025-04-01,2025-04-02,2025-04-25,23,High Tempo,3,3,False,Semi-Urban Outpost
P-000934,DEP-V2-0003146,5,2025-05-01,2025-05-03,2025-05-24,21,High Tempo,4,3,True,Semi-Urban Outpost
P-000934,DEP-V2-0003147,6,2025-06-01,2025-06-02,2025-06-26,24,High Tempo,4,3,True,Remote/Difficult Terrain
P-000934,DEP-V2-0003148,7,2025-07-01,2025-07-02,2025-07-27,25,High Tempo,5,4,True,Semi-Urban Outpost
P-000934,DEP-V2-0003149,8,2025-08-01,2025-08-03,2025-08-28,25,High Tempo,4,4,True,Remote/Difficult Terrain
P-000935,DEP-V2-0003150,4,2025-04-01,2025-04-04,2025-04-23,19,High Tempo,3,4,True,Remote/Difficult Terrain
P-000935,DEP-V2-0003151,5,2025-05-01,2025-05-05,2025-05-23,18,High Tempo,4,3,True,Remote/Difficult Terrain
P-000935,DEP-V2-0003152,6,2025-06-01,2025-06-04,2025-06-23,19,High Tempo,3,3,False,Remote/Difficult Terrain
P-000935,DEP-V2-0003153,7,2025-07-01,2025-07-04,2025-07-25,21,High Tempo,3,3,False,Remote/Difficult Terrain
P-000935,DEP-V2-0003154,8,2025-08-01,2025-08-04,2025-08-28,24,High Tempo,4,3,True,Remote/Difficult Terrain
P-000936,DEP-V2-0003155,4,2025-04-01,2025-04-03,2025-04-24,21,Extended,4,4,True,High Altitude/Extreme
P-000936,DEP-V2-0003156,5,2025-05-01,2025-05-05,2025-05-24,19,High Tempo,5,4,True,Remote/Difficult Terrain
P-000936,DEP-V2-0003157,6,2025-06-01,2025-06-02,2025-06-28,26,High Tempo,4,5,True,Remote/Difficult Terrain
P-000936,DEP-V2-0003158,7,2025-07-01,2025-07-03,2025-07-23,20,High Tempo,4,4,True,Remote/Difficult Terrain
P-000936,DEP-V2-0003159,8,2025-08-01,2025-08-02,2025-08-25,23,Extended,4,5,True,Remote/Difficult Terrain
P-000936,DEP-V2-0003160,9,2025-09-01,2025-09-03,2025-09-23,20,Extended,4,5,True,Remote/Difficult Terrain
P-000936,DEP-V2-0003161,10,2025-10-01,2025-10-03,2025-10-27,24,High Tempo,4,5,True,Remote/Difficult Terrain
P-000936,DEP-V2-0003162,11,2025-11-01,2025-11-02,2025-11-23,21,Extended,4,5,True,High Altitude/Extreme
P-000937,DEP-V2-0003163,4,2025-04-01,2025-04-02,2025-04-24,22,Routine,1,1,False,Urban Base
P-000939,DEP-V2-0003164,3,2025-03-01,2025-03-05,2025-03-25,20,Extended,4,5,True,Remote/Difficult Terrain
P-000939,DEP-V2-0003165,4,2025-04-01,2025-04-03,2025-04-24,21,Extended,4,4,True,Remote/Difficult Terrain
P-000939,DEP-V2-0003166,5,2025-05-01,2025-05-02,2025-05-28,26,Extended,3,5,True,Remote/Difficult Terrain
P-000939,DEP-V2-0003167,6,2025-06-01,2025-06-05,2025-06-27,22,Extended,4,5,True,High Altitude/Extreme
P-000939,DEP-V2-0003168,7,2025-07-01,2025-07-03,2025-07-25,22,Extended,5,5,True,High Altitude/Extreme
P-000939,DEP-V2-0003169,8,2025-08-01,2025-08-03,2025-08-27,24,Extended,4,4,True,High Altitude/Extreme
P-000939,DEP-V2-0003170,9,2025-09-01,2025-09-02,2025-09-27,25,Extended,4,4,True,Remote/Difficult Terrain
P-000940,DEP-V2-0003171,4,2025-04-01,2025-04-05,2025-04-24,19,Extended,4,5,True,Remote/Difficult Terrain
P-000940,DEP-V2-0003172,5,2025-05-01,2025-05-03,2025-05-24,21,High Tempo,5,5,True,High Altitude/Extreme
P-000940,DEP-V2-0003173,6,2025-06-01,2025-06-04,2025-06-28,24,High Tempo,4,5,True,Remote/Difficult Terrain
P-000940,DEP-V2-0003174,7,2025-07-01,2025-07-03,2025-07-23,20,Extended,5,5,True,Remote/Difficult Terrain
P-000940,DEP-V2-0003175,8,2025-08-01,2025-08-02,2025-08-26,24,High Tempo,4,5,True,Remote/Difficult Terrain
P-000940,DEP-V2-0003176,9,2025-09-01,2025-09-03,2025-09-25,22,High Tempo,5,5,True,Remote/Difficult Terrain
P-000940,DEP-V2-0003177,10,2025-10-01,2025-10-04,2025-10-25,21,Extended,4,4,True,Remote/Difficult Terrain
P-000940,DEP-V2-0003178,11,2025-11-01,2025-11-03,2025-11-25,22,High Tempo,4,4,True,High Altitude/Extreme
P-000941,DEP-V2-0003179,4,2025-04-01,2025-04-05,2025-04-27,22,Routine,1,1,False,Urban Base
P-000941,DEP-V2-0003180,5,2025-05-01,2025-05-04,2025-05-26,22,Routine,2,1,False,Urban Base
P-000942,DEP-V2-0003181,3,2025-03-01,2025-03-04,2025-03-24,20,Extended,4,5,True,Remote/Difficult Terrain
P-000942,DEP-V2-0003182,4,2025-04-01,2025-04-02,2025-04-28,26,Extended,5,4,True,Remote/Difficult Terrain
P-000942,DEP-V2-0003183,5,2025-05-01,2025-05-04,2025-05-24,20,Extended,4,4,True,High Altitude/Extreme
P-000942,DEP-V2-0003184,6,2025-06-01,2025-06-04,2025-06-27,23,Extended,4,5,True,Remote/Difficult Terrain
P-000942,DEP-V2-0003185,7,2025-07-01,2025-07-04,2025-07-28,24,Extended,4,5,True,Remote/Difficult Terrain
P-000942,DEP-V2-0003186,8,2025-08-01,2025-08-03,2025-08-26,23,Extended,4,4,True,Remote/Difficult Terrain
P-000942,DEP-V2-0003187,9,2025-09-01,2025-09-03,2025-09-24,21,Extended,4,5,True,High Altitude/Extreme
P-000943,DEP-V2-0003188,4,2025-04-01,2025-04-03,2025-04-25,22,Routine,1,2,False,Urban Base
P-000943,DEP-V2-0003189,5,2025-05-01,2025-05-02,2025-05-28,26,Routine,1,1,False,Urban Base
P-000944,DEP-V2-0003190,3,2025-03-01,2025-03-02,2025-03-23,21,Extended,4,5,True,High Altitude/Extreme
P-000944,DEP-V2-0003191,4,2025-04-01,2025-04-05,2025-04-25,20,Extended,4,4,True,Remote/Difficult Terrain
P-000944,DEP-V2-0003192,5,2025-05-01,2025-05-04,2025-05-28,24,Extended,3,4,True,Remote/Difficult Terrain
P-000944,DEP-V2-0003193,6,2025-06-01,2025-06-02,2025-06-27,25,Extended,5,5,True,Remote/Difficult Terrain
P-000944,DEP-V2-0003194,7,2025-07-01,2025-07-05,2025-07-24,19,Extended,5,4,True,Remote/Difficult Terrain
P-000944,DEP-V2-0003195,8,2025-08-01,2025-08-02,2025-08-28,26,Extended,4,5,True,High Altitude/Extreme
P-000944,DEP-V2-0003196,9,2025-09-01,2025-09-05,2025-09-24,19,Extended,3,4,True,High Altitude/Extreme
P-000945,DEP-V2-0003197,4,2025-04-01,2025-04-05,2025-04-27,22,High Tempo,4,3,True,Remote/Difficult Terrain
P-000945,DEP-V2-0003198,5,2025-05-01,2025-05-05,2025-05-25,20,High Tempo,4,3,True,Remote/Difficult Terrain
P-000945,DEP-V2-0003199,6,2025-06-01,2025-06-04,2025-06-25,21,High Tempo,5,4,True,Remote/Difficult Terrain
P-000945,DEP-V2-0003200,7,2025-07-01,2025-07-03,2025-07-24,21,High Tempo,3,3,False,Remote/Difficult Terrain
P-000945,DEP-V2-0003201,8,2025-08-01,2025-08-03,2025-08-25,22,High Tempo,3,4,True,Remote/Difficult Terrain
P-000947,DEP-V2-0003202,4,2025-04-01,2025-04-05,2025-04-23,18,High Tempo,5,3,True,Remote/Difficult Terrain
P-000947,DEP-V2-0003203,5,2025-05-01,2025-05-02,2025-05-27,25,High Tempo,4,3,True,Semi-Urban Outpost
P-000947,DEP-V2-0003204,6,2025-06-01,2025-06-02,2025-06-23,21,High Tempo,3,4,True,Remote/Difficult Terrain
P-000947,DEP-V2-0003205,7,2025-07-01,2025-07-03,2025-07-24,21,High Tempo,3,3,False,Semi-Urban Outpost
P-000947,DEP-V2-0003206,8,2025-08-01,2025-08-04,2025-08-25,21,High Tempo,4,3,True,Remote/Difficult Terrain
P-000948,DEP-V2-0003207,4,2025-04-01,2025-04-03,2025-04-26,23,Routine,2,1,False,Urban Base
P-000949,DEP-V2-0003208,4,2025-04-01,2025-04-04,2025-04-26,22,Routine,1,2,False,Urban Base
P-000950,DEP-V2-0003209,4,2025-04-01,2025-04-05,2025-04-26,21,Routine,2,1,False,Semi-Urban Outpost
P-000951,DEP-V2-0003210,6,2025-06-01,2025-06-04,2025-06-27,23,High Tempo,4,3,True,Semi-Urban Outpost
P-000951,DEP-V2-0003211,7,2025-07-01,2025-07-02,2025-07-25,23,High Tempo,4,3,True,Semi-Urban Outpost
P-000952,DEP-V2-0003212,3,2025-03-01,2025-03-03,2025-03-28,25,Extended,5,4,True,High Altitude/Extreme
P-000952,DEP-V2-0003213,4,2025-04-01,2025-04-02,2025-04-28,26,Extended,4,4,True,Remote/Difficult Terrain
P-000952,DEP-V2-0003214,5,2025-05-01,2025-05-03,2025-05-23,20,Extended,4,4,True,Remote/Difficult Terrain
P-000952,DEP-V2-0003215,6,2025-06-01,2025-06-02,2025-06-25,23,Extended,4,5,True,High Altitude/Extreme
P-000952,DEP-V2-0003216,7,2025-07-01,2025-07-03,2025-07-25,22,Extended,3,5,True,Remote/Difficult Terrain
P-000952,DEP-V2-0003217,8,2025-08-01,2025-08-04,2025-08-24,20,Extended,5,5,True,High Altitude/Extreme
P-000952,DEP-V2-0003218,9,2025-09-01,2025-09-05,2025-09-23,18,Extended,4,5,True,Remote/Difficult Terrain
P-000953,DEP-V2-0003219,6,2025-06-01,2025-06-04,2025-06-23,19,High Tempo,4,3,True,Semi-Urban Outpost
P-000953,DEP-V2-0003220,7,2025-07-01,2025-07-02,2025-07-28,26,High Tempo,4,3,True,Semi-Urban Outpost
P-000954,DEP-V2-0003221,2,2025-02-01,2025-02-02,2025-02-23,21,High Tempo,4,4,True,Remote/Difficult Terrain
P-000954,DEP-V2-0003222,3,2025-03-01,2025-03-03,2025-03-25,22,High Tempo,4,4,True,Remote/Difficult Terrain
P-000954,DEP-V2-0003223,4,2025-04-01,2025-04-05,2025-04-23,18,High Tempo,4,4,True,Remote/Difficult Terrain
P-000954,DEP-V2-0003224,5,2025-05-01,2025-05-05,2025-05-27,22,High Tempo,4,4,True,Remote/Difficult Terrain
P-000955,DEP-V2-0003225,4,2025-04-01,2025-04-03,2025-04-23,20,High Tempo,4,4,True,Remote/Difficult Terrain
P-000955,DEP-V2-0003226,5,2025-05-01,2025-05-04,2025-05-28,24,High Tempo,4,4,True,Semi-Urban Outpost
P-000955,DEP-V2-0003227,6,2025-06-01,2025-06-02,2025-06-27,25,High Tempo,3,3,False,Semi-Urban Outpost
P-000955,DEP-V2-0003228,7,2025-07-01,2025-07-05,2025-07-28,23,High Tempo,4,3,True,Semi-Urban Outpost
P-000955,DEP-V2-0003229,8,2025-08-01,2025-08-03,2025-08-24,21,High Tempo,4,3,True,Remote/Difficult Terrain
P-000956,DEP-V2-0003230,6,2025-06-01,2025-06-02,2025-06-28,26,High Tempo,4,3,True,Semi-Urban Outpost
P-000956,DEP-V2-0003231,7,2025-07-01,2025-07-02,2025-07-24,22,High Tempo,4,3,True,Semi-Urban Outpost
P-000957,DEP-V2-0003232,4,2025-04-01,2025-04-03,2025-04-23,20,Routine,2,1,False,Urban Base
P-000958,DEP-V2-0003233,4,2025-04-01,2025-04-02,2025-04-23,21,Routine,2,1,False,Urban Base
P-000960,DEP-V2-0003234,3,2025-03-01,2025-03-03,2025-03-26,23,Extended,4,5,True,Remote/Difficult Terrain
P-000960,DEP-V2-0003235,4,2025-04-01,2025-04-05,2025-04-24,19,Extended,5,4,True,High Altitude/Extreme
P-000960,DEP-V2-0003236,5,2025-05-01,2025-05-04,2025-05-27,23,Extended,5,4,True,High Altitude/Extreme
P-000960,DEP-V2-0003237,6,2025-06-01,2025-06-03,2025-06-24,21,Extended,3,5,True,High Altitude/Extreme
P-000960,DEP-V2-0003238,7,2025-07-01,2025-07-02,2025-07-28,26,Extended,5,4,True,High Altitude/Extreme
P-000960,DEP-V2-0003239,8,2025-08-01,2025-08-02,2025-08-25,23,Extended,3,4,True,High Altitude/Extreme
P-000960,DEP-V2-0003240,9,2025-09-01,2025-09-02,2025-09-24,22,Extended,4,4,True,Remote/Difficult Terrain
P-000961,DEP-V2-0003241,4,2025-04-01,2025-04-04,2025-04-26,22,Routine,2,1,False,Urban Base
P-000963,DEP-V2-0003242,4,2025-04-01,2025-04-03,2025-04-27,24,Routine,2,1,False,Urban Base
P-000963,DEP-V2-0003243,5,2025-05-01,2025-05-04,2025-05-27,23,Routine,1,1,False,Urban Base
P-000964,DEP-V2-0003244,5,2025-05-01,2025-05-02,2025-05-24,22,Routine,1,2,False,Urban Base
P-000965,DEP-V2-0003245,2,2025-02-01,2025-02-03,2025-02-24,21,High Tempo,4,4,True,Remote/Difficult Terrain
P-000965,DEP-V2-0003246,3,2025-03-01,2025-03-04,2025-03-26,22,High Tempo,4,4,True,Remote/Difficult Terrain
P-000965,DEP-V2-0003247,4,2025-04-01,2025-04-03,2025-04-27,24,High Tempo,4,4,True,Remote/Difficult Terrain
P-000965,DEP-V2-0003248,5,2025-05-01,2025-05-05,2025-05-28,23,High Tempo,4,4,True,Remote/Difficult Terrain
P-000966,DEP-V2-0003249,5,2025-05-01,2025-05-04,2025-05-28,24,Routine,2,1,False,Urban Base
P-000969,DEP-V2-0003250,6,2025-06-01,2025-06-05,2025-06-26,21,High Tempo,4,3,True,Semi-Urban Outpost
P-000969,DEP-V2-0003251,7,2025-07-01,2025-07-02,2025-07-24,22,High Tempo,4,3,True,Semi-Urban Outpost
P-000970,DEP-V2-0003252,3,2025-03-01,2025-03-05,2025-03-24,19,Extended,3,5,True,High Altitude/Extreme
P-000970,DEP-V2-0003253,4,2025-04-01,2025-04-03,2025-04-27,24,Extended,5,4,True,Remote/Difficult Terrain
P-000970,DEP-V2-0003254,5,2025-05-01,2025-05-05,2025-05-24,19,Extended,5,4,True,Remote/Difficult Terrain
P-000970,DEP-V2-0003255,6,2025-06-01,2025-06-04,2025-06-25,21,Extended,3,4,True,Remote/Difficult Terrain
P-000970,DEP-V2-0003256,7,2025-07-01,2025-07-03,2025-07-25,22,Extended,3,4,True,High Altitude/Extreme
P-000970,DEP-V2-0003257,8,2025-08-01,2025-08-04,2025-08-26,22,Extended,3,5,True,Remote/Difficult Terrain
P-000970,DEP-V2-0003258,9,2025-09-01,2025-09-04,2025-09-23,19,Extended,4,5,True,High Altitude/Extreme
P-000972,DEP-V2-0003259,4,2025-04-01,2025-04-02,2025-04-27,25,Routine,2,1,False,Semi-Urban Outpost
P-000972,DEP-V2-0003260,5,2025-05-01,2025-05-02,2025-05-25,23,Routine,2,1,False,Urban Base
P-000973,DEP-V2-0003261,2,2025-02-01,2025-02-02,2025-02-26,24,High Tempo,4,4,True,Remote/Difficult Terrain
P-000973,DEP-V2-0003262,3,2025-03-01,2025-03-05,2025-03-25,20,High Tempo,4,4,True,Remote/Difficult Terrain
P-000973,DEP-V2-0003263,4,2025-04-01,2025-04-02,2025-04-25,23,High Tempo,4,4,True,Remote/Difficult Terrain
P-000973,DEP-V2-0003264,5,2025-05-01,2025-05-03,2025-05-25,22,High Tempo,4,4,True,Remote/Difficult Terrain
P-000974,DEP-V2-0003265,5,2025-05-01,2025-05-03,2025-05-24,21,Routine,2,1,False,Urban Base
P-000975,DEP-V2-0003266,4,2025-04-01,2025-04-02,2025-04-25,23,High Tempo,3,4,True,Semi-Urban Outpost
P-000975,DEP-V2-0003267,5,2025-05-01,2025-05-05,2025-05-26,21,High Tempo,3,3,False,Semi-Urban Outpost
P-000975,DEP-V2-0003268,6,2025-06-01,2025-06-04,2025-06-28,24,High Tempo,4,4,True,Remote/Difficult Terrain
P-000975,DEP-V2-0003269,7,2025-07-01,2025-07-02,2025-07-26,24,High Tempo,4,3,True,Remote/Difficult Terrain
P-000975,DEP-V2-0003270,8,2025-08-01,2025-08-02,2025-08-24,22,High Tempo,4,3,True,Semi-Urban Outpost
P-000977,DEP-V2-0003271,4,2025-04-01,2025-04-04,2025-04-25,21,High Tempo,5,5,True,Remote/Difficult Terrain
P-000977,DEP-V2-0003272,5,2025-05-01,2025-05-02,2025-05-27,25,Extended,4,5,True,High Altitude/Extreme
P-000977,DEP-V2-0003273,6,2025-06-01,2025-06-04,2025-06-25,21,Extended,5,5,True,High Altitude/Extreme
P-000977,DEP-V2-0003274,7,2025-07-01,2025-07-05,2025-07-28,23,Extended,5,5,True,High Altitude/Extreme
P-000977,DEP-V2-0003275,8,2025-08-01,2025-08-04,2025-08-25,21,Extended,5,5,True,High Altitude/Extreme
P-000977,DEP-V2-0003276,9,2025-09-01,2025-09-05,2025-09-27,22,High Tempo,4,5,True,High Altitude/Extreme
P-000977,DEP-V2-0003277,10,2025-10-01,2025-10-03,2025-10-28,25,Extended,5,5,True,High Altitude/Extreme
P-000977,DEP-V2-0003278,11,2025-11-01,2025-11-04,2025-11-23,19,Extended,5,4,True,Remote/Difficult Terrain
P-000978,DEP-V2-0003279,6,2025-06-01,2025-06-03,2025-06-25,22,High Tempo,4,3,True,Semi-Urban Outpost
P-000978,DEP-V2-0003280,7,2025-07-01,2025-07-05,2025-07-23,18,High Tempo,4,3,True,Semi-Urban Outpost
P-000979,DEP-V2-0003281,4,2025-04-01,2025-04-05,2025-04-25,20,Routine,2,1,False,Urban Base
P-000979,DEP-V2-0003282,5,2025-05-01,2025-05-04,2025-05-28,24,Routine,2,1,False,Urban Base
P-000980,DEP-V2-0003283,4,2025-04-01,2025-04-04,2025-04-27,23,Routine,2,1,False,Urban Base
P-000980,DEP-V2-0003284,5,2025-05-01,2025-05-04,2025-05-24,20,Routine,1,2,False,Urban Base
P-000982,DEP-V2-0003285,6,2025-06-01,2025-06-03,2025-06-28,25,High Tempo,4,3,True,Semi-Urban Outpost
P-000982,DEP-V2-0003286,7,2025-07-01,2025-07-05,2025-07-24,19,High Tempo,4,3,True,Semi-Urban Outpost
P-000983,DEP-V2-0003287,4,2025-04-01,2025-04-04,2025-04-24,20,Routine,1,1,False,Urban Base
P-000984,DEP-V2-0003288,5,2025-05-01,2025-05-04,2025-05-24,20,Routine,1,1,False,Urban Base
P-000985,DEP-V2-0003289,5,2025-05-01,2025-05-05,2025-05-28,23,Routine,1,2,False,Semi-Urban Outpost
P-000986,DEP-V2-0003290,4,2025-04-01,2025-04-02,2025-04-28,26,High Tempo,4,4,True,Semi-Urban Outpost
P-000986,DEP-V2-0003291,5,2025-05-01,2025-05-04,2025-05-24,20,High Tempo,4,3,True,Semi-Urban Outpost
P-000986,DEP-V2-0003292,6,2025-06-01,2025-06-05,2025-06-25,20,High Tempo,4,3,True,Remote/Difficult Terrain
P-000986,DEP-V2-0003293,7,2025-07-01,2025-07-05,2025-07-25,20,High Tempo,4,4,True,Remote/Difficult Terrain
P-000986,DEP-V2-0003294,8,2025-08-01,2025-08-02,2025-08-23,21,High Tempo,3,3,False,Semi-Urban Outpost
P-000988,DEP-V2-0003295,5,2025-05-01,2025-05-04,2025-05-24,20,Routine,3,1,False,Urban Base
P-000989,DEP-V2-0003296,4,2025-04-01,2025-04-04,2025-04-23,19,Routine,1,2,False,Urban Base
P-000989,DEP-V2-0003297,5,2025-05-01,2025-05-03,2025-05-28,25,Routine,2,2,False,Urban Base
P-000993,DEP-V2-0003298,4,2025-04-01,2025-04-02,2025-04-25,23,Routine,2,1,False,Urban Base
P-000994,DEP-V2-0003299,4,2025-04-01,2025-04-05,2025-04-25,20,Extended,5,5,True,Remote/Difficult Terrain
P-000994,DEP-V2-0003300,5,2025-05-01,2025-05-04,2025-05-25,21,High Tempo,5,4,True,High Altitude/Extreme
P-000994,DEP-V2-0003301,6,2025-06-01,2025-06-02,2025-06-28,26,Extended,4,5,True,Remote/Difficult Terrain
P-000994,DEP-V2-0003302,7,2025-07-01,2025-07-03,2025-07-25,22,Extended,5,4,True,Remote/Difficult Terrain
P-000994,DEP-V2-0003303,8,2025-08-01,2025-08-05,2025-08-26,21,High Tempo,5,5,True,Remote/Difficult Terrain
P-000994,DEP-V2-0003304,9,2025-09-01,2025-09-03,2025-09-24,21,High Tempo,5,4,True,Remote/Difficult Terrain
P-000994,DEP-V2-0003305,10,2025-10-01,2025-10-03,2025-10-28,25,Extended,5,5,True,Remote/Difficult Terrain
P-000994,DEP-V2-0003306,11,2025-11-01,2025-11-05,2025-11-27,22,High Tempo,5,5,True,High Altitude/Extreme
P-000996,DEP-V2-0003307,4,2025-04-01,2025-04-05,2025-04-23,18,High Tempo,4,4,True,High Altitude/Extreme
P-000996,DEP-V2-0003308,5,2025-05-01,2025-05-03,2025-05-24,21,Extended,5,5,True,Remote/Difficult Terrain
P-000996,DEP-V2-0003309,6,2025-06-01,2025-06-02,2025-06-25,23,High Tempo,4,5,True,Remote/Difficult Terrain
P-000996,DEP-V2-0003310,7,2025-07-01,2025-07-05,2025-07-23,18,Extended,5,5,True,High Altitude/Extreme
P-000996,DEP-V2-0003311,8,2025-08-01,2025-08-02,2025-08-23,21,High Tempo,4,5,True,High Altitude/Extreme
P-000996,DEP-V2-0003312,9,2025-09-01,2025-09-03,2025-09-23,20,Extended,5,5,True,High Altitude/Extreme
P-000996,DEP-V2-0003313,10,2025-10-01,2025-10-04,2025-10-24,20,Extended,4,5,True,High Altitude/Extreme
P-000996,DEP-V2-0003314,11,2025-11-01,2025-11-04,2025-11-23,19,High Tempo,5,4,True,High Altitude/Extreme
P-000997,DEP-V2-0003315,3,2025-03-01,2025-03-04,2025-03-28,24,Extended,3,5,True,Remote/Difficult Terrain
P-000997,DEP-V2-0003316,4,2025-04-01,2025-04-04,2025-04-27,23,Extended,4,5,True,Remote/Difficult Terrain
P-000997,DEP-V2-0003317,5,2025-05-01,2025-05-05,2025-05-23,18,Extended,4,4,True,Remote/Difficult Terrain
P-000997,DEP-V2-0003318,6,2025-06-01,2025-06-02,2025-06-28,26,Extended,3,4,True,High Altitude/Extreme
P-000997,DEP-V2-0003319,7,2025-07-01,2025-07-03,2025-07-25,22,Extended,5,4,True,High Altitude/Extreme
P-000997,DEP-V2-0003320,8,2025-08-01,2025-08-05,2025-08-24,19,Extended,3,4,True,High Altitude/Extreme
P-000997,DEP-V2-0003321,9,2025-09-01,2025-09-04,2025-09-26,22,Extended,4,4,True,Remote/Difficult Terrain
P-000998,DEP-V2-0003322,4,2025-04-01,2025-04-04,2025-04-24,20,Extended,4,5,True,High Altitude/Extreme
P-000998,DEP-V2-0003323,5,2025-05-01,2025-05-05,2025-05-27,22,High Tempo,5,5,True,Remote/Difficult Terrain
P-000998,DEP-V2-0003324,6,2025-06-01,2025-06-05,2025-06-26,21,Extended,4,5,True,High Altitude/Extreme
P-000998,DEP-V2-0003325,7,2025-07-01,2025-07-03,2025-07-23,20,Extended,5,5,True,Remote/Difficult Terrain
P-000998,DEP-V2-0003326,8,2025-08-01,2025-08-04,2025-08-24,20,Extended,4,5,True,High Altitude/Extreme
P-000998,DEP-V2-0003327,9,2025-09-01,2025-09-02,2025-09-26,24,Extended,4,5,True,Remote/Difficult Terrain
P-000998,DEP-V2-0003328,10,2025-10-01,2025-10-04,2025-10-24,20,Extended,5,5,True,Remote/Difficult Terrain
P-000998,DEP-V2-0003329,11,2025-11-01,2025-11-04,2025-11-27,23,High Tempo,5,5,True,High Altitude/Extreme
P-000999,DEP-V2-0003330,4,2025-04-01,2025-04-03,2025-04-27,24,Extended,5,5,True,High Altitude/Extreme
P-000999,DEP-V2-0003331,5,2025-05-01,2025-05-04,2025-05-28,24,Extended,4,5,True,Remote/Difficult Terrain
P-000999,DEP-V2-0003332,6,2025-06-01,2025-06-05,2025-06-27,22,High Tempo,4,5,True,Remote/Difficult Terrain
P-000999,DEP-V2-0003333,7,2025-07-01,2025-07-03,2025-07-28,25,Extended,5,5,True,Remote/Difficult Terrain
P-000999,DEP-V2-0003334,8,2025-08-01,2025-08-04,2025-08-25,21,Extended,5,5,True,High Altitude/Extreme
P-000999,DEP-V2-0003335,9,2025-09-01,2025-09-05,2025-09-23,18,High Tempo,5,4,True,Remote/Difficult Terrain
P-000999,DEP-V2-0003336,10,2025-10-01,2025-10-02,2025-10-28,26,Extended,5,5,True,Remote/Difficult Terrain
P-000999,DEP-V2-0003337,11,2025-11-01,2025-11-04,2025-11-24,20,High Tempo,5,5,True,High Altitude/Extreme
P-001000,DEP-V2-0003338,2,2025-02-01,2025-02-02,2025-02-25,23,High Tempo,4,4,True,Remote/Difficult Terrain
P-001000,DEP-V2-0003339,3,2025-03-01,2025-03-03,2025-03-26,23,High Tempo,4,4,True,Remote/Difficult Terrain
P-001000,DEP-V2-0003340,4,2025-04-01,2025-04-05,2025-04-26,21,High Tempo,4,4,True,Remote/Difficult Terrain
P-001000,DEP-V2-0003341,5,2025-05-01,2025-05-04,2025-05-25,21,High Tempo,4,4,True,Remote/Difficult Terrain
P-001001,DEP-V2-0003342,5,2025-05-01,2025-05-04,2025-05-23,19,Routine,2,1,False,Urban Base
P-001002,DEP-V2-0003343,4,2025-04-01,2025-04-04,2025-04-26,22,High Tempo,4,5,True,High Altitude/Extreme
P-001002,DEP-V2-0003344,5,2025-05-01,2025-05-03,2025-05-23,20,Extended,5,5,True,Remote/Difficult Terrain
P-001002,DEP-V2-0003345,6,2025-06-01,2025-06-03,2025-06-25,22,High Tempo,5,5,True,Remote/Difficult Terrain
P-001002,DEP-V2-0003346,7,2025-07-01,2025-07-03,2025-07-28,25,Extended,5,5,True,Remote/Difficult Terrain
P-001002,DEP-V2-0003347,8,2025-08-01,2025-08-02,2025-08-28,26,Extended,4,4,True,Remote/Difficult Terrain
P-001002,DEP-V2-0003348,9,2025-09-01,2025-09-04,2025-09-23,19,Extended,5,5,True,Remote/Difficult Terrain
P-001002,DEP-V2-0003349,10,2025-10-01,2025-10-05,2025-10-28,23,Extended,4,5,True,Remote/Difficult Terrain
P-001002,DEP-V2-0003350,11,2025-11-01,2025-11-02,2025-11-24,22,Extended,4,4,True,High Altitude/Extreme
P-001006,DEP-V2-0003351,4,2025-04-01,2025-04-03,2025-04-26,23,Extended,5,4,True,High Altitude/Extreme
P-001006,DEP-V2-0003352,5,2025-05-01,2025-05-02,2025-05-24,22,Extended,5,5,True,Remote/Difficult Terrain
P-001006,DEP-V2-0003353,6,2025-06-01,2025-06-03,2025-06-23,20,High Tempo,5,4,True,Remote/Difficult Terrain
P-001006,DEP-V2-0003354,7,2025-07-01,2025-07-02,2025-07-25,23,High Tempo,5,5,True,Remote/Difficult Terrain
P-001006,DEP-V2-0003355,8,2025-08-01,2025-08-04,2025-08-25,21,Extended,5,4,True,High Altitude/Extreme
P-001006,DEP-V2-0003356,9,2025-09-01,2025-09-05,2025-09-23,18,Extended,5,4,True,Remote/Difficult Terrain
P-001006,DEP-V2-0003357,10,2025-10-01,2025-10-03,2025-10-24,21,Extended,5,5,True,Remote/Difficult Terrain
P-001006,DEP-V2-0003358,11,2025-11-01,2025-11-03,2025-11-24,21,Extended,4,5,True,High Altitude/Extreme
P-001007,DEP-V2-0003359,4,2025-04-01,2025-04-02,2025-04-24,22,High Tempo,4,5,True,Remote/Difficult Terrain
P-001007,DEP-V2-0003360,5,2025-05-01,2025-05-02,2025-05-28,26,High Tempo,4,5,True,Remote/Difficult Terrain
P-001007,DEP-V2-0003361,6,2025-06-01,2025-06-04,2025-06-24,20,Extended,5,4,True,Remote/Difficult Terrain
P-001007,DEP-V2-0003362,7,2025-07-01,2025-07-03,2025-07-28,25,Extended,5,4,True,Remote/Difficult Terrain
P-001007,DEP-V2-0003363,8,2025-08-01,2025-08-02,2025-08-27,25,Extended,4,5,True,Remote/Difficult Terrain
P-001007,DEP-V2-0003364,9,2025-09-01,2025-09-03,2025-09-28,25,Extended,5,5,True,Remote/Difficult Terrain
P-001007,DEP-V2-0003365,10,2025-10-01,2025-10-05,2025-10-24,19,High Tempo,4,5,True,High Altitude/Extreme
P-001007,DEP-V2-0003366,11,2025-11-01,2025-11-03,2025-11-26,23,High Tempo,4,5,True,Remote/Difficult Terrain
P-001008,DEP-V2-0003367,4,2025-04-01,2025-04-03,2025-04-23,20,High Tempo,3,4,True,Remote/Difficult Terrain
P-001008,DEP-V2-0003368,5,2025-05-01,2025-05-05,2025-05-23,18,High Tempo,4,4,True,Semi-Urban Outpost
P-001008,DEP-V2-0003369,6,2025-06-01,2025-06-02,2025-06-26,24,High Tempo,5,4,True,Remote/Difficult Terrain
P-001008,DEP-V2-0003370,7,2025-07-01,2025-07-04,2025-07-24,20,High Tempo,4,3,True,Semi-Urban Outpost
P-001008,DEP-V2-0003371,8,2025-08-01,2025-08-04,2025-08-23,19,High Tempo,4,4,True,Remote/Difficult Terrain
P-001009,DEP-V2-0003372,6,2025-06-01,2025-06-02,2025-06-28,26,High Tempo,4,3,True,Semi-Urban Outpost
P-001009,DEP-V2-0003373,7,2025-07-01,2025-07-05,2025-07-28,23,High Tempo,4,3,True,Semi-Urban Outpost
P-001010,DEP-V2-0003374,4,2025-04-01,2025-04-03,2025-04-27,24,High Tempo,3,3,False,Semi-Urban Outpost
P-001010,DEP-V2-0003375,5,2025-05-01,2025-05-03,2025-05-23,20,High Tempo,5,4,True,Semi-Urban Outpost
P-001010,DEP-V2-0003376,6,2025-06-01,2025-06-03,2025-06-27,24,High Tempo,3,3,False,Semi-Urban Outpost
P-001010,DEP-V2-0003377,7,2025-07-01,2025-07-03,2025-07-26,23,High Tempo,4,3,True,Remote/Difficult Terrain
P-001010,DEP-V2-0003378,8,2025-08-01,2025-08-02,2025-08-27,25,High Tempo,3,4,True,Semi-Urban Outpost
P-001011,DEP-V2-0003379,4,2025-04-01,2025-04-02,2025-04-26,24,High Tempo,5,5,True,High Altitude/Extreme
P-001011,DEP-V2-0003380,5,2025-05-01,2025-05-02,2025-05-24,22,High Tempo,5,5,True,High Altitude/Extreme
P-001011,DEP-V2-0003381,6,2025-06-01,2025-06-05,2025-06-24,19,Extended,5,4,True,High Altitude/Extreme
P-001011,DEP-V2-0003382,7,2025-07-01,2025-07-04,2025-07-27,23,Extended,4,5,True,Remote/Difficult Terrain
P-001011,DEP-V2-0003383,8,2025-08-01,2025-08-04,2025-08-23,19,Extended,4,5,True,High Altitude/Extreme
P-001011,DEP-V2-0003384,9,2025-09-01,2025-09-02,2025-09-27,25,High Tempo,4,5,True,High Altitude/Extreme
P-001011,DEP-V2-0003385,10,2025-10-01,2025-10-02,2025-10-27,25,High Tempo,5,5,True,Remote/Difficult Terrain
P-001011,DEP-V2-0003386,11,2025-11-01,2025-11-04,2025-11-27,23,High Tempo,5,4,True,High Altitude/Extreme
P-001012,DEP-V2-0003387,4,2025-04-01,2025-04-02,2025-04-26,24,Extended,5,5,True,High Altitude/Extreme
P-001012,DEP-V2-0003388,5,2025-05-01,2025-05-03,2025-05-24,21,High Tempo,5,5,True,High Altitude/Extreme
P-001012,DEP-V2-0003389,6,2025-06-01,2025-06-02,2025-06-25,23,Extended,5,5,True,Remote/Difficult Terrain
P-001012,DEP-V2-0003390,7,2025-07-01,2025-07-05,2025-07-23,18,Extended,5,5,True,High Altitude/Extreme
P-001012,DEP-V2-0003391,8,2025-08-01,2025-08-02,2025-08-26,24,Extended,5,5,True,Remote/Difficult Terrain
P-001012,DEP-V2-0003392,9,2025-09-01,2025-09-03,2025-09-27,24,Extended,4,4,True,High Altitude/Extreme
P-001012,DEP-V2-0003393,10,2025-10-01,2025-10-03,2025-10-24,21,Extended,4,5,True,High Altitude/Extreme
P-001012,DEP-V2-0003394,11,2025-11-01,2025-11-02,2025-11-23,21,High Tempo,5,5,True,High Altitude/Extreme
P-001013,DEP-V2-0003395,4,2025-04-01,2025-04-02,2025-04-28,26,High Tempo,4,3,True,Semi-Urban Outpost
P-001013,DEP-V2-0003396,5,2025-05-01,2025-05-05,2025-05-27,22,High Tempo,5,3,True,Remote/Difficult Terrain
P-001013,DEP-V2-0003397,6,2025-06-01,2025-06-02,2025-06-28,26,High Tempo,4,4,True,Remote/Difficult Terrain
P-001013,DEP-V2-0003398,7,2025-07-01,2025-07-04,2025-07-23,19,High Tempo,4,4,True,Remote/Difficult Terrain
P-001013,DEP-V2-0003399,8,2025-08-01,2025-08-02,2025-08-24,22,High Tempo,4,3,True,Remote/Difficult Terrain
P-001014,DEP-V2-0003400,2,2025-02-01,2025-02-03,2025-02-24,21,High Tempo,4,4,True,Remote/Difficult Terrain
P-001014,DEP-V2-0003401,3,2025-03-01,2025-03-03,2025-03-27,24,High Tempo,4,4,True,Remote/Difficult Terrain
P-001014,DEP-V2-0003402,4,2025-04-01,2025-04-02,2025-04-25,23,High Tempo,4,4,True,Remote/Difficult Terrain
P-001014,DEP-V2-0003403,5,2025-05-01,2025-05-05,2025-05-26,21,High Tempo,4,4,True,Remote/Difficult Terrain
P-001016,DEP-V2-0003404,5,2025-05-01,2025-05-05,2025-05-28,23,Routine,1,2,False,Urban Base
P-001017,DEP-V2-0003405,6,2025-06-01,2025-06-02,2025-06-26,24,High Tempo,4,3,True,Semi-Urban Outpost
P-001017,DEP-V2-0003406,7,2025-07-01,2025-07-04,2025-07-23,19,High Tempo,4,3,True,Semi-Urban Outpost
P-001018,DEP-V2-0003407,4,2025-04-01,2025-04-02,2025-04-25,23,High Tempo,4,3,True,Semi-Urban Outpost
P-001018,DEP-V2-0003408,5,2025-05-01,2025-05-02,2025-05-23,21,High Tempo,5,3,True,Semi-Urban Outpost
P-001018,DEP-V2-0003409,6,2025-06-01,2025-06-03,2025-06-27,24,High Tempo,4,4,True,Semi-Urban Outpost
P-001018,DEP-V2-0003410,7,2025-07-01,2025-07-04,2025-07-26,22,High Tempo,4,3,True,Semi-Urban Outpost
P-001018,DEP-V2-0003411,8,2025-08-01,2025-08-02,2025-08-26,24,High Tempo,5,3,True,Semi-Urban Outpost
P-001019,DEP-V2-0003412,3,2025-03-01,2025-03-03,2025-03-24,21,Extended,3,4,True,Remote/Difficult Terrain
P-001019,DEP-V2-0003413,4,2025-04-01,2025-04-04,2025-04-26,22,Extended,4,5,True,Remote/Difficult Terrain
P-001019,DEP-V2-0003414,5,2025-05-01,2025-05-03,2025-05-23,20,Extended,4,5,True,Remote/Difficult Terrain
P-001019,DEP-V2-0003415,6,2025-06-01,2025-06-03,2025-06-28,25,Extended,4,5,True,High Altitude/Extreme
P-001019,DEP-V2-0003416,7,2025-07-01,2025-07-05,2025-07-26,21,Extended,3,5,True,High Altitude/Extreme
P-001019,DEP-V2-0003417,8,2025-08-01,2025-08-02,2025-08-25,23,Extended,3,5,True,High Altitude/Extreme
P-001019,DEP-V2-0003418,9,2025-09-01,2025-09-02,2025-09-23,21,Extended,4,5,True,Remote/Difficult Terrain
P-001020,DEP-V2-0003419,4,2025-04-01,2025-04-05,2025-04-27,22,Routine,1,1,False,Urban Base
P-001021,DEP-V2-0003420,4,2025-04-01,2025-04-02,2025-04-28,26,High Tempo,4,5,True,Remote/Difficult Terrain
P-001021,DEP-V2-0003421,5,2025-05-01,2025-05-04,2025-05-26,22,High Tempo,5,5,True,Remote/Difficult Terrain
P-001021,DEP-V2-0003422,6,2025-06-01,2025-06-05,2025-06-23,18,High Tempo,5,5,True,High Altitude/Extreme
P-001021,DEP-V2-0003423,7,2025-07-01,2025-07-02,2025-07-23,21,High Tempo,5,5,True,High Altitude/Extreme
P-001021,DEP-V2-0003424,8,2025-08-01,2025-08-03,2025-08-24,21,High Tempo,5,4,True,High Altitude/Extreme
P-001021,DEP-V2-0003425,9,2025-09-01,2025-09-02,2025-09-28,26,High Tempo,5,5,True,Remote/Difficult Terrain
P-001021,DEP-V2-0003426,10,2025-10-01,2025-10-03,2025-10-25,22,Extended,5,5,True,High Altitude/Extreme
P-001021,DEP-V2-0003427,11,2025-11-01,2025-11-05,2025-11-26,21,Extended,4,4,True,Remote/Difficult Terrain
P-001022,DEP-V2-0003428,2,2025-02-01,2025-02-04,2025-02-23,19,High Tempo,4,4,True,Remote/Difficult Terrain
P-001022,DEP-V2-0003429,3,2025-03-01,2025-03-05,2025-03-28,23,High Tempo,4,4,True,Remote/Difficult Terrain
P-001022,DEP-V2-0003430,4,2025-04-01,2025-04-03,2025-04-23,20,High Tempo,4,4,True,Remote/Difficult Terrain
P-001022,DEP-V2-0003431,5,2025-05-01,2025-05-03,2025-05-24,21,High Tempo,4,4,True,Remote/Difficult Terrain
P-001024,DEP-V2-0003432,4,2025-04-01,2025-04-05,2025-04-27,22,High Tempo,4,3,True,Semi-Urban Outpost
P-001024,DEP-V2-0003433,5,2025-05-01,2025-05-04,2025-05-27,23,High Tempo,3,3,False,Remote/Difficult Terrain
P-001024,DEP-V2-0003434,6,2025-06-01,2025-06-05,2025-06-25,20,High Tempo,4,4,True,Remote/Difficult Terrain
P-001024,DEP-V2-0003435,7,2025-07-01,2025-07-03,2025-07-23,20,High Tempo,3,3,False,Semi-Urban Outpost
P-001024,DEP-V2-0003436,8,2025-08-01,2025-08-04,2025-08-23,19,High Tempo,4,3,True,Semi-Urban Outpost
P-001025,DEP-V2-0003437,2,2025-02-01,2025-02-04,2025-02-24,20,High Tempo,4,4,True,Remote/Difficult Terrain
P-001025,DEP-V2-0003438,3,2025-03-01,2025-03-04,2025-03-24,20,High Tempo,4,4,True,Remote/Difficult Terrain
P-001025,DEP-V2-0003439,4,2025-04-01,2025-04-04,2025-04-25,21,High Tempo,4,4,True,Remote/Difficult Terrain
P-001025,DEP-V2-0003440,5,2025-05-01,2025-05-05,2025-05-23,18,High Tempo,4,4,True,Remote/Difficult Terrain
P-001026,DEP-V2-0003441,2,2025-02-01,2025-02-04,2025-02-24,20,High Tempo,4,4,True,Remote/Difficult Terrain
P-001026,DEP-V2-0003442,3,2025-03-01,2025-03-03,2025-03-23,20,High Tempo,4,4,True,Remote/Difficult Terrain
P-001026,DEP-V2-0003443,4,2025-04-01,2025-04-03,2025-04-27,24,High Tempo,4,4,True,Remote/Difficult Terrain
P-001026,DEP-V2-0003444,5,2025-05-01,2025-05-04,2025-05-25,21,High Tempo,4,4,True,Remote/Difficult Terrain
P-001027,DEP-V2-0003445,4,2025-04-01,2025-04-02,2025-04-26,24,High Tempo,4,4,True,Remote/Difficult Terrain
P-001027,DEP-V2-0003446,5,2025-05-01,2025-05-04,2025-05-25,21,High Tempo,3,4,True,Remote/Difficult Terrain
P-001027,DEP-V2-0003447,6,2025-06-01,2025-06-04,2025-06-26,22,High Tempo,5,4,True,Semi-Urban Outpost
P-001027,DEP-V2-0003448,7,2025-07-01,2025-07-05,2025-07-26,21,High Tempo,4,3,True,Remote/Difficult Terrain
P-001027,DEP-V2-0003449,8,2025-08-01,2025-08-04,2025-08-27,23,High Tempo,4,3,True,Semi-Urban Outpost
P-001028,DEP-V2-0003450,3,2025-03-01,2025-03-05,2025-03-27,22,Extended,3,4,True,Remote/Difficult Terrain
P-001028,DEP-V2-0003451,4,2025-04-01,2025-04-05,2025-04-24,19,Extended,4,4,True,High Altitude/Extreme
P-001028,DEP-V2-0003452,5,2025-05-01,2025-05-04,2025-05-24,20,Extended,4,5,True,High Altitude/Extreme
P-001028,DEP-V2-0003453,6,2025-06-01,2025-06-02,2025-06-26,24,Extended,4,4,True,Remote/Difficult Terrain
P-001028,DEP-V2-0003454,7,2025-07-01,2025-07-02,2025-07-27,25,Extended,3,4,True,Remote/Difficult Terrain
P-001028,DEP-V2-0003455,8,2025-08-01,2025-08-05,2025-08-28,23,Extended,4,4,True,High Altitude/Extreme
P-001028,DEP-V2-0003456,9,2025-09-01,2025-09-02,2025-09-24,22,Extended,5,4,True,High Altitude/Extreme
P-001029,DEP-V2-0003457,4,2025-04-01,2025-04-04,2025-04-26,22,High Tempo,3,4,True,Semi-Urban Outpost
P-001029,DEP-V2-0003458,5,2025-05-01,2025-05-03,2025-05-23,20,High Tempo,4,3,True,Remote/Difficult Terrain
P-001029,DEP-V2-0003459,6,2025-06-01,2025-06-04,2025-06-27,23,High Tempo,4,4,True,Semi-Urban Outpost
P-001029,DEP-V2-0003460,7,2025-07-01,2025-07-03,2025-07-27,24,High Tempo,5,3,True,Semi-Urban Outpost
P-001029,DEP-V2-0003461,8,2025-08-01,2025-08-03,2025-08-28,25,High Tempo,5,3,True,Remote/Difficult Terrain
P-001030,DEP-V2-0003462,2,2025-02-01,2025-02-03,2025-02-25,22,High Tempo,4,4,True,Remote/Difficult Terrain
P-001030,DEP-V2-0003463,3,2025-03-01,2025-03-03,2025-03-23,20,High Tempo,4,4,True,Remote/Difficult Terrain
P-001030,DEP-V2-0003464,4,2025-04-01,2025-04-04,2025-04-27,23,High Tempo,4,4,True,Remote/Difficult Terrain
P-001030,DEP-V2-0003465,5,2025-05-01,2025-05-04,2025-05-27,23,High Tempo,4,4,True,Remote/Difficult Terrain
P-001032,DEP-V2-0003466,3,2025-03-01,2025-03-02,2025-03-24,22,Extended,4,5,True,Remote/Difficult Terrain
P-001032,DEP-V2-0003467,4,2025-04-01,2025-04-04,2025-04-27,23,Extended,4,4,True,Remote/Difficult Terrain
P-001032,DEP-V2-0003468,5,2025-05-01,2025-05-04,2025-05-23,19,Extended,3,4,True,Remote/Difficult Terrain
P-001032,DEP-V2-0003469,6,2025-06-01,2025-06-04,2025-06-27,23,Extended,3,4,True,High Altitude/Extreme
P-001032,DEP-V2-0003470,7,2025-07-01,2025-07-04,2025-07-26,22,Extended,4,5,True,High Altitude/Extreme
P-001032,DEP-V2-0003471,8,2025-08-01,2025-08-05,2025-08-26,21,Extended,4,5,True,Remote/Difficult Terrain
P-001032,DEP-V2-0003472,9,2025-09-01,2025-09-02,2025-09-23,21,Extended,4,4,True,High Altitude/Extreme
P-001033,DEP-V2-0003473,4,2025-04-01,2025-04-05,2025-04-28,23,High Tempo,5,5,True,Remote/Difficult Terrain
P-001033,DEP-V2-0003474,5,2025-05-01,2025-05-03,2025-05-26,23,High Tempo,4,5,True,High Altitude/Extreme
P-001033,DEP-V2-0003475,6,2025-06-01,2025-06-05,2025-06-27,22,Extended,5,5,True,Remote/Difficult Terrain
P-001033,DEP-V2-0003476,7,2025-07-01,2025-07-03,2025-07-26,23,Extended,4,5,True,High Altitude/Extreme
P-001033,DEP-V2-0003477,8,2025-08-01,2025-08-03,2025-08-25,22,Extended,5,5,True,Remote/Difficult Terrain
P-001033,DEP-V2-0003478,9,2025-09-01,2025-09-02,2025-09-25,23,High Tempo,5,5,True,Remote/Difficult Terrain
P-001033,DEP-V2-0003479,10,2025-10-01,2025-10-02,2025-10-23,21,Extended,5,5,True,High Altitude/Extreme
P-001033,DEP-V2-0003480,11,2025-11-01,2025-11-05,2025-11-25,20,Extended,4,5,True,Remote/Difficult Terrain
P-001034,DEP-V2-0003481,3,2025-03-01,2025-03-03,2025-03-26,23,Extended,4,5,True,Remote/Difficult Terrain
P-001034,DEP-V2-0003482,4,2025-04-01,2025-04-05,2025-04-25,20,Extended,3,5,True,High Altitude/Extreme
P-001034,DEP-V2-0003483,5,2025-05-01,2025-05-04,2025-05-24,20,Extended,4,5,True,High Altitude/Extreme
P-001034,DEP-V2-0003484,6,2025-06-01,2025-06-04,2025-06-26,22,Extended,4,5,True,Remote/Difficult Terrain
P-001034,DEP-V2-0003485,7,2025-07-01,2025-07-02,2025-07-28,26,Extended,4,4,True,Remote/Difficult Terrain
P-001034,DEP-V2-0003486,8,2025-08-01,2025-08-05,2025-08-28,23,Extended,3,4,True,Remote/Difficult Terrain
P-001034,DEP-V2-0003487,9,2025-09-01,2025-09-05,2025-09-28,23,Extended,4,5,True,Remote/Difficult Terrain
P-001035,DEP-V2-0003488,6,2025-06-01,2025-06-04,2025-06-27,23,High Tempo,4,3,True,Semi-Urban Outpost
P-001035,DEP-V2-0003489,7,2025-07-01,2025-07-03,2025-07-27,24,High Tempo,4,3,True,Semi-Urban Outpost
P-001036,DEP-V2-0003490,4,2025-04-01,2025-04-05,2025-04-28,23,High Tempo,3,3,False,Semi-Urban Outpost
P-001036,DEP-V2-0003491,5,2025-05-01,2025-05-03,2025-05-24,21,High Tempo,3,4,True,Remote/Difficult Terrain
P-001036,DEP-V2-0003492,6,2025-06-01,2025-06-02,2025-06-26,24,High Tempo,4,4,True,Semi-Urban Outpost
P-001036,DEP-V2-0003493,7,2025-07-01,2025-07-03,2025-07-27,24,High Tempo,3,4,True,Remote/Difficult Terrain
P-001036,DEP-V2-0003494,8,2025-08-01,2025-08-04,2025-08-27,23,High Tempo,4,3,True,Remote/Difficult Terrain
P-001037,DEP-V2-0003495,4,2025-04-01,2025-04-04,2025-04-26,22,Extended,4,5,True,Remote/Difficult Terrain
P-001037,DEP-V2-0003496,5,2025-05-01,2025-05-04,2025-05-23,19,High Tempo,4,5,True,High Altitude/Extreme
P-001037,DEP-V2-0003497,6,2025-06-01,2025-06-03,2025-06-26,23,High Tempo,4,5,True,High Altitude/Extreme
P-001037,DEP-V2-0003498,7,2025-07-01,2025-07-04,2025-07-26,22,Extended,5,5,True,High Altitude/Extreme
P-001037,DEP-V2-0003499,8,2025-08-01,2025-08-03,2025-08-28,25,High Tempo,5,5,True,High Altitude/Extreme
P-001037,DEP-V2-0003500,9,2025-09-01,2025-09-04,2025-09-23,19,Extended,4,5,True,Remote/Difficult Terrain
P-001037,DEP-V2-0003501,10,2025-10-01,2025-10-05,2025-10-26,21,Extended,5,4,True,Remote/Difficult Terrain
P-001037,DEP-V2-0003502,11,2025-11-01,2025-11-04,2025-11-28,24,Extended,4,5,True,Remote/Difficult Terrain
P-001038,DEP-V2-0003503,3,2025-03-01,2025-03-02,2025-03-28,26,Extended,4,5,True,High Altitude/Extreme
P-001038,DEP-V2-0003504,4,2025-04-01,2025-04-04,2025-04-26,22,Extended,4,5,True,Remote/Difficult Terrain
P-001038,DEP-V2-0003505,5,2025-05-01,2025-05-05,2025-05-28,23,Extended,3,4,True,High Altitude/Extreme
P-001038,DEP-V2-0003506,6,2025-06-01,2025-06-03,2025-06-23,20,Extended,3,4,True,High Altitude/Extreme
P-001038,DEP-V2-0003507,7,2025-07-01,2025-07-05,2025-07-28,23,Extended,4,4,True,High Altitude/Extreme
P-001038,DEP-V2-0003508,8,2025-08-01,2025-08-04,2025-08-26,22,Extended,3,5,True,Remote/Difficult Terrain
P-001038,DEP-V2-0003509,9,2025-09-01,2025-09-04,2025-09-25,21,Extended,4,4,True,High Altitude/Extreme
P-001039,DEP-V2-0003510,2,2025-02-01,2025-02-03,2025-02-26,23,High Tempo,4,4,True,Remote/Difficult Terrain
P-001039,DEP-V2-0003511,3,2025-03-01,2025-03-02,2025-03-24,22,High Tempo,4,4,True,Remote/Difficult Terrain
P-001039,DEP-V2-0003512,4,2025-04-01,2025-04-04,2025-04-27,23,High Tempo,4,4,True,Remote/Difficult Terrain
P-001039,DEP-V2-0003513,5,2025-05-01,2025-05-05,2025-05-24,19,High Tempo,4,4,True,Remote/Difficult Terrain
P-001040,DEP-V2-0003514,3,2025-03-01,2025-03-04,2025-03-25,21,Extended,4,4,True,High Altitude/Extreme
P-001040,DEP-V2-0003515,4,2025-04-01,2025-04-04,2025-04-25,21,Extended,4,4,True,High Altitude/Extreme
P-001040,DEP-V2-0003516,5,2025-05-01,2025-05-05,2025-05-25,20,Extended,3,4,True,High Altitude/Extreme
P-001040,DEP-V2-0003517,6,2025-06-01,2025-06-02,2025-06-28,26,Extended,4,5,True,High Altitude/Extreme
P-001040,DEP-V2-0003518,7,2025-07-01,2025-07-02,2025-07-25,23,Extended,3,5,True,Remote/Difficult Terrain
P-001040,DEP-V2-0003519,8,2025-08-01,2025-08-02,2025-08-25,23,Extended,3,5,True,High Altitude/Extreme
P-001040,DEP-V2-0003520,9,2025-09-01,2025-09-04,2025-09-23,19,Extended,5,5,True,Remote/Difficult Terrain
P-001041,DEP-V2-0003521,3,2025-03-01,2025-03-04,2025-03-25,21,Extended,4,4,True,High Altitude/Extreme
P-001041,DEP-V2-0003522,4,2025-04-01,2025-04-03,2025-04-28,25,Extended,5,4,True,Remote/Difficult Terrain
P-001041,DEP-V2-0003523,5,2025-05-01,2025-05-03,2025-05-26,23,Extended,5,4,True,High Altitude/Extreme
P-001041,DEP-V2-0003524,6,2025-06-01,2025-06-02,2025-06-26,24,Extended,4,5,True,High Altitude/Extreme
P-001041,DEP-V2-0003525,7,2025-07-01,2025-07-02,2025-07-26,24,Extended,4,4,True,Remote/Difficult Terrain
P-001041,DEP-V2-0003526,8,2025-08-01,2025-08-05,2025-08-27,22,Extended,4,5,True,Remote/Difficult Terrain
P-001041,DEP-V2-0003527,9,2025-09-01,2025-09-05,2025-09-28,23,Extended,5,4,True,High Altitude/Extreme
P-001042,DEP-V2-0003528,4,2025-04-01,2025-04-05,2025-04-27,22,Routine,2,2,False,Urban Base
P-001043,DEP-V2-0003529,4,2025-04-01,2025-04-04,2025-04-26,22,Routine,2,1,False,Urban Base
P-001043,DEP-V2-0003530,5,2025-05-01,2025-05-03,2025-05-25,22,Routine,2,1,False,Urban Base
P-001044,DEP-V2-0003531,4,2025-04-01,2025-04-03,2025-04-26,23,High Tempo,5,4,True,High Altitude/Extreme
P-001044,DEP-V2-0003532,5,2025-05-01,2025-05-04,2025-05-23,19,Extended,4,5,True,Remote/Difficult Terrain
P-001044,DEP-V2-0003533,6,2025-06-01,2025-06-04,2025-06-23,19,Extended,5,5,True,Remote/Difficult Terrain
P-001044,DEP-V2-0003534,7,2025-07-01,2025-07-02,2025-07-28,26,High Tempo,5,5,True,Remote/Difficult Terrain
P-001044,DEP-V2-0003535,8,2025-08-01,2025-08-03,2025-08-25,22,High Tempo,4,5,True,High Altitude/Extreme
P-001044,DEP-V2-0003536,9,2025-09-01,2025-09-02,2025-09-24,22,Extended,5,5,True,Remote/Difficult Terrain
P-001044,DEP-V2-0003537,10,2025-10-01,2025-10-02,2025-10-23,21,High Tempo,4,5,True,High Altitude/Extreme
P-001044,DEP-V2-0003538,11,2025-11-01,2025-11-03,2025-11-28,25,Extended,4,4,True,High Altitude/Extreme
P-001045,DEP-V2-0003539,6,2025-06-01,2025-06-04,2025-06-25,21,High Tempo,4,3,True,Semi-Urban Outpost
P-001045,DEP-V2-0003540,7,2025-07-01,2025-07-03,2025-07-25,22,High Tempo,4,3,True,Semi-Urban Outpost
P-001046,DEP-V2-0003541,4,2025-04-01,2025-04-04,2025-04-26,22,High Tempo,3,4,True,Remote/Difficult Terrain
P-001046,DEP-V2-0003542,5,2025-05-01,2025-05-04,2025-05-26,22,High Tempo,4,4,True,Semi-Urban Outpost
P-001046,DEP-V2-0003543,6,2025-06-01,2025-06-05,2025-06-24,19,High Tempo,4,3,True,Semi-Urban Outpost
P-001046,DEP-V2-0003544,7,2025-07-01,2025-07-02,2025-07-25,23,High Tempo,3,4,True,Semi-Urban Outpost
P-001046,DEP-V2-0003545,8,2025-08-01,2025-08-04,2025-08-25,21,High Tempo,3,4,True,Semi-Urban Outpost
P-001047,DEP-V2-0003546,3,2025-03-01,2025-03-02,2025-03-26,24,Extended,5,4,True,Remote/Difficult Terrain
P-001047,DEP-V2-0003547,4,2025-04-01,2025-04-05,2025-04-25,20,Extended,3,4,True,Remote/Difficult Terrain
P-001047,DEP-V2-0003548,5,2025-05-01,2025-05-03,2025-05-28,25,Extended,3,5,True,High Altitude/Extreme
P-001047,DEP-V2-0003549,6,2025-06-01,2025-06-03,2025-06-23,20,Extended,4,5,True,High Altitude/Extreme
P-001047,DEP-V2-0003550,7,2025-07-01,2025-07-02,2025-07-24,22,Extended,4,4,True,High Altitude/Extreme
P-001047,DEP-V2-0003551,8,2025-08-01,2025-08-02,2025-08-24,22,Extended,3,5,True,Remote/Difficult Terrain
P-001047,DEP-V2-0003552,9,2025-09-01,2025-09-05,2025-09-27,22,Extended,3,5,True,Remote/Difficult Terrain
P-001048,DEP-V2-0003553,4,2025-04-01,2025-04-05,2025-04-25,20,Routine,1,2,False,Urban Base
P-001049,DEP-V2-0003554,4,2025-04-01,2025-04-04,2025-04-23,19,Routine,1,1,False,Urban Base
P-001050,DEP-V2-0003555,3,2025-03-01,2025-03-05,2025-03-28,23,Extended,3,4,True,Remote/Difficult Terrain
P-001050,DEP-V2-0003556,4,2025-04-01,2025-04-04,2025-04-27,23,Extended,4,4,True,High Altitude/Extreme
P-001050,DEP-V2-0003557,5,2025-05-01,2025-05-03,2025-05-23,20,Extended,3,4,True,High Altitude/Extreme
P-001050,DEP-V2-0003558,6,2025-06-01,2025-06-03,2025-06-25,22,Extended,3,4,True,Remote/Difficult Terrain
P-001050,DEP-V2-0003559,7,2025-07-01,2025-07-04,2025-07-28,24,Extended,4,5,True,High Altitude/Extreme
P-001050,DEP-V2-0003560,8,2025-08-01,2025-08-02,2025-08-28,26,Extended,4,5,True,High Altitude/Extreme
P-001050,DEP-V2-0003561,9,2025-09-01,2025-09-03,2025-09-27,24,Extended,4,5,True,High Altitude/Extreme
P-001051,DEP-V2-0003562,4,2025-04-01,2025-04-03,2025-04-23,20,Routine,2,1,False,Urban Base
P-001052,DEP-V2-0003563,4,2025-04-01,2025-04-02,2025-04-25,23,High Tempo,5,4,True,Remote/Difficult Terrain
P-001052,DEP-V2-0003564,5,2025-05-01,2025-05-04,2025-05-27,23,High Tempo,3,4,True,Remote/Difficult Terrain
P-001052,DEP-V2-0003565,6,2025-06-01,2025-06-03,2025-06-26,23,High Tempo,3,3,False,Semi-Urban Outpost
P-001052,DEP-V2-0003566,7,2025-07-01,2025-07-03,2025-07-24,21,High Tempo,4,3,True,Semi-Urban Outpost
P-001052,DEP-V2-0003567,8,2025-08-01,2025-08-05,2025-08-27,22,High Tempo,3,3,False,Semi-Urban Outpost
P-001053,DEP-V2-0003568,4,2025-04-01,2025-04-02,2025-04-28,26,High Tempo,5,4,True,Semi-Urban Outpost
P-001053,DEP-V2-0003569,5,2025-05-01,2025-05-04,2025-05-24,20,High Tempo,4,3,True,Remote/Difficult Terrain
P-001053,DEP-V2-0003570,6,2025-06-01,2025-06-02,2025-06-27,25,High Tempo,4,4,True,Remote/Difficult Terrain
P-001053,DEP-V2-0003571,7,2025-07-01,2025-07-05,2025-07-28,23,High Tempo,3,4,True,Semi-Urban Outpost
P-001053,DEP-V2-0003572,8,2025-08-01,2025-08-05,2025-08-24,19,High Tempo,4,3,True,Remote/Difficult Terrain
P-001054,DEP-V2-0003573,2,2025-02-01,2025-02-02,2025-02-27,25,High Tempo,4,4,True,Remote/Difficult Terrain
P-001054,DEP-V2-0003574,3,2025-03-01,2025-03-05,2025-03-28,23,High Tempo,4,4,True,Remote/Difficult Terrain
P-001054,DEP-V2-0003575,4,2025-04-01,2025-04-03,2025-04-23,20,High Tempo,4,4,True,Remote/Difficult Terrain
P-001054,DEP-V2-0003576,5,2025-05-01,2025-05-04,2025-05-24,20,High Tempo,4,4,True,Remote/Difficult Terrain
P-001055,DEP-V2-0003577,5,2025-05-01,2025-05-04,2025-05-23,19,Routine,1,2,False,Urban Base
P-001056,DEP-V2-0003578,2,2025-02-01,2025-02-04,2025-02-23,19,High Tempo,4,4,True,Remote/Difficult Terrain
P-001056,DEP-V2-0003579,3,2025-03-01,2025-03-05,2025-03-25,20,High Tempo,4,4,True,Remote/Difficult Terrain
P-001056,DEP-V2-0003580,4,2025-04-01,2025-04-05,2025-04-27,22,High Tempo,4,4,True,Remote/Difficult Terrain
P-001056,DEP-V2-0003581,5,2025-05-01,2025-05-02,2025-05-26,24,High Tempo,4,4,True,Remote/Difficult Terrain
P-001058,DEP-V2-0003582,3,2025-03-01,2025-03-05,2025-03-27,22,Extended,4,4,True,High Altitude/Extreme
P-001058,DEP-V2-0003583,4,2025-04-01,2025-04-05,2025-04-26,21,Extended,4,4,True,Remote/Difficult Terrain
P-001058,DEP-V2-0003584,5,2025-05-01,2025-05-02,2025-05-28,26,Extended,3,4,True,Remote/Difficult Terrain
P-001058,DEP-V2-0003585,6,2025-06-01,2025-06-02,2025-06-28,26,Extended,4,5,True,High Altitude/Extreme
P-001058,DEP-V2-0003586,7,2025-07-01,2025-07-05,2025-07-23,18,Extended,4,5,True,High Altitude/Extreme
P-001058,DEP-V2-0003587,8,2025-08-01,2025-08-04,2025-08-25,21,Extended,4,4,True,Remote/Difficult Terrain
P-001058,DEP-V2-0003588,9,2025-09-01,2025-09-05,2025-09-24,19,Extended,4,4,True,High Altitude/Extreme
P-001059,DEP-V2-0003589,6,2025-06-01,2025-06-05,2025-06-27,22,High Tempo,4,3,True,Semi-Urban Outpost
P-001059,DEP-V2-0003590,7,2025-07-01,2025-07-05,2025-07-26,21,High Tempo,4,3,True,Semi-Urban Outpost
P-001060,DEP-V2-0003591,4,2025-04-01,2025-04-04,2025-04-23,19,Routine,2,1,False,Urban Base
P-001062,DEP-V2-0003592,4,2025-04-01,2025-04-02,2025-04-23,21,High Tempo,4,5,True,Remote/Difficult Terrain
P-001062,DEP-V2-0003593,5,2025-05-01,2025-05-03,2025-05-25,22,Extended,5,5,True,High Altitude/Extreme
P-001062,DEP-V2-0003594,6,2025-06-01,2025-06-03,2025-06-24,21,High Tempo,5,4,True,Remote/Difficult Terrain
P-001062,DEP-V2-0003595,7,2025-07-01,2025-07-05,2025-07-23,18,Extended,5,5,True,Remote/Difficult Terrain
P-001062,DEP-V2-0003596,8,2025-08-01,2025-08-02,2025-08-23,21,High Tempo,4,5,True,High Altitude/Extreme
P-001062,DEP-V2-0003597,9,2025-09-01,2025-09-04,2025-09-28,24,Extended,5,5,True,High Altitude/Extreme
P-001062,DEP-V2-0003598,10,2025-10-01,2025-10-02,2025-10-27,25,Extended,5,4,True,High Altitude/Extreme
P-001062,DEP-V2-0003599,11,2025-11-01,2025-11-05,2025-11-27,22,High Tempo,4,5,True,High Altitude/Extreme
P-001063,DEP-V2-0003600,4,2025-04-01,2025-04-02,2025-04-25,23,High Tempo,5,5,True,High Altitude/Extreme
P-001063,DEP-V2-0003601,5,2025-05-01,2025-05-04,2025-05-25,21,High Tempo,5,5,True,High Altitude/Extreme
P-001063,DEP-V2-0003602,6,2025-06-01,2025-06-03,2025-06-23,20,High Tempo,5,4,True,Remote/Difficult Terrain
P-001063,DEP-V2-0003603,7,2025-07-01,2025-07-03,2025-07-24,21,High Tempo,5,5,True,High Altitude/Extreme
P-001063,DEP-V2-0003604,8,2025-08-01,2025-08-04,2025-08-23,19,Extended,5,4,True,High Altitude/Extreme
P-001063,DEP-V2-0003605,9,2025-09-01,2025-09-05,2025-09-27,22,Extended,4,5,True,Remote/Difficult Terrain
P-001063,DEP-V2-0003606,10,2025-10-01,2025-10-05,2025-10-25,20,High Tempo,4,4,True,Remote/Difficult Terrain
P-001063,DEP-V2-0003607,11,2025-11-01,2025-11-05,2025-11-23,18,High Tempo,4,4,True,Remote/Difficult Terrain
P-001064,DEP-V2-0003608,4,2025-04-01,2025-04-02,2025-04-25,23,Extended,5,5,True,Remote/Difficult Terrain
P-001064,DEP-V2-0003609,5,2025-05-01,2025-05-03,2025-05-27,24,Extended,4,5,True,High Altitude/Extreme
P-001064,DEP-V2-0003610,6,2025-06-01,2025-06-02,2025-06-27,25,High Tempo,4,5,True,Remote/Difficult Terrain
P-001064,DEP-V2-0003611,7,2025-07-01,2025-07-05,2025-07-27,22,High Tempo,5,5,True,Remote/Difficult Terrain
P-001064,DEP-V2-0003612,8,2025-08-01,2025-08-03,2025-08-23,20,High Tempo,5,5,True,High Altitude/Extreme
P-001064,DEP-V2-0003613,9,2025-09-01,2025-09-04,2025-09-27,23,High Tempo,4,5,True,Remote/Difficult Terrain
P-001064,DEP-V2-0003614,10,2025-10-01,2025-10-02,2025-10-26,24,Extended,5,5,True,Remote/Difficult Terrain
P-001064,DEP-V2-0003615,11,2025-11-01,2025-11-05,2025-11-26,21,Extended,4,5,True,Remote/Difficult Terrain
P-001066,DEP-V2-0003616,5,2025-05-01,2025-05-04,2025-05-28,24,Routine,1,2,False,Urban Base
P-001067,DEP-V2-0003617,2,2025-02-01,2025-02-02,2025-02-25,23,High Tempo,4,4,True,Remote/Difficult Terrain
P-001067,DEP-V2-0003618,3,2025-03-01,2025-03-04,2025-03-23,19,High Tempo,4,4,True,Remote/Difficult Terrain
P-001067,DEP-V2-0003619,4,2025-04-01,2025-04-05,2025-04-26,21,High Tempo,4,4,True,Remote/Difficult Terrain
P-001067,DEP-V2-0003620,5,2025-05-01,2025-05-04,2025-05-25,21,High Tempo,4,4,True,Remote/Difficult Terrain
P-001069,DEP-V2-0003621,4,2025-04-01,2025-04-04,2025-04-28,24,High Tempo,4,5,True,High Altitude/Extreme
P-001069,DEP-V2-0003622,5,2025-05-01,2025-05-02,2025-05-25,23,High Tempo,4,5,True,Remote/Difficult Terrain
P-001069,DEP-V2-0003623,6,2025-06-01,2025-06-05,2025-06-23,18,Extended,5,5,True,High Altitude/Extreme
P-001069,DEP-V2-0003624,7,2025-07-01,2025-07-05,2025-07-26,21,Extended,5,5,True,Remote/Difficult Terrain
P-001069,DEP-V2-0003625,8,2025-08-01,2025-08-03,2025-08-23,20,High Tempo,4,5,True,Remote/Difficult Terrain
P-001069,DEP-V2-0003626,9,2025-09-01,2025-09-04,2025-09-27,23,Extended,5,4,True,Remote/Difficult Terrain
P-001069,DEP-V2-0003627,10,2025-10-01,2025-10-04,2025-10-24,20,Extended,4,5,True,High Altitude/Extreme
P-001069,DEP-V2-0003628,11,2025-11-01,2025-11-05,2025-11-25,20,Extended,4,5,True,Remote/Difficult Terrain
P-001070,DEP-V2-0003629,3,2025-03-01,2025-03-03,2025-03-25,22,Extended,5,4,True,High Altitude/Extreme
P-001070,DEP-V2-0003630,4,2025-04-01,2025-04-04,2025-04-26,22,Extended,4,5,True,Remote/Difficult Terrain
P-001070,DEP-V2-0003631,5,2025-05-01,2025-05-03,2025-05-27,24,Extended,3,5,True,Remote/Difficult Terrain
P-001070,DEP-V2-0003632,6,2025-06-01,2025-06-04,2025-06-26,22,Extended,3,4,True,Remote/Difficult Terrain
P-001070,DEP-V2-0003633,7,2025-07-01,2025-07-02,2025-07-28,26,Extended,5,5,True,Remote/Difficult Terrain
P-001070,DEP-V2-0003634,8,2025-08-01,2025-08-03,2025-08-24,21,Extended,3,5,True,High Altitude/Extreme
P-001070,DEP-V2-0003635,9,2025-09-01,2025-09-04,2025-09-24,20,Extended,5,5,True,High Altitude/Extreme
P-001072,DEP-V2-0003636,5,2025-05-01,2025-05-02,2025-05-28,26,Routine,2,1,False,Urban Base
P-001073,DEP-V2-0003637,4,2025-04-01,2025-04-05,2025-04-25,20,High Tempo,4,3,True,Semi-Urban Outpost
P-001073,DEP-V2-0003638,5,2025-05-01,2025-05-03,2025-05-24,21,High Tempo,3,3,False,Semi-Urban Outpost
P-001073,DEP-V2-0003639,6,2025-06-01,2025-06-05,2025-06-25,20,High Tempo,3,4,True,Remote/Difficult Terrain
P-001073,DEP-V2-0003640,7,2025-07-01,2025-07-02,2025-07-27,25,High Tempo,4,4,True,Remote/Difficult Terrain
P-001073,DEP-V2-0003641,8,2025-08-01,2025-08-04,2025-08-24,20,High Tempo,4,3,True,Remote/Difficult Terrain
P-001074,DEP-V2-0003642,4,2025-04-01,2025-04-02,2025-04-27,25,Routine,2,1,False,Semi-Urban Outpost
P-001075,DEP-V2-0003643,4,2025-04-01,2025-04-02,2025-04-23,21,High Tempo,4,5,True,High Altitude/Extreme
P-001075,DEP-V2-0003644,5,2025-05-01,2025-05-04,2025-05-23,19,High Tempo,5,5,True,High Altitude/Extreme
P-001075,DEP-V2-0003645,6,2025-06-01,2025-06-02,2025-06-23,21,High Tempo,5,5,True,Remote/Difficult Terrain
P-001075,DEP-V2-0003646,7,2025-07-01,2025-07-02,2025-07-25,23,Extended,4,5,True,Remote/Difficult Terrain
P-001075,DEP-V2-0003647,8,2025-08-01,2025-08-04,2025-08-26,22,Extended,5,5,True,High Altitude/Extreme
P-001075,DEP-V2-0003648,9,2025-09-01,2025-09-02,2025-09-23,21,High Tempo,4,5,True,Remote/Difficult Terrain
P-001075,DEP-V2-0003649,10,2025-10-01,2025-10-05,2025-10-27,22,High Tempo,5,4,True,High Altitude/Extreme
P-001075,DEP-V2-0003650,11,2025-11-01,2025-11-04,2025-11-23,19,High Tempo,5,5,True,Remote/Difficult Terrain
P-001077,DEP-V2-0003651,4,2025-04-01,2025-04-03,2025-04-27,24,High Tempo,5,5,True,Remote/Difficult Terrain
P-001077,DEP-V2-0003652,5,2025-05-01,2025-05-05,2025-05-24,19,Extended,4,5,True,High Altitude/Extreme
P-001077,DEP-V2-0003653,6,2025-06-01,2025-06-04,2025-06-24,20,High Tempo,5,5,True,High Altitude/Extreme
P-001077,DEP-V2-0003654,7,2025-07-01,2025-07-02,2025-07-24,22,Extended,4,5,True,Remote/Difficult Terrain
P-001077,DEP-V2-0003655,8,2025-08-01,2025-08-02,2025-08-24,22,Extended,4,5,True,Remote/Difficult Terrain
P-001077,DEP-V2-0003656,9,2025-09-01,2025-09-03,2025-09-27,24,High Tempo,5,5,True,High Altitude/Extreme
P-001077,DEP-V2-0003657,10,2025-10-01,2025-10-02,2025-10-27,25,High Tempo,4,5,True,Remote/Difficult Terrain
P-001077,DEP-V2-0003658,11,2025-11-01,2025-11-02,2025-11-26,24,Extended,4,5,True,High Altitude/Extreme
P-001078,DEP-V2-0003659,4,2025-04-01,2025-04-03,2025-04-28,25,Extended,5,5,True,High Altitude/Extreme
P-001078,DEP-V2-0003660,5,2025-05-01,2025-05-03,2025-05-26,23,Extended,4,5,True,High Altitude/Extreme
P-001078,DEP-V2-0003661,6,2025-06-01,2025-06-04,2025-06-25,21,High Tempo,5,5,True,High Altitude/Extreme
P-001078,DEP-V2-0003662,7,2025-07-01,2025-07-04,2025-07-28,24,High Tempo,4,4,True,Remote/Difficult Terrain
P-001078,DEP-V2-0003663,8,2025-08-01,2025-08-03,2025-08-23,20,High Tempo,4,5,True,Remote/Difficult Terrain
P-001078,DEP-V2-0003664,9,2025-09-01,2025-09-03,2025-09-28,25,High Tempo,5,5,True,High Altitude/Extreme
P-001078,DEP-V2-0003665,10,2025-10-01,2025-10-02,2025-10-24,22,Extended,5,5,True,High Altitude/Extreme
P-001078,DEP-V2-0003666,11,2025-11-01,2025-11-02,2025-11-27,25,Extended,4,5,True,High Altitude/Extreme
P-001079,DEP-V2-0003667,4,2025-04-01,2025-04-03,2025-04-24,21,Extended,5,5,True,Remote/Difficult Terrain
P-001079,DEP-V2-0003668,5,2025-05-01,2025-05-04,2025-05-24,20,High Tempo,5,5,True,High Altitude/Extreme
P-001079,DEP-V2-0003669,6,2025-06-01,2025-06-05,2025-06-24,19,Extended,5,4,True,Remote/Difficult Terrain
P-001079,DEP-V2-0003670,7,2025-07-01,2025-07-03,2025-07-28,25,High Tempo,5,5,True,Remote/Difficult Terrain
P-001079,DEP-V2-0003671,8,2025-08-01,2025-08-04,2025-08-24,20,Extended,4,5,True,High Altitude/Extreme
P-001079,DEP-V2-0003672,9,2025-09-01,2025-09-05,2025-09-27,22,Extended,5,5,True,Remote/Difficult Terrain
P-001079,DEP-V2-0003673,10,2025-10-01,2025-10-04,2025-10-27,23,High Tempo,5,5,True,Remote/Difficult Terrain
P-001079,DEP-V2-0003674,11,2025-11-01,2025-11-02,2025-11-27,25,Extended,5,5,True,High Altitude/Extreme
P-001080,DEP-V2-0003675,4,2025-04-01,2025-04-04,2025-04-27,23,Extended,5,5,True,Remote/Difficult Terrain
P-001080,DEP-V2-0003676,5,2025-05-01,2025-05-02,2025-05-24,22,Extended,4,4,True,Remote/Difficult Terrain
P-001080,DEP-V2-0003677,6,2025-06-01,2025-06-03,2025-06-28,25,High Tempo,5,4,True,Remote/Difficult Terrain
P-001080,DEP-V2-0003678,7,2025-07-01,2025-07-05,2025-07-23,18,Extended,5,5,True,Remote/Difficult Terrain
P-001080,DEP-V2-0003679,8,2025-08-01,2025-08-05,2025-08-24,19,Extended,4,5,True,Remote/Difficult Terrain
P-001080,DEP-V2-0003680,9,2025-09-01,2025-09-04,2025-09-26,22,High Tempo,4,5,True,High Altitude/Extreme
P-001080,DEP-V2-0003681,10,2025-10-01,2025-10-03,2025-10-28,25,Extended,5,4,True,High Altitude/Extreme
P-001080,DEP-V2-0003682,11,2025-11-01,2025-11-03,2025-11-23,20,Extended,4,4,True,Remote/Difficult Terrain
P-001081,DEP-V2-0003683,4,2025-04-01,2025-04-02,2025-04-24,22,High Tempo,4,3,True,Semi-Urban Outpost
P-001081,DEP-V2-0003684,5,2025-05-01,2025-05-02,2025-05-25,23,High Tempo,4,3,True,Remote/Difficult Terrain
P-001081,DEP-V2-0003685,6,2025-06-01,2025-06-05,2025-06-25,20,High Tempo,3,3,False,Semi-Urban Outpost
P-001081,DEP-V2-0003686,7,2025-07-01,2025-07-04,2025-07-24,20,High Tempo,3,3,False,Semi-Urban Outpost
P-001081,DEP-V2-0003687,8,2025-08-01,2025-08-02,2025-08-24,22,High Tempo,4,3,True,Semi-Urban Outpost
P-001085,DEP-V2-0003688,6,2025-06-01,2025-06-02,2025-06-26,24,High Tempo,4,3,True,Semi-Urban Outpost
P-001085,DEP-V2-0003689,7,2025-07-01,2025-07-02,2025-07-26,24,High Tempo,4,3,True,Semi-Urban Outpost
P-001086,DEP-V2-0003690,4,2025-04-01,2025-04-05,2025-04-28,23,Routine,2,1,False,Semi-Urban Outpost
P-001086,DEP-V2-0003691,5,2025-05-01,2025-05-02,2025-05-26,24,Routine,2,2,False,Urban Base
P-001087,DEP-V2-0003692,4,2025-04-01,2025-04-04,2025-04-28,24,Routine,1,1,False,Semi-Urban Outpost
P-001087,DEP-V2-0003693,5,2025-05-01,2025-05-02,2025-05-27,25,Routine,2,1,False,Urban Base
P-001088,DEP-V2-0003694,4,2025-04-01,2025-04-02,2025-04-23,21,Extended,5,4,True,High Altitude/Extreme
P-001088,DEP-V2-0003695,5,2025-05-01,2025-05-02,2025-05-24,22,High Tempo,4,5,True,High Altitude/Extreme
P-001088,DEP-V2-0003696,6,2025-06-01,2025-06-05,2025-06-27,22,Extended,4,5,True,High Altitude/Extreme
P-001088,DEP-V2-0003697,7,2025-07-01,2025-07-03,2025-07-28,25,High Tempo,5,5,True,High Altitude/Extreme
P-001088,DEP-V2-0003698,8,2025-08-01,2025-08-03,2025-08-27,24,High Tempo,4,5,True,High Altitude/Extreme
P-001088,DEP-V2-0003699,9,2025-09-01,2025-09-04,2025-09-23,19,Extended,4,5,True,Remote/Difficult Terrain
P-001088,DEP-V2-0003700,10,2025-10-01,2025-10-02,2025-10-25,23,High Tempo,5,5,True,Remote/Difficult Terrain
P-001088,DEP-V2-0003701,11,2025-11-01,2025-11-05,2025-11-26,21,High Tempo,5,5,True,High Altitude/Extreme
P-001091,DEP-V2-0003702,3,2025-03-01,2025-03-03,2025-03-25,22,Extended,4,5,True,Remote/Difficult Terrain
P-001091,DEP-V2-0003703,4,2025-04-01,2025-04-02,2025-04-24,22,Extended,3,5,True,Remote/Difficult Terrain
P-001091,DEP-V2-0003704,5,2025-05-01,2025-05-02,2025-05-25,23,Extended,4,4,True,Remote/Difficult Terrain
P-001091,DEP-V2-0003705,6,2025-06-01,2025-06-02,2025-06-25,23,Extended,5,4,True,High Altitude/Extreme
P-001091,DEP-V2-0003706,7,2025-07-01,2025-07-04,2025-07-27,23,Extended,4,4,True,High Altitude/Extreme
P-001091,DEP-V2-0003707,8,2025-08-01,2025-08-03,2025-08-26,23,Extended,4,4,True,Remote/Difficult Terrain
P-001091,DEP-V2-0003708,9,2025-09-01,2025-09-04,2025-09-24,20,Extended,3,5,True,Remote/Difficult Terrain
P-001092,DEP-V2-0003709,4,2025-04-01,2025-04-02,2025-04-27,25,High Tempo,4,4,True,Semi-Urban Outpost
P-001092,DEP-V2-0003710,5,2025-05-01,2025-05-05,2025-05-27,22,High Tempo,4,3,True,Remote/Difficult Terrain
P-001092,DEP-V2-0003711,6,2025-06-01,2025-06-02,2025-06-26,24,High Tempo,5,4,True,Semi-Urban Outpost
P-001092,DEP-V2-0003712,7,2025-07-01,2025-07-02,2025-07-27,25,High Tempo,4,3,True,Semi-Urban Outpost
P-001092,DEP-V2-0003713,8,2025-08-01,2025-08-05,2025-08-27,22,High Tempo,4,4,True,Semi-Urban Outpost
P-001094,DEP-V2-0003714,4,2025-04-01,2025-04-05,2025-04-28,23,Extended,5,5,True,High Altitude/Extreme
P-001094,DEP-V2-0003715,5,2025-05-01,2025-05-02,2025-05-24,22,High Tempo,4,5,True,High Altitude/Extreme
P-001094,DEP-V2-0003716,6,2025-06-01,2025-06-03,2025-06-25,22,Extended,4,5,True,High Altitude/Extreme
P-001094,DEP-V2-0003717,7,2025-07-01,2025-07-02,2025-07-25,23,Extended,5,5,True,Remote/Difficult Terrain
P-001094,DEP-V2-0003718,8,2025-08-01,2025-08-05,2025-08-24,19,High Tempo,5,4,True,Remote/Difficult Terrain
P-001094,DEP-V2-0003719,9,2025-09-01,2025-09-02,2025-09-28,26,High Tempo,5,5,True,Remote/Difficult Terrain
P-001094,DEP-V2-0003720,10,2025-10-01,2025-10-04,2025-10-27,23,Extended,4,5,True,High Altitude/Extreme
P-001094,DEP-V2-0003721,11,2025-11-01,2025-11-02,2025-11-23,21,Extended,5,4,True,High Altitude/Extreme
P-001096,DEP-V2-0003722,4,2025-04-01,2025-04-05,2025-04-24,19,Routine,2,1,False,Urban Base
P-001096,DEP-V2-0003723,5,2025-05-01,2025-05-02,2025-05-26,24,Routine,3,1,False,Semi-Urban Outpost
P-001097,DEP-V2-0003724,4,2025-04-01,2025-04-04,2025-04-28,24,Routine,1,1,False,Urban Base
P-001097,DEP-V2-0003725,5,2025-05-01,2025-05-04,2025-05-27,23,Routine,2,1,False,Urban Base
P-001098,DEP-V2-0003726,4,2025-04-01,2025-04-04,2025-04-26,22,High Tempo,4,5,True,High Altitude/Extreme
P-001098,DEP-V2-0003727,5,2025-05-01,2025-05-05,2025-05-28,23,High Tempo,5,4,True,Remote/Difficult Terrain
P-001098,DEP-V2-0003728,6,2025-06-01,2025-06-02,2025-06-28,26,Extended,5,5,True,Remote/Difficult Terrain
P-001098,DEP-V2-0003729,7,2025-07-01,2025-07-03,2025-07-27,24,High Tempo,5,4,True,Remote/Difficult Terrain
P-001098,DEP-V2-0003730,8,2025-08-01,2025-08-02,2025-08-24,22,Extended,5,5,True,High Altitude/Extreme
P-001098,DEP-V2-0003731,9,2025-09-01,2025-09-03,2025-09-26,23,Extended,5,5,True,Remote/Difficult Terrain
P-001098,DEP-V2-0003732,10,2025-10-01,2025-10-02,2025-10-24,22,High Tempo,4,4,True,High Altitude/Extreme
P-001098,DEP-V2-0003733,11,2025-11-01,2025-11-04,2025-11-25,21,High Tempo,4,5,True,Remote/Difficult Terrain
P-001099,DEP-V2-0003734,5,2025-05-01,2025-05-03,2025-05-24,21,Routine,3,1,False,Semi-Urban Outpost
P-001100,DEP-V2-0003735,4,2025-04-01,2025-04-04,2025-04-27,23,High Tempo,4,4,True,Remote/Difficult Terrain
P-001100,DEP-V2-0003736,5,2025-05-01,2025-05-05,2025-05-24,19,High Tempo,4,4,True,Semi-Urban Outpost
P-001100,DEP-V2-0003737,6,2025-06-01,2025-06-03,2025-06-24,21,High Tempo,3,3,False,Semi-Urban Outpost
P-001100,DEP-V2-0003738,7,2025-07-01,2025-07-03,2025-07-23,20,High Tempo,3,3,False,Remote/Difficult Terrain
P-001100,DEP-V2-0003739,8,2025-08-01,2025-08-02,2025-08-25,23,High Tempo,3,3,False,Remote/Difficult Terrain
P-001101,DEP-V2-0003740,3,2025-03-01,2025-03-05,2025-03-28,23,Extended,3,4,True,Remote/Difficult Terrain
P-001101,DEP-V2-0003741,4,2025-04-01,2025-04-05,2025-04-25,20,Extended,4,4,True,Remote/Difficult Terrain
P-001101,DEP-V2-0003742,5,2025-05-01,2025-05-04,2025-05-26,22,Extended,4,5,True,Remote/Difficult Terrain
P-001101,DEP-V2-0003743,6,2025-06-01,2025-06-05,2025-06-23,18,Extended,4,4,True,High Altitude/Extreme
P-001101,DEP-V2-0003744,7,2025-07-01,2025-07-04,2025-07-28,24,Extended,3,5,True,Remote/Difficult Terrain
P-001101,DEP-V2-0003745,8,2025-08-01,2025-08-05,2025-08-25,20,Extended,4,4,True,Remote/Difficult Terrain
P-001101,DEP-V2-0003746,9,2025-09-01,2025-09-05,2025-09-28,23,Extended,4,5,True,High Altitude/Extreme
P-001102,DEP-V2-0003747,4,2025-04-01,2025-04-03,2025-04-26,23,High Tempo,4,3,True,Semi-Urban Outpost
P-001102,DEP-V2-0003748,5,2025-05-01,2025-05-02,2025-05-26,24,High Tempo,5,4,True,Semi-Urban Outpost
P-001102,DEP-V2-0003749,6,2025-06-01,2025-06-05,2025-06-24,19,High Tempo,3,4,True,Remote/Difficult Terrain
P-001102,DEP-V2-0003750,7,2025-07-01,2025-07-03,2025-07-26,23,High Tempo,4,4,True,Remote/Difficult Terrain
P-001102,DEP-V2-0003751,8,2025-08-01,2025-08-05,2025-08-28,23,High Tempo,4,3,True,Remote/Difficult Terrain
P-001103,DEP-V2-0003752,5,2025-05-01,2025-05-03,2025-05-25,22,Routine,2,2,False,Semi-Urban Outpost
P-001104,DEP-V2-0003753,4,2025-04-01,2025-04-04,2025-04-23,19,Routine,2,1,False,Urban Base
P-001104,DEP-V2-0003754,5,2025-05-01,2025-05-02,2025-05-28,26,Routine,2,2,False,Urban Base
P-001105,DEP-V2-0003755,3,2025-03-01,2025-03-05,2025-03-23,18,Extended,4,4,True,High Altitude/Extreme
P-001105,DEP-V2-0003756,4,2025-04-01,2025-04-03,2025-04-24,21,Extended,4,5,True,High Altitude/Extreme
P-001105,DEP-V2-0003757,5,2025-05-01,2025-05-04,2025-05-28,24,Extended,4,4,True,Remote/Difficult Terrain
P-001105,DEP-V2-0003758,6,2025-06-01,2025-06-03,2025-06-23,20,Extended,5,4,True,Remote/Difficult Terrain
P-001105,DEP-V2-0003759,7,2025-07-01,2025-07-03,2025-07-25,22,Extended,4,5,True,Remote/Difficult Terrain
P-001105,DEP-V2-0003760,8,2025-08-01,2025-08-03,2025-08-26,23,Extended,4,5,True,High Altitude/Extreme
P-001105,DEP-V2-0003761,9,2025-09-01,2025-09-05,2025-09-28,23,Extended,4,5,True,High Altitude/Extreme
P-001107,DEP-V2-0003762,4,2025-04-01,2025-04-04,2025-04-26,22,Routine,3,1,False,Urban Base
P-001107,DEP-V2-0003763,5,2025-05-01,2025-05-02,2025-05-27,25,Routine,3,1,False,Urban Base
P-001108,DEP-V2-0003764,2,2025-02-01,2025-02-04,2025-02-23,19,High Tempo,4,4,True,Remote/Difficult Terrain
P-001108,DEP-V2-0003765,3,2025-03-01,2025-03-02,2025-03-23,21,High Tempo,4,4,True,Remote/Difficult Terrain
P-001108,DEP-V2-0003766,4,2025-04-01,2025-04-02,2025-04-28,26,High Tempo,4,4,True,Remote/Difficult Terrain
P-001108,DEP-V2-0003767,5,2025-05-01,2025-05-05,2025-05-27,22,High Tempo,4,4,True,Remote/Difficult Terrain
P-001109,DEP-V2-0003768,4,2025-04-01,2025-04-02,2025-04-24,22,Routine,2,1,False,Semi-Urban Outpost
P-001110,DEP-V2-0003769,3,2025-03-01,2025-03-04,2025-03-23,19,Extended,3,5,True,Remote/Difficult Terrain
P-001110,DEP-V2-0003770,4,2025-04-01,2025-04-03,2025-04-25,22,Extended,5,5,True,Remote/Difficult Terrain
P-001110,DEP-V2-0003771,5,2025-05-01,2025-05-02,2025-05-27,25,Extended,4,5,True,Remote/Difficult Terrain
P-001110,DEP-V2-0003772,6,2025-06-01,2025-06-05,2025-06-24,19,Extended,4,5,True,Remote/Difficult Terrain
P-001110,DEP-V2-0003773,7,2025-07-01,2025-07-04,2025-07-25,21,Extended,5,5,True,High Altitude/Extreme
P-001110,DEP-V2-0003774,8,2025-08-01,2025-08-03,2025-08-27,24,Extended,4,4,True,Remote/Difficult Terrain
P-001110,DEP-V2-0003775,9,2025-09-01,2025-09-04,2025-09-25,21,Extended,3,5,True,Remote/Difficult Terrain
P-001111,DEP-V2-0003776,3,2025-03-01,2025-03-04,2025-03-26,22,Extended,4,4,True,Remote/Difficult Terrain
P-001111,DEP-V2-0003777,4,2025-04-01,2025-04-02,2025-04-24,22,Extended,4,4,True,High Altitude/Extreme
P-001111,DEP-V2-0003778,5,2025-05-01,2025-05-02,2025-05-24,22,Extended,4,5,True,Remote/Difficult Terrain
P-001111,DEP-V2-0003779,6,2025-06-01,2025-06-04,2025-06-25,21,Extended,5,4,True,Remote/Difficult Terrain
P-001111,DEP-V2-0003780,7,2025-07-01,2025-07-04,2025-07-28,24,Extended,4,4,True,High Altitude/Extreme
P-001111,DEP-V2-0003781,8,2025-08-01,2025-08-03,2025-08-25,22,Extended,4,5,True,Remote/Difficult Terrain
P-001111,DEP-V2-0003782,9,2025-09-01,2025-09-04,2025-09-27,23,Extended,3,5,True,Remote/Difficult Terrain
P-001112,DEP-V2-0003783,4,2025-04-01,2025-04-02,2025-04-26,24,Extended,4,5,True,Remote/Difficult Terrain
P-001112,DEP-V2-0003784,5,2025-05-01,2025-05-03,2025-05-23,20,High Tempo,5,5,True,Remote/Difficult Terrain
P-001112,DEP-V2-0003785,6,2025-06-01,2025-06-04,2025-06-23,19,Extended,4,5,True,High Altitude/Extreme
P-001112,DEP-V2-0003786,7,2025-07-01,2025-07-02,2025-07-26,24,High Tempo,4,4,True,Remote/Difficult Terrain
P-001112,DEP-V2-0003787,8,2025-08-01,2025-08-04,2025-08-25,21,Extended,4,5,True,High Altitude/Extreme
P-001112,DEP-V2-0003788,9,2025-09-01,2025-09-03,2025-09-28,25,High Tempo,5,4,True,High Altitude/Extreme
P-001112,DEP-V2-0003789,10,2025-10-01,2025-10-04,2025-10-23,19,High Tempo,5,5,True,Remote/Difficult Terrain
P-001112,DEP-V2-0003790,11,2025-11-01,2025-11-02,2025-11-26,24,Extended,5,4,True,High Altitude/Extreme
P-001113,DEP-V2-0003791,5,2025-05-01,2025-05-03,2025-05-23,20,Routine,2,1,False,Semi-Urban Outpost
P-001114,DEP-V2-0003792,3,2025-03-01,2025-03-02,2025-03-28,26,Extended,4,4,True,Remote/Difficult Terrain
P-001114,DEP-V2-0003793,4,2025-04-01,2025-04-02,2025-04-24,22,Extended,4,4,True,High Altitude/Extreme
P-001114,DEP-V2-0003794,5,2025-05-01,2025-05-02,2025-05-26,24,Extended,4,4,True,High Altitude/Extreme
P-001114,DEP-V2-0003795,6,2025-06-01,2025-06-03,2025-06-25,22,Extended,5,5,True,Remote/Difficult Terrain
P-001114,DEP-V2-0003796,7,2025-07-01,2025-07-05,2025-07-23,18,Extended,4,4,True,Remote/Difficult Terrain
P-001114,DEP-V2-0003797,8,2025-08-01,2025-08-05,2025-08-27,22,Extended,4,4,True,Remote/Difficult Terrain
P-001114,DEP-V2-0003798,9,2025-09-01,2025-09-03,2025-09-27,24,Extended,4,4,True,Remote/Difficult Terrain
P-001116,DEP-V2-0003799,4,2025-04-01,2025-04-03,2025-04-26,23,High Tempo,5,5,True,High Altitude/Extreme
P-001116,DEP-V2-0003800,5,2025-05-01,2025-05-04,2025-05-28,24,High Tempo,4,5,True,High Altitude/Extreme
P-001116,DEP-V2-0003801,6,2025-06-01,2025-06-04,2025-06-23,19,High Tempo,4,5,True,Remote/Difficult Terrain
P-001116,DEP-V2-0003802,7,2025-07-01,2025-07-04,2025-07-26,22,High Tempo,4,5,True,High Altitude/Extreme
P-001116,DEP-V2-0003803,8,2025-08-01,2025-08-04,2025-08-28,24,Extended,5,5,True,Remote/Difficult Terrain
P-001116,DEP-V2-0003804,9,2025-09-01,2025-09-04,2025-09-27,23,Extended,5,5,True,Remote/Difficult Terrain
P-001116,DEP-V2-0003805,10,2025-10-01,2025-10-03,2025-10-25,22,High Tempo,4,5,True,Remote/Difficult Terrain
P-001116,DEP-V2-0003806,11,2025-11-01,2025-11-03,2025-11-26,23,Extended,4,5,True,Remote/Difficult Terrain
P-001118,DEP-V2-0003807,2,2025-02-01,2025-02-03,2025-02-23,20,High Tempo,4,4,True,Remote/Difficult Terrain
P-001118,DEP-V2-0003808,3,2025-03-01,2025-03-02,2025-03-23,21,High Tempo,4,4,True,Remote/Difficult Terrain
P-001118,DEP-V2-0003809,4,2025-04-01,2025-04-04,2025-04-26,22,High Tempo,4,4,True,Remote/Difficult Terrain
P-001118,DEP-V2-0003810,5,2025-05-01,2025-05-02,2025-05-28,26,High Tempo,4,4,True,Remote/Difficult Terrain
P-001119,DEP-V2-0003811,4,2025-04-01,2025-04-04,2025-04-23,19,High Tempo,4,4,True,Semi-Urban Outpost
P-001119,DEP-V2-0003812,5,2025-05-01,2025-05-04,2025-05-26,22,High Tempo,3,4,True,Remote/Difficult Terrain
P-001119,DEP-V2-0003813,6,2025-06-01,2025-06-05,2025-06-26,21,High Tempo,3,4,True,Remote/Difficult Terrain
P-001119,DEP-V2-0003814,7,2025-07-01,2025-07-05,2025-07-23,18,High Tempo,3,4,True,Remote/Difficult Terrain
P-001119,DEP-V2-0003815,8,2025-08-01,2025-08-04,2025-08-25,21,High Tempo,4,3,True,Remote/Difficult Terrain
P-001120,DEP-V2-0003816,4,2025-04-01,2025-04-04,2025-04-26,22,Routine,1,1,False,Urban Base
P-001121,DEP-V2-0003817,4,2025-04-01,2025-04-03,2025-04-23,20,Routine,2,2,False,Urban Base
P-001122,DEP-V2-0003818,4,2025-04-01,2025-04-04,2025-04-25,21,High Tempo,4,4,True,Remote/Difficult Terrain
P-001122,DEP-V2-0003819,5,2025-05-01,2025-05-05,2025-05-23,18,High Tempo,3,3,False,Semi-Urban Outpost
P-001122,DEP-V2-0003820,6,2025-06-01,2025-06-05,2025-06-23,18,High Tempo,4,3,True,Remote/Difficult Terrain
P-001122,DEP-V2-0003821,7,2025-07-01,2025-07-03,2025-07-28,25,High Tempo,4,3,True,Semi-Urban Outpost
P-001122,DEP-V2-0003822,8,2025-08-01,2025-08-04,2025-08-25,21,High Tempo,3,4,True,Semi-Urban Outpost
P-001123,DEP-V2-0003823,4,2025-04-01,2025-04-02,2025-04-26,24,Extended,5,5,True,High Altitude/Extreme
P-001123,DEP-V2-0003824,5,2025-05-01,2025-05-02,2025-05-25,23,Extended,4,5,True,High Altitude/Extreme
P-001123,DEP-V2-0003825,6,2025-06-01,2025-06-03,2025-06-27,24,High Tempo,4,5,True,High Altitude/Extreme
P-001123,DEP-V2-0003826,7,2025-07-01,2025-07-02,2025-07-28,26,Extended,4,5,True,Remote/Difficult Terrain
P-001123,DEP-V2-0003827,8,2025-08-01,2025-08-04,2025-08-27,23,High Tempo,5,5,True,Remote/Difficult Terrain
P-001123,DEP-V2-0003828,9,2025-09-01,2025-09-03,2025-09-28,25,Extended,5,5,True,High Altitude/Extreme
P-001123,DEP-V2-0003829,10,2025-10-01,2025-10-03,2025-10-26,23,High Tempo,5,5,True,High Altitude/Extreme
P-001123,DEP-V2-0003830,11,2025-11-01,2025-11-04,2025-11-23,19,Extended,5,5,True,Remote/Difficult Terrain
P-001124,DEP-V2-0003831,5,2025-05-01,2025-05-05,2025-05-28,23,Routine,3,1,False,Urban Base
P-001126,DEP-V2-0003832,4,2025-04-01,2025-04-02,2025-04-23,21,Routine,1,1,False,Urban Base
P-001128,DEP-V2-0003833,5,2025-05-01,2025-05-03,2025-05-23,20,Routine,2,2,False,Semi-Urban Outpost
P-001129,DEP-V2-0003834,3,2025-03-01,2025-03-04,2025-03-26,22,Extended,4,5,True,High Altitude/Extreme
P-001129,DEP-V2-0003835,4,2025-04-01,2025-04-04,2025-04-27,23,Extended,4,5,True,High Altitude/Extreme
P-001129,DEP-V2-0003836,5,2025-05-01,2025-05-04,2025-05-23,19,Extended,4,4,True,Remote/Difficult Terrain
P-001129,DEP-V2-0003837,6,2025-06-01,2025-06-05,2025-06-27,22,Extended,4,4,True,Remote/Difficult Terrain
P-001129,DEP-V2-0003838,7,2025-07-01,2025-07-02,2025-07-24,22,Extended,4,4,True,High Altitude/Extreme
P-001129,DEP-V2-0003839,8,2025-08-01,2025-08-05,2025-08-24,19,Extended,3,4,True,Remote/Difficult Terrain
P-001129,DEP-V2-0003840,9,2025-09-01,2025-09-02,2025-09-27,25,Extended,4,5,True,Remote/Difficult Terrain
P-001130,DEP-V2-0003841,2,2025-02-01,2025-02-02,2025-02-28,26,High Tempo,4,4,True,Remote/Difficult Terrain
P-001130,DEP-V2-0003842,3,2025-03-01,2025-03-04,2025-03-25,21,High Tempo,4,4,True,Remote/Difficult Terrain
P-001130,DEP-V2-0003843,4,2025-04-01,2025-04-05,2025-04-24,19,High Tempo,4,4,True,Remote/Difficult Terrain
P-001130,DEP-V2-0003844,5,2025-05-01,2025-05-03,2025-05-26,23,High Tempo,4,4,True,Remote/Difficult Terrain
P-001132,DEP-V2-0003845,4,2025-04-01,2025-04-03,2025-04-26,23,High Tempo,4,3,True,Remote/Difficult Terrain
P-001132,DEP-V2-0003846,5,2025-05-01,2025-05-02,2025-05-26,24,High Tempo,4,3,True,Semi-Urban Outpost
P-001132,DEP-V2-0003847,6,2025-06-01,2025-06-02,2025-06-25,23,High Tempo,3,4,True,Remote/Difficult Terrain
P-001132,DEP-V2-0003848,7,2025-07-01,2025-07-04,2025-07-28,24,High Tempo,3,3,False,Semi-Urban Outpost
P-001132,DEP-V2-0003849,8,2025-08-01,2025-08-02,2025-08-28,26,High Tempo,4,4,True,Remote/Difficult Terrain
P-001133,DEP-V2-0003850,4,2025-04-01,2025-04-04,2025-04-27,23,Routine,1,1,False,Semi-Urban Outpost
P-001133,DEP-V2-0003851,5,2025-05-01,2025-05-05,2025-05-24,19,Routine,2,1,False,Urban Base
P-001134,DEP-V2-0003852,4,2025-04-01,2025-04-02,2025-04-28,26,High Tempo,4,4,True,Remote/Difficult Terrain
P-001134,DEP-V2-0003853,5,2025-05-01,2025-05-04,2025-05-26,22,High Tempo,4,4,True,Remote/Difficult Terrain
P-001134,DEP-V2-0003854,6,2025-06-01,2025-06-02,2025-06-28,26,High Tempo,3,3,False,Remote/Difficult Terrain
P-001134,DEP-V2-0003855,7,2025-07-01,2025-07-04,2025-07-27,23,High Tempo,4,4,True,Semi-Urban Outpost
P-001134,DEP-V2-0003856,8,2025-08-01,2025-08-03,2025-08-28,25,High Tempo,4,3,True,Semi-Urban Outpost
P-001135,DEP-V2-0003857,5,2025-05-01,2025-05-04,2025-05-26,22,Routine,1,1,False,Urban Base
P-001137,DEP-V2-0003858,4,2025-04-01,2025-04-03,2025-04-25,22,Routine,1,2,False,Urban Base
P-001138,DEP-V2-0003859,5,2025-05-01,2025-05-03,2025-05-27,24,Routine,1,1,False,Urban Base
P-001139,DEP-V2-0003860,5,2025-05-01,2025-05-04,2025-05-26,22,Routine,2,1,False,Urban Base
P-001140,DEP-V2-0003861,2,2025-02-01,2025-02-02,2025-02-25,23,High Tempo,4,4,True,Remote/Difficult Terrain
P-001140,DEP-V2-0003862,3,2025-03-01,2025-03-03,2025-03-27,24,High Tempo,4,4,True,Remote/Difficult Terrain
P-001140,DEP-V2-0003863,4,2025-04-01,2025-04-03,2025-04-26,23,High Tempo,4,4,True,Remote/Difficult Terrain
P-001140,DEP-V2-0003864,5,2025-05-01,2025-05-03,2025-05-28,25,High Tempo,4,4,True,Remote/Difficult Terrain
P-001142,DEP-V2-0003865,5,2025-05-01,2025-05-04,2025-05-27,23,Routine,2,2,False,Urban Base
P-001143,DEP-V2-0003866,6,2025-06-01,2025-06-02,2025-06-26,24,High Tempo,4,3,True,Semi-Urban Outpost
P-001143,DEP-V2-0003867,7,2025-07-01,2025-07-05,2025-07-28,23,High Tempo,4,3,True,Semi-Urban Outpost
P-001144,DEP-V2-0003868,2,2025-02-01,2025-02-04,2025-02-24,20,High Tempo,4,4,True,Remote/Difficult Terrain
P-001144,DEP-V2-0003869,3,2025-03-01,2025-03-02,2025-03-24,22,High Tempo,4,4,True,Remote/Difficult Terrain
P-001144,DEP-V2-0003870,4,2025-04-01,2025-04-02,2025-04-23,21,High Tempo,4,4,True,Remote/Difficult Terrain
P-001144,DEP-V2-0003871,5,2025-05-01,2025-05-05,2025-05-23,18,High Tempo,4,4,True,Remote/Difficult Terrain
P-001147,DEP-V2-0003872,4,2025-04-01,2025-04-04,2025-04-23,19,Extended,4,4,True,Remote/Difficult Terrain
P-001147,DEP-V2-0003873,5,2025-05-01,2025-05-04,2025-05-24,20,High Tempo,5,5,True,Remote/Difficult Terrain
P-001147,DEP-V2-0003874,6,2025-06-01,2025-06-05,2025-06-26,21,High Tempo,4,5,True,High Altitude/Extreme
P-001147,DEP-V2-0003875,7,2025-07-01,2025-07-02,2025-07-27,25,Extended,4,5,True,High Altitude/Extreme
P-001147,DEP-V2-0003876,8,2025-08-01,2025-08-04,2025-08-23,19,High Tempo,5,5,True,Remote/Difficult Terrain
P-001147,DEP-V2-0003877,9,2025-09-01,2025-09-04,2025-09-27,23,Extended,4,5,True,High Altitude/Extreme
P-001147,DEP-V2-0003878,10,2025-10-01,2025-10-03,2025-10-27,24,High Tempo,5,4,True,High Altitude/Extreme
P-001147,DEP-V2-0003879,11,2025-11-01,2025-11-05,2025-11-25,20,High Tempo,4,4,True,Remote/Difficult Terrain
P-001149,DEP-V2-0003880,4,2025-04-01,2025-04-04,2025-04-25,21,High Tempo,5,5,True,High Altitude/Extreme
P-001149,DEP-V2-0003881,5,2025-05-01,2025-05-05,2025-05-27,22,Extended,5,5,True,High Altitude/Extreme
P-001149,DEP-V2-0003882,6,2025-06-01,2025-06-04,2025-06-23,19,Extended,5,5,True,Remote/Difficult Terrain
P-001149,DEP-V2-0003883,7,2025-07-01,2025-07-03,2025-07-28,25,High Tempo,4,4,True,High Altitude/Extreme
P-001149,DEP-V2-0003884,8,2025-08-01,2025-08-02,2025-08-23,21,High Tempo,4,4,True,Remote/Difficult Terrain
P-001149,DEP-V2-0003885,9,2025-09-01,2025-09-02,2025-09-28,26,High Tempo,5,4,True,High Altitude/Extreme
P-001149,DEP-V2-0003886,10,2025-10-01,2025-10-05,2025-10-25,20,High Tempo,4,5,True,Remote/Difficult Terrain
P-001149,DEP-V2-0003887,11,2025-11-01,2025-11-05,2025-11-25,20,Extended,4,5,True,Remote/Difficult Terrain
P-001151,DEP-V2-0003888,4,2025-04-01,2025-04-04,2025-04-25,21,High Tempo,5,4,True,High Altitude/Extreme
P-001151,DEP-V2-0003889,5,2025-05-01,2025-05-03,2025-05-24,21,Extended,4,5,True,Remote/Difficult Terrain
P-001151,DEP-V2-0003890,6,2025-06-01,2025-06-03,2025-06-23,20,Extended,5,5,True,Remote/Difficult Terrain
P-001151,DEP-V2-0003891,7,2025-07-01,2025-07-02,2025-07-28,26,High Tempo,5,4,True,High Altitude/Extreme
P-001151,DEP-V2-0003892,8,2025-08-01,2025-08-02,2025-08-28,26,High Tempo,4,5,True,Remote/Difficult Terrain
P-001151,DEP-V2-0003893,9,2025-09-01,2025-09-04,2025-09-28,24,Extended,5,5,True,Remote/Difficult Terrain
P-001151,DEP-V2-0003894,10,2025-10-01,2025-10-03,2025-10-28,25,High Tempo,4,4,True,High Altitude/Extreme
P-001151,DEP-V2-0003895,11,2025-11-01,2025-11-05,2025-11-28,23,High Tempo,5,5,True,Remote/Difficult Terrain
P-001152,DEP-V2-0003896,5,2025-05-01,2025-05-02,2025-05-25,23,Routine,1,2,False,Urban Base
P-001153,DEP-V2-0003897,4,2025-04-01,2025-04-05,2025-04-23,18,Routine,2,2,False,Urban Base
P-001153,DEP-V2-0003898,5,2025-05-01,2025-05-05,2025-05-23,18,Routine,2,1,False,Semi-Urban Outpost
P-001154,DEP-V2-0003899,5,2025-05-01,2025-05-02,2025-05-24,22,Routine,2,2,False,Urban Base
P-001155,DEP-V2-0003900,4,2025-04-01,2025-04-05,2025-04-25,20,High Tempo,5,5,True,Remote/Difficult Terrain
P-001155,DEP-V2-0003901,5,2025-05-01,2025-05-02,2025-05-26,24,High Tempo,5,4,True,Remote/Difficult Terrain
P-001155,DEP-V2-0003902,6,2025-06-01,2025-06-02,2025-06-24,22,High Tempo,5,4,True,Remote/Difficult Terrain
P-001155,DEP-V2-0003903,7,2025-07-01,2025-07-03,2025-07-24,21,Extended,4,5,True,High Altitude/Extreme
P-001155,DEP-V2-0003904,8,2025-08-01,2025-08-04,2025-08-25,21,Extended,5,5,True,High Altitude/Extreme
P-001155,DEP-V2-0003905,9,2025-09-01,2025-09-05,2025-09-27,22,Extended,5,5,True,Remote/Difficult Terrain
P-001155,DEP-V2-0003906,10,2025-10-01,2025-10-03,2025-10-28,25,Extended,5,5,True,Remote/Difficult Terrain
P-001155,DEP-V2-0003907,11,2025-11-01,2025-11-04,2025-11-25,21,High Tempo,4,4,True,High Altitude/Extreme
P-001156,DEP-V2-0003908,4,2025-04-01,2025-04-04,2025-04-24,20,Routine,1,1,False,Urban Base
P-001157,DEP-V2-0003909,4,2025-04-01,2025-04-02,2025-04-27,25,High Tempo,3,4,True,Semi-Urban Outpost
P-001157,DEP-V2-0003910,5,2025-05-01,2025-05-03,2025-05-23,20,High Tempo,4,3,True,Remote/Difficult Terrain
P-001157,DEP-V2-0003911,6,2025-06-01,2025-06-02,2025-06-24,22,High Tempo,4,3,True,Remote/Difficult Terrain
P-001157,DEP-V2-0003912,7,2025-07-01,2025-07-03,2025-07-28,25,High Tempo,3,3,False,Remote/Difficult Terrain
P-001157,DEP-V2-0003913,8,2025-08-01,2025-08-04,2025-08-23,19,High Tempo,4,4,True,Remote/Difficult Terrain
P-001158,DEP-V2-0003914,3,2025-03-01,2025-03-03,2025-03-24,21,Extended,4,5,True,Remote/Difficult Terrain
P-001158,DEP-V2-0003915,4,2025-04-01,2025-04-02,2025-04-28,26,Extended,5,4,True,High Altitude/Extreme
P-001158,DEP-V2-0003916,5,2025-05-01,2025-05-05,2025-05-26,21,Extended,3,5,True,High Altitude/Extreme
P-001158,DEP-V2-0003917,6,2025-06-01,2025-06-04,2025-06-23,19,Extended,4,5,True,High Altitude/Extreme
P-001158,DEP-V2-0003918,7,2025-07-01,2025-07-02,2025-07-27,25,Extended,4,4,True,Remote/Difficult Terrain
P-001158,DEP-V2-0003919,8,2025-08-01,2025-08-05,2025-08-26,21,Extended,3,5,True,Remote/Difficult Terrain
P-001158,DEP-V2-0003920,9,2025-09-01,2025-09-03,2025-09-28,25,Extended,3,5,True,High Altitude/Extreme
P-001160,DEP-V2-0003921,4,2025-04-01,2025-04-05,2025-04-24,19,Routine,2,2,False,Urban Base
P-001161,DEP-V2-0003922,4,2025-04-01,2025-04-02,2025-04-28,26,Routine,1,2,False,Urban Base
P-001162,DEP-V2-0003923,3,2025-03-01,2025-03-04,2025-03-28,24,Extended,5,5,True,Remote/Difficult Terrain
P-001162,DEP-V2-0003924,4,2025-04-01,2025-04-02,2025-04-27,25,Extended,3,4,True,High Altitude/Extreme
P-001162,DEP-V2-0003925,5,2025-05-01,2025-05-02,2025-05-28,26,Extended,5,5,True,High Altitude/Extreme
P-001162,DEP-V2-0003926,6,2025-06-01,2025-06-02,2025-06-23,21,Extended,4,5,True,High Altitude/Extreme
P-001162,DEP-V2-0003927,7,2025-07-01,2025-07-05,2025-07-28,23,Extended,3,4,True,High Altitude/Extreme
P-001162,DEP-V2-0003928,8,2025-08-01,2025-08-05,2025-08-28,23,Extended,4,4,True,Remote/Difficult Terrain
P-001162,DEP-V2-0003929,9,2025-09-01,2025-09-05,2025-09-25,20,Extended,4,5,True,Remote/Difficult Terrain
P-001163,DEP-V2-0003930,5,2025-05-01,2025-05-02,2025-05-24,22,Routine,2,1,False,Urban Base
P-001164,DEP-V2-0003931,4,2025-04-01,2025-04-03,2025-04-28,25,Extended,5,5,True,High Altitude/Extreme
P-001164,DEP-V2-0003932,5,2025-05-01,2025-05-02,2025-05-24,22,High Tempo,5,4,True,Remote/Difficult Terrain
P-001164,DEP-V2-0003933,6,2025-06-01,2025-06-03,2025-06-24,21,Extended,5,4,True,High Altitude/Extreme
P-001164,DEP-V2-0003934,7,2025-07-01,2025-07-04,2025-07-24,20,Extended,4,4,True,High Altitude/Extreme
P-001164,DEP-V2-0003935,8,2025-08-01,2025-08-05,2025-08-24,19,High Tempo,5,4,True,High Altitude/Extreme
P-001164,DEP-V2-0003936,9,2025-09-01,2025-09-04,2025-09-25,21,Extended,5,5,True,High Altitude/Extreme
P-001164,DEP-V2-0003937,10,2025-10-01,2025-10-04,2025-10-23,19,Extended,5,5,True,High Altitude/Extreme
P-001164,DEP-V2-0003938,11,2025-11-01,2025-11-02,2025-11-28,26,Extended,5,4,True,High Altitude/Extreme
P-001165,DEP-V2-0003939,4,2025-04-01,2025-04-03,2025-04-23,20,Extended,5,4,True,Remote/Difficult Terrain
P-001165,DEP-V2-0003940,5,2025-05-01,2025-05-03,2025-05-27,24,High Tempo,4,5,True,High Altitude/Extreme
P-001165,DEP-V2-0003941,6,2025-06-01,2025-06-02,2025-06-26,24,Extended,5,5,True,High Altitude/Extreme
P-001165,DEP-V2-0003942,7,2025-07-01,2025-07-04,2025-07-23,19,Extended,4,5,True,High Altitude/Extreme
P-001165,DEP-V2-0003943,8,2025-08-01,2025-08-04,2025-08-26,22,High Tempo,4,4,True,High Altitude/Extreme
P-001165,DEP-V2-0003944,9,2025-09-01,2025-09-03,2025-09-25,22,High Tempo,5,5,True,Remote/Difficult Terrain
P-001165,DEP-V2-0003945,10,2025-10-01,2025-10-03,2025-10-27,24,High Tempo,5,5,True,Remote/Difficult Terrain
P-001165,DEP-V2-0003946,11,2025-11-01,2025-11-03,2025-11-24,21,High Tempo,5,5,True,High Altitude/Extreme
P-001166,DEP-V2-0003947,5,2025-05-01,2025-05-04,2025-05-28,24,Routine,2,1,False,Urban Base
P-001167,DEP-V2-0003948,4,2025-04-01,2025-04-03,2025-04-28,25,High Tempo,3,3,False,Semi-Urban Outpost
P-001167,DEP-V2-0003949,5,2025-05-01,2025-05-04,2025-05-25,21,High Tempo,4,4,True,Semi-Urban Outpost
P-001167,DEP-V2-0003950,6,2025-06-01,2025-06-05,2025-06-24,19,High Tempo,5,3,True,Semi-Urban Outpost
P-001167,DEP-V2-0003951,7,2025-07-01,2025-07-03,2025-07-23,20,High Tempo,5,4,True,Remote/Difficult Terrain
P-001167,DEP-V2-0003952,8,2025-08-01,2025-08-02,2025-08-25,23,High Tempo,5,4,True,Remote/Difficult Terrain
P-001168,DEP-V2-0003953,3,2025-03-01,2025-03-03,2025-03-26,23,Extended,4,4,True,High Altitude/Extreme
P-001168,DEP-V2-0003954,4,2025-04-01,2025-04-05,2025-04-25,20,Extended,3,4,True,High Altitude/Extreme
P-001168,DEP-V2-0003955,5,2025-05-01,2025-05-05,2025-05-25,20,Extended,3,5,True,Remote/Difficult Terrain
P-001168,DEP-V2-0003956,6,2025-06-01,2025-06-03,2025-06-28,25,Extended,3,4,True,High Altitude/Extreme
P-001168,DEP-V2-0003957,7,2025-07-01,2025-07-02,2025-07-23,21,Extended,4,4,True,Remote/Difficult Terrain
P-001168,DEP-V2-0003958,8,2025-08-01,2025-08-03,2025-08-23,20,Extended,4,5,True,High Altitude/Extreme
P-001168,DEP-V2-0003959,9,2025-09-01,2025-09-02,2025-09-28,26,Extended,5,4,True,High Altitude/Extreme
P-001171,DEP-V2-0003960,2,2025-02-01,2025-02-04,2025-02-26,22,High Tempo,4,4,True,Remote/Difficult Terrain
P-001171,DEP-V2-0003961,3,2025-03-01,2025-03-02,2025-03-26,24,High Tempo,4,4,True,Remote/Difficult Terrain
P-001171,DEP-V2-0003962,4,2025-04-01,2025-04-03,2025-04-25,22,High Tempo,4,4,True,Remote/Difficult Terrain
P-001171,DEP-V2-0003963,5,2025-05-01,2025-05-03,2025-05-25,22,High Tempo,4,4,True,Remote/Difficult Terrain
P-001172,DEP-V2-0003964,4,2025-04-01,2025-04-04,2025-04-23,19,High Tempo,5,5,True,Remote/Difficult Terrain
P-001172,DEP-V2-0003965,5,2025-05-01,2025-05-05,2025-05-28,23,Extended,4,5,True,High Altitude/Extreme
P-001172,DEP-V2-0003966,6,2025-06-01,2025-06-04,2025-06-23,19,Extended,5,4,True,Remote/Difficult Terrain
P-001172,DEP-V2-0003967,7,2025-07-01,2025-07-03,2025-07-26,23,Extended,5,5,True,Remote/Difficult Terrain
P-001172,DEP-V2-0003968,8,2025-08-01,2025-08-02,2025-08-28,26,Extended,5,5,True,Remote/Difficult Terrain
P-001172,DEP-V2-0003969,9,2025-09-01,2025-09-05,2025-09-27,22,High Tempo,5,5,True,Remote/Difficult Terrain
P-001172,DEP-V2-0003970,10,2025-10-01,2025-10-04,2025-10-23,19,Extended,5,5,True,High Altitude/Extreme
P-001172,DEP-V2-0003971,11,2025-11-01,2025-11-03,2025-11-25,22,Extended,5,4,True,Remote/Difficult Terrain
P-001173,DEP-V2-0003972,3,2025-03-01,2025-03-04,2025-03-27,23,Extended,5,5,True,High Altitude/Extreme
P-001173,DEP-V2-0003973,4,2025-04-01,2025-04-05,2025-04-27,22,Extended,4,5,True,High Altitude/Extreme
P-001173,DEP-V2-0003974,5,2025-05-01,2025-05-02,2025-05-26,24,Extended,4,4,True,Remote/Difficult Terrain
P-001173,DEP-V2-0003975,6,2025-06-01,2025-06-05,2025-06-27,22,Extended,4,4,True,High Altitude/Extreme
P-001173,DEP-V2-0003976,7,2025-07-01,2025-07-04,2025-07-23,19,Extended,4,5,True,High Altitude/Extreme
P-001173,DEP-V2-0003977,8,2025-08-01,2025-08-02,2025-08-23,21,Extended,4,4,True,Remote/Difficult Terrain
P-001173,DEP-V2-0003978,9,2025-09-01,2025-09-03,2025-09-25,22,Extended,4,5,True,High Altitude/Extreme
P-001174,DEP-V2-0003979,5,2025-05-01,2025-05-04,2025-05-27,23,Routine,1,1,False,Semi-Urban Outpost
P-001175,DEP-V2-0003980,4,2025-04-01,2025-04-04,2025-04-24,20,High Tempo,3,3,False,Remote/Difficult Terrain
P-001175,DEP-V2-0003981,5,2025-05-01,2025-05-03,2025-05-25,22,High Tempo,4,3,True,Semi-Urban Outpost
P-001175,DEP-V2-0003982,6,2025-06-01,2025-06-04,2025-06-27,23,High Tempo,3,4,True,Semi-Urban Outpost
P-001175,DEP-V2-0003983,7,2025-07-01,2025-07-02,2025-07-28,26,High Tempo,5,3,True,Remote/Difficult Terrain
P-001175,DEP-V2-0003984,8,2025-08-01,2025-08-02,2025-08-28,26,High Tempo,5,3,True,Remote/Difficult Terrain
P-001176,DEP-V2-0003985,4,2025-04-01,2025-04-03,2025-04-27,24,Routine,2,1,False,Urban Base
P-001176,DEP-V2-0003986,5,2025-05-01,2025-05-03,2025-05-24,21,Routine,2,2,False,Urban Base
P-001177,DEP-V2-0003987,4,2025-04-01,2025-04-03,2025-04-23,20,Routine,1,1,False,Urban Base
P-001179,DEP-V2-0003988,4,2025-04-01,2025-04-04,2025-04-26,22,High Tempo,4,4,True,Remote/Difficult Terrain
P-001179,DEP-V2-0003989,5,2025-05-01,2025-05-04,2025-05-24,20,High Tempo,3,3,False,Remote/Difficult Terrain
P-001179,DEP-V2-0003990,6,2025-06-01,2025-06-04,2025-06-24,20,High Tempo,5,4,True,Semi-Urban Outpost
P-001179,DEP-V2-0003991,7,2025-07-01,2025-07-02,2025-07-26,24,High Tempo,5,3,True,Remote/Difficult Terrain
P-001179,DEP-V2-0003992,8,2025-08-01,2025-08-03,2025-08-24,21,High Tempo,4,4,True,Remote/Difficult Terrain
P-001180,DEP-V2-0003993,4,2025-04-01,2025-04-03,2025-04-28,25,Routine,2,1,False,Urban Base
P-001181,DEP-V2-0003994,6,2025-06-01,2025-06-04,2025-06-23,19,High Tempo,4,3,True,Semi-Urban Outpost
P-001181,DEP-V2-0003995,7,2025-07-01,2025-07-05,2025-07-27,22,High Tempo,4,3,True,Semi-Urban Outpost
P-001182,DEP-V2-0003996,6,2025-06-01,2025-06-03,2025-06-26,23,High Tempo,4,3,True,Semi-Urban Outpost
P-001182,DEP-V2-0003997,7,2025-07-01,2025-07-03,2025-07-27,24,High Tempo,4,3,True,Semi-Urban Outpost
P-001184,DEP-V2-0003998,2,2025-02-01,2025-02-04,2025-02-26,22,High Tempo,4,4,True,Remote/Difficult Terrain
P-001184,DEP-V2-0003999,3,2025-03-01,2025-03-05,2025-03-23,18,High Tempo,4,4,True,Remote/Difficult Terrain
P-001184,DEP-V2-0004000,4,2025-04-01,2025-04-03,2025-04-27,24,High Tempo,4,4,True,Remote/Difficult Terrain
P-001184,DEP-V2-0004001,5,2025-05-01,2025-05-02,2025-05-24,22,High Tempo,4,4,True,Remote/Difficult Terrain
P-001185,DEP-V2-0004002,3,2025-03-01,2025-03-04,2025-03-27,23,Extended,5,4,True,High Altitude/Extreme
P-001185,DEP-V2-0004003,4,2025-04-01,2025-04-02,2025-04-26,24,Extended,5,5,True,High Altitude/Extreme
P-001185,DEP-V2-0004004,5,2025-05-01,2025-05-03,2025-05-26,23,Extended,3,5,True,High Altitude/Extreme
P-001185,DEP-V2-0004005,6,2025-06-01,2025-06-05,2025-06-26,21,Extended,3,5,True,High Altitude/Extreme
P-001185,DEP-V2-0004006,7,2025-07-01,2025-07-05,2025-07-28,23,Extended,4,5,True,Remote/Difficult Terrain
P-001185,DEP-V2-0004007,8,2025-08-01,2025-08-04,2025-08-27,23,Extended,4,4,True,Remote/Difficult Terrain
P-001185,DEP-V2-0004008,9,2025-09-01,2025-09-03,2025-09-24,21,Extended,3,5,True,Remote/Difficult Terrain
P-001186,DEP-V2-0004009,6,2025-06-01,2025-06-04,2025-06-23,19,High Tempo,4,3,True,Semi-Urban Outpost
P-001186,DEP-V2-0004010,7,2025-07-01,2025-07-02,2025-07-23,21,High Tempo,4,3,True,Semi-Urban Outpost
P-001188,DEP-V2-0004011,4,2025-04-01,2025-04-02,2025-04-24,22,Routine,2,2,False,Urban Base
P-001188,DEP-V2-0004012,5,2025-05-01,2025-05-03,2025-05-24,21,Routine,3,2,False,Urban Base
P-001189,DEP-V2-0004013,5,2025-05-01,2025-05-03,2025-05-26,23,Routine,1,2,False,Semi-Urban Outpost
P-001191,DEP-V2-0004014,4,2025-04-01,2025-04-03,2025-04-27,24,Routine,2,1,False,Urban Base
P-001192,DEP-V2-0004015,4,2025-04-01,2025-04-03,2025-04-28,25,High Tempo,4,3,True,Remote/Difficult Terrain
P-001192,DEP-V2-0004016,5,2025-05-01,2025-05-02,2025-05-25,23,High Tempo,4,4,True,Semi-Urban Outpost
P-001192,DEP-V2-0004017,6,2025-06-01,2025-06-03,2025-06-25,22,High Tempo,5,4,True,Semi-Urban Outpost
P-001192,DEP-V2-0004018,7,2025-07-01,2025-07-04,2025-07-23,19,High Tempo,4,4,True,Remote/Difficult Terrain
P-001192,DEP-V2-0004019,8,2025-08-01,2025-08-05,2025-08-26,21,High Tempo,5,3,True,Remote/Difficult Terrain
P-001193,DEP-V2-0004020,4,2025-04-01,2025-04-05,2025-04-25,20,High Tempo,4,3,True,Semi-Urban Outpost
P-001193,DEP-V2-0004021,5,2025-05-01,2025-05-02,2025-05-25,23,High Tempo,4,4,True,Remote/Difficult Terrain
P-001193,DEP-V2-0004022,6,2025-06-01,2025-06-03,2025-06-28,25,High Tempo,4,3,True,Semi-Urban Outpost
P-001193,DEP-V2-0004023,7,2025-07-01,2025-07-02,2025-07-27,25,High Tempo,3,3,False,Semi-Urban Outpost
P-001193,DEP-V2-0004024,8,2025-08-01,2025-08-02,2025-08-27,25,High Tempo,3,3,False,Remote/Difficult Terrain
P-001194,DEP-V2-0004025,4,2025-04-01,2025-04-05,2025-04-27,22,High Tempo,5,3,True,Remote/Difficult Terrain
P-001194,DEP-V2-0004026,5,2025-05-01,2025-05-04,2025-05-27,23,High Tempo,5,3,True,Remote/Difficult Terrain
P-001194,DEP-V2-0004027,6,2025-06-01,2025-06-04,2025-06-25,21,High Tempo,3,3,False,Semi-Urban Outpost
P-001194,DEP-V2-0004028,7,2025-07-01,2025-07-03,2025-07-24,21,High Tempo,4,3,True,Semi-Urban Outpost
P-001194,DEP-V2-0004029,8,2025-08-01,2025-08-04,2025-08-23,19,High Tempo,5,3,True,Semi-Urban Outpost
P-001195,DEP-V2-0004030,3,2025-03-01,2025-03-04,2025-03-26,22,Extended,4,5,True,High Altitude/Extreme
P-001195,DEP-V2-0004031,4,2025-04-01,2025-04-03,2025-04-27,24,Extended,3,4,True,High Altitude/Extreme
P-001195,DEP-V2-0004032,5,2025-05-01,2025-05-03,2025-05-27,24,Extended,5,5,True,High Altitude/Extreme
P-001195,DEP-V2-0004033,6,2025-06-01,2025-06-02,2025-06-27,25,Extended,3,4,True,Remote/Difficult Terrain
P-001195,DEP-V2-0004034,7,2025-07-01,2025-07-05,2025-07-28,23,Extended,4,4,True,Remote/Difficult Terrain
P-001195,DEP-V2-0004035,8,2025-08-01,2025-08-04,2025-08-24,20,Extended,4,4,True,Remote/Difficult Terrain
P-001195,DEP-V2-0004036,9,2025-09-01,2025-09-02,2025-09-24,22,Extended,3,5,True,Remote/Difficult Terrain
P-001196,DEP-V2-0004037,4,2025-04-01,2025-04-03,2025-04-28,25,High Tempo,4,3,True,Remote/Difficult Terrain
P-001196,DEP-V2-0004038,5,2025-05-01,2025-05-03,2025-05-26,23,High Tempo,5,3,True,Remote/Difficult Terrain
P-001196,DEP-V2-0004039,6,2025-06-01,2025-06-03,2025-06-24,21,High Tempo,4,4,True,Semi-Urban Outpost
P-001196,DEP-V2-0004040,7,2025-07-01,2025-07-03,2025-07-28,25,High Tempo,5,3,True,Remote/Difficult Terrain
P-001196,DEP-V2-0004041,8,2025-08-01,2025-08-02,2025-08-28,26,High Tempo,5,4,True,Semi-Urban Outpost
P-001198,DEP-V2-0004042,4,2025-04-01,2025-04-02,2025-04-23,21,Extended,5,4,True,Remote/Difficult Terrain
P-001198,DEP-V2-0004043,5,2025-05-01,2025-05-05,2025-05-25,20,Extended,5,4,True,High Altitude/Extreme
P-001198,DEP-V2-0004044,6,2025-06-01,2025-06-03,2025-06-26,23,High Tempo,5,5,True,High Altitude/Extreme
P-001198,DEP-V2-0004045,7,2025-07-01,2025-07-04,2025-07-23,19,High Tempo,5,4,True,Remote/Difficult Terrain
P-001198,DEP-V2-0004046,8,2025-08-01,2025-08-05,2025-08-28,23,Extended,4,5,True,Remote/Difficult Terrain
P-001198,DEP-V2-0004047,9,2025-09-01,2025-09-04,2025-09-24,20,High Tempo,5,5,True,Remote/Difficult Terrain
P-001198,DEP-V2-0004048,10,2025-10-01,2025-10-03,2025-10-27,24,High Tempo,4,5,True,Remote/Difficult Terrain
P-001198,DEP-V2-0004049,11,2025-11-01,2025-11-03,2025-11-27,24,High Tempo,5,4,True,Remote/Difficult Terrain
P-001199,DEP-V2-0004050,4,2025-04-01,2025-04-03,2025-04-23,20,High Tempo,4,3,True,Remote/Difficult Terrain
P-001199,DEP-V2-0004051,5,2025-05-01,2025-05-02,2025-05-24,22,High Tempo,3,4,True,Semi-Urban Outpost
P-001199,DEP-V2-0004052,6,2025-06-01,2025-06-04,2025-06-28,24,High Tempo,3,4,True,Semi-Urban Outpost
P-001199,DEP-V2-0004053,7,2025-07-01,2025-07-02,2025-07-23,21,High Tempo,4,3,True,Semi-Urban Outpost
P-001199,DEP-V2-0004054,8,2025-08-01,2025-08-02,2025-08-23,21,High Tempo,5,3,True,Semi-Urban Outpost
P-001200,DEP-V2-0004055,4,2025-04-01,2025-04-03,2025-04-23,20,Routine,2,1,False,Urban Base
P-001201,DEP-V2-0004056,4,2025-04-01,2025-04-02,2025-04-23,21,Extended,5,5,True,High Altitude/Extreme
P-001201,DEP-V2-0004057,5,2025-05-01,2025-05-04,2025-05-28,24,High Tempo,5,4,True,Remote/Difficult Terrain
P-001201,DEP-V2-0004058,6,2025-06-01,2025-06-04,2025-06-27,23,High Tempo,5,5,True,Remote/Difficult Terrain
P-001201,DEP-V2-0004059,7,2025-07-01,2025-07-03,2025-07-26,23,Extended,4,5,True,Remote/Difficult Terrain
P-001201,DEP-V2-0004060,8,2025-08-01,2025-08-02,2025-08-25,23,Extended,5,4,True,High Altitude/Extreme
P-001201,DEP-V2-0004061,9,2025-09-01,2025-09-04,2025-09-25,21,Extended,4,5,True,High Altitude/Extreme
P-001201,DEP-V2-0004062,10,2025-10-01,2025-10-05,2025-10-26,21,Extended,4,5,True,High Altitude/Extreme
P-001201,DEP-V2-0004063,11,2025-11-01,2025-11-02,2025-11-24,22,High Tempo,4,5,True,High Altitude/Extreme
P-001202,DEP-V2-0004064,4,2025-04-01,2025-04-03,2025-04-26,23,Routine,1,1,False,Semi-Urban Outpost
P-001203,DEP-V2-0004065,4,2025-04-01,2025-04-04,2025-04-23,19,Routine,1,1,False,Urban Base
P-001204,DEP-V2-0004066,3,2025-03-01,2025-03-03,2025-03-26,23,Extended,3,5,True,High Altitude/Extreme
P-001204,DEP-V2-0004067,4,2025-04-01,2025-04-02,2025-04-27,25,Extended,4,4,True,High Altitude/Extreme
P-001204,DEP-V2-0004068,5,2025-05-01,2025-05-04,2025-05-25,21,Extended,4,4,True,Remote/Difficult Terrain
P-001204,DEP-V2-0004069,6,2025-06-01,2025-06-05,2025-06-27,22,Extended,4,4,True,Remote/Difficult Terrain
P-001204,DEP-V2-0004070,7,2025-07-01,2025-07-03,2025-07-23,20,Extended,3,4,True,Remote/Difficult Terrain
P-001204,DEP-V2-0004071,8,2025-08-01,2025-08-03,2025-08-27,24,Extended,4,4,True,Remote/Difficult Terrain
P-001204,DEP-V2-0004072,9,2025-09-01,2025-09-04,2025-09-25,21,Extended,3,4,True,Remote/Difficult Terrain
P-001205,DEP-V2-0004073,4,2025-04-01,2025-04-04,2025-04-24,20,High Tempo,3,3,False,Semi-Urban Outpost
P-001205,DEP-V2-0004074,5,2025-05-01,2025-05-03,2025-05-27,24,High Tempo,4,4,True,Remote/Difficult Terrain
P-001205,DEP-V2-0004075,6,2025-06-01,2025-06-03,2025-06-24,21,High Tempo,5,3,True,Remote/Difficult Terrain
P-001205,DEP-V2-0004076,7,2025-07-01,2025-07-04,2025-07-28,24,High Tempo,4,4,True,Remote/Difficult Terrain
P-001205,DEP-V2-0004077,8,2025-08-01,2025-08-04,2025-08-28,24,High Tempo,4,3,True,Remote/Difficult Terrain
P-001206,DEP-V2-0004078,4,2025-04-01,2025-04-03,2025-04-26,23,High Tempo,5,5,True,Remote/Difficult Terrain
P-001206,DEP-V2-0004079,5,2025-05-01,2025-05-05,2025-05-24,19,Extended,5,5,True,Remote/Difficult Terrain
P-001206,DEP-V2-0004080,6,2025-06-01,2025-06-02,2025-06-23,21,Extended,4,5,True,High Altitude/Extreme
P-001206,DEP-V2-0004081,7,2025-07-01,2025-07-05,2025-07-23,18,Extended,5,5,True,High Altitude/Extreme
P-001206,DEP-V2-0004082,8,2025-08-01,2025-08-02,2025-08-27,25,High Tempo,5,5,True,High Altitude/Extreme
P-001206,DEP-V2-0004083,9,2025-09-01,2025-09-03,2025-09-25,22,High Tempo,5,4,True,High Altitude/Extreme
P-001206,DEP-V2-0004084,10,2025-10-01,2025-10-02,2025-10-25,23,High Tempo,5,5,True,High Altitude/Extreme
P-001206,DEP-V2-0004085,11,2025-11-01,2025-11-05,2025-11-23,18,Extended,5,4,True,High Altitude/Extreme
P-001207,DEP-V2-0004086,2,2025-02-01,2025-02-03,2025-02-26,23,High Tempo,4,4,True,Remote/Difficult Terrain
P-001207,DEP-V2-0004087,3,2025-03-01,2025-03-05,2025-03-26,21,High Tempo,4,4,True,Remote/Difficult Terrain
P-001207,DEP-V2-0004088,4,2025-04-01,2025-04-02,2025-04-28,26,High Tempo,4,4,True,Remote/Difficult Terrain
P-001207,DEP-V2-0004089,5,2025-05-01,2025-05-04,2025-05-27,23,High Tempo,4,4,True,Remote/Difficult Terrain
P-001208,DEP-V2-0004090,4,2025-04-01,2025-04-05,2025-04-24,19,High Tempo,3,3,False,Remote/Difficult Terrain
P-001208,DEP-V2-0004091,5,2025-05-01,2025-05-02,2025-05-27,25,High Tempo,3,3,False,Remote/Difficult Terrain
P-001208,DEP-V2-0004092,6,2025-06-01,2025-06-04,2025-06-27,23,High Tempo,4,3,True,Semi-Urban Outpost
P-001208,DEP-V2-0004093,7,2025-07-01,2025-07-04,2025-07-28,24,High Tempo,5,3,True,Remote/Difficult Terrain
P-001208,DEP-V2-0004094,8,2025-08-01,2025-08-04,2025-08-25,21,High Tempo,3,3,False,Semi-Urban Outpost
P-001209,DEP-V2-0004095,2,2025-02-01,2025-02-04,2025-02-27,23,High Tempo,4,4,True,Remote/Difficult Terrain
P-001209,DEP-V2-0004096,3,2025-03-01,2025-03-03,2025-03-26,23,High Tempo,4,4,True,Remote/Difficult Terrain
P-001209,DEP-V2-0004097,4,2025-04-01,2025-04-03,2025-04-23,20,High Tempo,4,4,True,Remote/Difficult Terrain
P-001209,DEP-V2-0004098,5,2025-05-01,2025-05-05,2025-05-27,22,High Tempo,4,4,True,Remote/Difficult Terrain
P-001212,DEP-V2-0004099,4,2025-04-01,2025-04-05,2025-04-27,22,High Tempo,3,3,False,Remote/Difficult Terrain
P-001212,DEP-V2-0004100,5,2025-05-01,2025-05-03,2025-05-27,24,High Tempo,5,3,True,Semi-Urban Outpost
P-001212,DEP-V2-0004101,6,2025-06-01,2025-06-03,2025-06-25,22,High Tempo,4,4,True,Semi-Urban Outpost
P-001212,DEP-V2-0004102,7,2025-07-01,2025-07-04,2025-07-23,19,High Tempo,5,4,True,Semi-Urban Outpost
P-001212,DEP-V2-0004103,8,2025-08-01,2025-08-02,2025-08-25,23,High Tempo,5,3,True,Semi-Urban Outpost
P-001213,DEP-V2-0004104,3,2025-03-01,2025-03-04,2025-03-23,19,Extended,4,5,True,High Altitude/Extreme
P-001213,DEP-V2-0004105,4,2025-04-01,2025-04-02,2025-04-23,21,Extended,4,4,True,High Altitude/Extreme
P-001213,DEP-V2-0004106,5,2025-05-01,2025-05-04,2025-05-24,20,Extended,5,4,True,High Altitude/Extreme
P-001213,DEP-V2-0004107,6,2025-06-01,2025-06-03,2025-06-27,24,Extended,3,4,True,Remote/Difficult Terrain
P-001213,DEP-V2-0004108,7,2025-07-01,2025-07-03,2025-07-23,20,Extended,4,5,True,High Altitude/Extreme
P-001213,DEP-V2-0004109,8,2025-08-01,2025-08-04,2025-08-27,23,Extended,3,5,True,High Altitude/Extreme
P-001213,DEP-V2-0004110,9,2025-09-01,2025-09-02,2025-09-23,21,Extended,4,4,True,Remote/Difficult Terrain
P-001215,DEP-V2-0004111,4,2025-04-01,2025-04-02,2025-04-24,22,Routine,2,1,False,Semi-Urban Outpost
P-001216,DEP-V2-0004112,4,2025-04-01,2025-04-02,2025-04-25,23,High Tempo,3,3,False,Semi-Urban Outpost
P-001216,DEP-V2-0004113,5,2025-05-01,2025-05-04,2025-05-28,24,High Tempo,4,4,True,Semi-Urban Outpost
P-001216,DEP-V2-0004114,6,2025-06-01,2025-06-02,2025-06-26,24,High Tempo,4,3,True,Semi-Urban Outpost
P-001216,DEP-V2-0004115,7,2025-07-01,2025-07-03,2025-07-26,23,High Tempo,4,3,True,Semi-Urban Outpost
P-001216,DEP-V2-0004116,8,2025-08-01,2025-08-04,2025-08-27,23,High Tempo,3,3,False,Semi-Urban Outpost
P-001217,DEP-V2-0004117,2,2025-02-01,2025-02-05,2025-02-26,21,High Tempo,4,4,True,Remote/Difficult Terrain
P-001217,DEP-V2-0004118,3,2025-03-01,2025-03-05,2025-03-25,20,High Tempo,4,4,True,Remote/Difficult Terrain
P-001217,DEP-V2-0004119,4,2025-04-01,2025-04-03,2025-04-27,24,High Tempo,4,4,True,Remote/Difficult Terrain
P-001217,DEP-V2-0004120,5,2025-05-01,2025-05-04,2025-05-24,20,High Tempo,4,4,True,Remote/Difficult Terrain
P-001218,DEP-V2-0004121,4,2025-04-01,2025-04-05,2025-04-26,21,Routine,2,1,False,Semi-Urban Outpost
P-001218,DEP-V2-0004122,5,2025-05-01,2025-05-02,2025-05-25,23,Routine,1,1,False,Urban Base
P-001219,DEP-V2-0004123,4,2025-04-01,2025-04-03,2025-04-24,21,High Tempo,5,5,True,High Altitude/Extreme
P-001219,DEP-V2-0004124,5,2025-05-01,2025-05-03,2025-05-26,23,High Tempo,4,4,True,Remote/Difficult Terrain
P-001219,DEP-V2-0004125,6,2025-06-01,2025-06-05,2025-06-23,18,Extended,5,5,True,Remote/Difficult Terrain
P-001219,DEP-V2-0004126,7,2025-07-01,2025-07-03,2025-07-26,23,High Tempo,5,5,True,High Altitude/Extreme
P-001219,DEP-V2-0004127,8,2025-08-01,2025-08-05,2025-08-26,21,Extended,5,5,True,High Altitude/Extreme
P-001219,DEP-V2-0004128,9,2025-09-01,2025-09-05,2025-09-25,20,High Tempo,4,5,True,Remote/Difficult Terrain
P-001219,DEP-V2-0004129,10,2025-10-01,2025-10-02,2025-10-24,22,High Tempo,4,4,True,High Altitude/Extreme
P-001219,DEP-V2-0004130,11,2025-11-01,2025-11-02,2025-11-26,24,High Tempo,5,5,True,Remote/Difficult Terrain
P-001220,DEP-V2-0004131,5,2025-05-01,2025-05-04,2025-05-23,19,Routine,2,1,False,Urban Base
P-001221,DEP-V2-0004132,4,2025-04-01,2025-04-05,2025-04-25,20,Routine,1,1,False,Urban Base
P-001222,DEP-V2-0004133,6,2025-06-01,2025-06-04,2025-06-26,22,High Tempo,4,3,True,Semi-Urban Outpost
P-001222,DEP-V2-0004134,7,2025-07-01,2025-07-03,2025-07-24,21,High Tempo,4,3,True,Semi-Urban Outpost
P-001223,DEP-V2-0004135,4,2025-04-01,2025-04-03,2025-04-27,24,High Tempo,3,4,True,Remote/Difficult Terrain
P-001223,DEP-V2-0004136,5,2025-05-01,2025-05-02,2025-05-28,26,High Tempo,5,4,True,Remote/Difficult Terrain
P-001223,DEP-V2-0004137,6,2025-06-01,2025-06-03,2025-06-26,23,High Tempo,4,3,True,Remote/Difficult Terrain
P-001223,DEP-V2-0004138,7,2025-07-01,2025-07-02,2025-07-24,22,High Tempo,3,3,False,Remote/Difficult Terrain
P-001223,DEP-V2-0004139,8,2025-08-01,2025-08-04,2025-08-27,23,High Tempo,5,4,True,Remote/Difficult Terrain
P-001224,DEP-V2-0004140,2,2025-02-01,2025-02-03,2025-02-27,24,High Tempo,4,4,True,Remote/Difficult Terrain
P-001224,DEP-V2-0004141,3,2025-03-01,2025-03-05,2025-03-28,23,High Tempo,4,4,True,Remote/Difficult Terrain
P-001224,DEP-V2-0004142,4,2025-04-01,2025-04-05,2025-04-26,21,High Tempo,4,4,True,Remote/Difficult Terrain
P-001224,DEP-V2-0004143,5,2025-05-01,2025-05-02,2025-05-23,21,High Tempo,4,4,True,Remote/Difficult Terrain
P-001226,DEP-V2-0004144,3,2025-03-01,2025-03-03,2025-03-23,20,Extended,3,5,True,High Altitude/Extreme
P-001226,DEP-V2-0004145,4,2025-04-01,2025-04-02,2025-04-25,23,Extended,4,5,True,Remote/Difficult Terrain
P-001226,DEP-V2-0004146,5,2025-05-01,2025-05-02,2025-05-28,26,Extended,3,4,True,Remote/Difficult Terrain
P-001226,DEP-V2-0004147,6,2025-06-01,2025-06-03,2025-06-26,23,Extended,4,5,True,Remote/Difficult Terrain
P-001226,DEP-V2-0004148,7,2025-07-01,2025-07-02,2025-07-28,26,Extended,4,4,True,Remote/Difficult Terrain
P-001226,DEP-V2-0004149,8,2025-08-01,2025-08-04,2025-08-28,24,Extended,4,5,True,Remote/Difficult Terrain
P-001226,DEP-V2-0004150,9,2025-09-01,2025-09-03,2025-09-23,20,Extended,3,4,True,Remote/Difficult Terrain
P-001228,DEP-V2-0004151,4,2025-04-01,2025-04-04,2025-04-28,24,Extended,5,5,True,Remote/Difficult Terrain
P-001228,DEP-V2-0004152,5,2025-05-01,2025-05-03,2025-05-28,25,High Tempo,5,5,True,Remote/Difficult Terrain
P-001228,DEP-V2-0004153,6,2025-06-01,2025-06-03,2025-06-24,21,High Tempo,4,5,True,High Altitude/Extreme
P-001228,DEP-V2-0004154,7,2025-07-01,2025-07-02,2025-07-24,22,Extended,4,4,True,Remote/Difficult Terrain
P-001228,DEP-V2-0004155,8,2025-08-01,2025-08-04,2025-08-24,20,High Tempo,5,5,True,Remote/Difficult Terrain
P-001228,DEP-V2-0004156,9,2025-09-01,2025-09-05,2025-09-24,19,Extended,4,5,True,High Altitude/Extreme
P-001228,DEP-V2-0004157,10,2025-10-01,2025-10-04,2025-10-28,24,Extended,4,5,True,High Altitude/Extreme
P-001228,DEP-V2-0004158,11,2025-11-01,2025-11-02,2025-11-24,22,Extended,5,5,True,Remote/Difficult Terrain
P-001229,DEP-V2-0004159,4,2025-04-01,2025-04-02,2025-04-27,25,Routine,2,1,False,Urban Base
P-001230,DEP-V2-0004160,4,2025-04-01,2025-04-02,2025-04-24,22,Routine,2,1,False,Urban Base
P-001230,DEP-V2-0004161,5,2025-05-01,2025-05-05,2025-05-24,19,Routine,2,1,False,Urban Base
P-001231,DEP-V2-0004162,4,2025-04-01,2025-04-02,2025-04-24,22,High Tempo,4,4,True,High Altitude/Extreme
P-001231,DEP-V2-0004163,5,2025-05-01,2025-05-03,2025-05-27,24,Extended,4,4,True,Remote/Difficult Terrain
P-001231,DEP-V2-0004164,6,2025-06-01,2025-06-02,2025-06-27,25,Extended,4,4,True,High Altitude/Extreme
P-001231,DEP-V2-0004165,7,2025-07-01,2025-07-03,2025-07-23,20,High Tempo,5,4,True,Remote/Difficult Terrain
P-001231,DEP-V2-0004166,8,2025-08-01,2025-08-05,2025-08-28,23,High Tempo,4,5,True,Remote/Difficult Terrain
P-001231,DEP-V2-0004167,9,2025-09-01,2025-09-05,2025-09-24,19,Extended,4,5,True,Remote/Difficult Terrain
P-001231,DEP-V2-0004168,10,2025-10-01,2025-10-05,2025-10-25,20,Extended,5,4,True,High Altitude/Extreme
P-001231,DEP-V2-0004169,11,2025-11-01,2025-11-02,2025-11-23,21,Extended,5,5,True,Remote/Difficult Terrain
P-001232,DEP-V2-0004170,4,2025-04-01,2025-04-05,2025-04-28,23,Extended,5,5,True,Remote/Difficult Terrain
P-001232,DEP-V2-0004171,5,2025-05-01,2025-05-02,2025-05-27,25,Extended,5,5,True,Remote/Difficult Terrain
P-001232,DEP-V2-0004172,6,2025-06-01,2025-06-04,2025-06-27,23,Extended,5,5,True,Remote/Difficult Terrain
P-001232,DEP-V2-0004173,7,2025-07-01,2025-07-03,2025-07-26,23,Extended,5,5,True,Remote/Difficult Terrain
P-001232,DEP-V2-0004174,8,2025-08-01,2025-08-02,2025-08-28,26,High Tempo,5,5,True,High Altitude/Extreme
P-001232,DEP-V2-0004175,9,2025-09-01,2025-09-05,2025-09-26,21,Extended,5,4,True,High Altitude/Extreme
P-001232,DEP-V2-0004176,10,2025-10-01,2025-10-04,2025-10-23,19,Extended,4,5,True,Remote/Difficult Terrain
P-001232,DEP-V2-0004177,11,2025-11-01,2025-11-04,2025-11-25,21,Extended,5,5,True,High Altitude/Extreme
P-001234,DEP-V2-0004178,4,2025-04-01,2025-04-05,2025-04-26,21,Routine,3,1,False,Urban Base
P-001235,DEP-V2-0004179,3,2025-03-01,2025-03-02,2025-03-23,21,Extended,3,5,True,High Altitude/Extreme
P-001235,DEP-V2-0004180,4,2025-04-01,2025-04-05,2025-04-24,19,Extended,4,5,True,Remote/Difficult Terrain
P-001235,DEP-V2-0004181,5,2025-05-01,2025-05-02,2025-05-26,24,Extended,4,5,True,High Altitude/Extreme
P-001235,DEP-V2-0004182,6,2025-06-01,2025-06-05,2025-06-28,23,Extended,4,5,True,High Altitude/Extreme
P-001235,DEP-V2-0004183,7,2025-07-01,2025-07-05,2025-07-24,19,Extended,5,4,True,High Altitude/Extreme
P-001235,DEP-V2-0004184,8,2025-08-01,2025-08-05,2025-08-25,20,Extended,4,4,True,High Altitude/Extreme
P-001235,DEP-V2-0004185,9,2025-09-01,2025-09-02,2025-09-26,24,Extended,5,4,True,Remote/Difficult Terrain
P-001236,DEP-V2-0004186,4,2025-04-01,2025-04-02,2025-04-27,25,High Tempo,4,3,True,Semi-Urban Outpost
P-001236,DEP-V2-0004187,5,2025-05-01,2025-05-05,2025-05-28,23,High Tempo,4,4,True,Semi-Urban Outpost
P-001236,DEP-V2-0004188,6,2025-06-01,2025-06-05,2025-06-26,21,High Tempo,5,3,True,Semi-Urban Outpost
P-001236,DEP-V2-0004189,7,2025-07-01,2025-07-02,2025-07-27,25,High Tempo,3,3,False,Remote/Difficult Terrain
P-001236,DEP-V2-0004190,8,2025-08-01,2025-08-03,2025-08-26,23,High Tempo,3,3,False,Remote/Difficult Terrain
P-001237,DEP-V2-0004191,3,2025-03-01,2025-03-05,2025-03-23,18,Extended,3,5,True,High Altitude/Extreme
P-001237,DEP-V2-0004192,4,2025-04-01,2025-04-02,2025-04-28,26,Extended,3,4,True,High Altitude/Extreme
P-001237,DEP-V2-0004193,5,2025-05-01,2025-05-04,2025-05-23,19,Extended,4,5,True,Remote/Difficult Terrain
P-001237,DEP-V2-0004194,6,2025-06-01,2025-06-05,2025-06-24,19,Extended,4,5,True,High Altitude/Extreme
P-001237,DEP-V2-0004195,7,2025-07-01,2025-07-04,2025-07-27,23,Extended,4,5,True,High Altitude/Extreme
P-001237,DEP-V2-0004196,8,2025-08-01,2025-08-03,2025-08-28,25,Extended,5,4,True,High Altitude/Extreme
P-001237,DEP-V2-0004197,9,2025-09-01,2025-09-03,2025-09-23,20,Extended,4,4,True,Remote/Difficult Terrain
P-001238,DEP-V2-0004198,4,2025-04-01,2025-04-05,2025-04-23,18,High Tempo,3,3,False,Remote/Difficult Terrain
P-001238,DEP-V2-0004199,5,2025-05-01,2025-05-04,2025-05-26,22,High Tempo,5,4,True,Semi-Urban Outpost
P-001238,DEP-V2-0004200,6,2025-06-01,2025-06-05,2025-06-23,18,High Tempo,3,3,False,Remote/Difficult Terrain
P-001238,DEP-V2-0004201,7,2025-07-01,2025-07-02,2025-07-25,23,High Tempo,5,4,True,Remote/Difficult Terrain
P-001238,DEP-V2-0004202,8,2025-08-01,2025-08-04,2025-08-24,20,High Tempo,4,4,True,Remote/Difficult Terrain
P-001239,DEP-V2-0004203,4,2025-04-01,2025-04-05,2025-04-24,19,High Tempo,4,4,True,High Altitude/Extreme
P-001239,DEP-V2-0004204,5,2025-05-01,2025-05-03,2025-05-28,25,High Tempo,5,5,True,High Altitude/Extreme
P-001239,DEP-V2-0004205,6,2025-06-01,2025-06-05,2025-06-26,21,High Tempo,4,5,True,Remote/Difficult Terrain
P-001239,DEP-V2-0004206,7,2025-07-01,2025-07-02,2025-07-26,24,Extended,4,4,True,High Altitude/Extreme
P-001239,DEP-V2-0004207,8,2025-08-01,2025-08-04,2025-08-25,21,High Tempo,5,4,True,High Altitude/Extreme
P-001239,DEP-V2-0004208,9,2025-09-01,2025-09-04,2025-09-26,22,Extended,5,5,True,Remote/Difficult Terrain
P-001239,DEP-V2-0004209,10,2025-10-01,2025-10-05,2025-10-28,23,Extended,5,4,True,High Altitude/Extreme
P-001239,DEP-V2-0004210,11,2025-11-01,2025-11-04,2025-11-23,19,Extended,4,5,True,Remote/Difficult Terrain
P-001240,DEP-V2-0004211,6,2025-06-01,2025-06-05,2025-06-27,22,High Tempo,4,3,True,Semi-Urban Outpost
P-001240,DEP-V2-0004212,7,2025-07-01,2025-07-02,2025-07-23,21,High Tempo,4,3,True,Semi-Urban Outpost
P-001241,DEP-V2-0004213,3,2025-03-01,2025-03-03,2025-03-26,23,Extended,4,5,True,High Altitude/Extreme
P-001241,DEP-V2-0004214,4,2025-04-01,2025-04-04,2025-04-27,23,Extended,3,4,True,Remote/Difficult Terrain
P-001241,DEP-V2-0004215,5,2025-05-01,2025-05-04,2025-05-27,23,Extended,5,4,True,High Altitude/Extreme
P-001241,DEP-V2-0004216,6,2025-06-01,2025-06-03,2025-06-27,24,Extended,3,4,True,High Altitude/Extreme
P-001241,DEP-V2-0004217,7,2025-07-01,2025-07-05,2025-07-28,23,Extended,4,4,True,Remote/Difficult Terrain
P-001241,DEP-V2-0004218,8,2025-08-01,2025-08-04,2025-08-23,19,Extended,3,5,True,High Altitude/Extreme
P-001241,DEP-V2-0004219,9,2025-09-01,2025-09-04,2025-09-26,22,Extended,4,4,True,High Altitude/Extreme
P-001242,DEP-V2-0004220,4,2025-04-01,2025-04-05,2025-04-27,22,Routine,2,1,False,Urban Base
P-001242,DEP-V2-0004221,5,2025-05-01,2025-05-04,2025-05-27,23,Routine,2,1,False,Semi-Urban Outpost
P-001243,DEP-V2-0004222,5,2025-05-01,2025-05-04,2025-05-27,23,Routine,1,2,False,Urban Base
P-001244,DEP-V2-0004223,3,2025-03-01,2025-03-02,2025-03-27,25,Extended,4,4,True,High Altitude/Extreme
P-001244,DEP-V2-0004224,4,2025-04-01,2025-04-02,2025-04-24,22,Extended,4,4,True,Remote/Difficult Terrain
P-001244,DEP-V2-0004225,5,2025-05-01,2025-05-03,2025-05-26,23,Extended,4,5,True,High Altitude/Extreme
P-001244,DEP-V2-0004226,6,2025-06-01,2025-06-03,2025-06-26,23,Extended,4,5,True,Remote/Difficult Terrain
P-001244,DEP-V2-0004227,7,2025-07-01,2025-07-05,2025-07-23,18,Extended,5,4,True,High Altitude/Extreme
P-001244,DEP-V2-0004228,8,2025-08-01,2025-08-05,2025-08-26,21,Extended,5,5,True,High Altitude/Extreme
P-001244,DEP-V2-0004229,9,2025-09-01,2025-09-02,2025-09-24,22,Extended,4,4,True,High Altitude/Extreme
P-001246,DEP-V2-0004230,4,2025-04-01,2025-04-03,2025-04-23,20,Extended,5,5,True,High Altitude/Extreme
P-001246,DEP-V2-0004231,5,2025-05-01,2025-05-04,2025-05-23,19,High Tempo,5,4,True,High Altitude/Extreme
P-001246,DEP-V2-0004232,6,2025-06-01,2025-06-04,2025-06-23,19,High Tempo,4,5,True,Remote/Difficult Terrain
P-001246,DEP-V2-0004233,7,2025-07-01,2025-07-02,2025-07-28,26,High Tempo,4,4,True,High Altitude/Extreme
P-001246,DEP-V2-0004234,8,2025-08-01,2025-08-05,2025-08-26,21,Extended,4,4,True,Remote/Difficult Terrain
P-001246,DEP-V2-0004235,9,2025-09-01,2025-09-04,2025-09-25,21,Extended,5,5,True,High Altitude/Extreme
P-001246,DEP-V2-0004236,10,2025-10-01,2025-10-03,2025-10-26,23,High Tempo,5,5,True,Remote/Difficult Terrain
P-001246,DEP-V2-0004237,11,2025-11-01,2025-11-02,2025-11-25,23,High Tempo,5,5,True,High Altitude/Extreme
P-001248,DEP-V2-0004238,6,2025-06-01,2025-06-02,2025-06-26,24,High Tempo,4,3,True,Semi-Urban Outpost
P-001248,DEP-V2-0004239,7,2025-07-01,2025-07-05,2025-07-25,20,High Tempo,4,3,True,Semi-Urban Outpost
P-001249,DEP-V2-0004240,4,2025-04-01,2025-04-05,2025-04-28,23,High Tempo,5,4,True,Remote/Difficult Terrain
P-001249,DEP-V2-0004241,5,2025-05-01,2025-05-02,2025-05-24,22,Extended,4,4,True,Remote/Difficult Terrain
P-001249,DEP-V2-0004242,6,2025-06-01,2025-06-03,2025-06-24,21,High Tempo,4,4,True,High Altitude/Extreme
P-001249,DEP-V2-0004243,7,2025-07-01,2025-07-05,2025-07-24,19,High Tempo,4,5,True,High Altitude/Extreme
P-001249,DEP-V2-0004244,8,2025-08-01,2025-08-04,2025-08-27,23,Extended,4,5,True,High Altitude/Extreme
P-001249,DEP-V2-0004245,9,2025-09-01,2025-09-05,2025-09-23,18,High Tempo,4,4,True,High Altitude/Extreme
P-001249,DEP-V2-0004246,10,2025-10-01,2025-10-03,2025-10-26,23,Extended,4,5,True,High Altitude/Extreme
P-001249,DEP-V2-0004247,11,2025-11-01,2025-11-02,2025-11-23,21,Extended,5,4,True,High Altitude/Extreme
P-001250,DEP-V2-0004248,3,2025-03-01,2025-03-05,2025-03-23,18,Extended,5,5,True,Remote/Difficult Terrain
P-001250,DEP-V2-0004249,4,2025-04-01,2025-04-02,2025-04-28,26,Extended,4,4,True,High Altitude/Extreme
P-001250,DEP-V2-0004250,5,2025-05-01,2025-05-04,2025-05-27,23,Extended,4,5,True,High Altitude/Extreme
P-001250,DEP-V2-0004251,6,2025-06-01,2025-06-05,2025-06-27,22,Extended,5,4,True,High Altitude/Extreme
P-001250,DEP-V2-0004252,7,2025-07-01,2025-07-03,2025-07-24,21,Extended,5,5,True,High Altitude/Extreme
P-001250,DEP-V2-0004253,8,2025-08-01,2025-08-04,2025-08-28,24,Extended,4,4,True,High Altitude/Extreme
P-001250,DEP-V2-0004254,9,2025-09-01,2025-09-03,2025-09-25,22,Extended,4,5,True,Remote/Difficult Terrain
P-001251,DEP-V2-0004255,4,2025-04-01,2025-04-02,2025-04-28,26,Routine,2,1,False,Urban Base
P-001252,DEP-V2-0004256,4,2025-04-01,2025-04-03,2025-04-28,25,Routine,2,2,False,Urban Base
P-001253,DEP-V2-0004257,4,2025-04-01,2025-04-03,2025-04-24,21,Routine,2,2,False,Semi-Urban Outpost
P-001255,DEP-V2-0004258,2,2025-02-01,2025-02-03,2025-02-23,20,High Tempo,4,4,True,Remote/Difficult Terrain
P-001255,DEP-V2-0004259,3,2025-03-01,2025-03-04,2025-03-27,23,High Tempo,4,4,True,Remote/Difficult Terrain
P-001255,DEP-V2-0004260,4,2025-04-01,2025-04-05,2025-04-26,21,High Tempo,4,4,True,Remote/Difficult Terrain
P-001255,DEP-V2-0004261,5,2025-05-01,2025-05-04,2025-05-25,21,High Tempo,4,4,True,Remote/Difficult Terrain
P-001258,DEP-V2-0004262,5,2025-05-01,2025-05-04,2025-05-26,22,Routine,2,1,False,Urban Base
P-001259,DEP-V2-0004263,3,2025-03-01,2025-03-02,2025-03-27,25,Extended,4,4,True,High Altitude/Extreme
P-001259,DEP-V2-0004264,4,2025-04-01,2025-04-03,2025-04-27,24,Extended,4,4,True,Remote/Difficult Terrain
P-001259,DEP-V2-0004265,5,2025-05-01,2025-05-02,2025-05-28,26,Extended,4,4,True,High Altitude/Extreme
P-001259,DEP-V2-0004266,6,2025-06-01,2025-06-03,2025-06-27,24,Extended,4,4,True,Remote/Difficult Terrain
P-001259,DEP-V2-0004267,7,2025-07-01,2025-07-02,2025-07-26,24,Extended,4,5,True,Remote/Difficult Terrain
P-001259,DEP-V2-0004268,8,2025-08-01,2025-08-05,2025-08-27,22,Extended,4,5,True,Remote/Difficult Terrain
P-001259,DEP-V2-0004269,9,2025-09-01,2025-09-04,2025-09-25,21,Extended,5,4,True,Remote/Difficult Terrain
P-001260,DEP-V2-0004270,4,2025-04-01,2025-04-04,2025-04-27,23,Routine,1,1,False,Semi-Urban Outpost
P-001261,DEP-V2-0004271,4,2025-04-01,2025-04-02,2025-04-26,24,High Tempo,4,4,True,Remote/Difficult Terrain
P-001261,DEP-V2-0004272,5,2025-05-01,2025-05-04,2025-05-24,20,High Tempo,4,4,True,Semi-Urban Outpost
P-001261,DEP-V2-0004273,6,2025-06-01,2025-06-05,2025-06-23,18,High Tempo,4,3,True,Remote/Difficult Terrain
P-001261,DEP-V2-0004274,7,2025-07-01,2025-07-02,2025-07-24,22,High Tempo,5,4,True,Semi-Urban Outpost
P-001261,DEP-V2-0004275,8,2025-08-01,2025-08-05,2025-08-24,19,High Tempo,4,4,True,Remote/Difficult Terrain
P-001262,DEP-V2-0004276,5,2025-05-01,2025-05-04,2025-05-28,24,Routine,1,1,False,Urban Base
P-001263,DEP-V2-0004277,4,2025-04-01,2025-04-02,2025-04-24,22,High Tempo,3,4,True,Remote/Difficult Terrain
P-001263,DEP-V2-0004278,5,2025-05-01,2025-05-03,2025-05-25,22,High Tempo,5,3,True,Remote/Difficult Terrain
P-001263,DEP-V2-0004279,6,2025-06-01,2025-06-04,2025-06-23,19,High Tempo,4,3,True,Semi-Urban Outpost
P-001263,DEP-V2-0004280,7,2025-07-01,2025-07-03,2025-07-27,24,High Tempo,5,3,True,Remote/Difficult Terrain
P-001263,DEP-V2-0004281,8,2025-08-01,2025-08-04,2025-08-27,23,High Tempo,5,3,True,Semi-Urban Outpost
P-001264,DEP-V2-0004282,4,2025-04-01,2025-04-04,2025-04-24,20,Routine,2,2,False,Urban Base
P-001264,DEP-V2-0004283,5,2025-05-01,2025-05-02,2025-05-26,24,Routine,2,1,False,Urban Base
P-001265,DEP-V2-0004284,4,2025-04-01,2025-04-03,2025-04-23,20,Routine,2,1,False,Urban Base
P-001265,DEP-V2-0004285,5,2025-05-01,2025-05-03,2025-05-24,21,Routine,1,1,False,Urban Base
P-001266,DEP-V2-0004286,3,2025-03-01,2025-03-03,2025-03-28,25,Extended,3,4,True,Remote/Difficult Terrain
P-001266,DEP-V2-0004287,4,2025-04-01,2025-04-03,2025-04-27,24,Extended,5,4,True,Remote/Difficult Terrain
P-001266,DEP-V2-0004288,5,2025-05-01,2025-05-02,2025-05-23,21,Extended,3,5,True,High Altitude/Extreme
P-001266,DEP-V2-0004289,6,2025-06-01,2025-06-03,2025-06-27,24,Extended,4,5,True,High Altitude/Extreme
P-001266,DEP-V2-0004290,7,2025-07-01,2025-07-05,2025-07-23,18,Extended,4,5,True,Remote/Difficult Terrain
P-001266,DEP-V2-0004291,8,2025-08-01,2025-08-05,2025-08-25,20,Extended,3,4,True,Remote/Difficult Terrain
P-001266,DEP-V2-0004292,9,2025-09-01,2025-09-03,2025-09-27,24,Extended,4,4,True,High Altitude/Extreme
P-001268,DEP-V2-0004293,4,2025-04-01,2025-04-05,2025-04-27,22,High Tempo,4,4,True,Semi-Urban Outpost
P-001268,DEP-V2-0004294,5,2025-05-01,2025-05-05,2025-05-25,20,High Tempo,5,3,True,Semi-Urban Outpost
P-001268,DEP-V2-0004295,6,2025-06-01,2025-06-04,2025-06-25,21,High Tempo,3,4,True,Semi-Urban Outpost
P-001268,DEP-V2-0004296,7,2025-07-01,2025-07-03,2025-07-26,23,High Tempo,4,4,True,Remote/Difficult Terrain
P-001268,DEP-V2-0004297,8,2025-08-01,2025-08-05,2025-08-23,18,High Tempo,3,3,False,Remote/Difficult Terrain
P-001270,DEP-V2-0004298,5,2025-05-01,2025-05-05,2025-05-25,20,Routine,1,1,False,Semi-Urban Outpost
P-001271,DEP-V2-0004299,6,2025-06-01,2025-06-02,2025-06-23,21,High Tempo,4,3,True,Semi-Urban Outpost
P-001271,DEP-V2-0004300,7,2025-07-01,2025-07-02,2025-07-28,26,High Tempo,4,3,True,Semi-Urban Outpost
P-001272,DEP-V2-0004301,4,2025-04-01,2025-04-02,2025-04-25,23,Routine,1,2,False,Urban Base
P-001272,DEP-V2-0004302,5,2025-05-01,2025-05-02,2025-05-23,21,Routine,1,1,False,Urban Base
P-001273,DEP-V2-0004303,5,2025-05-01,2025-05-03,2025-05-24,21,Routine,2,1,False,Urban Base
P-001274,DEP-V2-0004304,4,2025-04-01,2025-04-03,2025-04-27,24,High Tempo,5,5,True,Remote/Difficult Terrain
P-001274,DEP-V2-0004305,5,2025-05-01,2025-05-03,2025-05-27,24,Extended,5,4,True,Remote/Difficult Terrain
P-001274,DEP-V2-0004306,6,2025-06-01,2025-06-05,2025-06-26,21,Extended,5,5,True,High Altitude/Extreme
P-001274,DEP-V2-0004307,7,2025-07-01,2025-07-02,2025-07-25,23,Extended,5,4,True,Remote/Difficult Terrain
P-001274,DEP-V2-0004308,8,2025-08-01,2025-08-04,2025-08-27,23,High Tempo,5,5,True,Remote/Difficult Terrain
P-001274,DEP-V2-0004309,9,2025-09-01,2025-09-02,2025-09-27,25,High Tempo,5,5,True,High Altitude/Extreme
P-001274,DEP-V2-0004310,10,2025-10-01,2025-10-05,2025-10-23,18,High Tempo,5,5,True,Remote/Difficult Terrain
P-001274,DEP-V2-0004311,11,2025-11-01,2025-11-05,2025-11-24,19,High Tempo,4,5,True,Remote/Difficult Terrain
P-001277,DEP-V2-0004312,4,2025-04-01,2025-04-03,2025-04-25,22,Routine,1,1,False,Urban Base
P-001278,DEP-V2-0004313,3,2025-03-01,2025-03-03,2025-03-25,22,Extended,5,4,True,High Altitude/Extreme
P-001278,DEP-V2-0004314,4,2025-04-01,2025-04-04,2025-04-26,22,Extended,5,5,True,Remote/Difficult Terrain
P-001278,DEP-V2-0004315,5,2025-05-01,2025-05-05,2025-05-23,18,Extended,5,5,True,Remote/Difficult Terrain
P-001278,DEP-V2-0004316,6,2025-06-01,2025-06-02,2025-06-27,25,Extended,5,5,True,Remote/Difficult Terrain
P-001278,DEP-V2-0004317,7,2025-07-01,2025-07-03,2025-07-23,20,Extended,4,4,True,High Altitude/Extreme
P-001278,DEP-V2-0004318,8,2025-08-01,2025-08-04,2025-08-24,20,Extended,4,4,True,High Altitude/Extreme
P-001278,DEP-V2-0004319,9,2025-09-01,2025-09-04,2025-09-27,23,Extended,4,5,True,Remote/Difficult Terrain
P-001280,DEP-V2-0004320,4,2025-04-01,2025-04-03,2025-04-26,23,Routine,1,1,False,Urban Base
P-001281,DEP-V2-0004321,4,2025-04-01,2025-04-05,2025-04-27,22,High Tempo,5,3,True,Remote/Difficult Terrain
P-001281,DEP-V2-0004322,5,2025-05-01,2025-05-03,2025-05-27,24,High Tempo,3,3,False,Semi-Urban Outpost
P-001281,DEP-V2-0004323,6,2025-06-01,2025-06-03,2025-06-23,20,High Tempo,4,3,True,Remote/Difficult Terrain
P-001281,DEP-V2-0004324,7,2025-07-01,2025-07-05,2025-07-28,23,High Tempo,4,4,True,Remote/Difficult Terrain
P-001281,DEP-V2-0004325,8,2025-08-01,2025-08-03,2025-08-24,21,High Tempo,4,3,True,Semi-Urban Outpost
P-001283,DEP-V2-0004326,4,2025-04-01,2025-04-04,2025-04-23,19,Routine,2,1,False,Urban Base
P-001283,DEP-V2-0004327,5,2025-05-01,2025-05-05,2025-05-25,20,Routine,3,1,False,Semi-Urban Outpost
P-001284,DEP-V2-0004328,5,2025-05-01,2025-05-05,2025-05-26,21,Routine,1,2,False,Semi-Urban Outpost
P-001285,DEP-V2-0004329,4,2025-04-01,2025-04-05,2025-04-25,20,High Tempo,4,4,True,Semi-Urban Outpost
P-001285,DEP-V2-0004330,5,2025-05-01,2025-05-05,2025-05-28,23,High Tempo,3,3,False,Remote/Difficult Terrain
P-001285,DEP-V2-0004331,6,2025-06-01,2025-06-02,2025-06-26,24,High Tempo,5,3,True,Remote/Difficult Terrain
P-001285,DEP-V2-0004332,7,2025-07-01,2025-07-04,2025-07-23,19,High Tempo,3,4,True,Remote/Difficult Terrain
P-001285,DEP-V2-0004333,8,2025-08-01,2025-08-03,2025-08-24,21,High Tempo,4,4,True,Semi-Urban Outpost
P-001286,DEP-V2-0004334,4,2025-04-01,2025-04-03,2025-04-26,23,High Tempo,3,3,False,Remote/Difficult Terrain
P-001286,DEP-V2-0004335,5,2025-05-01,2025-05-03,2025-05-25,22,High Tempo,4,3,True,Remote/Difficult Terrain
P-001286,DEP-V2-0004336,6,2025-06-01,2025-06-05,2025-06-24,19,High Tempo,4,3,True,Semi-Urban Outpost
P-001286,DEP-V2-0004337,7,2025-07-01,2025-07-03,2025-07-28,25,High Tempo,4,4,True,Remote/Difficult Terrain
P-001286,DEP-V2-0004338,8,2025-08-01,2025-08-03,2025-08-23,20,High Tempo,5,4,True,Remote/Difficult Terrain
P-001288,DEP-V2-0004339,3,2025-03-01,2025-03-02,2025-03-25,23,Extended,4,5,True,Remote/Difficult Terrain
P-001288,DEP-V2-0004340,4,2025-04-01,2025-04-05,2025-04-23,18,Extended,4,5,True,High Altitude/Extreme
P-001288,DEP-V2-0004341,5,2025-05-01,2025-05-03,2025-05-25,22,Extended,5,4,True,Remote/Difficult Terrain
P-001288,DEP-V2-0004342,6,2025-06-01,2025-06-02,2025-06-28,26,Extended,4,4,True,Remote/Difficult Terrain
P-001288,DEP-V2-0004343,7,2025-07-01,2025-07-02,2025-07-23,21,Extended,3,4,True,High Altitude/Extreme
P-001288,DEP-V2-0004344,8,2025-08-01,2025-08-04,2025-08-23,19,Extended,5,4,True,High Altitude/Extreme
P-001288,DEP-V2-0004345,9,2025-09-01,2025-09-03,2025-09-23,20,Extended,4,4,True,High Altitude/Extreme
P-001289,DEP-V2-0004346,2,2025-02-01,2025-02-03,2025-02-28,25,High Tempo,4,4,True,Remote/Difficult Terrain
P-001289,DEP-V2-0004347,3,2025-03-01,2025-03-02,2025-03-26,24,High Tempo,4,4,True,Remote/Difficult Terrain
P-001289,DEP-V2-0004348,4,2025-04-01,2025-04-04,2025-04-26,22,High Tempo,4,4,True,Remote/Difficult Terrain
P-001289,DEP-V2-0004349,5,2025-05-01,2025-05-03,2025-05-27,24,High Tempo,4,4,True,Remote/Difficult Terrain
P-001290,DEP-V2-0004350,3,2025-03-01,2025-03-03,2025-03-23,20,Extended,4,4,True,High Altitude/Extreme
P-001290,DEP-V2-0004351,4,2025-04-01,2025-04-03,2025-04-28,25,Extended,4,5,True,Remote/Difficult Terrain
P-001290,DEP-V2-0004352,5,2025-05-01,2025-05-03,2025-05-24,21,Extended,4,4,True,High Altitude/Extreme
P-001290,DEP-V2-0004353,6,2025-06-01,2025-06-05,2025-06-25,20,Extended,4,5,True,High Altitude/Extreme
P-001290,DEP-V2-0004354,7,2025-07-01,2025-07-04,2025-07-23,19,Extended,5,5,True,Remote/Difficult Terrain
P-001290,DEP-V2-0004355,8,2025-08-01,2025-08-02,2025-08-24,22,Extended,4,5,True,High Altitude/Extreme
P-001290,DEP-V2-0004356,9,2025-09-01,2025-09-04,2025-09-23,19,Extended,4,4,True,Remote/Difficult Terrain
P-001291,DEP-V2-0004357,2,2025-02-01,2025-02-02,2025-02-27,25,High Tempo,4,4,True,Remote/Difficult Terrain
P-001291,DEP-V2-0004358,3,2025-03-01,2025-03-03,2025-03-28,25,High Tempo,4,4,True,Remote/Difficult Terrain
P-001291,DEP-V2-0004359,4,2025-04-01,2025-04-02,2025-04-23,21,High Tempo,4,4,True,Remote/Difficult Terrain
P-001291,DEP-V2-0004360,5,2025-05-01,2025-05-05,2025-05-26,21,High Tempo,4,4,True,Remote/Difficult Terrain
P-001292,DEP-V2-0004361,4,2025-04-01,2025-04-04,2025-04-24,20,High Tempo,5,4,True,Remote/Difficult Terrain
P-001292,DEP-V2-0004362,5,2025-05-01,2025-05-02,2025-05-26,24,High Tempo,4,4,True,High Altitude/Extreme
P-001292,DEP-V2-0004363,6,2025-06-01,2025-06-05,2025-06-27,22,Extended,4,5,True,Remote/Difficult Terrain
P-001292,DEP-V2-0004364,7,2025-07-01,2025-07-04,2025-07-26,22,High Tempo,5,4,True,High Altitude/Extreme
P-001292,DEP-V2-0004365,8,2025-08-01,2025-08-03,2025-08-27,24,High Tempo,5,5,True,Remote/Difficult Terrain
P-001292,DEP-V2-0004366,9,2025-09-01,2025-09-03,2025-09-28,25,Extended,5,4,True,Remote/Difficult Terrain
P-001292,DEP-V2-0004367,10,2025-10-01,2025-10-05,2025-10-28,23,Extended,5,5,True,High Altitude/Extreme
P-001292,DEP-V2-0004368,11,2025-11-01,2025-11-05,2025-11-28,23,High Tempo,5,5,True,High Altitude/Extreme
P-001295,DEP-V2-0004369,2,2025-02-01,2025-02-04,2025-02-26,22,High Tempo,4,4,True,Remote/Difficult Terrain
P-001295,DEP-V2-0004370,3,2025-03-01,2025-03-04,2025-03-24,20,High Tempo,4,4,True,Remote/Difficult Terrain
P-001295,DEP-V2-0004371,4,2025-04-01,2025-04-02,2025-04-28,26,High Tempo,4,4,True,Remote/Difficult Terrain
P-001295,DEP-V2-0004372,5,2025-05-01,2025-05-05,2025-05-27,22,High Tempo,4,4,True,Remote/Difficult Terrain
P-001297,DEP-V2-0004373,4,2025-04-01,2025-04-02,2025-04-23,21,Routine,2,1,False,Urban Base
P-001297,DEP-V2-0004374,5,2025-05-01,2025-05-04,2025-05-28,24,Routine,2,1,False,Urban Base
P-001298,DEP-V2-0004375,4,2025-04-01,2025-04-05,2025-04-26,21,Extended,4,5,True,Remote/Difficult Terrain
P-001298,DEP-V2-0004376,5,2025-05-01,2025-05-03,2025-05-25,22,Extended,5,4,True,High Altitude/Extreme
P-001298,DEP-V2-0004377,6,2025-06-01,2025-06-03,2025-06-24,21,High Tempo,5,4,True,High Altitude/Extreme
P-001298,DEP-V2-0004378,7,2025-07-01,2025-07-05,2025-07-27,22,Extended,5,4,True,High Altitude/Extreme
P-001298,DEP-V2-0004379,8,2025-08-01,2025-08-03,2025-08-23,20,High Tempo,4,4,True,High Altitude/Extreme
P-001298,DEP-V2-0004380,9,2025-09-01,2025-09-02,2025-09-26,24,Extended,5,4,True,Remote/Difficult Terrain
P-001298,DEP-V2-0004381,10,2025-10-01,2025-10-03,2025-10-28,25,Extended,4,4,True,High Altitude/Extreme
P-001298,DEP-V2-0004382,11,2025-11-01,2025-11-03,2025-11-26,23,Extended,5,5,True,High Altitude/Extreme
P-001299,DEP-V2-0004383,4,2025-04-01,2025-04-02,2025-04-26,24,Routine,1,1,False,Urban Base
P-001299,DEP-V2-0004384,5,2025-05-01,2025-05-05,2025-05-24,19,Routine,1,1,False,Urban Base
P-001300,DEP-V2-0004385,4,2025-04-01,2025-04-05,2025-04-23,18,Routine,2,1,False,Urban Base
P-001302,DEP-V2-0004386,4,2025-04-01,2025-04-02,2025-04-28,26,High Tempo,5,3,True,Semi-Urban Outpost
P-001302,DEP-V2-0004387,5,2025-05-01,2025-05-03,2025-05-28,25,High Tempo,3,4,True,Remote/Difficult Terrain
P-001302,DEP-V2-0004388,6,2025-06-01,2025-06-02,2025-06-25,23,High Tempo,3,3,False,Remote/Difficult Terrain
P-001302,DEP-V2-0004389,7,2025-07-01,2025-07-03,2025-07-26,23,High Tempo,3,3,False,Semi-Urban Outpost
P-001302,DEP-V2-0004390,8,2025-08-01,2025-08-04,2025-08-27,23,High Tempo,4,3,True,Remote/Difficult Terrain
P-001303,DEP-V2-0004391,4,2025-04-01,2025-04-02,2025-04-24,22,High Tempo,3,3,False,Remote/Difficult Terrain
P-001303,DEP-V2-0004392,5,2025-05-01,2025-05-03,2025-05-23,20,High Tempo,5,3,True,Remote/Difficult Terrain
P-001303,DEP-V2-0004393,6,2025-06-01,2025-06-05,2025-06-28,23,High Tempo,4,4,True,Remote/Difficult Terrain
P-001303,DEP-V2-0004394,7,2025-07-01,2025-07-04,2025-07-28,24,High Tempo,4,3,True,Semi-Urban Outpost
P-001303,DEP-V2-0004395,8,2025-08-01,2025-08-05,2025-08-28,23,High Tempo,4,3,True,Remote/Difficult Terrain
P-001304,DEP-V2-0004396,4,2025-04-01,2025-04-02,2025-04-26,24,Extended,5,4,True,High Altitude/Extreme
P-001304,DEP-V2-0004397,5,2025-05-01,2025-05-04,2025-05-24,20,Extended,4,4,True,Remote/Difficult Terrain
P-001304,DEP-V2-0004398,6,2025-06-01,2025-06-04,2025-06-23,19,Extended,5,5,True,High Altitude/Extreme
P-001304,DEP-V2-0004399,7,2025-07-01,2025-07-04,2025-07-25,21,High Tempo,5,4,True,Remote/Difficult Terrain
P-001304,DEP-V2-0004400,8,2025-08-01,2025-08-05,2025-08-25,20,High Tempo,4,5,True,Remote/Difficult Terrain
P-001304,DEP-V2-0004401,9,2025-09-01,2025-09-02,2025-09-25,23,Extended,4,5,True,Remote/Difficult Terrain
P-001304,DEP-V2-0004402,10,2025-10-01,2025-10-02,2025-10-23,21,High Tempo,5,5,True,Remote/Difficult Terrain
P-001304,DEP-V2-0004403,11,2025-11-01,2025-11-02,2025-11-26,24,Extended,5,4,True,Remote/Difficult Terrain
P-001305,DEP-V2-0004404,4,2025-04-01,2025-04-05,2025-04-24,19,Routine,2,2,False,Urban Base
P-001306,DEP-V2-0004405,5,2025-05-01,2025-05-05,2025-05-24,19,Routine,2,1,False,Semi-Urban Outpost
P-001307,DEP-V2-0004406,4,2025-04-01,2025-04-03,2025-04-25,22,High Tempo,4,3,True,Remote/Difficult Terrain
P-001307,DEP-V2-0004407,5,2025-05-01,2025-05-03,2025-05-25,22,High Tempo,3,3,False,Semi-Urban Outpost
P-001307,DEP-V2-0004408,6,2025-06-01,2025-06-04,2025-06-27,23,High Tempo,5,3,True,Semi-Urban Outpost
P-001307,DEP-V2-0004409,7,2025-07-01,2025-07-02,2025-07-23,21,High Tempo,4,3,True,Remote/Difficult Terrain
P-001307,DEP-V2-0004410,8,2025-08-01,2025-08-04,2025-08-24,20,High Tempo,4,4,True,Semi-Urban Outpost
P-001308,DEP-V2-0004411,3,2025-03-01,2025-03-04,2025-03-25,21,Extended,4,5,True,High Altitude/Extreme
P-001308,DEP-V2-0004412,4,2025-04-01,2025-04-02,2025-04-25,23,Extended,5,5,True,High Altitude/Extreme
P-001308,DEP-V2-0004413,5,2025-05-01,2025-05-05,2025-05-25,20,Extended,4,4,True,Remote/Difficult Terrain
P-001308,DEP-V2-0004414,6,2025-06-01,2025-06-02,2025-06-27,25,Extended,4,5,True,Remote/Difficult Terrain
P-001308,DEP-V2-0004415,7,2025-07-01,2025-07-04,2025-07-25,21,Extended,5,5,True,Remote/Difficult Terrain
P-001308,DEP-V2-0004416,8,2025-08-01,2025-08-03,2025-08-28,25,Extended,3,5,True,High Altitude/Extreme
P-001308,DEP-V2-0004417,9,2025-09-01,2025-09-04,2025-09-24,20,Extended,3,4,True,Remote/Difficult Terrain
P-001310,DEP-V2-0004418,4,2025-04-01,2025-04-02,2025-04-23,21,Routine,2,1,False,Urban Base
P-001311,DEP-V2-0004419,3,2025-03-01,2025-03-02,2025-03-24,22,Extended,5,4,True,High Altitude/Extreme
P-001311,DEP-V2-0004420,4,2025-04-01,2025-04-02,2025-04-25,23,Extended,3,5,True,Remote/Difficult Terrain
P-001311,DEP-V2-0004421,5,2025-05-01,2025-05-02,2025-05-25,23,Extended,5,4,True,High Altitude/Extreme
P-001311,DEP-V2-0004422,6,2025-06-01,2025-06-05,2025-06-28,23,Extended,3,4,True,High Altitude/Extreme
P-001311,DEP-V2-0004423,7,2025-07-01,2025-07-03,2025-07-23,20,Extended,5,4,True,High Altitude/Extreme
P-001311,DEP-V2-0004424,8,2025-08-01,2025-08-02,2025-08-25,23,Extended,3,4,True,High Altitude/Extreme
P-001311,DEP-V2-0004425,9,2025-09-01,2025-09-02,2025-09-28,26,Extended,5,4,True,Remote/Difficult Terrain
P-001312,DEP-V2-0004426,5,2025-05-01,2025-05-05,2025-05-27,22,Routine,1,1,False,Urban Base
P-001315,DEP-V2-0004427,4,2025-04-01,2025-04-03,2025-04-23,20,Routine,1,1,False,Urban Base
P-001316,DEP-V2-0004428,4,2025-04-01,2025-04-03,2025-04-25,22,Routine,2,1,False,Urban Base
P-001317,DEP-V2-0004429,5,2025-05-01,2025-05-05,2025-05-27,22,Routine,2,1,False,Semi-Urban Outpost
P-001322,DEP-V2-0004430,4,2025-04-01,2025-04-04,2025-04-25,21,High Tempo,5,4,True,Semi-Urban Outpost
P-001322,DEP-V2-0004431,5,2025-05-01,2025-05-03,2025-05-25,22,High Tempo,4,3,True,Semi-Urban Outpost
P-001322,DEP-V2-0004432,6,2025-06-01,2025-06-04,2025-06-23,19,High Tempo,4,4,True,Remote/Difficult Terrain
P-001322,DEP-V2-0004433,7,2025-07-01,2025-07-02,2025-07-26,24,High Tempo,5,3,True,Semi-Urban Outpost
P-001322,DEP-V2-0004434,8,2025-08-01,2025-08-02,2025-08-24,22,High Tempo,3,4,True,Semi-Urban Outpost
P-001323,DEP-V2-0004435,4,2025-04-01,2025-04-02,2025-04-27,25,High Tempo,3,3,False,Remote/Difficult Terrain
P-001323,DEP-V2-0004436,5,2025-05-01,2025-05-02,2025-05-28,26,High Tempo,5,4,True,Remote/Difficult Terrain
P-001323,DEP-V2-0004437,6,2025-06-01,2025-06-05,2025-06-23,18,High Tempo,3,3,False,Remote/Difficult Terrain
P-001323,DEP-V2-0004438,7,2025-07-01,2025-07-02,2025-07-27,25,High Tempo,5,3,True,Semi-Urban Outpost
P-001323,DEP-V2-0004439,8,2025-08-01,2025-08-03,2025-08-23,20,High Tempo,4,4,True,Semi-Urban Outpost
P-001324,DEP-V2-0004440,5,2025-05-01,2025-05-02,2025-05-25,23,Routine,1,2,False,Urban Base
P-001325,DEP-V2-0004441,5,2025-05-01,2025-05-04,2025-05-26,22,Routine,2,1,False,Urban Base
P-001327,DEP-V2-0004442,5,2025-05-01,2025-05-04,2025-05-26,22,Routine,2,2,False,Urban Base
P-001328,DEP-V2-0004443,4,2025-04-01,2025-04-02,2025-04-23,21,High Tempo,5,4,True,Semi-Urban Outpost
P-001328,DEP-V2-0004444,5,2025-05-01,2025-05-05,2025-05-27,22,High Tempo,5,3,True,Remote/Difficult Terrain
P-001328,DEP-V2-0004445,6,2025-06-01,2025-06-05,2025-06-23,18,High Tempo,4,3,True,Semi-Urban Outpost
P-001328,DEP-V2-0004446,7,2025-07-01,2025-07-03,2025-07-23,20,High Tempo,4,3,True,Remote/Difficult Terrain
P-001328,DEP-V2-0004447,8,2025-08-01,2025-08-05,2025-08-25,20,High Tempo,4,3,True,Semi-Urban Outpost
P-001330,DEP-V2-0004448,4,2025-04-01,2025-04-04,2025-04-27,23,High Tempo,4,4,True,Remote/Difficult Terrain
P-001330,DEP-V2-0004449,5,2025-05-01,2025-05-05,2025-05-25,20,High Tempo,4,5,True,Remote/Difficult Terrain
P-001330,DEP-V2-0004450,6,2025-06-01,2025-06-03,2025-06-24,21,Extended,4,4,True,High Altitude/Extreme
P-001330,DEP-V2-0004451,7,2025-07-01,2025-07-05,2025-07-26,21,Extended,5,5,True,Remote/Difficult Terrain
P-001330,DEP-V2-0004452,8,2025-08-01,2025-08-04,2025-08-27,23,Extended,4,4,True,Remote/Difficult Terrain
P-001330,DEP-V2-0004453,9,2025-09-01,2025-09-03,2025-09-24,21,High Tempo,5,5,True,Remote/Difficult Terrain
P-001330,DEP-V2-0004454,10,2025-10-01,2025-10-02,2025-10-28,26,Extended,4,4,True,Remote/Difficult Terrain
P-001330,DEP-V2-0004455,11,2025-11-01,2025-11-03,2025-11-28,25,Extended,4,5,True,High Altitude/Extreme
P-001331,DEP-V2-0004456,5,2025-05-01,2025-05-03,2025-05-25,22,Routine,2,1,False,Semi-Urban Outpost
P-001332,DEP-V2-0004457,4,2025-04-01,2025-04-04,2025-04-27,23,Routine,2,1,False,Urban Base
P-001333,DEP-V2-0004458,4,2025-04-01,2025-04-05,2025-04-24,19,Extended,5,5,True,Remote/Difficult Terrain
P-001333,DEP-V2-0004459,5,2025-05-01,2025-05-02,2025-05-24,22,High Tempo,5,5,True,Remote/Difficult Terrain
P-001333,DEP-V2-0004460,6,2025-06-01,2025-06-02,2025-06-26,24,High Tempo,4,5,True,Remote/Difficult Terrain
P-001333,DEP-V2-0004461,7,2025-07-01,2025-07-03,2025-07-24,21,Extended,4,4,True,Remote/Difficult Terrain
P-001333,DEP-V2-0004462,8,2025-08-01,2025-08-02,2025-08-25,23,Extended,5,4,True,Remote/Difficult Terrain
P-001333,DEP-V2-0004463,9,2025-09-01,2025-09-02,2025-09-24,22,Extended,5,5,True,High Altitude/Extreme
P-001333,DEP-V2-0004464,10,2025-10-01,2025-10-05,2025-10-27,22,High Tempo,5,5,True,High Altitude/Extreme
P-001333,DEP-V2-0004465,11,2025-11-01,2025-11-05,2025-11-26,21,High Tempo,4,5,True,High Altitude/Extreme
P-001334,DEP-V2-0004466,4,2025-04-01,2025-04-02,2025-04-25,23,High Tempo,4,5,True,High Altitude/Extreme
P-001334,DEP-V2-0004467,5,2025-05-01,2025-05-02,2025-05-27,25,Extended,4,5,True,High Altitude/Extreme
P-001334,DEP-V2-0004468,6,2025-06-01,2025-06-03,2025-06-27,24,Extended,5,5,True,Remote/Difficult Terrain
P-001334,DEP-V2-0004469,7,2025-07-01,2025-07-05,2025-07-25,20,Extended,5,5,True,Remote/Difficult Terrain
P-001334,DEP-V2-0004470,8,2025-08-01,2025-08-04,2025-08-27,23,High Tempo,5,5,True,Remote/Difficult Terrain
P-001334,DEP-V2-0004471,9,2025-09-01,2025-09-04,2025-09-25,21,Extended,5,4,True,High Altitude/Extreme
P-001334,DEP-V2-0004472,10,2025-10-01,2025-10-03,2025-10-27,24,Extended,5,4,True,Remote/Difficult Terrain
P-001334,DEP-V2-0004473,11,2025-11-01,2025-11-05,2025-11-23,18,Extended,5,5,True,High Altitude/Extreme
P-001335,DEP-V2-0004474,4,2025-04-01,2025-04-02,2025-04-23,21,Extended,5,4,True,High Altitude/Extreme
P-001335,DEP-V2-0004475,5,2025-05-01,2025-05-04,2025-05-28,24,Extended,5,4,True,High Altitude/Extreme
P-001335,DEP-V2-0004476,6,2025-06-01,2025-06-03,2025-06-23,20,Extended,4,5,True,High Altitude/Extreme
P-001335,DEP-V2-0004477,7,2025-07-01,2025-07-03,2025-07-28,25,High Tempo,5,5,True,High Altitude/Extreme
P-001335,DEP-V2-0004478,8,2025-08-01,2025-08-04,2025-08-24,20,Extended,5,5,True,High Altitude/Extreme
P-001335,DEP-V2-0004479,9,2025-09-01,2025-09-05,2025-09-23,18,High Tempo,4,5,True,Remote/Difficult Terrain
P-001335,DEP-V2-0004480,10,2025-10-01,2025-10-03,2025-10-25,22,Extended,5,5,True,Remote/Difficult Terrain
P-001335,DEP-V2-0004481,11,2025-11-01,2025-11-03,2025-11-27,24,Extended,5,4,True,Remote/Difficult Terrain
P-001336,DEP-V2-0004482,2,2025-02-01,2025-02-04,2025-02-24,20,High Tempo,4,4,True,Remote/Difficult Terrain
P-001336,DEP-V2-0004483,3,2025-03-01,2025-03-05,2025-03-26,21,High Tempo,4,4,True,Remote/Difficult Terrain
P-001336,DEP-V2-0004484,4,2025-04-01,2025-04-04,2025-04-25,21,High Tempo,4,4,True,Remote/Difficult Terrain
P-001336,DEP-V2-0004485,5,2025-05-01,2025-05-02,2025-05-25,23,High Tempo,4,4,True,Remote/Difficult Terrain
P-001337,DEP-V2-0004486,4,2025-04-01,2025-04-02,2025-04-24,22,Routine,1,1,False,Urban Base
P-001338,DEP-V2-0004487,3,2025-03-01,2025-03-02,2025-03-24,22,Extended,5,5,True,High Altitude/Extreme
P-001338,DEP-V2-0004488,4,2025-04-01,2025-04-04,2025-04-27,23,Extended,4,4,True,Remote/Difficult Terrain
P-001338,DEP-V2-0004489,5,2025-05-01,2025-05-02,2025-05-26,24,Extended,4,4,True,High Altitude/Extreme
P-001338,DEP-V2-0004490,6,2025-06-01,2025-06-05,2025-06-27,22,Extended,4,4,True,Remote/Difficult Terrain
P-001338,DEP-V2-0004491,7,2025-07-01,2025-07-04,2025-07-23,19,Extended,4,4,True,Remote/Difficult Terrain
P-001338,DEP-V2-0004492,8,2025-08-01,2025-08-03,2025-08-27,24,Extended,4,4,True,Remote/Difficult Terrain
P-001338,DEP-V2-0004493,9,2025-09-01,2025-09-04,2025-09-23,19,Extended,5,4,True,Remote/Difficult Terrain
P-001339,DEP-V2-0004494,4,2025-04-01,2025-04-03,2025-04-25,22,Routine,1,2,False,Urban Base
P-001341,DEP-V2-0004495,3,2025-03-01,2025-03-03,2025-03-23,20,Extended,5,4,True,High Altitude/Extreme
P-001341,DEP-V2-0004496,4,2025-04-01,2025-04-05,2025-04-27,22,Extended,3,4,True,Remote/Difficult Terrain
P-001341,DEP-V2-0004497,5,2025-05-01,2025-05-02,2025-05-24,22,Extended,4,4,True,Remote/Difficult Terrain
P-001341,DEP-V2-0004498,6,2025-06-01,2025-06-04,2025-06-28,24,Extended,4,5,True,Remote/Difficult Terrain
P-001341,DEP-V2-0004499,7,2025-07-01,2025-07-04,2025-07-24,20,Extended,4,4,True,Remote/Difficult Terrain
P-001341,DEP-V2-0004500,8,2025-08-01,2025-08-05,2025-08-27,22,Extended,3,4,True,Remote/Difficult Terrain
P-001341,DEP-V2-0004501,9,2025-09-01,2025-09-05,2025-09-23,18,Extended,4,4,True,High Altitude/Extreme
P-001342,DEP-V2-0004502,3,2025-03-01,2025-03-04,2025-03-23,19,Extended,3,5,True,High Altitude/Extreme
P-001342,DEP-V2-0004503,4,2025-04-01,2025-04-05,2025-04-23,18,Extended,4,4,True,High Altitude/Extreme
P-001342,DEP-V2-0004504,5,2025-05-01,2025-05-05,2025-05-28,23,Extended,3,4,True,Remote/Difficult Terrain
P-001342,DEP-V2-0004505,6,2025-06-01,2025-06-02,2025-06-26,24,Extended,4,5,True,High Altitude/Extreme
P-001342,DEP-V2-0004506,7,2025-07-01,2025-07-04,2025-07-23,19,Extended,4,4,True,Remote/Difficult Terrain
P-001342,DEP-V2-0004507,8,2025-08-01,2025-08-05,2025-08-23,18,Extended,4,4,True,Remote/Difficult Terrain
P-001342,DEP-V2-0004508,9,2025-09-01,2025-09-02,2025-09-28,26,Extended,5,5,True,High Altitude/Extreme
P-001343,DEP-V2-0004509,4,2025-04-01,2025-04-02,2025-04-25,23,Extended,5,4,True,High Altitude/Extreme
P-001343,DEP-V2-0004510,5,2025-05-01,2025-05-02,2025-05-23,21,High Tempo,4,5,True,High Altitude/Extreme
P-001343,DEP-V2-0004511,6,2025-06-01,2025-06-02,2025-06-28,26,Extended,5,4,True,Remote/Difficult Terrain
P-001343,DEP-V2-0004512,7,2025-07-01,2025-07-02,2025-07-27,25,Extended,5,5,True,High Altitude/Extreme
P-001343,DEP-V2-0004513,8,2025-08-01,2025-08-03,2025-08-25,22,High Tempo,5,4,True,High Altitude/Extreme
P-001343,DEP-V2-0004514,9,2025-09-01,2025-09-04,2025-09-23,19,High Tempo,4,5,True,Remote/Difficult Terrain
P-001343,DEP-V2-0004515,10,2025-10-01,2025-10-05,2025-10-28,23,High Tempo,5,5,True,Remote/Difficult Terrain
P-001343,DEP-V2-0004516,11,2025-11-01,2025-11-05,2025-11-26,21,Extended,4,4,True,Remote/Difficult Terrain
P-001344,DEP-V2-0004517,4,2025-04-01,2025-04-05,2025-04-26,21,High Tempo,4,3,True,Remote/Difficult Terrain
P-001344,DEP-V2-0004518,5,2025-05-01,2025-05-05,2025-05-26,21,High Tempo,4,3,True,Semi-Urban Outpost
P-001344,DEP-V2-0004519,6,2025-06-01,2025-06-05,2025-06-23,18,High Tempo,5,3,True,Remote/Difficult Terrain
P-001344,DEP-V2-0004520,7,2025-07-01,2025-07-03,2025-07-24,21,High Tempo,4,3,True,Semi-Urban Outpost
P-001344,DEP-V2-0004521,8,2025-08-01,2025-08-04,2025-08-28,24,High Tempo,4,3,True,Remote/Difficult Terrain
P-001345,DEP-V2-0004522,4,2025-04-01,2025-04-02,2025-04-27,25,High Tempo,5,3,True,Semi-Urban Outpost
P-001345,DEP-V2-0004523,5,2025-05-01,2025-05-05,2025-05-28,23,High Tempo,3,3,False,Remote/Difficult Terrain
P-001345,DEP-V2-0004524,6,2025-06-01,2025-06-05,2025-06-28,23,High Tempo,3,3,False,Semi-Urban Outpost
P-001345,DEP-V2-0004525,7,2025-07-01,2025-07-02,2025-07-24,22,High Tempo,3,3,False,Semi-Urban Outpost
P-001345,DEP-V2-0004526,8,2025-08-01,2025-08-02,2025-08-27,25,High Tempo,4,3,True,Remote/Difficult Terrain
P-001346,DEP-V2-0004527,4,2025-04-01,2025-04-05,2025-04-28,23,Routine,1,1,False,Urban Base
P-001347,DEP-V2-0004528,2,2025-02-01,2025-02-04,2025-02-23,19,High Tempo,4,4,True,Remote/Difficult Terrain
P-001347,DEP-V2-0004529,3,2025-03-01,2025-03-03,2025-03-25,22,High Tempo,4,4,True,Remote/Difficult Terrain
P-001347,DEP-V2-0004530,4,2025-04-01,2025-04-05,2025-04-28,23,High Tempo,4,4,True,Remote/Difficult Terrain
P-001347,DEP-V2-0004531,5,2025-05-01,2025-05-04,2025-05-26,22,High Tempo,4,4,True,Remote/Difficult Terrain
P-001348,DEP-V2-0004532,3,2025-03-01,2025-03-05,2025-03-27,22,Extended,3,4,True,High Altitude/Extreme
P-001348,DEP-V2-0004533,4,2025-04-01,2025-04-04,2025-04-23,19,Extended,5,4,True,Remote/Difficult Terrain
P-001348,DEP-V2-0004534,5,2025-05-01,2025-05-04,2025-05-27,23,Extended,5,4,True,High Altitude/Extreme
P-001348,DEP-V2-0004535,6,2025-06-01,2025-06-02,2025-06-25,23,Extended,5,5,True,High Altitude/Extreme
P-001348,DEP-V2-0004536,7,2025-07-01,2025-07-02,2025-07-24,22,Extended,4,5,True,Remote/Difficult Terrain
P-001348,DEP-V2-0004537,8,2025-08-01,2025-08-02,2025-08-26,24,Extended,4,4,True,High Altitude/Extreme
P-001348,DEP-V2-0004538,9,2025-09-01,2025-09-04,2025-09-28,24,Extended,4,5,True,Remote/Difficult Terrain
P-001349,DEP-V2-0004539,4,2025-04-01,2025-04-03,2025-04-28,25,Routine,1,2,False,Semi-Urban Outpost
P-001349,DEP-V2-0004540,5,2025-05-01,2025-05-05,2025-05-23,18,Routine,3,1,False,Urban Base
P-001351,DEP-V2-0004541,3,2025-03-01,2025-03-05,2025-03-27,22,Extended,3,5,True,Remote/Difficult Terrain
P-001351,DEP-V2-0004542,4,2025-04-01,2025-04-03,2025-04-27,24,Extended,4,5,True,High Altitude/Extreme
P-001351,DEP-V2-0004543,5,2025-05-01,2025-05-05,2025-05-26,21,Extended,5,4,True,Remote/Difficult Terrain
P-001351,DEP-V2-0004544,6,2025-06-01,2025-06-02,2025-06-25,23,Extended,4,4,True,High Altitude/Extreme
P-001351,DEP-V2-0004545,7,2025-07-01,2025-07-05,2025-07-23,18,Extended,4,5,True,High Altitude/Extreme
P-001351,DEP-V2-0004546,8,2025-08-01,2025-08-05,2025-08-27,22,Extended,4,5,True,High Altitude/Extreme
P-001351,DEP-V2-0004547,9,2025-09-01,2025-09-05,2025-09-24,19,Extended,4,5,True,Remote/Difficult Terrain
P-001352,DEP-V2-0004548,4,2025-04-01,2025-04-04,2025-04-24,20,Routine,2,1,False,Urban Base
P-001352,DEP-V2-0004549,5,2025-05-01,2025-05-02,2025-05-23,21,Routine,1,1,False,Semi-Urban Outpost
P-001353,DEP-V2-0004550,5,2025-05-01,2025-05-02,2025-05-27,25,Routine,1,1,False,Semi-Urban Outpost
P-001354,DEP-V2-0004551,5,2025-05-01,2025-05-02,2025-05-23,21,Routine,2,1,False,Urban Base
P-001355,DEP-V2-0004552,4,2025-04-01,2025-04-02,2025-04-24,22,Routine,1,1,False,Semi-Urban Outpost
P-001356,DEP-V2-0004553,4,2025-04-01,2025-04-03,2025-04-27,24,Routine,2,1,False,Urban Base
P-001361,DEP-V2-0004554,3,2025-03-01,2025-03-03,2025-03-27,24,Extended,4,5,True,Remote/Difficult Terrain
P-001361,DEP-V2-0004555,4,2025-04-01,2025-04-03,2025-04-26,23,Extended,4,5,True,Remote/Difficult Terrain
P-001361,DEP-V2-0004556,5,2025-05-01,2025-05-05,2025-05-24,19,Extended,5,5,True,Remote/Difficult Terrain
P-001361,DEP-V2-0004557,6,2025-06-01,2025-06-02,2025-06-27,25,Extended,3,5,True,Remote/Difficult Terrain
P-001361,DEP-V2-0004558,7,2025-07-01,2025-07-04,2025-07-26,22,Extended,4,5,True,High Altitude/Extreme
P-001361,DEP-V2-0004559,8,2025-08-01,2025-08-05,2025-08-28,23,Extended,3,5,True,Remote/Difficult Terrain
P-001361,DEP-V2-0004560,9,2025-09-01,2025-09-03,2025-09-28,25,Extended,3,4,True,High Altitude/Extreme
P-001362,DEP-V2-0004561,3,2025-03-01,2025-03-04,2025-03-27,23,Extended,3,5,True,High Altitude/Extreme
P-001362,DEP-V2-0004562,4,2025-04-01,2025-04-03,2025-04-26,23,Extended,5,4,True,Remote/Difficult Terrain
P-001362,DEP-V2-0004563,5,2025-05-01,2025-05-02,2025-05-25,23,Extended,4,4,True,High Altitude/Extreme
P-001362,DEP-V2-0004564,6,2025-06-01,2025-06-04,2025-06-28,24,Extended,4,4,True,High Altitude/Extreme
P-001362,DEP-V2-0004565,7,2025-07-01,2025-07-02,2025-07-26,24,Extended,4,5,True,Remote/Difficult Terrain
P-001362,DEP-V2-0004566,8,2025-08-01,2025-08-02,2025-08-25,23,Extended,4,5,True,Remote/Difficult Terrain
P-001362,DEP-V2-0004567,9,2025-09-01,2025-09-04,2025-09-23,19,Extended,3,5,True,Remote/Difficult Terrain
P-001366,DEP-V2-0004568,2,2025-02-01,2025-02-04,2025-02-24,20,High Tempo,4,4,True,Remote/Difficult Terrain
P-001366,DEP-V2-0004569,3,2025-03-01,2025-03-03,2025-03-28,25,High Tempo,4,4,True,Remote/Difficult Terrain
P-001366,DEP-V2-0004570,4,2025-04-01,2025-04-04,2025-04-28,24,High Tempo,4,4,True,Remote/Difficult Terrain
P-001366,DEP-V2-0004571,5,2025-05-01,2025-05-04,2025-05-26,22,High Tempo,4,4,True,Remote/Difficult Terrain
P-001367,DEP-V2-0004572,4,2025-04-01,2025-04-05,2025-04-27,22,Routine,2,1,False,Urban Base
P-001369,DEP-V2-0004573,4,2025-04-01,2025-04-05,2025-04-24,19,High Tempo,5,5,True,Remote/Difficult Terrain
P-001369,DEP-V2-0004574,5,2025-05-01,2025-05-04,2025-05-25,21,Extended,4,5,True,High Altitude/Extreme
P-001369,DEP-V2-0004575,6,2025-06-01,2025-06-02,2025-06-28,26,Extended,4,5,True,High Altitude/Extreme
P-001369,DEP-V2-0004576,7,2025-07-01,2025-07-03,2025-07-26,23,Extended,5,5,True,Remote/Difficult Terrain
P-001369,DEP-V2-0004577,8,2025-08-01,2025-08-03,2025-08-24,21,High Tempo,4,5,True,High Altitude/Extreme
P-001369,DEP-V2-0004578,9,2025-09-01,2025-09-03,2025-09-25,22,High Tempo,5,5,True,Remote/Difficult Terrain
P-001369,DEP-V2-0004579,10,2025-10-01,2025-10-02,2025-10-27,25,High Tempo,5,5,True,High Altitude/Extreme
P-001369,DEP-V2-0004580,11,2025-11-01,2025-11-02,2025-11-26,24,High Tempo,5,4,True,High Altitude/Extreme
P-001370,DEP-V2-0004581,4,2025-04-01,2025-04-05,2025-04-23,18,High Tempo,4,3,True,Remote/Difficult Terrain
P-001370,DEP-V2-0004582,5,2025-05-01,2025-05-02,2025-05-27,25,High Tempo,5,4,True,Remote/Difficult Terrain
P-001370,DEP-V2-0004583,6,2025-06-01,2025-06-05,2025-06-24,19,High Tempo,4,3,True,Semi-Urban Outpost
P-001370,DEP-V2-0004584,7,2025-07-01,2025-07-05,2025-07-25,20,High Tempo,5,3,True,Semi-Urban Outpost
P-001370,DEP-V2-0004585,8,2025-08-01,2025-08-03,2025-08-26,23,High Tempo,5,3,True,Remote/Difficult Terrain
P-001372,DEP-V2-0004586,3,2025-03-01,2025-03-04,2025-03-24,20,Extended,4,4,True,High Altitude/Extreme
P-001372,DEP-V2-0004587,4,2025-04-01,2025-04-04,2025-04-26,22,Extended,3,5,True,High Altitude/Extreme
P-001372,DEP-V2-0004588,5,2025-05-01,2025-05-02,2025-05-25,23,Extended,4,4,True,Remote/Difficult Terrain
P-001372,DEP-V2-0004589,6,2025-06-01,2025-06-03,2025-06-28,25,Extended,5,5,True,High Altitude/Extreme
P-001372,DEP-V2-0004590,7,2025-07-01,2025-07-03,2025-07-26,23,Extended,4,4,True,High Altitude/Extreme
P-001372,DEP-V2-0004591,8,2025-08-01,2025-08-02,2025-08-26,24,Extended,4,5,True,High Altitude/Extreme
P-001372,DEP-V2-0004592,9,2025-09-01,2025-09-02,2025-09-27,25,Extended,5,4,True,High Altitude/Extreme
P-001373,DEP-V2-0004593,4,2025-04-01,2025-04-04,2025-04-23,19,Extended,4,5,True,Remote/Difficult Terrain
P-001373,DEP-V2-0004594,5,2025-05-01,2025-05-03,2025-05-24,21,Extended,5,5,True,High Altitude/Extreme
P-001373,DEP-V2-0004595,6,2025-06-01,2025-06-05,2025-06-27,22,Extended,4,5,True,Remote/Difficult Terrain
P-001373,DEP-V2-0004596,7,2025-07-01,2025-07-03,2025-07-26,23,Extended,5,5,True,High Altitude/Extreme
P-001373,DEP-V2-0004597,8,2025-08-01,2025-08-02,2025-08-24,22,Extended,5,5,True,Remote/Difficult Terrain
P-001373,DEP-V2-0004598,9,2025-09-01,2025-09-02,2025-09-28,26,High Tempo,5,5,True,High Altitude/Extreme
P-001373,DEP-V2-0004599,10,2025-10-01,2025-10-04,2025-10-25,21,High Tempo,4,4,True,High Altitude/Extreme
P-001373,DEP-V2-0004600,11,2025-11-01,2025-11-02,2025-11-24,22,High Tempo,5,5,True,High Altitude/Extreme
P-001374,DEP-V2-0004601,4,2025-04-01,2025-04-05,2025-04-24,19,High Tempo,5,3,True,Remote/Difficult Terrain
P-001374,DEP-V2-0004602,5,2025-05-01,2025-05-04,2025-05-25,21,High Tempo,3,4,True,Remote/Difficult Terrain
P-001374,DEP-V2-0004603,6,2025-06-01,2025-06-02,2025-06-23,21,High Tempo,4,3,True,Semi-Urban Outpost
P-001374,DEP-V2-0004604,7,2025-07-01,2025-07-02,2025-07-24,22,High Tempo,3,3,False,Semi-Urban Outpost
P-001374,DEP-V2-0004605,8,2025-08-01,2025-08-04,2025-08-26,22,High Tempo,4,4,True,Semi-Urban Outpost
P-001375,DEP-V2-0004606,3,2025-03-01,2025-03-03,2025-03-27,24,Extended,4,4,True,High Altitude/Extreme
P-001375,DEP-V2-0004607,4,2025-04-01,2025-04-05,2025-04-24,19,Extended,3,5,True,High Altitude/Extreme
P-001375,DEP-V2-0004608,5,2025-05-01,2025-05-02,2025-05-27,25,Extended,5,5,True,Remote/Difficult Terrain
P-001375,DEP-V2-0004609,6,2025-06-01,2025-06-05,2025-06-28,23,Extended,5,4,True,Remote/Difficult Terrain
P-001375,DEP-V2-0004610,7,2025-07-01,2025-07-04,2025-07-24,20,Extended,4,4,True,Remote/Difficult Terrain
P-001375,DEP-V2-0004611,8,2025-08-01,2025-08-03,2025-08-24,21,Extended,4,4,True,High Altitude/Extreme
P-001375,DEP-V2-0004612,9,2025-09-01,2025-09-02,2025-09-24,22,Extended,3,4,True,Remote/Difficult Terrain
P-001376,DEP-V2-0004613,4,2025-04-01,2025-04-02,2025-04-23,21,High Tempo,5,5,True,Remote/Difficult Terrain
P-001376,DEP-V2-0004614,5,2025-05-01,2025-05-03,2025-05-25,22,Extended,5,4,True,Remote/Difficult Terrain
P-001376,DEP-V2-0004615,6,2025-06-01,2025-06-03,2025-06-25,22,Extended,4,5,True,Remote/Difficult Terrain
P-001376,DEP-V2-0004616,7,2025-07-01,2025-07-02,2025-07-26,24,Extended,4,5,True,High Altitude/Extreme
P-001376,DEP-V2-0004617,8,2025-08-01,2025-08-02,2025-08-24,22,Extended,4,5,True,Remote/Difficult Terrain
P-001376,DEP-V2-0004618,9,2025-09-01,2025-09-05,2025-09-28,23,High Tempo,4,5,True,Remote/Difficult Terrain
P-001376,DEP-V2-0004619,10,2025-10-01,2025-10-04,2025-10-27,23,Extended,4,5,True,High Altitude/Extreme
P-001376,DEP-V2-0004620,11,2025-11-01,2025-11-05,2025-11-28,23,High Tempo,5,5,True,High Altitude/Extreme
P-001377,DEP-V2-0004621,3,2025-03-01,2025-03-03,2025-03-25,22,Extended,4,5,True,High Altitude/Extreme
P-001377,DEP-V2-0004622,4,2025-04-01,2025-04-03,2025-04-28,25,Extended,3,4,True,High Altitude/Extreme
P-001377,DEP-V2-0004623,5,2025-05-01,2025-05-03,2025-05-25,22,Extended,4,5,True,Remote/Difficult Terrain
P-001377,DEP-V2-0004624,6,2025-06-01,2025-06-03,2025-06-24,21,Extended,3,4,True,High Altitude/Extreme
P-001377,DEP-V2-0004625,7,2025-07-01,2025-07-03,2025-07-23,20,Extended,5,5,True,High Altitude/Extreme
P-001377,DEP-V2-0004626,8,2025-08-01,2025-08-04,2025-08-27,23,Extended,3,5,True,High Altitude/Extreme
P-001377,DEP-V2-0004627,9,2025-09-01,2025-09-02,2025-09-28,26,Extended,4,5,True,Remote/Difficult Terrain
P-001378,DEP-V2-0004628,4,2025-04-01,2025-04-04,2025-04-24,20,Routine,2,1,False,Urban Base
P-001379,DEP-V2-0004629,4,2025-04-01,2025-04-04,2025-04-25,21,High Tempo,4,3,True,Remote/Difficult Terrain
P-001379,DEP-V2-0004630,5,2025-05-01,2025-05-04,2025-05-23,19,High Tempo,3,3,False,Semi-Urban Outpost
P-001379,DEP-V2-0004631,6,2025-06-01,2025-06-04,2025-06-26,22,High Tempo,3,3,False,Semi-Urban Outpost
P-001379,DEP-V2-0004632,7,2025-07-01,2025-07-05,2025-07-28,23,High Tempo,4,4,True,Semi-Urban Outpost
P-001379,DEP-V2-0004633,8,2025-08-01,2025-08-02,2025-08-26,24,High Tempo,4,4,True,Semi-Urban Outpost
P-001381,DEP-V2-0004634,5,2025-05-01,2025-05-02,2025-05-27,25,Routine,1,1,False,Urban Base
P-001383,DEP-V2-0004635,6,2025-06-01,2025-06-04,2025-06-28,24,High Tempo,4,3,True,Semi-Urban Outpost
P-001383,DEP-V2-0004636,7,2025-07-01,2025-07-04,2025-07-23,19,High Tempo,4,3,True,Semi-Urban Outpost
P-001384,DEP-V2-0004637,2,2025-02-01,2025-02-03,2025-02-26,23,High Tempo,4,4,True,Remote/Difficult Terrain
P-001384,DEP-V2-0004638,3,2025-03-01,2025-03-04,2025-03-24,20,High Tempo,4,4,True,Remote/Difficult Terrain
P-001384,DEP-V2-0004639,4,2025-04-01,2025-04-04,2025-04-26,22,High Tempo,4,4,True,Remote/Difficult Terrain
P-001384,DEP-V2-0004640,5,2025-05-01,2025-05-04,2025-05-24,20,High Tempo,4,4,True,Remote/Difficult Terrain
P-001385,DEP-V2-0004641,4,2025-04-01,2025-04-05,2025-04-26,21,High Tempo,5,4,True,Remote/Difficult Terrain
P-001385,DEP-V2-0004642,5,2025-05-01,2025-05-04,2025-05-25,21,High Tempo,4,5,True,High Altitude/Extreme
P-001385,DEP-V2-0004643,6,2025-06-01,2025-06-04,2025-06-26,22,High Tempo,4,5,True,High Altitude/Extreme
P-001385,DEP-V2-0004644,7,2025-07-01,2025-07-02,2025-07-26,24,High Tempo,4,4,True,High Altitude/Extreme
P-001385,DEP-V2-0004645,8,2025-08-01,2025-08-05,2025-08-28,23,Extended,5,5,True,Remote/Difficult Terrain
P-001385,DEP-V2-0004646,9,2025-09-01,2025-09-04,2025-09-24,20,Extended,5,4,True,High Altitude/Extreme
P-001385,DEP-V2-0004647,10,2025-10-01,2025-10-02,2025-10-25,23,Extended,4,5,True,High Altitude/Extreme
P-001385,DEP-V2-0004648,11,2025-11-01,2025-11-05,2025-11-26,21,High Tempo,4,5,True,High Altitude/Extreme
P-001386,DEP-V2-0004649,4,2025-04-01,2025-04-05,2025-04-24,19,Routine,2,2,False,Urban Base
P-001387,DEP-V2-0004650,4,2025-04-01,2025-04-05,2025-04-28,23,Extended,4,4,True,Remote/Difficult Terrain
P-001387,DEP-V2-0004651,5,2025-05-01,2025-05-04,2025-05-24,20,High Tempo,4,5,True,High Altitude/Extreme
P-001387,DEP-V2-0004652,6,2025-06-01,2025-06-03,2025-06-27,24,High Tempo,5,5,True,Remote/Difficult Terrain
P-001387,DEP-V2-0004653,7,2025-07-01,2025-07-04,2025-07-23,19,Extended,5,4,True,Remote/Difficult Terrain
P-001387,DEP-V2-0004654,8,2025-08-01,2025-08-02,2025-08-24,22,Extended,4,5,True,Remote/Difficult Terrain
P-001387,DEP-V2-0004655,9,2025-09-01,2025-09-02,2025-09-23,21,High Tempo,5,5,True,High Altitude/Extreme
P-001387,DEP-V2-0004656,10,2025-10-01,2025-10-05,2025-10-28,23,High Tempo,4,5,True,Remote/Difficult Terrain
P-001387,DEP-V2-0004657,11,2025-11-01,2025-11-03,2025-11-23,20,Extended,4,5,True,Remote/Difficult Terrain
P-001389,DEP-V2-0004658,6,2025-06-01,2025-06-05,2025-06-26,21,High Tempo,4,3,True,Semi-Urban Outpost
P-001389,DEP-V2-0004659,7,2025-07-01,2025-07-02,2025-07-23,21,High Tempo,4,3,True,Semi-Urban Outpost
P-001392,DEP-V2-0004660,4,2025-04-01,2025-04-04,2025-04-26,22,Routine,1,2,False,Urban Base
P-001392,DEP-V2-0004661,5,2025-05-01,2025-05-02,2025-05-28,26,Routine,2,1,False,Semi-Urban Outpost
P-001393,DEP-V2-0004662,4,2025-04-01,2025-04-02,2025-04-27,25,Routine,2,2,False,Urban Base
P-001393,DEP-V2-0004663,5,2025-05-01,2025-05-05,2025-05-23,18,Routine,1,1,False,Urban Base
P-001394,DEP-V2-0004664,4,2025-04-01,2025-04-04,2025-04-26,22,Routine,2,1,False,Urban Base
P-001394,DEP-V2-0004665,5,2025-05-01,2025-05-03,2025-05-26,23,Routine,2,1,False,Urban Base
P-001396,DEP-V2-0004666,4,2025-04-01,2025-04-03,2025-04-23,20,High Tempo,4,5,True,High Altitude/Extreme
P-001396,DEP-V2-0004667,5,2025-05-01,2025-05-02,2025-05-26,24,Extended,5,5,True,High Altitude/Extreme
P-001396,DEP-V2-0004668,6,2025-06-01,2025-06-04,2025-06-24,20,High Tempo,4,4,True,Remote/Difficult Terrain
P-001396,DEP-V2-0004669,7,2025-07-01,2025-07-05,2025-07-26,21,High Tempo,5,4,True,High Altitude/Extreme
P-001396,DEP-V2-0004670,8,2025-08-01,2025-08-05,2025-08-26,21,Extended,5,4,True,High Altitude/Extreme
P-001396,DEP-V2-0004671,9,2025-09-01,2025-09-03,2025-09-28,25,Extended,4,4,True,Remote/Difficult Terrain
P-001396,DEP-V2-0004672,10,2025-10-01,2025-10-03,2025-10-27,24,Extended,5,5,True,Remote/Difficult Terrain
P-001396,DEP-V2-0004673,11,2025-11-01,2025-11-05,2025-11-28,23,Extended,5,5,True,Remote/Difficult Terrain
P-001398,DEP-V2-0004674,6,2025-06-01,2025-06-05,2025-06-23,18,High Tempo,4,3,True,Semi-Urban Outpost
P-001398,DEP-V2-0004675,7,2025-07-01,2025-07-05,2025-07-23,18,High Tempo,4,3,True,Semi-Urban Outpost
P-001399,DEP-V2-0004676,3,2025-03-01,2025-03-05,2025-03-25,20,Extended,5,5,True,Remote/Difficult Terrain
P-001399,DEP-V2-0004677,4,2025-04-01,2025-04-02,2025-04-26,24,Extended,4,5,True,High Altitude/Extreme
P-001399,DEP-V2-0004678,5,2025-05-01,2025-05-02,2025-05-25,23,Extended,5,4,True,High Altitude/Extreme
P-001399,DEP-V2-0004679,6,2025-06-01,2025-06-02,2025-06-23,21,Extended,4,5,True,Remote/Difficult Terrain
P-001399,DEP-V2-0004680,7,2025-07-01,2025-07-04,2025-07-24,20,Extended,4,5,True,High Altitude/Extreme
P-001399,DEP-V2-0004681,8,2025-08-01,2025-08-02,2025-08-27,25,Extended,5,4,True,Remote/Difficult Terrain
P-001399,DEP-V2-0004682,9,2025-09-01,2025-09-02,2025-09-27,25,Extended,4,4,True,High Altitude/Extreme
P-001400,DEP-V2-0004683,5,2025-05-01,2025-05-02,2025-05-23,21,Routine,2,1,False,Urban Base
P-001401,DEP-V2-0004684,4,2025-04-01,2025-04-05,2025-04-26,21,Extended,4,4,True,High Altitude/Extreme
P-001401,DEP-V2-0004685,5,2025-05-01,2025-05-03,2025-05-24,21,High Tempo,4,5,True,High Altitude/Extreme
P-001401,DEP-V2-0004686,6,2025-06-01,2025-06-03,2025-06-23,20,Extended,5,5,True,Remote/Difficult Terrain
P-001401,DEP-V2-0004687,7,2025-07-01,2025-07-05,2025-07-27,22,High Tempo,5,5,True,High Altitude/Extreme
P-001401,DEP-V2-0004688,8,2025-08-01,2025-08-02,2025-08-23,21,Extended,4,5,True,Remote/Difficult Terrain
P-001401,DEP-V2-0004689,9,2025-09-01,2025-09-02,2025-09-27,25,High Tempo,4,5,True,Remote/Difficult Terrain
P-001401,DEP-V2-0004690,10,2025-10-01,2025-10-05,2025-10-25,20,High Tempo,4,5,True,Remote/Difficult Terrain
P-001401,DEP-V2-0004691,11,2025-11-01,2025-11-04,2025-11-28,24,Extended,4,5,True,Remote/Difficult Terrain
P-001403,DEP-V2-0004692,4,2025-04-01,2025-04-03,2025-04-25,22,Routine,2,1,False,Urban Base
P-001403,DEP-V2-0004693,5,2025-05-01,2025-05-02,2025-05-25,23,Routine,1,1,False,Urban Base
P-001404,DEP-V2-0004694,5,2025-05-01,2025-05-05,2025-05-28,23,Routine,2,2,False,Semi-Urban Outpost
P-001406,DEP-V2-0004695,5,2025-05-01,2025-05-02,2025-05-28,26,Routine,2,2,False,Semi-Urban Outpost
P-001408,DEP-V2-0004696,4,2025-04-01,2025-04-04,2025-04-25,21,High Tempo,5,5,True,High Altitude/Extreme
P-001408,DEP-V2-0004697,5,2025-05-01,2025-05-03,2025-05-24,21,Extended,5,5,True,High Altitude/Extreme
P-001408,DEP-V2-0004698,6,2025-06-01,2025-06-05,2025-06-27,22,High Tempo,5,5,True,High Altitude/Extreme
P-001408,DEP-V2-0004699,7,2025-07-01,2025-07-05,2025-07-27,22,Extended,5,4,True,Remote/Difficult Terrain
P-001408,DEP-V2-0004700,8,2025-08-01,2025-08-03,2025-08-24,21,Extended,5,5,True,High Altitude/Extreme
P-001408,DEP-V2-0004701,9,2025-09-01,2025-09-04,2025-09-24,20,Extended,5,5,True,High Altitude/Extreme
P-001408,DEP-V2-0004702,10,2025-10-01,2025-10-02,2025-10-25,23,High Tempo,5,5,True,High Altitude/Extreme
P-001408,DEP-V2-0004703,11,2025-11-01,2025-11-03,2025-11-27,24,High Tempo,4,4,True,Remote/Difficult Terrain
P-001409,DEP-V2-0004704,4,2025-04-01,2025-04-04,2025-04-24,20,High Tempo,5,3,True,Remote/Difficult Terrain
P-001409,DEP-V2-0004705,5,2025-05-01,2025-05-05,2025-05-25,20,High Tempo,4,3,True,Semi-Urban Outpost
P-001409,DEP-V2-0004706,6,2025-06-01,2025-06-04,2025-06-25,21,High Tempo,5,3,True,Semi-Urban Outpost
P-001409,DEP-V2-0004707,7,2025-07-01,2025-07-04,2025-07-25,21,High Tempo,5,3,True,Semi-Urban Outpost
P-001409,DEP-V2-0004708,8,2025-08-01,2025-08-02,2025-08-24,22,High Tempo,4,3,True,Semi-Urban Outpost
P-001410,DEP-V2-0004709,4,2025-04-01,2025-04-02,2025-04-23,21,Routine,1,1,False,Urban Base
P-001413,DEP-V2-0004710,2,2025-02-01,2025-02-05,2025-02-26,21,High Tempo,4,4,True,Remote/Difficult Terrain
P-001413,DEP-V2-0004711,3,2025-03-01,2025-03-02,2025-03-28,26,High Tempo,4,4,True,Remote/Difficult Terrain
P-001413,DEP-V2-0004712,4,2025-04-01,2025-04-02,2025-04-23,21,High Tempo,4,4,True,Remote/Difficult Terrain
P-001413,DEP-V2-0004713,5,2025-05-01,2025-05-04,2025-05-24,20,High Tempo,4,4,True,Remote/Difficult Terrain
P-001414,DEP-V2-0004714,4,2025-04-01,2025-04-02,2025-04-25,23,Routine,3,2,False,Urban Base
P-001416,DEP-V2-0004715,3,2025-03-01,2025-03-03,2025-03-26,23,Extended,5,5,True,Remote/Difficult Terrain
P-001416,DEP-V2-0004716,4,2025-04-01,2025-04-02,2025-04-26,24,Extended,4,4,True,Remote/Difficult Terrain
P-001416,DEP-V2-0004717,5,2025-05-01,2025-05-04,2025-05-28,24,Extended,4,4,True,High Altitude/Extreme
P-001416,DEP-V2-0004718,6,2025-06-01,2025-06-04,2025-06-27,23,Extended,4,4,True,Remote/Difficult Terrain
P-001416,DEP-V2-0004719,7,2025-07-01,2025-07-05,2025-07-27,22,Extended,3,5,True,High Altitude/Extreme
P-001416,DEP-V2-0004720,8,2025-08-01,2025-08-05,2025-08-24,19,Extended,3,5,True,Remote/Difficult Terrain
P-001416,DEP-V2-0004721,9,2025-09-01,2025-09-02,2025-09-23,21,Extended,4,5,True,Remote/Difficult Terrain
P-001418,DEP-V2-0004722,4,2025-04-01,2025-04-04,2025-04-26,22,High Tempo,4,4,True,Remote/Difficult Terrain
P-001418,DEP-V2-0004723,5,2025-05-01,2025-05-03,2025-05-28,25,High Tempo,3,3,False,Remote/Difficult Terrain
P-001418,DEP-V2-0004724,6,2025-06-01,2025-06-02,2025-06-23,21,High Tempo,4,3,True,Semi-Urban Outpost
P-001418,DEP-V2-0004725,7,2025-07-01,2025-07-04,2025-07-27,23,High Tempo,3,3,False,Semi-Urban Outpost
P-001418,DEP-V2-0004726,8,2025-08-01,2025-08-03,2025-08-27,24,High Tempo,4,3,True,Semi-Urban Outpost
P-001420,DEP-V2-0004727,4,2025-04-01,2025-04-03,2025-04-23,20,Routine,1,2,False,Urban Base
P-001421,DEP-V2-0004728,4,2025-04-01,2025-04-02,2025-04-23,21,High Tempo,4,5,True,Remote/Difficult Terrain
P-001421,DEP-V2-0004729,5,2025-05-01,2025-05-04,2025-05-23,19,High Tempo,5,5,True,Remote/Difficult Terrain
P-001421,DEP-V2-0004730,6,2025-06-01,2025-06-05,2025-06-24,19,High Tempo,4,5,True,Remote/Difficult Terrain
P-001421,DEP-V2-0004731,7,2025-07-01,2025-07-05,2025-07-23,18,Extended,5,5,True,High Altitude/Extreme
P-001421,DEP-V2-0004732,8,2025-08-01,2025-08-04,2025-08-28,24,High Tempo,5,5,True,Remote/Difficult Terrain
P-001421,DEP-V2-0004733,9,2025-09-01,2025-09-02,2025-09-24,22,Extended,5,5,True,Remote/Difficult Terrain
P-001421,DEP-V2-0004734,10,2025-10-01,2025-10-03,2025-10-24,21,High Tempo,4,5,True,High Altitude/Extreme
P-001421,DEP-V2-0004735,11,2025-11-01,2025-11-04,2025-11-25,21,Extended,5,5,True,High Altitude/Extreme
P-001422,DEP-V2-0004736,5,2025-05-01,2025-05-02,2025-05-26,24,Routine,2,1,False,Urban Base
P-001423,DEP-V2-0004737,2,2025-02-01,2025-02-05,2025-02-28,23,High Tempo,4,4,True,Remote/Difficult Terrain
P-001423,DEP-V2-0004738,3,2025-03-01,2025-03-04,2025-03-26,22,High Tempo,4,4,True,Remote/Difficult Terrain
P-001423,DEP-V2-0004739,4,2025-04-01,2025-04-03,2025-04-23,20,High Tempo,4,4,True,Remote/Difficult Terrain
P-001423,DEP-V2-0004740,5,2025-05-01,2025-05-04,2025-05-24,20,High Tempo,4,4,True,Remote/Difficult Terrain
P-001424,DEP-V2-0004741,3,2025-03-01,2025-03-04,2025-03-23,19,Extended,3,4,True,High Altitude/Extreme
P-001424,DEP-V2-0004742,4,2025-04-01,2025-04-03,2025-04-25,22,Extended,4,5,True,High Altitude/Extreme
P-001424,DEP-V2-0004743,5,2025-05-01,2025-05-03,2025-05-26,23,Extended,3,4,True,High Altitude/Extreme
P-001424,DEP-V2-0004744,6,2025-06-01,2025-06-03,2025-06-26,23,Extended,4,4,True,Remote/Difficult Terrain
P-001424,DEP-V2-0004745,7,2025-07-01,2025-07-05,2025-07-23,18,Extended,4,5,True,Remote/Difficult Terrain
P-001424,DEP-V2-0004746,8,2025-08-01,2025-08-02,2025-08-26,24,Extended,4,4,True,Remote/Difficult Terrain
P-001424,DEP-V2-0004747,9,2025-09-01,2025-09-05,2025-09-23,18,Extended,3,5,True,High Altitude/Extreme
P-001425,DEP-V2-0004748,4,2025-04-01,2025-04-02,2025-04-26,24,Routine,2,2,False,Semi-Urban Outpost
P-001426,DEP-V2-0004749,4,2025-04-01,2025-04-04,2025-04-27,23,High Tempo,3,4,True,Remote/Difficult Terrain
P-001426,DEP-V2-0004750,5,2025-05-01,2025-05-02,2025-05-28,26,High Tempo,4,3,True,Semi-Urban Outpost
P-001426,DEP-V2-0004751,6,2025-06-01,2025-06-02,2025-06-26,24,High Tempo,4,3,True,Semi-Urban Outpost
P-001426,DEP-V2-0004752,7,2025-07-01,2025-07-05,2025-07-24,19,High Tempo,3,3,False,Remote/Difficult Terrain
P-001426,DEP-V2-0004753,8,2025-08-01,2025-08-02,2025-08-23,21,High Tempo,4,4,True,Remote/Difficult Terrain
P-001427,DEP-V2-0004754,4,2025-04-01,2025-04-04,2025-04-25,21,High Tempo,4,4,True,High Altitude/Extreme
P-001427,DEP-V2-0004755,5,2025-05-01,2025-05-04,2025-05-24,20,High Tempo,5,5,True,Remote/Difficult Terrain
P-001427,DEP-V2-0004756,6,2025-06-01,2025-06-03,2025-06-27,24,Extended,4,5,True,Remote/Difficult Terrain
P-001427,DEP-V2-0004757,7,2025-07-01,2025-07-05,2025-07-25,20,Extended,5,4,True,High Altitude/Extreme
P-001427,DEP-V2-0004758,8,2025-08-01,2025-08-04,2025-08-28,24,High Tempo,4,5,True,Remote/Difficult Terrain
P-001427,DEP-V2-0004759,9,2025-09-01,2025-09-02,2025-09-27,25,Extended,4,5,True,High Altitude/Extreme
P-001427,DEP-V2-0004760,10,2025-10-01,2025-10-05,2025-10-25,20,High Tempo,5,4,True,Remote/Difficult Terrain
P-001427,DEP-V2-0004761,11,2025-11-01,2025-11-05,2025-11-25,20,Extended,4,5,True,Remote/Difficult Terrain
P-001428,DEP-V2-0004762,2,2025-02-01,2025-02-04,2025-02-27,23,High Tempo,4,4,True,Remote/Difficult Terrain
P-001428,DEP-V2-0004763,3,2025-03-01,2025-03-03,2025-03-25,22,High Tempo,4,4,True,Remote/Difficult Terrain
P-001428,DEP-V2-0004764,4,2025-04-01,2025-04-02,2025-04-25,23,High Tempo,4,4,True,Remote/Difficult Terrain
P-001428,DEP-V2-0004765,5,2025-05-01,2025-05-04,2025-05-23,19,High Tempo,4,4,True,Remote/Difficult Terrain
P-001430,DEP-V2-0004766,4,2025-04-01,2025-04-03,2025-04-24,21,Extended,5,5,True,Remote/Difficult Terrain
P-001430,DEP-V2-0004767,5,2025-05-01,2025-05-05,2025-05-26,21,Extended,5,5,True,High Altitude/Extreme
P-001430,DEP-V2-0004768,6,2025-06-01,2025-06-02,2025-06-27,25,Extended,5,5,True,Remote/Difficult Terrain
P-001430,DEP-V2-0004769,7,2025-07-01,2025-07-05,2025-07-27,22,Extended,4,5,True,Remote/Difficult Terrain
P-001430,DEP-V2-0004770,8,2025-08-01,2025-08-05,2025-08-27,22,High Tempo,5,5,True,High Altitude/Extreme
P-001430,DEP-V2-0004771,9,2025-09-01,2025-09-02,2025-09-28,26,High Tempo,5,5,True,Remote/Difficult Terrain
P-001430,DEP-V2-0004772,10,2025-10-01,2025-10-05,2025-10-27,22,High Tempo,5,5,True,High Altitude/Extreme
P-001430,DEP-V2-0004773,11,2025-11-01,2025-11-03,2025-11-24,21,High Tempo,5,5,True,High Altitude/Extreme
P-001431,DEP-V2-0004774,4,2025-04-01,2025-04-02,2025-04-24,22,High Tempo,4,4,True,Remote/Difficult Terrain
P-001431,DEP-V2-0004775,5,2025-05-01,2025-05-02,2025-05-26,24,High Tempo,4,3,True,Semi-Urban Outpost
P-001431,DEP-V2-0004776,6,2025-06-01,2025-06-04,2025-06-24,20,High Tempo,4,4,True,Remote/Difficult Terrain
P-001431,DEP-V2-0004777,7,2025-07-01,2025-07-03,2025-07-28,25,High Tempo,5,4,True,Semi-Urban Outpost
P-001431,DEP-V2-0004778,8,2025-08-01,2025-08-04,2025-08-26,22,High Tempo,4,3,True,Semi-Urban Outpost
P-001432,DEP-V2-0004779,4,2025-04-01,2025-04-02,2025-04-25,23,Extended,5,4,True,High Altitude/Extreme
P-001432,DEP-V2-0004780,5,2025-05-01,2025-05-03,2025-05-27,24,Extended,4,5,True,Remote/Difficult Terrain
P-001432,DEP-V2-0004781,6,2025-06-01,2025-06-05,2025-06-23,18,Extended,5,5,True,Remote/Difficult Terrain
P-001432,DEP-V2-0004782,7,2025-07-01,2025-07-03,2025-07-25,22,High Tempo,4,4,True,High Altitude/Extreme
P-001432,DEP-V2-0004783,8,2025-08-01,2025-08-05,2025-08-25,20,Extended,5,5,True,High Altitude/Extreme
P-001432,DEP-V2-0004784,9,2025-09-01,2025-09-03,2025-09-27,24,High Tempo,5,5,True,High Altitude/Extreme
P-001432,DEP-V2-0004785,10,2025-10-01,2025-10-03,2025-10-23,20,High Tempo,5,4,True,High Altitude/Extreme
P-001432,DEP-V2-0004786,11,2025-11-01,2025-11-04,2025-11-28,24,Extended,5,5,True,Remote/Difficult Terrain
P-001433,DEP-V2-0004787,4,2025-04-01,2025-04-05,2025-04-28,23,High Tempo,4,4,True,Semi-Urban Outpost
P-001433,DEP-V2-0004788,5,2025-05-01,2025-05-04,2025-05-28,24,High Tempo,4,3,True,Remote/Difficult Terrain
P-001433,DEP-V2-0004789,6,2025-06-01,2025-06-03,2025-06-23,20,High Tempo,3,3,False,Semi-Urban Outpost
P-001433,DEP-V2-0004790,7,2025-07-01,2025-07-04,2025-07-24,20,High Tempo,4,3,True,Remote/Difficult Terrain
P-001433,DEP-V2-0004791,8,2025-08-01,2025-08-02,2025-08-24,22,High Tempo,4,4,True,Semi-Urban Outpost
P-001434,DEP-V2-0004792,4,2025-04-01,2025-04-05,2025-04-25,20,High Tempo,5,4,True,Remote/Difficult Terrain
P-001434,DEP-V2-0004793,5,2025-05-01,2025-05-05,2025-05-28,23,High Tempo,4,3,True,Semi-Urban Outpost
P-001434,DEP-V2-0004794,6,2025-06-01,2025-06-03,2025-06-23,20,High Tempo,5,3,True,Remote/Difficult Terrain
P-001434,DEP-V2-0004795,7,2025-07-01,2025-07-05,2025-07-28,23,High Tempo,3,4,True,Remote/Difficult Terrain
P-001434,DEP-V2-0004796,8,2025-08-01,2025-08-02,2025-08-26,24,High Tempo,3,4,True,Remote/Difficult Terrain
P-001435,DEP-V2-0004797,4,2025-04-01,2025-04-05,2025-04-28,23,High Tempo,3,3,False,Semi-Urban Outpost
P-001435,DEP-V2-0004798,5,2025-05-01,2025-05-03,2025-05-25,22,High Tempo,4,3,True,Remote/Difficult Terrain
P-001435,DEP-V2-0004799,6,2025-06-01,2025-06-02,2025-06-28,26,High Tempo,4,4,True,Remote/Difficult Terrain
P-001435,DEP-V2-0004800,7,2025-07-01,2025-07-02,2025-07-26,24,High Tempo,4,3,True,Semi-Urban Outpost
P-001435,DEP-V2-0004801,8,2025-08-01,2025-08-04,2025-08-27,23,High Tempo,4,3,True,Remote/Difficult Terrain
P-001436,DEP-V2-0004802,3,2025-03-01,2025-03-02,2025-03-25,23,Extended,4,4,True,Remote/Difficult Terrain
P-001436,DEP-V2-0004803,4,2025-04-01,2025-04-05,2025-04-23,18,Extended,4,4,True,High Altitude/Extreme
P-001436,DEP-V2-0004804,5,2025-05-01,2025-05-02,2025-05-28,26,Extended,4,5,True,High Altitude/Extreme
P-001436,DEP-V2-0004805,6,2025-06-01,2025-06-05,2025-06-24,19,Extended,3,4,True,Remote/Difficult Terrain
P-001436,DEP-V2-0004806,7,2025-07-01,2025-07-02,2025-07-27,25,Extended,4,5,True,High Altitude/Extreme
P-001436,DEP-V2-0004807,8,2025-08-01,2025-08-04,2025-08-27,23,Extended,5,4,True,High Altitude/Extreme
P-001436,DEP-V2-0004808,9,2025-09-01,2025-09-02,2025-09-26,24,Extended,4,5,True,Remote/Difficult Terrain
P-001438,DEP-V2-0004809,4,2025-04-01,2025-04-05,2025-04-27,22,Routine,1,1,False,Urban Base
P-001438,DEP-V2-0004810,5,2025-05-01,2025-05-03,2025-05-28,25,Routine,2,1,False,Urban Base
P-001439,DEP-V2-0004811,2,2025-02-01,2025-02-04,2025-02-23,19,High Tempo,4,4,True,Remote/Difficult Terrain
P-001439,DEP-V2-0004812,3,2025-03-01,2025-03-04,2025-03-24,20,High Tempo,4,4,True,Remote/Difficult Terrain
P-001439,DEP-V2-0004813,4,2025-04-01,2025-04-02,2025-04-25,23,High Tempo,4,4,True,Remote/Difficult Terrain
P-001439,DEP-V2-0004814,5,2025-05-01,2025-05-04,2025-05-25,21,High Tempo,4,4,True,Remote/Difficult Terrain
P-001440,DEP-V2-0004815,4,2025-04-01,2025-04-02,2025-04-24,22,High Tempo,3,3,False,Semi-Urban Outpost
P-001440,DEP-V2-0004816,5,2025-05-01,2025-05-03,2025-05-25,22,High Tempo,3,3,False,Remote/Difficult Terrain
P-001440,DEP-V2-0004817,6,2025-06-01,2025-06-03,2025-06-27,24,High Tempo,3,3,False,Semi-Urban Outpost
P-001440,DEP-V2-0004818,7,2025-07-01,2025-07-05,2025-07-27,22,High Tempo,3,3,False,Remote/Difficult Terrain
P-001440,DEP-V2-0004819,8,2025-08-01,2025-08-03,2025-08-26,23,High Tempo,3,3,False,Remote/Difficult Terrain
P-001442,DEP-V2-0004820,3,2025-03-01,2025-03-02,2025-03-28,26,Extended,5,5,True,Remote/Difficult Terrain
P-001442,DEP-V2-0004821,4,2025-04-01,2025-04-03,2025-04-24,21,Extended,3,4,True,Remote/Difficult Terrain
P-001442,DEP-V2-0004822,5,2025-05-01,2025-05-04,2025-05-24,20,Extended,4,5,True,High Altitude/Extreme
P-001442,DEP-V2-0004823,6,2025-06-01,2025-06-04,2025-06-28,24,Extended,3,4,True,Remote/Difficult Terrain
P-001442,DEP-V2-0004824,7,2025-07-01,2025-07-05,2025-07-24,19,Extended,4,5,True,High Altitude/Extreme
P-001442,DEP-V2-0004825,8,2025-08-01,2025-08-03,2025-08-26,23,Extended,4,4,True,Remote/Difficult Terrain
P-001442,DEP-V2-0004826,9,2025-09-01,2025-09-02,2025-09-24,22,Extended,4,4,True,High Altitude/Extreme
P-001443,DEP-V2-0004827,4,2025-04-01,2025-04-04,2025-04-25,21,Extended,5,5,True,High Altitude/Extreme
P-001443,DEP-V2-0004828,5,2025-05-01,2025-05-04,2025-05-23,19,High Tempo,4,5,True,High Altitude/Extreme
P-001443,DEP-V2-0004829,6,2025-06-01,2025-06-05,2025-06-27,22,High Tempo,4,4,True,Remote/Difficult Terrain
P-001443,DEP-V2-0004830,7,2025-07-01,2025-07-05,2025-07-25,20,High Tempo,4,5,True,Remote/Difficult Terrain
P-001443,DEP-V2-0004831,8,2025-08-01,2025-08-04,2025-08-27,23,Extended,5,4,True,Remote/Difficult Terrain
P-001443,DEP-V2-0004832,9,2025-09-01,2025-09-02,2025-09-24,22,Extended,5,4,True,Remote/Difficult Terrain
P-001443,DEP-V2-0004833,10,2025-10-01,2025-10-03,2025-10-28,25,Extended,5,5,True,High Altitude/Extreme
P-001443,DEP-V2-0004834,11,2025-11-01,2025-11-02,2025-11-24,22,High Tempo,4,5,True,High Altitude/Extreme
P-001444,DEP-V2-0004835,2,2025-02-01,2025-02-05,2025-02-23,18,High Tempo,4,4,True,Remote/Difficult Terrain
P-001444,DEP-V2-0004836,3,2025-03-01,2025-03-05,2025-03-26,21,High Tempo,4,4,True,Remote/Difficult Terrain
P-001444,DEP-V2-0004837,4,2025-04-01,2025-04-02,2025-04-24,22,High Tempo,4,4,True,Remote/Difficult Terrain
P-001444,DEP-V2-0004838,5,2025-05-01,2025-05-03,2025-05-27,24,High Tempo,4,4,True,Remote/Difficult Terrain
P-001445,DEP-V2-0004839,3,2025-03-01,2025-03-02,2025-03-28,26,Extended,4,4,True,Remote/Difficult Terrain
P-001445,DEP-V2-0004840,4,2025-04-01,2025-04-02,2025-04-25,23,Extended,3,5,True,Remote/Difficult Terrain
P-001445,DEP-V2-0004841,5,2025-05-01,2025-05-02,2025-05-23,21,Extended,3,4,True,High Altitude/Extreme
P-001445,DEP-V2-0004842,6,2025-06-01,2025-06-03,2025-06-24,21,Extended,3,4,True,High Altitude/Extreme
P-001445,DEP-V2-0004843,7,2025-07-01,2025-07-05,2025-07-26,21,Extended,4,5,True,Remote/Difficult Terrain
P-001445,DEP-V2-0004844,8,2025-08-01,2025-08-05,2025-08-23,18,Extended,5,4,True,High Altitude/Extreme
P-001445,DEP-V2-0004845,9,2025-09-01,2025-09-03,2025-09-28,25,Extended,3,4,True,High Altitude/Extreme
P-001446,DEP-V2-0004846,2,2025-02-01,2025-02-05,2025-02-23,18,High Tempo,4,4,True,Remote/Difficult Terrain
P-001446,DEP-V2-0004847,3,2025-03-01,2025-03-05,2025-03-23,18,High Tempo,4,4,True,Remote/Difficult Terrain
P-001446,DEP-V2-0004848,4,2025-04-01,2025-04-03,2025-04-23,20,High Tempo,4,4,True,Remote/Difficult Terrain
P-001446,DEP-V2-0004849,5,2025-05-01,2025-05-04,2025-05-26,22,High Tempo,4,4,True,Remote/Difficult Terrain
P-001447,DEP-V2-0004850,4,2025-04-01,2025-04-04,2025-04-24,20,High Tempo,3,4,True,Remote/Difficult Terrain
P-001447,DEP-V2-0004851,5,2025-05-01,2025-05-02,2025-05-26,24,High Tempo,5,3,True,Remote/Difficult Terrain
P-001447,DEP-V2-0004852,6,2025-06-01,2025-06-03,2025-06-23,20,High Tempo,4,3,True,Semi-Urban Outpost
P-001447,DEP-V2-0004853,7,2025-07-01,2025-07-02,2025-07-23,21,High Tempo,3,3,False,Remote/Difficult Terrain
P-001447,DEP-V2-0004854,8,2025-08-01,2025-08-03,2025-08-26,23,High Tempo,3,4,True,Remote/Difficult Terrain
P-001449,DEP-V2-0004855,4,2025-04-01,2025-04-04,2025-04-28,24,High Tempo,4,3,True,Semi-Urban Outpost
P-001449,DEP-V2-0004856,5,2025-05-01,2025-05-02,2025-05-26,24,High Tempo,4,3,True,Remote/Difficult Terrain
P-001449,DEP-V2-0004857,6,2025-06-01,2025-06-04,2025-06-28,24,High Tempo,4,3,True,Remote/Difficult Terrain
P-001449,DEP-V2-0004858,7,2025-07-01,2025-07-03,2025-07-26,23,High Tempo,4,3,True,Remote/Difficult Terrain
P-001449,DEP-V2-0004859,8,2025-08-01,2025-08-03,2025-08-24,21,High Tempo,4,3,True,Semi-Urban Outpost
P-001450,DEP-V2-0004860,4,2025-04-01,2025-04-02,2025-04-23,21,Routine,2,1,False,Urban Base
P-001452,DEP-V2-0004861,4,2025-04-01,2025-04-04,2025-04-28,24,High Tempo,4,5,True,Remote/Difficult Terrain
P-001452,DEP-V2-0004862,5,2025-05-01,2025-05-05,2025-05-25,20,Extended,4,5,True,Remote/Difficult Terrain
P-001452,DEP-V2-0004863,6,2025-06-01,2025-06-03,2025-06-26,23,High Tempo,4,5,True,High Altitude/Extreme
P-001452,DEP-V2-0004864,7,2025-07-01,2025-07-02,2025-07-24,22,High Tempo,4,5,True,Remote/Difficult Terrain
P-001452,DEP-V2-0004865,8,2025-08-01,2025-08-04,2025-08-26,22,High Tempo,4,5,True,High Altitude/Extreme
P-001452,DEP-V2-0004866,9,2025-09-01,2025-09-03,2025-09-25,22,Extended,4,5,True,High Altitude/Extreme
P-001452,DEP-V2-0004867,10,2025-10-01,2025-10-04,2025-10-23,19,High Tempo,5,5,True,Remote/Difficult Terrain
P-001452,DEP-V2-0004868,11,2025-11-01,2025-11-05,2025-11-28,23,High Tempo,5,5,True,Remote/Difficult Terrain
P-001453,DEP-V2-0004869,4,2025-04-01,2025-04-03,2025-04-25,22,High Tempo,4,3,True,Semi-Urban Outpost
P-001453,DEP-V2-0004870,5,2025-05-01,2025-05-05,2025-05-28,23,High Tempo,5,4,True,Semi-Urban Outpost
P-001453,DEP-V2-0004871,6,2025-06-01,2025-06-03,2025-06-26,23,High Tempo,4,4,True,Semi-Urban Outpost
P-001453,DEP-V2-0004872,7,2025-07-01,2025-07-03,2025-07-24,21,High Tempo,4,4,True,Semi-Urban Outpost
P-001453,DEP-V2-0004873,8,2025-08-01,2025-08-04,2025-08-25,21,High Tempo,4,4,True,Remote/Difficult Terrain
P-001454,DEP-V2-0004874,3,2025-03-01,2025-03-04,2025-03-28,24,Extended,4,4,True,Remote/Difficult Terrain
P-001454,DEP-V2-0004875,4,2025-04-01,2025-04-03,2025-04-26,23,Extended,5,4,True,High Altitude/Extreme
P-001454,DEP-V2-0004876,5,2025-05-01,2025-05-02,2025-05-24,22,Extended,4,4,True,High Altitude/Extreme
P-001454,DEP-V2-0004877,6,2025-06-01,2025-06-04,2025-06-25,21,Extended,4,5,True,High Altitude/Extreme
P-001454,DEP-V2-0004878,7,2025-07-01,2025-07-04,2025-07-25,21,Extended,3,5,True,Remote/Difficult Terrain
P-001454,DEP-V2-0004879,8,2025-08-01,2025-08-02,2025-08-26,24,Extended,4,5,True,Remote/Difficult Terrain
P-001454,DEP-V2-0004880,9,2025-09-01,2025-09-03,2025-09-24,21,Extended,3,5,True,Remote/Difficult Terrain
P-001455,DEP-V2-0004881,3,2025-03-01,2025-03-05,2025-03-23,18,Extended,3,4,True,High Altitude/Extreme
P-001455,DEP-V2-0004882,4,2025-04-01,2025-04-03,2025-04-27,24,Extended,4,4,True,Remote/Difficult Terrain
P-001455,DEP-V2-0004883,5,2025-05-01,2025-05-03,2025-05-28,25,Extended,4,5,True,High Altitude/Extreme
P-001455,DEP-V2-0004884,6,2025-06-01,2025-06-04,2025-06-25,21,Extended,5,4,True,High Altitude/Extreme
P-001455,DEP-V2-0004885,7,2025-07-01,2025-07-02,2025-07-28,26,Extended,3,5,True,High Altitude/Extreme
P-001455,DEP-V2-0004886,8,2025-08-01,2025-08-03,2025-08-25,22,Extended,4,5,True,High Altitude/Extreme
P-001455,DEP-V2-0004887,9,2025-09-01,2025-09-05,2025-09-27,22,Extended,4,4,True,High Altitude/Extreme
P-001457,DEP-V2-0004888,4,2025-04-01,2025-04-02,2025-04-23,21,Extended,4,5,True,High Altitude/Extreme
P-001457,DEP-V2-0004889,5,2025-05-01,2025-05-05,2025-05-27,22,Extended,5,5,True,Remote/Difficult Terrain
P-001457,DEP-V2-0004890,6,2025-06-01,2025-06-02,2025-06-26,24,Extended,4,5,True,Remote/Difficult Terrain
P-001457,DEP-V2-0004891,7,2025-07-01,2025-07-03,2025-07-28,25,Extended,4,4,True,High Altitude/Extreme
P-001457,DEP-V2-0004892,8,2025-08-01,2025-08-04,2025-08-25,21,Extended,5,5,True,High Altitude/Extreme
P-001457,DEP-V2-0004893,9,2025-09-01,2025-09-02,2025-09-27,25,Extended,5,4,True,High Altitude/Extreme
P-001457,DEP-V2-0004894,10,2025-10-01,2025-10-02,2025-10-23,21,Extended,4,5,True,High Altitude/Extreme
P-001457,DEP-V2-0004895,11,2025-11-01,2025-11-04,2025-11-26,22,High Tempo,5,5,True,Remote/Difficult Terrain
P-001458,DEP-V2-0004896,4,2025-04-01,2025-04-02,2025-04-24,22,Routine,2,1,False,Urban Base
P-001459,DEP-V2-0004897,3,2025-03-01,2025-03-04,2025-03-23,19,Extended,4,5,True,High Altitude/Extreme
P-001459,DEP-V2-0004898,4,2025-04-01,2025-04-03,2025-04-25,22,Extended,5,4,True,High Altitude/Extreme
P-001459,DEP-V2-0004899,5,2025-05-01,2025-05-02,2025-05-28,26,Extended,3,4,True,High Altitude/Extreme
P-001459,DEP-V2-0004900,6,2025-06-01,2025-06-03,2025-06-28,25,Extended,3,5,True,Remote/Difficult Terrain
P-001459,DEP-V2-0004901,7,2025-07-01,2025-07-03,2025-07-28,25,Extended,4,4,True,Remote/Difficult Terrain
P-001459,DEP-V2-0004902,8,2025-08-01,2025-08-03,2025-08-23,20,Extended,5,4,True,High Altitude/Extreme
P-001459,DEP-V2-0004903,9,2025-09-01,2025-09-05,2025-09-24,19,Extended,3,4,True,High Altitude/Extreme
P-001461,DEP-V2-0004904,3,2025-03-01,2025-03-02,2025-03-28,26,Extended,3,4,True,Remote/Difficult Terrain
P-001461,DEP-V2-0004905,4,2025-04-01,2025-04-02,2025-04-28,26,Extended,5,5,True,High Altitude/Extreme
P-001461,DEP-V2-0004906,5,2025-05-01,2025-05-03,2025-05-23,20,Extended,3,4,True,Remote/Difficult Terrain
P-001461,DEP-V2-0004907,6,2025-06-01,2025-06-02,2025-06-27,25,Extended,3,4,True,High Altitude/Extreme
P-001461,DEP-V2-0004908,7,2025-07-01,2025-07-05,2025-07-23,18,Extended,5,5,True,High Altitude/Extreme
P-001461,DEP-V2-0004909,8,2025-08-01,2025-08-02,2025-08-24,22,Extended,3,4,True,High Altitude/Extreme
P-001461,DEP-V2-0004910,9,2025-09-01,2025-09-05,2025-09-24,19,Extended,4,5,True,Remote/Difficult Terrain
P-001462,DEP-V2-0004911,4,2025-04-01,2025-04-02,2025-04-23,21,High Tempo,5,4,True,High Altitude/Extreme
P-001462,DEP-V2-0004912,5,2025-05-01,2025-05-04,2025-05-27,23,Extended,5,5,True,Remote/Difficult Terrain
P-001462,DEP-V2-0004913,6,2025-06-01,2025-06-04,2025-06-24,20,Extended,5,4,True,High Altitude/Extreme
P-001462,DEP-V2-0004914,7,2025-07-01,2025-07-03,2025-07-25,22,Extended,5,5,True,High Altitude/Extreme
P-001462,DEP-V2-0004915,8,2025-08-01,2025-08-04,2025-08-23,19,High Tempo,4,4,True,Remote/Difficult Terrain
P-001462,DEP-V2-0004916,9,2025-09-01,2025-09-05,2025-09-27,22,High Tempo,4,5,True,High Altitude/Extreme
P-001462,DEP-V2-0004917,10,2025-10-01,2025-10-02,2025-10-26,24,Extended,4,4,True,High Altitude/Extreme
P-001462,DEP-V2-0004918,11,2025-11-01,2025-11-04,2025-11-26,22,High Tempo,5,5,True,High Altitude/Extreme
P-001465,DEP-V2-0004919,4,2025-04-01,2025-04-04,2025-04-24,20,High Tempo,3,4,True,Remote/Difficult Terrain
P-001465,DEP-V2-0004920,5,2025-05-01,2025-05-05,2025-05-23,18,High Tempo,4,3,True,Semi-Urban Outpost
P-001465,DEP-V2-0004921,6,2025-06-01,2025-06-05,2025-06-25,20,High Tempo,4,4,True,Semi-Urban Outpost
P-001465,DEP-V2-0004922,7,2025-07-01,2025-07-04,2025-07-26,22,High Tempo,3,3,False,Remote/Difficult Terrain
P-001465,DEP-V2-0004923,8,2025-08-01,2025-08-04,2025-08-28,24,High Tempo,3,3,False,Remote/Difficult Terrain
P-001466,DEP-V2-0004924,4,2025-04-01,2025-04-02,2025-04-23,21,Routine,1,1,False,Urban Base
P-001466,DEP-V2-0004925,5,2025-05-01,2025-05-05,2025-05-26,21,Routine,1,1,False,Urban Base
P-001467,DEP-V2-0004926,2,2025-02-01,2025-02-03,2025-02-23,20,High Tempo,4,4,True,Remote/Difficult Terrain
P-001467,DEP-V2-0004927,3,2025-03-01,2025-03-05,2025-03-25,20,High Tempo,4,4,True,Remote/Difficult Terrain
P-001467,DEP-V2-0004928,4,2025-04-01,2025-04-03,2025-04-23,20,High Tempo,4,4,True,Remote/Difficult Terrain
P-001467,DEP-V2-0004929,5,2025-05-01,2025-05-03,2025-05-24,21,High Tempo,4,4,True,Remote/Difficult Terrain
P-001468,DEP-V2-0004930,4,2025-04-01,2025-04-04,2025-04-28,24,High Tempo,5,4,True,Semi-Urban Outpost
P-001468,DEP-V2-0004931,5,2025-05-01,2025-05-03,2025-05-24,21,High Tempo,3,3,False,Semi-Urban Outpost
P-001468,DEP-V2-0004932,6,2025-06-01,2025-06-05,2025-06-25,20,High Tempo,5,4,True,Remote/Difficult Terrain
P-001468,DEP-V2-0004933,7,2025-07-01,2025-07-05,2025-07-28,23,High Tempo,4,4,True,Remote/Difficult Terrain
P-001468,DEP-V2-0004934,8,2025-08-01,2025-08-03,2025-08-27,24,High Tempo,3,3,False,Remote/Difficult Terrain
P-001469,DEP-V2-0004935,2,2025-02-01,2025-02-03,2025-02-28,25,High Tempo,4,4,True,Remote/Difficult Terrain
P-001469,DEP-V2-0004936,3,2025-03-01,2025-03-05,2025-03-28,23,High Tempo,4,4,True,Remote/Difficult Terrain
P-001469,DEP-V2-0004937,4,2025-04-01,2025-04-05,2025-04-26,21,High Tempo,4,4,True,Remote/Difficult Terrain
P-001469,DEP-V2-0004938,5,2025-05-01,2025-05-05,2025-05-24,19,High Tempo,4,4,True,Remote/Difficult Terrain
P-001470,DEP-V2-0004939,2,2025-02-01,2025-02-02,2025-02-27,25,High Tempo,4,4,True,Remote/Difficult Terrain
P-001470,DEP-V2-0004940,3,2025-03-01,2025-03-03,2025-03-24,21,High Tempo,4,4,True,Remote/Difficult Terrain
P-001470,DEP-V2-0004941,4,2025-04-01,2025-04-02,2025-04-26,24,High Tempo,4,4,True,Remote/Difficult Terrain
P-001470,DEP-V2-0004942,5,2025-05-01,2025-05-05,2025-05-25,20,High Tempo,4,4,True,Remote/Difficult Terrain
