personnel_id,original_ref_id,age,gender,department,job_role,job_level,education_level,education_field,marital_status,distance_from_home,business_travel,overtime_eligible,total_working_years,years_in_service,years_in_current_role,years_since_last_promotion,years_with_curr_supervisor,baseline_env_satisfaction,baseline_job_satisfaction,baseline_job_involvement,baseline_work_life_balance,baseline_rel_satisfaction,performance_rating,training_times_last_year,monthly_income,percent_salary_hike,num_prior_organizations,hr_attrition_historical
P-000001,RM001,41,Female,Sales,Sales Executive,2,2,Life Sciences,Single,1,Travel_Rarely,Yes,8,6,4,0,5.0,2,4,3,1,1,3,0,5993,11,8,Yes
P-000002,RM002,49,Male,Research & Development,Research Scientist,2,1,Life Sciences,Married,8,Travel_Frequently,No,10,10,7,1,7.0,3,2,2,3,4,4,3,5130,23,1,No
P-000003,RM003,37,Male,Research & Development,Laboratory Technician,1,2,Other,Single,2,Travel_Rarely,Yes,7,0,0,0,0.0,4,3,2,3,2,3,3,2090,15,6,Yes
P-000004,RM004,33,Female,Research & Development,Research Scientist,1,4,Life Sciences,Married,3,Travel_Frequently,Yes,8,8,7,3,0.0,4,3,3,3,3,3,3,2909,11,1,No
P-000005,RM005,27,Male,Research & Development,Laboratory Technician,1,1,Medical,Married,2,Travel_Rarely,No,6,2,2,2,2.0,1,2,3,3,4,3,3,3468,12,9,No
P-000006,RM006,32,Male,Research & Development,Laboratory Technician,1,2,Life Sciences,Single,2,Travel_Frequently,No,8,7,7,3,6.0,4,4,3,2,3,3,2,3068,13,0,No
P-000007,RM007,59,Female,Research & Development,Laboratory Technician,1,3,Medical,Married,3,Travel_Rarely,Yes,12,1,0,0,3.0,3,1,4,2,1,4,3,2670,20,4,No
P-000008,RM008,30,Male,Research & Development,Laboratory Technician,1,1,Life Sciences,Divorced,24,Travel_Rarely,No,1,1,0,0,3.0,4,3,3,3,2,4,2,2693,22,1,No
P-000009,RM009,38,Male,Research & Development,Manufacturing Director,3,3,Life Sciences,Single,23,Travel_Frequently,No,10,9,7,1,3.0,4,3,2,3,2,4,2,9526,21,0,No
P-000010,RM010,36,Male,Research & Development,Healthcare Representative,2,3,Medical,Married,27,Travel_Rarely,No,17,7,7,7,7.0,3,3,3,2,2,3,3,5237,13,6,No
P-000011,RM011,35,Male,Research & Development,Laboratory Technician,1,3,Medical,Married,16,Travel_Rarely,No,6,5,4,0,3.0,1,2,4,3,3,3,5,2426,13,0,No
P-000012,RM012,29,Female,Research & Development,Laboratory Technician,2,2,Life Sciences,Single,15,Travel_Rarely,Yes,10,9,5,0,8.0,4,3,2,3,4,3,3,4193,12,0,No
P-000013,RM013,31,Male,Research & Development,Research Scientist,1,1,Life Sciences,Divorced,26,Travel_Rarely,No,5,5,2,4,3.0,1,3,3,2,4,3,1,2911,17,1,No
P-000014,RM014,34,Male,Research & Development,Laboratory Technician,1,2,Medical,Divorced,19,TravelRarely,No,3,2,2,1,2.0,2,4,3,3,3,3,2,2661,11,0,No
P-000015,RM015,28,Male,Research & Development,Laboratory Technician,1,3,Life Sciences,Single,24,Travel_Rarely,Yes,6,4,2,0,3.0,3,3,2,3,2,3,4,2028,14,5,Yes
P-000016,RM016,29,Female,Research & Development,Manufacturing Director,3,4,Life Sciences,Divorced,21,Travel_Rarely,No,10,10,9,8,8.0,2,1,4,3,3,3,1,9980,11,1,No
P-000017,RM017,32,Male,Research & Development,Research Scientist,1,2,Life Sciences,Divorced,5,Travel_Rarely,Yes,7,6,2,0,5.0,1,2,4,2,4,3,5,3298,12,0,No
P-000018,RM018,22,Male,Research & Development,Laboratory Technician,1,2,Medical,Divorced,16,Non-Travel,Yes,1,1,0,0,0.0,4,4,4,2,2,3,2,2935,13,1,No
P-000019,RM019,53,Female,Sales,Manager,4,4,Life Sciences,Married,2,Travel_Rarely,No,31,25,8,3,7.0,1,4,2,3,3,3,3,15427,16,2,No
P-000020,RM020,38,Male,Research & Development,Research Scientist,1,3,Life Sciences,Single,2,Travel_Rarely,Yes,6,3,2,1,2.0,4,4,3,3,3,3,3,3944,11,5,No
P-000021,RM021,24,Female,Research & Development,Manufacturing Director,2,2,Other,Divorced,11,Non-Travel,No,5,4,2,1,3.0,1,3,4,2,4,3,5,4011,18,0,No
P-000022,RM022,36,Male,Sales,Sales Representative,1,4,Life Sciences,Single,9,Travel_Rarely,No,10,5,3,0,3.0,3,1,2,3,2,4,4,3407,23,7,Yes
P-000023,RM023,34,Female,Research & Development,Research Director,3,4,Life Sciences,Single,7,TravelRarely,No,13,12,6,2,3.0,1,2,3,3,3,3,4,11994,11,0,No
P-000024,RM024,21,Male,Research & Development,Research Scientist,1,2,Life Sciences,Single,15,Travel_Rarely,No,0,0,0,0,3.0,3,4,3,3,4,3,6,1232,14,1,No
P-000025,RM025,34,Male,Research & Development,Research Scientist,1,1,Medical,Single,6,Travel_Rarely,No,8,4,2,1,3.0,2,1,3,3,3,3,2,2960,11,2,Yes
P-000026,RM026,53,Female,Research & Development,Manager,5,3,Other,Divorced,5,Travel_Rarely,No,26,14,13,4,3.0,3,3,3,2,4,3,3,19094,11,4,No
P-000027,RM027,32,Female,Research & Development,Research Scientist,1,1,Life Sciences,Single,16,Travel_Frequently,Yes,10,10,2,6,3.0,2,1,1,3,2,4,5,3919,22,1,Yes
P-000028,RM028,42,Male,Sales,Sales Executive,2,4,Marketing,Married,8,Travel_Rarely,No,10,9,7,4,3.0,3,2,3,3,4,3,2,6825,11,0,No
P-000029,RM029,44,Female,Research & Development,Healthcare Representative,3,4,Medical,Married,7,Travel_Rarely,No,24,22,6,5,3.0,1,4,2,3,4,3,4,10248,14,3,No
P-000030,RM030,46,Female,Sales,Manager,5,4,Marketing,Single,2,Travel_Rarely,No,22,2,2,2,3.0,2,1,3,2,4,3,2,18947,12,3,No
P-000031,RM031,33,Male,Research & Development,Laboratory Technician,1,3,Medical,Single,2,Travel_Rarely,No,7,1,1,0,3.0,3,4,3,3,4,3,3,2496,11,4,No
P-000032,RM032,44,Male,Research & Development,Healthcare Representative,2,4,Other,Married,10,Travel_Rarely,Yes,9,4,2,1,3.0,4,4,3,4,4,3,5,6465,13,2,No
P-000033,RM033,30,Male,Research & Development,Laboratory Technician,1,2,Medical,Single,9,Travel_Rarely,No,10,10,0,1,8.0,4,3,2,3,1,3,5,2206,13,1,No
P-000034,RM034,39,Male,Sales,Sales Representative,2,3,Technical Degree,Married,5,Travel_Rarely,No,19,1,0,0,0.0,4,4,3,4,3,3,6,2086,14,3,Yes
P-000035,RM035,24,Male,Research & Development,Research Scientist,1,3,Medical,Married,1,Travel_Rarely,Yes,6,2,0,2,0.0,2,4,3,2,1,3,2,2293,16,2,Yes
P-000036,RM036,43,Female,Research & Development,Research Scientist,1,2,Medical,Divorced,2,Travel_Rarely,No,6,5,3,1,4.0,4,3,4,2,4,3,3,2645,12,1,No
P-000037,RM037,50,Male,Sales,Sales Representative,1,2,Marketing,Married,3,Travel_Rarely,Yes,3,3,2,0,2.0,1,3,2,3,3,3,2,2683,14,1,Yes
P-000038,RM038,35,Female,Sales,Sales Representative,1,3,Marketing,Married,2,Travel_Rarely,No,2,2,2,2,2.0,4,4,3,3,1,3,3,2014,13,1,No
P-000039,RM039,36,Female,Research & Development,Research Scientist,1,4,Life Sciences,Married,5,Travel_Rarely,Yes,6,1,1,0,0.0,2,1,2,4,4,3,3,3419,14,9,No
P-000040,RM040,33,Female,Sales,Sales Executive,2,3,Life Sciences,Married,1,Travel_Frequently,No,10,5,3,1,3.0,3,1,4,3,1,3,3,5376,19,2,No
P-000041,RM041,35,Male,Research & Development,Laboratory Technician,1,2,Other,Divorced,4,Travel_Rarely,No,1,1,0,0,0.0,3,4,3,3,3,3,3,1951,12,1,No
P-000042,RM042,27,Female,Research & Development,Laboratory Technician,1,4,Life Sciences,Divorced,2,Travel_Rarely,No,1,1,0,0,0.0,4,1,3,3,4,3,6,2341,13,1,No
P-000043,RM043,26,Male,Research & Development,Laboratory Technician,1,3,Life Sciences,Single,25,Travel_Rarely,No,1,1,0,0,1.0,1,3,1,2,3,3,2,2293,12,1,Yes
P-000044,RM044,27,Male,Sales,Sales Executive,3,3,Life Sciences,Single,8,Travel_Frequently,No,9,9,8,1,7.0,4,3,3,3,4,3,0,8726,15,1,No
P-000045,RM045,30,Female,Research & Development,Laboratory Technician,2,2,Medical,Single,1,Travel_Frequently,No,12,12,8,3,7.0,3,4,3,3,4,4,2,4011,23,1,No
P-000046,RM046,41,Female,Research & Development,Research Director,5,3,Technical Degree,Married,12,Travel_Rarely,No,23,22,15,15,8.0,2,3,3,3,4,3,0,19545,12,1,Yes
P-000047,RM047,34,Male,Sales,Sales Executive,2,4,Marketing,Single,23,Non-Travel,No,10,9,5,8,7.0,2,3,3,3,3,4,2,4568,20,0,No
P-000048,RM048,37,Male,Research & Development,Research Scientist,1,2,Life Sciences,Married,19,Travel_Rarely,No,8,1,0,0,0.0,2,2,3,3,1,4,1,3022,21,4,No
P-000049,RM049,46,Male,Sales,Sales Executive,2,4,Marketing,Single,5,Travel_Frequently,Yes,14,9,6,0,8.0,1,4,3,3,3,4,4,5772,21,4,No
P-000050,RM050,35,Male,Research & Development,Laboratory Technician,1,1,Life Sciences,Married,8,Travel_Rarely,No,1,1,0,0,1.0,4,4,4,3,4,3,2,2269,19,1,No
P-000051,RM051,48,Male,Research & Development,Laboratory Technician,3,2,Life Sciences,Single,1,Travel_Rarely,Yes,23,1,0,0,0.0,1,3,2,3,4,3,2,5381,13,9,Yes
P-000052,RM052,28,Male,Research & Development,Laboratory Technician,1,4,Technical Degree,Single,5,Travel_Rarely,Yes,2,2,2,2,2.0,3,3,3,2,3,3,3,3441,13,1,Yes
P-000053,RM053,44,Female,Sales,Sales Executive,2,5,Marketing,Divorced,1,Travel_Rarely,Yes,9,4,3,1,3.0,2,1,3,2,3,4,2,5454,21,5,No
P-000054,RM054,35,Male,Research & Development,Healthcare Representative,3,2,Medical,Married,11,Non-Travel,Yes,10,4,0,2,3.0,3,1,2,3,3,3,3,9884,13,2,No
P-000055,RM055,26,Female,Sales,Sales Executive,2,3,Marketing,Married,23,Travel_Rarely,Yes,5,2,2,0,0.0,3,4,2,2,3,3,2,4157,19,7,No
P-000056,RM056,33,Female,Research & Development,Research Director,3,2,Life Sciences,Single,1,Travel_Frequently,Yes,15,15,14,8,12.0,1,4,3,3,3,3,1,13458,12,1,No
P-000057,RM057,35,Male,Sales,Sales Executive,3,5,Life Sciences,Married,18,Travel_Frequently,No,9,9,8,1,8.0,2,1,3,2,4,4,3,9069,22,1,No
P-000058,RM058,35,Female,Research & Development,Laboratory Technician,1,4,Medical,Married,23,Travel_Rarely,Yes,4,2,2,2,2.0,3,1,3,3,3,3,3,4014,15,3,No
P-000059,RM059,31,Male,Research & Development,Laboratory Technician,2,4,Life Sciences,Divorced,7,Travel_Rarely,No,10,7,7,1,7.0,4,4,3,2,4,4,3,5915,22,3,No
P-000060,RM060,37,Male,Research & Development,Manufacturing Director,2,4,Life Sciences,Divorced,1,Travel_Rarely,No,7,7,5,0,7.0,1,3,2,4,3,3,2,5993,18,1,No
P-000061,RM061,32,Male,Research & Development,Manufacturing Director,2,3,Medical,Married,1,Travel_Rarely,Yes,9,9,8,7,8.0,1,4,3,3,2,4,3,6162,22,1,No
P-000062,RM062,38,Female,Research & Development,Laboratory Technician,2,5,Life Sciences,Single,29,Travel_Frequently,No,10,10,3,9,9.0,4,4,3,3,4,3,2,2406,11,1,No
P-000063,RM063,50,Female,Research & Development,Research Director,5,2,Medical,Divorced,7,Travel_Rarely,Yes,29,27,3,13,8.0,2,3,2,2,4,3,2,18740,12,5,No
P-000064,RM064,59,Female,Sales,Sales Executive,3,3,Life Sciences,Single,25,Travel_Rarely,No,28,21,16,7,9.0,1,1,3,2,4,3,3,7637,11,7,No
P-000065,RM065,36,Female,Research & Development,Healthcare Representative,3,3,Technical Degree,Divorced,8,Travel_Rarely,No,17,17,14,12,8.0,3,3,3,3,2,3,2,10096,13,1,No
P-000066,RM066,55,Female,Research & Development,Manager,4,3,Medical,Divorced,8,Travel_Rarely,Yes,21,5,0,0,2.0,4,3,3,3,3,3,2,14756,14,2,No
P-000067,RM067,36,Male,Research & Development,Manufacturing Director,2,3,Life Sciences,Single,11,Travel_Frequently,No,6,6,5,0,3.0,2,2,2,3,3,3,3,6499,13,1,No
P-000068,RM068,45,Male,Research & Development,Research Scientist,3,3,Life Sciences,Divorced,7,Travel_Rarely,No,25,1,0,0,0.0,2,1,3,3,3,3,2,9724,17,2,No
P-000069,RM069,35,Male,Research & Development,Research Scientist,1,3,Medical,Married,1,Travel_Frequently,No,5,3,2,1,2.0,2,1,3,2,4,3,2,2194,13,4,No
P-000070,RM070,36,Male,Research & Development,Research Scientist,1,3,Medical,Married,9,Travel_Rarely,Yes,2,1,0,0,3.0,4,3,2,2,1,3,0,3388,17,0,Yes
P-000071,RM071,59,Female,Sales,Sales Executive,2,1,Life Sciences,Single,1,Travel_Frequently,No,20,4,3,1,3.0,1,3,2,2,4,3,2,5473,11,7,No
P-000072,RM072,29,Male,Research & Development,Research Scientist,1,3,Life Sciences,Married,2,Travel_Rarely,No,6,5,4,0,3.0,3,2,3,3,4,4,3,2703,23,0,No
P-000073,RM073,31,Male,Research & Development,Research Scientist,1,4,Medical,Single,1,Travel_Rarely,No,1,1,1,1,3.0,3,2,3,3,2,3,4,2501,17,1,No
P-000074,RM074,32,Male,Research & Development,Research Scientist,2,3,Life Sciences,Married,1,Travel_Rarely,No,10,10,4,0,3.0,2,2,3,3,2,3,3,6220,17,1,No
P-000075,RM075,36,Female,Research & Development,Laboratory Technician,1,3,Life Sciences,Married,6,Travel_Rarely,No,5,1,0,0,3.0,2,4,4,3,2,3,3,3038,12,3,No
P-000076,RM076,31,Female,Research & Development,Manufacturing Director,2,4,Life Sciences,Single,8,Travel_Rarely,No,11,11,7,1,3.0,3,4,3,3,4,4,2,4424,23,1,No
P-000077,RM077,35,Male,Sales,Sales Executive,2,4,Marketing,Single,1,Travel_Rarely,No,16,15,13,2,3.0,3,1,2,3,2,3,2,4312,14,0,No
P-000078,RM078,45,Male,Research & Development,Research Director,3,4,Other,Married,6,Travel_Rarely,Yes,17,0,0,0,3.0,4,1,3,4,2,3,3,13245,14,4,No
P-000079,RM079,37,Male,Research & Development,Research Director,3,4,Medical,Single,7,Travel_Rarely,No,16,5,2,0,2.0,1,3,3,4,1,3,3,13664,13,4,No
P-000080,RM080,46,Male,Human Resources,Human Resources,2,2,Medical,Divorced,5,Travel_Rarely,Yes,16,4,2,0,2.0,2,2,3,3,4,4,2,5021,22,8,No
P-000081,RM081,30,Male,Research & Development,Laboratory Technician,2,1,Life Sciences,Married,1,Travel_Rarely,Yes,10,10,8,3,0.0,4,4,2,2,3,3,1,5126,12,1,No
P-000082,RM082,35,Male,Research & Development,Research Scientist,1,3,Medical,Single,1,Travel_Rarely,No,6,6,4,0,4.0,2,3,2,3,1,3,3,2859,18,1,No
P-000083,RM083,55,Male,Sales,Sales Executive,3,2,Life Sciences,Married,1,Travel_Rarely,No,24,1,0,1,0.0,1,4,3,3,4,3,4,10239,14,3,No
P-000084,RM084,38,Female,Research & Development,Research Scientist,2,3,Medical,Divorced,6,Non-Travel,Yes,17,13,11,1,9.0,2,4,1,3,4,3,3,5329,12,7,No
P-000085,RM085,34,Male,Research & Development,Manufacturing Director,2,2,Medical,Married,1,Travel_Rarely,No,5,5,2,1,3.0,1,2,3,3,3,3,2,4325,15,1,No
P-000086,RM086,56,Male,Research & Development,Manufacturing Director,3,3,Life Sciences,Single,7,Travel_Rarely,No,37,6,4,0,2.0,4,4,1,2,1,3,3,7260,11,4,No
P-000087,RM087,23,Male,Sales,Sales Representative,1,1,Technical Degree,Divorced,2,Travel_Rarely,No,3,0,0,0,0.0,3,1,3,3,3,3,3,2322,13,3,No
P-000088,RM088,51,Male,Research & Development,Laboratory Technician,1,4,Life Sciences,Married,9,Travel_Rarely,No,10,4,2,0,3.0,4,4,3,3,2,4,4,2075,23,3,No
P-000089,RM089,30,Male,Research & Development,Healthcare Representative,2,3,Life Sciences,Married,2,Travel_Rarely,No,11,11,10,10,8.0,3,4,2,3,1,3,3,4152,19,1,No
P-000090,RM090,46,Male,Sales,Sales Executive,3,2,Medical,Single,9,Travel_Rarely,No,9,9,8,4,7.0,3,4,2,3,4,3,3,9619,16,1,Yes
P-000091,RM091,40,Male,Research & Development,Healthcare Representative,4,4,Life Sciences,Married,1,Travel_Frequently,No,22,22,3,11,11.0,3,2,2,2,4,4,3,13503,22,1,No
P-000092,RM092,51,Male,Sales,Sales Executive,2,4,Marketing,Single,21,Travel_Rarely,Yes,11,10,7,1,0.0,3,4,3,1,4,4,2,5441,22,0,No
P-000093,RM093,30,Female,Sales,Sales Executive,2,2,Medical,Divorced,4,Travel_Rarely,Yes,11,11,8,2,7.0,3,2,2,2,2,3,4,5209,12,1,No
P-000094,RM094,46,Male,Research & Development,Healthcare Representative,3,3,Medical,Married,1,Travel_Frequently,Yes,21,10,9,9,5.0,3,1,2,2,3,3,5,10673,13,2,No
P-000095,RM095,32,Male,Sales,Sales Executive,2,4,Medical,Single,6,Travel_Rarely,No,12,11,8,5,7.0,2,3,3,3,1,3,0,5010,16,1,No
P-000096,RM096,54,Female,Research & Development,Research Director,3,4,Technical Degree,Married,2,Travel_Rarely,No,16,4,3,0,3.0,1,3,3,1,1,3,5,13549,12,9,No
P-000097,RM097,24,Female,Sales,Sales Executive,2,2,Other,Married,3,Travel_Rarely,No,4,3,2,0,2.0,1,3,3,2,1,4,2,4999,21,0,No
P-000098,RM098,28,Male,Sales,Sales Executive,2,3,Medical,Married,4,Non-Travel,No,5,5,4,0,4.0,2,3,3,4,2,3,3,4221,15,1,No
P-000099,RM099,58,Male,Sales,Sales Executive,4,4,Medical,Single,10,Travel_Rarely,No,38,37,10,1,8.0,4,3,3,2,3,3,1,13872,13,0,No
P-000100,RM100,44,Male,Research & Development,Laboratory Technician,2,3,Medical,Married,23,Non-Travel,No,17,3,2,1,2.0,2,2,3,4,3,3,3,2042,12,4,No
P-000101,RM1000,42,Female,Human Resources,Manager,4,3,Human Resources,Married,10,Travel_Rarely,No,21,20,7,0,9.0,3,1,3,3,3,3,5,16799,14,0,No
P-000102,RM1001,52,Female,Research & Development,Laboratory Technician,1,4,Other,Married,8,Travel_Rarely,No,12,5,4,0,4.0,3,1,3,1,3,3,2,2950,13,9,No
P-000103,RM1002,37,Female,Research & Development,Laboratory Technician,1,3,Medical,Single,11,Travel_Rarely,No,8,3,2,0,2.0,1,3,3,3,1,3,6,3629,18,4,No
P-000104,RM1003,35,Male,Research & Development,Manufacturing Director,3,2,Life Sciences,Single,18,Travel_Frequently,No,10,2,2,2,2.0,3,4,3,3,3,3,2,9362,11,2,No
P-000105,RM1004,25,Male,Research & Development,Laboratory Technician,1,3,Technical Degree,Married,1,Travel_Rarely,No,7,3,2,0,2.0,1,4,3,2,2,3,2,3229,11,4,No
P-000106,RM1005,26,Male,Research & Development,Laboratory Technician,1,3,Other,Single,7,Travel_Rarely,No,8,7,7,0,7.0,3,1,4,3,4,3,2,3578,12,0,No
P-000107,RM1006,29,Male,Human Resources,Human Resources,3,3,Other,Single,17,Travel_Rarely,No,10,10,9,0,9.0,2,1,2,2,1,3,3,7988,13,1,No
P-000108,RM1007,49,Male,Research & Development,Laboratory Technician,2,2,Life Sciences,Single,28,Travel_Frequently,No,20,4,3,1,3.0,1,1,2,3,1,4,2,4284,20,3,Yes
P-000109,RM1008,29,Female,Research & Development,Healthcare Representative,3,1,Other,Single,14,Travel_Frequently,Yes,9,8,7,7,7.0,3,4,3,3,1,3,1,7553,12,0,Yes
P-000110,RM1009,54,Female,Research & Development,Research Director,4,3,Medical,Single,1,Travel_Rarely,No,29,20,7,12,7.0,4,4,3,2,4,3,3,17328,19,6,No
P-000111,RM101,37,Male,Human Resources,Human Resources,1,4,Human Resources,Divorced,6,Travel_Rarely,Yes,7,3,2,0,2.0,3,1,3,3,4,4,3,2073,22,4,Yes
P-000112,RM1010,58,Female,Research & Development,Research Director,5,3,Medical,Married,1,Travel_Rarely,Yes,32,9,8,1,5.0,4,1,3,3,3,4,3,19701,21,3,No
P-000113,RM1011,55,Male,Research & Development,Research Director,4,4,Medical,Divorced,1,Travel_Rarely,No,31,7,7,0,0.0,2,4,4,4,4,3,4,14732,13,2,No
P-000114,RM1012,36,Female,Sales,Sales Executive,2,4,Marketing,Single,3,Travel_Rarely,Yes,15,5,4,0,1.0,1,2,3,3,4,3,3,9278,16,3,No
P-000115,RM1013,31,Female,Sales,Sales Representative,1,4,Life Sciences,Single,1,Travel_Frequently,No,1,1,0,0,0.0,2,3,1,3,2,3,3,1359,12,1,Yes
P-000116,RM1014,30,Female,Sales,Sales Executive,2,4,Marketing,Divorced,7,Travel_Rarely,No,8,3,2,0,2.0,4,1,3,3,2,3,3,4779,14,7,No
P-000117,RM1015,31,Female,Research & Development,Research Director,4,5,Life Sciences,Single,8,Travel_Rarely,No,9,3,2,1,0.0,1,2,3,4,3,3,3,16422,11,3,No
P-000118,RM1016,34,Male,Research & Development,Research Scientist,1,4,Other,Divorced,1,Travel_Frequently,No,10,4,3,1,3.0,4,1,3,3,3,3,2,2996,14,5,No
P-000119,RM1017,31,Female,Research & Development,Research Scientist,1,3,Life Sciences,Single,8,Travel_Rarely,No,1,1,0,0,0.0,1,2,2,4,3,3,3,1261,12,1,Yes
P-000120,RM1018,27,Male,Research & Development,Laboratory Technician,1,1,Life Sciences,Married,11,Travel_Rarely,No,6,5,0,1,4.0,2,1,3,4,2,3,3,2099,14,0,No
P-000121,RM1019,36,Male,Research & Development,Laboratory Technician,2,4,Life Sciences,Single,4,Travel_Rarely,No,10,10,4,1,8.0,1,4,2,2,3,3,2,5810,16,1,No
P-000122,RM102,32,Male,Research & Development,Research Scientist,1,1,Life Sciences,Single,1,Travel_Rarely,No,1,1,0,0,0.0,4,1,3,3,4,3,2,2956,13,1,No
P-000123,RM1020,36,Female,Sales,Sales Executive,2,4,Marketing,Married,16,Travel_Rarely,No,11,3,2,0,2.0,3,1,2,2,1,3,3,5647,13,4,No
P-000124,RM1021,47,Male,Research & Development,Research Scientist,1,3,Technical Degree,Married,1,Travel_Rarely,No,17,6,5,1,2.0,1,4,3,2,3,3,2,3420,12,7,No
P-000125,RM1022,25,Male,Sales,Sales Representative,1,2,Life Sciences,Married,9,Travel_Rarely,No,6,3,2,2,2.0,1,1,2,3,1,3,2,4400,12,3,Yes
P-000126,RM1023,37,Male,Research & Development,Laboratory Technician,1,2,Technical Degree,Single,5,Non-Travel,No,7,6,5,1,3.0,3,3,4,1,1,3,2,3500,14,0,No
P-000127,RM1024,56,Female,Research & Development,Research Scientist,1,2,Life Sciences,Married,1,Travel_Rarely,No,5,3,2,1,0.0,1,1,3,4,4,4,3,2066,22,2,No
P-000128,RM1025,47,Female,Research & Development,Research Director,4,4,Medical,Married,2,Travel_Rarely,No,26,20,17,5,6.0,1,3,3,4,2,3,2,17169,19,3,No
P-000129,RM1026,24,Female,Sales,Sales Executive,2,1,Medical,Married,4,Travel_Rarely,Yes,5,5,4,0,3.0,4,3,3,3,3,3,3,4162,12,1,No
P-000130,RM1027,32,Male,Sales,Sales Executive,2,5,Marketing,Married,7,Travel_Rarely,No,7,4,3,0,3.0,4,4,3,2,3,3,3,9204,12,4,No
P-000131,RM1028,34,Female,Research & Development,Laboratory Technician,1,3,Life Sciences,Married,1,Travel_Rarely,No,7,5,4,0,2.0,4,2,2,2,1,3,2,3294,17,5,No
P-000132,RM1029,41,Male,Research & Development,Research Scientist,1,5,Medical,Married,5,Travel_Rarely,Yes,7,4,2,0,3.0,2,3,4,2,1,3,5,2127,12,2,No
P-000133,RM103,20,Female,Research & Development,Laboratory Technician,1,3,Life Sciences,Single,6,Travel_Frequently,Yes,1,1,0,1,0.0,4,4,2,3,2,3,5,2926,18,1,Yes
P-000134,RM1030,40,Male,Research & Development,Laboratory Technician,2,4,Other,Divorced,9,Non-Travel,No,11,8,7,0,7.0,3,3,3,4,3,3,2,3975,11,3,No
P-000135,RM1031,31,Male,Sales,Sales Executive,3,2,Life Sciences,Divorced,8,Travel_Rarely,No,13,13,7,9,9.0,1,4,3,3,1,3,5,10793,18,1,No
P-000136,RM1032,46,Male,Sales,Sales Executive,3,3,Marketing,Divorced,9,Travel_Rarely,No,28,7,7,4,3.0,1,4,3,4,1,3,1,10096,11,4,Yes
P-000137,RM1033,39,Female,Research & Development,Laboratory Technician,1,3,Life Sciences,Single,2,Non-Travel,Yes,11,1,0,0,0.0,1,1,2,4,2,4,2,3646,23,2,Yes
P-000138,RM1034,31,Female,Research & Development,Manufacturing Director,3,5,Life Sciences,Single,1,Travel_Frequently,No,10,10,8,4,7.0,3,2,4,3,1,3,2,7446,11,1,Yes
P-000139,RM1035,45,Male,Research & Development,Healthcare Representative,3,3,Medical,Divorced,20,Travel_Rarely,Yes,24,7,7,0,7.0,2,1,1,3,2,3,2,10851,18,2,No
P-000140,RM1036,31,Female,Human Resources,Human Resources,1,2,Medical,Single,8,Travel_Rarely,No,8,3,2,0,2.0,4,2,4,3,4,3,3,2109,18,9,No
P-000141,RM1037,31,Male,Research & Development,Laboratory Technician,1,3,Life Sciences,Married,2,Travel_Frequently,Yes,7,2,2,2,2.0,2,4,3,1,3,3,2,3722,13,6,Yes
P-000142,RM1038,45,Male,Research & Development,Manufacturing Director,3,3,Technical Degree,Married,29,Travel_Rarely,Yes,10,3,1,1,2.0,2,4,3,4,4,3,4,9380,18,4,No
P-000143,RM1039,48,Male,Sales,Sales Executive,2,3,Marketing,Divorced,7,Travel_Rarely,No,15,2,2,2,2.0,3,1,3,3,1,3,3,5486,11,4,No
P-000144,RM104,34,Female,Research & Development,Research Scientist,2,4,Other,Single,6,Travel_Rarely,No,16,16,13,2,10.0,1,3,3,3,3,3,3,4809,14,1,No
P-000145,RM1040,34,Female,Human Resources,Human Resources,1,4,Technical Degree,Married,9,Travel_Rarely,No,2,2,2,2,2.0,1,3,3,3,4,3,0,2742,15,1,Yes
P-000146,RM1041,40,Male,Research & Development,Research Director,3,1,Medical,Divorced,8,Non-Travel,No,16,9,8,4,8.0,4,2,2,3,3,3,5,13757,11,2,No
P-000147,RM1042,28,Male,Sales,Sales Executive,2,3,Medical,Single,5,Travel_Rarely,No,6,5,4,1,3.0,4,1,3,3,4,3,4,8463,18,0,No
P-000148,RM1043,44,Male,Research & Development,Laboratory Technician,1,3,Life Sciences,Single,5,Non-Travel,No,7,5,2,0,3.0,3,3,2,3,4,3,5,3162,14,3,No
P-000149,RM1044,53,Male,Research & Development,Research Director,4,3,Medical,Single,2,Travel_Rarely,No,35,9,8,8,8.0,4,2,4,2,2,3,2,16598,12,4,No
P-000150,RM1045,49,Male,Research & Development,Healthcare Representative,2,4,Technical Degree,Married,5,Travel_Rarely,No,20,3,2,1,2.0,1,3,3,2,2,3,0,6651,14,2,No
P-000151,RM1046,40,Male,Research & Development,Research Scientist,1,3,Medical,Divorced,2,Travel_Rarely,No,8,3,1,1,2.0,3,3,3,4,3,3,3,2345,14,2,No
P-000152,RM1047,44,Male,Research & Development,Research Scientist,1,3,Life Sciences,Single,20,Travel_Rarely,No,6,5,2,1,3.0,4,2,3,2,3,3,3,3420,13,1,No
P-000153,RM1048,33,Male,Sales,Sales Executive,2,3,Medical,Married,7,Travel_Frequently,No,5,4,3,0,3.0,4,1,3,3,1,3,2,4373,14,0,No
P-000154,RM1049,34,Male,Sales,Sales Executive,2,3,Other,Single,3,Travel_Rarely,No,15,13,9,3,12.0,4,1,1,3,4,3,2,4759,18,3,No
P-000155,RM105,37,Male,Research & Development,Healthcare Representative,2,2,Life Sciences,Divorced,2,Non-Travel,No,17,1,0,0,0.0,3,4,2,4,4,3,2,5163,14,5,No
P-000156,RM1050,30,Male,Sales,Sales Executive,2,1,Life Sciences,Married,16,Travel_Rarely,No,4,2,1,2,2.0,4,3,3,2,3,3,2,5301,15,8,No
P-000157,RM1051,42,Female,Research & Development,Laboratory Technician,1,2,Medical,Single,9,Travel_Frequently,No,12,12,9,5,8.0,1,4,3,3,3,3,3,3673,13,1,No
P-000158,RM1052,44,Female,Sales,Sales Executive,2,5,Marketing,Married,1,Travel_Frequently,No,11,1,0,0,0.0,1,3,3,2,3,3,4,4768,12,7,No
P-000159,RM1053,30,Male,Research & Development,Research Scientist,1,3,Technical Degree,Divorced,7,Non-Travel,No,1,1,0,0,0.0,3,3,3,2,2,3,2,1274,13,1,No
P-000160,RM1054,57,Male,Research & Development,Research Scientist,2,2,Life Sciences,Married,1,Travel_Rarely,No,13,12,9,2,8.0,2,3,4,2,1,4,2,4900,24,0,No
P-000161,RM1055,49,Male,Research & Development,Healthcare Representative,3,4,Life Sciences,Divorced,7,Travel_Rarely,No,29,8,7,0,7.0,3,2,3,3,2,3,3,10466,14,3,No
P-000162,RM1056,34,Male,Research & Development,Research Director,4,3,Medical,Divorced,15,Travel_Frequently,No,16,14,8,6,9.0,2,1,3,2,4,3,3,17007,14,7,No
P-000163,RM1057,28,Male,Sales,Sales Representative,1,3,Technical Degree,Married,1,Travel_Frequently,No,5,3,2,1,2.0,1,3,3,4,4,3,3,2909,15,3,Yes
P-000164,RM1058,29,Female,Sales,Sales Executive,2,3,Technical Degree,Single,13,Travel_Frequently,No,7,5,3,0,0.0,1,2,3,1,1,3,4,5765,11,5,Yes
P-000165,RM1059,34,Female,Sales,Sales Executive,2,4,Medical,Single,24,Travel_Rarely,Yes,16,15,9,10,10.0,1,2,2,4,3,4,2,4599,23,0,Yes
P-000166,RM106,59,Female,Human Resources,Manager,5,4,Human Resources,Married,2,Non-Travel,No,30,3,2,2,2.0,3,4,2,3,4,4,3,18844,21,9,No
P-000167,RM1060,35,Male,Sales,Sales Representative,1,1,Life Sciences,Married,7,Travel_Rarely,No,1,1,0,0,0.0,4,3,3,3,1,3,3,2404,13,1,No
P-000168,RM1061,24,Male,Research & Development,Laboratory Technician,1,3,Medical,Single,9,Travel_Frequently,Yes,4,0,0,0,0.0,2,1,3,2,3,3,2,3172,11,2,Yes
P-000169,RM1062,24,Female,Sales,Sales Representative,1,2,Life Sciences,Married,13,Non-Travel,No,1,1,0,0,0.0,4,2,3,3,3,3,2,2033,13,1,No
P-000170,RM1063,44,Male,Research & Development,Manufacturing Director,3,1,Medical,Single,2,Travel_Frequently,Yes,16,2,2,2,2.0,2,3,3,2,2,3,2,10209,18,5,No
P-000171,RM1064,29,Male,Sales,Sales Executive,2,3,Life Sciences,Divorced,19,Travel_Rarely,No,10,10,7,0,4.0,3,3,2,3,3,3,3,8620,14,1,No
P-000172,RM1065,30,Male,Human Resources,Human Resources,1,3,Life Sciences,Divorced,1,Travel_Rarely,No,6,5,3,1,3.0,3,3,3,4,1,4,3,2064,21,0,No
P-000173,RM1066,55,Male,Research & Development,Healthcare Representative,2,4,Life Sciences,Married,4,Travel_Rarely,Yes,4,3,2,1,2.0,4,3,3,3,2,3,2,4035,16,0,No
P-000174,RM1067,33,Female,Research & Development,Laboratory Technician,1,4,Medical,Married,4,Travel_Rarely,No,8,5,4,0,2.0,1,2,2,3,4,3,5,3838,11,8,No
P-000175,RM1068,47,Female,Sales,Sales Executive,2,3,Medical,Married,14,Travel_Rarely,Yes,11,5,4,1,2.0,3,3,3,2,3,3,4,4591,17,3,No
P-000176,RM1069,28,Male,Research & Development,Laboratory Technician,1,2,Medical,Single,2,Travel_Frequently,No,8,0,0,0,0.0,3,1,2,2,3,3,2,2561,11,7,Yes
P-000177,RM107,50,Female,Research & Development,Research Director,5,3,Life Sciences,Married,1,Travel_Frequently,Yes,28,8,3,0,7.0,1,2,3,2,1,3,1,18172,19,3,No
P-000178,RM1070,28,Male,Research & Development,Research Scientist,1,3,Life Sciences,Divorced,1,Travel_Rarely,No,1,1,0,0,0.0,1,3,2,1,4,3,2,1563,14,1,No
P-000179,RM1071,28,Male,Sales,Sales Executive,2,3,Life Sciences,Single,7,Travel_Frequently,No,5,4,2,1,3.0,3,1,3,3,4,3,5,4898,14,0,No
P-000180,RM1072,49,Female,Research & Development,Laboratory Technician,2,2,Medical,Married,3,Travel_Rarely,No,10,3,2,1,2.0,3,1,2,3,1,4,3,4789,25,4,No
P-000181,RM1073,29,Female,Research & Development,Laboratory Technician,1,1,Life Sciences,Married,2,Travel_Frequently,No,4,3,2,0,2.0,4,2,3,3,3,3,3,3180,13,0,No
P-000182,RM1074,28,Male,Research & Development,Manufacturing Director,2,1,Life Sciences,Married,29,Travel_Rarely,No,8,8,6,1,7.0,3,2,1,2,2,3,2,6549,14,1,No
P-000183,RM1075,33,Male,Research & Development,Healthcare Representative,2,5,Life Sciences,Single,8,Travel_Rarely,Yes,14,0,0,0,0.0,4,3,3,3,1,3,6,6388,17,2,No
P-000184,RM1076,32,Male,Research & Development,Manager,3,3,Medical,Single,10,Travel_Rarely,No,10,5,2,0,0.0,3,4,3,4,2,4,5,11244,25,2,No
P-000185,RM1077,54,Female,Research & Development,Manager,4,4,Medical,Divorced,11,Travel_Frequently,No,26,14,9,1,12.0,2,4,3,3,1,4,2,16032,20,3,No
P-000186,RM1078,29,Male,Research & Development,Research Scientist,1,4,Technical Degree,Single,1,Travel_Rarely,No,11,9,7,0,7.0,1,1,2,1,3,3,2,2362,13,6,Yes
P-000187,RM1079,44,Male,Research & Development,Research Director,4,3,Life Sciences,Married,28,Travel_Rarely,No,24,20,6,14,17.0,4,1,3,4,3,3,1,16328,13,3,No
P-000188,RM108,25,Male,Sales,Sales Executive,2,3,Marketing,Single,5,Travel_Rarely,Yes,6,6,4,0,3.0,3,3,2,3,4,3,1,5744,11,1,Yes
P-000189,RM1080,39,Female,Research & Development,Manufacturing Director,3,3,Life Sciences,Single,6,Travel_Rarely,No,9,2,0,2,2.0,2,2,3,3,4,3,3,8376,18,4,No
P-000190,RM1081,46,Female,Sales,Manager,4,3,Life Sciences,Married,3,Travel_Rarely,No,23,13,12,5,1.0,3,2,3,4,4,3,2,16606,12,8,No
P-000191,RM1082,35,Female,Research & Development,Healthcare Representative,3,3,Life Sciences,Single,16,Travel_Rarely,No,11,11,8,3,3.0,4,2,2,1,4,3,3,8606,19,1,No
P-000192,RM1083,23,Male,Research & Development,Laboratory Technician,2,1,Life Sciences,Single,20,Travel_Rarely,No,5,4,3,1,2.0,1,3,3,3,2,3,2,2272,14,0,No
P-000193,RM1084,40,Male,Research & Development,Laboratory Technician,1,4,Life Sciences,Single,9,Travel_Rarely,No,15,5,4,1,0.0,4,1,3,1,2,3,3,2018,14,3,Yes
P-000194,RM1085,34,Male,Sales,Sales Executive,3,3,Technical Degree,Married,1,Travel_Rarely,Yes,10,10,9,8,6.0,4,3,2,3,4,3,3,7083,14,1,No
P-000195,RM1086,31,Female,Research & Development,Research Scientist,1,3,Life Sciences,Single,3,Travel_Frequently,No,7,7,2,7,7.0,4,3,3,1,1,3,2,4084,12,1,Yes
P-000196,RM1087,50,Male,Research & Development,Research Director,4,5,Medical,Single,22,Travel_Frequently,Yes,32,32,6,13,9.0,3,4,1,3,4,3,2,14411,13,1,No
P-000197,RM1088,34,Male,Sales,Sales Representative,1,2,Technical Degree,Married,7,Travel_Rarely,Yes,12,11,10,5,7.0,2,3,3,3,2,4,4,2308,25,0,No
P-000198,RM1089,42,Male,Research & Development,Laboratory Technician,1,3,Medical,Married,2,Travel_Rarely,No,4,1,0,0,0.0,3,2,2,3,2,3,3,4841,14,4,No
P-000199,RM109,25,Male,Research & Development,Research Scientist,1,1,Medical,Married,7,Travel_Rarely,No,2,2,2,2,1.0,4,4,2,3,3,3,2,2889,11,1,No
P-000200,RM1090,37,Male,Research & Development,Research Scientist,2,3,Medical,Married,13,Travel_Rarely,No,10,10,8,3,7.0,1,4,3,3,1,3,2,4285,17,1,No
P-000201,RM1091,29,Female,Research & Development,Healthcare Representative,2,1,Other,Married,8,Travel_Rarely,No,9,7,7,0,7.0,3,1,1,3,3,3,3,9715,13,3,No
P-000202,RM1092,33,Male,Research & Development,Manufacturing Director,2,3,Life Sciences,Single,25,Travel_Rarely,No,5,5,3,0,2.0,4,2,2,3,4,3,2,4320,13,1,No
P-000203,RM1093,45,Male,Research & Development,Research Scientist,1,3,Technical Degree,Married,28,Travel_Rarely,No,8,5,4,0,3.0,4,4,3,3,4,4,3,2132,20,4,No
P-000204,RM1094,42,Male,Research & Development,Healthcare Representative,3,3,Life Sciences,Married,2,Travel_Frequently,Yes,24,20,8,13,9.0,4,4,3,1,3,3,3,10124,14,2,No
P-000205,RM1095,40,Male,Sales,Sales Executive,2,2,Medical,Married,9,Travel_Rarely,No,9,8,4,7,1.0,1,1,3,4,4,3,5,5473,12,0,No
P-000206,RM1096,33,Male,Research & Development,Laboratory Technician,2,4,Life Sciences,Married,28,Travel_Rarely,Yes,15,15,14,5,7.0,2,3,3,3,2,3,3,5207,12,1,No
P-000207,RM1097,40,Male,Human Resources,Manager,4,2,Medical,Single,6,Travel_Rarely,Yes,21,21,7,7,7.0,3,4,3,3,4,4,2,16437,21,1,No
P-000208,RM1098,24,Male,Research & Development,Laboratory Technician,1,2,Technical Degree,Divorced,21,Travel_Rarely,No,2,1,1,0,0.0,3,1,2,3,2,3,3,2296,14,0,No
P-000209,RM1099,40,Male,Research & Development,Healthcare Representative,2,2,Life Sciences,Divorced,8,Non-Travel,Yes,8,2,2,2,2.0,4,4,3,3,3,3,2,4069,18,3,No
P-000210,RM110,22,Female,Research & Development,Laboratory Technician,1,3,Medical,Single,15,Travel_Rarely,No,1,0,0,0,0.0,2,4,3,3,3,3,5,2871,15,1,No
P-000211,RM1100,45,Male,Research & Development,Healthcare Representative,3,4,Technical Degree,Divorced,1,Travel_Rarely,No,10,10,8,7,7.0,1,2,3,3,1,3,4,7441,12,1,No
P-000212,RM1101,35,Female,Sales,Sales Representative,1,4,Life Sciences,Married,28,Travel_Rarely,No,6,5,3,4,2.0,2,3,2,3,1,4,5,2430,23,0,No
P-000213,RM1102,32,Female,Research & Development,Research Scientist,2,2,Life Sciences,Married,5,Travel_Rarely,No,12,7,1,2,5.0,4,2,2,3,1,3,2,5878,12,3,No
P-000214,RM1103,36,Male,Sales,Sales Representative,1,4,Life Sciences,Single,2,Travel_Rarely,Yes,7,3,2,1,2.0,3,4,3,2,4,4,3,2644,21,3,No
P-000215,RM1104,48,Female,Sales,Sales Executive,2,4,Life Sciences,Divorced,16,Travel_Rarely,No,18,8,7,7,7.0,3,3,3,3,3,3,2,6439,14,8,No
P-000216,RM1105,29,Male,Research & Development,Research Scientist,1,3,Life Sciences,Married,9,Travel_Rarely,No,5,1,0,0,0.0,3,3,4,2,1,3,2,2451,18,6,No
P-000217,RM1106,33,Male,Sales,Sales Executive,2,4,Life Sciences,Married,8,Travel_Rarely,No,8,2,2,2,2.0,1,1,3,1,4,3,6,6392,13,2,No
P-000218,RM1107,30,Male,Sales,Sales Executive,2,3,Life Sciences,Married,1,Travel_Rarely,No,10,10,8,6,7.0,2,1,2,3,4,3,4,9714,11,1,Yes
P-000219,RM1108,38,Male,Human Resources,Human Resources,2,4,Human Resources,Married,10,Travel_Frequently,No,10,6,3,1,2.0,3,3,3,3,3,3,2,6077,11,3,No
P-000220,RM1109,35,Male,Research & Development,Laboratory Technician,1,3,Medical,Single,1,Travel_Rarely,No,3,3,0,1,2.0,4,1,2,3,2,3,3,2450,19,1,No
P-000221,RM111,51,Female,Research & Development,Healthcare Representative,3,4,Medical,Single,1,Travel_Frequently,No,23,13,12,12,8.0,1,1,2,2,3,4,1,7484,20,3,No
P-000222,RM1110,30,Male,Sales,Sales Executive,3,4,Technical Degree,Married,29,Travel_Rarely,No,9,4,2,1,3.0,3,2,3,3,2,3,3,9250,12,3,No
P-000223,RM1111,35,Female,Research & Development,Laboratory Technician,1,3,Life Sciences,Divorced,2,Travel_Rarely,Yes,1,1,0,0,0.0,1,1,3,3,4,3,2,2074,12,1,Yes
P-000224,RM1112,53,Female,Research & Development,Manufacturing Director,3,5,Technical Degree,Married,2,Travel_Rarely,No,34,33,7,1,9.0,3,4,2,3,2,3,4,10169,16,0,Yes
P-000225,RM1113,38,Male,Research & Development,Manufacturing Director,2,3,Medical,Married,2,Travel_Rarely,No,7,5,2,1,4.0,3,2,3,3,1,3,2,4855,11,4,Yes
P-000226,RM1114,32,Male,Research & Development,Research Scientist,2,4,Technical Degree,Married,1,Non-Travel,No,9,6,5,1,2.0,4,1,3,2,2,3,3,4087,14,4,No
P-000227,RM1115,48,Female,Research & Development,Research Scientist,1,4,Other,Married,15,Travel_Rarely,No,10,8,2,7,6.0,3,1,3,2,4,3,3,2367,12,8,No
P-000228,RM1116,34,Male,Research & Development,Research Scientist,1,4,Medical,Single,7,Travel_Rarely,No,1,1,0,0,0.0,1,4,3,1,3,3,4,2972,13,1,No
P-000229,RM1117,55,Male,Sales,Manager,5,5,Marketing,Married,26,Travel_Rarely,No,36,36,6,2,13.0,3,4,2,3,3,4,3,19586,21,1,No
P-000230,RM1118,34,Male,Research & Development,Research Scientist,2,4,Life Sciences,Married,1,Travel_Rarely,No,9,2,2,2,1.0,2,4,3,2,2,3,3,5484,17,9,No
P-000231,RM1119,26,Female,Research & Development,Research Scientist,1,3,Life Sciences,Married,3,Travel_Rarely,No,1,1,0,0,0.0,1,4,3,3,1,4,5,2061,21,1,No
P-000232,RM112,34,Male,Research & Development,Laboratory Technician,2,3,Life Sciences,Single,7,Travel_Frequently,Yes,9,9,7,0,6.0,1,3,1,3,4,4,3,6074,24,1,Yes
P-000233,RM1120,38,Male,Sales,Sales Executive,2,3,Life Sciences,Married,14,Travel_Rarely,No,10,9,8,7,7.0,3,2,3,3,4,3,3,9924,11,0,No
P-000234,RM1121,38,Female,Sales,Sales Executive,2,3,Life Sciences,Single,16,Travel_Rarely,No,8,3,2,1,2.0,2,2,3,4,2,3,5,4198,12,2,No
P-000235,RM1122,36,Female,Sales,Sales Executive,2,4,Life Sciences,Single,1,Travel_Rarely,No,15,1,0,0,0.0,2,3,3,3,1,3,5,6815,13,6,No
P-000236,RM1123,29,Male,Research & Development,Laboratory Technician,1,1,Medical,Single,3,Travel_Rarely,Yes,10,10,9,1,5.0,2,1,3,3,4,3,3,4723,18,1,No
P-000237,RM1124,35,Female,Research & Development,Healthcare Representative,2,4,Medical,Single,10,Travel_Rarely,Yes,10,5,2,0,4.0,1,3,3,3,3,3,4,6142,16,3,No
P-000238,RM1125,39,Male,Sales,Sales Executive,3,3,Medical,Married,6,Travel_Rarely,No,11,7,6,7,6.0,4,3,4,3,1,3,3,8237,11,2,No
P-000239,RM1126,29,Male,Research & Development,Healthcare Representative,2,1,Life Sciences,Divorced,2,Travel_Frequently,No,6,6,4,1,3.0,1,4,3,4,4,3,0,8853,19,1,No
P-000240,RM1127,50,Male,Sales,Manager,5,3,Marketing,Married,9,Travel_Rarely,Yes,27,1,0,0,0.0,3,3,3,3,3,3,2,19331,16,4,No
P-000241,RM1128,23,Male,Research & Development,Research Scientist,1,3,Technical Degree,Married,10,Travel_Rarely,No,4,2,2,2,2.0,4,3,4,3,4,3,2,2073,16,2,No
P-000242,RM1129,36,Male,Research & Development,Laboratory Technician,2,4,Life Sciences,Married,6,Travel_Frequently,Yes,9,3,2,0,2.0,1,1,4,3,4,3,3,5562,13,3,No
P-000243,RM113,54,Female,Human Resources,Manager,4,3,Human Resources,Single,26,Non-Travel,Yes,23,5,3,4,4.0,4,4,4,3,3,3,3,17328,12,2,No
P-000244,RM1130,42,Male,Research & Development,Manager,5,2,Other,Single,9,Travel_Rarely,No,24,1,0,0,1.0,4,4,2,3,4,4,2,19613,22,8,No
P-000245,RM1131,35,Male,Research & Development,Laboratory Technician,2,3,Life Sciences,Married,28,Travel_Rarely,No,10,10,9,6,8.0,2,3,4,2,4,3,3,3407,17,1,No
P-000246,RM1132,34,Male,Research & Development,Healthcare Representative,2,4,Technical Degree,Married,10,Travel_Frequently,No,8,8,2,7,7.0,4,3,2,2,2,3,3,5063,14,1,No
P-000247,RM1133,40,Female,Sales,Sales Executive,2,2,Life Sciences,Married,14,Travel_Rarely,No,5,5,4,1,2.0,4,1,3,3,3,3,2,4639,15,1,No
P-000248,RM1134,43,Male,Research & Development,Laboratory Technician,1,3,Technical Degree,Divorced,27,Travel_Rarely,No,8,6,4,0,2.0,4,2,4,3,3,3,0,4876,12,5,No
P-000249,RM1135,35,Male,Research & Development,Laboratory Technician,1,2,Life Sciences,Married,7,Travel_Rarely,No,1,1,0,0,1.0,3,4,2,2,4,3,5,2690,18,1,No
P-000250,RM1136,46,Male,Sales,Manager,4,4,Life Sciences,Single,1,Travel_Rarely,No,27,26,0,0,12.0,4,1,4,1,2,3,5,17567,15,1,No
P-000251,RM1137,28,Male,Research & Development,Laboratory Technician,1,3,Medical,Married,24,Travel_Rarely,Yes,1,1,1,0,0.0,3,2,3,3,3,3,3,2408,17,1,Yes
P-000252,RM1138,22,Female,Research & Development,Research Scientist,1,2,Other,Married,26,Non-Travel,Yes,4,4,2,1,3.0,2,3,2,2,2,3,2,2814,14,1,No
P-000253,RM1139,50,Male,Research & Development,Healthcare Representative,4,5,Medical,Married,20,Travel_Frequently,Yes,32,30,8,12,13.0,2,3,3,3,3,3,3,11245,15,2,No
P-000254,RM114,24,Male,Research & Development,Laboratory Technician,1,1,Life Sciences,Married,18,Travel_Rarely,No,6,5,3,1,2.0,2,3,3,3,3,3,2,2774,12,0,No
P-000255,RM1140,32,Female,Research & Development,Research Scientist,1,4,Other,Married,5,Travel_Rarely,No,6,3,2,0,2.0,2,4,4,3,4,3,3,3312,17,3,No
P-000256,RM1141,44,Female,Research & Development,Research Director,5,3,Medical,Divorced,7,Travel_Rarely,Yes,23,22,7,1,10.0,2,4,3,2,4,3,4,19049,14,0,No
P-000257,RM1142,30,Male,Research & Development,Research Scientist,1,3,Medical,Married,7,Travel_Rarely,No,6,6,4,1,1.0,2,2,2,2,2,3,3,2141,12,1,No
P-000258,RM1143,45,Female,Research & Development,Laboratory Technician,2,5,Medical,Single,5,Travel_Rarely,Yes,10,10,7,1,4.0,3,1,1,3,1,3,3,5769,14,1,No
P-000259,RM1144,45,Male,Sales,Sales Executive,2,3,Marketing,Married,26,Non-Travel,No,10,10,7,4,5.0,1,1,2,3,1,3,2,4385,15,1,No
P-000260,RM1145,31,Male,Sales,Sales Executive,2,4,Other,Single,2,Travel_Frequently,No,10,5,2,0,3.0,4,1,3,3,4,3,3,5332,13,7,No
P-000261,RM1146,36,Female,Research & Development,Manufacturing Director,2,4,Life Sciences,Married,12,Travel_Rarely,Yes,7,3,2,1,1.0,3,3,3,3,2,3,2,4663,12,9,No
P-000262,RM1147,34,Male,Research & Development,Manufacturing Director,2,4,Life Sciences,Divorced,10,Travel_Frequently,No,9,9,7,7,2.0,3,4,4,3,1,3,3,4724,13,1,No
P-000263,RM1148,49,Female,Research & Development,Laboratory Technician,1,4,Life Sciences,Married,25,Travel_Rarely,No,10,9,6,1,4.0,3,1,3,2,4,3,3,3211,14,1,No
P-000264,RM1149,39,Male,Research & Development,Manufacturing Director,2,5,Medical,Married,10,Travel_Rarely,No,10,7,7,7,7.0,2,1,3,3,4,3,3,5377,13,2,No
P-000265,RM115,34,Female,Research & Development,Research Scientist,2,4,Life Sciences,Divorced,6,Travel_Rarely,No,12,1,0,0,0.0,3,2,2,3,3,3,3,4505,15,6,No
P-000266,RM1150,27,Male,Research & Development,Laboratory Technician,1,3,Other,Divorced,19,Travel_Rarely,No,7,7,7,0,7.0,4,1,2,3,1,3,3,4066,11,1,No
P-000267,RM1151,35,Male,Research & Development,Research Scientist,2,5,Life Sciences,Married,18,Travel_Rarely,No,16,16,15,1,10.0,2,1,4,3,4,3,2,5208,11,1,No
P-000268,RM1152,28,Female,Research & Development,Manufacturing Director,2,3,Medical,Divorced,27,Travel_Rarely,No,6,5,3,0,0.0,2,1,1,2,2,4,5,4877,21,0,No
P-000269,RM1153,21,Male,Research & Development,Research Scientist,1,1,Medical,Single,5,Travel_Rarely,No,3,2,2,2,2.0,3,4,3,3,3,3,2,3117,18,1,No
P-000270,RM1154,18,Female,Sales,Sales Representative,1,2,Medical,Single,3,Travel_Frequently,Yes,0,0,0,0,0.0,2,4,3,4,3,3,2,1569,12,1,Yes
P-000271,RM1155,47,Female,Human Resources,Manager,5,4,Life Sciences,Married,26,Travel_Rarely,No,27,5,2,1,0.0,4,3,3,3,3,3,2,19658,11,3,No
P-000272,RM1156,39,Male,Research & Development,Laboratory Technician,2,2,Medical,Divorced,3,Travel_Rarely,No,11,10,8,0,7.0,3,3,2,3,4,3,3,3069,15,0,No
P-000273,RM1157,40,Female,Research & Development,Manufacturing Director,3,3,Life Sciences,Married,15,Travel_Rarely,No,18,18,15,14,12.0,1,3,2,3,4,3,2,10435,13,1,No
P-000274,RM1158,35,Female,Research & Development,Healthcare Representative,2,4,Life Sciences,Married,8,Non-Travel,No,15,14,11,2,9.0,3,3,3,3,4,3,5,4148,12,1,No
P-000275,RM1159,37,Male,Research & Development,Manufacturing Director,2,3,Life Sciences,Married,19,Travel_Rarely,No,9,4,3,0,2.0,3,3,3,2,1,3,2,5768,17,3,No
P-000276,RM116,37,Male,Sales,Sales Executive,3,3,Life Sciences,Single,3,Travel_Rarely,No,12,5,3,1,3.0,3,4,3,3,1,3,3,7428,12,2,No
P-000277,RM1160,39,Female,Research & Development,Manufacturing Director,2,3,Medical,Single,4,Travel_Frequently,No,10,9,2,3,8.0,1,3,3,1,4,3,2,5042,13,0,No
P-000278,RM1161,45,Female,Research & Development,Manufacturing Director,2,2,Other,Divorced,2,Travel_Rarely,No,10,10,7,3,9.0,4,4,2,3,1,3,3,5770,19,1,No
P-000279,RM1162,38,Female,Research & Development,Manufacturing Director,3,2,Medical,Married,2,Travel_Rarely,Yes,10,5,4,0,2.0,4,3,2,4,4,3,6,7756,19,3,No
P-000280,RM1163,35,Male,Sales,Sales Executive,3,3,Medical,Married,10,Travel_Rarely,No,15,13,12,6,0.0,4,1,2,3,3,3,3,10306,17,9,Yes
P-000281,RM1164,37,Female,Research & Development,Research Scientist,1,3,Medical,Married,10,Travel_Rarely,No,8,8,4,7,7.0,2,2,3,1,1,3,2,3936,11,1,No
P-000282,RM1165,40,Female,Research & Development,Manufacturing Director,3,3,Life Sciences,Single,16,Travel_Rarely,Yes,18,4,2,3,3.0,3,4,3,2,4,3,2,7945,15,6,No
P-000283,RM1166,44,Male,Human Resources,Human Resources,2,5,Human Resources,Married,1,Travel_Frequently,Yes,14,10,7,0,2.0,1,4,3,3,3,3,3,5743,11,4,No
P-000284,RM1167,48,Male,Research & Development,Manager,4,5,Medical,Married,4,Travel_Frequently,No,23,2,2,2,2.0,3,4,2,3,2,4,3,15202,25,2,No
P-000285,RM1168,35,Male,Sales,Sales Executive,2,2,Medical,Divorced,15,Travel_Rarely,Yes,7,2,2,2,2.0,1,4,1,2,4,3,2,5440,14,6,Yes
P-000286,RM1169,24,Female,Research & Development,Research Scientist,1,1,Technical Degree,Single,2,Travel_Frequently,Yes,6,6,3,1,3.0,1,4,3,3,3,3,2,3760,13,1,No
P-000287,RM117,34,Female,Research & Development,Manager,3,3,Medical,Single,5,Travel_Rarely,No,14,11,10,5,8.0,3,1,2,3,4,3,6,11631,12,2,No
P-000288,RM1170,27,Female,Research & Development,Research Scientist,1,3,Medical,Married,8,Travel_Rarely,No,5,3,2,0,2.0,2,3,4,3,1,3,0,3517,17,7,No
P-000289,RM1171,27,Male,Research & Development,Research Scientist,1,3,Medical,Single,2,Travel_Frequently,No,6,4,2,1,2.0,4,4,3,2,3,3,0,2580,13,2,No
P-000290,RM1172,40,Male,Research & Development,Laboratory Technician,1,3,Life Sciences,Single,7,Travel_Rarely,Yes,10,4,2,0,3.0,1,1,3,1,2,3,3,2166,14,3,Yes
P-000291,RM1173,29,Male,Sales,Sales Executive,2,3,Medical,Single,10,Travel_Rarely,No,8,5,2,1,4.0,3,3,2,3,3,3,2,5869,11,9,No
P-000292,RM1174,36,Female,Research & Development,Healthcare Representative,3,4,Life Sciences,Married,5,Travel_Rarely,No,9,3,2,0,2.0,2,1,3,3,3,3,6,8008,12,4,No
P-000293,RM1175,25,Male,Research & Development,Manufacturing Director,2,1,Life Sciences,Divorced,2,Travel_Frequently,No,7,7,7,0,7.0,4,3,4,3,3,3,6,5206,17,1,No
P-000294,RM1176,39,Male,Research & Development,Manufacturing Director,2,3,Medical,Married,12,Travel_Rarely,No,7,5,4,1,0.0,4,2,3,3,3,4,3,5295,21,4,No
P-000295,RM1177,49,Female,Research & Development,Research Director,4,4,Other,Married,22,Travel_Rarely,No,27,4,2,1,2.0,1,2,3,3,2,3,2,16413,16,3,No
P-000296,RM1178,50,Female,Research & Development,Research Director,3,5,Life Sciences,Divorced,17,Travel_Rarely,No,19,14,11,1,11.0,4,1,2,3,3,3,3,13269,15,5,No
P-000297,RM1179,20,Female,Sales,Sales Representative,1,3,Medical,Single,2,Travel_Rarely,No,2,2,2,2,2.0,3,3,3,3,1,3,3,2783,19,1,No
P-000298,RM118,36,Female,Sales,Sales Executive,3,2,Technical Degree,Married,11,Travel_Frequently,No,10,9,7,2,8.0,2,4,3,3,3,3,6,9738,14,0,No
P-000299,RM1180,34,Female,Research & Development,Research Scientist,2,3,Life Sciences,Divorced,3,Travel_Rarely,No,11,11,8,7,9.0,4,2,3,3,3,3,2,5433,12,1,No
P-000300,RM1181,36,Male,Research & Development,Laboratory Technician,1,3,Life Sciences,Single,7,Travel_Rarely,No,15,4,3,1,3.0,1,2,3,3,3,3,4,2013,11,2,No
P-000301,RM1182,49,Female,Research & Development,Healthcare Representative,4,1,Life Sciences,Married,6,Travel_Rarely,Yes,30,15,11,2,12.0,3,3,2,3,2,3,3,13966,19,2,No
P-000302,RM1183,36,Female,Research & Development,Manufacturing Director,2,4,Medical,Married,1,Non-Travel,No,4,3,2,1,2.0,4,3,2,3,3,3,6,4374,15,0,No
P-000303,RM1184,36,Male,Research & Development,Healthcare Representative,2,2,Life Sciences,Divorced,3,Travel_Rarely,No,13,5,4,0,4.0,4,1,4,3,1,4,3,6842,20,6,No
P-000304,RM1185,54,Female,Research & Development,Manager,4,5,Medical,Married,22,Travel_Rarely,No,36,10,8,4,7.0,2,3,3,3,3,4,6,17426,25,3,No
P-000305,RM1186,43,Male,Research & Development,Research Director,4,2,Life Sciences,Married,15,Travel_Rarely,No,14,14,10,6,11.0,3,3,2,3,1,4,3,17603,24,1,No
P-000306,RM1187,35,Male,Sales,Sales Executive,2,4,Other,Single,12,Travel_Frequently,Yes,13,11,9,6,7.0,4,4,3,4,1,4,2,4581,24,3,Yes
P-000307,RM1188,38,Male,Research & Development,Research Scientist,2,3,Life Sciences,Married,1,Travel_Frequently,No,19,13,11,2,9.0,4,4,3,4,4,3,4,4735,15,7,No
P-000308,RM1189,29,Male,Sales,Sales Executive,2,3,Medical,Divorced,5,Travel_Rarely,Yes,10,10,0,0,9.0,1,2,2,2,2,3,3,4187,13,1,No
P-000309,RM119,36,Female,Research & Development,Laboratory Technician,1,2,Life Sciences,Divorced,3,Travel_Rarely,No,7,1,0,0,0.0,1,4,3,3,1,4,2,2835,22,5,No
P-000310,RM1190,33,Male,Sales,Sales Executive,2,4,Medical,Divorced,2,Travel_Rarely,No,6,6,2,0,4.0,4,4,3,3,3,3,5,5505,14,1,No
P-000311,RM1191,32,Male,Research & Development,Research Scientist,2,3,Medical,Divorced,2,Travel_Rarely,No,10,9,5,1,6.0,4,2,3,2,3,3,4,5470,13,0,No
P-000312,RM1192,31,Female,Sales,Sales Executive,2,4,Life Sciences,Married,5,Travel_Rarely,No,10,10,0,0,2.0,1,4,3,3,1,3,2,5476,11,1,No
P-000313,RM1193,49,Female,Research & Development,Laboratory Technician,1,3,Medical,Divorced,16,Travel_Rarely,Yes,17,2,2,2,2.0,4,1,3,2,2,3,2,2587,16,4,No
P-000314,RM1194,38,Female,Research & Development,Laboratory Technician,1,3,Medical,Single,2,Travel_Frequently,No,4,4,3,3,3.0,4,2,2,3,2,4,3,2440,22,1,No
P-000315,RM1195,47,Female,Sales,Manager,4,4,Life Sciences,Divorced,2,Travel_Rarely,No,29,3,2,1,2.0,2,2,4,3,3,3,2,15972,14,6,No
P-000316,RM1196,49,Male,Research & Development,Manager,4,3,Life Sciences,Single,1,Travel_Rarely,No,23,8,7,0,0.0,3,3,3,3,1,3,2,15379,14,4,No
P-000317,RM1197,41,Male,Sales,Sales Executive,3,2,Life Sciences,Single,23,Travel_Rarely,Yes,21,2,0,0,2.0,4,3,3,3,4,3,2,7082,16,3,No
P-000318,RM1198,20,Male,Sales,Sales Representative,1,1,Life Sciences,Single,9,Travel_Rarely,No,2,2,2,0,2.0,4,1,3,3,1,3,3,2728,11,1,No
P-000319,RM1199,33,Female,Sales,Sales Executive,2,3,Life Sciences,Divorced,16,Non-Travel,Yes,7,6,5,1,2.0,3,4,3,3,3,4,2,5368,25,1,No
P-000320,RM120,43,Male,Sales,Manager,4,2,Life Sciences,Married,26,Travel_Frequently,Yes,25,25,12,4,12.0,3,4,3,4,4,3,3,16959,12,1,No
P-000321,RM1200,36,Male,Research & Development,Healthcare Representative,2,4,Life Sciences,Married,26,Travel_Rarely,No,10,3,2,0,2.0,1,3,3,2,2,3,2,5347,14,6,No
P-000322,RM1201,44,Female,Human Resources,Human Resources,1,3,Life Sciences,Divorced,1,Travel_Rarely,Yes,8,2,2,2,2.0,3,4,3,3,1,3,2,3195,18,4,No
P-000323,RM1202,23,Male,Research & Development,Laboratory Technician,1,1,Medical,Single,8,Travel_Rarely,Yes,5,5,4,1,2.0,4,3,2,3,1,3,2,3989,11,1,Yes
P-000324,RM1203,38,Female,Research & Development,Laboratory Technician,1,2,Medical,Married,4,Travel_Rarely,No,7,0,0,0,0.0,4,3,3,2,4,3,5,3306,19,7,No
P-000325,RM1204,53,Male,Research & Development,Healthcare Representative,3,4,Medical,Married,24,Travel_Rarely,No,11,4,3,1,2.0,2,4,4,3,3,3,2,7005,15,3,No
P-000326,RM1205,48,Female,Sales,Sales Representative,1,2,Medical,Married,7,Travel_Frequently,Yes,19,9,7,7,7.0,4,3,3,3,3,3,3,2655,11,2,Yes
P-000327,RM1206,32,Male,Research & Development,Laboratory Technician,1,4,Life Sciences,Single,2,Travel_Rarely,No,1,1,0,0,0.0,4,2,3,3,1,3,2,1393,12,1,Yes
P-000328,RM1207,26,Male,Research & Development,Laboratory Technician,1,3,Medical,Single,7,Non-Travel,No,7,7,7,5,7.0,4,4,3,3,3,4,5,2570,20,1,No
P-000329,RM1208,55,Male,Research & Development,Research Scientist,1,3,Technical Degree,Divorced,22,Travel_Rarely,No,8,4,2,1,2.0,1,2,2,3,4,3,1,3537,12,5,No
P-000330,RM1209,34,Male,Research & Development,Laboratory Technician,2,2,Medical,Married,5,Travel_Rarely,No,15,15,10,4,13.0,2,4,2,4,3,3,3,3986,14,1,No
P-000331,RM121,30,Male,Research & Development,Research Scientist,1,3,Life Sciences,Divorced,23,Travel_Frequently,No,10,10,7,0,9.0,1,3,1,2,3,4,2,2613,25,1,No
P-000332,RM1210,60,Male,Research & Development,Healthcare Representative,3,4,Medical,Divorced,1,Travel_Rarely,No,19,1,0,0,0.0,3,4,1,4,3,4,2,10883,20,3,No
P-000333,RM1211,33,Male,Research & Development,Laboratory Technician,1,3,Medical,Married,21,Travel_Rarely,No,14,14,11,2,13.0,2,2,4,3,4,3,6,2028,18,1,No
P-000334,RM1212,37,Male,Sales,Sales Executive,2,4,Medical,Divorced,1,Travel_Frequently,No,6,6,3,1,3.0,3,4,1,2,3,3,2,9525,14,1,No
P-000335,RM1213,34,Female,Research & Development,Research Scientist,1,3,Life Sciences,Married,19,Travel_Rarely,No,10,10,9,8,7.0,2,4,2,3,2,3,3,2929,12,1,No
P-000336,RM1214,23,Male,Sales,Sales Representative,1,3,Life Sciences,Divorced,7,Travel_Rarely,Yes,3,3,2,0,2.0,3,4,3,3,2,4,2,2275,21,1,Yes
P-000337,RM1215,44,Female,Research & Development,Healthcare Representative,3,3,Life Sciences,Married,2,Travel_Rarely,Yes,9,8,7,6,7.0,3,4,4,3,2,3,2,7879,19,1,No
P-000338,RM1216,35,Male,Research & Development,Research Scientist,1,4,Medical,Single,2,Travel_Frequently,Yes,6,5,4,1,4.0,1,4,2,4,3,3,2,4930,14,0,No
P-000339,RM1217,43,Male,Sales,Sales Executive,2,3,Medical,Married,2,Travel_Rarely,Yes,10,10,9,8,8.0,4,4,3,3,1,3,3,7847,17,1,No
P-000340,RM1218,24,Male,Research & Development,Research Scientist,1,3,Medical,Married,9,Travel_Rarely,No,5,5,3,0,4.0,3,3,4,3,4,3,1,4401,16,1,No
P-000341,RM1219,41,Male,Sales,Sales Executive,3,3,Marketing,Single,6,Travel_Rarely,No,10,10,8,8,7.0,4,3,3,3,2,3,3,9241,12,1,No
P-000342,RM122,33,Male,Sales,Sales Executive,2,2,Marketing,Married,22,Non-Travel,No,8,7,7,0,7.0,3,2,3,4,1,3,2,6146,13,0,No
P-000343,RM1220,29,Female,Research & Development,Laboratory Technician,1,4,Medical,Married,9,Travel_Rarely,No,9,5,3,1,2.0,4,3,3,3,3,3,2,2974,17,9,No
P-000344,RM1221,36,Female,Sales,Sales Representative,2,4,Life Sciences,Single,2,Travel_Rarely,No,17,13,7,6,7.0,3,4,3,2,3,3,2,4502,15,3,No
P-000345,RM1222,45,Male,Research & Development,Healthcare Representative,3,1,Life Sciences,Married,1,Non-Travel,No,25,23,15,14,4.0,3,3,2,2,4,4,3,10748,23,3,No
P-000346,RM1223,24,Male,Human Resources,Human Resources,1,1,Human Resources,Married,22,Travel_Rarely,No,1,1,0,0,0.0,4,3,1,3,3,3,2,1555,11,1,Yes
P-000347,RM1224,47,Male,Sales,Sales Executive,4,3,Life Sciences,Married,9,Travel_Frequently,No,25,23,5,14,10.0,3,3,1,1,3,3,3,12936,11,7,Yes
P-000348,RM1225,26,Male,Research & Development,Laboratory Technician,1,4,Medical,Married,17,Travel_Rarely,No,3,3,2,0,2.0,4,3,1,4,3,3,3,2305,15,1,No
P-000349,RM1226,45,Female,Research & Development,Research Director,4,2,Technical Degree,Single,28,Travel_Rarely,No,21,21,6,8,6.0,4,2,2,3,3,3,2,16704,11,1,No
P-000350,RM1227,32,Male,Research & Development,Research Scientist,1,3,Life Sciences,Married,10,Travel_Frequently,No,10,5,2,1,3.0,1,3,3,2,1,3,3,3433,13,6,No
P-000351,RM1228,31,Male,Research & Development,Laboratory Technician,1,4,Life Sciences,Married,2,Travel_Rarely,No,6,5,2,0,3.0,2,3,3,4,4,3,2,3477,14,1,No
P-000352,RM1229,41,Male,Human Resources,Human Resources,2,3,Human Resources,Married,4,Non-Travel,No,10,3,2,1,2.0,3,2,1,3,2,3,4,6430,19,6,No
P-000353,RM123,56,Female,Research & Development,Research Scientist,1,4,Life Sciences,Married,14,Travel_Rarely,Yes,7,5,4,4,3.0,2,2,3,3,1,3,2,4963,18,9,Yes
P-000354,RM1230,40,Female,Research & Development,Manufacturing Director,2,2,Life Sciences,Married,8,Travel_Rarely,Yes,18,1,0,0,0.0,2,1,3,3,2,3,3,6516,16,2,No
P-000355,RM1231,24,Male,Research & Development,Laboratory Technician,1,1,Medical,Divorced,29,Travel_Rarely,No,6,6,2,1,2.0,2,1,3,4,2,3,2,3907,13,1,No
P-000356,RM1232,46,Male,Research & Development,Healthcare Representative,2,4,Life Sciences,Single,13,Travel_Rarely,No,19,10,7,0,9.0,3,2,3,3,4,3,3,5562,14,6,No
P-000357,RM1233,35,Male,Research & Development,Manufacturing Director,2,4,Life Sciences,Married,27,Travel_Rarely,No,17,7,7,0,7.0,4,3,3,3,2,3,3,6883,16,2,No
P-000358,RM1234,30,Male,Research & Development,Research Scientist,1,1,Life Sciences,Married,16,Travel_Rarely,No,10,10,0,0,8.0,2,4,3,2,2,3,2,2862,12,1,No
P-000359,RM1235,47,Male,Sales,Sales Executive,2,4,Marketing,Married,2,Non-Travel,No,4,1,0,0,0.0,3,2,3,1,4,3,3,4978,11,7,No
P-000360,RM1236,46,Male,Sales,Sales Executive,3,3,Life Sciences,Divorced,2,Travel_Rarely,Yes,13,10,6,0,3.0,3,4,3,2,2,3,5,10368,12,4,No
P-000361,RM1237,36,Male,Sales,Sales Executive,2,5,Marketing,Divorced,13,Travel_Rarely,Yes,16,2,2,2,2.0,2,1,2,3,2,3,3,6134,13,5,Yes
P-000362,RM1238,32,Male,Sales,Sales Executive,2,2,Life Sciences,Single,1,Travel_Rarely,No,10,0,0,0,0.0,1,2,1,3,2,3,2,6735,15,6,Yes
P-000363,RM1239,23,Female,Research & Development,Laboratory Technician,1,1,Medical,Single,4,Travel_Rarely,No,3,3,2,1,2.0,3,2,3,1,3,3,3,3295,13,1,No
P-000364,RM124,51,Male,Research & Development,Research Director,5,3,Life Sciences,Single,6,Travel_Rarely,No,23,20,18,15,15.0,1,3,3,3,3,3,5,19537,13,7,No
P-000365,RM1240,31,Female,Research & Development,Manufacturing Director,2,1,Technical Degree,Single,24,Travel_Frequently,No,9,5,4,1,4.0,4,4,3,2,4,4,3,5238,20,2,No
P-000366,RM1241,39,Male,Research & Development,Laboratory Technician,2,3,Life Sciences,Married,1,Non-Travel,Yes,9,9,8,5,8.0,4,4,3,3,4,3,2,6472,15,1,No
P-000367,RM1242,32,Male,Sales,Sales Executive,3,3,Life Sciences,Married,19,Travel_Rarely,No,10,4,3,0,2.0,4,3,1,1,3,3,2,9610,13,3,No
P-000368,RM1243,40,Male,Sales,Manager,5,4,Medical,Single,7,Travel_Rarely,No,21,21,8,12,8.0,2,2,3,2,2,3,3,19833,14,1,No
P-000369,RM1244,45,Female,Human Resources,Human Resources,3,3,Life Sciences,Married,4,Travel_Rarely,No,9,5,0,0,3.0,3,3,1,4,3,4,2,9756,21,4,No
P-000370,RM1245,30,Female,Research & Development,Research Scientist,1,4,Technical Degree,Single,2,Travel_Frequently,No,10,9,7,0,7.0,4,1,2,3,4,3,2,4968,16,0,No
P-000371,RM1246,24,Male,Human Resources,Human Resources,1,3,Medical,Married,10,Travel_Frequently,No,3,2,2,2,1.0,1,4,3,3,4,3,2,2145,14,0,No
P-000372,RM1247,30,Female,Human Resources,Human Resources,1,3,Human Resources,Divorced,8,Travel_Frequently,No,6,4,2,1,2.0,3,4,2,2,3,3,0,2180,11,6,Yes
P-000373,RM1248,31,Male,Sales,Sales Executive,2,3,Technical Degree,Married,5,Travel_Rarely,No,6,5,2,0,2.0,1,3,3,3,3,3,3,8346,19,1,No
P-000374,RM1249,27,Female,Research & Development,Research Scientist,1,3,Medical,Single,8,Travel_Rarely,No,6,6,2,1,4.0,3,4,3,2,3,3,5,3445,11,1,No
P-000375,RM125,31,Male,Sales,Sales Executive,2,4,Life Sciences,Married,6,Travel_Rarely,Yes,12,7,7,7,7.0,2,3,1,2,2,3,3,6172,18,4,Yes
P-000376,RM1250,29,Female,Sales,Sales Representative,1,3,Marketing,Single,9,Travel_Rarely,No,2,2,2,2,2.0,2,2,1,3,3,3,3,2760,13,1,Yes
P-000377,RM1251,29,Male,Research & Development,Healthcare Representative,2,3,Life Sciences,Single,1,Travel_Frequently,Yes,10,3,2,0,2.0,4,3,4,4,4,3,5,6294,12,8,No
P-000378,RM1252,30,Male,Sales,Sales Executive,3,2,Marketing,Divorced,15,Travel_Rarely,No,12,7,7,1,7.0,3,1,2,3,1,3,2,7140,11,2,No
P-000379,RM1253,34,Male,Research & Development,Research Scientist,1,4,Medical,Married,2,Travel_Rarely,Yes,6,5,0,1,2.0,4,4,4,3,1,3,3,2932,14,0,No
P-000380,RM1254,33,Female,Sales,Sales Executive,2,3,Marketing,Single,2,Non-Travel,No,13,11,7,1,7.0,4,2,3,2,4,3,2,5147,15,8,No
P-000381,RM1255,49,Female,Sales,Sales Executive,2,4,Marketing,Single,11,Travel_Rarely,No,8,5,1,0,4.0,4,4,3,4,3,3,1,4507,12,3,No
P-000382,RM1256,33,Female,Sales,Sales Executive,3,3,Life Sciences,Single,16,Travel_Rarely,Yes,11,0,0,0,0.0,1,1,3,2,3,4,2,8564,20,2,Yes
P-000383,RM1257,38,Female,Research & Development,Laboratory Technician,1,2,Medical,Married,2,Travel_Frequently,No,9,6,1,0,5.0,3,2,2,2,2,3,4,2468,14,4,No
P-000384,RM1258,31,Male,Sales,Sales Executive,3,4,Marketing,Married,16,Travel_Rarely,No,10,1,0,0,0.0,1,3,3,3,1,3,2,8161,13,2,Yes
P-000385,RM1259,29,Female,Research & Development,Research Scientist,1,3,Technical Degree,Divorced,4,Travel_Rarely,No,1,1,0,0,0.0,4,1,2,3,3,3,2,2109,13,1,No
P-000386,RM126,26,Female,Research & Development,Research Scientist,1,3,Other,Married,6,Travel_Rarely,No,5,5,4,4,3.0,3,2,2,2,3,3,3,2368,19,1,No
P-000387,RM1260,30,Male,Research & Development,Healthcare Representative,2,3,Life Sciences,Married,16,Travel_Rarely,No,10,7,0,1,7.0,3,3,4,3,3,3,3,5294,16,3,No
P-000388,RM1261,32,Male,Research & Development,Research Scientist,1,4,Technical Degree,Single,5,Non-Travel,No,12,7,7,0,7.0,2,2,3,3,2,3,3,2718,14,2,No
P-000389,RM1262,38,Male,Research & Development,Healthcare Representative,2,3,Medical,Married,18,Travel_Rarely,Yes,15,1,0,1,0.0,2,4,1,3,3,3,2,5811,16,3,No
P-000390,RM1263,43,Male,Research & Development,Research Scientist,1,3,Technical Degree,Married,17,Travel_Frequently,Yes,6,1,0,0,0.0,3,3,2,3,4,3,4,2437,16,9,Yes
P-000391,RM1264,42,Male,Research & Development,Laboratory Technician,1,3,Medical,Divorced,12,Travel_Rarely,No,7,5,3,0,4.0,2,2,3,2,2,4,6,2766,22,8,No
P-000392,RM1265,55,Male,Research & Development,Research Director,5,3,Medical,Married,2,Travel_Rarely,No,34,1,0,0,0.0,3,1,2,3,2,3,2,19038,12,8,No
P-000393,RM1266,33,Male,Research & Development,Research Scientist,2,3,Technical Degree,Divorced,4,Non-Travel,No,11,9,8,1,7.0,4,2,3,2,4,3,2,3055,15,5,No
P-000394,RM1267,41,Male,Research & Development,Laboratory Technician,1,4,Life Sciences,Divorced,9,Travel_Rarely,No,5,5,3,0,4.0,3,1,3,3,2,4,2,2289,20,1,No
P-000395,RM1268,34,Male,Sales,Sales Executive,2,3,Life Sciences,Divorced,10,Non-Travel,Yes,15,15,14,0,7.0,4,3,3,3,3,3,3,4001,14,1,No
P-000396,RM1269,53,Female,Research & Development,Manufacturing Director,4,4,Medical,Married,1,Non-Travel,Yes,27,3,2,0,2.0,1,3,2,2,4,4,2,12965,20,4,No
P-000397,RM127,58,Female,Research & Development,Healthcare Representative,3,4,Medical,Married,23,Travel_Rarely,No,40,40,10,15,6.0,4,4,3,2,4,3,3,10312,12,1,Yes
P-000398,RM1270,43,Male,Human Resources,Human Resources,1,3,Life Sciences,Single,2,Travel_Rarely,No,10,9,7,1,8.0,2,4,3,3,2,3,5,3539,13,0,No
P-000399,RM1271,34,Female,Sales,Sales Executive,2,2,Life Sciences,Single,3,Travel_Rarely,No,6,2,2,2,2.0,4,4,1,3,1,3,3,6029,12,5,No
P-000400,RM1272,21,Male,Sales,Sales Representative,1,1,Marketing,Single,7,Travel_Rarely,No,1,1,0,1,0.0,2,2,3,3,2,3,3,2679,13,1,Yes
P-000401,RM1273,38,Female,Research & Development,Laboratory Technician,1,2,Other,Married,6,Travel_Rarely,No,5,5,4,0,4.0,4,3,2,3,2,3,3,3702,11,1,No
P-000402,RM1274,22,Female,Research & Development,Laboratory Technician,1,1,Medical,Married,8,Travel_Rarely,Yes,1,1,0,0,0.0,3,1,3,3,3,3,6,2398,17,1,Yes
P-000403,RM1275,31,Female,Sales,Sales Executive,2,4,Marketing,Married,29,Travel_Rarely,No,13,12,7,5,7.0,1,4,2,3,1,3,3,5468,14,1,No
P-000404,RM1276,51,Female,Research & Development,Manager,3,3,Technical Degree,Married,3,Travel_Rarely,No,15,2,2,2,2.0,1,3,3,3,4,3,2,13116,11,2,No
P-000405,RM1277,37,Male,Sales,Sales Executive,2,2,Marketing,Married,9,Travel_Rarely,No,5,5,2,0,3.0,2,2,2,3,1,3,2,4189,14,1,No
P-000406,RM1278,46,Male,Research & Development,Research Director,5,4,Medical,Divorced,2,Travel_Rarely,Yes,24,2,1,2,2.0,3,4,3,3,3,3,3,19328,17,7,No
P-000407,RM1279,36,Male,Research & Development,Healthcare Representative,3,3,Life Sciences,Married,10,Travel_Rarely,Yes,15,12,8,5,7.0,4,1,3,3,4,3,1,8321,13,7,No
P-000408,RM128,19,Male,Sales,Sales Representative,1,1,Marketing,Single,22,Travel_Rarely,Yes,0,0,0,0,0.0,4,3,3,2,4,3,2,1675,19,1,Yes
P-000409,RM1280,44,Male,Research & Development,Research Scientist,1,2,Medical,Divorced,1,Travel_Frequently,Yes,6,5,3,2,3.0,3,2,3,2,3,3,2,2342,12,1,Yes
P-000410,RM1281,37,Male,Human Resources,Human Resources,2,2,Other,Divorced,8,Travel_Rarely,No,19,10,0,4,7.0,3,2,3,2,3,3,4,4071,13,2,No
P-000411,RM1282,35,Male,Sales,Sales Executive,2,3,Life Sciences,Single,27,Travel_Rarely,Yes,10,10,7,7,7.0,3,4,3,3,4,3,2,5813,18,1,Yes
P-000412,RM1283,33,Male,Research & Development,Research Scientist,1,4,Life Sciences,Married,8,Travel_Rarely,No,14,10,8,7,6.0,4,1,4,3,2,3,1,3143,19,6,No
P-000413,RM1284,28,Male,Research & Development,Research Scientist,1,3,Life Sciences,Married,1,Travel_Rarely,No,5,5,3,0,3.0,3,4,3,4,3,3,6,2044,11,1,No
P-000414,RM1285,39,Male,Research & Development,Research Director,3,1,Medical,Single,10,Travel_Rarely,No,9,4,3,2,2.0,3,3,3,3,3,4,3,13464,21,7,No
P-000415,RM1286,46,Male,Sales,Sales Executive,2,2,Life Sciences,Single,26,Non-Travel,No,6,2,2,2,2.0,2,2,2,3,3,3,3,7991,15,8,No
P-000416,RM1287,40,Female,Research & Development,Laboratory Technician,1,2,Life Sciences,Married,2,Travel_Rarely,No,7,4,3,0,2.0,3,1,3,2,4,3,5,3377,17,4,No
P-000417,RM1288,42,Male,Research & Development,Healthcare Representative,2,3,Medical,Married,13,Travel_Rarely,No,10,0,0,0,0.0,2,1,4,2,3,3,2,5538,18,5,No
P-000418,RM1289,35,Male,Research & Development,Manufacturing Director,2,2,Medical,Divorced,2,Non-Travel,No,15,7,7,1,7.0,2,4,3,3,3,3,6,5762,14,2,No
P-000419,RM129,22,Male,Research & Development,Laboratory Technician,1,1,Technical Degree,Married,2,Travel_Rarely,No,3,2,1,2,1.0,3,4,3,3,3,3,2,2523,14,0,No
P-000420,RM1290,38,Male,Human Resources,Human Resources,1,3,Human Resources,Divorced,2,Non-Travel,No,13,11,10,3,8.0,1,2,3,3,4,3,3,2592,13,5,No
P-000421,RM1291,34,Male,Research & Development,Laboratory Technician,2,4,Life Sciences,Married,9,Travel_Frequently,No,11,7,1,0,7.0,4,1,3,2,3,3,3,5346,17,4,Yes
P-000422,RM1292,37,Male,Research & Development,Manufacturing Director,2,4,Medical,Single,10,Travel_Rarely,No,10,10,3,0,8.0,4,1,3,1,2,3,4,4213,15,1,Yes
P-000423,RM1293,39,Male,Sales,Sales Executive,2,3,Life Sciences,Divorced,20,Travel_Frequently,No,7,2,1,2,2.0,3,4,3,3,4,3,6,4127,18,2,No
P-000424,RM1294,43,Male,Research & Development,Research Scientist,1,3,Life Sciences,Single,9,Non-Travel,No,7,3,2,1,2.0,1,3,3,2,3,3,2,2438,13,4,No
P-000425,RM1295,41,Male,Research & Development,Healthcare Representative,2,3,Life Sciences,Single,5,Travel_Rarely,No,11,3,2,1,2.0,2,2,4,1,1,3,3,6870,12,3,No
P-000426,RM1296,41,Female,Sales,Sales Executive,3,1,Marketing,Divorced,4,Travel_Rarely,Yes,23,22,14,13,5.0,3,3,3,4,4,3,3,10447,13,0,No
P-000427,RM1297,30,Female,Research & Development,Manufacturing Director,3,3,Medical,Single,10,Travel_Rarely,No,9,7,7,0,2.0,1,3,3,3,2,3,3,9667,14,9,No
P-000428,RM1298,26,Female,Human Resources,Human Resources,1,2,Medical,Married,20,Travel_Rarely,Yes,6,5,1,1,4.0,4,2,3,3,3,3,3,2148,11,0,Yes
P-000429,RM1299,46,Female,Research & Development,Healthcare Representative,2,2,Medical,Married,21,Travel_Rarely,No,13,9,7,3,7.0,4,2,3,4,4,4,2,8926,22,4,Yes
P-000430,RM130,49,Female,Research & Development,Manufacturing Director,2,4,Medical,Married,20,Travel_Rarely,No,16,15,11,5,11.0,3,1,3,2,3,3,2,6567,14,1,No
P-000431,RM1300,40,Female,Research & Development,Healthcare Representative,2,3,Life Sciences,Divorced,1,Travel_Rarely,No,12,5,3,0,3.0,3,4,3,3,4,3,3,6513,17,4,No
P-000432,RM1301,34,Male,Sales,Sales Executive,2,2,Technical Degree,Married,8,Travel_Rarely,No,10,10,8,4,8.0,2,3,4,3,3,4,5,6799,21,1,No
P-000433,RM1302,58,Male,Sales,Manager,4,3,Medical,Divorced,2,Non-Travel,No,37,16,9,14,14.0,2,2,3,2,4,4,0,16291,22,4,No
P-000434,RM1303,35,Male,Research & Development,Laboratory Technician,1,4,Medical,Married,23,Travel_Rarely,No,6,5,4,0,3.0,2,3,1,4,2,3,2,2705,16,0,No
P-000435,RM1304,47,Female,Research & Development,Manufacturing Director,3,3,Life Sciences,Divorced,4,Travel_Rarely,Yes,28,22,11,14,10.0,3,2,2,3,3,3,4,10333,12,8,No
P-000436,RM1305,40,Female,Research & Development,Healthcare Representative,2,3,Life Sciences,Divorced,12,Travel_Rarely,No,15,7,4,7,7.0,2,1,3,3,2,3,3,4448,12,2,No
P-000437,RM1306,54,Female,Research & Development,Research Scientist,2,4,Medical,Married,7,Travel_Rarely,No,14,7,1,1,7.0,4,4,3,2,2,3,2,6854,15,4,No
P-000438,RM1307,31,Female,Sales,Sales Executive,3,4,Marketing,Married,7,Travel_Frequently,No,9,3,2,2,2.0,1,1,3,3,4,3,3,9637,14,2,No
P-000439,RM1308,28,Female,Research & Development,Research Scientist,1,3,Medical,Married,1,Travel_Rarely,No,3,3,2,1,2.0,3,1,3,3,3,4,3,3591,25,1,No
P-000440,RM1309,38,Female,Sales,Sales Representative,2,4,Marketing,Married,2,Travel_Rarely,Yes,20,4,2,0,3.0,2,4,1,2,1,4,4,5405,20,2,No
P-000441,RM131,43,Female,Research & Development,Research Scientist,1,3,Medical,Single,28,Travel_Frequently,No,18,3,2,1,2.0,2,3,4,3,4,3,2,4739,12,4,No
P-000442,RM1310,26,Male,Sales,Sales Executive,2,3,Medical,Single,10,Travel_Rarely,No,5,5,3,1,2.0,3,4,3,3,1,3,4,4684,13,1,No
P-000443,RM1311,58,Male,Research & Development,Research Director,4,4,Life Sciences,Married,15,Travel_Frequently,Yes,23,2,2,2,2.0,1,3,3,3,2,3,3,15787,14,2,No
P-000444,RM1312,18,Female,Research & Development,Research Scientist,1,3,Medical,Single,14,Non-Travel,No,0,0,0,0,0.0,2,3,3,1,3,3,4,1514,16,1,No
P-000445,RM1313,31,Male,Human Resources,Human Resources,1,5,Human Resources,Married,18,Travel_Rarely,No,2,1,0,0,0.0,4,1,4,3,3,3,4,2956,17,0,Yes
P-000446,RM1314,29,Male,Human Resources,Human Resources,1,3,Human Resources,Divorced,13,Travel_Rarely,Yes,4,2,2,2,0.0,1,1,2,3,4,3,3,2335,15,4,Yes
P-000447,RM1315,45,Female,Sales,Sales Executive,2,4,Life Sciences,Married,2,Non-Travel,No,10,8,7,5,7.0,3,3,3,4,2,4,3,5154,22,4,No
P-000448,RM1316,36,Female,Research & Development,Research Scientist,2,4,Other,Married,2,Travel_Rarely,Yes,15,1,0,0,0.0,4,2,3,3,4,4,2,6962,22,4,No
P-000449,RM1317,43,Male,Sales,Sales Executive,2,4,Life Sciences,Married,2,Travel_Frequently,No,7,7,7,7,7.0,1,4,3,3,3,4,5,5675,20,1,No
P-000450,RM1318,27,Female,Research & Development,Laboratory Technician,1,2,Life Sciences,Single,5,Travel_Frequently,Yes,6,5,4,0,2.0,4,4,3,2,3,3,3,2379,14,0,No
P-000451,RM1319,29,Male,Research & Development,Laboratory Technician,1,1,Medical,Married,20,Travel_Frequently,No,11,11,8,3,10.0,4,4,3,4,2,3,3,3812,13,1,No
P-000452,RM132,50,Female,Sales,Sales Executive,3,3,Marketing,Single,12,Travel_Frequently,No,16,2,2,2,1.0,3,4,3,3,4,3,3,9208,11,4,No
P-000453,RM1320,32,Male,Sales,Sales Executive,2,4,Marketing,Single,10,Travel_Frequently,No,4,0,0,0,0.0,4,4,3,4,3,3,2,4648,13,8,No
P-000454,RM1321,42,Male,Research & Development,Research Scientist,1,4,Technical Degree,Married,10,Non-Travel,No,10,6,3,3,3.0,3,3,3,2,2,4,1,2936,22,3,No
P-000455,RM1322,47,Female,Research & Development,Laboratory Technician,1,4,Life Sciences,Single,9,Travel_Rarely,No,7,2,2,2,0.0,2,3,3,3,3,3,2,2105,12,4,No
P-000456,RM1323,46,Male,Research & Development,Manufacturing Director,3,2,Life Sciences,Divorced,2,Travel_Rarely,No,12,9,8,4,7.0,4,4,3,2,3,3,4,8578,14,3,No
P-000457,RM1324,28,Male,Human Resources,Human Resources,1,2,Life Sciences,Divorced,1,Non-Travel,No,3,3,2,2,2.0,3,4,3,3,2,3,2,2706,15,1,No
P-000458,RM1325,29,Male,Research & Development,Healthcare Representative,2,1,Life Sciences,Divorced,29,Travel_Rarely,No,11,7,0,1,6.0,4,3,1,3,4,3,3,6384,17,8,No
P-000459,RM1326,42,Male,Research & Development,Laboratory Technician,1,3,Life Sciences,Single,8,Travel_Rarely,No,8,0,0,0,0.0,4,3,3,3,4,3,3,3968,13,4,No
P-000460,RM1327,32,Male,Sales,Sales Executive,2,4,Marketing,Single,2,Travel_Rarely,Yes,7,2,2,2,2.0,3,2,2,2,3,3,3,9907,12,7,Yes
P-000461,RM1328,46,Female,Sales,Sales Executive,4,3,Technical Degree,Divorced,3,Travel_Rarely,No,25,19,17,2,8.0,1,1,4,3,4,3,5,13225,12,2,No
P-000462,RM1329,27,Female,Sales,Sales Representative,2,1,Medical,Married,23,Travel_Rarely,No,9,9,8,5,8.0,2,3,2,3,4,4,5,3540,21,1,No
P-000463,RM133,31,Female,Sales,Sales Executive,2,3,Life Sciences,Married,20,Travel_Rarely,Yes,4,2,2,2,2.0,2,3,1,3,3,3,2,4559,11,3,Yes
P-000464,RM1330,29,Male,Human Resources,Human Resources,1,1,Medical,Married,6,TravelRarely,No,1,1,0,0,0.0,4,2,2,3,4,3,3,2804,11,1,No
P-000465,RM1331,43,Female,Research & Development,Manager,5,3,Medical,Married,6,Travel_Rarely,No,21,16,12,6,14.0,1,3,2,3,4,3,2,19392,13,7,No
P-000466,RM1332,48,Male,Research & Development,Research Director,5,3,Life Sciences,Married,10,Travel_Rarely,No,29,22,10,12,9.0,4,2,2,3,4,3,3,19665,12,4,No
P-000467,RM1333,29,Male,Research & Development,Research Scientist,1,2,Life Sciences,Single,24,Travel_Frequently,Yes,1,1,0,1,0.0,4,4,2,2,2,4,3,2439,24,1,Yes
P-000468,RM1334,46,Female,Sales,Sales Executive,3,3,Life Sciences,Married,10,Travel_Rarely,No,14,8,7,0,7.0,3,2,3,3,3,4,2,7314,21,5,Yes
P-000469,RM1335,27,Female,Research & Development,Research Scientist,1,3,Life Sciences,Married,15,Travel_Frequently,No,8,7,6,7,3.0,4,1,2,2,4,3,2,4774,19,0,No
P-000470,RM1336,39,Male,Research & Development,Research Scientist,2,4,Other,Divorced,19,Travel_Rarely,No,7,2,2,2,2.0,4,4,3,3,2,3,2,3902,14,8,No
P-000471,RM1337,55,Male,Research & Development,Research Scientist,1,4,Technical Degree,Married,2,Travel_Rarely,No,19,5,2,0,4.0,2,4,2,4,2,4,2,2662,20,8,No
P-000472,RM1338,28,Female,Sales,Sales Representative,1,3,Medical,Married,3,Travel_Rarely,No,1,1,0,0,0.0,2,2,3,3,4,3,3,2856,19,1,No
P-000473,RM1339,30,Male,Sales,Sales Representative,1,3,Medical,Single,9,Travel_Rarely,No,1,1,0,0,0.0,2,4,3,2,3,3,3,1081,13,1,Yes
P-000474,RM134,41,Male,Sales,Sales Executive,3,1,Life Sciences,Divorced,9,Travel_Rarely,Yes,12,9,7,0,7.0,3,3,3,3,3,3,2,8189,13,3,No
P-000475,RM1340,22,Male,Research & Development,Research Scientist,1,1,Life Sciences,Single,7,Travel_Rarely,Yes,1,1,0,0,0.0,4,2,3,3,1,4,2,2472,23,1,Yes
P-000476,RM1341,36,Female,Sales,Sales Executive,2,4,Technical Degree,Married,10,Travel_Rarely,Yes,10,10,9,1,7.0,2,3,2,3,1,3,4,5673,13,1,No
P-000477,RM1342,31,Male,Research & Development,Laboratory Technician,2,3,Life Sciences,Divorced,20,Travel_Rarely,No,10,10,8,0,2.0,2,3,3,3,1,3,2,4197,11,1,No
P-000478,RM1343,34,Male,Sales,Sales Executive,3,3,Life Sciences,Married,4,Travel_Rarely,Yes,9,5,3,1,0.0,3,4,3,3,4,3,3,9713,13,2,No
P-000479,RM1344,29,Male,Research & Development,Laboratory Technician,1,3,Life Sciences,Single,7,Travel_Rarely,No,11,3,2,1,2.0,4,1,3,3,2,3,2,2062,14,3,No
P-000480,RM1345,37,Male,Research & Development,Research Scientist,2,4,Medical,Married,7,Travel_Rarely,Yes,16,5,3,0,4.0,4,1,3,3,3,4,2,4284,22,5,No
P-000481,RM1346,35,Female,Research & Development,Manufacturing Director,2,2,Other,Married,16,Travel_Rarely,Yes,4,3,2,0,2.0,4,2,2,3,4,3,2,4788,11,0,No
P-000482,RM1347,45,Female,Research & Development,Manufacturing Director,2,2,Life Sciences,Married,25,Travel_Rarely,No,10,9,8,3,8.0,2,4,2,2,4,3,2,5906,13,0,No
P-000483,RM1348,36,Male,Human Resources,Human Resources,2,1,Human Resources,Single,2,Travel_Frequently,No,10,10,1,0,8.0,2,4,2,2,4,4,2,3886,21,1,No
P-000484,RM1349,40,Male,Research & Development,Manager,4,4,Life Sciences,Divorced,1,Travel_Rarely,No,22,19,7,11,16.0,1,1,3,3,1,3,3,16823,11,2,No
P-000485,RM135,26,Female,Human Resources,Human Resources,1,1,Life Sciences,Married,25,Travel_Rarely,No,8,8,7,5,7.0,3,3,3,3,4,4,3,2942,23,1,No
P-000486,RM1350,26,Female,Research & Development,Research Scientist,1,2,Life Sciences,Married,1,Travel_Rarely,Yes,1,1,0,1,0.0,2,3,2,2,3,3,3,2933,13,1,No
P-000487,RM1351,27,Female,Sales,Sales Executive,2,2,Medical,Single,2,Travel_Rarely,No,9,8,7,0,7.0,1,3,4,2,2,3,5,6500,14,0,No
P-000488,RM1352,48,Female,Research & Development,Manager,4,3,Medical,Divorced,22,Travel_Frequently,No,24,22,17,4,7.0,4,4,3,3,2,3,3,17174,11,3,No
P-000489,RM1353,44,Male,Research & Development,Healthcare Representative,2,4,Life Sciences,Married,1,Travel_Rarely,No,10,2,0,2,2.0,2,1,4,3,4,3,5,5033,15,2,No
P-000490,RM1354,34,Male,Research & Development,Research Scientist,1,4,Technical Degree,Married,16,Non-Travel,Yes,5,5,2,3,0.0,4,1,1,3,2,4,2,2307,23,1,Yes
P-000491,RM1355,56,Male,Research & Development,Laboratory Technician,1,2,Life Sciences,Single,24,Travel_Rarely,No,5,4,2,1,0.0,1,4,3,3,4,3,3,2587,16,1,Yes
P-000492,RM1356,36,Male,Sales,Sales Executive,2,2,Marketing,Married,17,Travel_Rarely,No,12,4,2,1,3.0,3,2,2,1,3,3,1,5507,16,2,No
P-000493,RM1357,41,Female,Sales,Sales Executive,2,3,Marketing,Married,8,Travel_Rarely,No,14,5,4,1,4.0,3,2,3,3,3,4,3,4393,21,5,No
P-000494,RM1358,42,Male,Research & Development,Research Director,3,3,Medical,Married,6,Travel_Rarely,No,18,13,7,5,7.0,3,1,3,4,2,3,3,13348,13,9,No
P-000495,RM1359,31,Female,Sales,Sales Executive,2,2,Medical,Divorced,10,Travel_Rarely,Yes,8,5,2,1,4.0,3,4,3,3,4,3,2,6583,11,2,No
P-000496,RM136,36,Male,Research & Development,Manufacturing Director,2,2,Medical,Divorced,6,Travel_Rarely,No,7,3,2,0,1.0,2,2,3,3,4,4,0,4941,20,6,No
P-000497,RM1360,34,Female,Sales,Sales Executive,2,1,Medical,Married,3,Travel_Rarely,Yes,9,4,2,0,1.0,4,4,2,2,3,3,3,8103,12,3,No
P-000498,RM1361,31,Female,Research & Development,Laboratory Technician,1,3,Medical,Divorced,4,Travel_Rarely,No,4,2,2,2,2.0,1,3,4,2,2,3,0,3978,12,8,No
P-000499,RM1362,26,Male,Research & Development,Laboratory Technician,1,3,Other,Married,6,Travel_Frequently,No,8,7,7,7,7.0,3,4,4,3,1,3,3,2544,18,0,No
P-000500,RM1363,45,Male,Research & Development,Healthcare Representative,2,4,Medical,Single,1,Travel_Frequently,No,12,4,2,0,3.0,2,3,3,3,3,3,3,5399,12,4,No
P-000501,RM1364,33,Male,Sales,Sales Executive,2,4,Marketing,Single,10,Travel_Rarely,No,10,10,4,0,9.0,2,3,3,2,2,3,2,5487,14,1,No
P-000502,RM1365,28,Male,Sales,Sales Executive,2,2,Life Sciences,Married,1,Travel_Frequently,Yes,7,7,7,0,7.0,3,4,2,3,3,3,2,6834,12,1,No
P-000503,RM1366,29,Male,Sales,Sales Representative,1,3,Technical Degree,Single,24,Travel_Frequently,No,1,1,0,0,0.0,3,1,4,3,4,3,3,1091,17,1,Yes
P-000504,RM1367,39,Female,Sales,Sales Executive,2,4,Life Sciences,Married,21,Non-Travel,No,10,3,2,1,2.0,1,3,1,3,3,3,1,5736,19,6,No
P-000505,RM1368,27,Male,Research & Development,Research Scientist,1,4,Technical Degree,Married,2,TravelRarely,No,6,5,3,1,2.0,2,2,3,2,3,3,3,2226,11,1,No
P-000506,RM1369,34,Male,Research & Development,Research Scientist,2,4,Other,Married,22,Travel_Frequently,Yes,16,15,10,6,11.0,3,4,2,3,2,3,3,5747,15,1,No
P-000507,RM137,51,Male,Research & Development,Manufacturing Director,3,4,Life Sciences,Single,8,Travel_Frequently,No,18,4,2,0,3.0,1,4,1,3,4,3,2,10650,15,2,Yes
P-000508,RM1370,28,Female,Sales,Sales Executive,2,2,Marketing,Single,13,Travel_Rarely,Yes,6,2,0,2,2.0,4,3,3,3,4,3,0,9854,11,3,Yes
P-000509,RM1371,47,Male,Research & Development,Research Scientist,2,4,Technical Degree,Married,14,Non-Travel,No,16,8,7,1,7.0,3,2,3,4,3,3,4,5467,18,8,No
P-000510,RM1372,56,Female,Sales,Sales Executive,2,5,Marketing,Married,11,Travel_Rarely,No,6,0,0,0,0.0,4,1,2,3,3,3,3,5380,16,4,No
P-000511,RM1373,39,Male,Research & Development,Manufacturing Director,2,2,Medical,Married,9,Travel_Rarely,No,10,10,0,7,9.0,1,1,3,3,4,4,3,5151,25,1,No
P-000512,RM1374,38,Female,Research & Development,Research Scientist,2,3,Medical,Divorced,8,Travel_Frequently,Yes,20,20,11,0,7.0,4,2,2,3,3,3,3,2133,16,1,No
P-000513,RM1375,58,Female,Sales,Manager,4,3,Life Sciences,Married,21,Travel_Rarely,Yes,29,1,0,0,0.0,4,4,3,2,3,3,2,17875,13,4,No
P-000514,RM1376,32,Female,Research & Development,Research Scientist,1,2,Life Sciences,Single,5,Travel_Frequently,Yes,8,4,1,0,3.0,1,3,4,3,1,3,2,2432,14,3,Yes
P-000515,RM1377,38,Male,Research & Development,Research Scientist,1,2,Life Sciences,Divorced,9,Travel_Rarely,No,10,5,2,0,3.0,2,4,3,4,4,3,0,4771,19,2,No
P-000516,RM1378,49,Male,Research & Development,Research Director,5,1,Life Sciences,Married,2,Travel_Frequently,No,28,5,4,4,3.0,2,4,3,3,4,3,3,19161,15,3,No
P-000517,RM1379,42,Male,Sales,Sales Executive,2,4,Marketing,Divorced,12,Travel_Rarely,Yes,14,0,0,0,0.0,2,4,3,3,3,3,4,5087,12,3,No
P-000518,RM138,39,Female,Sales,Sales Executive,2,4,Life Sciences,Married,4,Travel_Rarely,No,17,15,11,5,9.0,4,3,2,4,3,3,1,5902,14,4,No
P-000519,RM1380,27,Female,Human Resources,Human Resources,1,3,Human Resources,Married,22,Travel_Frequently,No,1,1,0,0,0.0,1,2,2,3,1,3,2,2863,12,1,Yes
P-000520,RM1381,35,Male,Sales,Sales Executive,2,4,Medical,Married,18,Travel_Rarely,No,6,5,3,0,4.0,2,1,3,1,4,3,2,5561,16,0,No
P-000521,RM1382,28,Male,Research & Development,Research Scientist,1,3,Medical,Single,16,Non-Travel,No,5,5,3,1,4.0,3,3,3,2,3,3,3,2144,14,1,No
P-000522,RM1383,31,Male,Research & Development,Research Scientist,1,2,Medical,Divorced,3,Non-Travel,Yes,4,4,2,2,3.0,3,1,3,4,4,3,3,3065,13,1,No
P-000523,RM1384,36,Male,Research & Development,Laboratory Technician,1,4,Life Sciences,Married,9,Non-Travel,No,5,5,4,0,2.0,1,2,4,3,2,4,3,2810,22,1,No
P-000524,RM1385,34,Male,Sales,Sales Executive,3,3,Marketing,Single,1,Travel_Rarely,No,14,14,8,2,1.0,1,4,3,2,1,4,3,9888,21,1,No
P-000525,RM1386,34,Male,Sales,Sales Executive,3,4,Medical,Divorced,13,Travel_Rarely,No,9,8,7,1,1.0,4,3,3,2,3,3,2,8628,18,1,No
P-000526,RM1387,26,Male,Research & Development,Laboratory Technician,1,3,Medical,Single,1,Travel_Rarely,No,8,7,7,7,6.0,3,1,3,2,4,3,6,2867,13,0,No
P-000527,RM1388,29,Male,Research & Development,Healthcare Representative,2,3,Life Sciences,Married,1,Travel_Rarely,No,6,5,3,0,2.0,1,1,3,2,1,3,5,5373,12,0,No
P-000528,RM1389,32,Female,Research & Development,Healthcare Representative,2,4,Medical,Divorced,15,Non-Travel,No,9,5,1,1,2.0,3,4,3,3,2,3,6,6667,18,5,No
P-000529,RM139,25,Male,Sales,Sales Executive,2,3,Life Sciences,Married,28,Travel_Rarely,No,6,2,2,2,3.0,1,3,2,3,4,3,3,8639,18,2,No
P-000530,RM1390,31,Male,Research & Development,Research Scientist,2,3,Life Sciences,Married,1,Travel_Frequently,No,10,10,8,8,7.0,4,1,1,3,2,4,6,5003,21,1,No
P-000531,RM1391,28,Male,Research & Development,Laboratory Technician,1,3,Technical Degree,Divorced,17,Travel_Rarely,No,6,4,1,0,3.0,3,4,2,2,1,3,2,2367,12,5,Yes
P-000532,RM1392,38,Male,Sales,Sales Representative,1,3,Life Sciences,Single,1,Travel_Rarely,No,20,1,0,0,0.0,1,1,2,2,1,3,3,2858,14,4,No
P-000533,RM1393,35,Female,Sales,Sales Executive,2,4,Life Sciences,Married,7,Travel_Rarely,Yes,10,10,8,0,9.0,3,4,3,3,4,3,2,5204,11,1,No
P-000534,RM1394,27,Male,Sales,Sales Executive,2,3,Marketing,Single,9,Travel_Rarely,No,7,7,7,0,7.0,4,4,3,3,1,3,5,4105,14,1,No
P-000535,RM1395,32,Male,Research & Development,Manufacturing Director,2,4,Life Sciences,Single,5,Travel_Rarely,No,8,1,0,0,0.0,4,4,2,3,2,4,1,9679,24,8,No
P-000536,RM1396,31,Male,Sales,Sales Executive,2,4,Marketing,Married,26,Travel_Frequently,Yes,10,10,7,0,8.0,1,4,3,3,3,3,4,5617,11,1,Yes
P-000537,RM1397,53,Male,Sales,Sales Executive,3,4,Life Sciences,Single,24,Travel_Rarely,Yes,15,2,2,2,2.0,1,1,3,2,2,3,2,10448,13,6,Yes
P-000538,RM1398,54,Female,Research & Development,Research Scientist,2,2,Life Sciences,Married,9,Travel_Rarely,No,9,4,3,2,3.0,1,3,3,2,3,3,6,2897,11,3,No
P-000539,RM1399,33,Male,Research & Development,Healthcare Representative,2,2,Life Sciences,Divorced,7,Travel_Frequently,No,9,9,7,2,8.0,4,3,3,3,3,4,2,5968,20,1,No
P-000540,RM140,30,Male,Human Resources,Human Resources,2,3,Human Resources,Married,9,Travel_Rarely,Yes,12,11,9,4,3.0,3,4,3,1,4,3,2,6347,19,0,No
P-000541,RM1400,43,Male,Research & Development,Healthcare Representative,3,3,Life Sciences,Married,11,Travel_Rarely,No,10,10,9,0,9.0,1,3,3,3,2,3,1,7510,17,1,No
P-000542,RM1401,38,Male,Human Resources,Human Resources,1,4,Other,Married,1,Travel_Frequently,Yes,7,6,2,1,2.0,4,2,3,3,2,3,2,2991,11,0,No
P-000543,RM1402,55,Male,Human Resources,Manager,5,4,Human Resources,Married,26,Travel_Rarely,Yes,35,10,9,1,4.0,3,2,4,3,1,3,0,19636,18,4,No
P-000544,RM1403,31,Female,Research & Development,Laboratory Technician,1,1,Medical,Divorced,2,Travel_Rarely,Yes,1,1,0,0,0.0,4,4,1,3,3,3,4,1129,11,1,No
P-000545,RM1404,39,Male,Sales,Sales Executive,4,4,Marketing,Single,15,Travel_Rarely,No,21,20,8,11,10.0,2,1,3,3,1,3,3,13341,12,0,No
P-000546,RM1405,42,Male,Research & Development,Research Scientist,2,2,Life Sciences,Single,23,Non-Travel,No,20,20,9,3,7.0,4,3,2,3,4,3,2,4332,12,1,No
P-000547,RM1406,31,Female,Research & Development,Research Director,3,3,Medical,Married,10,Non-Travel,No,13,11,7,4,8.0,3,3,3,4,3,4,2,11031,20,4,No
P-000548,RM1407,54,Female,Research & Development,Manufacturing Director,2,3,Medical,Single,10,Travel_Rarely,Yes,9,5,2,1,4.0,3,1,3,3,4,3,3,4440,19,6,No
P-000549,RM1408,24,Male,Research & Development,Healthcare Representative,2,2,Life Sciences,Single,1,Travel_Rarely,No,4,4,3,1,2.0,2,3,2,2,2,3,2,4617,12,1,No
P-000550,RM1409,23,Male,Research & Development,Laboratory Technician,1,2,Other,Single,12,Travel_Rarely,No,5,5,2,1,4.0,4,4,3,4,3,3,6,2647,13,1,No
P-000551,RM141,32,Female,Research & Development,Laboratory Technician,1,3,Medical,Single,9,Travel_Rarely,No,10,5,4,0,3.0,1,1,3,4,1,4,2,4200,22,7,Yes
P-000552,RM1410,40,Female,Research & Development,Laboratory Technician,2,3,Technical Degree,Married,11,Travel_Frequently,No,10,10,9,9,4.0,4,3,3,4,1,3,2,6323,11,1,No
P-000553,RM1411,40,Female,Sales,Sales Executive,2,2,Marketing,Married,2,Travel_Rarely,No,15,11,8,5,10.0,2,2,3,3,3,3,4,5677,14,3,No
P-000554,RM1412,25,Female,Human Resources,Human Resources,1,3,Human Resources,Married,2,Travel_Rarely,No,6,2,0,1,2.0,3,2,3,3,3,3,3,2187,14,4,No
P-000555,RM1413,30,Male,Research & Development,Laboratory Technician,1,2,Medical,Married,1,Travel_Rarely,No,12,12,8,1,7.0,4,2,3,2,3,3,6,3748,13,1,No
P-000556,RM1414,25,Male,Research & Development,Laboratory Technician,1,1,Other,Divorced,2,Travel_Rarely,Yes,7,2,2,0,2.0,4,3,3,2,3,3,2,3977,19,6,No
P-000557,RM1415,47,Male,Research & Development,Healthcare Representative,3,3,Medical,Single,25,Travel_Rarely,No,25,17,14,12,11.0,1,3,3,3,2,4,3,8633,23,2,No
P-000558,RM1416,33,Male,Research & Development,Laboratory Technician,1,2,Medical,Divorced,1,Non-Travel,No,1,1,1,0,0.0,2,3,2,2,3,3,2,2008,12,1,No
P-000559,RM1417,38,Male,Sales,Sales Executive,2,4,Life Sciences,Married,1,Travel_Rarely,No,16,15,13,5,8.0,4,2,3,3,1,3,3,4440,15,0,No
P-000560,RM1418,31,Male,Sales,Sales Representative,1,2,Life Sciences,Married,2,Travel_Rarely,No,3,2,2,1,2.0,1,3,3,3,3,3,1,3067,19,0,No
P-000561,RM1419,38,Male,Research & Development,Manufacturing Director,2,4,Life Sciences,Married,6,Travel_Frequently,No,10,8,3,7,7.0,1,3,2,3,4,3,1,5321,11,2,No
P-000562,RM142,45,Male,Research & Development,Research Scientist,1,3,Medical,Single,29,Travel_Rarely,No,9,6,5,0,3.0,3,4,3,2,2,3,2,3452,13,5,No
P-000563,RM1420,42,Male,Research & Development,Research Scientist,2,4,Life Sciences,Divorced,18,Travel_Rarely,Yes,9,4,3,1,2.0,4,1,3,2,3,3,3,5410,17,6,No
P-000564,RM1421,41,Male,Research & Development,Research Scientist,1,3,Life Sciences,Married,1,Travel_Rarely,No,12,5,3,1,0.0,4,4,3,3,1,4,3,2782,22,3,No
P-000565,RM1422,47,Female,Research & Development,Research Director,3,1,Medical,Married,1,Non-Travel,No,14,13,8,5,12.0,3,2,3,1,1,3,3,11957,18,0,No
P-000566,RM1423,35,Male,Research & Development,Laboratory Technician,1,4,Medical,Married,11,TravelRarely,Yes,5,2,2,2,2.0,4,3,3,3,3,3,3,2660,11,7,No
P-000567,RM1424,22,Male,Research & Development,Research Scientist,1,2,Life Sciences,Single,1,Travel_Rarely,No,4,3,2,1,2.0,4,3,3,4,4,3,2,3375,12,0,No
P-000568,RM1425,35,Male,Research & Development,Research Scientist,2,4,Medical,Single,9,Travel_Rarely,No,10,10,7,0,8.0,2,3,3,3,2,3,5,5098,19,1,No
P-000569,RM1426,33,Female,Research & Development,Healthcare Representative,2,2,Medical,Married,15,Travel_Rarely,Yes,10,9,7,8,1.0,2,4,3,3,1,3,6,4878,13,0,No
P-000570,RM1427,32,Female,Research & Development,Laboratory Technician,1,4,Life Sciences,Single,29,Travel_Rarely,No,6,6,2,4,1.0,3,2,2,3,3,3,3,2837,13,1,No
P-000571,RM1428,40,Male,Research & Development,Laboratory Technician,1,4,Life Sciences,Married,1,Travel_Rarely,No,8,1,0,0,0.0,1,4,3,2,3,3,3,2406,19,8,No
P-000572,RM1429,32,Male,Sales,Sales Representative,1,4,Medical,Married,1,Travel_Rarely,No,3,2,2,2,2.0,2,2,2,3,2,3,2,2269,14,0,No
P-000573,RM143,38,Female,Research & Development,Research Scientist,2,5,Technical Degree,Single,3,Travel_Rarely,Yes,19,3,2,2,3.0,4,3,3,3,2,4,2,4317,20,3,No
P-000574,RM1430,39,Male,Research & Development,Research Scientist,2,1,Life Sciences,Single,24,Travel_Rarely,No,18,7,7,1,7.0,1,4,3,3,1,3,2,4108,13,7,No
P-000575,RM1431,38,Female,Research & Development,Research Director,3,3,Medical,Married,10,Travel_Rarely,No,20,18,16,1,11.0,2,3,1,3,1,3,3,13206,12,3,No
P-000576,RM1432,32,Female,Sales,Sales Executive,3,4,Marketing,Married,1,Travel_Rarely,No,14,14,10,5,7.0,3,4,3,3,3,3,3,10422,19,1,No
P-000577,RM1433,37,Female,Research & Development,Research Director,3,3,Life Sciences,Married,10,Travel_Rarely,Yes,16,16,11,6,8.0,3,4,4,3,1,4,2,13744,25,1,No
P-000578,RM1434,25,Female,Sales,Sales Executive,2,2,Other,Divorced,8,Travel_Rarely,Yes,6,5,3,0,4.0,1,3,3,2,2,4,3,4907,22,0,No
P-000579,RM1435,52,Male,Sales,Sales Representative,1,4,Life Sciences,Divorced,29,Non-Travel,No,16,9,8,0,0.0,1,4,3,2,2,3,3,3482,15,2,No
P-000580,RM1436,44,Male,Research & Development,Research Scientist,1,3,Medical,Single,1,Travel_Rarely,Yes,6,4,3,1,2.0,2,4,3,3,3,3,2,2436,12,6,No
P-000581,RM1437,21,Male,Sales,Sales Representative,1,1,Medical,Single,5,Travel_Rarely,Yes,2,2,2,1,2.0,3,1,3,3,4,3,6,2380,11,1,No
P-000582,RM1438,39,Male,Research & Development,Manager,5,3,Life Sciences,Single,9,Non-Travel,No,21,6,0,1,3.0,4,4,3,2,3,3,3,19431,13,2,No
P-000583,RM1439,23,Male,Sales,Sales Representative,1,3,Marketing,Married,9,Travel_Frequently,No,1,1,0,1,0.0,4,1,3,2,1,3,3,1790,19,1,Yes
P-000584,RM144,30,Female,Research & Development,Research Scientist,1,3,Life Sciences,Single,18,Travel_Rarely,No,5,5,4,0,3.0,1,3,3,2,3,3,4,2632,14,1,No
P-000585,RM1440,36,Female,Sales,Sales Executive,3,3,Medical,Married,3,Travel_Rarely,No,10,9,7,3,4.0,1,4,2,3,3,3,2,7644,19,0,No
P-000586,RM1441,36,Female,Research & Development,Manufacturing Director,2,2,Life Sciences,Divorced,4,Travel_Frequently,No,18,4,2,0,2.0,4,2,3,3,2,3,3,5131,13,7,No
P-000587,RM1442,56,Male,Research & Development,Healthcare Representative,2,4,Life Sciences,Divorced,1,Non-Travel,No,13,13,12,1,9.0,3,3,3,2,1,4,2,6306,21,1,No
P-000588,RM1443,29,Male,Research & Development,Research Scientist,1,4,Medical,Married,1,Travel_Rarely,Yes,4,2,2,2,2.0,1,4,3,4,2,3,3,4787,14,9,Yes
P-000589,RM1444,42,Male,Research & Development,Manager,5,3,Life Sciences,Married,2,Travel_Rarely,No,24,22,6,4,14.0,1,3,3,2,1,3,2,18880,11,5,No
P-000590,RM1445,56,Male,Research & Development,Laboratory Technician,1,2,Technical Degree,Married,7,Travel_Rarely,No,14,10,9,9,8.0,4,3,3,1,4,3,4,2339,11,8,Yes
P-000591,RM1446,41,Female,Research & Development,Manufacturing Director,4,4,Life Sciences,Married,28,Travel_Rarely,No,21,20,7,0,10.0,1,2,2,3,3,4,3,13570,23,0,No
P-000592,RM1447,34,Female,Sales,Sales Executive,2,3,Marketing,Married,28,Travel_Rarely,No,8,8,7,1,7.0,4,3,2,3,4,4,2,6712,21,1,No
P-000593,RM1448,36,Male,Sales,Sales Executive,2,4,Marketing,Divorced,15,Non-Travel,No,15,15,12,11,11.0,4,4,1,2,1,4,4,5406,24,1,No
P-000594,RM1449,41,Male,Sales,Sales Executive,2,3,Life Sciences,Divorced,3,Travel_Rarely,No,14,5,4,0,4.0,3,2,2,3,3,3,5,8938,11,2,No
P-000595,RM145,32,Male,Sales,Sales Executive,2,2,Medical,Divorced,9,Travel_Frequently,No,9,8,7,0,3.0,4,4,1,4,4,3,2,4668,17,0,No
P-000596,RM1450,32,Male,Research & Development,Research Scientist,1,3,Technical Degree,Single,2,Travel_Rarely,No,4,4,2,1,2.0,4,1,3,3,4,3,4,2439,14,1,No
P-000597,RM1451,35,Female,Human Resources,Human Resources,3,4,Life Sciences,Single,26,Travel_Rarely,Yes,9,9,0,1,7.0,3,4,3,3,3,3,2,8837,16,1,No
P-000598,RM1452,38,Female,Sales,Sales Executive,2,2,Life Sciences,Married,10,TravelRarely,No,10,10,7,1,9.0,1,4,3,3,3,3,1,5343,11,1,No
P-000599,RM1453,50,Male,Sales,Sales Executive,2,4,Life Sciences,Divorced,1,Travel_Frequently,No,12,6,3,0,1.0,2,3,3,3,4,3,3,6728,12,7,Yes
P-000600,RM1454,36,Female,Sales,Sales Executive,2,4,Marketing,Married,11,Travel_Rarely,No,8,6,3,0,0.0,2,4,2,2,1,3,2,6652,13,4,No
P-000601,RM1455,45,Female,Sales,Sales Executive,2,3,Life Sciences,Single,20,Travel_Rarely,No,8,5,3,0,1.0,4,3,3,3,3,3,3,4850,15,8,No
P-000602,RM1456,40,Male,Research & Development,Research Scientist,1,4,Life Sciences,Single,2,Travel_Rarely,No,8,2,2,2,2.0,3,3,2,3,4,3,2,2809,14,2,No
P-000603,RM1457,35,Male,Research & Development,Healthcare Representative,2,4,Life Sciences,Married,18,Travel_Frequently,Yes,10,10,2,0,2.0,3,3,3,4,4,3,2,5689,14,1,No
P-000604,RM1458,40,Female,Research & Development,Research Scientist,1,4,Medical,Married,2,Travel_Rarely,No,20,5,3,0,2.0,3,3,3,3,2,3,2,2001,14,2,No
P-000605,RM1459,35,Female,Research & Development,Research Scientist,1,4,Life Sciences,Married,1,Travel_Rarely,No,4,4,3,1,1.0,3,4,1,3,4,3,5,2977,12,1,No
P-000606,RM146,30,Female,Research & Development,Research Scientist,1,3,Technical Degree,Divorced,5,Travel_Rarely,No,8,3,2,2,3.0,4,1,3,3,4,3,3,3204,14,5,No
P-000607,RM1460,29,Male,Research & Development,Laboratory Technician,2,2,Other,Married,13,Travel_Rarely,Yes,10,4,3,0,3.0,4,2,2,3,1,3,2,4025,13,4,No
P-000608,RM1461,29,Female,Research & Development,Research Scientist,1,4,Medical,Single,28,Travel_Rarely,No,5,5,4,0,4.0,4,1,2,1,2,3,3,3785,14,1,No
P-000609,RM1462,50,Male,Sales,Sales Executive,3,3,Marketing,Divorced,28,Travel_Rarely,Yes,20,3,2,2,0.0,4,1,2,3,2,3,3,10854,13,4,Yes
P-000610,RM1463,39,Female,Sales,Sales Executive,4,1,Marketing,Married,24,Travel_Rarely,No,21,20,9,9,6.0,2,4,2,2,1,3,2,12031,11,0,No
P-000611,RM1464,31,Male,Research & Development,Manufacturing Director,2,3,Medical,Single,5,Non-Travel,No,10,9,4,1,7.0,2,1,3,3,2,3,2,9936,19,0,No
P-000612,RM1465,26,Female,Sales,Sales Representative,1,3,Other,Single,5,Travel_Rarely,No,5,4,2,0,0.0,4,3,2,3,4,3,2,2966,18,0,No
P-000613,RM1466,36,Male,Research & Development,Laboratory Technician,2,2,Medical,Married,23,Travel_Frequently,No,17,5,2,0,3.0,3,4,4,3,3,3,3,2571,17,4,No
P-000614,RM1467,39,Male,Research & Development,Healthcare Representative,3,1,Medical,Married,6,Travel_Rarely,No,9,7,7,1,7.0,4,1,2,3,1,3,5,9991,15,4,No
P-000615,RM1468,27,Male,Research & Development,Manufacturing Director,2,3,Life Sciences,Married,4,Travel_Rarely,Yes,6,6,2,0,3.0,2,2,4,3,2,4,0,6142,20,1,No
P-000616,RM1469,49,Male,Sales,Sales Executive,2,3,Medical,Married,2,Travel_Frequently,No,17,9,6,0,8.0,4,2,2,2,4,3,3,5390,14,2,No
P-000617,RM147,30,Male,Research & Development,Laboratory Technician,1,1,Medical,Single,2,Travel_Rarely,No,6,5,3,1,3.0,2,4,2,3,4,3,3,2720,13,0,No
P-000618,RM1470,34,Male,Research & Development,Laboratory Technician,2,3,Medical,Married,8,TravelRarely,No,6,4,3,1,2.0,2,3,4,4,1,3,3,4404,12,2,No
P-000619,RM148,41,Male,Research & Development,Manager,4,3,Life Sciences,Divorced,10,Travel_Frequently,No,21,7,6,7,7.0,4,1,2,2,2,3,2,17181,13,4,No
P-000620,RM149,41,Male,Research & Development,Laboratory Technician,1,4,Life Sciences,Married,9,Travel_Rarely,No,7,5,0,1,4.0,3,1,3,3,4,4,2,2238,21,2,No
P-000621,RM150,19,Female,Research & Development,Laboratory Technician,1,1,Medical,Single,3,Travel_Rarely,No,1,1,0,0,0.0,2,2,3,3,4,3,3,1483,14,1,No
P-000622,RM151,40,Female,Research & Development,Research Scientist,2,3,Medical,Divorced,26,Travel_Frequently,No,20,20,7,2,13.0,2,2,3,3,1,3,2,5605,11,1,No
P-000623,RM152,35,Male,Sales,Sales Executive,3,5,Marketing,Married,1,Travel_Rarely,No,10,10,8,0,6.0,3,2,3,3,1,3,3,7295,13,1,No
P-000624,RM153,53,Male,Sales,Sales Representative,2,2,Marketing,Married,6,Travel_Rarely,Yes,13,7,7,4,5.0,2,3,3,1,4,4,3,2306,20,2,No
P-000625,RM154,45,Male,Research & Development,Laboratory Technician,2,3,Life Sciences,Divorced,9,Travel_Rarely,No,20,17,9,0,15.0,2,2,3,1,3,3,2,2348,18,8,No
P-000626,RM155,32,Female,Sales,Sales Executive,3,3,Marketing,Single,8,Travel_Frequently,No,9,9,8,3,7.0,2,4,3,3,4,3,2,8998,14,1,No
P-000627,RM156,29,Male,Research & Development,Manufacturing Director,2,1,Technical Degree,Married,1,Non-Travel,No,10,10,7,0,9.0,4,3,3,3,1,3,1,4319,13,1,No
P-000628,RM157,51,Male,Research & Development,Manufacturing Director,2,4,Medical,Married,7,Travel_Rarely,No,10,1,0,0,0.0,2,3,2,3,3,3,2,6132,17,2,No
P-000629,RM158,58,Female,Research & Development,Research Scientist,1,3,Medical,Married,9,Travel_Rarely,Yes,9,1,0,0,0.0,2,2,2,2,2,4,3,3346,20,4,No
P-000630,RM159,40,Male,Sales,Sales Executive,3,4,Marketing,Married,4,Travel_Rarely,No,15,12,11,2,11.0,3,4,2,2,1,3,2,10855,11,7,No
P-000631,RM160,34,Female,Sales,Sales Representative,1,4,Marketing,Married,2,Travel_Frequently,No,6,4,3,1,2.0,3,3,3,3,4,3,3,2231,18,6,No
P-000632,RM161,22,Male,Research & Development,Research Scientist,1,1,Medical,Married,19,Travel_Rarely,No,2,2,2,2,2.0,3,4,3,3,1,4,6,2323,24,1,No
P-000633,RM162,27,Male,Research & Development,Research Scientist,1,3,Medical,Divorced,9,Non-Travel,No,6,2,2,2,2.0,4,2,3,1,4,3,1,2024,18,6,No
P-000634,RM163,28,Male,Research & Development,Research Scientist,1,3,Medical,Married,21,Travel_Rarely,No,5,5,2,0,2.0,3,4,3,1,3,3,2,2713,11,1,No
P-000635,RM164,57,Male,Research & Development,Healthcare Representative,3,2,Life Sciences,Divorced,24,Travel_Rarely,Yes,12,5,3,1,4.0,3,4,4,1,2,3,2,9439,16,3,No
P-000636,RM165,27,Male,Research & Development,Research Scientist,1,3,Medical,Divorced,3,Non-Travel,Yes,1,1,1,0,1.0,3,3,2,2,4,3,2,2566,15,1,No
P-000637,RM166,50,Female,Research & Development,Manager,5,3,Life Sciences,Single,11,Travel_Rarely,No,21,5,4,4,4.0,3,2,3,3,2,3,5,19926,15,3,No
P-000638,RM167,41,Male,Research & Development,Research Scientist,1,3,Life Sciences,Divorced,14,Travel_Rarely,No,13,9,8,1,8.0,1,3,3,3,1,3,2,2451,12,4,No
P-000639,RM168,30,Female,Sales,Sales Executive,3,3,Life Sciences,Married,5,Travel_Rarely,No,12,10,9,7,4.0,2,4,3,3,3,3,2,9419,12,2,No
P-000640,RM169,38,Female,Sales,Sales Executive,2,4,Life Sciences,Single,1,Travel_Rarely,No,12,8,3,0,7.0,1,4,2,4,3,4,2,8686,22,4,No
P-000641,RM170,32,Male,Research & Development,Research Scientist,1,5,Life Sciences,Single,6,Travel_Rarely,No,8,5,4,1,4.0,3,3,3,3,1,4,2,3038,20,3,No
P-000642,RM171,27,Male,Research & Development,Research Scientist,1,3,Technical Degree,Married,17,Travel_Rarely,Yes,6,5,2,1,1.0,3,2,3,2,4,3,3,3058,16,0,No
P-000643,RM172,19,Female,Sales,Sales Representative,1,1,Technical Degree,Single,1,Travel_Frequently,No,1,0,0,0,0.0,3,1,1,4,1,4,5,2325,21,0,Yes
P-000644,RM173,36,Male,Research & Development,Laboratory Technician,1,2,Medical,Single,3,Travel_Frequently,No,13,8,7,7,2.0,4,2,3,2,3,3,3,2088,12,4,No
P-000645,RM174,30,Male,Research & Development,Laboratory Technician,2,3,Medical,Divorced,9,Non-Travel,No,12,12,9,6,10.0,3,1,3,3,3,3,4,3072,11,1,No
P-000646,RM175,45,Female,Sales,Sales Executive,2,2,Life Sciences,Divorced,4,Travel_Rarely,Yes,9,5,4,0,3.0,3,1,3,4,1,3,3,5006,11,4,No
P-000647,RM176,56,Female,Research & Development,Research Scientist,1,3,Life Sciences,Divorced,8,Travel_Rarely,Yes,19,2,2,2,2.0,3,1,3,3,3,3,3,4257,18,4,No
P-000648,RM177,33,Male,Research & Development,Research Scientist,1,3,Life Sciences,Single,2,Travel_Rarely,No,4,3,1,0,2.0,3,4,3,4,1,3,2,2500,14,0,No
P-000649,RM178,19,Male,Research & Development,Laboratory Technician,1,3,Life Sciences,Single,2,Travel_Rarely,No,1,1,0,1,0.0,2,4,2,2,3,4,3,1102,22,1,Yes
P-000650,RM179,46,Female,Sales,Sales Executive,3,2,Marketing,Divorced,1,Travel_Rarely,No,24,24,13,15,7.0,2,1,3,3,3,4,2,10453,25,1,No
P-000651,RM180,38,Female,Research & Development,Laboratory Technician,1,2,Life Sciences,Single,9,Travel_Rarely,No,2,2,2,2,1.0,3,4,3,3,3,3,3,2288,12,1,No
P-000652,RM181,31,Female,Research & Development,Research Scientist,1,1,Medical,Married,12,Travel_Rarely,Yes,7,4,2,0,2.0,3,4,3,3,3,4,0,3929,23,8,No
P-000653,RM182,34,Female,Research & Development,Research Scientist,1,2,Medical,Single,27,Travel_Rarely,No,9,3,2,1,2.0,4,2,3,3,4,3,3,2311,15,2,No
P-000654,RM183,41,Female,Sales,Sales Representative,1,2,Marketing,Single,20,Travel_Rarely,Yes,4,4,3,0,2.0,2,2,3,2,4,4,5,3140,22,1,Yes
P-000655,RM184,50,Male,Research & Development,Laboratory Technician,1,3,Medical,Married,1,Travel_Rarely,No,5,3,2,0,2.0,3,3,2,2,4,3,2,3690,15,2,No
P-000656,RM185,53,Female,Research & Development,Manufacturing Director,2,2,Medical,Divorced,13,Travel_Rarely,No,5,4,2,1,3.0,4,1,4,3,3,3,3,4450,11,1,No
P-000657,RM186,33,Female,Research & Development,Research Scientist,1,3,Medical,Married,14,Travel_Rarely,No,8,8,7,1,6.0,4,2,3,3,4,3,5,2756,13,1,No
P-000658,RM187,40,Female,Research & Development,Manager,5,1,Medical,Married,4,Travel_Rarely,No,21,20,8,9,9.0,4,3,3,3,2,3,2,19033,14,1,No
P-000659,RM188,55,Male,Research & Development,Research Director,5,4,Medical,Single,14,Travel_Rarely,No,36,24,15,2,15.0,3,2,4,3,4,3,3,18722,11,8,No
P-000660,RM189,34,Male,Research & Development,Manufacturing Director,2,1,Life Sciences,Married,2,Travel_Frequently,No,10,10,9,1,9.0,4,3,2,2,3,3,2,9547,17,1,No
P-000661,RM190,51,Female,Research & Development,Healthcare Representative,4,3,Medical,Single,3,Travel_Rarely,No,21,7,7,1,0.0,4,2,3,3,3,3,6,13734,18,3,No
P-000662,RM191,52,Male,Research & Development,Manager,5,4,Life Sciences,Married,1,Travel_Rarely,No,34,33,18,11,9.0,3,3,2,3,1,3,5,19999,14,0,No
P-000663,RM192,27,Female,Research & Development,Research Scientist,1,3,Medical,Single,9,Travel_Rarely,No,7,7,7,0,3.0,4,2,3,2,4,3,2,2279,16,1,No
P-000664,RM193,35,Male,Research & Development,Manufacturing Director,2,2,Life Sciences,Married,23,Travel_Rarely,Yes,8,1,0,0,1.0,2,3,2,3,1,3,1,5916,13,3,Yes
P-000665,RM194,43,Male,Research & Development,Research Scientist,1,3,Medical,Divorced,7,Non-Travel,No,7,5,4,2,2.0,4,4,4,4,4,3,3,2089,14,4,No
P-000666,RM195,45,Male,Research & Development,Manager,4,2,Medical,Married,2,Non-Travel,No,22,20,8,11,8.0,1,4,2,3,4,4,1,16792,23,9,No
P-000667,RM196,37,Male,Research & Development,Research Scientist,1,3,Life Sciences,Married,21,Travel_Rarely,Yes,8,8,7,1,7.0,2,1,4,2,1,3,3,3564,12,1,No
P-000668,RM197,35,Female,Research & Development,Laboratory Technician,2,3,Medical,Single,2,Travel_Frequently,No,10,6,2,1,2.0,2,2,3,3,4,3,5,4425,11,5,No
P-000669,RM198,42,Female,Research & Development,Manufacturing Director,2,2,Medical,Divorced,21,Non-Travel,No,11,5,3,0,2.0,3,3,3,3,2,3,5,5265,16,2,No
P-000670,RM199,38,Male,Research & Development,Manufacturing Director,2,4,Life Sciences,Married,2,Travel_Rarely,No,14,1,0,0,0.0,4,3,3,3,2,3,3,6553,14,9,No
P-000671,RM200,38,Male,Research & Development,Manufacturing Director,2,3,Technical Degree,Married,29,Travel_Rarely,No,9,7,7,1,7.0,4,4,3,1,1,3,3,6261,18,3,No
P-000672,RM201,27,Male,Research & Development,Manufacturing Director,2,1,Technical Degree,Married,1,Travel_Frequently,No,6,2,2,2,0.0,3,1,2,3,3,3,1,4298,19,5,No
P-000673,RM202,49,Male,Research & Development,Manufacturing Director,2,4,Life Sciences,Divorced,18,Non-Travel,Yes,7,7,7,1,7.0,4,4,3,3,1,3,0,6804,15,1,No
P-000674,RM203,34,Male,Research & Development,Research Scientist,1,4,Medical,Divorced,10,Travel_Frequently,Yes,5,5,3,2,0.0,4,3,3,4,4,3,4,3815,17,1,No
P-000675,RM204,40,Male,Research & Development,Laboratory Technician,2,2,Medical,Married,19,Travel_Rarely,Yes,15,7,2,3,7.0,3,4,3,4,3,3,2,2741,15,8,No
P-000676,RM205,38,Male,Research & Development,Healthcare Representative,2,1,Medical,Married,29,Travel_Rarely,Yes,17,1,0,0,0.0,2,1,3,3,2,3,2,6673,19,7,Yes
P-000677,RM206,29,Female,Sales,Sales Executive,3,3,Marketing,Married,27,Travel_Rarely,No,10,10,4,1,3.0,2,4,3,2,4,4,3,7639,22,1,Yes
P-000678,RM207,22,Male,Research & Development,Research Scientist,1,3,Life Sciences,Divorced,5,Travel_Rarely,Yes,4,4,2,2,3.0,4,2,4,2,1,3,2,2328,16,1,No
P-000679,RM208,36,Female,Research & Development,Laboratory Technician,1,1,Medical,Single,18,Travel_Frequently,No,8,8,1,1,3.0,2,4,3,3,1,3,2,2153,13,1,No
P-000680,RM209,40,Male,Research & Development,Healthcare Representative,2,5,Life Sciences,Married,9,Non-Travel,No,5,3,2,0,3.0,4,4,2,1,4,3,5,4876,14,9,No
P-000681,RM210,46,Male,Research & Development,Healthcare Representative,3,4,Medical,Divorced,1,Travel_Rarely,No,17,4,2,0,3.0,4,1,3,3,3,3,3,9396,16,7,No
P-000682,RM211,32,Male,Sales,Sales Executive,3,4,Medical,Married,4,Travel_Rarely,No,14,14,8,9,3.0,4,4,1,2,3,3,2,10400,11,1,Yes
P-000683,RM212,30,Male,Research & Development,Manufacturing Director,3,1,Life Sciences,Single,1,Non-Travel,No,12,11,8,5,8.0,3,3,2,3,3,4,2,8474,22,1,No
P-000684,RM213,27,Female,Sales,Sales Executive,2,3,Life Sciences,Single,20,Travel_Frequently,No,7,7,7,0,7.0,4,3,3,3,4,3,2,9981,14,1,No
P-000685,RM214,51,Male,Research & Development,Research Director,3,4,Life Sciences,Married,8,Travel_Rarely,No,16,10,9,4,7.0,2,2,2,1,4,3,5,12490,16,5,No
P-000686,RM215,30,Female,Research & Development,Research Scientist,1,3,Technical Degree,Single,3,Travel_Rarely,Yes,8,5,2,0,4.0,4,1,3,3,3,3,5,2657,11,5,Yes
P-000687,RM216,41,Female,Sales,Manager,3,3,Life Sciences,Single,6,Travel_Rarely,Yes,16,1,0,0,0.0,4,4,3,3,3,3,3,13591,18,3,No
P-000688,RM217,30,Female,Sales,Sales Executive,2,4,Marketing,Single,26,Travel_Frequently,No,9,6,3,0,1.0,3,1,2,2,3,3,5,6696,15,5,Yes
P-000689,RM218,29,Male,Research & Development,Research Scientist,1,3,Technical Degree,Single,1,Travel_Rarely,No,7,6,2,1,5.0,3,3,3,2,4,3,1,2058,14,0,Yes
P-000690,RM219,45,Female,Sales,Sales Executive,3,3,Medical,Single,6,Non-Travel,No,23,19,7,12,8.0,4,4,2,3,4,3,2,8865,12,6,No
P-000691,RM220,54,Female,Sales,Sales Executive,2,3,Marketing,Married,3,Travel_Rarely,No,16,6,2,0,5.0,4,1,3,3,4,3,4,5940,14,2,No
P-000692,RM221,36,Male,Research & Development,Laboratory Technician,2,2,Life Sciences,Single,5,Travel_Rarely,No,16,13,11,3,7.0,4,2,3,4,4,3,3,5914,16,8,No
P-000693,RM222,33,Female,Research & Development,Research Scientist,1,4,Medical,Married,4,Travel_Rarely,No,7,3,2,1,1.0,3,2,2,3,4,4,3,2622,21,6,No
P-000694,RM223,37,Male,Research & Development,Research Director,3,3,Other,Divorced,11,Travel_Frequently,Yes,10,10,8,0,7.0,2,4,3,3,3,3,1,12185,14,1,No
P-000695,RM224,38,Male,Sales,Sales Executive,3,3,Life Sciences,Divorced,3,Travel_Rarely,No,17,16,10,5,13.0,1,3,3,2,3,3,6,10609,12,0,No
P-000696,RM225,31,Male,Research & Development,Manufacturing Director,2,4,Medical,Married,1,Non-Travel,No,6,5,4,1,4.0,3,3,1,3,4,3,2,4345,12,0,No
P-000697,RM226,59,Male,Research & Development,Research Scientist,1,3,Life Sciences,Married,3,Travel_Rarely,No,7,1,0,0,0.0,3,4,2,3,1,3,6,2177,17,3,No
P-000698,RM227,37,Male,Sales,Sales Representative,1,4,Marketing,Divorced,4,Travel_Frequently,No,13,9,8,5,8.0,1,4,3,3,3,3,2,2793,17,4,No
P-000699,RM228,29,Female,Sales,Sales Executive,3,1,Medical,Married,1,Travel_Frequently,No,11,11,10,4,1.0,2,4,3,3,4,3,5,7918,14,1,No
P-000700,RM229,35,Female,Sales,Sales Executive,3,3,Marketing,Single,1,Travel_Frequently,No,10,10,7,0,8.0,3,3,3,4,1,3,3,8789,14,1,No
P-000701,RM230,29,Male,Research & Development,Research Scientist,1,1,Medical,Single,18,Travel_Rarely,Yes,4,4,3,0,1.0,3,4,2,2,3,3,3,2389,13,1,Yes
P-000702,RM231,52,Female,Research & Development,Laboratory Technician,1,3,Life Sciences,Single,2,Travel_Rarely,No,6,2,2,2,2.0,3,4,2,2,2,3,3,3212,15,7,No
P-000703,RM232,42,Male,Research & Development,Manager,5,2,Technical Degree,Married,4,Travel_Rarely,No,22,22,17,11,15.0,3,4,3,3,4,3,3,19232,11,1,No
P-000704,RM233,59,Male,Human Resources,Human Resources,1,2,Medical,Married,6,Travel_Rarely,No,7,2,2,2,2.0,2,3,3,2,4,3,2,2267,17,8,No
P-000705,RM234,50,Female,Sales,Manager,5,4,Medical,Divorced,1,Travel_Rarely,No,32,7,0,0,6.0,4,4,3,2,3,3,3,19517,11,3,No
P-000706,RM235,33,Male,Research & Development,Laboratory Technician,1,3,Medical,Married,14,Travel_Rarely,Yes,8,5,4,0,4.0,3,4,3,1,3,3,2,2436,13,5,Yes
P-000707,RM236,43,Female,Sales,Manager,4,3,Marketing,Married,16,Travel_Rarely,Yes,22,17,13,1,9.0,4,4,3,3,3,4,3,16064,22,5,No
P-000708,RM237,33,Female,Research & Development,Laboratory Technician,1,2,Life Sciences,Married,2,Travel_Rarely,No,13,9,7,1,7.0,1,1,3,4,1,4,3,2707,20,7,Yes
P-000709,RM238,52,Male,Sales,Manager,5,4,Life Sciences,Single,2,Non-Travel,Yes,33,33,7,15,12.0,1,3,2,4,4,3,2,19068,18,1,No
P-000710,RM239,32,Female,Sales,Sales Representative,1,2,Life Sciences,Married,4,Travel_Rarely,No,6,4,3,1,2.0,3,2,3,3,1,3,5,3931,11,2,No
P-000711,RM240,32,Male,Research & Development,Laboratory Technician,1,3,Life Sciences,Single,1,Travel_Rarely,Yes,4,3,2,1,2.0,4,3,2,1,4,3,2,3730,14,0,Yes
P-000712,RM241,39,Female,Research & Development,Laboratory Technician,1,4,Medical,Divorced,1,Travel_Rarely,No,7,3,2,1,2.0,3,3,3,3,3,3,1,2232,14,7,No
P-000713,RM242,32,Male,Sales,Sales Executive,2,4,Marketing,Married,26,Non-Travel,No,4,3,2,2,2.0,3,4,3,3,1,3,2,4465,18,0,No
P-000714,RM243,41,Male,Research & Development,Research Scientist,2,2,Life Sciences,Divorced,19,Travel_Rarely,No,17,1,0,0,0.0,3,1,3,2,1,3,2,3072,16,2,No
P-000715,RM244,40,Male,Research & Development,Research Scientist,2,2,Technical Degree,Divorced,24,Travel_Rarely,No,9,9,8,4,7.0,1,4,3,3,1,3,3,3319,17,1,No
P-000716,RM245,45,Male,Research & Development,Manager,5,3,Other,Married,1,Travel_Rarely,No,25,24,0,1,7.0,3,4,4,3,3,3,2,19202,11,0,No
P-000717,RM246,31,Male,Research & Development,Research Director,3,4,Medical,Divorced,3,Travel_Frequently,No,9,2,2,2,2.0,2,3,3,3,1,3,3,13675,12,9,No
P-000718,RM247,33,Female,Research & Development,Research Scientist,1,4,Life Sciences,Married,5,Travel_Rarely,No,2,2,2,0,2.0,3,4,2,2,3,3,2,2911,13,1,No
P-000719,RM248,34,Male,Research & Development,Manufacturing Director,2,4,Life Sciences,Married,2,Travel_Rarely,No,13,11,9,5,9.0,4,1,2,3,2,3,3,5957,13,6,No
P-000720,RM249,37,Female,Research & Development,Research Scientist,1,2,Medical,Married,1,Travel_Rarely,No,17,3,1,0,3.0,3,1,2,2,1,3,2,3920,14,2,No
P-000721,RM250,45,Male,Research & Development,Manufacturing Director,2,4,Life Sciences,Married,7,Travel_Frequently,No,9,3,2,0,3.0,1,3,4,3,4,3,1,6434,17,4,No
P-000722,RM251,37,Male,Research & Development,Manufacturing Director,3,3,Medical,Divorced,10,Travel_Frequently,No,17,1,0,0,3.0,1,3,3,3,2,3,5,10048,11,6,Yes
P-000723,RM252,39,Female,Research & Development,Healthcare Representative,3,4,Technical Degree,Single,2,Travel_Frequently,No,20,19,6,11,3.0,3,3,3,3,4,4,1,10938,25,0,No
P-000724,RM253,29,Male,Research & Development,Research Scientist,1,3,Life Sciences,Single,15,Travel_Rarely,No,6,6,5,1,3.0,3,4,3,3,1,3,1,2340,19,1,No
P-000725,RM254,42,Female,Research & Development,Research Scientist,2,2,Life Sciences,Single,17,Travel_Rarely,Yes,10,3,2,0,3.0,4,1,4,3,3,3,1,6545,13,3,No
P-000726,RM255,29,Male,Sales,Sales Executive,2,2,Marketing,Divorced,20,Travel_Rarely,No,10,3,2,0,3.0,4,4,3,3,4,3,2,6931,14,2,No
P-000727,RM256,25,Female,Research & Development,Manufacturing Director,2,3,Life Sciences,Married,1,Travel_Rarely,No,5,4,2,1,3.0,1,3,3,3,4,3,3,4898,12,0,No
P-000728,RM257,42,Female,Research & Development,Laboratory Technician,1,3,Medical,Divorced,2,Travel_Rarely,Yes,10,9,6,7,3.0,4,1,2,3,3,3,4,2593,11,0,No
P-000729,RM258,40,Male,Research & Development,Research Director,5,2,Medical,Divorced,2,Travel_Rarely,No,22,21,7,3,3.0,1,3,3,3,4,3,5,19436,19,0,No
P-000730,RM259,51,Male,Research & Development,Research Scientist,1,3,Life Sciences,Married,1,Travel_Rarely,No,1,1,0,0,3.0,3,4,3,2,2,3,0,2723,11,1,No
P-000731,RM260,31,Male,Research & Development,Laboratory Technician,1,2,Medical,Single,29,Travel_Frequently,No,6,5,4,1,4.0,3,2,2,4,2,3,2,3479,11,0,Yes
P-000732,RM261,32,Male,Research & Development,Laboratory Technician,1,3,Life Sciences,Married,7,Travel_Frequently,No,5,5,1,0,3.0,2,2,4,1,3,4,3,2794,20,1,No
P-000733,RM262,38,Male,Sales,Sales Executive,2,2,Life Sciences,Married,2,Non-Travel,No,13,8,7,7,5.0,4,4,2,3,4,3,0,5249,18,3,No
P-000734,RM263,32,Male,Research & Development,Laboratory Technician,2,1,Technical Degree,Single,2,Travel_Rarely,No,9,6,2,0,4.0,4,1,2,3,4,3,5,2176,13,4,No
P-000735,RM264,46,Female,Sales,Manager,4,3,Technical Degree,Married,2,Travel_Rarely,Yes,28,7,7,7,7.0,3,2,1,2,2,3,2,16872,12,3,No
P-000736,RM265,28,Male,Research & Development,Laboratory Technician,1,4,Life Sciences,Single,2,Travel_Rarely,No,5,0,0,0,0.0,1,3,3,1,3,3,5,3485,11,2,Yes
P-000737,RM266,29,Male,Sales,Sales Executive,2,3,Medical,Married,2,Travel_Rarely,No,10,0,0,0,0.0,1,2,2,3,2,3,2,6644,19,2,No
P-000738,RM267,31,Male,Research & Development,Healthcare Representative,2,3,Medical,Married,23,Travel_Rarely,No,10,9,0,7,8.0,2,4,2,3,2,4,2,5582,21,0,No
P-000739,RM268,25,Male,Research & Development,Healthcare Representative,2,2,Life Sciences,Divorced,5,Non-Travel,No,6,6,3,1,5.0,2,1,4,3,4,3,2,4000,12,1,No
P-000740,RM269,45,Male,Research & Development,Healthcare Representative,4,2,Medical,Married,20,Travel_Rarely,Yes,21,20,7,4,10.0,3,4,3,3,2,3,2,13496,14,0,No
P-000741,RM270,36,Male,Research & Development,Laboratory Technician,1,3,Life Sciences,Married,6,Travel_Rarely,No,16,15,13,10,11.0,4,4,3,3,3,3,4,3210,11,0,No
P-000742,RM271,55,Male,Research & Development,Manager,5,3,Medical,Single,1,Travel_Rarely,Yes,37,36,10,4,13.0,4,1,3,3,3,3,2,19045,14,0,No
P-000743,RM272,47,Male,Research & Development,Manager,3,4,Life Sciences,Married,29,Non-Travel,Yes,10,10,7,9,9.0,1,2,3,2,4,3,2,11849,12,1,Yes
P-000744,RM273,28,Male,Research & Development,Research Scientist,1,3,Medical,Married,9,Travel_Rarely,No,5,5,2,0,4.0,4,4,3,2,4,4,3,2070,23,1,No
P-000745,RM274,37,Male,Sales,Sales Executive,2,4,Medical,Married,6,Travel_Rarely,No,7,5,4,0,1.0,3,4,3,4,2,3,5,6502,14,4,No
P-000746,RM275,21,Male,Research & Development,Research Scientist,1,2,Medical,Single,3,Travel_Rarely,No,3,3,2,1,0.0,4,3,2,4,1,3,4,3230,17,1,No
P-000747,RM276,37,Female,Research & Development,Research Director,3,4,Medical,Divorced,1,Non-Travel,Yes,15,5,2,0,2.0,1,4,3,3,1,3,2,13603,18,2,No
P-000748,RM277,35,Female,Research & Development,Manager,3,3,Life Sciences,Divorced,22,Travel_Rarely,No,10,7,7,6,2.0,2,2,4,2,2,3,6,11996,18,7,No
P-000749,RM278,38,Female,Sales,Sales Executive,2,2,Medical,Divorced,7,Travel_Rarely,Yes,8,8,0,7,7.0,1,1,4,3,3,4,3,5605,24,1,No
P-000750,RM279,26,Female,Research & Development,Manufacturing Director,2,3,Life Sciences,Divorced,1,Travel_Frequently,No,6,6,5,1,4.0,3,2,3,1,1,4,6,6397,20,1,No
P-000751,RM280,50,Male,Research & Development,Research Director,5,1,Life Sciences,Divorced,4,Travel_Rarely,No,28,10,4,1,6.0,1,2,3,2,1,3,4,19144,14,3,No
P-000752,RM281,53,Male,Research & Development,Research Director,4,4,Medical,Married,3,Travel_Rarely,Yes,21,5,3,1,3.0,3,3,3,2,4,3,5,17584,16,3,No
P-000753,RM282,42,Male,Sales,Sales Executive,2,1,Life Sciences,Married,1,Travel_Rarely,No,20,20,16,11,6.0,2,3,3,3,3,4,3,4907,25,1,No
P-000754,RM283,29,Male,Sales,Sales Executive,2,2,Life Sciences,Single,2,Travel_Frequently,No,10,10,7,0,9.0,2,4,3,2,1,3,3,4554,18,1,No
P-000755,RM284,55,Male,Research & Development,Laboratory Technician,2,2,Technical Degree,Married,20,Travel_Rarely,Yes,12,10,7,0,8.0,2,4,3,3,4,3,4,5415,19,3,No
P-000756,RM285,26,Male,Research & Development,Healthcare Representative,2,2,Medical,Married,11,Travel_Frequently,Yes,5,5,3,3,3.0,1,1,3,3,3,3,3,4741,13,1,No
P-000757,RM286,37,Female,Research & Development,Research Scientist,1,3,Life Sciences,Single,1,Travel_Rarely,No,17,17,12,5,7.0,4,4,3,3,2,3,3,2115,12,1,No
P-000758,RM287,44,Male,Research & Development,Laboratory Technician,1,3,Life Sciences,Divorced,24,Travel_Frequently,Yes,19,1,0,0,0.0,4,3,3,1,4,4,0,3161,22,3,Yes
P-000759,RM288,38,Male,Research & Development,Healthcare Representative,2,4,Life Sciences,Divorced,23,Travel_Rarely,No,10,2,2,1,2.0,4,4,3,3,2,3,2,5745,14,9,No
P-000760,RM289,26,Male,Research & Development,Laboratory Technician,1,4,Medical,Divorced,16,Travel_Rarely,Yes,5,3,2,0,2.0,1,2,3,3,4,3,2,2373,13,2,Yes
P-000761,RM290,28,Female,Research & Development,Research Scientist,1,2,Life Sciences,Single,8,Travel_Rarely,No,5,5,3,0,2.0,4,4,3,3,4,4,3,3310,21,1,No
P-000762,RM291,49,Female,Research & Development,Research Director,5,4,Life Sciences,Single,10,Travel_Frequently,Yes,22,3,2,1,2.0,3,1,3,3,4,3,4,18665,11,9,No
P-000763,RM292,36,Male,Research & Development,Research Scientist,2,3,Technical Degree,Single,3,Travel_Rarely,No,10,8,0,7,7.0,3,2,3,3,4,3,2,4485,12,4,No
P-000764,RM293,31,Female,Sales,Sales Representative,1,3,Marketing,Divorced,5,Travel_Frequently,No,2,2,2,2,2.0,4,2,3,2,3,3,5,2789,11,1,No
P-000765,RM294,26,Male,Sales,Sales Executive,2,4,Marketing,Single,4,Travel_Rarely,Yes,8,8,7,7,4.0,4,4,2,3,2,3,0,5828,12,1,Yes
P-000766,RM295,37,Male,Research & Development,Research Scientist,1,3,Medical,Married,9,Travel_Frequently,Yes,4,4,2,1,2.0,2,4,3,2,3,3,3,2326,12,1,No
P-000767,RM296,42,Female,Sales,Sales Executive,4,3,Marketing,Married,26,Travel_Frequently,No,23,20,4,4,8.0,3,2,3,4,4,3,2,13525,14,5,No
P-000768,RM297,18,Male,Research & Development,Laboratory Technician,1,3,Life Sciences,Single,3,Travel_Rarely,No,0,0,0,0,0.0,3,3,3,3,3,3,2,1420,13,1,Yes
P-000769,RM298,35,Male,Sales,Sales Executive,3,3,Marketing,Married,16,Travel_Rarely,No,12,11,9,6,9.0,3,2,3,2,3,3,3,8020,15,0,No
P-000770,RM299,36,Male,Research & Development,Laboratory Technician,1,4,Life Sciences,Married,18,Travel_Frequently,No,4,1,0,0,0.0,3,4,4,3,4,3,2,3688,18,4,No
P-000771,RM300,51,Male,Research & Development,Manufacturing Director,2,3,Medical,Divorced,2,Travel_Rarely,No,13,4,1,1,2.0,4,2,1,3,4,3,3,5482,18,5,No
P-000772,RM301,41,Male,Sales,Manager,4,4,Life Sciences,Single,2,Travel_Rarely,No,22,22,10,0,4.0,4,2,3,3,2,3,2,16015,19,1,No
P-000773,RM302,18,Female,Sales,Sales Representative,1,3,Medical,Single,10,Travel_Rarely,No,0,0,0,0,0.0,4,3,2,3,1,3,2,1200,12,1,No
P-000774,RM303,28,Male,Research & Development,Healthcare Representative,2,2,Medical,Single,16,Travel_Rarely,No,9,8,3,0,7.0,2,1,4,3,3,3,2,5661,19,0,No
P-000775,RM304,31,Male,Sales,Sales Executive,2,3,Technical Degree,Married,7,Travel_Rarely,No,10,8,7,7,7.0,2,4,4,2,2,3,3,6929,11,4,No
P-000776,RM305,39,Male,Research & Development,Healthcare Representative,3,3,Medical,Divorced,1,Travel_Rarely,No,19,18,10,3,7.0,3,4,4,2,1,3,5,9613,17,0,No
P-000777,RM306,36,Female,Research & Development,Laboratory Technician,2,4,Life Sciences,Married,24,Non-Travel,No,11,9,8,0,8.0,2,2,3,3,3,3,3,5674,15,7,No
P-000778,RM307,32,Male,Sales,Sales Executive,2,3,Life Sciences,Married,7,Travel_Rarely,No,13,13,8,4,8.0,4,3,2,2,3,3,3,5484,14,1,No
P-000779,RM308,38,Female,Research & Development,Research Director,3,2,Life Sciences,Married,25,Travel_Rarely,No,19,10,8,0,1.0,1,2,2,3,3,3,2,12061,17,3,No
P-000780,RM309,58,Male,Research & Development,Healthcare Representative,2,4,Life Sciences,Divorced,1,Non-Travel,Yes,12,5,3,1,2.0,4,3,1,3,4,3,2,5660,13,2,No
P-000781,RM310,31,Male,Research & Development,Research Scientist,1,4,Technical Degree,Married,5,Travel_Rarely,Yes,6,5,2,0,3.0,3,4,3,3,3,3,4,4821,12,0,No
P-000782,RM311,31,Male,Human Resources,Human Resources,2,3,Human Resources,Married,2,Travel_Rarely,No,9,2,2,1,0.0,1,1,2,3,4,3,1,6410,12,3,No
P-000783,RM312,45,Male,Research & Development,Laboratory Technician,3,3,Life Sciences,Divorced,7,Travel_Frequently,No,24,24,9,9,11.0,1,1,3,3,1,3,2,5210,18,1,No
P-000784,RM313,31,Male,Research & Development,Research Scientist,1,4,Life Sciences,Divorced,2,Travel_Rarely,Yes,3,2,2,2,2.0,3,4,3,1,2,3,2,2695,18,0,No
P-000785,RM314,33,Female,Research & Development,Manager,3,4,Life Sciences,Married,5,Travel_Frequently,No,12,10,6,8,8.0,4,2,3,3,2,3,2,11878,11,6,No
P-000786,RM315,39,Male,Research & Development,Manager,4,1,Medical,Married,10,Travel_Rarely,Yes,21,21,9,11,10.0,3,1,3,3,4,3,3,17068,14,1,No
P-000787,RM316,43,Female,Research & Development,Laboratory Technician,1,4,Life Sciences,Single,10,Travel_Frequently,No,9,8,7,1,7.0,3,4,3,3,1,3,5,2455,19,0,No
P-000788,RM317,49,Female,Research & Development,Healthcare Representative,4,2,Technical Degree,Single,1,Travel_Rarely,Yes,25,7,1,0,7.0,3,3,2,3,4,3,2,13964,12,7,No
P-000789,RM318,52,Male,Research & Development,Research Scientist,2,4,Medical,Married,8,Travel_Rarely,No,11,8,2,7,7.0,3,2,2,2,1,3,3,4941,15,2,Yes
P-000790,RM319,27,Female,Research & Development,Research Scientist,1,3,Life Sciences,Single,5,Travel_Rarely,Yes,4,4,3,1,2.0,3,2,3,2,2,3,2,2478,12,1,No
P-000791,RM320,32,Female,Sales,Sales Executive,2,2,Technical Degree,Married,8,Travel_Rarely,Yes,13,13,12,11,9.0,3,2,2,3,4,3,2,5228,11,1,No
P-000792,RM321,27,Male,Sales,Sales Executive,2,3,Life Sciences,Single,2,Travel_Rarely,Yes,5,5,4,0,4.0,4,3,3,3,1,3,3,4478,11,1,No
P-000793,RM322,31,Male,Sales,Sales Executive,2,3,Marketing,Divorced,7,Travel_Rarely,No,13,7,7,1,7.0,4,4,3,3,4,3,3,7547,12,4,No
P-000794,RM323,32,Female,Research & Development,Research Scientist,2,4,Medical,Single,2,Travel_Rarely,No,10,7,7,0,7.0,1,4,4,2,3,3,0,5055,16,7,No
P-000795,RM324,28,Male,Research & Development,Research Scientist,1,4,Medical,Married,2,Travel_Rarely,Yes,5,3,2,2,2.0,1,4,1,2,4,3,4,3464,13,5,Yes
P-000796,RM325,30,Female,Research & Development,Research Scientist,2,2,Medical,Married,28,Travel_Rarely,No,11,10,8,1,9.0,4,4,3,3,4,3,2,5775,13,1,No
P-000797,RM326,31,Female,Research & Development,Manufacturing Director,3,2,Life Sciences,Married,7,Travel_Frequently,No,10,10,9,8,9.0,3,3,2,3,1,4,2,8943,24,1,No
P-000798,RM327,39,Male,Research & Development,Manager,5,2,Medical,Married,7,Travel_Frequently,No,21,21,9,13,3.0,3,4,2,3,1,3,2,19272,15,1,No
P-000799,RM328,39,Female,Sales,Sales Executive,2,2,Medical,Married,3,Travel_Rarely,Yes,12,1,0,0,0.0,4,3,3,2,1,3,3,5238,18,4,Yes
P-000800,RM329,33,Male,Sales,Sales Executive,2,3,Marketing,Single,10,Travel_Frequently,No,9,7,7,0,1.0,2,4,2,2,3,3,6,4682,14,3,No
P-000801,RM330,47,Male,Research & Development,Research Director,5,5,Life Sciences,Married,5,Travel_Rarely,No,21,3,2,1,1.0,4,3,3,3,2,3,2,18300,11,4,No
P-000802,RM331,43,Female,Research & Development,Laboratory Technician,2,4,Life Sciences,Divorced,10,Travel_Frequently,No,9,9,7,0,0.0,3,3,2,4,2,3,3,5257,11,1,No
P-000803,RM332,27,Male,Sales,Sales Executive,2,1,Marketing,Married,1,Non-Travel,Yes,6,5,4,1,4.0,3,2,3,3,4,3,0,6349,13,0,No
P-000804,RM333,54,Female,Research & Development,Research Scientist,2,4,Life Sciences,Single,20,Travel_Frequently,No,20,4,3,0,3.0,4,3,3,2,4,3,4,4869,12,3,No
P-000805,RM334,43,Female,Research & Development,Healthcare Representative,3,3,Life Sciences,Married,7,Travel_Rarely,No,10,1,0,0,0.0,3,1,3,2,1,3,1,9985,16,8,No
P-000806,RM335,45,Male,Research & Development,Research Scientist,2,4,Other,Married,8,Travel_Rarely,No,12,10,9,9,8.0,4,4,3,3,1,3,3,3697,14,9,No
P-000807,RM336,40,Male,Sales,Sales Executive,2,2,Medical,Married,1,Travel_Rarely,Yes,6,4,3,0,2.0,2,4,1,2,3,4,2,7457,22,2,No
P-000808,RM337,29,Male,Research & Development,Laboratory Technician,1,4,Other,Married,8,Travel_Rarely,Yes,7,7,7,0,7.0,2,1,1,2,4,3,4,2119,11,1,Yes
P-000809,RM338,29,Male,Research & Development,Laboratory Technician,1,5,Other,Single,9,Travel_Rarely,No,4,3,2,2,2.0,2,4,2,3,3,3,2,3983,17,0,No
P-000810,RM339,30,Female,Sales,Sales Executive,2,3,Marketing,Divorced,5,Travel_Rarely,No,10,10,9,1,2.0,4,3,2,3,3,3,2,6118,13,1,No
P-000811,RM340,27,Female,Sales,Sales Executive,2,4,Marketing,Married,8,Travel_Rarely,No,8,8,7,0,7.0,2,2,3,3,1,3,3,6214,18,1,No
P-000812,RM341,37,Male,Research & Development,Manufacturing Director,2,2,Medical,Divorced,5,Travel_Rarely,No,8,6,2,0,4.0,4,4,3,2,3,3,2,6347,16,7,No
P-000813,RM342,38,Male,Research & Development,Research Director,3,2,Life Sciences,Divorced,15,Travel_Rarely,Yes,12,11,10,2,9.0,3,4,2,3,2,3,3,11510,14,0,No
P-000814,RM343,31,Female,Research & Development,Manufacturing Director,3,4,Medical,Single,7,Travel_Rarely,Yes,11,11,9,4,10.0,3,4,3,2,3,3,2,7143,14,1,No
P-000815,RM344,29,Female,Sales,Sales Executive,2,1,Marketing,Divorced,10,Travel_Rarely,Yes,7,7,7,1,7.0,4,2,2,3,1,3,2,8268,14,1,No
P-000816,RM345,35,Male,Research & Development,Manufacturing Director,3,4,Technical Degree,Single,5,Travel_Rarely,No,17,16,6,0,13.0,3,2,3,3,4,3,5,8095,13,0,No
P-000817,RM346,23,Male,Research & Development,Research Scientist,1,1,Life Sciences,Divorced,26,Travel_Rarely,No,4,4,2,0,2.0,3,4,3,2,3,3,2,2904,12,1,No
P-000818,RM347,41,Male,Research & Development,Manufacturing Director,2,3,Medical,Single,6,Travel_Rarely,Yes,8,5,4,1,2.0,4,2,2,3,4,3,3,6032,15,6,No
P-000819,RM348,47,Male,Sales,Sales Representative,2,1,Medical,Single,4,Travel_Frequently,No,5,0,0,0,0.0,2,3,3,3,1,3,3,2976,19,3,No
P-000820,RM349,42,Female,Research & Development,Research Director,4,5,Life Sciences,Single,23,Travel_Rarely,No,16,1,0,0,0.0,1,4,3,3,2,3,2,15992,14,2,No
P-000821,RM350,29,Male,Sales,Sales Executive,2,3,Life Sciences,Married,2,Non-Travel,No,4,4,3,0,2.0,4,3,3,2,1,3,3,4649,14,1,No
P-000822,RM351,42,Male,Human Resources,Human Resources,1,1,Technical Degree,Divorced,2,Travel_Rarely,Yes,4,3,2,1,0.0,3,3,3,3,3,3,5,2696,11,0,No
P-000823,RM352,32,Female,Research & Development,Laboratory Technician,1,3,Medical,Married,2,Travel_Rarely,No,8,8,0,0,7.0,3,2,3,3,3,3,4,2370,13,1,No
P-000824,RM353,48,Female,Sales,Manager,3,1,Medical,Married,29,Travel_Rarely,No,15,0,0,0,0.0,1,3,3,1,2,4,3,12504,21,3,No
P-000825,RM354,37,Male,Research & Development,Research Scientist,2,3,Medical,Divorced,6,Travel_Rarely,Yes,13,7,7,6,7.0,3,1,4,3,1,3,2,5974,13,4,No
P-000826,RM355,30,Female,Sales,Sales Executive,2,2,Technical Degree,Married,25,Non-Travel,Yes,4,2,2,2,2.0,4,3,3,4,2,3,2,4736,12,7,No
P-000827,RM356,26,Male,Sales,Sales Executive,2,3,Life Sciences,Married,1,Travel_Rarely,No,8,8,7,7,7.0,3,3,3,3,2,3,3,5296,17,1,No
P-000828,RM357,42,Male,Research & Development,Healthcare Representative,2,4,Other,Single,2,Travel_Rarely,No,14,1,0,0,0.0,1,4,2,3,2,4,6,6781,23,3,No
P-000829,RM358,21,Female,Sales,Sales Representative,1,1,Technical Degree,Single,1,Travel_Frequently,Yes,3,3,2,1,2.0,1,2,2,3,3,3,3,2174,11,1,Yes
P-000830,RM359,36,Female,Sales,Sales Executive,2,5,Medical,Single,1,Non-Travel,No,7,1,0,0,3.0,4,4,3,3,2,3,6,6653,15,4,No
P-000831,RM360,36,Male,Sales,Sales Executive,3,4,Medical,Married,3,Travel_Frequently,No,16,13,9,1,3.0,1,4,2,3,1,3,2,9699,11,4,No
P-000832,RM361,57,Male,Research & Development,Healthcare Representative,2,4,Medical,Married,1,Travel_Rarely,No,15,3,2,1,3.0,4,3,3,3,3,3,2,6755,11,2,No
P-000833,RM362,40,Female,Research & Development,Laboratory Technician,1,4,Life Sciences,Married,10,Travel_Rarely,Yes,10,7,7,1,3.0,4,3,4,3,3,3,3,2213,13,3,No
P-000834,RM363,21,Male,Sales,Sales Representative,1,2,Medical,Single,9,Non-Travel,No,3,3,2,2,3.0,1,4,3,2,3,4,3,2610,24,1,No
P-000835,RM364,33,Female,Sales,Sales Representative,1,3,Marketing,Single,5,Travel_Rarely,Yes,1,1,0,0,0.0,4,3,3,3,2,3,2,2851,13,1,Yes
P-000836,RM365,37,Female,Research & Development,Laboratory Technician,1,3,Medical,Married,10,Travel_Rarely,No,17,5,4,0,3.0,3,1,3,3,2,4,3,3452,20,6,No
P-000837,RM366,46,Female,Research & Development,Manufacturing Director,2,4,Medical,Married,7,Non-Travel,No,7,1,0,0,0.0,3,3,3,4,3,3,2,5258,14,2,No
P-000838,RM367,41,Male,Sales,Sales Executive,2,3,Marketing,Single,4,Travel_Frequently,No,8,8,7,7,7.0,1,2,3,3,3,3,5,9355,18,1,Yes
P-000839,RM368,50,Male,Research & Development,Healthcare Representative,3,3,Technical Degree,Single,10,Travel_Rarely,No,20,4,3,1,3.0,4,4,2,3,4,3,2,10496,15,6,No
P-000840,RM369,40,Male,Sales,Sales Executive,2,2,Marketing,Married,22,Travel_Rarely,Yes,8,6,4,1,0.0,3,3,2,3,1,3,6,6380,12,2,Yes
P-000841,RM370,31,Male,Research & Development,Research Scientist,1,4,Life Sciences,Single,9,Travel_Rarely,Yes,3,2,2,2,2.0,3,2,2,3,4,3,5,2657,16,0,No
P-000842,RM371,21,Female,Sales,Sales Representative,1,3,Life Sciences,Single,12,Travel_Rarely,No,1,1,0,0,0.0,3,2,4,3,4,3,0,2716,15,1,Yes
P-000843,RM372,29,Male,Research & Development,Research Scientist,1,3,Life Sciences,Single,23,Travel_Rarely,No,6,3,2,1,2.0,4,4,3,3,4,3,4,2201,16,9,No
P-000844,RM373,35,Male,Research & Development,Healthcare Representative,2,4,Life Sciences,Single,9,Travel_Rarely,No,10,1,1,0,0.0,3,2,2,3,3,3,5,6540,19,9,No
P-000845,RM374,27,Male,Research & Development,Laboratory Technician,1,2,Medical,Divorced,1,Travel_Rarely,No,5,5,2,0,4.0,4,2,3,3,2,3,2,3816,11,1,No
P-000846,RM375,28,Male,Sales,Sales Executive,2,4,Life Sciences,Single,9,Travel_Rarely,No,7,7,5,0,7.0,2,4,3,3,4,3,1,5253,16,1,No
P-000847,RM376,49,Male,Research & Development,Healthcare Representative,3,3,Other,Single,7,Travel_Rarely,No,26,5,2,0,0.0,2,3,2,3,3,4,2,10965,24,8,No
P-000848,RM377,51,Female,Sales,Sales Executive,2,2,Life Sciences,Married,14,Travel_Rarely,No,18,7,7,0,7.0,3,4,3,2,3,3,2,4936,11,4,No
P-000849,RM378,36,Female,Research & Development,Research Scientist,1,3,Life Sciences,Married,2,Travel_Rarely,No,6,2,2,2,2.0,4,3,3,3,2,3,3,2543,13,4,No
P-000850,RM379,34,Male,Sales,Sales Executive,2,3,Marketing,Single,19,Non-Travel,Yes,9,5,2,0,4.0,1,4,4,2,2,3,3,5304,13,8,Yes
P-000851,RM380,55,Female,Research & Development,Manager,4,3,Life Sciences,Single,2,Travel_Rarely,Yes,30,5,4,1,2.0,3,4,3,3,3,3,2,16659,13,2,No
P-000852,RM381,24,Female,Sales,Sales Executive,2,4,Marketing,Divorced,10,Travel_Rarely,Yes,5,5,2,0,3.0,4,3,3,4,4,3,2,4260,12,1,No
P-000853,RM382,30,Male,Sales,Sales Representative,1,1,Technical Degree,Married,2,Travel_Rarely,No,1,1,0,0,0.0,3,2,3,3,1,3,3,2476,18,1,No
P-000854,RM383,26,Male,Research & Development,Research Scientist,1,1,Technical Degree,Single,3,Travel_Frequently,No,7,6,4,0,4.0,3,1,3,3,3,4,2,3102,22,0,Yes
P-000855,RM384,22,Female,Research & Development,Research Scientist,1,3,Medical,Married,11,Travel_Rarely,No,2,2,1,1,2.0,1,2,3,3,4,3,1,2244,13,1,No
P-000856,RM385,36,Male,Sales,Sales Executive,3,2,Medical,Married,2,Travel_Rarely,No,10,10,9,9,0.0,2,3,2,3,2,3,2,7596,13,1,No
P-000857,RM386,30,Male,Research & Development,Research Scientist,1,3,Technical Degree,Single,4,Travel_Frequently,Yes,3,1,0,0,0.0,3,4,3,3,3,4,4,2285,23,9,Yes
P-000858,RM387,37,Female,Research & Development,Laboratory Technician,1,3,Life Sciences,Divorced,14,Travel_Rarely,No,18,18,7,12,17.0,4,1,3,2,3,3,2,3034,12,1,No
P-000859,RM388,40,Female,Sales,Sales Executive,2,2,Marketing,Divorced,2,Travel_Rarely,No,8,5,4,1,3.0,4,2,3,3,3,3,5,5715,12,7,No
P-000860,RM389,42,Female,Research & Development,Laboratory Technician,1,4,Life Sciences,Divorced,1,Travel_Rarely,No,8,5,2,1,2.0,2,1,3,3,2,3,5,2576,16,3,No
P-000861,RM390,37,Male,Research & Development,Manufacturing Director,2,4,Life Sciences,Single,10,Travel_Rarely,Yes,18,1,0,0,1.0,3,2,3,2,4,3,2,4197,12,2,No
P-000862,RM391,43,Male,Research & Development,Research Director,4,3,Life Sciences,Divorced,12,Travel_Rarely,No,25,25,10,3,9.0,1,2,2,3,3,3,3,14336,11,1,No
P-000863,RM392,40,Female,Research & Development,Laboratory Technician,2,3,Medical,Married,2,Travel_Rarely,No,20,1,0,0,0.0,2,3,2,3,2,4,3,3448,22,6,No
P-000864,RM393,54,Male,Research & Development,Research Director,5,2,Medical,Married,5,Travel_Rarely,No,24,4,2,1,2.0,1,1,3,2,3,3,4,19406,11,4,No
P-000865,RM394,34,Female,Sales,Sales Executive,2,4,Marketing,Married,4,Non-Travel,No,6,3,2,1,2.0,3,3,3,3,1,3,3,6538,15,9,No
P-000866,RM395,31,Female,Research & Development,Manufacturing Director,2,2,Medical,Married,7,Travel_Rarely,No,13,13,10,3,12.0,2,1,3,1,2,3,5,4306,12,1,No
P-000867,RM396,43,Male,Research & Development,Laboratory Technician,1,3,Medical,Married,21,Travel_Frequently,No,8,3,2,1,2.0,4,4,3,3,1,4,1,2258,20,7,No
P-000868,RM397,43,Female,Research & Development,Healthcare Representative,2,4,Other,Divorced,8,Travel_Rarely,Yes,8,5,2,0,2.0,3,3,3,3,4,3,3,4522,14,4,No
P-000869,RM398,25,Female,Sales,Sales Executive,2,2,Life Sciences,Single,4,Travel_Rarely,Yes,5,5,4,1,3.0,2,4,2,3,2,3,3,4487,11,1,No
P-000870,RM399,37,Female,Research & Development,Research Scientist,2,5,Medical,Married,25,Non-Travel,Yes,15,13,11,10,7.0,2,3,3,3,1,3,2,4449,15,3,No
P-000871,RM400,31,Male,Research & Development,Laboratory Technician,1,2,Life Sciences,Married,1,Travel_Rarely,No,4,4,2,3,2.0,4,1,2,3,3,3,3,2218,12,1,No
P-000872,RM401,39,Male,Research & Development,Manager,5,1,Life Sciences,Divorced,1,Travel_Frequently,Yes,21,21,8,1,6.0,2,3,3,3,3,3,3,19197,14,1,No
P-000873,RM402,56,Female,Sales,Sales Executive,4,3,Life Sciences,Married,6,Travel_Frequently,No,36,7,7,7,7.0,3,1,4,2,4,3,0,13212,11,9,No
P-000874,RM403,30,Female,Sales,Sales Executive,2,3,Technical Degree,Single,12,Travel_Rarely,No,6,5,4,4,4.0,2,3,3,3,2,3,6,6577,11,0,No
P-000875,RM404,41,Male,Sales,Sales Executive,3,3,Marketing,Married,1,Travel_Rarely,No,10,10,7,0,3.0,2,1,4,3,3,3,2,8392,16,1,No
P-000876,RM405,28,Male,Research & Development,Laboratory Technician,2,2,Medical,Divorced,17,Travel_Rarely,No,10,10,0,1,3.0,3,1,3,3,4,3,2,4558,12,1,No
P-000877,RM406,25,Male,Research & Development,Laboratory Technician,1,3,Medical,Married,3,Travel_Rarely,No,6,2,2,0,3.0,1,1,3,3,3,3,5,4031,13,5,Yes
P-000878,RM407,52,Male,Research & Development,Manufacturing Director,3,3,Medical,Married,3,Travel_Rarely,Yes,28,5,4,0,3.0,4,3,2,3,3,3,4,7969,14,2,No
P-000879,RM408,45,Male,Research & Development,Research Scientist,1,2,Life Sciences,Married,10,Travel_Rarely,No,8,2,2,0,3.0,1,4,3,2,4,4,3,2654,21,3,No
P-000880,RM409,52,Female,Research & Development,Manager,4,2,Life Sciences,Married,4,Travel_Rarely,No,31,5,2,1,4.0,4,4,3,1,4,3,2,16555,13,2,No
P-000881,RM410,42,Female,Research & Development,Research Scientist,2,2,Life Sciences,Divorced,29,Travel_Frequently,No,19,5,4,0,2.0,1,3,3,3,2,3,3,4556,11,2,No
P-000882,RM411,30,Female,Research & Development,Manufacturing Director,2,3,Life Sciences,Single,2,Travel_Rarely,No,11,5,4,0,2.0,3,4,1,3,3,4,2,6091,20,2,No
P-000883,RM412,60,Female,Research & Development,Manager,5,3,Life Sciences,Married,7,Travel_Rarely,No,33,29,8,11,10.0,1,1,3,1,4,3,5,19566,11,5,No
P-000884,RM413,46,Female,Research & Development,Manufacturing Director,2,3,Medical,Divorced,18,Travel_Rarely,No,19,10,7,0,8.0,3,3,3,2,3,3,5,4810,14,2,No
P-000885,RM414,42,Female,Research & Development,Healthcare Representative,2,4,Technical Degree,Married,28,Travel_Frequently,No,7,6,5,0,4.0,4,4,2,4,4,3,4,4523,11,0,No
P-000886,RM415,24,Female,Sales,Sales Representative,1,1,Technical Degree,Single,1,Travel_Rarely,Yes,6,5,3,1,4.0,1,2,3,3,2,3,4,3202,16,1,Yes
P-000887,RM416,34,Female,Sales,Sales Representative,1,2,Marketing,Divorced,6,Travel_Frequently,No,3,2,2,1,0.0,4,3,1,2,4,3,3,2351,16,0,Yes
P-000888,RM417,38,Male,Research & Development,Laboratory Technician,1,2,Life Sciences,Married,2,Travel_Frequently,Yes,1,1,0,0,0.0,4,4,3,3,3,4,3,1702,23,1,No
P-000889,RM418,40,Female,Sales,Manager,5,4,Life Sciences,Married,2,Travel_Rarely,No,21,20,15,1,12.0,3,3,3,3,4,3,2,18041,14,0,No
P-000890,RM419,26,Female,Research & Development,Research Scientist,1,3,Life Sciences,Divorced,23,Travel_Rarely,No,3,3,2,0,2.0,1,4,3,1,2,4,3,2886,22,1,No
P-000891,RM420,30,Male,Research & Development,Laboratory Technician,1,3,Life Sciences,Married,3,Non-Travel,No,9,5,3,1,4.0,3,4,3,1,3,3,3,2097,15,4,No
P-000892,RM421,29,Male,Research & Development,Research Director,3,4,Medical,Married,3,Travel_Rarely,No,10,10,2,0,7.0,2,3,2,3,3,3,2,11935,18,1,No
P-000893,RM422,29,Female,Research & Development,Research Scientist,1,5,Technical Degree,Married,25,Travel_Rarely,No,6,2,2,1,1.0,3,2,2,4,2,3,2,2546,16,5,Yes
P-000894,RM423,19,Male,Human Resources,Human Resources,1,2,Technical Degree,Single,2,Travel_Rarely,No,1,1,0,0,0.0,1,4,2,4,3,3,3,2564,12,1,Yes
P-000895,RM424,30,Female,Sales,Sales Executive,3,4,Other,Married,22,Non-Travel,No,10,9,8,7,8.0,3,1,3,3,3,3,3,8412,11,0,No
P-000896,RM425,57,Male,Sales,Manager,4,3,Marketing,Divorced,29,Travel_Rarely,No,32,1,0,0,0.0,1,4,2,2,3,3,3,14118,12,3,No
P-000897,RM426,50,Male,Research & Development,Manager,4,4,Life Sciences,Married,29,Travel_Rarely,No,28,27,10,15,7.0,2,3,2,3,2,3,2,17046,15,0,No
P-000898,RM427,30,Female,Research & Development,Laboratory Technician,1,3,Medical,Single,2,Non-Travel,No,12,11,7,6,7.0,3,4,3,2,3,3,2,2564,14,0,No
P-000899,RM428,60,Female,Sales,Sales Executive,3,3,Marketing,Married,28,Travel_Frequently,No,22,18,13,13,11.0,3,1,2,4,4,3,5,10266,19,4,No
P-000900,RM429,47,Female,Research & Development,Manufacturing Director,2,2,Medical,Divorced,2,Travel_Rarely,No,20,5,0,0,4.0,1,4,3,3,3,3,2,5070,13,5,No
P-000901,RM430,46,Male,Research & Development,Research Director,4,3,Life Sciences,Married,2,Travel_Rarely,No,26,3,2,0,1.0,1,3,3,1,3,3,2,17861,13,6,No
P-000902,RM431,35,Male,Research & Development,Laboratory Technician,1,3,Life Sciences,Single,22,Travel_Rarely,No,6,5,4,4,3.0,4,3,1,3,3,3,2,4230,15,0,No
P-000903,RM432,54,Female,Research & Development,Laboratory Technician,2,4,Life Sciences,Single,8,Travel_Rarely,No,19,1,0,0,0.0,3,3,3,3,3,3,3,3780,11,7,No
P-000904,RM433,34,Male,Research & Development,Research Scientist,1,4,Life Sciences,Divorced,2,Travel_Rarely,No,14,7,3,5,7.0,4,3,2,3,3,3,3,2768,12,3,No
P-000905,RM434,46,Female,Sales,Sales Executive,3,3,Marketing,Married,10,Travel_Rarely,Yes,15,3,2,1,2.0,3,4,2,3,3,3,3,9071,19,2,No
P-000906,RM435,31,Male,Research & Development,Manufacturing Director,3,1,Life Sciences,Divorced,9,Travel_Rarely,No,13,13,8,0,8.0,3,2,3,4,4,4,6,10648,25,1,No
P-000907,RM436,33,Male,Research & Development,Manager,3,1,Medical,Married,15,Travel_Rarely,Yes,15,7,6,7,7.0,2,3,3,4,4,3,2,13610,12,7,Yes
P-000908,RM437,33,Male,Research & Development,Laboratory Technician,1,1,Medical,Divorced,10,Travel_Rarely,No,8,4,3,1,3.0,1,4,1,3,1,3,2,3408,13,7,Yes
P-000909,RM438,30,Male,Sales,Sales Representative,1,1,Marketing,Single,7,Travel_Rarely,No,4,3,2,1,2.0,4,2,3,3,1,3,3,2983,14,0,No
P-000910,RM439,35,Male,Research & Development,Healthcare Representative,3,3,Life Sciences,Married,16,Travel_Rarely,Yes,10,8,7,0,0.0,4,3,3,3,3,3,2,7632,12,4,No
P-000911,RM440,31,Male,Research & Development,Healthcare Representative,3,3,Life Sciences,Married,20,Travel_Frequently,No,12,1,0,0,0.0,1,3,3,3,1,3,2,9824,12,3,Yes
P-000912,RM441,34,Female,Human Resources,Human Resources,3,3,Human Resources,Divorced,23,Travel_Frequently,Yes,11,3,2,0,2.0,2,1,3,3,3,3,2,9950,15,9,Yes
P-000913,RM442,42,Male,Research & Development,Laboratory Technician,1,2,Other,Married,5,Travel_Frequently,No,8,2,2,2,0.0,2,3,3,3,4,3,4,2093,17,4,No
P-000914,RM443,36,Male,Sales,Sales Executive,3,4,Medical,Single,10,Non-Travel,No,10,10,3,9,7.0,2,4,3,2,4,3,3,9980,14,1,No
P-000915,RM444,22,Male,Research & Development,Laboratory Technician,1,1,Technical Degree,Single,4,Travel_Frequently,No,4,2,2,1,2.0,3,3,2,3,3,3,3,3894,16,5,Yes
P-000916,RM445,48,Female,Sales,Sales Executive,2,5,Marketing,Married,2,Travel_Rarely,No,14,9,7,6,7.0,2,4,3,3,1,3,2,4051,14,2,No
P-000917,RM446,55,Female,Sales,Manager,4,5,Life Sciences,Single,18,Travel_Rarely,No,37,10,9,7,7.0,1,2,3,3,4,4,2,16835,23,3,No
P-000918,RM447,41,Male,Sales,Sales Executive,2,2,Life Sciences,Single,10,Non-Travel,No,16,14,3,1,10.0,4,4,3,3,4,3,3,6230,14,7,No
P-000919,RM448,35,Male,Sales,Sales Executive,2,3,Marketing,Married,1,Travel_Rarely,No,15,11,9,6,9.0,2,3,3,3,3,3,2,4717,11,9,No
P-000920,RM449,40,Female,Research & Development,Manufacturing Director,4,3,Life Sciences,Single,6,Travel_Rarely,No,22,20,6,5,13.0,2,3,3,3,3,3,3,13237,15,7,No
P-000921,RM450,39,Female,Research & Development,Laboratory Technician,1,1,Life Sciences,Married,8,Travel_Frequently,No,8,8,3,0,7.0,3,3,3,3,1,3,3,3755,11,1,No
P-000922,RM451,31,Male,Sales,Sales Executive,2,1,Life Sciences,Single,2,Travel_Rarely,Yes,10,6,5,0,5.0,2,4,3,4,3,3,2,6582,13,4,No
P-000923,RM452,42,Male,Research & Development,Manufacturing Director,3,3,Medical,Married,24,Travel_Rarely,Yes,10,10,9,5,8.0,4,1,3,2,4,4,5,7406,21,1,No
P-000924,RM453,45,Male,Sales,Sales Executive,2,3,Other,Married,2,Travel_Rarely,No,9,8,7,3,7.0,4,2,3,4,2,3,3,4805,19,0,No
P-000925,RM454,26,Female,Human Resources,Human Resources,1,4,Life Sciences,Divorced,17,Travel_Frequently,Yes,8,7,7,1,0.0,2,3,3,2,2,3,2,2741,11,0,Yes
P-000926,RM455,29,Male,Research & Development,Manufacturing Director,2,3,Technical Degree,Divorced,19,Travel_Rarely,No,8,3,2,1,2.0,4,4,3,4,2,3,2,4262,12,4,No
P-000927,RM456,33,Female,Research & Development,Research Director,4,5,Medical,Divorced,1,Travel_Rarely,No,10,6,1,0,5.0,1,3,4,3,3,3,2,16184,19,4,No
P-000928,RM457,31,Male,Sales,Manager,3,3,Life Sciences,Divorced,7,Travel_Rarely,No,10,5,4,0,1.0,3,4,2,2,3,4,3,11557,21,9,No
P-000929,RM458,18,Male,Sales,Sales Representative,1,3,Marketing,Single,5,Travel_Frequently,Yes,0,0,0,0,0.0,2,2,3,3,4,3,3,1878,14,1,Yes
P-000930,RM459,40,Male,Sales,Sales Executive,3,3,Other,Divorced,28,Non-Travel,No,20,1,0,0,1.0,3,1,1,3,3,3,2,10932,15,3,No
P-000931,RM460,41,Female,Research & Development,Healthcare Representative,2,4,Other,Single,2,Non-Travel,Yes,10,8,7,0,7.0,1,3,2,3,1,3,3,6811,17,2,No
P-000932,RM461,26,Male,Sales,Sales Executive,2,2,Medical,Divorced,29,Travel_Rarely,No,8,0,0,0,0.0,1,3,3,3,1,3,5,4306,12,5,No
P-000933,RM462,35,Female,Sales,Sales Executive,2,3,Medical,Single,1,Travel_Rarely,No,5,5,4,0,3.0,1,3,3,3,4,3,3,4859,16,1,No
P-000934,RM463,34,Male,Sales,Sales Executive,2,4,Life Sciences,Single,21,Travel_Rarely,No,10,10,7,5,7.0,4,4,4,3,4,3,3,5337,12,1,No
P-000935,RM464,26,Male,Research & Development,Laboratory Technician,1,3,Technical Degree,Single,24,Travel_Rarely,Yes,1,1,0,0,0.0,3,4,1,1,2,3,3,2340,18,1,Yes
P-000936,RM465,37,Female,Research & Development,Manufacturing Director,3,3,Technical Degree,Single,1,Travel_Rarely,No,12,6,5,1,2.0,2,4,3,4,4,3,3,7491,17,4,No
P-000937,RM466,46,Female,Research & Development,Healthcare Representative,3,1,Medical,Married,18,Travel_Frequently,No,28,2,2,1,2.0,1,3,3,2,4,3,3,10527,11,5,No
P-000938,RM467,41,Female,Sales,Manager,4,5,Life Sciences,Married,2,Travel_Rarely,No,22,18,16,11,8.0,2,1,3,3,2,3,2,16595,16,7,No
P-000939,RM468,37,Male,Sales,Sales Executive,3,4,Medical,Divorced,9,Non-Travel,No,9,9,5,7,7.0,1,2,3,3,4,3,6,8834,13,1,No
P-000940,RM469,52,Male,Research & Development,Research Scientist,2,2,Technical Degree,Divorced,6,Travel_Rarely,Yes,18,10,9,6,9.0,4,1,3,3,2,3,3,5577,12,3,No
P-000941,RM470,32,Male,Sales,Sales Executive,2,4,Other,Married,11,Non-Travel,No,6,4,2,1,2.0,4,3,4,3,4,3,2,4707,12,8,Yes
P-000942,RM471,24,Male,Sales,Sales Representative,1,3,Medical,Married,24,Travel_Frequently,No,3,2,2,2,1.0,4,4,3,3,3,3,3,2400,13,0,No
P-000943,RM472,38,Female,Research & Development,Healthcare Representative,2,3,Medical,Married,10,Travel_Rarely,No,18,1,0,0,0.0,3,3,3,3,3,3,4,9824,19,3,No
P-000944,RM473,37,Female,Research & Development,Manufacturing Director,2,4,Life Sciences,Married,1,Travel_Rarely,No,8,6,5,4,3.0,2,2,3,2,2,3,2,6447,12,6,No
P-000945,RM474,49,Male,Research & Development,Research Director,5,4,Life Sciences,Divorced,18,Travel_Rarely,Yes,31,31,9,0,9.0,4,3,2,3,3,3,5,19502,17,1,No
P-000946,RM475,24,Male,Research & Development,Research Scientist,1,3,Medical,Married,23,Travel_Rarely,Yes,6,6,5,1,4.0,2,4,4,3,2,3,3,2725,11,1,No
P-000947,RM476,26,Male,Sales,Sales Executive,2,2,Marketing,Married,28,Travel_Rarely,No,6,5,3,1,4.0,1,2,3,4,4,4,5,6272,20,1,No
P-000948,RM477,24,Male,Research & Development,Laboratory Technician,1,2,Other,Married,17,Travel_Rarely,No,1,1,0,0,0.0,4,2,2,3,4,4,2,2127,21,1,No
P-000949,RM478,50,Male,Human Resources,Manager,5,3,Medical,Married,3,Travel_Frequently,No,32,32,5,10,7.0,1,2,3,3,3,3,2,18200,11,1,No
P-000950,RM479,25,Male,Sales,Sales Representative,1,1,Medical,Married,13,Travel_Rarely,No,7,7,4,0,6.0,2,3,3,3,3,3,1,2096,11,1,No
P-000951,RM480,24,Female,Research & Development,Laboratory Technician,1,3,Life Sciences,Married,7,Travel_Frequently,Yes,6,6,3,1,2.0,1,3,3,3,4,3,4,2886,16,1,Yes
P-000952,RM481,30,Male,Sales,Sales Representative,1,4,Life Sciences,Married,12,Travel_Frequently,No,1,1,0,0,0.0,2,1,2,4,3,3,2,2033,18,1,Yes
P-000953,RM482,34,Male,Research & Development,Research Scientist,1,2,Life Sciences,Married,1,Travel_Rarely,Yes,6,6,5,1,3.0,2,4,2,3,4,3,3,3622,13,1,No
P-000954,RM483,31,Male,Sales,Sales Executive,2,4,Medical,Divorced,13,Travel_Rarely,No,9,3,1,1,2.0,2,1,3,1,3,3,2,4233,17,2,Yes
P-000955,RM484,35,Male,Research & Development,Laboratory Technician,2,2,Other,Single,25,Travel_Rarely,No,9,3,2,0,2.0,1,4,2,3,4,3,3,3681,14,4,No
P-000956,RM485,31,Male,Sales,Sales Executive,2,4,Medical,Divorced,6,Travel_Rarely,No,13,7,7,5,7.0,1,4,4,4,4,4,4,5460,22,4,No
P-000957,RM486,27,Female,Research & Development,Research Scientist,1,4,Medical,Divorced,6,Travel_Rarely,No,6,5,3,0,3.0,1,3,2,2,3,3,5,2187,12,0,No
P-000958,RM487,37,Male,Sales,Sales Executive,2,3,Marketing,Married,2,Travel_Rarely,Yes,17,3,0,1,0.0,4,3,3,2,3,3,3,9602,11,4,No
P-000959,RM488,20,Female,Research & Development,Research Scientist,1,3,Life Sciences,Single,1,Travel_Rarely,No,1,1,0,0,0.0,4,2,2,4,4,3,0,2836,13,1,No
P-000960,RM489,42,Female,Research & Development,Healthcare Representative,2,4,Life Sciences,Married,2,Travel_Rarely,No,10,10,2,2,2.0,3,4,3,3,2,3,4,4089,13,1,No
P-000961,RM490,43,Male,Research & Development,Research Director,4,4,Other,Divorced,6,Travel_Rarely,Yes,21,1,0,0,0.0,2,4,2,2,3,3,3,16627,14,4,No
P-000962,RM491,38,Female,Research & Development,Research Scientist,1,1,Life Sciences,Single,1,Travel_Rarely,No,8,0,0,0,0.0,3,1,3,2,4,3,3,2619,17,3,No
P-000963,RM492,43,Male,Research & Development,Laboratory Technician,2,5,Medical,Divorced,9,Travel_Frequently,Yes,10,8,7,4,7.0,4,3,3,3,2,3,3,5679,13,3,No
P-000964,RM493,48,Female,Research & Development,Manager,4,4,Life Sciences,Married,1,Travel_Rarely,No,21,3,2,0,2.0,4,1,2,1,1,3,3,15402,11,7,No
P-000965,RM494,44,Female,Human Resources,Human Resources,2,4,Life Sciences,Single,1,Travel_Rarely,No,10,2,2,0,2.0,1,3,2,4,2,3,1,5985,11,4,No
P-000966,RM495,34,Female,Sales,Sales Representative,1,3,Technical Degree,Divorced,14,Travel_Rarely,Yes,8,8,2,0,6.0,3,3,3,3,4,3,3,2579,18,1,No
P-000967,RM496,27,Male,Sales,Sales Representative,1,1,Marketing,Divorced,2,Travel_Rarely,No,5,4,3,0,2.0,3,1,3,3,2,3,3,3041,11,0,Yes
P-000968,RM497,21,Male,Sales,Sales Representative,1,1,Technical Degree,Single,22,Travel_Rarely,No,3,3,2,1,2.0,3,3,3,3,3,3,2,3447,11,1,No
P-000969,RM498,44,Male,Research & Development,Manager,5,4,Other,Married,3,Travel_Rarely,Yes,26,2,2,0,1.0,4,4,3,4,1,3,2,19513,12,4,No
P-000970,RM499,22,Male,Research & Development,Research Scientist,1,1,Medical,Married,6,Travel_Rarely,No,3,2,2,2,2.0,1,3,3,3,4,4,3,2773,20,0,No
P-000971,RM500,33,Male,Sales,Sales Executive,2,4,Marketing,Divorced,8,Travel_Rarely,No,6,5,0,1,2.0,3,3,3,3,4,3,3,7104,12,0,No
P-000972,RM501,32,Female,Research & Development,Research Scientist,2,4,Life Sciences,Married,9,Travel_Rarely,Yes,6,6,4,0,5.0,1,4,3,2,4,3,2,6322,12,1,No
P-000973,RM502,30,Female,Research & Development,Research Scientist,1,3,Medical,Divorced,3,Travel_Frequently,No,1,1,0,0,0.0,3,3,3,3,3,4,2,2083,20,1,No
P-000974,RM503,53,Female,Sales,Sales Executive,2,1,Medical,Single,1,Travel_Rarely,No,18,14,7,8,10.0,4,1,3,4,4,4,2,8381,20,7,No
P-000975,RM504,34,Male,Research & Development,Research Scientist,1,5,Life Sciences,Married,1,Travel_Rarely,No,10,10,9,8,8.0,2,4,3,2,4,3,4,2691,12,1,No
P-000976,RM505,45,Female,Sales,Sales Executive,2,4,Life Sciences,Married,26,Travel_Frequently,No,5,1,1,0,0.0,1,1,3,3,4,3,4,4286,14,2,Yes
P-000977,RM506,26,Female,Research & Development,Laboratory Technician,1,3,Life Sciences,Married,6,Travel_Rarely,Yes,3,3,2,0,2.0,3,4,3,3,3,3,2,2659,13,1,No
P-000978,RM507,37,Male,Research & Development,Manufacturing Director,3,3,Other,Married,3,Travel_Rarely,No,10,10,7,7,8.0,3,3,3,3,3,3,2,9434,15,1,No
P-000979,RM508,29,Female,Sales,Sales Executive,2,2,Medical,Married,3,Travel_Rarely,No,6,6,0,1,2.0,2,3,3,2,1,3,5,5561,14,1,No
P-000980,RM509,35,Male,Research & Development,Research Scientist,2,4,Life Sciences,Single,6,Travel_Rarely,No,17,17,11,11,8.0,2,4,1,3,2,3,3,6646,13,1,No
P-000981,RM510,33,Male,Research & Development,Healthcare Representative,2,3,Life Sciences,Divorced,6,Travel_Frequently,No,15,13,11,4,7.0,3,4,3,1,3,4,2,7725,23,3,No
P-000982,RM511,54,Male,Human Resources,Human Resources,3,4,Medical,Married,19,Travel_Rarely,No,16,9,7,7,1.0,3,2,3,4,3,3,1,10725,15,2,No
P-000983,RM512,36,Male,Research & Development,Manufacturing Director,2,2,Medical,Divorced,9,Travel_Rarely,Yes,13,3,2,0,2.0,2,2,2,3,3,3,2,8847,11,2,No
P-000984,RM513,27,Male,Research & Development,Research Scientist,1,4,Medical,Single,3,Travel_Rarely,No,5,4,2,1,1.0,1,4,2,3,4,3,0,2045,13,0,No
P-000985,RM514,20,Male,Research & Development,Research Scientist,1,1,Medical,Single,10,Travel_Rarely,Yes,1,1,0,1,1.0,4,3,3,3,4,3,5,1009,11,1,Yes
P-000986,RM515,33,Male,Research & Development,Research Scientist,1,3,Life Sciences,Single,3,Travel_Frequently,Yes,10,10,8,9,7.0,1,1,3,3,1,3,3,3348,11,1,Yes
P-000987,RM516,35,Male,Research & Development,Laboratory Technician,1,3,Life Sciences,Married,3,Non-Travel,No,1,1,0,0,0.0,3,3,2,3,3,3,3,1281,18,1,No
P-000988,RM517,23,Male,Research & Development,Research Scientist,1,3,Medical,Married,4,Travel_Rarely,No,5,3,2,0,2.0,1,1,4,4,1,3,3,2819,16,2,No
P-000989,RM518,25,Male,Sales,Sales Executive,2,3,Life Sciences,Married,8,Travel_Rarely,No,4,3,2,1,2.0,4,2,4,3,3,4,4,4851,22,0,No
P-000990,RM519,38,Female,Sales,Sales Executive,2,4,Marketing,Single,7,Travel_Rarely,No,8,7,7,0,5.0,4,4,2,3,1,4,2,4028,20,0,No
P-000991,RM520,29,Male,Research & Development,Research Scientist,1,4,Life Sciences,Divorced,1,Travel_Frequently,No,10,10,7,2,8.0,2,4,1,3,4,3,5,2720,18,1,No
P-000992,RM521,48,Male,Sales,Sales Executive,2,1,Marketing,Married,2,Travel_Rarely,No,12,2,2,2,2.0,2,2,4,3,4,3,3,8120,12,3,No
P-000993,RM522,27,Female,Sales,Sales Executive,2,1,Medical,Divorced,3,Travel_Frequently,Yes,6,6,5,0,4.0,4,4,4,3,2,4,3,4647,20,1,No
P-000994,RM523,37,Male,Research & Development,Research Scientist,1,2,Life Sciences,Single,10,Travel_Rarely,No,4,1,0,0,0.0,4,4,4,3,1,3,2,4680,17,3,No
P-000995,RM524,50,Male,Research & Development,Laboratory Technician,1,1,Medical,Married,28,Travel_Rarely,Yes,20,20,8,3,8.0,4,3,4,3,3,3,3,3221,11,1,No
P-000996,RM525,34,Female,Research & Development,Healthcare Representative,3,3,Medical,Single,9,Travel_Rarely,No,9,8,7,7,7.0,4,2,2,4,2,3,3,8621,14,1,No
P-000997,RM526,24,Female,Sales,Sales Executive,2,2,Life Sciences,Single,3,Travel_Rarely,No,4,2,2,2,0.0,1,3,3,3,1,3,3,4577,14,9,Yes
P-000998,RM527,39,Female,Research & Development,Healthcare Representative,2,4,Technical Degree,Single,2,Travel_Rarely,No,20,20,7,11,10.0,4,3,2,3,1,3,4,4553,11,1,No
P-000999,RM528,32,Male,Sales,Sales Executive,2,3,Marketing,Single,10,Travel_Rarely,No,10,10,7,0,8.0,4,4,3,2,4,3,2,5396,12,1,No
P-001000,RM529,50,Male,Sales,Sales Executive,2,2,Technical Degree,Married,8,Travel_Frequently,Yes,18,4,3,1,3.0,2,3,3,3,1,3,4,6796,14,3,Yes
P-001001,RM530,38,Female,Research & Development,Healthcare Representative,2,4,Life Sciences,Single,1,Travel_Rarely,No,10,9,7,1,8.0,2,4,4,2,3,3,4,7625,13,0,No
P-001002,RM531,27,Female,Research & Development,Manufacturing Director,3,2,Life Sciences,Married,1,Travel_Rarely,No,9,9,7,0,7.0,3,1,3,3,4,3,3,7412,11,1,No
P-001003,RM532,32,Female,Research & Development,Research Director,3,2,Life Sciences,Single,3,Travel_Rarely,No,10,7,7,7,7.0,3,4,3,3,4,3,6,11159,15,3,No
P-001004,RM533,47,Male,Sales,Sales Executive,2,4,Marketing,Single,14,Travel_Rarely,No,20,7,7,1,7.0,4,1,3,3,4,3,2,4960,12,2,No
P-001005,RM534,40,Male,Sales,Sales Executive,3,4,Life Sciences,Married,5,Travel_Frequently,Yes,20,18,13,1,12.0,4,1,2,3,3,4,2,10475,21,5,No
P-001006,RM535,53,Male,Research & Development,Research Director,4,3,Life Sciences,Married,7,Travel_Rarely,No,32,5,1,1,3.0,3,3,4,3,3,3,3,14814,19,3,No
P-001007,RM536,41,Male,Human Resources,Manager,5,4,Human Resources,Divorced,10,Travel_Rarely,No,23,21,6,12,6.0,2,4,2,2,2,3,2,19141,15,3,No
P-001008,RM537,60,Male,Sales,Sales Executive,2,4,Marketing,Single,16,Travel_Rarely,No,10,2,2,2,2.0,1,1,3,3,4,3,1,5405,14,8,No
P-001009,RM538,27,Male,Research & Development,Manufacturing Director,3,2,Life Sciences,Divorced,10,Travel_Frequently,No,9,9,7,1,7.0,4,1,3,2,3,4,4,8793,21,1,No
P-001010,RM539,41,Male,Human Resources,Manager,5,3,Human Resources,Married,1,Travel_Rarely,No,22,22,7,2,10.0,4,3,2,3,2,3,3,19189,12,1,No
P-001011,RM540,50,Male,Sales,Sales Representative,1,4,Marketing,Married,8,Travel_Rarely,No,4,2,2,2,2.0,4,2,3,3,4,3,2,3875,15,7,No
P-001012,RM541,28,Female,Research & Development,Research Scientist,1,2,Life Sciences,Single,1,Travel_Rarely,Yes,10,7,7,3,7.0,1,2,1,3,4,3,4,2216,13,7,Yes
P-001013,RM542,36,Female,Research & Development,Research Director,3,3,Life Sciences,Married,8,Non-Travel,No,10,8,7,0,5.0,1,1,4,3,1,3,2,11713,14,9,No
P-001014,RM543,38,Female,Research & Development,Manufacturing Director,3,3,Life Sciences,Single,1,Travel_Rarely,Yes,10,1,0,0,0.0,3,3,3,4,4,3,4,7861,14,4,No
P-001015,RM544,44,Male,Research & Development,Laboratory Technician,1,3,Medical,Single,24,Non-Travel,No,9,5,2,1,4.0,1,3,1,3,3,3,5,3708,14,2,No
P-001016,RM545,47,Female,Sales,Sales Executive,4,3,Medical,Divorced,3,Travel_Frequently,Yes,28,22,2,11,13.0,4,3,3,2,4,3,2,13770,12,9,No
P-001017,RM546,30,Male,Sales,Sales Executive,2,5,Marketing,Divorced,27,Travel_Rarely,No,10,8,7,7,7.0,3,4,3,2,4,4,2,5304,23,7,No
P-001018,RM547,29,Male,Sales,Sales Representative,1,3,Life Sciences,Single,10,Travel_Rarely,No,1,1,0,0,0.0,3,3,3,3,3,3,6,2642,11,1,No
P-001019,RM548,42,Male,Research & Development,Research Scientist,1,3,Medical,Divorced,19,Travel_Frequently,Yes,7,2,2,2,2.0,3,3,4,3,4,3,2,2759,12,6,Yes
P-001020,RM549,43,Male,Sales,Sales Executive,2,3,Life Sciences,Married,15,Travel_Frequently,No,7,2,2,2,2.0,4,4,2,3,3,3,5,6804,18,3,No
P-001021,RM550,34,Female,Research & Development,Healthcare Representative,2,2,Medical,Single,8,Travel_Rarely,No,10,5,1,4,3.0,2,3,3,3,4,3,2,6142,11,3,No
P-001022,RM551,23,Male,Research & Development,Laboratory Technician,1,1,Medical,Married,9,Travel_Rarely,No,5,4,3,0,2.0,2,1,3,4,4,3,2,2500,14,1,No
P-001023,RM552,39,Female,Human Resources,Human Resources,2,3,Human Resources,Married,3,Travel_Rarely,No,12,8,3,3,6.0,3,2,4,1,3,3,3,6389,15,9,No
P-001024,RM553,56,Male,Research & Development,Healthcare Representative,4,3,Medical,Married,9,Travel_Rarely,No,30,10,7,1,1.0,3,4,3,2,3,3,1,11103,11,7,No
P-001025,RM554,40,Female,Research & Development,Research Scientist,1,1,Medical,Single,2,Travel_Rarely,Yes,5,4,2,2,3.0,4,4,2,2,4,4,2,2342,20,0,No
P-001026,RM555,27,Female,Research & Development,Healthcare Representative,2,3,Medical,Single,7,Travel_Rarely,No,9,7,6,0,7.0,4,1,2,1,1,3,2,6811,19,8,No
P-001027,RM556,29,Male,Sales,Sales Representative,1,3,Marketing,Divorced,10,Travel_Rarely,No,2,2,2,2,2.0,4,2,3,3,4,3,2,2297,14,1,No
P-001028,RM557,53,Male,Research & Development,Laboratory Technician,2,3,Life Sciences,Single,6,Travel_Rarely,No,19,2,2,2,2.0,4,4,3,3,4,3,4,2450,17,2,No
P-001029,RM558,35,Female,Research & Development,Healthcare Representative,2,4,Life Sciences,Divorced,2,Non-Travel,No,16,1,0,0,0.0,4,1,3,4,1,3,2,5093,11,2,No
P-001030,RM559,32,Male,Research & Development,Laboratory Technician,2,4,Life Sciences,Married,24,Travel_Frequently,No,10,10,8,4,7.0,1,4,3,3,4,3,2,5309,15,1,No
P-001031,RM560,38,Male,Research & Development,Research Scientist,1,5,Medical,Married,2,Travel_Rarely,Yes,6,1,0,0,1.0,4,3,3,1,2,3,0,3057,13,6,No
P-001032,RM561,34,Female,Research & Development,Manufacturing Director,2,5,Life Sciences,Divorced,8,Travel_Rarely,No,7,0,0,0,0.0,2,1,3,3,3,3,3,5121,14,3,No
P-001033,RM562,52,Male,Sales,Manager,4,4,Marketing,Married,3,Travel_Rarely,No,34,34,6,1,16.0,3,1,2,4,1,3,3,16856,11,1,No
P-001034,RM563,33,Male,Research & Development,Research Scientist,1,4,Other,Single,1,Travel_Rarely,Yes,10,10,9,7,8.0,4,4,3,2,3,3,2,2686,13,1,Yes
P-001035,RM564,25,Female,Sales,Sales Executive,2,1,Medical,Single,26,Travel_Rarely,No,6,6,5,1,4.0,3,4,3,2,2,4,5,6180,23,1,No
P-001036,RM565,45,Male,Sales,Sales Representative,2,2,Technical Degree,Single,2,Travel_Rarely,No,9,8,7,3,1.0,2,3,1,3,1,3,3,6632,13,0,No
P-001037,RM566,23,Male,Research & Development,Research Scientist,1,1,Medical,Single,10,Travel_Rarely,No,2,2,2,0,2.0,1,3,4,3,4,3,3,3505,18,1,No
P-001038,RM567,47,Female,Sales,Sales Executive,2,2,Life Sciences,Single,27,Travel_Frequently,Yes,8,5,4,1,3.0,2,3,4,3,4,3,2,6397,12,4,Yes
P-001039,RM568,34,Male,Sales,Sales Executive,2,3,Other,Single,2,Travel_Rarely,No,6,6,5,1,4.0,4,4,3,3,3,4,5,6274,22,1,No
P-001040,RM569,55,Male,Research & Development,Manager,5,3,Medical,Married,2,Travel_Rarely,Yes,24,5,2,1,4.0,4,1,3,3,4,3,2,19859,13,5,Yes
P-001041,RM570,36,Male,Sales,Sales Executive,3,4,Life Sciences,Single,8,Non-Travel,No,10,10,7,0,9.0,1,1,2,3,2,3,1,7587,15,1,No
P-001042,RM571,52,Male,Research & Development,Research Scientist,1,4,Medical,Married,19,Non-Travel,No,5,4,3,1,2.0,4,4,3,3,1,3,3,4258,18,0,No
P-001043,RM572,26,Female,Research & Development,Laboratory Technician,1,2,Life Sciences,Divorced,1,Travel_Frequently,No,5,2,2,2,0.0,1,4,1,3,1,3,2,4364,14,3,No
P-001044,RM573,29,Female,Research & Development,Healthcare Representative,2,3,Medical,Married,27,Travel_Rarely,No,11,8,7,1,1.0,2,3,3,2,1,3,3,4335,12,4,No
P-001045,RM574,26,Male,Sales,Sales Executive,2,3,Technical Degree,Single,8,Travel_Rarely,No,6,4,3,1,2.0,4,1,2,2,3,3,2,5326,17,6,Yes
P-001046,RM575,34,Female,Research & Development,Research Scientist,1,4,Life Sciences,Single,1,Travel_Rarely,No,10,4,2,1,3.0,2,4,4,3,3,3,2,3280,16,2,No
P-001047,RM576,54,Female,Research & Development,Manufacturing Director,2,4,Medical,Divorced,19,Travel_Rarely,Yes,9,5,3,1,4.0,4,1,3,3,2,3,4,5485,11,9,No
P-001048,RM577,27,Male,Sales,Sales Executive,2,1,Marketing,Married,8,Travel_Frequently,No,5,4,2,1,1.0,3,4,3,3,2,3,3,4342,19,0,No
P-001049,RM578,37,Female,Research & Development,Research Scientist,1,1,Life Sciences,Divorced,10,Travel_Rarely,Yes,6,5,3,4,3.0,4,1,3,2,2,3,3,2782,13,0,No
P-001050,RM579,38,Female,Research & Development,Manufacturing Director,2,4,Life Sciences,Single,2,Travel_Frequently,Yes,17,15,7,4,12.0,1,1,4,3,4,3,2,5980,12,6,No
P-001051,RM580,34,Female,Research & Development,Research Scientist,1,4,Medical,Single,2,Travel_Rarely,No,6,6,5,1,3.0,3,1,2,3,3,3,3,4381,11,1,No
P-001052,RM581,35,Female,Sales,Sales Representative,1,4,Life Sciences,Married,8,Travel_Rarely,No,3,3,2,0,2.0,1,4,3,2,2,3,1,2572,16,1,No
P-001053,RM582,30,Male,Research & Development,Laboratory Technician,1,3,Life Sciences,Married,1,Travel_Rarely,No,7,2,2,0,2.0,4,3,1,3,3,4,2,3833,21,3,No
P-001054,RM583,40,Female,Research & Development,Healthcare Representative,2,2,Medical,Married,2,Travel_Frequently,No,8,8,7,3,7.0,3,2,4,3,4,4,2,4244,24,1,No
P-001055,RM584,34,Female,Sales,Sales Executive,2,2,Life Sciences,Married,8,Travel_Rarely,No,6,3,2,1,2.0,3,1,3,3,2,3,1,6500,17,5,No
P-001056,RM585,42,Male,Research & Development,Manager,5,3,Life Sciences,Divorced,8,Travel_Frequently,No,24,24,7,14,9.0,2,4,3,2,2,3,4,18430,13,1,No
P-001057,RM586,23,Male,Research & Development,Laboratory Technician,1,3,Life Sciences,Married,6,Travel_Rarely,Yes,1,0,0,0,0.0,3,1,4,3,3,4,2,1601,21,1,Yes
P-001058,RM587,24,Male,Research & Development,Laboratory Technician,1,3,Life Sciences,Divorced,9,Non-Travel,No,1,1,0,0,0.0,3,2,2,3,3,3,4,2694,11,1,No
P-001059,RM588,52,Female,Research & Development,Laboratory Technician,2,4,Life Sciences,Married,11,Travel_Rarely,No,9,5,2,1,4.0,4,3,3,3,2,4,3,3149,20,8,No
P-001060,RM589,50,Male,Research & Development,Research Director,4,3,Medical,Married,2,Travel_Rarely,No,30,4,3,0,3.0,3,3,3,3,4,3,3,17639,16,5,No
P-001061,RM590,29,Female,Research & Development,Laboratory Technician,1,2,Life Sciences,Married,1,Travel_Rarely,Yes,1,1,0,0,0.0,2,1,2,3,4,3,1,2319,11,1,Yes
P-001062,RM591,33,Male,Research & Development,Research Director,3,3,Medical,Married,7,Travel_Rarely,No,14,13,9,3,7.0,3,3,3,4,4,3,3,11691,11,0,No
P-001063,RM592,33,Female,Sales,Sales Executive,2,3,Marketing,Single,16,Travel_Rarely,No,6,3,2,0,2.0,1,1,3,3,3,3,3,5324,15,5,Yes
P-001064,RM593,47,Female,Research & Development,Manager,4,2,Other,Married,2,Travel_Rarely,Yes,26,26,14,3,0.0,3,4,3,2,3,3,3,16752,11,1,No
P-001065,RM594,36,Female,Research & Development,Manufacturing Director,2,3,Other,Married,1,Travel_Rarely,No,10,9,7,0,5.0,3,2,3,3,1,3,2,5228,15,0,No
P-001066,RM595,29,Male,Research & Development,Research Scientist,1,2,Life Sciences,Married,23,Travel_Rarely,No,10,10,7,0,7.0,3,3,4,3,3,4,3,2700,24,1,No
P-001067,RM596,58,Male,Research & Development,Research Director,5,4,Life Sciences,Single,2,Travel_Rarely,Yes,40,31,15,13,8.0,4,2,3,3,4,3,2,19246,12,7,Yes
P-001068,RM597,35,Female,Research & Development,Research Scientist,1,4,Life Sciences,Single,1,Travel_Rarely,No,7,2,2,2,2.0,4,3,4,3,3,3,0,2506,13,3,No
P-001069,RM598,42,Female,Research & Development,Manufacturing Director,2,2,Life Sciences,Married,1,Travel_Rarely,Yes,8,4,3,0,2.0,4,4,2,3,4,3,4,6062,13,9,No
P-001070,RM599,28,Male,Research & Development,Research Scientist,1,4,Medical,Single,2,Travel_Rarely,No,5,2,2,2,1.0,3,3,3,2,4,3,3,4382,17,6,Yes
P-001071,RM600,36,Male,Human Resources,Human Resources,1,3,Human Resources,Married,13,Travel_Rarely,No,8,5,2,0,4.0,3,2,3,3,2,3,2,2143,13,4,No
P-001072,RM601,32,Female,Research & Development,Manufacturing Director,2,3,Life Sciences,Married,4,Travel_Rarely,No,14,14,13,6,8.0,3,3,2,3,3,3,3,6162,12,1,No
P-001073,RM602,40,Male,Research & Development,Laboratory Technician,2,4,Medical,Single,16,Travel_Frequently,No,10,1,0,0,0.0,1,3,2,3,4,3,6,5094,14,6,No
P-001074,RM603,30,Female,Research & Development,Manufacturing Director,2,3,Medical,Single,2,Travel_Rarely,Yes,12,0,0,0,0.0,3,4,2,2,2,4,4,6877,24,5,No
P-001075,RM604,45,Female,Research & Development,Research Scientist,1,3,Life Sciences,Single,2,Travel_Rarely,No,1,1,0,0,0.0,2,3,2,3,4,3,3,2274,14,1,No
P-001076,RM605,42,Male,Research & Development,Manufacturing Director,2,3,Life Sciences,Married,29,Travel_Rarely,No,10,9,8,7,8.0,2,2,3,2,4,3,3,4434,13,1,No
P-001077,RM606,38,Male,Research & Development,Healthcare Representative,2,3,Life Sciences,Divorced,12,Travel_Frequently,No,13,4,3,1,2.0,1,1,2,2,3,3,3,6288,15,2,No
P-001078,RM607,34,Female,Research & Development,Research Scientist,1,4,Life Sciences,Single,16,Travel_Frequently,No,6,5,2,1,3.0,3,4,2,3,3,3,3,2553,16,1,No
P-001079,RM608,49,Female,Sales,Sales Executive,3,3,Marketing,Married,11,Travel_Rarely,No,9,9,8,7,7.0,3,4,3,4,1,3,3,7654,18,1,Yes
P-001080,RM609,55,Male,Sales,Sales Executive,2,1,Medical,Single,2,Travel_Rarely,No,12,9,7,7,3.0,3,4,3,2,3,3,3,5160,16,4,Yes
P-001081,RM610,43,Male,Research & Development,Research Director,4,2,Life Sciences,Married,14,Travel_Rarely,No,22,4,1,1,0.0,2,1,3,3,3,4,3,17159,24,6,No
P-001082,RM611,27,Male,Research & Development,Research Director,3,1,Technical Degree,Divorced,5,Travel_Rarely,Yes,9,9,8,0,8.0,3,4,2,3,2,3,3,12808,16,1,No
P-001083,RM612,35,Male,Research & Development,Manufacturing Director,3,3,Other,Single,7,Travel_Rarely,No,17,8,5,1,6.0,3,3,3,4,2,4,3,10221,21,3,No
P-001084,RM613,28,Female,Sales,Sales Executive,2,4,Marketing,Married,2,Travel_Rarely,Yes,8,8,7,7,5.0,2,2,3,3,1,4,2,4779,20,1,No
P-001085,RM614,34,Male,Human Resources,Human Resources,1,2,Human Resources,Married,3,Travel_Rarely,No,4,3,2,0,2.0,3,4,3,1,3,3,1,3737,19,0,No
P-001086,RM615,26,Female,Research & Development,Research Scientist,1,2,Medical,Married,5,Travel_Frequently,Yes,8,8,7,1,7.0,3,3,2,3,1,3,2,2366,14,1,Yes
P-001087,RM616,27,Male,Research & Development,Research Scientist,1,3,Medical,Married,3,Non-Travel,No,0,0,0,0,0.0,4,4,3,2,3,3,6,1706,11,1,No
P-001088,RM617,51,Female,Sales,Manager,4,4,Marketing,Married,26,Travel_Rarely,No,29,20,6,4,17.0,1,3,3,2,3,3,2,16307,14,2,No
P-001089,RM618,44,Male,Research & Development,Healthcare Representative,2,3,Medical,Single,4,Travel_Rarely,No,10,5,2,2,3.0,4,2,3,2,4,3,2,5933,12,9,No
P-001090,RM619,25,Male,Research & Development,Research Scientist,1,1,Medical,Single,2,Travel_Rarely,No,6,4,3,0,1.0,1,1,4,2,3,3,3,3424,13,7,No
P-001091,RM620,33,Male,Sales,Sales Executive,2,3,Medical,Divorced,1,Travel_Rarely,No,9,9,8,0,8.0,1,1,4,3,1,4,5,4037,22,1,No
P-001092,RM621,35,Female,Research & Development,Research Scientist,1,1,Medical,Single,27,Travel_Rarely,No,6,6,5,1,1.0,3,1,2,2,4,3,3,2559,11,1,No
P-001093,RM622,36,Male,Sales,Sales Executive,2,2,Life Sciences,Married,1,Travel_Rarely,Yes,18,18,14,4,11.0,2,4,3,2,4,3,1,6201,14,1,No
P-001094,RM623,32,Male,Sales,Sales Executive,2,4,Life Sciences,Divorced,13,Travel_Rarely,No,8,5,2,0,3.0,2,4,3,2,3,3,3,4403,11,2,No
P-001095,RM624,30,Male,Research & Development,Research Scientist,1,4,Life Sciences,Divorced,5,Travel_Frequently,No,10,5,4,0,3.0,2,4,2,2,2,3,3,3761,12,9,No
P-001096,RM625,53,Female,Sales,Sales Executive,3,2,Marketing,Married,7,Travel_Rarely,Yes,35,5,2,0,4.0,1,4,2,3,4,3,3,10934,18,7,No
P-001097,RM626,45,Male,Sales,Sales Executive,3,3,Marketing,Divorced,9,Travel_Rarely,Yes,18,5,4,0,2.0,4,1,3,3,3,3,2,10761,12,4,No
P-001098,RM627,32,Female,Research & Development,Research Scientist,2,2,Medical,Married,8,Travel_Rarely,No,9,5,3,1,3.0,3,3,4,2,3,3,3,5175,12,5,No
P-001099,RM628,52,Female,Research & Development,Manufacturing Director,4,4,Medical,Married,25,Travel_Frequently,No,31,9,8,0,0.0,3,4,2,3,3,4,3,13826,22,3,No
P-001100,RM629,37,Male,Sales,Sales Executive,2,4,Marketing,Divorced,16,Travel_Rarely,No,9,1,0,0,0.0,4,3,2,3,4,3,2,6334,19,4,No
P-001101,RM630,28,Male,Human Resources,Human Resources,1,2,Medical,Divorced,8,Travel_Rarely,No,6,5,1,0,4.0,2,4,2,3,4,3,6,4936,13,1,No
P-001102,RM631,22,Male,Research & Development,Manufacturing Director,2,2,Life Sciences,Married,1,Travel_Rarely,No,4,2,2,2,2.0,4,4,2,1,1,4,2,4775,22,6,No
P-001103,RM632,44,Male,Research & Development,Laboratory Technician,1,4,Life Sciences,Married,8,Travel_Rarely,Yes,10,3,2,0,2.0,1,4,4,2,3,4,2,2818,24,2,No
P-001104,RM633,42,Male,Research & Development,Research Scientist,1,1,Medical,Single,2,Travel_Frequently,Yes,8,2,1,2,2.0,2,4,3,3,4,3,2,2515,14,5,No
P-001105,RM634,36,Male,Human Resources,Human Resources,1,3,Life Sciences,Married,8,Travel_Rarely,No,6,5,4,0,3.0,1,1,2,3,3,4,3,2342,21,0,No
P-001106,RM635,25,Male,Sales,Sales Executive,2,1,Other,Married,3,Travel_Rarely,Yes,5,5,3,0,3.0,3,1,3,3,4,3,3,4194,18,1,No
P-001107,RM636,35,Female,Research & Development,Manufacturing Director,3,3,Life Sciences,Married,9,Travel_Rarely,Yes,17,17,14,5,15.0,4,3,2,3,2,4,2,10685,20,1,No
P-001108,RM637,35,Female,Research & Development,Research Scientist,1,4,Life Sciences,Divorced,25,Travel_Frequently,Yes,10,10,2,7,8.0,4,2,3,2,1,3,3,2022,19,1,Yes
P-001109,RM638,32,Male,Research & Development,Laboratory Technician,1,3,Life Sciences,Divorced,1,Non-Travel,No,4,3,0,0,2.0,4,4,3,3,2,3,2,2314,12,0,No
P-001110,RM639,25,Male,Sales,Sales Executive,2,1,Marketing,Married,4,Travel_Rarely,No,5,5,2,0,3.0,3,1,2,4,1,3,1,4256,12,1,No
P-001111,RM640,49,Female,Research & Development,Research Scientist,1,3,Technical Degree,Married,1,Travel_Rarely,No,7,4,2,0,2.0,3,1,3,3,2,3,2,3580,16,2,No
P-001112,RM641,24,Male,Research & Development,Laboratory Technician,1,1,Life Sciences,Married,4,Non-Travel,No,6,5,2,3,4.0,1,4,2,2,4,3,2,3162,17,0,No
P-001113,RM642,32,Male,Sales,Sales Executive,2,2,Life Sciences,Married,5,Travel_Frequently,No,10,10,8,5,3.0,2,2,3,3,4,3,3,6524,14,1,No
P-001114,RM643,38,Male,Sales,Sales Representative,1,3,Marketing,Married,9,Travel_Rarely,No,3,2,2,1,2.0,2,2,2,3,4,3,3,2899,19,0,No
P-001115,RM644,42,Female,Research & Development,Laboratory Technician,2,3,Life Sciences,Married,3,Travel_Rarely,Yes,17,5,3,1,3.0,3,4,4,2,2,3,1,5231,13,2,No
P-001116,RM645,31,Male,Research & Development,Research Scientist,1,4,Life Sciences,Married,11,Travel_Rarely,Yes,8,6,4,0,2.0,4,4,3,3,2,3,2,2356,19,3,No
P-001117,RM646,29,Female,Sales,Sales Representative,1,3,Medical,Divorced,1,Travel_Rarely,Yes,5,3,2,0,2.0,2,3,2,3,3,3,3,2800,19,6,Yes
P-001118,RM647,53,Male,Sales,Sales Executive,4,3,Marketing,Married,8,Travel_Rarely,No,28,2,0,2,2.0,1,4,3,3,3,3,3,11836,14,5,No
P-001119,RM648,35,Male,Research & Development,Manufacturing Director,3,3,Technical Degree,Married,25,Travel_Rarely,No,16,13,10,4,8.0,4,2,2,3,1,3,2,10903,16,3,No
P-001120,RM649,37,Female,Sales,Sales Representative,1,2,Medical,Married,21,Travel_Frequently,No,10,5,4,0,0.0,3,4,3,3,2,3,3,2973,15,5,No
P-001121,RM650,53,Female,Research & Development,Research Director,4,4,Life Sciences,Single,23,Travel_Rarely,No,33,12,9,3,8.0,4,4,3,3,3,3,0,14275,18,6,No
P-001122,RM651,43,Female,Research & Development,Healthcare Representative,2,3,Life Sciences,Married,1,Travel_Frequently,No,12,5,2,2,2.0,4,4,3,2,2,3,2,5562,13,4,No
P-001123,RM652,47,Female,Sales,Sales Executive,2,2,Marketing,Married,2,Travel_Rarely,Yes,8,7,6,7,7.0,3,4,3,3,1,4,2,4537,22,0,No
P-001124,RM653,37,Male,Sales,Sales Executive,3,2,Medical,Single,19,Non-Travel,Yes,10,10,0,0,9.0,1,2,3,3,4,3,2,7642,13,1,No
P-001125,RM654,50,Male,Research & Development,Manager,4,4,Life Sciences,Divorced,2,Non-Travel,No,31,31,6,14,7.0,1,1,3,3,4,3,3,17924,11,1,No
P-001126,RM655,39,Female,Human Resources,Human Resources,2,3,Life Sciences,Married,2,Travel_Rarely,No,13,5,4,0,4.0,4,4,2,3,3,3,2,5204,11,8,No
P-001127,RM656,33,Male,Human Resources,Human Resources,1,2,Human Resources,Divorced,3,Travel_Rarely,Yes,7,4,3,0,3.0,4,2,3,4,3,3,4,2277,11,3,No
P-001128,RM657,32,Male,Research & Development,Laboratory Technician,1,4,Life Sciences,Single,25,Travel_Rarely,Yes,1,1,0,0,1.0,1,4,3,1,3,4,2,2795,24,1,Yes
P-001129,RM658,29,Female,Research & Development,Laboratory Technician,1,1,Medical,Divorced,7,Travel_Rarely,No,8,4,3,0,3.0,1,4,2,3,3,3,5,2532,14,6,No
P-001130,RM659,44,Male,Research & Development,Research Scientist,1,2,Life Sciences,Married,9,Travel_Rarely,Yes,8,8,7,7,1.0,2,1,3,3,4,3,0,2559,13,1,No
P-001131,RM660,28,Male,Sales,Sales Executive,2,4,Medical,Single,5,Travel_Rarely,No,4,4,2,0,2.0,1,4,3,3,2,3,3,4908,14,1,No
P-001132,RM661,58,Male,Research & Development,Laboratory Technician,1,1,Life Sciences,Divorced,2,Travel_Frequently,Yes,3,1,0,0,0.0,4,4,2,2,4,3,3,2380,14,9,Yes
P-001133,RM662,43,Female,Research & Development,Manufacturing Director,2,3,Life Sciences,Divorced,8,Travel_Rarely,No,4,1,0,0,0.0,1,2,3,4,3,4,2,4765,21,4,No
P-001134,RM663,20,Female,Sales,Sales Representative,1,3,Medical,Single,2,Travel_Rarely,No,2,2,2,0,2.0,3,3,2,2,4,3,3,2044,13,1,Yes
P-001135,RM664,21,Female,Research & Development,Research Scientist,1,1,Other,Single,18,Travel_Rarely,No,1,1,0,0,0.0,4,4,3,2,1,3,3,2693,19,1,Yes
P-001136,RM665,36,Male,Research & Development,Healthcare Representative,2,1,Life Sciences,Married,14,Travel_Rarely,Yes,17,16,8,4,11.0,3,4,3,2,1,3,2,6586,17,0,No
P-001137,RM666,47,Female,Sales,Sales Representative,1,4,Life Sciences,Single,2,Travel_Rarely,Yes,3,3,2,1,2.0,4,4,2,2,1,3,3,3294,18,1,No
P-001138,RM667,22,Female,Research & Development,Manufacturing Director,2,1,Life Sciences,Married,3,Travel_Rarely,Yes,4,3,2,0,2.0,2,3,3,4,1,3,3,4171,19,0,Yes
P-001139,RM668,41,Female,Research & Development,Laboratory Technician,1,4,Life Sciences,Divorced,2,Travel_Rarely,Yes,10,7,7,1,0.0,2,4,1,2,3,3,1,2778,13,4,Yes
P-001140,RM669,28,Female,Research & Development,Research Scientist,1,3,Medical,Divorced,9,Travel_Rarely,No,6,2,2,2,2.0,3,3,3,3,2,3,2,2377,18,5,No
P-001141,RM670,39,Male,Research & Development,Laboratory Technician,1,3,Medical,Married,6,Travel_Rarely,Yes,8,2,2,2,2.0,4,1,3,1,4,4,2,2404,21,7,Yes
P-001142,RM671,27,Female,Research & Development,Research Scientist,1,3,Life Sciences,Single,4,Travel_Rarely,No,1,1,1,0,0.0,2,3,3,3,3,3,2,2318,19,1,No
P-001143,RM672,34,Male,Research & Development,Laboratory Technician,1,3,Life Sciences,Divorced,10,Travel_Rarely,No,1,1,0,1,0.0,2,2,3,3,2,3,3,2008,14,1,No
P-001144,RM673,42,Female,Sales,Sales Executive,2,2,Medical,Single,14,Travel_Rarely,No,10,5,4,0,3.0,3,3,2,3,1,3,6,6244,17,7,No
P-001145,RM674,33,Male,Research & Development,Research Scientist,1,4,Other,Single,1,Travel_Rarely,Yes,6,3,2,0,2.0,3,1,2,3,2,3,1,2799,11,3,No
P-001146,RM675,58,Female,Research & Development,Healthcare Representative,3,3,Technical Degree,Divorced,5,Travel_Rarely,Yes,24,6,0,0,4.0,3,2,2,3,4,3,3,10552,13,2,No
P-001147,RM676,31,Male,Sales,Sales Representative,1,4,Life Sciences,Married,7,Travel_Rarely,No,13,7,7,5,2.0,2,3,2,4,2,3,2,2329,15,3,No
P-001148,RM677,35,Female,Research & Development,Healthcare Representative,2,1,Life Sciences,Married,21,Travel_Rarely,Yes,10,10,6,0,7.0,4,4,3,1,4,4,2,4014,25,1,No
P-001149,RM678,49,Female,Research & Development,Laboratory Technician,3,2,Other,Married,8,Travel_Rarely,No,29,26,9,1,7.0,1,2,3,2,3,3,3,7403,11,4,No
P-001150,RM679,48,Male,Research & Development,Research Scientist,1,4,Medical,Married,20,Travel_Rarely,No,13,0,0,0,0.0,4,3,3,2,1,3,2,2259,17,4,No
P-001151,RM680,31,Female,Sales,Sales Executive,2,2,Marketing,Married,20,Non-Travel,No,9,9,8,0,0.0,4,3,3,2,4,3,2,6932,13,1,No
P-001152,RM681,36,Male,Research & Development,Research Scientist,1,4,Other,Single,7,Travel_Rarely,No,8,6,2,0,1.0,2,4,3,3,3,3,6,4678,18,2,No
P-001153,RM682,38,Female,Research & Development,Research Director,3,3,Technical Degree,Married,1,Travel_Rarely,No,15,15,12,5,11.0,4,1,3,3,2,3,3,13582,13,1,No
P-001154,RM683,32,Female,Research & Development,Laboratory Technician,1,3,Life Sciences,Married,1,Non-Travel,No,5,3,0,0,2.0,3,2,2,3,3,4,3,2332,20,6,No
P-001155,RM684,25,Male,Sales,Sales Representative,1,2,Marketing,Married,19,Travel_Rarely,Yes,1,1,0,0,0.0,3,2,2,3,3,3,2,2413,18,1,Yes
P-001156,RM685,40,Male,Sales,Sales Executive,3,4,Marketing,Divorced,10,Travel_Rarely,No,11,1,0,0,0.0,1,2,2,2,2,3,2,9705,12,2,No
P-001157,RM686,26,Male,Sales,Sales Executive,2,3,Medical,Single,1,Travel_Frequently,No,7,7,7,0,7.0,3,1,2,3,2,3,2,4294,12,1,No
P-001158,RM687,41,Male,Research & Development,Laboratory Technician,1,3,Medical,Single,6,Travel_Rarely,Yes,20,18,13,2,17.0,4,1,3,3,3,3,3,4721,13,2,No
P-001159,RM688,36,Male,Research & Development,Laboratory Technician,1,4,Medical,Single,2,Travel_Rarely,No,16,11,8,3,9.0,3,3,3,3,3,4,6,2519,21,4,No
P-001160,RM689,19,Male,Sales,Sales Representative,1,3,Other,Single,21,Travel_Rarely,Yes,1,1,0,0,0.0,4,2,2,4,2,3,3,2121,13,1,Yes
P-001161,RM690,20,Male,Research & Development,Laboratory Technician,1,3,Technical Degree,Single,4,Travel_Rarely,No,1,1,0,0,0.0,1,1,3,3,2,3,2,2973,19,1,Yes
P-001162,RM691,31,Female,Research & Development,Healthcare Representative,2,3,Medical,Married,12,Travel_Rarely,Yes,10,9,7,8,5.0,4,4,3,1,3,3,2,5855,11,0,No
P-001163,RM692,40,Male,Research & Development,Research Scientist,1,4,Medical,Divorced,9,Travel_Frequently,Yes,3,1,1,0,0.0,4,2,3,3,4,3,2,3617,14,8,No
P-001164,RM693,32,Female,Research & Development,Manufacturing Director,2,4,Medical,Married,3,Travel_Rarely,No,8,8,7,6,3.0,3,1,3,4,3,3,2,6725,12,1,No
P-001165,RM694,36,Male,Sales,Sales Executive,3,1,Life Sciences,Married,3,Travel_Rarely,Yes,16,16,7,3,7.0,3,4,2,3,1,3,6,10325,11,1,Yes
P-001166,RM695,33,Female,Research & Development,Healthcare Representative,2,3,Life Sciences,Single,1,Travel_Rarely,No,6,5,0,1,4.0,2,4,2,3,1,3,3,6949,14,0,No
P-001167,RM696,37,Male,Sales,Sales Executive,3,4,Life Sciences,Married,1,Travel_Rarely,No,17,14,1,11,7.0,1,3,2,1,3,3,2,10609,11,5,Yes
P-001168,RM697,45,Male,Research & Development,Laboratory Technician,2,2,Life Sciences,Married,4,Non-Travel,No,9,9,7,0,8.0,3,2,3,2,2,3,5,4447,12,1,No
P-001169,RM698,29,Female,Sales,Sales Representative,1,3,Technical Degree,Married,20,Travel_Frequently,No,3,3,1,0,2.0,3,4,3,3,2,3,5,2157,15,1,No
P-001170,RM699,35,Female,Sales,Sales Executive,2,3,Medical,Married,18,Travel_Rarely,No,5,5,2,1,0.0,3,3,3,3,2,3,3,4601,16,1,No
P-001171,RM700,52,Male,Research & Development,Manager,4,2,Life Sciences,Married,1,Travel_Rarely,No,26,9,8,7,8.0,4,4,3,2,2,3,2,17099,15,2,No
P-001172,RM701,58,Male,Research & Development,Research Scientist,1,3,Technical Degree,Single,2,Travel_Rarely,No,7,1,0,0,0.0,4,3,3,3,1,4,4,2479,24,4,Yes
P-001173,RM702,53,Male,Sales,Manager,4,2,Medical,Divorced,2,Travel_Rarely,No,22,17,13,15,2.0,3,3,3,4,3,3,3,14852,13,6,No
P-001174,RM703,30,Male,Sales,Sales Executive,3,2,Other,Divorced,8,Travel_Rarely,No,10,8,4,7,7.0,3,3,3,4,1,3,2,7264,11,5,No
P-001175,RM704,38,Female,Sales,Sales Executive,2,3,Technical Degree,Single,10,Non-Travel,Yes,6,5,3,1,3.0,3,4,3,3,2,3,1,5666,13,1,No
P-001176,RM705,35,Male,Sales,Sales Executive,3,4,Life Sciences,Divorced,3,Travel_Rarely,No,12,10,9,0,8.0,4,4,3,3,2,3,2,7823,13,6,No
P-001177,RM706,39,Male,Sales,Sales Executive,3,5,Life Sciences,Single,2,Travel_Rarely,No,9,8,7,0,7.0,1,3,4,3,4,3,3,7880,18,0,No
P-001178,RM707,40,Female,Sales,Sales Executive,4,3,Life Sciences,Single,24,Non-Travel,Yes,22,1,0,0,0.0,2,2,4,2,4,3,2,13194,16,4,Yes
P-001179,RM708,47,Male,Research & Development,Manufacturing Director,2,4,Medical,Divorced,16,Travel_Frequently,Yes,20,19,10,2,7.0,3,3,4,4,3,3,3,5067,19,1,No
P-001180,RM709,36,Male,Sales,Sales Executive,2,4,Technical Degree,Divorced,8,Non-Travel,No,12,7,7,0,7.0,1,4,3,3,4,3,3,5079,13,4,No
P-001181,RM710,31,Male,Research & Development,Research Scientist,1,2,Medical,Single,9,Non-Travel,Yes,4,3,2,1,2.0,3,1,2,3,1,4,0,2321,22,0,Yes
P-001182,RM711,33,Male,Sales,Manager,4,3,Life Sciences,Single,17,Non-Travel,No,10,10,8,6,0.0,4,3,3,3,4,3,2,17444,11,1,No
P-001183,RM712,29,Female,Research & Development,Research Scientist,1,3,Life Sciences,Single,10,Travel_Rarely,Yes,3,0,0,0,0.0,4,1,2,3,3,4,5,2404,20,6,Yes
P-001184,RM713,33,Female,Research & Development,Research Scientist,1,1,Life Sciences,Single,13,Travel_Rarely,No,5,3,2,0,2.0,2,4,3,3,1,3,4,3452,18,3,No
P-001185,RM714,45,Female,Research & Development,Laboratory Technician,1,4,Medical,Divorced,1,Travel_Rarely,No,8,5,3,0,2.0,4,4,3,3,4,3,2,2270,14,3,No
P-001186,RM715,50,Male,Research & Development,Research Director,4,2,Medical,Divorced,1,Travel_Rarely,No,32,5,4,1,3.0,4,4,3,2,3,4,1,17399,22,9,No
P-001187,RM716,33,Female,Research & Development,Healthcare Representative,2,4,Other,Married,1,Travel_Frequently,Yes,6,6,5,1,2.0,3,2,4,3,1,3,2,5488,13,1,No
P-001188,RM717,41,Male,Research & Development,Research Director,5,3,Medical,Divorced,9,Travel_Frequently,No,21,18,16,0,11.0,1,3,3,4,2,3,2,19419,17,2,No
P-001189,RM718,27,Female,Research & Development,Laboratory Technician,1,4,Technical Degree,Married,16,Travel_Rarely,No,4,2,2,2,2.0,3,2,3,3,2,3,2,2811,14,9,No
P-001190,RM719,45,Male,Research & Development,Laboratory Technician,2,2,Life Sciences,Married,23,Non-Travel,Yes,9,9,8,0,8.0,4,1,3,3,3,3,2,3633,15,1,No
P-001191,RM720,47,Female,Sales,Sales Executive,2,2,Life Sciences,Single,4,Travel_Rarely,Yes,9,9,0,0,7.0,4,4,3,3,3,3,0,4163,17,1,No
P-001192,RM721,30,Female,Research & Development,Research Scientist,1,3,Life Sciences,Married,22,Travel_Rarely,Yes,7,5,2,0,1.0,1,3,3,3,2,3,2,2132,11,4,Yes
P-001193,RM722,50,Male,Research & Development,Manufacturing Director,4,3,Life Sciences,Married,24,Travel_Rarely,Yes,22,12,11,1,5.0,4,3,3,3,4,3,2,13973,18,3,No
P-001194,RM723,38,Male,Research & Development,Research Scientist,1,1,Medical,Married,10,Travel_Frequently,No,3,2,1,0,2.0,3,3,3,2,2,3,0,2684,17,0,No
P-001195,RM724,46,Male,Research & Development,Manufacturing Director,3,2,Medical,Divorced,7,Travel_Rarely,No,13,8,7,0,7.0,4,3,3,3,2,3,3,10845,13,6,No
P-001196,RM725,24,Female,Research & Development,Manufacturing Director,2,1,Medical,Divorced,17,Travel_Rarely,No,5,4,2,3,2.0,4,3,2,3,2,3,6,4377,15,1,No
P-001197,RM726,35,Male,Research & Development,Laboratory Technician,1,4,Other,Divorced,14,Travel_Rarely,Yes,5,4,2,0,2.0,3,2,2,1,4,4,2,3743,24,1,Yes
P-001198,RM727,31,Female,Research & Development,Manufacturing Director,2,1,Life Sciences,Married,1,Travel_Frequently,No,4,4,3,0,3.0,3,1,3,3,3,3,1,4148,12,1,No
P-001199,RM728,18,Male,Research & Development,Research Scientist,1,2,Life Sciences,Single,5,Non-Travel,No,0,0,0,0,0.0,2,4,3,3,4,3,2,1051,15,1,No
P-001200,RM729,54,Female,Research & Development,Manufacturing Director,3,3,Technical Degree,Married,17,Travel_Rarely,No,22,10,7,0,8.0,3,3,3,3,3,3,2,10739,11,8,No
P-001201,RM730,35,Female,Research & Development,Healthcare Representative,3,4,Medical,Divorced,25,Travel_Rarely,Yes,16,16,10,10,1.0,3,3,3,2,3,3,3,10388,11,1,No
P-001202,RM731,30,Female,Research & Development,Research Director,3,2,Life Sciences,Married,8,Travel_Rarely,Yes,9,8,7,1,7.0,2,1,4,2,3,3,4,11416,12,0,No
P-001203,RM732,20,Female,Research & Development,Research Scientist,1,3,Medical,Single,11,Travel_Rarely,Yes,1,1,0,0,0.0,4,1,2,3,1,3,2,2600,15,1,Yes
P-001204,RM733,30,Female,Research & Development,Laboratory Technician,1,3,Medical,Single,5,Travel_Frequently,No,4,3,2,1,2.0,2,2,3,3,1,3,3,2422,17,0,Yes
P-001205,RM734,26,Male,Research & Development,Manufacturing Director,2,2,Medical,Married,2,Travel_Rarely,No,8,8,7,1,3.0,4,4,4,3,2,3,2,5472,12,1,No
P-001206,RM735,22,Male,Research & Development,Laboratory Technician,1,1,Life Sciences,Married,8,Travel_Rarely,No,4,4,3,1,1.0,2,1,1,2,1,3,3,2451,15,1,No
P-001207,RM736,48,Male,Research & Development,Healthcare Representative,2,3,Life Sciences,Single,6,Travel_Rarely,No,19,2,2,2,2.0,1,3,2,3,4,3,0,4240,13,2,No
P-001208,RM737,48,Male,Research & Development,Healthcare Representative,3,4,Life Sciences,Single,4,Travel_Rarely,No,27,15,11,4,8.0,3,3,2,3,2,3,3,10999,14,7,No
P-001209,RM738,41,Female,Research & Development,Manufacturing Director,2,2,Medical,Single,7,Travel_Rarely,No,8,2,2,2,1.0,4,3,3,3,2,3,6,5003,14,6,No
P-001210,RM739,39,Female,Research & Development,Manufacturing Director,4,1,Life Sciences,Married,1,Travel_Rarely,No,21,21,6,11,8.0,4,4,2,3,3,3,3,12742,16,1,No
P-001211,RM740,27,Female,Research & Development,Manufacturing Director,2,4,Life Sciences,Married,2,Travel_Rarely,No,4,3,2,2,2.0,1,4,3,3,2,3,2,4227,18,0,No
P-001212,RM741,35,Male,Research & Development,Laboratory Technician,1,3,Other,Divorced,10,Travel_Rarely,No,3,3,2,1,2.0,2,4,3,2,1,4,4,3917,20,1,No
P-001213,RM742,42,Male,Sales,Manager,5,2,Marketing,Married,5,Travel_Rarely,No,21,1,0,0,0.0,4,3,3,4,2,3,3,18303,13,6,No
P-001214,RM743,50,Male,Research & Development,Laboratory Technician,1,3,Life Sciences,Married,9,Travel_Rarely,No,8,1,0,0,0.0,1,4,3,3,2,3,5,2380,18,4,No
P-001215,RM744,59,Female,Research & Development,Manufacturing Director,4,3,Life Sciences,Single,2,Travel_Rarely,Yes,30,5,3,4,3.0,3,4,2,3,1,3,4,13726,13,3,No
P-001216,RM745,37,Female,Research & Development,Healthcare Representative,2,2,Medical,Married,11,Travel_Rarely,No,15,1,0,0,0.0,1,2,1,1,1,3,2,4777,15,5,Yes
P-001217,RM746,55,Male,Research & Development,Healthcare Representative,2,4,Medical,Married,18,Travel_Frequently,Yes,17,8,7,6,7.0,3,2,3,3,4,3,3,6385,14,3,No
P-001218,RM747,41,Female,Research & Development,Research Director,5,1,Life Sciences,Divorced,7,Non-Travel,No,21,21,16,5,10.0,2,3,1,3,2,4,3,19973,22,1,No
P-001219,RM748,38,Male,Sales,Sales Executive,2,4,Life Sciences,Single,3,Travel_Rarely,Yes,19,1,0,0,0.0,2,4,3,3,3,3,1,6861,12,8,No
P-001220,RM749,26,Male,Sales,Sales Executive,2,2,Medical,Single,29,Non-Travel,No,7,2,2,2,2.0,2,1,1,3,4,3,6,4969,18,8,Yes
P-001221,RM750,52,Female,Sales,Manager,5,1,Marketing,Married,2,Travel_Rarely,No,33,32,14,6,9.0,1,4,1,3,4,3,3,19845,15,1,Yes
P-001222,RM751,44,Female,Sales,Sales Executive,4,3,Medical,Married,28,Travel_Rarely,Yes,23,12,11,11,11.0,4,4,4,3,3,3,2,13320,18,3,No
P-001223,RM752,50,Female,Sales,Sales Executive,2,3,Life Sciences,Married,1,Non-Travel,No,19,18,7,0,13.0,4,3,3,3,1,3,3,6347,12,0,No
P-001224,RM753,36,Female,Research & Development,Laboratory Technician,1,4,Life Sciences,Single,16,Travel_Rarely,No,18,17,13,15,14.0,3,1,4,3,3,3,1,2743,16,1,Yes
P-001225,RM754,39,Female,Research & Development,Manufacturing Director,3,3,Medical,Single,22,Travel_Frequently,Yes,21,21,6,2,8.0,4,1,3,3,3,3,2,10880,13,1,No
P-001226,RM755,33,Female,Sales,Sales Representative,1,1,Life Sciences,Single,8,Non-Travel,No,3,2,2,2,2.0,2,4,2,2,4,3,2,2342,19,0,No
P-001227,RM756,45,Female,Sales,Manager,4,2,Life Sciences,Married,11,Travel_Rarely,No,26,9,3,1,1.0,4,4,3,4,2,3,4,17650,13,3,No
P-001228,RM757,32,Female,Research & Development,Laboratory Technician,1,4,Medical,Single,29,Non-Travel,No,10,8,7,7,7.0,4,3,3,3,2,3,2,4025,12,9,No
P-001229,RM758,34,Male,Sales,Sales Executive,2,4,Marketing,Divorced,1,Travel_Rarely,No,16,15,1,0,9.0,2,4,4,2,4,3,2,9725,11,0,No
P-001230,RM759,59,Male,Sales,Manager,3,2,Technical Degree,Married,1,Travel_Rarely,Yes,14,6,4,0,4.0,2,4,3,1,3,3,1,11904,14,3,No
P-001231,RM760,45,Male,Human Resources,Human Resources,1,4,Medical,Single,24,Travel_Rarely,No,6,6,3,0,4.0,2,2,3,3,1,3,3,2177,16,1,No
P-001232,RM761,53,Female,Sales,Sales Executive,3,3,Marketing,Married,2,Travel_Frequently,No,30,15,7,6,12.0,3,2,2,3,1,3,2,7525,12,2,No
P-001233,RM762,36,Male,Research & Development,Laboratory Technician,2,3,Other,Divorced,15,Travel_Rarely,No,9,1,0,0,0.0,1,3,3,2,2,3,3,4834,14,7,Yes
P-001234,RM763,26,Male,Research & Development,Research Scientist,1,3,Life Sciences,Married,2,Travel_Frequently,Yes,6,3,2,1,2.0,1,1,3,3,2,3,2,2042,14,6,Yes
P-001235,RM764,34,Female,Sales,Sales Representative,1,4,Life Sciences,Married,10,Travel_Rarely,Yes,1,1,1,0,0.0,3,3,3,3,4,3,2,2220,19,1,No
P-001236,RM765,28,Male,Sales,Sales Representative,1,1,Medical,Married,10,Travel_Rarely,No,1,1,0,0,0.0,4,2,3,3,2,4,5,1052,22,1,No
P-001237,RM766,38,Male,Research & Development,Research Scientist,1,4,Other,Married,3,Travel_Frequently,No,8,2,2,2,2.0,3,3,3,3,1,3,2,2821,16,3,No
P-001238,RM767,50,Male,Research & Development,Research Director,5,4,Medical,Married,2,Travel_Rarely,Yes,29,8,1,7,7.0,2,3,3,2,4,3,2,19237,11,2,No
P-001239,RM768,37,Female,Research & Development,Healthcare Representative,2,3,Other,Single,3,Travel_Rarely,No,8,4,3,0,1.0,4,2,3,2,1,3,3,4107,15,3,No
P-001240,RM769,40,Male,Sales,Sales Executive,2,3,Marketing,Married,26,Travel_Rarely,No,8,7,7,7,5.0,3,1,3,2,2,3,3,8396,14,1,No
P-001241,RM770,26,Female,Research & Development,Research Scientist,1,1,Medical,Divorced,1,Travel_Frequently,No,5,5,3,1,3.0,1,3,2,3,3,3,5,2007,13,1,No
P-001242,RM771,46,Male,Research & Development,Research Director,5,4,Medical,Divorced,1,Travel_Rarely,No,23,2,2,2,2.0,4,4,3,3,4,3,0,19627,17,9,No
P-001243,RM772,54,Female,Sales,Sales Executive,3,4,Life Sciences,Married,2,Travel_Rarely,No,13,9,4,7,0.0,3,3,2,3,2,3,4,10686,11,6,No
P-001244,RM773,56,Female,Research & Development,Research Scientist,1,3,Medical,Married,9,Travel_Frequently,No,18,5,4,0,3.0,1,3,3,3,2,3,4,2942,19,2,No
P-001245,RM774,36,Female,Research & Development,Manufacturing Director,3,5,Medical,Single,12,Travel_Rarely,No,15,14,8,7,8.0,4,4,2,2,2,3,2,8858,11,0,No
P-001246,RM775,55,Male,Research & Development,Manager,4,1,Medical,Single,2,Non-Travel,No,31,9,7,6,2.0,3,1,2,4,2,3,3,16756,15,7,No
P-001247,RM776,43,Male,Sales,Sales Executive,3,3,Medical,Divorced,25,Travel_Rarely,No,18,1,0,0,0.0,3,4,2,3,3,3,5,10798,13,5,No
P-001248,RM777,20,Female,Sales,Sales Representative,1,3,Marketing,Single,9,Travel_Frequently,Yes,2,2,2,0,2.0,4,4,3,3,2,3,3,2323,14,1,Yes
P-001249,RM778,21,Female,Research & Development,Laboratory Technician,1,3,Life Sciences,Single,10,Travel_Rarely,No,1,1,0,1,0.0,3,1,2,2,1,3,6,1416,13,1,Yes
P-001250,RM779,46,Female,Research & Development,Research Scientist,2,4,Life Sciences,Divorced,8,Travel_Rarely,Yes,19,16,13,1,7.0,4,1,2,3,1,4,2,4615,23,8,No
P-001251,RM780,51,Male,Research & Development,Research Scientist,1,4,Life Sciences,Married,4,Travel_Rarely,Yes,18,10,0,2,7.0,1,3,3,4,3,3,2,2461,12,9,Yes
P-001252,RM781,28,Male,Research & Development,Healthcare Representative,3,2,Technical Degree,Single,24,Non-Travel,No,10,10,7,1,9.0,2,1,2,2,1,3,2,8722,12,1,Yes
P-001253,RM782,26,Male,Research & Development,Laboratory Technician,1,2,Medical,Married,1,Travel_Rarely,No,6,5,3,1,3.0,1,1,2,3,1,3,2,3955,16,1,No
P-001254,RM783,30,Male,Research & Development,Manufacturing Director,2,3,Other,Married,20,Travel_Rarely,No,7,6,2,0,2.0,3,1,3,2,3,3,1,9957,15,0,No
P-001255,RM784,41,Female,Research & Development,Research Scientist,1,2,Technical Degree,Married,7,Travel_Rarely,No,10,10,6,0,8.0,2,3,4,3,3,3,3,3376,13,1,No
P-001256,RM785,38,Female,Research & Development,Healthcare Representative,3,1,Life Sciences,Married,17,Travel_Rarely,No,20,19,9,1,9.0,3,3,2,2,1,3,4,8823,18,0,No
P-001257,RM786,40,Male,Research & Development,Healthcare Representative,3,4,Technical Degree,Married,20,Travel_Rarely,No,14,11,10,11,1.0,1,4,3,3,4,4,6,10322,20,4,No
P-001258,RM787,27,Male,Research & Development,Laboratory Technician,1,5,Life Sciences,Married,8,Non-Travel,No,3,3,2,1,2.0,1,3,1,3,4,3,4,4621,19,1,No
P-001259,RM788,55,Male,Research & Development,Manufacturing Director,3,1,Life Sciences,Married,2,Travel_Frequently,No,23,3,2,1,2.0,4,2,3,3,2,3,4,10976,18,3,No
P-001260,RM789,28,Female,Research & Development,Research Scientist,2,3,Other,Single,10,Travel_Rarely,No,10,8,7,1,7.0,3,3,3,4,4,3,4,3660,13,3,No
P-001261,RM790,44,Male,Human Resources,Human Resources,3,2,Medical,Married,1,Travel_Rarely,No,24,20,6,3,6.0,2,1,2,3,4,3,1,10482,14,9,Yes
P-001262,RM791,33,Male,Research & Development,Healthcare Representative,3,3,Life Sciences,Divorced,5,Travel_Rarely,No,9,3,2,1,2.0,4,4,2,3,3,3,2,7119,15,4,No
P-001263,RM792,35,Male,Sales,Sales Executive,3,3,Technical Degree,Single,4,Travel_Rarely,Yes,9,8,7,4,7.0,4,1,3,3,1,4,2,9582,22,0,Yes
P-001264,RM793,33,Female,Research & Development,Research Scientist,2,4,Medical,Single,29,Travel_Frequently,No,14,13,7,3,8.0,1,3,2,3,2,4,4,4508,22,1,Yes
P-001265,RM794,28,Male,Research & Development,Laboratory Technician,1,2,Life Sciences,Divorced,15,Travel_Rarely,No,4,4,2,2,2.0,1,3,3,2,4,3,5,2207,16,1,No
P-001266,RM795,34,Male,Research & Development,Healthcare Representative,2,1,Life Sciences,Single,3,Travel_Frequently,No,7,6,2,0,4.0,1,4,3,2,3,3,1,7756,17,0,No
P-001267,RM796,37,Female,Sales,Sales Executive,2,4,Life Sciences,Divorced,10,Travel_Rarely,Yes,8,1,0,0,0.0,4,4,2,3,3,3,5,6694,14,2,No
P-001268,RM797,25,Male,Research & Development,Laboratory Technician,1,1,Technical Degree,Married,4,Travel_Rarely,Yes,7,7,7,5,6.0,4,4,3,4,2,3,3,3691,15,1,Yes
P-001269,RM798,26,Male,Research & Development,Laboratory Technician,1,3,Medical,Divorced,21,Travel_Rarely,No,1,1,1,0,0.0,1,3,3,2,3,4,0,2377,20,1,Yes
P-001270,RM799,33,Male,Research & Development,Research Scientist,1,3,Medical,Single,25,Travel_Rarely,Yes,5,2,2,2,2.0,1,2,2,3,2,4,0,2313,20,4,Yes
P-001271,RM800,42,Male,Research & Development,Manager,4,2,Medical,Married,2,Travel_Rarely,No,23,22,6,13,7.0,4,1,3,3,4,3,3,17665,17,0,No
P-001272,RM801,28,Male,Research & Development,Laboratory Technician,1,3,Medical,Divorced,1,Travel_Frequently,No,1,1,0,0,0.0,1,2,2,3,1,3,2,2596,15,1,Yes
P-001273,RM802,50,Male,Sales,Sales Executive,2,4,Other,Single,1,Travel_Frequently,Yes,5,0,0,0,0.0,4,3,3,3,4,3,4,4728,14,3,Yes
P-001274,RM803,33,Female,Sales,Sales Executive,2,3,Life Sciences,Married,7,Travel_Frequently,No,4,3,2,0,2.0,4,2,3,3,3,3,3,4302,17,0,No
P-001275,RM804,34,Male,Research & Development,Research Scientist,1,4,Life Sciences,Married,3,Non-Travel,No,6,0,0,0,0.0,3,4,2,3,4,3,2,2979,17,3,No
P-001276,RM805,48,Male,Research & Development,Manager,4,4,Medical,Single,1,Non-Travel,No,27,5,4,2,1.0,1,4,4,2,3,4,3,16885,22,2,No
P-001277,RM806,45,Female,Sales,Sales Executive,2,4,Life Sciences,Married,9,Non-Travel,No,15,15,10,4,12.0,2,3,2,3,4,3,2,5593,13,1,No
P-001278,RM807,52,Male,Research & Development,Healthcare Representative,3,4,Life Sciences,Single,7,Travel_Rarely,No,18,8,6,4,0.0,2,2,3,3,4,3,4,10445,19,7,No
P-001279,RM808,38,Male,Sales,Sales Executive,3,4,Marketing,Divorced,10,Travel_Rarely,Yes,9,8,7,2,7.0,3,3,2,3,2,3,2,8740,14,0,No
P-001280,RM809,29,Female,Research & Development,Research Scientist,1,4,Life Sciences,Divorced,28,Travel_Rarely,No,11,7,5,1,7.0,3,4,3,3,1,4,1,2514,22,4,No
P-001281,RM810,28,Female,Research & Development,Manufacturing Director,3,3,Medical,Divorced,3,Travel_Rarely,No,10,9,7,1,7.0,4,2,3,2,2,3,3,7655,17,0,No
P-001282,RM811,46,Male,Sales,Manager,4,1,Marketing,Married,3,Travel_Rarely,No,23,12,9,4,9.0,1,3,3,3,4,3,3,17465,12,3,No
P-001283,RM812,38,Male,Sales,Sales Executive,3,2,Marketing,Single,2,Travel_Rarely,No,10,1,0,0,0.0,4,2,3,3,3,3,2,7351,16,7,No
P-001284,RM813,43,Female,Research & Development,Manufacturing Director,3,3,Life Sciences,Married,27,Travel_Frequently,No,18,8,7,0,1.0,3,1,3,3,3,3,1,10820,11,8,No
P-001285,RM814,39,Male,Research & Development,Healthcare Representative,4,3,Life Sciences,Divorced,2,Travel_Frequently,No,21,18,7,11,5.0,1,4,3,3,4,3,4,12169,11,7,Yes
P-001286,RM815,40,Male,Research & Development,Research Director,5,3,Medical,Single,14,Travel_Rarely,No,21,20,7,4,9.0,3,3,2,4,1,3,2,19626,14,1,No
P-001287,RM816,21,Female,Research & Development,Research Scientist,1,1,Technical Degree,Single,1,Travel_Rarely,Yes,2,2,2,2,2.0,4,2,2,4,3,3,6,2070,11,1,No
P-001288,RM817,39,Male,Research & Development,Laboratory Technician,2,3,Life Sciences,Single,9,Non-Travel,No,9,5,4,0,3.0,3,2,3,2,3,3,2,6782,15,9,No
P-001289,RM818,36,Male,Research & Development,Manufacturing Director,2,4,Life Sciences,Single,18,Non-Travel,No,18,11,9,0,9.0,1,4,3,3,1,4,0,7779,20,2,No
P-001290,RM819,31,Male,Sales,Sales Representative,1,3,Life Sciences,Married,20,Travel_Frequently,No,3,2,2,2,2.0,3,4,4,3,1,3,4,2791,12,0,No
P-001291,RM820,28,Male,Research & Development,Research Scientist,1,1,Life Sciences,Married,2,Travel_Rarely,No,6,5,3,0,4.0,1,2,2,1,1,3,2,3201,17,0,No
P-001292,RM821,35,Male,Sales,Sales Executive,2,2,Marketing,Divorced,11,Travel_Frequently,No,5,5,2,0,2.0,4,4,3,3,4,3,3,4968,11,1,No
P-001293,RM822,49,Male,Sales,Sales Executive,4,4,Technical Degree,Married,8,Travel_Rarely,No,22,9,8,2,3.0,4,2,2,3,2,3,3,13120,17,6,No
P-001294,RM823,34,Male,Research & Development,Manufacturing Director,2,2,Life Sciences,Single,2,Travel_Frequently,No,5,3,2,0,2.0,4,3,3,2,4,3,3,4033,11,2,No
P-001295,RM824,29,Female,Research & Development,Research Scientist,1,3,Life Sciences,Divorced,10,Travel_Frequently,No,8,7,5,1,1.0,4,2,3,2,4,3,2,3291,14,0,No
P-001296,RM825,42,Male,Research & Development,Laboratory Technician,2,3,Medical,Single,29,Travel_Rarely,No,16,1,0,0,0.0,2,4,1,3,1,3,3,4272,19,4,No
P-001297,RM826,29,Male,Research & Development,Manufacturing Director,2,1,Medical,Married,8,Travel_Rarely,Yes,10,10,7,1,2.0,2,4,2,2,3,3,2,5056,15,1,No
P-001298,RM827,38,Male,Human Resources,Human Resources,1,3,Human Resources,Married,1,Travel_Rarely,No,7,7,6,5,0.0,3,3,4,4,4,3,2,2844,13,1,No
P-001299,RM828,28,Male,Research & Development,Research Scientist,1,3,Life Sciences,Divorced,6,Travel_Frequently,Yes,3,3,1,0,2.0,3,3,2,3,4,3,2,2703,14,1,No
P-001300,RM829,18,Male,Research & Development,Laboratory Technician,1,1,Medical,Single,8,Non-Travel,No,0,0,0,0,0.0,3,3,3,3,4,3,0,1904,12,1,Yes
P-001301,RM830,33,Female,Sales,Sales Executive,2,4,Marketing,Single,9,Travel_Rarely,Yes,6,5,2,0,3.0,1,1,3,3,1,3,3,8224,17,0,Yes
P-001302,RM831,41,Male,Research & Development,Laboratory Technician,1,4,Life Sciences,Married,12,Travel_Rarely,Yes,6,1,0,0,0.0,2,4,3,3,1,3,4,4766,11,3,No
P-001303,RM832,31,Male,Research & Development,Laboratory Technician,1,3,Medical,Married,15,Travel_Frequently,No,2,2,2,2,2.0,3,3,3,2,3,3,5,2610,12,1,Yes
P-001304,RM833,37,Female,Research & Development,Healthcare Representative,2,2,Medical,Divorced,25,Travel_Rarely,No,9,6,2,1,3.0,3,4,2,3,3,3,2,5731,13,7,No
P-001305,RM834,27,Male,Research & Development,Research Scientist,1,3,Life Sciences,Married,6,Travel_Rarely,No,4,4,2,2,2.0,4,3,2,3,3,3,0,2539,13,1,No
P-001306,RM835,34,Female,Sales,Sales Executive,2,1,Life Sciences,Married,9,Travel_Rarely,No,6,6,5,1,3.0,2,3,3,2,1,4,3,5714,20,1,No
P-001307,RM836,35,Male,Human Resources,Human Resources,1,4,Technical Degree,Single,8,Travel_Rarely,No,6,5,4,1,4.0,3,3,3,1,2,3,2,4323,17,1,No
P-001308,RM837,29,Female,Sales,Sales Executive,3,1,Life Sciences,Married,23,Travel_Rarely,No,11,11,8,3,10.0,4,1,2,1,1,3,3,7336,13,1,Yes
P-001309,RM838,40,Female,Research & Development,Research Director,3,4,Medical,Single,9,Travel_Frequently,No,20,18,7,2,13.0,2,3,3,2,3,3,3,13499,17,9,No
P-001310,RM839,42,Male,Sales,Sales Executive,4,3,Life Sciences,Single,12,Travel_Frequently,Yes,22,21,9,13,14.0,3,1,3,2,2,3,2,13758,12,0,Yes
P-001311,RM840,42,Male,Sales,Sales Executive,2,4,Marketing,Single,4,Travel_Rarely,No,9,6,4,1,5.0,2,1,3,4,4,3,3,5155,13,7,No
P-001312,RM841,35,Male,Research & Development,Laboratory Technician,1,4,Medical,Married,1,Travel_Rarely,No,10,8,0,1,7.0,4,3,2,3,2,3,2,2258,12,6,No
P-001313,RM842,24,Male,Research & Development,Laboratory Technician,1,3,Medical,Single,24,Travel_Rarely,No,6,4,3,1,2.0,4,2,3,3,4,4,2,3597,22,8,No
P-001314,RM843,28,Female,Research & Development,Laboratory Technician,1,1,Life Sciences,Married,12,Travel_Rarely,Yes,1,1,1,0,0.0,3,4,3,2,4,3,4,2515,11,1,Yes
P-001315,RM844,26,Male,Research & Development,Laboratory Technician,1,4,Medical,Married,3,Travel_Rarely,No,8,8,7,0,7.0,1,4,4,3,2,4,2,4420,22,1,No
P-001316,RM845,30,Male,Sales,Sales Executive,2,3,Marketing,Married,10,Travel_Rarely,No,10,10,3,1,4.0,3,3,2,3,1,3,3,6578,18,1,No
P-001317,RM846,40,Female,Research & Development,Research Scientist,2,2,Medical,Married,26,Travel_Frequently,Yes,16,1,1,0,0.0,3,4,2,1,4,3,3,4422,13,3,No
P-001318,RM847,35,Male,Research & Development,Manufacturing Director,3,3,Life Sciences,Divorced,2,Travel_Rarely,No,15,7,7,6,4.0,3,2,2,4,2,3,2,10274,18,2,No
P-001319,RM848,34,Male,Research & Development,Healthcare Representative,2,3,Medical,Single,1,Travel_Frequently,No,14,13,9,4,9.0,4,1,2,3,3,4,3,5343,20,0,No
P-001320,RM849,35,Male,Research & Development,Laboratory Technician,1,4,Other,Married,4,Travel_Frequently,No,2,2,2,2,2.0,4,4,2,4,2,3,2,2376,13,1,No
P-001321,RM850,43,Female,Sales,Sales Executive,2,3,Marketing,Single,9,Travel_Rarely,No,7,4,3,1,3.0,1,3,1,2,2,3,2,5346,13,8,Yes
P-001322,RM851,32,Female,Sales,Sales Representative,1,1,Life Sciences,Divorced,2,Non-Travel,No,1,1,0,0,0.0,3,1,3,3,3,3,3,2827,12,1,No
P-001323,RM852,56,Female,Research & Development,Manager,5,4,Technical Degree,Divorced,4,Travel_Rarely,No,28,5,2,4,2.0,4,1,3,3,4,3,2,19943,13,4,No
P-001324,RM853,29,Female,Research & Development,Laboratory Technician,1,1,Medical,Married,6,Travel_Rarely,No,10,10,8,0,8.0,2,4,3,3,1,3,5,3131,13,1,No
P-001325,RM854,19,Male,Research & Development,Research Scientist,1,2,Life Sciences,Single,9,Travel_Rarely,No,1,1,1,0,0.0,3,1,3,3,3,4,4,2552,25,1,No
P-001326,RM855,45,Female,Research & Development,Research Scientist,1,3,Medical,Married,7,Travel_Rarely,Yes,7,3,2,0,2.0,1,3,3,2,3,3,2,4477,19,4,No
P-001327,RM856,37,Female,Research & Development,Manufacturing Director,2,3,Life Sciences,Married,1,Travel_Rarely,No,14,14,8,3,11.0,4,4,2,2,2,3,2,6474,13,1,No
P-001328,RM857,20,Male,Research & Development,Laboratory Technician,1,3,Life Sciences,Single,3,Travel_Rarely,No,2,2,2,1,2.0,1,3,2,2,1,3,2,3033,12,1,No
P-001329,RM858,44,Male,Research & Development,Research Scientist,1,4,Life Sciences,Single,10,Travel_Rarely,Yes,6,6,4,0,2.0,3,3,3,3,3,3,4,2936,11,1,Yes
P-001330,RM859,53,Female,Research & Development,Manager,5,2,Medical,Divorced,7,Travel_Rarely,No,26,7,7,4,7.0,4,3,3,3,2,3,6,18606,18,3,No
P-001331,RM860,29,Female,Research & Development,Research Scientist,1,1,Life Sciences,Married,15,Travel_Rarely,Yes,6,5,4,1,3.0,2,4,1,2,1,3,2,2168,18,0,No
P-001332,RM861,22,Male,Research & Development,Research Scientist,1,4,Life Sciences,Married,3,Travel_Frequently,Yes,1,0,0,0,0.0,3,4,2,3,2,3,5,2853,11,0,Yes
P-001333,RM862,46,Female,Sales,Manager,4,3,Marketing,Married,2,Travel_Rarely,No,28,26,15,15,9.0,3,1,3,3,1,4,2,17048,23,8,No
P-001334,RM863,44,Male,Research & Development,Research Scientist,1,3,Life Sciences,Single,17,Non-Travel,No,6,0,0,0,0.0,4,3,1,3,4,3,3,2290,13,2,No
P-001335,RM864,33,Male,Human Resources,Human Resources,1,3,Human Resources,Married,2,Travel_Rarely,No,5,5,4,1,4.0,2,3,3,3,4,3,2,3600,13,1,No
P-001336,RM865,41,Male,Research & Development,Research Scientist,1,2,Life Sciences,Divorced,5,Non-Travel,No,5,1,0,0,0.0,1,1,2,1,1,3,2,2107,17,6,Yes
P-001337,RM866,30,Male,Sales,Sales Executive,2,4,Life Sciences,Divorced,29,Travel_Rarely,No,8,4,3,0,3.0,3,1,3,3,3,3,3,4115,19,8,No
P-001338,RM867,40,Male,Sales,Sales Executive,2,4,Medical,Married,2,Travel_Frequently,No,5,0,0,0,0.0,2,2,3,3,4,3,2,4327,12,5,No
P-001339,RM868,50,Female,Research & Development,Manager,4,3,Medical,Married,2,Travel_Frequently,No,32,2,2,2,2.0,4,1,3,3,3,4,3,17856,22,2,No
P-001340,RM869,28,Male,Research & Development,Laboratory Technician,1,4,Medical,Married,19,Travel_Rarely,No,6,6,5,3,3.0,4,1,2,3,3,3,2,3196,12,1,No
P-001341,RM870,46,Male,Research & Development,Research Director,5,2,Life Sciences,Married,15,Travel_Rarely,No,25,4,2,0,3.0,4,2,3,3,1,3,2,19081,11,5,No
P-001342,RM871,35,Male,Sales,Sales Executive,2,4,Life Sciences,Married,17,Travel_Rarely,Yes,15,7,7,1,7.0,3,1,3,3,4,3,2,8966,15,3,No
P-001343,RM872,24,Female,Research & Development,Laboratory Technician,1,2,Life Sciences,Married,17,Travel_Rarely,No,1,1,0,0,0.0,4,2,3,1,1,3,3,2210,13,1,Yes
P-001344,RM873,33,Female,Sales,Sales Executive,2,3,Medical,Married,25,Travel_Frequently,No,10,10,7,0,1.0,2,3,3,2,1,3,3,4539,12,1,No
P-001345,RM874,36,Male,Research & Development,Laboratory Technician,1,4,Life Sciences,Divorced,6,Travel_Rarely,No,7,7,7,1,7.0,3,3,1,3,3,3,4,2741,14,1,No
P-001346,RM875,30,Male,Research & Development,Laboratory Technician,2,4,Life Sciences,Divorced,7,Travel_Rarely,No,10,10,7,8,9.0,3,3,3,2,1,3,4,3491,13,1,No
P-001347,RM876,44,Male,Research & Development,Research Scientist,2,4,Other,Single,29,Travel_Rarely,No,20,20,11,13,17.0,4,4,3,3,2,4,3,4541,25,1,No
P-001348,RM877,20,Male,Sales,Sales Representative,1,3,Marketing,Single,21,Travel_Rarely,No,2,2,1,2,2.0,3,4,4,3,4,3,2,2678,17,1,No
P-001349,RM878,46,Male,Research & Development,Manufacturing Director,2,4,Technical Degree,Divorced,2,Travel_Rarely,No,12,6,3,1,4.0,4,4,3,2,3,3,3,7379,11,2,No
P-001350,RM879,42,Male,Human Resources,Human Resources,2,5,Medical,Married,2,Non-Travel,No,10,4,3,0,3.0,4,1,4,4,1,3,3,6272,16,7,No
P-001351,RM880,60,Male,Sales,Sales Executive,2,4,Marketing,Divorced,7,Travel_Rarely,Yes,12,11,7,1,9.0,2,4,4,3,2,3,3,5220,18,0,No
P-001352,RM881,32,Female,Research & Development,Laboratory Technician,1,3,Other,Married,13,Travel_Frequently,No,2,2,2,2,2.0,3,2,2,3,3,4,2,2743,20,1,No
P-001353,RM882,32,Female,Research & Development,Research Scientist,2,2,Life Sciences,Single,2,Travel_Frequently,Yes,10,8,7,0,7.0,4,3,3,3,4,3,2,4998,14,4,No
P-001354,RM883,36,Female,Research & Development,Manufacturing Director,3,3,Technical Degree,Divorced,1,Travel_Rarely,Yes,17,7,7,7,7.0,3,1,1,3,3,4,2,10252,21,2,No
P-001355,RM884,33,Male,Research & Development,Research Scientist,1,3,Medical,Married,9,Travel_Rarely,No,15,14,10,4,10.0,1,4,3,3,2,3,5,2781,13,0,No
P-001356,RM885,40,Female,Sales,Sales Executive,2,3,Technical Degree,Divorced,10,Travel_Rarely,No,7,5,1,1,3.0,2,2,2,4,2,3,2,6852,12,7,No
P-001357,RM886,25,Male,Sales,Sales Executive,2,4,Life Sciences,Single,10,Travel_Rarely,No,5,4,3,1,1.0,3,4,3,3,2,3,4,4950,14,0,No
P-001358,RM887,30,Male,Research & Development,Research Scientist,1,3,Medical,Married,1,Travel_Rarely,Yes,12,11,9,5,7.0,4,2,3,3,1,4,2,3579,21,0,No
P-001359,RM888,42,Female,Research & Development,Research Director,3,5,Medical,Married,26,Travel_Frequently,Yes,20,1,0,0,0.0,1,1,3,3,3,3,6,13191,17,3,No
P-001360,RM889,35,Female,Sales,Sales Executive,3,2,Marketing,Married,8,Non-Travel,Yes,16,13,2,4,12.0,3,4,2,2,2,3,6,10377,11,4,No
P-001361,RM890,27,Male,Research & Development,Research Scientist,1,3,Life Sciences,Married,14,Travel_Rarely,Yes,9,9,7,6,8.0,1,1,3,2,4,3,3,2235,14,1,No
P-001362,RM891,54,Female,Research & Development,Manufacturing Director,3,4,Life Sciences,Divorced,1,Travel_Frequently,No,33,5,4,1,4.0,4,3,3,1,1,3,2,10502,17,7,No
P-001363,RM892,44,Female,Research & Development,Research Scientist,1,1,Life Sciences,Married,2,Travel_Rarely,No,10,10,5,7,7.0,1,4,4,3,4,3,5,2011,13,1,No
P-001364,RM893,19,Female,Research & Development,Research Scientist,1,3,Medical,Single,10,Non-Travel,Yes,1,1,1,0,0.0,1,2,2,4,2,4,2,1859,25,1,Yes
P-001365,RM894,29,Female,Research & Development,Research Scientist,1,3,Life Sciences,Divorced,1,Travel_Rarely,No,3,3,2,1,2.0,1,4,3,3,1,3,5,3760,15,1,No
P-001366,RM895,54,Male,Research & Development,Research Director,4,3,Life Sciences,Married,3,Travel_Rarely,No,36,10,9,0,9.0,4,4,3,3,1,3,2,17779,14,3,No
P-001367,RM896,31,Male,Research & Development,Healthcare Representative,2,2,Medical,Married,11,Travel_Rarely,Yes,6,6,5,0,1.0,3,1,3,2,4,3,2,6833,12,1,No
P-001368,RM897,31,Female,Research & Development,Healthcare Representative,2,3,Medical,Single,24,Travel_Rarely,No,10,10,9,1,8.0,3,1,2,3,2,3,2,6812,19,1,No
P-001369,RM898,59,Female,Sales,Sales Executive,2,3,Life Sciences,Single,3,Travel_Rarely,No,13,6,1,0,5.0,3,4,2,3,4,3,2,5171,17,5,No
P-001370,RM899,43,Male,Research & Development,Research Director,5,3,Life Sciences,Married,3,Travel_Rarely,No,25,8,7,0,7.0,3,4,1,3,2,3,2,19740,14,3,No
P-001371,RM900,49,Male,Research & Development,Manager,5,2,Medical,Married,4,Travel_Rarely,No,23,1,0,0,0.0,1,3,2,4,3,3,2,18711,13,2,No
P-001372,RM901,36,Male,Research & Development,Research Scientist,1,3,Technical Degree,Married,3,Travel_Frequently,No,12,11,10,0,7.0,3,2,3,2,3,3,2,3692,12,1,No
P-001373,RM902,48,Male,Research & Development,Laboratory Technician,1,2,Technical Degree,Single,2,Travel_Rarely,No,7,1,0,0,0.0,4,2,4,2,3,3,4,2559,11,5,No
P-001374,RM903,27,Male,Research & Development,Research Scientist,1,2,Life Sciences,Divorced,4,Travel_Rarely,No,5,5,3,0,3.0,1,3,3,3,2,3,2,2517,11,1,No
P-001375,RM904,29,Male,Research & Development,Healthcare Representative,2,3,Life Sciences,Divorced,7,Travel_Rarely,Yes,6,6,0,1,0.0,3,4,3,3,2,3,2,6623,11,1,No
P-001376,RM905,48,Male,Research & Development,Research Director,5,3,Life Sciences,Single,1,Travel_Rarely,No,25,1,0,0,0.0,4,4,2,4,3,3,3,18265,12,6,No
P-001377,RM906,29,Female,Research & Development,Research Director,4,3,Life Sciences,Divorced,1,Travel_Rarely,No,9,7,7,1,7.0,4,4,2,2,2,3,2,16124,14,3,No
P-001378,RM907,34,Female,Research & Development,Research Scientist,1,3,Technical Degree,Married,20,Travel_Rarely,No,2,1,0,0,0.0,3,3,4,2,4,3,5,2585,17,0,No
P-001379,RM908,44,Male,Sales,Manager,5,3,Marketing,Married,5,Travel_Rarely,No,26,22,9,3,10.0,2,2,3,3,3,3,5,18213,11,7,No
P-001380,RM909,33,Male,Sales,Sales Executive,3,5,Marketing,Divorced,10,Travel_Rarely,Yes,10,9,8,0,8.0,4,3,4,3,4,3,3,8380,14,0,No
P-001381,RM910,19,Female,Research & Development,Research Scientist,1,3,Life Sciences,Single,25,Travel_Rarely,Yes,1,1,0,0,1.0,2,4,4,3,4,3,2,2994,12,1,No
P-001382,RM911,23,Male,Research & Development,Research Scientist,1,2,Life Sciences,Married,1,Travel_Rarely,No,1,1,0,0,1.0,4,3,3,3,4,4,2,1223,22,1,No
P-001383,RM912,25,Male,Sales,Sales Representative,1,1,Life Sciences,Single,24,Travel_Frequently,Yes,1,1,0,1,0.0,3,4,1,3,4,3,4,1118,14,1,Yes
P-001384,RM913,26,Male,Research & Development,Research Scientist,1,2,Life Sciences,Single,4,Travel_Rarely,Yes,8,8,5,2,2.0,3,4,3,2,2,4,2,2875,20,1,No
P-001385,RM914,45,Female,Sales,Manager,5,3,Marketing,Single,2,Travel_Rarely,Yes,26,24,10,1,11.0,1,2,1,3,1,3,2,18824,16,2,Yes
P-001386,RM915,55,Male,Research & Development,Healthcare Representative,4,1,Medical,Divorced,8,Non-Travel,Yes,34,33,9,15,0.0,4,2,2,3,4,3,3,13577,15,1,No
P-001387,RM916,21,Female,Research & Development,Laboratory Technician,1,2,Life Sciences,Single,10,Travel_Frequently,No,2,2,2,2,2.0,1,3,2,1,3,4,2,2625,20,1,Yes
P-001388,RM917,46,Female,Sales,Manager,5,2,Marketing,Married,4,Travel_Rarely,No,26,11,4,0,8.0,4,2,2,3,3,3,2,18789,14,2,No
P-001389,RM918,34,Female,Sales,Sales Executive,2,3,Marketing,Single,2,Travel_Rarely,Yes,4,3,2,0,2.0,3,1,3,3,4,3,3,4538,12,0,No
P-001390,RM919,51,Male,Sales,Manager,5,3,Life Sciences,Divorced,9,Travel_Frequently,Yes,31,29,10,11,10.0,4,2,3,2,1,4,5,19847,24,4,No
P-001391,RM920,59,Male,Research & Development,Manufacturing Director,3,4,Medical,Single,18,Travel_Rarely,No,25,9,7,5,4.0,4,4,3,2,4,3,6,10512,12,6,No
P-001392,RM921,34,Female,Research & Development,Laboratory Technician,2,3,Medical,Divorced,19,Travel_Frequently,No,15,11,8,5,10.0,3,2,3,4,3,3,2,4444,13,4,No
P-001393,RM922,28,Male,Research & Development,Laboratory Technician,1,4,Medical,Single,1,Travel_Frequently,Yes,5,4,2,0,2.0,4,3,3,2,3,3,2,2154,11,0,No
P-001394,RM923,44,Male,Research & Development,Manager,5,2,Life Sciences,Divorced,4,Travel_Rarely,No,26,25,9,14,13.0,3,1,4,2,4,3,4,19190,14,1,No
P-001395,RM924,34,Male,Human Resources,Human Resources,2,3,Life Sciences,Married,11,Travel_Frequently,No,14,10,9,1,8.0,3,2,2,4,4,3,5,4490,11,4,No
P-001396,RM925,35,Male,Research & Development,Research Scientist,1,1,Life Sciences,Married,6,Travel_Rarely,Yes,4,3,2,2,2.0,3,3,3,3,4,3,3,3506,14,0,No
P-001397,RM926,42,Female,Research & Development,Research Scientist,2,4,Medical,Married,7,Travel_Rarely,Yes,18,1,0,0,0.0,2,2,4,3,4,3,2,2372,16,6,No
P-001398,RM927,43,Female,Sales,Sales Executive,3,4,Marketing,Single,4,Travel_Rarely,No,23,21,7,15,17.0,4,4,2,4,4,3,3,10231,14,3,No
P-001399,RM928,36,Female,Research & Development,Manufacturing Director,2,4,Life Sciences,Single,2,Travel_Rarely,Yes,18,16,14,5,12.0,3,2,3,3,4,3,2,5410,11,9,No
P-001400,RM929,44,Female,Research & Development,Healthcare Representative,3,3,Medical,Married,15,Travel_Rarely,No,10,10,7,0,5.0,1,4,3,3,4,3,2,7978,11,1,Yes
P-001401,RM930,28,Male,Research & Development,Laboratory Technician,1,3,Life Sciences,Married,2,Travel_Frequently,Yes,2,2,2,2,2.0,4,4,2,3,2,3,2,3867,12,1,No
P-001402,RM931,51,Female,Research & Development,Laboratory Technician,1,2,Medical,Single,6,Travel_Frequently,No,8,7,0,7,7.0,2,3,2,2,2,3,6,2838,14,0,No
P-001403,RM932,30,Female,Research & Development,Manufacturing Director,2,2,Medical,Single,9,Non-Travel,Yes,10,8,4,1,7.0,3,3,3,3,3,3,3,4695,18,7,No
P-001404,RM933,29,Female,Research & Development,Laboratory Technician,1,3,Technical Degree,Divorced,7,Travel_Rarely,Yes,10,7,7,7,7.0,2,3,3,3,1,3,2,3339,13,3,Yes
P-001405,RM934,28,Male,Research & Development,Research Scientist,1,3,Technical Degree,Single,1,Travel_Rarely,No,5,3,2,1,2.0,4,1,3,2,2,3,2,2080,11,2,No
P-001406,RM935,25,Female,Research & Development,Research Scientist,1,3,Medical,Single,1,Travel_Rarely,No,2,2,2,2,1.0,4,2,3,2,4,3,3,2096,18,1,No
P-001407,RM936,32,Male,Sales,Sales Executive,2,3,Medical,Married,8,Travel_Rarely,No,10,10,7,0,8.0,3,4,4,4,3,3,4,6209,15,1,No
P-001408,RM937,45,Female,Research & Development,Manager,5,3,Medical,Single,25,Travel_Frequently,No,22,0,0,0,0.0,2,2,3,3,3,4,4,18061,22,3,No
P-001409,RM938,39,Female,Research & Development,Manager,4,4,Medical,Divorced,13,Travel_Rarely,Yes,21,19,9,15,2.0,3,2,2,3,4,3,4,17123,13,6,No
P-001410,RM939,58,Male,Research & Development,Research Scientist,1,4,Life Sciences,Divorced,23,Travel_Rarely,No,2,2,2,2,2.0,1,3,3,3,4,3,3,2372,12,1,No
P-001411,RM940,32,Male,Research & Development,Laboratory Technician,2,2,Life Sciences,Married,7,Travel_Rarely,No,10,10,4,1,1.0,4,3,3,3,1,3,3,4883,18,1,Yes
P-001412,RM941,39,Male,Research & Development,Research Scientist,1,3,Medical,Single,23,Travel_Rarely,No,6,5,2,0,3.0,3,1,3,3,1,3,2,3904,13,0,Yes
P-001413,RM942,30,Female,Research & Development,Laboratory Technician,2,3,Technical Degree,Married,6,Travel_Rarely,No,10,9,2,6,7.0,1,4,2,3,1,3,6,4627,12,0,No
P-001414,RM943,36,Female,Research & Development,Healthcare Representative,3,4,Technical Degree,Married,10,Travel_Rarely,No,10,7,7,1,7.0,4,3,3,3,1,3,0,7094,12,3,No
P-001415,RM944,46,Female,Human Resources,Human Resources,1,2,Life Sciences,Single,1,Travel_Rarely,No,10,7,6,5,7.0,4,1,3,4,3,3,3,3423,12,6,No
P-001416,RM945,28,Female,Research & Development,Laboratory Technician,2,3,Life Sciences,Married,1,Non-Travel,No,10,9,8,7,5.0,3,4,1,3,1,3,6,6674,11,0,No
P-001417,RM946,50,Female,Research & Development,Research Director,4,3,Life Sciences,Married,28,Travel_Rarely,Yes,25,3,2,1,2.0,4,1,3,3,2,3,2,16880,11,4,No
P-001418,RM947,40,Male,Sales,Sales Executive,3,4,Marketing,Single,25,Travel_Rarely,Yes,9,5,4,1,0.0,4,2,2,3,3,3,2,9094,12,2,Yes
P-001419,RM948,52,Male,Sales,Sales Executive,3,3,Life Sciences,Single,5,Travel_Rarely,Yes,10,8,7,7,7.0,2,2,3,2,3,3,2,8446,19,9,Yes
P-001420,RM949,30,Female,Research & Development,Manager,3,4,Medical,Married,17,Travel_Rarely,Yes,9,9,1,0,8.0,2,1,3,3,4,4,2,11916,23,1,No
P-001421,RM950,39,Male,Research & Development,Manufacturing Director,2,2,Life Sciences,Single,18,Travel_Rarely,No,9,8,7,1,7.0,1,3,3,3,1,3,6,4534,11,0,No
P-001422,RM951,31,Female,Sales,Sales Executive,3,4,Life Sciences,Divorced,2,Non-Travel,Yes,10,10,8,9,6.0,4,3,3,2,1,3,5,9852,19,1,No
P-001423,RM952,41,Male,Sales,Sales Executive,2,2,Medical,Single,10,Non-Travel,No,19,19,2,11,9.0,3,2,1,3,1,3,4,6151,13,1,No
P-001424,RM953,31,Female,Sales,Sales Representative,1,3,Life Sciences,Single,1,Travel_Frequently,Yes,3,3,2,2,2.0,4,2,3,4,1,3,2,2302,11,1,Yes
P-001425,RM954,44,Male,Research & Development,Laboratory Technician,1,3,Life Sciences,Married,3,Travel_Rarely,No,10,3,2,1,2.0,1,1,3,4,3,3,4,2362,12,4,Yes
P-001426,RM955,42,Male,Research & Development,Manager,4,1,Life Sciences,Married,2,Non-Travel,Yes,21,20,8,2,10.0,3,3,3,2,4,3,3,17861,13,0,No
P-001427,RM956,55,Female,Research & Development,Manager,5,2,Medical,Married,2,Travel_Rarely,No,23,19,9,9,11.0,4,3,1,3,4,3,5,19187,14,4,No
P-001428,RM957,56,Male,Human Resources,Manager,5,4,Life Sciences,Single,8,Travel_Rarely,No,36,7,3,7,7.0,4,2,3,3,1,3,4,19717,14,6,No
P-001429,RM958,40,Male,Research & Development,Research Scientist,1,2,Life Sciences,Divorced,16,Non-Travel,No,6,4,2,0,0.0,3,3,3,3,2,3,0,3544,16,9,No
P-001430,RM959,34,Male,Research & Development,Healthcare Representative,3,3,Life Sciences,Divorced,9,Travel_Rarely,No,10,9,7,1,6.0,4,4,3,2,4,3,0,8500,11,0,No
P-001431,RM960,40,Male,Research & Development,Research Scientist,2,3,Life Sciences,Single,2,Travel_Rarely,No,9,9,8,8,8.0,3,4,3,3,3,3,4,4661,13,1,No
P-001432,RM961,41,Female,Sales,Sales Executive,2,3,Marketing,Divorced,1,Travel_Frequently,No,10,9,3,1,7.0,3,1,3,3,4,3,2,4103,17,0,No
P-001433,RM962,35,Male,Research & Development,Research Scientist,2,4,Life Sciences,Single,4,Travel_Frequently,Yes,9,9,6,1,1.0,3,3,3,3,2,3,3,4249,11,1,No
P-001434,RM963,51,Male,Human Resources,Manager,4,3,Life Sciences,Divorced,5,Travel_Rarely,Yes,33,33,9,0,10.0,3,2,3,3,2,3,2,14026,11,1,No
P-001435,RM964,38,Female,Sales,Sales Executive,2,2,Life Sciences,Divorced,2,Travel_Rarely,No,11,7,7,1,7.0,2,1,3,3,4,3,3,6893,15,3,No
P-001436,RM965,34,Female,Sales,Sales Executive,2,2,Medical,Single,15,Travel_Rarely,No,10,10,8,9,6.0,3,1,3,4,4,3,6,6125,12,1,No
P-001437,RM966,25,Male,Research & Development,Laboratory Technician,1,1,Medical,Married,19,Travel_Rarely,No,7,3,2,1,2.0,4,4,3,2,3,3,6,3669,11,3,No
P-001438,RM967,58,Female,Research & Development,Manufacturing Director,3,4,Medical,Married,7,Travel_Rarely,Yes,31,10,9,5,9.0,3,1,2,2,4,3,0,10008,14,7,Yes
P-001439,RM968,40,Male,Research & Development,Laboratory Technician,1,4,Life Sciences,Married,1,Travel_Rarely,No,7,4,2,0,3.0,2,2,3,3,3,4,3,2387,22,3,No
P-001440,RM969,36,Female,Sales,Sales Executive,2,3,Marketing,Married,7,Travel_Frequently,No,17,15,7,6,13.0,1,1,4,2,4,3,2,4639,16,2,No
P-001441,RM970,48,Male,Research & Development,Manufacturing Director,3,3,Life Sciences,Single,4,Travel_Rarely,No,11,10,9,0,8.0,4,4,3,3,3,3,2,7898,11,1,No
P-001442,RM971,27,Female,Sales,Sales Representative,1,3,Medical,Married,11,Travel_Rarely,No,5,1,0,0,0.0,3,4,4,3,2,3,4,2534,14,8,No
P-001443,RM972,51,Female,Research & Development,Manufacturing Director,4,2,Technical Degree,Single,11,Travel_Rarely,No,29,5,2,0,3.0,4,2,2,2,2,3,1,13142,16,3,No
P-001444,RM973,18,Female,Research & Development,Laboratory Technician,1,3,Life Sciences,Single,1,Non-Travel,No,0,0,0,0,0.0,4,4,3,4,3,3,5,1611,15,1,No
P-001445,RM974,35,Female,Research & Development,Laboratory Technician,2,3,Medical,Married,1,Travel_Rarely,No,10,9,7,0,0.0,4,4,2,3,2,3,0,5363,12,0,No
P-001446,RM975,27,Male,Sales,Sales Executive,2,1,Life Sciences,Single,2,Travel_Frequently,No,8,6,2,0,0.0,4,4,1,3,2,4,3,5071,20,3,No
P-001447,RM976,55,Male,Sales,Sales Executive,4,4,Marketing,Single,13,Travel_Rarely,Yes,24,19,7,3,8.0,1,3,4,2,3,3,2,13695,17,6,Yes
P-001448,RM977,56,Male,Research & Development,Manufacturing Director,4,3,Life Sciences,Married,23,Travel_Rarely,Yes,33,19,16,15,9.0,4,2,3,3,1,3,0,13402,12,4,No
P-001449,RM978,34,Female,Research & Development,Research Scientist,1,1,Technical Degree,Divorced,26,Non-Travel,No,5,5,4,0,0.0,1,3,2,3,3,4,2,2029,20,1,No
P-001450,RM979,40,Female,Research & Development,Healthcare Representative,2,1,Medical,Divorced,2,Travel_Rarely,No,15,12,11,11,8.0,2,3,4,3,2,4,0,6377,20,5,No
P-001451,RM980,34,Male,Research & Development,Laboratory Technician,2,3,Medical,Married,29,Travel_Rarely,No,10,8,7,7,7.0,2,3,3,3,1,3,1,5429,13,4,No
P-001452,RM981,31,Female,Sales,Sales Representative,1,3,Life Sciences,Single,2,Travel_Frequently,No,3,1,0,0,0.0,3,4,2,4,3,3,3,2785,14,7,Yes
P-001453,RM982,35,Female,Sales,Sales Executive,2,4,Marketing,Married,18,Travel_Frequently,Yes,5,4,2,3,2.0,4,3,3,2,3,3,0,4614,18,0,Yes
P-001454,RM983,38,Male,Research & Development,Research Scientist,1,3,Life Sciences,Divorced,7,Travel_Frequently,No,4,4,2,0,3.0,4,3,4,3,4,3,2,2610,11,1,No
P-001455,RM984,34,Female,Research & Development,Healthcare Representative,2,4,Technical Degree,Single,2,Travel_Rarely,No,14,14,11,4,11.0,3,4,3,4,4,3,2,6687,11,1,No
P-001456,RM985,28,Male,Sales,Sales Executive,2,3,Life Sciences,Married,26,Travel_Rarely,No,5,5,3,0,4.0,3,1,2,3,3,3,0,4724,11,1,No
P-001457,RM986,31,Male,Research & Development,Manufacturing Director,2,4,Medical,Married,22,Travel_Rarely,Yes,10,10,2,6,7.0,4,3,3,2,4,3,3,6179,15,1,Yes
P-001458,RM987,39,Male,Sales,Sales Executive,2,4,Life Sciences,Married,21,Travel_Rarely,Yes,8,5,4,1,4.0,1,4,2,4,4,3,2,6120,12,3,No
P-001459,RM988,51,Male,Sales,Sales Executive,3,3,Marketing,Married,2,Travel_Frequently,No,14,4,2,3,2.0,2,2,3,3,2,3,5,10596,11,2,No
P-001460,RM989,41,Female,Research & Development,Research Scientist,2,3,Life Sciences,Divorced,22,Travel_Frequently,Yes,12,6,2,3,3.0,4,4,3,2,1,3,4,5467,14,3,No
P-001461,RM990,37,Male,Research & Development,Research Scientist,1,1,Life Sciences,Married,4,Travel_Rarely,Yes,8,6,4,1,3.0,3,3,3,3,4,3,2,2996,15,7,No
P-001462,RM991,33,Male,Sales,Sales Executive,2,1,Life Sciences,Married,5,Travel_Frequently,No,8,5,4,1,2.0,2,4,3,4,1,3,2,9998,13,6,No
P-001463,RM992,32,Male,Sales,Sales Executive,2,1,Marketing,Married,2,Travel_Rarely,Yes,4,3,2,1,2.0,3,2,3,2,1,3,3,4078,13,0,No
P-001464,RM993,39,Male,Research & Development,Healthcare Representative,3,2,Life Sciences,Married,25,Non-Travel,No,13,6,4,0,5.0,3,3,3,3,2,4,2,10920,21,3,No
P-001465,RM994,25,Male,Sales,Sales Executive,2,1,Life Sciences,Married,18,Travel_Rarely,No,6,3,2,1,2.0,1,3,4,2,2,3,3,6232,11,2,No
P-001466,RM995,52,Female,Research & Development,Manufacturing Director,4,2,Medical,Married,28,Travel_Frequently,Yes,24,5,3,0,2.0,4,3,4,2,2,3,3,13247,11,2,No
P-001467,RM996,43,Female,Research & Development,Research Scientist,2,3,Medical,Single,6,Travel_Rarely,Yes,20,20,7,1,8.0,1,3,2,1,1,3,3,4081,14,1,No
P-001468,RM997,27,Female,Sales,Sales Executive,2,3,Marketing,Married,10,Travel_Rarely,Yes,6,6,2,4,4.0,4,4,2,3,4,3,3,5769,11,1,No
P-001469,RM998,27,Female,Research & Development,Research Scientist,1,4,Life Sciences,Single,17,Travel_Rarely,Yes,8,8,2,7,7.0,4,3,3,3,4,3,2,2394,13,1,Yes
P-001470,RM999,26,Male,Research & Development,Research Scientist,1,1,Medical,Single,2,Travel_Rarely,No,5,4,3,1,1.0,1,4,2,3,4,3,2,3904,12,0,No
