personnel_id,date,month_idx,duty_hours,overtime_hours,night_shifts,consecutive_duty_days,rest_hours,workload_score,operational_intensity,schedule_irregularity
P-000001,2025-01-01,1,182.8,4.2,4,6,98.5,23.4,1,1.44
P-000001,2025-02-01,2,235.4,43.4,10,7,52.0,86.3,4,3.57
P-000001,2025-03-01,3,231.1,40.6,7,11,59.7,74.9,4,2.94
P-000001,2025-04-01,4,239.2,45.3,4,11,54.0,82.6,4,3.89
P-000001,2025-05-01,5,242.0,36.1,5,8,58.6,83.6,4,4.03
P-000001,2025-06-01,6,177.3,4.9,0,6,88.6,20.3,1,1.74
P-000001,2025-07-01,7,170.3,5.3,0,5,92.5,21.5,1,1.9
P-000001,2025-08-01,8,173.6,6.5,2,3,98.2,16.6,1,1.3
P-000001,2025-09-01,9,163.5,7.6,0,6,98.4,16.0,1,1.74
P-000001,2025-10-01,10,168.7,11.1,1,5,86.1,17.4,1,1.38
P-000001,2025-11-01,11,178.0,0.0,1,6,92.3,20.8,1,1.16
P-000001,2025-12-01,12,186.0,10.7,1,5,91.3,25.7,1,1.24
P-000002,2025-01-01,1,173.9,5.7,1,5,97.5,16.6,5,1.46
P-000002,2025-02-01,2,178.0,2.9,1,4,97.8,20.2,3,1.34
P-000002,2025-03-01,3,179.3,5.6,3,5,93.6,26.8,5,1.12
P-000002,2025-04-01,4,227.4,41.8,6,11,60.4,80.2,4,3.65
P-000002,2025-05-01,5,229.1,38.4,3,11,53.7,69.8,3,3.57
P-000002,2025-06-01,6,225.9,26.1,5,9,68.5,65.9,3,4.0
P-000002,2025-07-01,7,237.8,49.5,5,11,52.0,88.5,4,4.22
P-000002,2025-08-01,8,225.4,45.0,3,9,55.8,68.3,3,3.58
P-000002,2025-09-01,9,166.7,6.3,1,5,90.4,14.3,4,1.15
P-000002,2025-10-01,10,172.0,3.9,4,6,92.8,22.8,3,1.41
P-000002,2025-11-01,11,164.3,8.9,3,4,93.3,12.6,4,1.32
P-000002,2025-12-01,12,177.8,8.7,2,4,91.0,19.0,5,1.1
P-000003,2025-01-01,1,178.2,10.7,3,5,91.4,28.4,4,1.05
P-000003,2025-02-01,2,167.8,4.7,1,6,92.1,14.8,5,1.02
P-000003,2025-03-01,3,230.3,37.8,9,10,66.9,86.2,4,4.78
P-000003,2025-04-01,4,244.7,30.8,8,12,68.8,77.1,5,4.62
P-000003,2025-05-01,5,250.9,34.7,7,15,54.1,92.2,5,5.0
P-000003,2025-06-01,6,233.8,47.7,7,11,64.3,82.9,4,4.06
P-000003,2025-07-01,7,242.0,41.0,6,11,48.4,86.0,5,4.88
P-000003,2025-08-01,8,245.9,52.8,8,11,52.7,96.8,5,4.47
P-000003,2025-09-01,9,241.6,47.2,2,10,60.8,77.0,4,4.51
P-000003,2025-10-01,10,179.6,3.4,3,5,102.4,20.5,5,1.38
P-000003,2025-11-01,11,181.8,6.1,0,3,90.4,17.6,4,1.23
P-000003,2025-12-01,12,180.4,12.8,3,6,96.5,24.0,4,1.03
P-000004,2025-01-01,1,176.4,4.7,0,4,93.0,13.8,5,1.39
P-000004,2025-02-01,2,169.9,6.0,0,3,87.5,16.4,5,1.35
P-000004,2025-03-01,3,182.0,3.2,1,5,89.5,23.6,5,1.69
P-000004,2025-04-01,4,235.9,47.5,7,8,56.3,85.5,4,4.81
P-000004,2025-05-01,5,234.2,31.4,4,7,54.7,74.4,4,4.42
P-000004,2025-06-01,6,252.5,45.3,5,12,55.6,84.9,5,4.64
P-000004,2025-07-01,7,252.1,29.6,7,14,54.3,88.1,5,4.53
P-000004,2025-08-01,8,247.2,39.1,8,14,56.9,89.6,5,4.78
P-000004,2025-09-01,9,243.4,36.1,4,9,57.4,81.5,5,4.65
P-000004,2025-10-01,10,251.8,47.1,5,10,60.0,89.4,5,4.68
P-000004,2025-11-01,11,251.8,36.7,6,11,58.3,86.5,4,4.23
P-000004,2025-12-01,12,179.4,2.4,2,4,96.9,24.7,4,1.7
P-000005,2025-01-01,1,181.2,10.2,2,6,93.7,22.2,2,1.3
P-000005,2025-02-01,2,176.7,8.0,1,4,95.8,17.7,1,1.36
P-000005,2025-03-01,3,173.8,4.5,0,5,92.5,14.5,2,1.37
P-000005,2025-04-01,4,173.4,5.7,1,5,101.7,17.8,2,1.11
P-000005,2025-05-01,5,177.9,12.2,1,3,88.8,17.1,2,1.0
P-000005,2025-06-01,6,171.8,4.5,2,4,88.8,15.9,2,1.24
P-000005,2025-07-01,7,171.4,4.3,1,4,93.9,14.3,1,1.86
P-000005,2025-08-01,8,170.7,2.0,3,5,86.7,23.9,1,1.37
P-000005,2025-09-01,9,177.6,8.0,2,6,84.3,18.7,2,1.11
P-000005,2025-10-01,10,176.5,4.7,1,5,95.5,17.8,1,1.47
P-000005,2025-11-01,11,186.5,0.4,2,4,89.8,23.5,1,1.7
P-000005,2025-12-01,12,175.0,3.2,2,6,100.3,18.3,1,1.82
P-000006,2025-01-01,1,171.2,7.2,3,3,96.4,20.8,2,1.3
P-000006,2025-02-01,2,174.7,6.0,5,4,96.7,26.1,2,1.41
P-000006,2025-03-01,3,185.6,3.4,3,6,94.5,25.4,2,1.32
P-000006,2025-04-01,4,225.3,46.2,6,7,50.9,77.5,3,3.18
P-000006,2025-05-01,5,177.3,3.4,2,5,95.6,19.1,3,1.0
P-000006,2025-06-01,6,171.9,1.9,0,4,94.5,15.5,2,1.65
P-000006,2025-07-01,7,167.1,4.5,2,3,95.0,17.3,2,1.53
P-000006,2025-08-01,8,175.4,7.0,0,5,90.4,18.3,1,1.32
P-000006,2025-09-01,9,176.1,8.9,4,5,92.5,18.9,2,1.11
P-000006,2025-10-01,10,177.7,0.0,2,4,97.0,17.3,2,1.0
P-000006,2025-11-01,11,172.5,4.4,0,4,93.1,15.7,1,1.59
P-000006,2025-12-01,12,181.8,4.2,2,6,92.9,23.0,2,1.59
P-000007,2025-01-01,1,177.8,0.0,1,5,95.2,14.6,5,1.0
P-000007,2025-02-01,2,178.4,9.7,3,6,87.9,21.6,4,1.0
P-000007,2025-03-01,3,190.6,3.7,1,3,97.0,23.2,4,1.55
P-000007,2025-04-01,4,250.9,41.3,8,15,60.2,93.1,5,4.87
P-000007,2025-05-01,5,229.9,38.0,4,13,56.6,80.2,4,4.37
P-000007,2025-06-01,6,234.1,37.7,9,8,51.1,82.8,4,3.15
P-000007,2025-07-01,7,235.5,31.7,10,9,62.4,84.1,4,4.59
P-000007,2025-08-01,8,254.1,43.6,6,12,59.5,87.0,5,4.36
P-000007,2025-09-01,9,247.8,37.7,9,9,57.0,79.3,4,4.28
P-000007,2025-10-01,10,228.9,48.1,4,11,55.9,74.2,4,4.09
P-000007,2025-11-01,11,240.3,47.5,4,10,49.2,87.0,4,4.03
P-000007,2025-12-01,12,174.2,7.7,3,3,86.4,23.5,5,1.22
P-000008,2025-01-01,1,170.0,6.7,1,4,95.4,16.1,1,1.49
P-000008,2025-02-01,2,170.0,0.0,0,6,93.8,9.7,3,1.36
P-000008,2025-03-01,3,167.8,11.2,2,4,89.5,17.3,1,1.13
P-000008,2025-04-01,4,228.0,25.0,8,9,64.8,69.2,2,3.7
P-000008,2025-05-01,5,188.2,1.5,2,6,99.1,18.7,2,1.24
P-000008,2025-06-01,6,171.9,3.4,5,5,90.4,21.8,2,1.0
P-000008,2025-07-01,7,173.4,11.3,3,5,91.4,21.8,2,1.27
P-000008,2025-08-01,8,181.0,1.2,2,6,90.5,18.7,3,1.07
P-000008,2025-09-01,9,175.2,6.2,3,6,94.1,25.4,1,1.47
P-000008,2025-10-01,10,176.0,4.4,2,3,97.5,16.5,1,1.45
P-000008,2025-11-01,11,183.1,0.0,1,6,94.4,20.2,1,1.24
P-000008,2025-12-01,12,183.7,7.4,3,4,99.2,23.4,1,1.05
P-000009,2025-01-01,1,175.0,3.8,2,4,100.7,15.2,2,1.61
P-000009,2025-02-01,2,172.8,5.9,2,5,93.3,19.4,2,1.62
P-000009,2025-03-01,3,182.3,1.4,0,4,89.8,20.8,2,1.0
P-000009,2025-04-01,4,168.6,0.0,1,5,96.2,10.9,1,1.01
P-000009,2025-05-01,5,226.5,25.1,2,4,74.4,58.1,2,3.33
P-000009,2025-06-01,6,169.3,8.2,3,5,92.8,20.3,1,1.43
P-000009,2025-07-01,7,180.1,3.1,1,7,96.5,24.9,3,1.73
P-000009,2025-08-01,8,171.2,0.0,1,6,86.4,20.5,1,1.68
P-000009,2025-09-01,9,168.1,3.7,4,4,95.8,21.6,3,1.57
P-000009,2025-10-01,10,174.8,5.0,3,3,92.4,19.6,1,1.59
P-000009,2025-11-01,11,178.0,9.7,1,5,95.0,22.7,2,1.38
P-000009,2025-12-01,12,182.4,8.4,5,5,93.2,24.7,2,1.11
P-000010,2025-01-01,1,187.1,7.8,3,6,86.4,28.8,5,1.75
P-000010,2025-02-01,2,195.6,2.9,3,6,91.2,27.9,5,1.52
P-000010,2025-03-01,3,189.8,10.4,1,4,86.0,27.2,5,1.5
P-000010,2025-04-01,4,244.8,42.2,8,10,60.1,90.0,5,4.88
P-000010,2025-05-01,5,251.7,45.2,5,12,58.5,88.5,5,4.87
P-000010,2025-06-01,6,244.0,28.5,11,11,67.4,85.2,4,4.26
P-000010,2025-07-01,7,236.2,58.1,3,12,45.6,85.8,5,4.61
P-000010,2025-08-01,8,243.6,45.7,6,12,65.2,84.2,5,3.9
P-000010,2025-09-01,9,242.6,43.9,8,8,62.2,83.3,4,4.03
P-000010,2025-10-01,10,235.9,37.5,5,11,58.5,73.3,4,3.83
P-000010,2025-11-01,11,229.6,37.6,5,12,55.1,80.8,4,4.01
P-000010,2025-12-01,12,172.7,12.5,1,4,93.8,21.2,5,1.12
P-000011,2025-01-01,1,181.3,2.9,3,6,86.8,26.1,5,1.26
P-000011,2025-02-01,2,175.1,6.1,3,7,92.0,24.1,5,1.46
P-000011,2025-03-01,3,176.3,7.9,1,3,95.8,17.6,5,1.97
P-000011,2025-04-01,4,244.4,47.4,4,9,53.5,84.6,5,4.47
P-000011,2025-05-01,5,252.7,30.2,10,7,69.3,75.7,5,4.08
P-000011,2025-06-01,6,248.4,37.7,4,10,59.9,81.5,5,4.99
P-000011,2025-07-01,7,239.5,36.2,6,11,65.8,78.9,4,3.97
P-000011,2025-08-01,8,244.0,46.7,13,11,63.3,97.1,5,4.51
P-000011,2025-09-01,9,247.3,39.5,4,11,64.5,78.4,4,3.99
P-000011,2025-10-01,10,247.5,36.1,5,10,63.7,82.0,5,4.4
P-000011,2025-11-01,11,237.9,31.4,8,7,63.6,75.6,4,4.1
P-000011,2025-12-01,12,179.6,6.6,5,4,98.6,25.5,4,1.49
P-000012,2025-01-01,1,174.9,6.2,2,4,94.5,18.7,3,1.63
P-000012,2025-02-01,2,184.5,3.9,2,4,100.1,20.3,2,1.12
P-000012,2025-03-01,3,169.8,0.0,3,5,89.8,17.9,2,1.59
P-000012,2025-04-01,4,227.7,40.7,4,10,62.4,75.6,3,3.93
P-000012,2025-05-01,5,224.9,29.6,5,9,66.6,63.9,2,3.29
P-000012,2025-06-01,6,182.1,11.1,2,3,93.8,18.5,2,1.02
P-000012,2025-07-01,7,172.6,4.7,2,5,97.8,15.9,2,1.08
P-000012,2025-08-01,8,172.4,4.5,2,4,90.6,17.5,1,1.0
P-000012,2025-09-01,9,180.3,7.6,0,5,95.5,17.2,1,1.23
P-000012,2025-10-01,10,181.4,8.0,0,5,90.5,27.8,3,1.55
P-000012,2025-11-01,11,174.9,4.3,0,4,97.2,15.2,2,1.73
P-000012,2025-12-01,12,177.2,1.9,1,4,98.0,14.1,2,1.11
P-000013,2025-01-01,1,170.8,6.8,0,3,97.0,14.6,2,1.41
P-000013,2025-02-01,2,179.9,7.1,4,3,96.5,29.0,1,1.35
P-000013,2025-03-01,3,164.6,4.4,1,4,99.1,10.2,1,1.44
P-000013,2025-04-01,4,177.3,0.0,2,4,89.4,18.6,2,1.33
P-000013,2025-05-01,5,174.3,4.6,0,7,96.8,21.1,1,1.46
P-000013,2025-06-01,6,181.6,6.3,1,5,97.1,21.7,1,1.0
P-000013,2025-07-01,7,181.7,8.5,1,4,93.0,21.8,2,1.0
P-000013,2025-08-01,8,183.3,3.2,3,4,92.1,30.6,2,1.73
P-000013,2025-09-01,9,170.9,5.7,2,5,91.2,21.1,1,1.88
P-000013,2025-10-01,10,182.7,8.5,3,6,93.3,27.7,1,1.28
P-000013,2025-11-01,11,179.6,3.9,2,4,91.3,19.5,2,1.39
P-000013,2025-12-01,12,175.8,4.2,0,5,87.5,18.1,2,1.65
P-000014,2025-01-01,1,186.2,5.8,5,5,92.6,26.5,2,1.42
P-000014,2025-02-01,2,177.1,9.6,3,4,91.1,21.1,2,1.6
P-000014,2025-03-01,3,179.4,7.4,2,5,83.0,23.0,2,1.45
P-000014,2025-04-01,4,225.0,41.9,7,8,58.0,74.9,3,4.01
P-000014,2025-05-01,5,228.4,27.3,7,8,60.6,70.3,3,3.97
P-000014,2025-06-01,6,169.3,5.1,1,4,93.9,15.6,2,1.48
P-000014,2025-07-01,7,173.9,6.6,3,4,100.2,20.3,2,1.0
P-000014,2025-08-01,8,168.6,7.8,1,6,91.9,18.1,2,1.04
P-000014,2025-09-01,9,177.3,5.8,3,3,96.6,30.6,1,1.92
P-000014,2025-10-01,10,171.4,1.3,3,5,94.0,20.5,2,1.48
P-000014,2025-11-01,11,168.1,10.4,0,5,93.3,18.3,2,1.32
P-000014,2025-12-01,12,176.2,11.5,3,6,90.6,25.4,2,1.28
P-000015,2025-01-01,1,169.8,5.8,3,6,90.7,21.2,3,1.19
P-000015,2025-02-01,2,168.6,4.5,1,5,90.2,17.5,3,1.57
P-000015,2025-03-01,3,182.6,6.5,2,5,94.3,25.5,3,1.53
P-000015,2025-04-01,4,229.2,47.8,1,10,52.4,74.6,3,3.5
P-000015,2025-05-01,5,245.3,45.6,5,12,59.8,85.7,5,4.12
P-000015,2025-06-01,6,229.2,41.8,5,12,60.9,76.2,4,3.84
P-000015,2025-07-01,7,237.5,36.7,3,15,56.3,69.9,5,4.13
P-000015,2025-08-01,8,240.3,41.8,6,13,56.6,83.8,4,4.56
P-000015,2025-09-01,9,173.6,0.8,1,6,90.1,19.4,4,1.65
P-000015,2025-10-01,10,183.8,6.7,0,5,95.1,17.9,4,1.51
P-000015,2025-11-01,11,168.3,1.1,0,5,94.2,16.1,5,1.62
P-000015,2025-12-01,12,177.6,6.5,2,6,98.5,23.4,4,1.69
P-000016,2025-01-01,1,174.5,5.7,2,5,93.7,21.5,1,1.0
P-000016,2025-02-01,2,239.3,36.1,3,12,67.4,77.3,4,4.3
P-000016,2025-03-01,3,229.5,54.7,5,10,48.0,85.5,4,4.46
P-000016,2025-04-01,4,241.4,52.7,8,9,56.6,88.0,4,4.68
P-000016,2025-05-01,5,236.8,41.1,5,9,61.2,82.8,4,4.56
P-000016,2025-06-01,6,175.2,7.6,4,4,90.8,22.2,1,1.4
P-000016,2025-07-01,7,180.9,5.7,2,4,91.1,24.6,1,1.32
P-000016,2025-08-01,8,162.6,8.6,0,6,87.2,13.1,1,1.54
P-000016,2025-09-01,9,179.1,5.7,1,4,90.4,17.7,1,1.26
P-000016,2025-10-01,10,178.1,2.4,1,3,96.4,16.2,1,1.0
P-000016,2025-11-01,11,172.9,2.9,4,3,94.8,18.7,1,1.57
P-000016,2025-12-01,12,174.8,8.1,4,5,93.9,29.1,1,1.0
P-000017,2025-01-01,1,178.5,14.1,2,5,94.1,23.4,3,1.18
P-000017,2025-02-01,2,172.3,4.5,2,4,92.6,16.3,3,1.0
P-000017,2025-03-01,3,168.0,11.0,2,5,86.7,19.7,3,1.59
P-000017,2025-04-01,4,233.1,42.3,3,6,53.2,78.8,3,4.21
P-000017,2025-05-01,5,235.2,32.0,7,12,71.1,75.3,3,3.63
P-000017,2025-06-01,6,228.8,30.4,6,10,65.7,71.1,3,3.76
P-000017,2025-07-01,7,234.0,39.9,1,8,53.1,70.0,3,3.73
P-000017,2025-08-01,8,230.4,32.4,6,9,61.7,71.7,3,3.66
P-000017,2025-09-01,9,180.9,3.0,2,5,92.7,16.1,4,1.43
P-000017,2025-10-01,10,171.0,4.5,3,4,96.7,16.4,5,1.5
P-000017,2025-11-01,11,169.1,13.6,1,4,92.3,19.6,3,1.18
P-000017,2025-12-01,12,176.6,8.3,3,5,92.3,22.0,5,1.34
P-000018,2025-01-01,1,177.3,3.5,0,6,93.5,17.9,3,1.58
P-000018,2025-02-01,2,174.2,9.8,1,3,90.2,21.8,2,1.47
P-000018,2025-03-01,3,168.1,0.0,0,4,95.5,11.6,3,1.0
P-000018,2025-04-01,4,180.0,8.0,1,5,86.6,26.6,1,1.99
P-000018,2025-05-01,5,167.9,18.2,1,4,89.5,20.0,3,1.42
P-000018,2025-06-01,6,179.6,13.2,1,3,88.7,28.0,2,1.76
P-000018,2025-07-01,7,179.6,8.5,2,5,89.7,23.0,1,1.51
P-000018,2025-08-01,8,176.3,7.3,3,6,90.7,28.3,1,1.28
P-000018,2025-09-01,9,165.8,10.0,1,4,94.3,19.2,2,1.0
P-000018,2025-10-01,10,185.0,6.3,0,4,96.2,17.4,1,1.42
P-000018,2025-11-01,11,180.7,9.9,1,5,87.1,27.7,2,1.72
P-000018,2025-12-01,12,185.4,6.2,1,5,84.0,22.9,1,1.39
P-000019,2025-01-01,1,168.2,11.2,0,5,98.1,15.3,2,1.53
P-000019,2025-02-01,2,180.6,4.6,2,5,98.4,21.3,2,1.58
P-000019,2025-03-01,3,182.3,7.5,2,3,91.9,17.8,2,1.05
P-000019,2025-04-01,4,179.6,0.5,3,6,102.1,21.6,2,1.89
P-000019,2025-05-01,5,175.6,8.7,0,5,94.9,18.2,2,1.55
P-000019,2025-06-01,6,236.3,52.7,3,13,50.6,84.3,4,4.25
P-000019,2025-07-01,7,233.4,28.9,5,11,63.2,76.0,4,4.02
P-000019,2025-08-01,8,179.1,5.4,2,5,94.8,20.4,2,1.37
P-000019,2025-09-01,9,179.6,3.8,3,3,92.1,23.5,2,1.09
P-000019,2025-10-01,10,156.9,5.9,1,5,90.9,14.9,2,1.0
P-000019,2025-11-01,11,172.7,4.6,1,6,95.8,22.6,2,1.16
P-000019,2025-12-01,12,175.5,7.3,2,4,94.5,24.0,2,1.03
P-000020,2025-01-01,1,172.1,1.0,3,5,95.3,16.8,5,1.0
P-000020,2025-02-01,2,171.9,0.0,2,5,102.7,18.6,5,1.47
P-000020,2025-03-01,3,179.5,6.1,2,4,92.5,22.2,5,1.35
P-000020,2025-04-01,4,228.7,44.1,4,9,66.9,74.6,4,3.86
P-000020,2025-05-01,5,254.2,56.6,8,10,53.4,96.5,5,4.61
P-000020,2025-06-01,6,245.5,49.8,7,11,56.5,97.0,5,4.03
P-000020,2025-07-01,7,253.7,39.5,8,15,59.2,90.1,5,4.6
P-000020,2025-08-01,8,247.4,47.4,7,11,59.2,90.4,5,5.0
P-000020,2025-09-01,9,253.5,37.6,8,10,63.1,86.7,5,4.18
P-000020,2025-10-01,10,232.7,35.1,6,10,62.5,71.0,4,4.19
P-000020,2025-11-01,11,252.0,32.2,3,13,61.1,77.0,5,4.2
P-000020,2025-12-01,12,185.2,4.9,2,5,94.8,21.9,4,1.65
P-000021,2025-01-01,1,181.5,0.0,3,6,93.9,19.2,4,1.23
P-000021,2025-02-01,2,160.0,13.0,3,4,98.4,18.8,5,1.18
P-000021,2025-03-01,3,163.1,0.0,4,3,97.8,16.3,5,1.47
P-000021,2025-04-01,4,250.9,48.8,4,11,65.6,85.6,5,4.93
P-000021,2025-05-01,5,246.2,47.1,10,16,57.3,98.0,5,5.0
P-000021,2025-06-01,6,242.4,37.2,5,11,62.7,77.5,5,4.4
P-000021,2025-07-01,7,245.9,40.8,12,11,47.2,92.8,5,4.23
P-000021,2025-08-01,8,252.9,35.3,5,10,51.1,83.9,5,4.98
P-000021,2025-09-01,9,233.1,46.1,14,10,52.6,96.1,4,3.47
P-000021,2025-10-01,10,247.5,41.8,3,12,62.0,79.7,4,4.49
P-000021,2025-11-01,11,245.1,41.7,9,13,56.3,95.0,5,4.25
P-000021,2025-12-01,12,174.3,6.7,3,5,91.5,18.4,4,1.27
P-000022,2025-01-01,1,174.7,2.0,4,5,97.2,20.8,1,1.42
P-000022,2025-02-01,2,251.9,31.3,10,11,65.2,86.9,4,4.16
P-000022,2025-03-01,3,234.5,37.6,11,11,64.0,87.8,4,4.45
P-000022,2025-04-01,4,241.9,43.7,4,10,57.5,81.3,4,4.26
P-000022,2025-05-01,5,240.1,45.5,7,10,56.0,83.8,4,3.76
P-000022,2025-06-01,6,174.0,3.1,3,4,93.4,20.6,1,1.57
P-000022,2025-07-01,7,171.7,11.6,1,6,89.7,19.6,1,1.0
P-000022,2025-08-01,8,183.7,10.1,2,4,89.1,25.8,1,1.71
P-000022,2025-09-01,9,172.2,6.0,1,6,95.5,19.0,1,1.6
P-000022,2025-10-01,10,180.2,11.3,3,5,96.9,24.4,1,1.46
P-000022,2025-11-01,11,166.5,4.9,1,4,89.0,16.5,1,1.73
P-000022,2025-12-01,12,175.6,7.3,3,5,84.6,22.0,1,1.42
P-000023,2025-01-01,1,175.4,12.6,0,4,91.7,17.9,1,1.49
P-000023,2025-02-01,2,167.2,9.0,2,7,86.6,24.0,2,1.43
P-000023,2025-03-01,3,168.3,0.0,0,4,98.4,11.3,1,1.66
P-000023,2025-04-01,4,177.2,0.6,2,5,95.7,20.4,2,1.42
P-000023,2025-05-01,5,181.4,5.7,1,5,90.6,22.5,1,1.95
P-000023,2025-06-01,6,166.3,5.2,0,5,90.6,17.4,1,1.68
P-000023,2025-07-01,7,179.2,6.2,0,5,96.5,15.3,2,1.06
P-000023,2025-08-01,8,175.4,14.1,1,5,96.1,18.3,1,1.78
P-000023,2025-09-01,9,173.3,0.0,2,4,102.1,16.8,2,1.42
P-000023,2025-10-01,10,181.7,8.3,1,6,88.5,14.2,1,1.0
P-000023,2025-11-01,11,172.3,3.3,3,3,92.0,18.2,2,1.0
P-000023,2025-12-01,12,180.3,5.3,1,5,91.4,21.0,2,1.18
P-000024,2025-01-01,1,182.8,8.8,3,4,97.8,26.7,3,1.07
P-000024,2025-02-01,2,182.0,11.2,2,3,96.2,24.5,1,1.79
P-000024,2025-03-01,3,182.0,3.8,1,5,92.8,16.8,2,1.0
P-000024,2025-04-01,4,169.1,3.3,4,4,99.2,18.5,1,1.01
P-000024,2025-05-01,5,240.8,42.8,7,4,59.2,73.9,3,3.02
P-000024,2025-06-01,6,176.8,3.3,2,5,88.7,20.0,2,1.41
P-000024,2025-07-01,7,183.6,5.3,4,5,95.3,26.1,2,1.47
P-000024,2025-08-01,8,178.3,11.2,1,4,89.0,25.3,2,1.72
P-000024,2025-09-01,9,165.2,2.7,4,6,88.9,19.2,2,1.0
P-000024,2025-10-01,10,188.4,5.4,1,4,94.2,22.0,1,1.06
P-000024,2025-11-01,11,173.1,7.2,3,5,98.3,24.7,1,1.78
P-000024,2025-12-01,12,172.0,5.1,2,5,90.5,23.9,2,1.51
P-000025,2025-01-01,1,169.4,4.6,2,5,94.7,17.9,5,1.0
P-000025,2025-02-01,2,176.5,6.4,0,5,96.2,18.2,4,1.71
P-000025,2025-03-01,3,246.3,46.3,9,11,56.0,94.6,5,4.58
P-000025,2025-04-01,4,245.4,49.8,5,9,55.3,85.5,4,3.79
P-000025,2025-05-01,5,230.7,42.7,5,8,63.6,72.0,4,4.18
P-000025,2025-06-01,6,238.6,39.3,4,9,58.5,82.4,5,4.96
P-000025,2025-07-01,7,231.4,43.3,6,12,58.6,85.9,4,4.0
P-000025,2025-08-01,8,239.5,34.6,13,12,65.1,87.8,5,4.29
P-000025,2025-09-01,9,243.6,56.0,6,12,49.3,91.3,5,3.29
P-000025,2025-10-01,10,167.9,7.6,3,5,99.2,15.5,4,1.56
P-000025,2025-11-01,11,171.5,2.3,2,5,94.0,20.6,4,1.96
P-000025,2025-12-01,12,184.2,0.2,1,4,100.1,17.5,4,1.14
P-000026,2025-01-01,1,173.0,5.8,3,3,85.6,22.7,4,1.72
P-000026,2025-02-01,2,174.9,5.2,1,4,91.8,17.3,4,1.25
P-000026,2025-03-01,3,184.2,9.2,1,5,91.8,23.3,5,1.0
P-000026,2025-04-01,4,251.8,41.2,3,13,58.0,80.1,5,3.35
P-000026,2025-05-01,5,252.1,42.7,5,12,66.7,86.6,5,4.69
P-000026,2025-06-01,6,245.6,38.6,5,14,60.8,83.8,5,4.38
P-000026,2025-07-01,7,241.2,45.4,7,11,48.5,89.2,4,4.35
P-000026,2025-08-01,8,227.4,40.0,7,11,57.8,75.8,4,4.22
P-000026,2025-09-01,9,177.6,3.1,1,3,91.3,14.3,5,1.43
P-000026,2025-10-01,10,177.5,1.4,4,4,90.5,19.0,5,1.0
P-000026,2025-11-01,11,162.5,6.1,2,3,95.1,16.2,3,1.27
P-000026,2025-12-01,12,169.5,12.0,1,4,91.0,18.0,4,1.03
P-000027,2025-01-01,1,165.8,10.5,1,5,88.6,16.1,4,1.22
P-000027,2025-02-01,2,182.2,8.4,1,3,88.8,17.1,4,1.36
P-000027,2025-03-01,3,175.8,3.1,1,3,91.1,17.8,5,1.15
P-000027,2025-04-01,4,237.3,32.2,4,10,54.0,73.3,4,3.7
P-000027,2025-05-01,5,237.3,40.3,7,11,60.9,83.4,4,3.94
P-000027,2025-06-01,6,249.6,58.0,11,8,49.6,98.0,5,4.23
P-000027,2025-07-01,7,236.7,37.1,7,11,57.7,81.3,5,3.89
P-000027,2025-08-01,8,227.4,42.8,3,10,61.5,79.7,4,5.0
P-000027,2025-09-01,9,254.7,39.9,8,15,57.9,94.7,5,5.0
P-000027,2025-10-01,10,236.8,39.5,2,8,54.0,70.6,4,3.63
P-000027,2025-11-01,11,236.4,44.7,6,13,63.2,82.2,4,3.82
P-000027,2025-12-01,12,180.7,4.8,2,3,88.1,24.5,4,1.44
P-000028,2025-01-01,1,172.9,8.8,0,4,88.9,19.2,2,1.33
P-000028,2025-02-01,2,179.5,10.7,1,6,88.7,20.1,2,1.43
P-000028,2025-03-01,3,167.1,3.0,1,4,99.0,10.0,2,1.69
P-000028,2025-04-01,4,170.7,4.7,5,6,96.1,26.2,2,1.82
P-000028,2025-05-01,5,175.3,6.4,1,5,91.5,21.5,2,1.51
P-000028,2025-06-01,6,244.2,33.5,2,9,58.5,68.6,4,3.73
P-000028,2025-07-01,7,239.0,37.5,6,7,54.7,76.7,4,3.76
P-000028,2025-08-01,8,174.8,1.4,3,6,91.6,19.0,2,1.46
P-000028,2025-09-01,9,183.6,0.0,0,5,94.7,15.3,2,1.25
P-000028,2025-10-01,10,175.6,4.1,1,3,91.4,16.7,2,1.14
P-000028,2025-11-01,11,185.6,6.8,2,3,96.3,20.5,2,1.77
P-000028,2025-12-01,12,182.2,8.4,0,5,93.8,19.4,2,1.09
P-000029,2025-01-01,1,172.9,5.1,1,5,88.4,19.7,2,1.28
P-000029,2025-02-01,2,177.9,3.6,1,5,95.1,20.1,2,1.2
P-000029,2025-03-01,3,176.2,5.0,3,4,94.9,20.9,2,1.43
P-000029,2025-04-01,4,212.7,36.6,3,9,58.3,62.4,2,3.9
P-000029,2025-05-01,5,174.0,1.5,3,4,99.7,17.9,1,1.39
P-000029,2025-06-01,6,172.9,7.4,3,6,92.2,22.5,2,1.46
P-000029,2025-07-01,7,174.3,2.0,1,5,96.9,15.6,1,1.0
P-000029,2025-08-01,8,182.1,11.5,1,4,86.2,28.9,1,1.34
P-000029,2025-09-01,9,176.4,0.1,2,3,101.4,20.7,2,1.31
P-000029,2025-10-01,10,169.2,2.6,3,6,96.6,15.9,1,1.75
P-000029,2025-11-01,11,179.9,4.1,3,4,93.5,18.7,1,1.0
P-000029,2025-12-01,12,182.1,1.0,4,5,98.7,25.3,1,1.56
P-000030,2025-01-01,1,164.4,9.1,4,4,96.4,17.2,3,1.26
P-000030,2025-02-01,2,167.7,6.7,1,3,92.8,15.1,5,1.39
P-000030,2025-03-01,3,182.2,10.5,3,5,90.3,30.7,3,1.65
P-000030,2025-04-01,4,245.9,36.2,7,6,61.0,78.2,4,3.99
P-000030,2025-05-01,5,238.5,38.8,3,5,65.9,69.5,4,4.54
P-000030,2025-06-01,6,232.6,37.9,7,13,62.8,75.5,3,3.97
P-000030,2025-07-01,7,242.2,38.4,9,7,60.1,83.4,4,3.91
P-000030,2025-08-01,8,229.8,29.6,5,6,58.8,70.6,3,3.7
P-000030,2025-09-01,9,174.4,11.5,2,5,95.9,31.1,4,1.8
P-000030,2025-10-01,10,176.2,5.4,4,5,93.5,20.9,4,1.39
P-000030,2025-11-01,11,174.9,2.2,1,4,94.3,20.5,3,1.14
P-000030,2025-12-01,12,176.4,4.3,0,3,89.6,16.9,4,1.56
P-000031,2025-01-01,1,178.7,0.6,1,3,85.0,17.4,4,1.53
P-000031,2025-02-01,2,179.5,0.7,4,5,103.3,22.7,4,1.4
P-000031,2025-03-01,3,235.6,46.7,9,12,50.7,86.8,4,4.8
P-000031,2025-04-01,4,247.6,36.6,5,12,58.5,80.6,4,4.1
P-000031,2025-05-01,5,244.2,42.7,10,11,55.8,95.9,5,4.56
P-000031,2025-06-01,6,233.0,46.6,6,13,53.7,83.8,4,3.93
P-000031,2025-07-01,7,242.8,35.1,7,11,62.4,81.4,5,4.53
P-000031,2025-08-01,8,236.8,37.1,5,13,54.6,79.8,4,4.46
P-000031,2025-09-01,9,246.7,44.1,3,5,57.2,76.7,4,4.46
P-000031,2025-10-01,10,173.0,4.2,3,3,94.3,18.5,4,1.0
P-000031,2025-11-01,11,185.6,7.6,2,5,89.1,31.6,4,1.24
P-000031,2025-12-01,12,162.6,4.3,1,4,99.6,11.4,3,1.0
P-000032,2025-01-01,1,186.2,0.0,2,5,96.0,17.4,4,1.26
P-000032,2025-02-01,2,179.6,2.3,2,4,94.3,17.1,5,1.47
P-000032,2025-03-01,3,180.2,2.1,1,3,96.4,20.5,3,1.0
P-000032,2025-04-01,4,238.8,44.1,5,6,58.6,77.1,3,3.61
P-000032,2025-05-01,5,227.9,38.9,4,9,56.7,69.8,4,3.7
P-000032,2025-06-01,6,226.3,30.6,4,10,72.5,62.8,3,3.87
P-000032,2025-07-01,7,222.9,32.9,3,8,56.1,60.3,3,3.79
P-000032,2025-08-01,8,244.5,24.8,7,13,62.5,78.7,4,3.85
P-000032,2025-09-01,9,173.5,8.4,5,5,92.0,28.7,3,1.5
P-000032,2025-10-01,10,184.6,9.0,1,5,86.2,25.8,4,1.09
P-000032,2025-11-01,11,179.0,3.3,4,4,84.8,18.9,3,1.04
P-000032,2025-12-01,12,182.4,0.0,1,5,99.3,17.1,3,1.02
P-000033,2025-01-01,1,176.3,7.1,3,4,82.4,23.3,4,1.09
P-000033,2025-02-01,2,189.3,5.1,1,3,97.8,16.9,4,1.47
P-000033,2025-03-01,3,236.0,26.0,6,8,63.4,76.2,4,4.51
P-000033,2025-04-01,4,234.3,50.9,6,11,51.8,85.4,5,4.58
P-000033,2025-05-01,5,233.2,54.0,8,12,51.4,92.1,4,4.27
P-000033,2025-06-01,6,249.1,30.8,5,12,63.7,80.4,5,4.04
P-000033,2025-07-01,7,231.2,43.6,8,8,43.3,78.6,3,3.32
P-000033,2025-08-01,8,241.7,34.9,6,6,54.6,80.4,4,3.67
P-000033,2025-09-01,9,236.0,41.2,10,14,57.9,83.4,4,4.24
P-000033,2025-10-01,10,176.3,6.0,0,3,95.9,14.8,4,1.48
P-000033,2025-11-01,11,179.1,8.0,2,3,82.9,25.2,5,1.59
P-000033,2025-12-01,12,173.2,1.5,3,4,92.4,19.8,4,1.49
P-000034,2025-01-01,1,170.3,8.0,2,4,97.5,20.0,3,1.06
P-000034,2025-02-01,2,181.3,4.8,2,5,94.3,20.3,4,1.64
P-000034,2025-03-01,3,189.0,7.7,0,6,86.2,22.0,3,1.41
P-000034,2025-04-01,4,232.6,50.1,6,11,52.6,82.0,4,4.48
P-000034,2025-05-01,5,224.8,43.3,2,9,53.6,67.3,3,3.27
P-000034,2025-06-01,6,232.7,40.8,5,11,66.3,72.8,4,3.86
P-000034,2025-07-01,7,233.9,37.4,7,12,61.5,79.8,3,4.11
P-000034,2025-08-01,8,246.7,36.3,5,10,55.3,83.3,4,4.39
P-000034,2025-09-01,9,172.2,2.8,2,4,90.3,20.6,3,1.76
P-000034,2025-10-01,10,183.0,4.1,2,3,98.0,20.6,3,1.35
P-000034,2025-11-01,11,175.4,10.0,2,4,93.0,21.5,4,1.9
P-000034,2025-12-01,12,185.5,5.1,3,7,96.4,27.5,4,1.55
P-000035,2025-01-01,1,177.8,2.8,1,4,87.2,16.3,1,1.23
P-000035,2025-02-01,2,166.0,13.5,1,4,89.1,22.5,1,1.26
P-000035,2025-03-01,3,182.0,6.6,0,6,90.9,20.8,3,1.46
P-000035,2025-04-01,4,235.3,33.4,3,10,63.0,67.4,2,2.78
P-000035,2025-05-01,5,213.2,46.3,4,6,60.3,63.1,1,2.61
P-000035,2025-06-01,6,179.2,8.1,0,4,91.9,19.8,1,1.67
P-000035,2025-07-01,7,177.0,9.9,2,3,88.5,24.1,1,1.34
P-000035,2025-08-01,8,172.8,12.7,2,5,94.6,23.2,2,1.98
P-000035,2025-09-01,9,179.5,3.7,1,5,91.9,21.1,2,1.72
P-000035,2025-10-01,10,163.1,19.5,3,4,88.5,18.4,2,1.17
P-000035,2025-11-01,11,177.4,6.9,1,3,104.2,15.7,2,1.54
P-000035,2025-12-01,12,174.9,7.3,5,3,96.8,21.4,2,1.03
P-000036,2025-01-01,1,173.2,11.1,2,4,90.6,21.5,3,1.88
P-000036,2025-02-01,2,174.5,0.1,4,5,96.2,19.6,5,1.0
P-000036,2025-03-01,3,239.1,15.9,7,11,75.3,64.0,3,3.91
P-000036,2025-04-01,4,241.3,53.5,7,14,51.8,92.0,4,3.78
P-000036,2025-05-01,5,232.1,27.2,3,12,67.1,65.7,3,3.41
P-000036,2025-06-01,6,225.1,43.4,8,9,57.0,77.7,4,4.4
P-000036,2025-07-01,7,242.7,53.3,5,9,58.7,83.3,4,4.18
P-000036,2025-08-01,8,242.0,41.7,8,10,54.8,84.9,4,4.11
P-000036,2025-09-01,9,240.8,29.6,5,10,67.0,64.6,4,3.28
P-000036,2025-10-01,10,182.5,12.0,0,4,89.1,21.5,5,1.36
P-000036,2025-11-01,11,172.2,0.9,1,6,94.0,16.0,4,1.17
P-000036,2025-12-01,12,171.3,7.9,0,5,93.7,15.6,4,1.29
P-000037,2025-01-01,1,183.2,9.4,2,5,95.3,26.1,1,1.44
P-000037,2025-02-01,2,230.9,47.8,5,11,51.3,80.0,4,4.41
P-000037,2025-03-01,3,236.2,42.7,3,9,57.5,77.5,4,3.85
P-000037,2025-04-01,4,244.1,41.9,7,11,63.5,84.9,4,4.08
P-000037,2025-05-01,5,237.1,34.2,11,9,60.2,82.1,4,4.29
P-000037,2025-06-01,6,173.4,9.2,2,5,91.3,19.5,1,1.64
P-000037,2025-07-01,7,173.5,8.4,2,7,91.8,22.2,1,1.57
P-000037,2025-08-01,8,179.6,6.9,5,3,92.0,26.9,1,1.16
P-000037,2025-09-01,9,172.3,0.0,0,4,88.5,17.5,1,1.02
P-000037,2025-10-01,10,177.5,7.7,2,4,92.2,22.2,1,1.01
P-000037,2025-11-01,11,172.6,5.9,5,5,89.8,26.3,1,1.55
P-000037,2025-12-01,12,179.0,9.4,1,5,85.8,20.2,1,1.3
P-000038,2025-01-01,1,176.6,13.1,5,5,93.8,27.0,1,1.66
P-000038,2025-02-01,2,233.7,25.7,9,10,67.7,77.6,4,4.44
P-000038,2025-03-01,3,231.8,38.6,2,8,56.7,67.0,4,3.7
P-000038,2025-04-01,4,237.2,50.7,6,8,45.7,83.7,4,4.19
P-000038,2025-05-01,5,247.6,41.7,5,13,58.5,88.7,4,4.4
P-000038,2025-06-01,6,160.4,2.1,4,5,99.3,16.1,1,1.5
P-000038,2025-07-01,7,169.0,8.4,2,5,86.2,23.7,1,1.74
P-000038,2025-08-01,8,181.2,0.0,4,6,91.0,24.5,1,1.19
P-000038,2025-09-01,9,178.2,5.3,1,4,92.2,17.1,1,1.32
P-000038,2025-10-01,10,171.1,1.1,1,4,93.9,15.0,1,1.33
P-000038,2025-11-01,11,172.9,4.8,5,4,97.1,26.2,1,1.57
P-000038,2025-12-01,12,179.0,6.8,0,5,92.2,19.0,1,1.0
P-000039,2025-01-01,1,168.3,8.3,5,4,88.3,21.5,5,1.03
P-000039,2025-02-01,2,187.4,2.9,0,5,95.2,24.5,5,1.54
P-000039,2025-03-01,3,182.0,1.9,0,4,101.4,14.2,5,1.33
P-000039,2025-04-01,4,233.0,47.8,12,11,55.7,95.5,5,4.8
P-000039,2025-05-01,5,234.8,40.8,4,11,57.1,76.5,4,3.97
P-000039,2025-06-01,6,237.9,30.9,9,14,59.4,85.4,5,5.0
P-000039,2025-07-01,7,233.0,40.8,1,9,56.8,69.3,4,3.92
P-000039,2025-08-01,8,252.3,47.8,9,10,61.4,91.2,5,3.99
P-000039,2025-09-01,9,245.4,57.0,9,10,55.2,92.5,4,4.17
P-000039,2025-10-01,10,240.6,44.9,3,15,62.7,80.4,5,4.82
P-000039,2025-11-01,11,234.5,44.4,9,12,57.3,90.7,4,3.78
P-000039,2025-12-01,12,183.1,3.8,3,5,98.7,21.3,5,1.64
P-000040,2025-01-01,1,183.7,5.9,4,3,96.6,22.2,1,1.14
P-000040,2025-02-01,2,177.2,9.5,1,4,91.5,30.0,1,2.0
P-000040,2025-03-01,3,183.6,14.8,3,4,98.1,28.6,2,1.61
P-000040,2025-04-01,4,164.1,7.7,3,4,85.4,19.9,2,1.76
P-000040,2025-05-01,5,176.9,4.5,2,5,94.8,19.7,2,1.44
P-000040,2025-06-01,6,164.7,8.5,3,5,96.6,19.9,2,1.2
P-000040,2025-07-01,7,183.6,7.3,3,5,90.0,26.6,2,1.0
P-000040,2025-08-01,8,178.6,4.2,0,4,87.9,16.1,1,1.61
P-000040,2025-09-01,9,175.3,4.7,4,3,94.4,14.5,1,1.32
P-000040,2025-10-01,10,182.5,0.0,1,4,91.6,16.5,1,1.26
P-000040,2025-11-01,11,175.8,5.4,4,5,91.2,20.3,1,1.01
P-000040,2025-12-01,12,169.9,1.9,0,3,97.1,16.3,2,1.47
P-000041,2025-01-01,1,172.5,11.1,3,6,89.9,22.9,1,1.87
P-000041,2025-02-01,2,177.0,4.4,1,5,96.8,15.8,1,1.12
P-000041,2025-03-01,3,170.7,6.4,0,4,86.5,14.3,2,1.18
P-000041,2025-04-01,4,217.0,26.7,4,5,71.5,59.0,2,3.3
P-000041,2025-05-01,5,216.5,38.9,4,8,57.8,68.2,2,3.07
P-000041,2025-06-01,6,175.9,2.9,1,5,95.0,14.6,2,1.25
P-000041,2025-07-01,7,177.4,7.3,3,5,89.3,22.4,1,1.32
P-000041,2025-08-01,8,173.2,11.8,5,5,93.0,25.8,2,1.47
P-000041,2025-09-01,9,174.6,8.1,1,3,90.2,17.5,1,1.67
P-000041,2025-10-01,10,180.8,9.2,1,4,92.6,17.9,2,1.3
P-000041,2025-11-01,11,184.4,15.9,2,4,93.5,26.0,3,1.66
P-000041,2025-12-01,12,171.4,1.4,2,4,98.4,14.7,2,1.6
P-000042,2025-01-01,1,171.2,7.6,3,4,86.9,25.3,1,1.72
P-000042,2025-02-01,2,246.8,34.8,7,11,54.2,84.3,4,4.18
P-000042,2025-03-01,3,233.3,45.2,6,9,59.3,83.5,4,4.04
P-000042,2025-04-01,4,243.1,43.9,7,15,58.2,87.1,4,3.7
P-000042,2025-05-01,5,237.7,32.1,7,15,63.4,86.9,4,4.63
P-000042,2025-06-01,6,180.5,2.0,1,6,96.4,20.7,1,1.47
P-000042,2025-07-01,7,177.8,9.9,2,3,93.4,20.4,1,1.61
P-000042,2025-08-01,8,180.3,12.3,1,6,92.7,25.0,1,1.39
P-000042,2025-09-01,9,189.6,2.2,1,5,98.0,20.7,1,1.63
P-000042,2025-10-01,10,170.3,7.3,3,5,95.3,23.3,1,1.84
P-000042,2025-11-01,11,176.8,5.3,1,4,93.5,14.8,1,1.18
P-000042,2025-12-01,12,184.3,6.1,1,5,96.2,21.8,1,1.22
P-000043,2025-01-01,1,176.9,6.9,4,5,92.4,21.0,1,1.18
P-000043,2025-02-01,2,247.6,35.4,7,9,63.7,76.1,4,3.07
P-000043,2025-03-01,3,245.0,35.8,13,13,44.8,96.3,4,3.52
P-000043,2025-04-01,4,241.6,44.3,7,13,56.2,89.5,4,4.13
P-000043,2025-05-01,5,244.4,30.2,10,9,65.2,87.0,4,3.89
P-000043,2025-06-01,6,172.3,0.0,2,4,101.4,13.9,1,1.7
P-000043,2025-07-01,7,183.0,7.8,1,5,95.0,20.1,1,1.32
P-000043,2025-08-01,8,180.4,5.7,1,3,93.3,18.9,1,1.58
P-000043,2025-09-01,9,181.1,2.0,2,5,87.4,17.5,1,1.08
P-000043,2025-10-01,10,183.8,2.9,3,4,92.1,20.7,1,1.47
P-000043,2025-11-01,11,175.9,4.0,1,5,94.0,18.8,1,1.51
P-000043,2025-12-01,12,170.9,9.2,4,3,92.2,28.5,1,1.65
P-000044,2025-01-01,1,182.6,3.8,0,3,95.3,17.9,1,1.04
P-000044,2025-02-01,2,167.2,11.1,0,6,89.7,12.7,3,1.0
P-000044,2025-03-01,3,172.6,1.6,1,6,93.8,17.0,1,1.57
P-000044,2025-04-01,4,179.5,10.6,2,6,88.9,28.1,1,1.25
P-000044,2025-05-01,5,177.7,4.4,3,6,87.7,28.9,3,1.53
P-000044,2025-06-01,6,179.8,11.1,0,4,97.0,18.6,1,1.01
P-000044,2025-07-01,7,175.0,7.4,2,3,93.9,23.9,1,1.5
P-000044,2025-08-01,8,178.6,6.5,0,5,94.5,16.8,2,1.15
P-000044,2025-09-01,9,180.1,3.2,2,5,98.5,11.2,2,1.14
P-000044,2025-10-01,10,186.4,6.4,3,4,98.4,28.2,1,1.26
P-000044,2025-11-01,11,176.4,10.8,1,5,92.3,21.9,2,1.47
P-000044,2025-12-01,12,183.4,6.0,2,4,85.0,22.7,2,1.29
P-000045,2025-01-01,1,179.7,4.9,1,5,97.5,23.5,1,1.28
P-000045,2025-02-01,2,179.3,4.7,3,3,85.7,18.2,2,1.13
P-000045,2025-03-01,3,174.5,12.7,0,4,88.0,21.0,2,1.39
P-000045,2025-04-01,4,226.4,34.9,3,7,58.1,61.3,2,3.08
P-000045,2025-05-01,5,174.2,10.3,4,4,92.0,27.2,2,2.09
P-000045,2025-06-01,6,172.9,3.1,2,3,96.8,17.5,3,1.47
P-000045,2025-07-01,7,164.1,15.5,1,5,83.7,21.2,1,1.52
P-000045,2025-08-01,8,175.4,8.4,2,3,86.9,19.9,2,1.0
P-000045,2025-09-01,9,184.6,8.8,3,5,98.9,27.2,1,1.85
P-000045,2025-10-01,10,168.2,1.7,2,4,98.6,17.7,2,1.85
P-000045,2025-11-01,11,175.0,9.8,0,4,97.0,21.9,1,1.24
P-000045,2025-12-01,12,167.4,10.0,1,5,93.0,16.4,2,1.0
P-000046,2025-01-01,1,171.9,3.3,2,5,90.4,15.8,3,1.4
P-000046,2025-02-01,2,176.9,2.2,2,5,94.8,23.0,1,1.5
P-000046,2025-03-01,3,182.2,3.4,1,5,93.0,21.2,2,1.6
P-000046,2025-04-01,4,175.5,7.3,1,6,90.5,20.7,2,1.31
P-000046,2025-05-01,5,210.6,32.5,2,9,57.3,54.6,1,2.75
P-000046,2025-06-01,6,186.4,9.3,1,3,86.6,25.3,2,1.58
P-000046,2025-07-01,7,180.8,8.6,1,4,93.3,16.1,2,1.0
P-000046,2025-08-01,8,175.9,6.6,1,3,93.8,17.6,2,1.87
P-000046,2025-09-01,9,179.9,8.4,1,4,92.7,22.2,1,1.44
P-000046,2025-10-01,10,172.3,6.3,0,5,97.7,18.9,1,1.45
P-000046,2025-11-01,11,178.5,7.3,4,6,92.0,29.6,2,1.25
P-000046,2025-12-01,12,179.2,2.3,0,4,96.3,12.1,1,1.28
P-000047,2025-01-01,1,183.1,8.5,2,6,88.7,24.4,2,1.25
P-000047,2025-02-01,2,173.8,4.7,3,6,97.0,24.4,2,1.28
P-000047,2025-03-01,3,185.3,5.4,2,3,94.6,18.9,2,1.49
P-000047,2025-04-01,4,209.1,20.3,5,11,65.5,56.0,1,3.31
P-000047,2025-05-01,5,217.7,29.5,2,12,67.4,62.7,2,3.19
P-000047,2025-06-01,6,174.4,7.5,2,5,100.3,21.8,2,1.04
P-000047,2025-07-01,7,192.8,10.2,3,4,93.9,29.4,2,1.57
P-000047,2025-08-01,8,183.4,3.6,5,6,91.9,26.3,1,1.39
P-000047,2025-09-01,9,169.9,10.7,3,4,94.0,24.4,3,1.06
P-000047,2025-10-01,10,190.1,9.0,3,4,90.2,31.0,1,1.98
P-000047,2025-11-01,11,174.8,1.7,5,5,90.2,26.3,2,1.0
P-000047,2025-12-01,12,171.4,4.9,3,4,89.2,23.2,2,1.02
P-000048,2025-01-01,1,176.9,5.7,4,6,96.2,25.6,2,1.92
P-000048,2025-02-01,2,164.1,2.3,1,5,92.5,13.1,2,1.0
P-000048,2025-03-01,3,168.9,7.8,1,5,88.7,24.5,1,1.53
P-000048,2025-04-01,4,214.6,22.0,1,8,63.9,52.8,1,2.78
P-000048,2025-05-01,5,174.4,3.3,2,6,91.5,17.1,1,1.02
P-000048,2025-06-01,6,165.6,0.0,5,3,88.6,21.2,1,1.18
P-000048,2025-07-01,7,182.5,8.6,2,5,88.9,20.2,1,1.61
P-000048,2025-08-01,8,171.6,15.8,2,6,87.6,31.0,2,1.58
P-000048,2025-09-01,9,160.2,3.2,3,4,96.0,18.7,1,2.05
P-000048,2025-10-01,10,176.0,1.4,4,5,93.4,21.1,1,1.13
P-000048,2025-11-01,11,170.3,3.3,3,5,96.3,23.5,1,1.88
P-000048,2025-12-01,12,186.7,4.4,0,5,97.2,20.7,2,1.65
P-000049,2025-01-01,1,175.9,4.2,3,3,95.6,22.0,4,1.0
P-000049,2025-02-01,2,177.5,7.6,3,4,86.0,29.2,4,1.35
P-000049,2025-03-01,3,174.4,7.2,2,7,91.0,26.7,4,1.48
P-000049,2025-04-01,4,263.1,40.1,5,10,60.1,88.1,5,4.3
P-000049,2025-05-01,5,247.8,43.7,10,11,61.0,93.3,5,4.28
P-000049,2025-06-01,6,252.7,44.5,2,9,50.1,84.1,5,4.41
P-000049,2025-07-01,7,235.3,48.0,6,15,52.2,80.8,4,4.03
P-000049,2025-08-01,8,244.9,33.1,9,14,58.3,86.5,5,4.8
P-000049,2025-09-01,9,252.1,57.4,12,9,49.9,98.0,5,4.33
P-000049,2025-10-01,10,244.2,35.3,8,9,62.8,82.0,5,4.06
P-000049,2025-11-01,11,247.8,37.0,7,12,58.9,92.7,5,4.91
P-000049,2025-12-01,12,169.2,5.9,1,5,93.6,16.4,4,1.0
P-000050,2025-01-01,1,180.9,5.7,2,6,91.8,28.2,2,1.39
P-000050,2025-02-01,2,172.1,2.6,3,3,94.3,16.6,2,1.4
P-000050,2025-03-01,3,166.0,9.8,2,3,91.5,16.6,2,1.26
P-000050,2025-04-01,4,226.6,44.3,4,9,62.7,73.4,2,3.54
P-000050,2025-05-01,5,177.8,0.9,3,5,92.8,19.8,2,1.88
P-000050,2025-06-01,6,181.2,8.2,1,3,98.4,17.7,2,1.33
P-000050,2025-07-01,7,178.7,7.7,3,5,94.3,21.0,2,1.22
P-000050,2025-08-01,8,169.9,12.3,4,6,83.8,23.7,2,1.0
P-000050,2025-09-01,9,168.6,10.4,3,6,94.8,23.5,1,1.47
P-000050,2025-10-01,10,177.3,0.0,4,5,91.9,17.2,2,1.0
P-000050,2025-11-01,11,177.5,6.5,1,4,94.7,22.3,2,1.58
P-000050,2025-12-01,12,185.5,6.0,0,5,95.1,26.2,1,1.57
P-000051,2025-01-01,1,167.8,9.9,4,5,87.9,24.1,4,1.28
P-000051,2025-02-01,2,179.3,9.1,2,5,93.1,27.2,4,1.2
P-000051,2025-03-01,3,177.0,6.0,0,4,97.6,9.9,4,1.0
P-000051,2025-04-01,4,234.7,44.0,4,10,61.9,70.2,4,3.85
P-000051,2025-05-01,5,240.8,49.6,8,15,59.1,88.8,5,4.61
P-000051,2025-06-01,6,238.1,33.2,1,8,67.3,64.6,4,3.89
P-000051,2025-07-01,7,244.1,46.5,8,13,57.5,91.5,5,4.35
P-000051,2025-08-01,8,230.1,40.9,6,12,51.1,75.9,3,4.72
P-000051,2025-09-01,9,174.4,7.5,1,3,93.4,19.5,5,1.04
P-000051,2025-10-01,10,185.6,7.9,2,4,88.5,20.7,4,1.45
P-000051,2025-11-01,11,179.1,3.3,2,4,92.3,15.9,4,1.41
P-000051,2025-12-01,12,172.2,14.1,1,4,90.7,19.5,3,1.38
P-000052,2025-01-01,1,172.0,4.2,5,4,96.6,21.8,3,1.23
P-000052,2025-02-01,2,174.4,8.0,0,5,90.0,24.3,3,1.37
P-000052,2025-03-01,3,179.4,6.9,5,5,97.8,23.6,1,1.23
P-000052,2025-04-01,4,224.7,29.2,10,10,59.4,74.2,3,4.35
P-000052,2025-05-01,5,177.4,7.8,1,3,90.6,17.5,2,1.62
P-000052,2025-06-01,6,176.8,3.1,2,6,93.4,21.8,2,1.11
P-000052,2025-07-01,7,169.9,6.9,4,4,98.1,17.1,2,1.0
P-000052,2025-08-01,8,175.4,7.5,4,4,93.8,23.7,2,1.35
P-000052,2025-09-01,9,180.4,9.1,2,5,85.9,22.6,2,1.27
P-000052,2025-10-01,10,169.4,6.0,0,5,93.5,10.9,2,1.47
P-000052,2025-11-01,11,180.9,5.1,3,3,86.3,22.4,2,1.0
P-000052,2025-12-01,12,175.4,9.1,5,5,96.9,30.1,1,1.41
P-000053,2025-01-01,1,191.5,0.3,2,6,95.9,20.4,2,1.07
P-000053,2025-02-01,2,167.8,0.0,2,6,92.6,16.4,1,1.54
P-000053,2025-03-01,3,171.1,9.9,1,4,96.2,15.9,2,1.48
P-000053,2025-04-01,4,168.2,7.6,4,4,80.9,27.4,2,1.14
P-000053,2025-05-01,5,178.0,5.1,2,4,95.3,20.0,1,1.33
P-000053,2025-06-01,6,173.0,10.9,1,4,92.4,16.5,2,1.32
P-000053,2025-07-01,7,171.9,2.8,3,6,100.2,19.5,2,1.07
P-000053,2025-08-01,8,181.6,2.5,1,5,95.6,13.6,1,2.03
P-000053,2025-09-01,9,176.6,1.4,3,4,94.1,23.9,1,1.64
P-000053,2025-10-01,10,178.0,9.5,0,6,91.7,22.4,2,1.37
P-000053,2025-11-01,11,171.1,9.5,3,4,95.7,20.9,3,1.33
P-000053,2025-12-01,12,175.6,8.3,1,4,86.9,23.3,3,1.53
P-000054,2025-01-01,1,173.9,6.5,1,4,100.5,16.5,1,1.49
P-000054,2025-02-01,2,173.0,12.6,2,5,92.6,21.4,2,1.47
P-000054,2025-03-01,3,174.2,5.6,1,4,99.6,22.7,2,1.79
P-000054,2025-04-01,4,168.0,0.0,4,3,94.3,17.6,2,1.0
P-000054,2025-05-01,5,181.4,6.3,4,5,89.3,27.0,2,1.09
P-000054,2025-06-01,6,179.4,2.4,3,4,88.3,22.7,2,1.45
P-000054,2025-07-01,7,174.6,9.9,1,4,93.6,20.3,2,1.26
P-000054,2025-08-01,8,174.3,9.2,2,4,94.3,19.0,2,1.28
P-000054,2025-09-01,9,179.0,6.2,0,4,89.0,18.1,2,1.56
P-000054,2025-10-01,10,173.0,5.9,3,5,100.5,11.9,2,1.19
P-000054,2025-11-01,11,178.8,2.0,3,5,94.7,22.0,1,1.03
P-000054,2025-12-01,12,179.7,0.9,3,3,97.7,20.2,1,1.21
P-000055,2025-01-01,1,173.5,11.3,0,4,91.5,20.0,2,1.0
P-000055,2025-02-01,2,166.5,6.8,0,5,97.0,18.8,2,1.34
P-000055,2025-03-01,3,182.0,3.6,2,6,95.4,22.1,1,1.65
P-000055,2025-04-01,4,183.7,2.4,2,4,91.8,22.3,2,1.22
P-000055,2025-05-01,5,178.2,2.8,1,4,98.0,16.6,2,1.0
P-000055,2025-06-01,6,170.7,7.8,1,4,93.3,17.1,1,1.15
P-000055,2025-07-01,7,176.6,9.4,4,4,90.6,19.2,1,1.13
P-000055,2025-08-01,8,176.1,8.1,1,4,90.1,24.1,1,1.51
P-000055,2025-09-01,9,165.1,9.4,2,5,88.1,21.9,1,1.21
P-000055,2025-10-01,10,175.9,9.6,5,4,84.4,32.5,3,1.78
P-000055,2025-11-01,11,179.3,16.1,2,6,89.1,28.5,2,1.22
P-000055,2025-12-01,12,185.3,4.9,0,4,98.7,20.3,1,1.09
P-000056,2025-01-01,1,184.2,10.6,0,5,90.8,21.4,2,2.06
P-000056,2025-02-01,2,176.0,9.1,3,5,92.9,24.8,2,1.0
P-000056,2025-03-01,3,174.6,3.8,5,3,91.5,23.7,2,1.35
P-000056,2025-04-01,4,189.7,2.3,1,4,90.9,23.8,2,1.44
P-000056,2025-05-01,5,181.1,8.5,0,3,91.1,15.7,2,1.59
P-000056,2025-06-01,6,231.9,26.5,7,11,71.0,70.2,4,3.62
P-000056,2025-07-01,7,237.2,33.9,6,8,67.6,75.3,4,3.67
P-000056,2025-08-01,8,183.1,6.6,1,3,98.0,17.9,2,1.56
P-000056,2025-09-01,9,181.6,4.4,2,5,89.8,26.3,2,1.78
P-000056,2025-10-01,10,181.9,8.1,3,7,86.6,32.6,2,1.85
P-000056,2025-11-01,11,189.5,10.7,3,5,95.1,26.9,2,1.25
P-000056,2025-12-01,12,172.6,10.4,3,5,93.2,21.9,2,1.56
P-000057,2025-01-01,1,159.9,7.8,3,4,96.2,17.8,2,1.0
P-000057,2025-02-01,2,171.5,2.2,5,4,95.5,25.1,2,1.67
P-000057,2025-03-01,3,169.7,0.0,4,6,102.5,19.4,1,1.24
P-000057,2025-04-01,4,177.1,12.0,2,6,95.1,26.1,3,1.35
P-000057,2025-05-01,5,230.2,26.7,2,7,64.3,58.0,2,3.53
P-000057,2025-06-01,6,177.6,7.3,3,5,89.6,27.0,1,1.42
P-000057,2025-07-01,7,182.8,3.8,1,3,103.3,18.0,1,2.3
P-000057,2025-08-01,8,176.5,8.7,2,4,96.7,21.4,3,1.3
P-000057,2025-09-01,9,177.6,0.0,2,4,91.3,16.4,2,1.17
P-000057,2025-10-01,10,171.6,0.0,1,6,88.8,13.1,3,1.48
P-000057,2025-11-01,11,176.8,5.7,1,7,93.0,20.3,2,1.23
P-000057,2025-12-01,12,177.9,4.8,0,5,99.0,17.2,2,1.08
P-000058,2025-01-01,1,173.3,3.5,1,6,91.0,21.0,2,1.0
P-000058,2025-02-01,2,190.3,6.8,4,5,85.9,33.3,1,1.4
P-000058,2025-03-01,3,174.6,3.2,4,4,97.0,20.9,1,1.13
P-000058,2025-04-01,4,219.7,30.6,1,8,66.7,52.5,2,3.66
P-000058,2025-05-01,5,220.5,21.7,2,10,72.7,51.4,2,2.85
P-000058,2025-06-01,6,171.6,10.2,2,6,87.0,23.9,3,1.28
P-000058,2025-07-01,7,175.5,6.1,3,4,86.6,24.2,1,1.45
P-000058,2025-08-01,8,176.3,3.4,3,5,87.9,21.1,2,1.47
P-000058,2025-09-01,9,182.1,2.0,1,6,95.2,17.9,1,1.56
P-000058,2025-10-01,10,177.9,5.8,2,5,96.3,22.4,1,1.37
P-000058,2025-11-01,11,170.0,8.0,0,4,83.0,19.5,2,1.84
P-000058,2025-12-01,12,176.7,8.9,2,5,103.5,20.1,2,1.39
P-000059,2025-01-01,1,165.9,8.2,1,5,86.7,21.8,5,1.68
P-000059,2025-02-01,2,179.0,9.3,2,5,91.4,20.7,4,1.46
P-000059,2025-03-01,3,173.1,0.0,2,4,94.2,19.4,5,1.47
P-000059,2025-04-01,4,242.1,48.2,8,8,57.8,87.4,4,4.39
P-000059,2025-05-01,5,239.1,54.7,6,12,52.4,87.0,5,4.65
P-000059,2025-06-01,6,241.7,49.5,4,13,57.8,86.2,5,4.35
P-000059,2025-07-01,7,232.3,39.0,6,10,58.5,72.7,3,4.19
P-000059,2025-08-01,8,236.7,38.6,6,6,53.3,77.9,3,4.0
P-000059,2025-09-01,9,178.2,7.0,2,4,95.3,16.2,3,1.45
P-000059,2025-10-01,10,177.6,10.3,4,5,92.9,29.4,4,1.0
P-000059,2025-11-01,11,173.1,3.3,0,5,95.8,15.3,4,1.87
P-000059,2025-12-01,12,182.1,9.4,2,4,89.6,23.0,5,1.99
P-000060,2025-01-01,1,166.2,3.8,2,5,98.5,15.8,1,1.59
P-000060,2025-02-01,2,239.2,40.4,10,11,56.5,92.8,4,3.67
P-000060,2025-03-01,3,235.2,40.2,11,13,68.2,88.2,4,3.99
P-000060,2025-04-01,4,240.9,27.6,8,13,61.8,76.4,4,3.76
P-000060,2025-05-01,5,241.8,43.1,5,10,53.4,90.1,4,4.85
P-000060,2025-06-01,6,175.6,0.1,1,4,93.8,18.4,1,2.06
P-000060,2025-07-01,7,172.5,9.6,3,5,90.1,20.7,1,1.55
P-000060,2025-08-01,8,177.3,5.3,1,4,97.6,19.6,1,1.36
P-000060,2025-09-01,9,170.7,0.0,2,3,89.8,17.9,1,1.28
P-000060,2025-10-01,10,187.5,1.7,3,4,100.3,21.2,1,1.68
P-000060,2025-11-01,11,165.6,0.0,5,4,99.1,9.9,1,1.65
P-000060,2025-12-01,12,173.6,11.2,2,5,91.1,22.4,1,1.21
P-000061,2025-01-01,1,171.5,9.6,1,5,96.3,19.6,4,1.84
P-000061,2025-02-01,2,177.7,10.8,2,3,92.9,28.5,5,1.68
P-000061,2025-03-01,3,172.4,0.0,5,4,96.5,22.9,3,1.7
P-000061,2025-04-01,4,244.5,42.2,4,9,55.1,77.0,4,4.43
P-000061,2025-05-01,5,239.4,45.3,8,12,52.6,95.1,5,4.69
P-000061,2025-06-01,6,235.3,44.0,9,11,52.9,84.8,4,4.24
P-000061,2025-07-01,7,254.7,44.8,4,9,61.5,86.8,4,4.35
P-000061,2025-08-01,8,236.6,36.9,8,11,59.7,84.1,4,4.8
P-000061,2025-09-01,9,182.2,3.5,1,5,105.9,14.7,3,1.44
P-000061,2025-10-01,10,181.0,14.4,2,6,89.5,23.9,4,1.14
P-000061,2025-11-01,11,178.4,5.6,1,4,92.6,15.0,5,1.0
P-000061,2025-12-01,12,185.9,0.0,1,4,88.5,24.3,4,1.52
P-000062,2025-01-01,1,182.4,0.0,1,5,100.1,22.0,2,1.6
P-000062,2025-02-01,2,175.9,6.6,2,5,94.2,25.8,2,1.5
P-000062,2025-03-01,3,178.7,7.2,2,3,97.3,16.9,1,1.0
P-000062,2025-04-01,4,210.8,38.9,4,8,56.1,58.9,1,2.31
P-000062,2025-05-01,5,223.4,31.3,3,9,65.8,63.9,2,2.97
P-000062,2025-06-01,6,179.0,15.5,2,4,93.0,25.3,1,1.06
P-000062,2025-07-01,7,180.5,3.0,0,3,92.3,17.5,2,1.77
P-000062,2025-08-01,8,174.3,1.9,2,4,95.2,18.3,1,1.0
P-000062,2025-09-01,9,180.7,0.0,1,6,92.1,19.8,1,1.52
P-000062,2025-10-01,10,184.1,10.6,2,7,92.0,28.3,1,1.2
P-000062,2025-11-01,11,170.7,0.1,1,6,99.8,12.0,1,1.35
P-000062,2025-12-01,12,177.5,0.0,1,6,94.4,19.7,2,1.42
P-000063,2025-01-01,1,181.8,9.1,3,6,91.3,22.6,2,1.24
P-000063,2025-02-01,2,171.1,0.0,0,6,95.0,10.6,2,1.35
P-000063,2025-03-01,3,178.6,5.8,2,5,96.5,19.4,1,1.42
P-000063,2025-04-01,4,175.2,6.4,1,5,89.4,23.0,1,1.43
P-000063,2025-05-01,5,179.0,6.9,0,4,95.6,16.5,1,1.76
P-000063,2025-06-01,6,171.9,3.8,3,6,96.1,20.9,1,1.87
P-000063,2025-07-01,7,180.6,3.1,5,5,93.4,29.5,2,1.0
P-000063,2025-08-01,8,186.8,11.0,0,5,86.6,16.2,1,1.0
P-000063,2025-09-01,9,182.8,15.1,1,6,91.2,22.8,2,1.48
P-000063,2025-10-01,10,172.7,3.2,3,3,92.3,21.9,3,1.64
P-000063,2025-11-01,11,172.7,7.6,3,4,96.7,25.6,2,1.63
P-000063,2025-12-01,12,187.5,9.9,1,5,82.8,29.3,2,1.76
P-000064,2025-01-01,1,157.7,4.8,1,5,92.9,20.8,5,1.32
P-000064,2025-02-01,2,182.3,13.0,4,4,95.7,27.1,4,1.65
P-000064,2025-03-01,3,169.2,5.7,1,5,82.9,13.6,5,1.04
P-000064,2025-04-01,4,246.9,49.3,4,13,52.7,90.1,5,4.64
P-000064,2025-05-01,5,231.5,42.5,3,13,50.7,78.8,4,3.96
P-000064,2025-06-01,6,236.9,48.1,8,10,43.3,93.9,4,4.8
P-000064,2025-07-01,7,231.6,46.2,4,8,48.4,78.2,4,3.9
P-000064,2025-08-01,8,247.2,42.3,1,10,58.2,69.0,5,3.76
P-000064,2025-09-01,9,243.2,49.3,6,9,63.2,82.7,5,4.39
P-000064,2025-10-01,10,248.3,53.9,9,10,45.1,98.0,5,5.0
P-000064,2025-11-01,11,244.7,35.1,4,11,68.6,75.5,5,4.86
P-000064,2025-12-01,12,175.0,7.7,2,3,96.7,20.4,4,1.55
P-000065,2025-01-01,1,170.7,4.7,0,4,96.7,11.9,1,1.69
P-000065,2025-02-01,2,182.8,6.0,1,5,86.8,24.7,2,1.4
P-000065,2025-03-01,3,177.5,12.0,2,5,86.7,23.8,1,1.1
P-000065,2025-04-01,4,234.1,32.6,2,5,60.2,63.4,2,3.82
P-000065,2025-05-01,5,168.0,3.5,3,6,93.9,18.5,2,1.6
P-000065,2025-06-01,6,182.3,8.0,3,6,89.9,28.8,2,1.5
P-000065,2025-07-01,7,180.1,0.4,1,5,98.7,15.7,1,1.31
P-000065,2025-08-01,8,175.8,6.9,2,4,87.2,18.9,2,1.31
P-000065,2025-09-01,9,178.4,4.6,2,6,90.8,22.4,2,1.76
P-000065,2025-10-01,10,175.5,6.9,0,3,95.2,16.9,1,1.61
P-000065,2025-11-01,11,178.7,6.1,1,3,98.3,15.3,1,1.55
P-000065,2025-12-01,12,162.1,5.3,3,4,88.0,17.4,1,1.6
P-000066,2025-01-01,1,176.1,4.8,3,6,96.4,20.5,1,1.34
P-000066,2025-02-01,2,170.3,10.2,1,5,88.7,21.1,1,1.51
P-000066,2025-03-01,3,168.8,8.2,4,4,88.7,18.8,2,1.0
P-000066,2025-04-01,4,176.0,5.8,2,3,89.1,22.3,2,1.37
P-000066,2025-05-01,5,173.7,10.6,1,5,93.2,15.2,1,1.25
P-000066,2025-06-01,6,183.7,9.3,3,5,87.2,31.5,1,1.95
P-000066,2025-07-01,7,165.1,7.2,3,4,90.0,17.6,1,1.53
P-000066,2025-08-01,8,175.1,2.1,3,5,92.4,23.1,1,1.42
P-000066,2025-09-01,9,178.3,1.8,2,6,95.2,21.3,3,1.53
P-000066,2025-10-01,10,170.0,5.2,3,4,98.2,16.1,2,1.42
P-000066,2025-11-01,11,179.3,0.0,2,6,94.5,17.0,2,1.0
P-000066,2025-12-01,12,181.7,11.9,2,3,95.6,25.8,2,1.58
P-000067,2025-01-01,1,165.8,5.5,2,5,97.4,21.3,1,1.7
P-000067,2025-02-01,2,177.9,6.8,0,4,91.0,12.6,2,1.17
P-000067,2025-03-01,3,176.6,1.9,5,4,108.3,22.7,2,1.34
P-000067,2025-04-01,4,176.7,8.9,0,6,99.4,17.0,3,1.29
P-000067,2025-05-01,5,170.5,1.7,1,5,93.9,18.1,2,1.28
P-000067,2025-06-01,6,171.7,14.5,2,3,88.8,20.3,2,1.21
P-000067,2025-07-01,7,175.4,7.9,2,4,93.2,22.8,3,1.33
P-000067,2025-08-01,8,182.6,8.4,1,4,96.2,20.6,2,1.71
P-000067,2025-09-01,9,177.8,8.0,3,6,92.7,26.9,3,1.03
P-000067,2025-10-01,10,179.0,2.0,1,5,89.9,18.1,2,1.39
P-000067,2025-11-01,11,171.6,4.9,0,5,87.0,9.8,3,1.0
P-000067,2025-12-01,12,163.8,11.2,1,6,94.3,16.7,2,1.0
P-000068,2025-01-01,1,173.5,0.0,5,4,101.5,14.9,5,1.85
P-000068,2025-02-01,2,184.8,8.6,1,4,91.4,17.1,5,1.32
P-000068,2025-03-01,3,176.1,9.8,1,4,94.7,19.5,3,1.3
P-000068,2025-04-01,4,231.9,45.1,7,13,53.8,87.6,4,3.83
P-000068,2025-05-01,5,244.8,38.9,7,10,62.8,84.1,5,4.61
P-000068,2025-06-01,6,243.7,45.0,4,9,58.1,76.3,5,4.6
P-000068,2025-07-01,7,240.6,46.3,4,13,48.6,81.1,5,4.22
P-000068,2025-08-01,8,227.1,45.0,2,10,57.6,65.7,3,3.43
P-000068,2025-09-01,9,184.5,6.7,2,5,89.8,24.2,3,1.0
P-000068,2025-10-01,10,173.3,0.0,5,4,93.9,18.5,3,1.0
P-000068,2025-11-01,11,174.3,6.0,0,3,94.4,18.6,4,1.56
P-000068,2025-12-01,12,186.5,10.1,4,6,90.0,25.4,5,1.08
P-000069,2025-01-01,1,166.5,1.5,3,4,89.4,18.2,1,1.0
P-000069,2025-02-01,2,241.3,31.6,9,11,68.9,79.6,4,3.81
P-000069,2025-03-01,3,230.0,39.3,4,10,61.1,81.1,4,3.87
P-000069,2025-04-01,4,223.8,31.6,8,7,62.4,65.3,4,3.94
P-000069,2025-05-01,5,240.1,44.7,8,9,59.5,88.4,4,4.61
P-000069,2025-06-01,6,176.4,0.0,4,4,96.8,17.5,1,1.79
P-000069,2025-07-01,7,181.3,9.5,5,4,97.8,23.0,1,1.67
P-000069,2025-08-01,8,173.3,8.7,0,5,98.2,20.4,1,1.34
P-000069,2025-09-01,9,174.6,6.9,2,4,94.0,20.6,1,1.49
P-000069,2025-10-01,10,177.0,5.5,3,4,93.5,21.3,1,1.24
P-000069,2025-11-01,11,177.2,4.3,3,5,96.8,18.7,1,1.0
P-000069,2025-12-01,12,176.4,9.3,3,4,95.7,24.0,1,1.05
P-000070,2025-01-01,1,178.3,7.4,1,4,93.3,16.8,1,1.18
P-000070,2025-02-01,2,174.6,8.5,1,4,83.7,19.9,3,1.39
P-000070,2025-03-01,3,174.2,4.6,2,5,93.8,15.8,1,1.3
P-000070,2025-04-01,4,206.8,31.4,5,9,57.6,60.1,1,3.2
P-000070,2025-05-01,5,227.8,23.8,2,12,68.6,60.3,2,3.4
P-000070,2025-06-01,6,172.1,1.6,1,3,102.4,14.7,3,1.88
P-000070,2025-07-01,7,181.1,10.5,0,4,90.2,25.4,2,1.78
P-000070,2025-08-01,8,185.0,3.4,3,5,89.8,29.0,1,1.77
P-000070,2025-09-01,9,182.1,5.9,3,5,96.9,17.7,2,1.07
P-000070,2025-10-01,10,172.1,1.5,3,4,91.8,14.7,3,1.12
P-000070,2025-11-01,11,165.8,7.1,0,6,92.0,10.5,2,1.5
P-000070,2025-12-01,12,177.1,9.5,2,4,94.3,23.5,1,1.63
P-000071,2025-01-01,1,176.3,9.7,3,4,85.7,25.5,5,1.79
P-000071,2025-02-01,2,175.1,0.0,1,5,91.1,17.7,4,1.49
P-000071,2025-03-01,3,172.6,0.0,3,6,93.9,20.3,5,1.59
P-000071,2025-04-01,4,237.7,37.6,6,11,64.2,81.3,5,4.3
P-000071,2025-05-01,5,240.1,42.2,5,9,58.6,79.2,5,4.48
P-000071,2025-06-01,6,240.7,53.5,7,12,54.6,98.0,5,5.0
P-000071,2025-07-01,7,241.9,55.9,7,10,44.3,97.0,4,4.41
P-000071,2025-08-01,8,240.0,36.0,3,12,60.6,73.6,5,4.69
P-000071,2025-09-01,9,257.4,58.1,8,12,60.2,98.0,5,4.88
P-000071,2025-10-01,10,237.9,29.5,8,17,66.1,78.4,5,4.3
P-000071,2025-11-01,11,241.2,33.1,6,10,50.4,84.3,4,4.75
P-000071,2025-12-01,12,178.3,7.4,1,5,94.7,15.5,5,1.0
P-000072,2025-01-01,1,184.7,3.3,1,4,89.7,20.5,4,1.42
P-000072,2025-02-01,2,185.6,1.5,2,4,87.1,24.0,4,1.64
P-000072,2025-03-01,3,167.3,6.6,3,4,91.1,22.7,5,1.58
P-000072,2025-04-01,4,241.1,45.5,9,12,53.7,94.2,5,5.0
P-000072,2025-05-01,5,232.4,42.1,6,10,60.4,76.4,4,4.09
P-000072,2025-06-01,6,227.6,30.7,10,12,53.9,80.8,3,4.03
P-000072,2025-07-01,7,232.1,27.5,8,11,62.5,75.3,4,4.16
P-000072,2025-08-01,8,235.4,18.9,5,11,64.6,70.0,3,4.2
P-000072,2025-09-01,9,182.8,0.0,1,4,100.2,17.9,4,1.2
P-000072,2025-10-01,10,180.3,1.4,3,5,88.3,22.8,5,1.7
P-000072,2025-11-01,11,172.0,4.6,1,4,106.1,8.1,3,1.47
P-000072,2025-12-01,12,183.9,15.9,3,4,86.6,27.4,4,1.66
P-000073,2025-01-01,1,175.1,2.7,3,5,97.0,21.8,2,1.01
P-000073,2025-02-01,2,177.1,8.3,2,5,91.5,15.9,2,1.58
P-000073,2025-03-01,3,175.2,7.5,1,5,92.6,25.5,3,1.96
P-000073,2025-04-01,4,218.3,48.7,6,9,60.2,69.7,2,2.69
P-000073,2025-05-01,5,229.1,21.5,6,8,57.2,73.0,2,3.12
P-000073,2025-06-01,6,175.4,4.0,2,3,88.3,21.6,3,1.44
P-000073,2025-07-01,7,178.0,6.7,1,5,97.7,23.0,2,1.46
P-000073,2025-08-01,8,182.0,2.7,4,5,96.0,25.4,1,2.02
P-000073,2025-09-01,9,194.6,2.7,2,4,90.6,24.7,2,1.65
P-000073,2025-10-01,10,160.5,8.4,2,4,87.6,18.8,1,1.46
P-000073,2025-11-01,11,175.4,8.9,2,5,100.3,22.4,1,1.63
P-000073,2025-12-01,12,172.3,5.6,1,5,98.6,14.8,2,1.0
P-000074,2025-01-01,1,179.0,8.9,2,3,90.8,21.2,3,1.34
P-000074,2025-02-01,2,180.6,6.0,4,5,95.4,26.0,4,1.69
P-000074,2025-03-01,3,186.9,6.0,1,4,91.1,23.4,4,1.27
P-000074,2025-04-01,4,238.8,37.9,6,11,65.7,76.6,4,4.13
P-000074,2025-05-01,5,246.6,34.6,3,11,63.3,71.4,4,3.9
P-000074,2025-06-01,6,253.4,35.0,6,12,56.2,88.3,4,4.15
P-000074,2025-07-01,7,239.3,31.7,4,9,68.5,74.0,3,4.37
P-000074,2025-08-01,8,246.7,46.2,4,7,50.5,85.4,5,5.0
P-000074,2025-09-01,9,180.2,2.6,2,4,85.8,24.3,5,1.59
P-000074,2025-10-01,10,175.3,1.3,2,6,96.4,24.1,4,1.22
P-000074,2025-11-01,11,185.8,6.7,0,3,92.7,22.8,3,1.2
P-000074,2025-12-01,12,173.2,4.9,2,5,89.9,23.4,5,1.48
P-000075,2025-01-01,1,175.6,0.0,2,7,95.4,22.5,2,1.68
P-000075,2025-02-01,2,168.8,0.0,1,6,93.1,14.8,2,1.07
P-000075,2025-03-01,3,174.3,14.6,2,4,90.8,19.5,1,1.0
P-000075,2025-04-01,4,166.4,4.9,1,4,95.3,12.9,2,1.11
P-000075,2025-05-01,5,167.6,4.6,0,4,92.8,13.4,1,1.54
P-000075,2025-06-01,6,175.4,7.5,1,5,93.3,21.1,1,1.84
P-000075,2025-07-01,7,178.7,2.6,1,5,94.2,18.9,2,1.85
P-000075,2025-08-01,8,181.7,4.7,1,3,99.0,25.6,2,1.18
P-000075,2025-09-01,9,180.3,5.6,1,3,95.5,19.7,2,1.68
P-000075,2025-10-01,10,178.4,2.1,1,3,95.7,19.3,1,1.81
P-000075,2025-11-01,11,176.5,0.4,3,6,91.7,25.0,1,1.11
P-000075,2025-12-01,12,188.8,6.4,4,4,93.4,27.9,2,1.47
P-000076,2025-01-01,1,181.1,15.8,0,6,90.2,26.8,1,1.83
P-000076,2025-02-01,2,177.4,2.0,1,5,95.1,16.8,3,1.0
P-000076,2025-03-01,3,174.3,13.3,1,5,94.9,19.0,3,1.0
P-000076,2025-04-01,4,171.3,3.6,2,4,96.2,16.7,1,1.13
P-000076,2025-05-01,5,233.6,31.4,2,9,64.8,63.5,2,2.81
P-000076,2025-06-01,6,177.9,4.0,4,3,96.8,30.2,3,1.39
P-000076,2025-07-01,7,185.2,14.3,2,3,89.9,25.1,3,1.32
P-000076,2025-08-01,8,173.2,6.8,1,3,88.8,22.2,2,2.0
P-000076,2025-09-01,9,174.9,12.7,3,5,90.3,27.5,1,1.39
P-000076,2025-10-01,10,171.8,5.6,0,4,88.0,13.4,1,1.4
P-000076,2025-11-01,11,187.4,12.9,3,3,89.1,24.8,1,1.3
P-000076,2025-12-01,12,184.5,5.9,2,4,99.3,29.9,2,1.66
P-000077,2025-01-01,1,179.2,6.1,0,3,92.6,21.2,5,1.75
P-000077,2025-02-01,2,173.1,6.3,1,5,95.3,19.2,3,1.03
P-000077,2025-03-01,3,173.7,1.6,1,4,95.2,12.8,4,1.39
P-000077,2025-04-01,4,240.4,51.5,9,11,47.1,96.3,4,4.39
P-000077,2025-05-01,5,250.2,39.5,3,8,61.3,77.2,4,4.33
P-000077,2025-06-01,6,236.8,45.8,9,9,54.9,84.1,4,3.34
P-000077,2025-07-01,7,230.7,28.4,8,10,68.4,77.1,3,4.08
P-000077,2025-08-01,8,244.4,34.6,3,12,62.2,73.2,4,3.32
P-000077,2025-09-01,9,176.1,8.1,3,6,96.7,21.3,3,1.58
P-000077,2025-10-01,10,177.8,7.3,2,4,96.8,18.1,3,1.31
P-000077,2025-11-01,11,168.8,4.7,4,5,95.8,25.6,4,1.56
P-000077,2025-12-01,12,172.3,4.7,2,6,100.0,23.9,3,1.1
P-000078,2025-01-01,1,175.3,5.8,0,4,95.0,13.3,3,1.42
P-000078,2025-02-01,2,173.2,2.1,3,3,95.9,16.3,2,1.5
P-000078,2025-03-01,3,167.5,3.1,0,5,91.8,11.0,2,1.0
P-000078,2025-04-01,4,234.1,35.8,2,7,62.1,66.7,2,3.44
P-000078,2025-05-01,5,170.6,3.6,0,4,95.8,18.0,2,1.57
P-000078,2025-06-01,6,179.1,1.4,3,5,94.4,19.1,2,1.46
P-000078,2025-07-01,7,177.6,0.5,2,6,99.4,15.3,2,1.38
P-000078,2025-08-01,8,180.0,0.0,3,5,91.5,21.6,2,1.53
P-000078,2025-09-01,9,180.5,0.4,1,5,97.1,17.9,1,2.07
P-000078,2025-10-01,10,179.9,13.1,0,5,87.6,25.2,1,1.62
P-000078,2025-11-01,11,182.7,1.5,3,5,93.9,21.6,1,1.55
P-000078,2025-12-01,12,168.9,6.2,1,3,94.6,14.5,1,1.36
P-000079,2025-01-01,1,178.7,3.8,4,5,96.9,23.4,1,1.61
P-000079,2025-02-01,2,177.2,11.3,0,4,82.9,22.0,2,1.26
P-000079,2025-03-01,3,168.9,7.2,2,4,89.9,17.3,2,1.5
P-000079,2025-04-01,4,186.1,11.5,1,4,93.1,25.2,1,2.08
P-000079,2025-05-01,5,166.8,8.5,4,3,87.7,26.0,2,1.84
P-000079,2025-06-01,6,177.1,9.9,2,6,86.3,26.4,1,1.33
P-000079,2025-07-01,7,178.7,11.9,2,5,80.5,28.1,2,2.06
P-000079,2025-08-01,8,172.1,2.1,0,5,90.3,21.6,3,1.0
P-000079,2025-09-01,9,178.2,6.5,2,3,90.8,19.4,1,1.7
P-000079,2025-10-01,10,182.5,1.3,4,5,95.1,32.7,2,1.97
P-000079,2025-11-01,11,172.4,0.0,0,5,87.5,17.5,1,2.08
P-000079,2025-12-01,12,176.1,7.3,4,5,91.4,24.4,3,1.46
P-000080,2025-01-01,1,181.0,5.8,4,5,94.9,25.3,1,1.65
P-000080,2025-02-01,2,238.0,43.6,9,12,48.5,90.5,4,4.06
P-000080,2025-03-01,3,235.0,26.9,7,9,59.5,71.7,4,4.2
P-000080,2025-04-01,4,236.1,28.8,6,8,61.9,77.2,4,4.33
P-000080,2025-05-01,5,235.6,44.4,2,10,51.3,77.7,4,4.06
P-000080,2025-06-01,6,173.0,8.7,1,6,89.7,23.2,1,1.16
P-000080,2025-07-01,7,177.7,1.1,3,7,93.7,18.7,1,1.3
P-000080,2025-08-01,8,177.0,3.0,3,6,91.5,21.2,1,1.48
P-000080,2025-09-01,9,180.2,7.4,2,4,90.9,25.0,1,1.77
P-000080,2025-10-01,10,177.6,9.3,0,3,93.2,11.4,1,1.01
P-000080,2025-11-01,11,170.1,5.2,1,5,90.7,17.8,1,1.55
P-000080,2025-12-01,12,173.5,3.2,1,3,94.6,14.5,1,1.51
P-000081,2025-01-01,1,175.3,4.1,1,5,96.5,19.9,2,1.56
P-000081,2025-02-01,2,171.1,9.8,2,3,94.8,20.2,2,1.17
P-000081,2025-03-01,3,170.4,11.3,0,3,87.7,23.4,2,1.36
P-000081,2025-04-01,4,177.2,7.5,2,6,91.0,25.4,2,1.39
P-000081,2025-05-01,5,172.1,3.7,2,4,100.8,17.2,2,1.12
P-000081,2025-06-01,6,245.7,32.6,6,10,64.2,76.0,4,3.52
P-000081,2025-07-01,7,244.0,37.0,8,10,63.8,84.4,4,4.13
P-000081,2025-08-01,8,175.7,9.3,0,5,96.6,13.0,2,1.0
P-000081,2025-09-01,9,173.5,8.9,5,4,93.1,24.5,2,1.0
P-000081,2025-10-01,10,181.4,8.2,2,5,93.3,23.6,2,1.08
P-000081,2025-11-01,11,180.8,6.5,2,5,95.0,18.8,2,1.43
P-000081,2025-12-01,12,171.1,10.4,4,5,99.7,25.5,2,1.89
P-000082,2025-01-01,1,180.9,6.7,2,4,91.7,24.3,2,1.65
P-000082,2025-02-01,2,175.4,10.5,3,5,90.4,25.4,2,1.86
P-000082,2025-03-01,3,167.4,6.7,3,5,89.7,20.9,2,1.18
P-000082,2025-04-01,4,177.8,7.9,4,5,98.0,31.9,2,1.07
P-000082,2025-05-01,5,165.7,8.6,1,3,95.7,15.9,2,1.15
P-000082,2025-06-01,6,177.2,1.4,0,5,84.9,19.4,3,1.84
P-000082,2025-07-01,7,180.1,11.6,1,4,92.9,24.7,1,2.1
P-000082,2025-08-01,8,184.8,0.0,0,5,93.5,14.4,2,1.5
P-000082,2025-09-01,9,165.0,5.9,1,4,93.2,11.7,2,1.05
P-000082,2025-10-01,10,174.2,5.4,4,6,96.5,24.7,1,1.41
P-000082,2025-11-01,11,171.7,0.0,4,4,96.3,17.6,2,1.0
P-000082,2025-12-01,12,168.5,3.1,1,4,92.0,13.9,1,1.0
P-000083,2025-01-01,1,164.2,6.5,3,3,89.2,12.7,5,1.1
P-000083,2025-02-01,2,176.0,3.4,4,6,93.8,24.4,5,1.75
P-000083,2025-03-01,3,183.1,4.1,1,6,92.9,19.0,5,1.2
P-000083,2025-04-01,4,251.8,47.7,7,10,55.7,95.8,5,5.0
P-000083,2025-05-01,5,240.6,50.1,5,9,53.4,84.2,5,4.17
P-000083,2025-06-01,6,249.2,43.2,8,12,60.0,92.7,5,4.84
P-000083,2025-07-01,7,236.4,42.7,5,11,57.0,79.6,4,4.38
P-000083,2025-08-01,8,236.0,46.6,6,10,57.9,84.1,5,4.01
P-000083,2025-09-01,9,239.0,29.7,3,12,62.8,72.1,4,3.9
P-000083,2025-10-01,10,246.2,47.3,7,11,63.9,93.1,5,4.4
P-000083,2025-11-01,11,245.4,47.2,4,13,51.3,88.9,5,4.7
P-000083,2025-12-01,12,181.8,5.1,0,6,88.3,21.2,5,1.0
P-000084,2025-01-01,1,173.6,5.6,2,3,95.1,13.6,2,1.11
P-000084,2025-02-01,2,190.7,9.1,1,5,94.1,24.7,2,1.05
P-000084,2025-03-01,3,170.5,4.0,2,3,87.3,16.5,2,1.57
P-000084,2025-04-01,4,175.0,10.4,0,3,87.4,15.7,2,1.25
P-000084,2025-05-01,5,177.0,6.7,1,3,93.1,20.1,1,1.77
P-000084,2025-06-01,6,176.9,2.4,1,4,90.8,17.8,1,1.69
P-000084,2025-07-01,7,179.9,9.7,1,6,92.0,23.4,2,1.75
P-000084,2025-08-01,8,169.0,10.1,0,4,93.9,11.9,1,1.19
P-000084,2025-09-01,9,170.7,12.7,2,5,94.3,15.4,2,1.46
P-000084,2025-10-01,10,174.7,5.4,0,5,90.9,18.0,1,1.79
P-000084,2025-11-01,11,179.0,0.4,1,4,93.1,16.7,3,1.71
P-000084,2025-12-01,12,171.9,5.4,1,4,95.7,13.0,2,1.83
P-000085,2025-01-01,1,168.5,0.0,1,5,82.3,11.4,3,1.0
P-000085,2025-02-01,2,178.9,13.3,1,5,93.4,21.9,1,1.35
P-000085,2025-03-01,3,179.0,5.8,0,6,89.8,19.3,1,1.64
P-000085,2025-04-01,4,230.8,39.2,5,12,52.6,76.0,2,3.41
P-000085,2025-05-01,5,215.1,49.4,5,7,52.9,70.7,1,2.79
P-000085,2025-06-01,6,178.2,7.5,1,5,96.7,19.8,2,1.21
P-000085,2025-07-01,7,171.1,2.9,1,4,97.5,17.3,1,1.3
P-000085,2025-08-01,8,184.3,8.0,3,3,91.9,18.5,2,1.48
P-000085,2025-09-01,9,179.1,2.5,0,5,91.4,17.3,2,1.7
P-000085,2025-10-01,10,172.9,4.5,2,5,97.3,19.0,1,1.09
P-000085,2025-11-01,11,170.1,10.2,1,4,90.7,18.9,2,1.03
P-000085,2025-12-01,12,174.8,9.8,1,4,88.2,16.1,2,1.14
P-000086,2025-01-01,1,170.6,2.8,3,5,90.0,17.1,1,1.97
P-000086,2025-02-01,2,235.6,30.0,7,16,61.8,85.9,4,4.97
P-000086,2025-03-01,3,230.0,51.1,7,14,54.5,86.9,4,5.0
P-000086,2025-04-01,4,237.1,38.8,8,8,58.8,81.6,4,3.55
P-000086,2025-05-01,5,234.9,33.7,4,10,56.1,72.3,4,4.36
P-000086,2025-06-01,6,169.5,4.7,5,5,100.0,20.7,1,1.08
P-000086,2025-07-01,7,166.0,2.9,4,5,95.8,22.2,1,1.67
P-000086,2025-08-01,8,172.6,4.6,4,5,89.4,20.9,1,1.33
P-000086,2025-09-01,9,175.9,9.7,1,3,93.4,21.7,1,1.75
P-000086,2025-10-01,10,179.3,2.0,0,5,95.0,14.4,1,1.34
P-000086,2025-11-01,11,183.2,10.7,2,3,85.9,19.2,1,1.0
P-000086,2025-12-01,12,171.3,14.1,3,7,92.7,27.8,1,1.4
P-000087,2025-01-01,1,177.3,2.7,0,6,93.7,12.7,4,1.0
P-000087,2025-02-01,2,181.5,6.1,3,4,91.0,27.0,5,1.89
P-000087,2025-03-01,3,233.5,29.5,11,10,64.9,78.4,4,4.53
P-000087,2025-04-01,4,225.7,30.9,3,6,61.0,63.0,3,3.36
P-000087,2025-05-01,5,234.8,39.9,6,8,55.7,80.4,3,4.25
P-000087,2025-06-01,6,238.5,39.7,7,13,51.8,87.5,4,4.55
P-000087,2025-07-01,7,232.2,41.5,2,13,57.8,75.5,4,4.01
P-000087,2025-08-01,8,237.5,45.2,9,13,63.1,86.9,4,3.23
P-000087,2025-09-01,9,232.6,50.6,6,12,59.7,84.6,4,4.77
P-000087,2025-10-01,10,166.0,12.3,1,4,93.5,20.8,4,1.5
P-000087,2025-11-01,11,166.5,4.7,4,4,95.3,20.6,4,1.42
P-000087,2025-12-01,12,184.0,9.0,1,4,84.3,21.2,4,1.94
P-000088,2025-01-01,1,165.9,9.7,2,5,95.2,18.1,1,1.47
P-000088,2025-02-01,2,179.7,12.9,5,5,91.2,26.0,1,1.12
P-000088,2025-03-01,3,171.2,6.2,4,6,92.5,24.1,1,1.11
P-000088,2025-04-01,4,226.0,34.7,3,7,60.5,64.7,2,3.57
P-000088,2025-05-01,5,183.8,16.6,2,4,89.4,25.0,2,1.0
P-000088,2025-06-01,6,167.7,10.4,0,4,98.9,15.0,1,1.9
P-000088,2025-07-01,7,185.3,15.1,5,5,84.7,36.4,1,1.58
P-000088,2025-08-01,8,175.0,5.8,1,4,99.7,17.4,3,1.45
P-000088,2025-09-01,9,180.1,3.5,4,3,93.4,24.2,2,1.64
P-000088,2025-10-01,10,174.1,9.6,0,3,91.3,17.7,2,1.11
P-000088,2025-11-01,11,176.1,2.4,2,4,101.1,15.4,3,1.33
P-000088,2025-12-01,12,172.5,13.5,3,6,92.0,22.0,2,1.25
P-000089,2025-01-01,1,188.2,12.8,3,6,86.2,30.3,4,1.37
P-000089,2025-02-01,2,167.0,4.7,1,5,92.5,16.8,4,1.01
P-000089,2025-03-01,3,237.7,43.9,5,10,55.4,83.4,4,4.06
P-000089,2025-04-01,4,242.9,49.9,4,11,50.5,81.7,5,4.13
P-000089,2025-05-01,5,241.2,49.7,8,10,57.2,89.7,4,4.34
P-000089,2025-06-01,6,243.5,36.2,9,11,62.6,87.4,5,4.25
P-000089,2025-07-01,7,231.2,52.0,4,9,46.4,81.3,4,3.52
P-000089,2025-08-01,8,236.7,44.3,4,11,64.8,81.7,4,4.54
P-000089,2025-09-01,9,241.3,31.3,4,12,57.0,75.9,4,3.97
P-000089,2025-10-01,10,181.7,6.6,0,3,99.0,9.0,4,1.0
P-000089,2025-11-01,11,184.9,2.9,2,4,92.9,17.6,4,1.16
P-000089,2025-12-01,12,161.7,8.8,3,5,93.4,17.6,5,1.18
P-000090,2025-01-01,1,168.7,5.7,2,4,91.5,19.4,5,1.36
P-000090,2025-02-01,2,170.8,9.7,3,4,96.8,25.6,4,1.79
P-000090,2025-03-01,3,223.8,42.8,5,8,57.2,69.5,4,4.36
P-000090,2025-04-01,4,242.8,31.0,6,13,67.2,78.5,5,4.44
P-000090,2025-05-01,5,232.2,39.3,2,9,53.8,68.8,3,3.55
P-000090,2025-06-01,6,233.8,24.5,13,12,66.7,81.7,4,3.17
P-000090,2025-07-01,7,238.9,38.0,4,17,55.8,79.0,4,3.53
P-000090,2025-08-01,8,219.0,30.2,5,10,69.3,56.4,3,3.47
P-000090,2025-09-01,9,247.2,26.9,10,11,58.1,82.0,4,3.93
P-000090,2025-10-01,10,179.4,5.9,1,4,98.4,19.8,4,1.27
P-000090,2025-11-01,11,179.0,10.1,2,4,96.6,14.7,5,1.69
P-000090,2025-12-01,12,175.1,12.0,2,5,89.2,22.8,4,1.56
P-000091,2025-01-01,1,173.2,5.3,3,5,97.9,16.9,2,1.01
P-000091,2025-02-01,2,167.7,8.9,3,5,89.6,25.2,1,1.48
P-000091,2025-03-01,3,184.0,7.7,3,6,97.9,21.4,1,1.68
P-000091,2025-04-01,4,175.0,8.9,1,5,93.7,25.0,1,2.51
P-000091,2025-05-01,5,180.5,8.0,3,5,86.2,22.3,2,1.37
P-000091,2025-06-01,6,170.7,10.9,1,3,94.9,19.4,2,1.5
P-000091,2025-07-01,7,184.8,10.3,2,4,96.8,22.6,1,1.0
P-000091,2025-08-01,8,178.5,11.4,5,4,94.1,24.6,1,1.05
P-000091,2025-09-01,9,176.1,5.0,0,4,95.1,16.9,1,2.04
P-000091,2025-10-01,10,164.2,10.9,2,5,82.8,22.8,1,1.29
P-000091,2025-11-01,11,170.1,7.6,1,6,95.8,20.0,2,1.59
P-000091,2025-12-01,12,169.7,0.0,5,5,90.9,18.3,1,1.21
P-000092,2025-01-01,1,170.4,14.2,1,5,85.6,26.3,1,1.8
P-000092,2025-02-01,2,234.9,35.8,9,11,67.9,82.2,4,4.0
P-000092,2025-03-01,3,237.2,40.2,2,8,57.6,72.9,4,4.13
P-000092,2025-04-01,4,235.9,37.8,7,12,60.9,82.3,4,3.68
P-000092,2025-05-01,5,246.3,39.1,8,8,60.3,90.7,4,4.42
P-000092,2025-06-01,6,180.2,8.7,0,4,93.5,25.4,1,1.5
P-000092,2025-07-01,7,177.8,6.8,1,5,91.6,20.1,1,1.67
P-000092,2025-08-01,8,158.6,2.2,0,4,94.3,6.4,1,1.19
P-000092,2025-09-01,9,163.7,4.1,1,3,86.0,10.9,1,1.0
P-000092,2025-10-01,10,183.5,7.0,1,6,93.7,24.6,1,1.75
P-000092,2025-11-01,11,186.3,2.0,1,5,96.0,20.7,1,1.46
P-000092,2025-12-01,12,180.5,3.1,1,5,97.2,18.3,1,1.19
P-000093,2025-01-01,1,171.3,3.2,0,6,90.7,13.8,1,1.06
P-000093,2025-02-01,2,231.5,45.0,8,10,61.1,78.5,4,3.33
P-000093,2025-03-01,3,242.3,39.3,6,9,65.6,77.9,4,4.27
P-000093,2025-04-01,4,234.9,42.5,6,10,53.4,80.8,4,3.85
P-000093,2025-05-01,5,234.8,51.8,4,9,48.8,79.7,4,3.97
P-000093,2025-06-01,6,176.0,7.5,3,3,84.7,20.1,1,1.76
P-000093,2025-07-01,7,175.0,9.0,1,5,95.0,18.0,1,1.08
P-000093,2025-08-01,8,178.1,5.2,2,3,87.1,20.9,1,1.0
P-000093,2025-09-01,9,172.0,13.1,2,3,86.5,24.9,1,1.21
P-000093,2025-10-01,10,178.3,5.1,1,6,97.8,16.9,1,1.0
P-000093,2025-11-01,11,169.3,10.1,3,7,90.9,17.8,1,1.0
P-000093,2025-12-01,12,171.6,10.8,0,5,91.5,14.0,1,1.05
P-000094,2025-01-01,1,178.2,6.3,2,5,85.4,22.8,2,1.44
P-000094,2025-02-01,2,182.3,11.7,1,5,88.5,24.6,2,1.29
P-000094,2025-03-01,3,173.7,5.7,4,4,88.7,21.9,2,1.2
P-000094,2025-04-01,4,171.8,8.2,5,3,94.4,24.1,2,1.35
P-000094,2025-05-01,5,172.4,5.0,1,6,90.7,18.0,2,1.23
P-000094,2025-06-01,6,179.5,9.7,2,3,92.2,20.9,2,1.11
P-000094,2025-07-01,7,183.6,8.7,3,5,94.6,26.3,1,1.23
P-000094,2025-08-01,8,177.0,0.4,0,6,97.0,22.2,1,1.97
P-000094,2025-09-01,9,179.4,7.5,0,5,93.7,19.5,1,1.53
P-000094,2025-10-01,10,187.3,8.2,0,4,95.0,19.9,2,1.34
P-000094,2025-11-01,11,170.3,1.5,2,5,90.7,13.0,1,1.52
P-000094,2025-12-01,12,178.0,7.8,3,4,90.1,24.2,2,1.39
P-000095,2025-01-01,1,170.4,11.3,4,5,94.0,25.5,3,1.37
P-000095,2025-02-01,2,181.0,6.8,0,4,92.4,18.6,4,1.42
P-000095,2025-03-01,3,188.0,0.8,2,5,91.5,24.0,3,1.34
P-000095,2025-04-01,4,236.4,31.9,4,13,70.2,72.7,4,4.35
P-000095,2025-05-01,5,228.3,30.7,9,7,64.8,77.9,3,4.05
P-000095,2025-06-01,6,227.7,39.9,7,10,60.1,76.3,3,3.73
P-000095,2025-07-01,7,240.6,38.3,9,6,63.2,85.1,4,4.43
P-000095,2025-08-01,8,235.9,41.0,2,10,59.9,70.3,4,4.56
P-000095,2025-09-01,9,179.6,0.8,4,7,93.7,22.5,4,1.96
P-000095,2025-10-01,10,179.2,0.0,2,4,100.5,20.2,4,1.55
P-000095,2025-11-01,11,179.2,1.8,2,3,97.2,21.9,4,1.62
P-000095,2025-12-01,12,169.8,3.1,4,6,94.3,22.4,3,1.56
P-000096,2025-01-01,1,174.5,3.5,3,4,99.2,15.2,2,1.17
P-000096,2025-02-01,2,178.0,15.1,1,7,86.3,26.4,2,1.0
P-000096,2025-03-01,3,184.8,8.9,4,6,94.9,29.0,1,2.01
P-000096,2025-04-01,4,182.6,9.6,1,5,95.2,21.1,2,1.9
P-000096,2025-05-01,5,185.0,0.5,2,5,89.7,22.0,2,1.51
P-000096,2025-06-01,6,175.1,14.6,3,4,93.4,20.4,2,1.09
P-000096,2025-07-01,7,177.5,10.8,3,5,94.8,19.6,1,1.0
P-000096,2025-08-01,8,170.9,8.1,1,4,89.2,22.5,2,1.55
P-000096,2025-09-01,9,184.8,4.1,1,4,90.2,19.7,2,1.23
P-000096,2025-10-01,10,174.3,2.7,2,5,93.4,18.6,2,2.0
P-000096,2025-11-01,11,177.9,12.2,2,5,85.1,29.3,3,1.2
P-000096,2025-12-01,12,189.0,0.1,2,5,96.3,18.4,2,1.03
P-000097,2025-01-01,1,172.3,0.0,2,4,93.7,14.9,1,1.29
P-000097,2025-02-01,2,178.6,8.1,2,4,92.6,27.4,2,1.98
P-000097,2025-03-01,3,164.0,5.1,2,3,93.6,9.3,2,1.4
P-000097,2025-04-01,4,179.1,0.7,0,5,93.8,18.2,2,1.35
P-000097,2025-05-01,5,179.8,3.1,1,4,93.5,17.8,3,1.43
P-000097,2025-06-01,6,176.6,5.2,3,4,94.3,24.3,1,1.37
P-000097,2025-07-01,7,175.0,7.2,3,4,86.0,19.2,1,1.32
P-000097,2025-08-01,8,176.4,15.4,2,3,98.7,20.0,1,1.4
P-000097,2025-09-01,9,177.2,1.8,0,4,96.1,21.7,2,2.09
P-000097,2025-10-01,10,174.7,8.5,2,3,98.7,16.8,2,1.58
P-000097,2025-11-01,11,167.6,4.8,0,5,93.6,15.4,3,1.27
P-000097,2025-12-01,12,175.4,18.1,4,5,88.6,31.7,2,1.45
P-000098,2025-01-01,1,176.2,9.4,1,5,94.4,23.2,2,1.62
P-000098,2025-02-01,2,167.0,0.0,1,4,96.9,9.9,1,1.0
P-000098,2025-03-01,3,174.0,7.6,0,3,93.3,11.7,2,1.21
P-000098,2025-04-01,4,166.2,12.6,1,5,93.7,19.5,2,1.29
P-000098,2025-05-01,5,228.9,40.9,5,6,58.6,68.1,2,2.47
P-000098,2025-06-01,6,165.9,6.3,0,5,100.2,17.9,2,1.45
P-000098,2025-07-01,7,175.5,3.5,0,4,92.7,16.8,2,1.74
P-000098,2025-08-01,8,186.3,0.0,2,5,92.3,20.8,2,1.6
P-000098,2025-09-01,9,185.6,9.4,1,4,102.2,23.1,2,1.69
P-000098,2025-10-01,10,178.9,0.7,1,5,95.0,19.9,2,1.94
P-000098,2025-11-01,11,173.6,6.7,3,4,92.3,23.0,2,1.65
P-000098,2025-12-01,12,179.4,7.6,5,3,97.0,27.3,2,1.0
P-000099,2025-01-01,1,178.9,5.3,0,3,91.6,18.5,1,1.63
P-000099,2025-02-01,2,227.9,53.3,12,9,54.7,92.7,4,4.26
P-000099,2025-03-01,3,232.0,49.6,5,10,59.5,76.7,4,3.97
P-000099,2025-04-01,4,232.4,39.3,6,11,53.1,84.1,4,3.31
P-000099,2025-05-01,5,230.6,44.9,4,12,54.5,75.3,4,4.0
P-000099,2025-06-01,6,180.4,5.4,5,5,94.6,29.2,1,1.12
P-000099,2025-07-01,7,183.0,4.7,0,5,94.1,20.1,1,1.31
P-000099,2025-08-01,8,178.4,6.2,1,4,89.8,17.9,1,1.22
P-000099,2025-09-01,9,161.4,0.0,3,4,92.9,15.4,1,1.59
P-000099,2025-10-01,10,175.8,2.7,4,6,96.7,23.4,1,1.17
P-000099,2025-11-01,11,171.4,5.2,1,3,91.5,18.2,1,1.0
P-000099,2025-12-01,12,186.8,6.9,1,5,101.5,23.5,1,1.35
P-000100,2025-01-01,1,178.6,3.7,3,5,91.6,21.9,3,1.55
P-000100,2025-02-01,2,170.6,6.7,2,4,96.5,15.9,3,1.76
P-000100,2025-03-01,3,182.1,9.2,2,7,96.3,28.2,4,1.46
P-000100,2025-04-01,4,233.3,39.5,1,12,58.7,70.4,3,2.47
P-000100,2025-05-01,5,234.6,29.4,5,9,62.2,68.7,3,3.76
P-000100,2025-06-01,6,241.4,34.4,5,12,58.0,79.8,5,4.9
P-000100,2025-07-01,7,240.0,38.2,7,9,63.2,77.5,4,3.95
P-000100,2025-08-01,8,220.7,28.5,6,10,62.6,63.4,3,3.63
P-000100,2025-09-01,9,173.6,8.6,3,3,87.2,20.7,4,1.3
P-000100,2025-10-01,10,179.4,0.5,2,4,89.3,19.5,3,1.69
P-000100,2025-11-01,11,171.7,5.1,1,5,93.8,17.5,4,1.7
P-000100,2025-12-01,12,177.0,0.0,3,3,93.8,24.7,4,1.55
P-000101,2025-01-01,1,172.7,3.1,2,3,91.5,18.3,2,1.76
P-000101,2025-02-01,2,185.1,0.0,0,3,96.4,14.8,2,1.3
P-000101,2025-03-01,3,175.9,8.7,4,4,85.2,29.3,1,1.33
P-000101,2025-04-01,4,184.4,11.1,1,5,91.3,24.0,2,1.14
P-000101,2025-05-01,5,172.3,9.4,2,3,93.4,20.6,3,1.4
P-000101,2025-06-01,6,173.2,3.0,3,4,88.9,21.8,2,1.7
P-000101,2025-07-01,7,164.4,10.5,1,3,96.4,16.5,3,1.35
P-000101,2025-08-01,8,168.8,0.0,1,3,88.4,7.7,1,1.51
P-000101,2025-09-01,9,174.1,4.7,0,6,99.3,16.7,2,1.52
P-000101,2025-10-01,10,176.3,5.4,1,6,94.5,19.9,2,1.0
P-000101,2025-11-01,11,176.1,7.8,2,3,88.1,18.9,3,1.57
P-000101,2025-12-01,12,179.3,7.8,0,6,87.2,19.0,2,1.47
P-000102,2025-01-01,1,183.9,5.8,0,5,94.0,20.5,4,1.35
P-000102,2025-02-01,2,177.6,5.1,1,5,96.2,22.2,5,1.75
P-000102,2025-03-01,3,179.9,2.0,4,4,102.0,28.9,5,1.39
P-000102,2025-04-01,4,223.9,37.8,4,8,58.7,70.8,3,3.65
P-000102,2025-05-01,5,231.9,55.5,5,10,46.6,85.6,4,4.09
P-000102,2025-06-01,6,230.9,34.1,4,11,58.8,73.5,4,3.87
P-000102,2025-07-01,7,247.1,39.9,9,8,64.3,86.9,5,4.8
P-000102,2025-08-01,8,245.3,37.0,3,7,51.6,72.8,4,4.08
P-000102,2025-09-01,9,172.6,13.7,1,4,86.7,20.6,4,1.37
P-000102,2025-10-01,10,174.3,9.1,1,3,93.4,18.6,4,1.97
P-000102,2025-11-01,11,187.2,7.0,1,3,86.2,23.5,4,1.3
P-000102,2025-12-01,12,176.0,12.2,2,5,85.6,23.7,5,1.61
P-000103,2025-01-01,1,177.5,4.5,4,4,100.0,26.8,2,1.67
P-000103,2025-02-01,2,183.1,6.4,3,5,87.1,30.2,2,1.3
P-000103,2025-03-01,3,181.7,2.1,3,4,91.1,27.8,1,1.67
P-000103,2025-04-01,4,224.0,27.9,3,7,61.4,62.5,1,3.11
P-000103,2025-05-01,5,212.8,39.6,4,7,55.6,63.0,1,2.45
P-000103,2025-06-01,6,168.8,8.2,1,5,88.0,15.8,3,1.12
P-000103,2025-07-01,7,168.8,10.0,3,5,87.8,19.7,1,1.61
P-000103,2025-08-01,8,177.2,10.3,1,6,93.9,27.5,2,1.79
P-000103,2025-09-01,9,181.7,2.9,2,6,93.6,19.0,2,1.34
P-000103,2025-10-01,10,181.3,6.8,2,6,103.4,24.6,2,1.56
P-000103,2025-11-01,11,172.6,3.2,3,3,93.2,17.4,1,1.16
P-000103,2025-12-01,12,173.6,15.2,1,4,95.3,19.1,1,1.33
P-000104,2025-01-01,1,179.2,0.5,3,5,99.4,20.1,1,1.17
P-000104,2025-02-01,2,173.7,6.5,3,5,100.2,16.3,1,1.5
P-000104,2025-03-01,3,173.1,5.8,4,4,97.3,21.8,2,1.38
P-000104,2025-04-01,4,184.1,5.5,1,3,91.6,21.3,3,1.93
P-000104,2025-05-01,5,179.2,6.0,4,4,89.3,26.1,2,1.1
P-000104,2025-06-01,6,165.7,9.8,2,3,86.9,15.2,3,1.0
P-000104,2025-07-01,7,164.1,4.0,1,5,96.2,13.6,2,1.68
P-000104,2025-08-01,8,170.9,1.1,1,4,89.4,16.2,2,1.0
P-000104,2025-09-01,9,175.0,2.5,2,6,94.2,18.8,1,1.81
P-000104,2025-10-01,10,178.3,4.2,3,6,90.9,21.3,2,1.48
P-000104,2025-11-01,11,179.0,8.4,3,5,90.0,24.0,2,1.84
P-000104,2025-12-01,12,180.4,9.2,0,5,86.9,22.1,1,1.57
P-000105,2025-01-01,1,173.7,1.5,0,5,96.5,11.6,5,1.0
P-000105,2025-02-01,2,174.7,4.4,3,4,93.1,19.6,3,1.59
P-000105,2025-03-01,3,177.3,5.4,2,4,97.5,15.9,4,1.0
P-000105,2025-04-01,4,236.6,35.8,9,10,59.5,80.9,3,3.85
P-000105,2025-05-01,5,245.3,44.9,7,10,60.7,84.9,4,3.59
P-000105,2025-06-01,6,241.9,32.9,2,11,60.7,71.1,4,4.12
P-000105,2025-07-01,7,236.1,24.9,9,12,66.8,82.3,4,3.91
P-000105,2025-08-01,8,241.4,42.6,10,15,57.7,92.1,5,4.86
P-000105,2025-09-01,9,181.7,0.0,1,4,94.1,22.6,4,1.16
P-000105,2025-10-01,10,184.6,14.2,1,4,93.7,24.7,4,1.53
P-000105,2025-11-01,11,185.3,8.5,0,4,98.5,21.3,4,1.6
P-000105,2025-12-01,12,166.0,8.9,2,4,83.4,21.7,5,1.5
P-000106,2025-01-01,1,167.9,3.6,3,5,93.9,21.2,3,1.84
P-000106,2025-02-01,2,176.3,3.9,0,3,97.4,10.4,3,1.18
P-000106,2025-03-01,3,182.8,2.5,4,5,92.2,26.8,4,1.62
P-000106,2025-04-01,4,248.9,45.4,6,10,54.9,88.8,5,4.67
P-000106,2025-05-01,5,235.3,27.7,4,9,60.9,65.0,3,3.32
P-000106,2025-06-01,6,248.9,37.1,6,12,73.7,85.7,5,4.72
P-000106,2025-07-01,7,244.0,42.8,13,7,61.7,92.6,5,4.66
P-000106,2025-08-01,8,227.9,39.3,4,16,63.0,71.2,3,3.53
P-000106,2025-09-01,9,171.9,2.0,2,3,95.5,22.6,4,1.68
P-000106,2025-10-01,10,184.0,7.3,5,4,92.1,29.7,3,1.4
P-000106,2025-11-01,11,171.8,0.0,4,5,95.1,21.9,4,1.24
P-000106,2025-12-01,12,179.0,15.8,1,4,98.3,26.6,4,1.45
P-000107,2025-01-01,1,181.8,7.9,1,4,96.6,15.8,2,1.22
P-000107,2025-02-01,2,183.0,7.0,2,4,93.0,22.2,2,1.27
P-000107,2025-03-01,3,171.4,4.4,1,5,96.6,10.3,1,1.46
P-000107,2025-04-01,4,177.3,4.5,2,3,95.7,16.2,3,1.11
P-000107,2025-05-01,5,174.4,5.9,5,4,95.1,16.2,1,1.53
P-000107,2025-06-01,6,177.3,8.8,3,6,90.4,28.5,2,1.31
P-000107,2025-07-01,7,168.3,0.7,3,4,95.4,16.5,2,1.25
P-000107,2025-08-01,8,172.6,5.1,2,5,88.0,21.7,1,1.02
P-000107,2025-09-01,9,176.7,10.3,2,3,87.2,23.5,2,1.61
P-000107,2025-10-01,10,187.8,0.5,0,5,92.7,15.2,2,1.5
P-000107,2025-11-01,11,167.3,7.7,3,3,91.6,19.3,2,1.78
P-000107,2025-12-01,12,192.9,0.0,2,6,92.6,31.9,1,1.27
P-000108,2025-01-01,1,175.4,4.1,0,3,89.0,13.5,1,1.26
P-000108,2025-02-01,2,177.2,1.8,0,5,96.9,19.6,1,1.56
P-000108,2025-03-01,3,179.7,7.3,2,4,87.2,24.9,2,1.2
P-000108,2025-04-01,4,174.6,4.0,2,5,90.4,12.4,1,1.73
P-000108,2025-05-01,5,230.4,29.0,2,9,68.4,54.4,1,2.86
P-000108,2025-06-01,6,171.2,8.1,0,5,91.7,15.4,2,1.57
P-000108,2025-07-01,7,179.9,4.5,3,4,96.2,18.6,1,1.28
P-000108,2025-08-01,8,182.9,5.8,3,3,99.7,25.2,2,1.4
P-000108,2025-09-01,9,179.6,10.2,1,4,97.1,22.4,1,1.27
P-000108,2025-10-01,10,179.7,6.8,3,4,96.0,19.4,1,1.64
P-000108,2025-11-01,11,175.9,6.8,2,3,93.0,17.5,2,1.74
P-000108,2025-12-01,12,174.5,0.7,2,5,89.5,19.0,1,1.56
P-000109,2025-01-01,1,180.6,14.2,4,4,90.7,28.3,4,1.35
P-000109,2025-02-01,2,188.0,7.3,4,4,96.9,32.8,5,1.36
P-000109,2025-03-01,3,175.2,7.3,2,4,94.6,22.0,4,1.7
P-000109,2025-04-01,4,243.2,34.1,7,12,64.0,84.7,5,5.0
P-000109,2025-05-01,5,238.7,46.2,3,11,56.0,84.9,5,3.97
P-000109,2025-06-01,6,242.2,40.8,8,9,58.3,88.2,5,4.11
P-000109,2025-07-01,7,246.6,45.9,6,15,59.4,90.8,5,5.0
P-000109,2025-08-01,8,240.2,29.4,3,11,61.1,69.4,4,3.41
P-000109,2025-09-01,9,234.9,26.2,6,9,62.8,65.4,4,3.56
P-000109,2025-10-01,10,242.3,45.7,8,11,57.7,89.4,5,4.67
P-000109,2025-11-01,11,245.0,34.2,5,9,58.8,78.6,5,4.85
P-000109,2025-12-01,12,174.6,7.8,1,6,93.2,16.9,5,1.2
P-000110,2025-01-01,1,190.0,2.6,3,4,102.0,21.9,4,1.53
P-000110,2025-02-01,2,181.9,0.0,1,3,91.4,13.1,4,1.18
P-000110,2025-03-01,3,238.4,39.3,2,7,55.1,68.9,3,3.38
P-000110,2025-04-01,4,238.6,31.5,6,10,60.9,75.7,4,4.48
P-000110,2025-05-01,5,234.4,31.3,2,7,69.3,64.7,3,3.32
P-000110,2025-06-01,6,231.5,43.9,5,11,53.8,82.0,4,4.53
P-000110,2025-07-01,7,250.1,46.3,7,16,51.2,95.0,5,3.68
P-000110,2025-08-01,8,232.5,47.8,7,9,57.2,83.3,4,4.52
P-000110,2025-09-01,9,234.3,31.7,6,12,54.4,72.5,4,4.15
P-000110,2025-10-01,10,182.3,0.8,0,5,92.6,25.8,4,1.41
P-000110,2025-11-01,11,172.8,5.8,5,4,87.9,25.2,4,1.91
P-000110,2025-12-01,12,187.5,3.7,2,5,95.8,25.5,5,1.71
P-000111,2025-01-01,1,181.8,0.0,2,3,94.2,20.6,4,1.35
P-000111,2025-02-01,2,175.1,11.1,3,6,94.5,26.7,3,1.23
P-000111,2025-03-01,3,162.3,7.8,2,6,90.6,20.7,5,2.03
P-000111,2025-04-01,4,235.6,43.1,5,8,59.2,79.8,3,3.77
P-000111,2025-05-01,5,240.7,41.5,9,8,66.7,84.4,4,2.9
P-000111,2025-06-01,6,238.6,42.5,11,10,56.3,87.8,4,3.8
P-000111,2025-07-01,7,237.6,28.7,2,12,64.9,72.4,3,3.65
P-000111,2025-08-01,8,246.2,54.0,3,9,47.9,81.7,4,3.88
P-000111,2025-09-01,9,177.7,3.4,2,4,92.4,18.0,3,1.72
P-000111,2025-10-01,10,168.3,6.4,0,7,98.6,18.4,3,1.49
P-000111,2025-11-01,11,170.7,4.3,1,3,95.1,12.0,5,1.39
P-000111,2025-12-01,12,168.0,10.3,3,5,98.4,13.9,4,1.51
P-000112,2025-01-01,1,165.1,0.9,1,4,95.6,11.8,2,1.39
P-000112,2025-02-01,2,175.2,5.9,2,3,90.4,20.7,2,1.3
P-000112,2025-03-01,3,168.2,1.5,4,4,93.3,19.9,3,1.29
P-000112,2025-04-01,4,227.0,39.3,4,13,62.1,69.4,2,2.78
P-000112,2025-05-01,5,186.0,10.9,3,7,91.7,32.5,2,1.25
P-000112,2025-06-01,6,174.1,2.2,0,5,93.4,19.7,2,1.65
P-000112,2025-07-01,7,160.4,7.2,0,4,93.5,10.2,1,1.23
P-000112,2025-08-01,8,190.2,4.1,2,5,86.2,28.3,3,2.11
P-000112,2025-09-01,9,172.2,3.5,3,5,101.6,21.3,1,1.55
P-000112,2025-10-01,10,173.0,3.6,5,4,95.7,20.6,1,1.42
P-000112,2025-11-01,11,167.2,6.8,2,4,96.0,15.4,1,1.19
P-000112,2025-12-01,12,182.9,5.0,1,5,101.1,26.5,2,1.55
P-000113,2025-01-01,1,171.2,0.0,1,6,100.2,11.8,4,1.77
P-000113,2025-02-01,2,177.5,1.9,3,4,89.5,19.5,3,1.29
P-000113,2025-03-01,3,171.7,13.2,2,3,87.9,23.4,3,1.72
P-000113,2025-04-01,4,237.4,33.9,1,9,63.3,71.5,3,4.46
P-000113,2025-05-01,5,239.3,42.8,7,12,57.9,90.1,5,5.0
P-000113,2025-06-01,6,234.8,30.0,7,6,59.1,70.2,3,3.68
P-000113,2025-07-01,7,238.9,35.6,5,11,60.3,76.6,5,3.64
P-000113,2025-08-01,8,227.3,34.9,4,9,55.2,70.8,3,4.01
P-000113,2025-09-01,9,180.0,15.2,1,4,93.4,26.1,3,1.8
P-000113,2025-10-01,10,180.2,6.4,4,5,94.7,28.1,4,1.89
P-000113,2025-11-01,11,173.1,11.0,1,3,90.6,22.7,4,1.52
P-000113,2025-12-01,12,173.9,2.4,2,4,98.8,16.1,3,2.03
P-000114,2025-01-01,1,179.5,9.6,0,3,92.6,25.0,2,1.13
P-000114,2025-02-01,2,169.4,10.4,3,5,91.4,23.1,1,1.4
P-000114,2025-03-01,3,161.9,9.5,1,4,93.5,16.9,2,1.67
P-000114,2025-04-01,4,175.0,9.4,1,3,91.6,20.2,2,1.36
P-000114,2025-05-01,5,224.7,35.0,1,7,62.4,56.8,2,2.91
P-000114,2025-06-01,6,178.9,1.8,1,3,97.4,13.2,2,1.32
P-000114,2025-07-01,7,167.3,9.8,1,5,91.1,17.1,3,1.31
P-000114,2025-08-01,8,172.9,7.5,3,5,90.8,22.0,2,1.59
P-000114,2025-09-01,9,180.8,7.9,1,4,89.4,22.5,3,1.93
P-000114,2025-10-01,10,172.5,12.3,0,4,97.7,14.6,2,1.31
P-000114,2025-11-01,11,179.2,10.5,1,4,92.5,22.6,2,1.44
P-000114,2025-12-01,12,179.8,5.1,2,3,90.5,21.1,2,1.81
P-000115,2025-01-01,1,176.9,12.0,1,5,94.0,25.8,3,1.52
P-000115,2025-02-01,2,184.6,0.0,1,5,87.3,16.7,5,1.32
P-000115,2025-03-01,3,162.9,0.6,1,4,97.7,14.8,5,1.2
P-000115,2025-04-01,4,248.1,32.9,8,9,57.1,89.8,4,4.83
P-000115,2025-05-01,5,245.1,29.3,4,15,71.8,75.0,4,3.78
P-000115,2025-06-01,6,221.7,30.7,1,10,56.1,65.0,3,3.48
P-000115,2025-07-01,7,239.9,41.0,2,14,51.4,80.5,4,3.9
P-000115,2025-08-01,8,248.4,36.7,6,17,55.9,86.8,5,5.0
P-000115,2025-09-01,9,188.6,0.0,3,3,96.4,23.9,4,2.08
P-000115,2025-10-01,10,171.5,0.0,2,7,92.6,19.9,3,1.0
P-000115,2025-11-01,11,173.4,3.5,2,5,92.0,21.3,4,2.05
P-000115,2025-12-01,12,181.0,1.8,3,4,88.7,22.8,5,1.26
P-000116,2025-01-01,1,174.0,6.7,1,4,88.8,16.7,2,1.0
P-000116,2025-02-01,2,178.7,12.7,2,4,90.5,24.6,3,1.69
P-000116,2025-03-01,3,178.2,1.2,1,4,94.4,15.2,1,1.34
P-000116,2025-04-01,4,182.1,4.4,2,6,92.3,18.2,1,1.37
P-000116,2025-05-01,5,175.1,5.3,3,5,90.6,23.8,2,1.63
P-000116,2025-06-01,6,184.3,1.6,3,6,83.2,23.3,1,1.79
P-000116,2025-07-01,7,164.0,5.6,1,4,91.2,17.5,2,1.66
P-000116,2025-08-01,8,176.9,5.4,0,5,97.7,14.4,3,1.0
P-000116,2025-09-01,9,180.2,6.0,1,5,95.7,18.2,1,1.04
P-000116,2025-10-01,10,174.6,3.6,2,6,91.0,17.6,2,1.14
P-000116,2025-11-01,11,181.8,4.5,0,4,101.0,13.2,2,1.39
P-000116,2025-12-01,12,185.6,9.7,3,3,90.3,29.7,2,1.83
P-000117,2025-01-01,1,174.6,0.0,0,4,91.2,9.4,5,1.28
P-000117,2025-02-01,2,179.5,0.8,0,6,95.9,21.1,5,1.03
P-000117,2025-03-01,3,175.1,7.4,3,3,93.6,17.9,5,1.0
P-000117,2025-04-01,4,247.8,44.7,5,9,52.2,85.3,5,4.44
P-000117,2025-05-01,5,247.4,30.7,5,13,71.2,77.1,4,3.41
P-000117,2025-06-01,6,248.7,27.8,6,11,60.8,77.0,4,4.28
P-000117,2025-07-01,7,249.8,35.8,6,13,61.7,86.6,5,4.97
P-000117,2025-08-01,8,226.9,28.8,10,10,65.8,79.0,4,4.0
P-000117,2025-09-01,9,235.3,50.0,5,12,47.0,84.2,4,4.41
P-000117,2025-10-01,10,257.5,57.2,12,14,48.6,98.0,5,4.73
P-000117,2025-11-01,11,237.3,37.9,10,9,55.1,83.4,4,3.44
P-000117,2025-12-01,12,175.2,8.0,1,4,92.5,19.6,5,1.8
P-000118,2025-01-01,1,179.8,7.0,5,4,96.0,28.8,4,1.79
P-000118,2025-02-01,2,170.2,4.8,1,7,92.5,21.5,4,1.29
P-000118,2025-03-01,3,181.7,10.5,0,4,93.7,22.1,4,1.55
P-000118,2025-04-01,4,235.3,38.7,5,10,65.1,72.8,4,3.77
P-000118,2025-05-01,5,236.4,42.4,9,11,59.4,85.6,4,4.37
P-000118,2025-06-01,6,236.6,36.9,5,10,60.9,72.0,4,4.38
P-000118,2025-07-01,7,239.9,35.7,6,10,58.2,78.3,3,4.0
P-000118,2025-08-01,8,228.2,32.1,10,10,58.6,73.9,3,3.69
P-000118,2025-09-01,9,177.2,1.2,2,4,93.0,19.0,3,1.47
P-000118,2025-10-01,10,172.4,11.3,2,4,93.0,20.9,3,1.55
P-000118,2025-11-01,11,178.8,11.0,3,4,85.4,24.4,5,1.91
P-000118,2025-12-01,12,173.8,10.7,1,4,92.4,13.5,4,1.1
P-000119,2025-01-01,1,182.9,6.2,2,6,91.8,33.0,4,1.53
P-000119,2025-02-01,2,179.6,10.7,1,3,96.6,16.5,5,1.4
P-000119,2025-03-01,3,179.0,1.9,1,3,88.4,19.0,3,1.2
P-000119,2025-04-01,4,232.3,39.5,5,10,62.0,77.8,3,3.15
P-000119,2025-05-01,5,246.9,42.4,8,12,60.8,89.1,5,5.0
P-000119,2025-06-01,6,229.9,42.9,7,10,57.0,74.8,4,3.86
P-000119,2025-07-01,7,249.6,44.0,7,14,52.7,94.1,5,4.7
P-000119,2025-08-01,8,258.2,43.9,9,11,49.8,96.3,5,4.01
P-000119,2025-09-01,9,175.9,17.9,2,5,90.5,30.0,4,1.45
P-000119,2025-10-01,10,169.9,8.7,4,4,91.2,17.5,4,1.33
P-000119,2025-11-01,11,173.9,0.0,1,5,98.1,14.6,4,1.19
P-000119,2025-12-01,12,168.1,8.5,1,4,97.1,16.8,4,1.7
P-000120,2025-01-01,1,174.5,16.7,1,6,90.3,22.0,4,1.33
P-000120,2025-02-01,2,178.0,12.5,1,3,99.1,23.0,5,2.0
P-000120,2025-03-01,3,175.8,10.1,2,3,94.8,23.6,5,1.13
P-000120,2025-04-01,4,238.7,51.6,7,12,53.7,83.9,4,4.05
P-000120,2025-05-01,5,247.0,47.8,10,15,56.0,98.0,5,4.57
P-000120,2025-06-01,6,252.6,45.4,13,10,56.7,98.0,5,4.37
P-000120,2025-07-01,7,238.7,34.8,9,9,58.6,81.8,4,4.45
P-000120,2025-08-01,8,234.7,36.2,5,11,57.6,71.6,4,3.71
P-000120,2025-09-01,9,243.9,53.3,9,9,55.9,91.8,5,4.78
P-000120,2025-10-01,10,248.2,53.6,4,8,59.2,88.5,4,4.17
P-000120,2025-11-01,11,239.4,21.3,4,12,65.1,67.0,4,4.48
P-000120,2025-12-01,12,165.3,5.2,2,5,88.5,26.7,5,1.05
P-000121,2025-01-01,1,166.4,5.6,2,5,91.9,14.5,2,1.49
P-000121,2025-02-01,2,174.3,0.0,2,4,94.5,19.7,1,1.46
P-000121,2025-03-01,3,173.4,0.0,3,5,91.6,17.8,1,1.19
P-000121,2025-04-01,4,216.0,32.9,3,7,61.4,51.9,1,2.45
P-000121,2025-05-01,5,179.1,4.8,0,5,83.4,18.9,2,1.0
P-000121,2025-06-01,6,171.4,11.4,3,4,94.4,27.0,1,1.28
P-000121,2025-07-01,7,179.5,7.8,2,5,90.1,20.8,2,1.0
P-000121,2025-08-01,8,169.0,0.0,2,4,94.7,14.5,1,1.77
P-000121,2025-09-01,9,167.8,2.7,3,5,85.2,20.3,1,1.52
P-000121,2025-10-01,10,178.7,3.3,2,6,99.2,21.5,2,1.51
P-000121,2025-11-01,11,182.1,3.7,2,5,103.4,24.1,3,1.51
P-000121,2025-12-01,12,184.5,3.1,2,3,96.2,23.8,2,1.7
P-000122,2025-01-01,1,170.5,0.0,2,6,93.5,9.5,2,1.25
P-000122,2025-02-01,2,181.3,7.3,4,7,92.2,31.1,2,1.71
P-000122,2025-03-01,3,179.4,5.0,2,4,91.3,21.7,1,1.4
P-000122,2025-04-01,4,169.6,4.6,0,3,93.4,13.5,1,1.07
P-000122,2025-05-01,5,175.3,10.1,0,5,90.4,21.7,3,1.76
P-000122,2025-06-01,6,181.6,12.3,3,4,84.4,27.5,2,1.49
P-000122,2025-07-01,7,176.2,7.3,0,4,88.4,17.7,1,1.76
P-000122,2025-08-01,8,173.9,7.8,3,5,89.2,27.6,2,2.03
P-000122,2025-09-01,9,168.2,5.7,2,4,91.7,13.7,1,1.13
P-000122,2025-10-01,10,182.4,2.5,2,4,90.1,24.1,3,1.34
P-000122,2025-11-01,11,173.8,3.6,1,3,92.3,18.1,2,1.39
P-000122,2025-12-01,12,173.5,2.9,1,5,88.9,17.2,1,1.9
P-000123,2025-01-01,1,173.5,1.9,1,6,91.0,23.2,1,1.0
P-000123,2025-02-01,2,177.0,0.3,0,5,98.2,16.1,2,1.37
P-000123,2025-03-01,3,169.8,9.2,5,5,87.9,29.4,2,1.0
P-000123,2025-04-01,4,215.3,30.1,2,4,74.4,49.2,1,2.72
P-000123,2025-05-01,5,178.4,6.1,2,5,93.5,17.9,3,1.21
P-000123,2025-06-01,6,173.3,14.0,2,5,94.3,17.0,2,1.35
P-000123,2025-07-01,7,192.3,3.1,2,5,92.5,25.5,2,1.23
P-000123,2025-08-01,8,173.9,5.9,1,4,100.1,15.5,2,1.0
P-000123,2025-09-01,9,186.0,0.9,0,5,102.8,15.4,2,1.64
P-000123,2025-10-01,10,173.7,11.7,4,4,84.3,25.4,1,1.24
P-000123,2025-11-01,11,186.4,0.9,2,5,93.2,21.8,2,1.05
P-000123,2025-12-01,12,184.2,0.0,0,4,99.9,19.8,2,1.38
P-000124,2025-01-01,1,170.9,3.4,2,5,95.0,16.0,1,1.57
P-000124,2025-02-01,2,233.4,33.0,7,13,53.5,79.3,4,4.1
P-000124,2025-03-01,3,236.4,33.1,7,11,65.6,79.8,4,4.07
P-000124,2025-04-01,4,246.3,28.8,7,12,66.0,85.9,4,4.9
P-000124,2025-05-01,5,231.4,35.9,8,8,64.7,77.8,4,4.84
P-000124,2025-06-01,6,183.2,9.1,1,3,89.3,23.5,1,1.0
P-000124,2025-07-01,7,176.3,5.1,4,4,92.7,23.3,1,1.42
P-000124,2025-08-01,8,183.3,1.7,1,6,99.3,21.8,1,2.01
P-000124,2025-09-01,9,186.7,5.0,2,3,91.7,25.5,1,1.64
P-000124,2025-10-01,10,168.6,10.3,2,5,82.4,21.8,1,1.0
P-000124,2025-11-01,11,185.3,4.9,2,7,95.1,21.5,1,1.22
P-000124,2025-12-01,12,175.1,0.0,1,4,92.0,11.8,1,1.74
P-000125,2025-01-01,1,172.3,2.9,3,3,90.0,18.5,4,1.0
P-000125,2025-02-01,2,171.4,6.6,0,4,94.4,15.9,5,1.41
P-000125,2025-03-01,3,177.3,0.0,3,6,97.5,21.1,5,1.15
P-000125,2025-04-01,4,243.6,39.7,5,13,61.7,86.4,5,4.51
P-000125,2025-05-01,5,251.2,41.3,8,10,58.1,87.7,5,4.53
P-000125,2025-06-01,6,239.9,46.0,8,11,59.7,93.9,5,4.78
P-000125,2025-07-01,7,247.7,49.2,9,11,61.6,90.5,5,5.0
P-000125,2025-08-01,8,247.5,44.4,6,9,58.5,79.0,5,4.41
P-000125,2025-09-01,9,239.1,48.1,6,9,60.1,84.9,5,4.67
P-000125,2025-10-01,10,238.3,59.7,5,10,46.1,89.4,4,4.12
P-000125,2025-11-01,11,233.8,34.2,6,11,75.8,75.4,5,5.0
P-000125,2025-12-01,12,168.2,6.1,3,5,95.8,22.5,5,1.32
P-000126,2025-01-01,1,173.3,3.9,2,4,94.6,14.6,2,1.32
P-000126,2025-02-01,2,174.9,7.3,1,5,91.4,21.2,1,1.26
P-000126,2025-03-01,3,184.3,7.4,0,4,93.3,17.0,1,1.0
P-000126,2025-04-01,4,221.4,29.2,2,5,64.8,55.0,1,2.22
P-000126,2025-05-01,5,218.9,26.5,1,10,57.6,55.4,1,2.7
P-000126,2025-06-01,6,179.2,3.0,5,4,87.0,21.1,2,1.48
P-000126,2025-07-01,7,181.7,2.5,1,6,94.0,21.0,2,1.56
P-000126,2025-08-01,8,175.3,5.1,2,5,96.1,19.4,2,1.33
P-000126,2025-09-01,9,179.6,6.5,2,6,90.6,21.1,1,1.13
P-000126,2025-10-01,10,175.0,7.8,3,6,91.9,23.8,2,1.28
P-000126,2025-11-01,11,179.1,8.7,4,4,92.2,25.8,2,1.47
P-000126,2025-12-01,12,170.5,0.7,0,5,91.8,9.8,2,1.34
P-000127,2025-01-01,1,174.5,15.6,3,5,92.8,27.6,4,1.35
P-000127,2025-02-01,2,184.0,9.4,3,5,95.1,29.8,5,1.92
P-000127,2025-03-01,3,231.6,33.3,6,10,67.4,71.3,3,3.82
P-000127,2025-04-01,4,239.7,49.1,3,11,57.0,75.9,4,4.52
P-000127,2025-05-01,5,225.1,36.3,3,11,64.1,69.3,4,4.63
P-000127,2025-06-01,6,231.8,41.6,6,11,53.4,75.4,4,4.27
P-000127,2025-07-01,7,224.9,34.0,7,5,68.8,65.4,3,3.55
P-000127,2025-08-01,8,239.1,44.4,10,6,61.9,86.0,4,3.87
P-000127,2025-09-01,9,233.7,28.3,5,11,58.9,69.5,4,3.94
P-000127,2025-10-01,10,179.3,9.9,1,4,90.4,18.1,4,1.4
P-000127,2025-11-01,11,166.8,7.2,3,4,95.0,19.9,4,1.47
P-000127,2025-12-01,12,182.5,8.5,1,6,89.5,28.4,5,1.45
P-000128,2025-01-01,1,175.3,6.8,5,3,89.9,22.7,1,1.33
P-000128,2025-02-01,2,170.1,12.3,3,4,96.3,23.1,1,1.3
P-000128,2025-03-01,3,181.3,10.5,1,3,91.5,23.0,3,1.42
P-000128,2025-04-01,4,176.7,6.1,2,5,88.6,17.8,2,1.73
P-000128,2025-05-01,5,216.2,33.9,2,9,66.4,55.1,2,2.86
P-000128,2025-06-01,6,167.0,4.4,2,4,94.1,17.6,2,1.54
P-000128,2025-07-01,7,171.0,5.0,3,3,97.7,25.5,2,1.4
P-000128,2025-08-01,8,181.7,3.1,1,3,92.7,21.1,2,1.0
P-000128,2025-09-01,9,170.1,19.6,5,4,87.7,26.5,3,1.19
P-000128,2025-10-01,10,183.4,14.4,2,5,91.2,31.5,2,1.19
P-000128,2025-11-01,11,172.8,2.5,2,4,92.4,19.0,1,1.07
P-000128,2025-12-01,12,187.9,5.0,5,4,89.7,31.2,2,1.11
P-000129,2025-01-01,1,183.7,4.2,0,3,93.3,22.4,1,1.48
P-000129,2025-02-01,2,177.7,7.5,0,4,87.9,14.6,2,1.39
P-000129,2025-03-01,3,188.4,7.3,2,4,87.7,25.1,1,1.23
P-000129,2025-04-01,4,214.9,27.7,3,6,65.7,55.5,1,2.86
P-000129,2025-05-01,5,242.7,35.8,4,11,46.9,79.5,3,3.37
P-000129,2025-06-01,6,172.7,0.0,2,3,94.5,19.6,2,1.47
P-000129,2025-07-01,7,177.7,3.7,3,6,95.9,19.5,2,1.3
P-000129,2025-08-01,8,168.8,4.3,1,4,96.3,14.3,2,1.29
P-000129,2025-09-01,9,175.2,1.4,0,6,96.4,18.7,1,1.79
P-000129,2025-10-01,10,180.0,4.2,2,6,96.5,27.8,2,1.93
P-000129,2025-11-01,11,186.6,3.3,0,3,93.0,18.6,2,1.36
P-000129,2025-12-01,12,183.1,10.4,4,3,93.8,25.2,2,1.29
P-000130,2025-01-01,1,185.6,4.3,0,4,92.1,18.9,1,1.48
P-000130,2025-02-01,2,171.9,2.7,0,3,96.5,16.8,2,1.35
P-000130,2025-03-01,3,175.1,7.5,0,3,88.8,18.9,3,1.19
P-000130,2025-04-01,4,214.9,26.0,2,7,56.5,53.9,1,2.71
P-000130,2025-05-01,5,175.3,1.0,3,4,93.8,20.6,3,2.03
P-000130,2025-06-01,6,171.7,5.6,3,6,102.1,25.0,2,1.62
P-000130,2025-07-01,7,165.6,7.8,2,6,96.4,19.2,2,1.72
P-000130,2025-08-01,8,170.1,1.7,1,4,98.1,12.3,2,1.29
P-000130,2025-09-01,9,179.7,6.6,2,4,88.4,27.9,2,1.65
P-000130,2025-10-01,10,169.2,7.6,0,4,85.2,11.2,1,1.11
P-000130,2025-11-01,11,182.1,10.4,3,6,94.0,26.4,2,1.41
P-000130,2025-12-01,12,170.6,1.6,0,3,93.5,10.1,1,1.0
P-000131,2025-01-01,1,173.4,10.5,1,4,89.3,20.8,1,2.14
P-000131,2025-02-01,2,173.1,4.8,2,5,94.6,19.1,1,1.11
P-000131,2025-03-01,3,176.0,4.7,1,4,96.9,17.4,2,1.31
P-000131,2025-04-01,4,175.6,7.5,2,4,93.7,19.0,1,1.24
P-000131,2025-05-01,5,214.6,23.2,3,6,65.8,47.4,1,3.26
P-000131,2025-06-01,6,165.9,1.6,3,4,97.6,14.0,2,1.05
P-000131,2025-07-01,7,172.2,3.4,0,3,87.7,11.2,1,1.51
P-000131,2025-08-01,8,175.8,7.5,2,3,84.7,15.3,1,1.56
P-000131,2025-09-01,9,175.4,10.9,2,5,85.9,26.0,3,1.16
P-000131,2025-10-01,10,180.1,6.8,2,3,89.4,23.7,1,1.39
P-000131,2025-11-01,11,174.5,10.8,2,4,92.4,21.6,2,1.17
P-000131,2025-12-01,12,171.9,1.2,3,4,95.7,13.7,1,1.45
P-000132,2025-01-01,1,174.9,4.4,2,3,86.4,23.4,2,1.25
P-000132,2025-02-01,2,173.9,11.5,2,6,90.8,24.5,1,1.56
P-000132,2025-03-01,3,171.1,4.1,2,4,96.4,17.9,3,1.69
P-000132,2025-04-01,4,178.4,0.0,3,4,100.1,18.9,2,1.43
P-000132,2025-05-01,5,226.2,36.5,3,5,47.5,64.6,2,4.17
P-000132,2025-06-01,6,180.3,8.2,2,4,96.3,18.9,1,1.0
P-000132,2025-07-01,7,192.1,6.3,0,6,96.6,24.7,2,1.6
P-000132,2025-08-01,8,165.3,1.2,2,4,99.2,13.8,2,2.09
P-000132,2025-09-01,9,170.6,0.0,0,5,92.0,12.0,1,1.42
P-000132,2025-10-01,10,175.1,7.1,2,5,94.1,21.5,3,1.89
P-000132,2025-11-01,11,181.2,5.0,2,5,94.2,23.0,2,1.31
P-000132,2025-12-01,12,183.2,13.7,0,4,95.0,24.6,3,1.52
P-000133,2025-01-01,1,180.2,11.4,2,4,87.6,27.5,1,1.65
P-000133,2025-02-01,2,256.5,36.5,13,12,64.7,98.0,4,4.61
P-000133,2025-03-01,3,233.0,47.1,8,8,63.4,84.6,4,4.2
P-000133,2025-04-01,4,248.8,35.2,5,9,50.5,77.3,4,4.31
P-000133,2025-05-01,5,227.5,38.6,6,10,70.8,79.6,4,5.0
P-000133,2025-06-01,6,172.5,0.0,4,5,91.1,20.5,1,1.2
P-000133,2025-07-01,7,174.3,11.1,2,5,86.5,22.2,1,1.52
P-000133,2025-08-01,8,172.8,8.1,2,4,85.4,19.6,1,1.51
P-000133,2025-09-01,9,171.4,9.6,1,4,92.0,22.9,1,1.4
P-000133,2025-10-01,10,181.2,2.6,1,6,90.7,23.2,1,1.59
P-000133,2025-11-01,11,185.2,10.0,0,4,87.3,18.2,1,1.47
P-000133,2025-12-01,12,176.6,3.9,2,5,87.9,20.9,1,1.0
P-000134,2025-01-01,1,175.3,3.5,0,4,89.3,16.2,1,1.36
P-000134,2025-02-01,2,174.7,8.8,0,5,97.5,20.9,1,1.46
P-000134,2025-03-01,3,179.0,6.4,2,4,88.5,25.3,2,1.89
P-000134,2025-04-01,4,175.0,0.9,1,4,92.3,16.6,1,1.32
P-000134,2025-05-01,5,170.3,0.7,2,5,84.9,11.3,1,1.52
P-000134,2025-06-01,6,174.7,12.3,2,4,93.0,24.6,2,1.78
P-000134,2025-07-01,7,194.1,12.3,1,3,93.6,28.7,2,1.22
P-000134,2025-08-01,8,174.6,4.7,4,3,93.0,21.9,1,1.39
P-000134,2025-09-01,9,180.9,9.5,3,4,89.4,25.5,3,1.43
P-000134,2025-10-01,10,180.3,9.1,2,5,92.6,22.8,2,1.86
P-000134,2025-11-01,11,174.7,0.2,5,3,93.0,20.9,2,1.6
P-000134,2025-12-01,12,175.6,11.1,1,5,93.2,23.5,2,1.28
P-000135,2025-01-01,1,184.2,9.9,1,4,96.2,28.1,4,1.98
P-000135,2025-02-01,2,172.6,5.2,4,5,86.3,20.2,3,2.09
P-000135,2025-03-01,3,173.3,2.4,1,5,94.5,15.7,5,1.49
P-000135,2025-04-01,4,235.5,34.3,8,12,68.2,82.8,4,4.38
P-000135,2025-05-01,5,237.0,40.4,2,8,53.6,71.4,4,4.16
P-000135,2025-06-01,6,231.0,36.1,5,14,53.7,79.0,4,3.71
P-000135,2025-07-01,7,235.8,42.3,2,7,55.5,64.1,3,4.19
P-000135,2025-08-01,8,238.9,35.2,3,13,71.6,72.8,4,4.29
P-000135,2025-09-01,9,173.3,7.6,1,5,88.9,18.7,5,1.42
P-000135,2025-10-01,10,184.4,6.2,2,4,95.2,24.3,4,1.43
P-000135,2025-11-01,11,170.9,0.8,1,7,99.6,14.3,3,1.85
P-000135,2025-12-01,12,184.4,2.1,3,6,91.8,22.9,3,1.57
P-000136,2025-01-01,1,172.9,2.3,3,5,92.7,19.1,3,1.38
P-000136,2025-02-01,2,172.4,8.1,2,4,92.0,20.1,4,1.62
P-000136,2025-03-01,3,235.1,46.5,3,13,60.5,80.9,4,4.42
P-000136,2025-04-01,4,245.7,40.4,7,14,68.1,86.3,5,5.0
P-000136,2025-05-01,5,245.4,42.9,5,12,54.0,82.5,5,4.78
P-000136,2025-06-01,6,228.6,34.3,2,13,57.4,70.1,3,3.2
P-000136,2025-07-01,7,245.3,46.7,6,12,55.3,87.2,4,3.65
P-000136,2025-08-01,8,233.2,34.1,5,8,61.0,70.1,4,4.64
P-000136,2025-09-01,9,253.7,47.5,7,12,56.4,96.8,5,4.45
P-000136,2025-10-01,10,181.3,3.0,0,6,92.7,19.3,3,1.21
P-000136,2025-11-01,11,172.3,0.5,0,5,89.1,12.8,5,1.32
P-000136,2025-12-01,12,171.8,16.2,2,3,87.3,21.4,5,1.0
P-000137,2025-01-01,1,176.9,10.1,3,7,87.4,27.8,2,1.12
P-000137,2025-02-01,2,179.9,2.2,1,4,97.0,17.4,1,1.0
P-000137,2025-03-01,3,188.2,8.1,3,5,93.3,19.1,2,1.09
P-000137,2025-04-01,4,178.3,6.6,2,6,96.4,27.2,2,1.87
P-000137,2025-05-01,5,179.1,13.0,2,7,95.1,26.6,3,1.34
P-000137,2025-06-01,6,186.3,7.1,0,4,93.7,22.4,1,1.18
P-000137,2025-07-01,7,185.2,8.4,1,5,88.8,22.2,1,1.39
P-000137,2025-08-01,8,177.3,8.9,2,4,95.3,25.1,1,1.45
P-000137,2025-09-01,9,175.5,7.0,5,4,92.9,29.4,2,1.6
P-000137,2025-10-01,10,173.0,3.1,1,3,90.6,17.7,2,1.73
P-000137,2025-11-01,11,172.2,12.0,2,3,87.2,20.8,2,1.75
P-000137,2025-12-01,12,172.6,9.4,1,4,99.6,18.0,1,1.36
P-000138,2025-01-01,1,174.1,5.4,2,5,95.7,19.9,1,1.82
P-000138,2025-02-01,2,183.2,6.3,2,5,99.6,21.8,2,1.71
P-000138,2025-03-01,3,171.9,7.5,3,5,91.5,23.8,2,1.08
P-000138,2025-04-01,4,188.7,8.9,0,3,83.6,22.8,1,1.01
P-000138,2025-05-01,5,176.8,12.9,1,5,86.5,24.3,2,1.49
P-000138,2025-06-01,6,175.2,12.3,1,6,93.7,22.0,1,1.0
P-000138,2025-07-01,7,169.3,8.9,0,5,90.2,16.2,1,1.65
P-000138,2025-08-01,8,171.2,5.4,4,4,91.8,22.0,1,1.17
P-000138,2025-09-01,9,183.9,2.1,5,4,91.7,25.6,2,1.69
P-000138,2025-10-01,10,180.3,4.6,2,3,94.5,15.6,2,1.29
P-000138,2025-11-01,11,169.1,5.2,0,7,94.8,18.4,2,1.06
P-000138,2025-12-01,12,176.7,0.0,2,5,94.9,20.5,2,1.45
P-000139,2025-01-01,1,180.6,4.0,3,6,99.9,30.9,5,1.81
P-000139,2025-02-01,2,165.5,12.5,0,5,91.4,18.6,4,1.87
P-000139,2025-03-01,3,181.5,9.5,5,6,87.1,25.3,5,1.0
P-000139,2025-04-01,4,244.3,47.3,1,11,53.1,78.7,4,4.02
P-000139,2025-05-01,5,235.3,34.4,3,17,65.8,73.1,4,4.46
P-000139,2025-06-01,6,247.4,35.1,6,12,69.7,84.8,5,4.68
P-000139,2025-07-01,7,241.4,48.5,2,10,57.9,82.8,4,4.06
P-000139,2025-08-01,8,244.1,42.7,5,12,59.7,85.1,5,5.0
P-000139,2025-09-01,9,246.9,38.7,9,13,65.7,86.4,5,4.08
P-000139,2025-10-01,10,248.5,46.1,11,14,61.0,93.2,5,4.2
P-000139,2025-11-01,11,233.7,47.1,4,14,52.7,81.7,5,4.27
P-000139,2025-12-01,12,186.5,3.9,2,4,95.7,21.8,5,1.4
P-000140,2025-01-01,1,168.5,9.2,1,3,89.4,21.1,2,1.16
P-000140,2025-02-01,2,168.0,11.3,1,3,86.2,20.5,3,1.64
P-000140,2025-03-01,3,178.5,2.6,4,3,93.4,17.2,1,1.27
P-000140,2025-04-01,4,172.5,1.1,2,5,91.5,16.6,3,1.05
P-000140,2025-05-01,5,162.1,12.0,0,5,91.4,15.4,2,1.26
P-000140,2025-06-01,6,167.9,8.4,0,4,98.6,14.4,2,1.24
P-000140,2025-07-01,7,178.6,2.4,5,4,90.6,23.6,1,1.51
P-000140,2025-08-01,8,170.9,14.4,1,4,94.2,17.7,2,1.68
P-000140,2025-09-01,9,168.2,13.6,3,3,87.9,24.3,2,1.17
P-000140,2025-10-01,10,175.7,8.2,0,3,88.0,16.8,1,1.3
P-000140,2025-11-01,11,181.4,1.6,1,4,92.6,22.5,1,1.43
P-000140,2025-12-01,12,165.2,10.6,3,4,87.4,20.7,2,1.59
P-000141,2025-01-01,1,182.4,5.6,2,3,90.3,21.3,3,1.22
P-000141,2025-02-01,2,172.9,3.4,0,4,96.9,15.1,1,1.0
P-000141,2025-03-01,3,179.0,3.7,1,3,96.4,19.6,3,1.38
P-000141,2025-04-01,4,174.0,0.8,3,4,95.3,24.9,1,1.36
P-000141,2025-05-01,5,216.2,21.8,1,6,65.8,47.6,1,3.16
P-000141,2025-06-01,6,175.1,4.8,1,6,96.5,20.4,2,1.63
P-000141,2025-07-01,7,181.9,4.3,2,5,90.6,17.3,2,1.08
P-000141,2025-08-01,8,172.8,15.1,1,3,92.4,19.4,3,1.3
P-000141,2025-09-01,9,169.0,9.5,5,4,87.1,28.3,1,1.6
P-000141,2025-10-01,10,167.6,7.6,1,5,95.8,15.0,2,1.25
P-000141,2025-11-01,11,175.5,0.8,1,3,94.9,15.3,1,1.27
P-000141,2025-12-01,12,176.5,12.0,0,4,92.9,22.3,2,1.79
P-000142,2025-01-01,1,178.9,6.7,1,4,91.3,21.8,4,1.77
P-000142,2025-02-01,2,176.1,9.3,1,5,89.4,17.8,5,1.0
P-000142,2025-03-01,3,184.7,9.9,2,4,94.3,32.1,5,1.29
P-000142,2025-04-01,4,244.6,42.3,7,10,51.9,90.7,5,4.49
P-000142,2025-05-01,5,229.4,42.9,3,9,58.7,70.1,4,4.08
P-000142,2025-06-01,6,248.6,45.9,8,14,58.4,98.0,5,5.0
P-000142,2025-07-01,7,237.4,49.8,8,13,54.1,91.0,4,3.92
P-000142,2025-08-01,8,240.5,41.0,7,14,57.1,79.5,5,4.86
P-000142,2025-09-01,9,237.9,49.2,6,8,54.2,75.7,4,3.93
P-000142,2025-10-01,10,251.4,41.8,7,11,59.2,88.6,5,4.13
P-000142,2025-11-01,11,243.6,27.6,5,14,64.4,82.6,5,4.47
P-000142,2025-12-01,12,176.9,4.0,1,4,92.3,22.3,4,1.75
P-000143,2025-01-01,1,168.5,2.5,3,5,91.9,16.1,3,1.06
P-000143,2025-02-01,2,177.1,1.1,3,5,92.1,21.5,5,1.49
P-000143,2025-03-01,3,246.3,39.7,6,12,64.3,85.5,4,4.4
P-000143,2025-04-01,4,239.6,37.9,8,12,62.8,91.2,4,4.61
P-000143,2025-05-01,5,240.3,40.5,5,11,61.4,75.7,5,4.36
P-000143,2025-06-01,6,243.7,38.4,6,8,58.4,78.8,4,4.09
P-000143,2025-07-01,7,230.3,37.7,6,9,60.5,77.6,4,5.0
P-000143,2025-08-01,8,230.2,44.5,4,9,55.8,78.2,3,3.54
P-000143,2025-09-01,9,235.8,32.5,6,9,62.7,82.2,4,4.13
P-000143,2025-10-01,10,180.5,6.4,1,6,92.8,16.5,3,1.0
P-000143,2025-11-01,11,181.5,2.9,1,5,97.9,19.9,4,2.07
P-000143,2025-12-01,12,170.6,7.1,0,4,97.3,13.2,3,1.0
P-000144,2025-01-01,1,176.8,13.6,4,5,92.2,31.2,1,1.78
P-000144,2025-02-01,2,181.5,8.5,4,4,88.4,27.8,2,1.56
P-000144,2025-03-01,3,169.4,5.5,0,5,102.2,15.7,2,1.43
P-000144,2025-04-01,4,175.8,5.1,2,4,93.6,24.9,2,1.52
P-000144,2025-05-01,5,219.4,32.5,1,8,69.0,57.1,2,3.78
P-000144,2025-06-01,6,184.4,9.3,0,4,98.0,22.3,1,1.53
P-000144,2025-07-01,7,174.0,4.6,2,6,102.2,13.6,1,1.0
P-000144,2025-08-01,8,167.0,4.1,2,5,91.9,18.6,3,1.11
P-000144,2025-09-01,9,173.5,11.5,2,5,88.3,27.4,1,1.39
P-000144,2025-10-01,10,173.7,2.0,0,3,94.1,13.5,1,1.12
P-000144,2025-11-01,11,169.6,8.2,1,6,97.7,17.9,1,1.35
P-000144,2025-12-01,12,176.0,1.9,0,5,93.1,17.7,3,1.51
P-000145,2025-01-01,1,189.4,1.6,3,5,92.0,28.9,1,1.67
P-000145,2025-02-01,2,172.7,5.5,3,3,95.4,23.0,2,1.24
P-000145,2025-03-01,3,183.4,8.3,0,5,94.4,21.1,1,1.0
P-000145,2025-04-01,4,169.0,3.2,3,5,92.9,15.6,2,1.51
P-000145,2025-05-01,5,173.3,15.6,2,5,86.6,25.1,1,1.26
P-000145,2025-06-01,6,176.0,4.3,1,4,94.7,15.6,1,1.12
P-000145,2025-07-01,7,175.8,8.0,2,4,79.9,23.8,2,1.53
P-000145,2025-08-01,8,178.3,7.1,3,5,95.0,25.8,2,1.28
P-000145,2025-09-01,9,182.2,5.3,1,3,86.2,16.1,2,1.59
P-000145,2025-10-01,10,170.3,0.0,1,6,86.6,14.4,2,1.66
P-000145,2025-11-01,11,171.9,9.3,1,3,91.2,21.4,1,1.53
P-000145,2025-12-01,12,172.7,2.8,1,4,97.4,12.7,1,1.38
P-000146,2025-01-01,1,176.0,9.3,2,3,96.0,16.4,2,1.72
P-000146,2025-02-01,2,172.3,3.1,5,4,92.3,26.5,2,1.47
P-000146,2025-03-01,3,169.5,7.8,4,6,88.6,21.3,2,1.05
P-000146,2025-04-01,4,212.1,26.0,1,9,61.7,54.8,1,2.86
P-000146,2025-05-01,5,175.5,0.0,3,4,95.2,17.4,2,1.06
P-000146,2025-06-01,6,172.5,3.6,2,5,99.3,18.2,2,1.72
P-000146,2025-07-01,7,185.0,3.2,1,5,94.4,19.9,1,1.81
P-000146,2025-08-01,8,176.8,9.9,4,5,84.5,30.9,1,1.58
P-000146,2025-09-01,9,176.2,9.4,5,6,91.3,29.3,2,1.0
P-000146,2025-10-01,10,175.9,1.6,2,4,94.5,18.1,2,1.15
P-000146,2025-11-01,11,167.6,11.4,1,5,91.8,17.5,1,1.8
P-000146,2025-12-01,12,172.1,9.2,4,6,93.7,19.7,1,1.3
P-000147,2025-01-01,1,180.5,4.4,0,4,86.4,22.2,2,1.44
P-000147,2025-02-01,2,174.1,7.6,0,4,96.8,12.9,2,1.08
P-000147,2025-03-01,3,172.4,0.0,0,5,94.7,14.7,2,1.74
P-000147,2025-04-01,4,176.7,8.3,2,5,96.0,22.3,1,1.17
P-000147,2025-05-01,5,206.1,34.2,2,8,51.6,62.0,1,3.12
P-000147,2025-06-01,6,176.9,6.7,0,4,91.2,18.7,3,1.39
P-000147,2025-07-01,7,187.5,9.5,1,6,92.4,25.0,2,1.58
P-000147,2025-08-01,8,171.3,1.0,2,3,86.4,19.3,2,1.72
P-000147,2025-09-01,9,175.7,1.7,1,5,95.6,13.9,1,1.97
P-000147,2025-10-01,10,178.0,7.7,1,3,93.8,20.5,2,1.23
P-000147,2025-11-01,11,179.8,7.6,4,5,91.8,25.0,2,1.52
P-000147,2025-12-01,12,172.4,3.6,3,4,100.2,13.8,2,1.25
P-000148,2025-01-01,1,183.0,6.5,1,4,91.8,23.5,5,1.83
P-000148,2025-02-01,2,185.2,7.4,2,4,99.8,29.0,3,1.7
P-000148,2025-03-01,3,167.9,7.3,3,5,100.3,24.7,4,1.77
P-000148,2025-04-01,4,236.8,30.8,4,10,58.4,66.8,3,3.82
P-000148,2025-05-01,5,240.8,50.8,4,11,46.9,87.6,4,4.68
P-000148,2025-06-01,6,236.8,44.8,6,11,64.5,82.6,4,3.98
P-000148,2025-07-01,7,244.5,37.9,9,10,61.5,89.8,5,5.0
P-000148,2025-08-01,8,243.8,41.2,6,12,56.5,79.8,4,3.83
P-000148,2025-09-01,9,179.9,4.4,3,7,92.7,26.4,3,1.61
P-000148,2025-10-01,10,166.4,6.0,3,4,97.1,17.7,4,1.02
P-000148,2025-11-01,11,175.0,0.0,2,5,88.5,21.8,3,1.0
P-000148,2025-12-01,12,176.8,8.0,3,6,97.9,22.3,4,1.4
P-000149,2025-01-01,1,176.5,9.1,4,5,97.5,23.2,1,1.16
P-000149,2025-02-01,2,241.8,40.2,2,13,65.0,74.6,4,4.49
P-000149,2025-03-01,3,242.8,50.4,6,7,57.8,85.7,4,4.42
P-000149,2025-04-01,4,235.8,40.6,6,8,64.7,75.6,4,4.46
P-000149,2025-05-01,5,232.8,39.6,5,10,61.2,76.4,4,3.59
P-000149,2025-06-01,6,174.7,3.2,1,5,100.4,15.5,1,1.36
P-000149,2025-07-01,7,166.4,1.2,0,4,93.5,9.9,1,1.56
P-000149,2025-08-01,8,183.3,4.2,2,5,90.6,22.0,1,1.36
P-000149,2025-09-01,9,174.5,5.9,1,5,90.0,14.4,1,1.67
P-000149,2025-10-01,10,180.9,10.2,2,4,89.7,21.3,1,1.58
P-000149,2025-11-01,11,166.8,2.3,1,4,95.7,9.4,1,1.21
P-000149,2025-12-01,12,179.6,8.3,4,4,89.2,27.9,1,1.45
P-000150,2025-01-01,1,182.8,7.6,4,4,95.0,21.8,5,1.45
P-000150,2025-02-01,2,170.8,6.8,1,5,88.5,24.3,5,1.49
P-000150,2025-03-01,3,181.6,7.4,2,6,95.0,24.8,4,1.56
P-000150,2025-04-01,4,244.1,36.3,7,11,66.2,78.1,5,4.35
P-000150,2025-05-01,5,245.0,28.0,7,12,59.1,82.0,5,4.0
P-000150,2025-06-01,6,239.4,55.3,4,13,57.7,79.1,5,3.51
P-000150,2025-07-01,7,252.7,50.5,5,14,51.3,92.5,5,4.64
P-000150,2025-08-01,8,246.2,43.1,6,12,61.8,83.2,5,4.79
P-000150,2025-09-01,9,253.9,29.6,5,15,59.6,76.2,5,4.24
P-000150,2025-10-01,10,236.6,54.3,2,13,58.6,81.8,5,4.7
P-000150,2025-11-01,11,239.4,42.5,7,12,53.4,86.7,5,4.31
P-000150,2025-12-01,12,170.9,10.0,0,6,91.8,23.1,4,1.29
P-000151,2025-01-01,1,178.7,8.2,0,6,89.9,23.9,2,1.16
P-000151,2025-02-01,2,187.7,3.3,1,5,91.5,19.9,2,1.28
P-000151,2025-03-01,3,176.9,8.4,1,3,93.1,23.5,2,1.22
P-000151,2025-04-01,4,174.9,4.7,1,4,94.9,14.9,1,1.39
P-000151,2025-05-01,5,212.5,43.0,3,6,64.7,62.7,1,2.83
P-000151,2025-06-01,6,182.0,14.3,0,5,91.1,19.5,1,1.25
P-000151,2025-07-01,7,174.9,8.5,4,5,91.9,25.8,2,1.41
P-000151,2025-08-01,8,178.9,9.7,2,6,90.5,21.3,2,1.52
P-000151,2025-09-01,9,173.4,4.1,2,3,99.2,18.6,2,1.23
P-000151,2025-10-01,10,173.0,6.1,3,6,98.4,21.4,1,1.42
P-000151,2025-11-01,11,179.4,8.1,3,5,91.5,24.4,1,1.26
P-000151,2025-12-01,12,175.9,9.7,2,4,85.8,24.1,1,1.22
P-000152,2025-01-01,1,183.3,7.2,1,4,92.0,25.0,1,1.19
P-000152,2025-02-01,2,178.0,2.0,1,5,97.2,18.8,2,1.39
P-000152,2025-03-01,3,185.9,5.9,2,3,90.4,25.0,1,1.35
P-000152,2025-04-01,4,244.2,27.0,4,8,69.8,68.5,3,4.11
P-000152,2025-05-01,5,176.5,7.9,1,5,94.4,21.2,1,1.45
P-000152,2025-06-01,6,176.4,7.2,0,6,93.9,18.4,3,1.42
P-000152,2025-07-01,7,182.4,4.8,1,4,94.5,25.0,2,1.29
P-000152,2025-08-01,8,178.7,9.9,0,7,95.7,24.5,1,1.65
P-000152,2025-09-01,9,174.4,9.1,3,6,91.7,21.7,2,1.36
P-000152,2025-10-01,10,173.9,4.9,4,5,93.2,26.3,3,1.76
P-000152,2025-11-01,11,172.2,7.3,2,4,95.4,18.1,1,1.38
P-000152,2025-12-01,12,181.0,13.1,1,5,86.1,28.4,2,1.52
P-000153,2025-01-01,1,176.4,0.0,1,4,96.4,7.6,1,1.03
P-000153,2025-02-01,2,178.5,9.2,1,3,96.2,17.1,2,1.23
P-000153,2025-03-01,3,177.1,7.3,5,6,96.8,22.6,1,1.54
P-000153,2025-04-01,4,175.4,1.9,1,4,96.0,13.5,2,1.0
P-000153,2025-05-01,5,229.6,36.9,5,10,58.2,73.7,2,3.52
P-000153,2025-06-01,6,173.5,2.5,2,5,97.7,19.3,3,1.52
P-000153,2025-07-01,7,175.1,5.8,1,7,95.0,19.7,2,1.26
P-000153,2025-08-01,8,173.3,6.3,2,5,89.1,17.7,2,1.0
P-000153,2025-09-01,9,171.9,7.4,2,5,91.4,21.9,3,1.65
P-000153,2025-10-01,10,169.9,3.3,2,5,98.2,16.5,2,1.02
P-000153,2025-11-01,11,179.5,5.2,3,6,92.3,24.2,2,1.44
P-000153,2025-12-01,12,173.6,9.9,3,6,90.6,31.3,2,1.68
P-000154,2025-01-01,1,182.9,4.2,1,5,95.8,24.9,4,1.29
P-000154,2025-02-01,2,179.5,0.2,0,5,101.7,22.3,5,1.18
P-000154,2025-03-01,3,174.7,13.1,1,5,91.4,26.1,4,1.93
P-000154,2025-04-01,4,226.3,25.2,6,10,63.0,64.0,3,3.58
P-000154,2025-05-01,5,245.3,43.9,4,12,57.7,85.0,5,4.56
P-000154,2025-06-01,6,242.5,50.1,1,13,56.5,78.9,4,4.28
P-000154,2025-07-01,7,236.6,47.4,5,12,54.9,85.2,4,4.51
P-000154,2025-08-01,8,257.1,38.4,8,10,54.6,90.9,5,4.32
P-000154,2025-09-01,9,185.3,0.4,2,4,96.0,20.8,3,1.42
P-000154,2025-10-01,10,171.8,4.7,2,4,83.6,21.0,4,1.16
P-000154,2025-11-01,11,171.9,5.8,1,6,89.6,16.8,3,1.33
P-000154,2025-12-01,12,168.7,5.2,1,5,90.2,21.7,4,1.52
P-000155,2025-01-01,1,180.3,1.6,3,6,99.4,21.2,4,1.52
P-000155,2025-02-01,2,194.9,9.1,2,3,89.9,26.0,4,1.14
P-000155,2025-03-01,3,181.7,9.8,1,4,85.6,25.9,5,1.29
P-000155,2025-04-01,4,240.4,35.0,7,13,61.2,86.9,5,4.96
P-000155,2025-05-01,5,235.5,39.4,6,12,58.6,83.1,5,4.35
P-000155,2025-06-01,6,249.3,31.3,6,10,59.1,81.9,4,3.82
P-000155,2025-07-01,7,244.9,42.9,3,11,61.9,78.9,5,4.25
P-000155,2025-08-01,8,244.1,48.4,6,11,48.2,92.6,5,4.17
P-000155,2025-09-01,9,254.0,49.0,9,11,56.3,95.8,5,4.28
P-000155,2025-10-01,10,246.7,37.4,7,9,56.8,83.5,5,4.21
P-000155,2025-11-01,11,231.7,32.9,8,13,59.0,81.1,4,4.34
P-000155,2025-12-01,12,182.8,3.9,1,5,93.7,28.7,4,1.81
P-000156,2025-01-01,1,172.6,10.8,2,4,95.8,22.0,4,1.88
P-000156,2025-02-01,2,179.6,12.9,4,5,88.5,32.2,4,1.5
P-000156,2025-03-01,3,183.0,12.6,4,6,86.1,33.8,5,1.75
P-000156,2025-04-01,4,252.4,41.9,4,10,58.6,87.4,5,4.23
P-000156,2025-05-01,5,238.3,48.5,2,11,46.3,81.8,5,4.14
P-000156,2025-06-01,6,237.4,41.3,6,9,55.1,76.1,4,3.45
P-000156,2025-07-01,7,248.8,38.8,5,11,52.1,87.4,5,4.78
P-000156,2025-08-01,8,229.8,46.3,7,6,55.3,81.0,4,4.63
P-000156,2025-09-01,9,240.3,38.8,12,10,58.9,91.0,5,4.62
P-000156,2025-10-01,10,253.1,52.4,10,16,52.1,98.0,5,4.03
P-000156,2025-11-01,11,231.8,31.6,7,12,69.6,79.5,4,4.37
P-000156,2025-12-01,12,171.6,0.8,4,3,93.6,15.2,5,1.0
P-000157,2025-01-01,1,179.4,8.1,2,5,94.5,21.1,1,1.51
P-000157,2025-02-01,2,236.2,32.3,4,9,69.0,71.1,4,4.34
P-000157,2025-03-01,3,252.6,39.7,10,12,64.7,89.8,4,4.06
P-000157,2025-04-01,4,231.4,35.8,5,10,59.2,75.4,4,3.83
P-000157,2025-05-01,5,233.0,29.7,14,11,71.7,83.5,4,4.36
P-000157,2025-06-01,6,177.7,3.2,3,3,92.4,17.4,1,1.38
P-000157,2025-07-01,7,174.9,5.1,1,5,88.1,16.5,1,1.07
P-000157,2025-08-01,8,176.4,5.2,3,4,93.7,20.0,1,1.47
P-000157,2025-09-01,9,175.8,11.4,3,4,91.2,19.1,1,1.12
P-000157,2025-10-01,10,182.2,4.5,1,3,97.9,25.6,1,1.44
P-000157,2025-11-01,11,177.6,8.7,1,3,95.2,22.6,1,1.53
P-000157,2025-12-01,12,180.4,2.1,1,5,93.1,17.5,1,1.46
P-000158,2025-01-01,1,180.2,10.8,2,5,95.3,25.4,2,1.4
P-000158,2025-02-01,2,177.6,7.6,3,5,94.2,17.3,2,1.53
P-000158,2025-03-01,3,170.1,0.7,2,5,99.5,13.5,2,1.4
P-000158,2025-04-01,4,174.5,9.0,3,4,95.1,21.3,1,1.2
P-000158,2025-05-01,5,173.6,6.2,2,4,100.8,12.7,2,1.45
P-000158,2025-06-01,6,182.6,15.6,0,6,91.0,17.2,2,1.36
P-000158,2025-07-01,7,167.0,8.8,5,4,95.3,20.4,1,1.1
P-000158,2025-08-01,8,170.7,8.7,2,4,99.3,19.6,2,1.63
P-000158,2025-09-01,9,172.4,7.3,3,4,97.1,21.3,2,1.45
P-000158,2025-10-01,10,185.1,4.7,1,6,97.4,18.1,1,1.04
P-000158,2025-11-01,11,170.9,10.1,1,7,92.8,24.5,1,1.6
P-000158,2025-12-01,12,178.7,0.0,1,5,91.0,27.1,2,1.66
P-000159,2025-01-01,1,177.5,0.0,4,3,97.3,22.3,2,1.6
P-000159,2025-02-01,2,172.9,3.5,2,6,86.8,24.6,2,1.76
P-000159,2025-03-01,3,169.4,0.0,3,6,88.2,20.7,1,1.34
P-000159,2025-04-01,4,173.8,3.6,0,4,89.8,15.2,1,1.0
P-000159,2025-05-01,5,171.6,4.7,4,5,91.6,25.7,2,1.44
P-000159,2025-06-01,6,171.7,3.9,3,5,92.4,18.3,3,1.33
P-000159,2025-07-01,7,174.6,7.9,1,3,98.5,17.7,2,1.04
P-000159,2025-08-01,8,173.6,3.4,4,4,98.6,14.1,1,1.21
P-000159,2025-09-01,9,178.6,4.3,2,3,90.3,24.8,2,1.35
P-000159,2025-10-01,10,170.9,2.1,2,5,93.3,14.3,2,1.47
P-000159,2025-11-01,11,176.0,4.3,1,5,91.6,16.4,2,1.65
P-000159,2025-12-01,12,181.7,10.0,1,4,89.4,23.8,2,1.61
P-000160,2025-01-01,1,173.7,4.2,4,6,89.5,25.8,5,1.91
P-000160,2025-02-01,2,177.4,3.8,1,4,91.1,18.8,5,1.07
P-000160,2025-03-01,3,168.7,6.9,1,5,98.5,14.3,5,1.79
P-000160,2025-04-01,4,244.4,38.5,6,16,59.1,80.5,5,4.01
P-000160,2025-05-01,5,242.3,42.0,5,9,56.7,81.6,5,4.66
P-000160,2025-06-01,6,241.4,39.9,6,13,55.9,88.1,5,4.63
P-000160,2025-07-01,7,238.2,23.9,7,10,73.5,66.3,4,3.69
P-000160,2025-08-01,8,249.7,45.1,4,14,56.9,84.2,5,5.0
P-000160,2025-09-01,9,247.0,45.1,6,13,55.9,91.9,5,4.67
P-000160,2025-10-01,10,249.3,46.4,5,14,67.1,91.9,5,4.54
P-000160,2025-11-01,11,237.8,26.3,6,8,67.0,73.1,5,4.43
P-000160,2025-12-01,12,177.2,4.7,3,6,98.1,17.4,5,1.08
P-000161,2025-01-01,1,164.0,9.7,2,4,92.6,19.7,2,1.42
P-000161,2025-02-01,2,186.2,9.2,2,5,90.2,23.7,1,1.42
P-000161,2025-03-01,3,177.5,11.1,4,5,84.6,30.9,1,1.63
P-000161,2025-04-01,4,208.5,34.7,6,11,69.2,60.7,1,3.36
P-000161,2025-05-01,5,183.4,2.2,2,6,94.4,24.1,1,1.19
P-000161,2025-06-01,6,182.1,8.2,1,5,91.7,24.3,2,1.59
P-000161,2025-07-01,7,178.4,4.7,1,4,98.1,17.6,2,1.05
P-000161,2025-08-01,8,170.8,6.8,1,5,89.4,21.0,2,1.11
P-000161,2025-09-01,9,173.5,6.4,4,4,87.5,20.7,1,1.24
P-000161,2025-10-01,10,183.1,0.0,2,5,91.6,25.7,2,1.36
P-000161,2025-11-01,11,181.7,12.0,1,5,92.2,23.1,3,1.68
P-000161,2025-12-01,12,177.2,6.6,4,4,89.5,28.2,1,1.58
P-000162,2025-01-01,1,165.9,6.9,3,5,88.2,19.0,2,2.23
P-000162,2025-02-01,2,175.0,0.7,4,6,90.7,22.1,2,1.22
P-000162,2025-03-01,3,169.7,4.4,1,3,93.3,18.2,1,1.24
P-000162,2025-04-01,4,167.3,0.0,1,5,95.1,9.8,1,1.34
P-000162,2025-05-01,5,180.9,2.6,2,4,96.6,22.3,2,1.4
P-000162,2025-06-01,6,179.3,8.8,1,4,93.1,18.7,1,1.53
P-000162,2025-07-01,7,170.2,6.4,0,3,90.8,13.3,2,1.05
P-000162,2025-08-01,8,173.4,0.7,0,3,94.5,14.9,1,1.01
P-000162,2025-09-01,9,166.4,8.1,2,3,93.6,18.2,1,1.4
P-000162,2025-10-01,10,170.8,4.5,1,3,86.7,15.2,2,1.65
P-000162,2025-11-01,11,184.2,3.0,3,4,99.3,17.0,1,1.08
P-000162,2025-12-01,12,176.9,8.2,3,5,85.8,21.2,1,1.35
P-000163,2025-01-01,1,180.7,3.7,2,3,86.7,19.7,5,1.01
P-000163,2025-02-01,2,174.1,11.7,4,3,88.8,28.5,4,1.15
P-000163,2025-03-01,3,169.4,8.9,0,5,97.5,12.5,4,1.18
P-000163,2025-04-01,4,240.4,39.2,5,11,62.0,78.3,4,4.02
P-000163,2025-05-01,5,245.9,53.8,9,9,55.1,94.2,5,4.74
P-000163,2025-06-01,6,243.4,36.2,5,12,58.7,80.5,4,3.53
P-000163,2025-07-01,7,229.3,42.1,2,12,64.2,73.6,4,4.66
P-000163,2025-08-01,8,244.5,44.0,6,12,44.1,89.8,5,4.85
P-000163,2025-09-01,9,236.6,24.1,3,9,70.2,66.4,4,4.03
P-000163,2025-10-01,10,240.9,40.0,7,14,64.2,82.7,5,5.0
P-000163,2025-11-01,11,239.1,41.6,3,12,49.9,78.8,4,4.26
P-000163,2025-12-01,12,188.2,7.9,2,4,92.2,26.9,4,1.2
P-000164,2025-01-01,1,185.6,7.4,1,3,95.6,18.1,2,1.47
P-000164,2025-02-01,2,179.6,8.7,3,4,86.9,31.5,2,1.87
P-000164,2025-03-01,3,175.6,6.2,2,5,98.6,15.8,2,1.02
P-000164,2025-04-01,4,173.7,10.1,1,3,92.8,21.0,2,2.05
P-000164,2025-05-01,5,184.9,13.1,2,5,92.4,28.4,2,1.67
P-000164,2025-06-01,6,238.8,26.6,6,11,67.2,76.4,4,4.23
P-000164,2025-07-01,7,232.5,22.9,3,8,60.5,65.5,4,4.43
P-000164,2025-08-01,8,177.8,7.8,1,4,97.3,16.7,2,1.41
P-000164,2025-09-01,9,173.2,7.2,0,5,88.7,19.5,2,1.82
P-000164,2025-10-01,10,175.4,10.4,1,5,88.8,18.7,2,1.5
P-000164,2025-11-01,11,175.0,0.2,0,4,97.4,16.2,2,1.2
P-000164,2025-12-01,12,183.7,9.8,3,5,93.9,28.0,2,1.43
P-000165,2025-01-01,1,173.6,6.2,1,4,89.2,15.2,2,1.0
P-000165,2025-02-01,2,177.4,3.2,1,5,95.3,16.8,2,1.83
P-000165,2025-03-01,3,188.2,7.4,1,3,91.8,21.2,2,1.14
P-000165,2025-04-01,4,181.9,4.9,4,4,93.5,20.3,1,1.8
P-000165,2025-05-01,5,220.5,37.3,4,5,56.2,58.9,2,3.27
P-000165,2025-06-01,6,181.9,9.3,2,4,96.0,20.5,2,1.41
P-000165,2025-07-01,7,180.4,10.4,1,3,92.3,21.6,1,1.34
P-000165,2025-08-01,8,174.7,7.2,0,4,93.6,19.4,2,1.13
P-000165,2025-09-01,9,172.0,12.0,0,4,94.4,13.8,1,1.0
P-000165,2025-10-01,10,174.1,6.7,0,5,89.8,13.9,3,1.54
P-000165,2025-11-01,11,175.6,7.0,4,5,88.6,24.4,1,1.8
P-000165,2025-12-01,12,182.7,8.4,0,5,92.4,20.8,1,1.6
P-000166,2025-01-01,1,177.3,10.8,3,5,94.2,26.6,5,1.8
P-000166,2025-02-01,2,175.8,7.7,1,4,88.3,21.8,4,1.67
P-000166,2025-03-01,3,234.3,38.1,6,8,55.4,81.2,4,4.2
P-000166,2025-04-01,4,257.6,33.3,8,9,63.3,85.4,5,5.0
P-000166,2025-05-01,5,243.6,30.0,4,12,62.0,72.3,4,4.13
P-000166,2025-06-01,6,255.9,52.7,4,10,49.0,91.9,5,4.65
P-000166,2025-07-01,7,238.2,36.1,4,8,66.8,70.8,4,4.25
P-000166,2025-08-01,8,230.2,38.5,7,13,63.6,76.2,3,3.89
P-000166,2025-09-01,9,231.3,30.9,5,10,57.1,68.2,3,3.48
P-000166,2025-10-01,10,164.2,9.4,5,4,92.4,23.1,5,1.54
P-000166,2025-11-01,11,183.2,7.4,1,3,88.8,21.3,5,1.32
P-000166,2025-12-01,12,180.0,7.2,3,5,84.4,24.9,5,1.53
P-000167,2025-01-01,1,181.1,8.9,3,4,94.5,26.2,1,1.29
P-000167,2025-02-01,2,179.3,12.2,4,5,98.3,28.0,2,1.27
P-000167,2025-03-01,3,175.8,3.8,0,4,85.2,24.3,3,1.63
P-000167,2025-04-01,4,229.1,45.2,6,5,63.4,70.0,2,3.35
P-000167,2025-05-01,5,186.1,6.3,0,7,94.3,25.4,1,1.72
P-000167,2025-06-01,6,186.1,0.0,4,3,95.1,26.9,2,1.0
P-000167,2025-07-01,7,177.7,7.6,4,5,96.0,24.5,1,1.17
P-000167,2025-08-01,8,179.7,3.9,2,5,95.5,20.6,2,1.34
P-000167,2025-09-01,9,178.1,8.2,1,5,89.0,20.8,1,1.21
P-000167,2025-10-01,10,167.8,9.4,3,4,89.5,14.9,2,1.01
P-000167,2025-11-01,11,176.7,6.8,2,5,95.2,21.5,1,1.64
P-000167,2025-12-01,12,177.2,9.3,1,6,94.0,14.1,2,1.8
P-000168,2025-01-01,1,184.9,10.7,1,6,92.1,24.4,2,1.25
P-000168,2025-02-01,2,167.8,0.6,4,5,102.5,11.9,1,1.71
P-000168,2025-03-01,3,182.3,5.5,0,4,94.0,20.6,3,1.89
P-000168,2025-04-01,4,208.7,24.0,5,4,65.7,53.1,1,2.53
P-000168,2025-05-01,5,162.4,5.3,3,3,90.6,17.8,2,2.0
P-000168,2025-06-01,6,179.2,4.3,2,5,99.9,21.3,1,1.45
P-000168,2025-07-01,7,170.8,2.3,0,5,91.6,15.8,2,1.1
P-000168,2025-08-01,8,181.3,2.1,1,3,101.2,20.6,2,1.68
P-000168,2025-09-01,9,175.9,4.3,2,5,86.9,20.9,1,1.56
P-000168,2025-10-01,10,178.3,10.7,1,5,86.5,22.7,1,1.39
P-000168,2025-11-01,11,165.9,6.7,0,4,92.5,15.8,2,1.1
P-000168,2025-12-01,12,165.1,2.2,2,5,96.0,18.4,2,1.09
P-000169,2025-01-01,1,177.0,9.6,3,4,91.9,21.6,1,1.89
P-000169,2025-02-01,2,172.4,6.5,0,5,94.5,18.1,2,2.11
P-000169,2025-03-01,3,171.4,0.4,2,4,96.9,20.6,1,1.36
P-000169,2025-04-01,4,167.5,3.9,2,6,90.8,18.9,2,1.0
P-000169,2025-05-01,5,173.0,6.3,3,5,94.3,18.7,1,1.52
P-000169,2025-06-01,6,180.9,3.9,1,4,94.2,20.0,1,1.0
P-000169,2025-07-01,7,169.9,6.0,0,6,96.5,9.7,1,1.41
P-000169,2025-08-01,8,173.9,5.9,2,4,95.4,14.4,2,1.0
P-000169,2025-09-01,9,167.0,4.4,1,3,92.0,15.7,2,1.0
P-000169,2025-10-01,10,177.4,6.6,2,6,86.6,30.2,2,1.04
P-000169,2025-11-01,11,180.8,5.0,0,3,94.7,18.5,2,1.6
P-000169,2025-12-01,12,185.5,9.9,0,5,90.3,22.0,1,1.22
P-000170,2025-01-01,1,173.3,9.1,2,4,96.1,17.5,4,1.31
P-000170,2025-02-01,2,175.9,12.1,1,5,95.1,24.8,5,1.53
P-000170,2025-03-01,3,172.8,2.0,5,5,96.0,15.4,4,1.58
P-000170,2025-04-01,4,242.4,42.7,3,6,62.8,73.7,5,4.4
P-000170,2025-05-01,5,245.0,44.6,5,8,54.8,85.4,5,4.35
P-000170,2025-06-01,6,244.3,50.6,3,12,56.9,83.3,5,4.68
P-000170,2025-07-01,7,239.8,43.9,9,15,54.1,95.2,5,4.17
P-000170,2025-08-01,8,249.9,34.2,6,10,60.7,77.5,5,4.4
P-000170,2025-09-01,9,249.0,39.4,7,11,60.4,89.0,5,4.18
P-000170,2025-10-01,10,230.4,34.8,2,9,59.5,68.4,4,3.94
P-000170,2025-11-01,11,240.3,40.9,5,10,49.5,79.2,5,4.01
P-000170,2025-12-01,12,170.7,16.5,0,5,89.3,20.0,5,1.75
P-000171,2025-01-01,1,179.6,16.7,0,5,79.0,26.9,5,1.0
P-000171,2025-02-01,2,174.2,7.1,0,4,91.5,15.1,4,1.17
P-000171,2025-03-01,3,181.7,1.4,4,3,97.5,28.2,5,1.0
P-000171,2025-04-01,4,238.9,44.4,8,8,47.4,87.3,5,4.69
P-000171,2025-05-01,5,241.3,46.4,9,10,51.8,91.2,4,4.34
P-000171,2025-06-01,6,232.8,40.7,4,10,49.8,77.2,3,3.74
P-000171,2025-07-01,7,235.4,35.5,6,7,65.8,74.7,3,3.7
P-000171,2025-08-01,8,244.9,53.3,13,12,53.6,98.0,5,4.32
P-000171,2025-09-01,9,181.1,6.9,2,6,84.8,20.9,4,1.53
P-000171,2025-10-01,10,168.1,5.7,3,4,91.2,21.3,3,1.44
P-000171,2025-11-01,11,184.4,11.5,2,4,93.9,24.8,4,1.21
P-000171,2025-12-01,12,190.3,8.2,1,6,96.3,25.7,3,1.55
P-000172,2025-01-01,1,167.4,7.6,1,4,91.7,15.3,4,1.36
P-000172,2025-02-01,2,163.5,1.9,3,6,93.0,18.8,5,1.87
P-000172,2025-03-01,3,232.8,40.3,6,10,60.3,72.3,4,4.64
P-000172,2025-04-01,4,254.5,47.2,5,13,63.1,94.7,5,4.91
P-000172,2025-05-01,5,246.6,41.1,6,8,54.6,84.7,5,4.17
P-000172,2025-06-01,6,237.4,45.1,7,9,56.1,84.0,4,4.25
P-000172,2025-07-01,7,235.2,40.2,1,8,59.6,69.5,3,3.51
P-000172,2025-08-01,8,233.7,39.0,5,9,58.4,77.4,4,3.98
P-000172,2025-09-01,9,242.8,44.0,3,9,49.7,79.0,4,3.85
P-000172,2025-10-01,10,168.8,1.7,2,4,98.2,13.8,4,1.07
P-000172,2025-11-01,11,172.3,4.7,1,4,87.1,15.3,5,1.2
P-000172,2025-12-01,12,173.7,6.3,1,5,95.0,22.1,3,1.79
P-000173,2025-01-01,1,168.1,9.4,4,5,88.1,23.3,1,1.75
P-000173,2025-02-01,2,182.4,3.0,0,4,86.9,17.9,2,1.54
P-000173,2025-03-01,3,177.5,3.3,3,5,96.3,23.0,2,1.71
P-000173,2025-04-01,4,174.9,7.2,1,3,91.7,20.0,2,1.1
P-000173,2025-05-01,5,170.6,13.2,2,4,94.5,17.4,1,1.11
P-000173,2025-06-01,6,173.1,5.4,1,4,97.4,12.4,2,1.13
P-000173,2025-07-01,7,176.8,5.8,1,4,91.6,17.2,1,1.99
P-000173,2025-08-01,8,171.3,7.1,1,5,94.1,15.2,1,1.4
P-000173,2025-09-01,9,179.9,6.8,4,3,99.8,26.5,3,1.67
P-000173,2025-10-01,10,169.8,0.0,2,5,89.9,16.9,2,1.43
P-000173,2025-11-01,11,168.4,11.4,2,4,94.3,19.4,1,1.5
P-000173,2025-12-01,12,178.5,2.6,0,5,93.2,20.5,1,1.61
P-000174,2025-01-01,1,169.6,3.3,4,4,98.4,18.1,1,1.21
P-000174,2025-02-01,2,170.7,10.2,1,5,88.9,16.3,2,1.27
P-000174,2025-03-01,3,177.8,8.9,3,4,92.3,26.3,2,1.33
P-000174,2025-04-01,4,174.9,9.4,5,5,93.8,23.1,2,1.0
P-000174,2025-05-01,5,231.0,42.4,7,9,57.4,83.4,3,4.06
P-000174,2025-06-01,6,180.0,9.3,1,4,95.7,19.1,2,1.57
P-000174,2025-07-01,7,176.1,8.0,2,4,93.1,21.0,2,1.38
P-000174,2025-08-01,8,181.3,4.5,2,4,90.9,20.0,2,1.0
P-000174,2025-09-01,9,161.8,10.2,1,4,88.9,22.2,1,2.04
P-000174,2025-10-01,10,176.7,7.0,1,5,94.7,23.6,2,1.37
P-000174,2025-11-01,11,184.7,7.2,4,6,95.8,26.7,2,1.72
P-000174,2025-12-01,12,183.5,6.4,2,3,94.8,24.9,3,1.42
P-000175,2025-01-01,1,177.1,1.7,4,5,86.9,29.8,1,1.34
P-000175,2025-02-01,2,190.4,5.0,1,5,90.8,25.0,2,1.66
P-000175,2025-03-01,3,171.4,9.8,2,5,91.1,22.8,2,1.77
P-000175,2025-04-01,4,176.8,7.3,1,3,93.7,21.0,2,1.37
P-000175,2025-05-01,5,169.1,2.1,4,5,97.3,18.6,1,1.29
P-000175,2025-06-01,6,178.1,8.4,1,4,89.8,23.4,1,1.67
P-000175,2025-07-01,7,171.5,7.0,1,5,89.5,15.8,2,1.29
P-000175,2025-08-01,8,168.2,11.7,3,4,88.6,23.6,1,1.72
P-000175,2025-09-01,9,180.6,7.3,0,4,89.6,19.8,2,1.95
P-000175,2025-10-01,10,173.4,10.0,1,6,96.9,20.7,3,1.0
P-000175,2025-11-01,11,163.4,11.9,3,3,90.6,25.3,1,1.38
P-000175,2025-12-01,12,179.2,5.4,1,3,100.7,16.7,1,1.34
P-000176,2025-01-01,1,175.1,9.4,0,4,98.0,18.9,4,1.37
P-000176,2025-02-01,2,182.6,6.6,3,4,92.6,25.4,3,1.77
P-000176,2025-03-01,3,229.0,31.4,5,10,56.9,72.1,3,3.75
P-000176,2025-04-01,4,238.6,46.5,6,11,56.6,81.4,4,3.39
P-000176,2025-05-01,5,232.4,40.0,8,12,60.7,87.0,4,3.97
P-000176,2025-06-01,6,239.9,34.3,6,11,66.5,79.5,4,4.31
P-000176,2025-07-01,7,238.8,46.1,7,12,58.2,82.6,4,4.34
P-000176,2025-08-01,8,225.6,39.0,8,10,66.1,76.3,3,3.23
P-000176,2025-09-01,9,220.1,46.6,8,11,60.9,75.2,4,4.2
P-000176,2025-10-01,10,191.1,7.8,5,5,104.5,32.0,4,1.37
P-000176,2025-11-01,11,184.2,6.3,1,5,91.2,20.9,5,1.96
P-000176,2025-12-01,12,175.0,15.4,4,3,93.7,29.1,3,1.31
P-000177,2025-01-01,1,172.0,3.1,0,5,95.4,17.7,1,1.47
P-000177,2025-02-01,2,244.8,46.8,11,12,59.1,93.0,4,4.13
P-000177,2025-03-01,3,239.3,47.3,7,10,62.5,83.1,4,3.48
P-000177,2025-04-01,4,235.8,51.9,9,12,59.2,87.3,4,3.81
P-000177,2025-05-01,5,238.9,49.5,5,10,58.0,83.4,4,4.15
P-000177,2025-06-01,6,178.9,8.0,4,5,92.7,26.2,1,1.74
P-000177,2025-07-01,7,168.1,6.7,2,4,97.8,14.2,1,1.16
P-000177,2025-08-01,8,178.2,7.4,3,4,91.2,26.9,1,1.85
P-000177,2025-09-01,9,171.7,3.1,0,4,99.2,10.2,1,1.42
P-000177,2025-10-01,10,185.3,6.9,2,4,97.1,16.1,1,1.29
P-000177,2025-11-01,11,177.1,6.6,1,5,95.2,17.7,1,1.46
P-000177,2025-12-01,12,176.1,12.0,3,6,93.0,31.5,1,1.69
P-000178,2025-01-01,1,166.4,11.0,2,3,93.9,19.8,4,1.0
P-000178,2025-02-01,2,181.9,0.3,2,5,91.2,19.3,4,1.57
P-000178,2025-03-01,3,237.4,35.8,6,7,56.3,72.3,4,4.18
P-000178,2025-04-01,4,231.2,39.2,6,8,57.4,74.6,4,4.27
P-000178,2025-05-01,5,239.7,48.8,9,11,55.8,94.6,4,4.46
P-000178,2025-06-01,6,252.7,39.3,7,9,49.0,85.3,5,3.61
P-000178,2025-07-01,7,233.7,43.2,8,14,56.9,85.0,4,3.08
P-000178,2025-08-01,8,240.3,41.5,4,12,55.5,80.0,3,3.56
P-000178,2025-09-01,9,226.7,35.0,6,13,66.9,79.6,4,4.53
P-000178,2025-10-01,10,170.2,1.9,2,5,92.8,12.1,4,1.57
P-000178,2025-11-01,11,182.0,5.7,1,3,94.1,22.0,4,1.79
P-000178,2025-12-01,12,174.5,2.4,2,5,87.7,15.3,4,1.0
P-000179,2025-01-01,1,173.8,6.1,1,4,83.5,20.9,4,1.12
P-000179,2025-02-01,2,181.0,9.3,3,5,96.5,23.0,4,2.16
P-000179,2025-03-01,3,171.0,1.2,0,3,92.9,14.6,3,1.45
P-000179,2025-04-01,4,238.3,38.2,10,10,57.7,88.3,3,3.61
P-000179,2025-05-01,5,228.1,39.7,2,8,59.6,66.3,3,3.73
P-000179,2025-06-01,6,246.7,40.4,9,9,67.7,84.5,4,3.86
P-000179,2025-07-01,7,239.5,51.2,8,11,50.7,92.7,4,4.31
P-000179,2025-08-01,8,230.0,45.7,1,11,51.3,70.0,4,4.03
P-000179,2025-09-01,9,171.5,5.3,0,3,95.4,15.8,4,2.4
P-000179,2025-10-01,10,180.0,5.0,3,3,93.1,15.8,4,1.0
P-000179,2025-11-01,11,174.5,7.2,5,4,94.0,26.1,4,1.82
P-000179,2025-12-01,12,181.2,15.0,2,4,92.1,32.9,3,1.88
P-000180,2025-01-01,1,186.8,5.8,2,6,94.8,24.2,2,1.46
P-000180,2025-02-01,2,170.8,9.0,1,5,95.0,19.6,2,1.62
P-000180,2025-03-01,3,166.2,3.5,2,3,93.9,12.1,1,1.05
P-000180,2025-04-01,4,170.2,0.3,1,4,91.6,18.4,1,1.48
P-000180,2025-05-01,5,177.4,9.6,2,5,92.8,22.7,2,1.0
P-000180,2025-06-01,6,182.1,0.3,1,3,93.8,21.3,3,1.67
P-000180,2025-07-01,7,173.0,7.1,0,5,96.2,16.8,2,1.68
P-000180,2025-08-01,8,176.6,3.6,1,5,93.4,20.1,2,1.37
P-000180,2025-09-01,9,173.5,11.7,0,4,94.1,16.4,1,1.67
P-000180,2025-10-01,10,177.5,3.4,0,3,92.0,14.9,1,1.02
P-000180,2025-11-01,11,168.3,4.0,2,6,98.8,15.6,2,1.42
P-000180,2025-12-01,12,177.7,4.0,2,4,94.0,14.1,2,1.64
P-000181,2025-01-01,1,170.7,9.4,1,4,87.4,18.1,1,1.69
P-000181,2025-02-01,2,180.8,10.9,1,3,88.5,25.3,1,1.4
P-000181,2025-03-01,3,175.4,1.6,3,7,102.8,20.2,1,2.03
P-000181,2025-04-01,4,176.1,2.2,2,5,93.0,19.6,2,1.61
P-000181,2025-05-01,5,179.7,7.7,1,6,97.8,21.7,1,1.21
P-000181,2025-06-01,6,166.7,2.7,0,4,92.1,14.6,1,1.96
P-000181,2025-07-01,7,175.9,12.2,1,5,89.9,21.6,2,1.26
P-000181,2025-08-01,8,179.3,0.8,2,4,96.8,13.9,2,1.18
P-000181,2025-09-01,9,178.4,4.0,5,5,92.5,22.5,2,1.9
P-000181,2025-10-01,10,186.1,3.2,2,3,94.3,22.0,1,1.0
P-000181,2025-11-01,11,180.2,0.0,1,6,89.5,23.3,2,1.89
P-000181,2025-12-01,12,181.4,13.6,0,4,90.6,27.8,2,1.42
P-000182,2025-01-01,1,190.5,3.5,5,4,96.6,30.7,1,1.54
P-000182,2025-02-01,2,168.4,7.7,1,4,97.9,11.7,1,1.56
P-000182,2025-03-01,3,168.3,0.0,1,4,90.0,10.8,2,1.07
P-000182,2025-04-01,4,178.0,5.1,1,6,92.8,20.3,1,1.32
P-000182,2025-05-01,5,233.0,37.8,8,9,66.8,74.8,3,3.59
P-000182,2025-06-01,6,171.6,0.6,3,4,96.1,13.8,1,1.19
P-000182,2025-07-01,7,182.3,7.0,2,5,96.0,20.9,1,1.14
P-000182,2025-08-01,8,165.4,5.9,2,6,95.8,18.4,2,1.41
P-000182,2025-09-01,9,184.5,3.1,1,4,96.7,15.6,1,1.19
P-000182,2025-10-01,10,174.0,10.0,3,5,96.6,19.8,2,1.51
P-000182,2025-11-01,11,174.5,7.5,5,5,93.5,26.1,2,1.53
P-000182,2025-12-01,12,174.4,11.5,1,4,92.3,19.6,1,1.37
P-000183,2025-01-01,1,183.2,5.5,4,4,91.0,23.9,4,1.0
P-000183,2025-02-01,2,173.5,5.7,3,4,88.5,24.2,3,1.62
P-000183,2025-03-01,3,176.9,9.8,1,5,93.6,24.3,5,1.61
P-000183,2025-04-01,4,242.3,35.9,4,10,66.7,77.1,4,5.0
P-000183,2025-05-01,5,247.4,34.8,10,11,54.5,90.2,4,3.95
P-000183,2025-06-01,6,249.4,53.9,10,10,57.7,98.0,5,4.12
P-000183,2025-07-01,7,245.3,45.7,7,15,45.2,90.0,5,4.58
P-000183,2025-08-01,8,234.5,44.1,7,10,68.2,83.4,4,4.22
P-000183,2025-09-01,9,180.4,13.9,3,5,89.9,30.1,4,1.15
P-000183,2025-10-01,10,189.6,9.1,0,5,92.9,23.8,5,1.49
P-000183,2025-11-01,11,174.7,12.6,0,4,97.9,22.1,3,1.65
P-000183,2025-12-01,12,157.0,0.1,1,4,95.1,9.9,4,1.0
P-000184,2025-01-01,1,167.4,1.6,0,4,97.3,10.3,4,1.18
P-000184,2025-02-01,2,180.5,5.0,3,5,88.6,27.5,5,1.7
P-000184,2025-03-01,3,178.4,9.0,2,6,89.6,25.0,4,1.86
P-000184,2025-04-01,4,229.7,25.6,3,6,62.1,60.8,3,3.96
P-000184,2025-05-01,5,233.7,32.1,3,10,68.3,68.0,4,3.73
P-000184,2025-06-01,6,239.1,55.2,10,14,48.4,97.4,5,5.0
P-000184,2025-07-01,7,239.0,45.8,4,8,49.7,82.5,4,3.97
P-000184,2025-08-01,8,230.9,47.6,10,8,55.2,89.5,4,4.57
P-000184,2025-09-01,9,169.2,3.8,4,5,98.0,21.2,3,1.54
P-000184,2025-10-01,10,166.0,13.5,2,4,85.9,19.0,4,1.08
P-000184,2025-11-01,11,165.3,7.7,3,6,90.6,23.3,4,1.09
P-000184,2025-12-01,12,169.9,2.1,1,6,95.7,14.6,4,1.47
P-000185,2025-01-01,1,171.8,12.5,2,4,90.3,19.6,1,1.2
P-000185,2025-02-01,2,241.8,53.1,3,10,44.2,81.3,4,3.88
P-000185,2025-03-01,3,240.4,50.4,4,12,48.9,78.5,4,3.85
P-000185,2025-04-01,4,238.5,43.2,7,10,68.9,77.9,4,4.63
P-000185,2025-05-01,5,224.3,43.9,6,11,70.4,73.5,4,3.8
P-000185,2025-06-01,6,166.0,0.0,0,5,98.6,14.2,1,1.33
P-000185,2025-07-01,7,181.5,9.3,1,5,94.0,20.7,1,1.52
P-000185,2025-08-01,8,181.0,2.8,3,5,88.1,28.4,1,1.17
P-000185,2025-09-01,9,167.7,0.0,0,5,93.0,12.6,1,1.19
P-000185,2025-10-01,10,174.8,7.1,2,4,93.5,20.6,1,1.45
P-000185,2025-11-01,11,177.4,13.1,2,3,86.3,23.8,1,1.04
P-000185,2025-12-01,12,176.2,3.0,2,3,93.1,20.6,1,1.7
P-000186,2025-01-01,1,168.0,5.2,5,5,93.0,21.6,2,1.43
P-000186,2025-02-01,2,170.2,5.8,0,4,87.8,12.8,1,1.01
P-000186,2025-03-01,3,171.6,5.8,2,3,90.3,14.5,2,1.3
P-000186,2025-04-01,4,186.9,4.9,3,4,90.1,23.8,1,1.33
P-000186,2025-05-01,5,173.8,9.0,2,3,92.1,18.3,2,1.24
P-000186,2025-06-01,6,186.0,5.1,1,5,96.6,22.2,2,1.15
P-000186,2025-07-01,7,172.5,0.3,5,3,99.1,15.3,2,1.17
P-000186,2025-08-01,8,172.8,10.4,0,5,85.9,22.3,2,1.55
P-000186,2025-09-01,9,180.1,1.3,1,6,92.3,20.1,2,1.27
P-000186,2025-10-01,10,165.4,0.0,2,3,95.5,12.2,1,1.65
P-000186,2025-11-01,11,173.8,7.1,3,3,88.4,21.9,2,1.51
P-000186,2025-12-01,12,176.4,5.7,5,5,98.9,22.4,2,1.0
P-000187,2025-01-01,1,179.0,5.5,0,6,95.0,19.6,2,1.25
P-000187,2025-02-01,2,173.9,0.2,3,4,91.3,22.3,2,1.45
P-000187,2025-03-01,3,175.4,7.6,3,4,93.3,27.8,2,1.62
P-000187,2025-04-01,4,163.1,7.7,5,4,90.6,20.6,2,1.0
P-000187,2025-05-01,5,189.3,10.1,2,4,92.3,29.4,2,1.7
P-000187,2025-06-01,6,239.1,36.6,10,13,57.3,90.1,4,4.56
P-000187,2025-07-01,7,248.0,37.7,5,14,54.7,84.2,4,4.05
P-000187,2025-08-01,8,180.0,3.0,1,3,90.0,12.8,2,1.23
P-000187,2025-09-01,9,186.3,6.8,3,4,86.7,29.3,2,2.1
P-000187,2025-10-01,10,179.8,3.7,4,4,95.5,27.3,2,1.79
P-000187,2025-11-01,11,174.8,4.6,2,5,92.0,15.7,2,1.24
P-000187,2025-12-01,12,171.8,8.8,4,4,90.2,27.8,2,2.03
P-000188,2025-01-01,1,165.5,2.4,3,5,96.9,14.5,4,1.47
P-000188,2025-02-01,2,176.0,5.4,4,4,93.5,26.6,3,1.22
P-000188,2025-03-01,3,177.6,0.0,2,4,95.2,17.9,4,1.44
P-000188,2025-04-01,4,237.8,37.0,5,14,52.0,82.0,5,4.44
P-000188,2025-05-01,5,236.6,30.2,4,12,61.6,75.4,4,4.37
P-000188,2025-06-01,6,240.0,44.8,8,16,58.2,92.0,5,4.31
P-000188,2025-07-01,7,239.8,36.5,3,11,66.9,74.7,4,3.31
P-000188,2025-08-01,8,240.3,26.9,8,8,64.4,79.6,3,4.15
P-000188,2025-09-01,9,170.1,14.5,2,5,91.6,23.0,4,1.19
P-000188,2025-10-01,10,181.6,7.9,3,5,88.1,22.2,5,1.19
P-000188,2025-11-01,11,175.7,10.5,4,5,94.0,27.1,4,1.8
P-000188,2025-12-01,12,181.2,6.9,1,6,89.7,20.5,4,1.24
P-000189,2025-01-01,1,168.6,6.3,0,5,93.6,18.2,3,1.73
P-000189,2025-02-01,2,173.3,1.6,0,4,93.5,19.8,4,1.13
P-000189,2025-03-01,3,253.8,51.4,7,10,56.9,91.4,5,4.64
P-000189,2025-04-01,4,240.5,30.5,1,13,66.4,62.1,3,3.75
P-000189,2025-05-01,5,235.2,32.2,8,9,64.6,80.6,4,4.5
P-000189,2025-06-01,6,243.7,41.2,9,13,60.7,88.5,5,4.75
P-000189,2025-07-01,7,230.9,35.8,4,11,59.4,68.5,4,4.04
P-000189,2025-08-01,8,242.5,50.7,7,9,56.8,89.2,4,4.08
P-000189,2025-09-01,9,242.2,39.7,10,8,60.7,90.2,5,3.76
P-000189,2025-10-01,10,182.7,5.8,3,4,93.1,24.6,5,1.99
P-000189,2025-11-01,11,185.3,9.2,3,5,90.9,25.1,3,1.94
P-000189,2025-12-01,12,164.8,14.8,5,3,84.5,29.2,4,1.43
P-000190,2025-01-01,1,175.4,3.9,1,5,96.2,13.5,2,1.58
P-000190,2025-02-01,2,167.1,4.3,0,3,88.6,15.9,2,1.22
P-000190,2025-03-01,3,162.7,10.1,0,4,88.3,13.4,3,1.02
P-000190,2025-04-01,4,179.1,10.7,1,4,89.8,20.2,2,1.8
P-000190,2025-05-01,5,172.4,7.9,2,3,92.7,16.8,1,1.31
P-000190,2025-06-01,6,184.8,1.3,5,6,98.3,23.7,2,1.52
P-000190,2025-07-01,7,175.3,4.9,5,5,90.9,25.8,2,1.39
P-000190,2025-08-01,8,163.7,13.9,2,5,86.5,24.5,1,1.97
P-000190,2025-09-01,9,174.2,11.4,0,6,86.3,23.9,1,1.53
P-000190,2025-10-01,10,175.5,3.1,0,6,93.2,16.5,1,1.0
P-000190,2025-11-01,11,172.7,0.0,0,3,94.4,17.4,2,1.67
P-000190,2025-12-01,12,172.5,2.4,3,7,96.8,20.0,3,1.0
P-000191,2025-01-01,1,180.0,1.8,3,6,93.6,19.9,5,1.58
P-000191,2025-02-01,2,168.5,0.8,3,4,92.3,12.5,4,1.14
P-000191,2025-03-01,3,170.1,1.5,3,5,99.0,20.2,4,1.5
P-000191,2025-04-01,4,246.0,46.5,1,13,48.5,81.2,4,3.67
P-000191,2025-05-01,5,246.6,47.1,6,12,58.7,88.7,5,3.8
P-000191,2025-06-01,6,241.4,49.5,6,11,49.7,85.8,5,4.49
P-000191,2025-07-01,7,250.5,43.7,9,10,60.8,86.9,5,4.78
P-000191,2025-08-01,8,238.0,39.2,3,12,60.5,69.0,4,3.49
P-000191,2025-09-01,9,244.5,29.9,4,6,65.2,74.8,4,3.65
P-000191,2025-10-01,10,241.1,48.1,5,11,57.7,84.3,5,4.04
P-000191,2025-11-01,11,238.7,28.6,4,7,60.5,68.8,4,4.55
P-000191,2025-12-01,12,182.9,4.7,4,6,98.7,22.0,4,1.31
P-000192,2025-01-01,1,188.8,3.8,4,4,93.1,27.2,2,1.35
P-000192,2025-02-01,2,174.4,4.0,2,5,96.8,14.6,2,1.0
P-000192,2025-03-01,3,178.2,0.0,2,4,95.8,20.4,1,1.76
P-000192,2025-04-01,4,217.4,18.7,1,9,70.0,55.1,1,2.44
P-000192,2025-05-01,5,174.3,4.8,3,3,90.8,24.4,2,1.2
P-000192,2025-06-01,6,169.5,3.8,1,5,92.3,12.8,2,1.55
P-000192,2025-07-01,7,182.9,1.8,0,6,94.5,17.2,1,1.43
P-000192,2025-08-01,8,174.8,7.9,3,4,93.1,24.1,2,1.71
P-000192,2025-09-01,9,175.9,7.3,5,6,95.0,22.6,1,1.0
P-000192,2025-10-01,10,172.7,6.0,3,6,94.1,21.2,1,1.35
P-000192,2025-11-01,11,181.4,8.7,2,5,91.2,23.7,2,1.8
P-000192,2025-12-01,12,181.9,6.6,1,6,93.4,30.0,2,1.28
P-000193,2025-01-01,1,179.8,1.4,2,4,92.3,20.1,4,1.0
P-000193,2025-02-01,2,179.5,4.8,1,6,94.1,14.9,5,1.51
P-000193,2025-03-01,3,251.6,47.0,2,14,54.8,87.4,5,4.12
P-000193,2025-04-01,4,247.7,46.7,7,8,55.8,84.6,4,4.17
P-000193,2025-05-01,5,241.2,43.3,6,5,57.7,78.0,4,3.38
P-000193,2025-06-01,6,244.1,47.2,3,10,58.8,78.0,4,3.56
P-000193,2025-07-01,7,240.6,42.4,6,13,54.5,89.8,4,3.86
P-000193,2025-08-01,8,231.9,44.0,4,13,57.1,78.4,4,4.38
P-000193,2025-09-01,9,237.2,33.4,11,12,64.7,85.9,4,4.1
P-000193,2025-10-01,10,181.3,5.8,3,4,93.9,29.2,4,1.37
P-000193,2025-11-01,11,174.6,1.5,3,5,99.8,18.9,4,1.23
P-000193,2025-12-01,12,176.3,1.9,3,6,97.9,17.9,4,1.85
P-000194,2025-01-01,1,164.6,2.8,2,6,89.2,19.5,2,1.58
P-000194,2025-02-01,2,182.5,5.0,1,5,91.8,13.9,3,1.17
P-000194,2025-03-01,3,177.8,9.6,5,5,86.3,31.6,3,2.07
P-000194,2025-04-01,4,173.3,7.5,0,4,98.6,17.0,3,1.4
P-000194,2025-05-01,5,240.6,29.2,3,10,69.7,69.4,3,2.97
P-000194,2025-06-01,6,182.7,11.5,3,5,94.6,23.7,2,1.46
P-000194,2025-07-01,7,181.7,7.6,2,4,87.6,22.4,2,1.77
P-000194,2025-08-01,8,173.5,9.4,1,4,94.3,17.6,1,1.05
P-000194,2025-09-01,9,168.2,3.5,1,5,98.9,18.9,1,1.81
P-000194,2025-10-01,10,182.8,8.2,2,7,100.3,24.5,1,1.0
P-000194,2025-11-01,11,175.5,10.8,0,5,92.9,14.4,3,1.0
P-000194,2025-12-01,12,183.6,5.7,1,6,98.3,24.6,1,1.54
P-000195,2025-01-01,1,177.9,3.3,1,4,92.3,17.3,2,1.16
P-000195,2025-02-01,2,181.3,0.2,2,5,94.6,18.8,2,1.36
P-000195,2025-03-01,3,178.5,8.1,2,4,95.4,21.3,2,2.38
P-000195,2025-04-01,4,170.3,10.6,2,3,87.4,17.2,2,1.29
P-000195,2025-05-01,5,176.6,8.3,0,5,91.2,20.8,2,1.61
P-000195,2025-06-01,6,244.9,35.2,2,11,69.1,75.0,4,4.18
P-000195,2025-07-01,7,233.0,42.5,3,9,62.8,76.5,4,3.84
P-000195,2025-08-01,8,180.1,9.2,2,6,93.7,21.1,2,1.14
P-000195,2025-09-01,9,186.1,8.8,1,4,90.5,25.7,2,1.59
P-000195,2025-10-01,10,178.4,10.7,1,3,94.8,17.3,2,1.55
P-000195,2025-11-01,11,183.2,10.2,1,5,90.5,19.9,2,1.19
P-000195,2025-12-01,12,176.8,5.1,2,4,92.3,21.7,2,1.96
P-000196,2025-01-01,1,175.8,6.2,2,4,95.4,17.8,2,1.23
P-000196,2025-02-01,2,168.4,15.5,2,3,90.4,17.6,2,1.09
P-000196,2025-03-01,3,182.4,4.0,0,5,89.3,20.5,2,1.37
P-000196,2025-04-01,4,179.4,6.0,5,4,99.3,24.0,2,1.24
P-000196,2025-05-01,5,169.3,6.1,5,7,101.0,18.6,2,1.02
P-000196,2025-06-01,6,234.0,43.9,4,10,50.2,79.5,4,3.57
P-000196,2025-07-01,7,244.3,38.9,4,12,61.6,86.3,4,3.88
P-000196,2025-08-01,8,176.1,0.8,1,4,94.2,17.5,2,1.79
P-000196,2025-09-01,9,186.0,3.3,2,5,93.8,26.1,2,1.0
P-000196,2025-10-01,10,176.6,9.0,2,5,93.7,26.1,2,1.48
P-000196,2025-11-01,11,176.3,9.0,3,5,95.3,25.3,2,2.12
P-000196,2025-12-01,12,184.1,9.3,3,4,85.3,31.5,2,1.76
P-000197,2025-01-01,1,178.6,11.5,1,3,95.3,23.5,5,1.1
P-000197,2025-02-01,2,172.0,5.8,0,4,91.4,17.1,4,1.47
P-000197,2025-03-01,3,189.9,5.1,1,4,90.1,23.7,5,1.2
P-000197,2025-04-01,4,245.7,42.7,2,7,60.0,76.8,5,4.51
P-000197,2025-05-01,5,245.5,47.4,9,11,50.4,96.2,5,4.96
P-000197,2025-06-01,6,242.6,52.9,9,10,51.1,91.4,5,3.31
P-000197,2025-07-01,7,237.8,38.2,4,11,62.1,74.2,5,4.11
P-000197,2025-08-01,8,242.7,35.7,11,12,72.5,82.5,5,4.2
P-000197,2025-09-01,9,248.0,38.0,6,13,59.7,86.4,5,4.33
P-000197,2025-10-01,10,230.7,40.7,9,10,55.4,85.8,4,4.08
P-000197,2025-11-01,11,246.6,39.0,6,12,57.4,86.2,5,4.27
P-000197,2025-12-01,12,175.9,4.9,5,5,94.4,24.1,4,1.19
P-000198,2025-01-01,1,184.3,15.2,3,4,98.7,29.8,1,1.71
P-000198,2025-02-01,2,183.5,4.3,0,4,96.1,16.8,1,1.61
P-000198,2025-03-01,3,174.0,18.3,2,5,90.6,18.5,1,1.3
P-000198,2025-04-01,4,178.4,3.6,2,4,97.3,16.0,2,1.0
P-000198,2025-05-01,5,172.1,8.1,1,4,90.2,15.7,2,1.08
P-000198,2025-06-01,6,173.5,2.9,1,5,90.1,12.9,1,1.07
P-000198,2025-07-01,7,182.0,11.5,2,4,84.8,27.5,1,1.02
P-000198,2025-08-01,8,170.3,3.6,2,4,91.6,20.5,2,1.4
P-000198,2025-09-01,9,172.7,6.9,1,6,87.5,15.2,2,1.43
P-000198,2025-10-01,10,164.0,0.3,2,5,92.8,12.0,2,1.25
P-000198,2025-11-01,11,169.5,9.2,5,5,87.3,29.3,1,1.91
P-000198,2025-12-01,12,170.4,0.0,1,5,90.4,20.2,1,1.72
P-000199,2025-01-01,1,181.9,12.6,4,5,94.0,28.0,1,1.2
P-000199,2025-02-01,2,171.2,8.4,0,5,93.6,17.4,1,1.74
P-000199,2025-03-01,3,176.7,4.1,5,4,99.2,21.8,2,1.45
P-000199,2025-04-01,4,166.4,3.5,3,6,90.0,20.1,2,1.16
P-000199,2025-05-01,5,216.9,21.4,5,7,63.9,63.9,1,3.49
P-000199,2025-06-01,6,173.1,1.1,3,5,98.0,19.0,2,1.21
P-000199,2025-07-01,7,172.4,0.0,1,5,97.9,10.0,1,2.09
P-000199,2025-08-01,8,180.8,4.4,4,5,99.6,22.0,1,1.61
P-000199,2025-09-01,9,174.6,12.3,1,3,87.2,19.9,2,1.69
P-000199,2025-10-01,10,173.7,6.9,3,4,84.1,23.1,1,1.06
P-000199,2025-11-01,11,172.3,6.2,1,4,94.4,15.3,2,1.4
P-000199,2025-12-01,12,181.2,1.9,0,5,99.3,16.0,1,1.45
P-000200,2025-01-01,1,172.5,3.0,3,4,87.3,24.3,4,1.37
P-000200,2025-02-01,2,165.3,2.8,3,4,98.4,11.2,4,1.31
P-000200,2025-03-01,3,180.2,3.9,1,4,89.5,23.0,5,1.0
P-000200,2025-04-01,4,244.4,41.0,5,10,55.9,77.7,5,5.0
P-000200,2025-05-01,5,252.5,49.6,7,10,55.6,86.8,5,4.46
P-000200,2025-06-01,6,241.5,34.5,10,9,64.7,85.9,4,3.05
P-000200,2025-07-01,7,241.8,61.9,9,12,43.5,98.0,5,4.47
P-000200,2025-08-01,8,251.6,46.0,4,13,60.7,85.4,5,5.0
P-000200,2025-09-01,9,233.0,29.3,11,10,60.9,76.5,5,4.29
P-000200,2025-10-01,10,253.5,43.9,5,9,61.1,83.8,5,4.52
P-000200,2025-11-01,11,246.9,50.6,5,18,53.9,91.9,5,4.29
P-000200,2025-12-01,12,181.2,5.5,1,4,91.8,23.5,5,1.34
P-000201,2025-01-01,1,166.4,9.9,0,4,92.4,16.2,2,1.15
P-000201,2025-02-01,2,190.2,7.5,2,5,91.1,29.1,2,2.08
P-000201,2025-03-01,3,176.4,12.9,1,3,89.7,23.0,2,1.76
P-000201,2025-04-01,4,170.7,3.1,3,6,95.6,26.0,2,1.37
P-000201,2025-05-01,5,180.6,4.8,1,4,94.3,22.3,1,1.59
P-000201,2025-06-01,6,177.8,4.4,1,4,92.3,19.4,2,1.67
P-000201,2025-07-01,7,181.0,8.2,4,5,90.2,28.6,1,1.02
P-000201,2025-08-01,8,185.1,10.2,3,5,90.8,27.6,3,1.58
P-000201,2025-09-01,9,168.5,10.0,2,6,88.3,19.2,2,1.3
P-000201,2025-10-01,10,173.8,8.2,3,3,93.1,18.7,2,1.52
P-000201,2025-11-01,11,169.2,13.2,5,3,94.8,26.3,1,1.0
P-000201,2025-12-01,12,176.8,6.6,1,3,84.8,14.9,2,1.21
P-000202,2025-01-01,1,172.8,0.9,5,3,95.2,16.2,1,1.39
P-000202,2025-02-01,2,175.7,0.5,5,4,98.6,21.3,1,1.67
P-000202,2025-03-01,3,174.5,2.7,2,4,87.8,17.1,2,1.1
P-000202,2025-04-01,4,169.2,16.1,5,5,90.4,27.7,1,1.0
P-000202,2025-05-01,5,169.4,2.5,1,5,92.6,18.0,1,1.52
P-000202,2025-06-01,6,168.7,3.9,5,6,94.1,21.0,2,1.75
P-000202,2025-07-01,7,178.7,8.7,1,5,87.6,22.6,3,1.18
P-000202,2025-08-01,8,185.1,0.0,3,5,95.4,26.7,2,1.29
P-000202,2025-09-01,9,174.1,1.2,3,5,101.8,20.3,3,1.65
P-000202,2025-10-01,10,167.8,9.4,2,6,93.6,15.7,2,1.0
P-000202,2025-11-01,11,172.5,6.4,4,5,88.6,28.2,3,1.59
P-000202,2025-12-01,12,179.7,10.5,2,3,90.8,22.6,2,1.07
P-000203,2025-01-01,1,175.1,2.0,1,4,98.6,15.0,3,1.46
P-000203,2025-02-01,2,173.3,7.3,1,5,96.4,19.0,1,1.53
P-000203,2025-03-01,3,167.0,6.1,3,5,91.1,18.6,2,1.0
P-000203,2025-04-01,4,178.1,0.0,0,4,94.0,16.6,2,1.03
P-000203,2025-05-01,5,218.6,28.5,5,9,64.6,62.3,2,3.55
P-000203,2025-06-01,6,175.9,0.0,4,4,99.1,20.0,1,1.59
P-000203,2025-07-01,7,170.2,11.1,2,4,87.5,28.1,2,1.45
P-000203,2025-08-01,8,174.5,5.5,1,3,97.6,16.0,2,1.15
P-000203,2025-09-01,9,170.6,8.4,0,3,85.1,18.6,2,1.28
P-000203,2025-10-01,10,167.4,13.7,2,7,96.1,23.0,3,1.0
P-000203,2025-11-01,11,178.5,11.3,3,3,99.5,20.8,3,1.32
P-000203,2025-12-01,12,160.6,0.0,2,4,95.0,11.4,3,1.35
P-000204,2025-01-01,1,167.8,8.7,3,5,90.4,21.0,2,1.37
P-000204,2025-02-01,2,167.2,5.5,0,3,93.5,14.9,2,1.02
P-000204,2025-03-01,3,176.5,7.4,1,3,95.8,12.0,2,1.02
P-000204,2025-04-01,4,176.7,2.0,2,5,95.9,19.8,2,1.16
P-000204,2025-05-01,5,184.9,4.9,0,4,98.4,18.2,1,1.42
P-000204,2025-06-01,6,180.8,9.0,1,6,90.0,24.8,2,1.72
P-000204,2025-07-01,7,171.0,12.4,2,3,98.7,17.3,2,1.53
P-000204,2025-08-01,8,172.6,0.4,1,5,100.6,13.6,2,1.39
P-000204,2025-09-01,9,178.1,0.0,1,5,101.5,13.4,1,1.35
P-000204,2025-10-01,10,171.1,5.1,3,7,87.8,26.0,2,1.67
P-000204,2025-11-01,11,174.6,11.5,0,5,95.3,22.5,2,1.98
P-000204,2025-12-01,12,171.1,0.0,0,4,92.7,18.6,1,1.77
P-000205,2025-01-01,1,173.0,6.1,2,5,93.3,17.8,2,1.07
P-000205,2025-02-01,2,172.6,9.9,0,5,88.7,19.4,3,1.42
P-000205,2025-03-01,3,169.7,9.3,2,3,86.1,14.4,2,1.29
P-000205,2025-04-01,4,178.5,11.0,5,6,88.5,26.9,1,1.11
P-000205,2025-05-01,5,183.6,3.6,3,6,93.4,28.0,1,1.69
P-000205,2025-06-01,6,177.4,6.2,0,3,99.1,18.2,1,1.25
P-000205,2025-07-01,7,176.1,5.3,3,3,85.3,23.3,2,1.65
P-000205,2025-08-01,8,182.1,10.0,1,6,91.2,25.6,1,1.0
P-000205,2025-09-01,9,172.6,1.5,3,5,92.9,15.5,1,1.05
P-000205,2025-10-01,10,186.1,3.6,1,4,87.9,22.7,2,1.55
P-000205,2025-11-01,11,167.8,9.7,3,3,92.8,21.9,1,1.89
P-000205,2025-12-01,12,180.4,7.5,2,5,92.6,17.9,1,1.29
P-000206,2025-01-01,1,178.7,5.6,2,4,92.6,21.0,3,1.32
P-000206,2025-02-01,2,177.8,6.8,2,5,91.0,20.5,4,1.85
P-000206,2025-03-01,3,242.7,45.2,5,9,57.2,84.5,5,5.0
P-000206,2025-04-01,4,233.6,54.6,8,11,45.3,92.9,4,3.68
P-000206,2025-05-01,5,241.7,50.5,3,9,59.5,85.3,4,4.69
P-000206,2025-06-01,6,239.9,40.9,6,8,63.1,77.8,4,3.92
P-000206,2025-07-01,7,243.9,51.5,6,9,58.2,85.7,4,4.18
P-000206,2025-08-01,8,232.7,46.5,6,8,49.5,80.1,3,3.99
P-000206,2025-09-01,9,235.9,44.7,5,9,56.2,77.8,4,4.45
P-000206,2025-10-01,10,163.4,0.0,2,6,91.1,19.4,4,1.55
P-000206,2025-11-01,11,170.7,0.0,2,3,95.5,14.2,4,1.0
P-000206,2025-12-01,12,181.7,8.0,0,6,90.8,22.6,4,1.22
P-000207,2025-01-01,1,184.7,5.8,1,4,93.7,19.3,2,1.17
P-000207,2025-02-01,2,166.2,6.9,0,6,93.4,12.3,1,2.21
P-000207,2025-03-01,3,167.2,7.2,3,6,90.4,20.9,2,1.24
P-000207,2025-04-01,4,219.6,46.0,5,9,59.2,69.5,2,2.89
P-000207,2025-05-01,5,218.5,36.9,3,9,54.7,63.2,1,3.29
P-000207,2025-06-01,6,177.5,6.8,2,5,96.1,19.3,1,1.11
P-000207,2025-07-01,7,168.3,6.4,1,3,92.1,17.3,1,1.09
P-000207,2025-08-01,8,174.7,3.3,3,3,92.0,19.9,1,1.12
P-000207,2025-09-01,9,172.9,4.0,1,5,97.6,10.6,2,1.13
P-000207,2025-10-01,10,186.3,3.7,0,3,95.2,18.0,2,1.46
P-000207,2025-11-01,11,177.4,0.8,4,4,97.1,18.5,2,1.65
P-000207,2025-12-01,12,167.3,3.8,1,3,90.1,20.1,2,1.89
P-000208,2025-01-01,1,180.3,16.3,4,7,79.5,33.8,4,1.0
P-000208,2025-02-01,2,168.3,6.3,2,6,89.9,17.6,5,1.57
P-000208,2025-03-01,3,184.2,5.3,2,3,96.5,25.0,4,1.25
P-000208,2025-04-01,4,228.6,45.0,10,7,57.1,83.9,3,3.93
P-000208,2025-05-01,5,237.0,40.3,6,10,50.0,80.0,4,4.21
P-000208,2025-06-01,6,240.8,47.6,11,14,60.2,98.0,5,4.05
P-000208,2025-07-01,7,229.3,23.8,4,9,67.2,68.0,3,3.31
P-000208,2025-08-01,8,240.5,45.9,2,11,65.2,72.5,4,4.58
P-000208,2025-09-01,9,192.3,6.9,2,3,93.1,26.7,3,1.8
P-000208,2025-10-01,10,178.5,0.3,1,4,97.3,16.2,4,1.04
P-000208,2025-11-01,11,176.1,8.6,2,7,99.6,25.7,5,1.19
P-000208,2025-12-01,12,171.1,6.6,1,6,93.0,10.5,4,1.36
P-000209,2025-01-01,1,178.5,15.6,0,5,88.4,21.0,2,1.42
P-000209,2025-02-01,2,171.4,3.2,2,4,89.6,19.9,3,1.0
P-000209,2025-03-01,3,171.0,5.2,1,4,99.6,16.8,1,1.41
P-000209,2025-04-01,4,172.8,2.5,2,4,94.1,19.6,2,1.0
P-000209,2025-05-01,5,181.3,6.9,3,3,93.3,23.8,2,1.58
P-000209,2025-06-01,6,187.6,10.9,2,3,94.7,26.8,2,1.0
P-000209,2025-07-01,7,170.9,10.6,3,6,90.7,20.5,1,1.28
P-000209,2025-08-01,8,170.4,3.5,3,5,94.4,23.0,2,1.24
P-000209,2025-09-01,9,173.6,7.9,1,4,97.2,17.1,1,2.02
P-000209,2025-10-01,10,172.2,16.6,1,5,92.0,21.8,1,1.74
P-000209,2025-11-01,11,180.4,0.1,1,4,96.7,15.6,2,1.3
P-000209,2025-12-01,12,177.4,8.9,2,5,90.3,23.4,1,1.68
P-000210,2025-01-01,1,177.1,5.1,2,4,98.7,14.7,1,1.24
P-000210,2025-02-01,2,180.9,10.7,3,3,89.9,19.5,1,1.54
P-000210,2025-03-01,3,177.3,0.0,1,6,97.2,11.5,1,1.47
P-000210,2025-04-01,4,178.9,9.5,3,4,87.3,29.9,2,2.17
P-000210,2025-05-01,5,179.0,9.6,3,4,91.6,26.4,2,1.32
P-000210,2025-06-01,6,180.2,11.0,4,3,93.4,31.0,2,1.78
P-000210,2025-07-01,7,168.8,5.5,2,4,88.1,14.9,1,1.0
P-000210,2025-08-01,8,170.9,1.1,1,6,89.4,20.3,1,1.76
P-000210,2025-09-01,9,187.6,2.0,2,4,93.2,22.6,1,1.74
P-000210,2025-10-01,10,177.7,9.2,0,5,97.7,19.4,1,1.39
P-000210,2025-11-01,11,176.6,9.4,1,5,91.7,24.9,2,1.19
P-000210,2025-12-01,12,177.1,4.1,2,3,89.3,22.5,2,1.41
P-000211,2025-01-01,1,175.4,2.2,1,3,92.9,13.8,3,1.37
P-000211,2025-02-01,2,170.5,1.8,1,4,90.9,14.5,2,1.41
P-000211,2025-03-01,3,171.8,6.9,1,4,106.0,14.2,2,1.88
P-000211,2025-04-01,4,176.0,10.9,2,5,91.7,19.3,2,1.0
P-000211,2025-05-01,5,231.3,26.6,3,7,71.9,54.4,2,2.95
P-000211,2025-06-01,6,183.0,3.9,2,4,84.9,27.6,2,1.59
P-000211,2025-07-01,7,177.1,9.0,1,6,85.3,22.8,1,1.63
P-000211,2025-08-01,8,168.4,9.8,4,6,95.2,22.2,1,1.0
P-000211,2025-09-01,9,172.5,5.2,0,3,86.7,12.4,2,1.24
P-000211,2025-10-01,10,191.3,3.0,1,6,90.9,27.8,2,1.56
P-000211,2025-11-01,11,170.8,12.5,1,6,90.6,19.7,2,1.58
P-000211,2025-12-01,12,178.8,5.0,5,4,95.7,25.2,1,1.71
P-000212,2025-01-01,1,168.0,6.9,2,3,93.5,18.9,2,1.8
P-000212,2025-02-01,2,183.6,10.2,2,5,96.8,22.9,3,1.15
P-000212,2025-03-01,3,186.6,5.1,2,3,105.0,20.9,2,1.62
P-000212,2025-04-01,4,171.9,4.2,2,5,89.2,26.0,2,1.21
P-000212,2025-05-01,5,175.9,10.7,3,6,95.3,22.4,1,1.34
P-000212,2025-06-01,6,176.2,12.8,2,5,96.1,20.6,2,1.0
P-000212,2025-07-01,7,170.8,6.6,2,6,91.8,20.6,1,1.34
P-000212,2025-08-01,8,176.2,10.0,0,4,97.3,19.3,1,1.0
P-000212,2025-09-01,9,177.4,5.4,1,7,95.0,22.2,2,1.03
P-000212,2025-10-01,10,177.7,14.7,1,5,90.3,28.4,2,1.49
P-000212,2025-11-01,11,175.1,0.0,0,3,95.7,18.1,2,1.64
P-000212,2025-12-01,12,172.7,0.0,3,6,89.2,22.2,2,2.08
P-000213,2025-01-01,1,171.3,13.5,1,6,90.4,22.3,3,1.45
P-000213,2025-02-01,2,172.2,9.8,1,4,93.0,10.9,2,1.0
P-000213,2025-03-01,3,171.0,5.9,1,5,96.3,15.9,1,2.13
P-000213,2025-04-01,4,227.9,39.8,3,13,63.8,64.6,2,3.66
P-000213,2025-05-01,5,170.5,5.0,3,3,92.6,16.8,2,1.21
P-000213,2025-06-01,6,184.6,7.4,3,6,89.7,24.9,2,1.0
P-000213,2025-07-01,7,181.1,9.9,1,5,93.0,21.4,2,1.84
P-000213,2025-08-01,8,174.3,4.5,1,6,93.2,16.0,2,1.64
P-000213,2025-09-01,9,167.2,9.8,2,5,91.4,15.1,3,1.49
P-000213,2025-10-01,10,180.6,5.3,0,6,92.7,16.2,1,1.44
P-000213,2025-11-01,11,174.6,2.5,2,3,96.4,18.2,1,2.02
P-000213,2025-12-01,12,172.8,7.8,3,6,90.2,25.6,1,1.34
P-000214,2025-01-01,1,186.0,4.1,2,7,98.5,23.4,2,1.29
P-000214,2025-02-01,2,169.6,6.9,4,6,90.5,24.7,2,1.74
P-000214,2025-03-01,3,179.9,7.0,3,5,97.8,23.5,2,1.82
P-000214,2025-04-01,4,225.1,32.4,3,5,57.1,66.6,2,2.8
P-000214,2025-05-01,5,170.7,9.0,2,3,96.0,20.0,2,1.68
P-000214,2025-06-01,6,174.0,12.7,5,4,85.8,30.9,2,1.89
P-000214,2025-07-01,7,167.4,3.6,2,3,88.5,16.5,2,1.0
P-000214,2025-08-01,8,186.8,2.5,0,5,97.6,21.2,2,1.79
P-000214,2025-09-01,9,172.5,8.2,0,5,90.5,21.4,2,1.7
P-000214,2025-10-01,10,171.1,7.6,1,4,91.6,20.5,2,1.71
P-000214,2025-11-01,11,176.6,7.6,2,4,93.3,23.7,3,1.65
P-000214,2025-12-01,12,181.4,9.8,4,6,99.7,23.9,2,1.21
P-000215,2025-01-01,1,180.5,5.9,0,6,91.3,22.5,4,1.0
P-000215,2025-02-01,2,181.7,8.4,3,7,97.5,18.7,5,1.89
P-000215,2025-03-01,3,174.2,11.1,1,5,89.4,23.7,5,1.43
P-000215,2025-04-01,4,240.3,49.2,7,11,49.3,92.4,5,4.53
P-000215,2025-05-01,5,238.2,49.8,5,8,48.8,87.3,4,4.38
P-000215,2025-06-01,6,246.9,39.1,8,12,61.2,88.7,4,3.5
P-000215,2025-07-01,7,229.7,34.6,3,8,59.3,70.7,3,4.0
P-000215,2025-08-01,8,238.6,34.4,9,10,57.1,83.9,4,3.92
P-000215,2025-09-01,9,181.9,8.1,2,4,95.3,21.3,3,1.55
P-000215,2025-10-01,10,176.3,12.5,1,3,87.2,16.6,3,1.35
P-000215,2025-11-01,11,177.6,8.7,3,5,93.7,18.5,5,1.34
P-000215,2025-12-01,12,174.4,7.5,0,7,91.2,19.5,4,1.69
P-000216,2025-01-01,1,180.8,6.2,1,5,99.6,16.3,2,1.3
P-000216,2025-02-01,2,172.8,1.7,2,5,98.2,17.6,2,1.46
P-000216,2025-03-01,3,186.7,11.2,2,5,90.8,26.5,2,1.09
P-000216,2025-04-01,4,228.8,41.3,6,10,57.9,70.0,2,3.48
P-000216,2025-05-01,5,167.1,3.0,0,5,93.7,10.4,1,1.42
P-000216,2025-06-01,6,180.4,4.5,1,4,84.6,26.7,2,1.6
P-000216,2025-07-01,7,184.6,8.7,1,4,86.2,27.2,1,1.26
P-000216,2025-08-01,8,180.8,11.0,2,6,100.6,23.0,2,1.63
P-000216,2025-09-01,9,166.6,1.5,3,4,97.3,16.4,2,1.41
P-000216,2025-10-01,10,176.9,0.0,2,5,96.0,14.8,3,1.47
P-000216,2025-11-01,11,190.6,11.2,1,5,97.0,27.1,1,1.45
P-000216,2025-12-01,12,170.4,8.6,2,3,92.0,15.9,3,1.72
P-000217,2025-01-01,1,178.4,2.9,2,4,92.2,21.0,4,1.23
P-000217,2025-02-01,2,182.8,5.5,0,5,93.4,23.1,4,1.11
P-000217,2025-03-01,3,235.8,46.8,6,12,56.3,82.4,4,3.91
P-000217,2025-04-01,4,226.8,29.0,4,9,66.7,63.8,3,3.36
P-000217,2025-05-01,5,240.7,37.0,8,12,60.2,84.6,4,3.95
P-000217,2025-06-01,6,242.3,44.8,4,11,53.5,88.6,5,4.69
P-000217,2025-07-01,7,234.2,37.1,4,13,55.0,79.2,4,4.27
P-000217,2025-08-01,8,235.2,33.2,6,6,77.0,74.1,4,4.53
P-000217,2025-09-01,9,236.0,31.8,6,11,65.2,72.6,4,4.14
P-000217,2025-10-01,10,171.2,4.9,2,5,92.5,24.9,4,1.69
P-000217,2025-11-01,11,183.2,3.2,1,5,92.8,15.8,4,1.0
P-000217,2025-12-01,12,184.8,2.0,1,5,95.2,18.6,4,1.42
P-000218,2025-01-01,1,172.9,6.8,1,5,94.7,19.2,5,1.48
P-000218,2025-02-01,2,171.5,3.3,3,4,92.4,22.2,5,1.46
P-000218,2025-03-01,3,232.2,51.9,9,6,52.2,82.2,3,3.71
P-000218,2025-04-01,4,235.6,38.8,8,13,68.5,81.3,4,4.12
P-000218,2025-05-01,5,242.1,42.8,10,8,60.9,94.6,4,3.95
P-000218,2025-06-01,6,242.6,37.7,5,10,57.6,79.3,4,3.74
P-000218,2025-07-01,7,231.0,47.4,5,11,47.8,79.6,4,4.44
P-000218,2025-08-01,8,244.0,43.9,2,9,60.3,80.1,4,4.72
P-000218,2025-09-01,9,243.8,40.4,2,12,56.9,78.5,4,4.69
P-000218,2025-10-01,10,180.7,6.2,2,5,91.1,21.8,4,1.43
P-000218,2025-11-01,11,183.1,3.1,1,4,102.6,13.9,4,1.24
P-000218,2025-12-01,12,169.1,1.4,4,5,91.8,23.9,5,1.11
P-000219,2025-01-01,1,186.9,0.3,1,5,88.7,19.3,3,1.12
P-000219,2025-02-01,2,172.9,0.3,4,4,91.2,19.6,5,1.78
P-000219,2025-03-01,3,186.9,6.2,0,3,95.5,17.6,4,2.14
P-000219,2025-04-01,4,230.8,36.7,5,11,62.5,72.8,3,3.61
P-000219,2025-05-01,5,221.5,44.1,7,9,57.9,74.3,3,3.38
P-000219,2025-06-01,6,233.1,30.5,1,11,52.9,70.0,3,3.86
P-000219,2025-07-01,7,224.9,33.9,8,9,57.2,75.7,3,3.96
P-000219,2025-08-01,8,232.4,31.5,3,8,65.4,67.1,4,4.49
P-000219,2025-09-01,9,168.0,10.1,1,3,89.9,13.6,5,1.6
P-000219,2025-10-01,10,178.6,2.9,2,5,91.5,18.5,3,1.52
P-000219,2025-11-01,11,181.6,5.4,0,5,96.6,21.4,5,1.81
P-000219,2025-12-01,12,178.1,15.6,2,5,84.3,27.8,5,1.63
P-000220,2025-01-01,1,187.6,1.8,4,4,88.7,25.3,1,1.41
P-000220,2025-02-01,2,259.4,39.0,4,11,67.1,80.0,4,4.15
P-000220,2025-03-01,3,238.9,36.6,3,9,62.8,67.5,4,3.99
P-000220,2025-04-01,4,231.7,45.8,5,10,45.1,83.6,4,3.94
P-000220,2025-05-01,5,234.8,37.1,12,8,57.2,87.6,4,4.53
P-000220,2025-06-01,6,179.3,10.7,0,4,86.2,19.4,1,1.17
P-000220,2025-07-01,7,179.8,3.6,1,6,96.2,16.9,1,1.0
P-000220,2025-08-01,8,172.4,1.8,3,6,93.7,23.2,1,1.27
P-000220,2025-09-01,9,181.0,0.6,2,4,92.5,20.9,1,1.42
P-000220,2025-10-01,10,178.1,3.7,0,4,99.9,16.5,1,1.24
P-000220,2025-11-01,11,173.0,6.3,3,4,94.3,19.8,1,1.42
P-000220,2025-12-01,12,174.6,9.6,2,3,93.8,20.9,1,1.84
P-000221,2025-01-01,1,172.6,4.5,1,6,85.5,25.1,2,1.51
P-000221,2025-02-01,2,174.2,1.0,3,4,94.7,22.5,2,1.0
P-000221,2025-03-01,3,183.9,11.2,0,5,88.6,26.1,2,1.52
P-000221,2025-04-01,4,165.2,4.3,2,3,97.0,16.6,1,1.17
P-000221,2025-05-01,5,221.4,35.8,1,11,59.0,58.9,1,2.84
P-000221,2025-06-01,6,182.9,5.8,2,4,85.9,17.2,2,1.19
P-000221,2025-07-01,7,170.4,10.9,1,3,91.2,11.1,2,1.0
P-000221,2025-08-01,8,171.6,12.6,3,4,97.9,23.0,2,1.0
P-000221,2025-09-01,9,179.5,3.5,3,3,94.4,19.7,2,1.1
P-000221,2025-10-01,10,173.2,2.8,3,5,94.2,19.2,1,1.87
P-000221,2025-11-01,11,172.9,16.7,2,3,91.6,20.9,2,1.25
P-000221,2025-12-01,12,186.0,3.3,0,3,91.5,23.0,2,1.45
P-000222,2025-01-01,1,175.8,4.1,1,5,96.6,14.9,4,1.23
P-000222,2025-02-01,2,180.3,0.7,1,4,96.0,21.2,4,1.45
P-000222,2025-03-01,3,172.4,7.9,3,6,87.8,22.9,5,1.32
P-000222,2025-04-01,4,233.1,44.2,6,14,56.6,79.3,4,4.08
P-000222,2025-05-01,5,242.5,46.6,7,11,56.1,82.5,4,4.04
P-000222,2025-06-01,6,234.3,42.2,10,8,58.7,87.0,4,3.17
P-000222,2025-07-01,7,247.1,41.5,1,10,61.1,74.6,5,5.0
P-000222,2025-08-01,8,240.2,43.5,6,11,64.7,85.4,4,4.36
P-000222,2025-09-01,9,254.6,41.1,5,11,61.3,86.7,5,4.95
P-000222,2025-10-01,10,242.9,39.4,4,11,58.5,79.2,5,5.0
P-000222,2025-11-01,11,237.5,43.8,5,11,55.6,78.8,5,3.89
P-000222,2025-12-01,12,169.0,11.6,1,4,98.6,14.0,5,1.43
P-000223,2025-01-01,1,171.1,0.5,0,6,92.4,19.2,2,1.42
P-000223,2025-02-01,2,169.3,7.3,2,3,87.5,18.6,2,1.96
P-000223,2025-03-01,3,166.3,8.4,2,5,84.3,21.9,2,1.72
P-000223,2025-04-01,4,179.3,10.1,2,6,89.1,32.0,3,1.93
P-000223,2025-05-01,5,221.2,35.8,5,8,57.4,68.2,2,3.53
P-000223,2025-06-01,6,176.1,0.0,1,3,99.2,15.1,2,1.25
P-000223,2025-07-01,7,175.0,8.7,1,4,91.6,16.0,3,1.38
P-000223,2025-08-01,8,173.4,2.6,2,4,85.3,21.8,1,1.63
P-000223,2025-09-01,9,181.7,3.7,3,5,96.3,24.4,1,1.0
P-000223,2025-10-01,10,175.2,9.9,4,5,92.8,22.7,2,1.15
P-000223,2025-11-01,11,167.1,2.2,2,5,93.6,17.0,1,1.0
P-000223,2025-12-01,12,176.5,7.5,2,5,92.2,21.0,1,1.4
P-000224,2025-01-01,1,176.9,6.2,2,5,100.2,24.5,1,2.1
P-000224,2025-02-01,2,173.8,6.6,3,5,90.7,19.2,1,1.44
P-000224,2025-03-01,3,181.8,1.9,1,5,99.0,15.7,1,1.47
P-000224,2025-04-01,4,168.1,3.4,3,4,93.9,18.6,2,1.33
P-000224,2025-05-01,5,226.9,30.9,4,6,60.4,65.1,2,3.56
P-000224,2025-06-01,6,169.5,3.5,2,3,94.1,21.2,2,1.65
P-000224,2025-07-01,7,175.7,0.0,4,5,90.9,21.5,2,1.54
P-000224,2025-08-01,8,175.2,14.9,2,5,91.0,27.5,2,1.2
P-000224,2025-09-01,9,182.8,13.0,2,5,87.9,26.5,2,1.41
P-000224,2025-10-01,10,181.0,4.8,1,4,99.5,14.2,1,1.0
P-000224,2025-11-01,11,172.5,3.5,5,4,82.3,20.8,1,1.33
P-000224,2025-12-01,12,182.6,0.3,0,6,98.3,14.0,2,1.37
P-000225,2025-01-01,1,168.5,3.0,1,6,89.0,18.0,2,1.25
P-000225,2025-02-01,2,182.6,5.9,5,4,92.7,31.2,2,1.34
P-000225,2025-03-01,3,168.7,10.1,4,4,92.3,21.0,2,1.42
P-000225,2025-04-01,4,212.3,16.5,2,12,67.9,43.3,1,2.9
P-000225,2025-05-01,5,177.4,6.5,1,4,91.5,19.2,2,1.28
P-000225,2025-06-01,6,174.0,1.7,2,5,98.2,12.9,2,1.34
P-000225,2025-07-01,7,176.4,0.1,2,4,91.2,11.7,2,1.47
P-000225,2025-08-01,8,176.0,1.4,2,3,93.1,16.8,1,1.68
P-000225,2025-09-01,9,175.9,2.9,1,3,98.0,22.8,2,1.42
P-000225,2025-10-01,10,172.2,2.1,2,6,95.0,20.9,2,1.46
P-000225,2025-11-01,11,172.7,7.0,1,4,96.9,14.3,2,1.22
P-000225,2025-12-01,12,190.8,8.4,1,6,87.0,32.7,2,1.87
P-000226,2025-01-01,1,182.8,4.2,0,5,91.5,22.0,3,1.74
P-000226,2025-02-01,2,170.4,7.2,1,5,92.2,20.2,5,1.44
P-000226,2025-03-01,3,177.8,4.3,1,3,96.1,18.6,4,1.0
P-000226,2025-04-01,4,250.2,30.6,14,12,61.2,92.3,5,4.45
P-000226,2025-05-01,5,251.5,50.5,10,9,57.6,98.0,5,4.64
P-000226,2025-06-01,6,231.3,23.1,7,10,70.1,72.8,3,3.72
P-000226,2025-07-01,7,230.2,38.2,4,8,62.0,68.2,4,3.94
P-000226,2025-08-01,8,221.9,51.7,5,8,49.9,79.4,4,4.68
P-000226,2025-09-01,9,170.0,6.0,1,4,92.8,20.6,4,1.67
P-000226,2025-10-01,10,168.9,0.0,4,7,93.5,20.2,5,1.94
P-000226,2025-11-01,11,177.8,6.2,1,4,101.1,19.2,5,1.79
P-000226,2025-12-01,12,165.3,9.8,2,3,92.1,17.8,5,1.22
P-000227,2025-01-01,1,186.9,2.5,0,5,95.0,23.3,2,2.16
P-000227,2025-02-01,2,180.0,0.4,2,5,98.9,19.1,1,1.41
P-000227,2025-03-01,3,173.8,0.0,2,5,98.1,14.3,1,1.21
P-000227,2025-04-01,4,222.5,30.5,5,8,63.3,64.5,1,3.5
P-000227,2025-05-01,5,178.5,8.4,1,6,95.5,25.4,2,1.37
P-000227,2025-06-01,6,180.2,8.0,2,5,89.7,28.0,2,1.9
P-000227,2025-07-01,7,181.5,6.3,1,5,91.2,19.7,2,1.74
P-000227,2025-08-01,8,165.7,12.7,3,5,92.4,25.5,2,1.86
P-000227,2025-09-01,9,166.5,4.5,0,3,104.6,12.1,1,1.43
P-000227,2025-10-01,10,180.9,2.7,2,4,91.0,15.4,1,1.48
P-000227,2025-11-01,11,172.8,0.1,0,3,106.0,9.8,1,1.51
P-000227,2025-12-01,12,181.4,9.4,2,5,93.2,26.9,2,1.58
P-000228,2025-01-01,1,175.0,9.8,0,6,87.4,23.6,4,1.38
P-000228,2025-02-01,2,181.1,7.7,2,5,90.1,23.1,3,1.05
P-000228,2025-03-01,3,237.6,42.1,6,13,67.7,77.7,4,4.0
P-000228,2025-04-01,4,239.9,32.9,8,11,56.1,84.6,3,4.19
P-000228,2025-05-01,5,242.6,33.3,6,14,66.5,80.4,4,4.1
P-000228,2025-06-01,6,251.6,42.4,8,12,61.2,88.0,5,4.45
P-000228,2025-07-01,7,246.2,36.0,4,9,65.0,75.5,4,4.14
P-000228,2025-08-01,8,251.8,38.0,8,10,57.4,87.3,4,4.16
P-000228,2025-09-01,9,243.0,42.2,7,12,57.3,85.8,4,3.8
P-000228,2025-10-01,10,171.4,1.7,2,5,98.1,20.4,5,1.52
P-000228,2025-11-01,11,178.7,6.7,3,4,100.8,24.0,4,1.24
P-000228,2025-12-01,12,174.1,0.5,0,4,97.0,14.0,4,1.16
P-000229,2025-01-01,1,177.0,0.0,1,4,95.9,19.4,2,1.67
P-000229,2025-02-01,2,164.7,4.6,4,6,87.7,22.0,2,1.66
P-000229,2025-03-01,3,182.6,4.6,1,4,96.8,19.1,2,1.33
P-000229,2025-04-01,4,172.0,5.6,3,3,85.7,17.4,1,1.39
P-000229,2025-05-01,5,217.6,22.6,4,6,66.7,53.0,1,3.38
P-000229,2025-06-01,6,174.5,4.1,5,7,89.8,27.4,2,1.76
P-000229,2025-07-01,7,175.7,4.2,0,5,94.5,20.3,3,2.08
P-000229,2025-08-01,8,186.3,2.2,4,3,101.7,21.4,2,1.41
P-000229,2025-09-01,9,172.1,0.7,2,3,90.1,14.8,2,1.47
P-000229,2025-10-01,10,183.2,8.8,2,4,88.1,18.9,2,1.0
P-000229,2025-11-01,11,169.8,5.9,0,6,92.1,20.3,2,1.58
P-000229,2025-12-01,12,179.2,5.3,4,5,95.6,25.9,1,1.22
P-000230,2025-01-01,1,175.1,0.0,2,5,88.2,16.1,5,1.29
P-000230,2025-02-01,2,184.0,6.7,1,6,93.0,17.4,4,2.03
P-000230,2025-03-01,3,240.2,27.8,6,11,54.8,79.1,4,4.14
P-000230,2025-04-01,4,243.2,22.3,3,9,76.9,62.5,4,4.53
P-000230,2025-05-01,5,234.3,47.3,8,12,49.3,78.3,4,4.01
P-000230,2025-06-01,6,239.9,34.9,5,14,59.2,83.1,4,4.47
P-000230,2025-07-01,7,238.4,33.9,10,12,60.8,89.4,4,4.86
P-000230,2025-08-01,8,240.4,37.1,8,9,53.6,80.2,4,3.63
P-000230,2025-09-01,9,238.0,32.7,3,12,60.1,70.2,4,4.22
P-000230,2025-10-01,10,170.3,5.3,1,3,94.0,15.0,4,1.0
P-000230,2025-11-01,11,177.1,11.0,4,6,92.6,20.7,4,1.0
P-000230,2025-12-01,12,174.5,2.0,2,5,89.4,16.2,4,1.0
P-000231,2025-01-01,1,173.6,7.6,3,5,87.5,22.7,1,1.46
P-000231,2025-02-01,2,178.8,4.4,2,6,93.4,19.2,1,1.3
P-000231,2025-03-01,3,179.9,3.0,1,4,96.7,15.2,2,1.36
P-000231,2025-04-01,4,177.6,5.8,2,5,95.7,19.8,1,1.59
P-000231,2025-05-01,5,180.9,16.1,4,6,75.5,35.5,2,1.0
P-000231,2025-06-01,6,187.2,7.2,1,5,95.3,25.2,1,1.47
P-000231,2025-07-01,7,168.8,1.3,2,4,93.7,19.3,3,1.44
P-000231,2025-08-01,8,181.6,4.5,2,6,94.3,17.1,1,1.02
P-000231,2025-09-01,9,170.3,6.6,3,3,94.4,19.6,1,1.6
P-000231,2025-10-01,10,170.5,8.3,2,6,90.4,21.5,2,1.4
P-000231,2025-11-01,11,180.8,0.0,1,5,91.0,18.5,1,1.14
P-000231,2025-12-01,12,186.0,10.8,0,4,88.4,26.5,3,2.17
P-000232,2025-01-01,1,177.0,5.6,3,5,83.3,24.6,4,1.31
P-000232,2025-02-01,2,187.7,14.0,3,5,90.5,35.0,5,1.35
P-000232,2025-03-01,3,234.5,48.8,3,11,53.9,75.0,4,4.35
P-000232,2025-04-01,4,243.8,41.1,5,9,60.5,80.0,4,3.65
P-000232,2025-05-01,5,259.2,40.9,5,11,47.8,91.9,5,4.32
P-000232,2025-06-01,6,222.0,43.8,6,13,59.5,79.7,4,3.61
P-000232,2025-07-01,7,240.0,46.0,3,9,57.3,76.9,4,3.73
P-000232,2025-08-01,8,235.7,47.3,5,11,55.8,78.8,3,3.7
P-000232,2025-09-01,9,241.0,46.2,10,11,61.9,88.9,4,4.35
P-000232,2025-10-01,10,168.6,3.3,2,5,96.1,17.1,3,1.0
P-000232,2025-11-01,11,174.9,3.9,4,4,89.9,21.8,5,1.4
P-000232,2025-12-01,12,186.5,6.0,4,4,85.0,25.2,5,1.38
P-000233,2025-01-01,1,178.1,7.5,3,3,89.2,21.6,5,1.3
P-000233,2025-02-01,2,184.9,11.8,1,4,94.4,22.5,5,1.16
P-000233,2025-03-01,3,176.0,3.1,1,4,93.9,16.4,5,1.72
P-000233,2025-04-01,4,242.2,48.8,6,17,57.7,95.5,5,4.13
P-000233,2025-05-01,5,232.6,40.5,3,13,55.4,71.3,4,4.37
P-000233,2025-06-01,6,236.9,47.3,6,16,54.7,88.9,5,4.72
P-000233,2025-07-01,7,243.2,34.7,5,10,65.6,82.4,4,4.28
P-000233,2025-08-01,8,240.8,41.2,6,13,49.8,84.6,5,4.05
P-000233,2025-09-01,9,240.4,41.4,5,10,51.8,81.7,4,5.0
P-000233,2025-10-01,10,241.2,41.8,5,13,62.4,84.5,4,3.97
P-000233,2025-11-01,11,259.3,45.2,14,11,67.0,98.0,5,4.51
P-000233,2025-12-01,12,169.0,4.3,4,5,99.8,16.3,5,1.0
P-000234,2025-01-01,1,171.9,2.9,3,5,94.5,16.0,4,1.05
P-000234,2025-02-01,2,175.1,12.6,2,4,89.6,26.5,4,1.36
P-000234,2025-03-01,3,245.9,35.0,3,12,64.1,75.6,4,4.35
P-000234,2025-04-01,4,237.2,43.4,5,10,52.1,85.7,4,3.66
P-000234,2025-05-01,5,239.2,40.2,10,8,58.7,86.7,4,4.24
P-000234,2025-06-01,6,246.3,42.9,8,13,57.1,88.0,5,4.04
P-000234,2025-07-01,7,236.2,35.3,8,11,58.4,85.5,3,3.64
P-000234,2025-08-01,8,244.3,45.5,5,8,61.7,81.1,5,4.62
P-000234,2025-09-01,9,239.2,38.8,11,11,62.7,83.3,4,4.33
P-000234,2025-10-01,10,176.2,4.8,2,4,92.7,23.3,3,1.68
P-000234,2025-11-01,11,179.0,3.8,3,6,91.8,20.5,4,1.2
P-000234,2025-12-01,12,164.6,11.0,0,3,93.7,17.4,4,1.55
P-000235,2025-01-01,1,173.4,1.3,3,3,94.7,19.9,2,1.37
P-000235,2025-02-01,2,180.1,7.0,3,4,90.3,21.1,1,1.88
P-000235,2025-03-01,3,177.5,9.7,2,5,89.6,25.7,1,1.77
P-000235,2025-04-01,4,172.7,6.5,2,5,91.8,25.5,1,1.31
P-000235,2025-05-01,5,171.2,8.2,3,5,93.6,23.7,2,1.93
P-000235,2025-06-01,6,172.6,1.9,1,5,92.6,17.6,2,1.0
P-000235,2025-07-01,7,175.0,12.4,3,5,91.9,21.2,2,1.58
P-000235,2025-08-01,8,176.2,7.9,1,3,88.6,19.8,3,1.6
P-000235,2025-09-01,9,170.3,2.7,0,3,94.7,10.1,2,1.71
P-000235,2025-10-01,10,179.5,4.7,1,5,97.5,14.1,3,1.5
P-000235,2025-11-01,11,176.3,7.4,3,5,90.5,31.7,2,1.43
P-000235,2025-12-01,12,174.3,8.0,1,5,90.6,31.1,1,1.2
P-000236,2025-01-01,1,180.4,13.4,2,5,94.1,24.6,2,1.27
P-000236,2025-02-01,2,172.2,8.9,2,5,95.3,21.7,2,1.06
P-000236,2025-03-01,3,183.8,7.3,5,5,91.6,29.4,2,1.37
P-000236,2025-04-01,4,174.3,1.4,2,4,95.4,15.6,2,1.29
P-000236,2025-05-01,5,169.8,12.8,5,4,87.4,27.2,2,1.31
P-000236,2025-06-01,6,243.5,36.5,2,10,56.6,75.0,4,3.82
P-000236,2025-07-01,7,249.5,40.8,6,9,63.5,83.0,4,4.68
P-000236,2025-08-01,8,181.0,5.8,5,4,98.7,22.3,2,1.24
P-000236,2025-09-01,9,165.9,9.9,5,4,86.9,23.1,2,1.91
P-000236,2025-10-01,10,182.7,5.4,2,5,101.5,23.4,2,1.47
P-000236,2025-11-01,11,172.2,1.0,3,4,92.1,23.2,2,1.13
P-000236,2025-12-01,12,169.5,9.5,1,4,95.4,15.6,2,1.22
P-000237,2025-01-01,1,182.8,0.0,1,6,101.6,20.1,4,1.74
P-000237,2025-02-01,2,179.9,0.0,1,3,96.0,18.8,4,1.83
P-000237,2025-03-01,3,229.0,43.3,5,13,59.0,82.7,5,4.2
P-000237,2025-04-01,4,255.1,64.6,7,10,41.0,98.0,5,4.55
P-000237,2025-05-01,5,233.8,43.5,7,9,58.8,82.3,5,5.0
P-000237,2025-06-01,6,239.1,42.3,7,10,61.8,80.2,4,4.49
P-000237,2025-07-01,7,234.3,28.8,5,8,65.2,74.2,3,3.97
P-000237,2025-08-01,8,241.8,37.4,5,10,66.6,80.0,4,4.11
P-000237,2025-09-01,9,223.5,36.8,4,13,62.6,66.8,3,4.27
P-000237,2025-10-01,10,167.8,4.8,0,4,94.1,11.0,4,1.2
P-000237,2025-11-01,11,176.1,11.1,2,4,86.7,18.5,4,1.36
P-000237,2025-12-01,12,175.5,14.1,5,4,87.8,26.4,3,1.25
P-000238,2025-01-01,1,167.0,10.2,4,4,97.2,18.5,5,1.41
P-000238,2025-02-01,2,182.9,3.1,3,6,92.7,26.7,3,1.73
P-000238,2025-03-01,3,165.2,8.5,0,4,87.1,14.4,3,1.0
P-000238,2025-04-01,4,228.5,45.9,6,7,54.8,78.8,3,3.47
P-000238,2025-05-01,5,241.3,45.1,3,13,53.7,77.2,4,4.2
P-000238,2025-06-01,6,233.6,42.5,7,12,58.4,80.2,4,3.33
P-000238,2025-07-01,7,228.1,48.8,4,10,53.9,75.6,4,3.65
P-000238,2025-08-01,8,236.2,39.2,2,9,64.8,71.2,3,3.96
P-000238,2025-09-01,9,171.9,4.5,2,3,96.7,20.7,5,1.57
P-000238,2025-10-01,10,181.9,4.4,0,4,94.7,20.2,4,1.41
P-000238,2025-11-01,11,176.9,5.6,4,5,88.0,22.4,4,1.46
P-000238,2025-12-01,12,173.0,11.0,1,5,88.9,18.3,3,1.5
P-000239,2025-01-01,1,173.4,13.7,3,4,89.3,25.1,3,1.67
P-000239,2025-02-01,2,172.8,5.7,0,5,97.1,15.0,5,1.53
P-000239,2025-03-01,3,245.2,44.5,4,12,52.4,81.9,4,4.38
P-000239,2025-04-01,4,232.4,45.9,7,5,56.6,76.6,3,3.92
P-000239,2025-05-01,5,238.0,36.4,5,12,61.2,85.7,5,5.0
P-000239,2025-06-01,6,237.4,39.4,7,10,56.8,79.0,4,4.21
P-000239,2025-07-01,7,239.0,46.6,6,12,55.0,91.7,4,4.89
P-000239,2025-08-01,8,241.8,29.6,8,7,68.4,77.1,3,4.15
P-000239,2025-09-01,9,249.7,37.3,14,8,60.8,97.4,5,4.09
P-000239,2025-10-01,10,173.5,2.8,1,5,95.1,16.0,5,1.41
P-000239,2025-11-01,11,167.2,4.4,1,5,93.7,5.8,3,1.43
P-000239,2025-12-01,12,158.5,6.8,4,5,93.6,11.8,4,1.68
P-000240,2025-01-01,1,180.5,6.4,2,5,95.5,26.5,1,1.0
P-000240,2025-02-01,2,179.6,3.9,2,5,98.8,20.8,2,1.62
P-000240,2025-03-01,3,177.3,10.1,2,6,92.3,19.3,3,1.0
P-000240,2025-04-01,4,166.9,1.1,5,4,96.8,23.7,2,1.7
P-000240,2025-05-01,5,181.5,8.4,2,5,96.3,17.8,2,1.0
P-000240,2025-06-01,6,173.1,0.0,3,5,88.0,13.9,2,1.08
P-000240,2025-07-01,7,183.1,3.5,3,5,89.8,26.9,2,1.65
P-000240,2025-08-01,8,182.2,1.6,1,5,97.0,20.1,2,1.46
P-000240,2025-09-01,9,179.8,5.3,5,5,104.6,28.3,2,1.56
P-000240,2025-10-01,10,177.5,0.0,2,6,93.8,17.5,2,1.57
P-000240,2025-11-01,11,182.5,2.2,1,6,94.6,24.5,3,1.47
P-000240,2025-12-01,12,181.3,10.4,0,5,97.1,14.8,1,1.54
P-000241,2025-01-01,1,177.1,9.2,1,3,94.3,14.9,1,1.15
P-000241,2025-02-01,2,175.5,9.3,2,5,93.0,20.8,1,1.0
P-000241,2025-03-01,3,177.7,10.0,1,5,94.9,23.4,1,1.77
P-000241,2025-04-01,4,179.3,0.9,0,4,90.3,15.5,3,1.0
P-000241,2025-05-01,5,229.6,35.4,6,6,62.4,65.6,3,3.97
P-000241,2025-06-01,6,183.0,8.7,3,3,93.4,24.0,1,1.0
P-000241,2025-07-01,7,176.0,0.0,2,6,96.8,16.4,2,1.0
P-000241,2025-08-01,8,178.5,2.4,3,4,88.0,20.8,3,1.13
P-000241,2025-09-01,9,169.2,7.8,3,3,92.3,15.5,2,1.36
P-000241,2025-10-01,10,178.8,7.1,3,5,92.6,22.8,1,1.28
P-000241,2025-11-01,11,168.6,4.2,2,5,94.2,17.4,2,1.7
P-000241,2025-12-01,12,181.5,5.4,0,3,87.7,16.3,2,1.3
P-000242,2025-01-01,1,180.0,10.7,1,6,86.0,22.4,4,1.38
P-000242,2025-02-01,2,173.2,14.4,5,7,87.6,29.2,4,1.41
P-000242,2025-03-01,3,185.1,2.6,2,5,93.9,25.7,5,1.36
P-000242,2025-04-01,4,232.6,31.6,9,13,60.4,83.5,4,3.79
P-000242,2025-05-01,5,243.3,48.5,6,11,58.5,81.7,4,4.34
P-000242,2025-06-01,6,240.7,40.0,4,10,56.6,78.1,4,4.33
P-000242,2025-07-01,7,236.3,30.7,1,9,59.7,70.7,3,3.59
P-000242,2025-08-01,8,242.7,48.3,2,9,58.6,79.5,4,4.72
P-000242,2025-09-01,9,170.1,4.8,0,4,98.6,11.1,3,1.0
P-000242,2025-10-01,10,164.3,1.8,1,5,95.1,8.5,4,1.11
P-000242,2025-11-01,11,180.8,9.3,2,6,90.2,24.1,3,1.32
P-000242,2025-12-01,12,182.9,11.1,2,5,94.8,27.0,4,1.75
P-000243,2025-01-01,1,185.1,5.6,1,6,88.1,29.5,4,1.42
P-000243,2025-02-01,2,178.7,6.6,1,7,88.1,22.5,4,1.0
P-000243,2025-03-01,3,233.2,46.7,5,9,56.2,72.5,4,3.02
P-000243,2025-04-01,4,235.4,44.0,5,8,59.4,77.3,4,3.77
P-000243,2025-05-01,5,251.8,37.5,10,9,61.7,86.2,4,4.45
P-000243,2025-06-01,6,229.8,29.4,2,11,54.1,66.2,4,3.75
P-000243,2025-07-01,7,222.3,50.7,8,10,52.1,82.9,4,4.34
P-000243,2025-08-01,8,239.3,34.8,10,7,61.6,91.8,4,5.0
P-000243,2025-09-01,9,227.7,34.1,6,8,66.1,65.1,4,3.99
P-000243,2025-10-01,10,176.3,5.0,1,4,90.7,18.2,4,1.32
P-000243,2025-11-01,11,171.0,3.2,5,3,95.4,22.4,4,1.0
P-000243,2025-12-01,12,171.1,1.0,1,6,97.2,13.9,5,1.43
P-000244,2025-01-01,1,172.8,5.8,4,4,96.7,22.3,1,1.54
P-000244,2025-02-01,2,173.0,5.7,3,5,87.5,22.5,2,1.0
P-000244,2025-03-01,3,161.7,2.2,0,4,92.8,5.4,2,1.07
P-000244,2025-04-01,4,169.7,5.6,2,3,86.4,16.3,1,1.39
P-000244,2025-05-01,5,219.4,34.2,4,10,60.3,65.6,2,2.92
P-000244,2025-06-01,6,180.2,7.2,3,5,95.0,14.0,1,1.34
P-000244,2025-07-01,7,165.1,0.3,1,7,91.0,9.1,3,1.0
P-000244,2025-08-01,8,168.9,6.9,3,3,91.0,25.8,1,1.69
P-000244,2025-09-01,9,171.0,4.3,2,3,93.3,17.1,2,1.0
P-000244,2025-10-01,10,173.8,8.3,1,4,96.0,12.8,1,1.05
P-000244,2025-11-01,11,177.8,2.5,1,4,90.7,17.5,2,1.14
P-000244,2025-12-01,12,173.8,4.9,2,6,87.8,28.2,2,1.57
P-000245,2025-01-01,1,179.2,11.0,0,4,91.4,14.8,1,1.82
P-000245,2025-02-01,2,178.5,1.7,3,4,87.2,27.1,2,1.51
P-000245,2025-03-01,3,179.8,9.1,0,3,94.4,19.5,1,1.44
P-000245,2025-04-01,4,176.1,7.9,0,4,91.6,16.5,1,1.14
P-000245,2025-05-01,5,231.1,37.9,1,9,60.9,69.0,1,3.07
P-000245,2025-06-01,6,177.8,14.5,4,6,91.6,20.4,2,1.3
P-000245,2025-07-01,7,180.9,6.7,1,4,94.9,22.7,1,1.28
P-000245,2025-08-01,8,172.5,4.7,0,5,97.7,10.9,2,1.0
P-000245,2025-09-01,9,177.1,2.3,4,4,92.3,23.5,2,1.9
P-000245,2025-10-01,10,177.1,10.5,1,5,89.6,21.5,1,1.0
P-000245,2025-11-01,11,177.5,0.0,3,4,100.0,20.9,3,1.19
P-000245,2025-12-01,12,180.2,8.9,0,5,92.5,19.3,1,1.0
P-000246,2025-01-01,1,173.1,4.1,5,5,100.6,21.7,1,1.05
P-000246,2025-02-01,2,182.8,0.0,1,6,99.7,14.4,1,1.08
P-000246,2025-03-01,3,179.5,0.0,1,3,104.0,17.1,1,1.48
P-000246,2025-04-01,4,224.7,45.7,3,9,63.8,75.8,2,3.99
P-000246,2025-05-01,5,183.1,5.6,5,5,90.3,28.9,3,1.5
P-000246,2025-06-01,6,186.2,4.4,4,4,94.4,22.9,1,1.45
P-000246,2025-07-01,7,172.9,7.0,1,3,87.2,21.3,1,2.0
P-000246,2025-08-01,8,180.7,0.7,4,4,90.9,23.6,2,1.38
P-000246,2025-09-01,9,184.9,3.7,2,5,90.3,16.5,2,1.62
P-000246,2025-10-01,10,166.4,9.2,0,5,89.4,20.0,1,1.27
P-000246,2025-11-01,11,175.7,3.0,4,5,92.4,27.4,2,1.46
P-000246,2025-12-01,12,165.5,14.2,4,5,97.2,21.7,2,1.63
P-000247,2025-01-01,1,186.1,8.8,0,5,96.3,19.4,1,1.11
P-000247,2025-02-01,2,171.2,6.2,2,5,90.1,20.8,2,1.08
P-000247,2025-03-01,3,183.0,11.0,2,6,93.1,24.2,1,1.56
P-000247,2025-04-01,4,226.6,44.4,2,11,64.3,70.2,2,3.19
P-000247,2025-05-01,5,180.7,6.1,3,4,95.4,23.3,1,1.67
P-000247,2025-06-01,6,174.7,3.5,3,3,93.8,21.8,1,1.17
P-000247,2025-07-01,7,182.4,12.4,2,5,94.3,22.2,2,1.24
P-000247,2025-08-01,8,174.9,8.5,1,4,91.5,19.3,1,1.6
P-000247,2025-09-01,9,181.7,0.0,3,4,94.8,22.8,2,1.55
P-000247,2025-10-01,10,175.2,11.6,1,3,93.5,20.6,1,1.05
P-000247,2025-11-01,11,164.0,8.3,3,4,96.7,20.1,2,1.79
P-000247,2025-12-01,12,176.2,1.4,4,4,95.6,18.4,2,1.51
P-000248,2025-01-01,1,179.3,8.4,4,6,90.1,31.9,1,1.25
P-000248,2025-02-01,2,166.3,3.3,2,3,103.7,14.1,2,1.27
P-000248,2025-03-01,3,179.1,0.7,4,3,93.0,24.0,2,1.0
P-000248,2025-04-01,4,218.5,30.5,2,9,50.3,62.9,1,3.04
P-000248,2025-05-01,5,183.0,13.8,2,4,86.4,27.0,1,1.67
P-000248,2025-06-01,6,173.2,7.6,3,6,90.4,25.2,1,1.42
P-000248,2025-07-01,7,179.5,3.9,2,5,86.2,25.0,2,1.0
P-000248,2025-08-01,8,178.1,3.5,3,5,93.2,21.8,1,1.03
P-000248,2025-09-01,9,163.3,5.3,1,4,90.1,16.0,1,1.34
P-000248,2025-10-01,10,179.4,11.7,2,6,89.8,28.4,2,1.43
P-000248,2025-11-01,11,174.1,3.8,4,4,96.1,22.0,1,1.77
P-000248,2025-12-01,12,171.8,0.9,0,5,93.2,16.1,1,1.03
P-000249,2025-01-01,1,177.9,4.4,1,6,88.1,22.7,2,1.93
P-000249,2025-02-01,2,185.9,3.8,5,5,94.1,27.5,1,1.55
P-000249,2025-03-01,3,173.8,8.2,3,4,97.5,20.7,2,1.3
P-000249,2025-04-01,4,217.4,44.1,2,8,56.8,64.2,2,3.45
P-000249,2025-05-01,5,230.4,33.2,7,9,65.7,70.6,3,3.84
P-000249,2025-06-01,6,172.0,8.4,4,5,94.8,21.6,1,1.16
P-000249,2025-07-01,7,175.0,15.6,2,7,93.0,26.4,2,1.72
P-000249,2025-08-01,8,175.5,1.4,1,6,95.0,16.7,2,1.23
P-000249,2025-09-01,9,166.8,4.3,1,3,87.6,18.6,1,1.0
P-000249,2025-10-01,10,166.1,6.4,1,6,89.4,20.8,2,1.89
P-000249,2025-11-01,11,178.0,5.1,3,4,90.8,30.3,2,1.41
P-000249,2025-12-01,12,171.7,0.0,2,5,96.8,16.2,2,1.59
P-000250,2025-01-01,1,171.4,1.7,3,5,96.7,20.2,1,1.0
P-000250,2025-02-01,2,175.5,0.7,2,4,96.0,12.6,2,1.3
P-000250,2025-03-01,3,173.9,10.8,3,5,94.9,25.9,1,1.69
P-000250,2025-04-01,4,207.7,31.5,1,9,68.0,54.7,1,3.37
P-000250,2025-05-01,5,225.3,40.0,4,8,57.2,67.2,1,2.53
P-000250,2025-06-01,6,174.6,5.0,3,6,89.6,25.4,2,1.65
P-000250,2025-07-01,7,162.6,4.0,3,5,94.4,15.3,3,1.09
P-000250,2025-08-01,8,172.7,7.0,1,5,93.6,17.8,1,1.0
P-000250,2025-09-01,9,167.8,16.4,2,4,90.6,15.3,3,1.0
P-000250,2025-10-01,10,164.0,4.8,4,4,96.4,20.1,2,1.23
P-000250,2025-11-01,11,171.1,7.7,3,4,90.8,20.0,2,1.0
P-000250,2025-12-01,12,174.9,9.7,1,5,91.2,18.4,1,1.87
P-000251,2025-01-01,1,176.7,1.6,5,5,93.8,21.8,1,1.32
P-000251,2025-02-01,2,179.5,6.5,3,4,95.0,19.4,2,1.07
P-000251,2025-03-01,3,177.5,1.1,3,6,93.9,18.3,3,1.63
P-000251,2025-04-01,4,177.1,10.5,3,5,88.9,24.2,1,1.4
P-000251,2025-05-01,5,220.7,53.4,3,9,51.5,76.4,2,3.63
P-000251,2025-06-01,6,182.9,6.1,4,3,100.6,20.2,2,1.14
P-000251,2025-07-01,7,177.3,0.0,3,4,96.1,19.8,1,1.23
P-000251,2025-08-01,8,173.3,5.1,2,3,90.4,23.1,2,1.56
P-000251,2025-09-01,9,176.5,8.9,5,6,93.7,24.1,1,1.21
P-000251,2025-10-01,10,173.7,8.7,2,5,95.1,22.2,1,1.31
P-000251,2025-11-01,11,177.4,7.4,2,4,104.0,20.1,1,1.68
P-000251,2025-12-01,12,185.4,5.0,1,5,98.3,16.4,2,1.54
P-000252,2025-01-01,1,170.6,4.6,1,6,97.0,15.7,5,1.62
P-000252,2025-02-01,2,167.8,8.7,2,5,94.9,24.1,4,1.3
P-000252,2025-03-01,3,179.0,0.0,2,3,86.9,20.4,4,1.33
P-000252,2025-04-01,4,244.7,39.7,4,17,54.3,85.9,5,4.79
P-000252,2025-05-01,5,234.9,39.1,6,9,52.6,81.6,4,4.47
P-000252,2025-06-01,6,243.8,48.0,7,10,57.1,82.9,4,4.78
P-000252,2025-07-01,7,235.0,38.0,5,8,61.1,75.8,3,3.81
P-000252,2025-08-01,8,227.8,40.0,8,10,65.2,85.1,3,4.39
P-000252,2025-09-01,9,176.9,0.0,2,5,94.8,16.4,4,1.35
P-000252,2025-10-01,10,181.7,1.3,1,3,92.3,21.7,4,1.04
P-000252,2025-11-01,11,175.6,13.9,1,4,91.6,16.4,4,1.39
P-000252,2025-12-01,12,175.9,8.8,1,5,88.3,21.1,4,1.22
P-000253,2025-01-01,1,171.0,4.9,2,5,93.8,15.5,3,1.08
P-000253,2025-02-01,2,171.8,8.1,2,6,92.5,22.0,1,1.0
P-000253,2025-03-01,3,187.9,9.0,3,4,97.2,22.5,1,1.19
P-000253,2025-04-01,4,184.2,7.9,2,3,86.0,21.1,1,1.31
P-000253,2025-05-01,5,229.3,28.7,4,11,68.4,69.7,2,3.1
P-000253,2025-06-01,6,175.7,9.4,0,4,94.1,17.9,1,1.5
P-000253,2025-07-01,7,163.1,6.5,0,6,95.1,15.8,1,1.34
P-000253,2025-08-01,8,174.4,7.0,2,6,88.0,22.8,2,1.73
P-000253,2025-09-01,9,173.1,10.9,1,5,98.7,15.3,1,1.02
P-000253,2025-10-01,10,184.2,1.6,4,5,95.0,24.9,2,1.72
P-000253,2025-11-01,11,175.3,3.0,1,4,97.2,22.4,1,1.99
P-000253,2025-12-01,12,181.1,10.1,1,3,96.8,21.8,3,1.49
P-000254,2025-01-01,1,168.8,0.0,2,4,94.4,21.5,4,1.05
P-000254,2025-02-01,2,179.9,8.2,1,4,95.8,20.3,4,1.0
P-000254,2025-03-01,3,185.5,4.4,2,4,89.3,26.0,4,1.97
P-000254,2025-04-01,4,249.1,36.6,14,14,74.4,94.8,5,4.21
P-000254,2025-05-01,5,244.6,48.6,6,14,51.9,88.9,5,4.48
P-000254,2025-06-01,6,247.0,48.6,9,13,55.0,98.0,4,3.8
P-000254,2025-07-01,7,239.8,43.5,5,11,51.3,80.0,4,4.39
P-000254,2025-08-01,8,246.3,37.8,10,11,59.6,88.0,4,3.7
P-000254,2025-09-01,9,248.3,42.7,5,14,60.2,88.4,5,4.76
P-000254,2025-10-01,10,246.3,46.0,7,10,55.5,83.7,5,4.83
P-000254,2025-11-01,11,247.3,39.3,9,12,65.8,89.0,5,4.54
P-000254,2025-12-01,12,171.6,0.0,1,4,100.8,10.3,5,1.11
P-000255,2025-01-01,1,171.9,6.8,0,4,93.6,18.2,2,2.12
P-000255,2025-02-01,2,173.1,3.9,0,4,94.9,15.1,1,1.07
P-000255,2025-03-01,3,183.4,5.9,1,3,95.9,22.1,2,1.15
P-000255,2025-04-01,4,182.8,11.2,2,4,82.1,26.3,1,1.39
P-000255,2025-05-01,5,182.6,8.2,2,5,98.8,25.1,2,1.53
P-000255,2025-06-01,6,166.5,1.5,2,5,93.8,9.2,2,1.33
P-000255,2025-07-01,7,180.2,2.5,2,3,84.7,17.5,1,1.27
P-000255,2025-08-01,8,173.1,6.6,2,3,84.3,22.4,2,1.45
P-000255,2025-09-01,9,180.9,8.9,1,3,91.8,22.4,1,1.28
P-000255,2025-10-01,10,187.6,6.2,0,5,90.1,26.4,2,1.49
P-000255,2025-11-01,11,164.0,0.0,0,5,93.4,11.6,3,2.04
P-000255,2025-12-01,12,176.3,10.9,0,4,83.2,20.9,2,1.0
P-000256,2025-01-01,1,181.8,14.7,1,5,93.0,29.7,2,1.64
P-000256,2025-02-01,2,180.0,5.6,2,5,93.1,19.4,1,1.6
P-000256,2025-03-01,3,185.6,7.9,3,5,105.9,24.8,2,1.06
P-000256,2025-04-01,4,184.2,0.9,1,5,94.0,16.7,1,1.34
P-000256,2025-05-01,5,182.7,0.6,2,3,100.9,19.0,3,1.61
P-000256,2025-06-01,6,178.1,11.4,0,4,90.7,26.6,3,1.63
P-000256,2025-07-01,7,168.0,14.0,1,5,92.2,13.2,1,1.01
P-000256,2025-08-01,8,174.4,10.3,1,4,95.6,25.0,1,1.55
P-000256,2025-09-01,9,176.4,11.6,1,6,92.3,20.8,3,1.87
P-000256,2025-10-01,10,171.7,1.6,2,3,90.8,16.6,2,1.35
P-000256,2025-11-01,11,174.0,4.0,1,4,90.8,17.2,1,1.43
P-000256,2025-12-01,12,164.7,3.5,2,4,96.7,17.0,1,1.58
P-000257,2025-01-01,1,170.8,6.8,2,3,85.4,20.6,2,1.52
P-000257,2025-02-01,2,167.3,0.0,1,4,95.9,10.3,1,1.27
P-000257,2025-03-01,3,180.3,8.2,0,4,93.1,21.8,2,1.75
P-000257,2025-04-01,4,177.2,5.0,4,4,88.5,25.1,1,1.59
P-000257,2025-05-01,5,221.8,50.5,8,10,55.1,82.2,2,3.39
P-000257,2025-06-01,6,176.8,2.5,0,5,97.0,20.8,2,1.09
P-000257,2025-07-01,7,176.2,2.1,4,4,91.2,23.4,2,1.21
P-000257,2025-08-01,8,182.6,4.8,2,3,92.9,19.4,2,1.42
P-000257,2025-09-01,9,178.5,7.1,1,5,95.3,19.5,2,1.43
P-000257,2025-10-01,10,182.1,14.7,4,5,79.7,30.9,2,1.26
P-000257,2025-11-01,11,167.9,0.0,1,5,96.1,9.5,1,1.2
P-000257,2025-12-01,12,183.8,2.7,2,4,95.5,22.8,3,1.27
P-000258,2025-01-01,1,168.2,3.6,1,6,98.5,11.9,2,1.24
P-000258,2025-02-01,2,174.8,9.2,5,4,88.7,29.2,2,1.35
P-000258,2025-03-01,3,169.7,8.2,3,6,91.5,24.6,2,1.52
P-000258,2025-04-01,4,222.6,21.9,2,8,67.3,55.0,2,3.25
P-000258,2025-05-01,5,176.3,3.4,1,4,89.8,18.2,1,1.41
P-000258,2025-06-01,6,174.2,10.0,0,5,94.1,18.3,1,1.56
P-000258,2025-07-01,7,179.8,1.7,5,5,90.9,28.2,2,1.12
P-000258,2025-08-01,8,174.9,11.8,1,3,85.6,13.8,2,1.0
P-000258,2025-09-01,9,185.9,7.5,2,4,88.2,26.1,1,1.76
P-000258,2025-10-01,10,163.8,6.1,2,6,94.9,20.7,1,1.37
P-000258,2025-11-01,11,174.4,8.3,2,5,91.9,17.1,1,1.01
P-000258,2025-12-01,12,182.5,6.0,2,5,92.3,24.1,1,1.69
P-000259,2025-01-01,1,171.7,0.0,1,3,95.5,7.4,4,1.54
P-000259,2025-02-01,2,176.2,5.9,2,5,96.0,19.2,4,1.22
P-000259,2025-03-01,3,237.5,33.5,2,12,56.8,74.9,4,4.74
P-000259,2025-04-01,4,240.6,56.2,9,12,49.8,97.5,5,4.67
P-000259,2025-05-01,5,237.7,34.6,6,10,58.1,76.1,4,4.25
P-000259,2025-06-01,6,246.3,44.5,9,13,45.4,98.0,5,5.0
P-000259,2025-07-01,7,241.3,33.1,1,10,73.5,69.3,4,4.46
P-000259,2025-08-01,8,248.3,44.4,3,13,67.0,73.0,4,3.57
P-000259,2025-09-01,9,229.5,34.5,5,13,62.7,72.0,3,2.96
P-000259,2025-10-01,10,178.0,8.9,0,4,96.0,22.4,5,1.3
P-000259,2025-11-01,11,182.0,5.3,3,4,97.6,22.0,4,1.0
P-000259,2025-12-01,12,177.0,12.6,2,3,89.8,24.3,5,1.4
P-000260,2025-01-01,1,173.9,2.6,5,6,88.8,24.5,2,1.11
P-000260,2025-02-01,2,186.2,4.5,4,6,91.9,29.7,2,1.14
P-000260,2025-03-01,3,172.9,3.6,2,5,89.2,18.4,2,1.35
P-000260,2025-04-01,4,175.2,0.0,3,5,98.7,22.9,2,1.8
P-000260,2025-05-01,5,179.3,4.9,3,6,94.1,26.5,2,1.45
P-000260,2025-06-01,6,232.8,48.9,6,11,53.1,83.6,4,4.86
P-000260,2025-07-01,7,228.9,42.3,3,10,57.5,72.7,4,3.4
P-000260,2025-08-01,8,175.0,2.3,2,4,90.0,16.8,2,1.0
P-000260,2025-09-01,9,177.9,1.2,2,4,93.9,19.0,2,1.0
P-000260,2025-10-01,10,174.3,10.9,2,5,88.4,21.0,2,1.52
P-000260,2025-11-01,11,171.3,4.3,0,4,94.7,16.5,2,1.33
P-000260,2025-12-01,12,175.9,3.0,1,3,89.4,16.6,2,1.44
P-000261,2025-01-01,1,173.6,0.8,0,4,93.3,12.8,5,1.1
P-000261,2025-02-01,2,177.7,0.0,0,5,95.4,12.2,5,1.17
P-000261,2025-03-01,3,243.7,49.6,10,13,63.3,98.0,5,4.47
P-000261,2025-04-01,4,237.5,40.6,9,12,50.9,83.9,4,3.95
P-000261,2025-05-01,5,240.0,42.8,4,10,50.8,82.6,4,4.4
P-000261,2025-06-01,6,229.5,34.7,2,10,67.2,69.0,4,3.74
P-000261,2025-07-01,7,238.2,32.2,4,13,63.6,74.4,4,4.02
P-000261,2025-08-01,8,237.8,45.4,3,14,52.8,76.8,4,3.89
P-000261,2025-09-01,9,235.1,36.8,6,10,64.7,76.5,4,3.98
P-000261,2025-10-01,10,180.4,7.7,5,5,91.0,27.5,5,2.11
P-000261,2025-11-01,11,167.5,11.3,3,4,88.8,23.6,4,1.6
P-000261,2025-12-01,12,176.0,5.7,4,4,88.9,22.7,4,1.96
P-000262,2025-01-01,1,176.9,3.6,5,6,99.9,28.5,2,1.44
P-000262,2025-02-01,2,169.5,3.4,1,5,90.3,16.2,1,1.49
P-000262,2025-03-01,3,166.3,2.1,5,4,90.5,17.7,1,1.0
P-000262,2025-04-01,4,171.7,0.6,1,4,93.1,18.2,2,1.3
P-000262,2025-05-01,5,240.6,36.8,3,7,57.8,73.7,3,3.97
P-000262,2025-06-01,6,169.6,2.1,4,3,95.0,17.1,1,1.31
P-000262,2025-07-01,7,172.9,4.5,1,3,93.6,12.9,2,1.77
P-000262,2025-08-01,8,173.4,4.9,1,6,102.4,21.2,2,1.27
P-000262,2025-09-01,9,169.8,7.9,3,3,94.0,22.2,2,1.45
P-000262,2025-10-01,10,172.4,3.9,2,6,96.8,17.7,1,1.21
P-000262,2025-11-01,11,179.5,9.8,1,3,94.2,22.0,2,1.31
P-000262,2025-12-01,12,177.8,9.2,0,6,88.8,22.7,3,1.61
P-000263,2025-01-01,1,173.3,6.8,2,6,94.6,17.5,5,1.41
P-000263,2025-02-01,2,175.9,7.2,1,5,96.2,19.5,4,1.29
P-000263,2025-03-01,3,240.6,43.2,14,12,52.8,96.5,4,3.77
P-000263,2025-04-01,4,239.3,35.4,5,12,58.8,87.7,4,4.18
P-000263,2025-05-01,5,229.2,41.5,7,6,55.3,74.7,3,3.51
P-000263,2025-06-01,6,233.9,40.9,5,11,57.2,78.8,4,3.81
P-000263,2025-07-01,7,246.5,53.8,5,9,51.3,94.0,5,4.68
P-000263,2025-08-01,8,238.2,38.3,3,10,65.1,71.9,4,4.02
P-000263,2025-09-01,9,253.1,36.3,6,10,50.5,80.1,5,5.0
P-000263,2025-10-01,10,179.0,8.2,4,5,95.6,21.1,4,1.33
P-000263,2025-11-01,11,177.1,6.6,2,5,84.0,27.3,4,1.58
P-000263,2025-12-01,12,179.1,13.3,0,3,86.8,18.3,5,1.77
P-000264,2025-01-01,1,183.8,2.4,0,6,90.1,24.4,1,1.22
P-000264,2025-02-01,2,184.2,7.9,2,6,97.3,28.0,1,1.0
P-000264,2025-03-01,3,172.2,10.0,3,4,92.6,23.2,2,1.19
P-000264,2025-04-01,4,220.9,29.0,6,10,66.0,67.3,2,3.1
P-000264,2025-05-01,5,178.4,8.6,2,4,98.1,21.3,2,1.52
P-000264,2025-06-01,6,174.1,5.0,2,3,94.2,17.5,2,1.68
P-000264,2025-07-01,7,188.2,8.0,2,5,95.6,25.0,1,1.12
P-000264,2025-08-01,8,171.8,4.4,2,4,92.1,17.8,1,1.2
P-000264,2025-09-01,9,176.6,3.5,1,3,88.6,15.6,3,1.43
P-000264,2025-10-01,10,185.1,4.6,3,3,99.3,21.9,2,1.3
P-000264,2025-11-01,11,177.2,11.9,3,5,86.0,33.3,2,1.19
P-000264,2025-12-01,12,178.9,2.0,1,4,99.0,17.2,2,1.9
P-000265,2025-01-01,1,167.8,3.9,3,3,91.4,21.8,3,1.14
P-000265,2025-02-01,2,177.9,9.9,0,6,89.5,21.3,2,1.85
P-000265,2025-03-01,3,173.6,1.4,3,3,95.3,24.3,3,1.86
P-000265,2025-04-01,4,222.2,24.8,4,11,66.8,59.2,2,3.72
P-000265,2025-05-01,5,170.4,11.6,1,4,96.2,21.8,1,1.57
P-000265,2025-06-01,6,177.9,1.9,0,4,101.8,13.8,2,1.0
P-000265,2025-07-01,7,183.2,7.9,2,4,89.6,22.1,1,1.15
P-000265,2025-08-01,8,178.9,1.8,3,4,98.4,21.9,1,1.2
P-000265,2025-09-01,9,181.5,12.1,3,5,89.6,27.4,2,1.27
P-000265,2025-10-01,10,167.1,0.0,1,4,95.1,12.5,3,1.26
P-000265,2025-11-01,11,173.5,4.2,0,4,93.6,16.4,2,1.91
P-000265,2025-12-01,12,165.5,6.6,2,5,92.5,18.0,1,1.83
P-000266,2025-01-01,1,182.2,2.8,3,6,100.3,18.7,1,1.03
P-000266,2025-02-01,2,178.0,3.9,0,5,91.7,17.1,2,1.23
P-000266,2025-03-01,3,174.8,11.2,1,3,95.3,21.3,2,1.16
P-000266,2025-04-01,4,220.6,51.3,4,8,56.1,69.9,2,2.95
P-000266,2025-05-01,5,176.1,5.4,2,4,91.0,19.9,2,1.19
P-000266,2025-06-01,6,172.6,4.7,4,6,91.9,18.5,2,2.02
P-000266,2025-07-01,7,182.1,3.0,3,5,92.9,31.2,1,1.87
P-000266,2025-08-01,8,181.5,4.0,3,5,91.2,22.3,3,1.12
P-000266,2025-09-01,9,173.9,10.0,5,5,92.6,28.0,2,1.5
P-000266,2025-10-01,10,169.3,9.5,1,5,93.0,18.4,2,1.33
P-000266,2025-11-01,11,170.4,7.9,4,6,95.0,24.0,2,1.91
P-000266,2025-12-01,12,185.5,10.7,2,5,83.6,32.6,1,1.32
P-000267,2025-01-01,1,179.6,5.7,2,3,97.6,18.6,3,1.42
P-000267,2025-02-01,2,186.7,6.2,2,6,91.9,21.2,4,1.33
P-000267,2025-03-01,3,175.6,9.1,2,4,92.2,18.3,5,1.4
P-000267,2025-04-01,4,227.1,27.6,5,7,64.6,69.2,3,4.4
P-000267,2025-05-01,5,237.9,38.3,6,11,54.7,78.0,4,4.04
P-000267,2025-06-01,6,229.2,44.0,6,12,59.2,77.4,4,4.17
P-000267,2025-07-01,7,243.0,33.5,6,12,62.3,82.5,5,4.37
P-000267,2025-08-01,8,227.0,41.5,3,13,57.4,70.2,3,3.33
P-000267,2025-09-01,9,173.6,8.6,1,4,89.0,22.2,4,2.31
P-000267,2025-10-01,10,174.9,0.0,2,5,100.3,16.3,3,1.0
P-000267,2025-11-01,11,173.3,10.9,2,5,85.3,20.4,4,1.05
P-000267,2025-12-01,12,175.8,10.5,1,4,91.4,24.5,3,1.16
P-000268,2025-01-01,1,175.9,10.3,2,4,86.3,26.8,1,1.19
P-000268,2025-02-01,2,179.8,3.7,1,6,94.5,21.7,3,1.44
P-000268,2025-03-01,3,179.3,6.0,3,5,95.0,23.6,3,1.53
P-000268,2025-04-01,4,168.8,2.9,0,4,96.4,15.9,2,2.16
P-000268,2025-05-01,5,222.7,26.7,6,11,62.1,65.8,2,3.03
P-000268,2025-06-01,6,184.7,8.8,1,5,92.7,20.0,2,1.0
P-000268,2025-07-01,7,181.9,12.6,3,3,89.8,26.8,2,1.39
P-000268,2025-08-01,8,177.9,13.9,5,3,95.3,28.9,2,1.02
P-000268,2025-09-01,9,172.4,7.0,3,4,85.5,26.7,1,1.8
P-000268,2025-10-01,10,173.5,10.6,1,5,94.4,14.7,3,1.66
P-000268,2025-11-01,11,177.7,4.2,2,5,92.2,20.2,1,1.0
P-000268,2025-12-01,12,183.4,5.9,3,5,95.3,27.0,1,1.96
P-000269,2025-01-01,1,168.6,2.4,2,5,89.0,16.0,2,1.25
P-000269,2025-02-01,2,178.8,2.7,4,4,87.0,24.1,1,1.28
P-000269,2025-03-01,3,179.6,4.8,2,5,92.9,22.3,2,1.57
P-000269,2025-04-01,4,232.7,25.9,5,10,63.1,66.9,1,2.77
P-000269,2025-05-01,5,175.0,6.2,2,4,89.8,18.8,2,1.53
P-000269,2025-06-01,6,177.2,9.4,2,3,93.7,20.7,1,1.16
P-000269,2025-07-01,7,176.4,12.6,1,4,92.0,22.5,2,1.58
P-000269,2025-08-01,8,180.9,3.3,1,4,95.3,19.5,2,1.47
P-000269,2025-09-01,9,179.1,1.2,1,4,87.6,13.8,1,1.29
P-000269,2025-10-01,10,169.9,1.8,1,5,98.9,12.7,2,1.87
P-000269,2025-11-01,11,172.9,0.0,1,4,92.5,13.8,1,2.0
P-000269,2025-12-01,12,178.5,4.9,3,5,97.1,18.2,1,1.65
P-000270,2025-01-01,1,179.0,9.5,5,5,87.4,29.3,5,1.49
P-000270,2025-02-01,2,172.8,9.3,2,4,92.2,16.8,4,1.23
P-000270,2025-03-01,3,243.5,39.6,6,11,57.9,86.1,4,3.68
P-000270,2025-04-01,4,219.3,36.0,2,11,57.5,66.8,3,3.82
P-000270,2025-05-01,5,243.8,45.9,5,11,57.5,86.4,4,4.46
P-000270,2025-06-01,6,233.9,34.1,5,12,60.5,78.6,4,3.74
P-000270,2025-07-01,7,240.1,35.0,3,8,66.5,68.3,4,3.79
P-000270,2025-08-01,8,232.6,45.0,5,13,58.2,84.9,4,4.02
P-000270,2025-09-01,9,257.8,27.2,9,9,65.6,85.4,5,4.4
P-000270,2025-10-01,10,174.2,2.2,3,6,98.2,18.0,3,1.01
P-000270,2025-11-01,11,176.6,0.0,0,5,98.3,15.3,4,1.43
P-000270,2025-12-01,12,171.4,0.3,2,4,98.7,16.8,4,1.84
P-000271,2025-01-01,1,177.6,0.0,1,4,90.8,18.6,4,1.54
P-000271,2025-02-01,2,178.6,6.1,0,4,93.2,25.4,5,1.48
P-000271,2025-03-01,3,172.1,5.4,0,5,87.7,19.8,5,1.73
P-000271,2025-04-01,4,254.2,50.0,9,12,49.6,98.0,5,4.41
P-000271,2025-05-01,5,238.4,46.6,4,13,62.6,86.2,5,4.33
P-000271,2025-06-01,6,231.9,41.5,7,12,59.3,80.8,4,3.9
P-000271,2025-07-01,7,245.8,46.6,6,9,56.8,90.0,5,4.45
P-000271,2025-08-01,8,238.1,48.7,8,11,53.9,86.8,4,4.29
P-000271,2025-09-01,9,245.5,40.3,4,12,59.6,79.8,5,3.72
P-000271,2025-10-01,10,247.8,39.7,10,10,53.9,87.3,5,4.31
P-000271,2025-11-01,11,247.0,56.8,5,11,48.3,93.1,5,4.98
P-000271,2025-12-01,12,178.3,10.4,3,4,98.5,25.3,5,1.32
P-000272,2025-01-01,1,181.0,5.3,2,6,82.7,19.6,1,1.74
P-000272,2025-02-01,2,177.9,4.5,2,4,90.9,20.5,3,1.68
P-000272,2025-03-01,3,175.2,14.5,1,5,92.5,21.5,1,1.74
P-000272,2025-04-01,4,175.6,5.4,3,6,89.6,26.9,2,1.55
P-000272,2025-05-01,5,181.9,8.4,3,4,89.7,23.7,1,1.43
P-000272,2025-06-01,6,177.6,0.0,0,5,92.9,12.2,1,1.4
P-000272,2025-07-01,7,185.5,1.8,1,6,91.3,23.2,1,1.18
P-000272,2025-08-01,8,178.0,5.1,3,5,93.3,22.5,2,1.62
P-000272,2025-09-01,9,184.3,1.0,0,4,94.9,16.4,1,1.17
P-000272,2025-10-01,10,174.5,8.5,3,5,93.0,27.6,1,1.0
P-000272,2025-11-01,11,180.2,5.9,2,5,95.8,21.0,1,1.0
P-000272,2025-12-01,12,174.8,6.7,1,3,91.7,17.0,1,1.9
P-000273,2025-01-01,1,189.4,8.8,2,5,90.7,28.4,1,1.62
P-000273,2025-02-01,2,170.7,12.7,2,6,87.4,25.5,2,1.91
P-000273,2025-03-01,3,180.3,10.5,5,5,95.4,30.6,2,1.49
P-000273,2025-04-01,4,212.3,12.9,1,4,75.5,43.6,1,2.93
P-000273,2025-05-01,5,167.4,8.6,2,4,94.0,16.1,1,1.29
P-000273,2025-06-01,6,182.1,2.1,0,5,98.3,11.3,2,1.36
P-000273,2025-07-01,7,171.4,5.8,3,4,101.0,14.7,2,1.0
P-000273,2025-08-01,8,170.3,4.4,2,3,89.0,18.9,3,1.0
P-000273,2025-09-01,9,183.9,8.7,1,5,84.1,26.3,2,1.25
P-000273,2025-10-01,10,177.2,0.0,2,3,96.9,19.2,2,1.44
P-000273,2025-11-01,11,173.7,9.6,1,7,90.7,22.6,1,1.57
P-000273,2025-12-01,12,178.8,12.5,3,4,89.3,29.8,2,1.59
P-000274,2025-01-01,1,182.0,0.0,3,4,95.1,21.8,4,1.38
P-000274,2025-02-01,2,183.2,6.6,1,3,97.5,21.3,4,1.6
P-000274,2025-03-01,3,178.9,6.1,1,5,94.9,20.0,3,1.54
P-000274,2025-04-01,4,230.5,41.4,4,9,64.0,72.5,4,4.41
P-000274,2025-05-01,5,239.1,42.2,8,8,55.3,87.6,3,4.45
P-000274,2025-06-01,6,249.5,54.8,8,10,52.5,97.9,5,4.88
P-000274,2025-07-01,7,235.0,30.7,6,12,59.0,72.8,3,3.87
P-000274,2025-08-01,8,245.5,41.4,7,9,52.0,91.1,4,4.56
P-000274,2025-09-01,9,175.1,5.9,5,5,90.9,18.6,3,1.28
P-000274,2025-10-01,10,178.0,7.7,1,4,99.3,13.8,4,1.24
P-000274,2025-11-01,11,174.3,4.6,2,5,87.9,17.9,3,1.32
P-000274,2025-12-01,12,181.4,1.8,1,4,95.1,20.0,4,1.77
P-000275,2025-01-01,1,181.7,0.1,5,7,91.8,26.0,2,1.58
P-000275,2025-02-01,2,179.5,2.9,3,4,91.9,19.4,2,1.15
P-000275,2025-03-01,3,169.1,4.1,1,4,88.9,21.2,2,1.44
P-000275,2025-04-01,4,176.1,8.1,2,3,92.4,25.2,2,1.38
P-000275,2025-05-01,5,170.7,4.0,5,6,97.3,21.1,2,1.46
P-000275,2025-06-01,6,244.8,48.6,7,9,50.4,91.0,4,3.96
P-000275,2025-07-01,7,233.6,48.1,3,12,57.2,76.0,4,3.95
P-000275,2025-08-01,8,168.6,7.0,2,4,93.8,20.9,2,1.42
P-000275,2025-09-01,9,176.7,6.9,4,5,91.9,26.7,2,1.47
P-000275,2025-10-01,10,160.6,0.0,2,4,95.1,10.6,2,1.0
P-000275,2025-11-01,11,179.8,0.6,2,5,101.6,14.1,2,1.58
P-000275,2025-12-01,12,179.6,12.9,0,5,89.8,21.1,2,1.29
P-000276,2025-01-01,1,185.8,4.5,4,4,90.9,21.8,2,1.7
P-000276,2025-02-01,2,173.8,7.5,1,5,90.4,21.9,2,1.92
P-000276,2025-03-01,3,181.7,12.9,3,5,87.9,31.6,2,1.62
P-000276,2025-04-01,4,174.3,0.0,1,4,89.0,15.0,1,1.2
P-000276,2025-05-01,5,190.7,5.0,0,6,93.8,22.2,1,1.34
P-000276,2025-06-01,6,168.5,7.5,4,4,94.3,24.1,2,1.84
P-000276,2025-07-01,7,167.3,11.8,3,6,95.2,23.8,1,1.41
P-000276,2025-08-01,8,174.8,5.5,1,5,93.9,18.1,3,1.14
P-000276,2025-09-01,9,168.2,7.3,2,4,86.3,20.8,2,1.8
P-000276,2025-10-01,10,170.6,13.7,1,4,97.4,21.8,1,1.62
P-000276,2025-11-01,11,171.0,4.2,3,4,92.8,19.6,2,1.4
P-000276,2025-12-01,12,173.2,9.3,2,5,87.4,24.2,1,1.22
P-000277,2025-01-01,1,180.5,4.1,2,5,90.5,22.0,2,1.56
P-000277,2025-02-01,2,177.1,10.0,4,4,95.4,29.3,2,1.94
P-000277,2025-03-01,3,166.4,9.3,3,4,95.6,19.5,2,1.58
P-000277,2025-04-01,4,168.1,3.8,4,4,94.9,19.8,2,1.4
P-000277,2025-05-01,5,169.3,5.6,3,4,95.1,14.3,2,1.0
P-000277,2025-06-01,6,236.0,30.8,1,9,53.5,64.5,4,4.11
P-000277,2025-07-01,7,225.4,46.6,3,7,60.1,68.6,4,4.12
P-000277,2025-08-01,8,166.2,5.4,1,6,100.4,10.1,2,1.55
P-000277,2025-09-01,9,178.7,11.1,0,5,88.8,19.8,2,1.25
P-000277,2025-10-01,10,172.9,8.5,1,6,84.7,23.8,2,1.56
P-000277,2025-11-01,11,182.7,11.9,1,4,91.5,23.0,2,1.41
P-000277,2025-12-01,12,173.2,12.9,2,5,89.8,18.1,2,1.52
P-000278,2025-01-01,1,165.8,12.7,2,5,91.6,22.9,1,1.02
P-000278,2025-02-01,2,244.2,27.4,9,11,62.7,81.5,4,4.46
P-000278,2025-03-01,3,236.0,37.2,5,10,60.7,75.2,4,3.81
P-000278,2025-04-01,4,244.9,44.2,8,10,64.6,92.8,4,4.54
P-000278,2025-05-01,5,243.0,39.7,6,12,59.9,84.6,4,4.09
P-000278,2025-06-01,6,187.2,6.6,3,4,92.0,25.6,1,1.16
P-000278,2025-07-01,7,183.5,5.7,0,6,92.7,25.3,1,1.82
P-000278,2025-08-01,8,185.3,7.8,2,6,93.7,30.4,1,1.51
P-000278,2025-09-01,9,180.0,2.7,2,5,91.0,24.0,1,1.6
P-000278,2025-10-01,10,181.7,2.3,2,4,91.6,19.7,1,1.38
P-000278,2025-11-01,11,172.0,0.0,2,5,98.0,9.1,1,1.74
P-000278,2025-12-01,12,187.5,6.4,1,4,93.4,22.4,1,2.02
P-000279,2025-01-01,1,169.2,5.4,1,4,91.4,17.3,2,1.46
P-000279,2025-02-01,2,184.4,7.1,3,4,86.2,25.4,1,1.66
P-000279,2025-03-01,3,178.2,8.2,2,5,95.3,23.7,3,1.26
P-000279,2025-04-01,4,171.4,4.6,2,5,91.9,15.4,2,1.36
P-000279,2025-05-01,5,164.2,14.2,1,5,90.2,16.9,3,1.32
P-000279,2025-06-01,6,167.4,9.5,1,5,95.8,18.2,2,1.49
P-000279,2025-07-01,7,183.3,6.7,0,7,92.0,24.7,3,1.58
P-000279,2025-08-01,8,168.3,9.2,1,4,82.9,22.7,1,1.7
P-000279,2025-09-01,9,180.3,3.2,1,4,87.6,22.8,3,1.63
P-000279,2025-10-01,10,164.2,0.7,1,6,90.4,15.2,1,1.36
P-000279,2025-11-01,11,182.6,11.0,0,6,91.1,19.8,1,1.35
P-000279,2025-12-01,12,191.1,4.7,4,5,96.0,29.4,2,1.3
P-000280,2025-01-01,1,172.1,12.9,2,3,86.6,15.8,1,1.32
P-000280,2025-02-01,2,171.4,4.7,0,5,88.3,18.0,1,1.64
P-000280,2025-03-01,3,177.1,4.2,2,3,92.7,14.9,2,1.33
P-000280,2025-04-01,4,174.7,4.5,3,5,90.4,23.8,2,1.45
P-000280,2025-05-01,5,219.6,33.8,4,8,58.7,60.3,2,2.85
P-000280,2025-06-01,6,182.9,5.7,1,6,92.9,26.4,2,1.24
P-000280,2025-07-01,7,169.1,10.0,1,5,88.0,18.1,1,1.31
P-000280,2025-08-01,8,163.1,0.0,3,5,99.5,15.0,3,1.03
P-000280,2025-09-01,9,182.5,11.6,2,4,98.5,24.4,1,1.85
P-000280,2025-10-01,10,166.0,4.3,0,5,94.4,13.5,3,1.22
P-000280,2025-11-01,11,182.1,12.1,2,5,88.4,25.9,3,1.6
P-000280,2025-12-01,12,179.6,11.1,3,4,92.1,27.2,2,1.69
P-000281,2025-01-01,1,179.5,8.0,0,4,93.0,19.1,4,1.01
P-000281,2025-02-01,2,180.2,1.0,1,3,89.5,25.5,5,1.27
P-000281,2025-03-01,3,169.8,7.1,1,4,96.3,17.4,5,1.57
P-000281,2025-04-01,4,240.0,31.7,6,9,60.0,74.4,4,4.46
P-000281,2025-05-01,5,242.1,40.3,6,7,61.2,75.9,4,4.31
P-000281,2025-06-01,6,253.6,35.1,6,8,50.8,82.3,5,4.8
P-000281,2025-07-01,7,237.6,48.9,1,11,48.6,83.4,4,4.23
P-000281,2025-08-01,8,242.6,47.2,4,10,50.1,81.4,5,4.61
P-000281,2025-09-01,9,248.5,47.5,4,10,57.4,82.7,5,4.6
P-000281,2025-10-01,10,243.5,49.0,9,14,49.3,98.0,5,4.75
P-000281,2025-11-01,11,237.8,39.9,3,12,59.0,80.1,4,3.67
P-000281,2025-12-01,12,176.1,6.8,3,5,96.0,25.5,5,1.75
P-000282,2025-01-01,1,185.4,6.8,3,5,95.0,26.2,3,1.75
P-000282,2025-02-01,2,172.6,7.8,5,4,96.0,22.0,5,1.21
P-000282,2025-03-01,3,182.8,5.5,2,5,89.2,23.0,4,1.73
P-000282,2025-04-01,4,241.9,32.9,2,12,70.4,73.4,5,4.46
P-000282,2025-05-01,5,251.1,36.1,8,12,67.5,90.5,5,4.38
P-000282,2025-06-01,6,226.2,31.4,4,10,61.1,63.5,3,3.73
P-000282,2025-07-01,7,239.4,43.7,5,11,64.2,83.9,5,4.17
P-000282,2025-08-01,8,238.0,25.6,8,9,70.8,70.7,4,3.83
P-000282,2025-09-01,9,170.4,6.3,2,3,91.4,20.8,3,1.62
P-000282,2025-10-01,10,171.3,8.2,2,4,96.1,21.6,5,1.0
P-000282,2025-11-01,11,175.7,11.3,4,5,93.9,23.8,3,1.54
P-000282,2025-12-01,12,182.4,1.7,3,4,88.9,24.1,4,1.0
P-000283,2025-01-01,1,177.8,10.0,2,5,87.4,26.1,1,1.31
P-000283,2025-02-01,2,235.3,39.6,4,10,60.6,69.8,4,4.15
P-000283,2025-03-01,3,234.9,44.3,5,9,63.0,75.9,4,4.44
P-000283,2025-04-01,4,241.8,53.6,8,8,47.6,97.2,4,4.73
P-000283,2025-05-01,5,219.6,47.0,10,9,46.2,83.6,4,4.03
P-000283,2025-06-01,6,163.0,12.3,5,3,95.2,15.4,1,1.37
P-000283,2025-07-01,7,174.7,3.9,3,3,94.9,16.7,1,1.0
P-000283,2025-08-01,8,172.6,3.0,1,3,99.4,14.1,1,1.2
P-000283,2025-09-01,9,182.0,7.7,1,6,97.4,26.5,1,1.85
P-000283,2025-10-01,10,178.1,7.5,3,4,94.2,28.8,1,1.25
P-000283,2025-11-01,11,170.3,3.4,1,5,98.8,10.8,1,1.26
P-000283,2025-12-01,12,181.1,2.6,2,4,94.9,16.5,1,1.0
P-000284,2025-01-01,1,190.4,5.5,1,6,91.3,35.2,5,1.65
P-000284,2025-02-01,2,192.7,3.7,1,4,87.7,23.2,5,1.47
P-000284,2025-03-01,3,174.5,7.1,2,4,95.8,21.4,4,1.11
P-000284,2025-04-01,4,243.5,32.5,8,12,54.3,87.5,5,4.66
P-000284,2025-05-01,5,241.2,42.2,4,12,63.7,79.3,5,5.0
P-000284,2025-06-01,6,249.4,42.8,1,12,54.2,83.2,5,4.48
P-000284,2025-07-01,7,248.9,32.9,10,13,70.0,88.7,5,3.65
P-000284,2025-08-01,8,242.2,37.8,4,10,59.8,73.1,4,3.75
P-000284,2025-09-01,9,238.7,44.4,1,11,54.1,76.6,4,4.21
P-000284,2025-10-01,10,245.3,45.3,4,11,55.1,80.3,5,4.22
P-000284,2025-11-01,11,239.8,38.3,6,15,64.0,82.6,5,4.56
P-000284,2025-12-01,12,179.2,2.4,2,6,92.3,16.9,4,1.0
P-000285,2025-01-01,1,189.4,2.4,1,5,91.5,26.6,2,1.13
P-000285,2025-02-01,2,172.2,21.3,5,5,88.6,35.2,2,1.0
P-000285,2025-03-01,3,186.1,0.0,3,3,97.6,16.9,1,1.7
P-000285,2025-04-01,4,220.5,49.7,7,10,54.3,77.9,2,3.14
P-000285,2025-05-01,5,169.3,9.8,1,6,93.6,17.5,1,1.23
P-000285,2025-06-01,6,170.1,7.2,2,5,87.2,21.1,2,1.57
P-000285,2025-07-01,7,169.7,10.6,0,5,92.6,22.0,2,1.7
P-000285,2025-08-01,8,177.4,4.9,1,6,92.9,18.0,2,1.32
P-000285,2025-09-01,9,161.0,0.1,3,4,96.3,10.8,2,1.79
P-000285,2025-10-01,10,182.3,10.5,2,5,86.3,28.4,1,1.45
P-000285,2025-11-01,11,178.1,4.9,5,4,98.4,25.8,2,1.0
P-000285,2025-12-01,12,178.4,0.0,3,4,90.3,23.0,2,1.29
P-000286,2025-01-01,1,172.4,0.9,3,5,90.3,12.3,2,1.11
P-000286,2025-02-01,2,173.8,9.0,4,4,91.1,23.2,2,1.07
P-000286,2025-03-01,3,183.4,2.2,5,4,101.3,26.0,1,1.38
P-000286,2025-04-01,4,178.1,1.9,2,3,95.6,16.6,2,1.32
P-000286,2025-05-01,5,217.7,40.1,1,9,61.7,59.7,2,2.64
P-000286,2025-06-01,6,173.3,11.4,2,5,96.2,22.5,1,1.41
P-000286,2025-07-01,7,178.6,6.4,2,5,95.7,22.1,1,1.62
P-000286,2025-08-01,8,165.7,1.4,0,6,90.9,12.1,2,1.58
P-000286,2025-09-01,9,166.8,8.4,1,3,87.3,21.2,2,2.04
P-000286,2025-10-01,10,181.8,9.3,3,4,95.8,24.2,2,1.26
P-000286,2025-11-01,11,187.6,2.7,1,5,95.5,24.4,2,1.29
P-000286,2025-12-01,12,167.2,8.5,1,5,90.6,17.3,1,1.81
P-000287,2025-01-01,1,176.3,0.2,2,4,98.7,12.6,1,1.13
P-000287,2025-02-01,2,178.5,0.6,3,3,95.9,15.2,1,1.86
P-000287,2025-03-01,3,177.4,10.6,1,4,93.7,16.1,2,1.55
P-000287,2025-04-01,4,179.4,4.6,2,6,96.6,18.9,1,1.07
P-000287,2025-05-01,5,169.5,0.0,1,5,97.8,11.8,2,1.4
P-000287,2025-06-01,6,175.1,13.3,2,4,92.5,23.6,2,1.43
P-000287,2025-07-01,7,179.8,3.0,3,4,93.2,26.5,2,1.33
P-000287,2025-08-01,8,181.1,0.5,3,5,93.3,22.8,3,1.71
P-000287,2025-09-01,9,173.6,14.0,2,5,87.3,24.3,2,1.33
P-000287,2025-10-01,10,183.3,7.7,2,4,92.1,20.7,1,1.0
P-000287,2025-11-01,11,168.8,5.8,3,4,100.1,18.9,2,1.22
P-000287,2025-12-01,12,176.8,6.1,5,3,92.7,18.0,2,1.0
P-000288,2025-01-01,1,166.5,11.7,3,4,91.0,18.0,2,1.49
P-000288,2025-02-01,2,178.0,8.4,3,7,92.6,23.5,1,1.0
P-000288,2025-03-01,3,176.9,4.6,2,5,93.3,15.0,2,1.47
P-000288,2025-04-01,4,179.3,7.1,3,3,97.2,27.2,2,1.62
P-000288,2025-05-01,5,169.3,0.0,2,5,92.6,16.5,2,1.52
P-000288,2025-06-01,6,175.1,5.4,4,3,99.2,16.8,1,1.42
P-000288,2025-07-01,7,172.8,5.9,1,7,99.2,22.0,3,1.45
P-000288,2025-08-01,8,172.6,11.8,2,6,96.6,20.3,1,1.16
P-000288,2025-09-01,9,171.9,1.5,2,3,94.5,21.2,2,1.38
P-000288,2025-10-01,10,169.0,3.4,1,6,96.4,17.6,2,1.85
P-000288,2025-11-01,11,178.1,8.4,0,6,91.5,18.6,1,1.38
P-000288,2025-12-01,12,173.4,5.8,0,4,90.9,19.3,2,1.58
P-000289,2025-01-01,1,165.3,0.0,4,5,92.3,13.6,2,1.2
P-000289,2025-02-01,2,179.3,9.0,1,3,95.7,20.4,1,1.25
P-000289,2025-03-01,3,166.7,8.4,0,3,92.4,14.3,2,1.9
P-000289,2025-04-01,4,219.2,27.6,4,8,65.0,59.4,1,2.87
P-000289,2025-05-01,5,218.7,30.0,5,7,60.6,60.6,2,3.18
P-000289,2025-06-01,6,179.0,0.4,2,3,96.7,15.2,2,1.8
P-000289,2025-07-01,7,172.6,8.2,1,4,94.2,21.2,1,1.18
P-000289,2025-08-01,8,175.4,8.5,1,3,91.5,22.5,1,1.82
P-000289,2025-09-01,9,175.4,4.8,1,5,95.5,20.0,2,1.54
P-000289,2025-10-01,10,175.5,9.4,5,3,92.6,27.6,1,1.43
P-000289,2025-11-01,11,170.9,8.8,2,4,95.1,18.2,2,1.48
P-000289,2025-12-01,12,172.0,11.7,1,5,91.6,24.7,2,1.33
P-000290,2025-01-01,1,162.2,0.0,2,5,96.2,7.6,2,1.05
P-000290,2025-02-01,2,182.7,7.4,3,3,94.0,20.5,2,1.49
P-000290,2025-03-01,3,173.9,0.0,4,3,91.1,21.4,2,1.29
P-000290,2025-04-01,4,183.9,11.7,3,4,92.7,25.7,2,1.0
P-000290,2025-05-01,5,167.7,8.0,2,4,83.5,21.5,2,1.0
P-000290,2025-06-01,6,242.2,33.1,8,12,61.2,83.7,4,3.88
P-000290,2025-07-01,7,241.3,36.7,5,11,58.7,76.7,4,3.72
P-000290,2025-08-01,8,174.6,4.9,0,6,96.4,15.0,2,1.42
P-000290,2025-09-01,9,169.4,6.4,2,7,98.8,23.1,2,1.87
P-000290,2025-10-01,10,170.3,7.9,0,4,90.2,13.2,2,1.47
P-000290,2025-11-01,11,173.1,5.7,3,3,100.8,16.5,2,1.42
P-000290,2025-12-01,12,177.1,6.4,1,4,88.9,20.5,2,1.03
P-000291,2025-01-01,1,169.1,7.0,0,5,99.0,10.0,4,1.02
P-000291,2025-02-01,2,173.4,3.2,1,5,88.1,18.1,4,1.85
P-000291,2025-03-01,3,168.3,8.0,3,4,99.0,17.3,4,1.87
P-000291,2025-04-01,4,237.7,42.9,6,9,62.8,81.8,4,3.82
P-000291,2025-05-01,5,236.0,35.1,4,10,62.4,66.9,3,3.15
P-000291,2025-06-01,6,242.4,32.4,3,9,61.5,74.4,4,4.7
P-000291,2025-07-01,7,232.9,37.3,5,8,63.5,74.7,4,3.6
P-000291,2025-08-01,8,246.0,32.6,7,8,56.5,82.4,3,3.26
P-000291,2025-09-01,9,171.7,5.6,3,5,90.4,18.1,3,1.15
P-000291,2025-10-01,10,182.0,1.2,2,5,94.6,21.8,4,1.16
P-000291,2025-11-01,11,170.8,7.3,0,3,87.2,15.2,3,1.4
P-000291,2025-12-01,12,169.8,1.6,3,5,91.8,19.4,4,1.19
P-000292,2025-01-01,1,175.5,1.9,1,5,90.3,12.1,2,1.0
P-000292,2025-02-01,2,178.1,2.9,1,5,95.2,25.2,2,1.67
P-000292,2025-03-01,3,171.0,7.7,3,3,95.2,15.9,2,1.42
P-000292,2025-04-01,4,180.1,0.6,2,7,88.1,16.1,2,1.06
P-000292,2025-05-01,5,178.0,6.1,0,5,92.3,19.9,2,1.27
P-000292,2025-06-01,6,241.4,37.7,5,6,53.7,72.7,4,3.72
P-000292,2025-07-01,7,237.7,50.4,5,12,55.2,82.4,4,4.51
P-000292,2025-08-01,8,176.6,2.0,2,3,99.9,9.4,2,1.24
P-000292,2025-09-01,9,177.9,6.9,1,3,99.3,15.8,2,1.0
P-000292,2025-10-01,10,169.7,6.8,0,4,87.3,15.8,2,1.47
P-000292,2025-11-01,11,176.7,9.2,2,6,92.6,21.1,2,1.18
P-000292,2025-12-01,12,185.0,4.5,3,5,93.1,23.3,2,1.43
P-000293,2025-01-01,1,175.8,3.4,2,5,86.6,22.3,1,1.74
P-000293,2025-02-01,2,245.3,47.9,8,8,57.5,87.7,4,4.22
P-000293,2025-03-01,3,245.1,37.4,8,11,53.7,87.2,4,3.35
P-000293,2025-04-01,4,239.8,48.2,5,10,52.6,82.1,4,4.86
P-000293,2025-05-01,5,239.3,46.5,8,13,58.0,91.7,4,4.54
P-000293,2025-06-01,6,169.7,0.5,1,4,92.7,18.1,1,1.71
P-000293,2025-07-01,7,176.5,11.4,4,3,89.6,23.5,1,1.28
P-000293,2025-08-01,8,173.3,7.1,3,4,96.8,19.3,1,1.31
P-000293,2025-09-01,9,175.3,6.5,2,6,84.1,22.4,1,1.65
P-000293,2025-10-01,10,175.8,0.9,3,5,96.4,24.1,1,1.7
P-000293,2025-11-01,11,169.4,8.3,1,4,100.9,15.7,1,1.13
P-000293,2025-12-01,12,184.2,2.8,1,4,91.1,16.7,1,1.31
P-000294,2025-01-01,1,184.2,5.5,3,6,96.9,28.8,5,1.75
P-000294,2025-02-01,2,166.3,7.4,4,4,88.7,19.9,5,1.35
P-000294,2025-03-01,3,173.7,7.1,1,6,90.9,18.1,5,1.77
P-000294,2025-04-01,4,237.7,36.2,10,8,57.3,82.5,5,4.26
P-000294,2025-05-01,5,242.9,36.0,9,13,61.8,88.3,5,4.83
P-000294,2025-06-01,6,243.1,40.9,6,12,61.4,82.4,5,5.0
P-000294,2025-07-01,7,245.8,36.2,14,12,62.1,94.7,5,4.25
P-000294,2025-08-01,8,249.2,38.2,6,15,60.2,91.0,5,4.73
P-000294,2025-09-01,9,247.9,45.5,10,12,64.6,93.4,5,3.72
P-000294,2025-10-01,10,237.8,43.3,5,11,52.3,80.3,4,4.12
P-000294,2025-11-01,11,245.7,31.2,4,11,67.5,76.1,4,4.05
P-000294,2025-12-01,12,182.1,6.3,2,5,91.7,28.2,5,1.7
P-000295,2025-01-01,1,176.3,5.8,1,5,97.9,22.6,2,1.46
P-000295,2025-02-01,2,185.3,4.1,2,7,96.1,26.8,2,1.18
P-000295,2025-03-01,3,184.6,13.6,2,5,95.1,20.4,1,1.04
P-000295,2025-04-01,4,174.8,4.7,3,6,90.1,21.5,1,1.69
P-000295,2025-05-01,5,177.1,7.5,1,4,95.4,20.0,1,1.31
P-000295,2025-06-01,6,189.6,6.9,1,5,91.7,24.8,1,1.41
P-000295,2025-07-01,7,161.5,3.1,4,5,101.4,14.3,1,1.78
P-000295,2025-08-01,8,170.6,0.0,0,5,91.1,16.9,2,1.38
P-000295,2025-09-01,9,173.8,2.3,5,5,86.8,25.5,1,1.9
P-000295,2025-10-01,10,169.4,0.0,2,6,83.8,13.7,2,1.31
P-000295,2025-11-01,11,177.0,0.0,3,6,100.1,23.0,1,1.72
P-000295,2025-12-01,12,177.8,1.5,2,5,96.0,19.9,2,1.6
P-000296,2025-01-01,1,175.3,7.5,1,3,93.7,15.0,1,1.07
P-000296,2025-02-01,2,175.4,3.8,3,3,92.0,25.3,2,1.44
P-000296,2025-03-01,3,176.4,10.6,1,4,83.7,20.9,1,1.92
P-000296,2025-04-01,4,181.0,0.0,4,5,100.0,24.5,2,1.69
P-000296,2025-05-01,5,218.1,23.1,3,8,64.8,58.7,1,2.93
P-000296,2025-06-01,6,173.9,4.1,4,5,97.8,21.2,2,1.45
P-000296,2025-07-01,7,174.8,12.2,3,5,97.9,22.2,1,1.41
P-000296,2025-08-01,8,177.9,3.3,1,4,97.4,19.0,2,1.16
P-000296,2025-09-01,9,178.7,6.4,1,3,92.7,19.9,1,1.41
P-000296,2025-10-01,10,172.0,8.7,3,4,85.8,24.6,2,1.42
P-000296,2025-11-01,11,171.2,14.2,1,5,89.2,27.5,2,2.06
P-000296,2025-12-01,12,176.9,8.8,2,4,101.6,21.1,2,1.85
P-000297,2025-01-01,1,172.3,6.9,4,6,94.4,23.7,2,1.5
P-000297,2025-02-01,2,185.4,9.6,1,4,94.9,23.6,1,1.35
P-000297,2025-03-01,3,177.7,5.5,1,4,96.0,15.5,1,1.22
P-000297,2025-04-01,4,180.9,8.4,2,7,87.2,28.6,2,1.1
P-000297,2025-05-01,5,178.0,11.6,4,5,93.2,24.8,2,1.7
P-000297,2025-06-01,6,182.1,0.2,4,3,91.6,22.2,1,1.12
P-000297,2025-07-01,7,174.8,6.1,1,3,90.5,16.9,1,1.61
P-000297,2025-08-01,8,178.8,6.7,2,5,93.8,22.0,2,1.29
P-000297,2025-09-01,9,183.1,10.3,1,4,83.7,22.4,2,1.88
P-000297,2025-10-01,10,175.9,10.4,2,4,94.6,18.6,1,1.42
P-000297,2025-11-01,11,174.2,2.8,3,4,95.8,20.5,2,1.2
P-000297,2025-12-01,12,177.4,0.0,2,6,94.2,21.7,2,1.29
P-000298,2025-01-01,1,179.9,4.7,3,4,89.4,19.7,1,1.4
P-000298,2025-02-01,2,176.6,5.7,1,6,98.0,12.7,1,1.18
P-000298,2025-03-01,3,171.2,7.0,2,4,89.5,15.9,3,1.17
P-000298,2025-04-01,4,219.9,42.3,3,5,62.2,65.5,2,3.37
P-000298,2025-05-01,5,184.1,8.4,4,4,96.4,25.2,1,1.29
P-000298,2025-06-01,6,187.0,6.0,5,6,95.1,28.4,2,1.57
P-000298,2025-07-01,7,171.2,11.3,2,3,96.4,23.1,1,1.68
P-000298,2025-08-01,8,176.1,8.1,2,3,92.7,16.8,2,1.09
P-000298,2025-09-01,9,176.5,6.2,0,5,100.5,16.1,2,1.22
P-000298,2025-10-01,10,185.7,6.3,3,3,91.1,28.0,2,1.78
P-000298,2025-11-01,11,176.2,6.9,2,5,90.4,19.1,1,1.27
P-000298,2025-12-01,12,180.5,9.5,0,3,83.8,18.8,1,1.77
P-000299,2025-01-01,1,160.5,9.5,4,6,90.3,23.1,5,1.45
P-000299,2025-02-01,2,182.2,8.3,2,4,87.5,22.6,3,1.58
P-000299,2025-03-01,3,233.4,38.5,3,10,59.5,78.7,4,4.24
P-000299,2025-04-01,4,235.1,28.4,6,5,69.0,67.3,3,3.53
P-000299,2025-05-01,5,236.6,39.5,8,13,69.6,84.8,4,4.53
P-000299,2025-06-01,6,245.8,34.1,3,12,60.4,70.1,4,3.7
P-000299,2025-07-01,7,230.9,37.7,5,14,62.5,69.8,4,3.19
P-000299,2025-08-01,8,230.5,44.0,4,7,60.4,77.0,4,4.44
P-000299,2025-09-01,9,237.8,30.6,5,9,62.2,75.2,4,3.86
P-000299,2025-10-01,10,182.5,8.7,2,4,93.8,22.1,5,1.09
P-000299,2025-11-01,11,181.7,12.4,1,4,93.7,20.5,5,1.0
P-000299,2025-12-01,12,170.1,11.2,3,4,90.4,24.0,4,1.68
P-000300,2025-01-01,1,180.8,0.0,2,5,101.6,20.6,2,1.0
P-000300,2025-02-01,2,178.6,6.9,2,3,89.9,20.6,1,1.31
P-000300,2025-03-01,3,170.0,6.1,1,5,94.6,18.5,2,1.16
P-000300,2025-04-01,4,176.9,4.5,1,6,91.3,21.5,1,1.24
P-000300,2025-05-01,5,216.5,32.6,5,12,66.6,63.0,2,3.01
P-000300,2025-06-01,6,183.4,4.0,2,5,93.4,21.0,1,1.0
P-000300,2025-07-01,7,170.5,11.0,3,5,96.9,26.3,2,1.84
P-000300,2025-08-01,8,170.5,3.8,3,4,96.0,21.0,2,1.37
P-000300,2025-09-01,9,196.6,9.9,1,6,97.8,26.1,3,1.9
P-000300,2025-10-01,10,173.1,10.8,1,5,94.2,17.6,2,1.16
P-000300,2025-11-01,11,173.7,12.2,1,6,91.8,25.7,2,1.58
P-000300,2025-12-01,12,180.0,2.8,1,5,92.7,15.0,2,1.48
P-000301,2025-01-01,1,172.4,4.0,0,3,94.4,11.1,1,1.37
P-000301,2025-02-01,2,179.6,8.8,1,4,94.3,25.0,2,1.33
P-000301,2025-03-01,3,181.9,6.9,2,6,94.1,27.3,2,2.03
P-000301,2025-04-01,4,240.9,33.2,7,12,58.7,80.3,3,4.1
P-000301,2025-05-01,5,178.0,2.7,5,4,94.3,26.4,1,1.46
P-000301,2025-06-01,6,180.0,5.8,1,5,92.0,19.6,2,1.07
P-000301,2025-07-01,7,178.8,7.1,2,4,92.2,16.7,1,1.54
P-000301,2025-08-01,8,180.4,8.1,1,6,96.4,15.3,1,1.43
P-000301,2025-09-01,9,178.7,5.7,1,4,89.5,16.3,2,1.35
P-000301,2025-10-01,10,172.7,1.3,5,7,95.9,22.4,3,1.45
P-000301,2025-11-01,11,178.7,3.0,1,5,94.0,21.2,1,1.46
P-000301,2025-12-01,12,174.1,3.2,3,4,99.8,16.4,2,1.68
P-000302,2025-01-01,1,166.3,11.7,2,5,98.1,14.1,3,1.0
P-000302,2025-02-01,2,166.9,3.4,5,5,95.1,20.4,2,1.47
P-000302,2025-03-01,3,163.5,7.9,4,4,89.0,25.6,2,1.28
P-000302,2025-04-01,4,174.5,1.1,2,6,98.9,15.3,2,1.01
P-000302,2025-05-01,5,179.8,8.8,2,3,88.6,21.7,1,1.31
P-000302,2025-06-01,6,172.6,10.3,2,6,95.4,21.8,2,1.26
P-000302,2025-07-01,7,171.1,13.7,1,4,98.1,20.0,2,1.39
P-000302,2025-08-01,8,176.1,0.0,0,5,98.4,13.4,3,1.69
P-000302,2025-09-01,9,175.0,11.5,0,3,85.2,15.8,1,1.24
P-000302,2025-10-01,10,182.4,6.4,2,5,95.0,20.2,1,1.24
P-000302,2025-11-01,11,169.4,1.8,1,4,97.9,13.3,2,1.73
P-000302,2025-12-01,12,179.4,7.6,1,6,91.7,22.3,1,1.94
P-000303,2025-01-01,1,178.0,7.8,2,5,96.4,26.5,3,1.45
P-000303,2025-02-01,2,174.6,10.1,1,6,92.8,19.6,3,1.26
P-000303,2025-03-01,3,172.4,3.1,4,4,100.8,22.5,3,1.54
P-000303,2025-04-01,4,166.8,12.4,2,4,95.7,16.6,2,1.39
P-000303,2025-05-01,5,219.4,40.9,1,8,73.2,59.3,1,3.16
P-000303,2025-06-01,6,174.8,15.2,5,4,80.7,26.1,2,1.0
P-000303,2025-07-01,7,178.6,9.2,5,3,89.0,27.7,2,1.52
P-000303,2025-08-01,8,182.6,8.0,2,4,92.5,19.1,2,1.68
P-000303,2025-09-01,9,184.6,5.9,1,4,96.3,25.3,2,1.54
P-000303,2025-10-01,10,185.6,0.0,1,5,93.5,20.1,2,1.37
P-000303,2025-11-01,11,182.5,0.5,4,4,90.6,24.6,1,1.0
P-000303,2025-12-01,12,178.6,0.0,3,4,94.6,18.8,1,1.14
P-000304,2025-01-01,1,173.9,6.5,3,5,92.0,22.2,4,1.41
P-000304,2025-02-01,2,174.2,4.0,0,4,91.8,18.7,4,1.84
P-000304,2025-03-01,3,179.3,4.3,2,4,98.2,24.0,5,1.51
P-000304,2025-04-01,4,230.5,42.2,6,10,59.0,78.0,3,3.27
P-000304,2025-05-01,5,234.8,30.7,3,11,65.8,71.4,5,5.0
P-000304,2025-06-01,6,244.6,39.8,6,11,64.2,84.4,4,4.19
P-000304,2025-07-01,7,240.7,39.5,7,8,58.7,84.6,4,3.85
P-000304,2025-08-01,8,228.8,36.8,6,9,57.6,72.5,4,3.8
P-000304,2025-09-01,9,172.6,7.7,3,4,101.1,18.6,4,1.56
P-000304,2025-10-01,10,170.8,2.7,2,4,97.0,12.7,3,1.66
P-000304,2025-11-01,11,178.5,1.6,0,4,97.2,18.7,4,1.42
P-000304,2025-12-01,12,179.0,11.2,2,4,84.8,28.3,3,1.54
P-000305,2025-01-01,1,178.6,8.4,5,5,98.7,24.4,5,1.87
P-000305,2025-02-01,2,174.9,7.2,3,3,93.0,20.4,4,1.55
P-000305,2025-03-01,3,186.6,10.8,2,5,91.1,29.0,3,1.3
P-000305,2025-04-01,4,241.2,46.9,6,8,54.4,87.2,4,5.0
P-000305,2025-05-01,5,239.9,38.5,5,9,58.6,82.0,4,3.97
P-000305,2025-06-01,6,239.9,41.2,5,16,70.9,82.0,5,4.59
P-000305,2025-07-01,7,238.8,39.2,6,16,54.6,83.6,4,3.46
P-000305,2025-08-01,8,247.4,42.2,8,11,57.0,85.5,5,4.27
P-000305,2025-09-01,9,182.0,8.2,3,4,87.7,28.9,4,1.65
P-000305,2025-10-01,10,166.5,10.3,1,3,90.9,17.1,4,1.43
P-000305,2025-11-01,11,177.2,3.4,1,5,89.6,17.5,5,1.14
P-000305,2025-12-01,12,170.6,7.6,3,5,89.1,23.7,4,1.44
P-000306,2025-01-01,1,181.6,11.6,1,6,86.6,22.5,3,1.09
P-000306,2025-02-01,2,184.8,4.3,1,3,85.3,19.8,4,1.37
P-000306,2025-03-01,3,183.0,1.7,3,3,100.7,20.8,4,1.39
P-000306,2025-04-01,4,232.1,45.5,4,8,52.3,79.7,3,3.56
P-000306,2025-05-01,5,234.6,38.2,8,12,58.8,80.7,4,4.25
P-000306,2025-06-01,6,249.7,40.9,7,13,55.4,85.1,5,4.77
P-000306,2025-07-01,7,237.9,33.1,5,12,65.4,71.5,4,3.44
P-000306,2025-08-01,8,243.9,36.4,5,11,65.1,79.6,5,4.78
P-000306,2025-09-01,9,170.3,6.9,1,3,90.5,18.5,4,1.52
P-000306,2025-10-01,10,185.2,1.5,2,3,93.5,20.6,4,1.65
P-000306,2025-11-01,11,176.1,0.2,2,5,98.5,17.8,5,1.34
P-000306,2025-12-01,12,162.3,12.1,3,4,94.1,18.4,4,1.31
P-000307,2025-01-01,1,167.7,6.8,4,5,92.2,24.8,1,1.65
P-000307,2025-02-01,2,177.0,3.4,0,3,95.3,12.7,1,1.0
P-000307,2025-03-01,3,173.1,1.4,2,5,93.1,19.7,2,1.0
P-000307,2025-04-01,4,170.1,4.3,4,4,99.2,16.6,1,1.29
P-000307,2025-05-01,5,225.2,34.3,7,6,62.7,68.6,2,3.1
P-000307,2025-06-01,6,170.5,6.5,1,4,94.2,14.3,2,1.32
P-000307,2025-07-01,7,171.7,10.5,4,6,89.7,28.3,2,1.48
P-000307,2025-08-01,8,177.4,6.3,1,3,89.2,18.2,2,1.34
P-000307,2025-09-01,9,177.0,6.2,3,4,90.3,20.1,1,1.63
P-000307,2025-10-01,10,177.2,2.2,0,6,96.3,16.3,3,1.18
P-000307,2025-11-01,11,161.0,8.7,1,4,86.0,21.0,2,1.6
P-000307,2025-12-01,12,179.7,4.7,1,4,87.1,24.5,2,1.89
P-000308,2025-01-01,1,179.9,2.2,2,5,93.6,18.7,1,1.55
P-000308,2025-02-01,2,170.1,3.9,5,5,94.3,23.2,1,1.29
P-000308,2025-03-01,3,168.2,1.9,3,4,101.2,18.0,2,1.51
P-000308,2025-04-01,4,227.3,24.5,2,8,65.6,58.5,2,3.14
P-000308,2025-05-01,5,179.4,5.0,5,3,97.9,24.1,2,1.46
P-000308,2025-06-01,6,157.1,8.5,0,5,90.5,5.2,2,1.32
P-000308,2025-07-01,7,168.3,5.4,4,3,91.4,19.3,2,1.09
P-000308,2025-08-01,8,174.3,7.5,1,6,95.1,20.2,2,1.83
P-000308,2025-09-01,9,185.4,7.0,1,3,92.4,21.9,1,1.45
P-000308,2025-10-01,10,180.0,10.4,3,3,92.3,30.4,2,1.42
P-000308,2025-11-01,11,184.1,3.8,3,4,98.5,27.6,2,2.18
P-000308,2025-12-01,12,170.1,5.3,0,6,82.2,16.6,2,1.27
P-000309,2025-01-01,1,173.0,0.0,2,3,100.4,16.9,5,1.31
P-000309,2025-02-01,2,174.6,5.7,1,5,96.9,14.7,4,1.65
P-000309,2025-03-01,3,232.1,39.2,4,10,53.7,74.3,4,3.16
P-000309,2025-04-01,4,246.1,40.5,5,13,67.5,82.4,4,3.83
P-000309,2025-05-01,5,238.5,40.1,7,12,55.3,85.4,4,3.76
P-000309,2025-06-01,6,233.9,37.7,5,11,58.0,75.1,3,3.76
P-000309,2025-07-01,7,234.5,27.7,4,10,61.4,68.6,3,3.0
P-000309,2025-08-01,8,245.4,30.7,5,12,67.6,75.8,5,4.89
P-000309,2025-09-01,9,228.5,39.9,7,7,57.4,75.2,3,3.58
P-000309,2025-10-01,10,175.1,1.6,3,3,92.2,18.5,4,1.42
P-000309,2025-11-01,11,180.9,13.1,4,5,84.9,36.8,4,1.28
P-000309,2025-12-01,12,176.5,8.9,0,5,91.0,16.5,3,1.0
P-000310,2025-01-01,1,178.2,4.1,2,5,85.0,24.3,3,1.27
P-000310,2025-02-01,2,179.8,5.9,2,5,90.9,17.3,3,1.15
P-000310,2025-03-01,3,174.9,1.0,1,6,93.7,17.0,3,1.02
P-000310,2025-04-01,4,248.4,45.6,10,10,68.2,95.2,5,4.85
P-000310,2025-05-01,5,237.4,44.6,4,7,54.7,74.9,3,3.94
P-000310,2025-06-01,6,225.0,47.5,6,12,57.1,74.5,4,3.66
P-000310,2025-07-01,7,236.9,43.0,5,12,51.8,84.6,4,4.76
P-000310,2025-08-01,8,224.8,40.3,6,10,56.2,74.7,3,4.12
P-000310,2025-09-01,9,166.7,5.0,1,4,94.2,17.9,4,1.11
P-000310,2025-10-01,10,167.2,3.1,1,6,93.5,16.7,4,1.4
P-000310,2025-11-01,11,176.9,6.3,4,4,95.3,23.7,3,1.65
P-000310,2025-12-01,12,176.9,7.0,1,3,89.5,20.0,5,1.66
P-000311,2025-01-01,1,173.9,9.8,1,5,97.6,19.0,2,1.23
P-000311,2025-02-01,2,179.0,6.1,4,5,94.9,33.1,2,1.51
P-000311,2025-03-01,3,174.6,6.1,2,5,86.2,16.3,2,1.54
P-000311,2025-04-01,4,174.1,8.0,1,5,94.3,22.5,1,1.26
P-000311,2025-05-01,5,177.7,10.7,2,4,92.6,17.6,1,1.31
P-000311,2025-06-01,6,177.1,0.0,0,3,96.1,13.6,2,1.31
P-000311,2025-07-01,7,181.3,6.5,3,4,101.1,22.5,2,1.09
P-000311,2025-08-01,8,179.4,5.1,2,5,98.1,20.4,2,1.32
P-000311,2025-09-01,9,179.1,5.8,0,6,95.1,16.4,1,1.0
P-000311,2025-10-01,10,178.2,11.0,0,3,94.4,18.5,1,1.6
P-000311,2025-11-01,11,172.9,7.9,3,7,90.4,20.6,3,1.04
P-000311,2025-12-01,12,166.8,5.2,0,5,90.0,13.0,1,1.6
P-000312,2025-01-01,1,177.5,8.1,2,4,91.3,18.8,2,1.22
P-000312,2025-02-01,2,164.9,0.0,3,7,96.8,13.9,1,1.38
P-000312,2025-03-01,3,178.9,5.4,2,6,97.8,23.3,2,1.35
P-000312,2025-04-01,4,213.7,27.8,2,8,59.0,57.1,1,1.82
P-000312,2025-05-01,5,172.9,8.3,2,3,91.7,14.8,2,1.63
P-000312,2025-06-01,6,168.7,15.1,3,5,93.7,21.1,1,1.42
P-000312,2025-07-01,7,175.7,7.4,3,5,94.6,21.7,2,1.78
P-000312,2025-08-01,8,182.0,8.0,2,5,91.5,22.3,2,1.15
P-000312,2025-09-01,9,174.6,3.3,1,5,101.0,22.8,1,1.34
P-000312,2025-10-01,10,175.7,0.0,0,3,97.8,10.0,2,1.57
P-000312,2025-11-01,11,181.3,5.7,5,5,95.8,30.3,2,1.27
P-000312,2025-12-01,12,172.7,6.4,1,5,94.9,15.7,3,1.5
P-000313,2025-01-01,1,161.0,9.2,3,6,86.1,21.1,5,1.53
P-000313,2025-02-01,2,173.1,1.2,2,5,95.9,10.5,5,1.0
P-000313,2025-03-01,3,184.4,6.6,3,3,94.7,23.6,4,1.46
P-000313,2025-04-01,4,233.8,43.0,10,13,58.4,80.3,4,4.51
P-000313,2025-05-01,5,236.7,42.4,11,9,58.5,92.5,5,4.36
P-000313,2025-06-01,6,243.3,39.4,5,12,50.8,80.9,5,4.19
P-000313,2025-07-01,7,244.6,43.1,5,12,61.8,85.2,5,4.62
P-000313,2025-08-01,8,239.8,49.8,9,10,60.6,88.5,5,5.0
P-000313,2025-09-01,9,255.8,40.2,7,10,66.8,85.0,5,4.29
P-000313,2025-10-01,10,234.3,39.4,5,10,46.5,85.6,4,4.71
P-000313,2025-11-01,11,238.8,42.2,6,11,56.1,90.4,5,4.9
P-000313,2025-12-01,12,171.2,11.2,3,4,96.7,17.2,4,1.43
P-000314,2025-01-01,1,181.4,4.6,3,7,101.3,27.0,2,1.54
P-000314,2025-02-01,2,174.8,4.4,2,3,94.2,15.4,1,1.41
P-000314,2025-03-01,3,182.3,4.4,3,6,90.1,24.8,1,1.31
P-000314,2025-04-01,4,221.9,33.6,4,9,63.1,71.6,2,2.97
P-000314,2025-05-01,5,180.2,2.6,1,4,94.1,17.2,1,1.3
P-000314,2025-06-01,6,179.1,9.2,2,5,84.4,23.7,2,1.49
P-000314,2025-07-01,7,176.5,4.5,1,6,95.0,13.3,2,1.49
P-000314,2025-08-01,8,175.7,9.7,4,3,90.2,23.1,1,1.16
P-000314,2025-09-01,9,174.0,8.8,5,6,91.3,19.7,2,1.15
P-000314,2025-10-01,10,172.6,0.1,2,5,93.7,18.7,2,1.04
P-000314,2025-11-01,11,182.8,12.8,0,3,82.4,20.3,1,1.56
P-000314,2025-12-01,12,172.5,2.0,2,5,90.5,21.7,1,1.61
P-000315,2025-01-01,1,175.8,0.1,2,4,94.5,15.8,3,1.41
P-000315,2025-02-01,2,173.8,6.6,0,5,89.4,18.2,4,2.05
P-000315,2025-03-01,3,224.2,37.4,4,9,60.0,69.1,3,3.6
P-000315,2025-04-01,4,240.2,36.6,7,9,66.6,73.2,4,4.34
P-000315,2025-05-01,5,248.0,49.7,8,12,61.4,95.8,5,4.74
P-000315,2025-06-01,6,241.8,28.1,8,13,59.5,86.1,4,3.76
P-000315,2025-07-01,7,237.6,43.9,8,11,59.6,81.7,4,4.26
P-000315,2025-08-01,8,237.2,36.2,6,10,61.0,74.4,4,4.11
P-000315,2025-09-01,9,233.5,42.6,4,8,55.1,72.1,4,4.08
P-000315,2025-10-01,10,170.3,7.7,3,4,98.0,22.4,3,1.34
P-000315,2025-11-01,11,168.6,9.7,3,5,100.4,18.5,3,1.36
P-000315,2025-12-01,12,178.1,4.7,3,5,99.2,24.0,3,1.69
P-000316,2025-01-01,1,182.0,9.1,3,4,98.0,28.4,2,1.47
P-000316,2025-02-01,2,180.6,11.1,3,5,95.0,21.4,1,1.0
P-000316,2025-03-01,3,174.1,1.5,2,3,93.9,17.9,2,1.33
P-000316,2025-04-01,4,181.4,9.8,1,6,88.4,23.5,3,1.54
P-000316,2025-05-01,5,235.2,27.8,4,11,50.5,69.3,3,3.8
P-000316,2025-06-01,6,181.3,5.0,4,5,96.0,23.8,1,1.53
P-000316,2025-07-01,7,172.8,1.2,1,6,95.5,16.7,2,1.56
P-000316,2025-08-01,8,176.7,8.7,2,3,93.3,16.6,3,1.45
P-000316,2025-09-01,9,189.5,0.7,3,6,94.9,22.5,1,1.21
P-000316,2025-10-01,10,180.8,0.0,1,6,102.9,18.0,1,1.55
P-000316,2025-11-01,11,180.1,7.4,1,5,93.7,18.1,2,1.53
P-000316,2025-12-01,12,174.5,4.8,2,4,92.1,21.8,1,1.88
P-000317,2025-01-01,1,175.5,5.7,2,4,89.2,21.2,3,1.47
P-000317,2025-02-01,2,184.4,8.1,2,5,87.3,25.9,5,1.81
P-000317,2025-03-01,3,182.1,11.1,4,3,89.0,26.1,5,1.0
P-000317,2025-04-01,4,240.8,33.2,10,10,54.7,87.7,4,3.73
P-000317,2025-05-01,5,218.9,42.6,4,8,62.9,67.8,3,4.08
P-000317,2025-06-01,6,247.1,38.5,7,11,61.5,85.0,4,4.06
P-000317,2025-07-01,7,233.6,50.3,5,13,49.8,88.3,5,4.19
P-000317,2025-08-01,8,236.3,43.6,6,11,61.8,83.1,4,3.92
P-000317,2025-09-01,9,171.9,6.9,2,6,96.2,21.9,4,1.52
P-000317,2025-10-01,10,178.7,5.9,2,3,93.0,20.5,3,1.28
P-000317,2025-11-01,11,184.8,9.3,1,3,90.7,20.1,4,1.28
P-000317,2025-12-01,12,173.8,7.3,1,4,89.8,18.0,3,1.25
P-000318,2025-01-01,1,178.0,1.6,1,4,95.5,15.7,4,1.7
P-000318,2025-02-01,2,174.2,12.1,2,3,94.7,19.7,5,1.4
P-000318,2025-03-01,3,160.0,4.7,3,5,94.4,15.4,4,1.82
P-000318,2025-04-01,4,235.9,39.5,8,11,64.3,77.8,3,4.3
P-000318,2025-05-01,5,236.0,29.7,9,7,65.5,75.9,3,3.56
P-000318,2025-06-01,6,243.0,38.0,2,11,62.5,77.8,5,4.75
P-000318,2025-07-01,7,239.1,34.5,7,8,66.0,69.6,3,3.48
P-000318,2025-08-01,8,233.4,35.8,3,11,62.7,77.9,3,3.94
P-000318,2025-09-01,9,178.6,11.8,4,5,97.7,29.4,4,1.58
P-000318,2025-10-01,10,187.3,5.3,0,4,88.5,23.5,4,2.08
P-000318,2025-11-01,11,180.3,2.8,3,4,96.3,22.6,4,1.59
P-000318,2025-12-01,12,176.9,1.8,3,4,92.5,19.3,4,1.68
P-000319,2025-01-01,1,172.4,5.4,1,4,97.4,17.6,4,1.85
P-000319,2025-02-01,2,173.1,10.6,1,6,98.0,23.9,3,1.98
P-000319,2025-03-01,3,171.7,2.9,4,4,96.1,22.5,4,2.06
P-000319,2025-04-01,4,237.4,37.8,9,14,62.0,85.6,4,4.05
P-000319,2025-05-01,5,243.8,32.5,8,10,55.5,78.4,4,4.98
P-000319,2025-06-01,6,242.4,40.9,1,13,62.6,74.1,4,3.83
P-000319,2025-07-01,7,233.5,34.4,5,11,66.8,70.7,4,4.31
P-000319,2025-08-01,8,230.0,33.7,4,11,59.7,67.4,4,4.46
P-000319,2025-09-01,9,171.6,6.8,1,7,89.3,19.3,5,1.28
P-000319,2025-10-01,10,176.8,2.0,2,4,99.7,17.9,3,1.66
P-000319,2025-11-01,11,178.3,5.4,1,5,96.8,22.0,3,1.34
P-000319,2025-12-01,12,180.2,11.2,3,4,93.3,26.3,4,1.08
P-000320,2025-01-01,1,173.3,1.2,3,5,99.9,16.0,1,1.67
P-000320,2025-02-01,2,182.1,7.0,1,5,86.0,28.5,2,1.66
P-000320,2025-03-01,3,181.8,3.0,2,3,93.7,22.4,2,1.15
P-000320,2025-04-01,4,215.9,18.5,4,8,73.0,50.4,1,2.72
P-000320,2025-05-01,5,169.9,7.2,4,4,91.9,22.3,1,1.77
P-000320,2025-06-01,6,182.3,6.4,3,5,93.4,26.0,2,1.49
P-000320,2025-07-01,7,175.6,8.7,3,5,92.2,30.0,1,1.38
P-000320,2025-08-01,8,180.7,8.6,1,4,92.1,17.9,1,1.49
P-000320,2025-09-01,9,191.1,6.4,3,5,89.9,30.1,1,1.31
P-000320,2025-10-01,10,178.1,7.1,1,5,90.1,19.5,1,1.6
P-000320,2025-11-01,11,171.6,0.0,1,3,101.4,11.5,1,1.09
P-000320,2025-12-01,12,177.8,3.4,1,6,90.5,14.7,1,1.0
P-000321,2025-01-01,1,173.6,10.7,1,4,95.8,23.2,1,1.79
P-000321,2025-02-01,2,174.9,0.6,1,6,95.9,17.6,1,1.21
P-000321,2025-03-01,3,165.7,6.0,4,7,94.6,21.1,1,1.39
P-000321,2025-04-01,4,223.1,23.4,1,7,76.8,48.2,1,2.87
P-000321,2025-05-01,5,171.2,2.4,1,6,89.5,16.5,2,1.86
P-000321,2025-06-01,6,173.0,1.2,2,4,87.2,14.3,2,1.17
P-000321,2025-07-01,7,170.4,1.5,3,5,94.9,23.1,2,1.86
P-000321,2025-08-01,8,173.3,0.0,0,5,95.8,8.9,1,1.0
P-000321,2025-09-01,9,175.6,9.0,3,4,97.1,23.5,2,1.48
P-000321,2025-10-01,10,169.3,9.7,0,4,99.0,15.1,3,1.98
P-000321,2025-11-01,11,177.9,7.9,4,5,92.6,25.1,2,1.07
P-000321,2025-12-01,12,187.7,3.9,4,6,100.2,28.5,2,1.29
P-000322,2025-01-01,1,169.7,0.0,1,6,87.7,12.4,4,1.14
P-000322,2025-02-01,2,179.4,2.0,1,4,91.9,19.1,4,1.19
P-000322,2025-03-01,3,170.1,0.0,0,6,92.8,15.3,3,1.58
P-000322,2025-04-01,4,241.8,46.5,12,10,65.0,90.4,4,4.55
P-000322,2025-05-01,5,234.2,50.2,4,11,64.5,77.0,4,3.36
P-000322,2025-06-01,6,242.7,42.7,8,12,52.8,85.9,4,3.85
P-000322,2025-07-01,7,232.4,28.4,12,11,59.1,89.8,4,4.54
P-000322,2025-08-01,8,247.2,36.5,7,10,63.0,80.4,5,4.25
P-000322,2025-09-01,9,171.6,1.2,1,5,94.9,14.9,4,1.23
P-000322,2025-10-01,10,178.9,6.9,1,5,87.0,26.8,3,1.65
P-000322,2025-11-01,11,173.4,16.6,2,5,85.2,23.4,4,1.79
P-000322,2025-12-01,12,178.5,10.5,2,7,92.8,27.1,4,1.38
P-000323,2025-01-01,1,174.6,5.1,2,4,90.5,19.5,2,1.43
P-000323,2025-02-01,2,171.0,0.0,1,5,103.1,17.5,1,1.85
P-000323,2025-03-01,3,174.8,6.0,4,4,97.4,23.4,3,1.17
P-000323,2025-04-01,4,176.5,8.8,1,5,92.9,18.1,1,1.5
P-000323,2025-05-01,5,176.9,7.9,2,4,87.2,26.0,1,1.63
P-000323,2025-06-01,6,177.7,4.8,2,3,94.3,20.2,3,1.2
P-000323,2025-07-01,7,175.9,6.3,0,3,90.8,13.0,2,1.46
P-000323,2025-08-01,8,177.9,1.8,4,3,98.9,20.2,2,1.22
P-000323,2025-09-01,9,177.1,2.0,1,4,87.3,20.1,1,1.18
P-000323,2025-10-01,10,171.8,12.3,1,5,86.3,24.8,1,1.73
P-000323,2025-11-01,11,168.0,1.6,3,3,99.3,14.0,1,1.22
P-000323,2025-12-01,12,171.3,1.4,1,5,94.3,10.8,2,1.0
P-000324,2025-01-01,1,173.7,3.1,2,4,91.7,23.9,1,1.0
P-000324,2025-02-01,2,237.9,47.0,6,11,56.2,84.2,4,4.39
P-000324,2025-03-01,3,237.0,33.2,3,14,60.9,68.5,4,3.52
P-000324,2025-04-01,4,233.0,39.4,6,11,63.8,73.8,4,3.7
P-000324,2025-05-01,5,235.5,37.5,3,14,64.5,71.1,4,4.08
P-000324,2025-06-01,6,172.5,5.9,0,4,84.8,17.2,1,1.1
P-000324,2025-07-01,7,181.7,9.4,2,5,89.3,23.1,1,1.55
P-000324,2025-08-01,8,172.9,6.0,5,3,97.2,22.7,1,1.47
P-000324,2025-09-01,9,181.1,3.8,0,5,90.3,20.5,1,1.0
P-000324,2025-10-01,10,164.6,7.4,3,4,98.4,15.0,1,1.48
P-000324,2025-11-01,11,178.9,9.5,1,5,85.8,22.3,1,1.38
P-000324,2025-12-01,12,186.0,7.5,2,5,93.8,21.6,1,1.1
P-000325,2025-01-01,1,169.6,4.4,0,5,89.4,15.5,4,1.41
P-000325,2025-02-01,2,178.8,14.0,0,7,94.3,23.8,5,1.34
P-000325,2025-03-01,3,172.8,4.9,5,5,96.9,24.0,5,1.15
P-000325,2025-04-01,4,237.9,39.0,10,11,58.1,86.9,4,3.74
P-000325,2025-05-01,5,234.0,54.9,8,12,50.7,90.8,5,4.54
P-000325,2025-06-01,6,261.3,42.5,7,11,56.2,93.9,5,3.93
P-000325,2025-07-01,7,237.2,32.7,3,10,65.4,72.7,5,4.06
P-000325,2025-08-01,8,237.9,39.8,4,15,66.2,80.8,4,4.63
P-000325,2025-09-01,9,237.3,38.4,5,12,52.4,83.3,5,4.98
P-000325,2025-10-01,10,258.5,49.0,7,11,54.6,93.7,5,4.46
P-000325,2025-11-01,11,234.5,52.9,13,6,54.6,96.4,5,4.41
P-000325,2025-12-01,12,182.6,6.1,3,4,93.0,26.1,5,1.55
P-000326,2025-01-01,1,176.0,7.3,4,5,99.7,24.7,2,1.4
P-000326,2025-02-01,2,170.8,0.0,2,3,94.2,15.8,1,1.15
P-000326,2025-03-01,3,171.2,8.6,4,7,89.1,27.9,2,2.07
P-000326,2025-04-01,4,175.7,5.1,0,5,89.2,16.3,2,1.75
P-000326,2025-05-01,5,220.8,24.2,5,7,57.9,58.1,2,2.81
P-000326,2025-06-01,6,179.9,1.3,3,4,92.2,27.9,2,1.85
P-000326,2025-07-01,7,178.9,7.0,0,4,88.6,17.7,1,1.32
P-000326,2025-08-01,8,170.5,7.4,2,5,93.1,22.5,2,1.0
P-000326,2025-09-01,9,189.6,7.3,1,4,95.5,21.7,1,1.73
P-000326,2025-10-01,10,172.6,1.0,1,4,102.2,12.9,1,1.79
P-000326,2025-11-01,11,176.7,7.0,4,5,89.1,24.8,2,1.15
P-000326,2025-12-01,12,177.1,5.4,3,5,100.8,20.5,3,1.18
P-000327,2025-01-01,1,170.8,10.5,5,5,92.3,30.7,3,1.93
P-000327,2025-02-01,2,171.9,3.3,1,5,96.9,10.6,1,1.3
P-000327,2025-03-01,3,181.1,8.6,2,4,90.2,21.9,1,1.0
P-000327,2025-04-01,4,173.9,8.3,1,4,91.8,17.4,1,1.77
P-000327,2025-05-01,5,220.5,28.7,5,11,58.9,67.6,3,3.91
P-000327,2025-06-01,6,183.5,6.4,1,4,88.3,24.0,1,1.41
P-000327,2025-07-01,7,172.6,11.7,1,5,93.6,23.2,2,1.82
P-000327,2025-08-01,8,179.1,3.3,0,3,95.0,15.4,2,1.67
P-000327,2025-09-01,9,185.3,3.7,0,5,97.1,20.4,2,1.33
P-000327,2025-10-01,10,176.6,5.7,0,3,98.2,21.5,2,1.52
P-000327,2025-11-01,11,174.1,6.7,1,5,94.9,24.8,2,1.54
P-000327,2025-12-01,12,187.6,10.4,2,4,92.2,32.6,1,1.1
P-000328,2025-01-01,1,177.8,5.7,3,5,93.4,22.4,1,1.51
P-000328,2025-02-01,2,174.8,7.8,3,5,93.4,17.5,2,1.39
P-000328,2025-03-01,3,181.9,7.3,0,4,94.7,17.3,2,1.99
P-000328,2025-04-01,4,223.2,29.1,8,9,58.1,74.6,2,2.92
P-000328,2025-05-01,5,176.6,2.2,5,5,95.4,22.3,1,1.37
P-000328,2025-06-01,6,177.4,5.6,4,5,94.6,24.2,1,1.4
P-000328,2025-07-01,7,180.6,9.4,4,4,86.4,29.5,2,1.51
P-000328,2025-08-01,8,179.6,10.2,4,5,99.3,23.8,1,1.13
P-000328,2025-09-01,9,183.9,4.7,2,4,98.1,25.5,2,1.53
P-000328,2025-10-01,10,170.4,5.9,0,4,92.9,16.7,2,1.59
P-000328,2025-11-01,11,183.2,12.7,2,5,88.7,27.3,1,1.52
P-000328,2025-12-01,12,168.8,4.8,2,4,85.8,17.3,1,1.17
P-000329,2025-01-01,1,171.8,5.0,0,7,95.5,16.6,2,1.29
P-000329,2025-02-01,2,177.3,1.2,4,4,94.3,18.0,2,1.06
P-000329,2025-03-01,3,174.9,8.6,3,3,98.5,16.1,2,1.51
P-000329,2025-04-01,4,171.3,3.8,3,6,92.2,21.7,1,1.39
P-000329,2025-05-01,5,220.0,34.3,1,8,53.1,57.7,1,2.39
P-000329,2025-06-01,6,179.6,8.1,2,4,91.6,19.3,2,1.0
P-000329,2025-07-01,7,173.5,9.4,2,4,91.7,21.5,2,1.96
P-000329,2025-08-01,8,178.7,1.8,4,5,98.7,26.7,2,1.62
P-000329,2025-09-01,9,190.0,3.9,2,5,90.3,25.8,3,1.85
P-000329,2025-10-01,10,171.1,13.1,2,4,99.0,25.6,2,1.11
P-000329,2025-11-01,11,177.5,7.6,3,4,88.2,18.7,2,1.22
P-000329,2025-12-01,12,180.1,14.0,3,4,86.7,26.9,3,1.21
P-000330,2025-01-01,1,183.8,7.7,1,5,89.8,19.3,5,1.22
P-000330,2025-02-01,2,166.8,4.8,5,5,92.1,25.2,4,1.78
P-000330,2025-03-01,3,179.9,10.9,2,4,92.5,22.4,4,1.02
P-000330,2025-04-01,4,230.6,39.6,5,14,60.3,78.7,4,4.56
P-000330,2025-05-01,5,242.8,27.6,5,6,65.9,72.6,3,4.17
P-000330,2025-06-01,6,242.1,46.4,6,8,58.0,79.3,5,4.61
P-000330,2025-07-01,7,256.0,51.2,6,16,46.5,98.0,5,4.13
P-000330,2025-08-01,8,255.0,40.5,2,11,52.3,82.2,5,4.79
P-000330,2025-09-01,9,178.4,10.3,1,4,92.4,21.0,4,1.26
P-000330,2025-10-01,10,170.9,7.3,0,5,92.9,12.9,4,1.11
P-000330,2025-11-01,11,181.9,6.5,2,4,91.3,28.7,3,1.8
P-000330,2025-12-01,12,170.0,3.6,1,4,102.0,14.0,4,1.25
P-000331,2025-01-01,1,172.9,6.7,3,3,90.9,22.6,1,1.49
P-000331,2025-02-01,2,177.4,13.7,2,5,93.6,22.7,1,1.52
P-000331,2025-03-01,3,174.8,11.2,0,4,85.2,21.2,2,1.47
P-000331,2025-04-01,4,211.8,34.5,1,7,61.7,53.9,1,3.4
P-000331,2025-05-01,5,176.1,0.7,3,5,94.6,21.5,3,1.49
P-000331,2025-06-01,6,169.1,3.9,3,5,102.6,12.5,2,1.0
P-000331,2025-07-01,7,182.3,6.3,2,5,89.9,22.8,1,1.28
P-000331,2025-08-01,8,170.0,12.3,1,5,98.2,19.3,1,1.25
P-000331,2025-09-01,9,180.9,6.5,2,4,92.0,19.8,2,1.0
P-000331,2025-10-01,10,165.3,0.7,0,4,92.2,7.3,1,1.0
P-000331,2025-11-01,11,168.7,5.9,2,5,100.5,11.0,1,1.0
P-000331,2025-12-01,12,178.0,3.4,1,5,93.6,15.8,2,1.46
P-000332,2025-01-01,1,174.6,9.5,4,4,87.2,20.0,1,1.0
P-000332,2025-02-01,2,181.3,6.1,2,5,86.7,26.6,2,1.33
P-000332,2025-03-01,3,186.0,7.6,2,5,93.4,21.5,2,1.0
P-000332,2025-04-01,4,174.6,11.7,2,6,93.2,23.9,1,1.33
P-000332,2025-05-01,5,173.3,6.6,4,5,85.9,28.5,2,1.39
P-000332,2025-06-01,6,186.1,6.1,5,5,90.6,33.8,1,1.0
P-000332,2025-07-01,7,173.8,13.2,3,6,92.1,24.7,1,1.14
P-000332,2025-08-01,8,181.7,4.3,3,3,95.5,19.3,1,1.0
P-000332,2025-09-01,9,171.7,0.0,4,4,99.9,17.1,1,1.17
P-000332,2025-10-01,10,182.5,9.0,0,6,89.1,20.5,2,1.77
P-000332,2025-11-01,11,169.2,8.2,1,4,93.3,20.5,1,1.55
P-000332,2025-12-01,12,187.8,5.8,2,4,90.6,26.3,2,1.8
P-000333,2025-01-01,1,175.7,12.9,1,5,91.0,23.0,4,2.0
P-000333,2025-02-01,2,170.1,2.1,1,4,93.1,11.6,3,1.02
P-000333,2025-03-01,3,228.4,50.2,5,10,51.1,76.8,3,3.72
P-000333,2025-04-01,4,235.5,43.2,6,11,55.0,80.4,4,4.49
P-000333,2025-05-01,5,235.5,34.5,6,10,56.4,74.1,3,3.73
P-000333,2025-06-01,6,238.8,44.5,7,10,62.1,83.7,4,4.24
P-000333,2025-07-01,7,240.2,34.3,5,11,61.8,81.5,3,3.42
P-000333,2025-08-01,8,233.4,42.7,5,10,52.7,76.6,3,2.93
P-000333,2025-09-01,9,240.3,30.9,7,9,69.4,79.5,4,4.52
P-000333,2025-10-01,10,177.3,4.2,1,5,98.4,22.2,4,1.4
P-000333,2025-11-01,11,162.6,4.3,0,5,90.0,13.7,4,1.0
P-000333,2025-12-01,12,172.6,6.1,5,5,91.7,24.5,4,1.0
P-000334,2025-01-01,1,154.0,4.2,2,7,96.7,12.6,4,1.0
P-000334,2025-02-01,2,180.1,8.1,1,5,89.0,24.9,5,1.6
P-000334,2025-03-01,3,171.0,2.2,2,7,89.7,24.2,5,1.56
P-000334,2025-04-01,4,228.6,34.2,10,10,59.3,88.4,4,4.15
P-000334,2025-05-01,5,236.7,41.3,3,9,62.6,76.9,4,3.69
P-000334,2025-06-01,6,226.1,48.0,7,10,57.6,81.3,4,4.66
P-000334,2025-07-01,7,244.0,42.9,7,10,72.0,84.4,5,4.8
P-000334,2025-08-01,8,252.4,39.7,6,8,70.7,76.2,5,4.5
P-000334,2025-09-01,9,238.2,49.9,9,12,60.4,88.2,5,3.96
P-000334,2025-10-01,10,245.3,45.8,5,11,64.6,76.4,5,4.01
P-000334,2025-11-01,11,246.3,28.7,6,12,67.5,75.2,4,4.48
P-000334,2025-12-01,12,177.3,2.1,2,4,98.2,21.3,4,1.61
P-000335,2025-01-01,1,177.8,6.7,1,5,88.0,22.1,1,1.37
P-000335,2025-02-01,2,238.1,33.9,4,9,60.5,77.6,4,4.54
P-000335,2025-03-01,3,235.4,47.2,5,8,41.9,79.3,4,3.87
P-000335,2025-04-01,4,242.3,34.1,4,10,62.5,77.0,4,3.99
P-000335,2025-05-01,5,236.0,38.8,1,12,56.9,74.6,4,4.98
P-000335,2025-06-01,6,184.1,6.0,1,4,94.9,22.9,1,1.67
P-000335,2025-07-01,7,175.3,8.0,3,4,97.2,18.5,1,1.16
P-000335,2025-08-01,8,161.4,6.4,2,5,92.7,18.5,1,1.58
P-000335,2025-09-01,9,171.7,2.6,3,6,88.1,25.0,1,1.4
P-000335,2025-10-01,10,173.2,6.2,1,5,88.3,21.3,1,1.33
P-000335,2025-11-01,11,183.2,7.7,1,4,93.8,23.6,1,1.94
P-000335,2025-12-01,12,181.4,5.5,3,4,95.6,22.1,1,1.68
P-000336,2025-01-01,1,179.2,3.6,3,4,92.1,17.6,1,1.5
P-000336,2025-02-01,2,235.7,44.6,8,7,51.4,79.4,4,3.47
P-000336,2025-03-01,3,223.7,39.0,6,13,56.0,75.6,4,3.61
P-000336,2025-04-01,4,246.0,37.0,6,12,57.7,83.2,4,3.82
P-000336,2025-05-01,5,228.4,37.9,7,10,52.3,79.8,4,4.68
P-000336,2025-06-01,6,179.0,8.8,3,6,90.3,21.9,1,1.12
P-000336,2025-07-01,7,169.3,11.7,1,4,97.8,12.3,1,1.48
P-000336,2025-08-01,8,177.4,7.4,2,3,96.0,15.9,1,1.51
P-000336,2025-09-01,9,165.9,5.4,2,4,88.1,18.9,1,1.97
P-000336,2025-10-01,10,173.5,8.0,4,4,89.1,25.2,1,1.24
P-000336,2025-11-01,11,172.6,2.8,1,4,89.6,23.7,1,1.6
P-000336,2025-12-01,12,170.5,0.0,2,5,95.1,14.6,1,1.67
P-000337,2025-01-01,1,174.8,2.0,5,5,90.2,18.6,2,1.13
P-000337,2025-02-01,2,175.3,7.3,1,4,88.3,19.4,2,1.31
P-000337,2025-03-01,3,183.2,11.9,1,3,98.7,18.0,2,1.28
P-000337,2025-04-01,4,177.9,7.4,1,5,95.7,22.9,2,1.82
P-000337,2025-05-01,5,175.1,7.7,3,4,90.8,21.3,2,1.23
P-000337,2025-06-01,6,174.2,4.4,2,5,93.4,16.7,3,1.31
P-000337,2025-07-01,7,181.7,5.6,2,6,100.5,21.1,1,1.63
P-000337,2025-08-01,8,169.4,5.6,4,4,94.1,19.4,2,1.22
P-000337,2025-09-01,9,171.5,3.1,1,5,106.0,8.2,2,1.43
P-000337,2025-10-01,10,182.6,6.3,0,4,99.1,15.9,1,1.4
P-000337,2025-11-01,11,190.6,0.0,2,4,94.4,21.5,2,1.2
P-000337,2025-12-01,12,169.9,1.2,0,3,92.6,16.9,2,1.57
P-000338,2025-01-01,1,173.4,0.5,1,5,94.1,12.7,5,1.0
P-000338,2025-02-01,2,163.7,13.9,4,4,91.5,20.9,3,1.27
P-000338,2025-03-01,3,246.5,44.7,9,12,53.4,95.0,5,4.61
P-000338,2025-04-01,4,240.7,45.0,7,9,67.4,84.8,4,3.79
P-000338,2025-05-01,5,220.4,38.0,7,11,60.2,78.2,3,4.13
P-000338,2025-06-01,6,244.6,34.7,8,10,61.8,84.5,4,4.28
P-000338,2025-07-01,7,244.1,36.6,4,14,70.5,76.7,4,3.82
P-000338,2025-08-01,8,247.9,40.1,7,14,53.5,87.8,5,4.64
P-000338,2025-09-01,9,245.1,49.2,6,7,55.0,80.8,4,4.37
P-000338,2025-10-01,10,173.0,5.6,3,6,88.9,22.2,4,1.68
P-000338,2025-11-01,11,162.8,7.1,1,3,98.8,11.6,4,1.0
P-000338,2025-12-01,12,174.5,1.5,1,5,89.2,15.5,4,1.66
P-000339,2025-01-01,1,184.7,0.1,4,4,94.8,24.3,5,1.83
P-000339,2025-02-01,2,175.6,0.9,2,4,93.3,16.3,3,1.25
P-000339,2025-03-01,3,241.3,33.1,3,12,57.9,74.2,4,4.19
P-000339,2025-04-01,4,247.1,47.1,6,9,58.7,86.5,4,4.15
P-000339,2025-05-01,5,242.9,40.5,5,8,68.9,75.9,4,4.46
P-000339,2025-06-01,6,253.8,49.2,6,12,57.5,86.9,4,4.49
P-000339,2025-07-01,7,231.2,47.3,5,6,63.4,77.4,4,4.18
P-000339,2025-08-01,8,247.4,39.4,3,11,51.8,80.7,4,4.17
P-000339,2025-09-01,9,250.9,51.3,5,7,45.0,86.8,4,4.06
P-000339,2025-10-01,10,179.2,7.7,2,4,91.1,18.5,3,1.32
P-000339,2025-11-01,11,172.7,9.1,0,4,87.5,22.5,4,1.3
P-000339,2025-12-01,12,166.0,2.0,1,4,99.7,19.6,4,2.02
P-000340,2025-01-01,1,180.0,9.9,5,6,94.4,30.1,2,1.59
P-000340,2025-02-01,2,181.4,4.3,3,5,96.6,23.8,2,1.59
P-000340,2025-03-01,3,186.8,3.7,0,5,88.6,21.8,2,1.62
P-000340,2025-04-01,4,189.2,7.4,1,6,100.8,27.4,2,1.1
P-000340,2025-05-01,5,162.9,3.2,2,4,83.5,21.1,2,1.7
P-000340,2025-06-01,6,247.7,45.4,8,9,59.3,84.9,4,4.0
P-000340,2025-07-01,7,244.7,31.0,10,13,57.4,89.5,4,4.77
P-000340,2025-08-01,8,171.2,9.3,2,6,90.8,20.1,2,1.56
P-000340,2025-09-01,9,177.8,0.0,1,3,93.3,14.6,2,1.26
P-000340,2025-10-01,10,176.2,5.6,1,3,97.6,17.3,2,1.0
P-000340,2025-11-01,11,178.9,5.7,4,4,90.6,24.1,2,1.59
P-000340,2025-12-01,12,178.5,7.2,1,4,96.5,14.9,2,1.12
P-000341,2025-01-01,1,169.3,4.4,1,3,92.1,17.4,1,1.88
P-000341,2025-02-01,2,247.3,43.0,6,11,57.7,86.8,4,4.11
P-000341,2025-03-01,3,234.3,48.9,7,10,54.3,86.9,4,3.93
P-000341,2025-04-01,4,231.3,35.8,7,8,56.0,77.6,4,4.23
P-000341,2025-05-01,5,246.0,64.7,7,8,45.8,96.6,4,4.46
P-000341,2025-06-01,6,173.7,7.1,1,3,89.5,24.1,1,1.4
P-000341,2025-07-01,7,172.2,0.0,1,4,97.8,8.3,1,1.48
P-000341,2025-08-01,8,175.1,0.0,0,3,98.0,19.5,1,1.94
P-000341,2025-09-01,9,170.7,9.6,3,5,98.3,15.8,1,1.39
P-000341,2025-10-01,10,173.2,5.7,1,3,97.4,13.4,1,1.35
P-000341,2025-11-01,11,166.4,3.8,3,4,96.3,15.3,1,1.22
P-000341,2025-12-01,12,166.4,5.0,1,5,89.5,16.0,1,1.56
P-000342,2025-01-01,1,170.7,6.3,0,5,91.2,12.8,5,1.72
P-000342,2025-02-01,2,182.7,2.5,4,6,99.1,24.4,5,1.62
P-000342,2025-03-01,3,183.8,7.6,4,4,98.9,34.1,3,1.38
P-000342,2025-04-01,4,247.2,45.9,8,15,48.7,96.8,5,4.57
P-000342,2025-05-01,5,239.7,35.8,5,9,65.0,78.7,4,4.53
P-000342,2025-06-01,6,246.3,44.8,7,12,59.5,85.2,4,4.3
P-000342,2025-07-01,7,237.0,36.2,4,9,67.0,73.7,5,3.98
P-000342,2025-08-01,8,232.2,49.7,3,8,54.9,81.7,4,4.45
P-000342,2025-09-01,9,186.5,4.4,0,3,88.4,12.3,4,1.53
P-000342,2025-10-01,10,179.5,8.4,1,5,92.1,22.7,5,1.19
P-000342,2025-11-01,11,179.6,2.2,1,5,96.0,19.7,4,1.41
P-000342,2025-12-01,12,173.1,7.9,0,7,87.2,15.2,3,1.47
P-000343,2025-01-01,1,178.9,8.2,4,3,102.4,23.9,2,1.27
P-000343,2025-02-01,2,174.0,8.2,1,3,84.2,21.1,2,1.3
P-000343,2025-03-01,3,191.1,7.4,2,6,90.4,35.1,1,1.0
P-000343,2025-04-01,4,173.9,5.1,5,5,97.5,20.2,3,1.45
P-000343,2025-05-01,5,181.7,7.4,1,3,89.9,23.5,1,1.12
P-000343,2025-06-01,6,174.5,9.0,2,3,88.9,22.6,3,1.18
P-000343,2025-07-01,7,178.1,11.6,0,5,94.8,19.1,2,1.42
P-000343,2025-08-01,8,177.7,3.5,2,4,91.6,16.0,3,1.3
P-000343,2025-09-01,9,173.4,5.6,3,5,96.9,16.1,2,1.0
P-000343,2025-10-01,10,171.9,6.9,0,3,97.1,16.8,2,1.31
P-000343,2025-11-01,11,176.8,6.7,1,4,92.7,15.9,1,1.0
P-000343,2025-12-01,12,184.9,8.2,3,4,93.1,30.4,2,1.22
P-000344,2025-01-01,1,175.5,3.6,2,4,86.0,20.3,2,1.7
P-000344,2025-02-01,2,181.2,1.9,2,4,99.8,18.9,1,1.37
P-000344,2025-03-01,3,179.3,4.3,0,4,95.6,12.8,2,1.61
P-000344,2025-04-01,4,221.2,32.1,2,4,70.9,56.4,1,2.76
P-000344,2025-05-01,5,181.6,12.6,1,4,90.0,20.7,1,1.17
P-000344,2025-06-01,6,185.5,6.9,3,4,91.9,24.9,2,1.38
P-000344,2025-07-01,7,177.5,3.8,2,4,99.8,21.5,1,1.0
P-000344,2025-08-01,8,171.2,6.9,1,5,90.3,16.8,2,1.46
P-000344,2025-09-01,9,175.5,3.1,4,6,93.3,25.0,2,1.24
P-000344,2025-10-01,10,169.5,8.6,3,5,98.8,20.7,3,1.38
P-000344,2025-11-01,11,176.6,9.3,1,6,92.5,25.5,1,1.0
P-000344,2025-12-01,12,174.7,11.3,4,5,96.1,19.0,1,1.29
P-000345,2025-01-01,1,172.9,3.0,3,5,92.8,17.2,4,1.35
P-000345,2025-02-01,2,184.0,3.9,0,4,96.9,17.1,4,1.47
P-000345,2025-03-01,3,184.3,10.8,5,5,94.4,33.6,4,1.45
P-000345,2025-04-01,4,240.4,49.9,6,12,56.3,84.9,5,4.95
P-000345,2025-05-01,5,224.5,35.4,4,9,57.5,70.6,3,3.96
P-000345,2025-06-01,6,221.6,27.8,10,10,63.2,75.4,3,3.82
P-000345,2025-07-01,7,255.6,52.0,6,9,57.6,92.8,5,5.0
P-000345,2025-08-01,8,234.3,39.7,6,11,50.2,79.2,4,3.53
P-000345,2025-09-01,9,184.3,9.7,0,5,98.8,19.3,3,1.52
P-000345,2025-10-01,10,170.3,8.0,1,4,89.5,19.2,4,1.41
P-000345,2025-11-01,11,163.2,5.9,1,7,96.2,15.5,4,1.25
P-000345,2025-12-01,12,179.2,10.2,4,3,87.9,27.4,4,1.19
P-000346,2025-01-01,1,182.8,8.9,2,5,91.5,24.3,1,1.0
P-000346,2025-02-01,2,235.7,40.8,7,11,56.1,84.4,4,4.45
P-000346,2025-03-01,3,246.4,38.2,5,11,65.2,78.1,4,4.13
P-000346,2025-04-01,4,240.1,46.4,6,11,49.6,86.0,4,2.86
P-000346,2025-05-01,5,229.6,46.5,3,11,55.6,82.4,4,4.48
P-000346,2025-06-01,6,186.2,9.0,3,5,87.3,30.5,1,2.31
P-000346,2025-07-01,7,184.6,4.7,3,3,89.7,32.1,1,1.92
P-000346,2025-08-01,8,180.2,7.4,2,6,85.3,28.7,1,1.88
P-000346,2025-09-01,9,180.1,0.0,0,4,93.9,15.7,1,1.0
P-000346,2025-10-01,10,168.1,3.4,2,3,93.9,19.3,1,1.47
P-000346,2025-11-01,11,179.8,9.7,1,6,91.4,27.9,1,1.59
P-000346,2025-12-01,12,178.8,4.7,2,5,94.1,24.7,1,1.6
P-000347,2025-01-01,1,169.0,4.1,1,5,94.1,13.1,1,1.1
P-000347,2025-02-01,2,166.9,3.0,0,6,94.2,13.9,1,1.82
P-000347,2025-03-01,3,174.9,2.1,3,7,94.8,26.1,2,1.43
P-000347,2025-04-01,4,170.3,0.6,2,6,95.0,17.2,1,1.62
P-000347,2025-05-01,5,185.7,0.0,0,3,93.6,21.1,2,1.41
P-000347,2025-06-01,6,175.0,6.1,1,6,88.0,24.6,2,1.0
P-000347,2025-07-01,7,182.6,2.7,0,4,95.4,13.8,2,1.4
P-000347,2025-08-01,8,172.3,8.4,0,5,91.1,24.1,2,1.12
P-000347,2025-09-01,9,181.5,7.3,2,3,89.1,22.3,1,1.17
P-000347,2025-10-01,10,172.1,3.4,2,5,88.3,16.3,2,1.67
P-000347,2025-11-01,11,179.7,5.5,2,5,89.7,18.2,1,1.49
P-000347,2025-12-01,12,174.3,10.3,2,5,89.4,22.9,1,1.57
P-000348,2025-01-01,1,161.3,7.6,1,6,90.9,19.0,3,1.56
P-000348,2025-02-01,2,169.8,9.9,3,5,91.6,22.0,2,1.38
P-000348,2025-03-01,3,174.2,8.8,1,5,89.8,17.8,2,1.59
P-000348,2025-04-01,4,175.2,3.7,1,5,90.9,17.2,2,1.4
P-000348,2025-05-01,5,175.2,15.5,3,5,93.2,24.0,3,1.42
P-000348,2025-06-01,6,170.0,6.6,2,6,91.4,21.2,1,1.4
P-000348,2025-07-01,7,182.2,7.0,4,4,94.1,24.7,2,1.46
P-000348,2025-08-01,8,166.6,7.9,0,3,92.0,11.1,3,1.42
P-000348,2025-09-01,9,174.8,2.5,1,4,93.8,18.5,2,1.43
P-000348,2025-10-01,10,194.3,9.6,1,4,90.9,29.0,2,1.67
P-000348,2025-11-01,11,182.7,6.5,1,4,88.7,23.1,2,1.67
P-000348,2025-12-01,12,175.7,2.3,3,4,96.7,18.2,2,1.91
P-000349,2025-01-01,1,170.0,6.9,1,6,97.3,17.1,2,1.46
P-000349,2025-02-01,2,178.0,11.5,2,4,87.5,25.3,2,1.76
P-000349,2025-03-01,3,165.4,3.4,1,5,94.2,14.1,2,1.69
P-000349,2025-04-01,4,178.4,6.1,2,5,94.5,27.0,2,1.58
P-000349,2025-05-01,5,179.2,15.2,0,6,98.0,22.4,2,1.73
P-000349,2025-06-01,6,243.0,30.8,7,13,62.2,82.0,4,4.34
P-000349,2025-07-01,7,232.3,47.4,5,10,61.1,76.3,4,3.6
P-000349,2025-08-01,8,175.5,1.1,4,5,96.9,17.7,2,1.3
P-000349,2025-09-01,9,171.3,1.3,3,5,96.5,12.3,2,1.39
P-000349,2025-10-01,10,176.2,4.7,1,4,88.3,13.1,2,1.78
P-000349,2025-11-01,11,180.7,5.6,3,3,91.7,24.5,2,1.34
P-000349,2025-12-01,12,176.4,5.8,2,4,95.4,25.0,2,1.5
P-000350,2025-01-01,1,172.5,9.5,2,6,91.2,23.8,4,1.95
P-000350,2025-02-01,2,171.4,2.1,4,5,93.4,21.7,4,1.49
P-000350,2025-03-01,3,170.8,6.5,3,4,98.5,23.2,4,1.58
P-000350,2025-04-01,4,244.0,36.2,4,10,66.5,78.5,5,4.42
P-000350,2025-05-01,5,240.0,43.3,10,10,56.9,96.0,5,4.22
P-000350,2025-06-01,6,258.7,40.4,12,10,52.9,98.0,5,4.93
P-000350,2025-07-01,7,247.5,41.7,3,9,51.2,76.4,4,4.06
P-000350,2025-08-01,8,240.2,36.2,8,15,50.7,86.0,5,4.55
P-000350,2025-09-01,9,233.2,35.4,5,8,62.9,73.7,4,5.0
P-000350,2025-10-01,10,238.7,40.6,7,13,55.4,86.9,5,4.62
P-000350,2025-11-01,11,246.3,47.3,3,8,55.2,77.7,5,4.95
P-000350,2025-12-01,12,183.0,10.3,2,4,84.5,25.5,5,1.0
P-000351,2025-01-01,1,179.1,8.7,1,5,95.3,17.2,2,1.16
P-000351,2025-02-01,2,181.5,4.0,2,4,93.4,23.3,2,1.76
P-000351,2025-03-01,3,172.6,3.9,2,4,88.8,17.9,2,1.53
P-000351,2025-04-01,4,164.5,3.6,1,4,84.6,13.7,2,1.38
P-000351,2025-05-01,5,182.0,0.0,1,5,92.1,14.3,2,1.05
P-000351,2025-06-01,6,239.1,20.6,6,8,77.1,67.2,4,4.87
P-000351,2025-07-01,7,239.3,42.6,3,10,55.7,77.8,4,3.82
P-000351,2025-08-01,8,182.2,2.3,1,4,93.1,20.5,2,1.66
P-000351,2025-09-01,9,166.3,2.4,1,5,94.2,11.5,2,1.15
P-000351,2025-10-01,10,168.6,1.5,1,4,98.4,11.3,2,1.82
P-000351,2025-11-01,11,173.1,10.5,1,3,91.5,17.3,2,1.26
P-000351,2025-12-01,12,165.3,5.2,3,7,96.3,18.9,2,1.67
P-000352,2025-01-01,1,175.6,6.5,1,4,99.1,13.4,3,1.22
P-000352,2025-02-01,2,180.6,8.2,0,4,94.1,19.5,1,1.0
P-000352,2025-03-01,3,175.8,3.0,0,4,89.7,16.4,3,1.6
P-000352,2025-04-01,4,186.1,9.2,3,4,86.6,27.0,2,1.28
P-000352,2025-05-01,5,217.8,29.8,8,5,59.1,72.3,1,3.25
P-000352,2025-06-01,6,169.2,11.5,2,6,93.5,24.8,2,1.67
P-000352,2025-07-01,7,182.9,8.1,2,5,91.0,25.0,2,1.27
P-000352,2025-08-01,8,170.2,0.0,1,4,95.4,9.6,1,1.23
P-000352,2025-09-01,9,163.5,11.9,1,6,89.5,21.4,1,1.4
P-000352,2025-10-01,10,181.3,11.1,0,5,91.7,18.8,1,1.08
P-000352,2025-11-01,11,173.5,3.5,1,4,89.5,16.0,2,1.38
P-000352,2025-12-01,12,177.6,1.1,3,6,96.1,23.7,1,1.58
P-000353,2025-01-01,1,173.0,0.0,3,4,89.9,16.1,4,1.4
P-000353,2025-02-01,2,171.6,3.6,2,5,103.6,16.2,5,1.18
P-000353,2025-03-01,3,171.4,1.8,2,4,95.4,15.2,5,1.24
P-000353,2025-04-01,4,228.5,38.5,7,12,58.3,76.6,4,4.9
P-000353,2025-05-01,5,236.7,38.0,8,10,63.3,85.0,5,5.0
P-000353,2025-06-01,6,244.4,45.9,9,11,55.5,90.3,5,4.42
P-000353,2025-07-01,7,253.0,33.4,7,12,61.0,83.5,5,4.9
P-000353,2025-08-01,8,235.6,48.9,10,11,53.2,90.6,5,3.71
P-000353,2025-09-01,9,241.0,38.4,5,10,64.3,81.2,4,4.11
P-000353,2025-10-01,10,241.5,41.4,5,9,62.1,75.8,4,4.2
P-000353,2025-11-01,11,238.4,47.4,8,11,67.1,87.9,5,4.49
P-000353,2025-12-01,12,175.9,0.6,4,4,93.9,12.8,5,1.22
P-000354,2025-01-01,1,180.7,11.7,3,4,92.4,26.8,3,1.5
P-000354,2025-02-01,2,172.7,0.0,1,6,98.3,10.8,1,1.0
P-000354,2025-03-01,3,172.7,2.0,4,5,95.3,14.7,2,1.41
P-000354,2025-04-01,4,175.0,7.9,1,3,91.1,22.0,2,1.67
P-000354,2025-05-01,5,178.2,7.7,1,3,91.3,18.1,1,1.17
P-000354,2025-06-01,6,173.2,9.9,3,3,97.2,18.1,2,1.37
P-000354,2025-07-01,7,184.5,0.0,3,4,99.5,21.4,2,1.0
P-000354,2025-08-01,8,170.7,8.2,3,4,89.6,25.2,1,1.43
P-000354,2025-09-01,9,174.5,0.0,1,4,98.8,15.3,3,1.28
P-000354,2025-10-01,10,174.7,10.3,1,6,94.2,16.6,1,1.28
P-000354,2025-11-01,11,175.4,5.5,1,5,95.5,16.0,2,1.25
P-000354,2025-12-01,12,180.5,2.4,2,4,92.5,29.0,1,2.1
P-000355,2025-01-01,1,176.8,1.0,2,4,86.0,21.9,3,1.74
P-000355,2025-02-01,2,183.5,4.4,0,5,90.0,18.6,4,1.66
P-000355,2025-03-01,3,176.8,3.8,1,4,96.5,13.9,4,2.03
P-000355,2025-04-01,4,227.6,30.4,6,8,57.1,68.8,4,3.95
P-000355,2025-05-01,5,248.3,29.9,9,13,69.2,84.3,4,3.92
P-000355,2025-06-01,6,245.2,46.9,9,10,50.0,91.6,4,4.55
P-000355,2025-07-01,7,227.9,45.3,7,9,58.1,81.6,3,3.99
P-000355,2025-08-01,8,250.2,35.5,3,11,64.3,76.0,5,5.0
P-000355,2025-09-01,9,175.3,8.6,5,4,90.3,28.6,4,1.13
P-000355,2025-10-01,10,181.9,0.0,1,3,95.8,20.8,3,1.0
P-000355,2025-11-01,11,164.9,2.7,0,5,94.6,13.5,4,1.26
P-000355,2025-12-01,12,169.6,1.6,1,5,104.3,16.6,4,1.62
P-000356,2025-01-01,1,174.6,1.2,0,5,99.1,14.7,2,1.23
P-000356,2025-02-01,2,179.6,3.9,1,5,98.6,19.6,2,1.05
P-000356,2025-03-01,3,177.2,9.0,2,4,92.0,23.4,2,1.51
P-000356,2025-04-01,4,193.2,8.9,2,3,106.0,27.0,1,1.62
P-000356,2025-05-01,5,228.5,41.1,2,8,58.0,72.5,2,2.79
P-000356,2025-06-01,6,181.4,3.7,1,3,88.5,19.8,1,1.77
P-000356,2025-07-01,7,177.9,8.6,2,5,95.5,28.2,2,1.51
P-000356,2025-08-01,8,180.0,1.8,1,5,93.1,16.0,2,1.41
P-000356,2025-09-01,9,182.5,6.9,1,3,90.1,18.6,1,1.0
P-000356,2025-10-01,10,180.0,1.1,2,3,91.0,22.6,1,1.77
P-000356,2025-11-01,11,171.2,0.0,3,5,93.9,21.3,2,1.65
P-000356,2025-12-01,12,179.0,0.0,2,4,88.8,15.6,2,1.0
P-000357,2025-01-01,1,172.0,6.1,3,4,97.5,20.7,4,1.36
P-000357,2025-02-01,2,175.7,6.9,1,4,88.6,20.7,4,1.18
P-000357,2025-03-01,3,172.1,2.1,2,4,85.1,14.9,3,1.36
P-000357,2025-04-01,4,232.2,41.0,4,12,58.1,79.5,4,3.82
P-000357,2025-05-01,5,236.5,39.2,6,7,56.2,77.1,4,4.35
P-000357,2025-06-01,6,230.7,34.6,8,11,69.8,73.6,3,3.53
P-000357,2025-07-01,7,239.4,37.2,13,8,65.9,87.3,3,4.11
P-000357,2025-08-01,8,242.0,38.9,5,10,58.4,81.4,4,3.29
P-000357,2025-09-01,9,175.7,7.1,3,4,92.7,19.1,4,1.29
P-000357,2025-10-01,10,171.4,4.2,2,4,90.4,16.9,3,1.14
P-000357,2025-11-01,11,174.2,5.3,0,4,91.9,19.5,4,1.36
P-000357,2025-12-01,12,168.5,3.2,2,4,93.1,14.2,4,1.58
P-000358,2025-01-01,1,168.0,3.5,2,3,98.4,10.0,4,1.31
P-000358,2025-02-01,2,181.3,7.5,1,3,93.1,21.9,4,1.25
P-000358,2025-03-01,3,242.9,35.6,9,10,62.9,88.6,4,4.94
P-000358,2025-04-01,4,233.7,37.8,6,11,64.2,78.2,4,4.02
P-000358,2025-05-01,5,242.2,24.4,7,9,73.4,77.2,4,3.96
P-000358,2025-06-01,6,251.4,35.0,7,9,51.4,83.7,5,4.89
P-000358,2025-07-01,7,237.7,35.4,4,11,66.8,70.0,4,3.91
P-000358,2025-08-01,8,242.5,28.6,7,10,62.3,74.0,4,4.04
P-000358,2025-09-01,9,241.1,36.5,10,10,68.1,82.1,5,4.98
P-000358,2025-10-01,10,172.5,4.5,3,3,94.6,16.2,5,1.1
P-000358,2025-11-01,11,180.8,6.2,3,4,96.3,26.5,3,1.5
P-000358,2025-12-01,12,167.7,7.2,0,4,96.5,5.3,3,1.41
P-000359,2025-01-01,1,169.2,0.3,2,3,94.7,13.2,5,1.43
P-000359,2025-02-01,2,174.1,6.9,0,5,99.0,15.7,5,1.0
P-000359,2025-03-01,3,174.5,2.8,0,6,96.9,12.9,4,1.24
P-000359,2025-04-01,4,241.9,43.9,4,14,64.4,81.9,5,4.68
P-000359,2025-05-01,5,227.0,40.1,4,9,58.7,70.4,4,3.67
P-000359,2025-06-01,6,236.1,38.2,5,10,54.9,75.3,4,3.55
P-000359,2025-07-01,7,238.5,34.8,7,13,55.5,83.8,4,3.92
P-000359,2025-08-01,8,234.1,38.2,6,11,61.1,79.6,4,4.33
P-000359,2025-09-01,9,244.7,39.5,6,9,55.7,80.1,5,4.08
P-000359,2025-10-01,10,243.1,49.2,14,13,49.0,98.0,5,5.0
P-000359,2025-11-01,11,248.2,52.6,5,13,53.1,94.5,5,4.57
P-000359,2025-12-01,12,175.1,0.0,2,6,88.5,20.6,5,1.8
P-000360,2025-01-01,1,191.5,6.7,2,6,93.4,24.7,1,1.19
P-000360,2025-02-01,2,178.6,9.6,1,5,89.6,19.3,1,1.21
P-000360,2025-03-01,3,182.4,13.7,3,4,88.6,23.9,3,1.78
P-000360,2025-04-01,4,188.5,3.4,2,5,95.7,28.6,1,1.26
P-000360,2025-05-01,5,186.6,4.3,2,5,102.3,19.9,1,1.3
P-000360,2025-06-01,6,166.8,9.5,3,5,96.4,15.8,2,1.53
P-000360,2025-07-01,7,179.1,6.9,3,5,89.2,27.6,1,1.6
P-000360,2025-08-01,8,183.1,10.0,1,4,93.0,18.7,1,1.31
P-000360,2025-09-01,9,173.7,6.6,3,5,91.7,19.9,1,1.6
P-000360,2025-10-01,10,171.3,0.0,2,5,99.6,16.8,1,1.46
P-000360,2025-11-01,11,184.6,6.3,2,3,93.7,26.3,1,1.14
P-000360,2025-12-01,12,168.2,0.8,1,3,86.4,10.1,1,1.12
P-000361,2025-01-01,1,171.5,2.1,3,5,85.9,23.1,5,1.65
P-000361,2025-02-01,2,165.9,3.8,2,4,86.9,17.9,4,1.41
P-000361,2025-03-01,3,179.2,11.8,1,4,92.7,23.1,4,1.51
P-000361,2025-04-01,4,240.5,42.1,6,11,52.7,82.6,5,4.07
P-000361,2025-05-01,5,240.4,43.9,5,11,56.2,81.2,4,3.82
P-000361,2025-06-01,6,240.6,38.9,6,13,51.5,89.6,4,4.32
P-000361,2025-07-01,7,246.7,35.2,8,12,62.1,84.1,5,4.39
P-000361,2025-08-01,8,239.7,32.3,6,8,56.5,79.0,5,4.71
P-000361,2025-09-01,9,239.0,34.5,6,11,61.8,77.9,5,4.53
P-000361,2025-10-01,10,241.3,38.6,3,12,64.8,74.9,5,4.19
P-000361,2025-11-01,11,238.2,43.4,9,13,50.6,94.7,5,5.0
P-000361,2025-12-01,12,172.4,7.9,2,5,93.1,15.2,5,1.58
P-000362,2025-01-01,1,174.9,6.4,1,4,92.6,16.1,4,1.0
P-000362,2025-02-01,2,181.6,6.9,5,4,98.9,23.1,4,1.08
P-000362,2025-03-01,3,232.6,36.4,3,10,74.9,71.3,4,3.73
P-000362,2025-04-01,4,224.2,40.2,8,11,62.4,84.7,4,4.51
P-000362,2025-05-01,5,229.2,35.5,2,13,58.1,70.8,4,4.01
P-000362,2025-06-01,6,223.6,38.0,9,10,66.3,84.5,4,5.0
P-000362,2025-07-01,7,243.2,44.9,3,7,61.4,82.3,5,4.69
P-000362,2025-08-01,8,235.5,46.2,7,12,62.0,81.3,4,4.36
P-000362,2025-09-01,9,226.7,29.2,9,8,76.6,71.5,3,3.84
P-000362,2025-10-01,10,169.3,10.0,1,4,92.0,18.5,3,1.0
P-000362,2025-11-01,11,179.4,0.1,0,5,91.9,14.9,5,1.59
P-000362,2025-12-01,12,171.7,6.9,3,6,100.0,15.7,3,1.26
P-000363,2025-01-01,1,166.6,8.0,0,4,87.4,10.2,2,1.24
P-000363,2025-02-01,2,170.4,0.0,2,5,91.8,15.3,2,1.0
P-000363,2025-03-01,3,184.0,8.0,3,5,85.8,26.7,2,1.46
P-000363,2025-04-01,4,168.4,6.8,1,5,89.8,20.7,2,1.47
P-000363,2025-05-01,5,228.7,46.7,5,11,56.3,77.8,3,2.78
P-000363,2025-06-01,6,188.8,14.2,1,4,89.8,23.5,1,1.56
P-000363,2025-07-01,7,173.5,9.4,3,6,89.9,19.3,2,1.29
P-000363,2025-08-01,8,176.9,5.8,1,3,87.8,17.6,2,1.44
P-000363,2025-09-01,9,185.7,0.8,4,4,97.9,26.6,1,1.22
P-000363,2025-10-01,10,169.9,11.9,1,4,85.4,24.8,1,2.14
P-000363,2025-11-01,11,173.8,3.2,0,5,87.5,23.5,2,1.65
P-000363,2025-12-01,12,178.2,9.0,1,6,96.9,14.3,2,1.54
P-000364,2025-01-01,1,177.1,3.7,3,6,91.6,25.0,1,1.0
P-000364,2025-02-01,2,171.6,8.3,2,3,95.9,22.8,2,1.81
P-000364,2025-03-01,3,169.0,6.6,5,5,99.6,19.5,1,1.74
P-000364,2025-04-01,4,166.0,2.6,1,5,92.5,13.9,2,1.64
P-000364,2025-05-01,5,175.6,10.8,2,4,92.4,27.4,1,1.59
P-000364,2025-06-01,6,181.9,4.3,0,5,86.7,20.5,2,1.12
P-000364,2025-07-01,7,182.5,2.6,1,4,89.3,19.1,1,1.7
P-000364,2025-08-01,8,186.4,10.6,1,6,93.1,25.3,2,1.31
P-000364,2025-09-01,9,183.4,0.1,2,5,90.1,21.4,2,1.7
P-000364,2025-10-01,10,174.0,5.0,3,3,100.0,15.3,2,1.53
P-000364,2025-11-01,11,177.7,5.0,1,4,92.7,21.2,2,1.55
P-000364,2025-12-01,12,174.1,4.5,2,4,93.0,18.4,2,1.7
P-000365,2025-01-01,1,168.1,0.4,1,5,92.4,13.3,1,1.44
P-000365,2025-02-01,2,175.2,14.9,2,4,87.4,21.8,1,1.52
P-000365,2025-03-01,3,162.5,4.1,0,4,95.3,7.4,1,1.26
P-000365,2025-04-01,4,230.5,36.2,2,7,60.9,63.0,2,3.23
P-000365,2025-05-01,5,181.6,6.7,3,3,98.4,20.4,2,1.79
P-000365,2025-06-01,6,174.9,13.9,1,3,88.0,23.9,2,1.47
P-000365,2025-07-01,7,177.4,1.6,2,4,97.2,19.7,2,1.53
P-000365,2025-08-01,8,167.9,5.1,1,5,93.8,14.6,1,1.62
P-000365,2025-09-01,9,165.6,1.3,2,4,95.4,17.5,2,1.81
P-000365,2025-10-01,10,175.7,10.4,5,5,94.0,25.8,2,1.4
P-000365,2025-11-01,11,169.0,4.1,2,5,95.6,17.3,3,1.71
P-000365,2025-12-01,12,183.4,0.0,2,5,97.6,23.9,1,1.32
P-000366,2025-01-01,1,173.6,8.3,2,4,102.9,19.2,3,1.45
P-000366,2025-02-01,2,178.3,5.5,3,6,93.8,23.8,4,1.65
P-000366,2025-03-01,3,237.5,26.8,2,11,71.9,61.5,3,3.67
P-000366,2025-04-01,4,232.0,48.4,2,8,58.8,68.2,3,3.92
P-000366,2025-05-01,5,252.3,42.4,10,12,66.6,90.1,5,5.0
P-000366,2025-06-01,6,222.1,27.7,2,10,59.4,60.5,3,3.43
P-000366,2025-07-01,7,243.3,31.6,13,13,57.8,93.0,4,3.64
P-000366,2025-08-01,8,245.5,32.1,7,11,69.4,77.7,5,3.98
P-000366,2025-09-01,9,244.9,41.9,7,9,58.0,80.0,4,3.66
P-000366,2025-10-01,10,174.3,11.2,5,6,93.5,25.8,4,1.72
P-000366,2025-11-01,11,171.3,7.3,1,4,100.3,14.2,5,1.49
P-000366,2025-12-01,12,173.7,7.1,1,4,86.8,20.9,4,1.3
P-000367,2025-01-01,1,168.3,11.2,0,4,88.5,15.1,1,1.0
P-000367,2025-02-01,2,163.5,2.1,3,5,90.0,13.7,2,1.78
P-000367,2025-03-01,3,179.6,2.3,2,3,94.5,22.0,1,1.78
P-000367,2025-04-01,4,177.1,0.0,3,5,92.4,22.7,2,1.5
P-000367,2025-05-01,5,181.2,2.5,1,5,93.7,20.9,3,1.64
P-000367,2025-06-01,6,183.7,4.1,1,4,99.7,14.3,2,1.49
P-000367,2025-07-01,7,174.5,1.8,0,3,95.0,17.6,1,1.05
P-000367,2025-08-01,8,168.9,13.0,3,5,91.1,22.9,2,1.11
P-000367,2025-09-01,9,176.1,7.4,2,5,91.8,18.8,1,1.36
P-000367,2025-10-01,10,177.0,10.1,3,5,88.9,28.1,1,1.53
P-000367,2025-11-01,11,180.6,1.2,2,5,93.7,23.3,3,1.69
P-000367,2025-12-01,12,176.7,11.8,2,5,98.0,20.1,2,1.42
P-000368,2025-01-01,1,174.1,3.1,2,4,101.3,19.2,2,2.0
P-000368,2025-02-01,2,173.4,2.7,1,5,96.5,18.5,1,1.45
P-000368,2025-03-01,3,191.0,6.8,2,5,97.1,21.8,2,1.88
P-000368,2025-04-01,4,225.6,39.0,8,7,56.9,81.2,2,3.8
P-000368,2025-05-01,5,182.5,6.3,1,4,91.2,26.6,1,1.28
P-000368,2025-06-01,6,169.4,12.2,2,5,91.2,23.6,3,1.2
P-000368,2025-07-01,7,185.1,0.0,3,5,91.5,22.2,1,1.63
P-000368,2025-08-01,8,176.8,8.5,1,3,91.4,23.2,1,1.35
P-000368,2025-09-01,9,176.6,7.0,3,5,87.8,22.7,1,1.01
P-000368,2025-10-01,10,171.9,1.0,2,6,90.9,20.5,1,1.37
P-000368,2025-11-01,11,181.6,3.0,2,6,86.9,24.1,3,1.87
P-000368,2025-12-01,12,174.2,8.5,2,4,94.2,21.1,1,1.14
P-000369,2025-01-01,1,175.3,0.0,2,4,95.4,18.5,5,1.53
P-000369,2025-02-01,2,182.0,3.8,2,3,91.3,24.9,4,1.91
P-000369,2025-03-01,3,167.1,1.5,3,6,93.7,22.3,5,1.81
P-000369,2025-04-01,4,233.1,45.0,6,9,63.4,78.5,4,4.15
P-000369,2025-05-01,5,241.6,37.7,8,14,59.1,80.4,5,3.89
P-000369,2025-06-01,6,239.2,33.9,5,9,56.8,73.3,4,4.3
P-000369,2025-07-01,7,225.9,47.3,7,8,49.2,79.7,4,4.34
P-000369,2025-08-01,8,232.0,48.4,10,11,51.5,94.1,4,4.39
P-000369,2025-09-01,9,243.8,30.8,7,11,59.5,80.8,5,4.32
P-000369,2025-10-01,10,248.6,29.3,14,10,64.1,94.5,5,3.99
P-000369,2025-11-01,11,240.1,31.0,10,14,69.6,84.1,5,5.0
P-000369,2025-12-01,12,176.3,2.7,4,4,90.8,23.1,4,1.24
P-000370,2025-01-01,1,174.7,0.5,0,7,93.3,14.8,4,1.22
P-000370,2025-02-01,2,179.2,5.2,1,4,95.5,17.8,4,1.62
P-000370,2025-03-01,3,234.1,36.7,7,10,65.3,76.8,4,3.5
P-000370,2025-04-01,4,236.5,43.7,6,8,62.9,78.5,3,4.27
P-000370,2025-05-01,5,235.4,50.2,7,10,64.4,89.5,4,4.61
P-000370,2025-06-01,6,234.2,31.9,8,9,60.6,76.0,4,4.19
P-000370,2025-07-01,7,228.4,30.2,7,12,59.1,79.2,4,4.24
P-000370,2025-08-01,8,232.3,46.5,6,11,64.2,79.0,4,4.12
P-000370,2025-09-01,9,240.1,26.7,9,10,64.3,81.9,4,4.91
P-000370,2025-10-01,10,175.7,1.7,2,5,89.2,18.4,4,1.59
P-000370,2025-11-01,11,181.4,10.1,0,6,91.6,19.9,3,1.47
P-000370,2025-12-01,12,178.7,2.8,2,6,93.0,20.1,4,1.66
P-000371,2025-01-01,1,176.1,4.2,1,5,92.0,20.9,4,1.75
P-000371,2025-02-01,2,166.2,3.1,5,4,100.2,18.4,4,1.48
P-000371,2025-03-01,3,180.6,2.0,2,4,92.1,17.8,3,1.67
P-000371,2025-04-01,4,241.4,48.7,7,9,57.5,87.2,5,4.63
P-000371,2025-05-01,5,235.5,40.2,6,11,58.8,76.1,4,3.8
P-000371,2025-06-01,6,231.1,45.0,4,8,54.2,67.6,3,3.6
P-000371,2025-07-01,7,242.8,38.6,8,13,54.9,87.0,5,3.79
P-000371,2025-08-01,8,238.5,33.9,6,12,61.5,83.2,4,4.52
P-000371,2025-09-01,9,182.5,8.6,5,5,82.9,29.9,4,1.27
P-000371,2025-10-01,10,174.1,8.5,2,3,89.6,19.2,3,1.39
P-000371,2025-11-01,11,175.8,4.9,3,3,98.3,24.9,4,1.67
P-000371,2025-12-01,12,176.8,10.0,2,3,95.4,22.2,5,1.67
P-000372,2025-01-01,1,176.4,2.4,3,4,98.4,15.8,3,1.59
P-000372,2025-02-01,2,175.3,2.2,3,4,95.4,17.7,3,1.37
P-000372,2025-03-01,3,182.2,6.1,2,6,98.9,19.4,4,1.19
P-000372,2025-04-01,4,247.2,41.2,6,10,56.2,88.6,5,4.83
P-000372,2025-05-01,5,247.7,32.7,3,9,61.4,73.4,4,4.7
P-000372,2025-06-01,6,231.0,45.2,5,8,54.2,72.9,3,4.54
P-000372,2025-07-01,7,244.6,33.0,14,8,58.8,87.2,5,3.42
P-000372,2025-08-01,8,240.5,55.6,3,10,48.6,88.6,4,4.71
P-000372,2025-09-01,9,184.7,17.5,3,6,85.3,37.8,3,1.57
P-000372,2025-10-01,10,175.7,9.5,2,4,92.3,15.7,5,1.02
P-000372,2025-11-01,11,164.1,6.0,2,4,95.3,13.9,3,1.59
P-000372,2025-12-01,12,175.6,10.3,2,5,91.8,25.4,3,1.36
P-000373,2025-01-01,1,187.2,8.4,1,3,92.7,24.7,3,1.39
P-000373,2025-02-01,2,179.8,1.7,1,6,93.7,22.5,4,1.0
P-000373,2025-03-01,3,230.0,38.8,7,11,51.5,76.8,3,3.46
P-000373,2025-04-01,4,244.5,46.6,6,10,67.2,86.1,4,4.59
P-000373,2025-05-01,5,244.9,40.1,6,13,58.7,87.2,4,4.37
P-000373,2025-06-01,6,236.7,34.2,7,7,58.5,73.9,4,3.95
P-000373,2025-07-01,7,238.8,21.5,11,13,71.1,82.0,4,4.11
P-000373,2025-08-01,8,249.2,36.6,8,10,63.8,86.8,4,4.44
P-000373,2025-09-01,9,235.6,51.9,2,12,51.9,78.1,4,4.43
P-000373,2025-10-01,10,168.6,10.9,4,5,89.7,26.6,4,1.3
P-000373,2025-11-01,11,182.4,6.7,2,4,87.0,29.8,3,1.38
P-000373,2025-12-01,12,195.9,0.6,2,5,94.4,26.1,4,1.48
P-000374,2025-01-01,1,179.2,1.4,2,5,100.2,20.3,5,1.39
P-000374,2025-02-01,2,159.6,11.3,4,4,91.8,19.1,5,1.0
P-000374,2025-03-01,3,182.3,0.8,1,6,90.4,19.6,4,1.03
P-000374,2025-04-01,4,247.7,42.2,8,14,67.6,88.3,4,3.85
P-000374,2025-05-01,5,241.6,42.8,5,11,56.0,84.0,4,4.04
P-000374,2025-06-01,6,240.0,36.7,8,11,58.5,83.5,4,4.48
P-000374,2025-07-01,7,234.4,41.5,7,12,52.4,82.6,4,3.66
P-000374,2025-08-01,8,237.6,28.0,10,15,63.9,86.4,4,4.78
P-000374,2025-09-01,9,178.3,8.6,1,4,93.8,13.0,3,1.23
P-000374,2025-10-01,10,182.1,8.8,4,4,88.3,32.7,4,1.6
P-000374,2025-11-01,11,182.0,1.1,0,6,94.1,17.2,5,1.49
P-000374,2025-12-01,12,191.6,2.4,5,4,91.6,28.3,3,1.71
P-000375,2025-01-01,1,177.3,7.8,0,4,89.1,17.4,4,1.89
P-000375,2025-02-01,2,165.8,11.1,5,4,89.7,21.9,4,1.0
P-000375,2025-03-01,3,245.5,42.7,6,13,53.0,82.2,5,4.29
P-000375,2025-04-01,4,241.3,42.8,10,11,66.0,89.2,4,3.98
P-000375,2025-05-01,5,226.6,44.5,5,11,57.1,77.2,4,4.07
P-000375,2025-06-01,6,242.3,46.8,6,11,54.1,85.4,5,4.43
P-000375,2025-07-01,7,230.5,29.3,4,12,59.0,68.5,4,4.28
P-000375,2025-08-01,8,240.6,40.2,9,14,63.8,94.0,4,4.39
P-000375,2025-09-01,9,244.5,38.3,8,9,56.5,83.9,5,4.72
P-000375,2025-10-01,10,182.5,2.7,2,4,91.6,23.7,4,1.81
P-000375,2025-11-01,11,176.0,0.5,1,5,90.5,23.3,4,1.68
P-000375,2025-12-01,12,183.3,8.6,0,4,97.0,21.3,4,1.93
P-000376,2025-01-01,1,177.7,13.5,2,6,96.1,26.7,2,1.18
P-000376,2025-02-01,2,168.6,4.6,0,4,95.5,16.0,1,1.13
P-000376,2025-03-01,3,169.1,8.5,4,5,93.1,24.8,3,1.48
P-000376,2025-04-01,4,174.5,11.1,2,6,92.5,28.6,2,1.0
P-000376,2025-05-01,5,173.4,6.3,1,5,103.2,15.0,1,1.34
P-000376,2025-06-01,6,179.5,2.0,2,4,105.6,16.0,3,1.1
P-000376,2025-07-01,7,165.8,9.2,3,4,92.8,17.7,2,1.81
P-000376,2025-08-01,8,177.8,5.7,0,6,89.9,16.9,1,1.08
P-000376,2025-09-01,9,174.3,2.4,4,4,87.4,25.6,1,1.83
P-000376,2025-10-01,10,176.2,8.0,3,4,96.4,19.9,2,1.56
P-000376,2025-11-01,11,170.4,2.7,5,5,94.3,18.3,2,1.55
P-000376,2025-12-01,12,187.2,14.1,3,4,84.0,29.4,1,1.51
P-000377,2025-01-01,1,178.5,0.0,2,6,87.1,25.7,2,1.0
P-000377,2025-02-01,2,174.0,9.1,1,3,93.9,11.9,1,1.33
P-000377,2025-03-01,3,185.7,1.6,0,4,93.3,22.3,1,1.0
P-000377,2025-04-01,4,223.0,26.4,4,8,69.9,63.2,2,2.96
P-000377,2025-05-01,5,226.8,42.4,6,10,53.1,74.8,2,3.38
P-000377,2025-06-01,6,169.3,8.6,1,4,84.3,19.6,2,1.06
P-000377,2025-07-01,7,171.4,4.4,5,5,97.9,19.1,2,1.41
P-000377,2025-08-01,8,173.5,10.1,2,6,88.8,18.4,3,1.61
P-000377,2025-09-01,9,177.2,5.6,2,4,95.4,26.6,1,1.51
P-000377,2025-10-01,10,175.5,4.7,3,4,89.3,20.8,2,2.09
P-000377,2025-11-01,11,181.7,5.7,4,5,95.1,21.6,2,1.3
P-000377,2025-12-01,12,178.0,7.5,0,7,94.4,24.1,2,1.57
P-000378,2025-01-01,1,178.0,2.1,0,6,94.0,17.6,4,1.19
P-000378,2025-02-01,2,168.6,8.3,2,5,87.2,23.7,4,1.54
P-000378,2025-03-01,3,181.9,7.7,2,5,90.9,25.8,4,1.89
P-000378,2025-04-01,4,248.5,35.3,6,14,63.5,80.7,5,4.81
P-000378,2025-05-01,5,237.0,42.4,5,12,54.5,80.1,4,3.79
P-000378,2025-06-01,6,235.1,48.0,7,8,54.8,83.6,4,4.06
P-000378,2025-07-01,7,250.0,31.8,3,15,72.9,80.4,5,4.61
P-000378,2025-08-01,8,247.2,38.1,4,10,60.5,79.5,5,4.99
P-000378,2025-09-01,9,235.3,36.4,4,9,59.6,73.9,4,3.82
P-000378,2025-10-01,10,256.6,38.1,3,13,62.1,85.3,5,4.11
P-000378,2025-11-01,11,228.2,38.3,2,11,60.6,69.6,4,3.88
P-000378,2025-12-01,12,180.1,3.5,0,4,87.9,15.7,5,1.45
P-000379,2025-01-01,1,173.8,7.2,2,3,85.8,22.1,2,1.15
P-000379,2025-02-01,2,173.9,2.4,5,6,92.4,23.8,1,1.4
P-000379,2025-03-01,3,176.2,5.7,2,4,92.6,20.5,2,1.4
P-000379,2025-04-01,4,229.3,29.2,4,11,74.4,64.5,2,2.76
P-000379,2025-05-01,5,178.0,4.6,0,4,94.7,14.0,1,1.7
P-000379,2025-06-01,6,167.5,4.3,1,3,93.2,20.1,2,1.24
P-000379,2025-07-01,7,172.9,9.3,4,3,95.0,22.2,1,1.48
P-000379,2025-08-01,8,165.8,4.9,3,4,101.5,17.9,1,1.21
P-000379,2025-09-01,9,173.3,12.8,3,5,99.0,26.5,2,1.48
P-000379,2025-10-01,10,184.6,10.1,2,6,93.4,24.4,1,1.75
P-000379,2025-11-01,11,184.2,6.3,2,3,90.4,20.5,2,1.05
P-000379,2025-12-01,12,175.0,12.3,3,4,85.7,22.0,1,1.4
P-000380,2025-01-01,1,172.2,6.9,2,4,83.3,26.3,1,1.62
P-000380,2025-02-01,2,246.0,33.0,5,15,61.9,79.4,4,4.21
P-000380,2025-03-01,3,245.9,40.4,7,12,55.4,91.6,4,4.39
P-000380,2025-04-01,4,236.5,36.0,14,12,65.6,95.8,4,4.44
P-000380,2025-05-01,5,235.3,47.0,11,10,63.4,92.8,4,4.62
P-000380,2025-06-01,6,181.8,8.5,0,3,87.3,28.4,1,1.28
P-000380,2025-07-01,7,178.7,7.0,4,4,92.0,23.3,1,1.53
P-000380,2025-08-01,8,172.4,2.9,2,4,97.3,16.4,1,1.49
P-000380,2025-09-01,9,178.5,9.5,1,4,92.5,21.4,1,1.33
P-000380,2025-10-01,10,182.7,8.6,4,4,92.1,25.1,1,1.0
P-000380,2025-11-01,11,180.9,7.5,3,4,96.0,23.4,1,1.49
P-000380,2025-12-01,12,178.9,9.3,4,6,96.6,30.3,1,1.85
P-000381,2025-01-01,1,189.7,10.4,1,4,89.5,29.2,3,1.14
P-000381,2025-02-01,2,179.1,1.6,0,6,89.9,17.6,4,1.49
P-000381,2025-03-01,3,239.7,39.5,1,10,63.1,66.8,4,4.1
P-000381,2025-04-01,4,230.4,47.7,3,9,52.9,80.1,4,4.88
P-000381,2025-05-01,5,245.8,39.8,7,11,60.7,83.0,4,3.68
P-000381,2025-06-01,6,234.8,41.7,2,9,57.7,69.6,4,3.79
P-000381,2025-07-01,7,235.4,37.1,5,11,69.1,77.7,4,5.0
P-000381,2025-08-01,8,237.8,48.7,6,9,51.6,87.8,4,4.1
P-000381,2025-09-01,9,247.9,31.3,4,13,53.6,81.8,5,4.12
P-000381,2025-10-01,10,181.2,9.2,1,3,97.6,18.9,4,1.35
P-000381,2025-11-01,11,187.8,7.9,5,3,89.6,27.3,4,1.41
P-000381,2025-12-01,12,173.7,7.7,2,4,90.2,19.7,4,1.08
P-000382,2025-01-01,1,174.4,2.4,5,5,94.4,25.3,4,1.72
P-000382,2025-02-01,2,186.6,9.2,4,4,95.3,27.6,3,1.28
P-000382,2025-03-01,3,175.3,4.5,3,5,96.2,23.0,4,1.26
P-000382,2025-04-01,4,228.6,43.1,5,14,56.2,70.2,3,2.24
P-000382,2025-05-01,5,241.2,52.6,5,11,62.4,84.2,4,4.69
P-000382,2025-06-01,6,243.9,43.7,8,14,55.7,93.8,4,4.61
P-000382,2025-07-01,7,238.3,41.7,9,9,53.9,80.8,4,4.33
P-000382,2025-08-01,8,241.6,43.7,8,12,60.6,82.5,4,3.8
P-000382,2025-09-01,9,172.2,5.4,2,5,92.8,25.8,4,2.03
P-000382,2025-10-01,10,175.7,1.5,2,5,99.9,15.3,4,1.58
P-000382,2025-11-01,11,178.7,1.3,2,4,94.4,13.5,5,1.3
P-000382,2025-12-01,12,170.9,13.8,3,4,87.6,26.2,5,1.42
P-000383,2025-01-01,1,164.3,0.0,1,5,91.2,13.9,2,1.33
P-000383,2025-02-01,2,171.3,2.4,2,4,100.9,20.2,1,1.64
P-000383,2025-03-01,3,169.0,1.7,1,6,93.2,15.3,1,1.78
P-000383,2025-04-01,4,225.8,41.4,5,9,60.1,71.7,2,3.3
P-000383,2025-05-01,5,172.2,10.9,1,3,93.6,13.7,1,1.82
P-000383,2025-06-01,6,181.6,4.3,4,3,98.5,24.8,2,1.0
P-000383,2025-07-01,7,183.8,2.2,3,3,91.7,21.3,3,1.36
P-000383,2025-08-01,8,181.5,6.7,3,3,88.0,21.6,2,1.28
P-000383,2025-09-01,9,183.1,10.6,3,3,91.9,26.1,1,1.49
P-000383,2025-10-01,10,176.5,10.3,1,5,95.5,26.3,2,1.37
P-000383,2025-11-01,11,169.1,0.4,2,4,96.7,16.6,2,1.69
P-000383,2025-12-01,12,168.7,10.9,0,5,99.6,18.7,1,1.69
P-000384,2025-01-01,1,169.4,10.0,2,3,89.9,21.8,1,1.25
P-000384,2025-02-01,2,184.4,10.1,1,4,87.2,21.1,2,1.58
P-000384,2025-03-01,3,187.5,0.0,1,5,92.4,25.4,2,1.63
P-000384,2025-04-01,4,222.8,36.8,7,10,55.3,75.9,3,4.98
P-000384,2025-05-01,5,168.9,2.6,1,5,95.1,19.6,1,1.2
P-000384,2025-06-01,6,178.2,1.7,3,5,85.1,19.7,1,1.12
P-000384,2025-07-01,7,184.0,1.5,2,5,86.0,26.3,1,2.05
P-000384,2025-08-01,8,192.7,6.5,2,4,94.4,17.5,1,1.66
P-000384,2025-09-01,9,167.6,6.7,2,4,89.8,14.7,1,1.0
P-000384,2025-10-01,10,181.5,0.0,5,3,97.4,23.2,1,1.58
P-000384,2025-11-01,11,184.1,2.3,1,6,89.7,17.1,2,1.0
P-000384,2025-12-01,12,182.8,4.4,0,5,91.9,15.7,1,1.0
P-000385,2025-01-01,1,179.8,0.0,0,4,92.3,16.2,1,1.76
P-000385,2025-02-01,2,236.9,37.0,7,11,58.1,75.1,4,3.99
P-000385,2025-03-01,3,221.0,41.8,6,12,59.7,70.8,4,3.36
P-000385,2025-04-01,4,241.6,50.7,5,10,59.0,81.9,4,3.19
P-000385,2025-05-01,5,238.0,33.8,5,15,61.2,76.9,4,3.66
P-000385,2025-06-01,6,178.4,7.8,2,4,85.0,20.7,1,1.72
P-000385,2025-07-01,7,178.2,6.9,2,5,92.6,24.7,1,1.97
P-000385,2025-08-01,8,170.3,8.3,4,5,87.5,22.2,1,1.17
P-000385,2025-09-01,9,166.5,2.9,1,5,93.6,13.5,1,1.33
P-000385,2025-10-01,10,175.1,9.9,4,4,93.1,26.1,1,1.16
P-000385,2025-11-01,11,182.0,3.4,0,4,86.4,20.2,1,1.0
P-000385,2025-12-01,12,174.0,10.4,2,3,91.8,21.4,1,1.46
P-000386,2025-01-01,1,177.0,1.9,1,6,96.2,16.2,2,1.6
P-000386,2025-02-01,2,177.5,2.4,2,5,90.4,20.6,1,1.08
P-000386,2025-03-01,3,182.3,8.5,4,5,88.2,24.4,3,1.48
P-000386,2025-04-01,4,173.5,10.0,3,5,95.4,30.4,3,1.71
P-000386,2025-05-01,5,168.6,4.1,3,5,97.8,18.9,1,2.11
P-000386,2025-06-01,6,174.2,9.6,1,6,87.8,18.1,3,1.42
P-000386,2025-07-01,7,180.0,7.1,1,5,93.2,21.7,2,2.07
P-000386,2025-08-01,8,180.2,4.6,0,7,90.2,18.1,1,1.38
P-000386,2025-09-01,9,171.4,9.0,1,5,93.9,19.0,1,1.67
P-000386,2025-10-01,10,180.4,2.0,1,4,99.7,21.9,1,1.8
P-000386,2025-11-01,11,172.9,11.6,4,3,91.4,22.6,2,1.52
P-000386,2025-12-01,12,175.1,5.6,3,4,93.9,22.4,1,1.0
P-000387,2025-01-01,1,171.0,8.5,0,4,90.1,23.9,1,1.24
P-000387,2025-02-01,2,241.4,51.2,7,14,52.0,94.0,4,3.88
P-000387,2025-03-01,3,243.9,47.7,7,11,57.6,89.6,4,3.86
P-000387,2025-04-01,4,242.5,48.3,5,8,59.5,79.8,4,3.96
P-000387,2025-05-01,5,243.7,45.7,5,7,53.5,80.1,4,4.27
P-000387,2025-06-01,6,178.0,9.5,0,4,93.7,21.5,1,1.0
P-000387,2025-07-01,7,180.4,7.9,3,4,84.5,27.5,1,2.13
P-000387,2025-08-01,8,177.1,0.0,0,4,91.1,21.4,1,1.8
P-000387,2025-09-01,9,178.3,4.2,0,3,96.5,13.6,1,1.32
P-000387,2025-10-01,10,172.8,5.5,1,5,86.8,19.1,1,1.53
P-000387,2025-11-01,11,183.4,10.1,1,3,93.0,19.3,1,1.35
P-000387,2025-12-01,12,168.8,6.8,1,5,95.7,20.9,1,1.61
P-000388,2025-01-01,1,169.8,9.7,0,5,88.7,22.2,1,1.02
P-000388,2025-02-01,2,238.8,51.8,4,8,54.1,79.8,4,3.55
P-000388,2025-03-01,3,245.0,36.9,7,13,61.7,85.5,4,3.86
P-000388,2025-04-01,4,244.2,38.6,4,10,56.3,78.2,4,3.99
P-000388,2025-05-01,5,238.5,52.5,5,8,51.8,88.5,4,4.17
P-000388,2025-06-01,6,179.0,8.9,3,4,94.2,26.0,1,1.05
P-000388,2025-07-01,7,178.6,6.3,3,5,90.2,26.8,1,1.29
P-000388,2025-08-01,8,176.6,6.4,0,6,94.4,19.0,1,1.79
P-000388,2025-09-01,9,185.2,5.6,3,4,87.1,22.6,1,1.0
P-000388,2025-10-01,10,160.8,2.8,1,5,94.0,14.8,1,1.0
P-000388,2025-11-01,11,176.3,8.8,3,5,98.5,27.8,1,1.0
P-000388,2025-12-01,12,180.3,2.7,2,4,96.0,18.8,1,1.92
P-000389,2025-01-01,1,171.9,6.7,3,3,90.4,17.6,2,1.0
P-000389,2025-02-01,2,170.1,15.5,1,4,89.4,21.5,2,1.16
P-000389,2025-03-01,3,172.6,5.3,5,4,103.3,21.2,2,1.18
P-000389,2025-04-01,4,214.2,16.3,5,6,65.7,54.1,1,2.64
P-000389,2025-05-01,5,221.9,29.7,4,7,62.5,64.5,2,3.4
P-000389,2025-06-01,6,166.6,6.8,5,3,96.0,18.5,2,1.21
P-000389,2025-07-01,7,163.3,8.0,4,4,95.6,21.9,1,1.53
P-000389,2025-08-01,8,179.6,8.2,2,5,98.7,21.3,2,1.4
P-000389,2025-09-01,9,186.5,6.3,1,4,95.8,23.3,2,1.5
P-000389,2025-10-01,10,179.4,0.2,2,5,97.1,12.8,1,1.0
P-000389,2025-11-01,11,179.7,0.0,1,5,89.9,17.0,2,1.76
P-000389,2025-12-01,12,168.8,7.2,2,5,93.7,18.9,1,1.0
P-000390,2025-01-01,1,173.4,1.8,2,3,97.4,16.9,4,1.45
P-000390,2025-02-01,2,178.2,0.0,3,6,94.6,18.9,5,1.4
P-000390,2025-03-01,3,241.8,29.9,6,8,73.8,72.5,4,4.32
P-000390,2025-04-01,4,241.8,37.3,8,8,60.6,81.8,4,3.95
P-000390,2025-05-01,5,238.8,47.7,5,10,57.5,83.9,4,3.87
P-000390,2025-06-01,6,237.5,35.0,8,18,57.1,91.1,5,4.78
P-000390,2025-07-01,7,234.0,38.1,2,8,56.7,74.5,3,3.92
P-000390,2025-08-01,8,228.6,53.7,3,10,47.9,81.0,3,4.39
P-000390,2025-09-01,9,238.2,47.2,4,10,62.2,73.8,4,3.52
P-000390,2025-10-01,10,179.7,7.3,0,4,93.2,15.0,4,1.14
P-000390,2025-11-01,11,166.0,7.4,3,5,87.0,16.0,4,1.01
P-000390,2025-12-01,12,175.3,7.5,4,4,94.4,25.6,4,1.37
P-000391,2025-01-01,1,173.7,0.0,1,4,96.0,10.6,3,1.14
P-000391,2025-02-01,2,177.2,8.9,3,5,94.2,26.8,4,1.98
P-000391,2025-03-01,3,163.8,3.2,2,3,91.4,8.3,4,1.0
P-000391,2025-04-01,4,224.0,33.8,2,7,64.7,61.7,3,3.65
P-000391,2025-05-01,5,232.9,40.5,5,9,55.3,79.3,4,3.99
P-000391,2025-06-01,6,249.3,35.4,8,11,62.3,84.5,4,4.32
P-000391,2025-07-01,7,235.3,44.9,8,14,53.0,89.7,5,3.72
P-000391,2025-08-01,8,213.6,27.3,6,7,59.8,61.8,3,2.86
P-000391,2025-09-01,9,176.2,4.6,3,6,93.7,20.3,5,1.29
P-000391,2025-10-01,10,179.3,0.0,2,5,103.0,20.4,4,2.48
P-000391,2025-11-01,11,177.4,6.7,2,4,93.2,18.2,5,1.26
P-000391,2025-12-01,12,166.8,2.3,4,4,100.4,23.2,4,1.63
P-000392,2025-01-01,1,167.7,6.7,4,5,93.1,19.6,3,1.51
P-000392,2025-02-01,2,170.7,0.6,2,5,95.8,20.1,4,1.19
P-000392,2025-03-01,3,173.5,4.5,0,4,103.0,14.2,3,1.3
P-000392,2025-04-01,4,245.1,51.7,9,9,50.1,96.5,5,4.48
P-000392,2025-05-01,5,242.6,48.4,3,11,52.4,78.0,4,3.8
P-000392,2025-06-01,6,249.1,51.6,7,12,60.5,94.4,5,4.64
P-000392,2025-07-01,7,235.7,37.8,9,6,53.8,79.7,4,3.94
P-000392,2025-08-01,8,235.3,44.5,9,13,54.0,86.3,5,4.21
P-000392,2025-09-01,9,174.2,9.4,1,5,96.3,12.4,4,1.26
P-000392,2025-10-01,10,179.1,6.9,0,5,96.1,21.1,4,1.59
P-000392,2025-11-01,11,174.6,6.9,5,6,88.5,22.7,5,1.1
P-000392,2025-12-01,12,170.9,9.5,1,5,97.1,17.2,3,1.29
P-000393,2025-01-01,1,176.8,13.8,2,4,94.2,24.3,1,1.26
P-000393,2025-02-01,2,188.7,0.0,0,6,89.6,27.1,1,1.68
P-000393,2025-03-01,3,182.9,0.3,1,5,99.0,18.9,3,1.49
P-000393,2025-04-01,4,183.3,10.0,2,6,94.6,29.4,2,1.74
P-000393,2025-05-01,5,169.5,19.6,1,6,88.0,27.5,3,1.77
P-000393,2025-06-01,6,172.0,12.6,0,4,92.7,18.7,2,1.62
P-000393,2025-07-01,7,177.5,3.9,0,4,96.2,20.0,2,1.71
P-000393,2025-08-01,8,165.6,12.1,1,4,88.4,21.8,2,1.73
P-000393,2025-09-01,9,177.5,4.9,1,4,91.2,17.6,1,1.16
P-000393,2025-10-01,10,173.8,13.0,1,4,83.3,22.8,2,1.44
P-000393,2025-11-01,11,174.5,0.6,0,3,92.5,13.3,1,1.33
P-000393,2025-12-01,12,189.4,1.9,2,5,88.2,25.9,1,1.49
P-000394,2025-01-01,1,178.3,3.3,2,5,92.2,17.7,2,1.04
P-000394,2025-02-01,2,177.8,9.3,2,3,94.6,21.4,2,1.37
P-000394,2025-03-01,3,175.3,6.4,4,7,97.9,19.9,3,1.0
P-000394,2025-04-01,4,224.4,35.7,2,12,54.5,66.6,2,3.24
P-000394,2025-05-01,5,227.6,21.4,6,10,74.9,57.8,3,4.02
P-000394,2025-06-01,6,172.2,0.0,2,4,85.3,21.2,3,1.49
P-000394,2025-07-01,7,174.6,9.0,1,4,87.6,22.9,1,1.76
P-000394,2025-08-01,8,174.0,12.7,2,3,91.7,17.2,2,1.62
P-000394,2025-09-01,9,177.4,6.4,3,4,86.1,21.0,1,1.0
P-000394,2025-10-01,10,176.8,6.3,1,5,94.0,19.9,1,1.31
P-000394,2025-11-01,11,168.5,6.9,4,5,96.1,22.3,1,1.89
P-000394,2025-12-01,12,169.3,8.2,3,5,89.5,25.1,2,1.4
P-000395,2025-01-01,1,179.8,7.0,2,4,94.4,20.6,4,1.0
P-000395,2025-02-01,2,183.7,2.6,4,3,94.7,25.8,4,1.64
P-000395,2025-03-01,3,173.5,2.2,2,4,100.3,20.3,4,1.15
P-000395,2025-04-01,4,244.4,48.2,6,9,55.5,83.1,4,3.72
P-000395,2025-05-01,5,239.4,37.7,3,11,58.5,79.7,4,4.58
P-000395,2025-06-01,6,237.8,41.5,3,9,55.5,73.0,3,3.26
P-000395,2025-07-01,7,230.3,33.1,7,9,64.2,68.0,3,3.91
P-000395,2025-08-01,8,244.0,31.3,4,12,62.9,71.8,4,4.69
P-000395,2025-09-01,9,172.6,6.9,1,6,98.4,16.9,4,1.37
P-000395,2025-10-01,10,183.9,0.0,3,5,97.5,24.7,4,1.6
P-000395,2025-11-01,11,170.0,9.2,3,4,94.8,17.5,4,1.58
P-000395,2025-12-01,12,168.4,4.6,3,3,93.2,16.4,3,1.0
P-000396,2025-01-01,1,167.3,8.0,2,4,98.3,18.4,3,1.54
P-000396,2025-02-01,2,174.4,5.2,2,4,90.3,21.0,1,1.57
P-000396,2025-03-01,3,178.8,5.4,2,3,92.6,15.8,2,1.01
P-000396,2025-04-01,4,173.1,14.7,2,5,91.6,20.2,2,1.09
P-000396,2025-05-01,5,231.2,33.0,5,9,69.9,67.2,2,3.19
P-000396,2025-06-01,6,170.0,0.8,1,5,97.1,16.3,2,1.0
P-000396,2025-07-01,7,173.2,10.5,1,3,96.8,21.1,2,1.38
P-000396,2025-08-01,8,170.2,10.2,4,5,94.2,24.5,1,1.61
P-000396,2025-09-01,9,178.0,4.9,4,3,93.5,20.2,2,1.01
P-000396,2025-10-01,10,167.9,5.3,4,7,94.2,26.0,2,1.38
P-000396,2025-11-01,11,171.2,0.1,2,7,95.5,17.2,1,1.08
P-000396,2025-12-01,12,169.2,3.4,2,4,93.0,16.7,2,1.11
P-000397,2025-01-01,1,188.1,2.9,1,5,94.9,17.9,4,1.23
P-000397,2025-02-01,2,179.3,5.3,5,3,93.9,25.3,4,1.24
P-000397,2025-03-01,3,169.3,6.5,2,5,91.2,20.8,5,1.44
P-000397,2025-04-01,4,239.6,37.5,8,13,57.5,85.5,5,4.34
P-000397,2025-05-01,5,241.9,50.6,8,9,52.8,91.6,4,3.88
P-000397,2025-06-01,6,237.3,35.9,4,10,65.5,74.4,4,4.26
P-000397,2025-07-01,7,243.0,45.8,9,9,61.7,88.1,5,4.02
P-000397,2025-08-01,8,249.9,47.8,4,12,57.7,84.0,5,3.6
P-000397,2025-09-01,9,242.4,40.7,7,11,57.8,79.8,5,4.41
P-000397,2025-10-01,10,231.6,42.8,8,6,47.8,82.6,4,3.86
P-000397,2025-11-01,11,238.9,42.2,10,11,49.1,91.6,5,5.0
P-000397,2025-12-01,12,180.9,1.3,1,6,99.1,19.2,5,1.24
P-000398,2025-01-01,1,187.2,4.5,1,4,98.5,21.9,1,1.38
P-000398,2025-02-01,2,237.5,39.9,8,10,58.0,86.3,4,3.92
P-000398,2025-03-01,3,245.5,38.7,8,10,58.1,83.7,4,4.58
P-000398,2025-04-01,4,231.8,36.2,7,12,62.1,72.9,4,3.27
P-000398,2025-05-01,5,239.1,42.8,6,11,60.5,79.9,4,4.35
P-000398,2025-06-01,6,169.6,10.1,2,7,89.9,19.3,1,1.5
P-000398,2025-07-01,7,171.4,13.7,0,6,87.5,25.7,1,1.53
P-000398,2025-08-01,8,177.1,4.8,1,5,97.7,21.3,1,1.5
P-000398,2025-09-01,9,186.9,0.9,2,7,94.0,25.2,1,1.65
P-000398,2025-10-01,10,168.9,1.7,4,5,93.9,24.5,1,1.23
P-000398,2025-11-01,11,176.7,6.1,2,3,100.4,16.6,1,1.51
P-000398,2025-12-01,12,177.3,13.2,1,4,89.1,22.2,1,1.4
P-000399,2025-01-01,1,173.9,2.6,2,4,85.3,18.9,1,1.09
P-000399,2025-02-01,2,171.2,6.1,5,4,89.1,22.6,2,1.42
P-000399,2025-03-01,3,168.8,3.6,2,4,97.8,19.9,1,1.44
P-000399,2025-04-01,4,186.2,0.0,0,5,92.6,19.4,2,1.34
P-000399,2025-05-01,5,171.1,4.9,2,3,96.4,16.5,1,1.0
P-000399,2025-06-01,6,178.1,9.7,3,5,97.5,23.4,1,1.82
P-000399,2025-07-01,7,174.5,9.0,4,5,100.4,22.1,3,1.11
P-000399,2025-08-01,8,171.7,9.8,0,4,92.5,15.7,2,1.67
P-000399,2025-09-01,9,172.8,7.2,2,5,95.4,21.2,1,1.58
P-000399,2025-10-01,10,168.9,3.8,5,5,102.4,14.5,2,1.39
P-000399,2025-11-01,11,175.6,7.5,3,5,96.0,17.0,2,1.0
P-000399,2025-12-01,12,176.4,6.2,2,4,94.7,23.1,2,1.8
P-000400,2025-01-01,1,174.5,4.2,4,5,101.8,23.4,3,1.36
P-000400,2025-02-01,2,171.7,6.9,0,4,94.2,15.6,4,1.54
P-000400,2025-03-01,3,181.3,5.9,1,4,93.9,19.8,3,1.2
P-000400,2025-04-01,4,240.0,31.3,11,13,47.6,87.7,4,3.97
P-000400,2025-05-01,5,227.2,28.9,4,10,60.7,71.4,3,3.77
P-000400,2025-06-01,6,232.3,42.9,5,11,68.0,70.7,4,3.75
P-000400,2025-07-01,7,236.7,48.8,7,13,56.9,88.1,5,4.35
P-000400,2025-08-01,8,252.3,48.9,8,10,55.6,92.4,5,4.24
P-000400,2025-09-01,9,177.2,8.3,2,4,88.3,26.3,5,1.37
P-000400,2025-10-01,10,189.8,8.3,1,5,95.1,24.7,3,1.0
P-000400,2025-11-01,11,178.3,7.3,1,5,91.7,23.5,3,1.17
P-000400,2025-12-01,12,182.0,15.3,3,5,97.5,28.6,3,1.44
P-000401,2025-01-01,1,178.9,4.9,1,6,101.4,16.7,1,1.72
P-000401,2025-02-01,2,178.2,4.5,1,4,92.6,18.0,1,1.63
P-000401,2025-03-01,3,175.3,0.4,2,5,97.7,19.5,2,2.05
P-000401,2025-04-01,4,170.4,0.0,2,5,96.4,16.7,2,1.06
P-000401,2025-05-01,5,220.2,28.8,1,8,61.6,55.5,1,3.11
P-000401,2025-06-01,6,164.9,7.3,3,6,95.7,27.8,1,1.81
P-000401,2025-07-01,7,176.8,7.0,4,3,88.3,20.4,2,1.45
P-000401,2025-08-01,8,171.7,7.9,1,4,90.1,13.9,2,1.31
P-000401,2025-09-01,9,176.3,18.0,1,3,90.2,20.1,1,1.07
P-000401,2025-10-01,10,184.1,2.3,1,4,98.5,18.2,3,1.38
P-000401,2025-11-01,11,175.7,0.6,2,4,96.9,11.1,2,1.02
P-000401,2025-12-01,12,162.3,5.8,4,4,95.3,14.5,1,1.0
P-000402,2025-01-01,1,172.4,5.9,2,5,101.9,16.3,3,1.25
P-000402,2025-02-01,2,184.2,7.4,1,3,94.8,25.2,3,1.16
P-000402,2025-03-01,3,172.6,5.4,2,3,92.5,22.7,5,1.0
P-000402,2025-04-01,4,219.0,36.9,7,13,52.1,69.7,3,3.4
P-000402,2025-05-01,5,233.1,48.5,8,8,54.4,81.9,4,3.34
P-000402,2025-06-01,6,244.3,37.5,10,7,55.5,86.9,5,3.83
P-000402,2025-07-01,7,244.1,39.7,8,11,68.2,82.0,3,2.58
P-000402,2025-08-01,8,252.8,40.9,4,9,65.0,84.7,4,3.67
P-000402,2025-09-01,9,165.4,7.0,2,4,96.2,12.5,4,1.44
P-000402,2025-10-01,10,178.7,8.9,0,6,88.4,13.7,5,1.45
P-000402,2025-11-01,11,191.9,8.4,3,4,93.0,29.1,5,1.52
P-000402,2025-12-01,12,187.4,6.4,4,5,99.5,23.4,4,1.34
P-000403,2025-01-01,1,190.0,0.0,3,5,91.5,34.5,4,1.1
P-000403,2025-02-01,2,185.3,7.3,2,4,95.8,17.7,5,1.09
P-000403,2025-03-01,3,173.1,4.2,2,6,97.5,17.8,5,1.33
P-000403,2025-04-01,4,251.0,49.7,7,12,52.0,91.6,5,4.53
P-000403,2025-05-01,5,242.2,44.4,7,14,54.5,88.5,5,4.82
P-000403,2025-06-01,6,244.7,51.5,3,10,55.1,86.4,5,4.35
P-000403,2025-07-01,7,251.4,41.4,11,11,59.9,94.6,5,4.85
P-000403,2025-08-01,8,247.9,45.4,6,11,55.9,85.2,5,4.01
P-000403,2025-09-01,9,233.6,39.4,2,12,56.3,74.6,4,4.28
P-000403,2025-10-01,10,234.4,47.0,8,7,56.7,89.2,4,5.0
P-000403,2025-11-01,11,243.0,45.6,9,11,51.6,95.8,5,4.86
P-000403,2025-12-01,12,169.2,8.9,4,4,95.8,21.7,4,1.66
P-000404,2025-01-01,1,172.4,7.4,0,6,91.7,18.3,3,1.1
P-000404,2025-02-01,2,174.7,4.8,2,4,97.0,19.5,2,1.68
P-000404,2025-03-01,3,165.9,6.8,1,3,86.5,18.4,2,1.69
P-000404,2025-04-01,4,174.6,7.4,2,4,90.9,23.3,2,1.78
P-000404,2025-05-01,5,170.2,13.9,5,3,83.9,27.4,1,1.03
P-000404,2025-06-01,6,176.2,10.2,3,3,98.0,19.0,1,1.26
P-000404,2025-07-01,7,179.0,7.9,4,6,88.7,27.7,2,1.13
P-000404,2025-08-01,8,188.3,7.2,2,4,92.6,25.6,2,1.24
P-000404,2025-09-01,9,175.6,4.6,3,4,97.0,19.6,2,1.6
P-000404,2025-10-01,10,173.9,8.8,1,7,89.5,20.0,2,1.21
P-000404,2025-11-01,11,178.2,6.4,1,4,96.9,23.0,2,1.78
P-000404,2025-12-01,12,173.8,4.5,3,4,101.3,12.9,2,1.91
P-000405,2025-01-01,1,181.8,0.0,1,4,97.9,19.7,4,1.31
P-000405,2025-02-01,2,169.5,8.6,3,4,97.5,20.7,5,1.69
P-000405,2025-03-01,3,175.4,5.6,1,3,92.0,13.7,4,1.41
P-000405,2025-04-01,4,227.6,39.0,4,7,55.1,69.7,3,4.2
P-000405,2025-05-01,5,232.4,38.6,4,9,62.2,70.5,3,3.53
P-000405,2025-06-01,6,234.4,36.2,4,10,66.3,74.6,3,3.51
P-000405,2025-07-01,7,227.4,31.5,5,8,69.3,64.4,3,4.29
P-000405,2025-08-01,8,232.6,29.7,4,10,71.5,67.7,4,4.08
P-000405,2025-09-01,9,187.0,10.6,5,4,85.8,36.3,4,2.16
P-000405,2025-10-01,10,174.9,0.8,1,5,94.8,18.2,4,1.62
P-000405,2025-11-01,11,181.6,6.4,2,4,95.3,21.5,5,1.1
P-000405,2025-12-01,12,169.9,7.9,0,4,90.8,12.6,4,1.71
P-000406,2025-01-01,1,183.0,10.1,2,6,90.5,24.8,3,1.12
P-000406,2025-02-01,2,179.7,6.0,2,4,93.9,21.7,4,1.56
P-000406,2025-03-01,3,235.7,36.9,5,13,67.8,76.1,4,4.56
P-000406,2025-04-01,4,245.4,52.7,9,12,59.0,91.7,5,4.28
P-000406,2025-05-01,5,237.1,45.3,1,9,51.5,72.2,4,3.9
P-000406,2025-06-01,6,242.4,48.7,3,7,56.9,80.6,4,4.11
P-000406,2025-07-01,7,232.4,50.2,6,15,45.2,85.6,4,3.89
P-000406,2025-08-01,8,234.1,40.5,3,9,57.3,68.1,4,3.87
P-000406,2025-09-01,9,242.6,32.0,9,12,65.9,81.6,4,3.84
P-000406,2025-10-01,10,176.5,6.5,0,6,97.7,18.1,4,1.76
P-000406,2025-11-01,11,177.2,7.9,5,5,102.4,25.9,5,1.29
P-000406,2025-12-01,12,176.8,10.2,1,3,89.4,20.5,4,1.91
P-000407,2025-01-01,1,186.8,13.5,5,6,90.1,37.7,3,1.19
P-000407,2025-02-01,2,168.4,6.7,2,4,96.5,16.1,5,1.79
P-000407,2025-03-01,3,167.7,3.8,4,5,101.9,21.3,4,1.34
P-000407,2025-04-01,4,250.6,33.8,8,13,63.8,89.7,5,4.4
P-000407,2025-05-01,5,232.7,34.2,6,14,63.5,77.2,5,4.41
P-000407,2025-06-01,6,231.2,34.4,5,10,70.7,68.9,4,4.27
P-000407,2025-07-01,7,246.1,28.8,14,11,62.6,89.3,5,4.41
P-000407,2025-08-01,8,256.5,42.0,4,14,66.2,82.0,5,4.31
P-000407,2025-09-01,9,175.9,2.5,2,5,93.0,13.3,3,1.04
P-000407,2025-10-01,10,177.7,1.0,3,6,93.8,24.7,4,1.0
P-000407,2025-11-01,11,183.5,6.0,3,4,93.3,22.1,4,1.44
P-000407,2025-12-01,12,182.3,7.4,1,6,101.1,20.4,4,1.12
P-000408,2025-01-01,1,172.2,0.0,2,6,94.8,11.9,1,1.42
P-000408,2025-02-01,2,232.8,40.4,3,10,54.3,69.3,4,3.07
P-000408,2025-03-01,3,242.0,41.8,4,14,58.2,82.2,4,4.48
P-000408,2025-04-01,4,245.0,45.0,6,7,49.4,86.2,4,4.87
P-000408,2025-05-01,5,248.3,46.2,8,10,57.8,88.6,4,3.81
P-000408,2025-06-01,6,170.4,7.7,1,5,90.1,17.9,1,1.55
P-000408,2025-07-01,7,167.5,1.6,3,5,100.9,19.1,1,1.04
P-000408,2025-08-01,8,186.7,3.9,4,4,94.7,30.3,1,1.79
P-000408,2025-09-01,9,176.6,3.7,3,6,96.0,21.4,1,1.27
P-000408,2025-10-01,10,182.0,8.4,3,5,92.0,23.0,1,1.0
P-000408,2025-11-01,11,181.6,5.5,3,3,80.8,29.1,1,1.94
P-000408,2025-12-01,12,160.7,5.4,1,5,99.3,13.6,1,1.86
P-000409,2025-01-01,1,171.1,8.0,1,5,96.4,22.3,1,1.53
P-000409,2025-02-01,2,168.7,3.9,1,4,99.9,10.0,1,1.42
P-000409,2025-03-01,3,180.1,10.1,1,7,88.2,29.5,2,1.7
P-000409,2025-04-01,4,218.4,31.8,1,8,61.9,52.3,1,2.59
P-000409,2025-05-01,5,217.1,35.9,5,6,50.0,66.7,2,3.35
P-000409,2025-06-01,6,177.4,0.0,2,5,101.5,19.8,2,1.9
P-000409,2025-07-01,7,181.4,5.7,2,6,89.9,26.8,1,1.03
P-000409,2025-08-01,8,180.0,5.8,3,4,99.0,24.2,3,1.57
P-000409,2025-09-01,9,174.2,10.2,1,4,82.9,23.1,2,1.73
P-000409,2025-10-01,10,171.8,3.5,2,3,92.3,17.9,2,1.09
P-000409,2025-11-01,11,171.3,10.1,2,3,90.6,22.9,2,1.91
P-000409,2025-12-01,12,185.8,0.0,2,3,92.6,18.7,2,1.45
P-000410,2025-01-01,1,168.0,5.6,0,6,91.5,15.8,5,1.74
P-000410,2025-02-01,2,174.2,3.6,3,5,93.1,21.2,5,1.31
P-000410,2025-03-01,3,175.2,8.7,3,3,95.5,23.4,5,1.55
P-000410,2025-04-01,4,234.0,39.0,5,9,65.0,75.1,4,3.56
P-000410,2025-05-01,5,235.5,37.9,7,10,61.8,76.6,4,4.27
P-000410,2025-06-01,6,230.9,41.3,11,7,60.7,83.4,4,3.52
P-000410,2025-07-01,7,226.5,35.2,6,14,70.0,70.1,4,3.9
P-000410,2025-08-01,8,236.4,41.8,9,9,54.4,85.5,4,3.73
P-000410,2025-09-01,9,241.4,33.5,3,12,67.9,73.1,4,3.83
P-000410,2025-10-01,10,240.5,37.2,2,13,59.3,75.1,5,4.44
P-000410,2025-11-01,11,240.0,53.6,8,15,51.0,92.0,5,4.08
P-000410,2025-12-01,12,181.7,12.1,3,5,91.5,27.4,5,1.19
P-000411,2025-01-01,1,180.7,3.9,4,5,96.5,27.2,1,1.48
P-000411,2025-02-01,2,235.3,47.7,3,12,61.3,79.8,4,4.44
P-000411,2025-03-01,3,240.9,44.2,4,15,61.8,78.9,4,3.82
P-000411,2025-04-01,4,241.3,37.2,10,14,58.5,90.2,4,4.23
P-000411,2025-05-01,5,239.2,33.9,5,10,58.4,71.2,4,3.46
P-000411,2025-06-01,6,171.6,0.0,2,6,98.8,17.2,1,1.24
P-000411,2025-07-01,7,180.4,7.3,0,4,95.1,9.7,1,1.13
P-000411,2025-08-01,8,179.2,14.9,1,6,88.4,29.2,1,1.17
P-000411,2025-09-01,9,179.6,4.4,4,4,95.9,22.9,1,1.13
P-000411,2025-10-01,10,174.5,7.3,1,6,83.8,16.0,1,1.0
P-000411,2025-11-01,11,171.6,8.6,1,6,87.8,24.3,1,1.79
P-000411,2025-12-01,12,169.8,12.8,3,3,88.1,22.6,1,1.56
P-000412,2025-01-01,1,179.0,8.1,1,6,100.1,24.1,4,1.52
P-000412,2025-02-01,2,170.3,3.8,0,5,89.5,19.8,3,1.75
P-000412,2025-03-01,3,234.2,44.3,2,10,61.8,74.9,4,3.4
P-000412,2025-04-01,4,235.3,32.3,11,9,63.7,76.2,4,3.82
P-000412,2025-05-01,5,227.6,38.5,5,8,58.0,67.6,3,4.26
P-000412,2025-06-01,6,229.6,31.3,1,8,63.7,58.5,3,3.72
P-000412,2025-07-01,7,236.1,36.1,6,8,58.2,72.3,3,3.68
P-000412,2025-08-01,8,253.0,41.1,7,10,61.5,90.0,4,4.76
P-000412,2025-09-01,9,231.8,44.2,4,7,55.7,70.3,4,3.8
P-000412,2025-10-01,10,171.4,6.2,3,5,94.8,25.5,3,1.52
P-000412,2025-11-01,11,182.1,4.8,3,5,88.9,27.0,4,1.69
P-000412,2025-12-01,12,177.3,4.4,2,6,90.5,26.1,4,1.96
P-000413,2025-01-01,1,184.9,5.0,0,5,101.7,18.6,2,1.52
P-000413,2025-02-01,2,171.8,15.2,1,4,87.4,22.9,1,1.51
P-000413,2025-03-01,3,176.3,0.0,5,5,93.4,24.7,2,1.12
P-000413,2025-04-01,4,223.2,26.3,4,8,63.1,59.5,2,3.09
P-000413,2025-05-01,5,174.1,10.1,0,4,91.6,17.9,2,1.62
P-000413,2025-06-01,6,168.5,8.4,4,5,93.3,21.7,1,1.12
P-000413,2025-07-01,7,178.1,3.5,3,4,99.7,22.6,2,1.2
P-000413,2025-08-01,8,170.4,9.9,1,5,85.6,17.0,2,1.85
P-000413,2025-09-01,9,173.5,1.1,1,4,91.6,18.8,2,1.49
P-000413,2025-10-01,10,172.3,12.0,1,4,85.5,23.6,3,1.37
P-000413,2025-11-01,11,183.9,8.2,0,4,90.3,24.0,1,1.57
P-000413,2025-12-01,12,186.0,8.1,0,5,100.6,18.2,1,2.1
P-000414,2025-01-01,1,173.3,13.8,2,6,98.4,19.3,1,1.38
P-000414,2025-02-01,2,172.3,5.5,2,5,91.4,20.7,1,1.75
P-000414,2025-03-01,3,179.5,10.7,2,6,87.8,22.4,1,1.35
P-000414,2025-04-01,4,218.1,31.7,1,6,63.6,52.4,1,2.7
P-000414,2025-05-01,5,174.2,7.8,3,3,89.2,23.5,2,1.69
P-000414,2025-06-01,6,184.8,10.7,4,6,85.3,33.7,2,1.57
P-000414,2025-07-01,7,183.1,9.0,2,4,92.7,22.2,3,1.09
P-000414,2025-08-01,8,168.4,6.8,0,4,92.6,18.8,1,1.0
P-000414,2025-09-01,9,179.7,6.7,2,6,92.9,21.2,1,1.56
P-000414,2025-10-01,10,181.8,7.2,2,4,91.5,19.4,1,1.5
P-000414,2025-11-01,11,168.9,4.8,3,3,96.3,17.5,3,1.74
P-000414,2025-12-01,12,175.8,6.9,5,5,94.3,25.6,1,1.56
P-000415,2025-01-01,1,180.1,7.4,1,5,94.0,21.8,5,1.54
P-000415,2025-02-01,2,186.8,12.3,2,5,86.3,27.5,4,1.42
P-000415,2025-03-01,3,179.7,5.5,3,4,90.0,23.7,4,2.13
P-000415,2025-04-01,4,235.5,48.5,8,11,55.3,92.5,5,4.31
P-000415,2025-05-01,5,249.0,37.4,7,10,57.7,85.1,5,4.29
P-000415,2025-06-01,6,250.1,34.2,7,12,64.3,82.1,4,4.22
P-000415,2025-07-01,7,248.3,45.6,7,14,54.7,87.7,5,4.29
P-000415,2025-08-01,8,239.6,54.5,3,10,54.0,79.6,4,4.42
P-000415,2025-09-01,9,246.6,39.1,8,11,55.7,89.1,5,4.52
P-000415,2025-10-01,10,254.0,41.2,7,13,63.6,86.5,4,4.35
P-000415,2025-11-01,11,236.4,54.4,4,10,57.5,86.0,5,4.88
P-000415,2025-12-01,12,179.2,11.9,1,6,96.0,22.3,5,1.18
P-000416,2025-01-01,1,175.4,12.7,2,4,87.6,22.7,2,1.08
P-000416,2025-02-01,2,174.4,11.2,1,5,94.0,19.3,2,1.0
P-000416,2025-03-01,3,175.5,4.7,1,4,103.6,17.1,1,1.0
P-000416,2025-04-01,4,220.4,36.7,3,10,57.6,68.1,2,4.01
P-000416,2025-05-01,5,177.5,2.6,4,6,98.4,22.1,1,1.93
P-000416,2025-06-01,6,181.6,0.5,2,4,93.2,25.8,2,1.7
P-000416,2025-07-01,7,184.6,5.6,2,6,88.4,22.3,1,1.15
P-000416,2025-08-01,8,169.5,8.7,1,5,97.6,14.4,1,1.41
P-000416,2025-09-01,9,178.9,7.7,1,4,94.0,21.8,1,1.0
P-000416,2025-10-01,10,177.2,6.9,0,4,100.3,17.0,1,1.58
P-000416,2025-11-01,11,170.3,10.2,2,6,91.3,22.6,2,1.35
P-000416,2025-12-01,12,166.3,9.6,5,4,93.1,23.9,2,1.17
P-000417,2025-01-01,1,177.1,0.0,1,6,96.2,17.5,1,1.26
P-000417,2025-02-01,2,167.6,6.7,2,6,98.3,20.2,1,1.66
P-000417,2025-03-01,3,162.8,3.8,2,4,95.4,12.5,1,1.66
P-000417,2025-04-01,4,222.0,39.7,4,6,61.2,65.3,2,3.58
P-000417,2025-05-01,5,176.1,5.8,5,4,100.1,21.6,1,1.05
P-000417,2025-06-01,6,171.8,3.1,1,4,97.3,12.0,2,1.24
P-000417,2025-07-01,7,177.7,11.1,2,3,94.5,20.0,1,1.16
P-000417,2025-08-01,8,169.1,12.8,3,5,91.4,21.2,1,1.57
P-000417,2025-09-01,9,186.4,0.0,2,4,97.2,20.8,2,1.37
P-000417,2025-10-01,10,174.4,10.0,1,5,98.9,21.3,2,1.0
P-000417,2025-11-01,11,167.3,10.3,2,3,92.4,19.0,2,1.77
P-000417,2025-12-01,12,177.9,0.9,2,4,98.5,15.4,1,1.27
P-000418,2025-01-01,1,176.1,5.1,2,4,97.6,17.8,2,1.0
P-000418,2025-02-01,2,171.3,7.6,2,3,102.4,17.0,1,1.57
P-000418,2025-03-01,3,174.8,6.2,2,5,95.0,21.5,1,1.71
P-000418,2025-04-01,4,183.6,7.0,1,4,95.9,21.2,3,1.11
P-000418,2025-05-01,5,171.7,7.7,0,4,92.8,12.2,2,1.31
P-000418,2025-06-01,6,181.0,12.5,0,7,87.2,24.0,2,1.0
P-000418,2025-07-01,7,168.1,13.3,1,4,91.3,18.8,2,1.87
P-000418,2025-08-01,8,169.7,9.3,1,5,94.1,19.0,2,1.0
P-000418,2025-09-01,9,174.3,10.5,3,6,87.8,29.0,1,1.34
P-000418,2025-10-01,10,174.7,9.0,3,7,90.5,26.7,2,1.33
P-000418,2025-11-01,11,168.1,5.6,0,5,99.1,18.9,1,1.48
P-000418,2025-12-01,12,178.3,0.5,4,5,95.9,17.8,1,1.56
P-000419,2025-01-01,1,188.3,11.2,3,5,94.3,29.4,2,1.43
P-000419,2025-02-01,2,170.4,0.4,0,4,102.5,8.3,3,1.12
P-000419,2025-03-01,3,177.7,7.0,2,4,92.8,13.9,1,1.73
P-000419,2025-04-01,4,169.4,9.8,2,4,101.7,15.4,1,1.09
P-000419,2025-05-01,5,177.1,4.6,4,6,89.2,24.7,2,1.43
P-000419,2025-06-01,6,174.6,5.7,0,6,95.6,19.6,1,1.16
P-000419,2025-07-01,7,187.8,6.1,4,5,95.3,27.1,2,1.28
P-000419,2025-08-01,8,175.7,11.9,4,4,95.9,24.6,2,1.71
P-000419,2025-09-01,9,169.9,5.5,2,5,91.5,17.3,2,1.12
P-000419,2025-10-01,10,174.0,11.4,0,4,91.6,16.9,2,1.55
P-000419,2025-11-01,11,169.4,4.2,3,4,96.8,18.8,2,1.81
P-000419,2025-12-01,12,166.7,4.7,3,4,92.2,21.1,1,1.62
P-000420,2025-01-01,1,169.1,10.0,5,5,89.2,24.3,2,1.44
P-000420,2025-02-01,2,182.6,1.0,3,5,100.8,22.3,1,1.63
P-000420,2025-03-01,3,170.0,7.8,2,4,94.1,16.1,2,1.25
P-000420,2025-04-01,4,180.0,0.0,2,3,93.1,21.4,2,1.44
P-000420,2025-05-01,5,214.8,26.2,2,5,71.0,48.0,1,2.88
P-000420,2025-06-01,6,191.6,2.9,3,3,90.4,25.7,1,1.57
P-000420,2025-07-01,7,177.7,9.6,1,5,97.5,17.2,1,1.4
P-000420,2025-08-01,8,182.3,11.0,3,5,91.4,29.3,3,1.5
P-000420,2025-09-01,9,169.8,0.0,1,4,96.6,17.4,1,1.92
P-000420,2025-10-01,10,176.4,4.8,3,5,90.6,26.8,2,1.15
P-000420,2025-11-01,11,186.0,5.4,2,5,96.3,22.0,2,1.21
P-000420,2025-12-01,12,176.7,6.2,5,4,103.6,22.0,2,1.99
P-000421,2025-01-01,1,176.7,8.2,3,5,98.7,26.5,4,1.5
P-000421,2025-02-01,2,183.3,12.2,2,3,91.4,28.0,4,1.39
P-000421,2025-03-01,3,224.5,39.9,7,10,63.8,76.7,3,2.75
P-000421,2025-04-01,4,234.7,37.3,11,11,61.4,83.7,4,3.84
P-000421,2025-05-01,5,229.4,29.6,3,8,63.1,68.9,3,4.52
P-000421,2025-06-01,6,243.4,37.0,7,13,58.4,81.8,5,4.37
P-000421,2025-07-01,7,237.1,46.3,8,11,54.7,88.1,4,4.36
P-000421,2025-08-01,8,232.9,37.0,2,8,53.5,66.1,3,3.93
P-000421,2025-09-01,9,237.9,36.2,7,7,56.2,75.9,4,3.81
P-000421,2025-10-01,10,170.8,5.2,3,5,91.1,18.8,3,1.55
P-000421,2025-11-01,11,181.1,4.6,2,6,87.9,20.8,4,1.08
P-000421,2025-12-01,12,172.5,8.3,1,3,92.6,16.6,5,1.48
P-000422,2025-01-01,1,162.0,8.0,3,5,98.9,15.0,3,1.0
P-000422,2025-02-01,2,181.9,9.1,0,5,91.5,17.0,3,1.83
P-000422,2025-03-01,3,180.9,9.2,2,3,93.2,25.9,3,1.04
P-000422,2025-04-01,4,205.5,40.1,1,4,66.0,54.7,1,3.13
P-000422,2025-05-01,5,172.7,11.7,2,3,94.7,18.6,2,1.82
P-000422,2025-06-01,6,171.2,3.6,4,6,99.1,25.2,3,1.32
P-000422,2025-07-01,7,179.1,6.5,0,3,95.3,13.6,1,1.13
P-000422,2025-08-01,8,179.8,6.8,2,3,92.5,25.0,2,1.34
P-000422,2025-09-01,9,176.0,3.7,1,3,94.3,14.3,2,1.43
P-000422,2025-10-01,10,172.4,9.8,1,4,94.0,18.5,2,1.2
P-000422,2025-11-01,11,186.6,6.9,2,6,92.0,22.9,2,1.69
P-000422,2025-12-01,12,183.7,4.1,1,5,100.0,24.2,2,1.48
P-000423,2025-01-01,1,182.8,10.7,1,5,90.6,19.7,4,1.38
P-000423,2025-02-01,2,179.4,3.5,0,6,90.5,8.4,3,1.43
P-000423,2025-03-01,3,221.8,36.3,6,12,54.0,72.9,3,4.22
P-000423,2025-04-01,4,236.9,40.5,7,13,68.7,82.1,4,4.47
P-000423,2025-05-01,5,251.5,36.9,5,9,72.6,75.3,4,4.2
P-000423,2025-06-01,6,235.0,32.9,8,7,65.1,70.4,3,3.11
P-000423,2025-07-01,7,245.3,45.3,6,9,58.4,85.4,4,4.82
P-000423,2025-08-01,8,245.0,35.8,8,12,57.4,81.6,4,4.14
P-000423,2025-09-01,9,250.2,39.7,5,11,54.7,82.1,5,4.64
P-000423,2025-10-01,10,174.1,13.9,3,4,91.0,23.7,3,1.49
P-000423,2025-11-01,11,171.6,0.9,2,5,91.7,17.2,3,1.75
P-000423,2025-12-01,12,174.7,2.3,1,6,99.9,19.1,5,1.69
P-000424,2025-01-01,1,175.4,4.8,4,4,99.4,24.4,4,1.88
P-000424,2025-02-01,2,182.6,11.3,1,5,80.3,24.7,4,1.7
P-000424,2025-03-01,3,167.7,4.1,3,4,91.6,16.9,5,1.65
P-000424,2025-04-01,4,251.8,44.1,4,14,57.7,87.9,5,4.68
P-000424,2025-05-01,5,225.1,36.9,6,11,57.6,73.4,3,3.52
P-000424,2025-06-01,6,228.7,45.9,6,10,40.4,82.9,3,3.5
P-000424,2025-07-01,7,242.1,61.2,6,14,50.2,98.0,5,4.19
P-000424,2025-08-01,8,229.7,44.2,4,10,61.3,75.7,4,4.22
P-000424,2025-09-01,9,181.4,0.0,4,6,91.1,24.4,5,1.49
P-000424,2025-10-01,10,170.5,8.8,2,6,92.9,21.5,5,1.5
P-000424,2025-11-01,11,173.4,1.4,2,4,95.6,14.2,4,2.11
P-000424,2025-12-01,12,173.4,8.6,1,5,92.6,18.7,4,1.42
P-000425,2025-01-01,1,163.7,13.5,3,6,86.8,26.8,5,1.67
P-000425,2025-02-01,2,168.2,3.3,3,5,93.4,23.3,4,1.32
P-000425,2025-03-01,3,172.5,6.7,2,5,92.0,17.1,3,1.54
P-000425,2025-04-01,4,253.3,56.2,3,13,51.4,88.7,5,4.1
P-000425,2025-05-01,5,246.7,46.7,7,9,61.1,87.7,4,4.62
P-000425,2025-06-01,6,233.7,39.0,7,12,65.4,74.8,4,3.71
P-000425,2025-07-01,7,238.4,30.9,4,11,57.5,72.9,4,3.89
P-000425,2025-08-01,8,237.4,45.4,8,9,49.8,88.4,4,4.7
P-000425,2025-09-01,9,166.7,8.3,2,3,81.8,21.8,4,1.47
P-000425,2025-10-01,10,168.7,2.1,2,4,91.4,14.5,4,1.0
P-000425,2025-11-01,11,184.0,13.3,0,6,94.5,21.3,5,1.81
P-000425,2025-12-01,12,180.0,7.6,0,4,91.5,19.2,3,1.73
P-000426,2025-01-01,1,181.0,7.0,2,4,97.4,24.7,1,1.45
P-000426,2025-02-01,2,168.5,10.1,0,5,95.8,15.5,2,1.7
P-000426,2025-03-01,3,181.7,12.2,2,3,95.7,22.4,1,1.52
P-000426,2025-04-01,4,231.7,27.3,7,11,61.4,75.4,3,3.93
P-000426,2025-05-01,5,226.6,41.9,7,6,53.8,77.4,2,4.12
P-000426,2025-06-01,6,175.5,9.1,3,4,87.6,26.6,2,1.66
P-000426,2025-07-01,7,175.5,5.6,5,4,91.1,26.5,2,1.28
P-000426,2025-08-01,8,178.3,2.7,5,6,91.0,24.1,2,1.0
P-000426,2025-09-01,9,175.0,7.7,1,4,99.3,12.9,1,1.26
P-000426,2025-10-01,10,166.5,3.4,4,4,97.3,20.1,2,1.95
P-000426,2025-11-01,11,172.4,4.5,1,4,92.9,15.1,2,2.14
P-000426,2025-12-01,12,186.6,0.4,0,6,95.9,22.1,1,1.91
P-000427,2025-01-01,1,165.2,12.0,2,3,99.0,19.3,2,1.0
P-000427,2025-02-01,2,172.0,5.8,3,6,91.5,26.4,2,1.54
P-000427,2025-03-01,3,169.6,2.1,3,4,87.9,21.6,2,1.37
P-000427,2025-04-01,4,176.4,0.0,3,6,95.9,20.7,2,1.18
P-000427,2025-05-01,5,183.1,4.1,2,4,94.4,20.4,2,1.57
P-000427,2025-06-01,6,237.5,49.6,4,13,53.7,83.5,4,4.4
P-000427,2025-07-01,7,231.2,42.4,7,7,53.6,77.4,4,4.13
P-000427,2025-08-01,8,181.2,0.0,1,3,96.3,14.8,2,2.07
P-000427,2025-09-01,9,180.5,5.3,2,5,94.4,23.6,2,1.52
P-000427,2025-10-01,10,190.9,10.5,2,4,87.3,31.8,2,1.76
P-000427,2025-11-01,11,165.6,10.1,1,4,90.1,16.5,2,1.08
P-000427,2025-12-01,12,179.7,8.1,5,4,93.1,22.5,2,1.22
P-000428,2025-01-01,1,180.9,4.4,2,4,87.1,27.2,4,1.69
P-000428,2025-02-01,2,178.9,0.0,1,4,93.6,14.1,5,1.42
P-000428,2025-03-01,3,235.1,33.1,2,8,61.9,62.0,3,3.79
P-000428,2025-04-01,4,227.9,51.2,6,12,53.0,80.1,4,3.67
P-000428,2025-05-01,5,231.1,44.2,6,10,51.2,81.2,3,4.3
P-000428,2025-06-01,6,242.5,30.3,8,12,63.3,83.8,4,4.56
P-000428,2025-07-01,7,244.5,47.8,5,16,59.7,84.6,5,4.45
P-000428,2025-08-01,8,246.9,36.4,12,12,52.6,97.1,5,3.65
P-000428,2025-09-01,9,235.3,52.6,5,8,56.0,88.6,4,4.14
P-000428,2025-10-01,10,174.9,8.9,2,4,89.9,16.6,4,1.53
P-000428,2025-11-01,11,175.4,2.9,0,5,94.5,18.7,3,1.0
P-000428,2025-12-01,12,176.0,0.0,3,4,94.9,20.7,4,1.4
P-000429,2025-01-01,1,176.3,6.5,1,6,90.2,17.2,5,1.6
P-000429,2025-02-01,2,180.1,5.1,4,3,89.7,31.2,5,1.77
P-000429,2025-03-01,3,175.6,14.2,3,5,95.9,22.0,5,1.65
P-000429,2025-04-01,4,252.5,52.2,13,11,55.4,98.0,5,4.77
P-000429,2025-05-01,5,246.4,48.2,7,9,50.3,87.7,5,4.61
P-000429,2025-06-01,6,247.3,49.1,8,12,54.7,94.2,5,4.55
P-000429,2025-07-01,7,231.8,51.5,8,8,42.8,93.0,4,4.33
P-000429,2025-08-01,8,249.9,51.4,2,11,55.0,85.1,4,4.18
P-000429,2025-09-01,9,249.7,54.1,6,12,58.7,92.4,5,4.88
P-000429,2025-10-01,10,232.4,44.5,7,14,52.8,82.5,4,4.0
P-000429,2025-11-01,11,248.7,47.9,5,13,61.3,88.0,4,4.18
P-000429,2025-12-01,12,166.1,10.3,1,3,88.8,22.0,5,1.26
P-000430,2025-01-01,1,171.3,5.2,3,3,96.1,18.8,4,1.63
P-000430,2025-02-01,2,187.2,5.5,2,5,91.7,22.3,4,1.15
P-000430,2025-03-01,3,230.6,28.7,5,10,66.0,67.0,3,3.32
P-000430,2025-04-01,4,216.0,44.0,3,7,52.8,68.9,3,3.75
P-000430,2025-05-01,5,248.5,44.4,5,13,55.3,86.1,5,4.48
P-000430,2025-06-01,6,228.6,34.9,3,6,57.3,66.6,3,4.32
P-000430,2025-07-01,7,239.6,22.2,5,7,67.3,65.4,4,3.81
P-000430,2025-08-01,8,239.1,39.6,5,9,59.0,81.2,3,3.91
P-000430,2025-09-01,9,230.5,34.3,10,13,59.3,81.7,4,4.09
P-000430,2025-10-01,10,173.1,3.7,2,5,90.4,16.9,4,1.46
P-000430,2025-11-01,11,184.8,2.3,1,5,100.0,21.4,3,1.14
P-000430,2025-12-01,12,177.8,0.0,1,3,93.7,22.9,4,1.16
P-000431,2025-01-01,1,180.9,4.8,4,6,99.6,27.5,3,1.74
P-000431,2025-02-01,2,177.1,7.0,2,7,94.5,25.3,5,1.49
P-000431,2025-03-01,3,237.6,39.0,9,9,60.8,81.2,4,2.75
P-000431,2025-04-01,4,230.8,37.5,10,9,54.4,82.7,4,3.44
P-000431,2025-05-01,5,239.6,39.0,10,10,49.4,88.3,4,4.35
P-000431,2025-06-01,6,246.9,38.0,4,11,65.0,76.1,5,4.07
P-000431,2025-07-01,7,246.2,39.5,6,7,51.0,81.9,4,4.09
P-000431,2025-08-01,8,237.5,30.1,5,12,58.2,74.4,3,4.27
P-000431,2025-09-01,9,242.9,44.9,4,9,44.7,78.0,4,3.67
P-000431,2025-10-01,10,163.7,4.1,3,4,96.5,15.6,4,1.83
P-000431,2025-11-01,11,170.6,6.9,5,4,90.3,26.0,5,1.0
P-000431,2025-12-01,12,177.9,14.3,1,6,94.9,25.1,3,1.76
P-000432,2025-01-01,1,179.6,1.4,0,3,89.9,8.6,4,1.0
P-000432,2025-02-01,2,171.0,5.8,2,7,93.8,18.6,3,1.22
P-000432,2025-03-01,3,233.5,47.0,2,10,52.3,73.1,4,4.21
P-000432,2025-04-01,4,234.4,31.8,3,5,63.6,70.1,3,3.57
P-000432,2025-05-01,5,225.4,41.6,6,6,63.5,71.2,4,4.41
P-000432,2025-06-01,6,239.5,51.2,9,6,54.7,88.4,4,4.05
P-000432,2025-07-01,7,239.0,40.1,6,8,61.5,78.2,4,3.95
P-000432,2025-08-01,8,225.1,52.1,5,10,49.6,76.2,4,3.42
P-000432,2025-09-01,9,240.7,24.7,4,6,65.8,65.4,4,4.67
P-000432,2025-10-01,10,170.3,2.2,2,5,90.3,20.3,5,1.34
P-000432,2025-11-01,11,171.0,6.9,3,5,95.9,22.3,5,1.13
P-000432,2025-12-01,12,180.1,12.4,1,5,94.1,24.3,4,1.32
P-000433,2025-01-01,1,172.7,0.3,1,7,94.0,17.4,3,1.57
P-000433,2025-02-01,2,179.5,9.3,4,5,95.9,23.0,2,1.6
P-000433,2025-03-01,3,169.5,2.8,3,7,90.4,24.9,3,1.34
P-000433,2025-04-01,4,184.6,9.3,3,4,90.0,29.0,2,1.39
P-000433,2025-05-01,5,173.3,8.8,5,6,91.6,28.9,1,1.0
P-000433,2025-06-01,6,176.6,3.4,4,5,89.4,26.1,2,1.1
P-000433,2025-07-01,7,171.9,0.0,1,4,92.9,19.6,2,1.57
P-000433,2025-08-01,8,188.2,10.9,5,4,89.8,30.8,3,1.51
P-000433,2025-09-01,9,179.4,6.4,3,3,91.3,24.1,3,1.72
P-000433,2025-10-01,10,172.5,5.5,4,6,91.7,25.9,1,1.31
P-000433,2025-11-01,11,171.8,8.8,0,4,89.2,18.4,2,1.74
P-000433,2025-12-01,12,169.6,11.4,4,4,88.4,27.3,1,1.24
P-000434,2025-01-01,1,178.6,9.6,1,5,91.7,23.0,2,2.08
P-000434,2025-02-01,2,187.0,2.7,2,6,91.9,22.6,2,1.65
P-000434,2025-03-01,3,173.6,0.0,2,4,93.6,18.9,2,1.67
P-000434,2025-04-01,4,175.8,3.6,1,4,95.7,20.0,2,1.97
P-000434,2025-05-01,5,186.3,3.8,3,4,91.1,30.9,2,2.06
P-000434,2025-06-01,6,240.8,31.3,7,8,62.7,79.7,4,3.51
P-000434,2025-07-01,7,237.5,50.2,8,12,50.6,92.3,4,4.34
P-000434,2025-08-01,8,183.7,12.8,3,4,89.9,30.6,2,1.59
P-000434,2025-09-01,9,175.4,5.4,3,4,90.3,20.1,2,1.11
P-000434,2025-10-01,10,186.3,4.7,2,5,88.7,30.2,2,1.43
P-000434,2025-11-01,11,178.2,4.0,1,3,91.4,17.3,2,1.59
P-000434,2025-12-01,12,177.6,9.8,1,4,90.8,19.1,2,1.4
P-000435,2025-01-01,1,187.1,1.2,1,4,95.9,16.6,1,1.63
P-000435,2025-02-01,2,168.7,1.2,3,5,101.9,18.4,1,1.2
P-000435,2025-03-01,3,178.3,5.1,1,5,96.7,19.9,1,1.25
P-000435,2025-04-01,4,170.1,1.4,2,6,95.5,18.0,2,1.46
P-000435,2025-05-01,5,222.7,33.7,4,7,64.8,67.1,2,3.68
P-000435,2025-06-01,6,178.2,7.2,1,4,90.6,14.7,2,1.41
P-000435,2025-07-01,7,182.7,2.3,1,6,96.2,23.5,1,1.54
P-000435,2025-08-01,8,174.3,9.1,2,4,92.8,26.9,2,1.77
P-000435,2025-09-01,9,177.5,0.8,4,4,90.5,21.5,2,1.68
P-000435,2025-10-01,10,171.2,1.4,1,5,93.1,8.8,1,1.2
P-000435,2025-11-01,11,171.5,8.8,2,5,87.1,17.5,1,2.04
P-000435,2025-12-01,12,175.2,3.9,3,3,99.5,18.0,1,1.49
P-000436,2025-01-01,1,178.7,7.6,2,3,93.0,21.1,1,1.68
P-000436,2025-02-01,2,239.0,43.5,4,13,56.1,83.9,4,3.96
P-000436,2025-03-01,3,229.3,38.0,8,7,60.7,78.3,4,3.81
P-000436,2025-04-01,4,243.3,25.1,7,10,67.2,76.3,4,4.32
P-000436,2025-05-01,5,240.6,35.1,6,11,64.1,75.0,4,4.1
P-000436,2025-06-01,6,178.8,6.8,5,5,85.6,27.4,1,1.36
P-000436,2025-07-01,7,170.3,6.5,2,3,87.2,13.7,1,1.3
P-000436,2025-08-01,8,167.2,8.8,4,6,89.3,21.4,1,2.05
P-000436,2025-09-01,9,184.2,10.4,0,4,84.5,20.0,1,1.34
P-000436,2025-10-01,10,173.7,9.6,0,4,91.5,23.9,1,1.4
P-000436,2025-11-01,11,178.3,6.9,2,5,97.6,19.2,1,1.83
P-000436,2025-12-01,12,174.1,11.3,0,5,92.6,20.6,1,1.01
P-000437,2025-01-01,1,178.6,13.0,1,4,90.7,23.5,5,1.02
P-000437,2025-02-01,2,188.0,3.6,1,6,94.8,18.2,4,1.35
P-000437,2025-03-01,3,176.1,9.7,1,4,85.5,26.8,5,1.72
P-000437,2025-04-01,4,236.4,36.9,5,8,69.6,72.3,4,3.8
P-000437,2025-05-01,5,237.6,37.0,3,11,62.4,80.8,4,4.59
P-000437,2025-06-01,6,235.7,34.5,6,10,60.5,76.4,5,4.28
P-000437,2025-07-01,7,247.0,48.7,13,11,51.9,97.0,5,4.64
P-000437,2025-08-01,8,244.0,46.2,4,15,57.7,81.6,5,3.95
P-000437,2025-09-01,9,242.5,38.3,7,11,60.0,80.8,4,4.03
P-000437,2025-10-01,10,245.7,53.6,13,13,50.3,98.0,5,4.29
P-000437,2025-11-01,11,250.4,51.2,6,11,65.2,86.6,5,4.21
P-000437,2025-12-01,12,167.7,6.5,1,5,89.3,14.8,5,1.09
P-000438,2025-01-01,1,169.3,0.3,3,5,92.1,19.2,1,1.63
P-000438,2025-02-01,2,233.5,54.2,1,14,55.9,72.5,4,4.04
P-000438,2025-03-01,3,230.3,31.0,9,8,61.8,75.6,4,3.8
P-000438,2025-04-01,4,241.5,42.7,7,11,56.2,83.7,4,4.2
P-000438,2025-05-01,5,231.9,38.7,6,9,60.1,77.3,4,3.82
P-000438,2025-06-01,6,182.2,1.3,1,6,93.9,20.4,1,1.0
P-000438,2025-07-01,7,182.8,11.7,3,3,92.5,24.9,1,1.49
P-000438,2025-08-01,8,177.9,4.1,3,5,96.7,17.8,1,1.27
P-000438,2025-09-01,9,180.9,9.7,4,5,95.4,28.2,1,1.45
P-000438,2025-10-01,10,172.9,6.1,1,5,90.4,12.1,1,1.0
P-000438,2025-11-01,11,176.3,0.0,1,4,85.8,18.2,1,1.41
P-000438,2025-12-01,12,181.4,8.0,0,6,89.1,18.3,1,1.0
P-000439,2025-01-01,1,180.5,1.4,1,5,96.0,14.4,5,1.25
P-000439,2025-02-01,2,188.2,3.6,3,4,97.4,24.4,4,1.48
P-000439,2025-03-01,3,185.3,5.7,0,6,98.2,15.4,4,1.36
P-000439,2025-04-01,4,247.3,53.4,9,14,52.7,96.2,4,4.2
P-000439,2025-05-01,5,237.4,36.2,6,12,60.3,81.4,4,4.23
P-000439,2025-06-01,6,241.2,42.8,10,8,46.9,89.3,5,4.43
P-000439,2025-07-01,7,242.2,45.9,9,9,48.1,90.2,5,4.15
P-000439,2025-08-01,8,220.0,37.0,10,7,54.1,79.2,4,4.17
P-000439,2025-09-01,9,232.4,43.3,8,7,54.2,82.4,4,3.84
P-000439,2025-10-01,10,233.4,36.6,3,11,54.1,71.4,4,4.24
P-000439,2025-11-01,11,245.8,36.1,1,12,60.7,75.6,5,4.95
P-000439,2025-12-01,12,177.2,6.0,1,4,92.7,14.9,5,1.0
P-000440,2025-01-01,1,191.7,1.9,2,4,90.3,21.7,4,1.0
P-000440,2025-02-01,2,172.7,10.4,2,5,81.8,21.2,4,1.3
P-000440,2025-03-01,3,176.8,5.5,1,4,86.6,19.1,3,1.62
P-000440,2025-04-01,4,235.5,42.6,6,11,52.8,82.9,4,4.48
P-000440,2025-05-01,5,225.5,44.4,6,6,51.8,76.6,3,4.04
P-000440,2025-06-01,6,232.0,36.1,5,10,57.8,71.5,3,4.23
P-000440,2025-07-01,7,253.0,41.6,7,14,54.8,92.9,5,5.0
P-000440,2025-08-01,8,244.9,45.9,8,9,58.4,87.3,4,4.05
P-000440,2025-09-01,9,179.1,0.0,2,3,96.1,12.2,3,1.52
P-000440,2025-10-01,10,178.7,7.6,0,5,87.2,22.6,4,2.16
P-000440,2025-11-01,11,179.9,3.7,0,4,99.8,17.0,5,1.35
P-000440,2025-12-01,12,174.1,8.3,5,6,89.8,33.8,4,1.12
P-000441,2025-01-01,1,173.7,4.6,3,4,90.1,22.7,1,1.76
P-000441,2025-02-01,2,163.8,9.8,4,6,101.2,21.1,2,1.45
P-000441,2025-03-01,3,184.7,7.1,0,4,91.8,24.6,2,1.52
P-000441,2025-04-01,4,177.6,4.6,0,3,97.3,18.3,3,1.27
P-000441,2025-05-01,5,227.5,34.2,7,8,63.7,66.1,2,3.16
P-000441,2025-06-01,6,180.0,7.0,1,7,89.0,17.8,2,1.74
P-000441,2025-07-01,7,178.4,0.0,2,3,98.0,13.6,1,1.0
P-000441,2025-08-01,8,169.6,5.4,2,5,96.0,18.0,1,1.0
P-000441,2025-09-01,9,171.1,10.9,3,5,98.4,16.6,2,1.09
P-000441,2025-10-01,10,173.6,0.1,2,3,100.5,15.4,1,1.95
P-000441,2025-11-01,11,166.6,2.9,1,5,92.2,17.8,1,1.27
P-000441,2025-12-01,12,175.1,10.4,2,5,96.6,22.5,2,1.77
P-000442,2025-01-01,1,176.0,7.4,4,5,88.8,24.6,4,1.49
P-000442,2025-02-01,2,167.2,2.5,4,5,90.2,22.5,3,1.48
P-000442,2025-03-01,3,172.1,3.3,2,5,97.8,20.0,3,1.62
P-000442,2025-04-01,4,232.2,39.4,4,10,60.5,73.9,4,4.1
P-000442,2025-05-01,5,236.5,34.6,6,9,59.1,73.3,4,3.34
P-000442,2025-06-01,6,233.5,34.2,6,11,66.6,71.3,3,2.94
P-000442,2025-07-01,7,243.8,52.5,3,12,62.8,82.3,4,4.22
P-000442,2025-08-01,8,233.3,33.4,3,8,74.9,66.0,3,4.22
P-000442,2025-09-01,9,178.4,7.8,0,4,97.8,18.6,3,1.82
P-000442,2025-10-01,10,178.3,3.3,2,4,98.0,20.8,4,1.0
P-000442,2025-11-01,11,174.4,2.7,3,4,94.4,17.7,3,1.58
P-000442,2025-12-01,12,179.4,0.3,3,5,94.0,20.1,4,1.0
P-000443,2025-01-01,1,181.1,1.7,4,3,98.5,21.4,4,1.18
P-000443,2025-02-01,2,176.0,3.7,0,7,88.8,21.1,3,1.4
P-000443,2025-03-01,3,162.9,4.2,2,5,97.0,11.9,3,1.44
P-000443,2025-04-01,4,241.9,39.0,9,14,62.0,86.4,5,4.19
P-000443,2025-05-01,5,234.6,29.7,5,9,62.9,72.7,4,3.91
P-000443,2025-06-01,6,231.2,44.2,4,8,65.7,74.5,4,4.58
P-000443,2025-07-01,7,240.6,30.4,7,9,67.0,76.7,4,4.41
P-000443,2025-08-01,8,244.4,40.5,12,13,54.8,88.3,4,4.32
P-000443,2025-09-01,9,185.2,11.6,2,5,84.7,32.5,4,1.62
P-000443,2025-10-01,10,189.1,10.4,2,4,85.7,30.8,5,1.21
P-000443,2025-11-01,11,169.2,0.8,4,5,87.6,16.3,3,1.05
P-000443,2025-12-01,12,175.0,2.9,5,6,90.9,23.1,5,1.72
P-000444,2025-01-01,1,184.1,12.1,1,3,94.2,18.7,1,1.43
P-000444,2025-02-01,2,183.7,4.9,0,5,94.6,20.8,1,1.28
P-000444,2025-03-01,3,174.9,8.6,4,7,91.9,29.0,1,1.68
P-000444,2025-04-01,4,165.2,9.5,5,7,94.9,21.9,1,1.53
P-000444,2025-05-01,5,186.1,3.2,2,7,92.8,28.3,1,1.0
P-000444,2025-06-01,6,183.5,5.2,1,6,96.9,16.7,1,1.06
P-000444,2025-07-01,7,173.5,8.2,0,6,91.1,17.7,1,1.45
P-000444,2025-08-01,8,174.2,14.3,0,5,88.9,15.2,1,1.43
P-000444,2025-09-01,9,178.6,5.1,3,5,90.6,22.7,2,1.94
P-000444,2025-10-01,10,175.5,2.7,0,5,90.2,16.0,2,1.12
P-000444,2025-11-01,11,166.5,11.6,3,4,93.6,22.9,1,1.25
P-000444,2025-12-01,12,180.6,1.7,2,5,92.2,20.4,1,1.0
P-000445,2025-01-01,1,168.7,10.5,1,3,92.3,20.3,3,1.6
P-000445,2025-02-01,2,167.8,11.7,3,4,91.6,26.5,2,1.39
P-000445,2025-03-01,3,172.6,16.6,4,5,99.9,26.2,1,1.45
P-000445,2025-04-01,4,225.7,29.6,2,5,65.2,56.4,1,2.87
P-000445,2025-05-01,5,174.8,9.6,2,4,87.4,20.2,2,1.45
P-000445,2025-06-01,6,174.7,8.8,1,4,91.0,20.3,2,1.57
P-000445,2025-07-01,7,161.4,8.7,4,5,99.1,17.3,2,1.0
P-000445,2025-08-01,8,174.6,6.4,5,4,97.1,25.6,2,1.02
P-000445,2025-09-01,9,167.3,5.6,0,3,94.9,7.7,1,1.45
P-000445,2025-10-01,10,171.1,0.3,5,5,102.6,24.6,1,1.58
P-000445,2025-11-01,11,176.0,0.0,1,5,86.1,21.4,2,1.26
P-000445,2025-12-01,12,182.0,9.5,0,4,92.1,22.5,2,1.54
P-000446,2025-01-01,1,178.7,11.2,1,5,92.5,20.0,2,1.27
P-000446,2025-02-01,2,174.0,9.9,1,3,94.9,21.9,2,1.56
P-000446,2025-03-01,3,171.7,0.0,1,5,93.5,23.0,2,1.66
P-000446,2025-04-01,4,238.8,13.1,1,5,68.8,62.6,3,4.11
P-000446,2025-05-01,5,181.2,4.4,2,5,96.3,28.3,1,1.2
P-000446,2025-06-01,6,162.2,0.9,1,4,95.3,12.0,2,1.14
P-000446,2025-07-01,7,176.2,7.7,2,3,89.1,13.6,1,1.13
P-000446,2025-08-01,8,172.1,0.0,2,5,91.5,22.5,2,1.51
P-000446,2025-09-01,9,176.5,7.4,4,4,87.4,19.2,2,1.24
P-000446,2025-10-01,10,173.9,13.8,2,5,91.5,22.5,2,1.23
P-000446,2025-11-01,11,175.8,3.9,3,4,97.4,18.0,2,1.32
P-000446,2025-12-01,12,168.3,11.4,2,7,90.6,19.5,2,1.36
P-000447,2025-01-01,1,177.0,4.8,1,6,95.1,23.1,5,1.35
P-000447,2025-02-01,2,171.9,7.7,2,6,93.8,20.7,5,1.52
P-000447,2025-03-01,3,184.4,3.9,2,3,94.7,24.6,5,1.93
P-000447,2025-04-01,4,247.8,30.6,11,11,62.7,98.0,5,5.0
P-000447,2025-05-01,5,242.4,50.6,6,8,55.6,85.7,5,4.24
P-000447,2025-06-01,6,242.9,43.9,7,10,64.2,88.9,5,4.77
P-000447,2025-07-01,7,246.4,52.2,7,8,54.6,87.7,5,3.8
P-000447,2025-08-01,8,247.3,38.7,5,7,53.4,85.7,5,4.97
P-000447,2025-09-01,9,236.6,50.0,7,6,56.7,85.3,5,5.0
P-000447,2025-10-01,10,245.8,45.4,8,12,57.9,92.0,5,4.79
P-000447,2025-11-01,11,236.9,36.2,4,9,54.6,68.9,4,4.14
P-000447,2025-12-01,12,192.3,11.0,3,3,90.9,30.7,5,1.58
P-000448,2025-01-01,1,174.0,11.1,2,5,89.3,23.0,4,1.2
P-000448,2025-02-01,2,185.0,3.8,3,4,95.0,30.9,4,1.72
P-000448,2025-03-01,3,238.7,31.7,6,9,66.0,73.5,4,4.41
P-000448,2025-04-01,4,241.6,36.7,10,8,56.8,88.0,4,3.64
P-000448,2025-05-01,5,227.9,37.1,5,9,68.0,70.4,3,3.37
P-000448,2025-06-01,6,228.4,38.2,5,8,56.8,71.2,3,3.83
P-000448,2025-07-01,7,251.5,35.8,7,10,59.5,82.4,4,4.29
P-000448,2025-08-01,8,249.1,46.9,1,12,55.5,79.9,4,4.14
P-000448,2025-09-01,9,228.4,35.0,6,9,60.6,77.4,3,3.69
P-000448,2025-10-01,10,185.1,8.3,3,5,92.7,25.3,4,1.81
P-000448,2025-11-01,11,174.5,3.6,3,4,101.6,18.8,4,1.72
P-000448,2025-12-01,12,167.0,5.3,1,6,89.8,14.8,4,1.6
P-000449,2025-01-01,1,177.1,6.0,2,5,93.1,16.0,5,1.68
P-000449,2025-02-01,2,174.3,6.2,1,4,85.2,14.1,4,1.0
P-000449,2025-03-01,3,175.1,12.4,2,4,82.7,21.3,5,1.4
P-000449,2025-04-01,4,242.1,33.1,5,9,49.3,80.9,5,5.0
P-000449,2025-05-01,5,238.3,49.4,7,9,48.3,84.8,3,3.56
P-000449,2025-06-01,6,231.8,31.5,7,12,66.3,72.1,3,3.14
P-000449,2025-07-01,7,238.8,34.3,5,11,63.7,74.4,4,3.49
P-000449,2025-08-01,8,253.1,45.1,13,13,56.5,98.0,5,4.6
P-000449,2025-09-01,9,186.8,14.6,2,5,93.3,22.7,5,1.23
P-000449,2025-10-01,10,180.1,0.5,3,4,85.1,27.3,3,1.31
P-000449,2025-11-01,11,174.8,10.1,1,3,85.0,22.5,3,1.23
P-000449,2025-12-01,12,175.3,4.5,2,4,94.1,16.9,4,1.81
P-000450,2025-01-01,1,172.7,9.3,3,5,101.5,21.1,5,1.62
P-000450,2025-02-01,2,167.7,10.1,0,4,88.1,18.3,3,1.09
P-000450,2025-03-01,3,236.3,41.5,4,9,60.9,79.9,4,4.27
P-000450,2025-04-01,4,239.4,50.8,7,13,61.3,84.6,5,4.42
P-000450,2025-05-01,5,245.6,35.9,4,10,59.1,80.9,4,4.57
P-000450,2025-06-01,6,247.5,44.7,7,10,53.4,84.4,4,4.09
P-000450,2025-07-01,7,227.6,39.6,1,9,67.0,66.4,3,3.67
P-000450,2025-08-01,8,243.4,49.1,8,13,49.4,92.7,5,4.6
P-000450,2025-09-01,9,242.8,41.9,9,12,55.6,94.4,4,4.88
P-000450,2025-10-01,10,173.6,4.9,2,5,98.9,14.7,4,1.3
P-000450,2025-11-01,11,182.4,5.1,1,4,93.6,20.1,3,1.09
P-000450,2025-12-01,12,182.4,0.0,4,5,92.2,24.9,5,1.3
P-000451,2025-01-01,1,172.5,9.0,5,6,90.8,33.6,4,1.66
P-000451,2025-02-01,2,170.7,9.3,3,5,94.8,22.3,5,1.0
P-000451,2025-03-01,3,173.6,4.4,2,4,93.6,15.0,3,1.82
P-000451,2025-04-01,4,244.4,48.1,11,8,52.5,90.4,3,3.94
P-000451,2025-05-01,5,241.8,43.5,5,9,62.5,80.2,5,4.41
P-000451,2025-06-01,6,240.5,44.2,6,13,57.9,82.4,5,5.0
P-000451,2025-07-01,7,243.4,48.6,7,10,53.3,93.2,4,4.13
P-000451,2025-08-01,8,251.7,49.2,6,12,60.1,90.8,5,4.59
P-000451,2025-09-01,9,183.0,10.7,3,4,96.5,22.6,4,1.19
P-000451,2025-10-01,10,177.2,6.8,1,6,87.8,20.4,5,1.83
P-000451,2025-11-01,11,182.6,5.7,3,5,93.3,22.3,4,1.62
P-000451,2025-12-01,12,170.9,14.3,4,6,94.3,24.9,4,1.18
P-000452,2025-01-01,1,177.4,7.9,0,4,96.9,16.5,5,1.19
P-000452,2025-02-01,2,175.6,13.5,4,5,92.7,27.7,4,1.49
P-000452,2025-03-01,3,168.5,10.4,2,5,91.6,20.7,4,1.51
P-000452,2025-04-01,4,221.0,36.4,5,10,67.8,70.8,3,3.53
P-000452,2025-05-01,5,245.5,41.4,10,9,55.3,91.5,4,3.61
P-000452,2025-06-01,6,226.9,39.7,7,10,56.9,75.6,3,3.82
P-000452,2025-07-01,7,247.7,39.6,5,12,52.8,81.6,5,4.65
P-000452,2025-08-01,8,221.1,42.9,5,12,64.4,76.3,3,3.6
P-000452,2025-09-01,9,180.7,10.5,3,4,88.9,30.4,3,1.58
P-000452,2025-10-01,10,175.1,7.2,0,3,92.6,10.1,4,1.31
P-000452,2025-11-01,11,178.6,7.6,2,4,96.7,16.9,5,1.18
P-000452,2025-12-01,12,175.3,11.0,1,4,83.6,22.5,3,1.55
P-000453,2025-01-01,1,171.7,1.0,3,4,91.6,14.1,4,1.42
P-000453,2025-02-01,2,174.4,10.7,2,5,88.0,23.9,4,1.29
P-000453,2025-03-01,3,237.8,41.3,9,8,55.2,83.7,4,4.18
P-000453,2025-04-01,4,240.2,39.2,7,9,61.3,71.3,4,2.89
P-000453,2025-05-01,5,237.1,43.0,5,10,54.4,79.6,4,3.98
P-000453,2025-06-01,6,247.5,33.7,8,11,58.9,79.9,5,3.99
P-000453,2025-07-01,7,230.9,36.9,5,8,50.6,77.9,4,3.97
P-000453,2025-08-01,8,236.8,30.4,5,11,71.1,78.7,4,4.36
P-000453,2025-09-01,9,242.4,39.3,5,15,55.7,84.7,4,4.16
P-000453,2025-10-01,10,174.3,0.6,4,3,87.8,16.1,5,1.99
P-000453,2025-11-01,11,185.4,8.4,0,3,90.7,26.8,4,1.13
P-000453,2025-12-01,12,171.6,7.1,2,5,94.9,26.2,4,1.24
P-000454,2025-01-01,1,169.9,2.1,0,6,96.4,13.5,1,1.27
P-000454,2025-02-01,2,173.0,13.0,2,4,90.8,19.5,2,1.42
P-000454,2025-03-01,3,185.6,8.9,1,6,91.6,25.1,2,1.26
P-000454,2025-04-01,4,170.7,10.2,2,4,93.4,21.4,1,1.19
P-000454,2025-05-01,5,172.5,5.4,2,4,91.5,19.5,2,1.6
P-000454,2025-06-01,6,172.4,10.5,1,5,85.3,24.8,2,1.76
P-000454,2025-07-01,7,172.2,5.5,4,3,97.0,26.9,1,1.84
P-000454,2025-08-01,8,173.7,12.3,1,4,96.4,19.0,2,1.22
P-000454,2025-09-01,9,178.0,10.2,0,5,88.8,27.8,2,1.67
P-000454,2025-10-01,10,176.4,9.5,3,3,96.6,20.8,2,1.27
P-000454,2025-11-01,11,173.9,8.7,3,5,96.9,26.6,1,1.95
P-000454,2025-12-01,12,173.4,4.8,4,4,93.0,16.9,2,1.31
P-000455,2025-01-01,1,184.5,0.0,4,3,93.9,23.0,3,1.42
P-000455,2025-02-01,2,173.2,4.1,2,5,90.4,17.4,3,2.29
P-000455,2025-03-01,3,179.2,7.1,2,4,96.4,17.5,3,1.77
P-000455,2025-04-01,4,244.2,36.7,6,9,51.3,81.3,4,4.32
P-000455,2025-05-01,5,227.9,40.7,10,11,63.1,81.7,3,3.75
P-000455,2025-06-01,6,245.6,35.3,3,11,62.4,77.6,4,4.19
P-000455,2025-07-01,7,231.9,33.8,3,10,65.5,68.3,3,3.38
P-000455,2025-08-01,8,227.4,43.7,3,6,54.2,69.0,3,4.16
P-000455,2025-09-01,9,172.0,12.3,3,5,92.4,27.0,3,1.27
P-000455,2025-10-01,10,182.0,2.1,2,6,97.9,21.5,3,1.05
P-000455,2025-11-01,11,170.4,9.4,3,4,95.7,14.6,3,1.04
P-000455,2025-12-01,12,183.5,3.5,1,3,96.0,14.1,4,1.45
P-000456,2025-01-01,1,182.6,7.2,3,5,93.7,22.8,4,1.16
P-000456,2025-02-01,2,169.6,6.6,2,4,102.1,23.6,3,1.6
P-000456,2025-03-01,3,169.6,0.0,2,4,105.1,10.8,4,1.35
P-000456,2025-04-01,4,238.8,57.0,3,11,48.6,83.5,4,4.2
P-000456,2025-05-01,5,235.1,29.3,8,7,65.6,70.5,3,4.23
P-000456,2025-06-01,6,235.0,33.7,4,9,65.6,70.3,3,3.45
P-000456,2025-07-01,7,229.9,42.9,6,11,62.6,81.2,3,4.41
P-000456,2025-08-01,8,232.8,31.5,6,11,61.8,73.5,4,4.03
P-000456,2025-09-01,9,170.0,4.0,2,4,96.0,18.2,5,1.77
P-000456,2025-10-01,10,169.0,6.2,0,3,90.0,11.3,5,1.55
P-000456,2025-11-01,11,175.4,3.9,1,6,100.8,20.6,4,1.45
P-000456,2025-12-01,12,172.6,5.9,1,5,103.1,15.8,3,1.92
P-000457,2025-01-01,1,181.7,1.5,1,4,88.1,19.1,4,1.49
P-000457,2025-02-01,2,179.4,11.9,4,3,88.4,28.9,4,1.67
P-000457,2025-03-01,3,237.5,37.5,8,8,61.2,86.2,4,4.62
P-000457,2025-04-01,4,257.3,41.7,13,13,54.9,98.0,5,4.83
P-000457,2025-05-01,5,242.8,44.8,5,10,46.2,79.4,4,4.13
P-000457,2025-06-01,6,242.0,49.3,8,8,57.5,88.3,5,4.62
P-000457,2025-07-01,7,234.9,52.6,6,8,60.0,83.0,4,4.02
P-000457,2025-08-01,8,235.4,43.4,5,8,59.8,75.4,4,4.47
P-000457,2025-09-01,9,239.3,40.4,6,8,63.0,75.7,4,3.68
P-000457,2025-10-01,10,174.6,9.7,1,4,94.4,16.2,3,1.0
P-000457,2025-11-01,11,171.5,5.6,1,5,90.5,18.9,4,1.0
P-000457,2025-12-01,12,176.6,10.3,2,4,100.6,19.1,4,2.3
P-000458,2025-01-01,1,174.2,4.5,2,6,98.0,21.7,1,1.28
P-000458,2025-02-01,2,177.9,4.0,4,4,94.0,28.9,2,1.55
P-000458,2025-03-01,3,180.8,5.5,3,5,90.9,25.5,2,1.18
P-000458,2025-04-01,4,173.7,4.7,0,5,94.1,17.2,1,1.32
P-000458,2025-05-01,5,183.9,3.0,4,6,95.1,27.4,2,1.4
P-000458,2025-06-01,6,176.6,6.2,1,4,96.3,17.7,1,1.23
P-000458,2025-07-01,7,171.7,5.3,5,5,89.7,29.5,2,1.0
P-000458,2025-08-01,8,179.1,4.3,2,3,94.6,18.8,1,1.43
P-000458,2025-09-01,9,175.1,9.9,2,4,90.7,17.4,2,1.59
P-000458,2025-10-01,10,188.5,7.0,1,4,90.6,28.6,2,1.67
P-000458,2025-11-01,11,172.7,5.6,4,4,89.0,25.3,2,1.63
P-000458,2025-12-01,12,175.7,0.1,2,4,88.0,12.6,1,1.26
P-000459,2025-01-01,1,172.0,9.5,3,5,92.6,25.3,4,1.04
P-000459,2025-02-01,2,176.3,3.1,0,4,102.5,14.1,3,1.28
P-000459,2025-03-01,3,243.7,42.6,9,13,54.2,94.6,5,4.02
P-000459,2025-04-01,4,238.1,42.8,5,13,59.2,76.4,4,4.18
P-000459,2025-05-01,5,245.0,54.4,8,11,59.1,98.0,5,5.0
P-000459,2025-06-01,6,246.6,42.2,6,12,66.1,87.6,5,4.53
P-000459,2025-07-01,7,246.7,40.3,10,10,56.5,93.4,4,5.0
P-000459,2025-08-01,8,237.3,42.4,11,15,56.6,90.3,5,4.83
P-000459,2025-09-01,9,226.3,41.9,8,11,54.5,79.9,4,3.91
P-000459,2025-10-01,10,174.8,5.9,2,5,93.5,20.8,3,1.0
P-000459,2025-11-01,11,183.7,7.7,3,7,90.6,22.4,3,1.5
P-000459,2025-12-01,12,181.8,8.6,4,4,94.7,28.8,5,1.4
P-000460,2025-01-01,1,181.2,1.5,1,6,98.9,17.2,1,1.8
P-000460,2025-02-01,2,242.7,42.0,7,14,62.9,89.1,4,3.91
P-000460,2025-03-01,3,239.0,47.2,7,13,49.8,86.7,4,4.01
P-000460,2025-04-01,4,242.1,26.7,6,8,60.7,78.4,4,4.53
P-000460,2025-05-01,5,239.1,35.8,6,10,62.2,77.5,4,4.06
P-000460,2025-06-01,6,177.7,5.0,3,4,104.2,24.8,1,1.9
P-000460,2025-07-01,7,180.8,1.8,0,4,95.5,12.3,1,1.06
P-000460,2025-08-01,8,181.4,7.5,3,5,101.8,24.2,1,1.24
P-000460,2025-09-01,9,174.9,4.4,2,5,84.7,21.4,1,1.33
P-000460,2025-10-01,10,176.3,5.7,2,5,95.4,23.7,1,1.24
P-000460,2025-11-01,11,177.8,6.9,0,6,92.4,23.2,1,1.87
P-000460,2025-12-01,12,183.2,5.8,0,5,88.4,19.8,1,1.28
P-000461,2025-01-01,1,183.3,3.5,1,5,91.7,24.7,4,1.26
P-000461,2025-02-01,2,185.9,7.9,1,5,98.7,23.8,5,1.66
P-000461,2025-03-01,3,167.5,4.6,1,4,92.8,13.2,5,1.15
P-000461,2025-04-01,4,244.2,43.4,5,10,64.7,81.3,4,4.26
P-000461,2025-05-01,5,230.1,31.2,5,9,61.9,71.6,4,3.7
P-000461,2025-06-01,6,249.0,58.7,5,10,58.6,91.7,5,4.47
P-000461,2025-07-01,7,254.3,37.1,6,8,58.8,82.6,5,4.29
P-000461,2025-08-01,8,234.6,38.5,5,9,56.1,73.8,4,3.44
P-000461,2025-09-01,9,230.2,50.3,6,14,49.8,82.8,4,4.03
P-000461,2025-10-01,10,233.1,42.7,7,13,62.7,86.4,5,5.0
P-000461,2025-11-01,11,235.3,40.9,4,13,58.7,82.0,4,4.21
P-000461,2025-12-01,12,177.1,5.4,1,5,92.8,22.6,4,1.25
P-000462,2025-01-01,1,182.0,7.4,3,6,95.3,21.6,1,1.93
P-000462,2025-02-01,2,232.5,45.8,6,9,59.4,77.8,4,3.79
P-000462,2025-03-01,3,239.7,47.1,3,6,58.7,75.6,4,4.21
P-000462,2025-04-01,4,232.4,34.6,7,9,65.7,76.3,4,5.0
P-000462,2025-05-01,5,237.8,41.6,2,11,54.5,74.8,4,3.7
P-000462,2025-06-01,6,180.2,1.2,1,5,98.3,10.2,1,1.3
P-000462,2025-07-01,7,179.9,7.5,3,4,90.8,31.3,1,1.87
P-000462,2025-08-01,8,182.0,6.0,4,3,89.5,22.5,1,1.15
P-000462,2025-09-01,9,184.1,9.8,4,6,94.2,25.2,1,1.37
P-000462,2025-10-01,10,176.5,8.4,0,5,96.6,19.0,1,1.6
P-000462,2025-11-01,11,177.9,10.9,2,5,83.7,29.4,1,1.21
P-000462,2025-12-01,12,169.3,4.0,1,5,94.3,13.4,1,1.06
P-000463,2025-01-01,1,171.5,12.9,0,7,96.4,19.3,3,1.27
P-000463,2025-02-01,2,176.3,7.6,3,5,85.0,28.0,3,1.46
P-000463,2025-03-01,3,175.3,7.7,0,5,86.1,19.7,3,1.5
P-000463,2025-04-01,4,233.8,40.3,7,11,62.0,75.8,3,4.05
P-000463,2025-05-01,5,252.3,48.0,8,13,51.0,97.1,5,3.55
P-000463,2025-06-01,6,240.6,40.1,10,12,56.0,91.0,4,4.46
P-000463,2025-07-01,7,219.3,15.2,3,12,68.4,54.3,3,4.01
P-000463,2025-08-01,8,249.1,30.7,1,9,59.6,67.0,4,3.98
P-000463,2025-09-01,9,188.3,4.8,2,5,94.2,22.1,3,1.15
P-000463,2025-10-01,10,181.3,2.4,3,5,94.6,22.6,4,1.39
P-000463,2025-11-01,11,166.5,6.7,2,3,87.7,19.0,3,1.6
P-000463,2025-12-01,12,171.3,6.8,2,3,89.6,21.1,4,1.5
P-000464,2025-01-01,1,179.8,4.7,3,3,90.4,19.9,2,1.17
P-000464,2025-02-01,2,174.6,0.8,4,4,93.9,24.5,2,1.17
P-000464,2025-03-01,3,174.9,5.4,2,6,85.7,23.1,2,1.92
P-000464,2025-04-01,4,229.1,39.8,5,10,55.1,72.6,2,3.3
P-000464,2025-05-01,5,181.5,0.6,2,4,97.5,16.8,2,1.41
P-000464,2025-06-01,6,172.3,3.8,1,5,96.5,14.9,1,1.47
P-000464,2025-07-01,7,176.6,0.0,0,6,96.2,15.7,1,1.13
P-000464,2025-08-01,8,177.4,6.0,1,4,94.3,19.0,1,1.28
P-000464,2025-09-01,9,180.0,12.2,1,5,88.3,26.0,2,1.82
P-000464,2025-10-01,10,184.8,10.8,1,5,89.0,25.0,2,1.05
P-000464,2025-11-01,11,167.8,0.0,4,4,88.3,19.0,1,1.07
P-000464,2025-12-01,12,178.6,2.7,2,5,89.3,21.1,2,1.81
P-000465,2025-01-01,1,175.8,8.7,1,6,96.4,21.7,3,1.49
P-000465,2025-02-01,2,168.2,7.3,3,6,92.8,21.8,2,1.16
P-000465,2025-03-01,3,172.0,7.3,0,5,96.7,17.2,2,1.42
P-000465,2025-04-01,4,219.0,50.6,1,11,56.0,58.3,1,2.81
P-000465,2025-05-01,5,178.5,3.6,3,3,93.5,20.2,2,1.68
P-000465,2025-06-01,6,186.1,1.1,4,5,98.9,24.4,1,2.17
P-000465,2025-07-01,7,172.3,12.7,1,4,92.9,18.6,2,1.71
P-000465,2025-08-01,8,165.9,9.9,2,4,83.9,20.5,2,1.36
P-000465,2025-09-01,9,176.7,3.5,3,6,98.0,22.4,2,1.81
P-000465,2025-10-01,10,182.1,3.6,0,5,94.8,21.0,1,1.0
P-000465,2025-11-01,11,185.2,7.2,4,4,93.7,25.3,2,1.78
P-000465,2025-12-01,12,178.7,7.9,1,4,96.5,20.4,2,1.77
P-000466,2025-01-01,1,166.2,7.2,1,5,91.0,12.1,1,1.0
P-000466,2025-02-01,2,248.7,42.2,5,13,68.0,84.8,4,4.04
P-000466,2025-03-01,3,245.9,39.1,7,6,54.1,82.2,4,4.02
P-000466,2025-04-01,4,229.1,43.4,2,12,58.3,75.4,4,4.01
P-000466,2025-05-01,5,243.8,29.5,6,12,59.9,78.5,4,4.11
P-000466,2025-06-01,6,180.6,4.0,0,6,92.7,20.7,1,1.35
P-000466,2025-07-01,7,176.8,3.7,2,6,99.0,17.4,1,1.54
P-000466,2025-08-01,8,179.1,9.2,3,5,93.0,30.4,1,1.84
P-000466,2025-09-01,9,182.4,13.5,2,3,94.8,20.0,1,1.18
P-000466,2025-10-01,10,177.2,5.0,2,4,86.4,19.6,1,1.55
P-000466,2025-11-01,11,177.9,12.4,2,5,82.6,31.0,1,1.83
P-000466,2025-12-01,12,178.8,7.9,1,5,93.3,24.5,1,1.0
P-000467,2025-01-01,1,177.7,14.0,3,3,93.4,23.4,3,1.24
P-000467,2025-02-01,2,169.8,7.6,1,6,95.4,17.1,2,1.31
P-000467,2025-03-01,3,168.8,1.7,3,5,91.3,22.9,1,1.0
P-000467,2025-04-01,4,222.2,41.3,6,9,53.3,73.1,2,3.6
P-000467,2025-05-01,5,177.8,7.9,1,4,93.7,19.3,2,1.45
P-000467,2025-06-01,6,180.9,0.6,1,4,99.9,13.8,2,1.23
P-000467,2025-07-01,7,172.4,13.7,2,4,91.0,22.7,1,1.74
P-000467,2025-08-01,8,173.9,3.7,2,4,95.6,15.3,2,1.23
P-000467,2025-09-01,9,171.7,6.0,2,5,88.2,23.5,2,1.05
P-000467,2025-10-01,10,172.6,15.2,3,5,84.5,29.9,1,1.55
P-000467,2025-11-01,11,179.8,11.1,1,3,96.4,24.0,2,1.76
P-000467,2025-12-01,12,176.7,10.7,4,5,89.6,26.5,1,1.26
P-000468,2025-01-01,1,187.7,4.8,1,5,95.7,27.9,2,1.61
P-000468,2025-02-01,2,173.8,2.0,2,5,91.8,17.6,3,1.85
P-000468,2025-03-01,3,176.1,0.7,4,4,96.5,20.3,1,1.0
P-000468,2025-04-01,4,213.6,34.1,2,7,68.6,55.2,1,2.57
P-000468,2025-05-01,5,176.3,4.9,2,3,92.7,17.2,1,1.0
P-000468,2025-06-01,6,163.8,13.2,1,3,92.7,17.1,2,1.2
P-000468,2025-07-01,7,177.1,1.4,2,4,91.0,23.2,2,1.64
P-000468,2025-08-01,8,177.9,13.5,1,3,95.4,18.4,1,1.25
P-000468,2025-09-01,9,176.4,4.2,1,5,94.5,19.4,1,1.45
P-000468,2025-10-01,10,177.6,9.8,2,6,91.1,27.2,1,1.73
P-000468,2025-11-01,11,174.4,1.4,5,3,97.0,21.9,1,1.63
P-000468,2025-12-01,12,181.0,6.4,4,6,91.1,25.7,2,1.66
P-000469,2025-01-01,1,175.0,6.7,2,4,95.9,18.9,5,1.23
P-000469,2025-02-01,2,181.0,3.0,5,4,94.5,19.4,4,1.0
P-000469,2025-03-01,3,179.4,14.1,2,5,92.0,20.2,4,1.6
P-000469,2025-04-01,4,242.2,54.8,6,11,49.3,88.7,5,4.44
P-000469,2025-05-01,5,247.3,40.2,5,7,66.3,80.2,5,4.42
P-000469,2025-06-01,6,249.1,47.7,7,11,53.4,95.0,4,3.84
P-000469,2025-07-01,7,247.0,51.9,5,14,55.1,85.9,5,4.81
P-000469,2025-08-01,8,248.2,41.1,8,12,60.6,86.1,5,4.42
P-000469,2025-09-01,9,250.3,40.2,5,11,62.0,82.4,5,4.46
P-000469,2025-10-01,10,237.2,42.5,8,15,55.0,87.0,4,4.32
P-000469,2025-11-01,11,236.4,42.1,8,12,48.4,88.7,5,4.96
P-000469,2025-12-01,12,185.1,0.2,5,4,101.9,26.1,4,1.39
P-000470,2025-01-01,1,168.4,5.6,4,5,90.5,28.1,2,1.23
P-000470,2025-02-01,2,176.5,0.0,2,6,102.0,18.3,1,1.51
P-000470,2025-03-01,3,187.1,10.3,0,5,87.9,20.4,1,1.57
P-000470,2025-04-01,4,219.6,34.1,4,7,69.9,62.1,2,3.12
P-000470,2025-05-01,5,226.2,43.5,1,9,54.1,72.4,2,3.13
P-000470,2025-06-01,6,165.2,0.0,0,4,94.2,9.6,2,1.0
P-000470,2025-07-01,7,175.6,10.3,1,5,97.3,21.4,1,1.58
P-000470,2025-08-01,8,170.4,11.8,2,5,96.5,15.9,2,1.0
P-000470,2025-09-01,9,178.9,11.4,3,7,94.1,22.5,2,1.42
P-000470,2025-10-01,10,169.3,3.6,1,7,90.7,19.6,2,1.65
P-000470,2025-11-01,11,177.5,6.4,1,4,87.3,20.5,1,1.12
P-000470,2025-12-01,12,177.6,10.9,1,3,88.8,21.5,3,1.96
P-000471,2025-01-01,1,178.3,7.2,2,3,94.0,24.4,4,1.54
P-000471,2025-02-01,2,174.0,0.3,2,6,95.0,16.0,4,1.64
P-000471,2025-03-01,3,182.5,4.8,4,6,98.6,26.2,4,1.32
P-000471,2025-04-01,4,235.2,34.0,6,10,70.5,69.8,4,3.11
P-000471,2025-05-01,5,252.4,48.8,2,10,58.9,78.6,5,4.73
P-000471,2025-06-01,6,227.3,35.7,5,8,57.2,68.7,3,3.5
P-000471,2025-07-01,7,245.7,42.7,1,11,47.0,79.1,4,4.27
P-000471,2025-08-01,8,238.7,36.3,4,15,58.1,82.3,4,5.0
P-000471,2025-09-01,9,174.6,10.0,0,4,98.4,17.1,3,1.32
P-000471,2025-10-01,10,168.4,7.3,4,6,94.1,23.6,4,1.38
P-000471,2025-11-01,11,178.8,11.0,0,4,92.1,20.9,4,1.59
P-000471,2025-12-01,12,176.9,17.5,2,5,94.6,26.7,3,1.37
P-000472,2025-01-01,1,171.4,3.1,1,4,94.0,12.2,4,1.29
P-000472,2025-02-01,2,171.6,8.6,0,4,84.9,13.7,4,1.1
P-000472,2025-03-01,3,180.8,6.2,2,5,91.0,22.3,4,1.6
P-000472,2025-04-01,4,241.9,43.9,6,11,53.0,88.1,4,4.57
P-000472,2025-05-01,5,256.1,50.7,8,13,47.6,98.0,5,4.58
P-000472,2025-06-01,6,240.8,40.2,8,11,55.3,84.4,4,4.21
P-000472,2025-07-01,7,240.8,34.8,3,12,66.3,68.8,4,3.92
P-000472,2025-08-01,8,237.1,22.9,4,8,68.1,59.1,3,2.88
P-000472,2025-09-01,9,175.4,3.0,3,4,94.6,25.6,4,1.53
P-000472,2025-10-01,10,173.2,1.8,5,4,91.7,24.5,4,1.92
P-000472,2025-11-01,11,187.0,6.3,1,4,89.3,26.4,3,1.64
P-000472,2025-12-01,12,182.6,1.1,2,5,101.5,25.6,3,1.21
P-000473,2025-01-01,1,179.5,4.9,4,5,92.6,29.3,2,1.54
P-000473,2025-02-01,2,188.3,0.0,2,4,99.8,21.1,2,1.41
P-000473,2025-03-01,3,163.0,2.0,2,4,96.1,14.1,1,1.08
P-000473,2025-04-01,4,214.7,19.8,2,5,61.6,51.0,1,3.21
P-000473,2025-05-01,5,217.7,34.1,2,9,59.3,66.2,2,3.42
P-000473,2025-06-01,6,174.1,0.5,5,4,91.6,20.0,2,1.78
P-000473,2025-07-01,7,170.5,5.1,1,5,96.6,20.7,3,1.51
P-000473,2025-08-01,8,168.4,4.2,1,5,92.8,19.4,1,1.71
P-000473,2025-09-01,9,171.7,11.8,1,3,92.6,16.7,2,1.5
P-000473,2025-10-01,10,179.7,10.9,5,6,90.7,28.4,1,1.0
P-000473,2025-11-01,11,177.9,2.7,3,5,95.9,22.8,2,1.36
P-000473,2025-12-01,12,175.1,2.1,2,5,92.2,24.1,2,1.0
P-000474,2025-01-01,1,179.7,6.5,3,5,90.5,18.5,2,1.05
P-000474,2025-02-01,2,172.7,7.4,3,4,96.8,21.3,2,1.46
P-000474,2025-03-01,3,177.1,8.0,2,5,99.6,22.3,2,1.47
P-000474,2025-04-01,4,187.5,7.0,3,4,96.7,28.0,1,1.17
P-000474,2025-05-01,5,182.6,11.3,1,4,88.0,20.8,2,1.0
P-000474,2025-06-01,6,176.7,0.3,2,5,94.6,19.1,1,1.24
P-000474,2025-07-01,7,178.0,3.2,2,4,97.5,19.7,2,1.59
P-000474,2025-08-01,8,174.6,8.5,1,5,89.1,21.0,1,1.78
P-000474,2025-09-01,9,170.3,0.0,0,4,90.6,9.2,1,1.31
P-000474,2025-10-01,10,172.6,4.2,1,4,101.2,17.1,1,1.51
P-000474,2025-11-01,11,172.7,5.3,3,7,91.9,21.6,3,1.0
P-000474,2025-12-01,12,180.9,7.0,2,4,93.6,23.4,1,1.0
P-000475,2025-01-01,1,172.3,2.7,4,5,91.7,23.7,1,1.37
P-000475,2025-02-01,2,174.4,8.0,3,5,86.9,29.5,1,2.04
P-000475,2025-03-01,3,179.0,5.2,0,4,90.0,22.5,1,1.0
P-000475,2025-04-01,4,176.3,4.5,1,5,91.9,25.6,1,1.95
P-000475,2025-05-01,5,216.1,25.8,4,8,73.5,56.8,1,2.97
P-000475,2025-06-01,6,180.1,8.7,1,4,99.2,20.3,2,1.7
P-000475,2025-07-01,7,166.4,5.7,0,5,100.6,11.4,2,1.55
P-000475,2025-08-01,8,187.1,10.5,5,3,86.6,36.3,2,1.25
P-000475,2025-09-01,9,178.0,5.2,2,7,98.4,18.4,1,1.04
P-000475,2025-10-01,10,174.0,11.1,2,4,93.1,20.2,1,1.29
P-000475,2025-11-01,11,176.0,11.0,4,4,97.8,22.3,2,1.0
P-000475,2025-12-01,12,174.0,12.3,3,4,92.7,24.4,2,1.1
P-000476,2025-01-01,1,195.0,2.2,1,5,102.1,23.2,4,1.52
P-000476,2025-02-01,2,182.6,6.1,1,5,91.2,24.1,5,1.44
P-000476,2025-03-01,3,167.7,3.2,1,5,98.4,11.4,4,1.55
P-000476,2025-04-01,4,243.8,50.1,11,8,57.1,94.6,5,4.54
P-000476,2025-05-01,5,231.3,44.0,7,10,61.8,76.5,4,3.27
P-000476,2025-06-01,6,254.1,42.3,8,9,60.1,86.1,5,4.12
P-000476,2025-07-01,7,239.2,30.4,8,10,66.6,81.3,4,3.86
P-000476,2025-08-01,8,251.7,42.0,5,9,65.6,80.7,5,4.31
P-000476,2025-09-01,9,240.4,41.2,7,8,58.0,83.1,5,4.42
P-000476,2025-10-01,10,239.8,32.9,6,12,58.1,79.3,4,3.76
P-000476,2025-11-01,11,243.6,42.2,4,11,60.7,85.0,5,4.78
P-000476,2025-12-01,12,172.5,7.4,4,3,97.4,26.5,5,1.09
P-000477,2025-01-01,1,181.9,3.3,3,7,90.1,25.9,5,1.32
P-000477,2025-02-01,2,172.7,1.1,5,5,93.0,23.4,4,1.73
P-000477,2025-03-01,3,177.9,8.1,2,5,87.7,20.8,3,1.0
P-000477,2025-04-01,4,242.6,49.3,5,10,46.7,88.6,5,4.84
P-000477,2025-05-01,5,231.5,35.0,5,7,54.2,79.7,4,3.99
P-000477,2025-06-01,6,249.9,41.6,5,13,50.9,86.0,5,3.79
P-000477,2025-07-01,7,238.9,41.0,6,12,51.5,81.4,4,4.26
P-000477,2025-08-01,8,241.7,45.2,7,12,69.0,87.0,5,4.43
P-000477,2025-09-01,9,174.1,2.0,2,3,97.0,16.3,3,1.3
P-000477,2025-10-01,10,178.4,10.3,3,6,85.9,27.5,4,1.0
P-000477,2025-11-01,11,182.1,4.6,2,5,98.5,22.6,4,1.53
P-000477,2025-12-01,12,168.4,3.7,5,5,91.3,19.8,4,1.52
P-000478,2025-01-01,1,172.5,4.0,1,4,93.2,19.2,2,1.34
P-000478,2025-02-01,2,183.2,8.2,2,4,97.3,27.3,2,1.56
P-000478,2025-03-01,3,168.0,5.2,1,4,92.4,15.8,2,1.5
P-000478,2025-04-01,4,217.0,30.9,3,4,64.4,54.5,1,2.78
P-000478,2025-05-01,5,175.9,6.8,0,5,93.7,15.7,1,1.45
P-000478,2025-06-01,6,172.7,9.0,5,6,93.2,24.2,1,1.0
P-000478,2025-07-01,7,177.2,8.0,5,5,90.1,23.0,2,1.54
P-000478,2025-08-01,8,166.8,4.9,2,4,97.2,16.3,1,1.29
P-000478,2025-09-01,9,169.6,7.3,3,3,93.9,16.6,1,1.0
P-000478,2025-10-01,10,175.9,7.9,1,4,95.1,22.0,3,1.76
P-000478,2025-11-01,11,182.0,12.0,1,5,85.3,29.5,2,1.37
P-000478,2025-12-01,12,185.0,8.0,0,4,99.8,17.7,2,1.21
P-000479,2025-01-01,1,177.6,0.0,2,5,98.6,18.1,2,1.52
P-000479,2025-02-01,2,179.9,5.3,2,6,96.9,22.6,3,1.73
P-000479,2025-03-01,3,171.2,8.5,2,3,91.8,12.6,2,1.28
P-000479,2025-04-01,4,176.7,3.4,1,5,95.1,20.4,2,1.7
P-000479,2025-05-01,5,224.1,40.9,2,9,53.0,69.9,2,3.3
P-000479,2025-06-01,6,184.8,9.4,1,3,85.4,25.3,1,1.36
P-000479,2025-07-01,7,167.0,11.4,4,3,89.6,21.5,1,1.29
P-000479,2025-08-01,8,188.4,8.2,1,3,87.2,24.2,2,1.05
P-000479,2025-09-01,9,183.2,2.8,0,4,89.6,18.4,1,1.53
P-000479,2025-10-01,10,185.1,6.9,4,3,88.1,23.3,2,1.29
P-000479,2025-11-01,11,178.9,6.7,1,4,91.8,15.8,2,1.03
P-000479,2025-12-01,12,161.4,12.9,2,5,98.9,13.4,1,2.16
P-000480,2025-01-01,1,167.9,2.1,0,5,93.4,11.2,4,1.29
P-000480,2025-02-01,2,180.8,8.1,1,5,86.5,23.0,5,1.73
P-000480,2025-03-01,3,171.8,6.6,1,6,97.8,20.0,4,1.99
P-000480,2025-04-01,4,248.6,47.7,5,14,53.0,95.5,5,4.38
P-000480,2025-05-01,5,251.2,57.7,8,10,49.2,98.0,5,3.7
P-000480,2025-06-01,6,240.1,35.9,6,12,53.5,82.0,5,4.77
P-000480,2025-07-01,7,238.8,48.6,7,11,56.2,84.5,4,3.56
P-000480,2025-08-01,8,240.4,35.5,10,11,60.4,81.8,4,3.72
P-000480,2025-09-01,9,230.1,44.2,7,11,56.2,79.8,4,3.47
P-000480,2025-10-01,10,231.6,34.8,6,12,66.6,77.1,4,4.45
P-000480,2025-11-01,11,251.5,47.9,5,11,56.2,87.6,5,3.51
P-000480,2025-12-01,12,177.1,0.4,2,6,91.6,17.6,5,1.56
P-000481,2025-01-01,1,168.3,9.4,1,3,100.4,19.4,2,1.63
P-000481,2025-02-01,2,178.3,0.0,4,5,99.9,20.4,3,1.34
P-000481,2025-03-01,3,171.4,13.8,2,6,92.6,27.1,2,1.26
P-000481,2025-04-01,4,171.6,2.6,1,4,95.6,15.9,2,1.7
P-000481,2025-05-01,5,224.7,24.5,5,9,67.6,61.9,2,3.94
P-000481,2025-06-01,6,167.0,5.8,4,6,96.8,18.8,2,1.23
P-000481,2025-07-01,7,164.8,5.6,1,4,90.1,16.8,2,1.5
P-000481,2025-08-01,8,176.0,4.8,0,5,87.8,13.2,2,1.43
P-000481,2025-09-01,9,176.1,7.0,3,5,93.4,25.9,2,2.35
P-000481,2025-10-01,10,166.8,7.0,4,4,94.3,27.2,1,1.33
P-000481,2025-11-01,11,173.3,1.9,4,5,98.4,20.9,1,1.41
P-000481,2025-12-01,12,178.5,9.1,0,5,91.8,19.5,2,1.39
P-000482,2025-01-01,1,167.0,0.0,3,4,89.4,18.8,3,1.77
P-000482,2025-02-01,2,176.4,2.2,0,6,97.5,15.9,4,1.64
P-000482,2025-03-01,3,177.3,0.0,2,3,99.5,14.4,3,1.48
P-000482,2025-04-01,4,236.9,41.4,6,12,70.5,81.8,4,3.93
P-000482,2025-05-01,5,246.5,39.3,6,10,71.8,85.5,4,4.61
P-000482,2025-06-01,6,249.5,38.5,14,14,64.8,98.0,5,4.61
P-000482,2025-07-01,7,234.8,29.5,7,11,71.3,76.8,3,3.82
P-000482,2025-08-01,8,236.2,44.1,10,7,59.5,96.1,4,4.49
P-000482,2025-09-01,9,178.9,4.8,2,5,90.6,21.8,5,1.87
P-000482,2025-10-01,10,181.6,3.4,1,4,92.5,26.7,5,1.51
P-000482,2025-11-01,11,173.2,4.6,2,7,87.1,19.5,3,1.65
P-000482,2025-12-01,12,168.6,2.1,3,7,87.9,20.1,5,1.3
P-000483,2025-01-01,1,173.5,4.9,2,5,100.4,12.9,5,1.0
P-000483,2025-02-01,2,178.7,0.0,2,4,102.3,17.1,5,1.84
P-000483,2025-03-01,3,186.0,10.5,0,3,91.3,22.3,3,1.0
P-000483,2025-04-01,4,225.5,36.1,7,9,61.8,77.0,3,3.08
P-000483,2025-05-01,5,235.3,42.4,9,12,57.7,88.0,5,4.81
P-000483,2025-06-01,6,242.6,33.4,4,10,64.4,72.5,5,4.28
P-000483,2025-07-01,7,228.7,36.8,5,14,70.2,71.2,3,3.43
P-000483,2025-08-01,8,235.7,46.7,7,9,57.4,79.7,4,3.97
P-000483,2025-09-01,9,176.3,9.3,1,5,95.9,22.9,5,2.01
P-000483,2025-10-01,10,179.9,2.0,2,5,93.3,22.7,5,1.47
P-000483,2025-11-01,11,174.1,0.0,1,3,88.3,15.4,5,1.51
P-000483,2025-12-01,12,171.7,9.8,0,5,87.0,15.9,3,1.64
P-000484,2025-01-01,1,177.8,7.9,0,4,99.8,8.1,3,1.57
P-000484,2025-02-01,2,178.4,3.2,2,6,86.2,31.0,3,1.37
P-000484,2025-03-01,3,187.4,10.1,0,5,92.6,28.0,5,1.84
P-000484,2025-04-01,4,247.1,50.8,7,9,46.0,91.4,5,4.13
P-000484,2025-05-01,5,224.4,33.5,6,13,65.6,69.6,3,3.27
P-000484,2025-06-01,6,230.0,40.8,7,6,50.5,76.1,3,3.6
P-000484,2025-07-01,7,247.0,35.1,3,8,63.7,71.4,4,4.03
P-000484,2025-08-01,8,250.4,54.1,4,13,47.1,90.5,5,4.53
P-000484,2025-09-01,9,169.9,0.0,4,4,97.9,23.4,3,1.54
P-000484,2025-10-01,10,181.5,4.2,1,5,89.3,23.9,4,1.66
P-000484,2025-11-01,11,173.5,7.0,5,4,90.1,24.2,4,1.21
P-000484,2025-12-01,12,177.6,7.6,2,4,95.1,24.0,5,1.83
P-000485,2025-01-01,1,175.1,6.7,0,4,93.3,12.8,5,1.28
P-000485,2025-02-01,2,173.0,5.4,2,5,96.7,21.2,5,1.55
P-000485,2025-03-01,3,172.6,6.1,1,3,91.0,18.8,5,1.03
P-000485,2025-04-01,4,232.2,39.6,5,11,60.3,77.7,5,4.05
P-000485,2025-05-01,5,249.3,46.0,8,14,63.9,91.6,5,4.1
P-000485,2025-06-01,6,242.8,44.5,6,15,57.0,86.7,5,4.4
P-000485,2025-07-01,7,234.5,35.1,2,12,58.0,70.5,5,4.45
P-000485,2025-08-01,8,245.5,39.2,9,10,54.4,90.2,5,4.65
P-000485,2025-09-01,9,232.9,48.9,9,11,54.3,87.4,4,3.67
P-000485,2025-10-01,10,235.2,38.6,7,11,67.9,82.4,4,4.53
P-000485,2025-11-01,11,242.7,39.7,10,10,66.1,86.8,4,4.23
P-000485,2025-12-01,12,177.0,7.6,0,5,91.1,14.5,4,1.34
P-000486,2025-01-01,1,180.2,1.8,3,5,90.1,20.8,3,1.1
P-000486,2025-02-01,2,173.5,9.3,1,4,92.9,13.6,4,1.38
P-000486,2025-03-01,3,173.9,0.0,3,4,97.6,13.8,5,1.14
P-000486,2025-04-01,4,238.3,50.5,1,11,58.2,76.1,3,3.89
P-000486,2025-05-01,5,238.1,54.0,6,7,50.7,89.4,5,4.03
P-000486,2025-06-01,6,227.3,39.4,2,9,61.0,72.8,3,3.65
P-000486,2025-07-01,7,229.5,39.6,2,8,60.3,67.3,3,3.12
P-000486,2025-08-01,8,243.3,38.1,7,10,66.9,79.1,5,4.23
P-000486,2025-09-01,9,183.6,4.0,4,4,96.0,22.5,3,1.0
P-000486,2025-10-01,10,174.7,8.4,1,4,88.4,16.3,5,1.9
P-000486,2025-11-01,11,175.3,4.2,1,6,92.0,19.1,4,1.23
P-000486,2025-12-01,12,177.4,7.4,2,4,92.3,25.1,4,1.38
P-000487,2025-01-01,1,172.7,9.2,3,5,98.9,28.5,1,2.06
P-000487,2025-02-01,2,168.5,1.0,3,4,97.4,16.0,3,1.2
P-000487,2025-03-01,3,173.6,1.6,2,5,89.0,20.5,3,1.0
P-000487,2025-04-01,4,220.0,41.6,4,5,63.8,65.7,2,3.57
P-000487,2025-05-01,5,212.1,33.0,4,10,70.5,63.8,2,2.7
P-000487,2025-06-01,6,164.9,2.5,1,4,92.1,16.4,2,1.66
P-000487,2025-07-01,7,172.7,9.8,2,4,87.4,26.8,2,1.57
P-000487,2025-08-01,8,178.1,12.4,2,4,86.6,23.6,2,1.24
P-000487,2025-09-01,9,186.1,4.1,2,5,96.1,20.7,1,1.2
P-000487,2025-10-01,10,173.9,1.4,4,5,94.2,20.5,1,1.15
P-000487,2025-11-01,11,178.7,10.1,3,5,98.6,22.5,1,1.17
P-000487,2025-12-01,12,179.4,6.7,1,4,85.3,19.5,2,1.43
P-000488,2025-01-01,1,179.4,2.3,3,4,98.2,20.5,2,1.47
P-000488,2025-02-01,2,168.8,13.4,1,4,94.0,17.1,2,1.13
P-000488,2025-03-01,3,175.3,0.0,2,4,97.1,16.4,1,1.26
P-000488,2025-04-01,4,171.3,6.6,1,5,93.5,19.5,3,1.64
P-000488,2025-05-01,5,223.0,34.4,2,8,61.1,58.1,1,2.86
P-000488,2025-06-01,6,167.3,8.2,2,3,97.5,17.3,1,1.58
P-000488,2025-07-01,7,187.2,0.0,0,5,99.0,14.9,2,1.38
P-000488,2025-08-01,8,177.9,11.1,4,4,92.5,30.6,3,1.6
P-000488,2025-09-01,9,169.6,9.4,1,4,89.9,25.0,2,1.23
P-000488,2025-10-01,10,176.2,7.3,5,5,99.6,20.2,1,1.5
P-000488,2025-11-01,11,179.6,0.0,2,4,99.1,22.0,2,1.37
P-000488,2025-12-01,12,173.2,5.2,0,6,96.0,19.1,2,1.25
P-000489,2025-01-01,1,183.1,2.9,2,5,94.8,25.7,5,1.88
P-000489,2025-02-01,2,178.3,3.5,3,4,92.5,27.6,5,1.93
P-000489,2025-03-01,3,177.2,6.5,3,5,89.9,28.6,4,1.29
P-000489,2025-04-01,4,247.6,38.9,10,11,55.9,92.1,5,4.14
P-000489,2025-05-01,5,232.9,41.1,9,13,53.8,81.9,4,3.95
P-000489,2025-06-01,6,223.8,44.7,7,7,59.2,79.1,4,3.68
P-000489,2025-07-01,7,243.9,30.0,9,11,57.5,81.7,5,5.0
P-000489,2025-08-01,8,234.9,47.4,7,12,43.1,87.1,5,4.79
P-000489,2025-09-01,9,242.2,27.0,5,9,63.7,71.2,4,4.31
P-000489,2025-10-01,10,236.3,40.8,3,8,56.0,72.0,4,3.92
P-000489,2025-11-01,11,245.6,34.3,9,13,53.2,91.3,5,4.17
P-000489,2025-12-01,12,180.4,0.0,0,5,98.7,14.7,5,1.98
P-000490,2025-01-01,1,175.1,0.8,2,3,96.7,18.3,1,1.61
P-000490,2025-02-01,2,180.2,2.7,1,3,91.6,21.7,1,1.6
P-000490,2025-03-01,3,183.6,12.0,2,4,89.6,29.9,1,1.6
P-000490,2025-04-01,4,218.2,32.9,5,9,68.1,66.9,2,3.99
P-000490,2025-05-01,5,174.9,7.7,5,4,91.9,16.5,3,1.51
P-000490,2025-06-01,6,173.9,7.0,2,4,92.9,24.5,1,1.47
P-000490,2025-07-01,7,176.8,1.1,2,3,91.4,16.0,1,1.76
P-000490,2025-08-01,8,165.0,7.4,2,5,91.5,13.4,2,1.43
P-000490,2025-09-01,9,178.1,7.0,1,3,88.2,25.4,2,1.53
P-000490,2025-10-01,10,167.3,3.4,1,4,89.7,13.2,2,1.82
P-000490,2025-11-01,11,161.2,1.6,1,4,99.1,15.4,2,1.31
P-000490,2025-12-01,12,183.5,6.4,3,4,93.9,29.3,1,1.36
P-000491,2025-01-01,1,186.1,6.8,0,3,95.9,20.9,1,1.77
P-000491,2025-02-01,2,168.0,4.1,1,5,92.8,14.3,3,1.15
P-000491,2025-03-01,3,175.5,4.7,1,5,102.6,15.2,1,1.88
P-000491,2025-04-01,4,221.8,34.7,3,11,57.0,66.9,2,3.19
P-000491,2025-05-01,5,226.5,30.0,7,7,66.5,65.2,2,3.06
P-000491,2025-06-01,6,176.3,8.3,1,3,101.8,18.5,1,1.33
P-000491,2025-07-01,7,168.4,0.0,3,5,97.5,14.8,1,1.54
P-000491,2025-08-01,8,174.6,9.1,1,5,91.5,21.9,1,1.55
P-000491,2025-09-01,9,180.5,2.5,1,6,89.0,21.2,1,1.47
P-000491,2025-10-01,10,173.3,0.0,2,5,90.8,13.8,3,1.18
P-000491,2025-11-01,11,178.4,0.4,1,3,92.3,12.5,2,1.08
P-000491,2025-12-01,12,181.1,11.8,2,7,92.5,21.0,2,1.23
P-000492,2025-01-01,1,172.9,5.5,1,6,90.1,16.7,5,1.65
P-000492,2025-02-01,2,177.5,14.7,0,4,88.2,25.7,5,1.52
P-000492,2025-03-01,3,172.0,5.3,1,4,89.5,21.3,3,1.05
P-000492,2025-04-01,4,239.3,31.9,4,10,66.1,70.9,4,3.9
P-000492,2025-05-01,5,242.7,41.5,2,10,54.6,70.0,4,4.07
P-000492,2025-06-01,6,245.5,33.1,4,13,61.7,80.8,4,5.0
P-000492,2025-07-01,7,240.3,30.6,8,11,59.1,80.5,3,3.78
P-000492,2025-08-01,8,231.8,35.1,6,12,66.1,76.6,4,3.97
P-000492,2025-09-01,9,165.8,15.7,1,5,92.7,18.2,5,1.56
P-000492,2025-10-01,10,177.9,5.7,1,4,89.6,19.5,4,1.0
P-000492,2025-11-01,11,175.0,5.1,1,6,91.0,21.3,4,1.53
P-000492,2025-12-01,12,172.7,4.0,1,4,89.0,19.6,4,1.24
P-000493,2025-01-01,1,177.2,0.0,0,5,98.1,15.3,4,1.36
P-000493,2025-02-01,2,178.2,0.0,3,6,97.1,21.1,4,1.77
P-000493,2025-03-01,3,231.3,34.5,8,9,59.3,73.9,3,4.3
P-000493,2025-04-01,4,239.0,48.4,4,11,52.4,87.2,3,3.94
P-000493,2025-05-01,5,230.8,25.2,6,8,69.8,68.3,3,3.9
P-000493,2025-06-01,6,237.6,28.5,5,14,67.7,73.3,4,3.99
P-000493,2025-07-01,7,227.4,35.8,2,12,53.2,68.9,4,4.17
P-000493,2025-08-01,8,234.4,31.9,6,11,63.6,71.9,4,3.09
P-000493,2025-09-01,9,249.6,42.1,8,10,60.6,89.5,5,4.29
P-000493,2025-10-01,10,168.8,2.7,3,6,88.7,16.5,5,1.64
P-000493,2025-11-01,11,179.1,7.3,2,4,97.0,22.0,3,1.26
P-000493,2025-12-01,12,179.8,7.9,1,4,97.2,18.9,4,1.05
P-000494,2025-01-01,1,180.9,1.5,1,4,93.6,21.1,2,1.31
P-000494,2025-02-01,2,177.5,3.7,0,3,86.4,19.7,2,1.25
P-000494,2025-03-01,3,183.1,5.9,5,4,93.8,27.3,2,1.15
P-000494,2025-04-01,4,232.2,24.1,3,6,64.6,59.9,2,3.05
P-000494,2025-05-01,5,165.0,9.7,0,6,98.2,14.5,1,1.94
P-000494,2025-06-01,6,183.1,0.0,4,3,94.6,26.5,2,1.32
P-000494,2025-07-01,7,179.7,6.1,1,4,92.5,18.3,1,1.68
P-000494,2025-08-01,8,167.0,10.2,2,6,93.7,22.1,1,1.65
P-000494,2025-09-01,9,169.0,0.0,1,3,99.5,7.7,1,1.39
P-000494,2025-10-01,10,178.2,5.7,2,3,87.5,18.5,1,1.43
P-000494,2025-11-01,11,178.4,9.1,2,4,86.5,24.4,3,1.22
P-000494,2025-12-01,12,163.4,5.9,2,6,82.9,21.5,1,1.6
P-000495,2025-01-01,1,185.6,6.2,1,4,89.1,23.0,3,1.31
P-000495,2025-02-01,2,166.6,9.0,4,3,90.4,27.5,5,1.74
P-000495,2025-03-01,3,241.1,36.6,3,10,66.6,73.9,4,3.99
P-000495,2025-04-01,4,240.7,39.2,6,10,52.8,79.2,4,4.05
P-000495,2025-05-01,5,231.0,45.0,9,9,64.4,84.0,5,4.4
P-000495,2025-06-01,6,223.6,27.7,8,14,65.2,76.1,4,3.61
P-000495,2025-07-01,7,246.6,47.3,6,12,55.0,90.5,4,4.24
P-000495,2025-08-01,8,251.3,49.1,6,12,60.4,88.6,5,4.74
P-000495,2025-09-01,9,242.2,28.2,4,14,60.5,77.8,4,4.39
P-000495,2025-10-01,10,180.6,10.5,3,7,101.5,29.4,4,1.38
P-000495,2025-11-01,11,169.4,2.8,3,6,88.6,26.1,4,1.9
P-000495,2025-12-01,12,176.5,10.3,1,5,92.3,18.9,4,1.53
P-000496,2025-01-01,1,171.9,7.1,0,6,95.4,10.3,1,1.0
P-000496,2025-02-01,2,172.9,12.7,1,4,94.1,19.3,2,1.16
P-000496,2025-03-01,3,181.9,7.3,2,5,91.7,19.6,2,1.58
P-000496,2025-04-01,4,213.7,31.0,5,6,66.7,54.1,1,2.37
P-000496,2025-05-01,5,171.2,11.0,1,5,92.6,21.8,2,1.66
P-000496,2025-06-01,6,181.8,1.0,4,4,93.6,22.3,1,1.2
P-000496,2025-07-01,7,164.7,3.8,2,4,94.2,16.5,1,1.67
P-000496,2025-08-01,8,171.0,8.3,4,6,98.4,23.4,1,1.0
P-000496,2025-09-01,9,172.6,11.3,4,5,97.2,28.2,2,1.85
P-000496,2025-10-01,10,172.6,8.1,5,5,93.5,26.9,1,1.55
P-000496,2025-11-01,11,173.2,7.1,1,6,85.8,27.4,1,1.69
P-000496,2025-12-01,12,174.1,4.1,2,4,91.3,25.9,1,1.52
P-000497,2025-01-01,1,173.3,0.0,1,4,97.1,15.2,3,1.57
P-000497,2025-02-01,2,181.5,8.9,1,4,89.4,25.3,3,1.92
P-000497,2025-03-01,3,183.7,4.7,4,3,89.2,22.1,3,1.11
P-000497,2025-04-01,4,243.7,46.5,6,15,60.9,85.6,4,4.06
P-000497,2025-05-01,5,231.7,39.6,6,5,66.4,74.9,3,3.61
P-000497,2025-06-01,6,235.0,38.9,6,9,63.6,79.4,4,4.09
P-000497,2025-07-01,7,228.9,57.8,5,8,52.3,79.2,3,3.7
P-000497,2025-08-01,8,227.5,42.1,7,12,57.8,71.0,4,3.66
P-000497,2025-09-01,9,176.2,7.5,3,5,96.7,20.9,3,1.63
P-000497,2025-10-01,10,170.7,3.7,1,5,93.9,14.8,4,1.38
P-000497,2025-11-01,11,181.7,5.6,2,4,88.2,22.8,4,1.48
P-000497,2025-12-01,12,177.5,9.7,5,7,94.0,35.6,3,1.42
P-000498,2025-01-01,1,167.1,5.6,2,5,94.5,21.0,2,1.23
P-000498,2025-02-01,2,175.4,0.0,1,3,96.1,13.5,1,1.4
P-000498,2025-03-01,3,178.0,5.4,3,6,89.8,20.3,2,1.94
P-000498,2025-04-01,4,181.1,7.7,1,4,101.0,14.8,2,1.0
P-000498,2025-05-01,5,176.4,0.0,5,4,87.8,25.2,2,1.6
P-000498,2025-06-01,6,183.1,0.2,4,5,99.8,24.2,2,1.0
P-000498,2025-07-01,7,179.3,2.2,3,5,91.5,20.7,3,1.11
P-000498,2025-08-01,8,185.3,8.6,0,4,95.7,16.6,2,1.0
P-000498,2025-09-01,9,179.1,5.1,2,4,87.3,25.8,2,1.76
P-000498,2025-10-01,10,181.5,11.1,1,5,93.3,20.3,1,1.52
P-000498,2025-11-01,11,169.6,11.5,0,6,95.9,16.2,2,1.54
P-000498,2025-12-01,12,181.5,4.0,1,6,96.3,24.7,3,1.44
P-000499,2025-01-01,1,177.7,2.8,3,4,89.5,25.7,4,1.21
P-000499,2025-02-01,2,184.0,0.0,0,4,90.3,12.1,5,1.21
P-000499,2025-03-01,3,170.4,4.4,5,5,90.8,20.8,3,1.05
P-000499,2025-04-01,4,231.5,45.5,3,11,55.7,77.8,4,3.81
P-000499,2025-05-01,5,250.0,47.1,4,10,52.6,85.4,4,4.14
P-000499,2025-06-01,6,228.6,31.1,5,12,55.4,74.8,3,4.09
P-000499,2025-07-01,7,239.6,38.3,9,8,61.3,75.2,4,3.4
P-000499,2025-08-01,8,233.5,36.8,6,11,64.6,79.2,4,4.65
P-000499,2025-09-01,9,180.4,9.1,2,4,91.8,18.4,3,1.37
P-000499,2025-10-01,10,173.3,0.4,4,3,98.4,18.0,5,1.83
P-000499,2025-11-01,11,181.5,4.6,4,3,87.4,25.1,4,1.43
P-000499,2025-12-01,12,165.4,10.1,4,3,89.9,15.6,4,1.0
P-000500,2025-01-01,1,175.5,4.0,2,5,97.0,18.9,2,1.34
P-000500,2025-02-01,2,170.9,0.8,2,4,99.9,11.8,3,1.0
P-000500,2025-03-01,3,185.2,11.0,2,3,92.1,25.0,3,1.81
P-000500,2025-04-01,4,179.4,8.6,4,7,87.3,28.1,3,1.4
P-000500,2025-05-01,5,171.6,11.3,1,5,91.0,13.7,2,1.07
P-000500,2025-06-01,6,158.1,9.1,2,6,93.9,21.5,2,1.53
P-000500,2025-07-01,7,173.8,6.2,2,6,91.7,20.2,2,1.11
P-000500,2025-08-01,8,171.0,3.3,2,5,91.0,21.2,2,1.64
P-000500,2025-09-01,9,177.2,9.8,2,4,93.2,17.5,2,1.3
P-000500,2025-10-01,10,178.5,1.8,4,6,96.9,23.0,2,1.25
P-000500,2025-11-01,11,183.7,7.4,1,5,98.7,23.0,2,1.0
P-000500,2025-12-01,12,169.8,2.3,2,5,99.2,18.7,2,1.24
P-000501,2025-01-01,1,171.4,3.9,2,5,95.2,21.0,4,2.2
P-000501,2025-02-01,2,184.0,11.2,0,4,88.2,26.2,3,1.89
P-000501,2025-03-01,3,235.7,34.7,11,12,66.9,79.5,4,3.66
P-000501,2025-04-01,4,234.4,51.5,5,11,53.3,85.6,4,3.81
P-000501,2025-05-01,5,239.4,33.9,3,11,56.3,76.1,4,3.66
P-000501,2025-06-01,6,241.5,47.9,4,11,62.3,79.8,4,3.76
P-000501,2025-07-01,7,228.6,33.7,7,11,67.2,72.9,3,3.37
P-000501,2025-08-01,8,242.0,40.9,6,8,59.3,81.1,4,3.57
P-000501,2025-09-01,9,231.6,43.1,2,9,55.3,71.7,3,4.61
P-000501,2025-10-01,10,182.0,0.0,1,5,91.4,16.6,4,1.0
P-000501,2025-11-01,11,173.2,6.0,0,6,97.9,15.9,5,1.45
P-000501,2025-12-01,12,179.6,6.1,2,4,87.0,23.8,4,1.4
P-000502,2025-01-01,1,170.4,8.1,1,4,91.3,17.4,2,1.5
P-000502,2025-02-01,2,186.5,9.1,1,4,97.4,24.5,1,1.28
P-000502,2025-03-01,3,171.8,9.3,4,4,100.4,30.9,1,1.87
P-000502,2025-04-01,4,215.8,41.6,1,11,57.4,63.2,2,3.86
P-000502,2025-05-01,5,182.8,8.5,2,4,102.5,22.5,2,1.83
P-000502,2025-06-01,6,172.5,7.3,3,4,92.5,20.1,2,1.25
P-000502,2025-07-01,7,166.9,2.2,3,4,100.3,17.9,1,1.18
P-000502,2025-08-01,8,171.9,12.4,2,4,86.7,23.5,2,1.44
P-000502,2025-09-01,9,176.0,6.9,2,5,91.0,20.6,2,1.0
P-000502,2025-10-01,10,168.2,5.6,3,5,92.6,19.7,2,1.84
P-000502,2025-11-01,11,176.0,7.8,2,4,90.8,22.2,2,1.0
P-000502,2025-12-01,12,191.0,7.3,2,5,80.1,20.5,2,1.65
P-000503,2025-01-01,1,172.0,9.2,3,5,90.4,23.9,5,1.32
P-000503,2025-02-01,2,175.8,3.3,3,5,90.6,19.5,3,1.44
P-000503,2025-03-01,3,237.7,43.1,8,9,56.9,88.9,5,5.0
P-000503,2025-04-01,4,241.7,37.8,5,9,60.4,78.5,5,4.92
P-000503,2025-05-01,5,229.3,37.5,5,9,64.1,67.2,3,3.79
P-000503,2025-06-01,6,226.4,37.6,4,8,62.9,69.6,3,3.08
P-000503,2025-07-01,7,240.4,50.6,9,10,52.4,92.7,5,4.67
P-000503,2025-08-01,8,227.0,56.1,1,12,48.1,79.1,4,3.99
P-000503,2025-09-01,9,237.5,40.7,4,12,61.8,81.6,4,4.2
P-000503,2025-10-01,10,162.2,4.6,1,5,93.3,17.2,5,1.0
P-000503,2025-11-01,11,193.0,1.5,0,5,89.2,17.8,4,1.49
P-000503,2025-12-01,12,177.9,6.1,2,5,95.6,22.5,4,1.81
P-000504,2025-01-01,1,185.5,2.1,2,5,96.4,21.2,2,1.28
P-000504,2025-02-01,2,179.3,7.9,2,4,91.2,18.4,2,1.71
P-000504,2025-03-01,3,178.0,8.9,2,6,85.3,27.9,2,1.37
P-000504,2025-04-01,4,173.3,3.4,2,3,93.3,17.8,1,1.54
P-000504,2025-05-01,5,184.1,0.0,1,5,88.4,19.7,2,1.44
P-000504,2025-06-01,6,170.5,5.0,1,5,91.5,21.1,2,1.61
P-000504,2025-07-01,7,183.4,5.9,2,6,89.1,27.8,2,1.97
P-000504,2025-08-01,8,177.2,8.5,3,4,86.7,24.1,2,1.68
P-000504,2025-09-01,9,163.9,7.7,3,6,94.3,21.4,2,2.11
P-000504,2025-10-01,10,173.8,1.9,1,5,92.8,17.5,1,1.0
P-000504,2025-11-01,11,169.9,6.0,4,5,89.6,21.8,2,1.04
P-000504,2025-12-01,12,170.3,9.4,1,5,90.1,18.9,1,1.11
P-000505,2025-01-01,1,177.4,2.0,0,4,99.4,22.9,1,1.55
P-000505,2025-02-01,2,175.4,5.6,2,4,94.7,17.7,2,1.34
P-000505,2025-03-01,3,179.5,4.2,3,5,88.6,23.3,1,1.53
P-000505,2025-04-01,4,217.5,27.2,3,9,71.0,50.7,1,2.28
P-000505,2025-05-01,5,176.9,3.6,1,5,94.3,19.5,2,1.0
P-000505,2025-06-01,6,173.3,5.1,4,4,88.2,22.0,3,1.64
P-000505,2025-07-01,7,178.9,5.9,3,5,87.1,25.8,1,1.4
P-000505,2025-08-01,8,167.1,0.8,3,6,103.5,18.1,2,1.72
P-000505,2025-09-01,9,182.6,8.5,0,5,98.9,18.7,2,1.62
P-000505,2025-10-01,10,177.9,4.5,2,5,94.2,20.4,2,1.48
P-000505,2025-11-01,11,173.1,5.3,4,4,93.0,18.2,1,1.0
P-000505,2025-12-01,12,176.9,1.2,3,4,95.5,16.0,1,1.18
P-000506,2025-01-01,1,182.0,7.1,1,4,98.6,18.9,1,1.56
P-000506,2025-02-01,2,243.5,46.0,6,13,52.4,88.5,4,5.0
P-000506,2025-03-01,3,245.7,35.4,7,12,64.0,83.2,4,4.56
P-000506,2025-04-01,4,238.8,28.8,8,11,56.6,74.9,4,4.34
P-000506,2025-05-01,5,229.1,45.6,6,7,64.7,75.9,4,3.82
P-000506,2025-06-01,6,172.7,9.7,2,6,88.1,24.9,1,1.29
P-000506,2025-07-01,7,171.6,14.3,2,4,89.2,26.1,1,1.6
P-000506,2025-08-01,8,170.6,7.8,2,6,86.4,22.7,1,1.62
P-000506,2025-09-01,9,179.2,8.9,2,4,92.4,25.7,1,1.56
P-000506,2025-10-01,10,181.1,7.7,3,4,95.8,21.4,1,1.52
P-000506,2025-11-01,11,182.9,7.6,1,4,92.2,21.6,1,1.46
P-000506,2025-12-01,12,180.3,7.8,5,3,88.6,26.7,1,1.0
P-000507,2025-01-01,1,186.4,3.5,5,4,96.2,35.0,2,1.82
P-000507,2025-02-01,2,179.5,0.0,4,4,97.9,22.6,1,1.27
P-000507,2025-03-01,3,181.7,7.4,1,5,92.5,28.8,1,1.36
P-000507,2025-04-01,4,215.1,46.1,7,9,54.6,73.5,2,2.69
P-000507,2025-05-01,5,207.8,26.5,4,10,55.9,52.9,1,2.36
P-000507,2025-06-01,6,184.6,2.6,1,3,95.8,15.8,2,1.08
P-000507,2025-07-01,7,167.2,13.9,0,7,91.0,22.0,2,1.33
P-000507,2025-08-01,8,169.4,12.3,5,4,93.6,24.2,2,1.32
P-000507,2025-09-01,9,168.8,11.5,3,5,97.5,20.7,1,1.07
P-000507,2025-10-01,10,176.1,10.7,1,5,87.8,23.4,1,1.29
P-000507,2025-11-01,11,172.3,3.4,5,4,91.2,18.8,3,1.45
P-000507,2025-12-01,12,170.1,12.9,0,4,93.6,18.5,2,1.2
P-000508,2025-01-01,1,187.1,4.8,2,3,97.2,18.6,3,1.18
P-000508,2025-02-01,2,169.8,3.7,2,5,93.2,19.3,5,1.55
P-000508,2025-03-01,3,178.4,9.7,0,4,96.7,16.6,4,1.73
P-000508,2025-04-01,4,224.6,35.2,3,11,59.8,67.1,3,3.98
P-000508,2025-05-01,5,236.0,38.9,6,9,62.6,77.5,4,4.53
P-000508,2025-06-01,6,244.2,37.3,8,7,51.1,90.8,5,4.55
P-000508,2025-07-01,7,227.1,25.6,7,12,63.6,74.9,4,4.18
P-000508,2025-08-01,8,235.9,40.8,3,11,74.2,75.8,4,4.06
P-000508,2025-09-01,9,175.2,12.3,2,4,94.8,15.3,4,1.33
P-000508,2025-10-01,10,178.3,0.0,2,3,94.0,19.8,4,1.67
P-000508,2025-11-01,11,185.9,8.6,4,4,91.5,26.8,4,1.24
P-000508,2025-12-01,12,178.0,8.9,1,4,95.4,22.5,5,1.73
P-000509,2025-01-01,1,177.0,1.1,1,6,96.2,12.5,1,1.0
P-000509,2025-02-01,2,180.3,8.2,1,5,95.0,20.2,1,1.12
P-000509,2025-03-01,3,170.5,4.9,2,3,88.7,16.5,2,1.11
P-000509,2025-04-01,4,218.2,25.4,6,10,64.9,64.0,2,3.08
P-000509,2025-05-01,5,226.0,21.8,3,9,62.6,62.3,2,3.04
P-000509,2025-06-01,6,169.5,8.9,3,5,88.4,25.5,2,1.54
P-000509,2025-07-01,7,173.5,10.0,2,4,94.9,24.8,1,1.36
P-000509,2025-08-01,8,165.0,5.6,0,6,94.0,14.8,2,1.0
P-000509,2025-09-01,9,173.1,0.0,2,5,94.6,18.1,2,1.2
P-000509,2025-10-01,10,185.5,6.1,1,5,93.5,27.9,1,1.23
P-000509,2025-11-01,11,174.8,9.5,2,4,92.7,20.8,1,1.25
P-000509,2025-12-01,12,165.6,5.2,2,5,87.9,17.1,1,1.81
P-000510,2025-01-01,1,174.5,5.2,2,4,92.8,17.5,5,1.96
P-000510,2025-02-01,2,177.8,5.1,4,5,90.1,25.8,4,1.36
P-000510,2025-03-01,3,178.1,1.1,2,5,100.8,17.1,4,1.0
P-000510,2025-04-01,4,227.8,56.6,1,11,48.5,78.7,4,3.84
P-000510,2025-05-01,5,240.4,45.7,6,12,62.3,83.9,5,4.73
P-000510,2025-06-01,6,242.8,45.3,7,9,60.7,86.5,5,4.58
P-000510,2025-07-01,7,247.0,42.1,8,10,64.9,88.0,4,3.94
P-000510,2025-08-01,8,251.3,39.7,6,7,59.8,81.4,4,3.8
P-000510,2025-09-01,9,239.6,48.1,3,9,53.6,78.9,4,4.06
P-000510,2025-10-01,10,252.8,52.5,5,11,51.2,94.6,5,4.86
P-000510,2025-11-01,11,239.1,44.0,7,11,58.2,84.6,5,4.53
P-000510,2025-12-01,12,177.0,7.4,5,4,99.5,24.0,5,1.92
P-000511,2025-01-01,1,166.1,0.0,5,5,100.5,22.0,1,1.61
P-000511,2025-02-01,2,257.9,30.5,2,10,62.2,75.3,4,4.16
P-000511,2025-03-01,3,226.6,42.9,6,14,57.7,75.7,4,4.79
P-000511,2025-04-01,4,237.7,27.2,2,8,58.1,73.2,4,4.64
P-000511,2025-05-01,5,238.1,56.3,3,9,57.2,80.4,4,3.52
P-000511,2025-06-01,6,176.4,3.7,2,4,91.5,18.7,1,1.1
P-000511,2025-07-01,7,175.2,2.3,4,3,98.0,18.5,1,1.28
P-000511,2025-08-01,8,180.0,5.5,3,4,97.0,27.8,1,1.79
P-000511,2025-09-01,9,181.8,11.9,1,6,92.0,24.0,1,1.0
P-000511,2025-10-01,10,178.1,7.4,2,5,96.0,24.6,1,1.39
P-000511,2025-11-01,11,189.6,7.5,2,5,91.4,26.5,1,1.02
P-000511,2025-12-01,12,182.0,4.8,1,4,93.3,17.4,1,1.15
P-000512,2025-01-01,1,176.6,4.3,5,4,93.8,22.0,4,1.24
P-000512,2025-02-01,2,181.9,3.4,1,4,97.3,12.6,5,1.33
P-000512,2025-03-01,3,179.5,3.6,3,5,94.7,24.4,4,1.45
P-000512,2025-04-01,4,240.8,36.1,5,12,67.8,78.2,5,4.33
P-000512,2025-05-01,5,232.4,41.8,10,10,45.1,82.5,5,3.81
P-000512,2025-06-01,6,242.1,41.7,6,8,55.4,79.4,5,5.0
P-000512,2025-07-01,7,248.4,43.5,7,9,64.3,86.8,5,4.63
P-000512,2025-08-01,8,237.6,29.1,3,12,72.9,70.8,5,4.74
P-000512,2025-09-01,9,246.2,31.0,6,10,66.4,78.2,4,3.76
P-000512,2025-10-01,10,231.9,36.7,8,13,62.8,79.1,4,4.46
P-000512,2025-11-01,11,250.5,43.5,6,15,52.7,90.5,5,4.1
P-000512,2025-12-01,12,177.3,9.6,2,6,96.0,19.8,5,1.83
P-000513,2025-01-01,1,169.0,7.0,2,4,94.9,15.8,2,1.05
P-000513,2025-02-01,2,180.4,5.9,2,4,91.1,20.0,2,1.17
P-000513,2025-03-01,3,182.0,6.2,3,7,96.5,28.7,2,1.24
P-000513,2025-04-01,4,176.0,9.4,1,6,93.2,20.0,2,1.54
P-000513,2025-05-01,5,181.6,3.6,1,5,95.0,21.2,2,1.38
P-000513,2025-06-01,6,248.3,48.7,4,10,51.4,86.9,4,4.34
P-000513,2025-07-01,7,241.6,38.9,8,12,65.1,79.9,4,3.54
P-000513,2025-08-01,8,163.0,6.7,2,6,95.4,15.1,2,1.57
P-000513,2025-09-01,9,174.7,6.8,2,4,98.1,18.6,2,1.02
P-000513,2025-10-01,10,176.4,4.2,0,5,93.0,8.3,2,1.0
P-000513,2025-11-01,11,178.5,6.6,5,4,95.4,23.1,2,1.54
P-000513,2025-12-01,12,169.7,13.2,3,6,87.8,24.3,2,1.66
P-000514,2025-01-01,1,171.2,5.6,3,5,93.5,21.7,4,1.08
P-000514,2025-02-01,2,185.3,3.4,3,5,91.7,25.4,4,1.36
P-000514,2025-03-01,3,175.4,9.7,3,5,96.7,24.0,5,1.0
P-000514,2025-04-01,4,241.8,40.2,5,9,65.2,76.0,4,4.48
P-000514,2025-05-01,5,245.4,40.2,12,12,58.0,93.7,5,4.04
P-000514,2025-06-01,6,244.9,42.8,6,11,51.3,82.7,5,4.01
P-000514,2025-07-01,7,238.5,37.9,5,13,50.8,79.8,4,4.0
P-000514,2025-08-01,8,231.0,34.0,4,13,58.6,71.5,4,3.77
P-000514,2025-09-01,9,249.9,46.6,7,12,60.8,91.5,5,4.04
P-000514,2025-10-01,10,237.7,48.5,7,11,51.6,92.6,5,4.72
P-000514,2025-11-01,11,258.2,43.6,12,12,56.2,98.0,5,4.64
P-000514,2025-12-01,12,176.5,1.7,4,6,90.0,26.5,4,1.89
P-000515,2025-01-01,1,175.8,4.2,3,4,95.4,21.6,2,1.03
P-000515,2025-02-01,2,181.0,3.2,0,5,90.5,15.4,2,1.55
P-000515,2025-03-01,3,170.6,12.6,3,3,93.8,20.8,2,1.55
P-000515,2025-04-01,4,177.4,15.1,3,6,95.4,23.6,3,1.8
P-000515,2025-05-01,5,214.1,26.0,2,8,62.9,58.3,1,3.16
P-000515,2025-06-01,6,177.3,2.6,1,5,92.8,14.3,1,1.5
P-000515,2025-07-01,7,175.9,4.9,4,6,94.0,25.0,2,1.69
P-000515,2025-08-01,8,169.8,8.7,4,5,88.1,24.7,2,1.4
P-000515,2025-09-01,9,182.1,2.4,0,6,96.4,18.8,2,2.03
P-000515,2025-10-01,10,179.9,10.9,4,6,90.6,27.0,2,1.41
P-000515,2025-11-01,11,174.7,3.7,1,4,96.2,12.2,2,1.52
P-000515,2025-12-01,12,181.0,3.6,1,4,96.6,19.3,1,1.07
P-000516,2025-01-01,1,180.7,5.8,3,4,90.7,18.1,2,1.5
P-000516,2025-02-01,2,178.4,11.8,2,5,92.8,23.3,1,1.42
P-000516,2025-03-01,3,163.2,1.4,4,6,88.5,18.9,2,1.58
P-000516,2025-04-01,4,178.0,0.0,2,4,93.3,18.8,2,1.29
P-000516,2025-05-01,5,179.7,0.0,1,5,98.8,12.5,1,1.1
P-000516,2025-06-01,6,163.3,5.8,1,3,92.8,11.5,1,1.67
P-000516,2025-07-01,7,170.9,5.9,1,6,94.1,13.9,1,1.19
P-000516,2025-08-01,8,186.7,5.0,5,5,86.3,29.2,1,1.11
P-000516,2025-09-01,9,176.7,13.4,1,4,88.3,21.8,2,1.52
P-000516,2025-10-01,10,168.4,14.3,1,5,92.5,20.6,1,1.56
P-000516,2025-11-01,11,173.1,14.5,0,4,88.1,19.3,2,1.89
P-000516,2025-12-01,12,168.6,12.8,4,5,85.6,22.0,2,1.71
P-000517,2025-01-01,1,170.2,5.7,4,7,96.4,27.0,3,1.59
P-000517,2025-02-01,2,171.2,2.8,3,6,96.6,21.6,4,1.24
P-000517,2025-03-01,3,175.3,6.9,1,6,95.6,22.2,4,1.29
P-000517,2025-04-01,4,230.4,50.4,6,16,53.8,88.6,4,4.21
P-000517,2025-05-01,5,251.9,40.1,4,12,55.0,81.7,4,3.33
P-000517,2025-06-01,6,238.9,48.5,4,10,57.2,84.1,5,4.56
P-000517,2025-07-01,7,230.8,33.8,4,9,55.8,70.7,4,4.32
P-000517,2025-08-01,8,220.7,39.7,4,7,55.4,68.7,4,4.16
P-000517,2025-09-01,9,176.8,11.0,2,5,89.5,23.8,4,1.0
P-000517,2025-10-01,10,168.1,7.1,1,3,94.8,14.5,5,1.37
P-000517,2025-11-01,11,169.5,10.5,5,4,91.6,21.8,5,1.22
P-000517,2025-12-01,12,168.6,11.2,5,6,87.5,26.1,5,1.19
P-000518,2025-01-01,1,176.4,3.0,1,3,96.8,12.2,4,1.17
P-000518,2025-02-01,2,166.9,10.6,2,5,101.2,19.9,4,1.44
P-000518,2025-03-01,3,177.0,9.2,2,5,91.9,15.7,5,1.54
P-000518,2025-04-01,4,228.9,38.3,6,9,62.0,76.6,3,4.28
P-000518,2025-05-01,5,245.0,44.5,5,7,59.7,76.2,4,3.54
P-000518,2025-06-01,6,230.6,33.0,4,10,63.6,70.5,3,4.09
P-000518,2025-07-01,7,232.9,41.4,11,10,43.5,90.9,4,4.12
P-000518,2025-08-01,8,232.8,47.3,4,12,53.1,75.6,3,3.43
P-000518,2025-09-01,9,174.7,6.4,2,5,93.5,20.0,4,1.19
P-000518,2025-10-01,10,181.0,7.7,3,3,96.2,23.8,3,1.97
P-000518,2025-11-01,11,170.9,5.9,4,6,95.4,20.1,4,1.92
P-000518,2025-12-01,12,182.6,7.5,2,6,90.4,26.9,4,1.28
P-000519,2025-01-01,1,180.8,9.9,2,6,90.7,23.0,1,1.13
P-000519,2025-02-01,2,172.2,15.1,1,5,83.5,22.3,2,1.21
P-000519,2025-03-01,3,179.9,3.8,3,5,91.9,25.5,2,1.77
P-000519,2025-04-01,4,174.6,4.6,0,3,88.6,15.6,2,1.65
P-000519,2025-05-01,5,158.6,4.0,5,6,91.3,26.0,2,1.53
P-000519,2025-06-01,6,175.7,6.9,1,6,90.8,14.6,2,1.15
P-000519,2025-07-01,7,178.1,0.2,0,6,95.1,17.1,1,1.38
P-000519,2025-08-01,8,178.0,5.3,2,3,92.4,18.4,2,1.16
P-000519,2025-09-01,9,168.6,8.4,1,4,97.1,17.5,1,1.6
P-000519,2025-10-01,10,183.6,8.7,1,5,92.2,27.6,1,1.52
P-000519,2025-11-01,11,169.9,11.9,4,5,95.4,20.9,2,1.0
P-000519,2025-12-01,12,173.8,6.5,5,5,95.0,27.0,2,1.4
P-000520,2025-01-01,1,183.3,6.0,1,4,86.7,16.3,2,1.37
P-000520,2025-02-01,2,180.7,2.2,1,5,100.7,15.7,2,1.71
P-000520,2025-03-01,3,177.0,4.9,0,6,96.0,26.2,2,1.52
P-000520,2025-04-01,4,181.3,6.2,2,4,93.8,23.5,2,1.75
P-000520,2025-05-01,5,174.7,1.6,3,4,90.3,19.4,2,1.99
P-000520,2025-06-01,6,232.9,37.4,3,12,61.3,72.7,4,4.77
P-000520,2025-07-01,7,237.5,38.3,2,10,60.5,64.7,4,3.96
P-000520,2025-08-01,8,174.4,9.8,4,6,96.2,20.9,2,1.0
P-000520,2025-09-01,9,173.1,5.4,2,5,98.8,15.7,2,1.46
P-000520,2025-10-01,10,171.5,0.0,4,4,93.8,13.9,2,1.27
P-000520,2025-11-01,11,171.3,7.2,2,4,101.6,21.0,2,1.95
P-000520,2025-12-01,12,170.0,2.7,2,6,95.1,17.2,2,1.43
P-000521,2025-01-01,1,173.6,3.5,3,4,93.4,18.5,5,1.1
P-000521,2025-02-01,2,191.7,3.1,4,3,98.9,26.7,4,1.83
P-000521,2025-03-01,3,171.1,5.0,3,3,86.2,15.9,5,1.28
P-000521,2025-04-01,4,243.0,45.0,5,15,58.1,87.3,5,4.48
P-000521,2025-05-01,5,232.9,34.7,7,9,61.6,75.0,4,3.48
P-000521,2025-06-01,6,255.7,30.9,5,14,60.9,82.1,5,4.63
P-000521,2025-07-01,7,238.7,46.1,7,11,51.7,87.4,5,4.52
P-000521,2025-08-01,8,242.3,39.3,5,14,68.5,82.8,5,4.19
P-000521,2025-09-01,9,235.0,38.0,8,12,51.8,80.5,4,3.98
P-000521,2025-10-01,10,246.7,54.3,5,9,47.8,88.5,5,4.43
P-000521,2025-11-01,11,239.5,36.4,7,13,55.2,86.2,5,4.87
P-000521,2025-12-01,12,171.0,0.0,2,5,91.1,18.7,5,1.95
P-000522,2025-01-01,1,181.1,1.1,2,4,102.5,18.7,3,1.1
P-000522,2025-02-01,2,159.6,12.5,3,4,91.0,22.3,1,1.72
P-000522,2025-03-01,3,161.6,0.0,3,4,88.5,16.8,2,1.41
P-000522,2025-04-01,4,218.4,20.2,3,12,69.4,59.6,2,3.07
P-000522,2025-05-01,5,171.3,11.8,2,5,82.5,20.7,1,1.0
P-000522,2025-06-01,6,173.9,10.8,2,4,98.4,19.3,1,1.85
P-000522,2025-07-01,7,175.3,3.7,1,5,94.8,14.0,1,1.37
P-000522,2025-08-01,8,182.2,7.3,1,4,95.4,21.4,1,1.51
P-000522,2025-09-01,9,166.3,8.2,2,5,94.1,19.2,3,1.0
P-000522,2025-10-01,10,178.6,7.4,2,5,96.5,23.4,1,1.63
P-000522,2025-11-01,11,173.1,2.3,4,3,97.3,18.6,1,1.22
P-000522,2025-12-01,12,170.2,12.3,2,4,99.0,21.0,1,1.72
P-000523,2025-01-01,1,180.3,2.4,2,5,80.1,26.7,4,1.68
P-000523,2025-02-01,2,185.0,8.6,3,5,96.4,23.5,4,1.03
P-000523,2025-03-01,3,178.5,4.0,0,4,86.3,15.7,5,1.55
P-000523,2025-04-01,4,248.3,33.7,10,13,55.7,90.0,5,4.37
P-000523,2025-05-01,5,229.6,43.6,9,7,50.5,90.5,4,4.67
P-000523,2025-06-01,6,245.7,37.9,6,14,62.1,83.8,4,3.56
P-000523,2025-07-01,7,222.5,47.1,7,11,59.6,80.6,4,4.25
P-000523,2025-08-01,8,242.7,40.4,3,13,70.3,76.9,4,3.95
P-000523,2025-09-01,9,237.7,38.5,9,10,56.7,84.0,5,4.26
P-000523,2025-10-01,10,221.6,42.9,8,14,47.8,85.3,4,3.95
P-000523,2025-11-01,11,242.4,39.9,6,13,53.8,82.5,5,4.55
P-000523,2025-12-01,12,177.5,7.9,2,4,85.4,23.7,5,1.65
P-000524,2025-01-01,1,171.2,7.4,1,5,85.5,18.5,1,1.63
P-000524,2025-02-01,2,171.3,7.8,5,5,93.7,20.4,1,1.18
P-000524,2025-03-01,3,175.3,10.4,4,3,98.1,29.4,2,1.21
P-000524,2025-04-01,4,170.9,9.1,0,6,91.7,14.6,2,1.76
P-000524,2025-05-01,5,170.5,13.2,0,4,92.4,19.8,1,1.56
P-000524,2025-06-01,6,177.5,3.1,2,4,95.3,23.9,3,1.27
P-000524,2025-07-01,7,175.4,5.1,1,5,90.0,12.3,2,1.96
P-000524,2025-08-01,8,185.8,1.4,1,3,91.8,16.7,2,1.59
P-000524,2025-09-01,9,168.8,3.2,2,4,97.5,14.2,3,1.29
P-000524,2025-10-01,10,169.7,9.4,3,4,92.6,22.6,2,1.8
P-000524,2025-11-01,11,185.5,6.1,3,5,91.0,24.8,1,1.56
P-000524,2025-12-01,12,179.8,3.9,0,6,94.6,21.8,1,1.16
P-000525,2025-01-01,1,166.5,8.3,5,4,83.1,15.2,1,1.2
P-000525,2025-02-01,2,161.9,3.7,5,4,96.1,16.3,2,1.45
P-000525,2025-03-01,3,182.9,6.8,2,4,89.2,24.2,2,1.46
P-000525,2025-04-01,4,216.9,29.2,4,6,61.7,55.6,1,2.91
P-000525,2025-05-01,5,169.9,11.2,3,3,90.1,20.8,3,1.46
P-000525,2025-06-01,6,169.7,8.9,2,4,93.4,17.7,1,1.33
P-000525,2025-07-01,7,177.8,6.4,0,5,96.7,15.3,2,1.4
P-000525,2025-08-01,8,182.4,5.3,1,3,97.1,17.5,2,1.17
P-000525,2025-09-01,9,179.0,8.9,2,4,93.0,14.8,1,1.05
P-000525,2025-10-01,10,175.4,1.8,0,6,93.7,11.9,2,1.95
P-000525,2025-11-01,11,178.2,3.4,3,4,95.2,16.5,2,1.66
P-000525,2025-12-01,12,178.4,18.2,1,3,91.5,26.9,2,1.0
P-000526,2025-01-01,1,169.3,2.7,4,7,96.0,23.3,2,1.22
P-000526,2025-02-01,2,176.7,12.3,3,5,93.4,24.3,2,1.37
P-000526,2025-03-01,3,177.4,7.1,1,4,94.1,20.2,2,1.64
P-000526,2025-04-01,4,172.0,10.5,3,5,99.2,20.5,2,1.1
P-000526,2025-05-01,5,165.6,6.1,2,5,87.1,19.1,2,1.51
P-000526,2025-06-01,6,178.8,0.9,2,5,99.1,19.7,1,1.81
P-000526,2025-07-01,7,178.0,15.9,1,3,92.1,21.4,1,1.02
P-000526,2025-08-01,8,167.0,4.7,1,4,94.5,6.3,3,1.0
P-000526,2025-09-01,9,181.0,5.3,2,4,95.3,21.9,1,1.38
P-000526,2025-10-01,10,177.7,6.6,4,6,94.3,26.8,2,1.36
P-000526,2025-11-01,11,176.1,1.5,4,3,92.9,25.7,1,1.88
P-000526,2025-12-01,12,175.8,7.0,2,3,97.2,20.7,1,1.05
P-000527,2025-01-01,1,174.6,7.0,4,3,96.2,22.7,4,1.38
P-000527,2025-02-01,2,173.2,1.4,1,4,86.3,12.7,5,1.1
P-000527,2025-03-01,3,172.0,2.3,1,5,93.3,20.4,4,1.75
P-000527,2025-04-01,4,249.1,46.5,2,13,62.4,78.9,5,4.38
P-000527,2025-05-01,5,243.8,54.4,5,9,50.3,89.7,5,4.6
P-000527,2025-06-01,6,245.3,36.1,7,10,62.6,81.3,5,5.0
P-000527,2025-07-01,7,230.4,44.9,6,11,66.2,80.0,4,4.59
P-000527,2025-08-01,8,256.0,45.0,5,10,68.9,84.0,5,4.09
P-000527,2025-09-01,9,238.1,37.6,5,12,66.0,80.5,4,4.21
P-000527,2025-10-01,10,229.6,44.6,2,8,54.4,74.3,4,4.53
P-000527,2025-11-01,11,248.2,38.6,5,13,63.9,90.1,5,4.56
P-000527,2025-12-01,12,176.8,1.7,2,6,90.9,21.9,4,1.72
P-000528,2025-01-01,1,182.1,7.8,1,6,96.3,20.8,3,1.48
P-000528,2025-02-01,2,179.9,9.3,2,3,98.3,22.8,3,1.37
P-000528,2025-03-01,3,243.5,51.7,7,12,59.2,94.5,5,4.92
P-000528,2025-04-01,4,235.1,35.5,7,10,56.9,74.0,4,3.69
P-000528,2025-05-01,5,242.4,30.4,8,9,62.6,81.7,4,5.0
P-000528,2025-06-01,6,244.6,39.7,7,6,59.6,79.4,5,4.21
P-000528,2025-07-01,7,233.0,36.4,6,10,65.2,78.1,4,4.14
P-000528,2025-08-01,8,237.4,42.1,9,10,66.2,81.5,3,3.27
P-000528,2025-09-01,9,239.6,39.3,8,13,56.1,84.1,4,4.33
P-000528,2025-10-01,10,172.6,7.1,0,5,103.9,12.5,5,1.35
P-000528,2025-11-01,11,177.8,6.4,3,4,90.7,21.5,5,1.52
P-000528,2025-12-01,12,172.4,7.0,1,5,98.2,21.6,4,1.58
P-000529,2025-01-01,1,183.3,14.9,1,4,82.5,28.1,4,1.56
P-000529,2025-02-01,2,178.4,4.0,1,4,88.8,19.9,4,1.36
P-000529,2025-03-01,3,174.8,6.4,3,6,94.7,21.1,4,1.32
P-000529,2025-04-01,4,242.7,34.3,7,12,72.2,81.4,5,4.64
P-000529,2025-05-01,5,238.5,41.7,7,14,61.1,81.9,4,3.78
P-000529,2025-06-01,6,245.2,46.3,7,11,47.0,89.1,5,4.63
P-000529,2025-07-01,7,240.6,45.2,6,15,56.4,83.0,4,3.6
P-000529,2025-08-01,8,239.6,40.0,3,10,59.9,73.2,4,4.62
P-000529,2025-09-01,9,240.4,31.6,6,6,62.2,72.7,4,3.43
P-000529,2025-10-01,10,224.1,38.7,11,8,69.7,73.6,4,3.41
P-000529,2025-11-01,11,236.5,39.7,8,12,61.4,85.0,4,4.45
P-000529,2025-12-01,12,172.6,0.3,0,6,95.2,13.8,5,1.41
P-000530,2025-01-01,1,187.9,12.0,1,4,92.1,25.8,2,1.53
P-000530,2025-02-01,2,170.6,4.6,3,4,96.0,23.3,3,2.12
P-000530,2025-03-01,3,172.4,5.5,3,3,96.9,23.3,1,1.0
P-000530,2025-04-01,4,187.7,1.5,2,4,93.8,18.5,3,1.0
P-000530,2025-05-01,5,180.5,9.1,0,5,91.5,24.6,2,1.13
P-000530,2025-06-01,6,177.4,8.2,2,5,89.6,24.5,2,1.15
P-000530,2025-07-01,7,178.7,6.1,2,5,90.3,29.3,2,1.72
P-000530,2025-08-01,8,159.8,7.8,3,4,88.3,18.0,3,1.5
P-000530,2025-09-01,9,176.8,8.0,4,5,90.7,25.1,2,1.25
P-000530,2025-10-01,10,177.3,5.3,1,3,92.2,20.9,1,1.21
P-000530,2025-11-01,11,167.8,2.1,1,3,95.9,14.6,2,1.17
P-000530,2025-12-01,12,168.8,4.5,0,4,92.7,12.8,2,1.67
P-000531,2025-01-01,1,176.4,6.4,3,5,97.9,18.7,4,1.13
P-000531,2025-02-01,2,181.7,2.2,0,3,105.7,16.2,3,1.69
P-000531,2025-03-01,3,179.1,0.2,2,3,89.7,21.3,4,1.08
P-000531,2025-04-01,4,234.5,48.8,8,11,54.2,89.7,4,4.25
P-000531,2025-05-01,5,237.7,31.1,8,14,57.1,80.3,5,4.94
P-000531,2025-06-01,6,234.4,37.7,7,11,66.6,78.3,4,3.61
P-000531,2025-07-01,7,225.6,43.7,7,7,59.8,78.6,3,3.73
P-000531,2025-08-01,8,238.0,45.2,6,9,71.2,81.7,4,4.42
P-000531,2025-09-01,9,175.2,0.0,3,5,96.9,19.1,4,1.59
P-000531,2025-10-01,10,174.0,4.5,3,5,91.0,24.7,4,1.8
P-000531,2025-11-01,11,179.0,3.2,2,4,96.6,25.9,3,1.78
P-000531,2025-12-01,12,172.3,11.9,0,4,88.8,19.5,5,1.3
P-000532,2025-01-01,1,166.7,10.3,1,4,89.5,12.3,5,1.01
P-000532,2025-02-01,2,183.6,5.7,2,5,93.1,20.3,4,1.52
P-000532,2025-03-01,3,168.8,3.1,2,6,99.7,10.6,3,1.71
P-000532,2025-04-01,4,241.8,33.7,6,7,58.2,74.8,3,4.03
P-000532,2025-05-01,5,235.7,39.3,7,11,56.9,79.6,4,4.21
P-000532,2025-06-01,6,240.0,34.0,7,12,53.1,83.0,4,3.52
P-000532,2025-07-01,7,229.1,36.7,6,8,62.8,69.2,3,3.34
P-000532,2025-08-01,8,242.4,41.0,8,11,61.0,82.1,5,4.87
P-000532,2025-09-01,9,173.1,3.5,0,5,90.6,16.6,4,1.26
P-000532,2025-10-01,10,178.3,6.6,4,4,93.6,27.2,4,2.18
P-000532,2025-11-01,11,187.3,9.3,2,6,98.6,19.1,4,1.48
P-000532,2025-12-01,12,172.2,9.0,3,5,90.1,21.7,4,1.61
P-000533,2025-01-01,1,174.7,10.1,3,6,90.8,25.5,1,1.62
P-000533,2025-02-01,2,167.3,14.0,2,4,90.0,24.9,1,1.23
P-000533,2025-03-01,3,176.0,7.4,3,4,97.7,22.4,3,1.22
P-000533,2025-04-01,4,155.7,3.4,3,3,95.4,11.1,2,1.52
P-000533,2025-05-01,5,188.0,7.7,3,6,90.8,23.0,1,1.3
P-000533,2025-06-01,6,167.7,1.3,0,3,97.2,16.5,2,1.39
P-000533,2025-07-01,7,177.3,2.3,0,5,89.6,20.9,1,1.62
P-000533,2025-08-01,8,172.2,7.1,2,4,92.4,18.1,1,1.58
P-000533,2025-09-01,9,167.5,8.0,3,5,99.4,15.9,2,1.23
P-000533,2025-10-01,10,174.8,8.5,2,3,92.2,12.9,1,1.17
P-000533,2025-11-01,11,182.8,5.9,3,5,90.3,28.0,2,1.71
P-000533,2025-12-01,12,181.2,2.4,0,4,97.0,17.5,2,1.67
P-000534,2025-01-01,1,172.1,5.4,0,5,100.0,15.9,2,1.69
P-000534,2025-02-01,2,176.8,5.9,2,4,98.9,17.4,2,1.26
P-000534,2025-03-01,3,180.5,10.9,2,3,90.5,20.4,2,1.14
P-000534,2025-04-01,4,176.0,3.0,3,4,94.7,19.4,2,1.17
P-000534,2025-05-01,5,183.7,3.1,3,4,94.0,22.9,2,1.55
P-000534,2025-06-01,6,232.7,33.6,6,13,62.7,78.1,4,4.68
P-000534,2025-07-01,7,231.4,44.0,10,10,52.0,87.6,4,4.1
P-000534,2025-08-01,8,179.4,6.5,1,4,96.2,14.0,2,1.09
P-000534,2025-09-01,9,173.3,9.5,3,4,96.1,22.7,2,1.11
P-000534,2025-10-01,10,174.5,11.3,0,3,87.9,17.6,2,1.0
P-000534,2025-11-01,11,172.9,4.9,1,6,89.8,18.6,2,1.39
P-000534,2025-12-01,12,176.4,5.5,1,3,91.4,15.6,2,1.46
P-000535,2025-01-01,1,182.6,5.5,2,5,99.3,28.9,4,1.0
P-000535,2025-02-01,2,166.7,6.4,2,5,87.7,16.6,4,1.63
P-000535,2025-03-01,3,238.8,27.7,10,10,64.2,79.0,4,4.15
P-000535,2025-04-01,4,243.3,42.0,4,8,49.2,82.6,4,4.35
P-000535,2025-05-01,5,235.5,41.0,7,11,56.1,82.1,4,4.16
P-000535,2025-06-01,6,225.5,30.7,5,8,65.5,64.5,3,3.68
P-000535,2025-07-01,7,245.8,37.7,7,14,65.9,86.1,4,4.38
P-000535,2025-08-01,8,232.9,41.3,6,6,52.5,73.3,3,4.03
P-000535,2025-09-01,9,247.6,39.7,3,9,57.2,74.4,4,3.85
P-000535,2025-10-01,10,176.5,6.5,2,4,91.9,16.7,4,1.44
P-000535,2025-11-01,11,171.8,13.3,2,3,98.8,22.2,4,1.37
P-000535,2025-12-01,12,179.0,1.8,1,6,93.2,17.3,4,1.0
P-000536,2025-01-01,1,174.7,5.6,5,5,95.8,28.4,1,2.32
P-000536,2025-02-01,2,174.0,0.3,4,6,89.3,18.6,2,1.21
P-000536,2025-03-01,3,181.8,12.8,1,4,89.5,23.5,2,1.36
P-000536,2025-04-01,4,173.3,6.4,0,4,90.3,13.3,3,1.07
P-000536,2025-05-01,5,186.5,8.2,2,4,87.9,21.9,2,1.38
P-000536,2025-06-01,6,184.3,4.9,3,5,97.6,24.5,1,1.0
P-000536,2025-07-01,7,186.9,2.5,3,5,96.2,27.5,1,1.44
P-000536,2025-08-01,8,177.3,11.8,4,5,87.5,26.6,2,1.25
P-000536,2025-09-01,9,171.8,9.1,3,6,96.3,16.1,3,1.0
P-000536,2025-10-01,10,174.6,0.0,4,4,100.2,18.6,2,1.19
P-000536,2025-11-01,11,177.3,1.3,1,4,94.9,23.4,2,1.9
P-000536,2025-12-01,12,167.3,6.4,2,6,95.8,24.1,2,1.64
P-000537,2025-01-01,1,184.6,6.9,3,4,89.8,26.1,4,1.34
P-000537,2025-02-01,2,180.3,4.1,1,6,92.4,21.1,5,1.58
P-000537,2025-03-01,3,223.9,37.5,3,13,60.0,68.0,3,3.59
P-000537,2025-04-01,4,246.3,35.6,9,9,59.7,90.3,5,4.62
P-000537,2025-05-01,5,238.8,38.2,6,12,59.4,77.8,4,3.7
P-000537,2025-06-01,6,234.8,34.6,9,10,64.0,76.7,4,3.95
P-000537,2025-07-01,7,247.9,38.0,5,10,59.5,84.9,5,4.3
P-000537,2025-08-01,8,244.7,41.4,6,13,63.6,86.9,5,5.0
P-000537,2025-09-01,9,231.9,37.0,2,6,62.8,60.3,3,3.94
P-000537,2025-10-01,10,177.7,5.4,2,3,93.6,21.8,4,1.26
P-000537,2025-11-01,11,175.2,0.3,2,4,96.9,24.3,4,1.44
P-000537,2025-12-01,12,184.5,10.2,2,6,95.4,19.2,4,1.18
P-000538,2025-01-01,1,188.2,8.1,2,4,96.7,27.8,3,1.23
P-000538,2025-02-01,2,163.9,4.5,3,5,92.6,19.1,1,1.83
P-000538,2025-03-01,3,179.1,8.7,3,3,90.5,20.6,2,1.28
P-000538,2025-04-01,4,215.9,37.2,5,9,59.3,61.4,2,3.06
P-000538,2025-05-01,5,216.2,31.4,5,9,68.2,58.4,2,2.64
P-000538,2025-06-01,6,174.2,10.3,1,4,84.4,25.0,1,1.15
P-000538,2025-07-01,7,179.4,11.6,1,5,94.5,25.6,1,1.36
P-000538,2025-08-01,8,176.1,2.9,2,5,99.5,17.3,2,1.43
P-000538,2025-09-01,9,173.9,7.0,3,3,98.3,19.7,2,1.01
P-000538,2025-10-01,10,175.0,0.1,0,5,88.6,18.9,2,1.64
P-000538,2025-11-01,11,177.6,10.5,1,4,93.9,14.8,3,1.78
P-000538,2025-12-01,12,175.9,7.0,2,6,103.0,15.4,2,1.63
P-000539,2025-01-01,1,171.7,7.2,2,4,91.7,17.3,1,1.11
P-000539,2025-02-01,2,243.3,36.9,5,11,53.1,81.9,4,4.27
P-000539,2025-03-01,3,246.5,33.6,8,15,57.4,89.8,4,4.32
P-000539,2025-04-01,4,234.9,39.3,6,13,67.2,81.8,4,4.61
P-000539,2025-05-01,5,234.9,33.8,3,13,54.9,72.4,4,4.28
P-000539,2025-06-01,6,169.7,6.1,3,5,89.8,23.0,1,1.62
P-000539,2025-07-01,7,170.8,6.7,0,6,91.7,16.1,1,1.88
P-000539,2025-08-01,8,175.7,7.8,0,4,91.5,13.5,1,1.23
P-000539,2025-09-01,9,173.1,6.6,0,4,99.2,11.8,1,1.0
P-000539,2025-10-01,10,175.1,8.3,1,3,91.9,19.9,1,1.73
P-000539,2025-11-01,11,163.1,7.1,3,5,92.2,20.1,1,1.44
P-000539,2025-12-01,12,176.9,3.4,5,5,92.8,17.6,1,1.06
P-000540,2025-01-01,1,173.8,6.9,3,5,89.7,21.9,2,1.46
P-000540,2025-02-01,2,177.3,5.1,4,5,90.2,25.8,2,2.04
P-000540,2025-03-01,3,172.3,7.0,0,3,92.4,11.0,2,1.75
P-000540,2025-04-01,4,188.9,10.3,0,4,92.6,23.4,3,1.0
P-000540,2025-05-01,5,221.9,45.1,1,7,56.4,63.8,1,3.51
P-000540,2025-06-01,6,162.9,7.8,0,4,92.4,9.1,2,1.12
P-000540,2025-07-01,7,173.0,7.7,0,5,94.5,12.3,3,1.1
P-000540,2025-08-01,8,169.6,2.4,2,5,89.0,26.6,2,1.93
P-000540,2025-09-01,9,166.1,7.5,2,4,94.6,15.0,2,1.72
P-000540,2025-10-01,10,168.3,4.7,0,5,94.9,18.3,1,1.69
P-000540,2025-11-01,11,167.3,0.2,2,4,94.2,11.4,2,1.92
P-000540,2025-12-01,12,175.1,1.6,1,5,99.9,15.5,1,1.0
P-000541,2025-01-01,1,172.7,0.3,2,5,98.4,17.8,1,1.0
P-000541,2025-02-01,2,238.9,33.3,6,11,54.6,77.2,4,3.53
P-000541,2025-03-01,3,237.9,33.8,13,14,54.4,92.9,4,3.45
P-000541,2025-04-01,4,250.5,37.9,5,12,45.7,85.9,4,4.44
P-000541,2025-05-01,5,232.2,30.2,5,10,68.5,67.0,4,3.35
P-000541,2025-06-01,6,175.1,8.9,1,6,90.5,22.7,1,1.0
P-000541,2025-07-01,7,183.6,3.4,0,6,99.3,16.0,1,1.36
P-000541,2025-08-01,8,165.8,4.6,4,4,85.8,23.8,1,1.71
P-000541,2025-09-01,9,183.7,7.0,1,6,99.7,24.1,1,1.21
P-000541,2025-10-01,10,181.3,9.5,1,5,83.8,27.1,1,1.15
P-000541,2025-11-01,11,188.7,0.3,2,6,97.3,16.7,1,1.17
P-000541,2025-12-01,12,184.1,6.0,1,4,103.4,18.7,1,1.08
P-000542,2025-01-01,1,180.0,1.9,4,5,99.0,26.3,1,1.75
P-000542,2025-02-01,2,242.2,52.2,5,10,51.0,89.6,4,3.7
P-000542,2025-03-01,3,227.3,36.2,6,9,64.4,66.2,4,3.89
P-000542,2025-04-01,4,234.1,46.6,8,11,49.9,82.8,4,3.67
P-000542,2025-05-01,5,236.1,41.2,12,10,54.5,88.9,4,4.11
P-000542,2025-06-01,6,175.8,0.0,0,4,99.0,13.1,1,1.62
P-000542,2025-07-01,7,183.2,6.9,4,4,93.0,29.2,1,1.8
P-000542,2025-08-01,8,178.1,7.7,3,5,94.7,21.4,1,1.45
P-000542,2025-09-01,9,183.7,7.3,2,5,90.2,18.9,1,1.79
P-000542,2025-10-01,10,177.5,6.1,0,5,94.3,17.8,1,1.0
P-000542,2025-11-01,11,181.8,4.7,3,7,93.4,28.1,1,1.53
P-000542,2025-12-01,12,183.3,5.0,3,5,90.2,26.1,1,1.46
P-000543,2025-01-01,1,185.0,14.2,1,4,81.8,30.6,2,1.49
P-000543,2025-02-01,2,173.1,4.2,2,5,96.0,19.8,2,1.23
P-000543,2025-03-01,3,187.0,6.7,4,5,97.0,29.0,3,1.3
P-000543,2025-04-01,4,217.9,34.0,3,8,67.4,58.5,2,3.35
P-000543,2025-05-01,5,172.3,13.1,1,5,83.7,22.9,1,1.27
P-000543,2025-06-01,6,180.5,5.4,1,5,97.1,20.0,2,1.0
P-000543,2025-07-01,7,183.6,4.2,2,6,89.4,23.9,1,1.89
P-000543,2025-08-01,8,183.0,11.2,1,5,90.4,25.0,1,1.04
P-000543,2025-09-01,9,186.1,0.0,3,5,98.3,24.6,1,1.18
P-000543,2025-10-01,10,173.0,0.0,1,6,96.2,19.0,2,1.5
P-000543,2025-11-01,11,176.2,1.4,1,4,97.0,12.7,1,1.08
P-000543,2025-12-01,12,176.0,11.4,2,4,96.4,18.1,2,1.16
P-000544,2025-01-01,1,172.7,0.0,3,5,92.4,18.3,2,1.06
P-000544,2025-02-01,2,168.8,4.7,1,4,94.4,15.8,1,1.65
P-000544,2025-03-01,3,177.6,17.8,1,5,87.0,32.2,2,1.73
P-000544,2025-04-01,4,215.7,26.5,2,7,70.7,51.5,1,3.06
P-000544,2025-05-01,5,192.9,8.5,2,6,96.6,30.6,2,1.41
P-000544,2025-06-01,6,179.7,9.9,2,4,96.9,23.1,2,1.13
P-000544,2025-07-01,7,180.0,0.0,3,4,95.8,16.1,2,1.3
P-000544,2025-08-01,8,158.2,9.4,4,4,91.2,15.5,2,1.8
P-000544,2025-09-01,9,177.6,8.2,1,5,92.8,23.0,2,1.14
P-000544,2025-10-01,10,169.1,6.7,4,4,97.3,19.7,1,1.0
P-000544,2025-11-01,11,177.7,1.4,0,3,100.3,12.8,2,1.28
P-000544,2025-12-01,12,188.1,10.2,1,3,92.4,29.0,1,2.07
P-000545,2025-01-01,1,184.8,4.9,1,3,90.7,17.1,1,1.69
P-000545,2025-02-01,2,237.0,35.1,6,8,58.1,79.8,4,3.93
P-000545,2025-03-01,3,240.9,43.5,4,8,53.2,79.2,4,3.94
P-000545,2025-04-01,4,227.5,38.1,3,11,52.3,79.1,4,4.3
P-000545,2025-05-01,5,239.4,19.6,7,13,53.9,75.7,4,3.76
P-000545,2025-06-01,6,184.0,5.2,3,3,86.5,22.5,1,1.14
P-000545,2025-07-01,7,180.3,0.1,0,5,104.8,16.6,1,1.29
P-000545,2025-08-01,8,168.3,4.7,3,4,88.5,16.7,1,1.21
P-000545,2025-09-01,9,180.3,6.7,3,7,95.6,20.0,1,1.23
P-000545,2025-10-01,10,174.5,3.4,2,3,89.8,16.1,1,1.22
P-000545,2025-11-01,11,175.8,5.0,1,5,99.5,18.5,1,1.7
P-000545,2025-12-01,12,174.5,0.0,5,4,93.0,20.3,1,1.56
P-000546,2025-01-01,1,179.6,5.9,3,4,98.8,22.4,1,1.39
P-000546,2025-02-01,2,177.4,5.5,3,4,96.1,21.0,1,1.24
P-000546,2025-03-01,3,174.4,5.4,1,4,93.9,19.0,1,1.47
P-000546,2025-04-01,4,169.7,0.0,1,6,88.4,14.4,2,1.21
P-000546,2025-05-01,5,168.7,12.1,0,3,90.7,16.6,1,1.41
P-000546,2025-06-01,6,190.7,7.4,3,5,92.5,28.1,1,1.12
P-000546,2025-07-01,7,180.5,14.5,1,4,89.9,28.9,2,1.51
P-000546,2025-08-01,8,155.2,3.9,4,3,95.0,13.6,2,1.34
P-000546,2025-09-01,9,174.3,0.0,1,6,88.3,20.7,3,1.63
P-000546,2025-10-01,10,178.2,4.3,4,5,93.7,24.1,2,1.71
P-000546,2025-11-01,11,174.6,4.3,2,7,95.5,24.0,2,1.88
P-000546,2025-12-01,12,171.1,6.1,1,5,101.4,17.1,2,1.83
P-000547,2025-01-01,1,175.9,0.6,3,3,99.8,13.6,4,1.73
P-000547,2025-02-01,2,170.2,0.7,1,4,101.4,10.7,4,1.19
P-000547,2025-03-01,3,170.5,9.1,2,4,89.0,17.6,5,1.12
P-000547,2025-04-01,4,246.2,40.3,6,13,53.9,83.5,4,3.95
P-000547,2025-05-01,5,238.3,35.4,5,10,56.0,83.8,5,4.83
P-000547,2025-06-01,6,253.7,53.7,2,10,61.6,81.4,5,4.15
P-000547,2025-07-01,7,239.3,47.9,5,8,51.5,83.0,5,4.45
P-000547,2025-08-01,8,236.0,40.8,7,13,56.7,83.6,4,4.0
P-000547,2025-09-01,9,241.8,39.8,7,12,61.6,85.1,4,3.34
P-000547,2025-10-01,10,254.6,41.9,3,11,61.8,79.7,5,4.25
P-000547,2025-11-01,11,242.1,29.8,6,7,55.6,73.8,4,3.53
P-000547,2025-12-01,12,174.7,6.8,3,5,97.8,17.2,4,1.54
P-000548,2025-01-01,1,190.0,7.4,2,3,94.6,21.8,1,1.0
P-000548,2025-02-01,2,176.3,6.4,1,4,95.8,21.5,2,1.0
P-000548,2025-03-01,3,181.8,2.2,3,5,96.5,25.5,1,1.35
P-000548,2025-04-01,4,220.8,32.3,5,11,63.0,72.6,2,3.39
P-000548,2025-05-01,5,170.1,4.5,1,5,87.7,16.7,1,1.33
P-000548,2025-06-01,6,174.0,4.9,1,4,91.8,11.7,1,1.0
P-000548,2025-07-01,7,176.6,6.6,1,3,87.2,17.1,1,1.62
P-000548,2025-08-01,8,177.1,1.2,4,5,95.7,17.0,2,1.44
P-000548,2025-09-01,9,172.3,11.2,3,3,89.3,24.9,1,1.54
P-000548,2025-10-01,10,181.5,4.1,2,7,89.9,20.5,1,1.41
P-000548,2025-11-01,11,173.2,0.0,3,5,91.7,23.6,2,1.85
P-000548,2025-12-01,12,174.5,1.2,0,4,94.6,14.2,1,1.63
P-000549,2025-01-01,1,176.8,0.5,2,6,86.9,21.3,1,1.6
P-000549,2025-02-01,2,177.3,7.2,0,5,96.4,16.3,1,1.03
P-000549,2025-03-01,3,177.7,5.8,2,6,94.6,24.4,3,1.61
P-000549,2025-04-01,4,223.8,48.7,3,9,46.1,75.8,2,2.71
P-000549,2025-05-01,5,174.2,8.8,0,5,96.5,16.3,1,1.41
P-000549,2025-06-01,6,170.4,0.8,1,4,96.4,12.7,2,1.42
P-000549,2025-07-01,7,172.3,0.0,2,3,93.2,18.4,1,1.27
P-000549,2025-08-01,8,177.4,10.5,3,5,88.8,27.5,3,1.35
P-000549,2025-09-01,9,178.3,7.2,2,4,90.3,21.2,2,1.13
P-000549,2025-10-01,10,188.9,0.6,2,7,95.4,24.8,2,1.07
P-000549,2025-11-01,11,180.1,4.1,1,4,96.0,23.5,1,1.66
P-000549,2025-12-01,12,170.4,13.7,4,3,89.4,22.9,2,1.37
P-000550,2025-01-01,1,179.1,1.1,0,6,92.2,15.9,2,1.71
P-000550,2025-02-01,2,188.2,6.7,3,5,89.0,25.7,2,1.74
P-000550,2025-03-01,3,179.6,6.6,3,5,91.4,25.3,2,1.17
P-000550,2025-04-01,4,218.4,29.7,1,9,63.1,56.8,2,2.86
P-000550,2025-05-01,5,176.4,1.9,4,3,90.7,20.8,1,1.41
P-000550,2025-06-01,6,171.5,0.0,1,5,100.1,16.7,2,1.4
P-000550,2025-07-01,7,173.5,8.7,3,4,93.3,22.9,1,1.34
P-000550,2025-08-01,8,187.4,3.6,0,4,91.3,22.5,1,2.07
P-000550,2025-09-01,9,176.3,8.3,1,3,95.7,23.1,1,1.68
P-000550,2025-10-01,10,175.7,10.2,1,5,95.0,17.4,3,1.09
P-000550,2025-11-01,11,178.7,1.3,5,5,96.8,26.0,2,2.19
P-000550,2025-12-01,12,175.8,8.9,2,4,87.4,14.4,2,1.3
P-000551,2025-01-01,1,188.2,3.2,1,7,85.9,23.8,2,1.43
P-000551,2025-02-01,2,171.7,5.7,2,3,91.0,23.7,2,1.3
P-000551,2025-03-01,3,169.3,13.7,1,5,94.2,19.5,1,1.31
P-000551,2025-04-01,4,225.9,39.3,1,7,59.3,60.2,1,3.0
P-000551,2025-05-01,5,216.3,33.3,3,6,59.8,57.7,1,2.59
P-000551,2025-06-01,6,174.9,13.3,4,5,87.0,29.5,2,1.0
P-000551,2025-07-01,7,181.7,1.9,3,5,95.0,24.8,2,1.38
P-000551,2025-08-01,8,175.7,8.2,2,4,89.7,16.7,2,1.2
P-000551,2025-09-01,9,163.0,3.0,1,4,93.7,8.5,2,1.18
P-000551,2025-10-01,10,179.0,6.0,3,5,97.1,25.1,1,1.23
P-000551,2025-11-01,11,176.9,1.8,1,5,95.8,13.6,2,1.12
P-000551,2025-12-01,12,171.0,4.8,3,5,93.7,23.7,1,1.53
P-000552,2025-01-01,1,172.2,9.4,2,5,81.1,24.7,1,1.54
P-000552,2025-02-01,2,170.2,7.1,0,4,96.9,19.1,1,1.27
P-000552,2025-03-01,3,175.7,5.6,5,5,91.5,27.4,2,2.08
P-000552,2025-04-01,4,222.4,40.6,8,10,57.9,78.7,2,3.3
P-000552,2025-05-01,5,226.6,31.7,5,7,58.0,69.1,2,3.78
P-000552,2025-06-01,6,177.3,3.2,1,4,97.5,15.7,2,1.12
P-000552,2025-07-01,7,180.9,8.2,3,6,91.4,25.5,2,1.61
P-000552,2025-08-01,8,176.0,8.6,1,5,94.4,20.7,2,1.48
P-000552,2025-09-01,9,170.7,5.0,3,5,93.0,19.2,1,1.79
P-000552,2025-10-01,10,171.9,11.3,4,5,89.4,17.3,1,1.08
P-000552,2025-11-01,11,171.6,1.6,1,4,97.2,15.8,3,1.11
P-000552,2025-12-01,12,179.8,9.3,1,4,91.3,19.6,1,1.49
P-000553,2025-01-01,1,166.4,6.4,2,5,93.5,20.9,5,1.59
P-000553,2025-02-01,2,176.0,8.1,5,4,93.6,32.0,4,1.75
P-000553,2025-03-01,3,183.0,8.4,2,5,92.4,26.4,3,1.51
P-000553,2025-04-01,4,229.0,37.2,4,7,57.6,68.2,3,3.39
P-000553,2025-05-01,5,239.4,38.5,6,10,62.0,78.4,3,4.12
P-000553,2025-06-01,6,237.8,33.9,12,10,58.2,82.8,4,3.3
P-000553,2025-07-01,7,242.7,46.8,7,10,57.5,91.7,5,4.37
P-000553,2025-08-01,8,236.5,40.4,10,9,64.0,86.8,4,4.09
P-000553,2025-09-01,9,176.6,4.9,1,4,93.3,15.8,4,1.14
P-000553,2025-10-01,10,182.3,9.8,4,3,96.4,24.4,3,1.2
P-000553,2025-11-01,11,176.7,10.7,1,5,86.9,22.6,3,1.35
P-000553,2025-12-01,12,176.8,10.0,2,3,81.8,23.9,4,1.61
P-000554,2025-01-01,1,163.8,0.0,3,4,101.0,9.0,5,1.0
P-000554,2025-02-01,2,177.2,7.6,2,5,92.1,20.7,5,1.58
P-000554,2025-03-01,3,178.1,8.2,4,5,92.7,25.8,4,1.26
P-000554,2025-04-01,4,233.6,42.0,11,9,55.1,90.6,5,4.68
P-000554,2025-05-01,5,242.6,50.1,11,14,74.0,91.6,5,5.0
P-000554,2025-06-01,6,243.0,46.2,9,10,57.9,87.1,5,4.31
P-000554,2025-07-01,7,251.2,27.7,9,9,59.0,82.9,4,4.26
P-000554,2025-08-01,8,238.7,32.7,4,7,67.2,74.9,4,4.56
P-000554,2025-09-01,9,251.0,44.4,3,12,52.2,93.2,5,5.0
P-000554,2025-10-01,10,235.9,43.1,4,5,48.4,79.9,4,4.59
P-000554,2025-11-01,11,244.9,37.0,6,13,55.0,90.5,5,4.8
P-000554,2025-12-01,12,171.3,0.7,1,4,96.5,11.4,5,1.06
P-000555,2025-01-01,1,173.2,4.1,3,4,93.6,23.1,2,1.49
P-000555,2025-02-01,2,172.3,2.2,2,4,89.3,14.8,2,1.19
P-000555,2025-03-01,3,183.4,12.3,4,3,87.4,30.4,3,1.15
P-000555,2025-04-01,4,215.8,38.9,1,6,67.4,56.0,2,3.58
P-000555,2025-05-01,5,166.3,6.6,1,4,97.0,13.6,1,1.0
P-000555,2025-06-01,6,167.9,9.9,2,6,92.1,20.5,3,1.1
P-000555,2025-07-01,7,176.7,0.8,2,5,97.4,16.9,1,1.72
P-000555,2025-08-01,8,176.5,7.4,2,5,97.0,18.4,1,1.72
P-000555,2025-09-01,9,178.6,8.5,0,6,88.4,20.2,1,1.0
P-000555,2025-10-01,10,178.9,4.2,4,6,93.0,24.6,2,1.36
P-000555,2025-11-01,11,169.9,0.0,2,5,100.4,14.9,2,1.34
P-000555,2025-12-01,12,179.2,0.0,2,5,92.8,18.0,2,1.37
P-000556,2025-01-01,1,168.0,5.2,1,6,91.5,18.1,2,1.99
P-000556,2025-02-01,2,181.9,2.0,3,5,95.9,20.5,2,1.56
P-000556,2025-03-01,3,181.3,4.1,5,5,98.5,26.4,1,1.87
P-000556,2025-04-01,4,171.6,4.9,2,5,92.4,21.1,2,1.62
P-000556,2025-05-01,5,180.4,13.2,1,6,90.2,22.3,1,1.87
P-000556,2025-06-01,6,179.4,10.3,2,5,88.5,24.7,2,1.77
P-000556,2025-07-01,7,184.0,11.6,0,6,87.4,22.4,1,1.0
P-000556,2025-08-01,8,174.6,0.9,1,4,105.2,12.8,3,1.74
P-000556,2025-09-01,9,185.0,5.7,2,3,88.1,26.4,2,1.78
P-000556,2025-10-01,10,176.9,6.4,3,4,90.5,21.6,1,1.0
P-000556,2025-11-01,11,183.8,5.2,3,5,91.2,20.6,1,1.54
P-000556,2025-12-01,12,172.1,7.7,1,4,88.9,15.7,1,1.17
P-000557,2025-01-01,1,182.7,7.3,1,5,91.8,20.0,2,1.0
P-000557,2025-02-01,2,170.7,3.1,2,4,93.8,17.0,2,1.55
P-000557,2025-03-01,3,180.0,12.0,4,5,95.3,24.8,2,1.19
P-000557,2025-04-01,4,183.3,3.5,1,5,95.5,24.7,2,1.52
P-000557,2025-05-01,5,163.3,5.5,2,6,87.6,18.1,2,1.78
P-000557,2025-06-01,6,239.1,28.5,5,8,64.2,70.2,4,3.91
P-000557,2025-07-01,7,234.2,46.3,6,12,55.1,73.1,4,3.19
P-000557,2025-08-01,8,178.9,6.9,0,5,93.3,17.8,2,1.14
P-000557,2025-09-01,9,170.7,2.5,0,5,99.9,13.4,2,1.1
P-000557,2025-10-01,10,176.4,7.5,3,6,99.8,21.7,2,1.64
P-000557,2025-11-01,11,172.4,8.2,1,5,94.8,24.5,2,2.02
P-000557,2025-12-01,12,178.3,10.4,2,4,94.5,24.8,2,1.81
P-000558,2025-01-01,1,175.7,13.3,1,3,89.3,19.1,1,1.57
P-000558,2025-02-01,2,185.4,7.0,1,4,90.6,22.6,1,1.77
P-000558,2025-03-01,3,174.3,11.8,3,3,88.2,16.6,1,1.1
P-000558,2025-04-01,4,178.1,8.0,1,4,92.1,17.5,1,1.49
P-000558,2025-05-01,5,208.8,38.0,2,11,57.5,52.8,1,3.14
P-000558,2025-06-01,6,178.5,4.1,3,4,100.2,21.8,2,1.6
P-000558,2025-07-01,7,182.4,9.7,0,4,97.4,20.9,2,2.12
P-000558,2025-08-01,8,173.4,8.7,3,4,106.8,14.7,2,1.51
P-000558,2025-09-01,9,169.4,0.0,0,4,101.2,10.2,2,1.49
P-000558,2025-10-01,10,175.7,0.5,3,3,97.5,20.3,1,1.35
P-000558,2025-11-01,11,172.8,7.0,2,6,98.8,19.3,2,1.04
P-000558,2025-12-01,12,175.2,9.1,0,4,88.9,19.0,1,1.57
P-000559,2025-01-01,1,171.3,3.3,0,5,95.6,11.4,1,1.75
P-000559,2025-02-01,2,171.5,4.6,2,5,96.9,21.5,1,1.62
P-000559,2025-03-01,3,165.8,4.0,3,5,84.5,21.6,2,1.69
P-000559,2025-04-01,4,176.6,6.5,3,6,99.6,24.4,2,1.69
P-000559,2025-05-01,5,233.6,27.0,9,10,75.6,81.0,2,3.67
P-000559,2025-06-01,6,180.7,8.3,1,5,94.0,20.4,1,1.0
P-000559,2025-07-01,7,182.8,9.1,3,4,93.3,28.4,2,1.66
P-000559,2025-08-01,8,178.1,0.0,4,4,92.9,18.1,1,1.0
P-000559,2025-09-01,9,172.5,0.6,4,4,96.5,20.5,2,1.66
P-000559,2025-10-01,10,182.7,8.6,1,5,93.4,20.3,2,1.76
P-000559,2025-11-01,11,175.8,14.1,1,5,84.9,24.7,1,1.15
P-000559,2025-12-01,12,173.5,2.0,4,5,102.4,17.0,2,1.0
P-000560,2025-01-01,1,169.2,7.2,2,3,97.2,16.6,2,1.82
P-000560,2025-02-01,2,185.8,6.6,2,5,90.6,20.9,2,1.39
P-000560,2025-03-01,3,182.8,4.5,2,3,96.7,20.1,2,1.49
P-000560,2025-04-01,4,171.2,6.9,1,5,95.1,18.4,2,1.63
P-000560,2025-05-01,5,171.2,8.9,3,3,95.3,20.6,2,1.0
P-000560,2025-06-01,6,230.7,37.1,7,8,61.3,79.6,4,3.89
P-000560,2025-07-01,7,243.2,35.5,3,12,64.0,71.2,4,4.36
P-000560,2025-08-01,8,172.8,0.1,0,6,95.3,9.7,2,1.6
P-000560,2025-09-01,9,185.2,5.5,4,4,92.9,23.6,2,1.85
P-000560,2025-10-01,10,177.7,14.7,0,4,95.5,16.6,2,1.32
P-000560,2025-11-01,11,178.1,5.2,0,5,95.7,22.7,2,1.68
P-000560,2025-12-01,12,187.5,10.1,3,4,83.1,31.7,2,1.66
P-000561,2025-01-01,1,168.8,2.8,1,5,97.1,20.6,5,1.59
P-000561,2025-02-01,2,181.8,3.1,2,3,93.1,20.0,4,1.55
P-000561,2025-03-01,3,177.5,12.7,0,4,94.4,20.8,5,1.94
P-000561,2025-04-01,4,255.4,59.9,12,12,50.6,98.0,5,4.26
P-000561,2025-05-01,5,236.1,31.2,5,13,58.5,71.0,4,3.64
P-000561,2025-06-01,6,240.6,37.2,3,8,60.2,74.9,4,3.95
P-000561,2025-07-01,7,243.8,38.8,8,12,54.5,87.9,5,4.17
P-000561,2025-08-01,8,247.6,45.8,8,10,49.5,96.2,5,4.66
P-000561,2025-09-01,9,245.3,51.0,4,8,53.1,79.4,4,4.06
P-000561,2025-10-01,10,236.4,42.5,11,9,55.3,87.6,4,4.14
P-000561,2025-11-01,11,234.3,41.1,5,12,51.6,74.7,4,2.95
P-000561,2025-12-01,12,185.0,4.9,5,5,101.5,27.3,4,1.29
P-000562,2025-01-01,1,179.6,7.1,3,5,94.9,24.5,3,1.82
P-000562,2025-02-01,2,173.3,9.0,3,4,92.8,23.7,5,1.82
P-000562,2025-03-01,3,249.5,46.8,2,12,48.2,75.4,4,3.98
P-000562,2025-04-01,4,251.6,58.6,8,14,49.5,93.7,5,4.13
P-000562,2025-05-01,5,239.7,38.8,4,13,64.2,77.8,5,4.46
P-000562,2025-06-01,6,236.3,38.8,8,12,61.7,80.7,4,3.77
P-000562,2025-07-01,7,230.5,38.1,8,11,57.1,80.2,4,4.21
P-000562,2025-08-01,8,239.7,45.2,9,12,56.6,95.0,4,4.45
P-000562,2025-09-01,9,233.6,37.1,6,10,60.9,75.9,4,3.85
P-000562,2025-10-01,10,168.3,3.6,1,5,96.6,16.2,3,1.03
P-000562,2025-11-01,11,180.3,7.6,3,5,81.1,24.0,5,1.33
P-000562,2025-12-01,12,175.9,0.0,2,3,94.7,14.6,5,1.05
P-000563,2025-01-01,1,177.2,9.9,2,5,95.4,22.1,4,1.2
P-000563,2025-02-01,2,182.9,10.6,1,5,94.3,19.0,5,1.24
P-000563,2025-03-01,3,177.1,0.0,0,5,92.4,13.3,5,1.11
P-000563,2025-04-01,4,241.6,61.7,10,11,41.9,97.9,5,4.18
P-000563,2025-05-01,5,245.9,46.5,13,13,55.0,98.0,5,4.15
P-000563,2025-06-01,6,242.2,53.6,6,10,57.1,86.1,4,3.92
P-000563,2025-07-01,7,236.6,43.7,5,9,65.3,73.7,5,4.4
P-000563,2025-08-01,8,241.2,45.6,8,13,47.5,95.3,5,4.22
P-000563,2025-09-01,9,245.9,36.6,14,13,57.7,96.4,5,4.44
P-000563,2025-10-01,10,244.0,54.7,7,12,45.3,96.5,5,4.59
P-000563,2025-11-01,11,250.1,47.9,5,15,56.2,94.1,5,3.9
P-000563,2025-12-01,12,184.9,7.9,4,4,94.9,24.9,4,1.51
P-000564,2025-01-01,1,175.0,8.1,0,3,94.1,19.3,5,1.0
P-000564,2025-02-01,2,177.6,0.0,2,4,94.9,20.5,4,1.58
P-000564,2025-03-01,3,173.3,4.9,3,3,92.6,17.1,4,1.78
P-000564,2025-04-01,4,233.0,36.7,5,9,57.0,72.8,4,3.69
P-000564,2025-05-01,5,243.8,61.0,2,13,46.4,92.5,5,4.69
P-000564,2025-06-01,6,241.3,41.0,8,10,55.8,84.1,5,4.39
P-000564,2025-07-01,7,247.0,48.4,7,14,64.6,87.8,5,4.31
P-000564,2025-08-01,8,232.0,42.6,2,10,61.1,70.5,5,5.0
P-000564,2025-09-01,9,249.5,55.5,5,12,49.1,85.9,5,4.93
P-000564,2025-10-01,10,253.8,40.0,9,14,62.3,95.3,5,4.38
P-000564,2025-11-01,11,243.0,44.5,6,13,54.7,90.2,5,4.41
P-000564,2025-12-01,12,170.2,0.0,5,3,99.7,17.7,4,1.77
P-000565,2025-01-01,1,171.0,5.5,0,6,90.2,14.1,4,1.0
P-000565,2025-02-01,2,161.5,2.1,1,3,102.6,10.0,4,1.39
P-000565,2025-03-01,3,242.4,27.4,10,9,59.2,81.3,4,3.83
P-000565,2025-04-01,4,246.9,48.4,7,10,47.5,93.2,3,3.73
P-000565,2025-05-01,5,221.0,44.2,4,7,56.2,71.4,3,3.85
P-000565,2025-06-01,6,234.6,54.2,7,10,55.3,90.7,4,4.71
P-000565,2025-07-01,7,244.8,41.2,7,12,59.7,80.0,5,5.0
P-000565,2025-08-01,8,230.7,36.6,7,13,69.5,83.2,4,3.74
P-000565,2025-09-01,9,233.8,36.4,4,12,62.7,73.4,4,3.2
P-000565,2025-10-01,10,173.4,1.2,1,4,98.4,15.6,5,1.69
P-000565,2025-11-01,11,188.8,1.5,0,5,95.8,20.2,4,1.28
P-000565,2025-12-01,12,168.9,10.5,5,5,92.4,24.0,4,1.13
P-000566,2025-01-01,1,180.9,2.1,5,5,103.8,22.3,1,1.49
P-000566,2025-02-01,2,180.8,4.5,4,4,93.0,26.3,2,1.61
P-000566,2025-03-01,3,178.5,9.2,0,5,85.8,24.4,2,1.63
P-000566,2025-04-01,4,219.4,37.8,3,8,63.6,56.1,1,2.58
P-000566,2025-05-01,5,184.7,0.0,2,6,101.1,26.2,2,1.06
P-000566,2025-06-01,6,174.2,7.9,2,5,90.8,24.4,2,2.06
P-000566,2025-07-01,7,174.5,12.7,2,6,92.8,28.1,1,1.21
P-000566,2025-08-01,8,184.6,13.0,1,4,90.1,25.7,3,1.01
P-000566,2025-09-01,9,177.8,0.4,3,5,92.5,22.7,3,1.0
P-000566,2025-10-01,10,180.3,7.1,1,3,91.4,23.2,2,1.54
P-000566,2025-11-01,11,183.4,12.6,2,3,86.8,29.1,2,1.51
P-000566,2025-12-01,12,175.6,3.0,2,5,97.9,18.5,2,1.08
P-000567,2025-01-01,1,179.5,3.4,2,4,91.9,20.6,4,1.74
P-000567,2025-02-01,2,168.5,7.2,2,5,88.9,19.5,4,1.2
P-000567,2025-03-01,3,174.0,7.5,1,4,94.1,17.4,3,1.0
P-000567,2025-04-01,4,246.1,65.0,7,10,42.0,97.5,5,4.5
P-000567,2025-05-01,5,237.9,47.2,6,13,54.5,84.6,4,4.38
P-000567,2025-06-01,6,239.9,40.5,6,9,57.4,71.6,4,3.23
P-000567,2025-07-01,7,231.7,31.0,5,9,71.3,69.4,3,3.69
P-000567,2025-08-01,8,232.3,34.2,7,5,64.1,76.3,3,3.55
P-000567,2025-09-01,9,166.7,7.7,2,6,93.4,14.3,5,1.02
P-000567,2025-10-01,10,171.0,13.4,1,5,85.6,14.1,3,1.1
P-000567,2025-11-01,11,180.3,5.7,3,7,102.3,22.8,3,1.16
P-000567,2025-12-01,12,174.9,8.4,0,3,92.3,13.1,4,1.38
P-000568,2025-01-01,1,173.7,2.4,1,4,95.9,12.9,2,1.0
P-000568,2025-02-01,2,179.9,0.0,3,6,96.6,24.5,2,1.21
P-000568,2025-03-01,3,174.6,11.6,3,4,82.8,27.5,1,1.0
P-000568,2025-04-01,4,175.7,8.8,1,4,91.2,16.0,1,1.0
P-000568,2025-05-01,5,167.8,1.5,3,5,96.1,14.6,2,1.01
P-000568,2025-06-01,6,170.1,6.7,1,5,103.1,12.4,1,1.55
P-000568,2025-07-01,7,184.5,0.1,2,5,97.9,22.5,2,1.0
P-000568,2025-08-01,8,171.0,0.6,5,4,89.2,23.6,2,1.34
P-000568,2025-09-01,9,191.4,7.3,0,3,95.0,18.6,2,1.01
P-000568,2025-10-01,10,172.3,8.2,2,4,88.9,19.7,1,1.76
P-000568,2025-11-01,11,170.7,4.2,4,5,91.9,18.5,2,1.0
P-000568,2025-12-01,12,177.8,6.6,1,5,92.7,22.9,2,1.0
P-000569,2025-01-01,1,169.8,0.0,3,3,90.5,18.2,1,1.41
P-000569,2025-02-01,2,179.6,0.0,2,4,90.9,21.7,3,1.47
P-000569,2025-03-01,3,166.6,8.0,2,5,85.7,21.0,1,1.58
P-000569,2025-04-01,4,186.2,2.8,2,5,91.3,23.3,1,1.54
P-000569,2025-05-01,5,167.8,12.0,4,3,84.6,24.3,1,1.62
P-000569,2025-06-01,6,184.4,7.5,3,4,92.7,26.6,3,1.65
P-000569,2025-07-01,7,173.1,10.2,2,3,93.3,29.9,1,2.43
P-000569,2025-08-01,8,181.6,0.0,0,5,99.2,13.8,1,1.52
P-000569,2025-09-01,9,191.6,2.3,2,5,94.3,25.4,2,1.36
P-000569,2025-10-01,10,187.3,2.9,1,3,98.1,23.3,1,1.56
P-000569,2025-11-01,11,183.4,9.8,2,5,89.2,22.1,2,1.85
P-000569,2025-12-01,12,168.5,10.4,0,5,98.7,19.2,1,2.16
P-000570,2025-01-01,1,172.7,9.3,3,3,91.1,23.7,5,1.36
P-000570,2025-02-01,2,174.3,7.3,0,4,95.1,13.1,4,1.09
P-000570,2025-03-01,3,184.7,7.5,2,5,90.4,23.8,4,1.12
P-000570,2025-04-01,4,246.0,39.5,6,13,51.0,89.0,5,4.51
P-000570,2025-05-01,5,242.2,45.9,7,16,56.3,92.7,5,4.84
P-000570,2025-06-01,6,240.7,42.7,9,9,55.5,88.9,4,4.31
P-000570,2025-07-01,7,246.4,43.0,8,11,55.7,93.2,5,5.0
P-000570,2025-08-01,8,250.3,32.2,3,14,50.9,75.2,5,4.43
P-000570,2025-09-01,9,239.7,42.9,11,11,59.3,90.9,5,4.56
P-000570,2025-10-01,10,253.1,35.9,7,13,59.8,91.2,5,4.59
P-000570,2025-11-01,11,250.1,32.1,7,14,68.0,88.3,4,4.47
P-000570,2025-12-01,12,178.7,5.4,1,4,89.3,18.3,4,1.04
P-000571,2025-01-01,1,183.9,9.8,2,5,91.3,29.0,2,1.3
P-000571,2025-02-01,2,181.0,10.8,1,5,85.8,20.6,2,1.0
P-000571,2025-03-01,3,169.8,6.8,3,4,93.8,16.9,2,1.0
P-000571,2025-04-01,4,195.1,4.8,5,5,94.5,28.4,2,1.2
P-000571,2025-05-01,5,178.0,8.5,1,6,91.0,20.0,2,1.14
P-000571,2025-06-01,6,237.3,54.4,12,10,60.5,92.7,4,4.0
P-000571,2025-07-01,7,254.1,49.7,7,6,63.8,85.8,4,4.03
P-000571,2025-08-01,8,188.2,9.0,1,5,93.8,26.6,2,1.6
P-000571,2025-09-01,9,173.9,0.0,3,5,96.5,16.9,2,1.33
P-000571,2025-10-01,10,177.6,7.9,1,4,90.6,21.8,2,1.58
P-000571,2025-11-01,11,179.8,4.6,1,4,99.6,16.6,2,1.59
P-000571,2025-12-01,12,174.7,8.8,1,6,94.2,21.1,2,1.37
P-000572,2025-01-01,1,173.7,7.2,3,4,95.3,19.4,5,1.08
P-000572,2025-02-01,2,183.4,8.8,3,5,93.5,23.4,4,1.02
P-000572,2025-03-01,3,171.4,4.5,2,5,93.7,15.8,4,1.41
P-000572,2025-04-01,4,236.2,32.5,5,10,69.9,72.3,4,3.65
P-000572,2025-05-01,5,232.4,44.5,5,7,54.0,81.3,4,4.11
P-000572,2025-06-01,6,230.9,31.0,6,12,57.8,71.5,3,3.73
P-000572,2025-07-01,7,239.2,34.8,6,7,61.4,80.5,4,4.73
P-000572,2025-08-01,8,228.3,46.7,10,12,51.8,93.8,4,4.24
P-000572,2025-09-01,9,174.0,3.4,1,5,91.7,15.1,5,1.82
P-000572,2025-10-01,10,173.8,5.9,1,5,91.0,17.9,4,1.48
P-000572,2025-11-01,11,171.4,0.0,2,5,97.0,15.4,3,1.0
P-000572,2025-12-01,12,172.1,8.2,2,4,91.2,19.7,3,1.38
P-000573,2025-01-01,1,182.7,0.0,2,5,100.2,16.2,1,1.46
P-000573,2025-02-01,2,231.1,43.6,9,11,53.5,87.4,4,4.33
P-000573,2025-03-01,3,238.7,37.2,4,9,63.5,75.0,4,4.07
P-000573,2025-04-01,4,246.7,41.6,6,9,58.3,86.2,4,3.9
P-000573,2025-05-01,5,239.9,40.5,8,13,57.0,93.0,4,4.47
P-000573,2025-06-01,6,176.8,7.9,0,5,97.7,16.4,1,1.92
P-000573,2025-07-01,7,168.3,4.7,5,6,91.0,17.7,1,1.45
P-000573,2025-08-01,8,171.8,0.0,1,4,88.2,17.1,1,1.61
P-000573,2025-09-01,9,168.3,4.2,0,7,93.5,13.1,1,1.08
P-000573,2025-10-01,10,175.9,7.8,1,4,93.3,22.5,1,1.0
P-000573,2025-11-01,11,175.3,4.0,1,3,97.5,16.6,1,1.39
P-000573,2025-12-01,12,177.3,0.0,0,5,97.4,18.4,1,1.53
P-000574,2025-01-01,1,178.9,5.3,3,5,95.7,20.1,4,1.63
P-000574,2025-02-01,2,173.7,4.0,3,3,95.6,19.3,5,1.08
P-000574,2025-03-01,3,173.5,7.8,2,5,89.8,16.6,5,1.28
P-000574,2025-04-01,4,245.1,44.2,11,15,61.2,95.8,5,4.57
P-000574,2025-05-01,5,239.1,36.5,9,13,63.8,87.0,4,4.23
P-000574,2025-06-01,6,242.3,36.9,7,10,50.1,80.9,4,3.44
P-000574,2025-07-01,7,243.3,54.6,8,12,57.8,94.5,5,4.94
P-000574,2025-08-01,8,250.7,41.0,9,12,53.1,95.4,5,4.53
P-000574,2025-09-01,9,249.9,45.1,8,12,59.0,92.3,5,3.87
P-000574,2025-10-01,10,239.1,34.1,5,10,64.1,73.2,4,3.91
P-000574,2025-11-01,11,242.0,52.8,5,9,56.5,80.2,5,4.64
P-000574,2025-12-01,12,173.7,5.5,1,4,97.0,18.1,5,1.58
P-000575,2025-01-01,1,171.0,0.3,1,4,91.7,18.3,2,1.73
P-000575,2025-02-01,2,174.0,5.7,0,4,96.7,15.4,2,1.45
P-000575,2025-03-01,3,181.1,1.2,1,3,94.4,17.9,2,1.89
P-000575,2025-04-01,4,181.6,7.1,1,3,95.7,19.7,2,1.0
P-000575,2025-05-01,5,182.3,6.8,3,5,95.9,29.6,1,1.59
P-000575,2025-06-01,6,183.7,6.9,3,6,94.4,27.3,1,1.52
P-000575,2025-07-01,7,170.2,10.3,3,5,86.1,24.0,2,1.28
P-000575,2025-08-01,8,178.2,5.7,1,5,88.2,19.4,1,1.11
P-000575,2025-09-01,9,177.2,5.9,1,4,92.4,16.4,1,1.39
P-000575,2025-10-01,10,181.9,3.2,3,6,88.1,24.2,1,1.73
P-000575,2025-11-01,11,177.5,2.9,5,6,97.0,21.7,2,1.0
P-000575,2025-12-01,12,174.2,8.4,2,5,96.2,24.8,2,1.58
P-000576,2025-01-01,1,173.4,4.6,0,6,94.4,14.6,5,1.06
P-000576,2025-02-01,2,178.5,8.4,2,5,96.6,20.5,5,1.21
P-000576,2025-03-01,3,169.9,16.2,5,4,94.1,29.3,4,1.27
P-000576,2025-04-01,4,254.3,38.8,6,11,63.6,84.0,5,3.92
P-000576,2025-05-01,5,230.1,31.7,7,12,57.6,74.5,4,3.75
P-000576,2025-06-01,6,232.4,29.2,6,10,71.2,63.6,4,3.49
P-000576,2025-07-01,7,235.4,46.7,4,10,56.2,84.2,5,4.0
P-000576,2025-08-01,8,236.8,40.3,10,14,62.1,94.8,5,4.65
P-000576,2025-09-01,9,231.7,33.2,6,11,60.4,74.0,4,3.87
P-000576,2025-10-01,10,238.9,35.9,6,11,56.9,81.9,4,4.19
P-000576,2025-11-01,11,245.3,45.0,3,13,45.3,84.5,5,5.0
P-000576,2025-12-01,12,164.7,5.5,2,5,97.1,17.5,4,1.76
P-000577,2025-01-01,1,188.0,1.8,2,4,96.2,21.0,2,1.3
P-000577,2025-02-01,2,177.2,2.6,3,4,87.6,21.7,2,1.43
P-000577,2025-03-01,3,176.4,10.0,2,6,84.9,27.5,1,1.43
P-000577,2025-04-01,4,179.3,12.0,4,5,94.9,24.3,1,1.43
P-000577,2025-05-01,5,229.1,29.8,5,7,63.4,70.5,2,3.82
P-000577,2025-06-01,6,177.2,2.6,5,4,94.6,26.3,2,1.71
P-000577,2025-07-01,7,179.6,9.9,2,4,93.6,16.9,2,1.17
P-000577,2025-08-01,8,179.6,0.0,3,5,91.6,19.9,2,1.0
P-000577,2025-09-01,9,179.5,3.9,2,5,95.7,19.1,1,1.41
P-000577,2025-10-01,10,169.3,8.3,0,5,93.3,16.7,3,1.22
P-000577,2025-11-01,11,177.3,5.9,4,4,98.0,23.3,2,1.47
P-000577,2025-12-01,12,166.5,7.7,5,6,93.7,23.5,1,1.65
P-000578,2025-01-01,1,174.3,6.0,4,6,96.2,22.6,2,1.02
P-000578,2025-02-01,2,179.8,7.5,0,4,93.8,15.3,1,1.0
P-000578,2025-03-01,3,175.9,5.7,2,4,92.0,25.5,3,1.53
P-000578,2025-04-01,4,180.0,12.9,0,4,91.1,27.5,1,1.82
P-000578,2025-05-01,5,176.6,3.4,2,4,92.4,18.6,2,1.41
P-000578,2025-06-01,6,177.3,6.0,2,5,99.1,15.1,2,1.52
P-000578,2025-07-01,7,175.6,2.3,0,3,88.3,14.7,1,1.58
P-000578,2025-08-01,8,183.2,0.0,2,4,100.5,18.9,2,1.0
P-000578,2025-09-01,9,175.6,0.0,3,5,90.1,21.8,2,1.21
P-000578,2025-10-01,10,167.0,5.5,0,5,98.5,16.0,3,1.71
P-000578,2025-11-01,11,177.8,5.7,1,4,94.3,24.0,2,1.46
P-000578,2025-12-01,12,176.3,2.1,4,6,97.8,21.8,1,1.43
P-000579,2025-01-01,1,181.0,8.4,2,3,88.5,21.9,2,1.42
P-000579,2025-02-01,2,179.5,9.1,2,3,86.6,30.3,2,1.0
P-000579,2025-03-01,3,181.0,6.6,5,3,87.4,27.1,2,1.68
P-000579,2025-04-01,4,183.9,12.1,3,5,91.3,31.1,2,1.66
P-000579,2025-05-01,5,181.6,2.2,1,3,99.4,16.3,2,1.7
P-000579,2025-06-01,6,226.8,35.3,1,11,55.3,65.5,4,4.24
P-000579,2025-07-01,7,230.5,42.7,4,9,60.6,74.1,4,4.22
P-000579,2025-08-01,8,183.7,12.1,1,4,95.3,23.6,2,1.07
P-000579,2025-09-01,9,176.8,8.7,3,5,90.6,26.1,2,1.22
P-000579,2025-10-01,10,171.8,7.5,1,5,96.6,19.3,2,1.64
P-000579,2025-11-01,11,178.5,6.9,2,3,90.6,20.3,2,1.04
P-000579,2025-12-01,12,177.1,4.4,4,5,94.5,24.4,2,1.0
P-000580,2025-01-01,1,175.6,7.9,1,5,92.5,21.7,1,1.19
P-000580,2025-02-01,2,236.8,54.1,10,12,55.8,93.1,4,4.07
P-000580,2025-03-01,3,237.5,52.7,5,10,58.1,82.7,4,4.56
P-000580,2025-04-01,4,232.4,46.0,4,7,59.0,74.4,4,4.54
P-000580,2025-05-01,5,239.4,37.9,6,13,58.3,80.8,4,4.22
P-000580,2025-06-01,6,174.9,3.8,3,6,92.7,16.7,1,1.0
P-000580,2025-07-01,7,186.1,6.0,2,5,95.1,22.8,1,1.73
P-000580,2025-08-01,8,175.0,3.7,2,5,97.3,18.6,1,2.01
P-000580,2025-09-01,9,181.0,4.9,3,5,92.0,19.9,1,1.09
P-000580,2025-10-01,10,164.6,16.0,3,5,88.9,22.1,1,1.21
P-000580,2025-11-01,11,165.8,5.7,5,5,89.9,24.7,1,1.39
P-000580,2025-12-01,12,187.2,7.5,2,4,98.3,26.2,1,1.45
P-000581,2025-01-01,1,177.5,2.4,0,5,93.8,15.3,5,1.23
P-000581,2025-02-01,2,173.5,0.3,5,4,101.6,25.9,4,1.75
P-000581,2025-03-01,3,234.2,33.1,3,9,63.9,67.7,3,4.46
P-000581,2025-04-01,4,244.3,57.5,6,12,48.9,98.0,5,4.88
P-000581,2025-05-01,5,232.4,41.7,6,11,58.4,77.8,4,4.33
P-000581,2025-06-01,6,244.0,36.3,5,10,65.8,76.9,4,3.78
P-000581,2025-07-01,7,243.0,40.2,6,9,58.9,86.8,4,4.7
P-000581,2025-08-01,8,241.0,22.5,7,13,57.6,72.9,4,4.16
P-000581,2025-09-01,9,239.1,42.7,4,9,55.9,76.3,3,3.73
P-000581,2025-10-01,10,174.6,10.8,0,5,88.4,15.5,3,1.18
P-000581,2025-11-01,11,183.5,11.7,2,6,90.9,26.7,4,1.16
P-000581,2025-12-01,12,181.1,0.0,2,3,92.1,17.6,4,1.0
P-000582,2025-01-01,1,177.3,6.4,1,5,89.9,17.6,3,1.29
P-000582,2025-02-01,2,180.0,7.0,3,3,91.5,28.1,3,1.17
P-000582,2025-03-01,3,181.0,2.4,2,4,97.4,19.7,3,1.52
P-000582,2025-04-01,4,244.8,28.3,3,10,66.6,64.6,4,3.54
P-000582,2025-05-01,5,233.2,40.4,2,9,58.2,71.4,3,3.89
P-000582,2025-06-01,6,247.7,41.1,3,10,64.5,80.2,5,4.25
P-000582,2025-07-01,7,231.3,34.0,4,12,60.7,73.0,5,4.93
P-000582,2025-08-01,8,241.6,40.9,7,11,68.1,84.9,4,3.57
P-000582,2025-09-01,9,189.6,5.9,2,5,90.2,26.7,4,1.33
P-000582,2025-10-01,10,167.6,7.1,0,4,93.7,14.0,5,1.22
P-000582,2025-11-01,11,181.2,6.8,2,6,95.4,23.4,4,1.12
P-000582,2025-12-01,12,176.5,1.7,2,5,104.7,17.6,5,1.29
P-000583,2025-01-01,1,169.3,11.1,4,3,88.8,24.8,5,1.45
P-000583,2025-02-01,2,175.0,6.3,3,5,94.1,19.5,5,1.38
P-000583,2025-03-01,3,167.8,7.7,0,3,88.4,15.9,5,1.85
P-000583,2025-04-01,4,238.0,42.3,11,12,53.3,90.9,4,3.88
P-000583,2025-05-01,5,240.0,41.4,12,15,62.7,95.9,5,3.89
P-000583,2025-06-01,6,249.4,48.5,8,11,54.8,95.0,5,4.53
P-000583,2025-07-01,7,234.9,52.6,6,8,49.6,86.8,4,4.68
P-000583,2025-08-01,8,233.4,56.9,12,12,51.2,98.0,5,4.65
P-000583,2025-09-01,9,241.3,44.3,4,13,61.9,86.0,5,4.97
P-000583,2025-10-01,10,245.0,28.3,8,9,65.3,79.6,4,3.75
P-000583,2025-11-01,11,227.8,39.0,5,9,66.5,75.0,4,4.08
P-000583,2025-12-01,12,171.0,0.0,1,5,100.4,19.8,4,1.88
P-000584,2025-01-01,1,178.0,8.3,0,5,89.8,24.3,2,1.6
P-000584,2025-02-01,2,181.5,5.9,3,6,84.4,26.7,2,1.0
P-000584,2025-03-01,3,180.5,1.1,3,5,93.7,24.7,2,1.45
P-000584,2025-04-01,4,224.7,35.9,4,8,56.8,64.5,3,3.65
P-000584,2025-05-01,5,165.7,0.0,4,4,97.9,12.9,1,1.73
P-000584,2025-06-01,6,185.6,0.0,0,5,88.8,18.5,1,1.42
P-000584,2025-07-01,7,162.0,6.1,0,5,97.8,7.7,2,1.22
P-000584,2025-08-01,8,178.7,7.1,2,4,93.2,24.8,2,1.8
P-000584,2025-09-01,9,176.1,9.9,0,4,89.9,19.0,3,1.59
P-000584,2025-10-01,10,177.5,2.9,2,4,95.5,18.9,1,1.36
P-000584,2025-11-01,11,163.5,14.2,0,6,91.5,15.1,1,1.1
P-000584,2025-12-01,12,169.3,6.4,2,5,94.4,21.0,1,1.66
P-000585,2025-01-01,1,167.1,1.3,2,5,94.9,19.1,1,1.39
P-000585,2025-02-01,2,241.0,49.6,6,10,54.3,87.1,4,4.1
P-000585,2025-03-01,3,246.5,42.6,6,13,55.0,89.0,4,3.89
P-000585,2025-04-01,4,238.5,44.0,3,16,46.7,80.8,4,3.82
P-000585,2025-05-01,5,230.2,33.2,7,9,61.0,77.6,4,5.0
P-000585,2025-06-01,6,180.3,0.0,4,3,97.9,21.3,1,1.0
P-000585,2025-07-01,7,163.4,1.3,1,5,96.9,13.1,1,1.3
P-000585,2025-08-01,8,175.5,13.2,1,4,93.1,20.7,1,1.57
P-000585,2025-09-01,9,175.8,2.9,4,7,102.5,22.4,1,1.42
P-000585,2025-10-01,10,180.5,1.2,4,6,88.6,28.0,1,1.12
P-000585,2025-11-01,11,176.8,5.4,2,4,93.2,20.9,1,1.34
P-000585,2025-12-01,12,181.0,16.6,2,6,87.8,31.1,1,1.29
P-000586,2025-01-01,1,171.9,9.6,1,6,90.5,24.4,5,1.51
P-000586,2025-02-01,2,173.8,10.0,2,6,82.6,22.2,5,1.39
P-000586,2025-03-01,3,183.4,4.2,2,5,94.4,21.3,5,1.29
P-000586,2025-04-01,4,252.5,35.3,6,13,62.4,85.5,5,5.0
P-000586,2025-05-01,5,237.6,35.3,6,13,67.1,79.3,5,4.65
P-000586,2025-06-01,6,248.3,48.0,4,11,52.8,81.9,5,3.8
P-000586,2025-07-01,7,243.2,34.0,12,12,62.2,91.4,4,4.31
P-000586,2025-08-01,8,237.9,41.3,7,10,56.1,81.6,4,4.17
P-000586,2025-09-01,9,236.7,45.7,2,15,62.2,79.4,4,3.54
P-000586,2025-10-01,10,237.5,33.6,2,14,61.1,70.3,4,3.84
P-000586,2025-11-01,11,250.4,44.2,3,11,56.1,82.7,5,4.63
P-000586,2025-12-01,12,173.1,8.7,1,4,90.0,19.3,4,1.29
P-000587,2025-01-01,1,168.6,2.0,5,4,98.0,19.8,1,1.18
P-000587,2025-02-01,2,175.6,1.9,3,5,85.9,20.0,1,1.2
P-000587,2025-03-01,3,171.3,4.8,3,5,95.8,21.8,2,1.37
P-000587,2025-04-01,4,175.8,5.5,2,4,86.5,20.0,2,1.49
P-000587,2025-05-01,5,185.3,5.1,1,5,90.0,26.5,2,1.36
P-000587,2025-06-01,6,178.0,9.9,4,3,97.8,25.5,2,1.61
P-000587,2025-07-01,7,172.0,9.5,2,3,87.6,23.4,2,1.96
P-000587,2025-08-01,8,174.4,7.2,1,5,91.2,19.9,1,1.67
P-000587,2025-09-01,9,176.6,6.6,0,3,89.7,19.9,2,1.25
P-000587,2025-10-01,10,175.9,4.7,2,5,101.8,19.2,1,1.56
P-000587,2025-11-01,11,182.2,3.6,4,4,95.6,27.6,1,1.37
P-000587,2025-12-01,12,177.6,0.0,2,4,92.9,15.6,2,1.0
P-000588,2025-01-01,1,169.2,5.8,1,6,94.0,13.2,2,1.7
P-000588,2025-02-01,2,171.7,8.6,1,5,90.9,19.4,2,1.41
P-000588,2025-03-01,3,172.5,6.7,2,5,90.5,20.6,3,1.0
P-000588,2025-04-01,4,178.9,1.1,2,5,99.0,22.5,2,1.79
P-000588,2025-05-01,5,177.6,10.2,2,3,93.9,17.7,2,1.0
P-000588,2025-06-01,6,173.7,5.4,3,6,92.6,21.6,2,1.29
P-000588,2025-07-01,7,179.3,5.7,0,4,91.9,18.8,2,1.46
P-000588,2025-08-01,8,177.8,10.1,2,5,95.2,25.6,1,1.66
P-000588,2025-09-01,9,171.9,0.0,2,5,93.9,16.5,2,1.14
P-000588,2025-10-01,10,171.0,1.0,1,5,95.6,15.8,1,1.1
P-000588,2025-11-01,11,180.6,4.3,4,6,96.2,20.6,2,1.27
P-000588,2025-12-01,12,178.8,1.2,2,4,95.2,14.5,2,1.13
P-000589,2025-01-01,1,183.0,4.8,1,3,94.1,17.7,5,1.65
P-000589,2025-02-01,2,173.2,9.7,5,5,97.5,34.4,4,1.54
P-000589,2025-03-01,3,229.2,27.4,5,11,63.0,69.1,3,3.55
P-000589,2025-04-01,4,228.4,25.9,3,12,65.8,64.6,4,4.34
P-000589,2025-05-01,5,238.4,53.2,6,10,59.9,84.4,4,3.85
P-000589,2025-06-01,6,228.0,28.3,5,9,68.2,57.6,3,3.01
P-000589,2025-07-01,7,225.7,38.3,4,11,50.6,74.1,3,3.36
P-000589,2025-08-01,8,244.6,50.7,6,10,56.7,87.9,5,5.0
P-000589,2025-09-01,9,237.5,37.8,4,11,59.8,78.9,4,4.18
P-000589,2025-10-01,10,187.2,2.1,3,4,95.1,23.4,5,1.33
P-000589,2025-11-01,11,180.1,1.8,1,6,92.6,16.1,5,1.35
P-000589,2025-12-01,12,169.9,5.7,1,4,92.3,21.0,5,1.79
P-000590,2025-01-01,1,187.3,2.3,2,5,94.4,29.8,5,1.63
P-000590,2025-02-01,2,172.8,5.7,2,5,100.6,20.3,4,1.42
P-000590,2025-03-01,3,243.9,45.5,4,12,62.1,81.3,4,4.16
P-000590,2025-04-01,4,244.5,37.3,2,11,66.1,68.7,4,3.37
P-000590,2025-05-01,5,238.5,56.5,5,10,40.4,88.4,4,5.0
P-000590,2025-06-01,6,222.8,44.8,3,9,61.1,67.6,3,3.2
P-000590,2025-07-01,7,243.1,46.2,4,13,53.7,84.7,5,4.77
P-000590,2025-08-01,8,246.3,52.5,7,12,49.4,94.8,5,5.0
P-000590,2025-09-01,9,234.5,41.2,5,12,61.4,77.1,4,4.34
P-000590,2025-10-01,10,181.4,7.7,3,5,92.5,23.7,4,1.0
P-000590,2025-11-01,11,172.5,0.0,2,6,93.3,14.3,5,1.31
P-000590,2025-12-01,12,176.4,4.6,2,4,97.0,23.3,4,1.48
P-000591,2025-01-01,1,182.1,8.1,3,5,100.0,23.6,2,1.68
P-000591,2025-02-01,2,184.0,1.0,1,4,98.7,14.6,2,1.0
P-000591,2025-03-01,3,160.0,8.7,2,4,91.7,16.7,2,1.34
P-000591,2025-04-01,4,183.8,0.0,2,3,96.7,23.9,2,1.64
P-000591,2025-05-01,5,184.8,1.1,1,4,100.3,12.7,2,1.0
P-000591,2025-06-01,6,179.4,0.0,2,5,96.1,16.6,3,1.68
P-000591,2025-07-01,7,180.2,8.5,2,5,91.3,32.9,1,1.57
P-000591,2025-08-01,8,178.2,7.3,1,6,91.8,27.4,3,1.46
P-000591,2025-09-01,9,195.6,6.0,2,4,93.5,22.9,3,1.18
P-000591,2025-10-01,10,168.7,0.4,1,4,98.5,15.0,1,1.78
P-000591,2025-11-01,11,189.5,2.0,2,4,95.9,18.3,2,1.41
P-000591,2025-12-01,12,176.6,4.4,0,5,100.1,18.0,2,1.91
P-000592,2025-01-01,1,170.0,6.9,2,4,88.0,22.3,4,1.1
P-000592,2025-02-01,2,169.6,9.7,1,5,91.6,19.3,4,1.29
P-000592,2025-03-01,3,234.1,41.4,3,9,46.5,78.9,5,4.58
P-000592,2025-04-01,4,244.5,44.7,8,10,56.6,88.2,5,4.41
P-000592,2025-05-01,5,233.5,28.2,5,12,64.7,69.4,4,3.89
P-000592,2025-06-01,6,241.0,41.5,3,10,60.5,74.9,4,4.38
P-000592,2025-07-01,7,237.7,41.5,7,9,58.7,75.2,4,3.22
P-000592,2025-08-01,8,239.5,28.4,7,12,57.3,75.7,4,3.53
P-000592,2025-09-01,9,231.2,34.4,5,13,63.7,75.5,3,4.0
P-000592,2025-10-01,10,182.3,9.5,0,4,91.0,25.5,4,1.71
P-000592,2025-11-01,11,173.8,6.0,1,4,88.2,15.2,3,1.54
P-000592,2025-12-01,12,169.6,3.8,1,3,90.7,11.4,4,1.43
P-000593,2025-01-01,1,167.2,6.2,5,6,86.8,26.9,1,1.39
P-000593,2025-02-01,2,172.5,3.8,1,4,96.5,14.5,1,1.27
P-000593,2025-03-01,3,185.4,4.0,2,5,96.7,20.1,3,1.63
P-000593,2025-04-01,4,176.8,0.0,0,4,105.6,15.3,2,1.26
P-000593,2025-05-01,5,177.7,9.8,0,5,85.1,15.0,1,1.0
P-000593,2025-06-01,6,184.2,4.0,1,3,89.8,22.6,2,1.13
P-000593,2025-07-01,7,181.2,2.4,2,3,97.6,18.0,3,1.58
P-000593,2025-08-01,8,173.1,4.3,1,4,91.7,11.4,1,1.3
P-000593,2025-09-01,9,169.2,1.6,2,3,90.3,9.9,1,1.0
P-000593,2025-10-01,10,182.1,11.5,1,5,95.6,24.6,3,1.61
P-000593,2025-11-01,11,181.9,11.1,1,5,90.1,23.9,2,1.11
P-000593,2025-12-01,12,168.8,3.2,2,7,96.1,18.2,2,1.92
P-000594,2025-01-01,1,169.2,5.5,3,4,102.9,12.6,1,1.12
P-000594,2025-02-01,2,177.3,7.7,1,5,95.8,17.7,2,1.2
P-000594,2025-03-01,3,167.5,8.4,1,3,94.1,23.4,2,1.0
P-000594,2025-04-01,4,211.5,38.0,2,4,57.4,59.7,1,3.04
P-000594,2025-05-01,5,180.1,1.5,1,3,91.3,11.4,1,1.24
P-000594,2025-06-01,6,181.1,5.0,2,5,96.2,23.9,2,1.68
P-000594,2025-07-01,7,179.0,14.0,3,5,87.9,31.8,2,1.83
P-000594,2025-08-01,8,192.1,14.8,2,5,91.1,31.9,2,1.6
P-000594,2025-09-01,9,174.4,3.2,3,5,88.0,23.8,1,1.77
P-000594,2025-10-01,10,167.7,0.1,1,5,101.2,7.6,1,1.53
P-000594,2025-11-01,11,175.6,4.1,3,7,96.1,21.7,2,1.64
P-000594,2025-12-01,12,186.8,5.0,0,5,96.0,18.2,1,2.03
P-000595,2025-01-01,1,172.1,13.5,2,5,97.5,24.7,2,1.88
P-000595,2025-02-01,2,171.2,6.1,3,4,95.0,19.1,2,1.29
P-000595,2025-03-01,3,168.4,6.9,1,4,91.0,12.8,2,1.16
P-000595,2025-04-01,4,175.5,1.8,3,4,99.8,21.3,2,1.0
P-000595,2025-05-01,5,179.5,1.9,4,6,89.1,18.5,2,1.39
P-000595,2025-06-01,6,237.8,32.4,6,12,65.6,79.4,4,3.98
P-000595,2025-07-01,7,233.9,31.4,6,10,60.8,72.0,4,4.25
P-000595,2025-08-01,8,186.8,4.3,0,3,95.2,11.2,2,1.0
P-000595,2025-09-01,9,168.6,5.4,0,7,94.6,17.4,2,1.71
P-000595,2025-10-01,10,168.1,7.3,3,4,86.9,12.9,2,1.36
P-000595,2025-11-01,11,169.3,0.1,2,5,91.2,17.6,2,1.62
P-000595,2025-12-01,12,169.6,4.8,3,3,96.8,22.8,2,1.45
P-000596,2025-01-01,1,183.5,2.7,3,5,89.3,25.7,4,1.49
P-000596,2025-02-01,2,173.9,3.7,2,3,88.9,16.1,4,1.43
P-000596,2025-03-01,3,232.5,45.1,7,8,67.1,78.7,4,4.0
P-000596,2025-04-01,4,233.8,38.5,7,11,62.3,78.3,4,4.3
P-000596,2025-05-01,5,252.1,51.9,13,11,49.9,98.0,4,4.14
P-000596,2025-06-01,6,248.3,37.6,5,13,58.3,87.3,5,4.18
P-000596,2025-07-01,7,242.9,34.0,4,13,63.8,76.0,4,4.22
P-000596,2025-08-01,8,236.9,41.2,5,12,56.0,80.4,4,4.93
P-000596,2025-09-01,9,232.9,40.7,2,11,54.0,70.9,4,3.39
P-000596,2025-10-01,10,177.4,9.3,1,6,91.0,29.1,5,1.52
P-000596,2025-11-01,11,167.9,10.3,4,5,88.8,22.9,4,1.53
P-000596,2025-12-01,12,174.4,6.4,4,4,92.1,21.8,5,1.25
P-000597,2025-01-01,1,172.3,8.7,3,6,91.1,24.1,4,1.36
P-000597,2025-02-01,2,173.2,11.8,1,6,100.2,19.5,4,1.36
P-000597,2025-03-01,3,242.0,52.2,12,13,53.5,98.0,5,4.77
P-000597,2025-04-01,4,246.2,54.6,4,13,56.3,86.8,5,4.13
P-000597,2025-05-01,5,236.9,42.6,7,10,57.3,85.3,4,4.09
P-000597,2025-06-01,6,235.9,37.9,4,10,65.1,72.3,4,5.0
P-000597,2025-07-01,7,250.2,30.3,7,9,60.4,81.4,4,4.24
P-000597,2025-08-01,8,239.8,44.7,2,9,67.0,72.9,4,4.25
P-000597,2025-09-01,9,230.8,46.9,8,12,58.4,83.7,4,4.6
P-000597,2025-10-01,10,176.2,4.3,2,4,89.2,19.2,4,1.77
P-000597,2025-11-01,11,171.3,10.1,0,5,92.6,21.5,5,1.93
P-000597,2025-12-01,12,179.8,5.7,1,5,91.3,15.9,4,1.09
P-000598,2025-01-01,1,166.4,0.2,0,5,94.7,12.4,2,1.24
P-000598,2025-02-01,2,170.6,8.0,1,4,89.4,21.9,3,1.76
P-000598,2025-03-01,3,170.5,10.2,2,5,94.7,21.9,1,1.43
P-000598,2025-04-01,4,178.3,5.0,1,5,91.8,21.0,1,1.69
P-000598,2025-05-01,5,215.3,32.5,3,11,60.7,65.5,1,3.0
P-000598,2025-06-01,6,184.4,5.9,1,5,89.7,18.1,1,1.27
P-000598,2025-07-01,7,173.2,9.3,0,5,94.1,20.8,1,1.79
P-000598,2025-08-01,8,163.0,0.0,1,5,91.1,13.3,3,1.73
P-000598,2025-09-01,9,173.7,7.5,2,5,88.1,22.9,2,1.68
P-000598,2025-10-01,10,167.5,12.0,0,4,88.4,11.3,2,1.25
P-000598,2025-11-01,11,181.5,1.3,3,5,102.6,19.0,1,1.56
P-000598,2025-12-01,12,173.7,5.5,3,6,97.9,20.4,1,1.73
P-000599,2025-01-01,1,176.7,7.1,2,6,92.6,22.7,5,1.96
P-000599,2025-02-01,2,173.1,2.9,2,5,89.2,21.2,4,1.44
P-000599,2025-03-01,3,183.7,5.5,2,7,91.6,25.0,5,1.49
P-000599,2025-04-01,4,248.7,31.1,4,13,61.2,78.8,5,4.34
P-000599,2025-05-01,5,247.7,48.7,11,13,51.6,98.0,5,4.62
P-000599,2025-06-01,6,247.4,40.4,6,11,57.6,81.0,4,5.0
P-000599,2025-07-01,7,238.7,27.1,4,11,62.8,73.2,4,4.39
P-000599,2025-08-01,8,245.8,35.0,6,9,58.9,83.9,5,4.46
P-000599,2025-09-01,9,238.9,48.0,7,9,53.4,86.4,4,4.11
P-000599,2025-10-01,10,234.9,44.6,5,12,56.7,80.5,4,3.88
P-000599,2025-11-01,11,244.0,40.7,5,10,61.7,75.0,5,4.66
P-000599,2025-12-01,12,177.9,5.9,0,5,95.6,16.3,5,1.76
P-000600,2025-01-01,1,173.7,0.4,1,4,98.3,12.1,4,1.44
P-000600,2025-02-01,2,174.5,5.6,2,5,93.7,23.6,3,1.46
P-000600,2025-03-01,3,185.6,4.1,2,6,98.7,18.4,5,1.13
P-000600,2025-04-01,4,244.2,43.7,13,12,57.0,90.5,4,3.98
P-000600,2025-05-01,5,230.7,23.7,2,12,57.5,66.4,3,3.9
P-000600,2025-06-01,6,239.3,40.6,8,10,63.5,92.5,3,3.83
P-000600,2025-07-01,7,231.6,51.6,8,12,51.9,81.8,3,3.39
P-000600,2025-08-01,8,226.9,49.0,3,8,54.9,67.2,3,3.38
P-000600,2025-09-01,9,177.8,10.0,1,5,91.0,22.8,3,1.33
P-000600,2025-10-01,10,183.2,5.6,4,3,91.3,26.9,5,1.63
P-000600,2025-11-01,11,172.8,5.8,1,4,88.3,17.7,3,1.46
P-000600,2025-12-01,12,169.8,4.3,2,5,94.8,10.5,4,1.38
P-000601,2025-01-01,1,168.7,7.6,0,4,95.3,16.7,3,1.83
P-000601,2025-02-01,2,185.8,0.0,2,3,93.9,15.3,4,1.36
P-000601,2025-03-01,3,169.9,7.3,3,4,93.3,19.2,3,1.22
P-000601,2025-04-01,4,228.3,30.5,9,7,64.5,76.2,3,4.02
P-000601,2025-05-01,5,253.0,31.3,8,13,61.3,87.4,4,3.92
P-000601,2025-06-01,6,229.9,43.9,9,8,56.7,83.1,3,4.33
P-000601,2025-07-01,7,234.3,45.6,7,11,64.0,78.2,4,3.93
P-000601,2025-08-01,8,239.6,40.6,11,11,64.1,90.2,5,4.77
P-000601,2025-09-01,9,173.3,0.0,1,5,98.3,12.2,4,1.11
P-000601,2025-10-01,10,173.4,8.4,3,4,90.3,18.7,5,1.0
P-000601,2025-11-01,11,180.3,6.2,3,6,91.1,22.8,4,2.13
P-000601,2025-12-01,12,169.4,1.4,4,5,98.2,18.0,5,1.47
P-000602,2025-01-01,1,180.0,6.8,2,3,93.3,20.2,4,1.42
P-000602,2025-02-01,2,175.7,10.2,2,5,90.9,17.3,4,1.36
P-000602,2025-03-01,3,259.4,44.6,11,10,50.8,97.2,5,4.54
P-000602,2025-04-01,4,250.6,46.7,6,12,62.5,94.3,4,4.6
P-000602,2025-05-01,5,233.4,34.5,4,10,53.6,78.8,3,3.97
P-000602,2025-06-01,6,235.0,41.3,4,12,59.2,76.1,4,4.06
P-000602,2025-07-01,7,244.1,50.7,6,9,55.2,89.2,4,4.06
P-000602,2025-08-01,8,221.9,40.9,4,11,50.3,69.2,3,3.24
P-000602,2025-09-01,9,229.9,44.2,5,8,53.1,79.0,3,3.77
P-000602,2025-10-01,10,187.3,3.0,4,5,95.2,22.8,4,1.16
P-000602,2025-11-01,11,176.2,6.6,3,5,86.6,28.6,3,1.27
P-000602,2025-12-01,12,173.1,10.3,1,4,95.0,19.0,3,1.27
P-000603,2025-01-01,1,185.5,15.9,1,3,90.1,21.8,2,1.17
P-000603,2025-02-01,2,179.2,1.6,1,4,92.0,23.2,2,2.36
P-000603,2025-03-01,3,177.6,6.8,4,3,84.8,22.9,3,1.0
P-000603,2025-04-01,4,214.7,28.1,1,10,57.2,53.2,1,3.56
P-000603,2025-05-01,5,180.3,8.9,4,4,92.2,26.3,2,1.23
P-000603,2025-06-01,6,174.2,5.6,0,5,98.1,20.1,2,1.78
P-000603,2025-07-01,7,170.7,3.3,1,5,91.8,13.6,2,1.28
P-000603,2025-08-01,8,168.3,4.0,2,5,89.7,19.1,1,1.0
P-000603,2025-09-01,9,179.3,5.2,2,5,91.9,24.5,1,1.78
P-000603,2025-10-01,10,170.7,6.8,1,6,86.1,18.4,2,1.71
P-000603,2025-11-01,11,178.4,7.2,3,6,91.1,27.9,3,1.0
P-000603,2025-12-01,12,167.1,0.1,1,5,102.0,12.6,1,1.0
P-000604,2025-01-01,1,175.1,12.3,1,6,96.7,18.4,3,1.52
P-000604,2025-02-01,2,166.1,8.2,5,5,89.1,24.4,4,1.71
P-000604,2025-03-01,3,245.8,43.9,9,7,62.4,92.7,5,4.55
P-000604,2025-04-01,4,237.1,39.8,3,12,62.8,73.4,4,4.15
P-000604,2025-05-01,5,235.5,51.2,4,12,56.6,79.0,4,3.93
P-000604,2025-06-01,6,230.6,43.1,5,8,61.0,72.8,3,4.09
P-000604,2025-07-01,7,232.0,38.2,8,11,55.2,85.9,4,4.14
P-000604,2025-08-01,8,236.4,40.6,5,10,63.5,69.9,4,3.57
P-000604,2025-09-01,9,242.0,42.0,6,10,59.0,83.1,4,4.01
P-000604,2025-10-01,10,183.2,10.1,2,5,96.6,21.4,4,1.57
P-000604,2025-11-01,11,175.8,10.7,1,3,96.5,17.7,4,1.45
P-000604,2025-12-01,12,172.7,11.2,2,4,90.2,23.1,4,1.55
P-000605,2025-01-01,1,177.8,4.0,0,3,93.8,20.2,4,1.83
P-000605,2025-02-01,2,171.6,5.0,5,3,98.9,24.5,5,1.74
P-000605,2025-03-01,3,241.6,20.6,7,11,69.9,77.1,4,4.73
P-000605,2025-04-01,4,248.8,50.7,8,14,52.0,92.8,5,4.6
P-000605,2025-05-01,5,234.5,47.0,6,13,53.1,85.1,4,4.1
P-000605,2025-06-01,6,236.0,26.3,5,9,65.5,69.8,3,3.78
P-000605,2025-07-01,7,258.6,44.0,5,11,57.2,95.3,5,4.21
P-000605,2025-08-01,8,233.9,52.1,5,10,59.9,83.4,5,4.52
P-000605,2025-09-01,9,241.5,32.6,7,6,65.2,69.6,4,3.13
P-000605,2025-10-01,10,180.2,2.3,2,4,96.9,18.6,5,1.24
P-000605,2025-11-01,11,174.4,11.0,3,5,93.6,21.8,4,1.58
P-000605,2025-12-01,12,168.3,5.7,5,5,93.9,24.6,4,1.75
P-000606,2025-01-01,1,176.2,5.0,4,4,87.5,25.1,2,1.75
P-000606,2025-02-01,2,166.8,5.3,1,5,89.4,16.0,2,1.52
P-000606,2025-03-01,3,186.3,4.7,1,5,95.8,21.5,1,1.54
P-000606,2025-04-01,4,175.7,14.6,3,4,90.2,28.1,2,1.36
P-000606,2025-05-01,5,200.8,36.7,1,5,52.4,54.9,1,2.49
P-000606,2025-06-01,6,167.9,9.1,4,3,95.0,21.8,1,1.24
P-000606,2025-07-01,7,174.6,10.3,4,5,95.9,19.7,1,1.5
P-000606,2025-08-01,8,171.7,6.0,0,4,98.8,18.1,2,1.16
P-000606,2025-09-01,9,170.2,0.0,1,6,90.2,15.8,2,1.21
P-000606,2025-10-01,10,180.5,2.4,1,4,96.2,18.6,3,1.5
P-000606,2025-11-01,11,172.0,10.6,2,5,91.7,23.1,2,1.64
P-000606,2025-12-01,12,170.6,3.2,2,3,92.7,19.2,1,1.81
P-000607,2025-01-01,1,181.0,0.2,1,5,96.9,17.6,2,1.37
P-000607,2025-02-01,2,181.1,4.4,0,4,93.1,13.9,2,1.32
P-000607,2025-03-01,3,179.5,6.0,5,7,89.3,25.4,2,1.23
P-000607,2025-04-01,4,175.8,14.5,2,3,94.2,19.0,2,1.68
P-000607,2025-05-01,5,169.4,12.8,3,6,88.9,26.7,2,1.94
P-000607,2025-06-01,6,234.7,44.9,6,7,53.0,79.1,4,3.93
P-000607,2025-07-01,7,234.7,43.2,7,10,62.4,78.4,4,3.2
P-000607,2025-08-01,8,174.1,6.0,1,5,93.5,17.9,2,1.19
P-000607,2025-09-01,9,171.1,3.9,1,4,98.7,12.4,2,1.0
P-000607,2025-10-01,10,165.2,7.4,0,5,93.7,11.0,2,1.59
P-000607,2025-11-01,11,167.1,11.4,3,4,89.0,21.0,2,1.3
P-000607,2025-12-01,12,175.4,4.5,0,3,94.0,9.2,2,1.64
P-000608,2025-01-01,1,168.1,2.7,1,4,90.0,17.4,2,1.38
P-000608,2025-02-01,2,183.5,4.9,2,3,92.7,18.8,1,1.0
P-000608,2025-03-01,3,176.7,5.3,0,3,93.8,13.0,1,1.84
P-000608,2025-04-01,4,213.4,30.9,5,11,70.3,60.9,2,3.91
P-000608,2025-05-01,5,171.9,5.9,1,4,102.5,16.2,1,1.2
P-000608,2025-06-01,6,179.3,3.6,3,4,92.6,20.6,2,1.25
P-000608,2025-07-01,7,183.4,8.6,1,4,88.2,28.3,1,1.33
P-000608,2025-08-01,8,172.5,6.9,0,5,94.8,19.1,2,1.0
P-000608,2025-09-01,9,183.5,13.1,0,6,91.2,23.0,2,1.04
P-000608,2025-10-01,10,176.7,2.4,0,4,95.5,13.7,2,1.39
P-000608,2025-11-01,11,181.1,7.0,3,7,97.1,26.0,2,1.77
P-000608,2025-12-01,12,190.6,5.2,3,5,96.9,21.6,2,1.06
P-000609,2025-01-01,1,179.5,0.0,4,3,95.2,16.5,2,1.11
P-000609,2025-02-01,2,175.8,5.0,1,4,91.1,13.3,1,1.26
P-000609,2025-03-01,3,180.6,11.6,2,3,91.2,26.3,2,1.2
P-000609,2025-04-01,4,225.6,41.1,3,6,54.4,65.8,2,3.55
P-000609,2025-05-01,5,223.6,43.3,2,10,54.7,64.7,2,3.13
P-000609,2025-06-01,6,180.2,4.0,2,4,98.5,14.9,2,1.0
P-000609,2025-07-01,7,170.9,4.9,4,4,94.5,16.5,1,1.39
P-000609,2025-08-01,8,172.6,5.4,3,5,94.6,23.8,1,1.71
P-000609,2025-09-01,9,181.0,8.0,0,5,84.6,24.9,3,1.69
P-000609,2025-10-01,10,182.7,8.9,1,7,94.5,31.9,2,1.27
P-000609,2025-11-01,11,177.2,7.5,3,4,94.6,21.7,1,1.74
P-000609,2025-12-01,12,161.9,0.0,1,3,90.8,7.9,2,1.24
P-000610,2025-01-01,1,180.7,8.9,1,3,99.8,22.4,1,1.15
P-000610,2025-02-01,2,178.3,7.2,3,7,88.6,23.6,2,1.52
P-000610,2025-03-01,3,173.9,5.7,0,4,96.7,12.0,1,1.54
P-000610,2025-04-01,4,178.2,4.7,2,5,95.5,20.1,1,1.0
P-000610,2025-05-01,5,175.5,3.3,3,4,99.1,18.4,1,1.25
P-000610,2025-06-01,6,183.5,4.4,0,4,94.0,13.3,1,1.42
P-000610,2025-07-01,7,173.2,3.2,2,4,87.8,21.7,2,1.3
P-000610,2025-08-01,8,175.9,0.9,5,5,86.9,24.1,2,1.31
P-000610,2025-09-01,9,168.3,8.6,0,5,92.6,15.7,2,1.77
P-000610,2025-10-01,10,174.2,8.8,3,4,87.0,27.2,1,1.62
P-000610,2025-11-01,11,181.4,8.4,1,4,100.5,17.8,1,1.19
P-000610,2025-12-01,12,178.6,1.2,1,4,95.8,15.8,3,1.52
P-000611,2025-01-01,1,175.0,0.3,5,6,87.5,24.9,1,1.48
P-000611,2025-02-01,2,181.6,7.2,1,4,91.1,17.9,2,1.0
P-000611,2025-03-01,3,170.3,6.3,3,4,94.3,19.0,2,1.4
P-000611,2025-04-01,4,180.6,2.3,3,6,90.4,26.4,3,1.52
P-000611,2025-05-01,5,176.1,8.3,3,3,85.2,22.2,1,1.65
P-000611,2025-06-01,6,185.5,0.3,3,3,95.6,25.6,1,1.52
P-000611,2025-07-01,7,176.5,10.9,5,3,90.2,26.8,2,1.61
P-000611,2025-08-01,8,173.1,5.0,0,5,90.0,19.2,2,1.75
P-000611,2025-09-01,9,169.9,13.5,0,4,89.0,21.1,2,1.3
P-000611,2025-10-01,10,177.0,0.0,0,4,91.3,19.7,1,1.13
P-000611,2025-11-01,11,168.5,0.9,5,5,90.6,22.4,1,1.31
P-000611,2025-12-01,12,177.2,9.6,2,7,89.2,24.8,2,1.67
P-000612,2025-01-01,1,172.4,4.7,3,5,87.6,25.7,2,1.3
P-000612,2025-02-01,2,174.0,7.0,1,3,95.5,21.6,2,1.07
P-000612,2025-03-01,3,177.6,6.0,3,5,92.3,22.1,3,1.54
P-000612,2025-04-01,4,228.3,28.9,2,7,63.3,56.8,2,3.26
P-000612,2025-05-01,5,187.1,8.3,1,4,90.8,30.6,1,1.71
P-000612,2025-06-01,6,171.0,5.6,2,3,96.7,10.3,1,1.0
P-000612,2025-07-01,7,180.1,13.1,2,5,87.3,25.4,2,1.68
P-000612,2025-08-01,8,171.4,6.7,1,7,91.0,22.9,3,1.45
P-000612,2025-09-01,9,176.0,9.8,2,5,93.6,24.4,1,1.22
P-000612,2025-10-01,10,179.7,1.6,1,3,94.1,16.5,2,1.27
P-000612,2025-11-01,11,173.6,8.0,2,4,91.9,23.1,1,1.74
P-000612,2025-12-01,12,180.1,8.3,3,5,94.4,25.1,1,1.75
P-000613,2025-01-01,1,172.1,4.5,0,3,98.6,14.4,4,1.49
P-000613,2025-02-01,2,177.5,7.5,1,6,93.1,16.6,3,1.08
P-000613,2025-03-01,3,173.8,3.2,4,5,91.8,21.2,3,1.0
P-000613,2025-04-01,4,236.9,35.0,8,9,58.1,78.2,4,3.86
P-000613,2025-05-01,5,238.6,35.3,10,8,64.7,80.1,3,3.22
P-000613,2025-06-01,6,237.9,46.8,7,7,47.3,85.7,4,4.39
P-000613,2025-07-01,7,237.6,42.4,10,11,63.3,84.5,5,4.31
P-000613,2025-08-01,8,239.6,41.8,3,12,55.0,80.7,4,3.91
P-000613,2025-09-01,9,174.0,2.1,2,5,92.2,17.1,4,1.75
P-000613,2025-10-01,10,172.8,5.8,3,5,102.0,16.0,3,1.17
P-000613,2025-11-01,11,186.4,5.9,5,4,90.0,30.6,4,1.92
P-000613,2025-12-01,12,182.3,11.6,1,4,98.9,22.5,4,1.64
P-000614,2025-01-01,1,185.2,4.5,5,3,89.9,37.8,3,1.31
P-000614,2025-02-01,2,173.3,4.3,2,4,98.6,19.4,4,1.54
P-000614,2025-03-01,3,234.4,30.7,5,9,56.7,72.5,3,4.11
P-000614,2025-04-01,4,224.8,33.7,6,9,60.5,69.2,3,3.81
P-000614,2025-05-01,5,238.8,42.4,7,9,64.0,79.4,4,4.08
P-000614,2025-06-01,6,224.5,35.0,5,11,66.8,67.6,3,3.64
P-000614,2025-07-01,7,234.6,41.8,7,12,56.3,84.7,4,4.29
P-000614,2025-08-01,8,226.0,49.5,5,10,58.1,76.0,3,3.65
P-000614,2025-09-01,9,242.1,42.6,3,11,57.3,73.2,4,3.98
P-000614,2025-10-01,10,174.9,2.6,2,6,106.1,21.1,4,1.22
P-000614,2025-11-01,11,183.5,0.0,0,5,97.7,18.0,4,1.19
P-000614,2025-12-01,12,176.9,1.3,2,3,96.1,18.0,4,1.8
P-000615,2025-01-01,1,175.9,10.4,1,7,86.6,25.2,5,1.78
P-000615,2025-02-01,2,180.7,17.0,4,5,86.6,35.2,4,1.14
P-000615,2025-03-01,3,177.8,7.5,3,5,91.3,22.5,5,1.41
P-000615,2025-04-01,4,245.7,43.4,7,10,59.6,87.0,4,4.03
P-000615,2025-05-01,5,244.0,33.7,10,9,65.6,81.4,5,4.34
P-000615,2025-06-01,6,239.0,35.6,9,15,65.7,86.1,5,4.21
P-000615,2025-07-01,7,250.5,35.0,13,14,60.1,98.0,5,4.35
P-000615,2025-08-01,8,243.6,37.5,10,12,53.2,86.9,5,3.67
P-000615,2025-09-01,9,246.3,36.6,10,10,67.4,93.2,5,5.0
P-000615,2025-10-01,10,237.3,48.8,2,13,45.7,81.1,4,4.08
P-000615,2025-11-01,11,249.6,41.2,6,8,62.2,84.6,5,4.84
P-000615,2025-12-01,12,174.3,7.9,4,4,90.5,21.9,4,1.02
P-000616,2025-01-01,1,178.1,9.7,1,5,91.8,23.0,2,1.0
P-000616,2025-02-01,2,174.5,4.5,1,5,94.1,15.2,1,1.05
P-000616,2025-03-01,3,168.3,1.7,3,5,93.5,23.4,3,1.49
P-000616,2025-04-01,4,177.9,6.9,1,3,95.5,16.2,1,1.49
P-000616,2025-05-01,5,183.7,1.7,3,3,89.5,19.1,2,1.88
P-000616,2025-06-01,6,171.3,3.4,3,3,101.1,21.7,2,1.73
P-000616,2025-07-01,7,188.6,5.6,2,5,96.0,27.1,1,1.59
P-000616,2025-08-01,8,171.6,3.6,2,5,93.2,18.0,2,1.25
P-000616,2025-09-01,9,175.7,6.6,2,5,97.5,19.6,1,1.62
P-000616,2025-10-01,10,173.1,3.1,2,4,99.1,18.3,2,1.5
P-000616,2025-11-01,11,174.3,0.0,1,4,95.6,17.0,2,1.39
P-000616,2025-12-01,12,183.4,7.0,2,5,95.8,24.4,2,1.18
P-000617,2025-01-01,1,180.7,5.3,2,5,84.5,20.6,3,1.07
P-000617,2025-02-01,2,182.7,7.3,1,6,90.7,25.4,4,1.42
P-000617,2025-03-01,3,170.5,2.7,1,5,92.9,10.0,4,1.16
P-000617,2025-04-01,4,233.9,39.2,8,13,61.6,83.8,3,3.76
P-000617,2025-05-01,5,234.7,39.8,6,13,53.6,81.1,4,3.77
P-000617,2025-06-01,6,230.2,39.4,1,10,50.6,68.9,3,4.24
P-000617,2025-07-01,7,242.6,46.1,6,11,56.7,87.1,5,5.0
P-000617,2025-08-01,8,240.6,32.1,5,10,56.9,74.1,4,3.08
P-000617,2025-09-01,9,182.7,12.6,3,4,85.2,30.8,4,1.75
P-000617,2025-10-01,10,185.4,18.0,1,3,85.8,26.9,4,1.44
P-000617,2025-11-01,11,166.6,8.5,1,5,92.1,21.3,4,1.64
P-000617,2025-12-01,12,179.3,0.6,4,6,100.7,21.2,5,1.69
P-000618,2025-01-01,1,180.0,6.0,2,4,97.2,22.2,2,1.47
P-000618,2025-02-01,2,173.5,8.8,1,5,93.8,21.4,2,1.45
P-000618,2025-03-01,3,183.7,5.1,2,5,94.8,25.1,2,1.56
P-000618,2025-04-01,4,182.9,0.8,3,3,94.8,21.6,1,1.48
P-000618,2025-05-01,5,186.5,3.8,2,4,99.7,21.8,1,1.13
P-000618,2025-06-01,6,175.2,4.8,3,4,92.4,22.6,2,1.7
P-000618,2025-07-01,7,174.1,13.9,2,5,88.4,25.4,3,1.24
P-000618,2025-08-01,8,166.8,5.8,1,5,88.9,13.6,2,1.17
P-000618,2025-09-01,9,176.0,6.4,3,4,95.1,20.0,3,1.33
P-000618,2025-10-01,10,173.7,13.5,1,5,92.0,25.1,2,1.29
P-000618,2025-11-01,11,171.9,9.5,1,4,89.2,24.2,2,1.11
P-000618,2025-12-01,12,167.4,7.5,0,6,92.7,17.8,1,1.41
P-000619,2025-01-01,1,169.2,8.6,1,5,90.4,13.9,1,1.34
P-000619,2025-02-01,2,237.8,31.2,8,10,64.3,74.9,4,3.66
P-000619,2025-03-01,3,234.6,31.3,4,12,54.7,72.6,4,4.0
P-000619,2025-04-01,4,248.9,42.9,2,12,55.8,84.0,4,4.19
P-000619,2025-05-01,5,228.8,38.0,7,9,58.1,79.3,4,3.66
P-000619,2025-06-01,6,171.0,0.0,1,4,95.4,17.1,1,1.0
P-000619,2025-07-01,7,188.7,7.2,1,5,90.1,29.0,1,2.09
P-000619,2025-08-01,8,172.3,7.7,0,4,93.5,14.6,1,1.78
P-000619,2025-09-01,9,178.5,3.3,3,3,90.9,19.8,1,1.0
P-000619,2025-10-01,10,175.9,7.0,2,4,87.3,24.3,1,1.44
P-000619,2025-11-01,11,178.1,15.8,5,4,92.9,27.4,1,1.48
P-000619,2025-12-01,12,177.1,10.2,3,4,91.6,23.7,1,1.67
P-000620,2025-01-01,1,183.7,1.3,5,5,93.9,26.9,4,1.17
P-000620,2025-02-01,2,175.8,3.4,3,5,95.0,18.6,4,1.86
P-000620,2025-03-01,3,171.4,2.3,0,4,91.5,15.3,4,1.63
P-000620,2025-04-01,4,241.5,47.3,5,15,54.9,82.3,5,3.8
P-000620,2025-05-01,5,237.5,40.9,10,12,63.8,88.2,5,4.19
P-000620,2025-06-01,6,248.3,45.5,8,13,62.4,90.8,5,4.84
P-000620,2025-07-01,7,233.0,38.9,6,10,64.2,84.0,5,4.98
P-000620,2025-08-01,8,246.9,43.6,5,10,65.0,79.3,5,4.37
P-000620,2025-09-01,9,240.9,36.1,10,10,60.9,86.5,4,3.82
P-000620,2025-10-01,10,235.4,46.6,7,11,56.9,85.2,4,3.74
P-000620,2025-11-01,11,252.7,57.8,7,14,59.5,98.0,5,4.78
P-000620,2025-12-01,12,179.7,0.0,5,5,95.7,24.7,4,1.44
P-000621,2025-01-01,1,171.5,10.1,3,5,104.1,13.9,5,1.39
P-000621,2025-02-01,2,176.5,6.2,3,5,102.5,18.1,5,1.74
P-000621,2025-03-01,3,233.1,37.3,6,11,59.8,76.9,4,3.72
P-000621,2025-04-01,4,227.9,46.4,4,7,58.7,70.4,3,4.37
P-000621,2025-05-01,5,239.5,33.8,8,8,52.3,84.9,3,4.3
P-000621,2025-06-01,6,251.0,32.5,4,8,54.5,79.8,3,3.78
P-000621,2025-07-01,7,230.7,41.9,3,10,55.7,75.4,3,3.25
P-000621,2025-08-01,8,238.5,36.8,3,9,58.9,73.8,4,3.49
P-000621,2025-09-01,9,243.4,40.3,3,10,71.3,74.6,4,4.23
P-000621,2025-10-01,10,176.6,7.7,3,5,87.4,23.7,4,1.66
P-000621,2025-11-01,11,178.2,3.3,2,4,96.2,15.9,3,1.19
P-000621,2025-12-01,12,180.6,4.1,0,4,98.5,17.1,5,1.36
P-000622,2025-01-01,1,177.1,6.1,1,5,90.9,18.2,4,2.16
P-000622,2025-02-01,2,183.3,5.1,1,5,96.7,18.6,5,1.66
P-000622,2025-03-01,3,234.3,48.1,7,10,55.0,83.9,4,4.34
P-000622,2025-04-01,4,243.2,49.7,6,11,58.0,88.2,4,4.36
P-000622,2025-05-01,5,224.1,40.5,5,8,54.1,78.5,4,5.0
P-000622,2025-06-01,6,233.7,39.0,2,14,67.5,71.6,4,3.67
P-000622,2025-07-01,7,235.8,37.4,4,11,58.0,78.2,4,5.0
P-000622,2025-08-01,8,250.5,34.5,2,11,65.9,74.8,5,4.62
P-000622,2025-09-01,9,232.9,37.1,5,11,61.8,72.6,4,3.7
P-000622,2025-10-01,10,173.3,3.4,0,3,95.5,12.5,4,1.54
P-000622,2025-11-01,11,180.5,7.9,1,4,92.2,21.1,5,1.4
P-000622,2025-12-01,12,169.8,6.6,1,6,87.5,21.6,3,1.41
P-000623,2025-01-01,1,178.5,1.4,3,3,94.4,19.8,1,1.96
P-000623,2025-02-01,2,179.2,4.5,0,5,96.1,15.3,2,1.69
P-000623,2025-03-01,3,175.7,6.9,5,5,94.0,18.3,1,1.15
P-000623,2025-04-01,4,176.7,5.6,1,5,91.4,22.4,1,1.8
P-000623,2025-05-01,5,172.1,8.8,2,5,92.5,19.1,2,1.16
P-000623,2025-06-01,6,169.4,11.6,4,5,92.2,20.3,3,1.25
P-000623,2025-07-01,7,177.0,12.0,1,4,90.7,23.0,1,1.13
P-000623,2025-08-01,8,176.1,6.9,1,5,90.8,23.3,2,1.64
P-000623,2025-09-01,9,172.4,10.1,0,4,94.2,15.3,2,1.15
P-000623,2025-10-01,10,170.4,6.0,4,6,88.0,22.5,1,1.39
P-000623,2025-11-01,11,176.6,0.0,1,6,94.4,17.6,2,1.0
P-000623,2025-12-01,12,182.7,0.0,2,5,102.9,23.2,1,1.39
P-000624,2025-01-01,1,174.9,8.8,3,5,96.2,25.4,4,1.51
P-000624,2025-02-01,2,180.9,2.4,1,7,103.3,17.6,4,1.12
P-000624,2025-03-01,3,177.7,11.7,2,3,94.2,24.2,5,1.19
P-000624,2025-04-01,4,236.7,40.6,4,10,56.6,71.0,4,3.72
P-000624,2025-05-01,5,247.0,38.4,5,9,62.0,81.2,4,4.57
P-000624,2025-06-01,6,234.1,46.0,7,9,56.5,82.7,3,4.67
P-000624,2025-07-01,7,235.9,36.5,4,9,53.2,75.5,4,3.89
P-000624,2025-08-01,8,233.9,31.0,11,10,63.6,89.5,4,4.33
P-000624,2025-09-01,9,175.7,7.0,3,4,87.6,27.7,5,2.17
P-000624,2025-10-01,10,165.3,5.8,1,5,89.8,19.0,5,1.0
P-000624,2025-11-01,11,167.2,6.6,2,5,96.3,17.4,4,1.28
P-000624,2025-12-01,12,171.3,1.1,2,3,90.1,10.4,3,1.28
P-000625,2025-01-01,1,187.6,6.6,0,5,90.4,25.0,2,1.99
P-000625,2025-02-01,2,172.8,7.2,2,5,94.1,23.7,2,1.49
P-000625,2025-03-01,3,165.1,4.6,0,6,97.0,11.8,1,1.99
P-000625,2025-04-01,4,172.6,5.7,2,5,93.6,20.2,2,1.2
P-000625,2025-05-01,5,181.9,0.0,2,4,95.4,18.8,2,1.92
P-000625,2025-06-01,6,161.7,8.0,2,6,89.9,18.5,1,1.47
P-000625,2025-07-01,7,182.1,0.0,0,4,96.4,18.3,2,1.2
P-000625,2025-08-01,8,176.9,9.8,2,4,88.4,19.2,3,1.54
P-000625,2025-09-01,9,178.4,4.7,3,7,90.8,23.2,1,1.5
P-000625,2025-10-01,10,171.7,5.8,2,4,91.1,21.2,2,1.11
P-000625,2025-11-01,11,184.0,3.1,2,5,100.2,20.4,3,1.29
P-000625,2025-12-01,12,187.4,0.0,3,5,102.8,21.6,1,1.18
P-000626,2025-01-01,1,176.7,3.8,1,5,89.3,17.3,4,1.66
P-000626,2025-02-01,2,166.7,3.0,1,4,91.1,16.6,4,1.73
P-000626,2025-03-01,3,173.6,4.9,3,4,98.1,18.8,5,1.72
P-000626,2025-04-01,4,253.9,50.1,7,14,57.2,97.2,5,4.77
P-000626,2025-05-01,5,241.8,47.5,4,7,53.3,79.6,3,3.56
P-000626,2025-06-01,6,234.8,42.0,4,10,49.3,79.0,4,4.01
P-000626,2025-07-01,7,243.4,47.7,4,7,55.3,82.0,4,4.37
P-000626,2025-08-01,8,246.6,32.3,7,11,67.8,81.9,4,4.96
P-000626,2025-09-01,9,169.5,4.6,2,6,98.4,22.8,5,1.2
P-000626,2025-10-01,10,175.6,10.2,2,6,91.5,26.1,5,1.51
P-000626,2025-11-01,11,178.3,6.2,2,5,91.2,18.9,3,1.0
P-000626,2025-12-01,12,170.4,7.5,3,4,87.2,17.6,4,1.26
P-000627,2025-01-01,1,173.9,13.4,3,3,98.3,23.9,2,1.62
P-000627,2025-02-01,2,161.6,7.6,2,4,95.8,15.6,2,1.55
P-000627,2025-03-01,3,180.0,1.8,1,5,94.1,23.1,2,1.87
P-000627,2025-04-01,4,174.9,2.6,5,4,100.2,18.2,2,1.11
P-000627,2025-05-01,5,172.9,7.5,2,3,100.3,18.8,2,1.79
P-000627,2025-06-01,6,247.3,40.4,3,12,59.7,71.6,4,3.89
P-000627,2025-07-01,7,241.1,29.9,5,10,54.4,78.0,4,3.81
P-000627,2025-08-01,8,173.9,10.9,2,4,92.7,19.0,2,1.8
P-000627,2025-09-01,9,172.1,2.2,1,5,95.1,16.3,2,1.13
P-000627,2025-10-01,10,184.9,0.0,0,4,101.5,22.7,2,1.83
P-000627,2025-11-01,11,179.7,9.9,0,3,94.6,19.6,2,1.08
P-000627,2025-12-01,12,180.5,7.8,2,6,93.5,25.2,2,1.0
P-000628,2025-01-01,1,178.0,3.4,4,4,88.6,21.8,5,1.0
P-000628,2025-02-01,2,191.7,9.3,1,5,93.9,25.4,3,1.59
P-000628,2025-03-01,3,228.5,42.1,9,8,55.9,84.6,3,3.08
P-000628,2025-04-01,4,232.0,39.5,1,4,57.8,59.0,3,3.32
P-000628,2025-05-01,5,227.7,35.3,4,10,68.7,64.6,3,3.2
P-000628,2025-06-01,6,243.1,34.2,5,10,59.4,75.8,5,4.47
P-000628,2025-07-01,7,241.8,27.3,2,9,59.6,67.1,4,4.15
P-000628,2025-08-01,8,237.0,40.2,4,9,67.0,75.7,3,4.55
P-000628,2025-09-01,9,245.8,44.1,6,9,67.7,82.5,4,4.64
P-000628,2025-10-01,10,182.7,7.4,2,5,88.5,24.5,4,1.26
P-000628,2025-11-01,11,167.2,0.0,3,5,99.5,18.5,4,1.48
P-000628,2025-12-01,12,169.5,5.1,1,4,91.2,16.6,3,1.0
P-000629,2025-01-01,1,180.0,9.1,1,4,89.7,27.3,4,1.88
P-000629,2025-02-01,2,174.5,9.3,3,6,85.5,24.3,3,1.7
P-000629,2025-03-01,3,230.2,36.4,4,9,67.3,71.6,4,3.85
P-000629,2025-04-01,4,233.8,38.0,5,12,68.9,76.9,4,4.97
P-000629,2025-05-01,5,229.8,47.1,5,12,57.3,75.8,4,3.87
P-000629,2025-06-01,6,252.9,33.3,10,9,64.3,85.1,4,3.61
P-000629,2025-07-01,7,219.4,42.7,2,9,56.5,64.9,3,3.46
P-000629,2025-08-01,8,232.4,42.8,10,11,50.6,84.9,4,4.07
P-000629,2025-09-01,9,242.7,26.4,5,11,59.4,75.9,4,3.91
P-000629,2025-10-01,10,178.8,15.1,0,5,89.6,18.1,3,1.14
P-000629,2025-11-01,11,177.0,3.4,3,4,97.7,15.2,4,1.14
P-000629,2025-12-01,12,181.3,8.5,2,3,92.1,28.9,5,1.31
P-000630,2025-01-01,1,180.3,7.0,1,3,95.8,18.1,2,1.6
P-000630,2025-02-01,2,178.1,1.1,1,5,95.2,14.6,2,1.03
P-000630,2025-03-01,3,178.9,7.5,1,4,90.3,18.3,2,1.54
P-000630,2025-04-01,4,180.8,6.2,2,5,91.9,20.8,2,1.0
P-000630,2025-05-01,5,180.5,8.6,1,4,91.7,20.4,2,1.8
P-000630,2025-06-01,6,230.4,22.8,6,11,62.8,67.8,4,4.85
P-000630,2025-07-01,7,249.5,30.3,7,13,65.2,84.6,4,3.49
P-000630,2025-08-01,8,184.0,11.4,1,3,87.9,22.5,2,1.27
P-000630,2025-09-01,9,180.3,10.1,1,6,92.0,26.5,2,1.0
P-000630,2025-10-01,10,169.1,1.3,2,5,95.5,14.1,2,1.0
P-000630,2025-11-01,11,176.1,6.6,1,4,92.6,21.1,2,1.0
P-000630,2025-12-01,12,174.9,1.5,1,4,91.6,15.9,2,1.37
P-000631,2025-01-01,1,189.9,10.3,3,3,97.3,19.3,2,1.44
P-000631,2025-02-01,2,183.8,7.8,2,4,94.0,22.1,2,1.56
P-000631,2025-03-01,3,173.7,1.2,2,4,91.9,12.8,1,1.03
P-000631,2025-04-01,4,184.9,5.0,2,3,96.0,24.8,2,1.33
P-000631,2025-05-01,5,168.8,12.3,2,5,93.0,20.8,1,1.76
P-000631,2025-06-01,6,179.7,12.9,1,5,95.6,28.1,1,1.44
P-000631,2025-07-01,7,183.8,3.4,1,4,96.8,19.2,2,1.58
P-000631,2025-08-01,8,177.5,6.0,3,4,92.6,29.6,1,1.69
P-000631,2025-09-01,9,180.6,6.0,3,4,85.0,30.3,1,1.25
P-000631,2025-10-01,10,185.2,2.3,2,5,97.3,22.2,1,1.5
P-000631,2025-11-01,11,179.5,7.3,3,5,93.0,28.2,2,1.78
P-000631,2025-12-01,12,167.5,7.0,2,7,91.0,23.5,2,1.64
P-000632,2025-01-01,1,166.6,6.5,2,4,85.4,22.4,4,1.49
P-000632,2025-02-01,2,179.3,3.0,3,6,98.3,26.2,4,2.01
P-000632,2025-03-01,3,178.0,5.3,3,5,94.9,23.5,4,1.83
P-000632,2025-04-01,4,242.1,42.3,7,11,56.5,88.9,5,4.26
P-000632,2025-05-01,5,239.6,44.0,5,11,51.7,83.7,5,4.14
P-000632,2025-06-01,6,235.5,39.8,7,10,54.9,75.2,5,4.14
P-000632,2025-07-01,7,241.4,44.0,4,10,50.0,81.8,4,4.19
P-000632,2025-08-01,8,248.0,51.2,13,9,58.9,98.0,5,4.4
P-000632,2025-09-01,9,245.5,44.6,9,10,61.0,89.4,5,4.53
P-000632,2025-10-01,10,244.3,39.0,4,13,58.9,80.4,4,4.12
P-000632,2025-11-01,11,244.8,52.2,6,12,56.5,89.5,5,4.83
P-000632,2025-12-01,12,162.8,0.0,1,5,90.8,14.1,4,1.16
P-000633,2025-01-01,1,177.0,0.0,2,5,93.8,20.9,4,1.46
P-000633,2025-02-01,2,174.5,10.2,1,7,83.2,26.2,5,1.61
P-000633,2025-03-01,3,178.5,6.3,5,7,101.4,19.5,5,1.33
P-000633,2025-04-01,4,239.7,31.2,4,11,67.4,69.8,4,3.73
P-000633,2025-05-01,5,255.2,40.2,6,7,60.0,86.5,4,4.18
P-000633,2025-06-01,6,249.9,41.5,8,10,55.7,86.5,5,4.51
P-000633,2025-07-01,7,230.5,42.8,4,14,59.7,76.8,4,4.44
P-000633,2025-08-01,8,240.8,50.0,6,12,62.3,88.2,5,4.36
P-000633,2025-09-01,9,261.0,35.4,8,12,54.0,93.4,5,4.58
P-000633,2025-10-01,10,246.7,50.2,8,10,52.9,90.6,5,3.21
P-000633,2025-11-01,11,241.5,31.6,5,12,58.9,77.5,5,4.39
P-000633,2025-12-01,12,173.8,4.8,3,7,96.6,18.2,5,1.14
P-000634,2025-01-01,1,175.1,7.6,1,4,91.7,22.6,2,1.35
P-000634,2025-02-01,2,174.8,9.5,2,5,88.1,23.8,2,1.25
P-000634,2025-03-01,3,184.7,5.8,2,5,93.4,22.3,2,1.0
P-000634,2025-04-01,4,163.7,6.2,0,5,99.4,11.7,2,1.13
P-000634,2025-05-01,5,171.8,12.3,0,4,100.4,20.2,2,1.1
P-000634,2025-06-01,6,231.1,24.6,6,9,61.0,71.2,4,4.89
P-000634,2025-07-01,7,232.4,42.4,6,10,52.6,79.1,4,3.91
P-000634,2025-08-01,8,175.6,0.0,1,3,94.9,14.9,2,1.0
P-000634,2025-09-01,9,180.0,0.5,1,5,92.1,22.4,2,1.73
P-000634,2025-10-01,10,174.3,5.6,1,6,95.5,20.3,2,1.11
P-000634,2025-11-01,11,189.7,2.2,3,4,98.2,23.4,2,1.11
P-000634,2025-12-01,12,177.8,5.0,2,5,94.2,26.1,2,1.62
P-000635,2025-01-01,1,171.7,4.1,3,6,100.4,20.0,5,1.24
P-000635,2025-02-01,2,167.4,5.1,3,5,93.9,21.4,4,1.37
P-000635,2025-03-01,3,185.8,6.6,0,5,89.8,23.6,5,1.06
P-000635,2025-04-01,4,239.4,44.7,7,14,60.9,83.4,5,4.81
P-000635,2025-05-01,5,239.0,42.6,11,11,61.0,93.2,4,4.33
P-000635,2025-06-01,6,243.3,39.1,5,11,59.3,76.5,4,4.12
P-000635,2025-07-01,7,241.9,43.4,5,14,60.2,81.2,4,4.03
P-000635,2025-08-01,8,226.5,43.3,3,7,60.0,66.5,4,3.45
P-000635,2025-09-01,9,239.8,34.5,7,11,58.9,78.6,5,5.0
P-000635,2025-10-01,10,255.0,53.4,4,15,55.5,94.3,5,4.27
P-000635,2025-11-01,11,249.7,33.6,1,9,63.4,70.7,5,3.81
P-000635,2025-12-01,12,180.9,5.1,2,6,96.6,21.4,4,1.58
P-000636,2025-01-01,1,180.2,4.3,4,4,94.2,26.1,4,1.9
P-000636,2025-02-01,2,174.5,4.1,3,5,92.2,28.1,4,1.13
P-000636,2025-03-01,3,232.2,38.1,4,7,56.6,73.8,3,3.18
P-000636,2025-04-01,4,231.2,40.6,5,14,63.2,71.7,4,4.32
P-000636,2025-05-01,5,236.8,40.8,6,8,48.7,77.8,4,4.04
P-000636,2025-06-01,6,241.3,35.4,9,8,56.4,87.0,4,5.0
P-000636,2025-07-01,7,257.4,49.0,6,9,61.6,84.9,5,4.24
P-000636,2025-08-01,8,239.1,43.8,1,10,58.0,72.5,4,3.94
P-000636,2025-09-01,9,238.7,41.2,5,9,63.1,78.1,4,4.17
P-000636,2025-10-01,10,178.7,4.8,3,4,95.8,23.2,4,1.0
P-000636,2025-11-01,11,173.4,1.5,2,6,96.9,21.1,4,1.77
P-000636,2025-12-01,12,161.6,5.2,4,5,96.0,11.6,4,1.15
P-000637,2025-01-01,1,175.8,5.1,3,3,93.5,18.0,2,1.4
P-000637,2025-02-01,2,182.5,8.6,3,3,98.2,20.6,2,1.06
P-000637,2025-03-01,3,174.0,6.5,3,5,94.5,21.8,2,1.13
P-000637,2025-04-01,4,210.1,35.9,2,10,60.1,56.5,1,2.71
P-000637,2025-05-01,5,209.0,41.8,3,5,57.8,58.0,1,1.76
P-000637,2025-06-01,6,176.8,1.0,2,4,95.6,19.0,2,1.58
P-000637,2025-07-01,7,177.1,7.4,2,5,91.1,25.0,2,1.97
P-000637,2025-08-01,8,179.5,1.6,5,4,100.0,19.1,2,1.58
P-000637,2025-09-01,9,177.3,3.9,0,3,90.9,11.4,1,1.01
P-000637,2025-10-01,10,171.5,7.9,2,4,88.4,20.0,1,1.71
P-000637,2025-11-01,11,171.8,5.4,1,5,85.6,21.4,3,1.88
P-000637,2025-12-01,12,178.1,5.8,2,6,99.4,22.8,2,1.67
P-000638,2025-01-01,1,175.8,2.5,0,4,92.7,16.9,1,1.62
P-000638,2025-02-01,2,244.3,34.2,6,10,65.5,86.5,4,3.41
P-000638,2025-03-01,3,253.1,49.0,5,13,54.9,93.6,4,4.32
P-000638,2025-04-01,4,241.5,36.8,8,8,62.4,82.4,4,3.82
P-000638,2025-05-01,5,235.6,44.8,5,14,62.2,82.5,4,3.89
P-000638,2025-06-01,6,182.3,11.9,0,4,95.1,19.7,1,1.07
P-000638,2025-07-01,7,175.8,7.8,1,5,93.2,21.5,1,1.19
P-000638,2025-08-01,8,176.7,8.0,2,4,97.1,17.9,1,1.48
P-000638,2025-09-01,9,174.6,8.9,3,6,88.8,28.5,1,1.49
P-000638,2025-10-01,10,170.3,9.4,0,4,94.5,14.8,1,1.35
P-000638,2025-11-01,11,175.5,7.9,2,4,96.5,16.3,1,1.08
P-000638,2025-12-01,12,172.3,4.9,4,5,92.0,24.2,1,1.13
P-000639,2025-01-01,1,184.3,7.0,2,3,89.4,20.6,1,1.18
P-000639,2025-02-01,2,182.2,10.2,1,6,87.6,23.3,2,1.82
P-000639,2025-03-01,3,171.0,0.9,0,5,94.1,13.4,1,1.58
P-000639,2025-04-01,4,171.6,11.4,4,3,85.3,20.9,2,1.85
P-000639,2025-05-01,5,182.2,6.1,3,4,96.6,26.7,2,1.12
P-000639,2025-06-01,6,169.0,0.1,0,5,102.5,5.0,1,1.33
P-000639,2025-07-01,7,167.5,11.4,4,5,93.4,21.6,2,1.59
P-000639,2025-08-01,8,167.8,11.8,1,3,87.6,13.9,3,1.36
P-000639,2025-09-01,9,169.8,9.7,5,6,90.1,29.6,1,1.37
P-000639,2025-10-01,10,177.2,11.1,2,4,89.1,25.2,2,1.99
P-000639,2025-11-01,11,186.3,2.1,1,4,101.5,21.6,1,1.53
P-000639,2025-12-01,12,174.9,7.8,1,6,89.3,21.1,3,1.44
P-000640,2025-01-01,1,178.0,5.5,3,4,98.2,21.7,1,1.04
P-000640,2025-02-01,2,169.2,7.7,3,4,93.7,23.4,2,1.22
P-000640,2025-03-01,3,160.9,13.6,4,3,93.0,24.6,1,1.33
P-000640,2025-04-01,4,182.9,4.2,1,5,85.4,20.1,2,1.0
P-000640,2025-05-01,5,180.1,12.5,2,6,87.8,25.1,2,1.38
P-000640,2025-06-01,6,173.9,12.1,2,4,94.4,27.1,2,1.18
P-000640,2025-07-01,7,180.1,4.4,4,5,93.4,22.3,1,1.35
P-000640,2025-08-01,8,177.1,5.7,0,4,92.3,14.3,2,1.0
P-000640,2025-09-01,9,170.5,9.2,2,4,90.2,20.6,2,1.03
P-000640,2025-10-01,10,170.1,13.4,2,4,95.6,22.4,2,1.0
P-000640,2025-11-01,11,181.4,10.7,1,6,97.4,20.8,2,1.12
P-000640,2025-12-01,12,171.7,8.2,2,4,97.4,16.8,2,1.62
P-000641,2025-01-01,1,164.8,3.2,1,4,94.7,17.1,3,1.23
P-000641,2025-02-01,2,187.2,7.7,4,4,89.6,26.9,3,1.28
P-000641,2025-03-01,3,231.3,39.0,6,8,69.2,74.3,4,3.75
P-000641,2025-04-01,4,232.1,36.8,5,12,51.9,81.4,4,3.99
P-000641,2025-05-01,5,233.6,41.0,1,12,54.2,78.8,3,4.1
P-000641,2025-06-01,6,238.7,30.1,3,11,63.7,77.9,4,3.95
P-000641,2025-07-01,7,234.3,31.7,9,13,62.7,86.0,4,4.28
P-000641,2025-08-01,8,240.3,42.7,6,10,60.6,75.6,4,3.37
P-000641,2025-09-01,9,223.4,34.7,8,12,63.6,75.3,3,3.42
P-000641,2025-10-01,10,178.9,10.5,5,3,86.8,30.1,5,1.0
P-000641,2025-11-01,11,175.4,0.9,4,6,92.6,21.2,5,1.44
P-000641,2025-12-01,12,181.0,11.7,4,3,84.8,25.7,4,1.56
P-000642,2025-01-01,1,179.9,3.8,3,5,90.4,22.3,4,2.35
P-000642,2025-02-01,2,181.2,13.0,1,4,91.2,21.7,4,1.1
P-000642,2025-03-01,3,239.3,48.5,3,13,57.6,76.1,4,3.16
P-000642,2025-04-01,4,240.8,37.7,4,11,62.7,76.7,4,4.4
P-000642,2025-05-01,5,232.4,36.5,3,13,53.9,76.2,4,4.5
P-000642,2025-06-01,6,237.6,29.9,8,12,66.6,79.7,4,3.96
P-000642,2025-07-01,7,254.9,45.2,11,12,60.7,93.2,5,3.92
P-000642,2025-08-01,8,235.3,38.0,4,8,63.4,74.3,4,4.77
P-000642,2025-09-01,9,232.7,39.2,8,11,60.0,79.8,3,4.01
P-000642,2025-10-01,10,183.6,15.9,2,4,96.9,27.2,4,1.0
P-000642,2025-11-01,11,165.4,5.6,0,5,87.9,17.1,5,1.51
P-000642,2025-12-01,12,179.1,9.7,5,4,99.0,25.3,4,1.18
P-000643,2025-01-01,1,166.5,9.7,3,3,94.2,17.2,4,1.0
P-000643,2025-02-01,2,168.5,7.8,4,3,92.9,18.8,3,1.23
P-000643,2025-03-01,3,241.4,27.8,5,14,65.6,73.2,4,5.0
P-000643,2025-04-01,4,234.6,35.6,3,6,67.2,70.2,3,4.32
P-000643,2025-05-01,5,249.8,41.6,3,13,51.5,84.7,5,4.87
P-000643,2025-06-01,6,241.1,41.4,7,8,50.3,85.1,4,4.78
P-000643,2025-07-01,7,245.0,44.3,3,10,56.3,77.3,4,3.84
P-000643,2025-08-01,8,241.5,43.0,7,11,62.6,87.6,5,4.8
P-000643,2025-09-01,9,235.0,48.5,4,11,54.4,84.4,4,3.86
P-000643,2025-10-01,10,182.5,7.6,5,6,89.8,32.2,4,1.61
P-000643,2025-11-01,11,181.6,7.7,2,6,94.1,27.5,4,1.0
P-000643,2025-12-01,12,180.8,3.6,1,4,92.9,21.0,4,1.76
P-000644,2025-01-01,1,170.6,2.6,1,4,89.9,13.3,2,1.3
P-000644,2025-02-01,2,179.4,9.2,3,4,100.1,24.2,1,2.19
P-000644,2025-03-01,3,180.9,2.5,0,4,96.5,21.4,1,1.98
P-000644,2025-04-01,4,210.5,28.7,2,4,73.5,50.7,1,3.52
P-000644,2025-05-01,5,174.2,0.0,2,3,92.1,16.3,1,1.81
P-000644,2025-06-01,6,189.4,5.4,0,5,96.1,17.6,3,1.07
P-000644,2025-07-01,7,180.9,1.0,4,5,90.3,27.0,2,1.29
P-000644,2025-08-01,8,171.9,5.2,3,3,91.1,18.9,3,1.0
P-000644,2025-09-01,9,173.5,14.0,1,4,88.9,17.5,2,1.18
P-000644,2025-10-01,10,188.6,8.8,4,6,99.8,25.0,2,1.45
P-000644,2025-11-01,11,181.5,10.3,2,7,103.5,23.5,2,1.88
P-000644,2025-12-01,12,183.6,6.6,2,4,87.5,26.2,2,1.4
P-000645,2025-01-01,1,173.2,9.9,1,5,94.2,17.7,4,1.22
P-000645,2025-02-01,2,174.0,4.9,1,4,92.8,16.4,3,1.84
P-000645,2025-03-01,3,184.6,13.1,0,3,89.4,21.9,5,1.36
P-000645,2025-04-01,4,233.8,43.6,9,10,60.5,88.4,4,5.0
P-000645,2025-05-01,5,218.2,29.4,6,12,61.4,66.2,3,3.96
P-000645,2025-06-01,6,236.4,37.5,5,12,52.1,80.3,5,4.72
P-000645,2025-07-01,7,251.1,43.9,1,15,62.2,84.6,4,5.0
P-000645,2025-08-01,8,223.7,38.2,5,11,56.6,70.4,3,4.13
P-000645,2025-09-01,9,178.9,6.2,1,4,99.5,17.6,3,1.62
P-000645,2025-10-01,10,162.4,4.9,1,3,95.1,8.3,3,1.34
P-000645,2025-11-01,11,180.9,1.3,0,6,95.8,21.7,4,1.18
P-000645,2025-12-01,12,174.4,8.5,5,5,91.3,25.4,3,1.87
P-000646,2025-01-01,1,170.7,13.9,1,4,89.4,21.0,3,1.55
P-000646,2025-02-01,2,175.4,7.3,1,4,99.3,12.8,2,1.0
P-000646,2025-03-01,3,176.7,8.8,4,5,95.1,25.9,1,1.0
P-000646,2025-04-01,4,169.4,9.5,4,5,96.4,22.9,2,1.34
P-000646,2025-05-01,5,173.2,0.0,4,5,94.8,22.3,2,1.0
P-000646,2025-06-01,6,180.0,9.2,0,6,95.4,15.9,1,1.41
P-000646,2025-07-01,7,171.6,11.6,0,4,88.5,15.9,3,1.46
P-000646,2025-08-01,8,170.7,1.7,1,3,95.1,9.7,2,1.07
P-000646,2025-09-01,9,182.7,0.0,3,5,104.2,14.9,2,1.34
P-000646,2025-10-01,10,173.4,1.6,1,5,89.9,14.4,2,1.27
P-000646,2025-11-01,11,175.4,0.0,1,6,91.4,19.9,2,1.45
P-000646,2025-12-01,12,179.7,1.8,4,5,93.6,26.2,1,1.81
P-000647,2025-01-01,1,170.2,1.6,0,3,92.1,8.6,2,1.36
P-000647,2025-02-01,2,174.2,14.3,3,5,91.2,31.0,2,1.82
P-000647,2025-03-01,3,181.6,2.0,1,4,98.8,23.1,2,1.81
P-000647,2025-04-01,4,171.3,5.7,1,3,83.5,18.9,2,1.44
P-000647,2025-05-01,5,221.3,39.8,3,6,58.7,61.4,1,2.57
P-000647,2025-06-01,6,161.2,2.0,2,3,93.1,11.9,3,1.5
P-000647,2025-07-01,7,183.6,5.4,2,5,90.7,21.7,1,1.17
P-000647,2025-08-01,8,166.8,10.5,3,4,94.3,23.6,2,2.04
P-000647,2025-09-01,9,172.8,6.6,3,4,92.0,23.6,2,1.97
P-000647,2025-10-01,10,172.1,13.8,2,3,96.1,21.0,1,1.0
P-000647,2025-11-01,11,179.5,4.1,2,4,90.4,20.6,2,1.39
P-000647,2025-12-01,12,169.7,7.0,2,5,88.2,23.0,2,1.01
P-000648,2025-01-01,1,171.8,13.5,2,3,89.3,23.6,2,1.17
P-000648,2025-02-01,2,172.0,11.0,4,4,87.4,22.5,2,1.93
P-000648,2025-03-01,3,181.0,9.2,0,5,83.0,21.1,2,1.41
P-000648,2025-04-01,4,176.8,1.4,3,5,97.1,22.6,2,1.68
P-000648,2025-05-01,5,165.8,11.5,3,3,96.9,20.9,2,1.89
P-000648,2025-06-01,6,229.6,47.1,8,13,50.0,88.0,4,4.09
P-000648,2025-07-01,7,243.4,38.5,6,13,63.8,82.7,4,4.22
P-000648,2025-08-01,8,177.1,0.0,2,6,92.8,19.0,2,1.55
P-000648,2025-09-01,9,175.8,6.0,2,6,97.0,20.2,2,1.65
P-000648,2025-10-01,10,181.6,10.5,2,3,96.6,23.4,2,1.38
P-000648,2025-11-01,11,169.3,5.7,0,4,92.3,17.6,2,1.7
P-000648,2025-12-01,12,180.2,0.6,1,5,97.1,16.4,2,2.11
P-000649,2025-01-01,1,177.7,2.0,2,5,90.9,18.4,1,1.92
P-000649,2025-02-01,2,185.8,5.8,2,4,95.1,28.0,2,1.39
P-000649,2025-03-01,3,165.4,10.2,1,4,84.4,16.6,2,1.0
P-000649,2025-04-01,4,171.8,12.9,4,7,91.2,30.1,2,1.89
P-000649,2025-05-01,5,212.5,27.1,2,7,60.1,48.4,1,2.18
P-000649,2025-06-01,6,170.2,4.6,0,5,95.3,19.5,1,1.59
P-000649,2025-07-01,7,171.8,2.4,1,7,96.7,14.7,2,1.43
P-000649,2025-08-01,8,180.4,7.6,3,7,96.1,20.3,2,1.47
P-000649,2025-09-01,9,173.0,16.9,3,3,90.9,22.2,1,1.16
P-000649,2025-10-01,10,176.0,11.1,4,6,91.3,31.3,1,1.84
P-000649,2025-11-01,11,178.1,6.8,3,5,92.3,24.6,2,1.0
P-000649,2025-12-01,12,173.3,8.5,1,5,99.5,24.9,2,1.15
P-000650,2025-01-01,1,185.7,8.7,3,4,97.9,28.6,3,1.62
P-000650,2025-02-01,2,171.7,3.7,1,5,91.9,18.2,2,1.6
P-000650,2025-03-01,3,187.9,1.3,2,5,90.9,21.4,2,1.02
P-000650,2025-04-01,4,174.8,6.6,0,3,83.7,20.8,1,1.28
P-000650,2025-05-01,5,183.2,7.2,1,4,86.2,20.6,2,1.74
P-000650,2025-06-01,6,190.3,5.9,1,3,90.2,28.1,2,1.76
P-000650,2025-07-01,7,181.7,7.0,2,5,94.1,18.9,1,1.28
P-000650,2025-08-01,8,171.4,5.3,2,5,89.1,18.5,2,1.55
P-000650,2025-09-01,9,181.9,5.4,1,3,95.7,25.8,2,1.44
P-000650,2025-10-01,10,174.1,10.8,5,6,82.9,24.6,2,1.63
P-000650,2025-11-01,11,182.2,5.9,5,4,94.3,26.5,1,1.26
P-000650,2025-12-01,12,169.4,4.0,4,6,97.1,20.9,2,1.0
P-000651,2025-01-01,1,176.8,0.0,3,5,97.5,15.9,1,1.48
P-000651,2025-02-01,2,177.3,14.9,2,6,95.4,28.2,1,1.32
P-000651,2025-03-01,3,173.1,1.0,1,5,92.3,17.2,1,1.01
P-000651,2025-04-01,4,211.8,32.9,1,6,53.5,60.6,1,2.63
P-000651,2025-05-01,5,171.9,6.7,3,5,94.5,18.8,2,1.25
P-000651,2025-06-01,6,173.0,6.0,1,3,87.8,13.2,2,1.15
P-000651,2025-07-01,7,167.4,1.0,2,4,96.3,15.3,2,1.39
P-000651,2025-08-01,8,186.7,0.0,3,5,96.5,18.8,1,1.32
P-000651,2025-09-01,9,179.6,9.2,2,4,88.3,26.7,2,2.01
P-000651,2025-10-01,10,169.1,9.4,3,5,88.4,19.6,1,1.4
P-000651,2025-11-01,11,167.3,9.8,1,4,90.6,20.0,2,2.17
P-000651,2025-12-01,12,175.1,5.5,3,3,87.4,22.6,2,1.21
P-000652,2025-01-01,1,181.9,10.3,3,3,89.2,24.7,1,1.36
P-000652,2025-02-01,2,182.5,10.1,2,3,87.3,28.0,1,1.15
P-000652,2025-03-01,3,177.2,8.1,0,4,92.0,17.0,3,1.28
P-000652,2025-04-01,4,177.2,7.6,2,4,97.6,20.3,1,1.21
P-000652,2025-05-01,5,176.2,4.8,0,4,88.9,18.3,2,1.3
P-000652,2025-06-01,6,169.5,13.2,2,3,94.8,23.4,2,1.22
P-000652,2025-07-01,7,174.8,2.4,3,3,92.9,18.8,1,1.3
P-000652,2025-08-01,8,169.9,7.7,2,5,88.7,21.3,1,2.03
P-000652,2025-09-01,9,170.9,13.7,4,4,91.8,21.8,2,1.3
P-000652,2025-10-01,10,179.2,11.7,2,6,88.4,25.4,2,1.45
P-000652,2025-11-01,11,174.1,2.4,2,5,99.2,19.8,2,2.08
P-000652,2025-12-01,12,170.2,13.4,3,5,90.1,27.2,1,1.77
P-000653,2025-01-01,1,185.6,8.3,2,4,95.0,23.7,1,1.46
P-000653,2025-02-01,2,244.8,26.2,4,14,60.6,79.0,4,4.46
P-000653,2025-03-01,3,240.0,26.7,1,11,63.3,70.7,4,3.37
P-000653,2025-04-01,4,240.1,40.4,9,11,62.8,89.2,4,4.1
P-000653,2025-05-01,5,236.9,44.5,4,12,63.2,74.0,4,3.95
P-000653,2025-06-01,6,170.2,5.0,1,6,90.3,18.8,1,1.48
P-000653,2025-07-01,7,178.0,5.3,2,4,88.1,15.8,1,1.1
P-000653,2025-08-01,8,186.9,3.8,2,5,94.5,26.3,1,1.5
P-000653,2025-09-01,9,161.4,2.6,3,5,89.8,18.7,1,1.85
P-000653,2025-10-01,10,173.4,11.0,3,3,98.6,23.1,1,1.51
P-000653,2025-11-01,11,170.4,1.5,1,4,99.3,6.1,1,1.51
P-000653,2025-12-01,12,182.8,6.1,2,5,86.4,22.1,1,1.0
P-000654,2025-01-01,1,175.7,2.8,2,4,98.1,19.7,1,1.0
P-000654,2025-02-01,2,180.3,8.8,1,3,96.3,14.4,2,1.21
P-000654,2025-03-01,3,173.4,7.1,2,5,101.8,23.6,2,1.43
P-000654,2025-04-01,4,175.0,7.9,1,5,85.8,21.7,2,1.38
P-000654,2025-05-01,5,171.0,5.8,2,4,95.2,14.0,1,1.6
P-000654,2025-06-01,6,168.8,4.2,0,4,91.9,18.3,1,1.67
P-000654,2025-07-01,7,170.4,4.4,2,4,90.8,22.7,2,1.25
P-000654,2025-08-01,8,172.9,9.2,1,5,93.1,21.4,1,1.31
P-000654,2025-09-01,9,175.4,4.6,0,5,92.6,18.2,2,1.21
P-000654,2025-10-01,10,182.5,2.5,0,4,98.5,17.8,1,1.04
P-000654,2025-11-01,11,171.5,6.8,3,5,89.1,21.5,2,1.45
P-000654,2025-12-01,12,172.3,7.9,4,3,93.2,21.5,1,1.0
P-000655,2025-01-01,1,177.6,9.1,1,3,90.2,17.2,1,1.43
P-000655,2025-02-01,2,181.9,5.7,1,5,93.0,19.1,2,1.48
P-000655,2025-03-01,3,177.7,0.8,1,7,94.4,20.7,1,1.62
P-000655,2025-04-01,4,167.2,3.4,1,6,95.0,19.2,1,1.73
P-000655,2025-05-01,5,227.5,28.9,3,10,54.9,65.9,2,3.33
P-000655,2025-06-01,6,181.1,5.6,1,5,99.0,19.2,2,1.49
P-000655,2025-07-01,7,171.3,7.8,0,5,87.5,18.5,2,1.47
P-000655,2025-08-01,8,172.5,7.8,2,4,92.5,17.9,3,1.93
P-000655,2025-09-01,9,188.1,3.9,0,3,95.7,18.3,2,1.03
P-000655,2025-10-01,10,176.8,6.5,3,3,92.0,25.2,2,1.11
P-000655,2025-11-01,11,183.3,1.2,2,4,100.8,14.9,2,1.47
P-000655,2025-12-01,12,163.6,8.1,1,4,100.2,9.3,2,1.27
P-000656,2025-01-01,1,176.7,7.2,3,3,96.3,21.4,3,1.41
P-000656,2025-02-01,2,183.2,8.8,3,3,98.5,26.6,2,2.08
P-000656,2025-03-01,3,181.8,4.8,2,5,97.9,17.0,2,1.89
P-000656,2025-04-01,4,175.9,2.4,5,4,92.6,31.7,2,1.51
P-000656,2025-05-01,5,222.6,27.8,7,10,73.0,68.6,2,3.18
P-000656,2025-06-01,6,169.3,5.6,1,3,91.8,15.7,2,1.71
P-000656,2025-07-01,7,175.1,5.0,2,4,96.6,19.8,2,1.34
P-000656,2025-08-01,8,176.8,10.5,3,3,86.9,23.0,1,2.05
P-000656,2025-09-01,9,178.6,7.3,0,6,91.1,24.9,2,1.74
P-000656,2025-10-01,10,174.7,3.6,1,6,101.1,18.8,2,1.02
P-000656,2025-11-01,11,173.9,11.1,3,3,86.5,23.5,1,1.44
P-000656,2025-12-01,12,170.5,8.9,1,5,93.3,18.6,1,1.23
P-000657,2025-01-01,1,179.5,11.4,5,3,92.3,30.7,1,1.65
P-000657,2025-02-01,2,168.1,0.0,1,5,101.0,15.2,1,1.51
P-000657,2025-03-01,3,176.3,8.3,3,4,90.1,21.4,2,1.66
P-000657,2025-04-01,4,166.5,5.1,4,4,93.4,15.5,1,2.26
P-000657,2025-05-01,5,177.6,11.6,2,6,88.8,26.6,1,1.46
P-000657,2025-06-01,6,175.3,7.3,1,4,92.7,20.6,2,1.49
P-000657,2025-07-01,7,174.5,8.7,0,3,96.8,21.2,2,1.79
P-000657,2025-08-01,8,174.2,7.6,1,5,87.5,21.9,2,1.25
P-000657,2025-09-01,9,169.8,3.4,1,4,96.5,10.9,2,1.06
P-000657,2025-10-01,10,172.7,4.7,0,4,87.9,11.2,3,1.18
P-000657,2025-11-01,11,173.4,6.3,1,4,90.5,15.5,2,1.14
P-000657,2025-12-01,12,177.4,5.1,2,6,87.7,27.7,1,2.01
P-000658,2025-01-01,1,169.2,4.3,2,5,96.6,18.4,1,1.28
P-000658,2025-02-01,2,174.0,10.8,4,3,88.7,24.8,2,1.54
P-000658,2025-03-01,3,182.6,5.7,3,5,99.2,24.6,2,1.74
P-000658,2025-04-01,4,183.2,5.1,0,3,93.3,20.6,2,1.0
P-000658,2025-05-01,5,178.0,10.8,2,5,93.9,18.6,1,1.3
P-000658,2025-06-01,6,183.8,8.8,1,6,95.9,21.7,2,1.51
P-000658,2025-07-01,7,182.8,9.6,0,4,84.7,21.3,3,1.29
P-000658,2025-08-01,8,176.0,11.1,4,5,90.9,25.9,2,1.17
P-000658,2025-09-01,9,179.4,4.4,1,6,94.0,22.6,2,1.26
P-000658,2025-10-01,10,168.3,10.2,2,5,91.9,20.9,1,1.15
P-000658,2025-11-01,11,175.4,1.9,2,5,92.7,21.1,2,1.0
P-000658,2025-12-01,12,179.4,3.9,3,4,94.3,18.1,2,1.31
P-000659,2025-01-01,1,170.9,0.0,2,3,95.0,11.3,2,1.31
P-000659,2025-02-01,2,179.4,9.0,1,4,90.4,24.7,1,1.53
P-000659,2025-03-01,3,173.7,9.8,3,5,90.9,27.4,2,1.63
P-000659,2025-04-01,4,233.0,34.8,4,10,57.5,70.2,2,3.98
P-000659,2025-05-01,5,232.8,37.7,8,11,60.6,78.5,3,3.23
P-000659,2025-06-01,6,163.9,8.3,2,4,95.8,21.6,1,1.0
P-000659,2025-07-01,7,172.9,3.5,4,3,93.8,14.8,1,1.37
P-000659,2025-08-01,8,172.4,11.5,2,3,86.5,19.3,3,1.32
P-000659,2025-09-01,9,171.9,15.9,4,4,85.0,26.8,1,1.4
P-000659,2025-10-01,10,183.7,2.1,3,4,99.1,26.2,1,1.42
P-000659,2025-11-01,11,173.7,12.4,2,6,99.9,19.8,1,1.0
P-000659,2025-12-01,12,171.1,8.8,1,6,91.7,22.2,2,1.33
P-000660,2025-01-01,1,183.5,5.2,0,4,96.2,14.5,4,1.11
P-000660,2025-02-01,2,188.1,6.1,2,5,98.4,21.4,4,1.32
P-000660,2025-03-01,3,242.6,43.2,2,11,57.7,78.7,4,3.94
P-000660,2025-04-01,4,247.0,50.5,2,12,58.6,83.1,4,4.21
P-000660,2025-05-01,5,241.5,41.2,5,10,60.3,82.2,4,3.98
P-000660,2025-06-01,6,235.4,45.6,2,10,57.4,77.9,4,4.19
P-000660,2025-07-01,7,243.9,45.0,11,12,54.6,93.2,5,5.0
P-000660,2025-08-01,8,241.5,30.1,7,12,63.1,80.5,4,4.22
P-000660,2025-09-01,9,239.4,43.2,6,14,60.3,81.4,4,3.68
P-000660,2025-10-01,10,179.7,2.7,2,4,96.0,22.2,4,2.03
P-000660,2025-11-01,11,179.0,6.2,2,4,94.0,21.0,3,1.0
P-000660,2025-12-01,12,182.4,1.4,3,3,94.0,17.7,4,1.0
P-000661,2025-01-01,1,180.7,6.6,2,6,88.8,29.1,2,1.49
P-000661,2025-02-01,2,177.8,2.9,1,6,93.3,15.6,2,1.22
P-000661,2025-03-01,3,178.3,6.8,0,4,91.3,15.0,1,1.94
P-000661,2025-04-01,4,220.5,25.8,6,8,74.7,59.8,1,2.91
P-000661,2025-05-01,5,165.7,5.2,2,7,99.9,21.2,1,1.8
P-000661,2025-06-01,6,170.9,11.0,3,5,86.5,29.1,1,1.75
P-000661,2025-07-01,7,173.4,7.9,1,5,93.8,19.6,1,2.06
P-000661,2025-08-01,8,178.2,8.5,4,4,92.4,28.8,2,1.82
P-000661,2025-09-01,9,181.0,0.0,4,5,94.9,28.5,2,1.43
P-000661,2025-10-01,10,176.7,9.3,1,6,80.5,19.4,2,1.19
P-000661,2025-11-01,11,177.5,4.7,2,6,95.0,19.9,1,1.11
P-000661,2025-12-01,12,171.2,9.3,4,3,90.0,24.8,2,1.65
P-000662,2025-01-01,1,177.3,0.7,1,4,91.9,15.3,5,1.58
P-000662,2025-02-01,2,189.5,12.6,1,4,96.6,24.1,4,1.6
P-000662,2025-03-01,3,161.2,8.5,1,3,92.6,17.0,5,1.7
P-000662,2025-04-01,4,242.4,48.4,11,13,65.7,93.5,5,5.0
P-000662,2025-05-01,5,248.5,38.8,10,14,66.0,89.1,5,3.58
P-000662,2025-06-01,6,230.2,39.3,7,11,57.7,78.0,4,3.7
P-000662,2025-07-01,7,242.3,37.1,2,12,61.4,71.5,4,3.97
P-000662,2025-08-01,8,242.5,43.1,7,12,61.9,84.3,4,4.01
P-000662,2025-09-01,9,238.1,42.0,4,11,65.6,74.4,5,4.32
P-000662,2025-10-01,10,238.0,43.2,5,8,59.4,81.5,4,4.53
P-000662,2025-11-01,11,257.1,38.1,6,14,62.3,88.2,5,4.42
P-000662,2025-12-01,12,173.2,7.5,3,3,97.1,24.3,5,1.03
P-000663,2025-01-01,1,173.3,3.3,0,5,98.4,12.3,1,2.09
P-000663,2025-02-01,2,170.8,3.8,1,5,91.7,19.8,2,1.34
P-000663,2025-03-01,3,169.3,1.7,3,3,95.4,15.3,2,2.0
P-000663,2025-04-01,4,236.9,39.3,4,9,69.8,67.9,2,2.61
P-000663,2025-05-01,5,164.4,4.1,3,5,93.4,18.6,2,1.12
P-000663,2025-06-01,6,174.3,3.9,3,5,88.0,25.9,1,1.0
P-000663,2025-07-01,7,171.3,5.4,0,4,93.4,20.6,2,1.59
P-000663,2025-08-01,8,165.7,0.0,3,4,84.9,21.3,2,2.0
P-000663,2025-09-01,9,190.0,6.9,1,5,96.1,18.0,1,1.55
P-000663,2025-10-01,10,173.5,5.7,1,5,98.3,13.4,2,1.0
P-000663,2025-11-01,11,176.2,1.7,3,4,101.0,19.8,2,1.28
P-000663,2025-12-01,12,174.7,3.3,2,5,91.2,16.0,1,1.5
P-000664,2025-01-01,1,180.5,11.4,2,5,92.6,23.3,4,1.0
P-000664,2025-02-01,2,183.7,7.7,2,6,93.2,26.8,4,2.13
P-000664,2025-03-01,3,170.7,9.3,2,5,86.8,20.8,4,1.34
P-000664,2025-04-01,4,230.9,43.6,7,11,58.7,82.2,4,4.28
P-000664,2025-05-01,5,246.5,33.5,1,12,61.7,67.8,5,4.11
P-000664,2025-06-01,6,245.1,48.8,7,15,55.5,92.3,5,4.64
P-000664,2025-07-01,7,247.3,30.6,11,10,66.5,90.6,5,3.69
P-000664,2025-08-01,8,234.8,40.9,6,8,58.9,83.8,4,4.46
P-000664,2025-09-01,9,253.4,52.6,11,12,52.5,98.0,5,4.47
P-000664,2025-10-01,10,245.7,36.2,7,13,63.3,88.2,5,3.7
P-000664,2025-11-01,11,234.7,51.3,5,9,56.9,80.1,5,4.78
P-000664,2025-12-01,12,180.1,3.3,3,5,90.5,23.7,5,1.43
P-000665,2025-01-01,1,182.9,4.8,3,5,91.9,20.8,1,1.23
P-000665,2025-02-01,2,176.1,9.3,5,4,92.7,28.4,2,1.08
P-000665,2025-03-01,3,170.6,18.8,2,6,94.5,25.2,3,1.59
P-000665,2025-04-01,4,189.8,2.7,0,5,94.8,20.8,1,1.29
P-000665,2025-05-01,5,169.2,0.6,1,5,95.0,11.7,1,1.33
P-000665,2025-06-01,6,186.4,3.5,2,5,92.3,27.7,1,1.63
P-000665,2025-07-01,7,184.4,5.7,0,4,80.6,23.7,2,1.64
P-000665,2025-08-01,8,179.6,2.3,2,6,94.6,19.9,1,1.2
P-000665,2025-09-01,9,180.6,0.0,3,4,90.8,22.1,2,1.51
P-000665,2025-10-01,10,175.8,3.6,3,3,91.4,19.7,2,1.73
P-000665,2025-11-01,11,168.4,10.0,2,6,87.9,23.1,1,1.27
P-000665,2025-12-01,12,167.0,10.1,0,4,86.6,18.0,2,1.57
P-000666,2025-01-01,1,179.0,4.4,1,5,94.8,19.8,5,1.66
P-000666,2025-02-01,2,181.6,5.6,3,3,94.3,22.2,4,1.34
P-000666,2025-03-01,3,241.6,21.8,6,14,64.1,72.0,4,3.86
P-000666,2025-04-01,4,248.6,48.1,5,12,54.9,91.1,5,4.11
P-000666,2025-05-01,5,250.8,41.3,5,12,59.2,82.2,4,4.32
P-000666,2025-06-01,6,234.2,44.3,3,8,53.1,68.3,4,3.07
P-000666,2025-07-01,7,225.6,34.7,2,8,57.1,66.8,3,3.94
P-000666,2025-08-01,8,230.3,29.5,6,11,71.8,67.5,4,4.05
P-000666,2025-09-01,9,236.1,47.6,9,8,54.2,91.7,4,4.28
P-000666,2025-10-01,10,162.2,10.9,0,5,91.3,12.0,4,1.13
P-000666,2025-11-01,11,171.6,6.6,1,6,96.8,14.4,3,1.28
P-000666,2025-12-01,12,180.3,8.0,4,4,92.2,24.6,4,1.88
P-000667,2025-01-01,1,183.6,13.7,1,6,88.4,26.6,2,1.23
P-000667,2025-02-01,2,171.3,4.9,0,5,94.3,14.5,2,1.28
P-000667,2025-03-01,3,180.8,9.1,1,5,89.1,21.6,2,1.13
P-000667,2025-04-01,4,216.0,27.3,2,8,65.0,51.5,1,2.65
P-000667,2025-05-01,5,223.1,36.8,3,6,67.9,63.6,2,3.83
P-000667,2025-06-01,6,178.1,1.0,4,3,100.3,19.4,3,1.22
P-000667,2025-07-01,7,181.2,0.3,1,7,95.9,18.8,1,1.41
P-000667,2025-08-01,8,179.1,5.6,5,5,88.6,29.7,1,1.34
P-000667,2025-09-01,9,174.0,11.5,3,6,90.6,23.8,2,1.01
P-000667,2025-10-01,10,175.8,7.6,1,4,95.0,8.3,2,1.33
P-000667,2025-11-01,11,176.3,2.0,1,3,98.9,15.8,1,1.14
P-000667,2025-12-01,12,186.9,6.5,0,4,92.2,21.2,2,1.6
P-000668,2025-01-01,1,173.8,15.6,2,6,94.3,28.2,5,1.37
P-000668,2025-02-01,2,164.9,15.3,1,4,94.5,23.9,4,2.08
P-000668,2025-03-01,3,166.4,6.4,3,5,87.6,17.3,5,1.79
P-000668,2025-04-01,4,247.4,40.2,5,14,47.1,89.0,5,5.0
P-000668,2025-05-01,5,242.4,31.1,8,13,67.2,82.4,4,4.71
P-000668,2025-06-01,6,245.1,53.7,5,10,57.8,91.8,5,4.5
P-000668,2025-07-01,7,249.5,44.4,10,11,59.2,96.6,5,5.0
P-000668,2025-08-01,8,231.4,41.1,3,9,58.1,69.4,4,3.92
P-000668,2025-09-01,9,243.7,35.8,9,10,55.5,89.1,5,4.41
P-000668,2025-10-01,10,236.5,30.4,4,12,60.9,69.0,4,4.23
P-000668,2025-11-01,11,251.5,38.7,6,15,63.6,91.6,5,4.37
P-000668,2025-12-01,12,177.7,9.1,3,5,93.2,20.8,5,1.6
P-000669,2025-01-01,1,164.2,6.6,2,3,95.8,13.0,1,1.25
P-000669,2025-02-01,2,175.9,9.6,3,4,87.9,21.7,1,1.53
P-000669,2025-03-01,3,173.1,9.9,1,7,89.5,21.9,1,1.52
P-000669,2025-04-01,4,172.3,5.7,1,3,97.6,16.3,2,1.54
P-000669,2025-05-01,5,209.4,27.7,4,12,64.2,60.3,2,3.69
P-000669,2025-06-01,6,176.5,4.1,2,6,92.7,24.2,3,1.44
P-000669,2025-07-01,7,170.3,4.9,3,5,98.7,16.0,2,1.53
P-000669,2025-08-01,8,185.1,7.5,0,6,94.6,22.5,1,1.13
P-000669,2025-09-01,9,171.7,6.6,3,4,87.0,21.6,2,2.0
P-000669,2025-10-01,10,176.3,10.9,2,6,95.4,20.9,1,1.32
P-000669,2025-11-01,11,178.4,11.6,2,4,90.7,25.9,2,1.07
P-000669,2025-12-01,12,173.6,4.1,5,5,94.7,24.7,1,1.23
P-000670,2025-01-01,1,175.5,9.4,2,4,91.8,19.1,1,1.49
P-000670,2025-02-01,2,234.8,28.9,3,12,58.0,67.4,4,3.8
P-000670,2025-03-01,3,240.7,53.5,5,11,52.1,88.8,4,4.84
P-000670,2025-04-01,4,237.4,43.2,4,13,57.3,80.9,4,4.1
P-000670,2025-05-01,5,241.0,41.1,3,10,62.9,74.0,4,3.98
P-000670,2025-06-01,6,175.9,1.1,2,6,94.4,16.1,1,1.24
P-000670,2025-07-01,7,176.8,8.1,4,6,91.6,26.2,1,1.42
P-000670,2025-08-01,8,178.0,5.4,1,6,101.5,17.2,1,1.36
P-000670,2025-09-01,9,176.4,3.3,0,5,89.6,16.1,1,1.38
P-000670,2025-10-01,10,182.8,0.0,0,5,85.5,18.0,1,1.33
P-000670,2025-11-01,11,169.3,8.2,2,4,88.3,21.9,1,1.79
P-000670,2025-12-01,12,164.3,7.0,0,4,96.3,11.8,1,1.0
P-000671,2025-01-01,1,173.9,4.3,3,6,96.9,21.3,4,1.21
P-000671,2025-02-01,2,176.9,5.5,0,3,96.6,14.9,5,1.77
P-000671,2025-03-01,3,244.1,54.5,6,8,42.8,94.1,4,3.68
P-000671,2025-04-01,4,239.7,36.7,7,12,57.5,80.2,5,4.25
P-000671,2025-05-01,5,240.6,32.6,3,10,60.5,70.6,3,3.4
P-000671,2025-06-01,6,240.8,47.9,6,14,57.8,94.2,4,4.16
P-000671,2025-07-01,7,232.3,32.9,5,12,54.3,72.9,4,3.93
P-000671,2025-08-01,8,236.9,30.1,1,12,63.5,68.1,4,4.33
P-000671,2025-09-01,9,231.9,42.5,3,11,45.9,70.6,4,4.31
P-000671,2025-10-01,10,182.0,7.6,3,5,94.3,17.5,4,1.11
P-000671,2025-11-01,11,188.3,3.5,2,5,97.8,30.1,3,1.85
P-000671,2025-12-01,12,178.4,6.3,2,5,89.8,25.0,5,1.0
P-000672,2025-01-01,1,167.5,2.9,1,5,89.1,17.8,3,1.0
P-000672,2025-02-01,2,173.8,10.8,3,5,88.8,26.6,3,1.18
P-000672,2025-03-01,3,228.5,38.6,10,8,51.4,85.5,4,4.28
P-000672,2025-04-01,4,243.2,41.1,5,9,50.7,82.1,4,4.39
P-000672,2025-05-01,5,220.0,27.7,6,8,59.5,64.5,3,3.25
P-000672,2025-06-01,6,243.9,34.1,4,14,53.2,87.4,5,4.88
P-000672,2025-07-01,7,244.9,41.9,14,13,60.6,97.0,4,4.14
P-000672,2025-08-01,8,240.6,34.2,8,6,68.0,77.7,4,4.4
P-000672,2025-09-01,9,244.3,46.1,8,8,64.0,84.8,5,3.49
P-000672,2025-10-01,10,180.2,8.7,2,4,90.9,27.7,5,1.47
P-000672,2025-11-01,11,178.5,3.5,0,6,89.3,22.9,5,1.31
P-000672,2025-12-01,12,172.1,5.0,0,3,93.1,16.4,4,1.12
P-000673,2025-01-01,1,185.7,5.2,1,4,89.0,22.9,3,1.79
P-000673,2025-02-01,2,183.5,4.9,2,3,93.7,21.4,5,1.66
P-000673,2025-03-01,3,185.8,5.0,3,5,87.7,29.0,3,1.16
P-000673,2025-04-01,4,237.1,48.6,6,12,72.9,78.9,4,3.22
P-000673,2025-05-01,5,244.2,42.1,5,11,57.1,77.9,4,3.58
P-000673,2025-06-01,6,233.0,32.4,6,10,62.6,72.2,3,4.31
P-000673,2025-07-01,7,237.0,49.6,10,13,45.3,97.8,5,4.5
P-000673,2025-08-01,8,239.6,31.0,1,10,69.7,63.1,3,3.85
P-000673,2025-09-01,9,174.4,2.3,2,5,94.0,13.7,4,1.45
P-000673,2025-10-01,10,180.9,7.9,1,7,97.8,19.3,5,1.61
P-000673,2025-11-01,11,174.7,7.7,4,4,97.2,24.1,3,1.17
P-000673,2025-12-01,12,179.3,0.2,1,5,97.9,12.2,3,1.07
P-000674,2025-01-01,1,179.6,9.9,0,5,85.8,26.4,2,1.68
P-000674,2025-02-01,2,181.4,6.7,1,5,97.6,18.4,2,1.35
P-000674,2025-03-01,3,178.4,6.0,4,3,94.3,20.6,2,1.74
P-000674,2025-04-01,4,170.1,5.8,2,4,99.0,22.2,2,1.0
P-000674,2025-05-01,5,172.8,5.3,4,4,94.9,19.4,2,1.0
P-000674,2025-06-01,6,237.4,38.3,8,9,64.7,84.7,4,4.64
P-000674,2025-07-01,7,236.9,44.8,8,12,58.4,85.6,4,3.65
P-000674,2025-08-01,8,180.9,3.3,2,4,93.2,16.3,2,1.52
P-000674,2025-09-01,9,179.4,6.0,5,4,99.6,33.9,2,1.0
P-000674,2025-10-01,10,171.5,12.0,3,3,91.7,15.7,2,1.0
P-000674,2025-11-01,11,171.8,1.6,0,3,89.1,12.9,2,1.4
P-000674,2025-12-01,12,171.4,5.0,2,7,89.2,18.9,2,1.02
P-000675,2025-01-01,1,169.3,4.7,1,4,87.2,21.3,2,1.3
P-000675,2025-02-01,2,169.6,0.0,1,4,98.5,18.6,2,1.61
P-000675,2025-03-01,3,178.4,7.3,0,5,88.5,20.9,2,1.51
P-000675,2025-04-01,4,182.4,9.7,0,5,91.7,23.3,2,1.68
P-000675,2025-05-01,5,169.5,7.6,2,5,97.0,19.4,2,1.49
P-000675,2025-06-01,6,230.7,42.9,10,14,61.5,85.8,4,3.5
P-000675,2025-07-01,7,235.4,44.2,4,7,52.4,74.6,4,3.78
P-000675,2025-08-01,8,181.4,3.6,2,4,101.5,21.7,2,1.21
P-000675,2025-09-01,9,176.0,0.0,3,5,91.4,18.2,2,1.36
P-000675,2025-10-01,10,173.3,0.4,3,4,100.4,21.1,2,1.97
P-000675,2025-11-01,11,179.4,4.1,2,5,99.3,20.6,2,1.28
P-000675,2025-12-01,12,177.2,4.8,0,4,98.0,9.6,2,1.31
P-000676,2025-01-01,1,169.3,5.2,2,5,91.4,17.6,3,1.58
P-000676,2025-02-01,2,185.6,2.4,2,5,98.3,21.5,3,1.45
P-000676,2025-03-01,3,235.5,26.2,5,10,65.8,66.0,4,3.37
P-000676,2025-04-01,4,247.6,38.4,5,12,55.6,85.5,5,4.32
P-000676,2025-05-01,5,228.0,33.2,6,8,63.1,72.4,3,3.59
P-000676,2025-06-01,6,247.6,54.1,5,13,51.6,97.3,5,4.86
P-000676,2025-07-01,7,240.2,29.6,10,11,69.7,80.9,4,4.48
P-000676,2025-08-01,8,242.1,37.9,3,11,62.9,77.0,4,4.31
P-000676,2025-09-01,9,233.7,37.1,3,12,62.0,72.2,4,3.86
P-000676,2025-10-01,10,172.0,0.0,1,6,96.1,15.3,4,1.1
P-000676,2025-11-01,11,184.8,9.0,0,4,85.2,21.7,4,1.44
P-000676,2025-12-01,12,172.9,8.5,2,3,99.5,17.8,4,1.38
P-000677,2025-01-01,1,181.6,2.8,0,7,90.7,20.6,2,1.48
P-000677,2025-02-01,2,187.4,10.1,1,5,93.6,31.4,1,1.63
P-000677,2025-03-01,3,169.9,4.0,2,3,92.9,20.0,2,1.36
P-000677,2025-04-01,4,221.6,38.9,1,11,54.1,65.2,1,2.17
P-000677,2025-05-01,5,232.5,36.6,2,7,56.9,63.9,1,2.54
P-000677,2025-06-01,6,162.8,4.3,1,5,92.0,12.2,1,1.41
P-000677,2025-07-01,7,168.9,2.6,2,5,97.7,12.2,2,1.23
P-000677,2025-08-01,8,179.7,2.5,2,5,105.3,12.6,2,1.0
P-000677,2025-09-01,9,166.7,7.5,2,6,85.0,22.0,2,1.37
P-000677,2025-10-01,10,170.5,5.9,3,4,100.9,17.1,2,1.57
P-000677,2025-11-01,11,170.8,7.0,2,5,95.1,16.9,1,1.21
P-000677,2025-12-01,12,177.4,12.6,1,3,96.7,14.9,2,1.32
P-000678,2025-01-01,1,178.6,9.2,3,4,91.8,23.8,2,1.23
P-000678,2025-02-01,2,181.4,6.7,0,5,90.3,19.7,1,1.0
P-000678,2025-03-01,3,182.7,5.4,2,4,94.2,23.5,1,1.44
P-000678,2025-04-01,4,228.0,43.2,7,11,53.2,79.8,2,2.94
P-000678,2025-05-01,5,175.8,0.0,1,4,87.0,15.6,1,1.35
P-000678,2025-06-01,6,176.1,5.4,1,5,98.1,16.7,3,1.0
P-000678,2025-07-01,7,173.5,13.3,4,4,89.9,26.1,1,1.47
P-000678,2025-08-01,8,180.0,5.5,3,5,98.2,19.6,1,1.75
P-000678,2025-09-01,9,184.7,7.4,2,4,90.9,22.6,1,1.0
P-000678,2025-10-01,10,178.5,4.1,0,4,92.4,18.4,3,2.16
P-000678,2025-11-01,11,180.7,3.1,5,4,92.4,26.6,1,1.73
P-000678,2025-12-01,12,172.0,3.1,1,3,95.8,9.0,1,1.09
P-000679,2025-01-01,1,170.5,1.9,2,5,93.3,14.0,4,1.21
P-000679,2025-02-01,2,180.5,2.1,0,3,94.4,15.3,5,1.07
P-000679,2025-03-01,3,235.5,37.2,5,9,58.6,74.4,4,4.77
P-000679,2025-04-01,4,222.9,34.1,8,10,59.5,71.8,4,4.13
P-000679,2025-05-01,5,233.0,36.1,4,11,57.6,74.2,4,4.3
P-000679,2025-06-01,6,234.5,42.1,10,8,52.8,87.6,4,4.57
P-000679,2025-07-01,7,245.8,46.2,6,10,51.9,88.3,4,4.05
P-000679,2025-08-01,8,230.2,38.2,6,10,60.7,69.9,3,2.85
P-000679,2025-09-01,9,248.1,46.8,2,11,60.8,73.3,4,3.87
P-000679,2025-10-01,10,178.5,6.2,3,4,92.5,27.2,3,1.22
P-000679,2025-11-01,11,177.3,4.4,1,4,90.2,20.6,4,1.15
P-000679,2025-12-01,12,180.7,11.9,3,5,91.1,27.5,4,1.67
P-000680,2025-01-01,1,174.2,11.6,4,5,92.4,28.1,4,1.32
P-000680,2025-02-01,2,172.7,13.6,3,6,98.7,24.5,5,1.29
P-000680,2025-03-01,3,176.5,7.3,2,5,91.3,20.0,5,1.15
P-000680,2025-04-01,4,245.7,49.4,7,12,42.5,89.9,5,3.83
P-000680,2025-05-01,5,256.3,44.7,6,9,59.1,86.4,5,4.1
P-000680,2025-06-01,6,242.2,34.9,6,9,56.5,79.3,4,4.12
P-000680,2025-07-01,7,244.0,44.1,3,13,49.3,84.4,4,4.59
P-000680,2025-08-01,8,238.8,38.0,3,11,70.2,76.4,4,4.54
P-000680,2025-09-01,9,239.2,46.8,5,14,49.8,89.6,4,4.59
P-000680,2025-10-01,10,235.0,50.0,5,11,63.8,83.8,5,4.11
P-000680,2025-11-01,11,243.9,53.0,12,9,40.7,98.0,5,4.8
P-000680,2025-12-01,12,171.0,4.1,1,6,93.2,16.0,5,1.15
P-000681,2025-01-01,1,180.1,2.1,0,4,91.9,10.4,4,1.13
P-000681,2025-02-01,2,174.2,5.5,2,6,87.1,16.4,5,1.45
P-000681,2025-03-01,3,173.6,13.2,3,3,91.7,27.4,5,1.67
P-000681,2025-04-01,4,250.7,38.2,6,11,65.5,81.9,5,4.44
P-000681,2025-05-01,5,244.2,40.9,7,11,52.8,81.0,5,4.45
P-000681,2025-06-01,6,229.2,51.6,3,9,51.4,80.6,4,4.33
P-000681,2025-07-01,7,244.8,44.7,7,15,56.2,92.1,5,4.11
P-000681,2025-08-01,8,237.6,43.4,8,12,59.5,90.3,5,5.0
P-000681,2025-09-01,9,244.2,48.4,2,11,61.0,78.5,4,4.16
P-000681,2025-10-01,10,232.1,49.9,6,14,50.9,91.3,4,4.14
P-000681,2025-11-01,11,240.3,44.2,7,11,57.6,83.7,4,3.93
P-000681,2025-12-01,12,176.2,2.0,1,4,95.7,18.7,5,1.75
P-000682,2025-01-01,1,170.9,13.6,3,7,93.5,25.6,5,1.07
P-000682,2025-02-01,2,178.1,7.4,4,5,91.7,29.9,5,1.58
P-000682,2025-03-01,3,165.1,6.2,5,6,87.4,21.3,5,1.11
P-000682,2025-04-01,4,237.3,43.0,4,10,57.2,77.5,4,3.6
P-000682,2025-05-01,5,243.7,39.5,7,7,56.0,83.6,4,3.99
P-000682,2025-06-01,6,232.0,41.9,9,13,61.3,89.8,4,4.1
P-000682,2025-07-01,7,230.6,50.7,6,11,49.1,80.1,5,4.82
P-000682,2025-08-01,8,247.6,37.5,7,11,63.5,86.3,4,4.37
P-000682,2025-09-01,9,253.3,42.6,9,9,53.0,87.1,5,3.96
P-000682,2025-10-01,10,256.3,48.2,11,12,57.5,98.0,5,4.89
P-000682,2025-11-01,11,239.4,49.3,8,15,58.8,94.6,4,3.94
P-000682,2025-12-01,12,176.2,7.6,1,4,93.8,23.1,5,1.15
P-000683,2025-01-01,1,169.7,4.4,3,4,95.0,22.5,3,1.21
P-000683,2025-02-01,2,168.5,1.1,3,4,92.8,20.6,1,1.67
P-000683,2025-03-01,3,160.8,6.9,4,5,97.3,15.8,2,1.5
P-000683,2025-04-01,4,219.6,38.2,1,9,58.2,61.9,2,3.57
P-000683,2025-05-01,5,166.9,5.0,3,5,97.3,17.0,2,1.63
P-000683,2025-06-01,6,174.7,11.8,2,5,83.0,24.7,2,1.0
P-000683,2025-07-01,7,190.0,0.6,2,7,96.4,20.0,1,1.0
P-000683,2025-08-01,8,170.9,4.7,0,3,92.5,14.1,3,1.57
P-000683,2025-09-01,9,176.6,4.5,0,4,100.5,16.0,1,1.58
P-000683,2025-10-01,10,179.2,7.3,2,5,91.0,18.0,1,1.27
P-000683,2025-11-01,11,166.7,6.3,2,5,87.8,18.8,3,1.31
P-000683,2025-12-01,12,180.3,12.5,1,5,99.5,21.5,1,1.22
P-000684,2025-01-01,1,178.6,0.0,1,6,89.3,17.1,2,1.23
P-000684,2025-02-01,2,174.1,4.5,1,5,96.5,18.4,2,1.18
P-000684,2025-03-01,3,188.3,5.6,4,3,99.6,25.1,2,1.51
P-000684,2025-04-01,4,225.0,39.2,2,6,52.1,64.3,1,3.43
P-000684,2025-05-01,5,172.6,3.7,2,6,96.2,17.3,1,1.2
P-000684,2025-06-01,6,170.7,7.1,1,3,86.5,16.2,2,1.07
P-000684,2025-07-01,7,174.4,4.7,1,4,90.9,19.2,2,1.49
P-000684,2025-08-01,8,185.3,4.9,2,3,88.5,22.1,1,1.42
P-000684,2025-09-01,9,179.4,11.7,3,6,92.9,28.0,2,1.0
P-000684,2025-10-01,10,178.1,8.8,4,4,96.4,21.5,1,1.25
P-000684,2025-11-01,11,173.1,5.4,3,5,89.6,19.0,2,1.44
P-000684,2025-12-01,12,168.4,7.5,2,5,92.1,15.2,1,1.14
P-000685,2025-01-01,1,173.0,3.2,1,4,98.8,8.6,5,1.0
P-000685,2025-02-01,2,176.9,3.1,1,5,90.3,20.9,3,1.17
P-000685,2025-03-01,3,176.0,4.8,2,6,96.9,19.0,3,2.07
P-000685,2025-04-01,4,228.7,44.8,5,10,56.8,79.3,3,3.82
P-000685,2025-05-01,5,230.9,34.9,8,9,57.0,80.9,4,4.01
P-000685,2025-06-01,6,241.2,52.2,4,12,58.3,82.8,4,3.95
P-000685,2025-07-01,7,230.0,44.3,6,10,63.5,76.4,4,3.76
P-000685,2025-08-01,8,237.8,33.9,5,10,63.9,78.4,4,3.94
P-000685,2025-09-01,9,173.9,5.8,1,3,96.5,16.3,4,1.39
P-000685,2025-10-01,10,180.7,2.8,4,5,92.1,20.2,3,1.0
P-000685,2025-11-01,11,181.2,6.3,1,5,87.2,20.8,3,2.07
P-000685,2025-12-01,12,168.8,5.8,1,6,89.8,17.6,5,1.35
P-000686,2025-01-01,1,189.9,5.4,1,5,94.0,14.0,2,1.23
P-000686,2025-02-01,2,179.2,8.8,5,4,96.5,22.7,2,1.59
P-000686,2025-03-01,3,180.0,7.6,1,5,85.6,27.5,1,1.82
P-000686,2025-04-01,4,179.3,3.6,3,3,96.1,18.0,2,1.78
P-000686,2025-05-01,5,160.5,4.4,0,5,92.7,8.8,1,1.13
P-000686,2025-06-01,6,170.0,11.5,1,5,89.7,20.2,2,1.29
P-000686,2025-07-01,7,175.3,14.4,3,6,94.6,24.8,3,1.18
P-000686,2025-08-01,8,176.8,1.5,1,3,95.9,18.5,2,1.59
P-000686,2025-09-01,9,183.3,11.1,3,6,92.7,32.1,2,1.24
P-000686,2025-10-01,10,170.8,11.9,2,6,91.2,23.9,1,1.66
P-000686,2025-11-01,11,182.8,3.4,1,4,94.7,16.1,1,1.44
P-000686,2025-12-01,12,179.9,4.8,4,6,97.8,24.3,3,1.26
P-000687,2025-01-01,1,178.9,5.5,5,7,94.3,28.6,3,1.27
P-000687,2025-02-01,2,177.4,1.9,3,5,93.3,22.5,4,1.0
P-000687,2025-03-01,3,237.3,43.2,3,13,56.7,77.8,4,4.16
P-000687,2025-04-01,4,242.9,42.7,8,10,62.9,84.5,4,4.15
P-000687,2025-05-01,5,235.8,37.7,9,8,51.0,79.9,3,3.17
P-000687,2025-06-01,6,234.5,28.9,8,10,59.5,76.9,4,4.48
P-000687,2025-07-01,7,231.5,31.8,6,10,63.4,68.7,4,4.44
P-000687,2025-08-01,8,229.4,55.1,8,13,57.8,87.6,3,3.74
P-000687,2025-09-01,9,240.4,43.4,1,12,60.6,72.2,5,4.75
P-000687,2025-10-01,10,171.7,5.5,2,4,91.3,14.1,4,1.93
P-000687,2025-11-01,11,185.8,1.6,1,5,101.8,23.6,5,1.7
P-000687,2025-12-01,12,173.8,5.4,1,5,90.6,19.5,4,1.0
P-000688,2025-01-01,1,177.5,4.2,1,4,95.0,20.5,2,1.43
P-000688,2025-02-01,2,180.0,7.0,1,4,86.3,20.2,2,1.3
P-000688,2025-03-01,3,167.9,7.9,2,4,91.5,20.3,2,1.4
P-000688,2025-04-01,4,181.5,6.6,0,3,94.8,19.9,2,1.41
P-000688,2025-05-01,5,179.2,7.1,1,5,97.1,21.3,2,1.49
P-000688,2025-06-01,6,238.4,42.8,10,9,55.1,82.3,4,4.48
P-000688,2025-07-01,7,242.2,33.6,8,11,59.3,84.1,4,4.13
P-000688,2025-08-01,8,177.1,5.1,0,4,86.4,14.8,2,1.38
P-000688,2025-09-01,9,172.4,2.5,3,6,97.4,23.2,2,1.0
P-000688,2025-10-01,10,177.5,0.8,3,3,87.4,25.4,2,1.51
P-000688,2025-11-01,11,167.7,5.1,2,3,93.3,11.1,2,1.16
P-000688,2025-12-01,12,188.6,8.3,2,3,89.1,29.1,2,1.7
P-000689,2025-01-01,1,177.8,1.9,2,3,95.2,22.5,2,1.0
P-000689,2025-02-01,2,185.9,6.1,0,3,95.1,19.6,1,1.71
P-000689,2025-03-01,3,183.4,7.1,1,3,96.4,23.2,2,1.0
P-000689,2025-04-01,4,221.4,27.1,2,10,65.0,62.4,1,3.55
P-000689,2025-05-01,5,223.4,36.7,5,10,58.8,69.2,2,3.84
P-000689,2025-06-01,6,180.6,1.4,0,4,96.2,17.5,2,1.5
P-000689,2025-07-01,7,172.4,5.0,5,4,89.7,24.3,3,1.23
P-000689,2025-08-01,8,175.4,5.8,2,4,101.9,16.1,2,1.11
P-000689,2025-09-01,9,182.8,10.3,3,4,95.1,31.8,2,1.31
P-000689,2025-10-01,10,171.8,12.0,2,5,89.5,16.3,2,1.12
P-000689,2025-11-01,11,174.4,10.6,4,4,85.6,22.2,1,1.9
P-000689,2025-12-01,12,174.8,0.0,2,4,95.7,19.4,2,1.52
P-000690,2025-01-01,1,165.9,4.4,0,4,89.7,14.9,2,1.66
P-000690,2025-02-01,2,177.9,10.6,2,5,99.1,23.7,1,1.73
P-000690,2025-03-01,3,182.5,0.0,4,4,95.1,30.7,1,1.41
P-000690,2025-04-01,4,172.7,5.1,2,4,96.8,18.7,2,1.79
P-000690,2025-05-01,5,167.8,4.0,5,6,96.7,17.0,1,1.32
P-000690,2025-06-01,6,184.8,13.1,0,4,86.5,18.7,2,1.34
P-000690,2025-07-01,7,178.5,2.9,2,5,94.3,17.6,2,1.03
P-000690,2025-08-01,8,178.7,3.5,2,4,92.8,21.3,3,1.3
P-000690,2025-09-01,9,181.5,9.0,2,5,90.3,25.3,1,1.3
P-000690,2025-10-01,10,178.3,8.2,5,4,90.0,27.5,2,1.38
P-000690,2025-11-01,11,180.6,18.1,2,6,90.2,25.7,2,1.0
P-000690,2025-12-01,12,179.1,3.7,3,5,95.8,19.0,1,1.54
P-000691,2025-01-01,1,176.1,9.2,1,4,98.0,19.9,2,1.61
P-000691,2025-02-01,2,176.0,6.2,1,5,84.8,22.7,2,1.03
P-000691,2025-03-01,3,175.2,4.8,1,4,91.0,19.2,2,1.19
P-000691,2025-04-01,4,180.5,0.0,3,6,92.5,24.3,2,1.35
P-000691,2025-05-01,5,181.4,7.0,4,4,91.7,29.9,2,1.62
P-000691,2025-06-01,6,241.7,38.4,2,12,58.3,73.0,4,4.11
P-000691,2025-07-01,7,244.4,37.0,13,9,58.8,87.1,4,4.53
P-000691,2025-08-01,8,166.4,6.5,4,3,93.1,25.6,2,1.6
P-000691,2025-09-01,9,166.8,11.2,5,4,90.0,25.9,2,1.0
P-000691,2025-10-01,10,180.9,2.1,1,6,101.5,16.1,2,1.36
P-000691,2025-11-01,11,176.7,6.3,4,5,90.5,24.8,2,1.31
P-000691,2025-12-01,12,172.8,4.0,1,4,103.0,15.9,2,1.28
P-000692,2025-01-01,1,182.6,7.7,2,6,93.4,18.1,2,1.49
P-000692,2025-02-01,2,177.6,13.2,4,4,88.8,27.0,2,1.21
P-000692,2025-03-01,3,181.1,7.7,3,4,95.3,17.8,3,1.11
P-000692,2025-04-01,4,183.3,1.7,2,3,98.5,22.6,2,1.81
P-000692,2025-05-01,5,169.9,0.0,3,4,94.1,19.3,3,1.7
P-000692,2025-06-01,6,174.3,8.8,3,4,101.9,22.8,1,1.11
P-000692,2025-07-01,7,169.9,5.7,3,5,96.7,22.7,1,1.32
P-000692,2025-08-01,8,162.7,3.4,2,4,91.5,16.0,2,1.19
P-000692,2025-09-01,9,162.1,2.7,3,5,90.3,13.2,2,1.64
P-000692,2025-10-01,10,172.1,2.8,0,3,96.7,12.8,2,1.57
P-000692,2025-11-01,11,176.1,0.3,1,5,96.7,15.1,2,1.2
P-000692,2025-12-01,12,175.5,2.3,5,5,94.8,22.3,1,1.58
P-000693,2025-01-01,1,191.3,6.2,3,6,93.9,29.0,4,1.36
P-000693,2025-02-01,2,185.3,8.1,1,6,95.5,26.3,5,1.5
P-000693,2025-03-01,3,174.7,3.3,4,7,95.9,23.6,5,1.24
P-000693,2025-04-01,4,252.4,58.2,4,12,52.6,91.0,5,4.31
P-000693,2025-05-01,5,242.6,49.2,3,12,58.6,76.7,4,3.84
P-000693,2025-06-01,6,254.4,46.1,11,10,54.2,98.0,5,4.42
P-000693,2025-07-01,7,243.9,44.6,9,11,55.1,93.1,5,4.37
P-000693,2025-08-01,8,248.3,34.9,8,9,56.9,88.3,5,4.54
P-000693,2025-09-01,9,239.1,48.9,6,13,54.1,87.1,4,3.92
P-000693,2025-10-01,10,247.7,50.3,7,9,51.5,87.6,5,5.0
P-000693,2025-11-01,11,226.9,48.2,2,10,56.8,75.1,4,4.76
P-000693,2025-12-01,12,180.0,7.1,0,5,91.8,20.5,5,1.57
P-000694,2025-01-01,1,177.7,0.0,2,7,90.4,17.8,2,1.01
P-000694,2025-02-01,2,177.2,7.2,1,3,89.6,17.9,2,1.45
P-000694,2025-03-01,3,177.7,9.0,2,5,87.7,20.3,1,1.73
P-000694,2025-04-01,4,233.3,23.1,3,4,68.5,62.0,2,3.24
P-000694,2025-05-01,5,174.5,9.5,2,4,88.8,22.1,2,1.86
P-000694,2025-06-01,6,175.3,5.2,2,4,94.9,20.6,1,1.85
P-000694,2025-07-01,7,175.4,0.0,3,4,96.8,15.3,2,1.85
P-000694,2025-08-01,8,164.4,0.0,2,4,95.2,14.4,1,1.27
P-000694,2025-09-01,9,171.8,8.6,4,4,91.9,23.4,1,1.0
P-000694,2025-10-01,10,174.4,12.8,1,4,92.2,19.1,2,1.62
P-000694,2025-11-01,11,173.2,3.6,1,4,91.2,17.8,2,1.0
P-000694,2025-12-01,12,168.9,2.2,0,4,98.3,11.9,2,1.0
P-000695,2025-01-01,1,171.9,4.9,3,4,98.8,16.0,2,1.28
P-000695,2025-02-01,2,174.2,2.1,1,3,98.2,17.2,2,1.73
P-000695,2025-03-01,3,177.0,6.4,1,4,93.9,17.9,2,1.21
P-000695,2025-04-01,4,181.0,2.1,5,5,98.6,27.9,2,1.41
P-000695,2025-05-01,5,164.8,10.8,3,4,91.4,22.8,2,1.37
P-000695,2025-06-01,6,164.3,15.6,0,3,88.1,19.8,2,1.76
P-000695,2025-07-01,7,173.6,8.1,1,5,87.7,22.7,3,1.51
P-000695,2025-08-01,8,167.9,9.0,3,5,89.6,21.4,1,1.96
P-000695,2025-09-01,9,175.7,11.9,1,4,90.9,18.6,1,1.36
P-000695,2025-10-01,10,186.8,12.1,1,3,86.1,22.1,1,1.0
P-000695,2025-11-01,11,171.0,4.8,3,4,90.9,19.2,1,1.19
P-000695,2025-12-01,12,183.7,1.2,3,5,95.9,24.1,2,1.75
P-000696,2025-01-01,1,177.9,3.3,2,4,94.7,23.2,4,1.63
P-000696,2025-02-01,2,176.8,8.1,2,4,96.2,16.8,4,1.49
P-000696,2025-03-01,3,184.8,4.9,3,6,99.1,18.9,3,1.49
P-000696,2025-04-01,4,238.1,43.8,9,8,61.9,85.3,4,4.7
P-000696,2025-05-01,5,240.8,45.6,11,13,59.2,93.0,4,4.52
P-000696,2025-06-01,6,225.3,31.5,7,9,62.9,72.9,3,3.4
P-000696,2025-07-01,7,235.0,49.0,7,13,63.5,81.2,4,2.92
P-000696,2025-08-01,8,250.5,49.1,5,13,60.2,89.6,4,4.17
P-000696,2025-09-01,9,180.3,1.5,4,4,99.3,13.7,4,1.3
P-000696,2025-10-01,10,177.1,1.5,4,4,94.7,14.8,4,1.31
P-000696,2025-11-01,11,167.8,2.2,2,5,98.5,13.8,4,1.13
P-000696,2025-12-01,12,175.2,4.9,1,4,94.3,11.4,3,1.44
P-000697,2025-01-01,1,181.3,10.5,2,4,94.8,24.7,3,1.49
P-000697,2025-02-01,2,174.1,7.0,0,4,94.1,15.1,4,1.01
P-000697,2025-03-01,3,228.8,36.1,8,8,63.0,78.0,3,3.67
P-000697,2025-04-01,4,236.1,44.6,5,7,57.5,75.5,3,3.69
P-000697,2025-05-01,5,226.4,25.3,7,10,60.5,68.9,3,3.58
P-000697,2025-06-01,6,238.5,45.7,10,12,65.2,92.7,5,4.62
P-000697,2025-07-01,7,235.4,40.5,9,9,58.7,83.6,4,4.07
P-000697,2025-08-01,8,238.5,46.6,9,12,63.6,90.0,4,3.83
P-000697,2025-09-01,9,235.8,33.2,2,9,60.0,72.4,3,4.24
P-000697,2025-10-01,10,176.3,2.6,2,4,91.3,24.3,5,1.71
P-000697,2025-11-01,11,172.3,3.3,5,3,91.6,24.9,3,1.39
P-000697,2025-12-01,12,175.5,0.7,2,4,89.8,13.5,4,1.4
P-000698,2025-01-01,1,178.6,13.8,5,6,91.6,29.6,2,1.77
P-000698,2025-02-01,2,172.2,13.4,1,5,86.1,23.3,1,1.6
P-000698,2025-03-01,3,182.6,5.1,0,4,91.4,20.0,1,1.2
P-000698,2025-04-01,4,165.5,3.2,3,5,89.4,16.7,1,1.54
P-000698,2025-05-01,5,170.9,10.5,0,4,89.9,17.4,2,1.07
P-000698,2025-06-01,6,176.3,4.4,2,6,89.1,23.4,1,1.05
P-000698,2025-07-01,7,184.1,12.1,0,3,92.8,25.3,1,1.65
P-000698,2025-08-01,8,187.9,1.7,1,4,99.5,22.1,2,2.04
P-000698,2025-09-01,9,185.7,8.9,2,4,87.4,25.8,2,1.17
P-000698,2025-10-01,10,174.1,6.1,2,4,101.2,15.5,1,1.0
P-000698,2025-11-01,11,178.3,6.1,2,5,87.4,19.4,1,1.24
P-000698,2025-12-01,12,175.6,14.9,3,3,89.4,26.9,2,1.36
P-000699,2025-01-01,1,182.1,0.0,1,4,98.4,21.8,4,1.43
P-000699,2025-02-01,2,160.5,6.3,2,5,97.3,13.2,4,1.15
P-000699,2025-03-01,3,233.2,32.9,8,8,57.2,77.6,3,4.13
P-000699,2025-04-01,4,239.8,36.7,12,9,53.0,93.4,4,4.76
P-000699,2025-05-01,5,234.5,51.5,6,15,53.6,88.5,4,3.48
P-000699,2025-06-01,6,241.2,39.3,4,10,52.1,82.3,5,4.69
P-000699,2025-07-01,7,246.2,46.6,1,10,58.2,77.7,5,4.9
P-000699,2025-08-01,8,238.4,25.8,1,8,60.2,64.4,3,3.41
P-000699,2025-09-01,9,247.4,37.9,10,11,51.4,90.6,4,3.67
P-000699,2025-10-01,10,168.4,7.6,2,4,86.4,20.7,5,1.39
P-000699,2025-11-01,11,170.6,0.0,3,6,97.9,17.6,4,1.48
P-000699,2025-12-01,12,174.1,1.3,2,6,98.8,24.4,4,1.37
P-000700,2025-01-01,1,171.1,7.4,3,7,92.2,25.5,3,1.33
P-000700,2025-02-01,2,177.3,6.5,1,5,89.7,18.1,4,1.2
P-000700,2025-03-01,3,163.1,6.0,2,4,95.0,12.7,4,1.26
P-000700,2025-04-01,4,235.2,44.9,3,9,61.7,76.2,3,3.22
P-000700,2025-05-01,5,254.4,34.3,7,11,61.8,82.5,5,4.01
P-000700,2025-06-01,6,228.0,40.8,2,15,46.0,72.8,3,3.82
P-000700,2025-07-01,7,242.5,48.7,7,10,57.2,90.5,4,4.17
P-000700,2025-08-01,8,242.9,33.1,6,9,66.0,80.8,3,4.52
P-000700,2025-09-01,9,167.1,0.0,2,6,94.2,18.8,5,1.64
P-000700,2025-10-01,10,177.3,2.6,5,4,94.2,21.0,5,1.48
P-000700,2025-11-01,11,175.2,11.3,3,3,94.9,24.0,4,1.37
P-000700,2025-12-01,12,179.0,2.0,5,3,94.9,24.6,4,1.21
P-000701,2025-01-01,1,177.9,0.8,2,4,92.6,17.1,4,1.2
P-000701,2025-02-01,2,177.6,10.2,4,4,89.5,23.8,4,1.53
P-000701,2025-03-01,3,182.9,0.0,2,5,93.5,24.0,4,1.41
P-000701,2025-04-01,4,240.4,39.1,3,7,54.8,75.0,4,4.61
P-000701,2025-05-01,5,252.4,48.8,11,11,49.3,98.0,5,4.67
P-000701,2025-06-01,6,223.9,29.9,6,8,63.3,65.3,3,2.92
P-000701,2025-07-01,7,235.4,29.4,9,9,64.1,81.8,5,5.0
P-000701,2025-08-01,8,225.2,38.3,6,13,65.6,74.3,4,4.36
P-000701,2025-09-01,9,178.2,12.4,0,4,94.7,16.9,5,1.31
P-000701,2025-10-01,10,180.4,12.0,2,6,91.2,26.0,3,1.31
P-000701,2025-11-01,11,181.8,0.0,2,6,95.6,18.4,4,1.47
P-000701,2025-12-01,12,183.9,8.9,4,3,90.2,31.5,4,1.62
P-000702,2025-01-01,1,178.9,3.7,3,3,99.2,16.8,1,1.19
P-000702,2025-02-01,2,184.4,7.8,3,4,95.9,21.1,2,1.38
P-000702,2025-03-01,3,167.4,13.4,0,4,83.5,21.7,2,1.19
P-000702,2025-04-01,4,213.6,32.9,4,7,63.2,61.2,1,2.8
P-000702,2025-05-01,5,175.4,13.7,1,6,90.1,21.5,2,1.71
P-000702,2025-06-01,6,175.4,6.5,0,4,96.5,22.8,2,1.0
P-000702,2025-07-01,7,174.8,6.9,1,3,90.6,19.1,2,2.24
P-000702,2025-08-01,8,171.8,8.7,3,4,91.3,20.4,1,1.7
P-000702,2025-09-01,9,186.4,6.7,2,5,90.2,24.0,3,1.33
P-000702,2025-10-01,10,176.2,5.6,2,3,94.3,18.5,2,1.46
P-000702,2025-11-01,11,166.7,11.6,4,3,95.5,21.8,1,1.89
P-000702,2025-12-01,12,191.6,7.7,0,4,90.1,23.2,2,1.95
P-000703,2025-01-01,1,169.4,7.3,2,5,86.1,17.7,1,1.23
P-000703,2025-02-01,2,172.5,5.7,3,5,95.8,16.6,1,1.53
P-000703,2025-03-01,3,171.3,7.3,3,5,98.2,23.4,1,1.07
P-000703,2025-04-01,4,173.2,2.2,2,3,93.8,14.4,2,1.16
P-000703,2025-05-01,5,174.8,7.8,3,4,96.2,23.5,1,1.87
P-000703,2025-06-01,6,170.5,3.1,1,5,89.3,18.8,1,1.93
P-000703,2025-07-01,7,163.3,13.1,2,4,89.3,24.3,2,1.72
P-000703,2025-08-01,8,169.4,3.9,3,5,90.8,18.7,1,1.58
P-000703,2025-09-01,9,182.2,0.8,1,4,92.9,20.8,1,1.39
P-000703,2025-10-01,10,177.7,3.8,5,3,86.3,22.5,1,1.32
P-000703,2025-11-01,11,174.8,0.0,1,3,98.7,13.2,1,1.71
P-000703,2025-12-01,12,187.3,17.8,4,5,86.5,32.1,3,1.12
P-000704,2025-01-01,1,174.0,6.6,4,3,94.6,21.2,2,1.61
P-000704,2025-02-01,2,166.6,5.1,1,7,89.2,19.4,2,1.32
P-000704,2025-03-01,3,170.0,8.6,0,4,93.2,21.5,2,1.81
P-000704,2025-04-01,4,175.4,8.5,3,6,93.4,21.4,2,1.59
P-000704,2025-05-01,5,175.0,14.4,0,4,86.3,19.8,1,1.71
P-000704,2025-06-01,6,181.4,0.6,1,4,100.0,17.6,1,1.26
P-000704,2025-07-01,7,173.8,3.8,0,5,90.1,17.9,1,1.72
P-000704,2025-08-01,8,177.7,7.3,0,6,89.5,19.6,2,1.5
P-000704,2025-09-01,9,182.6,2.5,1,6,92.7,20.7,1,1.21
P-000704,2025-10-01,10,174.2,4.4,1,6,87.5,16.3,1,1.45
P-000704,2025-11-01,11,173.0,1.4,5,4,96.1,20.8,2,1.3
P-000704,2025-12-01,12,172.9,2.5,2,5,95.6,14.3,2,1.29
P-000705,2025-01-01,1,173.6,6.0,1,4,96.8,24.3,2,1.88
P-000705,2025-02-01,2,161.9,5.4,4,5,86.9,22.3,1,1.33
P-000705,2025-03-01,3,179.2,4.9,2,3,95.1,19.7,2,1.55
P-000705,2025-04-01,4,170.4,10.2,0,3,94.1,17.8,1,1.24
P-000705,2025-05-01,5,173.3,5.7,3,3,100.9,14.0,2,1.44
P-000705,2025-06-01,6,179.2,4.7,1,3,91.8,20.4,2,1.77
P-000705,2025-07-01,7,175.8,13.4,0,7,85.7,26.1,2,1.19
P-000705,2025-08-01,8,178.8,0.0,0,5,94.8,23.7,2,1.62
P-000705,2025-09-01,9,169.4,4.8,0,5,92.5,18.3,3,1.19
P-000705,2025-10-01,10,173.8,7.9,2,3,91.8,15.7,2,1.56
P-000705,2025-11-01,11,173.2,6.3,0,6,91.9,15.4,1,1.3
P-000705,2025-12-01,12,178.2,0.0,0,5,96.5,15.9,3,1.11
P-000706,2025-01-01,1,171.6,1.5,4,4,98.2,22.1,4,1.34
P-000706,2025-02-01,2,175.6,3.3,1,3,94.8,15.1,5,1.22
P-000706,2025-03-01,3,238.6,32.3,8,13,54.8,84.6,4,3.94
P-000706,2025-04-01,4,240.6,31.2,6,9,66.1,69.6,4,4.2
P-000706,2025-05-01,5,222.0,28.5,7,8,60.3,73.3,3,4.25
P-000706,2025-06-01,6,233.7,39.9,8,12,58.3,93.2,4,3.93
P-000706,2025-07-01,7,229.1,30.7,7,6,64.6,69.9,3,3.99
P-000706,2025-08-01,8,249.0,45.9,3,7,52.2,79.5,4,4.07
P-000706,2025-09-01,9,221.6,26.9,4,8,65.2,61.3,4,3.38
P-000706,2025-10-01,10,170.3,6.7,3,4,92.7,18.2,5,1.32
P-000706,2025-11-01,11,171.1,4.4,2,4,90.2,16.7,5,1.41
P-000706,2025-12-01,12,194.0,8.3,1,3,93.6,23.2,4,1.03
P-000707,2025-01-01,1,174.2,3.4,3,5,96.3,17.7,3,1.53
P-000707,2025-02-01,2,174.6,9.6,1,5,96.8,18.1,1,1.51
P-000707,2025-03-01,3,189.0,1.5,2,5,87.5,24.7,2,1.57
P-000707,2025-04-01,4,180.8,3.9,3,4,94.2,24.5,2,1.81
P-000707,2025-05-01,5,175.7,10.0,3,3,92.7,23.4,1,1.05
P-000707,2025-06-01,6,176.0,1.6,2,6,89.4,20.2,3,1.2
P-000707,2025-07-01,7,172.2,5.4,3,4,86.9,21.2,1,1.48
P-000707,2025-08-01,8,182.8,12.6,2,6,89.1,31.1,1,1.26
P-000707,2025-09-01,9,179.7,10.2,2,5,99.5,26.8,2,1.42
P-000707,2025-10-01,10,192.8,0.0,3,5,92.5,25.7,1,1.18
P-000707,2025-11-01,11,182.3,6.1,4,4,96.5,20.5,2,1.52
P-000707,2025-12-01,12,167.9,6.6,3,4,97.7,22.1,1,1.27
P-000708,2025-01-01,1,183.0,15.5,2,5,85.9,28.9,5,1.54
P-000708,2025-02-01,2,181.4,6.0,1,4,91.4,18.5,5,1.05
P-000708,2025-03-01,3,173.6,9.9,1,3,95.0,18.1,4,1.25
P-000708,2025-04-01,4,224.0,44.7,7,12,62.4,78.6,4,3.82
P-000708,2025-05-01,5,234.4,30.1,9,11,60.6,85.8,4,4.3
P-000708,2025-06-01,6,234.1,39.5,4,11,61.4,76.0,4,4.31
P-000708,2025-07-01,7,247.8,38.0,6,12,59.1,89.6,5,4.93
P-000708,2025-08-01,8,246.0,44.5,5,11,58.5,85.0,5,3.89
P-000708,2025-09-01,9,249.5,37.5,3,12,55.9,78.8,5,4.19
P-000708,2025-10-01,10,244.9,41.1,3,14,61.4,82.5,5,4.3
P-000708,2025-11-01,11,254.1,50.4,9,7,51.7,94.5,5,3.86
P-000708,2025-12-01,12,177.5,0.0,3,4,95.0,20.5,5,1.85
P-000709,2025-01-01,1,176.8,6.7,4,5,93.6,23.4,2,1.37
P-000709,2025-02-01,2,168.7,0.1,2,6,104.5,10.0,1,1.33
P-000709,2025-03-01,3,186.4,4.8,1,4,99.3,18.8,2,1.83
P-000709,2025-04-01,4,172.0,2.5,1,5,93.1,18.9,2,1.62
P-000709,2025-05-01,5,180.1,2.1,2,3,95.0,21.4,2,1.43
P-000709,2025-06-01,6,185.6,10.2,4,4,99.5,23.0,1,1.0
P-000709,2025-07-01,7,172.5,4.9,4,4,101.5,17.4,3,1.61
P-000709,2025-08-01,8,171.1,10.6,1,5,93.8,19.0,1,1.34
P-000709,2025-09-01,9,177.6,6.9,2,5,97.9,20.8,2,1.22
P-000709,2025-10-01,10,166.6,2.8,4,4,87.9,18.9,2,1.36
P-000709,2025-11-01,11,178.8,6.7,1,7,91.1,26.7,3,1.77
P-000709,2025-12-01,12,166.3,3.9,3,4,90.0,18.4,2,1.41
P-000710,2025-01-01,1,178.6,5.4,1,6,97.0,16.6,4,1.13
P-000710,2025-02-01,2,182.0,9.0,3,5,98.9,27.8,5,1.62
P-000710,2025-03-01,3,186.3,8.7,2,5,95.0,25.9,4,1.45
P-000710,2025-04-01,4,247.0,41.0,10,11,64.4,93.0,5,4.25
P-000710,2025-05-01,5,228.6,22.2,8,10,67.6,68.1,3,3.6
P-000710,2025-06-01,6,224.7,35.0,7,10,64.3,74.6,4,3.99
P-000710,2025-07-01,7,250.0,49.2,7,13,73.9,88.3,5,4.84
P-000710,2025-08-01,8,231.7,33.8,6,10,63.2,68.9,3,3.31
P-000710,2025-09-01,9,172.2,10.8,5,3,94.9,27.4,3,2.02
P-000710,2025-10-01,10,174.3,6.9,3,3,91.9,20.7,3,1.34
P-000710,2025-11-01,11,174.0,1.7,2,4,92.1,13.2,4,1.27
P-000710,2025-12-01,12,174.8,3.9,1,4,92.9,12.4,3,1.4
P-000711,2025-01-01,1,179.7,4.1,4,5,89.5,28.4,1,1.58
P-000711,2025-02-01,2,175.6,2.4,0,3,90.5,19.7,1,1.31
P-000711,2025-03-01,3,164.1,0.0,1,5,94.5,8.4,2,1.24
P-000711,2025-04-01,4,221.8,29.0,4,8,68.2,59.7,1,3.43
P-000711,2025-05-01,5,172.6,6.6,3,5,99.0,25.8,3,1.95
P-000711,2025-06-01,6,175.9,16.3,1,4,89.1,27.0,2,1.83
P-000711,2025-07-01,7,175.6,13.7,1,5,87.9,19.8,1,1.3
P-000711,2025-08-01,8,178.8,9.4,2,7,93.1,29.6,2,1.0
P-000711,2025-09-01,9,180.2,0.0,3,4,90.9,25.9,2,1.45
P-000711,2025-10-01,10,183.5,6.3,1,4,89.2,17.1,2,1.21
P-000711,2025-11-01,11,181.3,10.0,1,4,100.4,20.0,2,1.63
P-000711,2025-12-01,12,171.6,11.4,0,4,95.9,18.5,1,1.51
P-000712,2025-01-01,1,176.3,12.2,2,6,94.8,23.8,5,1.81
P-000712,2025-02-01,2,179.4,9.5,1,6,89.3,18.5,4,1.1
P-000712,2025-03-01,3,174.7,9.3,4,5,90.4,25.8,3,1.34
P-000712,2025-04-01,4,242.9,37.9,13,13,53.8,98.0,5,4.65
P-000712,2025-05-01,5,234.6,26.4,5,10,66.2,67.4,3,3.58
P-000712,2025-06-01,6,241.2,42.2,8,10,58.3,85.1,4,4.1
P-000712,2025-07-01,7,241.0,45.6,4,14,56.6,84.9,4,3.86
P-000712,2025-08-01,8,232.2,29.8,6,8,61.1,70.3,3,3.67
P-000712,2025-09-01,9,182.6,6.6,1,4,102.4,23.0,4,1.48
P-000712,2025-10-01,10,175.9,11.9,2,4,94.2,23.3,4,1.26
P-000712,2025-11-01,11,177.7,7.5,2,3,84.9,23.2,4,1.38
P-000712,2025-12-01,12,177.8,11.9,3,4,89.3,23.2,4,1.35
P-000713,2025-01-01,1,170.7,3.3,1,4,88.4,17.9,3,1.34
P-000713,2025-02-01,2,179.4,4.9,0,5,93.1,12.9,1,1.32
P-000713,2025-03-01,3,166.5,3.7,1,5,87.2,20.2,1,1.39
P-000713,2025-04-01,4,225.7,19.3,4,7,62.8,59.8,2,2.63
P-000713,2025-05-01,5,171.0,4.5,2,4,89.7,15.9,2,1.4
P-000713,2025-06-01,6,169.6,6.4,4,4,97.4,18.9,2,1.68
P-000713,2025-07-01,7,174.6,11.5,0,4,91.5,22.3,2,1.22
P-000713,2025-08-01,8,164.6,11.6,1,4,87.0,25.1,2,1.0
P-000713,2025-09-01,9,173.2,6.5,1,6,94.0,20.5,1,1.44
P-000713,2025-10-01,10,171.8,15.1,2,4,94.2,23.8,2,1.0
P-000713,2025-11-01,11,175.4,6.3,3,4,89.1,21.9,2,1.97
P-000713,2025-12-01,12,169.7,12.7,3,5,91.1,18.1,1,1.16
P-000714,2025-01-01,1,182.1,4.7,1,4,91.3,18.0,1,1.53
P-000714,2025-02-01,2,177.0,3.7,3,5,94.9,20.4,1,1.88
P-000714,2025-03-01,3,177.3,4.0,4,6,94.7,27.1,2,1.56
P-000714,2025-04-01,4,180.5,9.7,0,4,87.7,26.8,2,1.55
P-000714,2025-05-01,5,180.1,6.9,1,4,95.3,15.5,2,1.14
P-000714,2025-06-01,6,176.9,1.6,2,6,95.3,17.8,2,1.0
P-000714,2025-07-01,7,171.7,8.1,2,6,96.5,16.6,2,1.19
P-000714,2025-08-01,8,176.7,9.6,1,5,90.2,16.9,1,1.04
P-000714,2025-09-01,9,171.7,13.6,2,5,86.5,24.3,2,2.02
P-000714,2025-10-01,10,167.0,6.9,2,4,98.0,17.5,2,1.59
P-000714,2025-11-01,11,168.5,9.3,2,6,97.7,19.0,1,1.17
P-000714,2025-12-01,12,172.8,4.5,1,4,88.8,19.7,1,1.22
P-000715,2025-01-01,1,177.2,3.4,0,3,101.1,17.6,3,1.69
P-000715,2025-02-01,2,177.3,4.5,4,5,95.1,24.7,4,1.86
P-000715,2025-03-01,3,231.7,35.5,6,14,66.2,73.0,4,3.96
P-000715,2025-04-01,4,228.6,30.7,4,8,65.0,66.8,3,4.41
P-000715,2025-05-01,5,244.5,38.5,7,8,56.9,81.5,4,3.83
P-000715,2025-06-01,6,225.3,47.1,7,9,45.9,79.7,3,3.32
P-000715,2025-07-01,7,222.7,38.7,4,10,51.5,70.5,3,3.75
P-000715,2025-08-01,8,245.0,37.9,5,11,57.8,83.0,4,4.26
P-000715,2025-09-01,9,221.1,44.7,6,11,56.4,81.6,4,4.08
P-000715,2025-10-01,10,172.9,13.4,2,5,92.8,24.8,3,1.0
P-000715,2025-11-01,11,181.5,0.2,2,5,95.6,23.7,4,1.42
P-000715,2025-12-01,12,184.0,5.9,0,5,85.9,20.0,4,1.38
P-000716,2025-01-01,1,184.0,8.4,0,4,95.0,17.7,4,1.59
P-000716,2025-02-01,2,180.7,6.2,2,4,89.0,20.3,5,1.19
P-000716,2025-03-01,3,183.1,8.1,4,4,89.3,29.6,4,1.4
P-000716,2025-04-01,4,236.1,40.9,8,13,57.6,85.4,5,4.34
P-000716,2025-05-01,5,229.0,36.2,6,10,65.1,73.9,3,3.48
P-000716,2025-06-01,6,225.1,36.9,10,11,63.4,84.7,4,4.34
P-000716,2025-07-01,7,246.8,24.6,3,11,67.0,70.9,4,4.04
P-000716,2025-08-01,8,244.2,46.8,8,13,59.1,91.2,4,4.24
P-000716,2025-09-01,9,174.9,0.0,2,6,97.6,16.3,3,1.14
P-000716,2025-10-01,10,178.7,9.4,4,7,90.2,30.8,4,1.0
P-000716,2025-11-01,11,177.7,2.1,5,3,94.9,26.7,4,1.29
P-000716,2025-12-01,12,171.5,9.0,1,5,91.8,15.9,4,1.05
P-000717,2025-01-01,1,173.5,3.9,0,5,91.3,15.6,2,1.05
P-000717,2025-02-01,2,180.5,9.9,2,3,89.5,26.5,3,1.34
P-000717,2025-03-01,3,171.1,4.4,3,4,89.2,18.0,1,1.18
P-000717,2025-04-01,4,227.3,36.3,4,9,60.3,72.9,2,3.65
P-000717,2025-05-01,5,217.7,40.4,3,8,56.4,67.6,1,3.31
P-000717,2025-06-01,6,178.2,6.3,2,4,93.5,19.4,1,1.76
P-000717,2025-07-01,7,182.1,4.1,1,3,95.5,18.9,1,1.25
P-000717,2025-08-01,8,175.9,7.8,2,3,92.3,19.4,2,2.07
P-000717,2025-09-01,9,175.2,5.5,1,5,96.2,19.7,2,1.14
P-000717,2025-10-01,10,158.9,7.2,4,3,89.9,12.4,3,1.5
P-000717,2025-11-01,11,176.8,10.1,3,6,84.0,24.1,1,1.37
P-000717,2025-12-01,12,177.8,11.7,2,4,97.2,16.6,1,1.76
P-000718,2025-01-01,1,183.5,5.6,3,5,91.2,27.7,2,1.92
P-000718,2025-02-01,2,184.7,6.9,2,4,92.1,24.0,2,1.1
P-000718,2025-03-01,3,173.6,0.3,2,6,95.2,9.6,1,1.42
P-000718,2025-04-01,4,176.4,1.4,3,4,88.2,12.1,1,1.0
P-000718,2025-05-01,5,177.1,0.0,2,5,92.1,15.3,1,1.25
P-000718,2025-06-01,6,176.2,7.3,1,3,92.6,15.0,2,1.32
P-000718,2025-07-01,7,178.1,2.9,2,5,92.7,16.2,1,1.57
P-000718,2025-08-01,8,184.0,9.6,1,3,88.0,22.3,1,1.41
P-000718,2025-09-01,9,173.3,5.3,4,5,94.3,19.3,1,1.45
P-000718,2025-10-01,10,172.0,11.5,1,5,93.7,18.3,2,1.34
P-000718,2025-11-01,11,179.3,12.1,2,4,88.6,25.3,2,1.31
P-000718,2025-12-01,12,182.1,9.7,2,4,93.3,28.3,2,1.25
P-000719,2025-01-01,1,179.4,11.0,1,3,93.3,25.2,3,1.63
P-000719,2025-02-01,2,173.2,10.4,2,4,85.7,20.1,4,1.31
P-000719,2025-03-01,3,176.1,3.0,1,6,93.7,15.5,4,1.58
P-000719,2025-04-01,4,246.9,51.5,6,12,51.4,86.3,5,4.37
P-000719,2025-05-01,5,224.4,45.4,5,10,55.9,74.2,3,3.54
P-000719,2025-06-01,6,232.1,35.2,2,12,62.6,67.9,4,3.64
P-000719,2025-07-01,7,236.9,45.6,3,10,50.3,79.7,4,4.73
P-000719,2025-08-01,8,228.4,29.5,6,7,59.4,63.8,3,3.33
P-000719,2025-09-01,9,179.0,2.5,2,3,98.2,23.0,3,1.0
P-000719,2025-10-01,10,172.7,11.2,1,6,85.9,18.6,5,1.42
P-000719,2025-11-01,11,179.5,11.7,2,5,90.9,23.3,3,1.94
P-000719,2025-12-01,12,179.4,9.4,1,4,83.6,22.5,3,1.82
P-000720,2025-01-01,1,174.2,7.0,0,5,89.4,17.9,1,1.91
P-000720,2025-02-01,2,187.4,3.7,3,4,93.0,26.1,2,1.39
P-000720,2025-03-01,3,177.2,7.5,2,6,94.9,20.9,1,1.85
P-000720,2025-04-01,4,173.2,11.4,2,5,88.3,24.8,1,1.44
P-000720,2025-05-01,5,228.4,27.5,3,9,52.5,64.6,2,2.76
P-000720,2025-06-01,6,182.1,8.2,5,3,98.1,25.7,2,1.58
P-000720,2025-07-01,7,169.2,6.9,3,3,94.0,16.5,3,1.99
P-000720,2025-08-01,8,181.3,4.9,0,5,99.7,13.3,2,1.36
P-000720,2025-09-01,9,182.2,9.9,1,3,90.5,23.3,1,1.58
P-000720,2025-10-01,10,183.9,10.7,2,6,93.1,26.7,1,1.08
P-000720,2025-11-01,11,178.0,0.0,2,3,108.2,16.5,1,1.76
P-000720,2025-12-01,12,175.8,3.6,2,3,91.6,23.1,2,1.45
P-000721,2025-01-01,1,184.1,9.1,2,4,88.6,27.7,1,1.96
P-000721,2025-02-01,2,170.5,9.2,5,6,87.8,29.1,2,1.59
P-000721,2025-03-01,3,171.0,11.1,1,4,91.1,21.6,2,1.65
P-000721,2025-04-01,4,182.5,9.3,0,5,91.7,24.8,2,1.51
P-000721,2025-05-01,5,229.9,35.8,4,9,61.3,70.5,2,3.32
P-000721,2025-06-01,6,184.4,6.9,1,5,100.2,17.5,2,1.26
P-000721,2025-07-01,7,183.8,1.7,2,5,95.6,20.9,1,1.0
P-000721,2025-08-01,8,173.0,2.2,0,4,88.6,15.5,2,1.78
P-000721,2025-09-01,9,168.5,15.4,1,3,92.6,21.9,1,1.45
P-000721,2025-10-01,10,177.3,9.3,2,4,90.9,24.8,3,1.5
P-000721,2025-11-01,11,179.0,2.0,1,5,95.4,19.0,1,1.76
P-000721,2025-12-01,12,176.2,8.6,3,5,93.5,23.9,2,1.39
P-000722,2025-01-01,1,182.3,8.8,4,5,89.5,23.6,5,1.09
P-000722,2025-02-01,2,188.2,9.8,3,4,98.0,26.4,5,1.78
P-000722,2025-03-01,3,165.8,10.9,2,3,90.7,15.8,4,1.15
P-000722,2025-04-01,4,245.3,42.4,7,10,48.3,93.5,5,4.68
P-000722,2025-05-01,5,232.8,47.9,7,12,61.5,83.1,5,4.72
P-000722,2025-06-01,6,255.8,42.5,7,10,66.1,87.9,5,4.27
P-000722,2025-07-01,7,246.6,48.5,5,10,61.0,87.0,5,5.0
P-000722,2025-08-01,8,241.4,42.4,7,8,61.9,78.0,4,4.86
P-000722,2025-09-01,9,241.8,36.3,4,12,59.3,72.8,4,4.45
P-000722,2025-10-01,10,246.9,54.4,5,12,58.2,94.7,5,4.66
P-000722,2025-11-01,11,230.9,26.7,4,15,68.6,65.9,5,4.73
P-000722,2025-12-01,12,171.8,3.9,3,4,87.2,22.5,4,1.0
P-000723,2025-01-01,1,176.9,4.3,2,4,99.0,20.1,2,1.01
P-000723,2025-02-01,2,163.8,6.0,3,6,96.0,21.7,1,1.18
P-000723,2025-03-01,3,173.9,2.7,2,4,93.3,17.5,2,1.73
P-000723,2025-04-01,4,170.2,3.3,2,4,95.5,19.4,1,1.38
P-000723,2025-05-01,5,179.9,4.6,5,4,92.2,28.4,2,1.7
P-000723,2025-06-01,6,174.5,0.0,3,4,99.7,16.4,1,1.0
P-000723,2025-07-01,7,184.0,4.6,0,4,93.7,18.0,1,1.46
P-000723,2025-08-01,8,178.7,2.7,0,6,102.8,10.5,1,1.53
P-000723,2025-09-01,9,173.4,5.1,2,4,95.5,18.5,1,1.22
P-000723,2025-10-01,10,172.4,5.0,4,5,96.3,19.2,1,1.28
P-000723,2025-11-01,11,175.8,5.5,1,3,99.1,13.4,1,1.48
P-000723,2025-12-01,12,173.1,5.1,2,5,91.7,20.7,1,1.0
P-000724,2025-01-01,1,165.1,10.8,2,4,96.5,11.6,1,1.63
P-000724,2025-02-01,2,177.6,16.0,4,6,90.7,28.1,1,1.0
P-000724,2025-03-01,3,177.2,4.9,1,3,102.9,17.0,1,1.61
P-000724,2025-04-01,4,178.6,8.9,2,5,97.2,21.8,2,1.45
P-000724,2025-05-01,5,168.5,0.0,0,3,98.0,10.5,3,1.64
P-000724,2025-06-01,6,180.4,1.1,3,4,84.8,21.3,1,1.08
P-000724,2025-07-01,7,171.6,0.0,4,4,96.7,17.3,2,1.59
P-000724,2025-08-01,8,173.8,8.1,5,4,99.7,23.8,2,1.07
P-000724,2025-09-01,9,168.8,2.7,3,5,88.0,20.5,2,1.72
P-000724,2025-10-01,10,183.9,2.2,1,4,104.1,19.2,2,1.56
P-000724,2025-11-01,11,169.7,7.2,2,4,101.6,16.0,1,1.23
P-000724,2025-12-01,12,188.8,7.1,2,4,95.5,23.8,2,1.27
P-000725,2025-01-01,1,171.0,6.3,4,6,87.7,28.6,2,1.07
P-000725,2025-02-01,2,182.4,2.6,5,5,95.4,22.0,2,1.22
P-000725,2025-03-01,3,174.7,10.5,0,5,94.0,15.7,1,1.25
P-000725,2025-04-01,4,221.0,45.8,5,11,62.2,71.3,1,2.76
P-000725,2025-05-01,5,168.2,4.8,3,5,88.9,17.6,2,1.11
P-000725,2025-06-01,6,178.9,1.6,1,5,97.1,15.8,3,1.7
P-000725,2025-07-01,7,173.2,1.1,1,4,101.3,13.7,1,1.18
P-000725,2025-08-01,8,166.0,6.7,3,5,86.4,22.7,3,1.59
P-000725,2025-09-01,9,164.4,10.5,2,6,90.9,20.7,1,1.16
P-000725,2025-10-01,10,179.8,12.5,0,5,86.0,20.3,2,1.47
P-000725,2025-11-01,11,174.5,2.4,1,4,99.2,14.8,3,1.39
P-000725,2025-12-01,12,178.2,3.1,3,5,92.2,21.9,3,1.65
P-000726,2025-01-01,1,177.7,4.0,4,5,93.8,22.3,2,1.0
P-000726,2025-02-01,2,170.9,4.2,2,5,96.7,20.3,2,1.59
P-000726,2025-03-01,3,177.4,1.2,3,5,98.9,21.6,3,1.37
P-000726,2025-04-01,4,209.4,32.5,4,9,61.8,60.0,2,3.03
P-000726,2025-05-01,5,218.5,41.3,6,13,53.0,79.5,2,3.91
P-000726,2025-06-01,6,169.2,8.5,2,5,95.1,22.0,2,1.43
P-000726,2025-07-01,7,161.4,7.8,2,5,98.8,13.3,2,1.48
P-000726,2025-08-01,8,176.1,11.1,2,3,96.6,19.4,1,1.37
P-000726,2025-09-01,9,177.4,13.3,5,3,98.0,27.2,2,1.56
P-000726,2025-10-01,10,171.4,3.1,3,5,94.6,12.8,3,1.0
P-000726,2025-11-01,11,176.1,5.1,2,5,93.8,24.4,1,1.79
P-000726,2025-12-01,12,170.6,5.3,2,6,91.3,17.5,1,1.87
P-000727,2025-01-01,1,179.1,13.2,0,5,97.3,17.4,4,1.16
P-000727,2025-02-01,2,186.8,1.4,1,5,91.8,24.4,4,1.25
P-000727,2025-03-01,3,175.7,3.4,1,5,95.6,15.4,5,1.06
P-000727,2025-04-01,4,241.3,39.3,3,11,66.1,74.0,5,4.95
P-000727,2025-05-01,5,238.6,34.5,3,11,65.0,77.0,4,4.97
P-000727,2025-06-01,6,240.8,43.1,7,9,61.7,82.1,5,3.96
P-000727,2025-07-01,7,252.1,45.4,8,13,62.2,93.5,5,4.51
P-000727,2025-08-01,8,231.2,31.3,9,7,54.8,77.9,4,3.15
P-000727,2025-09-01,9,244.8,29.8,6,13,68.2,79.8,4,4.62
P-000727,2025-10-01,10,247.7,53.7,7,10,52.2,89.7,5,4.8
P-000727,2025-11-01,11,246.4,53.0,5,10,42.5,90.2,5,4.81
P-000727,2025-12-01,12,173.2,9.7,1,5,99.7,21.0,4,1.54
P-000728,2025-01-01,1,182.1,9.2,1,6,93.5,22.8,4,1.33
P-000728,2025-02-01,2,184.5,0.0,2,5,98.2,16.2,5,1.3
P-000728,2025-03-01,3,175.9,4.9,1,5,92.3,20.3,4,1.67
P-000728,2025-04-01,4,244.3,55.1,5,10,51.9,86.3,5,4.64
P-000728,2025-05-01,5,237.5,35.0,7,8,61.5,77.3,3,4.03
P-000728,2025-06-01,6,245.6,45.4,10,10,62.1,93.6,4,4.02
P-000728,2025-07-01,7,239.3,45.3,6,8,56.2,78.5,4,4.57
P-000728,2025-08-01,8,233.0,45.7,4,10,59.2,77.8,4,4.31
P-000728,2025-09-01,9,162.8,0.0,2,4,99.7,5.2,3,1.29
P-000728,2025-10-01,10,177.1,2.8,0,4,90.3,16.1,3,1.0
P-000728,2025-11-01,11,176.5,5.1,0,5,82.5,23.3,3,1.62
P-000728,2025-12-01,12,166.7,0.0,5,5,98.7,22.5,3,1.5
P-000729,2025-01-01,1,173.2,10.3,2,4,88.5,22.3,2,1.48
P-000729,2025-02-01,2,168.9,13.1,2,4,92.0,27.5,1,1.52
P-000729,2025-03-01,3,167.1,3.8,2,5,94.5,15.8,3,1.33
P-000729,2025-04-01,4,222.7,40.3,7,10,56.8,76.6,2,4.33
P-000729,2025-05-01,5,180.0,8.2,2,4,87.9,23.2,2,1.28
P-000729,2025-06-01,6,176.0,2.9,2,6,89.1,19.7,2,1.22
P-000729,2025-07-01,7,162.8,9.2,2,4,90.3,20.2,3,1.0
P-000729,2025-08-01,8,171.4,1.7,3,5,97.8,22.2,2,1.62
P-000729,2025-09-01,9,176.1,0.0,5,4,94.4,22.8,1,1.46
P-000729,2025-10-01,10,181.1,7.9,3,6,98.1,24.4,2,1.71
P-000729,2025-11-01,11,190.0,8.7,0,4,86.2,27.1,2,1.08
P-000729,2025-12-01,12,181.1,8.3,1,5,93.4,26.8,2,1.49
P-000730,2025-01-01,1,169.6,5.4,4,3,103.8,23.6,2,1.25
P-000730,2025-02-01,2,166.5,12.2,2,6,94.0,20.2,2,1.33
P-000730,2025-03-01,3,179.8,3.5,2,4,95.2,20.0,2,1.17
P-000730,2025-04-01,4,179.3,1.8,5,4,95.7,18.3,1,1.29
P-000730,2025-05-01,5,212.9,18.7,5,12,72.3,56.1,1,2.41
P-000730,2025-06-01,6,179.4,0.0,1,5,97.5,14.8,2,1.71
P-000730,2025-07-01,7,170.8,10.6,1,5,96.2,20.0,1,1.3
P-000730,2025-08-01,8,171.6,4.2,1,6,96.2,11.7,1,1.63
P-000730,2025-09-01,9,193.1,5.6,2,3,93.3,28.7,2,1.39
P-000730,2025-10-01,10,172.9,2.2,3,3,93.0,23.4,1,1.51
P-000730,2025-11-01,11,164.3,10.1,4,5,88.9,18.3,3,1.23
P-000730,2025-12-01,12,176.2,3.4,1,5,93.8,16.4,2,1.17
P-000731,2025-01-01,1,174.4,6.1,3,4,87.1,16.3,2,1.61
P-000731,2025-02-01,2,184.6,11.7,0,4,88.7,27.9,2,1.73
P-000731,2025-03-01,3,180.7,9.5,5,4,84.7,32.9,1,1.76
P-000731,2025-04-01,4,168.3,7.1,1,3,103.5,8.8,1,1.35
P-000731,2025-05-01,5,222.9,29.8,4,10,57.7,63.5,2,3.13
P-000731,2025-06-01,6,177.0,7.1,4,5,91.4,25.7,2,1.52
P-000731,2025-07-01,7,178.8,5.2,3,6,93.8,21.5,2,1.32
P-000731,2025-08-01,8,171.6,3.4,2,5,97.8,13.0,2,1.07
P-000731,2025-09-01,9,174.4,8.0,4,6,89.9,23.4,2,1.38
P-000731,2025-10-01,10,174.4,11.5,0,3,87.8,18.8,3,1.0
P-000731,2025-11-01,11,168.9,6.7,0,5,92.9,14.3,3,1.31
P-000731,2025-12-01,12,170.9,12.5,3,5,90.5,25.7,1,1.73
P-000732,2025-01-01,1,178.5,0.7,2,5,90.8,21.4,2,1.33
P-000732,2025-02-01,2,169.1,6.6,1,4,94.2,16.5,1,1.6
P-000732,2025-03-01,3,174.0,5.2,1,4,92.3,17.3,1,1.38
P-000732,2025-04-01,4,184.6,0.0,2,5,93.5,21.0,2,1.05
P-000732,2025-05-01,5,230.6,24.2,3,7,60.0,58.8,2,2.93
P-000732,2025-06-01,6,183.5,0.0,2,5,92.4,20.1,1,1.11
P-000732,2025-07-01,7,170.0,3.3,0,6,91.4,13.0,2,1.54
P-000732,2025-08-01,8,161.6,7.4,1,4,90.2,15.2,3,1.52
P-000732,2025-09-01,9,183.2,7.6,2,6,89.3,24.1,2,1.3
P-000732,2025-10-01,10,171.6,11.1,1,5,90.9,21.1,2,1.17
P-000732,2025-11-01,11,172.4,4.7,3,5,90.5,22.3,2,1.85
P-000732,2025-12-01,12,177.5,4.5,1,5,90.9,15.0,2,1.31
P-000733,2025-01-01,1,176.0,9.2,5,5,91.9,30.4,4,2.05
P-000733,2025-02-01,2,174.3,2.2,1,7,91.9,22.2,4,1.92
P-000733,2025-03-01,3,233.7,25.8,3,7,57.8,64.6,3,4.48
P-000733,2025-04-01,4,233.8,47.9,5,8,57.0,81.3,4,3.6
P-000733,2025-05-01,5,220.6,38.0,6,8,64.9,72.9,3,4.2
P-000733,2025-06-01,6,239.6,29.7,7,10,70.9,75.0,4,4.86
P-000733,2025-07-01,7,241.3,38.4,7,12,65.3,85.3,5,5.0
P-000733,2025-08-01,8,235.3,46.3,4,13,60.7,75.9,4,3.11
P-000733,2025-09-01,9,249.0,35.8,4,12,62.6,81.6,4,3.21
P-000733,2025-10-01,10,174.2,9.5,3,4,94.7,21.6,4,1.51
P-000733,2025-11-01,11,169.3,6.7,2,6,88.7,19.2,4,1.32
P-000733,2025-12-01,12,168.1,12.7,0,5,92.3,17.9,3,1.0
P-000734,2025-01-01,1,177.5,0.0,5,5,94.9,20.8,4,1.29
P-000734,2025-02-01,2,180.5,6.7,3,4,94.5,19.9,4,1.02
P-000734,2025-03-01,3,182.1,0.0,2,4,94.2,16.7,4,1.0
P-000734,2025-04-01,4,245.2,37.2,7,12,65.4,81.2,5,4.25
P-000734,2025-05-01,5,247.0,33.9,4,9,63.2,74.9,4,3.81
P-000734,2025-06-01,6,247.4,51.4,7,13,59.1,93.8,5,4.6
P-000734,2025-07-01,7,252.9,34.5,6,15,56.6,86.2,5,3.84
P-000734,2025-08-01,8,240.6,44.8,7,13,65.3,91.8,4,4.72
P-000734,2025-09-01,9,241.4,35.9,6,11,66.5,83.9,4,4.59
P-000734,2025-10-01,10,248.9,42.3,4,11,59.2,78.6,4,3.97
P-000734,2025-11-01,11,255.9,40.2,4,11,52.0,84.2,5,4.53
P-000734,2025-12-01,12,181.6,8.9,3,5,93.4,22.6,5,1.84
P-000735,2025-01-01,1,174.4,4.9,4,3,92.1,23.5,2,1.11
P-000735,2025-02-01,2,177.1,6.5,2,5,88.6,22.9,1,1.26
P-000735,2025-03-01,3,168.4,11.1,0,4,90.8,16.2,1,1.0
P-000735,2025-04-01,4,171.9,4.2,4,4,96.1,23.0,1,1.6
P-000735,2025-05-01,5,221.8,35.3,2,7,62.6,61.3,1,3.08
P-000735,2025-06-01,6,176.8,6.4,2,4,93.2,23.1,1,1.59
P-000735,2025-07-01,7,166.7,9.0,1,3,94.7,19.0,2,1.0
P-000735,2025-08-01,8,174.5,10.2,1,6,89.7,14.7,2,2.02
P-000735,2025-09-01,9,170.2,5.9,5,5,101.2,20.1,1,1.14
P-000735,2025-10-01,10,165.8,7.4,1,5,92.3,20.9,1,1.0
P-000735,2025-11-01,11,178.0,9.6,2,6,97.6,23.4,1,1.12
P-000735,2025-12-01,12,174.7,8.7,2,6,93.0,25.8,1,2.07
P-000736,2025-01-01,1,171.9,7.4,0,4,96.0,16.9,4,1.68
P-000736,2025-02-01,2,170.4,7.1,0,5,92.9,11.3,3,1.32
P-000736,2025-03-01,3,237.8,37.4,3,10,75.1,70.6,4,3.92
P-000736,2025-04-01,4,235.5,50.6,5,11,50.8,79.5,4,4.13
P-000736,2025-05-01,5,242.1,41.8,6,15,53.2,82.6,4,3.85
P-000736,2025-06-01,6,240.7,41.6,10,11,53.3,83.7,4,4.08
P-000736,2025-07-01,7,247.7,56.5,10,14,61.1,98.0,5,5.0
P-000736,2025-08-01,8,244.1,49.1,8,10,55.6,86.8,4,3.83
P-000736,2025-09-01,9,249.3,36.1,14,14,56.5,98.0,5,3.97
P-000736,2025-10-01,10,169.8,5.6,4,4,92.9,21.0,4,1.64
P-000736,2025-11-01,11,171.4,8.6,0,5,97.5,17.5,4,1.68
P-000736,2025-12-01,12,177.4,8.1,2,5,93.1,20.3,4,1.32
P-000737,2025-01-01,1,169.5,6.8,2,6,90.4,20.2,1,1.72
P-000737,2025-02-01,2,175.5,3.1,0,7,90.5,18.3,3,1.46
P-000737,2025-03-01,3,173.4,11.1,0,4,87.4,17.1,1,1.2
P-000737,2025-04-01,4,183.5,1.4,1,5,90.8,19.8,2,1.76
P-000737,2025-05-01,5,170.5,4.2,0,4,93.4,15.0,1,1.6
P-000737,2025-06-01,6,174.1,7.4,3,4,94.5,24.1,2,1.45
P-000737,2025-07-01,7,180.6,10.7,3,5,83.4,27.7,3,1.18
P-000737,2025-08-01,8,170.9,4.5,1,5,88.8,14.7,2,1.0
P-000737,2025-09-01,9,175.2,3.6,1,6,91.7,24.3,3,1.19
P-000737,2025-10-01,10,179.0,4.0,1,4,90.6,21.3,1,1.0
P-000737,2025-11-01,11,178.8,5.4,1,4,94.9,20.3,1,1.0
P-000737,2025-12-01,12,182.1,9.0,3,4,85.6,30.4,2,1.81
P-000738,2025-01-01,1,182.1,5.7,3,3,96.3,14.8,3,1.0
P-000738,2025-02-01,2,180.3,1.9,0,5,92.6,18.0,4,1.65
P-000738,2025-03-01,3,176.3,0.0,3,4,92.4,18.7,5,1.0
P-000738,2025-04-01,4,231.3,36.4,2,10,66.8,65.5,3,2.89
P-000738,2025-05-01,5,243.0,55.2,6,16,49.0,93.5,4,4.59
P-000738,2025-06-01,6,235.6,33.8,10,12,64.4,89.8,4,4.58
P-000738,2025-07-01,7,237.6,46.1,7,10,54.4,85.5,4,4.63
P-000738,2025-08-01,8,231.5,37.9,6,9,59.2,71.1,3,3.34
P-000738,2025-09-01,9,179.2,3.1,2,3,93.9,15.0,3,1.0
P-000738,2025-10-01,10,175.8,6.3,0,5,92.0,17.5,4,1.89
P-000738,2025-11-01,11,184.8,4.7,1,5,91.6,21.7,3,1.29
P-000738,2025-12-01,12,174.1,2.8,5,3,97.9,26.5,4,1.67
P-000739,2025-01-01,1,177.4,0.0,0,3,93.6,8.8,5,1.0
P-000739,2025-02-01,2,182.7,12.8,3,5,86.2,25.0,5,1.3
P-000739,2025-03-01,3,178.5,13.5,1,4,96.3,28.9,5,1.39
P-000739,2025-04-01,4,247.5,41.8,6,12,63.5,86.9,5,4.55
P-000739,2025-05-01,5,241.8,37.9,4,10,57.9,80.9,5,4.58
P-000739,2025-06-01,6,240.2,36.6,4,10,65.3,78.1,4,4.34
P-000739,2025-07-01,7,231.0,40.1,6,10,63.1,78.2,4,4.38
P-000739,2025-08-01,8,236.0,44.8,10,5,64.8,84.2,5,4.8
P-000739,2025-09-01,9,241.0,36.3,11,8,52.4,88.7,4,3.85
P-000739,2025-10-01,10,233.7,46.3,8,12,62.1,84.5,5,4.42
P-000739,2025-11-01,11,247.1,46.8,8,13,59.3,91.9,5,4.67
P-000739,2025-12-01,12,184.4,9.3,1,7,87.8,26.0,5,1.23
P-000740,2025-01-01,1,170.4,0.0,3,6,95.0,21.8,2,1.4
P-000740,2025-02-01,2,185.9,10.3,2,6,97.4,23.2,3,1.0
P-000740,2025-03-01,3,170.6,1.3,2,4,97.5,15.6,2,1.6
P-000740,2025-04-01,4,170.8,5.5,3,5,94.2,21.1,2,1.26
P-000740,2025-05-01,5,228.5,44.3,8,8,57.5,76.3,3,3.12
P-000740,2025-06-01,6,181.6,7.9,0,3,97.1,15.0,2,1.0
P-000740,2025-07-01,7,177.6,5.8,3,4,84.4,18.0,1,1.0
P-000740,2025-08-01,8,171.1,2.5,3,3,97.7,14.1,1,1.25
P-000740,2025-09-01,9,164.0,10.2,1,5,91.2,16.1,1,1.75
P-000740,2025-10-01,10,179.7,12.1,2,5,94.6,23.3,1,1.33
P-000740,2025-11-01,11,166.4,6.4,1,6,95.5,17.1,1,1.42
P-000740,2025-12-01,12,175.7,8.1,2,3,100.8,18.3,1,1.53
P-000741,2025-01-01,1,170.6,2.1,2,6,98.6,16.6,2,1.26
P-000741,2025-02-01,2,178.5,5.0,3,6,91.8,22.5,2,1.28
P-000741,2025-03-01,3,178.3,0.3,1,6,94.9,18.3,1,1.75
P-000741,2025-04-01,4,165.1,7.3,3,5,91.1,20.3,1,1.0
P-000741,2025-05-01,5,211.0,38.5,4,8,59.5,61.0,1,3.13
P-000741,2025-06-01,6,169.0,8.6,1,4,94.1,20.2,1,1.23
P-000741,2025-07-01,7,175.3,7.2,1,4,93.4,18.7,2,1.0
P-000741,2025-08-01,8,183.5,3.9,2,4,99.1,17.4,2,1.25
P-000741,2025-09-01,9,168.2,7.8,1,5,95.3,14.4,3,1.18
P-000741,2025-10-01,10,177.4,0.0,3,3,98.6,17.8,1,1.74
P-000741,2025-11-01,11,170.6,4.0,1,4,99.8,14.1,2,1.0
P-000741,2025-12-01,12,179.0,0.0,1,3,91.5,15.4,2,1.0
P-000742,2025-01-01,1,173.9,5.1,4,4,90.1,21.5,1,1.74
P-000742,2025-02-01,2,174.4,17.4,2,3,89.4,27.0,2,1.38
P-000742,2025-03-01,3,185.0,2.1,0,5,100.1,19.2,1,1.0
P-000742,2025-04-01,4,224.1,40.4,3,7,54.1,67.0,2,3.37
P-000742,2025-05-01,5,189.8,9.2,1,4,96.2,24.2,1,1.26
P-000742,2025-06-01,6,169.0,9.1,2,5,94.8,17.0,2,1.02
P-000742,2025-07-01,7,170.8,6.3,3,4,87.3,19.9,1,1.32
P-000742,2025-08-01,8,173.9,3.4,2,4,93.3,17.3,2,1.19
P-000742,2025-09-01,9,182.2,0.0,4,5,93.7,22.1,1,1.47
P-000742,2025-10-01,10,190.3,2.9,3,6,92.8,25.7,1,1.75
P-000742,2025-11-01,11,177.3,12.2,3,4,100.6,25.2,2,1.1
P-000742,2025-12-01,12,178.3,3.9,2,4,92.8,22.0,2,1.21
P-000743,2025-01-01,1,179.7,5.6,3,3,99.0,19.7,4,1.0
P-000743,2025-02-01,2,172.1,3.5,3,6,95.9,17.3,3,1.62
P-000743,2025-03-01,3,180.2,8.1,3,4,94.3,23.8,4,1.07
P-000743,2025-04-01,4,247.7,45.0,7,11,53.9,87.0,5,4.47
P-000743,2025-05-01,5,241.7,19.1,5,12,63.8,69.8,3,3.78
P-000743,2025-06-01,6,245.5,46.6,6,12,60.2,85.7,5,4.24
P-000743,2025-07-01,7,254.9,46.9,5,14,53.0,93.9,5,4.97
P-000743,2025-08-01,8,249.2,44.4,10,10,44.8,98.0,5,5.0
P-000743,2025-09-01,9,175.5,10.6,5,4,98.5,28.0,4,1.0
P-000743,2025-10-01,10,176.4,3.5,1,4,89.8,22.0,5,1.54
P-000743,2025-11-01,11,178.3,2.4,0,4,98.9,14.7,3,1.02
P-000743,2025-12-01,12,171.1,0.5,1,4,96.0,11.5,5,1.68
P-000744,2025-01-01,1,181.8,2.2,3,5,93.6,25.7,2,1.43
P-000744,2025-02-01,2,176.9,6.7,3,4,95.7,23.5,1,1.82
P-000744,2025-03-01,3,179.1,6.9,2,5,90.2,25.0,1,1.52
P-000744,2025-04-01,4,171.3,6.4,0,3,91.8,17.1,1,1.74
P-000744,2025-05-01,5,181.7,7.3,2,4,84.9,22.1,1,1.39
P-000744,2025-06-01,6,176.1,1.0,0,4,88.1,11.6,1,1.2
P-000744,2025-07-01,7,171.0,3.9,0,5,93.5,10.0,1,1.0
P-000744,2025-08-01,8,173.3,5.4,4,6,92.2,26.7,2,1.39
P-000744,2025-09-01,9,171.7,6.4,2,3,93.4,16.1,3,1.54
P-000744,2025-10-01,10,171.4,5.4,2,4,88.4,23.1,2,1.71
P-000744,2025-11-01,11,170.1,0.0,0,6,101.3,15.5,2,1.96
P-000744,2025-12-01,12,175.3,3.6,3,3,102.7,20.7,2,1.81
P-000745,2025-01-01,1,178.3,5.0,1,3,90.5,18.3,1,1.31
P-000745,2025-02-01,2,169.0,5.9,2,3,85.0,15.6,2,1.32
P-000745,2025-03-01,3,186.7,9.1,3,4,89.1,28.0,2,1.55
P-000745,2025-04-01,4,178.8,8.6,0,4,99.4,17.3,2,1.85
P-000745,2025-05-01,5,232.8,27.5,3,9,75.2,66.8,2,3.74
P-000745,2025-06-01,6,182.9,7.5,5,5,92.4,28.2,2,1.17
P-000745,2025-07-01,7,175.7,7.3,2,3,94.9,20.4,1,1.34
P-000745,2025-08-01,8,174.1,8.2,5,4,94.2,30.0,2,1.37
P-000745,2025-09-01,9,171.1,0.0,2,3,100.6,17.0,2,1.4
P-000745,2025-10-01,10,171.4,8.1,5,6,92.3,29.1,2,1.24
P-000745,2025-11-01,11,174.5,4.0,0,4,92.3,12.9,1,1.5
P-000745,2025-12-01,12,162.8,11.0,1,4,89.8,19.7,1,1.56
P-000746,2025-01-01,1,168.4,5.2,4,4,86.4,24.5,3,1.72
P-000746,2025-02-01,2,165.5,10.6,5,4,97.3,25.3,4,1.52
P-000746,2025-03-01,3,171.1,5.7,2,4,101.0,18.1,3,1.2
P-000746,2025-04-01,4,243.5,44.3,3,12,46.6,81.6,4,3.83
P-000746,2025-05-01,5,239.0,48.7,3,7,56.1,85.0,4,5.0
P-000746,2025-06-01,6,237.1,42.2,8,12,64.8,81.2,4,2.92
P-000746,2025-07-01,7,229.9,31.9,6,7,62.1,73.7,3,3.66
P-000746,2025-08-01,8,245.0,54.5,14,11,49.6,98.0,4,4.55
P-000746,2025-09-01,9,178.0,4.9,5,4,95.3,22.8,4,1.19
P-000746,2025-10-01,10,176.2,6.5,3,4,86.0,24.8,4,1.31
P-000746,2025-11-01,11,170.6,0.0,2,5,92.0,18.8,5,1.1
P-000746,2025-12-01,12,158.5,0.0,3,3,98.7,11.7,4,1.29
P-000747,2025-01-01,1,161.2,1.0,3,5,97.4,12.8,1,1.0
P-000747,2025-02-01,2,241.9,31.5,5,13,65.9,72.3,4,3.48
P-000747,2025-03-01,3,236.2,47.0,7,11,61.3,82.1,4,4.01
P-000747,2025-04-01,4,230.1,34.3,8,11,57.4,80.2,4,4.15
P-000747,2025-05-01,5,238.7,48.4,5,11,52.2,85.9,4,4.3
P-000747,2025-06-01,6,177.8,3.6,4,5,95.2,22.9,1,1.27
P-000747,2025-07-01,7,181.4,3.7,3,5,99.3,22.2,1,1.08
P-000747,2025-08-01,8,176.2,13.1,1,4,92.1,19.6,1,1.37
P-000747,2025-09-01,9,177.8,5.9,1,5,89.3,20.3,1,1.4
P-000747,2025-10-01,10,166.6,4.5,3,5,90.5,21.6,1,1.9
P-000747,2025-11-01,11,172.2,9.8,4,5,92.6,21.7,1,1.24
P-000747,2025-12-01,12,173.9,4.0,4,3,91.0,17.5,1,1.2
P-000748,2025-01-01,1,164.0,2.1,0,5,86.0,13.4,1,1.75
P-000748,2025-02-01,2,178.0,12.6,2,5,96.9,18.9,3,1.45
P-000748,2025-03-01,3,182.9,10.5,2,5,88.1,28.9,2,1.49
P-000748,2025-04-01,4,175.8,3.6,1,4,92.5,20.8,2,1.58
P-000748,2025-05-01,5,177.6,12.0,1,3,90.0,28.5,2,1.72
P-000748,2025-06-01,6,168.2,5.2,1,4,95.4,16.2,1,1.18
P-000748,2025-07-01,7,179.0,11.7,4,5,88.8,32.2,1,1.66
P-000748,2025-08-01,8,185.6,5.9,3,5,90.5,29.3,2,1.05
P-000748,2025-09-01,9,180.3,14.7,2,3,84.5,28.1,2,1.3
P-000748,2025-10-01,10,178.6,13.9,3,4,91.1,21.6,1,1.62
P-000748,2025-11-01,11,179.1,0.0,4,4,96.3,17.1,1,1.13
P-000748,2025-12-01,12,172.3,14.5,0,5,99.4,19.4,2,1.57
P-000749,2025-01-01,1,172.5,3.9,1,5,93.8,20.8,2,1.56
P-000749,2025-02-01,2,178.2,5.7,1,5,97.4,20.6,2,1.76
P-000749,2025-03-01,3,170.3,0.2,2,4,92.5,15.9,1,1.5
P-000749,2025-04-01,4,174.5,8.1,0,4,92.2,16.3,1,1.45
P-000749,2025-05-01,5,214.0,37.8,3,9,71.1,59.8,1,3.03
P-000749,2025-06-01,6,190.5,10.3,1,4,94.7,18.1,2,1.0
P-000749,2025-07-01,7,172.6,6.5,4,3,87.9,24.1,1,1.0
P-000749,2025-08-01,8,174.4,8.2,4,5,88.0,30.0,1,1.29
P-000749,2025-09-01,9,170.4,0.0,2,5,102.9,18.8,1,1.31
P-000749,2025-10-01,10,170.7,14.8,3,4,91.9,26.6,2,1.68
P-000749,2025-11-01,11,173.6,9.1,0,4,92.0,16.3,1,1.15
P-000749,2025-12-01,12,177.4,6.4,2,5,91.9,22.9,2,1.13
P-000750,2025-01-01,1,185.4,0.0,2,5,100.3,26.1,2,1.32
P-000750,2025-02-01,2,171.0,12.6,1,4,94.7,23.1,2,1.47
P-000750,2025-03-01,3,168.3,6.8,4,4,98.7,14.0,1,1.52
P-000750,2025-04-01,4,222.1,38.4,9,8,59.6,78.9,3,3.44
P-000750,2025-05-01,5,179.8,2.9,3,3,95.5,19.6,2,1.67
P-000750,2025-06-01,6,181.8,0.0,1,3,101.4,13.5,3,1.05
P-000750,2025-07-01,7,175.9,6.1,5,3,87.9,29.7,1,1.57
P-000750,2025-08-01,8,172.1,0.7,0,4,96.1,5.8,1,1.27
P-000750,2025-09-01,9,173.1,2.3,0,5,97.3,16.3,1,1.34
P-000750,2025-10-01,10,190.9,4.2,2,7,95.5,25.0,2,1.34
P-000750,2025-11-01,11,172.3,10.3,3,4,96.9,22.1,2,1.56
P-000750,2025-12-01,12,180.1,2.0,5,5,89.5,24.3,2,1.68
P-000751,2025-01-01,1,171.7,0.0,1,4,94.6,13.1,2,1.64
P-000751,2025-02-01,2,185.2,1.8,0,5,90.8,15.5,2,1.11
P-000751,2025-03-01,3,171.0,3.1,4,4,96.4,19.5,3,1.28
P-000751,2025-04-01,4,182.4,0.8,0,4,92.8,18.0,2,1.42
P-000751,2025-05-01,5,208.8,22.9,2,9,71.6,48.2,2,3.63
P-000751,2025-06-01,6,171.7,0.0,3,6,95.7,17.6,1,1.13
P-000751,2025-07-01,7,187.5,7.9,0,6,92.0,28.2,1,1.27
P-000751,2025-08-01,8,180.4,0.6,1,4,99.0,19.5,3,1.53
P-000751,2025-09-01,9,173.9,4.7,0,3,94.0,16.5,2,1.72
P-000751,2025-10-01,10,173.5,1.5,3,4,97.8,19.1,1,1.5
P-000751,2025-11-01,11,176.5,7.1,0,4,89.3,9.7,2,1.19
P-000751,2025-12-01,12,166.3,4.5,1,4,88.0,9.3,1,1.0
P-000752,2025-01-01,1,163.4,2.4,2,4,88.0,17.7,3,1.64
P-000752,2025-02-01,2,175.5,0.0,2,3,97.7,8.4,3,1.34
P-000752,2025-03-01,3,172.7,1.6,0,3,97.5,6.9,4,1.54
P-000752,2025-04-01,4,229.3,35.7,9,8,59.8,81.2,4,4.59
P-000752,2025-05-01,5,233.1,42.7,4,10,51.7,75.9,3,3.4
P-000752,2025-06-01,6,241.5,46.2,5,13,47.9,84.3,5,4.2
P-000752,2025-07-01,7,244.9,41.4,6,6,55.1,81.8,5,4.49
P-000752,2025-08-01,8,232.7,45.9,7,8,53.7,89.4,4,4.2
P-000752,2025-09-01,9,176.8,5.2,2,7,95.2,23.8,5,1.81
P-000752,2025-10-01,10,168.7,0.0,2,5,88.3,17.0,3,1.79
P-000752,2025-11-01,11,189.2,0.2,5,3,94.7,26.4,4,1.82
P-000752,2025-12-01,12,169.2,5.3,1,3,91.6,11.2,4,1.35
P-000753,2025-01-01,1,176.2,9.4,2,5,88.4,22.7,3,1.02
P-000753,2025-02-01,2,168.5,6.3,1,4,97.8,17.5,2,1.28
P-000753,2025-03-01,3,185.2,4.1,2,4,88.6,23.8,2,1.33
P-000753,2025-04-01,4,183.4,0.8,1,3,96.6,22.3,2,1.98
P-000753,2025-05-01,5,224.2,40.9,1,11,54.1,65.6,1,3.13
P-000753,2025-06-01,6,173.8,12.5,1,5,87.0,15.9,2,1.27
P-000753,2025-07-01,7,160.1,3.9,0,4,91.9,11.3,2,1.43
P-000753,2025-08-01,8,185.3,0.0,2,5,97.7,18.0,1,1.62
P-000753,2025-09-01,9,183.4,7.7,5,5,92.7,33.2,2,1.1
P-000753,2025-10-01,10,185.1,10.3,1,6,87.6,19.8,1,1.53
P-000753,2025-11-01,11,180.0,4.8,3,4,90.2,25.5,1,1.26
P-000753,2025-12-01,12,179.2,4.4,1,5,96.2,15.6,1,1.01
P-000754,2025-01-01,1,170.0,0.0,1,5,94.3,17.0,4,1.55
P-000754,2025-02-01,2,178.9,3.5,2,4,96.2,19.9,4,1.21
P-000754,2025-03-01,3,173.8,9.6,1,6,89.6,21.3,4,1.24
P-000754,2025-04-01,4,259.0,43.2,6,10,60.3,84.5,5,4.39
P-000754,2025-05-01,5,238.5,34.5,3,8,54.4,65.1,4,4.27
P-000754,2025-06-01,6,239.4,52.1,10,12,53.1,97.0,4,4.73
P-000754,2025-07-01,7,239.5,37.6,8,12,62.4,77.9,5,4.31
P-000754,2025-08-01,8,234.0,45.2,5,10,67.7,79.5,5,4.46
P-000754,2025-09-01,9,248.6,48.1,4,10,49.7,87.2,5,4.36
P-000754,2025-10-01,10,234.5,39.6,5,13,62.0,80.5,4,4.21
P-000754,2025-11-01,11,252.5,35.5,5,9,63.8,78.0,4,3.73
P-000754,2025-12-01,12,171.1,7.1,1,3,91.9,15.8,5,1.81
P-000755,2025-01-01,1,175.8,16.0,1,5,93.5,21.4,5,1.12
P-000755,2025-02-01,2,177.1,2.5,3,6,97.8,25.7,5,1.41
P-000755,2025-03-01,3,177.5,7.3,4,6,91.0,26.2,5,1.69
P-000755,2025-04-01,4,235.8,48.2,7,10,64.2,85.3,4,4.48
P-000755,2025-05-01,5,238.0,41.2,7,11,66.8,88.5,4,4.06
P-000755,2025-06-01,6,243.4,37.8,8,12,64.9,86.5,4,4.96
P-000755,2025-07-01,7,236.6,32.0,7,9,65.5,71.7,3,3.46
P-000755,2025-08-01,8,228.6,30.0,7,14,56.2,74.7,3,3.75
P-000755,2025-09-01,9,173.4,8.0,3,4,91.9,24.6,5,1.52
P-000755,2025-10-01,10,169.7,8.3,1,3,99.1,11.0,3,1.66
P-000755,2025-11-01,11,186.6,2.5,2,5,91.5,21.8,4,1.81
P-000755,2025-12-01,12,177.4,6.8,3,4,96.6,24.3,4,1.68
P-000756,2025-01-01,1,181.6,7.5,4,4,90.8,28.3,5,1.12
P-000756,2025-02-01,2,171.6,5.1,2,5,96.5,21.2,4,1.96
P-000756,2025-03-01,3,245.7,36.0,5,9,62.0,78.6,4,3.71
P-000756,2025-04-01,4,239.6,54.3,6,10,65.1,91.4,4,4.82
P-000756,2025-05-01,5,236.1,41.6,4,9,61.0,75.0,3,3.74
P-000756,2025-06-01,6,232.7,37.9,3,7,67.9,64.8,3,3.17
P-000756,2025-07-01,7,253.4,56.3,5,13,50.3,96.5,5,4.26
P-000756,2025-08-01,8,234.2,34.2,6,8,64.3,75.0,4,4.3
P-000756,2025-09-01,9,244.7,30.8,7,14,57.0,84.4,5,4.4
P-000756,2025-10-01,10,171.9,4.7,4,4,98.7,27.5,4,2.28
P-000756,2025-11-01,11,170.0,6.8,0,3,94.3,12.3,5,1.6
P-000756,2025-12-01,12,179.8,10.9,0,5,85.6,26.2,4,1.7
P-000757,2025-01-01,1,175.8,5.9,1,4,91.7,16.8,2,1.0
P-000757,2025-02-01,2,171.6,8.3,2,4,91.7,17.2,1,1.39
P-000757,2025-03-01,3,177.2,5.7,3,5,89.5,25.5,1,1.01
P-000757,2025-04-01,4,180.8,2.7,5,6,96.8,20.2,2,1.0
P-000757,2025-05-01,5,213.2,35.4,5,5,42.2,67.1,1,3.16
P-000757,2025-06-01,6,185.3,7.8,2,4,103.6,24.8,2,1.92
P-000757,2025-07-01,7,163.4,3.4,5,4,88.8,22.2,2,1.29
P-000757,2025-08-01,8,174.4,9.7,2,4,93.3,21.2,2,1.07
P-000757,2025-09-01,9,176.7,4.0,2,5,95.1,25.0,1,1.85
P-000757,2025-10-01,10,178.3,7.1,2,5,89.5,20.9,1,1.43
P-000757,2025-11-01,11,184.0,3.0,3,7,94.5,19.2,1,1.15
P-000757,2025-12-01,12,172.2,2.8,4,6,92.9,20.6,1,1.16
P-000758,2025-01-01,1,178.3,7.5,3,6,93.6,25.5,2,1.5
P-000758,2025-02-01,2,180.0,12.2,1,3,88.5,16.1,1,1.14
P-000758,2025-03-01,3,164.5,1.9,3,6,98.9,21.6,1,1.33
P-000758,2025-04-01,4,172.7,15.9,2,5,88.1,27.6,2,1.08
P-000758,2025-05-01,5,210.7,29.2,2,8,56.2,57.7,1,3.16
P-000758,2025-06-01,6,173.2,4.2,4,3,91.4,22.2,1,1.0
P-000758,2025-07-01,7,170.2,7.3,5,3,90.1,18.2,1,1.07
P-000758,2025-08-01,8,173.1,9.3,3,4,88.7,23.9,2,1.41
P-000758,2025-09-01,9,167.1,7.9,2,3,89.4,20.4,2,1.49
P-000758,2025-10-01,10,163.9,0.0,0,3,92.1,8.6,2,1.05
P-000758,2025-11-01,11,180.4,2.8,3,6,93.1,21.3,1,1.43
P-000758,2025-12-01,12,179.2,0.0,4,3,94.9,22.0,1,1.59
P-000759,2025-01-01,1,181.5,8.9,2,4,98.5,20.9,2,1.55
P-000759,2025-02-01,2,170.3,5.0,4,5,95.1,21.5,3,1.34
P-000759,2025-03-01,3,178.9,9.6,0,4,93.2,17.9,2,1.23
P-000759,2025-04-01,4,227.1,39.4,3,9,56.0,72.5,2,3.48
P-000759,2025-05-01,5,215.9,42.9,2,8,55.8,59.9,1,2.98
P-000759,2025-06-01,6,183.6,7.7,4,6,101.6,19.8,3,1.87
P-000759,2025-07-01,7,172.2,5.7,1,5,94.8,15.1,2,1.0
P-000759,2025-08-01,8,176.8,6.4,5,6,94.5,27.7,2,1.0
P-000759,2025-09-01,9,176.4,7.1,1,6,88.1,15.9,2,1.42
P-000759,2025-10-01,10,172.6,11.0,4,3,89.3,27.3,2,1.56
P-000759,2025-11-01,11,174.5,3.0,4,6,98.4,16.6,3,1.4
P-000759,2025-12-01,12,174.4,0.0,3,4,91.0,16.4,1,1.8
P-000760,2025-01-01,1,166.4,0.9,1,3,94.9,10.7,2,1.41
P-000760,2025-02-01,2,174.7,5.7,2,3,82.8,18.8,2,1.38
P-000760,2025-03-01,3,165.0,1.0,1,3,99.7,9.5,2,1.82
P-000760,2025-04-01,4,171.6,5.2,2,5,102.6,14.5,2,1.66
P-000760,2025-05-01,5,181.9,1.9,2,4,96.1,23.8,2,1.94
P-000760,2025-06-01,6,228.3,24.6,5,12,68.4,69.7,4,4.42
P-000760,2025-07-01,7,238.3,50.1,10,8,50.2,93.7,4,4.44
P-000760,2025-08-01,8,176.4,7.6,2,4,93.0,20.0,2,1.83
P-000760,2025-09-01,9,170.3,10.2,1,6,88.8,21.7,2,1.26
P-000760,2025-10-01,10,168.1,12.0,3,5,90.5,22.5,2,1.4
P-000760,2025-11-01,11,177.1,12.7,1,5,93.3,22.7,2,1.29
P-000760,2025-12-01,12,180.0,6.0,4,4,91.8,24.2,2,1.09
P-000761,2025-01-01,1,185.0,6.8,3,4,84.8,28.1,1,1.04
P-000761,2025-02-01,2,237.0,33.2,7,11,64.7,77.0,4,3.78
P-000761,2025-03-01,3,230.8,31.7,6,11,65.5,80.2,4,4.2
P-000761,2025-04-01,4,245.4,28.0,9,13,61.0,83.0,4,3.68
P-000761,2025-05-01,5,248.5,44.8,9,8,68.6,87.9,4,4.66
P-000761,2025-06-01,6,166.5,5.2,1,4,92.3,17.8,1,1.45
P-000761,2025-07-01,7,190.1,2.4,2,4,94.4,24.0,1,1.59
P-000761,2025-08-01,8,183.2,11.3,2,6,94.7,23.1,1,1.69
P-000761,2025-09-01,9,174.1,7.7,0,3,95.8,14.1,1,1.57
P-000761,2025-10-01,10,174.8,9.9,1,5,89.6,24.4,1,1.61
P-000761,2025-11-01,11,176.7,9.7,2,6,94.8,22.1,1,1.25
P-000761,2025-12-01,12,172.1,8.0,1,5,96.6,13.7,1,1.66
P-000762,2025-01-01,1,179.4,7.7,1,4,87.3,20.0,5,1.46
P-000762,2025-02-01,2,177.6,6.1,2,6,92.2,16.1,4,1.12
P-000762,2025-03-01,3,186.4,1.7,4,4,89.7,23.3,5,1.2
P-000762,2025-04-01,4,236.7,41.8,8,7,61.1,78.1,4,4.46
P-000762,2025-05-01,5,242.7,41.3,6,8,53.0,84.0,5,4.97
P-000762,2025-06-01,6,246.1,34.9,9,12,64.8,82.6,5,4.57
P-000762,2025-07-01,7,243.0,43.3,7,12,64.5,86.5,4,4.33
P-000762,2025-08-01,8,240.6,41.6,4,8,69.1,70.1,4,4.3
P-000762,2025-09-01,9,240.8,39.3,7,12,57.2,79.3,4,3.13
P-000762,2025-10-01,10,250.0,36.6,6,13,60.2,85.7,5,4.07
P-000762,2025-11-01,11,235.3,31.7,6,11,63.8,72.9,4,3.84
P-000762,2025-12-01,12,179.7,16.8,2,4,82.0,26.7,5,1.19
P-000763,2025-01-01,1,186.2,10.7,2,4,98.4,25.4,1,1.93
P-000763,2025-02-01,2,174.8,4.9,4,4,92.7,20.0,2,1.6
P-000763,2025-03-01,3,167.9,0.8,2,3,92.6,12.6,2,1.55
P-000763,2025-04-01,4,187.2,9.1,2,3,95.8,26.9,2,1.4
P-000763,2025-05-01,5,172.3,10.7,3,3,88.2,26.0,1,1.51
P-000763,2025-06-01,6,170.9,1.2,0,5,92.4,9.5,3,1.27
P-000763,2025-07-01,7,166.9,4.8,5,4,95.6,19.8,2,1.6
P-000763,2025-08-01,8,188.0,1.1,0,4,96.6,14.2,1,1.19
P-000763,2025-09-01,9,169.1,10.2,3,4,90.2,26.7,1,1.49
P-000763,2025-10-01,10,180.4,3.2,2,4,96.1,23.0,2,1.08
P-000763,2025-11-01,11,172.9,10.7,0,3,89.4,19.0,2,1.62
P-000763,2025-12-01,12,169.1,8.5,1,6,91.3,18.6,1,1.0
P-000764,2025-01-01,1,172.6,4.5,3,4,90.5,19.7,2,1.87
P-000764,2025-02-01,2,165.9,6.9,4,5,89.1,19.2,1,1.38
P-000764,2025-03-01,3,181.3,3.3,1,6,88.3,21.0,1,2.0
P-000764,2025-04-01,4,180.5,3.8,1,5,85.3,21.0,1,1.37
P-000764,2025-05-01,5,177.1,10.7,2,6,95.0,23.2,2,1.21
P-000764,2025-06-01,6,173.3,10.8,1,4,90.9,23.1,2,1.73
P-000764,2025-07-01,7,180.5,6.0,0,4,92.5,15.2,1,1.27
P-000764,2025-08-01,8,166.7,7.3,1,6,91.5,17.8,2,1.72
P-000764,2025-09-01,9,176.1,3.1,2,3,86.8,25.3,3,1.55
P-000764,2025-10-01,10,179.3,5.0,3,7,88.0,20.3,3,1.5
P-000764,2025-11-01,11,177.2,0.0,2,4,100.8,19.9,1,1.29
P-000764,2025-12-01,12,182.0,6.0,2,4,99.1,20.9,2,1.8
P-000765,2025-01-01,1,180.2,6.5,2,4,91.4,19.7,2,1.0
P-000765,2025-02-01,2,175.8,8.1,4,3,90.4,23.4,2,1.16
P-000765,2025-03-01,3,172.6,10.4,0,4,99.8,10.7,2,2.05
P-000765,2025-04-01,4,240.1,45.4,3,8,52.0,83.1,3,4.51
P-000765,2025-05-01,5,177.8,2.6,4,4,95.3,19.8,3,1.15
P-000765,2025-06-01,6,176.4,11.9,3,3,89.2,29.9,2,1.37
P-000765,2025-07-01,7,183.1,8.5,0,4,97.5,21.1,1,1.41
P-000765,2025-08-01,8,179.1,0.7,5,4,88.6,32.7,2,1.21
P-000765,2025-09-01,9,169.9,6.8,2,5,91.8,17.1,2,1.35
P-000765,2025-10-01,10,171.2,2.5,3,5,93.4,15.5,2,1.0
P-000765,2025-11-01,11,175.5,8.8,1,5,88.8,26.9,2,1.52
P-000765,2025-12-01,12,174.4,1.0,2,4,90.0,20.3,1,1.11
P-000766,2025-01-01,1,170.3,6.0,1,5,89.6,20.7,2,1.69
P-000766,2025-02-01,2,168.2,1.9,3,4,93.6,14.5,1,1.59
P-000766,2025-03-01,3,176.3,0.6,2,4,93.7,16.1,3,1.45
P-000766,2025-04-01,4,220.1,31.1,4,11,62.6,64.9,2,3.37
P-000766,2025-05-01,5,222.7,19.7,1,5,68.9,51.3,1,2.72
P-000766,2025-06-01,6,180.7,8.1,1,4,91.6,23.5,2,1.85
P-000766,2025-07-01,7,182.2,4.2,0,4,95.6,21.2,2,1.39
P-000766,2025-08-01,8,181.6,11.0,1,4,93.2,25.0,1,1.81
P-000766,2025-09-01,9,175.8,8.3,4,4,93.6,22.7,2,1.83
P-000766,2025-10-01,10,166.7,5.7,5,5,87.5,28.7,1,1.85
P-000766,2025-11-01,11,174.1,9.0,1,5,96.7,19.9,2,1.72
P-000766,2025-12-01,12,175.2,5.4,0,5,96.0,14.5,1,1.64
P-000767,2025-01-01,1,171.3,9.1,2,5,86.8,23.1,2,1.02
P-000767,2025-02-01,2,179.5,10.3,0,5,92.1,22.4,2,1.86
P-000767,2025-03-01,3,164.6,2.3,1,4,92.9,11.6,1,1.29
P-000767,2025-04-01,4,211.8,22.9,2,7,59.9,44.9,1,3.35
P-000767,2025-05-01,5,207.1,23.8,1,11,77.4,48.5,1,3.2
P-000767,2025-06-01,6,172.2,9.9,4,6,92.0,26.3,1,1.48
P-000767,2025-07-01,7,180.5,10.6,2,3,92.0,15.4,1,1.29
P-000767,2025-08-01,8,160.3,3.7,0,5,96.0,14.0,1,1.42
P-000767,2025-09-01,9,174.1,4.9,0,6,93.9,20.9,2,1.97
P-000767,2025-10-01,10,169.3,12.7,3,4,96.2,17.8,1,1.88
P-000767,2025-11-01,11,176.1,8.5,3,3,99.9,21.4,2,1.93
P-000767,2025-12-01,12,171.5,10.4,1,6,90.3,19.0,1,1.33
P-000768,2025-01-01,1,175.1,2.7,2,4,94.2,24.7,1,1.74
P-000768,2025-02-01,2,236.3,35.6,7,8,65.2,74.7,4,3.79
P-000768,2025-03-01,3,247.3,37.1,9,14,50.6,92.4,4,3.91
P-000768,2025-04-01,4,234.2,29.9,6,11,61.7,74.7,4,3.88
P-000768,2025-05-01,5,243.3,46.2,7,11,53.0,82.2,4,3.78
P-000768,2025-06-01,6,175.9,3.5,1,5,91.9,16.5,1,1.05
P-000768,2025-07-01,7,168.6,1.1,1,6,96.6,15.3,1,1.15
P-000768,2025-08-01,8,182.6,6.3,2,4,93.2,29.9,1,1.74
P-000768,2025-09-01,9,175.8,9.5,1,5,93.9,20.7,1,1.6
P-000768,2025-10-01,10,177.3,10.2,4,4,92.2,26.5,1,1.55
P-000768,2025-11-01,11,169.5,6.4,1,4,94.9,16.9,1,1.4
P-000768,2025-12-01,12,181.7,1.2,4,4,93.5,23.8,1,1.0
P-000769,2025-01-01,1,172.7,5.0,0,6,94.2,15.6,5,1.19
P-000769,2025-02-01,2,174.3,11.3,0,5,91.5,21.6,3,1.51
P-000769,2025-03-01,3,246.6,45.2,9,10,58.3,93.5,5,5.0
P-000769,2025-04-01,4,239.4,44.2,5,14,48.6,85.4,5,4.85
P-000769,2025-05-01,5,225.9,38.7,7,8,53.9,78.0,4,4.34
P-000769,2025-06-01,6,221.6,41.9,4,9,55.9,66.2,3,3.3
P-000769,2025-07-01,7,251.8,40.3,12,14,59.3,98.0,5,3.84
P-000769,2025-08-01,8,243.8,34.2,10,14,62.7,81.1,4,2.74
P-000769,2025-09-01,9,225.7,30.0,8,8,66.2,72.9,3,3.91
P-000769,2025-10-01,10,165.3,1.2,5,4,96.5,20.3,4,1.25
P-000769,2025-11-01,11,180.3,9.2,2,5,87.0,25.6,5,1.16
P-000769,2025-12-01,12,173.9,2.4,3,5,89.1,19.6,4,1.72
P-000770,2025-01-01,1,185.7,3.1,5,5,89.1,33.8,4,1.62
P-000770,2025-02-01,2,169.8,5.0,3,4,99.0,18.8,4,1.12
P-000770,2025-03-01,3,175.6,15.1,3,5,94.2,28.6,5,1.48
P-000770,2025-04-01,4,240.8,36.0,5,12,54.9,82.1,4,4.34
P-000770,2025-05-01,5,241.5,35.1,8,10,64.7,86.5,4,4.88
P-000770,2025-06-01,6,242.9,41.1,8,13,60.2,89.9,5,4.8
P-000770,2025-07-01,7,241.6,37.7,7,13,53.4,84.6,5,3.54
P-000770,2025-08-01,8,235.1,42.2,8,11,59.9,88.2,5,4.84
P-000770,2025-09-01,9,238.6,46.4,7,11,56.2,87.3,4,4.12
P-000770,2025-10-01,10,247.7,54.8,7,11,44.4,98.0,5,4.58
P-000770,2025-11-01,11,238.7,47.8,8,10,44.3,88.0,4,4.26
P-000770,2025-12-01,12,181.9,4.9,0,6,96.7,23.1,5,1.57
P-000771,2025-01-01,1,170.9,6.6,1,5,92.1,17.2,2,1.61
P-000771,2025-02-01,2,180.0,11.5,2,4,88.2,27.4,2,1.56
P-000771,2025-03-01,3,182.7,9.9,1,4,86.6,25.7,2,1.52
P-000771,2025-04-01,4,208.8,35.2,4,9,57.8,64.8,1,3.01
P-000771,2025-05-01,5,172.0,9.5,2,5,87.0,20.0,2,1.48
P-000771,2025-06-01,6,179.7,10.5,1,4,95.9,21.8,3,1.45
P-000771,2025-07-01,7,175.5,9.6,0,5,91.2,19.4,1,1.61
P-000771,2025-08-01,8,185.5,9.7,2,6,90.3,24.7,2,1.1
P-000771,2025-09-01,9,182.2,2.6,4,5,92.5,21.2,1,1.1
P-000771,2025-10-01,10,169.9,5.2,3,3,96.8,13.9,3,1.44
P-000771,2025-11-01,11,173.9,2.9,2,4,97.1,24.0,1,1.74
P-000771,2025-12-01,12,183.6,10.6,4,5,95.0,30.1,3,1.69
P-000772,2025-01-01,1,182.1,0.0,0,5,95.9,17.5,2,1.17
P-000772,2025-02-01,2,165.3,7.6,3,4,90.9,22.2,2,1.36
P-000772,2025-03-01,3,174.8,4.9,2,5,89.9,18.1,2,1.0
P-000772,2025-04-01,4,173.9,3.6,3,4,93.4,20.6,2,1.0
P-000772,2025-05-01,5,224.7,29.4,2,7,67.6,64.6,2,2.94
P-000772,2025-06-01,6,169.3,8.1,2,7,95.0,23.9,2,1.66
P-000772,2025-07-01,7,164.6,9.4,1,4,89.3,11.7,2,1.0
P-000772,2025-08-01,8,176.8,2.7,2,4,94.4,22.8,2,1.44
P-000772,2025-09-01,9,171.4,1.7,0,5,95.6,16.2,3,1.49
P-000772,2025-10-01,10,185.7,6.1,1,4,96.8,19.1,2,1.84
P-000772,2025-11-01,11,173.1,4.5,2,5,96.0,19.1,1,1.1
P-000772,2025-12-01,12,179.3,12.1,4,4,89.1,28.5,3,1.32
P-000773,2025-01-01,1,183.8,6.0,1,4,90.2,17.1,1,1.0
P-000773,2025-02-01,2,183.8,13.7,1,3,81.8,25.7,2,1.35
P-000773,2025-03-01,3,179.7,8.5,4,5,93.4,17.9,2,1.06
P-000773,2025-04-01,4,170.8,13.4,2,5,88.0,21.5,1,1.48
P-000773,2025-05-01,5,180.7,6.8,2,6,104.1,23.3,2,1.3
P-000773,2025-06-01,6,167.7,5.1,0,5,89.0,19.8,1,1.43
P-000773,2025-07-01,7,181.1,5.5,1,4,93.9,21.9,2,1.41
P-000773,2025-08-01,8,176.7,7.7,3,6,98.6,18.5,2,1.0
P-000773,2025-09-01,9,180.5,11.8,3,3,91.5,26.3,2,1.9
P-000773,2025-10-01,10,178.4,5.3,1,7,94.9,18.4,3,1.35
P-000773,2025-11-01,11,174.2,2.5,3,5,100.3,13.0,1,1.0
P-000773,2025-12-01,12,175.5,4.2,3,5,89.4,19.2,1,1.55
P-000774,2025-01-01,1,175.1,1.9,1,5,95.8,11.7,1,1.0
P-000774,2025-02-01,2,175.5,8.8,5,3,89.4,25.2,1,1.51
P-000774,2025-03-01,3,168.6,4.7,1,6,99.1,17.7,1,1.43
P-000774,2025-04-01,4,230.8,32.6,3,8,72.6,57.9,2,2.33
P-000774,2025-05-01,5,219.1,25.3,8,12,66.6,72.9,2,3.74
P-000774,2025-06-01,6,177.2,7.9,4,3,96.1,30.5,2,1.37
P-000774,2025-07-01,7,180.4,3.6,4,5,92.4,23.9,1,1.0
P-000774,2025-08-01,8,182.7,16.2,5,4,90.0,31.5,1,1.75
P-000774,2025-09-01,9,174.6,7.0,0,3,90.5,16.7,1,1.41
P-000774,2025-10-01,10,175.3,1.3,2,5,93.6,18.5,3,1.6
P-000774,2025-11-01,11,172.7,6.2,3,5,99.4,21.1,1,2.21
P-000774,2025-12-01,12,176.0,0.0,2,5,95.1,17.8,2,1.93
P-000775,2025-01-01,1,173.4,5.6,1,5,90.3,16.5,2,1.57
P-000775,2025-02-01,2,173.9,0.0,2,4,93.2,12.8,1,1.75
P-000775,2025-03-01,3,182.1,0.0,3,3,89.6,19.7,1,1.55
P-000775,2025-04-01,4,182.8,9.0,1,5,98.4,20.5,2,1.7
P-000775,2025-05-01,5,166.2,1.7,2,6,89.6,20.8,2,1.27
P-000775,2025-06-01,6,186.1,10.3,1,4,91.6,22.9,1,1.54
P-000775,2025-07-01,7,182.7,5.5,0,5,86.4,26.2,2,1.53
P-000775,2025-08-01,8,186.0,0.0,0,4,89.7,19.7,2,1.39
P-000775,2025-09-01,9,176.5,12.7,4,5,96.3,25.4,2,1.56
P-000775,2025-10-01,10,175.8,6.3,3,5,98.1,21.9,1,1.72
P-000775,2025-11-01,11,181.2,5.4,2,5,87.6,20.8,1,1.51
P-000775,2025-12-01,12,181.2,0.0,2,5,94.6,16.3,2,1.74
P-000776,2025-01-01,1,169.3,3.2,1,3,92.1,11.1,2,1.09
P-000776,2025-02-01,2,176.8,13.3,3,5,88.9,28.6,2,1.13
P-000776,2025-03-01,3,182.8,10.3,3,5,95.6,23.9,1,1.61
P-000776,2025-04-01,4,223.3,28.0,3,10,58.6,57.9,1,3.16
P-000776,2025-05-01,5,175.2,0.0,1,6,94.5,14.1,3,1.63
P-000776,2025-06-01,6,177.7,8.1,3,5,93.8,23.4,2,1.48
P-000776,2025-07-01,7,181.8,1.1,4,5,94.8,26.6,2,1.68
P-000776,2025-08-01,8,156.7,1.2,3,3,96.4,9.6,1,1.56
P-000776,2025-09-01,9,180.9,2.5,1,3,91.6,17.4,3,1.72
P-000776,2025-10-01,10,183.1,11.8,3,5,95.4,27.6,1,1.55
P-000776,2025-11-01,11,178.9,0.5,3,3,98.5,15.7,3,1.62
P-000776,2025-12-01,12,180.6,0.0,3,4,93.6,18.8,3,1.42
P-000777,2025-01-01,1,159.7,3.1,2,5,93.4,16.6,5,1.23
P-000777,2025-02-01,2,171.4,7.0,2,5,90.7,20.3,4,1.0
P-000777,2025-03-01,3,239.0,36.8,2,12,59.4,71.9,5,3.83
P-000777,2025-04-01,4,231.0,57.2,5,11,58.0,84.4,4,4.61
P-000777,2025-05-01,5,234.4,37.0,9,10,64.1,84.3,4,4.46
P-000777,2025-06-01,6,230.7,38.9,10,12,65.3,81.1,4,3.62
P-000777,2025-07-01,7,236.4,50.9,6,12,53.2,86.8,4,4.28
P-000777,2025-08-01,8,234.0,37.7,6,11,52.8,73.7,3,3.45
P-000777,2025-09-01,9,245.2,39.8,6,11,64.4,83.4,4,4.23
P-000777,2025-10-01,10,171.0,5.1,1,5,91.8,13.9,4,1.58
P-000777,2025-11-01,11,170.4,6.7,3,3,91.3,17.8,4,1.45
P-000777,2025-12-01,12,166.3,10.0,1,3,93.5,15.0,5,1.66
P-000778,2025-01-01,1,177.3,2.3,3,5,99.6,18.1,2,1.29
P-000778,2025-02-01,2,180.8,10.3,3,6,97.2,31.1,2,1.98
P-000778,2025-03-01,3,173.8,5.2,1,3,97.1,16.8,2,1.28
P-000778,2025-04-01,4,224.2,31.1,3,8,48.1,68.6,2,3.3
P-000778,2025-05-01,5,222.4,26.6,2,9,74.5,57.2,1,2.46
P-000778,2025-06-01,6,181.1,9.7,0,3,100.8,16.1,2,1.54
P-000778,2025-07-01,7,167.3,9.3,1,5,96.7,18.0,2,1.6
P-000778,2025-08-01,8,174.4,5.5,1,3,92.9,20.6,3,1.43
P-000778,2025-09-01,9,179.1,2.0,0,5,95.6,22.1,3,1.97
P-000778,2025-10-01,10,180.2,11.1,0,6,87.6,23.8,1,1.73
P-000778,2025-11-01,11,179.8,0.0,3,4,98.3,21.3,1,1.51
P-000778,2025-12-01,12,176.8,5.1,2,4,97.1,16.4,2,1.0
P-000779,2025-01-01,1,174.4,5.4,3,4,91.7,20.6,5,1.0
P-000779,2025-02-01,2,173.8,8.4,3,3,93.3,24.0,5,1.35
P-000779,2025-03-01,3,180.3,8.5,0,5,90.4,19.0,4,1.28
P-000779,2025-04-01,4,243.1,39.5,3,10,61.1,73.5,4,4.37
P-000779,2025-05-01,5,230.1,45.1,5,9,50.9,73.8,4,3.79
P-000779,2025-06-01,6,230.8,37.8,8,11,62.0,74.4,4,4.05
P-000779,2025-07-01,7,240.8,45.0,3,13,59.2,87.3,5,4.98
P-000779,2025-08-01,8,248.9,31.6,7,9,68.0,83.2,5,4.7
P-000779,2025-09-01,9,247.9,55.5,13,14,53.5,98.0,5,4.76
P-000779,2025-10-01,10,249.2,35.0,9,13,65.3,87.1,5,4.8
P-000779,2025-11-01,11,243.0,40.3,11,8,62.7,86.2,4,4.13
P-000779,2025-12-01,12,184.6,5.7,3,3,95.4,30.1,4,1.54
P-000780,2025-01-01,1,175.1,8.7,0,3,96.0,12.9,1,1.94
P-000780,2025-02-01,2,177.3,8.1,1,4,88.5,16.6,3,1.66
P-000780,2025-03-01,3,186.8,9.7,0,7,88.9,25.0,2,1.49
P-000780,2025-04-01,4,224.9,34.4,2,5,63.2,58.9,2,3.43
P-000780,2025-05-01,5,177.5,1.0,4,5,92.3,24.1,2,1.66
P-000780,2025-06-01,6,167.8,6.6,2,4,85.6,13.7,1,1.07
P-000780,2025-07-01,7,178.5,7.7,2,5,91.3,28.4,1,2.07
P-000780,2025-08-01,8,175.2,5.8,3,6,91.2,20.5,2,1.0
P-000780,2025-09-01,9,175.7,2.9,1,6,88.1,16.5,1,1.22
P-000780,2025-10-01,10,177.5,7.1,0,3,93.0,19.5,1,1.29
P-000780,2025-11-01,11,169.2,1.7,2,6,94.8,12.0,2,1.4
P-000780,2025-12-01,12,176.9,7.6,1,3,93.1,14.4,2,1.62
P-000781,2025-01-01,1,177.1,14.7,2,4,88.1,23.6,4,1.47
P-000781,2025-02-01,2,175.0,5.6,0,6,92.0,19.4,4,1.43
P-000781,2025-03-01,3,170.7,11.7,0,6,91.3,22.3,3,1.23
P-000781,2025-04-01,4,235.6,39.6,6,10,58.2,80.9,4,4.05
P-000781,2025-05-01,5,240.5,28.5,3,9,60.8,68.9,3,3.5
P-000781,2025-06-01,6,223.4,36.6,3,11,55.8,64.7,3,3.32
P-000781,2025-07-01,7,226.0,31.6,5,12,59.6,71.0,3,4.06
P-000781,2025-08-01,8,231.3,43.2,6,8,63.7,77.0,4,4.62
P-000781,2025-09-01,9,179.0,14.4,3,5,85.3,23.1,5,1.33
P-000781,2025-10-01,10,175.0,8.6,3,4,91.5,21.4,4,1.31
P-000781,2025-11-01,11,174.2,5.2,2,5,90.9,22.1,4,1.15
P-000781,2025-12-01,12,174.7,0.0,0,5,97.5,11.1,4,1.27
P-000782,2025-01-01,1,179.1,9.3,2,5,98.4,20.4,1,1.46
P-000782,2025-02-01,2,250.6,41.5,5,12,54.9,89.0,4,3.87
P-000782,2025-03-01,3,232.5,43.2,7,11,55.0,87.3,4,3.66
P-000782,2025-04-01,4,235.7,34.5,7,9,58.9,79.1,4,4.02
P-000782,2025-05-01,5,244.6,28.2,2,13,69.8,70.0,4,4.42
P-000782,2025-06-01,6,168.7,2.3,1,4,96.1,11.5,1,1.29
P-000782,2025-07-01,7,179.7,7.0,1,5,81.9,21.6,1,1.35
P-000782,2025-08-01,8,181.4,0.3,1,5,95.8,17.8,1,1.15
P-000782,2025-09-01,9,181.9,8.9,1,5,91.1,22.6,1,1.61
P-000782,2025-10-01,10,175.7,4.4,3,3,90.4,23.3,1,1.45
P-000782,2025-11-01,11,169.3,11.2,2,5,94.0,22.5,1,2.06
P-000782,2025-12-01,12,176.2,8.8,1,5,93.0,18.7,1,1.61
P-000783,2025-01-01,1,172.7,3.8,3,5,99.4,19.3,1,1.22
P-000783,2025-02-01,2,248.2,45.3,5,10,59.7,84.5,4,3.7
P-000783,2025-03-01,3,236.6,42.3,8,13,51.5,85.1,4,3.98
P-000783,2025-04-01,4,244.7,37.2,7,10,56.0,83.6,4,3.83
P-000783,2025-05-01,5,239.0,34.9,4,11,58.2,74.8,4,3.61
P-000783,2025-06-01,6,180.0,3.0,4,5,93.1,27.3,1,1.53
P-000783,2025-07-01,7,174.0,8.1,2,4,84.7,18.0,1,1.1
P-000783,2025-08-01,8,179.2,4.4,1,3,93.0,12.7,1,1.05
P-000783,2025-09-01,9,174.3,4.9,0,3,98.2,17.7,1,1.37
P-000783,2025-10-01,10,171.1,9.9,3,5,98.8,20.8,1,1.0
P-000783,2025-11-01,11,176.2,2.4,0,6,97.3,12.7,1,1.4
P-000783,2025-12-01,12,166.8,4.9,2,4,91.4,20.7,1,1.14
P-000784,2025-01-01,1,177.3,8.6,4,5,93.2,26.8,3,1.47
P-000784,2025-02-01,2,175.8,8.4,1,5,96.9,16.7,1,1.0
P-000784,2025-03-01,3,175.7,7.9,2,5,95.8,17.9,1,1.0
P-000784,2025-04-01,4,177.8,1.4,3,4,87.6,21.4,1,1.0
P-000784,2025-05-01,5,218.0,25.1,3,9,65.7,57.4,2,3.06
P-000784,2025-06-01,6,168.2,7.2,2,4,88.4,12.8,3,1.01
P-000784,2025-07-01,7,175.3,7.2,1,4,94.3,21.6,2,1.65
P-000784,2025-08-01,8,178.0,5.3,2,4,100.1,16.4,2,1.62
P-000784,2025-09-01,9,169.7,7.6,3,4,99.4,18.4,2,1.47
P-000784,2025-10-01,10,177.0,5.1,0,4,92.4,13.9,2,1.57
P-000784,2025-11-01,11,163.4,5.6,4,4,90.7,17.1,1,1.07
P-000784,2025-12-01,12,175.3,6.3,0,6,89.5,18.4,2,1.72
P-000785,2025-01-01,1,179.2,7.8,2,4,87.6,23.1,2,1.43
P-000785,2025-02-01,2,179.9,0.0,2,4,97.2,20.8,1,1.87
P-000785,2025-03-01,3,168.0,11.7,1,5,86.7,16.3,2,1.0
P-000785,2025-04-01,4,219.9,21.4,4,6,62.5,53.4,1,2.94
P-000785,2025-05-01,5,175.6,0.0,3,3,94.5,15.5,2,1.02
P-000785,2025-06-01,6,179.3,5.1,0,5,92.1,21.2,1,1.35
P-000785,2025-07-01,7,172.5,12.3,1,6,87.1,22.4,2,1.44
P-000785,2025-08-01,8,169.5,3.2,1,4,94.6,5.0,1,1.1
P-000785,2025-09-01,9,171.7,4.2,2,4,97.1,13.1,2,1.67
P-000785,2025-10-01,10,182.6,9.8,4,5,91.0,29.0,1,1.0
P-000785,2025-11-01,11,177.2,9.0,2,3,93.7,18.8,1,1.35
P-000785,2025-12-01,12,171.9,9.5,1,3,98.2,14.3,1,1.88
P-000786,2025-01-01,1,181.3,3.5,0,3,93.4,16.6,2,1.7
P-000786,2025-02-01,2,175.4,13.7,4,4,85.9,29.6,2,1.39
P-000786,2025-03-01,3,172.0,5.0,1,4,90.5,21.3,2,1.98
P-000786,2025-04-01,4,170.6,8.9,2,3,93.5,19.2,2,1.23
P-000786,2025-05-01,5,179.1,9.5,1,3,89.2,21.2,1,1.0
P-000786,2025-06-01,6,178.9,4.8,3,3,88.5,25.8,2,1.67
P-000786,2025-07-01,7,177.3,8.8,0,4,83.9,20.3,1,1.43
P-000786,2025-08-01,8,183.8,6.7,5,5,91.6,29.2,1,1.72
P-000786,2025-09-01,9,171.5,7.5,0,6,98.8,12.2,1,1.6
P-000786,2025-10-01,10,169.7,8.8,5,4,97.2,23.7,1,1.18
P-000786,2025-11-01,11,181.5,9.5,2,5,97.9,24.5,2,1.62
P-000786,2025-12-01,12,179.3,5.7,1,3,87.2,18.7,2,1.35
P-000787,2025-01-01,1,170.1,5.7,4,4,94.8,25.9,2,1.23
P-000787,2025-02-01,2,180.6,11.1,4,5,86.1,25.7,1,1.45
P-000787,2025-03-01,3,178.0,5.2,0,5,87.6,17.0,1,1.11
P-000787,2025-04-01,4,221.7,29.5,6,6,67.7,60.3,2,3.3
P-000787,2025-05-01,5,188.4,6.8,2,3,87.7,23.7,2,1.39
P-000787,2025-06-01,6,189.5,1.2,2,4,89.0,15.2,2,1.72
P-000787,2025-07-01,7,178.9,5.6,1,4,97.8,14.4,1,2.19
P-000787,2025-08-01,8,173.3,11.0,1,6,94.3,20.0,1,1.0
P-000787,2025-09-01,9,182.2,2.6,0,4,97.1,15.8,2,1.05
P-000787,2025-10-01,10,177.3,3.1,1,4,97.3,14.5,2,1.41
P-000787,2025-11-01,11,181.3,5.0,3,6,96.0,27.6,1,1.87
P-000787,2025-12-01,12,186.7,3.1,2,5,91.5,24.5,1,1.63
P-000788,2025-01-01,1,185.1,7.1,1,3,96.1,18.9,5,1.46
P-000788,2025-02-01,2,182.9,1.9,4,6,93.5,25.3,4,1.38
P-000788,2025-03-01,3,173.9,7.2,2,4,92.4,19.2,5,1.0
P-000788,2025-04-01,4,244.5,57.8,4,9,57.4,85.3,4,3.79
P-000788,2025-05-01,5,248.5,50.3,5,15,52.3,89.3,5,4.25
P-000788,2025-06-01,6,249.1,38.2,4,12,44.8,93.5,5,4.95
P-000788,2025-07-01,7,246.8,33.6,4,14,60.3,77.8,4,4.07
P-000788,2025-08-01,8,235.3,37.5,14,11,61.5,86.5,4,3.73
P-000788,2025-09-01,9,236.3,47.6,4,6,50.3,77.6,4,4.91
P-000788,2025-10-01,10,239.8,32.7,3,12,62.2,72.1,5,4.24
P-000788,2025-11-01,11,233.9,43.7,6,12,58.0,82.1,5,4.71
P-000788,2025-12-01,12,176.7,5.2,2,5,100.6,21.0,5,1.27
P-000789,2025-01-01,1,179.1,0.6,4,6,107.3,21.4,5,1.0
P-000789,2025-02-01,2,177.0,3.4,1,5,95.9,21.2,5,1.69
P-000789,2025-03-01,3,182.6,6.4,1,5,95.6,18.8,4,1.48
P-000789,2025-04-01,4,246.2,38.1,8,12,64.1,87.0,5,4.69
P-000789,2025-05-01,5,246.4,33.1,6,11,65.4,84.7,4,4.85
P-000789,2025-06-01,6,245.1,41.6,7,13,55.5,86.6,5,4.34
P-000789,2025-07-01,7,239.5,38.0,11,8,62.6,90.0,5,4.8
P-000789,2025-08-01,8,253.9,35.9,6,12,57.7,85.4,5,4.65
P-000789,2025-09-01,9,235.5,43.7,6,14,60.5,82.8,5,4.28
P-000789,2025-10-01,10,245.3,48.7,7,5,55.7,88.6,4,4.14
P-000789,2025-11-01,11,245.7,33.7,4,9,59.7,75.2,5,4.52
P-000789,2025-12-01,12,178.7,3.5,2,4,86.9,19.2,5,1.54
P-000790,2025-01-01,1,169.2,4.0,1,4,98.1,15.4,1,1.46
P-000790,2025-02-01,2,173.6,11.2,0,4,92.6,15.6,2,1.41
P-000790,2025-03-01,3,184.3,5.0,2,4,91.9,28.1,2,1.95
P-000790,2025-04-01,4,221.1,35.8,3,5,51.0,57.3,1,2.77
P-000790,2025-05-01,5,212.2,32.9,3,9,61.2,61.8,1,3.23
P-000790,2025-06-01,6,174.4,6.0,2,3,93.8,18.1,1,1.44
P-000790,2025-07-01,7,177.6,12.4,3,4,90.3,30.0,1,1.53
P-000790,2025-08-01,8,177.2,2.0,2,4,97.7,11.8,2,1.55
P-000790,2025-09-01,9,173.9,2.3,1,5,94.4,20.5,1,1.42
P-000790,2025-10-01,10,168.0,8.9,1,6,95.2,21.7,2,1.67
P-000790,2025-11-01,11,177.8,14.0,0,4,91.8,20.7,2,1.53
P-000790,2025-12-01,12,170.2,7.1,2,4,97.4,13.4,2,1.18
P-000791,2025-01-01,1,174.1,0.0,2,6,93.0,21.9,4,1.19
P-000791,2025-02-01,2,165.4,1.7,2,5,94.0,20.8,3,1.79
P-000791,2025-03-01,3,177.4,6.8,1,3,92.7,15.1,3,1.39
P-000791,2025-04-01,4,246.7,43.8,11,11,66.3,91.6,4,4.02
P-000791,2025-05-01,5,238.1,39.3,2,6,59.6,69.1,3,3.84
P-000791,2025-06-01,6,243.1,21.9,4,12,68.9,72.9,4,4.07
P-000791,2025-07-01,7,223.5,41.3,5,9,57.2,75.5,3,3.91
P-000791,2025-08-01,8,248.1,43.2,6,10,60.1,88.0,4,4.14
P-000791,2025-09-01,9,172.4,2.3,2,6,96.1,21.9,3,1.47
P-000791,2025-10-01,10,170.9,5.7,2,6,94.8,16.9,4,1.5
P-000791,2025-11-01,11,170.4,5.6,1,4,89.2,14.7,4,1.27
P-000791,2025-12-01,12,173.7,6.1,3,6,89.9,17.3,4,1.24
P-000792,2025-01-01,1,180.0,10.4,1,5,89.3,20.6,5,1.36
P-000792,2025-02-01,2,181.8,3.9,3,5,85.9,27.7,3,1.61
P-000792,2025-03-01,3,234.0,28.9,6,10,59.4,76.7,4,4.6
P-000792,2025-04-01,4,246.5,49.6,5,4,63.0,84.6,4,5.0
P-000792,2025-05-01,5,235.8,49.7,3,11,53.8,81.8,5,4.09
P-000792,2025-06-01,6,244.8,33.9,5,11,59.9,77.2,4,3.78
P-000792,2025-07-01,7,240.6,17.1,5,10,73.8,72.7,4,4.38
P-000792,2025-08-01,8,235.2,26.5,5,12,62.8,75.4,4,4.35
P-000792,2025-09-01,9,253.8,50.0,4,16,51.6,91.5,5,4.75
P-000792,2025-10-01,10,180.0,6.0,2,5,92.3,24.0,4,1.65
P-000792,2025-11-01,11,174.3,9.2,2,5,91.1,23.7,5,1.41
P-000792,2025-12-01,12,187.4,10.3,2,6,92.4,27.6,4,1.66
P-000793,2025-01-01,1,180.1,7.3,1,3,88.8,18.4,5,1.69
P-000793,2025-02-01,2,169.6,0.0,0,6,91.0,14.7,4,1.0
P-000793,2025-03-01,3,181.4,1.8,5,5,95.4,21.4,4,1.29
P-000793,2025-04-01,4,244.4,38.4,9,18,52.1,91.8,5,4.3
P-000793,2025-05-01,5,244.2,35.3,11,8,50.9,89.3,4,3.38
P-000793,2025-06-01,6,235.3,26.6,3,12,55.4,70.8,4,4.73
P-000793,2025-07-01,7,243.0,40.1,6,13,63.0,84.4,4,4.16
P-000793,2025-08-01,8,246.3,43.6,6,11,53.6,91.0,5,5.0
P-000793,2025-09-01,9,244.3,36.4,6,11,61.0,79.9,5,5.0
P-000793,2025-10-01,10,236.4,51.8,7,10,48.7,91.4,4,3.69
P-000793,2025-11-01,11,235.2,38.9,9,9,54.6,84.5,4,4.16
P-000793,2025-12-01,12,188.5,8.2,2,4,93.2,27.8,4,1.0
P-000794,2025-01-01,1,172.7,10.2,0,4,90.3,17.0,2,1.01
P-000794,2025-02-01,2,175.2,6.6,2,3,94.9,18.5,1,1.26
P-000794,2025-03-01,3,183.3,3.4,2,4,93.3,20.5,1,1.25
P-000794,2025-04-01,4,177.1,4.2,2,5,91.0,22.2,1,1.36
P-000794,2025-05-01,5,165.3,8.9,1,4,96.8,14.4,1,1.27
P-000794,2025-06-01,6,173.6,4.8,1,3,90.3,11.8,2,1.12
P-000794,2025-07-01,7,172.1,9.6,0,3,92.0,17.7,1,1.49
P-000794,2025-08-01,8,170.7,2.6,1,6,91.3,13.7,2,1.51
P-000794,2025-09-01,9,171.3,10.0,4,5,91.1,26.2,2,1.84
P-000794,2025-10-01,10,187.3,2.0,3,4,92.7,22.5,2,1.15
P-000794,2025-11-01,11,170.2,10.4,3,4,92.1,18.0,1,1.29
P-000794,2025-12-01,12,192.5,11.6,1,4,94.2,27.5,2,1.37
P-000795,2025-01-01,1,178.0,7.7,5,4,89.4,31.7,4,1.71
P-000795,2025-02-01,2,167.2,2.4,1,3,98.8,8.6,4,1.0
P-000795,2025-03-01,3,174.0,7.6,1,4,98.2,19.5,5,1.13
P-000795,2025-04-01,4,244.6,31.6,13,8,57.4,90.4,4,3.97
P-000795,2025-05-01,5,237.1,41.1,3,13,58.3,78.1,4,4.56
P-000795,2025-06-01,6,251.6,39.6,6,12,55.2,86.5,5,3.12
P-000795,2025-07-01,7,242.3,18.4,4,13,73.3,70.8,4,4.29
P-000795,2025-08-01,8,238.1,53.9,6,14,57.1,87.9,5,4.13
P-000795,2025-09-01,9,243.0,48.9,9,12,52.9,96.2,5,3.86
P-000795,2025-10-01,10,240.6,51.9,8,16,49.9,97.6,5,5.0
P-000795,2025-11-01,11,247.0,43.7,7,9,53.8,86.9,5,4.16
P-000795,2025-12-01,12,180.1,8.3,1,5,86.7,24.1,4,1.4
P-000796,2025-01-01,1,183.3,5.1,2,4,90.9,23.1,1,1.64
P-000796,2025-02-01,2,178.6,5.4,3,3,90.1,23.5,2,1.47
P-000796,2025-03-01,3,180.2,0.0,0,4,99.4,18.8,1,1.59
P-000796,2025-04-01,4,181.2,1.9,1,6,100.3,17.8,2,1.73
P-000796,2025-05-01,5,176.1,0.1,1,6,98.5,14.2,1,1.18
P-000796,2025-06-01,6,178.5,0.0,2,3,104.2,21.2,2,1.74
P-000796,2025-07-01,7,179.7,7.3,3,6,89.3,24.9,1,1.68
P-000796,2025-08-01,8,193.6,1.9,0,4,98.3,16.9,1,1.0
P-000796,2025-09-01,9,184.9,6.2,3,4,92.7,26.0,1,1.62
P-000796,2025-10-01,10,178.9,7.4,2,6,82.3,23.9,3,1.49
P-000796,2025-11-01,11,181.7,3.7,2,4,97.7,22.7,2,1.71
P-000796,2025-12-01,12,171.1,7.5,2,3,86.6,24.9,2,1.0
P-000797,2025-01-01,1,179.8,8.4,3,5,91.0,24.7,2,1.32
P-000797,2025-02-01,2,185.7,2.6,2,5,94.9,20.4,2,1.42
P-000797,2025-03-01,3,160.4,5.8,0,4,101.6,10.1,2,1.71
P-000797,2025-04-01,4,162.2,1.0,0,4,93.4,12.6,1,1.3
P-000797,2025-05-01,5,176.3,4.7,2,5,90.3,21.0,1,1.79
P-000797,2025-06-01,6,180.4,8.5,1,4,94.3,19.1,2,2.03
P-000797,2025-07-01,7,175.6,1.5,1,5,92.0,21.8,1,1.35
P-000797,2025-08-01,8,174.0,10.1,2,5,94.2,21.9,2,1.41
P-000797,2025-09-01,9,179.7,0.0,2,6,96.1,15.8,1,1.71
P-000797,2025-10-01,10,183.6,5.1,2,5,93.6,18.3,1,1.13
P-000797,2025-11-01,11,189.6,7.0,5,4,91.3,27.6,2,1.6
P-000797,2025-12-01,12,175.2,4.0,2,6,97.5,17.2,1,1.08
P-000798,2025-01-01,1,176.7,3.7,0,5,94.4,17.2,4,1.23
P-000798,2025-02-01,2,167.6,5.0,2,5,101.3,15.9,5,1.02
P-000798,2025-03-01,3,176.2,8.3,0,4,96.2,15.8,4,1.88
P-000798,2025-04-01,4,239.1,38.6,5,9,58.9,80.7,4,4.11
P-000798,2025-05-01,5,236.3,33.1,3,8,64.9,65.6,4,4.36
P-000798,2025-06-01,6,236.3,44.3,7,13,54.5,89.4,4,4.65
P-000798,2025-07-01,7,240.0,47.0,5,9,51.5,77.7,3,3.54
P-000798,2025-08-01,8,232.3,37.5,8,8,57.4,78.6,4,4.09
P-000798,2025-09-01,9,175.4,4.5,1,5,99.0,19.0,4,1.0
P-000798,2025-10-01,10,177.9,8.6,2,5,92.4,21.4,3,1.05
P-000798,2025-11-01,11,192.8,1.9,0,5,93.8,23.9,4,1.26
P-000798,2025-12-01,12,170.8,6.8,3,6,96.8,19.5,4,1.01
P-000799,2025-01-01,1,171.2,9.7,5,4,94.7,26.1,3,1.44
P-000799,2025-02-01,2,185.1,2.5,3,5,89.5,25.3,1,1.66
P-000799,2025-03-01,3,176.3,6.7,3,5,88.8,23.4,1,1.0
P-000799,2025-04-01,4,175.6,5.6,3,4,89.8,13.5,1,1.58
P-000799,2025-05-01,5,182.1,1.5,1,5,94.4,24.2,3,1.28
P-000799,2025-06-01,6,171.8,4.4,3,4,88.0,23.6,1,1.49
P-000799,2025-07-01,7,178.4,3.8,3,4,90.5,25.3,2,1.44
P-000799,2025-08-01,8,184.3,9.3,3,6,97.0,23.1,2,1.62
P-000799,2025-09-01,9,178.8,7.6,2,3,89.9,22.9,2,1.0
P-000799,2025-10-01,10,181.8,3.7,3,4,90.1,25.3,1,1.56
P-000799,2025-11-01,11,180.4,3.2,2,5,98.0,20.6,2,1.56
P-000799,2025-12-01,12,173.8,6.1,2,5,94.5,17.3,1,1.62
P-000800,2025-01-01,1,181.7,6.2,1,4,95.8,24.9,4,1.61
P-000800,2025-02-01,2,174.6,4.0,2,5,93.5,18.3,4,1.95
P-000800,2025-03-01,3,171.3,6.2,3,6,91.6,26.8,5,1.14
P-000800,2025-04-01,4,238.4,42.1,4,10,62.5,75.2,4,4.43
P-000800,2025-05-01,5,246.8,46.6,8,9,48.0,91.5,5,4.04
P-000800,2025-06-01,6,224.3,51.1,6,9,53.2,80.8,4,4.5
P-000800,2025-07-01,7,237.2,44.1,5,11,57.9,82.5,4,4.43
P-000800,2025-08-01,8,243.0,44.2,1,12,62.5,76.2,5,4.27
P-000800,2025-09-01,9,243.2,36.4,7,10,62.0,79.7,4,4.43
P-000800,2025-10-01,10,230.1,27.5,7,7,66.5,68.1,4,3.79
P-000800,2025-11-01,11,245.9,33.5,9,12,55.3,84.2,4,3.95
P-000800,2025-12-01,12,177.0,7.8,1,3,94.8,23.6,5,1.76
P-000801,2025-01-01,1,173.6,0.0,4,4,101.3,21.3,2,1.7
P-000801,2025-02-01,2,176.3,11.0,4,5,94.4,26.9,2,1.49
P-000801,2025-03-01,3,176.5,5.4,2,6,92.7,19.7,2,1.11
P-000801,2025-04-01,4,176.6,12.9,4,5,96.9,27.2,2,1.34
P-000801,2025-05-01,5,175.1,9.1,2,3,95.4,17.5,2,1.12
P-000801,2025-06-01,6,237.2,36.2,4,12,56.5,77.2,4,5.0
P-000801,2025-07-01,7,246.9,39.9,4,13,58.9,80.4,4,3.75
P-000801,2025-08-01,8,175.9,10.0,2,4,97.8,21.3,2,1.0
P-000801,2025-09-01,9,181.0,10.1,1,5,90.6,20.5,2,1.02
P-000801,2025-10-01,10,184.0,6.0,3,4,100.9,25.9,2,1.48
P-000801,2025-11-01,11,182.0,6.3,4,6,88.6,22.3,2,1.32
P-000801,2025-12-01,12,179.9,4.6,2,4,96.3,20.5,2,1.74
P-000802,2025-01-01,1,173.6,4.9,2,6,90.4,17.9,4,1.1
P-000802,2025-02-01,2,171.6,10.4,0,4,88.9,16.5,4,1.79
P-000802,2025-03-01,3,177.7,10.1,2,7,92.5,20.0,3,1.89
P-000802,2025-04-01,4,245.9,38.3,7,10,66.3,79.3,4,4.0
P-000802,2025-05-01,5,233.0,47.4,4,11,59.4,77.9,3,4.8
P-000802,2025-06-01,6,234.6,44.1,9,9,54.6,84.7,4,4.27
P-000802,2025-07-01,7,236.5,27.9,6,9,64.1,72.5,4,4.98
P-000802,2025-08-01,8,239.0,35.1,6,10,59.5,80.0,4,3.19
P-000802,2025-09-01,9,184.9,4.6,2,3,87.6,23.0,4,1.31
P-000802,2025-10-01,10,179.6,6.6,2,5,95.2,20.4,4,1.73
P-000802,2025-11-01,11,172.4,1.6,2,4,97.5,19.1,5,1.5
P-000802,2025-12-01,12,183.1,14.2,1,5,89.8,22.6,4,1.61
P-000803,2025-01-01,1,177.7,9.1,0,3,98.8,24.3,3,1.85
P-000803,2025-02-01,2,174.3,9.8,4,4,91.9,28.7,5,1.0
P-000803,2025-03-01,3,177.6,0.0,0,5,102.3,12.6,4,1.14
P-000803,2025-04-01,4,239.1,33.2,9,11,59.2,84.7,4,4.38
P-000803,2025-05-01,5,244.8,46.7,5,12,55.3,79.8,5,4.17
P-000803,2025-06-01,6,236.0,43.2,6,13,51.2,85.2,5,4.61
P-000803,2025-07-01,7,235.2,34.1,7,8,64.3,80.6,4,4.24
P-000803,2025-08-01,8,233.3,40.6,8,10,62.7,85.6,3,3.68
P-000803,2025-09-01,9,178.1,11.9,0,4,94.1,15.0,3,1.0
P-000803,2025-10-01,10,167.5,4.6,1,5,98.1,14.7,3,1.56
P-000803,2025-11-01,11,165.1,1.7,0,3,95.2,8.8,4,1.11
P-000803,2025-12-01,12,176.5,6.0,4,5,93.0,26.7,4,1.59
P-000804,2025-01-01,1,172.8,2.5,3,4,98.7,22.4,2,1.8
P-000804,2025-02-01,2,178.6,5.4,2,4,102.2,21.3,2,1.54
P-000804,2025-03-01,3,170.0,9.3,1,4,94.3,17.3,2,1.46
P-000804,2025-04-01,4,178.6,14.4,4,5,94.4,26.6,3,1.09
P-000804,2025-05-01,5,216.9,27.0,4,10,65.7,63.7,2,3.29
P-000804,2025-06-01,6,174.7,12.3,2,5,91.6,21.6,2,1.49
P-000804,2025-07-01,7,170.1,0.2,1,5,91.5,16.7,1,1.23
P-000804,2025-08-01,8,184.0,4.8,2,6,97.3,24.8,1,1.33
P-000804,2025-09-01,9,180.0,9.8,3,5,87.5,29.5,2,1.57
P-000804,2025-10-01,10,183.8,6.1,2,4,96.6,29.2,1,1.65
P-000804,2025-11-01,11,180.6,12.9,1,4,93.1,15.0,2,1.12
P-000804,2025-12-01,12,170.9,13.7,3,4,89.7,23.5,2,1.53
P-000805,2025-01-01,1,174.5,4.7,0,3,90.9,20.6,5,1.18
P-000805,2025-02-01,2,174.4,6.3,1,7,95.4,16.8,5,1.31
P-000805,2025-03-01,3,179.5,7.9,1,3,99.2,15.9,5,1.1
P-000805,2025-04-01,4,245.4,46.0,10,15,59.5,98.0,5,3.92
P-000805,2025-05-01,5,238.6,47.8,3,8,49.2,78.9,4,4.49
P-000805,2025-06-01,6,247.9,33.2,3,8,50.4,76.6,5,4.19
P-000805,2025-07-01,7,242.9,47.5,10,11,57.0,92.5,4,4.26
P-000805,2025-08-01,8,241.1,29.4,8,9,64.2,75.4,4,4.5
P-000805,2025-09-01,9,233.6,29.5,8,11,64.8,76.1,4,4.75
P-000805,2025-10-01,10,233.1,32.4,5,13,60.5,76.1,4,4.32
P-000805,2025-11-01,11,238.7,52.1,9,13,54.6,93.2,5,5.0
P-000805,2025-12-01,12,173.0,6.2,1,4,93.0,22.5,5,1.0
P-000806,2025-01-01,1,174.4,8.0,1,5,97.4,16.6,4,1.67
P-000806,2025-02-01,2,177.3,6.1,3,6,102.1,22.5,4,1.26
P-000806,2025-03-01,3,173.6,0.7,4,4,100.2,22.7,3,1.47
P-000806,2025-04-01,4,247.9,43.0,10,9,53.3,90.7,5,4.6
P-000806,2025-05-01,5,240.4,45.2,4,8,50.4,78.3,4,4.57
P-000806,2025-06-01,6,244.5,37.6,6,12,60.2,82.0,4,4.68
P-000806,2025-07-01,7,227.9,39.2,3,13,55.9,74.0,3,3.81
P-000806,2025-08-01,8,232.5,37.4,1,8,57.5,61.2,3,4.05
P-000806,2025-09-01,9,178.9,0.0,3,6,89.2,22.7,4,1.5
P-000806,2025-10-01,10,185.3,5.7,1,5,95.9,26.6,4,1.51
P-000806,2025-11-01,11,177.5,5.6,4,4,92.1,19.7,5,1.24
P-000806,2025-12-01,12,178.7,6.3,3,4,90.4,25.2,4,1.26
P-000807,2025-01-01,1,182.3,2.8,2,4,99.4,24.0,4,1.49
P-000807,2025-02-01,2,179.8,4.0,1,3,97.8,16.5,4,1.23
P-000807,2025-03-01,3,173.9,9.3,3,5,91.0,23.1,3,1.56
P-000807,2025-04-01,4,239.3,43.9,6,9,60.0,81.1,4,4.39
P-000807,2025-05-01,5,223.1,48.5,5,8,53.6,75.6,3,3.69
P-000807,2025-06-01,6,217.6,25.8,4,11,63.1,62.4,3,3.87
P-000807,2025-07-01,7,246.7,48.0,8,9,48.5,86.3,5,4.91
P-000807,2025-08-01,8,244.5,32.5,6,14,65.3,80.7,4,3.97
P-000807,2025-09-01,9,175.0,7.7,0,5,91.5,14.6,4,1.1
P-000807,2025-10-01,10,171.6,6.9,3,3,94.4,24.2,5,1.29
P-000807,2025-11-01,11,168.5,9.0,5,3,93.1,26.9,3,1.32
P-000807,2025-12-01,12,178.2,14.0,4,6,94.1,27.6,3,1.67
P-000808,2025-01-01,1,171.6,7.6,0,4,95.1,15.4,2,1.42
P-000808,2025-02-01,2,177.6,6.2,2,4,105.2,20.5,2,1.49
P-000808,2025-03-01,3,176.7,7.0,1,4,96.0,20.1,2,1.08
P-000808,2025-04-01,4,207.4,29.9,3,4,54.2,52.8,1,2.81
P-000808,2025-05-01,5,173.8,5.3,2,6,87.8,19.6,2,1.5
P-000808,2025-06-01,6,175.7,9.8,0,5,92.6,17.9,1,1.0
P-000808,2025-07-01,7,181.9,12.3,3,3,94.7,30.0,2,1.44
P-000808,2025-08-01,8,176.5,8.0,1,5,92.5,24.4,2,1.66
P-000808,2025-09-01,9,173.8,2.3,2,5,87.5,19.6,3,1.59
P-000808,2025-10-01,10,182.6,0.7,3,4,97.9,19.7,2,1.0
P-000808,2025-11-01,11,176.7,9.7,0,3,88.8,19.8,2,1.4
P-000808,2025-12-01,12,173.0,7.9,1,3,92.2,16.1,1,1.23
P-000809,2025-01-01,1,185.6,7.7,3,3,88.2,26.5,2,1.24
P-000809,2025-02-01,2,175.2,10.5,3,5,89.1,23.4,1,1.96
P-000809,2025-03-01,3,177.7,8.6,3,5,89.8,21.0,1,1.49
P-000809,2025-04-01,4,218.8,40.6,5,9,54.7,70.0,2,3.32
P-000809,2025-05-01,5,176.8,2.5,2,7,102.0,20.8,2,1.74
P-000809,2025-06-01,6,182.7,6.7,4,3,89.6,23.4,2,1.0
P-000809,2025-07-01,7,174.3,3.3,1,5,94.0,15.7,2,1.56
P-000809,2025-08-01,8,176.2,2.0,3,6,92.6,20.7,3,1.87
P-000809,2025-09-01,9,173.6,7.3,5,4,91.2,25.3,1,1.37
P-000809,2025-10-01,10,173.8,7.3,2,7,90.8,22.4,1,1.34
P-000809,2025-11-01,11,184.0,5.1,3,4,86.7,23.9,3,1.32
P-000809,2025-12-01,12,163.9,2.3,1,4,92.6,11.5,2,1.48
P-000810,2025-01-01,1,174.4,8.8,5,4,99.0,27.5,2,1.69
P-000810,2025-02-01,2,166.7,0.3,2,4,93.3,10.9,2,1.14
P-000810,2025-03-01,3,176.9,5.7,0,4,89.0,13.0,2,1.39
P-000810,2025-04-01,4,185.5,6.0,2,6,93.5,27.6,1,1.06
P-000810,2025-05-01,5,183.1,1.8,1,3,89.6,20.0,2,1.47
P-000810,2025-06-01,6,170.5,7.2,1,3,82.6,16.9,2,1.23
P-000810,2025-07-01,7,167.2,1.9,1,6,90.1,17.2,2,1.26
P-000810,2025-08-01,8,172.5,7.3,1,7,90.3,20.8,1,2.07
P-000810,2025-09-01,9,174.2,1.2,1,5,94.5,9.7,2,1.0
P-000810,2025-10-01,10,168.1,4.9,2,5,94.4,20.0,1,1.59
P-000810,2025-11-01,11,167.0,11.6,2,3,90.1,22.3,2,1.59
P-000810,2025-12-01,12,178.0,4.7,2,3,97.6,19.8,1,1.33
P-000811,2025-01-01,1,172.8,12.5,3,4,90.5,23.0,2,1.0
P-000811,2025-02-01,2,177.6,8.3,1,6,87.3,25.6,1,1.88
P-000811,2025-03-01,3,170.1,1.5,3,3,92.5,17.9,3,1.0
P-000811,2025-04-01,4,230.1,32.0,9,8,60.7,80.8,2,4.19
P-000811,2025-05-01,5,180.1,4.9,3,5,91.9,21.9,1,1.58
P-000811,2025-06-01,6,177.5,6.3,0,5,99.0,18.1,2,1.31
P-000811,2025-07-01,7,182.8,6.5,2,4,98.5,19.4,1,1.16
P-000811,2025-08-01,8,168.3,4.0,3,4,94.8,15.7,1,1.36
P-000811,2025-09-01,9,174.6,5.5,2,4,93.0,22.5,3,1.57
P-000811,2025-10-01,10,170.6,4.8,1,3,89.1,18.7,1,1.17
P-000811,2025-11-01,11,188.6,3.7,1,4,93.9,19.8,1,1.21
P-000811,2025-12-01,12,169.4,5.3,1,4,92.4,15.0,2,1.81
P-000812,2025-01-01,1,166.3,2.9,2,5,95.1,18.4,3,1.85
P-000812,2025-02-01,2,177.5,1.3,0,3,98.2,12.7,5,1.49
P-000812,2025-03-01,3,179.2,5.1,2,5,92.2,23.1,4,1.51
P-000812,2025-04-01,4,248.8,45.4,14,10,56.5,98.0,5,5.0
P-000812,2025-05-01,5,237.3,51.7,9,10,56.0,93.4,4,4.32
P-000812,2025-06-01,6,239.4,55.1,11,10,48.9,92.9,5,4.75
P-000812,2025-07-01,7,241.2,40.2,6,9,64.4,83.2,4,4.09
P-000812,2025-08-01,8,243.4,30.0,6,15,69.6,80.7,5,4.24
P-000812,2025-09-01,9,183.9,4.8,0,5,92.9,24.3,3,1.24
P-000812,2025-10-01,10,181.6,6.8,1,3,94.4,18.2,3,1.11
P-000812,2025-11-01,11,167.2,8.5,3,3,96.2,11.6,5,1.52
P-000812,2025-12-01,12,176.4,6.0,1,6,96.8,20.2,3,1.73
P-000813,2025-01-01,1,183.4,1.0,3,5,93.4,21.9,2,1.52
P-000813,2025-02-01,2,185.4,5.3,1,4,101.1,20.4,2,1.61
P-000813,2025-03-01,3,174.1,8.9,4,4,86.3,18.5,2,1.09
P-000813,2025-04-01,4,176.9,8.9,5,4,89.1,25.1,2,1.29
P-000813,2025-05-01,5,182.7,11.9,4,4,92.6,29.7,2,1.24
P-000813,2025-06-01,6,243.5,31.5,8,13,62.5,86.4,4,4.31
P-000813,2025-07-01,7,243.7,41.8,9,10,57.9,91.9,4,3.92
P-000813,2025-08-01,8,173.0,7.4,3,5,91.1,17.5,2,1.0
P-000813,2025-09-01,9,175.0,5.4,2,5,95.6,17.1,2,1.46
P-000813,2025-10-01,10,177.1,4.1,1,5,100.7,18.3,2,1.56
P-000813,2025-11-01,11,183.2,0.0,5,4,90.3,22.6,2,2.02
P-000813,2025-12-01,12,180.6,0.0,2,4,91.3,22.4,2,1.0
P-000814,2025-01-01,1,176.6,7.5,2,4,91.5,8.3,3,1.09
P-000814,2025-02-01,2,186.1,14.0,3,4,97.7,30.2,3,1.16
P-000814,2025-03-01,3,174.1,17.2,5,4,92.4,29.5,2,1.51
P-000814,2025-04-01,4,176.0,3.5,1,4,90.0,13.9,1,1.61
P-000814,2025-05-01,5,165.5,5.8,1,3,87.8,18.3,2,1.27
P-000814,2025-06-01,6,165.9,0.1,3,4,91.7,18.8,2,1.35
P-000814,2025-07-01,7,170.0,4.5,0,5,91.8,17.5,2,1.92
P-000814,2025-08-01,8,173.4,5.9,1,4,92.1,20.8,1,1.04
P-000814,2025-09-01,9,179.0,1.7,4,5,97.5,18.6,1,1.0
P-000814,2025-10-01,10,169.8,5.6,1,4,89.8,19.9,2,1.4
P-000814,2025-11-01,11,173.0,2.9,0,5,102.9,12.6,2,1.0
P-000814,2025-12-01,12,177.2,3.2,5,3,96.2,25.2,2,1.4
P-000815,2025-01-01,1,185.1,7.0,1,5,94.1,18.2,3,1.27
P-000815,2025-02-01,2,182.5,2.3,1,4,96.3,12.4,2,1.12
P-000815,2025-03-01,3,184.6,4.9,0,4,95.5,22.9,2,1.62
P-000815,2025-04-01,4,218.8,40.2,4,8,66.2,63.3,2,4.1
P-000815,2025-05-01,5,220.5,28.7,2,7,64.8,54.2,1,2.56
P-000815,2025-06-01,6,179.6,7.9,3,5,96.7,22.9,2,1.5
P-000815,2025-07-01,7,173.9,7.1,5,6,94.2,29.6,2,1.74
P-000815,2025-08-01,8,166.4,3.4,1,4,86.5,11.1,2,1.79
P-000815,2025-09-01,9,178.6,1.7,1,4,94.1,18.1,2,1.0
P-000815,2025-10-01,10,177.7,7.5,3,5,96.4,22.6,2,1.19
P-000815,2025-11-01,11,177.1,7.4,2,3,89.4,23.3,2,1.24
P-000815,2025-12-01,12,173.9,4.0,0,5,81.9,15.8,3,1.72
P-000816,2025-01-01,1,162.1,12.5,2,3,90.6,12.9,1,1.39
P-000816,2025-02-01,2,175.8,4.7,1,4,92.2,18.7,1,1.95
P-000816,2025-03-01,3,183.3,6.6,2,6,88.5,28.3,1,1.37
P-000816,2025-04-01,4,181.7,7.2,2,4,93.8,21.2,1,1.41
P-000816,2025-05-01,5,176.8,7.9,2,5,94.8,24.2,3,1.2
P-000816,2025-06-01,6,181.1,0.2,1,5,97.1,13.4,1,1.42
P-000816,2025-07-01,7,178.1,7.9,2,4,92.6,20.8,1,1.0
P-000816,2025-08-01,8,186.6,5.1,3,6,92.4,23.1,2,1.25
P-000816,2025-09-01,9,182.4,10.6,2,4,94.0,22.9,1,1.06
P-000816,2025-10-01,10,174.1,1.5,0,5,95.9,14.6,2,1.39
P-000816,2025-11-01,11,174.9,7.1,3,4,90.2,21.3,2,1.0
P-000816,2025-12-01,12,173.6,6.5,3,4,93.4,20.8,2,1.33
P-000817,2025-01-01,1,168.6,0.1,1,5,94.7,11.6,4,1.36
P-000817,2025-02-01,2,181.6,4.7,3,5,98.0,27.8,4,1.6
P-000817,2025-03-01,3,184.1,9.6,2,3,92.4,22.5,3,1.01
P-000817,2025-04-01,4,233.8,29.2,6,12,56.3,78.0,3,3.42
P-000817,2025-05-01,5,236.9,42.0,4,12,48.2,83.6,4,3.96
P-000817,2025-06-01,6,238.1,41.7,6,10,55.4,81.9,5,4.79
P-000817,2025-07-01,7,233.5,48.2,4,11,57.5,79.9,4,4.03
P-000817,2025-08-01,8,240.5,39.3,5,9,64.1,77.7,4,4.77
P-000817,2025-09-01,9,164.8,7.1,1,5,93.4,12.3,4,1.48
P-000817,2025-10-01,10,172.4,10.5,3,3,88.6,28.5,4,1.45
P-000817,2025-11-01,11,166.2,3.2,3,3,102.3,14.4,5,1.55
P-000817,2025-12-01,12,176.8,10.3,2,5,85.9,22.3,3,1.39
P-000818,2025-01-01,1,176.0,0.5,1,5,90.8,13.5,5,1.11
P-000818,2025-02-01,2,163.7,7.7,0,5,96.4,13.5,4,1.56
P-000818,2025-03-01,3,165.2,13.3,1,4,87.7,24.9,4,1.64
P-000818,2025-04-01,4,235.9,45.6,7,8,56.1,82.6,5,4.29
P-000818,2025-05-01,5,247.1,41.6,4,9,52.9,85.2,5,4.14
P-000818,2025-06-01,6,255.0,49.3,4,10,59.1,90.9,5,4.32
P-000818,2025-07-01,7,238.5,44.7,4,9,62.9,83.5,4,4.84
P-000818,2025-08-01,8,248.7,40.5,7,10,53.1,90.2,5,4.78
P-000818,2025-09-01,9,233.1,44.0,7,12,61.8,84.7,5,4.97
P-000818,2025-10-01,10,232.4,35.8,9,9,72.9,79.7,4,4.48
P-000818,2025-11-01,11,246.3,54.3,6,13,44.6,89.8,5,4.56
P-000818,2025-12-01,12,162.8,22.0,3,3,92.4,22.3,4,2.05
P-000819,2025-01-01,1,174.1,8.8,2,4,93.1,27.2,5,1.62
P-000819,2025-02-01,2,172.9,3.5,3,5,92.6,24.1,5,1.26
P-000819,2025-03-01,3,228.6,45.1,4,7,68.8,74.9,4,3.87
P-000819,2025-04-01,4,228.3,29.6,4,13,61.7,64.8,3,3.08
P-000819,2025-05-01,5,237.3,27.8,6,8,66.2,69.6,4,3.21
P-000819,2025-06-01,6,237.1,42.0,7,11,56.2,87.0,5,4.16
P-000819,2025-07-01,7,241.8,42.7,9,11,67.4,86.5,4,4.88
P-000819,2025-08-01,8,229.7,36.4,3,7,68.7,65.1,3,4.2
P-000819,2025-09-01,9,230.8,30.9,6,12,61.0,75.9,3,3.84
P-000819,2025-10-01,10,193.8,11.9,1,5,94.5,26.3,4,1.0
P-000819,2025-11-01,11,171.7,0.0,2,5,95.8,15.8,5,1.02
P-000819,2025-12-01,12,180.2,7.1,1,4,95.3,21.7,4,1.22
P-000820,2025-01-01,1,179.9,12.4,0,3,86.9,24.6,4,1.57
P-000820,2025-02-01,2,176.0,6.0,3,5,89.8,19.8,3,1.22
P-000820,2025-03-01,3,183.1,8.5,2,3,96.1,23.8,5,1.42
P-000820,2025-04-01,4,243.3,36.2,9,10,63.3,83.3,3,3.78
P-000820,2025-05-01,5,233.4,38.5,6,9,56.4,80.5,3,4.35
P-000820,2025-06-01,6,225.6,44.6,7,8,56.0,74.1,3,3.62
P-000820,2025-07-01,7,233.5,39.9,8,10,57.1,84.4,3,3.91
P-000820,2025-08-01,8,246.5,41.2,11,12,66.4,89.0,4,4.22
P-000820,2025-09-01,9,179.7,6.7,4,4,89.2,28.1,4,1.0
P-000820,2025-10-01,10,180.3,11.5,4,6,101.0,26.3,3,1.37
P-000820,2025-11-01,11,176.8,10.5,1,4,93.7,23.5,4,1.54
P-000820,2025-12-01,12,177.6,4.6,3,3,89.0,27.1,4,1.17
P-000821,2025-01-01,1,179.7,8.8,3,6,94.5,22.6,4,1.12
P-000821,2025-02-01,2,179.8,4.6,1,4,93.0,25.8,4,1.46
P-000821,2025-03-01,3,178.6,6.5,1,4,93.1,19.7,4,1.34
P-000821,2025-04-01,4,247.5,35.5,8,11,62.9,84.5,5,3.93
P-000821,2025-05-01,5,240.9,42.0,5,9,58.9,81.6,5,4.31
P-000821,2025-06-01,6,240.0,31.2,10,11,69.3,80.2,5,4.5
P-000821,2025-07-01,7,247.6,45.8,4,8,62.9,77.0,5,4.96
P-000821,2025-08-01,8,244.6,38.0,2,10,63.4,73.5,4,3.69
P-000821,2025-09-01,9,243.3,42.4,5,9,55.3,85.5,4,4.15
P-000821,2025-10-01,10,246.2,34.9,7,12,49.9,82.8,4,4.16
P-000821,2025-11-01,11,249.8,48.5,4,13,57.1,86.8,4,4.05
P-000821,2025-12-01,12,179.7,3.4,1,3,87.9,16.4,5,1.46
P-000822,2025-01-01,1,179.7,3.5,0,3,91.7,16.6,2,1.35
P-000822,2025-02-01,2,178.9,9.4,2,6,95.4,24.2,2,1.16
P-000822,2025-03-01,3,179.6,0.0,5,5,90.9,24.1,2,1.46
P-000822,2025-04-01,4,177.8,0.4,4,5,95.0,24.5,2,1.69
P-000822,2025-05-01,5,171.7,11.7,2,5,95.5,20.9,2,1.36
P-000822,2025-06-01,6,228.3,46.0,14,11,49.2,95.0,4,3.99
P-000822,2025-07-01,7,245.8,45.9,8,11,58.1,89.2,4,4.36
P-000822,2025-08-01,8,170.4,2.7,5,6,87.8,33.0,2,1.44
P-000822,2025-09-01,9,163.8,7.2,2,3,90.1,18.0,2,1.73
P-000822,2025-10-01,10,171.2,4.3,3,3,90.0,23.6,2,1.89
P-000822,2025-11-01,11,170.6,6.8,1,4,101.7,8.4,2,1.57
P-000822,2025-12-01,12,183.5,0.2,0,6,96.5,18.8,2,1.16
P-000823,2025-01-01,1,184.6,3.0,2,5,92.1,25.1,3,1.38
P-000823,2025-02-01,2,174.9,7.4,1,4,93.5,20.6,3,1.5
P-000823,2025-03-01,3,188.7,2.6,2,4,93.7,25.4,2,1.59
P-000823,2025-04-01,4,186.3,8.5,0,5,91.6,22.6,3,1.44
P-000823,2025-05-01,5,168.0,4.0,5,6,95.3,23.7,1,1.3
P-000823,2025-06-01,6,175.6,0.0,3,5,103.8,17.2,2,1.29
P-000823,2025-07-01,7,188.0,4.0,4,4,93.8,25.3,1,1.37
P-000823,2025-08-01,8,182.7,5.7,2,4,94.7,25.4,1,1.55
P-000823,2025-09-01,9,181.7,4.5,1,6,91.4,22.2,2,1.0
P-000823,2025-10-01,10,175.9,6.7,2,3,91.4,21.8,1,1.76
P-000823,2025-11-01,11,174.8,4.0,1,5,90.9,19.2,2,1.58
P-000823,2025-12-01,12,174.0,9.3,0,3,96.4,17.8,1,1.31
P-000824,2025-01-01,1,180.5,4.5,0,4,91.7,14.3,5,1.5
P-000824,2025-02-01,2,173.4,9.1,0,3,91.2,14.8,4,1.84
P-000824,2025-03-01,3,179.5,6.9,4,4,100.5,22.4,3,1.03
P-000824,2025-04-01,4,240.2,48.1,3,14,53.5,84.9,4,4.36
P-000824,2025-05-01,5,229.3,32.4,6,9,59.9,71.7,3,3.52
P-000824,2025-06-01,6,230.9,36.3,8,7,55.2,75.7,3,3.39
P-000824,2025-07-01,7,235.9,31.6,12,11,55.4,85.6,4,3.98
P-000824,2025-08-01,8,222.4,33.4,4,13,59.0,70.9,3,3.6
P-000824,2025-09-01,9,171.8,8.9,1,5,87.5,20.2,4,1.28
P-000824,2025-10-01,10,170.7,10.9,4,3,94.6,19.6,4,1.18
P-000824,2025-11-01,11,174.4,12.9,1,4,86.2,21.0,4,1.77
P-000824,2025-12-01,12,167.9,5.0,2,6,90.1,18.9,4,1.01
P-000825,2025-01-01,1,180.1,1.8,1,5,92.3,16.9,4,1.05
P-000825,2025-02-01,2,174.9,11.5,2,5,93.8,23.5,4,1.52
P-000825,2025-03-01,3,235.3,42.9,3,12,54.6,79.1,4,3.54
P-000825,2025-04-01,4,233.4,25.2,5,12,68.0,65.0,3,3.46
P-000825,2025-05-01,5,233.8,39.6,7,14,54.2,79.1,4,4.23
P-000825,2025-06-01,6,234.6,37.5,4,11,57.7,70.3,4,3.53
P-000825,2025-07-01,7,228.1,41.7,1,10,55.5,63.7,4,4.02
P-000825,2025-08-01,8,250.6,50.0,3,10,52.7,78.9,5,4.71
P-000825,2025-09-01,9,251.5,41.2,7,10,55.4,91.3,3,3.92
P-000825,2025-10-01,10,178.3,4.9,4,6,95.4,26.7,4,1.66
P-000825,2025-11-01,11,183.4,9.3,2,6,87.6,23.3,4,1.49
P-000825,2025-12-01,12,182.7,5.8,5,5,91.0,26.5,4,1.53
P-000826,2025-01-01,1,176.8,8.2,1,4,93.2,15.6,1,1.83
P-000826,2025-02-01,2,162.6,8.6,0,4,92.0,14.5,2,1.28
P-000826,2025-03-01,3,182.8,12.5,2,5,92.3,20.9,2,1.27
P-000826,2025-04-01,4,170.4,3.2,4,6,94.2,21.4,2,1.41
P-000826,2025-05-01,5,166.7,3.6,1,4,97.2,14.5,2,1.0
P-000826,2025-06-01,6,184.9,1.1,3,4,94.1,21.0,2,1.62
P-000826,2025-07-01,7,172.2,4.4,4,4,87.4,17.8,2,1.46
P-000826,2025-08-01,8,174.0,8.1,2,5,92.4,19.6,2,1.02
P-000826,2025-09-01,9,173.3,15.9,2,5,87.5,32.0,1,1.73
P-000826,2025-10-01,10,179.3,8.0,1,3,95.6,13.8,1,1.17
P-000826,2025-11-01,11,180.5,0.0,3,5,96.1,21.1,1,1.69
P-000826,2025-12-01,12,186.5,3.2,3,3,99.3,21.3,2,1.41
P-000827,2025-01-01,1,179.4,4.8,2,4,97.4,19.2,1,1.13
P-000827,2025-02-01,2,191.1,6.6,2,5,91.5,28.0,2,1.49
P-000827,2025-03-01,3,179.5,7.0,0,6,94.6,13.3,2,1.37
P-000827,2025-04-01,4,227.0,34.6,3,5,67.6,59.0,1,2.41
P-000827,2025-05-01,5,176.2,4.6,2,6,91.7,20.8,2,1.46
P-000827,2025-06-01,6,181.1,13.7,3,6,86.3,28.1,2,1.93
P-000827,2025-07-01,7,182.4,8.8,2,5,88.4,25.5,3,1.44
P-000827,2025-08-01,8,176.7,2.4,4,4,90.6,19.7,2,1.57
P-000827,2025-09-01,9,186.4,6.3,2,3,92.6,24.3,1,1.09
P-000827,2025-10-01,10,176.1,1.0,2,6,100.4,14.7,3,1.43
P-000827,2025-11-01,11,187.2,14.7,1,3,90.2,25.8,2,1.05
P-000827,2025-12-01,12,181.7,0.2,3,5,90.6,21.0,1,1.88
P-000828,2025-01-01,1,175.4,8.7,1,4,93.7,22.7,1,1.31
P-000828,2025-02-01,2,162.9,7.8,1,4,94.5,19.5,1,1.64
P-000828,2025-03-01,3,172.9,5.5,2,3,97.9,10.4,2,1.66
P-000828,2025-04-01,4,184.1,10.6,2,3,93.2,24.2,1,1.11
P-000828,2025-05-01,5,183.8,4.6,5,4,89.4,33.5,2,1.3
P-000828,2025-06-01,6,174.2,16.3,3,5,88.2,32.0,2,1.03
P-000828,2025-07-01,7,168.3,8.5,3,3,85.4,21.9,2,1.54
P-000828,2025-08-01,8,178.0,2.9,3,3,92.2,19.7,2,1.65
P-000828,2025-09-01,9,164.7,4.6,1,4,95.7,8.5,1,1.27
P-000828,2025-10-01,10,164.2,9.1,3,5,96.7,26.4,2,1.85
P-000828,2025-11-01,11,185.8,2.7,2,3,93.7,16.4,2,1.35
P-000828,2025-12-01,12,177.3,11.8,3,3,85.0,21.4,1,1.35
P-000829,2025-01-01,1,176.0,3.9,1,5,101.9,12.2,2,1.34
P-000829,2025-02-01,2,178.7,0.0,4,3,87.4,23.0,1,1.0
P-000829,2025-03-01,3,183.5,13.4,3,3,92.2,23.2,3,1.5
P-000829,2025-04-01,4,171.3,0.7,1,3,96.1,14.9,2,1.22
P-000829,2025-05-01,5,162.0,0.0,0,4,96.3,8.4,2,1.25
P-000829,2025-06-01,6,174.1,1.6,2,5,100.2,19.0,1,1.37
P-000829,2025-07-01,7,182.2,3.6,3,3,92.7,16.9,1,1.9
P-000829,2025-08-01,8,173.6,8.8,5,5,96.7,33.0,1,1.78
P-000829,2025-09-01,9,180.4,4.6,4,5,92.6,22.6,2,1.8
P-000829,2025-10-01,10,178.3,5.4,1,3,84.9,21.2,1,1.05
P-000829,2025-11-01,11,167.3,1.6,0,4,95.8,13.8,2,1.23
P-000829,2025-12-01,12,178.6,8.5,0,4,92.1,21.3,2,1.8
P-000830,2025-01-01,1,184.2,4.7,3,5,95.2,23.4,3,1.0
P-000830,2025-02-01,2,184.7,0.0,2,5,98.0,24.1,2,1.06
P-000830,2025-03-01,3,176.8,8.5,0,4,93.7,20.5,1,1.92
P-000830,2025-04-01,4,181.5,11.2,2,5,91.8,26.8,1,1.39
P-000830,2025-05-01,5,177.5,11.8,1,6,90.8,24.4,1,1.57
P-000830,2025-06-01,6,181.2,5.9,2,3,91.5,21.3,3,1.14
P-000830,2025-07-01,7,174.7,9.7,4,6,95.0,21.4,1,1.0
P-000830,2025-08-01,8,175.4,4.3,2,5,98.3,15.7,2,1.68
P-000830,2025-09-01,9,180.9,6.7,0,3,95.4,23.2,2,1.68
P-000830,2025-10-01,10,178.4,7.2,2,5,96.8,26.3,2,1.43
P-000830,2025-11-01,11,177.2,7.7,1,4,97.6,26.4,3,1.52
P-000830,2025-12-01,12,185.8,10.0,3,6,93.2,34.8,1,1.57
P-000831,2025-01-01,1,179.0,4.4,2,5,92.5,24.8,1,1.53
P-000831,2025-02-01,2,228.3,42.5,8,10,47.8,83.2,4,4.65
P-000831,2025-03-01,3,234.6,32.0,8,8,59.2,72.7,4,3.35
P-000831,2025-04-01,4,241.5,49.3,8,12,44.2,90.2,4,4.26
P-000831,2025-05-01,5,238.1,38.7,5,12,53.4,82.8,4,5.0
P-000831,2025-06-01,6,172.9,5.5,1,7,95.4,19.3,1,1.23
P-000831,2025-07-01,7,173.4,2.6,1,5,90.3,17.5,1,1.29
P-000831,2025-08-01,8,177.2,9.7,2,3,96.3,19.8,1,1.93
P-000831,2025-09-01,9,174.3,7.3,1,5,95.5,19.3,1,1.02
P-000831,2025-10-01,10,177.9,12.4,4,3,89.6,26.2,1,1.01
P-000831,2025-11-01,11,183.1,8.1,4,3,93.1,24.2,1,1.32
P-000831,2025-12-01,12,179.3,10.7,0,4,92.0,23.7,1,1.61
P-000832,2025-01-01,1,172.7,9.4,1,3,90.4,15.7,4,1.33
P-000832,2025-02-01,2,178.5,8.7,0,4,104.6,12.5,4,1.44
P-000832,2025-03-01,3,239.0,42.3,5,9,56.0,86.6,4,4.33
P-000832,2025-04-01,4,246.2,42.3,5,8,54.6,77.4,5,4.49
P-000832,2025-05-01,5,237.6,41.6,8,10,49.6,83.3,4,3.37
P-000832,2025-06-01,6,236.7,34.7,9,9,65.2,74.3,3,3.15
P-000832,2025-07-01,7,235.5,44.8,8,9,51.9,82.0,4,3.43
P-000832,2025-08-01,8,241.3,40.5,8,11,57.1,88.2,5,4.39
P-000832,2025-09-01,9,232.2,48.9,8,13,59.2,82.8,4,3.27
P-000832,2025-10-01,10,176.4,6.5,1,6,88.0,23.2,3,1.58
P-000832,2025-11-01,11,171.1,2.7,3,6,94.4,20.0,4,1.0
P-000832,2025-12-01,12,180.8,3.9,1,6,93.8,20.6,4,1.1
P-000833,2025-01-01,1,180.0,4.3,4,6,91.6,30.2,4,1.21
P-000833,2025-02-01,2,181.2,2.0,3,4,92.6,19.8,4,1.73
P-000833,2025-03-01,3,170.3,7.7,2,5,86.4,23.7,4,2.01
P-000833,2025-04-01,4,234.3,40.3,4,10,51.3,75.3,4,4.56
P-000833,2025-05-01,5,241.8,49.8,7,14,54.3,90.8,5,5.0
P-000833,2025-06-01,6,239.8,25.7,4,11,62.5,71.2,5,5.0
P-000833,2025-07-01,7,238.1,36.1,6,11,65.1,77.6,5,4.88
P-000833,2025-08-01,8,245.1,38.4,6,10,57.3,84.7,4,4.2
P-000833,2025-09-01,9,239.6,43.6,7,12,50.1,87.5,4,3.91
P-000833,2025-10-01,10,244.6,40.8,9,14,64.1,94.1,5,4.48
P-000833,2025-11-01,11,245.0,42.8,8,8,47.6,88.1,4,4.1
P-000833,2025-12-01,12,169.5,7.4,3,4,85.1,23.7,5,1.35
P-000834,2025-01-01,1,181.7,0.0,4,6,90.3,20.5,1,1.47
P-000834,2025-02-01,2,178.1,5.1,2,4,92.2,17.2,1,1.19
P-000834,2025-03-01,3,178.4,7.7,2,5,96.7,22.4,2,1.59
P-000834,2025-04-01,4,175.6,11.8,2,6,91.4,26.5,3,1.39
P-000834,2025-05-01,5,220.0,38.3,3,5,53.9,68.3,1,3.89
P-000834,2025-06-01,6,181.1,5.0,0,6,98.3,16.2,1,1.41
P-000834,2025-07-01,7,170.6,9.1,3,5,92.7,23.6,1,1.51
P-000834,2025-08-01,8,176.0,7.2,1,4,98.0,15.9,1,1.34
P-000834,2025-09-01,9,175.6,9.1,2,4,92.3,21.7,1,1.23
P-000834,2025-10-01,10,183.4,9.6,3,3,91.7,21.3,1,1.0
P-000834,2025-11-01,11,173.6,6.7,2,5,102.3,17.8,2,1.34
P-000834,2025-12-01,12,176.8,0.0,1,3,100.9,13.6,1,1.5
P-000835,2025-01-01,1,180.9,3.1,2,5,91.7,22.1,2,1.58
P-000835,2025-02-01,2,173.5,7.8,1,6,96.1,19.6,2,1.41
P-000835,2025-03-01,3,184.8,0.0,2,3,99.2,20.4,2,1.06
P-000835,2025-04-01,4,170.9,12.5,1,5,90.4,22.9,2,1.28
P-000835,2025-05-01,5,175.4,7.2,1,3,95.9,15.4,2,1.19
P-000835,2025-06-01,6,242.9,48.5,6,11,59.3,86.8,4,3.71
P-000835,2025-07-01,7,243.5,33.6,9,12,67.8,83.0,4,4.55
P-000835,2025-08-01,8,173.5,2.2,2,5,94.5,19.1,2,1.27
P-000835,2025-09-01,9,178.8,6.7,1,5,91.4,20.8,2,1.0
P-000835,2025-10-01,10,173.5,0.0,1,7,94.8,17.1,2,1.32
P-000835,2025-11-01,11,189.6,0.5,1,5,96.9,25.2,2,1.42
P-000835,2025-12-01,12,177.8,12.5,1,5,95.1,12.8,2,1.29
P-000836,2025-01-01,1,179.8,7.1,2,5,95.3,22.8,2,1.42
P-000836,2025-02-01,2,177.0,0.9,5,4,94.2,26.5,3,1.48
P-000836,2025-03-01,3,173.2,8.4,5,4,90.3,24.4,1,1.26
P-000836,2025-04-01,4,221.9,37.0,3,7,54.8,66.2,2,3.76
P-000836,2025-05-01,5,178.3,5.5,0,5,93.7,20.4,2,1.54
P-000836,2025-06-01,6,183.3,8.6,4,5,90.8,32.4,2,1.63
P-000836,2025-07-01,7,171.4,4.7,1,6,92.0,18.4,2,1.0
P-000836,2025-08-01,8,166.9,7.9,2,5,89.7,19.9,1,1.49
P-000836,2025-09-01,9,170.4,15.3,4,4,95.8,31.4,3,1.6
P-000836,2025-10-01,10,172.6,6.9,4,4,87.9,22.2,2,1.06
P-000836,2025-11-01,11,173.7,7.4,3,5,90.0,22.1,2,1.22
P-000836,2025-12-01,12,175.4,9.0,2,4,86.8,16.2,1,1.46
P-000837,2025-01-01,1,186.2,1.9,2,5,98.3,21.4,1,1.0
P-000837,2025-02-01,2,181.3,7.1,5,6,94.8,27.3,1,1.82
P-000837,2025-03-01,3,183.6,4.5,1,6,94.2,24.3,1,1.33
P-000837,2025-04-01,4,172.1,10.3,0,5,99.0,14.8,2,1.14
P-000837,2025-05-01,5,176.1,5.8,1,7,96.9,17.3,2,1.04
P-000837,2025-06-01,6,184.1,6.4,2,5,91.3,21.0,2,1.97
P-000837,2025-07-01,7,170.4,10.6,3,6,90.0,27.2,1,1.97
P-000837,2025-08-01,8,184.1,8.3,2,4,90.7,22.3,2,1.01
P-000837,2025-09-01,9,177.0,10.3,1,5,91.6,16.8,3,1.0
P-000837,2025-10-01,10,173.2,9.8,2,5,93.6,19.9,1,1.01
P-000837,2025-11-01,11,180.4,5.3,3,5,89.7,28.0,1,1.48
P-000837,2025-12-01,12,180.7,8.2,2,4,92.1,25.5,2,1.48
P-000838,2025-01-01,1,180.3,3.1,3,5,100.7,24.6,2,1.0
P-000838,2025-02-01,2,180.0,6.4,1,4,97.3,16.7,2,1.04
P-000838,2025-03-01,3,179.9,12.0,1,3,89.7,23.0,2,1.29
P-000838,2025-04-01,4,178.1,0.6,0,3,98.5,18.3,2,1.07
P-000838,2025-05-01,5,175.7,0.0,1,4,94.2,18.6,2,1.93
P-000838,2025-06-01,6,190.3,8.8,5,5,92.7,30.2,2,1.41
P-000838,2025-07-01,7,183.7,1.6,3,4,95.9,19.6,1,1.37
P-000838,2025-08-01,8,172.5,6.1,2,5,89.7,24.4,2,1.63
P-000838,2025-09-01,9,184.2,5.0,2,4,91.2,21.5,2,1.41
P-000838,2025-10-01,10,187.0,11.5,2,4,92.0,27.7,1,1.54
P-000838,2025-11-01,11,173.0,4.0,4,6,93.6,24.0,3,1.68
P-000838,2025-12-01,12,182.0,3.6,3,5,97.9,21.6,1,1.51
P-000839,2025-01-01,1,180.4,1.0,1,4,95.7,20.7,4,1.31
P-000839,2025-02-01,2,174.9,0.7,0,4,95.4,5.0,4,1.38
P-000839,2025-03-01,3,224.7,40.1,2,11,51.3,68.5,4,3.95
P-000839,2025-04-01,4,252.9,37.3,10,12,59.3,97.2,5,4.72
P-000839,2025-05-01,5,241.0,44.9,4,8,47.1,75.4,4,3.73
P-000839,2025-06-01,6,232.5,29.5,7,11,58.1,73.9,3,3.67
P-000839,2025-07-01,7,239.8,52.7,8,13,54.1,91.4,5,4.14
P-000839,2025-08-01,8,237.7,42.7,5,13,55.5,83.0,4,4.33
P-000839,2025-09-01,9,235.6,48.5,7,9,56.0,82.0,3,3.49
P-000839,2025-10-01,10,174.6,5.8,1,4,91.2,14.2,4,1.04
P-000839,2025-11-01,11,174.0,0.0,2,4,86.4,20.7,5,1.9
P-000839,2025-12-01,12,174.3,9.5,1,5,95.3,20.2,3,1.21
P-000840,2025-01-01,1,169.3,9.6,2,5,90.7,20.7,1,1.49
P-000840,2025-02-01,2,234.9,29.5,8,7,65.7,72.7,4,4.29
P-000840,2025-03-01,3,243.7,38.1,13,10,55.1,91.5,4,4.22
P-000840,2025-04-01,4,240.6,47.8,6,8,63.9,80.9,4,4.08
P-000840,2025-05-01,5,233.2,48.9,5,9,51.0,81.4,4,4.6
P-000840,2025-06-01,6,176.1,4.4,4,7,93.2,26.8,1,1.37
P-000840,2025-07-01,7,175.3,11.6,4,4,94.5,22.5,1,1.3
P-000840,2025-08-01,8,172.7,5.3,3,5,85.7,22.5,1,1.55
P-000840,2025-09-01,9,178.1,10.0,2,3,90.3,22.4,1,1.09
P-000840,2025-10-01,10,170.8,8.3,3,6,89.2,23.2,1,2.03
P-000840,2025-11-01,11,181.3,3.7,3,4,96.7,23.0,1,1.24
P-000840,2025-12-01,12,186.3,2.9,0,5,90.7,22.6,1,1.42
P-000841,2025-01-01,1,178.7,1.5,3,5,88.0,25.1,1,1.48
P-000841,2025-02-01,2,186.0,0.0,3,3,94.8,22.9,1,1.23
P-000841,2025-03-01,3,179.0,8.2,1,4,91.4,20.2,1,1.18
P-000841,2025-04-01,4,222.1,26.8,4,7,55.6,60.1,2,3.14
P-000841,2025-05-01,5,171.3,5.1,3,4,92.5,17.7,2,1.05
P-000841,2025-06-01,6,168.4,5.5,2,3,93.2,18.2,2,1.1
P-000841,2025-07-01,7,176.2,9.4,5,4,83.5,24.5,1,1.1
P-000841,2025-08-01,8,163.6,5.7,2,5,88.0,14.4,2,1.15
P-000841,2025-09-01,9,176.6,2.1,1,6,92.4,18.8,1,1.14
P-000841,2025-10-01,10,181.9,3.0,0,4,86.9,14.5,1,1.0
P-000841,2025-11-01,11,178.7,11.3,5,6,89.8,30.9,1,1.32
P-000841,2025-12-01,12,170.1,9.1,0,5,88.4,19.8,2,1.4
P-000842,2025-01-01,1,175.2,9.3,4,5,97.4,21.3,4,1.57
P-000842,2025-02-01,2,180.2,0.5,3,3,93.5,26.3,4,1.36
P-000842,2025-03-01,3,241.3,39.4,4,9,64.4,74.6,4,3.22
P-000842,2025-04-01,4,232.4,35.7,4,9,69.6,66.4,3,3.53
P-000842,2025-05-01,5,242.6,42.8,3,10,59.6,75.2,4,4.97
P-000842,2025-06-01,6,234.5,39.4,7,14,59.9,81.9,5,4.4
P-000842,2025-07-01,7,230.9,38.6,4,10,60.3,75.8,4,4.39
P-000842,2025-08-01,8,236.3,35.3,7,10,64.4,77.1,4,4.24
P-000842,2025-09-01,9,236.1,30.1,6,8,65.4,79.4,4,4.9
P-000842,2025-10-01,10,182.1,8.6,2,6,87.1,29.6,4,1.77
P-000842,2025-11-01,11,175.8,4.5,4,3,91.8,21.7,3,1.17
P-000842,2025-12-01,12,174.5,5.1,2,4,92.3,16.7,4,1.18
P-000843,2025-01-01,1,188.3,8.9,1,4,87.6,30.4,4,1.71
P-000843,2025-02-01,2,178.9,9.0,1,4,93.4,24.4,4,1.69
P-000843,2025-03-01,3,233.8,35.0,5,12,64.8,71.3,4,4.32
P-000843,2025-04-01,4,240.9,49.2,10,14,55.1,97.1,5,4.53
P-000843,2025-05-01,5,241.6,52.6,6,12,57.8,94.3,5,4.75
P-000843,2025-06-01,6,239.5,47.9,6,10,53.4,86.1,4,3.8
P-000843,2025-07-01,7,239.1,41.2,2,14,55.9,75.0,4,4.52
P-000843,2025-08-01,8,244.4,47.6,7,13,51.6,91.4,5,5.0
P-000843,2025-09-01,9,230.6,42.2,1,10,64.6,64.2,3,2.82
P-000843,2025-10-01,10,165.5,3.8,2,6,92.5,11.1,4,1.44
P-000843,2025-11-01,11,170.0,7.3,3,4,91.3,21.4,4,1.3
P-000843,2025-12-01,12,170.7,0.0,2,6,101.4,15.1,3,1.46
P-000844,2025-01-01,1,183.2,3.2,0,5,97.0,17.7,5,1.54
P-000844,2025-02-01,2,177.7,4.5,0,4,93.3,17.0,5,1.0
P-000844,2025-03-01,3,180.3,4.9,0,3,94.9,18.2,4,1.29
P-000844,2025-04-01,4,236.8,35.4,8,11,59.7,84.3,5,4.63
P-000844,2025-05-01,5,252.1,44.7,7,11,63.8,89.7,5,4.67
P-000844,2025-06-01,6,249.3,34.9,8,10,69.1,83.5,5,4.69
P-000844,2025-07-01,7,240.1,42.3,5,8,64.4,81.5,4,4.15
P-000844,2025-08-01,8,239.3,41.6,3,12,55.1,80.1,5,3.94
P-000844,2025-09-01,9,236.5,45.8,11,8,60.5,86.7,4,4.86
P-000844,2025-10-01,10,242.3,53.9,8,11,49.4,98.0,5,4.71
P-000844,2025-11-01,11,240.0,46.8,6,12,49.8,95.2,4,3.5
P-000844,2025-12-01,12,177.1,2.2,3,6,97.7,22.6,5,1.28
P-000845,2025-01-01,1,168.5,5.3,2,5,96.0,19.1,1,1.67
P-000845,2025-02-01,2,237.5,40.2,7,10,69.3,78.4,4,4.03
P-000845,2025-03-01,3,236.9,32.6,9,12,65.6,84.1,4,4.24
P-000845,2025-04-01,4,239.5,37.4,3,13,64.8,73.3,4,3.72
P-000845,2025-05-01,5,242.1,43.7,5,14,57.8,88.7,4,4.59
P-000845,2025-06-01,6,185.3,6.1,1,5,95.2,27.7,1,1.78
P-000845,2025-07-01,7,179.3,5.8,0,5,91.4,18.4,1,1.0
P-000845,2025-08-01,8,175.6,10.8,3,5,98.2,20.3,1,1.92
P-000845,2025-09-01,9,180.5,3.2,3,5,95.7,23.4,1,1.22
P-000845,2025-10-01,10,168.9,2.1,0,4,97.7,10.3,1,1.0
P-000845,2025-11-01,11,171.6,9.9,3,5,90.8,22.1,1,1.79
P-000845,2025-12-01,12,167.0,8.6,4,6,93.6,22.9,1,1.12
P-000846,2025-01-01,1,181.9,0.2,1,5,93.1,19.1,5,1.75
P-000846,2025-02-01,2,176.7,0.0,3,4,98.9,17.6,4,1.03
P-000846,2025-03-01,3,171.8,10.2,1,5,91.4,24.4,5,1.66
P-000846,2025-04-01,4,243.7,31.3,3,12,55.6,71.2,4,4.47
P-000846,2025-05-01,5,249.8,37.2,10,7,60.8,89.1,5,4.29
P-000846,2025-06-01,6,243.0,41.9,6,9,64.6,89.6,5,4.55
P-000846,2025-07-01,7,243.3,42.6,7,8,62.1,82.5,4,4.13
P-000846,2025-08-01,8,251.1,41.5,3,11,63.7,79.6,5,3.88
P-000846,2025-09-01,9,250.9,38.3,14,11,57.7,98.0,5,4.49
P-000846,2025-10-01,10,233.1,36.7,9,13,65.8,82.8,4,4.23
P-000846,2025-11-01,11,243.6,40.9,10,12,50.9,94.7,4,4.3
P-000846,2025-12-01,12,160.1,2.7,0,5,93.0,5.0,5,1.17
P-000847,2025-01-01,1,196.3,8.8,3,5,94.7,25.6,2,1.24
P-000847,2025-02-01,2,175.3,6.2,1,5,97.2,21.0,2,1.07
P-000847,2025-03-01,3,183.9,8.2,4,5,86.4,26.8,2,1.01
P-000847,2025-04-01,4,172.2,4.1,2,6,95.1,22.2,2,1.55
P-000847,2025-05-01,5,172.8,5.3,0,6,94.0,19.0,2,1.65
P-000847,2025-06-01,6,249.1,23.1,11,11,66.2,87.9,4,4.55
P-000847,2025-07-01,7,222.1,45.3,6,10,56.1,77.2,4,3.91
P-000847,2025-08-01,8,167.1,5.1,5,3,96.9,18.6,2,1.0
P-000847,2025-09-01,9,176.0,7.3,1,6,96.8,14.2,2,1.14
P-000847,2025-10-01,10,172.4,7.1,1,4,89.3,13.7,2,1.92
P-000847,2025-11-01,11,165.6,2.3,3,5,97.3,22.3,2,1.18
P-000847,2025-12-01,12,184.4,9.7,1,5,100.6,18.8,2,1.23
P-000848,2025-01-01,1,176.6,2.2,1,5,99.2,13.8,1,1.93
P-000848,2025-02-01,2,238.1,38.8,6,12,67.4,83.0,4,3.84
P-000848,2025-03-01,3,233.8,30.1,6,10,66.0,72.4,4,3.96
P-000848,2025-04-01,4,235.4,35.1,8,15,62.9,81.7,4,3.71
P-000848,2025-05-01,5,238.0,33.9,5,12,53.7,84.1,4,4.27
P-000848,2025-06-01,6,184.5,6.5,3,6,90.0,24.7,1,1.8
P-000848,2025-07-01,7,176.8,8.6,2,4,96.6,20.3,1,1.45
P-000848,2025-08-01,8,175.0,11.0,2,4,91.9,12.2,1,1.42
P-000848,2025-09-01,9,175.9,5.4,5,5,99.1,25.0,1,1.57
P-000848,2025-10-01,10,189.3,11.5,3,4,85.5,23.6,1,1.16
P-000848,2025-11-01,11,173.0,5.1,2,5,88.3,17.8,1,1.6
P-000848,2025-12-01,12,172.8,6.8,1,3,98.3,12.5,1,1.47
P-000849,2025-01-01,1,182.7,0.0,1,7,89.0,23.2,5,1.39
P-000849,2025-02-01,2,174.4,0.0,0,5,92.4,9.4,5,1.25
P-000849,2025-03-01,3,173.8,10.6,2,5,95.0,24.9,5,1.88
P-000849,2025-04-01,4,227.2,25.8,9,9,58.6,75.6,5,4.79
P-000849,2025-05-01,5,248.6,49.7,2,12,47.7,82.2,5,3.71
P-000849,2025-06-01,6,238.2,41.9,9,12,50.8,85.9,5,4.27
P-000849,2025-07-01,7,235.7,39.3,5,11,57.1,79.1,4,4.5
P-000849,2025-08-01,8,246.9,37.1,9,14,58.0,90.2,5,4.2
P-000849,2025-09-01,9,228.5,41.2,7,9,52.4,74.7,4,4.58
P-000849,2025-10-01,10,246.8,40.6,7,17,54.7,96.4,5,5.0
P-000849,2025-11-01,11,229.1,38.7,7,12,49.9,83.6,5,4.1
P-000849,2025-12-01,12,177.9,1.4,1,3,98.2,20.3,4,1.43
P-000850,2025-01-01,1,174.4,6.9,0,3,96.6,22.0,3,1.79
P-000850,2025-02-01,2,173.7,8.7,2,4,90.7,24.4,4,1.26
P-000850,2025-03-01,3,220.0,42.2,3,11,54.3,68.8,4,4.45
P-000850,2025-04-01,4,247.6,47.0,7,8,58.1,87.6,4,4.35
P-000850,2025-05-01,5,246.9,41.6,8,12,66.5,87.9,4,3.78
P-000850,2025-06-01,6,238.1,42.4,11,8,65.6,90.1,4,4.58
P-000850,2025-07-01,7,228.7,42.8,2,10,54.3,68.4,3,3.78
P-000850,2025-08-01,8,234.2,46.4,5,6,51.7,80.0,3,3.28
P-000850,2025-09-01,9,236.7,41.0,9,7,56.3,88.9,4,4.74
P-000850,2025-10-01,10,175.5,8.2,4,3,92.2,23.0,4,1.37
P-000850,2025-11-01,11,179.8,5.1,4,5,97.6,20.6,3,1.19
P-000850,2025-12-01,12,176.2,0.0,3,5,98.9,21.7,4,2.22
P-000851,2025-01-01,1,169.3,1.3,3,4,93.9,20.0,2,1.35
P-000851,2025-02-01,2,176.6,10.9,3,3,92.1,22.9,2,1.78
P-000851,2025-03-01,3,173.7,7.5,2,6,94.2,24.1,1,1.5
P-000851,2025-04-01,4,166.6,5.6,2,6,89.7,21.6,1,1.56
P-000851,2025-05-01,5,158.3,13.9,4,5,91.9,21.2,2,1.43
P-000851,2025-06-01,6,170.7,9.7,4,4,86.3,23.7,1,1.58
P-000851,2025-07-01,7,176.8,12.5,3,3,90.0,28.8,1,1.02
P-000851,2025-08-01,8,172.5,8.9,4,4,92.7,27.8,1,1.55
P-000851,2025-09-01,9,179.8,5.9,1,3,93.4,20.0,2,1.36
P-000851,2025-10-01,10,171.2,4.4,1,5,93.4,23.8,3,1.43
P-000851,2025-11-01,11,172.1,0.5,3,6,93.6,19.1,1,1.0
P-000851,2025-12-01,12,174.4,6.9,1,5,91.3,15.3,1,1.89
P-000852,2025-01-01,1,183.3,8.2,1,5,91.8,24.3,2,1.52
P-000852,2025-02-01,2,173.7,9.9,1,4,99.6,14.3,1,1.15
P-000852,2025-03-01,3,177.2,9.5,1,4,95.8,18.9,2,1.59
P-000852,2025-04-01,4,181.7,5.7,0,4,99.5,13.8,1,1.46
P-000852,2025-05-01,5,170.6,1.8,1,5,91.3,13.4,1,1.24
P-000852,2025-06-01,6,161.8,5.4,3,5,95.4,15.6,2,1.0
P-000852,2025-07-01,7,175.1,9.0,5,5,98.6,27.0,3,1.21
P-000852,2025-08-01,8,173.9,4.7,3,4,97.2,19.6,2,1.53
P-000852,2025-09-01,9,162.9,2.9,2,4,96.1,17.6,2,1.0
P-000852,2025-10-01,10,167.1,4.3,3,5,91.0,16.2,2,1.34
P-000852,2025-11-01,11,176.8,6.7,0,4,92.1,16.5,2,1.13
P-000852,2025-12-01,12,173.7,3.0,5,5,103.3,23.5,2,1.48
P-000853,2025-01-01,1,167.5,5.7,1,5,91.3,14.4,2,1.48
P-000853,2025-02-01,2,174.9,10.4,1,4,92.4,19.5,1,1.44
P-000853,2025-03-01,3,174.4,11.5,0,5,97.8,21.5,1,1.28
P-000853,2025-04-01,4,176.2,4.4,1,4,95.5,18.0,1,1.0
P-000853,2025-05-01,5,170.5,4.0,1,7,90.8,19.4,2,1.69
P-000853,2025-06-01,6,178.2,0.8,0,4,93.1,15.2,1,1.77
P-000853,2025-07-01,7,178.8,3.3,5,5,90.2,25.3,2,1.7
P-000853,2025-08-01,8,179.7,9.3,4,4,87.4,27.1,2,1.0
P-000853,2025-09-01,9,177.8,2.1,3,5,95.2,22.2,1,1.36
P-000853,2025-10-01,10,180.4,0.0,2,6,102.2,22.1,2,1.93
P-000853,2025-11-01,11,174.6,7.5,2,3,88.3,19.3,1,1.08
P-000853,2025-12-01,12,165.6,9.8,3,4,101.2,19.9,1,1.33
P-000854,2025-01-01,1,180.6,0.0,1,5,89.9,14.7,2,1.12
P-000854,2025-02-01,2,179.5,1.6,2,4,88.9,25.1,1,1.74
P-000854,2025-03-01,3,172.1,11.6,2,4,87.6,27.2,1,1.36
P-000854,2025-04-01,4,170.6,7.4,5,5,92.0,32.3,1,1.83
P-000854,2025-05-01,5,178.4,6.5,2,6,95.8,21.8,2,1.52
P-000854,2025-06-01,6,180.1,5.5,5,6,91.1,28.4,1,1.68
P-000854,2025-07-01,7,177.0,5.2,4,3,94.4,18.0,1,1.37
P-000854,2025-08-01,8,165.3,1.6,1,5,92.8,14.0,1,1.37
P-000854,2025-09-01,9,175.2,8.3,1,6,86.9,18.5,2,1.54
P-000854,2025-10-01,10,175.0,8.1,1,3,95.4,15.2,1,1.09
P-000854,2025-11-01,11,171.6,6.0,4,3,90.4,18.8,2,1.53
P-000854,2025-12-01,12,178.6,0.0,3,4,91.4,19.7,1,1.63
P-000855,2025-01-01,1,177.4,3.2,0,5,96.0,17.1,5,1.46
P-000855,2025-02-01,2,183.0,9.9,0,6,87.3,21.0,3,1.28
P-000855,2025-03-01,3,245.1,28.3,9,9,58.8,80.5,4,4.11
P-000855,2025-04-01,4,234.3,24.9,5,13,65.1,67.8,3,3.87
P-000855,2025-05-01,5,230.1,37.2,10,15,58.6,87.4,5,5.0
P-000855,2025-06-01,6,227.0,41.1,7,10,61.3,71.3,4,3.82
P-000855,2025-07-01,7,237.5,37.7,2,8,56.0,70.1,4,3.82
P-000855,2025-08-01,8,231.2,30.4,1,10,65.1,64.9,3,3.72
P-000855,2025-09-01,9,241.6,45.2,5,14,58.1,82.3,4,3.46
P-000855,2025-10-01,10,176.1,2.5,0,5,91.8,14.1,4,2.03
P-000855,2025-11-01,11,171.1,7.3,2,5,95.7,17.4,4,1.19
P-000855,2025-12-01,12,171.5,11.7,2,5,92.4,21.4,4,1.72
P-000856,2025-01-01,1,186.5,7.4,1,5,90.0,24.6,1,1.61
P-000856,2025-02-01,2,176.2,12.7,1,4,91.0,16.6,3,1.37
P-000856,2025-03-01,3,164.7,4.8,4,5,100.0,22.7,1,1.65
P-000856,2025-04-01,4,175.8,12.5,2,4,88.1,23.5,3,1.57
P-000856,2025-05-01,5,174.5,4.7,2,4,89.6,21.6,3,1.85
P-000856,2025-06-01,6,175.0,6.0,1,3,92.9,16.3,2,1.0
P-000856,2025-07-01,7,186.6,6.1,1,5,91.0,23.9,1,1.37
P-000856,2025-08-01,8,170.3,7.7,2,4,86.4,19.7,1,1.45
P-000856,2025-09-01,9,178.6,5.0,3,3,90.6,22.2,1,1.81
P-000856,2025-10-01,10,188.7,9.4,2,6,99.1,30.0,2,1.65
P-000856,2025-11-01,11,178.3,4.8,1,4,92.5,18.7,2,1.58
P-000856,2025-12-01,12,176.8,5.8,2,6,87.1,23.7,1,1.29
P-000857,2025-01-01,1,175.3,9.2,2,3,84.7,18.9,5,1.46
P-000857,2025-02-01,2,182.0,0.0,3,3,95.9,21.6,4,1.68
P-000857,2025-03-01,3,159.4,2.6,4,5,88.2,21.6,4,1.0
P-000857,2025-04-01,4,235.6,39.4,6,6,59.4,71.8,4,3.51
P-000857,2025-05-01,5,232.0,26.4,8,10,72.7,71.2,4,4.2
P-000857,2025-06-01,6,231.7,56.8,4,9,54.9,84.9,4,4.16
P-000857,2025-07-01,7,244.8,41.7,3,10,67.8,77.5,4,4.33
P-000857,2025-08-01,8,236.4,40.6,3,10,64.1,73.1,3,3.76
P-000857,2025-09-01,9,180.5,12.2,2,5,90.2,25.0,4,1.81
P-000857,2025-10-01,10,177.0,2.3,2,5,94.2,17.7,4,1.14
P-000857,2025-11-01,11,171.3,7.0,1,5,96.1,16.6,4,1.63
P-000857,2025-12-01,12,180.6,9.7,0,3,90.2,17.8,5,2.21
P-000858,2025-01-01,1,175.1,2.0,1,6,89.0,22.6,4,1.91
P-000858,2025-02-01,2,173.3,12.8,0,4,91.7,18.2,4,1.95
P-000858,2025-03-01,3,239.8,46.2,9,9,55.5,94.5,4,4.18
P-000858,2025-04-01,4,248.7,32.8,4,16,60.3,77.4,4,4.0
P-000858,2025-05-01,5,232.3,31.7,6,12,59.4,76.1,4,4.24
P-000858,2025-06-01,6,229.3,32.9,3,12,52.5,72.9,3,3.46
P-000858,2025-07-01,7,245.9,29.7,7,12,60.9,78.8,4,4.1
P-000858,2025-08-01,8,227.9,34.4,4,11,57.5,77.1,3,3.28
P-000858,2025-09-01,9,234.2,46.0,6,13,64.5,76.9,4,3.42
P-000858,2025-10-01,10,172.9,13.4,3,4,89.3,24.1,4,1.32
P-000858,2025-11-01,11,187.3,14.3,2,6,86.9,26.5,5,1.24
P-000858,2025-12-01,12,169.5,13.0,1,5,87.3,24.3,4,1.71
P-000859,2025-01-01,1,167.3,3.7,1,4,94.6,12.2,2,1.52
P-000859,2025-02-01,2,186.2,14.2,1,4,86.2,30.1,2,1.66
P-000859,2025-03-01,3,175.2,10.8,5,5,93.5,25.9,2,1.45
P-000859,2025-04-01,4,178.8,3.0,1,3,92.1,18.3,2,1.88
P-000859,2025-05-01,5,182.6,13.6,0,5,93.8,26.4,3,1.63
P-000859,2025-06-01,6,183.7,3.1,0,5,94.3,17.8,1,1.44
P-000859,2025-07-01,7,172.6,11.5,3,4,97.9,22.8,2,1.65
P-000859,2025-08-01,8,170.4,9.7,2,4,91.8,19.5,3,1.9
P-000859,2025-09-01,9,171.5,6.7,0,3,94.0,13.3,1,1.95
P-000859,2025-10-01,10,176.8,12.5,2,5,89.8,23.3,2,1.46
P-000859,2025-11-01,11,182.1,13.8,1,3,87.6,29.1,2,1.58
P-000859,2025-12-01,12,184.8,3.5,1,5,99.2,17.6,2,1.11
P-000860,2025-01-01,1,177.3,5.1,2,5,87.8,21.8,1,1.42
P-000860,2025-02-01,2,177.2,0.6,3,5,92.7,27.3,1,1.89
P-000860,2025-03-01,3,169.5,7.6,2,4,95.6,18.0,2,1.51
P-000860,2025-04-01,4,170.1,2.1,1,5,100.2,13.2,2,1.33
P-000860,2025-05-01,5,181.7,3.5,2,4,93.5,17.7,2,1.76
P-000860,2025-06-01,6,174.0,10.9,4,5,98.0,22.2,2,1.54
P-000860,2025-07-01,7,171.5,2.4,5,5,91.2,21.4,1,1.42
P-000860,2025-08-01,8,178.4,0.0,2,6,90.5,21.0,2,1.21
P-000860,2025-09-01,9,176.4,9.4,1,7,89.1,22.3,2,1.79
P-000860,2025-10-01,10,171.0,9.9,2,3,91.3,21.7,2,1.33
P-000860,2025-11-01,11,177.2,0.2,3,5,95.1,20.3,1,1.0
P-000860,2025-12-01,12,179.5,6.0,5,4,97.4,15.0,2,1.46
P-000861,2025-01-01,1,179.7,3.4,5,5,95.9,22.3,1,1.62
P-000861,2025-02-01,2,171.9,10.7,2,3,87.1,22.4,2,1.13
P-000861,2025-03-01,3,180.7,5.1,0,5,90.0,22.2,1,1.29
P-000861,2025-04-01,4,180.9,14.5,5,5,97.4,32.7,1,1.37
P-000861,2025-05-01,5,169.2,4.9,3,4,83.7,15.9,3,1.15
P-000861,2025-06-01,6,179.9,12.3,1,5,86.0,27.3,3,1.35
P-000861,2025-07-01,7,177.9,8.6,2,5,95.2,20.4,2,1.45
P-000861,2025-08-01,8,172.2,4.5,0,4,97.3,11.0,2,1.47
P-000861,2025-09-01,9,174.2,3.3,3,5,94.3,23.4,2,2.04
P-000861,2025-10-01,10,176.6,0.9,4,4,100.1,19.6,2,1.18
P-000861,2025-11-01,11,169.3,3.3,2,6,93.6,17.8,3,1.05
P-000861,2025-12-01,12,171.0,5.1,2,3,101.1,11.1,2,1.64
P-000862,2025-01-01,1,185.3,11.3,0,5,88.3,21.6,1,1.54
P-000862,2025-02-01,2,171.4,8.4,1,5,95.9,22.0,2,1.36
P-000862,2025-03-01,3,186.3,3.8,2,4,90.9,21.7,2,1.41
P-000862,2025-04-01,4,164.8,0.0,1,5,97.5,12.9,2,1.04
P-000862,2025-05-01,5,178.3,11.8,2,4,90.3,21.9,1,1.57
P-000862,2025-06-01,6,174.3,6.6,4,6,92.6,21.1,1,1.02
P-000862,2025-07-01,7,171.6,6.7,1,5,90.2,17.5,3,1.48
P-000862,2025-08-01,8,167.1,7.4,0,6,94.9,19.1,2,1.12
P-000862,2025-09-01,9,177.1,10.9,3,5,83.7,27.2,2,1.23
P-000862,2025-10-01,10,172.2,6.1,2,5,93.6,18.4,1,1.2
P-000862,2025-11-01,11,177.8,3.4,3,4,94.5,19.3,1,1.24
P-000862,2025-12-01,12,162.7,3.0,5,3,97.0,19.6,1,1.73
P-000863,2025-01-01,1,169.1,0.0,1,5,96.7,12.1,4,1.24
P-000863,2025-02-01,2,183.1,3.1,1,5,96.4,23.0,3,1.15
P-000863,2025-03-01,3,181.4,0.0,1,4,98.1,19.1,5,1.61
P-000863,2025-04-01,4,235.1,45.3,4,9,54.1,73.8,3,3.93
P-000863,2025-05-01,5,250.8,51.2,3,10,50.6,87.6,5,4.52
P-000863,2025-06-01,6,231.2,42.0,8,10,61.9,88.0,4,5.0
P-000863,2025-07-01,7,242.8,33.7,7,7,60.4,80.6,4,4.24
P-000863,2025-08-01,8,241.0,49.9,6,13,49.6,88.9,4,4.49
P-000863,2025-09-01,9,184.9,7.6,1,4,95.2,19.5,5,1.33
P-000863,2025-10-01,10,167.9,10.1,3,3,87.3,21.1,5,1.71
P-000863,2025-11-01,11,183.1,5.5,1,4,100.8,21.1,3,1.3
P-000863,2025-12-01,12,170.3,0.0,2,4,97.0,12.1,3,1.36
P-000864,2025-01-01,1,178.4,2.0,1,4,92.8,19.0,4,1.06
P-000864,2025-02-01,2,175.6,3.5,0,4,85.6,17.3,3,1.66
P-000864,2025-03-01,3,178.3,2.5,0,4,87.7,17.8,3,1.56
P-000864,2025-04-01,4,234.0,32.7,3,9,61.2,68.4,3,3.58
P-000864,2025-05-01,5,237.9,36.4,7,13,62.3,80.8,4,4.69
P-000864,2025-06-01,6,246.6,46.8,3,9,61.7,81.8,4,3.97
P-000864,2025-07-01,7,226.5,39.5,5,10,56.7,72.0,3,3.31
P-000864,2025-08-01,8,222.7,24.3,6,13,57.5,67.4,3,3.33
P-000864,2025-09-01,9,194.3,5.4,3,4,94.2,26.1,4,1.36
P-000864,2025-10-01,10,185.9,5.2,3,4,87.2,28.4,4,1.67
P-000864,2025-11-01,11,187.6,3.7,2,4,94.8,19.5,3,1.5
P-000864,2025-12-01,12,173.6,2.8,1,4,95.8,14.6,4,1.6
P-000865,2025-01-01,1,169.3,11.4,0,3,93.5,17.6,2,1.28
P-000865,2025-02-01,2,166.2,5.4,2,5,96.5,14.7,2,1.58
P-000865,2025-03-01,3,184.3,9.5,4,4,95.1,26.1,2,1.09
P-000865,2025-04-01,4,190.6,11.0,2,4,87.3,26.8,2,1.35
P-000865,2025-05-01,5,164.1,0.0,2,7,89.9,15.3,2,1.4
P-000865,2025-06-01,6,233.5,45.5,5,14,56.2,80.3,4,3.85
P-000865,2025-07-01,7,246.1,57.5,10,12,44.4,98.0,4,4.64
P-000865,2025-08-01,8,180.3,6.7,4,3,85.1,26.5,2,1.03
P-000865,2025-09-01,9,171.3,8.1,2,4,94.0,16.6,2,1.37
P-000865,2025-10-01,10,167.4,10.3,0,4,96.7,11.9,2,1.43
P-000865,2025-11-01,11,164.7,10.7,5,4,85.2,25.5,2,1.1
P-000865,2025-12-01,12,163.0,8.0,0,6,95.0,15.5,2,1.66
P-000866,2025-01-01,1,181.9,2.7,3,6,95.6,23.2,3,1.58
P-000866,2025-02-01,2,172.6,0.0,1,3,94.4,14.3,1,1.0
P-000866,2025-03-01,3,181.9,0.2,1,4,94.0,21.2,1,1.68
P-000866,2025-04-01,4,178.6,2.6,1,4,98.6,22.5,2,1.48
P-000866,2025-05-01,5,172.8,0.0,3,5,93.9,19.9,2,1.29
P-000866,2025-06-01,6,183.7,9.6,1,5,91.2,15.6,2,1.77
P-000866,2025-07-01,7,178.3,10.0,0,5,94.4,16.4,3,1.36
P-000866,2025-08-01,8,188.0,5.2,0,4,91.5,16.0,1,1.35
P-000866,2025-09-01,9,175.0,6.2,3,4,89.1,19.9,3,1.31
P-000866,2025-10-01,10,184.9,1.2,2,5,96.7,21.1,1,1.48
P-000866,2025-11-01,11,170.5,6.2,3,4,87.1,24.3,1,1.27
P-000866,2025-12-01,12,168.1,0.0,0,5,97.7,8.6,3,1.51
P-000867,2025-01-01,1,178.6,7.0,2,4,96.3,20.7,4,1.09
P-000867,2025-02-01,2,175.4,1.7,0,6,98.8,12.2,3,1.59
P-000867,2025-03-01,3,232.8,45.4,7,8,59.4,78.5,3,3.46
P-000867,2025-04-01,4,246.8,49.1,7,12,65.7,91.0,4,4.21
P-000867,2025-05-01,5,249.7,41.0,10,10,61.9,92.4,4,4.2
P-000867,2025-06-01,6,235.6,36.0,9,9,61.9,84.7,4,4.67
P-000867,2025-07-01,7,252.4,41.5,11,9,60.8,98.0,4,4.35
P-000867,2025-08-01,8,231.6,42.8,8,8,66.0,73.8,3,4.14
P-000867,2025-09-01,9,237.4,46.2,6,9,62.7,81.7,4,4.38
P-000867,2025-10-01,10,185.0,7.9,4,5,97.1,23.4,3,1.33
P-000867,2025-11-01,11,177.7,7.0,2,5,94.5,19.9,4,1.81
P-000867,2025-12-01,12,183.1,6.5,2,3,95.7,24.0,4,1.53
P-000868,2025-01-01,1,182.0,7.5,3,4,97.1,22.8,2,1.59
P-000868,2025-02-01,2,183.6,3.7,5,3,98.6,26.5,2,1.0
P-000868,2025-03-01,3,177.6,2.8,1,5,98.4,17.2,1,1.67
P-000868,2025-04-01,4,177.6,2.3,3,3,91.8,27.4,1,1.41
P-000868,2025-05-01,5,170.7,5.6,5,5,96.6,21.4,1,1.53
P-000868,2025-06-01,6,177.2,11.9,2,3,91.1,14.0,2,1.58
P-000868,2025-07-01,7,179.2,16.6,0,3,94.9,23.5,1,2.08
P-000868,2025-08-01,8,190.5,6.9,1,4,99.2,21.6,1,1.08
P-000868,2025-09-01,9,176.4,5.4,1,6,90.4,16.7,2,1.0
P-000868,2025-10-01,10,177.6,1.6,3,5,94.6,21.9,2,1.7
P-000868,2025-11-01,11,176.3,10.5,2,3,83.7,21.9,2,1.29
P-000868,2025-12-01,12,171.9,7.6,3,7,97.4,22.7,2,1.63
P-000869,2025-01-01,1,165.2,6.3,3,3,98.1,17.3,2,1.35
P-000869,2025-02-01,2,174.0,11.7,4,5,94.2,19.0,2,1.31
P-000869,2025-03-01,3,169.4,9.1,1,5,91.7,16.1,2,1.04
P-000869,2025-04-01,4,157.3,5.1,2,5,103.5,12.2,2,1.0
P-000869,2025-05-01,5,178.9,3.3,3,4,94.1,20.8,2,1.43
P-000869,2025-06-01,6,236.9,48.6,9,14,58.1,87.7,4,4.09
P-000869,2025-07-01,7,227.2,43.6,7,10,53.5,85.5,4,4.54
P-000869,2025-08-01,8,184.6,5.5,1,5,95.3,26.2,2,1.06
P-000869,2025-09-01,9,168.9,8.8,5,3,95.5,21.4,2,1.0
P-000869,2025-10-01,10,166.5,8.0,5,5,93.7,24.9,2,1.6
P-000869,2025-11-01,11,180.3,7.0,1,5,89.4,19.7,2,1.47
P-000869,2025-12-01,12,177.7,3.3,5,5,94.3,29.9,2,1.78
P-000870,2025-01-01,1,167.4,6.4,1,5,93.7,14.9,4,1.0
P-000870,2025-02-01,2,183.1,10.2,1,3,95.6,26.8,4,1.68
P-000870,2025-03-01,3,176.7,0.0,2,4,104.1,14.0,4,1.48
P-000870,2025-04-01,4,239.9,27.5,4,8,62.7,72.7,4,3.42
P-000870,2025-05-01,5,257.9,42.1,8,8,47.5,97.7,5,4.83
P-000870,2025-06-01,6,234.0,31.8,3,9,64.3,74.4,4,4.4
P-000870,2025-07-01,7,230.8,36.1,6,11,59.7,74.0,3,3.83
P-000870,2025-08-01,8,240.1,47.3,4,8,60.0,78.3,3,4.63
P-000870,2025-09-01,9,170.3,2.4,0,3,95.0,9.9,4,1.26
P-000870,2025-10-01,10,179.9,1.0,1,4,100.7,21.5,3,1.69
P-000870,2025-11-01,11,188.4,8.3,3,5,90.9,28.3,3,1.52
P-000870,2025-12-01,12,165.3,9.4,2,3,99.1,19.2,5,1.26
P-000871,2025-01-01,1,172.5,4.6,2,3,90.0,17.5,3,1.0
P-000871,2025-02-01,2,189.7,7.6,3,4,90.4,27.8,5,1.4
P-000871,2025-03-01,3,224.0,36.4,5,9,62.2,65.2,3,3.72
P-000871,2025-04-01,4,250.0,43.4,2,13,57.0,74.8,5,4.15
P-000871,2025-05-01,5,238.3,38.5,4,15,57.7,77.4,4,4.36
P-000871,2025-06-01,6,243.6,31.5,5,12,66.4,74.6,4,3.4
P-000871,2025-07-01,7,239.6,49.3,3,11,62.4,73.8,3,3.18
P-000871,2025-08-01,8,237.5,45.1,6,10,49.1,85.9,4,4.58
P-000871,2025-09-01,9,230.4,44.4,9,10,58.1,83.8,4,3.01
P-000871,2025-10-01,10,173.5,0.0,1,6,103.0,17.3,3,1.66
P-000871,2025-11-01,11,175.4,3.8,0,4,92.2,13.9,3,1.54
P-000871,2025-12-01,12,181.7,5.0,0,3,90.2,22.3,4,1.07
P-000872,2025-01-01,1,174.0,3.5,0,5,93.2,18.2,1,1.24
P-000872,2025-02-01,2,172.1,8.4,2,3,84.0,16.4,3,1.51
P-000872,2025-03-01,3,172.8,5.1,2,4,94.8,16.4,1,1.34
P-000872,2025-04-01,4,168.6,6.9,3,5,89.9,22.3,2,1.2
P-000872,2025-05-01,5,222.5,30.1,4,6,53.9,55.4,1,2.05
P-000872,2025-06-01,6,184.9,0.0,2,4,90.9,24.9,2,1.43
P-000872,2025-07-01,7,171.8,5.1,3,4,98.1,26.8,2,1.75
P-000872,2025-08-01,8,179.1,5.4,4,4,96.8,22.7,2,1.39
P-000872,2025-09-01,9,171.1,11.3,1,4,89.8,18.9,2,1.08
P-000872,2025-10-01,10,176.4,13.4,1,6,88.9,18.7,1,1.27
P-000872,2025-11-01,11,175.5,0.0,1,5,98.3,15.9,3,1.16
P-000872,2025-12-01,12,190.2,2.7,2,4,102.0,21.9,2,1.68
P-000873,2025-01-01,1,174.5,6.5,1,4,88.4,12.8,4,1.19
P-000873,2025-02-01,2,168.4,3.7,3,4,93.5,15.4,3,1.33
P-000873,2025-03-01,3,232.6,21.6,9,13,58.1,79.0,4,4.4
P-000873,2025-04-01,4,246.0,49.5,5,11,63.2,89.1,4,4.33
P-000873,2025-05-01,5,235.7,43.7,6,15,54.4,84.3,4,3.85
P-000873,2025-06-01,6,233.6,30.6,6,11,63.3,72.4,4,3.56
P-000873,2025-07-01,7,245.8,48.8,6,7,57.4,83.1,5,4.93
P-000873,2025-08-01,8,226.9,34.9,9,11,53.8,73.1,3,4.0
P-000873,2025-09-01,9,231.1,48.6,4,7,60.2,74.5,3,3.84
P-000873,2025-10-01,10,180.2,0.6,1,6,88.8,20.0,4,1.72
P-000873,2025-11-01,11,173.2,10.7,4,3,93.6,25.0,4,1.21
P-000873,2025-12-01,12,186.0,6.2,1,3,85.8,15.6,4,1.31
P-000874,2025-01-01,1,176.4,0.0,1,5,97.4,16.0,3,1.0
P-000874,2025-02-01,2,175.3,6.0,2,5,98.9,16.2,5,1.32
P-000874,2025-03-01,3,183.1,9.3,0,5,94.7,21.0,3,1.2
P-000874,2025-04-01,4,239.6,37.0,7,10,60.9,76.6,3,3.54
P-000874,2025-05-01,5,225.5,45.9,7,10,58.2,78.0,4,4.08
P-000874,2025-06-01,6,236.8,52.4,6,8,57.3,88.7,4,4.74
P-000874,2025-07-01,7,230.0,29.8,1,11,59.6,66.2,4,3.73
P-000874,2025-08-01,8,228.9,37.3,4,7,56.9,71.0,3,3.57
P-000874,2025-09-01,9,165.5,0.0,2,3,96.0,12.4,3,1.82
P-000874,2025-10-01,10,187.3,0.6,1,5,93.4,21.4,3,1.0
P-000874,2025-11-01,11,171.0,0.0,3,4,98.3,16.6,4,1.56
P-000874,2025-12-01,12,177.2,4.6,2,4,96.7,18.9,5,1.19
P-000875,2025-01-01,1,186.9,7.2,1,5,90.4,22.9,1,1.19
P-000875,2025-02-01,2,172.3,4.1,2,5,86.6,20.4,1,1.28
P-000875,2025-03-01,3,186.6,9.2,2,4,86.3,26.4,2,1.43
P-000875,2025-04-01,4,172.1,6.6,2,4,95.1,19.3,1,1.52
P-000875,2025-05-01,5,178.9,6.1,3,4,97.0,14.8,1,1.61
P-000875,2025-06-01,6,174.8,4.2,1,5,90.0,19.8,2,1.0
P-000875,2025-07-01,7,177.4,0.0,1,5,88.1,21.2,1,1.52
P-000875,2025-08-01,8,168.5,10.9,3,4,91.3,15.6,2,1.57
P-000875,2025-09-01,9,173.4,0.8,0,3,98.8,14.9,2,1.21
P-000875,2025-10-01,10,176.5,8.1,3,4,88.3,25.1,2,1.23
P-000875,2025-11-01,11,184.4,9.9,3,5,93.3,23.3,2,1.68
P-000875,2025-12-01,12,165.9,1.6,5,5,95.1,22.0,1,1.08
P-000876,2025-01-01,1,183.9,7.8,1,5,88.7,24.0,2,1.44
P-000876,2025-02-01,2,174.1,5.9,2,4,93.2,24.9,2,1.84
P-000876,2025-03-01,3,169.9,1.6,1,6,92.4,17.2,1,1.14
P-000876,2025-04-01,4,171.6,7.3,1,5,97.3,15.0,1,1.2
P-000876,2025-05-01,5,164.8,4.5,1,5,92.5,16.3,3,1.52
P-000876,2025-06-01,6,169.4,6.3,2,5,86.6,19.4,1,1.63
P-000876,2025-07-01,7,173.4,2.6,4,6,80.2,22.0,1,1.0
P-000876,2025-08-01,8,181.2,10.7,1,4,92.5,23.0,2,1.8
P-000876,2025-09-01,9,171.7,6.5,1,6,92.1,21.0,2,1.75
P-000876,2025-10-01,10,177.2,4.1,2,4,94.1,18.9,3,1.18
P-000876,2025-11-01,11,175.9,8.5,2,5,93.9,27.8,2,2.12
P-000876,2025-12-01,12,165.0,9.4,1,4,93.6,11.8,2,1.0
P-000877,2025-01-01,1,173.1,1.9,2,6,90.2,15.2,2,1.49
P-000877,2025-02-01,2,183.8,3.0,2,4,88.0,21.4,2,1.67
P-000877,2025-03-01,3,177.7,0.0,1,4,93.5,13.4,2,1.0
P-000877,2025-04-01,4,228.8,37.3,2,10,61.2,60.8,2,3.65
P-000877,2025-05-01,5,220.9,23.3,2,10,67.0,56.5,1,2.59
P-000877,2025-06-01,6,184.1,5.3,4,4,92.6,26.1,1,1.24
P-000877,2025-07-01,7,179.0,5.7,4,3,94.1,28.8,2,1.74
P-000877,2025-08-01,8,180.5,7.9,2,3,94.9,20.6,2,1.26
P-000877,2025-09-01,9,175.7,4.1,1,7,93.8,17.5,1,1.18
P-000877,2025-10-01,10,180.2,7.4,0,3,101.5,19.1,1,1.69
P-000877,2025-11-01,11,174.0,9.1,0,4,92.8,21.5,1,1.5
P-000877,2025-12-01,12,175.2,8.9,3,4,87.0,22.5,1,1.48
P-000878,2025-01-01,1,183.4,4.6,5,6,93.7,28.8,1,1.53
P-000878,2025-02-01,2,178.3,6.3,1,3,96.7,15.7,1,1.29
P-000878,2025-03-01,3,176.9,3.7,0,5,93.8,22.0,2,2.11
P-000878,2025-04-01,4,218.7,45.3,4,7,55.7,68.8,2,3.77
P-000878,2025-05-01,5,219.1,32.3,1,7,59.9,54.1,1,3.1
P-000878,2025-06-01,6,172.6,15.0,2,5,92.1,18.8,2,1.36
P-000878,2025-07-01,7,175.8,3.4,2,5,95.0,24.4,2,1.39
P-000878,2025-08-01,8,182.8,5.8,1,3,95.8,16.6,1,1.71
P-000878,2025-09-01,9,173.8,9.0,3,3,101.8,17.5,2,1.25
P-000878,2025-10-01,10,166.1,6.4,1,5,94.4,18.9,1,1.14
P-000878,2025-11-01,11,183.5,3.1,1,6,93.0,22.2,1,1.19
P-000878,2025-12-01,12,174.2,8.2,3,4,92.0,21.0,2,1.44
P-000879,2025-01-01,1,178.2,9.7,5,3,88.5,25.4,1,1.37
P-000879,2025-02-01,2,244.0,33.1,4,7,58.5,76.8,4,3.85
P-000879,2025-03-01,3,234.8,39.5,4,8,68.5,75.4,4,4.15
P-000879,2025-04-01,4,234.0,42.5,9,9,56.1,84.8,4,3.8
P-000879,2025-05-01,5,245.5,40.0,3,11,53.5,86.3,4,4.73
P-000879,2025-06-01,6,182.7,1.2,0,5,94.6,16.7,1,1.09
P-000879,2025-07-01,7,176.2,2.2,2,3,97.0,16.5,1,1.0
P-000879,2025-08-01,8,165.9,8.5,2,5,92.1,15.3,1,1.34
P-000879,2025-09-01,9,176.7,8.1,2,5,90.8,25.2,1,1.28
P-000879,2025-10-01,10,179.4,10.1,3,5,89.3,26.2,1,1.46
P-000879,2025-11-01,11,172.7,4.5,3,6,95.9,19.0,1,1.54
P-000879,2025-12-01,12,176.8,11.3,1,7,94.3,27.7,1,1.6
P-000880,2025-01-01,1,174.8,1.1,5,3,91.7,24.5,4,1.42
P-000880,2025-02-01,2,176.3,7.8,1,6,91.4,31.1,4,1.33
P-000880,2025-03-01,3,167.6,5.2,1,4,97.8,12.1,5,1.67
P-000880,2025-04-01,4,255.4,51.7,7,11,60.1,92.6,5,4.73
P-000880,2025-05-01,5,254.4,27.0,9,6,59.9,82.7,4,5.0
P-000880,2025-06-01,6,235.2,34.7,7,13,61.6,79.0,4,3.86
P-000880,2025-07-01,7,236.5,45.5,7,9,67.2,86.5,4,4.11
P-000880,2025-08-01,8,243.7,41.6,5,11,62.1,79.2,5,4.53
P-000880,2025-09-01,9,241.4,45.1,7,10,60.5,84.4,5,4.71
P-000880,2025-10-01,10,251.1,47.8,13,10,59.0,98.0,5,4.51
P-000880,2025-11-01,11,244.6,38.9,5,13,53.5,81.6,5,4.0
P-000880,2025-12-01,12,165.8,6.7,2,6,92.0,20.1,5,1.61
P-000881,2025-01-01,1,176.4,8.8,1,3,92.9,17.9,5,1.51
P-000881,2025-02-01,2,178.8,8.4,2,6,89.7,23.2,5,1.0
P-000881,2025-03-01,3,173.2,9.4,1,5,96.4,23.8,4,1.51
P-000881,2025-04-01,4,234.4,38.1,10,10,69.0,78.2,4,3.46
P-000881,2025-05-01,5,237.6,35.4,8,10,55.8,81.9,4,4.18
P-000881,2025-06-01,6,235.6,31.5,7,9,60.9,80.9,3,3.7
P-000881,2025-07-01,7,234.2,37.1,3,8,57.5,66.1,3,3.97
P-000881,2025-08-01,8,242.3,29.8,5,12,68.3,71.8,4,3.86
P-000881,2025-09-01,9,173.8,2.2,2,5,87.0,21.6,4,1.08
P-000881,2025-10-01,10,182.6,6.3,4,6,100.8,27.7,3,1.3
P-000881,2025-11-01,11,176.9,2.0,3,4,100.3,22.5,3,1.16
P-000881,2025-12-01,12,186.7,3.2,5,3,91.3,27.7,4,1.92
P-000882,2025-01-01,1,176.9,7.0,2,5,98.1,15.3,2,1.1
P-000882,2025-02-01,2,176.2,0.0,0,5,93.7,11.4,2,1.49
P-000882,2025-03-01,3,177.8,7.6,1,5,94.1,20.8,2,1.0
P-000882,2025-04-01,4,176.9,13.8,2,5,94.4,23.6,2,1.77
P-000882,2025-05-01,5,166.6,11.6,0,5,89.0,15.4,2,1.0
P-000882,2025-06-01,6,231.1,24.6,2,10,70.6,64.4,4,3.8
P-000882,2025-07-01,7,239.6,45.8,12,9,63.4,92.3,4,3.66
P-000882,2025-08-01,8,173.9,5.4,1,4,97.3,18.8,2,1.67
P-000882,2025-09-01,9,173.3,5.2,2,7,91.4,25.7,2,1.0
P-000882,2025-10-01,10,178.9,12.6,2,5,96.0,21.9,2,1.4
P-000882,2025-11-01,11,165.9,11.6,3,5,95.9,20.3,2,1.44
P-000882,2025-12-01,12,190.0,9.6,3,3,90.3,25.4,2,1.12
P-000883,2025-01-01,1,176.4,10.8,4,4,88.0,30.0,3,1.69
P-000883,2025-02-01,2,183.0,6.6,1,6,92.5,25.2,1,1.18
P-000883,2025-03-01,3,179.8,1.3,1,6,99.8,19.4,2,1.12
P-000883,2025-04-01,4,217.5,21.0,3,8,77.3,53.6,2,3.2
P-000883,2025-05-01,5,212.5,33.6,4,9,65.0,58.5,1,3.06
P-000883,2025-06-01,6,172.4,5.9,1,6,96.7,16.4,1,1.49
P-000883,2025-07-01,7,182.9,9.8,5,5,93.3,24.4,1,1.0
P-000883,2025-08-01,8,164.5,5.5,3,4,95.0,15.4,2,1.58
P-000883,2025-09-01,9,176.4,9.5,1,4,93.8,18.7,1,1.66
P-000883,2025-10-01,10,173.8,7.8,5,5,98.8,23.5,2,1.43
P-000883,2025-11-01,11,171.2,12.9,2,6,94.5,17.6,2,1.48
P-000883,2025-12-01,12,178.6,11.5,1,3,85.5,20.1,1,1.45
P-000884,2025-01-01,1,177.5,7.6,1,5,93.1,21.1,4,1.37
P-000884,2025-02-01,2,175.7,1.8,2,4,88.1,20.0,4,1.52
P-000884,2025-03-01,3,232.7,33.8,5,11,62.4,70.9,4,3.9
P-000884,2025-04-01,4,234.7,39.8,7,8,60.9,86.1,4,4.46
P-000884,2025-05-01,5,243.5,28.3,10,12,68.5,86.2,4,4.23
P-000884,2025-06-01,6,222.5,30.0,12,9,71.4,78.8,3,3.78
P-000884,2025-07-01,7,233.4,33.7,3,12,69.0,68.0,4,4.5
P-000884,2025-08-01,8,250.6,42.5,10,11,60.6,87.2,4,4.85
P-000884,2025-09-01,9,225.9,33.2,5,12,61.5,68.5,3,3.71
P-000884,2025-10-01,10,178.7,10.9,2,4,93.1,26.2,4,1.5
P-000884,2025-11-01,11,167.5,6.4,2,5,89.2,17.5,4,1.7
P-000884,2025-12-01,12,173.2,0.0,2,3,96.0,17.0,3,1.64
P-000885,2025-01-01,1,175.5,12.4,4,5,93.9,22.7,3,1.36
P-000885,2025-02-01,2,185.8,6.6,1,3,98.0,18.3,1,1.0
P-000885,2025-03-01,3,187.2,13.8,1,4,87.8,23.9,3,1.06
P-000885,2025-04-01,4,174.8,11.4,1,5,94.5,22.0,2,1.78
P-000885,2025-05-01,5,230.5,34.5,3,9,64.0,70.5,2,3.84
P-000885,2025-06-01,6,182.0,7.9,1,5,98.1,20.3,3,1.73
P-000885,2025-07-01,7,181.0,9.3,2,5,92.4,24.1,1,1.89
P-000885,2025-08-01,8,173.2,10.2,3,6,92.3,27.3,2,1.05
P-000885,2025-09-01,9,171.2,6.7,3,4,88.6,19.4,1,1.22
P-000885,2025-10-01,10,166.6,4.8,3,5,95.1,14.5,3,1.62
P-000885,2025-11-01,11,182.3,6.1,1,5,96.7,27.4,2,1.97
P-000885,2025-12-01,12,184.9,3.7,0,4,95.6,16.3,1,1.44
P-000886,2025-01-01,1,178.2,5.4,1,5,99.7,19.9,2,2.04
P-000886,2025-02-01,2,169.4,4.7,0,3,99.4,13.4,2,1.58
P-000886,2025-03-01,3,174.1,4.2,4,3,93.1,19.1,2,1.01
P-000886,2025-04-01,4,228.2,32.4,6,7,55.8,73.1,2,3.33
P-000886,2025-05-01,5,176.6,2.9,5,5,96.4,27.3,2,1.34
P-000886,2025-06-01,6,180.2,4.3,2,4,100.4,17.5,3,1.26
P-000886,2025-07-01,7,168.7,9.7,3,5,90.9,20.8,3,1.2
P-000886,2025-08-01,8,176.5,0.0,3,3,96.9,16.1,1,1.86
P-000886,2025-09-01,9,167.9,12.7,1,4,90.6,12.9,2,1.44
P-000886,2025-10-01,10,180.5,13.7,2,6,91.2,29.1,1,1.53
P-000886,2025-11-01,11,171.4,6.3,3,5,95.3,20.8,1,1.02
P-000886,2025-12-01,12,175.8,5.4,3,4,94.6,21.1,2,1.74
P-000887,2025-01-01,1,180.3,7.3,2,4,97.5,22.2,1,1.27
P-000887,2025-02-01,2,235.3,40.9,7,12,56.2,84.5,4,3.78
P-000887,2025-03-01,3,243.4,28.8,9,10,65.8,84.6,4,4.05
P-000887,2025-04-01,4,236.0,34.6,10,13,53.6,88.8,4,4.71
P-000887,2025-05-01,5,249.3,48.4,11,8,63.5,98.0,4,4.42
P-000887,2025-06-01,6,173.1,10.0,3,4,95.4,24.1,1,1.28
P-000887,2025-07-01,7,168.2,5.0,2,5,92.3,19.6,1,1.39
P-000887,2025-08-01,8,183.7,12.9,2,4,95.8,25.1,1,1.21
P-000887,2025-09-01,9,168.2,6.9,3,3,89.0,22.2,1,1.34
P-000887,2025-10-01,10,176.0,1.9,1,4,91.1,13.8,1,1.5
P-000887,2025-11-01,11,172.4,12.4,3,4,95.5,21.5,1,1.94
P-000887,2025-12-01,12,172.2,9.9,1,3,93.0,15.8,1,1.91
P-000888,2025-01-01,1,176.9,3.2,0,6,93.6,19.2,2,1.48
P-000888,2025-02-01,2,172.2,7.2,5,5,92.8,28.7,1,1.46
P-000888,2025-03-01,3,175.0,7.1,5,3,90.9,27.5,2,1.27
P-000888,2025-04-01,4,217.3,26.3,3,6,66.6,51.1,1,2.98
P-000888,2025-05-01,5,162.1,5.3,5,5,89.7,24.4,2,1.56
P-000888,2025-06-01,6,179.2,0.0,2,3,96.1,16.5,1,1.02
P-000888,2025-07-01,7,170.8,9.0,2,6,90.4,19.8,1,1.92
P-000888,2025-08-01,8,177.1,9.9,1,4,102.7,19.7,1,1.09
P-000888,2025-09-01,9,170.2,10.0,1,5,84.1,21.6,2,1.0
P-000888,2025-10-01,10,175.1,6.1,2,3,94.2,18.5,2,1.62
P-000888,2025-11-01,11,175.4,7.7,2,5,94.5,21.8,2,1.78
P-000888,2025-12-01,12,171.7,4.7,3,4,95.3,18.6,3,1.35
P-000889,2025-01-01,1,182.2,9.3,3,5,98.4,20.7,2,1.34
P-000889,2025-02-01,2,171.3,8.4,1,4,95.3,17.6,3,1.57
P-000889,2025-03-01,3,169.2,3.4,4,5,93.1,19.2,2,1.51
P-000889,2025-04-01,4,226.9,34.7,5,5,64.4,59.0,2,2.98
P-000889,2025-05-01,5,173.4,5.8,0,3,97.8,13.2,2,1.57
P-000889,2025-06-01,6,164.5,7.3,2,4,88.8,20.9,1,1.0
P-000889,2025-07-01,7,173.9,2.8,1,4,96.4,19.9,1,1.54
P-000889,2025-08-01,8,167.2,2.5,1,5,91.7,15.2,2,1.77
P-000889,2025-09-01,9,175.9,4.2,4,6,93.9,28.3,2,1.22
P-000889,2025-10-01,10,179.5,3.1,3,4,96.3,27.7,1,1.5
P-000889,2025-11-01,11,184.6,5.3,3,4,92.6,22.8,2,1.35
P-000889,2025-12-01,12,171.8,0.0,2,3,93.9,13.0,1,1.73
P-000890,2025-01-01,1,174.4,15.3,2,3,91.5,23.3,5,1.19
P-000890,2025-02-01,2,186.1,7.5,1,4,90.1,27.7,3,1.63
P-000890,2025-03-01,3,177.4,5.9,3,4,96.0,20.6,4,1.63
P-000890,2025-04-01,4,224.9,39.0,8,5,62.8,75.5,3,3.44
P-000890,2025-05-01,5,253.0,45.1,6,13,61.8,94.4,5,5.0
P-000890,2025-06-01,6,238.2,31.6,11,10,64.8,83.5,4,3.95
P-000890,2025-07-01,7,233.2,27.1,4,10,57.6,69.4,4,4.59
P-000890,2025-08-01,8,240.9,50.5,11,11,58.7,97.0,5,5.0
P-000890,2025-09-01,9,168.6,1.5,2,4,97.0,14.8,4,1.25
P-000890,2025-10-01,10,174.7,5.7,3,5,94.1,23.1,4,1.76
P-000890,2025-11-01,11,179.2,10.0,2,5,87.2,28.7,3,2.05
P-000890,2025-12-01,12,177.4,4.5,3,4,84.4,21.9,3,1.09
P-000891,2025-01-01,1,174.0,6.2,1,5,97.2,15.4,3,1.18
P-000891,2025-02-01,2,174.6,5.0,2,6,91.5,20.5,5,1.51
P-000891,2025-03-01,3,187.6,5.2,2,5,91.4,23.3,4,1.17
P-000891,2025-04-01,4,232.9,37.4,2,11,56.1,75.8,4,3.65
P-000891,2025-05-01,5,236.0,28.7,3,7,68.5,66.6,4,3.64
P-000891,2025-06-01,6,244.5,33.9,5,11,55.2,76.1,3,3.59
P-000891,2025-07-01,7,234.2,25.6,10,9,71.1,82.2,4,5.0
P-000891,2025-08-01,8,241.5,33.7,4,10,70.7,69.4,4,3.71
P-000891,2025-09-01,9,173.6,8.1,2,5,92.3,20.4,3,1.44
P-000891,2025-10-01,10,174.6,4.2,1,4,90.7,11.3,5,1.66
P-000891,2025-11-01,11,171.8,5.4,0,5,98.2,12.1,3,1.25
P-000891,2025-12-01,12,176.2,6.1,2,4,97.7,18.8,5,1.14
P-000892,2025-01-01,1,169.4,1.9,1,4,101.2,17.9,1,1.57
P-000892,2025-02-01,2,174.0,4.0,0,4,93.2,16.4,1,1.74
P-000892,2025-03-01,3,170.8,9.0,5,4,91.2,20.3,2,1.69
P-000892,2025-04-01,4,219.0,23.5,6,6,64.7,55.5,1,3.25
P-000892,2025-05-01,5,168.0,4.8,5,4,100.4,20.7,1,1.28
P-000892,2025-06-01,6,169.8,14.9,1,5,85.7,16.9,1,1.24
P-000892,2025-07-01,7,173.6,4.3,4,3,84.5,25.4,1,1.42
P-000892,2025-08-01,8,180.8,1.6,2,6,94.3,22.3,1,1.84
P-000892,2025-09-01,9,179.3,5.3,2,4,93.4,16.6,1,1.33
P-000892,2025-10-01,10,172.2,7.1,2,4,100.1,17.2,1,1.25
P-000892,2025-11-01,11,167.1,6.1,1,4,97.8,14.1,2,1.63
P-000892,2025-12-01,12,179.4,7.6,5,3,88.1,27.6,2,1.21
P-000893,2025-01-01,1,179.0,0.8,5,4,90.8,30.6,1,1.56
P-000893,2025-02-01,2,243.9,40.5,5,9,56.1,82.6,4,4.22
P-000893,2025-03-01,3,232.2,48.9,6,15,46.6,78.9,4,3.77
P-000893,2025-04-01,4,238.5,34.3,1,9,46.9,70.3,4,4.26
P-000893,2025-05-01,5,232.4,23.1,4,12,69.4,66.7,4,3.49
P-000893,2025-06-01,6,168.3,2.5,4,5,94.2,22.3,1,1.95
P-000893,2025-07-01,7,168.7,6.9,1,4,90.8,15.2,1,1.4
P-000893,2025-08-01,8,188.1,5.9,2,4,92.8,22.9,1,1.05
P-000893,2025-09-01,9,173.7,13.3,1,4,91.1,17.8,1,1.0
P-000893,2025-10-01,10,182.5,6.7,1,6,91.8,26.4,1,1.09
P-000893,2025-11-01,11,181.0,4.1,4,5,96.4,21.8,1,1.14
P-000893,2025-12-01,12,173.4,1.3,0,6,96.3,14.2,1,1.1
P-000894,2025-01-01,1,181.2,6.2,0,3,90.7,14.4,2,1.61
P-000894,2025-02-01,2,183.8,8.9,1,4,99.2,22.4,2,1.54
P-000894,2025-03-01,3,183.7,4.5,1,5,96.8,20.8,2,1.22
P-000894,2025-04-01,4,179.5,3.2,4,5,95.2,22.7,1,1.36
P-000894,2025-05-01,5,205.8,34.2,4,6,60.4,56.0,1,2.59
P-000894,2025-06-01,6,177.3,8.8,3,4,93.3,22.4,2,1.2
P-000894,2025-07-01,7,165.0,2.9,3,6,97.1,20.1,3,1.06
P-000894,2025-08-01,8,178.9,12.5,5,5,90.4,28.1,1,1.0
P-000894,2025-09-01,9,175.4,4.6,1,5,94.7,18.4,1,1.79
P-000894,2025-10-01,10,178.2,10.8,2,5,98.8,24.9,3,1.53
P-000894,2025-11-01,11,189.9,2.2,1,5,96.0,22.4,1,1.0
P-000894,2025-12-01,12,179.5,8.1,1,4,89.1,21.2,2,1.0
P-000895,2025-01-01,1,180.4,15.1,1,6,93.4,23.6,2,1.69
P-000895,2025-02-01,2,172.9,0.0,2,5,89.2,15.8,2,1.54
P-000895,2025-03-01,3,183.1,5.9,0,4,89.0,27.1,2,1.75
P-000895,2025-04-01,4,165.6,2.2,3,3,96.5,15.2,2,2.06
P-000895,2025-05-01,5,224.9,34.8,4,10,57.5,70.6,2,3.19
P-000895,2025-06-01,6,178.3,0.0,2,5,90.6,17.8,3,1.65
P-000895,2025-07-01,7,176.1,13.1,3,4,91.4,27.1,1,1.53
P-000895,2025-08-01,8,171.4,7.9,1,4,95.0,18.7,2,1.82
P-000895,2025-09-01,9,180.3,4.3,2,4,88.3,20.8,1,1.55
P-000895,2025-10-01,10,176.5,2.7,2,4,87.7,19.9,1,1.02
P-000895,2025-11-01,11,184.5,1.6,1,4,97.7,18.0,1,1.31
P-000895,2025-12-01,12,189.4,3.4,2,5,95.0,22.6,2,1.85
P-000896,2025-01-01,1,174.5,10.1,4,4,91.0,27.2,4,1.25
P-000896,2025-02-01,2,179.1,0.0,3,3,95.2,17.9,4,1.11
P-000896,2025-03-01,3,243.6,46.2,12,11,49.0,98.0,5,4.45
P-000896,2025-04-01,4,242.4,47.0,8,13,51.9,87.8,5,4.67
P-000896,2025-05-01,5,235.7,36.0,7,8,56.6,74.4,4,3.42
P-000896,2025-06-01,6,250.5,50.3,10,11,55.7,97.0,5,4.57
P-000896,2025-07-01,7,234.2,41.8,6,12,55.1,78.6,5,4.6
P-000896,2025-08-01,8,245.1,41.8,4,10,61.3,78.2,4,3.87
P-000896,2025-09-01,9,239.7,36.3,4,9,60.6,73.4,4,3.92
P-000896,2025-10-01,10,182.9,0.2,2,4,96.1,14.1,3,1.0
P-000896,2025-11-01,11,174.7,2.6,2,4,94.2,15.7,4,1.07
P-000896,2025-12-01,12,181.1,9.6,2,3,94.9,22.2,3,1.0
P-000897,2025-01-01,1,182.2,0.0,2,5,99.7,15.8,5,1.0
P-000897,2025-02-01,2,176.9,0.0,2,4,91.2,20.7,5,1.14
P-000897,2025-03-01,3,180.1,7.5,4,3,95.0,23.1,5,1.6
P-000897,2025-04-01,4,245.8,47.6,4,14,56.5,84.7,5,5.0
P-000897,2025-05-01,5,243.2,48.0,5,11,55.1,89.4,4,3.94
P-000897,2025-06-01,6,239.9,44.3,3,10,55.3,80.2,4,3.4
P-000897,2025-07-01,7,239.5,39.5,6,15,56.7,88.4,5,4.67
P-000897,2025-08-01,8,239.8,41.1,5,13,53.4,84.0,5,4.87
P-000897,2025-09-01,9,245.5,34.8,7,11,56.1,83.9,5,4.25
P-000897,2025-10-01,10,235.0,51.3,11,12,52.1,93.5,4,3.97
P-000897,2025-11-01,11,251.4,32.6,9,12,67.6,82.4,5,5.0
P-000897,2025-12-01,12,173.1,0.0,1,4,97.8,20.3,4,1.42
P-000898,2025-01-01,1,179.9,4.8,0,5,98.5,18.9,1,1.94
P-000898,2025-02-01,2,169.5,8.7,3,3,84.5,25.6,1,1.79
P-000898,2025-03-01,3,175.7,2.9,5,3,93.7,19.6,3,1.01
P-000898,2025-04-01,4,218.3,16.2,6,8,57.7,60.1,1,2.97
P-000898,2025-05-01,5,162.5,10.1,4,4,88.8,17.8,2,1.23
P-000898,2025-06-01,6,166.9,2.6,0,3,90.8,9.5,2,1.2
P-000898,2025-07-01,7,182.4,0.0,3,4,100.6,19.2,2,1.65
P-000898,2025-08-01,8,163.9,3.8,0,4,91.8,9.7,2,1.11
P-000898,2025-09-01,9,180.9,4.7,1,4,85.2,20.6,1,1.31
P-000898,2025-10-01,10,177.9,11.0,1,4,93.4,27.8,3,1.52
P-000898,2025-11-01,11,168.1,2.8,0,5,97.5,9.2,2,1.59
P-000898,2025-12-01,12,168.9,10.7,2,4,93.0,19.7,2,1.64
P-000899,2025-01-01,1,171.4,9.3,1,4,88.9,19.7,5,1.47
P-000899,2025-02-01,2,181.6,14.4,0,5,86.2,20.6,5,1.0
P-000899,2025-03-01,3,187.3,0.0,2,5,97.1,22.7,3,1.38
P-000899,2025-04-01,4,235.5,62.6,7,12,46.1,96.0,4,4.18
P-000899,2025-05-01,5,230.9,37.3,6,11,60.9,77.8,4,5.0
P-000899,2025-06-01,6,236.6,46.2,5,11,57.4,81.8,4,4.28
P-000899,2025-07-01,7,233.8,37.5,8,10,60.7,79.5,4,4.45
P-000899,2025-08-01,8,238.1,37.7,7,11,58.2,78.8,4,3.77
P-000899,2025-09-01,9,176.4,9.3,2,5,93.4,23.3,5,1.43
P-000899,2025-10-01,10,178.7,10.2,1,3,93.8,19.7,5,1.52
P-000899,2025-11-01,11,179.0,7.1,3,4,91.3,25.1,4,1.13
P-000899,2025-12-01,12,176.3,13.2,4,4,88.7,26.7,3,1.0
P-000900,2025-01-01,1,177.8,7.1,1,4,94.3,17.9,4,1.11
P-000900,2025-02-01,2,176.1,7.7,4,5,84.1,23.4,5,1.55
P-000900,2025-03-01,3,233.8,24.8,8,9,66.8,72.0,4,3.77
P-000900,2025-04-01,4,242.2,45.5,7,14,46.2,93.3,4,3.81
P-000900,2025-05-01,5,233.9,33.5,2,13,57.8,73.7,3,3.66
P-000900,2025-06-01,6,236.9,39.7,9,8,55.3,83.9,4,3.27
P-000900,2025-07-01,7,237.0,37.5,4,10,55.4,73.9,4,3.94
P-000900,2025-08-01,8,231.6,25.0,2,9,64.9,63.9,3,3.88
P-000900,2025-09-01,9,244.3,36.5,9,12,61.1,85.2,4,4.26
P-000900,2025-10-01,10,182.9,6.0,5,4,90.3,32.0,4,1.92
P-000900,2025-11-01,11,181.5,5.7,0,4,92.1,24.2,4,1.74
P-000900,2025-12-01,12,172.6,5.8,2,6,92.5,17.3,4,1.05
P-000901,2025-01-01,1,174.1,7.3,1,7,84.0,21.9,1,1.27
P-000901,2025-02-01,2,172.7,7.6,3,5,94.9,20.3,1,1.2
P-000901,2025-03-01,3,185.4,7.8,2,4,96.8,29.3,2,1.4
P-000901,2025-04-01,4,171.3,7.2,2,5,100.4,15.6,2,1.13
P-000901,2025-05-01,5,175.3,6.2,1,5,90.5,17.4,1,1.58
P-000901,2025-06-01,6,170.5,8.3,2,4,91.7,19.9,2,1.36
P-000901,2025-07-01,7,183.1,6.4,3,4,88.4,28.0,2,1.75
P-000901,2025-08-01,8,159.9,6.2,1,5,88.5,15.2,2,1.62
P-000901,2025-09-01,9,173.2,1.7,2,6,93.7,21.3,3,1.38
P-000901,2025-10-01,10,178.9,0.0,2,4,100.8,17.3,2,1.23
P-000901,2025-11-01,11,172.4,8.3,2,4,91.5,24.7,1,1.27
P-000901,2025-12-01,12,178.9,9.5,0,7,91.1,22.3,1,2.13
P-000902,2025-01-01,1,173.6,8.8,0,4,88.0,17.3,1,1.2
P-000902,2025-02-01,2,238.3,39.3,6,12,54.5,78.1,4,3.23
P-000902,2025-03-01,3,251.7,46.9,13,8,52.0,98.0,4,4.36
P-000902,2025-04-01,4,238.9,34.1,8,14,59.7,82.2,4,3.82
P-000902,2025-05-01,5,234.3,42.2,6,13,54.4,77.7,4,3.7
P-000902,2025-06-01,6,183.4,4.9,0,5,94.4,19.7,1,1.36
P-000902,2025-07-01,7,174.5,7.5,2,5,88.3,21.2,1,1.27
P-000902,2025-08-01,8,168.5,2.2,4,4,91.3,22.4,1,1.0
P-000902,2025-09-01,9,183.1,8.3,5,4,91.3,25.3,1,1.59
P-000902,2025-10-01,10,180.7,5.5,1,6,94.0,24.5,1,1.46
P-000902,2025-11-01,11,179.1,6.9,1,5,91.1,20.1,1,1.45
P-000902,2025-12-01,12,172.0,2.0,1,4,94.9,18.4,1,1.41
P-000903,2025-01-01,1,177.6,7.4,5,6,91.8,28.9,2,1.39
P-000903,2025-02-01,2,178.9,0.1,2,5,99.7,16.1,2,1.32
P-000903,2025-03-01,3,173.8,0.0,0,4,88.5,17.1,2,1.39
P-000903,2025-04-01,4,185.9,1.2,1,4,95.3,16.8,2,1.69
P-000903,2025-05-01,5,182.0,2.4,2,3,90.8,21.8,3,1.45
P-000903,2025-06-01,6,171.7,12.1,3,5,90.0,22.5,2,1.15
P-000903,2025-07-01,7,177.7,11.0,1,6,90.2,18.3,3,1.53
P-000903,2025-08-01,8,174.2,7.8,4,4,100.6,23.8,1,1.38
P-000903,2025-09-01,9,185.3,2.6,1,6,95.3,25.2,2,1.26
P-000903,2025-10-01,10,168.7,0.7,2,5,95.6,20.9,3,1.07
P-000903,2025-11-01,11,177.5,0.0,1,4,91.6,6.2,2,1.19
P-000903,2025-12-01,12,178.5,4.3,2,4,89.7,23.5,2,1.0
P-000904,2025-01-01,1,179.3,5.4,1,4,94.2,19.1,1,1.2
P-000904,2025-02-01,2,171.4,2.4,0,5,100.3,12.2,1,1.43
P-000904,2025-03-01,3,181.3,2.2,0,3,90.4,17.7,1,1.15
P-000904,2025-04-01,4,174.9,2.3,1,4,95.9,16.0,1,1.0
P-000904,2025-05-01,5,167.8,6.4,1,4,94.9,16.0,2,1.5
P-000904,2025-06-01,6,178.2,7.0,2,5,90.9,21.5,1,1.21
P-000904,2025-07-01,7,174.8,11.1,1,4,86.9,19.6,2,1.22
P-000904,2025-08-01,8,174.3,3.1,1,3,91.1,13.6,2,1.47
P-000904,2025-09-01,9,172.8,3.2,3,6,92.6,20.3,1,1.38
P-000904,2025-10-01,10,165.6,10.5,0,3,92.7,18.6,2,1.41
P-000904,2025-11-01,11,170.1,1.5,1,4,99.0,11.4,2,1.4
P-000904,2025-12-01,12,181.4,0.4,3,7,96.1,26.3,2,1.39
P-000905,2025-01-01,1,173.3,5.6,4,5,98.7,24.7,5,1.79
P-000905,2025-02-01,2,189.9,5.0,0,5,97.6,17.1,4,1.08
P-000905,2025-03-01,3,168.0,4.3,3,7,90.1,21.6,5,1.23
P-000905,2025-04-01,4,242.7,42.1,3,12,57.4,87.9,4,4.3
P-000905,2025-05-01,5,239.4,39.3,4,12,62.9,77.0,5,3.87
P-000905,2025-06-01,6,234.1,41.0,8,13,55.2,79.2,4,3.66
P-000905,2025-07-01,7,235.4,33.2,9,12,62.3,84.4,4,4.68
P-000905,2025-08-01,8,238.2,33.5,5,7,65.6,72.9,4,4.26
P-000905,2025-09-01,9,175.6,12.3,5,5,92.2,28.8,4,1.31
P-000905,2025-10-01,10,179.9,0.3,3,4,99.8,17.0,4,1.69
P-000905,2025-11-01,11,165.7,1.3,3,5,90.6,14.0,3,1.22
P-000905,2025-12-01,12,165.8,7.3,1,6,88.0,16.7,3,1.52
P-000906,2025-01-01,1,175.4,9.4,3,3,87.3,25.1,1,1.38
P-000906,2025-02-01,2,174.9,3.6,2,5,97.1,17.3,2,1.0
P-000906,2025-03-01,3,186.1,2.4,1,5,99.1,21.1,1,1.41
P-000906,2025-04-01,4,225.9,35.2,5,5,61.1,65.9,1,2.79
P-000906,2025-05-01,5,208.7,20.4,7,9,63.8,60.6,1,3.07
P-000906,2025-06-01,6,171.0,4.0,3,3,93.0,14.8,1,1.53
P-000906,2025-07-01,7,179.5,3.4,1,6,91.5,18.4,2,1.19
P-000906,2025-08-01,8,173.1,2.0,2,5,83.8,18.5,2,1.34
P-000906,2025-09-01,9,173.8,4.7,1,4,94.7,11.9,2,1.35
P-000906,2025-10-01,10,167.9,9.2,3,4,91.5,23.8,1,1.0
P-000906,2025-11-01,11,161.4,0.0,1,4,96.2,8.5,2,1.16
P-000906,2025-12-01,12,171.6,8.1,4,5,90.5,25.1,1,1.35
P-000907,2025-01-01,1,178.5,3.7,3,3,95.1,22.7,4,1.6
P-000907,2025-02-01,2,177.9,0.0,1,5,93.9,16.9,4,1.13
P-000907,2025-03-01,3,239.9,52.3,3,14,53.7,90.4,5,5.0
P-000907,2025-04-01,4,240.1,32.5,3,11,52.2,70.8,3,3.2
P-000907,2025-05-01,5,239.1,27.2,4,13,64.2,71.2,3,4.22
P-000907,2025-06-01,6,226.4,35.9,7,9,63.2,71.6,4,4.12
P-000907,2025-07-01,7,234.2,34.3,4,6,62.6,74.1,3,3.98
P-000907,2025-08-01,8,244.3,40.6,5,6,55.3,80.4,3,3.67
P-000907,2025-09-01,9,241.9,38.1,10,11,60.3,86.8,5,4.63
P-000907,2025-10-01,10,182.8,3.4,2,3,98.3,21.3,4,1.0
P-000907,2025-11-01,11,170.8,7.6,0,5,95.8,17.1,4,1.49
P-000907,2025-12-01,12,184.6,0.0,4,5,95.4,31.1,4,1.74
P-000908,2025-01-01,1,180.4,1.2,4,3,89.4,20.3,2,1.11
P-000908,2025-02-01,2,182.9,7.1,1,3,102.1,12.7,3,1.02
P-000908,2025-03-01,3,166.7,5.1,2,5,87.9,19.7,2,1.0
P-000908,2025-04-01,4,175.5,8.8,1,4,90.4,18.8,1,1.9
P-000908,2025-05-01,5,177.2,14.4,0,5,88.3,21.8,3,1.47
P-000908,2025-06-01,6,178.6,6.1,4,3,87.2,24.7,1,1.78
P-000908,2025-07-01,7,178.5,8.0,2,5,86.1,26.7,2,1.68
P-000908,2025-08-01,8,168.1,5.4,1,4,81.6,20.2,2,1.43
P-000908,2025-09-01,9,170.9,11.0,2,6,88.1,18.3,2,1.05
P-000908,2025-10-01,10,172.3,0.0,5,6,91.1,21.0,1,1.32
P-000908,2025-11-01,11,178.8,11.7,2,6,86.2,24.9,2,1.0
P-000908,2025-12-01,12,168.5,5.7,3,4,98.2,20.8,1,1.25
P-000909,2025-01-01,1,182.5,8.7,1,5,91.2,20.2,2,1.04
P-000909,2025-02-01,2,175.8,0.0,4,4,91.4,24.5,1,1.65
P-000909,2025-03-01,3,174.5,2.7,2,4,97.5,15.5,1,1.66
P-000909,2025-04-01,4,172.9,0.0,1,6,96.0,14.5,1,1.74
P-000909,2025-05-01,5,222.1,35.8,4,12,65.8,68.5,1,3.34
P-000909,2025-06-01,6,172.7,9.6,1,6,92.4,16.9,3,1.01
P-000909,2025-07-01,7,169.8,10.0,1,6,92.6,17.9,2,1.63
P-000909,2025-08-01,8,182.8,1.6,1,4,101.7,14.8,1,1.4
P-000909,2025-09-01,9,169.6,4.2,2,5,94.2,17.8,2,1.18
P-000909,2025-10-01,10,178.3,9.3,4,5,94.3,26.0,1,1.0
P-000909,2025-11-01,11,172.9,2.0,4,3,94.7,21.4,2,1.26
P-000909,2025-12-01,12,168.5,0.0,1,5,96.9,15.1,1,1.0
P-000910,2025-01-01,1,183.2,11.4,1,5,89.4,25.5,1,1.07
P-000910,2025-02-01,2,244.5,43.3,6,10,69.2,82.0,4,3.56
P-000910,2025-03-01,3,221.8,51.7,7,9,58.1,81.1,4,4.74
P-000910,2025-04-01,4,240.9,39.9,9,12,61.2,89.9,4,4.74
P-000910,2025-05-01,5,229.9,41.8,5,7,56.1,74.4,4,4.21
P-000910,2025-06-01,6,190.0,6.8,1,3,90.2,25.3,1,1.19
P-000910,2025-07-01,7,179.1,8.3,2,4,89.8,25.4,1,1.49
P-000910,2025-08-01,8,179.4,7.3,3,6,90.4,25.2,1,1.24
P-000910,2025-09-01,9,181.2,0.0,1,5,98.2,15.9,1,1.38
P-000910,2025-10-01,10,167.4,2.5,4,5,95.5,15.3,1,1.87
P-000910,2025-11-01,11,176.9,7.4,2,5,84.4,20.3,1,1.1
P-000910,2025-12-01,12,172.1,5.7,2,5,90.9,19.8,1,1.23
P-000911,2025-01-01,1,169.7,0.7,3,6,92.2,24.2,2,1.68
P-000911,2025-02-01,2,176.5,3.7,2,4,93.5,17.4,1,1.34
P-000911,2025-03-01,3,174.8,7.5,1,3,89.2,20.8,1,1.6
P-000911,2025-04-01,4,207.9,35.5,2,7,56.4,57.4,1,2.72
P-000911,2025-05-01,5,222.4,33.0,5,11,60.6,75.0,2,3.05
P-000911,2025-06-01,6,186.4,6.1,1,4,92.4,22.9,1,1.44
P-000911,2025-07-01,7,181.7,5.5,3,4,93.3,27.4,1,1.43
P-000911,2025-08-01,8,177.2,4.7,1,3,90.6,13.2,1,1.0
P-000911,2025-09-01,9,163.1,9.1,4,4,88.5,24.9,2,1.14
P-000911,2025-10-01,10,171.2,6.6,3,3,96.6,17.9,1,1.39
P-000911,2025-11-01,11,182.2,0.5,3,4,95.1,18.3,2,1.1
P-000911,2025-12-01,12,178.6,1.7,0,5,94.2,18.2,2,1.51
P-000912,2025-01-01,1,190.1,3.4,3,5,100.6,24.2,1,1.55
P-000912,2025-02-01,2,178.0,12.2,1,5,86.9,25.6,1,1.3
P-000912,2025-03-01,3,179.8,6.0,4,5,90.6,19.8,2,1.67
P-000912,2025-04-01,4,225.5,40.5,5,10,59.9,71.5,3,3.8
P-000912,2025-05-01,5,162.4,8.0,2,6,95.8,11.3,2,1.11
P-000912,2025-06-01,6,178.3,5.4,0,6,91.3,17.4,3,1.12
P-000912,2025-07-01,7,176.1,7.2,3,4,89.2,21.0,1,1.31
P-000912,2025-08-01,8,170.4,7.5,2,6,83.1,17.6,2,1.74
P-000912,2025-09-01,9,168.4,6.7,0,5,93.8,11.5,2,1.44
P-000912,2025-10-01,10,176.3,9.7,0,4,98.0,18.4,1,1.06
P-000912,2025-11-01,11,172.5,9.2,5,6,90.1,27.2,2,1.63
P-000912,2025-12-01,12,172.7,1.3,2,3,97.6,15.5,1,1.34
P-000913,2025-01-01,1,172.3,0.1,3,3,95.5,17.7,1,1.12
P-000913,2025-02-01,2,175.4,0.0,1,5,92.1,18.2,1,1.74
P-000913,2025-03-01,3,186.2,7.3,1,6,98.5,20.3,2,1.51
P-000913,2025-04-01,4,172.7,0.0,3,5,92.7,18.8,1,1.63
P-000913,2025-05-01,5,183.7,0.7,1,5,95.6,16.5,1,1.0
P-000913,2025-06-01,6,167.1,8.4,3,5,97.4,13.7,1,1.62
P-000913,2025-07-01,7,172.0,7.0,2,4,89.1,26.4,2,1.49
P-000913,2025-08-01,8,172.9,10.7,1,4,90.8,16.6,1,1.2
P-000913,2025-09-01,9,181.6,4.6,2,5,93.9,24.5,2,1.46
P-000913,2025-10-01,10,182.1,1.1,2,4,102.8,17.0,2,1.33
P-000913,2025-11-01,11,173.4,8.0,2,5,94.8,18.5,2,1.67
P-000913,2025-12-01,12,173.6,0.4,2,5,98.4,16.5,2,1.0
P-000914,2025-01-01,1,176.1,0.8,2,6,92.6,15.6,3,1.09
P-000914,2025-02-01,2,171.9,9.4,2,7,92.3,23.0,2,1.64
P-000914,2025-03-01,3,181.8,10.6,5,5,91.3,34.2,1,1.57
P-000914,2025-04-01,4,173.8,11.1,0,4,89.7,20.6,2,1.35
P-000914,2025-05-01,5,223.3,39.7,4,7,65.8,67.1,1,2.37
P-000914,2025-06-01,6,173.6,1.4,1,5,95.2,13.5,1,1.17
P-000914,2025-07-01,7,173.3,4.6,5,7,84.6,26.8,3,1.75
P-000914,2025-08-01,8,180.0,9.4,3,3,96.1,25.4,1,1.54
P-000914,2025-09-01,9,183.6,8.1,2,6,93.2,24.5,1,1.0
P-000914,2025-10-01,10,175.4,0.8,3,4,95.4,16.1,1,1.72
P-000914,2025-11-01,11,162.5,6.9,3,4,97.6,13.8,1,1.56
P-000914,2025-12-01,12,166.6,4.5,1,3,98.7,13.8,3,1.31
P-000915,2025-01-01,1,174.0,4.9,2,4,87.6,20.3,4,1.33
P-000915,2025-02-01,2,178.2,9.8,1,6,99.0,23.9,5,1.8
P-000915,2025-03-01,3,237.4,50.0,7,11,58.4,90.8,4,3.61
P-000915,2025-04-01,4,225.4,29.6,6,9,69.3,65.4,3,3.2
P-000915,2025-05-01,5,242.0,44.4,4,9,64.9,81.3,4,4.15
P-000915,2025-06-01,6,230.1,34.2,4,11,64.8,68.3,3,3.16
P-000915,2025-07-01,7,230.9,41.1,9,9,57.5,88.5,4,4.65
P-000915,2025-08-01,8,230.1,44.5,3,6,49.0,68.7,3,4.04
P-000915,2025-09-01,9,241.2,34.0,4,13,58.0,76.3,4,4.39
P-000915,2025-10-01,10,185.4,14.8,3,3,89.8,33.8,4,1.63
P-000915,2025-11-01,11,170.9,5.2,1,5,91.1,22.8,4,1.43
P-000915,2025-12-01,12,177.5,11.4,4,4,92.1,28.1,4,1.11
P-000916,2025-01-01,1,181.0,2.6,5,4,99.4,24.1,4,1.35
P-000916,2025-02-01,2,178.3,12.5,2,4,97.8,17.7,4,1.78
P-000916,2025-03-01,3,231.9,56.1,10,12,47.6,94.9,5,4.23
P-000916,2025-04-01,4,255.2,39.5,8,8,62.1,90.7,5,4.96
P-000916,2025-05-01,5,228.3,40.2,8,10,57.3,81.0,4,4.42
P-000916,2025-06-01,6,236.8,46.7,2,15,55.4,76.3,4,3.45
P-000916,2025-07-01,7,240.1,46.2,8,11,52.2,92.7,5,4.0
P-000916,2025-08-01,8,230.4,34.4,3,8,64.3,67.1,4,3.91
P-000916,2025-09-01,9,248.6,42.4,8,12,56.0,83.4,5,4.36
P-000916,2025-10-01,10,173.2,1.2,2,4,89.6,19.8,5,1.2
P-000916,2025-11-01,11,176.7,2.4,1,4,96.1,14.3,4,1.11
P-000916,2025-12-01,12,177.9,3.6,4,6,96.5,24.1,4,1.27
P-000917,2025-01-01,1,179.3,4.5,0,3,96.3,24.0,2,1.19
P-000917,2025-02-01,2,186.8,4.9,0,5,96.8,19.3,2,1.17
P-000917,2025-03-01,3,174.9,4.2,1,4,91.8,16.8,1,1.53
P-000917,2025-04-01,4,175.1,6.5,1,3,96.1,13.0,2,1.33
P-000917,2025-05-01,5,172.4,4.4,2,5,89.5,18.4,1,1.31
P-000917,2025-06-01,6,169.3,7.3,4,5,83.3,21.9,1,1.11
P-000917,2025-07-01,7,167.4,7.3,4,6,96.0,17.5,2,1.15
P-000917,2025-08-01,8,185.4,8.1,1,5,96.6,28.9,2,2.21
P-000917,2025-09-01,9,175.4,1.4,1,4,94.8,17.3,1,1.0
P-000917,2025-10-01,10,176.7,10.0,2,5,85.9,20.6,2,1.0
P-000917,2025-11-01,11,175.6,2.2,2,5,97.0,13.8,2,1.16
P-000917,2025-12-01,12,176.5,9.2,2,6,94.3,20.9,1,1.43
P-000918,2025-01-01,1,175.8,4.6,2,4,95.1,28.2,2,1.18
P-000918,2025-02-01,2,176.2,2.1,1,4,89.6,17.4,2,1.0
P-000918,2025-03-01,3,181.8,8.9,0,6,93.3,15.9,2,1.39
P-000918,2025-04-01,4,221.7,40.5,1,7,60.4,54.4,2,2.76
P-000918,2025-05-01,5,179.5,1.5,1,5,103.4,19.0,1,1.18
P-000918,2025-06-01,6,179.8,1.8,0,4,95.0,18.1,3,1.53
P-000918,2025-07-01,7,174.9,0.0,3,5,91.8,19.8,2,1.27
P-000918,2025-08-01,8,172.4,9.6,2,4,89.0,23.3,2,1.39
P-000918,2025-09-01,9,172.0,3.2,2,4,86.6,16.6,2,1.44
P-000918,2025-10-01,10,179.3,4.8,0,6,96.2,18.8,1,2.08
P-000918,2025-11-01,11,185.6,11.4,3,5,95.6,32.5,2,1.39
P-000918,2025-12-01,12,184.4,5.3,0,5,94.4,19.8,1,1.0
P-000919,2025-01-01,1,180.2,5.5,1,5,93.4,16.3,5,1.47
P-000919,2025-02-01,2,181.0,2.9,1,4,95.7,20.9,5,1.24
P-000919,2025-03-01,3,177.6,4.0,3,6,90.8,21.7,3,1.93
P-000919,2025-04-01,4,245.8,58.1,10,10,54.9,98.0,5,5.0
P-000919,2025-05-01,5,240.2,41.5,10,10,59.3,88.1,4,4.4
P-000919,2025-06-01,6,241.5,32.7,5,8,55.6,70.6,3,3.66
P-000919,2025-07-01,7,246.5,51.6,9,15,50.9,97.3,5,4.36
P-000919,2025-08-01,8,242.2,40.2,7,12,64.2,84.2,4,4.21
P-000919,2025-09-01,9,174.1,2.6,1,5,96.1,15.0,5,1.75
P-000919,2025-10-01,10,183.3,12.6,2,4,86.4,22.0,5,1.0
P-000919,2025-11-01,11,180.6,6.0,4,3,95.0,25.3,5,1.2
P-000919,2025-12-01,12,179.9,9.1,2,4,93.7,29.2,5,1.97
P-000920,2025-01-01,1,177.7,6.7,3,4,90.1,23.2,2,1.4
P-000920,2025-02-01,2,169.5,7.3,2,4,95.5,14.3,2,1.72
P-000920,2025-03-01,3,177.9,12.4,2,5,89.3,26.4,2,1.65
P-000920,2025-04-01,4,175.8,3.9,1,4,87.4,16.6,2,1.74
P-000920,2025-05-01,5,174.9,2.0,4,7,97.4,17.3,2,1.31
P-000920,2025-06-01,6,170.1,3.0,2,3,101.2,14.4,1,1.19
P-000920,2025-07-01,7,181.4,2.5,3,5,95.0,22.0,2,1.7
P-000920,2025-08-01,8,181.5,9.8,3,3,93.7,28.3,2,1.0
P-000920,2025-09-01,9,178.1,0.0,2,4,96.9,21.7,3,1.54
P-000920,2025-10-01,10,179.5,2.3,2,5,100.0,19.8,1,1.06
P-000920,2025-11-01,11,185.8,6.8,2,4,95.9,27.4,1,1.99
P-000920,2025-12-01,12,184.8,5.1,1,4,97.3,21.9,3,1.51
P-000921,2025-01-01,1,179.6,8.7,3,5,86.8,21.1,1,1.5
P-000921,2025-02-01,2,174.7,3.0,3,5,97.2,16.3,1,1.38
P-000921,2025-03-01,3,183.2,0.3,2,4,90.8,16.6,2,1.45
P-000921,2025-04-01,4,178.0,5.8,1,5,94.6,17.4,2,1.44
P-000921,2025-05-01,5,173.2,4.9,2,4,95.6,23.1,3,1.73
P-000921,2025-06-01,6,170.4,8.7,3,6,94.2,19.2,3,1.0
P-000921,2025-07-01,7,167.8,4.8,2,5,93.2,17.4,2,1.76
P-000921,2025-08-01,8,185.0,6.2,4,4,92.9,28.2,1,2.17
P-000921,2025-09-01,9,181.6,3.9,1,4,88.8,16.2,1,1.27
P-000921,2025-10-01,10,176.7,7.3,4,4,93.4,25.7,2,1.34
P-000921,2025-11-01,11,172.4,17.1,2,5,87.7,24.3,2,1.28
P-000921,2025-12-01,12,173.7,12.8,2,5,86.7,26.2,2,1.26
P-000922,2025-01-01,1,178.2,2.5,4,4,88.8,21.0,1,1.38
P-000922,2025-02-01,2,231.7,37.9,5,11,60.6,72.8,4,3.8
P-000922,2025-03-01,3,236.2,40.5,4,13,60.2,75.0,4,4.11
P-000922,2025-04-01,4,225.9,47.0,7,11,57.2,79.2,4,4.06
P-000922,2025-05-01,5,239.8,54.4,9,11,56.7,93.6,4,3.69
P-000922,2025-06-01,6,177.4,9.5,2,5,94.8,24.9,1,1.19
P-000922,2025-07-01,7,170.7,0.0,2,4,97.9,14.2,1,1.43
P-000922,2025-08-01,8,179.9,2.3,3,5,92.1,23.5,1,2.09
P-000922,2025-09-01,9,169.0,1.0,1,7,103.1,10.8,1,1.29
P-000922,2025-10-01,10,168.8,10.3,4,4,92.2,19.7,1,1.66
P-000922,2025-11-01,11,166.1,0.0,1,3,96.5,12.3,1,1.19
P-000922,2025-12-01,12,188.7,0.0,2,5,101.7,21.1,1,1.27
P-000923,2025-01-01,1,181.2,6.9,1,3,97.8,16.0,3,1.15
P-000923,2025-02-01,2,185.1,2.7,2,7,92.1,24.8,3,1.28
P-000923,2025-03-01,3,250.1,42.8,4,13,58.2,84.9,4,3.98
P-000923,2025-04-01,4,244.6,36.5,5,12,59.8,78.3,4,4.08
P-000923,2025-05-01,5,243.7,40.4,2,10,51.6,79.4,4,3.86
P-000923,2025-06-01,6,237.3,50.9,6,9,57.3,90.1,4,4.41
P-000923,2025-07-01,7,241.7,36.3,7,12,58.6,82.2,4,3.89
P-000923,2025-08-01,8,242.9,39.5,7,7,58.3,81.6,4,4.64
P-000923,2025-09-01,9,241.7,44.7,8,12,62.3,91.1,4,4.76
P-000923,2025-10-01,10,182.7,3.4,5,4,92.8,29.6,4,1.18
P-000923,2025-11-01,11,174.9,8.4,2,4,98.4,21.8,5,1.04
P-000923,2025-12-01,12,186.3,8.4,2,6,89.3,31.7,3,1.38
P-000924,2025-01-01,1,179.0,4.3,1,6,89.2,24.0,4,1.18
P-000924,2025-02-01,2,181.6,16.1,1,5,92.5,29.1,5,1.2
P-000924,2025-03-01,3,177.0,3.8,2,4,95.5,19.8,5,2.09
P-000924,2025-04-01,4,239.5,38.5,12,13,65.2,88.2,4,3.71
P-000924,2025-05-01,5,237.9,34.2,3,7,61.6,70.0,4,3.97
P-000924,2025-06-01,6,245.1,42.3,8,13,58.2,90.6,5,4.94
P-000924,2025-07-01,7,228.0,35.6,8,13,56.9,85.1,4,3.77
P-000924,2025-08-01,8,243.2,40.9,7,13,64.8,82.3,4,3.97
P-000924,2025-09-01,9,175.1,0.0,1,4,94.8,13.9,4,1.42
P-000924,2025-10-01,10,177.1,9.9,1,5,91.4,21.6,5,1.62
P-000924,2025-11-01,11,167.4,9.6,2,5,88.3,21.2,3,1.73
P-000924,2025-12-01,12,176.6,0.3,2,5,94.3,19.1,5,1.49
P-000925,2025-01-01,1,154.2,4.1,3,5,89.1,16.7,1,1.64
P-000925,2025-02-01,2,247.4,38.8,7,10,62.3,79.9,4,3.51
P-000925,2025-03-01,3,242.3,42.7,4,14,53.2,83.3,4,4.0
P-000925,2025-04-01,4,238.9,41.8,7,12,57.1,85.4,4,4.21
P-000925,2025-05-01,5,239.3,40.0,4,13,55.7,78.6,4,3.67
P-000925,2025-06-01,6,176.8,9.0,1,3,90.2,18.6,1,2.0
P-000925,2025-07-01,7,178.4,4.8,2,6,89.0,22.0,1,1.49
P-000925,2025-08-01,8,179.5,7.9,2,5,98.6,20.3,1,1.7
P-000925,2025-09-01,9,181.5,3.5,0,4,95.8,13.8,1,2.05
P-000925,2025-10-01,10,182.1,6.3,2,3,92.8,22.1,1,1.26
P-000925,2025-11-01,11,170.1,3.6,1,4,96.6,11.5,1,1.53
P-000925,2025-12-01,12,174.6,4.8,2,4,87.4,19.4,1,1.59
P-000926,2025-01-01,1,173.9,6.9,1,6,96.3,17.4,4,1.14
P-000926,2025-02-01,2,182.1,8.0,0,6,89.6,20.5,4,1.22
P-000926,2025-03-01,3,246.4,35.5,8,12,59.0,85.7,5,4.64
P-000926,2025-04-01,4,239.8,48.5,4,10,55.9,78.4,4,4.01
P-000926,2025-05-01,5,240.9,29.4,8,14,62.6,88.1,5,4.54
P-000926,2025-06-01,6,240.9,48.7,3,8,65.8,76.9,5,4.09
P-000926,2025-07-01,7,243.0,32.5,4,8,63.3,79.1,5,4.92
P-000926,2025-08-01,8,238.4,37.6,7,9,59.9,84.0,3,3.83
P-000926,2025-09-01,9,230.4,41.8,7,12,56.2,78.8,4,4.11
P-000926,2025-10-01,10,176.8,7.3,5,5,91.1,28.5,3,1.91
P-000926,2025-11-01,11,166.3,1.5,4,6,91.2,17.9,4,1.07
P-000926,2025-12-01,12,171.1,9.8,1,5,94.9,19.1,5,1.46
P-000927,2025-01-01,1,172.8,5.7,0,5,92.9,14.1,2,1.15
P-000927,2025-02-01,2,184.9,3.3,4,5,91.3,31.1,3,1.31
P-000927,2025-03-01,3,176.7,8.9,1,4,99.5,18.9,2,1.3
P-000927,2025-04-01,4,188.2,4.4,0,5,92.0,19.3,2,1.36
P-000927,2025-05-01,5,166.4,3.2,2,4,91.8,16.8,2,1.15
P-000927,2025-06-01,6,165.5,7.2,3,4,90.7,16.6,2,1.12
P-000927,2025-07-01,7,192.1,2.3,2,4,94.5,23.6,2,1.79
P-000927,2025-08-01,8,174.5,9.5,3,5,97.8,24.3,2,1.0
P-000927,2025-09-01,9,178.0,2.1,4,7,94.9,29.1,1,1.26
P-000927,2025-10-01,10,178.7,10.2,3,4,84.4,25.8,2,1.64
P-000927,2025-11-01,11,167.8,4.9,0,6,85.3,16.3,2,1.56
P-000927,2025-12-01,12,178.3,4.0,1,5,83.0,18.2,2,1.62
P-000928,2025-01-01,1,176.5,4.5,1,3,94.5,21.3,1,1.46
P-000928,2025-02-01,2,165.4,6.7,0,3,93.1,8.5,2,1.0
P-000928,2025-03-01,3,178.8,7.7,3,4,103.3,22.7,2,1.14
P-000928,2025-04-01,4,221.0,45.8,3,10,51.6,69.4,2,2.86
P-000928,2025-05-01,5,179.2,13.7,2,7,94.0,27.4,2,1.93
P-000928,2025-06-01,6,174.5,6.6,3,5,97.3,20.2,2,1.56
P-000928,2025-07-01,7,182.8,0.0,2,4,90.1,16.7,1,1.62
P-000928,2025-08-01,8,177.4,8.2,1,4,95.7,14.8,2,1.46
P-000928,2025-09-01,9,178.0,4.9,4,6,93.2,27.5,1,1.48
P-000928,2025-10-01,10,179.8,3.9,2,5,92.2,22.7,2,1.56
P-000928,2025-11-01,11,183.2,7.2,1,5,92.9,27.2,1,1.88
P-000928,2025-12-01,12,171.9,4.4,3,4,96.8,13.1,2,1.0
P-000929,2025-01-01,1,174.7,1.5,3,4,90.7,19.1,2,1.58
P-000929,2025-02-01,2,170.8,9.8,3,4,94.8,21.5,1,1.8
P-000929,2025-03-01,3,180.3,11.9,2,6,92.8,23.2,2,1.64
P-000929,2025-04-01,4,167.6,1.3,1,6,101.2,14.9,2,1.67
P-000929,2025-05-01,5,175.8,8.7,1,5,91.5,23.3,1,1.45
P-000929,2025-06-01,6,170.6,11.0,1,4,83.6,18.2,2,1.21
P-000929,2025-07-01,7,184.4,9.2,2,4,87.9,19.9,2,1.57
P-000929,2025-08-01,8,178.3,7.9,1,5,93.6,23.8,2,1.43
P-000929,2025-09-01,9,172.3,10.8,1,3,91.2,22.3,2,1.89
P-000929,2025-10-01,10,192.2,3.7,1,7,94.5,24.2,2,1.33
P-000929,2025-11-01,11,169.4,7.3,2,6,94.2,19.0,2,1.08
P-000929,2025-12-01,12,178.8,6.6,2,4,92.3,19.9,2,1.31
P-000930,2025-01-01,1,181.8,1.5,0,4,95.4,18.7,2,1.05
P-000930,2025-02-01,2,178.3,4.5,1,5,92.3,14.7,2,1.0
P-000930,2025-03-01,3,168.0,14.8,2,4,86.9,20.3,2,1.0
P-000930,2025-04-01,4,171.9,0.5,3,5,100.0,14.8,2,1.0
P-000930,2025-05-01,5,175.8,9.3,3,4,90.3,27.3,1,1.91
P-000930,2025-06-01,6,185.6,4.1,4,6,94.1,23.5,2,1.26
P-000930,2025-07-01,7,175.2,7.6,0,4,95.0,17.0,1,1.41
P-000930,2025-08-01,8,182.9,0.0,2,5,88.3,27.3,1,1.56
P-000930,2025-09-01,9,170.1,6.0,1,6,91.2,19.2,2,1.38
P-000930,2025-10-01,10,173.2,2.7,3,4,95.9,16.4,2,1.6
P-000930,2025-11-01,11,181.7,4.9,1,5,88.6,27.2,1,1.12
P-000930,2025-12-01,12,174.0,11.5,2,5,88.9,21.0,1,1.78
P-000931,2025-01-01,1,187.8,13.6,4,5,92.8,35.1,1,1.49
P-000931,2025-02-01,2,177.7,0.0,4,5,91.4,22.7,2,1.21
P-000931,2025-03-01,3,175.8,14.1,3,6,90.0,30.5,2,1.69
P-000931,2025-04-01,4,184.3,5.5,1,4,93.5,21.7,1,1.41
P-000931,2025-05-01,5,168.2,3.1,2,5,102.4,17.1,2,1.23
P-000931,2025-06-01,6,177.1,7.8,0,4,89.4,15.3,1,1.67
P-000931,2025-07-01,7,172.9,6.4,0,4,98.2,13.4,2,1.11
P-000931,2025-08-01,8,179.4,3.7,1,4,97.4,20.7,2,1.39
P-000931,2025-09-01,9,183.6,4.5,1,4,93.7,20.7,1,1.3
P-000931,2025-10-01,10,173.1,3.5,1,4,97.8,15.0,1,1.51
P-000931,2025-11-01,11,164.6,4.2,3,6,94.4,18.1,1,1.24
P-000931,2025-12-01,12,192.4,9.1,2,4,90.8,29.6,3,1.32
P-000932,2025-01-01,1,172.0,4.8,1,5,89.0,17.5,5,1.28
P-000932,2025-02-01,2,172.5,6.5,2,4,100.2,15.4,3,1.77
P-000932,2025-03-01,3,230.6,33.4,5,9,69.0,69.3,3,3.53
P-000932,2025-04-01,4,241.5,45.9,7,6,62.5,88.3,4,4.83
P-000932,2025-05-01,5,236.9,29.6,7,7,72.1,72.0,4,4.01
P-000932,2025-06-01,6,237.4,32.7,8,12,60.6,81.3,4,4.46
P-000932,2025-07-01,7,244.5,60.0,4,12,59.5,87.2,4,4.26
P-000932,2025-08-01,8,240.8,24.8,6,10,63.9,66.1,3,3.85
P-000932,2025-09-01,9,252.7,43.9,12,11,61.9,97.9,5,4.88
P-000932,2025-10-01,10,183.2,6.9,2,4,97.2,22.3,4,1.4
P-000932,2025-11-01,11,180.6,4.9,0,3,96.6,21.0,4,1.0
P-000932,2025-12-01,12,187.9,5.5,1,5,95.3,24.6,4,1.17
P-000933,2025-01-01,1,182.9,1.9,1,5,97.6,16.7,4,1.07
P-000933,2025-02-01,2,177.4,2.0,2,4,103.1,15.2,3,1.62
P-000933,2025-03-01,3,170.8,0.4,4,5,90.7,25.8,4,2.19
P-000933,2025-04-01,4,240.3,41.3,8,11,67.8,81.3,4,3.54
P-000933,2025-05-01,5,236.2,31.3,7,12,63.9,74.5,4,4.05
P-000933,2025-06-01,6,223.2,39.4,3,9,54.5,65.6,3,3.66
P-000933,2025-07-01,7,253.2,41.9,4,15,58.3,89.0,5,5.0
P-000933,2025-08-01,8,227.9,44.5,8,6,53.0,76.2,3,3.61
P-000933,2025-09-01,9,178.1,5.1,2,3,93.2,22.1,4,1.19
P-000933,2025-10-01,10,174.9,12.9,2,5,90.7,26.8,3,1.58
P-000933,2025-11-01,11,165.3,1.8,5,4,88.3,20.0,3,1.76
P-000933,2025-12-01,12,167.3,6.6,0,3,87.3,12.1,4,1.19
P-000934,2025-01-01,1,182.3,2.2,2,5,93.8,21.0,5,1.59
P-000934,2025-02-01,2,176.6,8.4,2,6,98.3,26.1,3,1.67
P-000934,2025-03-01,3,183.0,11.1,4,3,88.1,30.0,4,1.78
P-000934,2025-04-01,4,225.7,41.7,4,9,51.7,72.7,3,4.13
P-000934,2025-05-01,5,236.2,44.8,3,9,55.9,79.3,4,3.99
P-000934,2025-06-01,6,243.6,39.9,6,11,57.5,83.1,4,4.31
P-000934,2025-07-01,7,241.2,51.6,5,11,49.2,86.3,5,4.36
P-000934,2025-08-01,8,229.4,57.0,5,11,58.0,90.1,4,4.46
P-000934,2025-09-01,9,174.0,9.5,3,5,100.4,20.1,3,2.08
P-000934,2025-10-01,10,181.5,8.8,4,5,92.0,25.0,4,1.06
P-000934,2025-11-01,11,173.3,5.5,0,5,93.3,18.1,3,1.75
P-000934,2025-12-01,12,172.3,0.0,3,4,102.7,19.6,4,1.19
P-000935,2025-01-01,1,173.8,6.8,5,4,93.2,26.8,3,1.74
P-000935,2025-02-01,2,181.1,2.4,3,6,107.2,19.4,4,1.4
P-000935,2025-03-01,3,183.4,3.4,3,6,93.0,20.0,4,1.1
P-000935,2025-04-01,4,234.5,28.0,4,11,73.1,66.5,3,2.91
P-000935,2025-05-01,5,235.2,29.3,5,10,61.4,73.1,4,3.96
P-000935,2025-06-01,6,231.6,43.7,3,12,65.0,72.5,3,3.41
P-000935,2025-07-01,7,240.2,40.7,4,9,59.1,80.1,3,4.29
P-000935,2025-08-01,8,243.7,44.9,9,9,54.8,87.9,4,4.75
P-000935,2025-09-01,9,174.5,12.6,2,7,90.8,30.1,4,1.66
P-000935,2025-10-01,10,183.2,2.4,0,5,95.4,16.7,3,1.74
P-000935,2025-11-01,11,177.3,14.5,1,4,96.0,23.2,3,1.85
P-000935,2025-12-01,12,177.3,0.0,3,4,94.0,20.7,3,1.35
P-000936,2025-01-01,1,176.1,11.9,2,5,96.4,18.5,5,1.07
P-000936,2025-02-01,2,184.3,8.7,1,6,97.7,18.8,4,1.61
P-000936,2025-03-01,3,175.5,11.7,1,4,92.1,24.9,5,1.5
P-000936,2025-04-01,4,237.6,52.6,8,11,52.4,84.6,4,3.44
P-000936,2025-05-01,5,248.0,49.5,3,14,58.6,87.1,5,5.0
P-000936,2025-06-01,6,239.2,29.7,3,8,55.9,74.7,4,4.09
P-000936,2025-07-01,7,246.7,39.5,6,13,59.7,84.6,4,4.1
P-000936,2025-08-01,8,238.4,44.6,6,12,74.1,80.3,4,4.0
P-000936,2025-09-01,9,239.7,36.9,10,10,51.3,78.8,4,3.69
P-000936,2025-10-01,10,237.1,38.8,9,10,55.1,82.5,4,4.16
P-000936,2025-11-01,11,232.9,39.7,7,12,68.5,84.5,4,4.04
P-000936,2025-12-01,12,176.9,11.2,0,4,94.9,20.0,5,1.18
P-000937,2025-01-01,1,170.3,10.6,2,5,95.3,19.8,2,1.36
P-000937,2025-02-01,2,167.5,8.8,5,3,92.6,23.0,2,1.74
P-000937,2025-03-01,3,170.6,10.5,1,4,93.8,19.8,1,1.53
P-000937,2025-04-01,4,212.6,24.2,3,8,64.5,51.6,1,2.51
P-000937,2025-05-01,5,188.8,8.3,3,6,88.0,30.7,2,1.15
P-000937,2025-06-01,6,179.0,0.8,0,3,97.9,16.0,1,1.32
P-000937,2025-07-01,7,181.6,0.0,1,4,90.8,20.0,3,1.79
P-000937,2025-08-01,8,163.8,10.8,2,5,86.8,20.7,2,1.5
P-000937,2025-09-01,9,186.9,3.2,4,3,99.5,26.0,1,1.55
P-000937,2025-10-01,10,177.7,4.6,1,4,93.4,20.4,2,1.67
P-000937,2025-11-01,11,168.1,6.5,1,3,95.5,17.1,2,1.84
P-000937,2025-12-01,12,168.4,10.4,2,5,91.2,20.6,2,1.0
P-000938,2025-01-01,1,170.5,9.5,4,4,91.6,23.8,2,1.57
P-000938,2025-02-01,2,176.3,4.3,1,5,93.4,21.8,1,1.76
P-000938,2025-03-01,3,178.0,10.3,2,4,92.3,24.7,2,1.74
P-000938,2025-04-01,4,176.5,10.3,3,4,96.2,20.0,2,1.58
P-000938,2025-05-01,5,177.0,1.7,1,5,102.8,14.9,1,1.74
P-000938,2025-06-01,6,174.5,5.5,5,3,94.9,26.8,3,1.58
P-000938,2025-07-01,7,175.0,2.9,1,5,88.5,16.0,2,1.13
P-000938,2025-08-01,8,174.3,8.9,1,5,90.9,13.3,1,1.23
P-000938,2025-09-01,9,183.0,6.9,1,6,93.5,20.4,2,1.2
P-000938,2025-10-01,10,160.9,9.6,1,4,97.9,8.3,2,1.32
P-000938,2025-11-01,11,166.8,6.9,2,4,98.0,17.4,1,1.14
P-000938,2025-12-01,12,173.8,4.6,2,4,98.2,19.3,2,1.52
P-000939,2025-01-01,1,176.9,7.5,0,5,89.1,20.9,3,1.55
P-000939,2025-02-01,2,177.0,3.2,2,5,95.9,20.1,4,1.95
P-000939,2025-03-01,3,245.1,35.2,9,13,64.5,88.3,4,3.76
P-000939,2025-04-01,4,231.1,42.6,10,8,63.0,85.2,4,3.97
P-000939,2025-05-01,5,229.6,20.8,6,10,76.1,64.6,3,3.95
P-000939,2025-06-01,6,241.5,44.1,4,10,58.4,78.1,4,3.8
P-000939,2025-07-01,7,241.7,46.8,14,10,61.5,98.0,5,5.0
P-000939,2025-08-01,8,241.4,39.9,6,13,52.0,78.1,4,4.25
P-000939,2025-09-01,9,238.4,27.3,6,12,70.3,73.7,4,3.9
P-000939,2025-10-01,10,173.0,3.0,2,5,100.8,11.1,3,1.12
P-000939,2025-11-01,11,174.0,8.0,3,4,96.5,19.2,4,1.17
P-000939,2025-12-01,12,178.2,0.0,2,6,93.8,23.1,5,1.37
P-000940,2025-01-01,1,171.6,0.9,0,4,103.5,11.4,4,1.02
P-000940,2025-02-01,2,164.6,0.0,5,5,93.3,19.5,4,1.45
P-000940,2025-03-01,3,191.4,3.5,3,3,95.8,24.2,4,1.0
P-000940,2025-04-01,4,231.9,46.8,7,6,62.0,76.9,4,4.18
P-000940,2025-05-01,5,239.0,41.2,11,12,51.9,98.0,5,4.41
P-000940,2025-06-01,6,247.0,40.2,7,9,56.2,87.3,4,4.28
P-000940,2025-07-01,7,237.4,38.7,12,9,60.5,93.6,5,4.64
P-000940,2025-08-01,8,249.7,45.9,3,10,51.8,79.3,4,3.99
P-000940,2025-09-01,9,252.2,50.5,11,11,55.2,94.2,5,3.71
P-000940,2025-10-01,10,232.4,26.6,5,12,62.6,71.7,4,4.69
P-000940,2025-11-01,11,241.3,46.8,4,10,52.3,80.9,4,4.43
P-000940,2025-12-01,12,173.1,10.4,0,4,89.7,19.6,4,1.41
P-000941,2025-01-01,1,192.1,6.0,1,5,85.6,25.7,3,1.43
P-000941,2025-02-01,2,175.0,1.8,2,5,96.3,16.3,1,1.37
P-000941,2025-03-01,3,170.5,7.9,2,4,83.9,25.3,2,1.76
P-000941,2025-04-01,4,223.8,45.7,5,7,53.1,72.4,1,2.81
P-000941,2025-05-01,5,217.7,36.2,3,8,55.2,65.4,2,3.71
P-000941,2025-06-01,6,182.6,5.4,1,6,87.9,21.6,2,1.19
P-000941,2025-07-01,7,177.1,2.3,4,5,98.4,17.4,2,1.1
P-000941,2025-08-01,8,164.2,4.5,1,5,94.2,13.2,2,1.42
P-000941,2025-09-01,9,176.7,1.8,3,3,89.4,24.7,1,1.46
P-000941,2025-10-01,10,182.3,12.9,5,5,85.9,31.8,1,1.0
P-000941,2025-11-01,11,167.1,3.7,0,4,91.9,12.9,3,1.49
P-000941,2025-12-01,12,166.8,1.6,1,4,92.3,14.3,1,1.84
P-000942,2025-01-01,1,168.6,6.0,1,4,93.4,15.4,4,1.55
P-000942,2025-02-01,2,183.5,7.1,2,5,97.8,20.0,5,1.3
P-000942,2025-03-01,3,241.8,34.5,5,10,61.6,76.8,4,3.95
P-000942,2025-04-01,4,248.6,34.5,7,10,68.1,82.5,5,4.07
P-000942,2025-05-01,5,240.1,31.4,10,9,61.7,76.5,4,3.52
P-000942,2025-06-01,6,240.0,44.6,7,14,58.0,87.3,4,4.34
P-000942,2025-07-01,7,243.1,36.3,2,10,64.2,76.6,4,4.46
P-000942,2025-08-01,8,242.5,32.5,7,12,55.0,84.2,4,3.86
P-000942,2025-09-01,9,226.7,46.5,9,14,53.0,90.3,4,4.13
P-000942,2025-10-01,10,180.3,9.2,3,6,90.1,31.6,4,1.31
P-000942,2025-11-01,11,174.4,4.2,3,5,99.2,21.3,4,1.31
P-000942,2025-12-01,12,181.5,7.3,3,4,98.2,19.7,4,1.4
P-000943,2025-01-01,1,173.7,5.9,3,4,87.2,23.5,1,2.02
P-000943,2025-02-01,2,171.1,9.8,1,4,97.7,25.3,1,1.0
P-000943,2025-03-01,3,174.6,7.9,1,4,92.2,16.4,1,1.0
P-000943,2025-04-01,4,215.3,28.6,2,7,57.0,53.6,1,2.21
P-000943,2025-05-01,5,212.5,29.8,3,7,59.3,59.4,1,3.02
P-000943,2025-06-01,6,156.9,3.7,0,4,97.8,11.1,1,1.62
P-000943,2025-07-01,7,163.0,6.3,4,5,88.8,20.2,3,1.21
P-000943,2025-08-01,8,180.7,5.9,0,5,99.4,19.9,2,1.34
P-000943,2025-09-01,9,175.5,7.4,1,4,89.7,19.9,3,1.21
P-000943,2025-10-01,10,181.6,3.8,4,5,102.4,21.9,1,1.74
P-000943,2025-11-01,11,180.2,2.2,2,5,95.2,22.4,1,1.15
P-000943,2025-12-01,12,180.2,4.4,0,6,89.8,21.4,1,1.95
P-000944,2025-01-01,1,167.6,6.0,1,5,95.6,21.4,4,1.66
P-000944,2025-02-01,2,183.5,13.6,3,4,90.6,24.8,4,1.19
P-000944,2025-03-01,3,242.5,33.4,6,11,59.7,75.7,4,3.97
P-000944,2025-04-01,4,229.5,45.9,10,11,59.2,87.6,4,4.56
P-000944,2025-05-01,5,230.4,31.4,4,10,60.4,68.5,3,3.72
P-000944,2025-06-01,6,238.1,42.9,8,11,49.2,89.1,5,4.74
P-000944,2025-07-01,7,253.4,46.0,11,12,62.6,98.0,5,5.0
P-000944,2025-08-01,8,233.2,38.9,5,14,53.2,84.7,4,4.01
P-000944,2025-09-01,9,237.9,38.8,6,6,60.4,71.9,3,3.27
P-000944,2025-10-01,10,186.1,11.8,1,4,95.9,23.9,4,1.18
P-000944,2025-11-01,11,179.7,7.1,1,5,94.5,22.2,4,1.83
P-000944,2025-12-01,12,170.0,1.7,5,5,91.7,22.9,5,1.27
P-000945,2025-01-01,1,171.8,12.7,4,4,89.5,24.0,4,1.0
P-000945,2025-02-01,2,175.1,3.1,0,5,93.0,10.5,4,1.43
P-000945,2025-03-01,3,179.6,5.5,1,3,95.9,18.7,3,1.2
P-000945,2025-04-01,4,237.5,50.5,7,12,49.7,89.3,4,4.4
P-000945,2025-05-01,5,234.9,41.2,4,11,60.8,73.4,4,4.39
P-000945,2025-06-01,6,245.7,24.4,10,8,65.4,77.9,5,3.47
P-000945,2025-07-01,7,222.4,39.9,3,10,63.9,63.9,3,3.65
P-000945,2025-08-01,8,227.7,45.7,4,9,62.4,74.8,3,3.69
P-000945,2025-09-01,9,178.3,0.0,1,4,98.4,16.0,4,1.16
P-000945,2025-10-01,10,178.0,5.6,3,4,90.1,29.3,5,1.81
P-000945,2025-11-01,11,178.4,9.0,4,3,88.8,28.4,3,1.52
P-000945,2025-12-01,12,183.2,5.0,4,3,94.2,23.8,3,1.0
P-000946,2025-01-01,1,178.6,8.4,1,7,96.2,25.5,2,1.23
P-000946,2025-02-01,2,174.3,3.0,2,5,89.9,20.5,1,1.88
P-000946,2025-03-01,3,179.0,0.0,0,3,95.9,16.1,3,1.12
P-000946,2025-04-01,4,171.4,8.2,4,3,91.9,19.8,2,1.04
P-000946,2025-05-01,5,174.1,2.8,2,3,99.0,18.4,1,1.67
P-000946,2025-06-01,6,178.5,9.3,2,5,95.3,25.4,2,1.22
P-000946,2025-07-01,7,183.5,4.5,0,3,95.8,19.2,1,1.08
P-000946,2025-08-01,8,175.5,8.1,0,6,92.1,19.5,3,1.0
P-000946,2025-09-01,9,175.4,3.4,3,5,93.0,20.7,3,1.32
P-000946,2025-10-01,10,179.2,0.0,1,7,93.6,19.5,1,1.65
P-000946,2025-11-01,11,183.1,2.5,1,5,99.0,15.3,3,1.44
P-000946,2025-12-01,12,179.7,10.9,4,5,95.0,31.2,1,1.42
P-000947,2025-01-01,1,175.6,5.8,3,3,95.2,21.0,4,1.42
P-000947,2025-02-01,2,166.4,4.2,3,4,91.9,23.0,4,1.34
P-000947,2025-03-01,3,171.7,3.5,2,6,100.9,17.8,3,1.54
P-000947,2025-04-01,4,250.3,50.5,9,11,50.0,97.8,5,4.21
P-000947,2025-05-01,5,245.8,42.1,6,7,54.2,81.8,4,4.22
P-000947,2025-06-01,6,232.6,40.8,2,10,57.1,66.3,3,3.75
P-000947,2025-07-01,7,227.8,27.4,6,8,66.1,62.0,3,3.21
P-000947,2025-08-01,8,240.6,35.6,5,7,64.8,74.1,4,3.56
P-000947,2025-09-01,9,182.8,5.7,0,5,93.9,21.6,3,1.05
P-000947,2025-10-01,10,182.2,0.9,0,4,97.6,18.8,4,1.58
P-000947,2025-11-01,11,177.3,5.2,1,5,97.2,18.5,4,1.8
P-000947,2025-12-01,12,174.9,10.4,1,5,91.6,20.3,3,1.41
P-000948,2025-01-01,1,176.8,11.7,4,5,86.0,24.2,1,1.08
P-000948,2025-02-01,2,166.9,0.7,2,4,89.6,11.3,2,1.73
P-000948,2025-03-01,3,178.8,7.7,2,4,92.8,27.6,3,1.54
P-000948,2025-04-01,4,226.2,43.6,8,5,52.0,78.4,2,3.42
P-000948,2025-05-01,5,177.0,7.7,3,4,89.6,26.2,2,1.61
P-000948,2025-06-01,6,175.5,4.8,0,5,90.6,15.6,1,1.57
P-000948,2025-07-01,7,165.7,4.1,2,6,97.8,17.9,2,1.4
P-000948,2025-08-01,8,178.7,5.8,1,4,94.6,11.6,1,1.78
P-000948,2025-09-01,9,173.6,1.6,2,5,91.7,16.7,3,1.52
P-000948,2025-10-01,10,178.8,3.3,2,6,88.0,17.9,2,1.29
P-000948,2025-11-01,11,168.1,6.2,2,5,91.9,18.8,1,1.0
P-000948,2025-12-01,12,176.2,2.6,1,5,91.3,16.1,2,1.65
P-000949,2025-01-01,1,175.9,4.5,2,4,87.4,18.2,1,1.33
P-000949,2025-02-01,2,175.8,3.7,4,5,95.1,19.3,2,1.39
P-000949,2025-03-01,3,174.3,6.9,1,4,94.4,17.7,2,1.1
P-000949,2025-04-01,4,218.8,19.2,4,7,68.9,57.6,1,3.01
P-000949,2025-05-01,5,165.9,8.9,2,5,95.2,18.6,2,1.0
P-000949,2025-06-01,6,174.0,2.2,4,5,90.7,30.9,2,1.68
P-000949,2025-07-01,7,182.2,5.5,2,6,97.4,21.5,2,1.21
P-000949,2025-08-01,8,186.6,0.0,4,4,94.3,17.6,3,1.11
P-000949,2025-09-01,9,182.0,1.3,3,4,99.7,24.7,2,1.37
P-000949,2025-10-01,10,176.9,12.2,1,5,90.0,27.5,1,1.37
P-000949,2025-11-01,11,189.3,8.5,4,5,97.3,28.1,2,1.61
P-000949,2025-12-01,12,177.6,10.4,3,4,97.7,21.8,3,1.56
P-000950,2025-01-01,1,173.0,4.5,3,5,98.0,24.9,1,1.58
P-000950,2025-02-01,2,172.8,10.5,2,5,92.4,22.1,2,1.13
P-000950,2025-03-01,3,175.8,8.5,1,5,98.7,20.4,1,1.02
P-000950,2025-04-01,4,223.1,35.0,5,10,65.2,69.5,2,3.39
P-000950,2025-05-01,5,170.7,5.8,2,5,104.2,14.6,2,1.56
P-000950,2025-06-01,6,175.9,3.9,1,6,88.4,16.1,2,1.36
P-000950,2025-07-01,7,178.2,11.9,4,4,87.3,28.5,3,1.41
P-000950,2025-08-01,8,194.8,4.6,3,4,100.8,22.9,1,1.49
P-000950,2025-09-01,9,176.0,1.7,4,6,89.9,23.2,1,1.37
P-000950,2025-10-01,10,173.4,4.4,3,6,98.9,21.6,2,1.52
P-000950,2025-11-01,11,174.3,2.1,4,4,98.4,16.3,2,1.56
P-000950,2025-12-01,12,166.4,8.5,1,3,90.0,13.8,2,1.24
P-000951,2025-01-01,1,173.5,6.2,4,4,92.9,17.0,2,1.52
P-000951,2025-02-01,2,177.8,0.0,2,3,102.0,11.7,2,1.1
P-000951,2025-03-01,3,176.8,10.4,0,5,92.9,20.0,2,1.35
P-000951,2025-04-01,4,173.1,9.8,1,4,92.7,16.2,2,1.0
P-000951,2025-05-01,5,175.8,14.9,2,3,85.9,27.4,2,2.08
P-000951,2025-06-01,6,226.8,48.0,6,9,65.2,79.8,4,4.05
P-000951,2025-07-01,7,238.8,48.6,6,14,51.6,86.1,4,3.84
P-000951,2025-08-01,8,176.3,2.7,1,3,88.8,19.2,2,1.9
P-000951,2025-09-01,9,184.0,7.5,4,4,92.1,27.5,2,1.44
P-000951,2025-10-01,10,176.8,7.0,1,5,95.1,16.6,2,1.05
P-000951,2025-11-01,11,167.3,10.1,4,5,91.3,23.6,2,1.75
P-000951,2025-12-01,12,175.9,2.7,3,5,90.3,21.4,2,1.29
P-000952,2025-01-01,1,167.3,0.0,1,5,90.5,9.9,3,1.66
P-000952,2025-02-01,2,169.6,13.4,3,5,85.5,26.6,4,1.41
P-000952,2025-03-01,3,240.1,35.3,6,11,65.2,77.1,5,3.84
P-000952,2025-04-01,4,237.9,46.7,5,11,60.8,82.2,4,4.03
P-000952,2025-05-01,5,243.9,34.9,5,6,55.4,75.3,4,4.5
P-000952,2025-06-01,6,243.1,51.3,7,12,48.6,89.5,4,4.31
P-000952,2025-07-01,7,242.3,49.5,7,13,51.3,87.4,3,4.03
P-000952,2025-08-01,8,246.0,37.5,8,11,62.5,86.8,5,4.09
P-000952,2025-09-01,9,241.4,37.8,7,11,54.1,82.5,4,3.76
P-000952,2025-10-01,10,181.1,8.0,2,5,98.7,19.2,4,1.71
P-000952,2025-11-01,11,178.2,3.4,3,3,95.1,16.2,4,1.12
P-000952,2025-12-01,12,176.6,7.0,2,4,99.1,18.7,5,1.25
P-000953,2025-01-01,1,176.6,4.4,0,5,93.7,12.7,2,1.72
P-000953,2025-02-01,2,178.2,12.9,4,4,100.8,27.4,2,1.16
P-000953,2025-03-01,3,175.1,2.2,0,4,98.7,16.8,2,1.32
P-000953,2025-04-01,4,180.7,8.9,0,5,94.9,18.5,2,1.38
P-000953,2025-05-01,5,175.6,11.3,1,3,88.5,19.6,2,1.34
P-000953,2025-06-01,6,246.1,37.6,4,12,62.8,74.1,4,4.22
P-000953,2025-07-01,7,234.0,39.8,7,9,62.0,78.8,4,5.0
P-000953,2025-08-01,8,168.8,1.7,4,6,94.6,22.8,2,1.12
P-000953,2025-09-01,9,184.7,8.6,1,4,88.4,20.2,2,1.11
P-000953,2025-10-01,10,181.9,7.1,0,6,92.6,18.2,2,1.2
P-000953,2025-11-01,11,176.6,0.0,2,4,99.4,16.8,2,1.22
P-000953,2025-12-01,12,178.2,12.1,1,4,83.0,23.7,2,1.0
P-000954,2025-01-01,1,176.2,7.6,1,5,93.2,17.3,1,1.4
P-000954,2025-02-01,2,239.4,27.2,7,10,62.8,76.6,4,4.0
P-000954,2025-03-01,3,232.2,45.0,4,7,48.9,78.6,4,3.77
P-000954,2025-04-01,4,239.0,41.9,6,6,56.6,82.7,4,4.5
P-000954,2025-05-01,5,239.2,49.5,13,10,55.8,98.0,4,3.5
P-000954,2025-06-01,6,174.8,0.0,2,4,97.1,13.6,1,1.54
P-000954,2025-07-01,7,174.4,9.3,2,5,93.3,20.2,1,1.48
P-000954,2025-08-01,8,173.5,1.9,0,6,93.3,15.1,1,1.79
P-000954,2025-09-01,9,173.6,0.0,1,4,90.9,19.3,1,1.44
P-000954,2025-10-01,10,169.2,3.8,1,5,99.6,13.2,1,1.5
P-000954,2025-11-01,11,176.2,5.5,2,5,92.9,23.9,1,1.4
P-000954,2025-12-01,12,179.0,10.4,4,5,94.7,26.1,1,1.36
P-000955,2025-01-01,1,177.9,6.2,1,3,93.3,19.8,3,1.58
P-000955,2025-02-01,2,171.0,8.2,0,5,86.3,16.8,5,1.44
P-000955,2025-03-01,3,162.3,0.0,4,6,98.8,19.3,3,1.09
P-000955,2025-04-01,4,239.8,37.3,6,11,53.1,79.6,4,4.45
P-000955,2025-05-01,5,245.1,41.1,2,10,60.6,77.3,4,3.55
P-000955,2025-06-01,6,232.8,21.7,4,12,77.2,64.6,3,3.9
P-000955,2025-07-01,7,245.0,54.3,5,10,52.9,90.5,4,3.99
P-000955,2025-08-01,8,237.3,36.6,4,13,57.4,77.3,4,3.87
P-000955,2025-09-01,9,180.8,4.4,0,5,93.2,14.4,4,1.0
P-000955,2025-10-01,10,172.7,4.4,1,6,90.4,18.7,3,1.62
P-000955,2025-11-01,11,180.8,13.7,0,5,89.7,21.1,4,1.62
P-000955,2025-12-01,12,169.9,8.8,0,5,92.6,15.1,4,1.4
P-000956,2025-01-01,1,168.9,7.4,1,5,90.6,17.2,2,1.74
P-000956,2025-02-01,2,183.8,1.8,0,5,91.5,18.8,2,1.07
P-000956,2025-03-01,3,181.5,4.6,2,4,96.6,17.0,2,1.0
P-000956,2025-04-01,4,180.8,5.3,2,3,91.6,19.1,2,1.56
P-000956,2025-05-01,5,176.6,0.9,0,4,87.9,19.4,2,1.88
P-000956,2025-06-01,6,225.3,33.0,6,14,66.8,78.1,4,4.67
P-000956,2025-07-01,7,239.4,40.0,9,11,50.7,85.6,4,3.93
P-000956,2025-08-01,8,183.3,4.5,3,3,89.9,24.7,2,1.34
P-000956,2025-09-01,9,175.8,1.7,1,7,98.6,17.8,2,1.56
P-000956,2025-10-01,10,156.4,15.4,0,7,93.6,17.2,2,1.38
P-000956,2025-11-01,11,187.2,6.1,0,3,94.2,20.9,2,1.5
P-000956,2025-12-01,12,173.8,4.9,1,3,92.5,18.9,2,1.3
P-000957,2025-01-01,1,171.1,7.1,5,3,88.7,24.7,2,1.15
P-000957,2025-02-01,2,179.4,0.0,2,4,91.1,17.5,1,1.33
P-000957,2025-03-01,3,181.8,10.3,0,5,94.8,18.9,1,1.23
P-000957,2025-04-01,4,217.0,39.8,5,7,55.7,63.7,2,3.35
P-000957,2025-05-01,5,174.6,12.3,3,5,95.4,26.3,2,1.25
P-000957,2025-06-01,6,177.0,1.4,3,6,103.7,24.1,1,1.97
P-000957,2025-07-01,7,176.2,7.8,3,6,91.3,23.2,2,1.48
P-000957,2025-08-01,8,169.4,6.0,1,4,95.4,15.4,2,1.43
P-000957,2025-09-01,9,183.4,5.1,3,6,93.9,25.7,2,1.47
P-000957,2025-10-01,10,173.7,11.6,1,5,92.5,20.9,2,1.0
P-000957,2025-11-01,11,176.6,11.9,2,4,93.8,28.9,1,1.79
P-000957,2025-12-01,12,177.7,0.4,5,6,91.8,21.3,2,1.72
P-000958,2025-01-01,1,171.7,2.9,5,3,91.9,24.1,1,1.26
P-000958,2025-02-01,2,172.1,8.6,1,4,98.6,14.9,2,1.09
P-000958,2025-03-01,3,166.9,7.5,3,3,88.5,15.6,1,1.66
P-000958,2025-04-01,4,225.9,38.9,4,8,55.0,66.2,2,2.63
P-000958,2025-05-01,5,173.1,3.7,2,6,94.6,17.4,2,1.42
P-000958,2025-06-01,6,174.8,7.0,3,4,95.4,17.7,2,1.53
P-000958,2025-07-01,7,175.4,2.1,1,4,94.1,14.8,1,1.31
P-000958,2025-08-01,8,174.0,7.8,1,4,94.0,13.0,2,1.61
P-000958,2025-09-01,9,176.6,0.0,0,4,95.5,12.0,1,1.62
P-000958,2025-10-01,10,182.8,6.2,4,3,93.4,29.6,2,1.56
P-000958,2025-11-01,11,172.0,6.8,0,5,98.9,10.3,2,1.0
P-000958,2025-12-01,12,171.6,9.1,1,4,91.0,21.0,2,1.58
P-000959,2025-01-01,1,178.5,10.1,0,3,83.6,18.6,2,1.99
P-000959,2025-02-01,2,166.8,7.7,3,5,89.7,20.1,2,1.04
P-000959,2025-03-01,3,168.7,0.0,2,4,96.5,14.5,3,1.46
P-000959,2025-04-01,4,171.1,14.7,5,5,91.3,26.6,1,1.2
P-000959,2025-05-01,5,166.2,3.1,2,5,90.3,16.4,2,1.13
P-000959,2025-06-01,6,174.2,9.0,3,3,94.8,28.5,1,1.52
P-000959,2025-07-01,7,167.8,5.2,1,5,91.1,14.9,2,1.18
P-000959,2025-08-01,8,173.0,7.1,1,5,92.0,18.0,3,1.45
P-000959,2025-09-01,9,185.5,6.1,3,5,94.2,27.3,2,1.11
P-000959,2025-10-01,10,171.0,6.6,1,5,88.2,18.4,2,1.3
P-000959,2025-11-01,11,177.1,0.0,2,5,100.3,13.5,2,1.06
P-000959,2025-12-01,12,171.5,0.5,1,5,97.8,16.1,1,1.0
P-000960,2025-01-01,1,176.5,1.5,0,5,95.3,17.9,5,1.11
P-000960,2025-02-01,2,185.5,8.7,1,4,87.4,26.3,4,2.03
P-000960,2025-03-01,3,229.2,44.2,4,12,41.9,81.9,4,4.14
P-000960,2025-04-01,4,237.4,31.9,6,10,66.3,76.5,5,5.0
P-000960,2025-05-01,5,240.4,37.8,5,7,59.9,73.0,5,4.39
P-000960,2025-06-01,6,232.3,37.5,3,9,52.0,71.9,3,3.53
P-000960,2025-07-01,7,241.9,48.7,5,10,53.4,86.8,5,4.9
P-000960,2025-08-01,8,226.4,40.0,6,9,61.8,74.3,3,3.35
P-000960,2025-09-01,9,243.8,47.9,5,10,62.5,84.8,4,4.68
P-000960,2025-10-01,10,169.7,2.5,1,6,93.1,9.5,4,1.17
P-000960,2025-11-01,11,177.4,9.5,2,4,92.0,24.5,4,1.13
P-000960,2025-12-01,12,180.5,5.4,1,6,88.8,20.5,4,1.66
P-000961,2025-01-01,1,176.0,5.8,1,4,99.2,16.5,1,1.0
P-000961,2025-02-01,2,170.1,3.2,1,3,94.6,13.2,2,1.0
P-000961,2025-03-01,3,181.1,10.8,1,5,89.3,32.1,2,2.05
P-000961,2025-04-01,4,221.0,34.7,6,15,56.7,74.8,2,3.21
P-000961,2025-05-01,5,177.8,1.5,1,5,100.3,12.7,2,1.82
P-000961,2025-06-01,6,163.6,0.0,3,6,92.4,24.0,2,1.5
P-000961,2025-07-01,7,179.8,0.3,0,5,99.2,12.7,2,1.53
P-000961,2025-08-01,8,174.8,0.0,0,5,99.7,11.9,2,1.26
P-000961,2025-09-01,9,178.4,1.8,3,4,97.8,19.6,2,1.0
P-000961,2025-10-01,10,173.8,11.9,2,4,99.2,19.9,2,1.31
P-000961,2025-11-01,11,162.7,11.4,4,3,87.0,21.5,1,1.68
P-000961,2025-12-01,12,172.3,3.1,2,5,94.9,18.1,2,1.0
P-000962,2025-01-01,1,171.9,9.0,1,4,92.7,14.8,1,1.41
P-000962,2025-02-01,2,165.4,10.7,3,5,90.6,20.1,1,1.27
P-000962,2025-03-01,3,172.7,16.3,2,4,97.1,26.6,2,1.72
P-000962,2025-04-01,4,179.6,5.8,0,5,89.8,19.8,2,1.64
P-000962,2025-05-01,5,170.5,7.1,2,5,101.8,20.2,1,1.98
P-000962,2025-06-01,6,172.6,3.2,1,5,95.9,20.3,2,1.14
P-000962,2025-07-01,7,156.6,3.2,2,6,88.3,18.8,2,1.43
P-000962,2025-08-01,8,175.9,8.0,2,5,92.4,18.6,1,1.57
P-000962,2025-09-01,9,176.0,11.1,1,4,88.2,22.7,2,1.57
P-000962,2025-10-01,10,169.7,0.0,0,5,93.8,12.8,1,1.92
P-000962,2025-11-01,11,171.6,2.5,3,4,92.6,19.9,1,1.63
P-000962,2025-12-01,12,176.5,0.8,2,5,94.1,14.8,1,1.09
P-000963,2025-01-01,1,176.9,12.0,2,4,100.2,19.2,1,1.69
P-000963,2025-02-01,2,162.8,7.1,4,4,90.9,16.9,1,1.5
P-000963,2025-03-01,3,168.8,4.7,3,3,94.0,16.9,2,1.65
P-000963,2025-04-01,4,211.9,42.2,3,6,55.6,59.0,2,2.8
P-000963,2025-05-01,5,215.2,23.6,2,5,65.4,50.8,1,3.21
P-000963,2025-06-01,6,178.9,6.8,1,4,96.1,16.6,3,1.66
P-000963,2025-07-01,7,176.4,12.7,1,5,88.4,23.0,2,1.42
P-000963,2025-08-01,8,181.5,8.8,3,7,91.5,27.5,1,1.61
P-000963,2025-09-01,9,181.3,3.7,2,4,95.7,21.1,1,2.06
P-000963,2025-10-01,10,177.1,0.8,1,4,99.4,17.9,2,1.81
P-000963,2025-11-01,11,186.6,3.6,0,5,93.6,23.8,1,1.48
P-000963,2025-12-01,12,170.5,6.3,1,4,85.3,22.8,1,1.95
P-000964,2025-01-01,1,176.8,7.2,5,4,91.8,32.3,1,1.84
P-000964,2025-02-01,2,175.8,5.1,1,4,92.7,19.8,2,1.38
P-000964,2025-03-01,3,170.8,4.6,1,5,99.0,17.7,3,1.83
P-000964,2025-04-01,4,177.2,10.8,1,4,95.6,17.4,2,1.17
P-000964,2025-05-01,5,207.5,39.6,2,9,54.0,62.6,1,3.38
P-000964,2025-06-01,6,178.5,6.8,3,5,100.5,25.1,2,1.33
P-000964,2025-07-01,7,168.8,7.9,1,5,85.2,17.2,2,1.42
P-000964,2025-08-01,8,180.1,2.7,1,5,88.9,21.9,2,1.0
P-000964,2025-09-01,9,173.0,3.1,2,5,94.8,17.1,1,1.6
P-000964,2025-10-01,10,166.9,7.4,1,3,93.4,15.7,2,1.0
P-000964,2025-11-01,11,177.1,2.9,4,5,89.2,18.5,1,1.46
P-000964,2025-12-01,12,185.3,3.1,3,5,102.7,25.2,1,1.09
P-000965,2025-01-01,1,174.4,5.1,5,6,94.9,28.4,1,1.74
P-000965,2025-02-01,2,248.1,36.5,11,8,61.2,88.9,4,3.62
P-000965,2025-03-01,3,239.2,48.5,6,11,54.4,87.8,4,4.62
P-000965,2025-04-01,4,232.3,34.3,3,10,54.9,68.9,4,3.6
P-000965,2025-05-01,5,237.5,43.6,3,11,53.6,75.2,4,4.16
P-000965,2025-06-01,6,175.1,4.0,3,3,98.0,15.5,1,1.66
P-000965,2025-07-01,7,184.5,0.0,0,4,94.0,14.6,1,1.54
P-000965,2025-08-01,8,171.3,0.8,1,4,95.0,14.3,1,1.56
P-000965,2025-09-01,9,183.1,10.2,3,4,90.1,23.8,1,1.14
P-000965,2025-10-01,10,175.9,2.7,1,3,93.2,20.2,1,1.31
P-000965,2025-11-01,11,181.7,5.2,1,6,98.9,26.2,1,1.4
P-000965,2025-12-01,12,174.3,9.4,1,5,97.3,22.8,1,1.87
P-000966,2025-01-01,1,186.5,9.8,1,3,89.3,23.3,2,1.91
P-000966,2025-02-01,2,194.2,5.7,0,3,93.6,16.1,2,1.0
P-000966,2025-03-01,3,177.0,5.4,5,7,93.6,26.3,2,1.27
P-000966,2025-04-01,4,177.9,4.5,3,5,97.0,28.8,2,1.68
P-000966,2025-05-01,5,219.8,33.9,4,8,56.3,66.0,2,2.84
P-000966,2025-06-01,6,172.9,0.0,0,5,94.1,12.4,2,1.17
P-000966,2025-07-01,7,186.2,5.7,1,4,95.8,29.2,1,1.45
P-000966,2025-08-01,8,182.1,7.6,3,5,89.6,26.6,2,1.59
P-000966,2025-09-01,9,164.4,2.3,0,4,96.4,8.6,1,1.72
P-000966,2025-10-01,10,178.4,7.6,2,3,92.6,23.0,3,1.6
P-000966,2025-11-01,11,176.4,2.8,2,3,94.2,22.1,2,1.77
P-000966,2025-12-01,12,177.5,1.4,4,5,102.9,21.2,1,1.17
P-000967,2025-01-01,1,168.6,2.6,1,4,93.7,14.5,2,1.06
P-000967,2025-02-01,2,178.6,3.6,0,4,90.3,13.2,2,1.27
P-000967,2025-03-01,3,190.8,7.5,3,6,94.2,23.1,2,1.28
P-000967,2025-04-01,4,174.0,4.7,2,5,92.3,18.9,3,1.0
P-000967,2025-05-01,5,178.9,6.9,5,4,93.4,23.9,2,1.57
P-000967,2025-06-01,6,181.6,4.8,1,4,90.3,21.3,2,1.23
P-000967,2025-07-01,7,172.6,4.7,1,5,92.5,18.9,2,1.58
P-000967,2025-08-01,8,184.4,8.3,4,4,93.4,23.4,1,1.23
P-000967,2025-09-01,9,174.7,5.9,2,4,96.0,15.4,2,1.4
P-000967,2025-10-01,10,181.7,8.5,0,4,93.1,17.2,3,1.46
P-000967,2025-11-01,11,185.8,6.5,1,4,93.5,20.9,1,1.32
P-000967,2025-12-01,12,173.9,5.3,0,3,92.8,17.1,1,1.62
P-000968,2025-01-01,1,172.0,4.2,3,3,83.5,25.4,2,1.06
P-000968,2025-02-01,2,183.5,8.8,0,6,91.7,22.9,3,1.37
P-000968,2025-03-01,3,185.1,9.1,3,4,101.2,27.9,1,1.23
P-000968,2025-04-01,4,172.8,10.5,2,6,88.8,22.1,2,2.04
P-000968,2025-05-01,5,179.1,1.1,4,3,98.9,20.9,1,1.08
P-000968,2025-06-01,6,175.7,0.0,3,3,87.7,17.9,1,1.49
P-000968,2025-07-01,7,170.5,10.3,2,6,86.0,23.5,1,1.34
P-000968,2025-08-01,8,178.3,3.7,1,5,96.7,15.4,2,1.71
P-000968,2025-09-01,9,174.4,9.4,3,3,97.7,24.1,2,1.34
P-000968,2025-10-01,10,173.2,0.1,4,3,93.0,22.7,2,1.49
P-000968,2025-11-01,11,177.5,7.4,2,3,94.7,17.2,1,1.45
P-000968,2025-12-01,12,174.7,0.0,1,4,92.7,15.0,2,1.55
P-000969,2025-01-01,1,177.4,11.2,2,5,92.8,22.9,2,1.05
P-000969,2025-02-01,2,177.9,9.8,2,4,94.2,16.9,2,1.58
P-000969,2025-03-01,3,186.5,8.2,0,4,95.1,14.8,2,1.36
P-000969,2025-04-01,4,173.8,0.0,1,6,85.3,18.2,2,1.06
P-000969,2025-05-01,5,170.9,0.7,1,4,95.2,18.6,2,1.37
P-000969,2025-06-01,6,236.6,47.5,4,13,59.3,84.4,4,4.13
P-000969,2025-07-01,7,244.2,24.9,7,9,54.4,74.7,4,4.32
P-000969,2025-08-01,8,172.3,5.5,3,5,87.8,20.3,2,1.32
P-000969,2025-09-01,9,166.4,7.0,1,5,96.7,12.3,2,1.29
P-000969,2025-10-01,10,180.7,12.7,2,4,86.7,28.3,2,1.32
P-000969,2025-11-01,11,169.7,0.4,4,3,96.3,19.8,2,1.66
P-000969,2025-12-01,12,178.5,8.7,0,3,90.1,15.3,2,1.16
P-000970,2025-01-01,1,181.8,14.7,1,4,91.4,22.6,4,1.56
P-000970,2025-02-01,2,173.9,10.9,1,5,94.0,21.5,4,1.54
P-000970,2025-03-01,3,237.8,33.2,9,7,58.2,84.5,3,4.21
P-000970,2025-04-01,4,242.0,50.5,9,14,52.6,92.7,5,3.84
P-000970,2025-05-01,5,238.8,53.8,7,11,48.3,87.7,5,3.97
P-000970,2025-06-01,6,229.5,45.0,3,7,62.1,68.2,3,3.27
P-000970,2025-07-01,7,234.7,36.3,7,10,60.3,79.0,3,3.62
P-000970,2025-08-01,8,234.4,52.1,6,7,50.2,87.6,3,3.94
P-000970,2025-09-01,9,240.6,42.4,2,13,55.4,83.1,4,3.98
P-000970,2025-10-01,10,164.4,6.9,3,5,93.8,16.4,5,1.26
P-000970,2025-11-01,11,181.0,8.8,1,4,88.8,25.4,4,1.71
P-000970,2025-12-01,12,176.0,2.5,2,5,94.5,18.0,5,1.54
P-000971,2025-01-01,1,187.3,11.5,2,5,89.5,25.6,1,1.4
P-000971,2025-02-01,2,176.8,4.0,0,5,89.9,16.8,1,1.17
P-000971,2025-03-01,3,180.7,5.3,1,4,89.0,20.6,3,1.83
P-000971,2025-04-01,4,174.9,1.7,2,5,87.6,17.1,1,1.02
P-000971,2025-05-01,5,175.2,4.8,2,6,92.9,14.9,2,1.48
P-000971,2025-06-01,6,169.2,8.4,1,5,101.5,18.9,2,1.29
P-000971,2025-07-01,7,174.4,9.9,3,5,92.2,29.1,2,1.78
P-000971,2025-08-01,8,178.4,1.0,2,6,90.6,24.5,2,1.52
P-000971,2025-09-01,9,180.3,3.5,1,4,99.0,17.4,1,1.13
P-000971,2025-10-01,10,177.3,10.3,1,3,97.1,16.6,1,1.0
P-000971,2025-11-01,11,183.1,11.7,5,4,89.8,33.4,1,1.71
P-000971,2025-12-01,12,178.1,6.2,3,5,90.3,23.8,2,1.14
P-000972,2025-01-01,1,174.1,4.8,1,4,95.1,16.0,2,1.0
P-000972,2025-02-01,2,179.6,6.8,1,3,91.0,25.3,1,1.16
P-000972,2025-03-01,3,183.9,6.5,2,3,97.7,21.4,2,1.74
P-000972,2025-04-01,4,219.2,38.3,5,9,53.2,68.1,2,3.38
P-000972,2025-05-01,5,223.5,38.7,1,8,62.7,59.9,2,4.16
P-000972,2025-06-01,6,179.9,6.4,3,3,97.8,26.2,3,1.3
P-000972,2025-07-01,7,174.1,9.5,0,5,87.8,21.6,1,1.53
P-000972,2025-08-01,8,175.4,2.0,5,4,92.8,22.6,1,1.29
P-000972,2025-09-01,9,178.8,4.7,3,5,91.7,20.4,1,1.48
P-000972,2025-10-01,10,171.6,3.6,3,5,98.0,21.8,2,1.78
P-000972,2025-11-01,11,179.2,2.6,3,4,90.7,17.3,2,2.07
P-000972,2025-12-01,12,179.6,13.3,0,5,100.6,22.0,1,1.37
P-000973,2025-01-01,1,178.7,6.7,1,3,99.1,19.7,1,1.43
P-000973,2025-02-01,2,230.6,34.2,5,10,67.2,69.0,4,4.54
P-000973,2025-03-01,3,252.2,41.3,7,14,58.4,91.0,4,3.7
P-000973,2025-04-01,4,239.6,45.5,2,8,56.2,76.8,4,4.68
P-000973,2025-05-01,5,236.7,44.3,10,13,58.3,85.6,4,3.23
P-000973,2025-06-01,6,178.0,7.3,3,5,94.1,24.5,1,1.58
P-000973,2025-07-01,7,177.2,10.5,2,5,87.4,22.7,1,1.12
P-000973,2025-08-01,8,177.9,0.5,3,5,97.2,23.2,1,1.0
P-000973,2025-09-01,9,172.7,0.0,0,5,90.1,14.2,1,1.07
P-000973,2025-10-01,10,173.5,5.9,1,5,95.2,16.9,1,1.46
P-000973,2025-11-01,11,186.1,6.3,4,4,97.8,22.7,1,1.26
P-000973,2025-12-01,12,169.5,1.4,1,4,97.5,11.7,1,1.78
P-000974,2025-01-01,1,180.7,11.1,4,5,88.2,20.7,1,1.08
P-000974,2025-02-01,2,183.9,10.1,2,5,90.4,25.7,1,1.24
P-000974,2025-03-01,3,174.0,1.5,0,4,95.4,18.7,1,1.35
P-000974,2025-04-01,4,182.2,8.4,1,4,92.7,24.6,2,1.52
P-000974,2025-05-01,5,224.7,36.2,5,10,61.4,70.6,2,3.19
P-000974,2025-06-01,6,169.8,2.3,1,4,100.9,6.5,1,1.04
P-000974,2025-07-01,7,167.7,3.4,1,3,88.3,11.5,2,1.07
P-000974,2025-08-01,8,177.1,12.3,1,4,91.5,26.5,1,1.43
P-000974,2025-09-01,9,170.7,9.2,0,4,89.1,14.1,3,1.32
P-000974,2025-10-01,10,178.3,6.9,0,5,89.2,20.6,2,1.0
P-000974,2025-11-01,11,186.5,4.6,2,3,103.4,20.1,1,1.27
P-000974,2025-12-01,12,169.3,1.9,1,5,88.3,21.0,2,1.9
P-000975,2025-01-01,1,168.4,5.5,3,4,92.9,17.6,3,1.29
P-000975,2025-02-01,2,176.0,3.4,3,4,99.9,23.8,3,1.3
P-000975,2025-03-01,3,174.0,0.1,3,3,94.5,18.0,4,1.44
P-000975,2025-04-01,4,231.7,32.7,7,10,68.0,69.9,3,3.71
P-000975,2025-05-01,5,235.8,30.2,5,9,66.8,67.4,3,3.78
P-000975,2025-06-01,6,225.6,36.5,9,10,55.3,78.3,4,3.75
P-000975,2025-07-01,7,245.6,25.5,13,9,63.8,83.6,4,3.81
P-000975,2025-08-01,8,238.5,28.6,4,8,63.5,70.2,4,4.07
P-000975,2025-09-01,9,174.0,3.3,0,4,97.9,17.1,3,1.76
P-000975,2025-10-01,10,173.0,7.7,2,4,92.6,18.2,3,1.9
P-000975,2025-11-01,11,168.4,8.1,4,4,87.2,24.7,4,1.67
P-000975,2025-12-01,12,191.7,12.3,2,5,86.4,27.8,4,1.39
P-000976,2025-01-01,1,175.6,11.4,4,5,92.9,21.7,2,1.41
P-000976,2025-02-01,2,181.4,4.8,0,5,92.0,20.6,1,1.35
P-000976,2025-03-01,3,178.0,2.4,2,6,92.1,18.3,1,1.42
P-000976,2025-04-01,4,168.0,3.6,3,4,91.6,17.9,2,1.46
P-000976,2025-05-01,5,173.9,0.0,2,5,94.5,22.7,1,1.64
P-000976,2025-06-01,6,182.2,5.2,0,5,92.8,16.4,1,1.71
P-000976,2025-07-01,7,163.8,8.7,2,4,95.1,15.7,2,1.41
P-000976,2025-08-01,8,165.8,4.3,4,4,95.6,20.3,2,1.77
P-000976,2025-09-01,9,176.1,7.0,1,4,94.5,22.0,2,1.52
P-000976,2025-10-01,10,184.3,6.1,3,5,88.1,33.0,1,1.95
P-000976,2025-11-01,11,174.5,5.9,1,5,94.8,21.0,2,2.04
P-000976,2025-12-01,12,169.0,8.1,3,4,91.1,17.5,2,1.37
P-000977,2025-01-01,1,178.5,4.2,1,4,95.0,20.0,4,1.04
P-000977,2025-02-01,2,178.8,3.9,2,6,94.1,21.7,5,1.55
P-000977,2025-03-01,3,180.1,7.4,3,6,95.5,23.9,5,1.42
P-000977,2025-04-01,4,246.4,50.6,10,11,62.9,98.0,5,4.44
P-000977,2025-05-01,5,244.2,33.8,3,15,54.0,74.7,4,4.06
P-000977,2025-06-01,6,244.8,40.3,7,13,56.2,88.3,5,5.0
P-000977,2025-07-01,7,246.1,36.0,6,7,61.6,76.8,5,4.54
P-000977,2025-08-01,8,234.9,38.5,5,8,57.6,77.7,5,5.0
P-000977,2025-09-01,9,251.2,34.0,9,10,67.2,81.1,4,4.01
P-000977,2025-10-01,10,242.6,45.3,11,9,58.4,94.3,5,4.9
P-000977,2025-11-01,11,237.8,32.1,10,8,60.5,84.3,5,4.69
P-000977,2025-12-01,12,184.1,5.0,1,5,90.8,25.3,4,1.44
P-000978,2025-01-01,1,163.7,4.3,1,4,95.5,16.0,2,1.15
P-000978,2025-02-01,2,177.5,12.1,1,4,90.7,27.7,2,1.5
P-000978,2025-03-01,3,174.3,8.1,5,4,88.4,24.3,2,1.0
P-000978,2025-04-01,4,165.1,5.3,3,4,92.8,16.8,2,1.43
P-000978,2025-05-01,5,171.3,8.1,0,7,90.8,13.8,2,1.0
P-000978,2025-06-01,6,251.8,42.1,6,7,61.7,78.0,4,3.96
P-000978,2025-07-01,7,235.2,36.2,5,10,60.4,72.7,4,3.9
P-000978,2025-08-01,8,176.3,8.6,2,5,90.6,22.6,2,1.14
P-000978,2025-09-01,9,174.9,8.5,1,5,92.5,19.0,2,1.64
P-000978,2025-10-01,10,178.9,3.5,2,5,95.7,17.2,2,1.17
P-000978,2025-11-01,11,175.3,8.3,1,5,92.7,18.0,2,1.76
P-000978,2025-12-01,12,182.1,9.9,4,5,95.6,27.3,2,1.41
P-000979,2025-01-01,1,171.1,9.5,4,5,94.6,27.4,1,1.53
P-000979,2025-02-01,2,175.6,8.7,2,6,92.7,27.6,2,1.58
P-000979,2025-03-01,3,174.8,4.4,0,5,92.1,16.4,1,1.46
P-000979,2025-04-01,4,228.6,43.0,3,8,60.8,71.6,2,3.97
P-000979,2025-05-01,5,219.4,46.0,6,8,53.6,78.2,2,3.25
P-000979,2025-06-01,6,179.9,4.5,2,3,92.2,26.4,3,1.58
P-000979,2025-07-01,7,176.4,3.2,2,5,92.9,29.7,1,1.49
P-000979,2025-08-01,8,175.1,4.9,3,4,91.8,23.0,2,1.52
P-000979,2025-09-01,9,178.9,8.2,2,5,85.1,25.6,2,1.0
P-000979,2025-10-01,10,181.8,8.7,0,5,94.4,17.1,3,1.55
P-000979,2025-11-01,11,171.8,0.0,0,4,101.6,11.7,2,1.41
P-000979,2025-12-01,12,180.8,2.7,3,5,94.1,26.0,3,1.76
P-000980,2025-01-01,1,171.7,8.8,4,4,97.0,22.9,3,1.41
P-000980,2025-02-01,2,181.2,5.4,2,5,98.6,21.1,2,1.09
P-000980,2025-03-01,3,177.6,5.5,0,3,96.7,13.7,1,1.6
P-000980,2025-04-01,4,237.3,37.2,2,10,56.5,70.7,2,3.17
P-000980,2025-05-01,5,211.6,18.9,4,9,69.2,50.3,1,3.1
P-000980,2025-06-01,6,185.4,6.6,2,5,91.7,24.6,2,1.0
P-000980,2025-07-01,7,172.8,0.4,0,4,97.0,10.1,1,1.22
P-000980,2025-08-01,8,179.4,3.9,3,4,98.0,19.8,2,1.21
P-000980,2025-09-01,9,176.2,0.0,1,4,91.4,15.5,2,1.26
P-000980,2025-10-01,10,179.4,2.6,1,5,92.5,17.1,2,1.6
P-000980,2025-11-01,11,177.2,9.5,3,4,84.9,25.4,2,1.43
P-000980,2025-12-01,12,175.7,8.2,1,4,93.7,19.3,2,1.26
P-000981,2025-01-01,1,167.2,8.1,0,3,95.5,12.6,2,1.73
P-000981,2025-02-01,2,174.5,4.7,2,5,96.8,15.6,3,1.45
P-000981,2025-03-01,3,174.0,0.7,2,4,92.7,19.5,2,1.21
P-000981,2025-04-01,4,177.6,13.9,2,5,88.9,24.3,1,1.46
P-000981,2025-05-01,5,172.3,7.0,2,4,94.2,19.7,1,1.66
P-000981,2025-06-01,6,180.6,12.0,2,3,89.7,17.9,2,1.23
P-000981,2025-07-01,7,168.8,4.9,4,5,88.1,26.1,2,1.55
P-000981,2025-08-01,8,177.5,7.3,0,5,90.2,18.2,3,1.71
P-000981,2025-09-01,9,172.9,9.7,2,5,91.2,24.4,1,1.53
P-000981,2025-10-01,10,176.4,1.1,3,5,96.5,17.8,1,1.0
P-000981,2025-11-01,11,171.5,2.8,1,5,96.9,18.2,1,1.56
P-000981,2025-12-01,12,175.8,10.8,3,5,95.7,18.8,1,1.62
P-000982,2025-01-01,1,177.3,4.3,3,4,91.9,25.1,2,1.97
P-000982,2025-02-01,2,178.3,16.7,2,5,91.1,29.6,2,1.08
P-000982,2025-03-01,3,174.6,4.7,1,3,98.7,17.5,2,1.2
P-000982,2025-04-01,4,180.5,4.2,3,5,95.0,24.0,2,1.27
P-000982,2025-05-01,5,164.1,8.8,2,3,90.5,18.7,2,1.6
P-000982,2025-06-01,6,241.2,37.5,6,9,64.6,80.0,4,4.17
P-000982,2025-07-01,7,231.2,41.8,6,9,65.4,74.8,4,4.5
P-000982,2025-08-01,8,183.9,2.8,3,4,95.7,22.3,2,1.84
P-000982,2025-09-01,9,178.3,0.0,4,6,96.8,23.6,2,1.33
P-000982,2025-10-01,10,166.1,1.0,2,5,92.7,13.9,2,1.0
P-000982,2025-11-01,11,170.9,7.3,0,6,95.8,9.4,2,1.46
P-000982,2025-12-01,12,178.9,6.6,1,5,93.2,17.3,2,1.21
P-000983,2025-01-01,1,182.3,10.3,3,3,88.8,25.0,2,1.33
P-000983,2025-02-01,2,169.1,10.9,3,5,93.7,20.9,2,1.14
P-000983,2025-03-01,3,185.5,12.1,5,5,88.1,31.3,2,1.34
P-000983,2025-04-01,4,214.3,31.1,3,7,68.0,54.7,1,2.49
P-000983,2025-05-01,5,174.0,12.1,1,3,97.7,17.8,2,1.62
P-000983,2025-06-01,6,166.8,9.7,2,6,91.0,18.7,2,1.1
P-000983,2025-07-01,7,181.3,8.8,0,5,88.5,26.0,2,1.45
P-000983,2025-08-01,8,170.3,8.9,1,3,87.7,18.1,1,1.68
P-000983,2025-09-01,9,165.0,4.9,1,6,90.7,18.1,1,1.63
P-000983,2025-10-01,10,176.5,12.9,4,4,94.9,26.3,2,1.66
P-000983,2025-11-01,11,170.1,2.6,2,4,89.6,25.3,2,1.96
P-000983,2025-12-01,12,179.6,11.9,1,5,92.8,19.8,1,1.45
P-000984,2025-01-01,1,180.7,3.1,0,4,95.6,16.9,2,1.23
P-000984,2025-02-01,2,183.3,4.4,3,5,84.0,21.1,2,1.7
P-000984,2025-03-01,3,178.6,4.0,1,4,97.5,17.1,2,1.74
P-000984,2025-04-01,4,170.1,5.0,1,6,97.6,15.5,1,1.03
P-000984,2025-05-01,5,214.8,33.3,4,7,55.9,66.5,1,2.5
P-000984,2025-06-01,6,168.4,8.5,3,4,96.2,14.8,2,1.21
P-000984,2025-07-01,7,178.6,2.5,3,4,93.2,23.2,2,1.44
P-000984,2025-08-01,8,181.3,12.1,0,4,84.6,23.4,1,2.18
P-000984,2025-09-01,9,172.3,6.8,2,5,93.6,16.3,2,1.31
P-000984,2025-10-01,10,185.5,7.0,2,4,90.7,28.4,2,1.68
P-000984,2025-11-01,11,178.5,9.7,2,4,94.0,20.6,2,1.03
P-000984,2025-12-01,12,181.7,3.1,3,5,90.7,25.9,2,1.41
P-000985,2025-01-01,1,178.5,3.4,5,7,93.5,29.7,2,1.64
P-000985,2025-02-01,2,175.3,10.8,3,5,93.1,28.6,2,1.44
P-000985,2025-03-01,3,187.9,8.0,2,3,97.0,22.5,2,1.66
P-000985,2025-04-01,4,183.4,13.7,2,5,94.6,29.9,1,1.42
P-000985,2025-05-01,5,217.1,32.5,4,9,63.2,63.8,1,3.17
P-000985,2025-06-01,6,179.0,8.9,1,5,89.0,26.3,1,1.89
P-000985,2025-07-01,7,176.6,4.1,3,5,92.3,28.6,2,1.5
P-000985,2025-08-01,8,177.5,2.9,1,7,97.9,20.3,2,1.0
P-000985,2025-09-01,9,168.5,0.1,1,3,94.2,10.6,3,1.66
P-000985,2025-10-01,10,176.9,0.0,2,5,96.0,17.4,2,1.24
P-000985,2025-11-01,11,172.6,3.3,1,4,96.1,17.5,1,1.46
P-000985,2025-12-01,12,171.3,9.2,0,6,92.6,20.8,1,2.0
P-000986,2025-01-01,1,166.2,6.5,3,4,90.4,17.6,4,1.68
P-000986,2025-02-01,2,173.2,5.5,2,5,92.0,21.9,3,1.4
P-000986,2025-03-01,3,185.2,2.3,1,3,88.9,20.5,3,2.01
P-000986,2025-04-01,4,233.7,41.7,8,13,64.4,86.4,4,4.2
P-000986,2025-05-01,5,226.0,29.8,5,6,63.1,70.9,4,4.53
P-000986,2025-06-01,6,241.0,38.2,5,12,63.1,83.8,4,4.5
P-000986,2025-07-01,7,239.0,43.9,6,11,61.4,80.7,4,4.12
P-000986,2025-08-01,8,233.3,27.1,7,7,57.5,66.3,3,3.39
P-000986,2025-09-01,9,174.7,5.9,2,6,100.1,27.0,5,1.57
P-000986,2025-10-01,10,188.5,0.2,2,5,93.4,20.4,4,1.17
P-000986,2025-11-01,11,170.0,6.3,1,5,89.3,18.0,4,1.0
P-000986,2025-12-01,12,172.4,11.5,5,4,86.6,30.9,4,1.02
P-000987,2025-01-01,1,177.4,1.2,0,6,96.0,14.0,2,1.18
P-000987,2025-02-01,2,175.8,6.4,4,4,98.8,19.2,2,1.91
P-000987,2025-03-01,3,171.6,8.7,1,3,90.0,17.7,1,1.65
P-000987,2025-04-01,4,174.3,0.0,3,4,98.9,15.7,2,1.2
P-000987,2025-05-01,5,184.7,4.7,2,4,98.8,17.8,1,1.13
P-000987,2025-06-01,6,175.5,3.0,3,4,90.9,14.8,1,1.2
P-000987,2025-07-01,7,174.3,5.4,3,5,91.8,19.0,1,1.5
P-000987,2025-08-01,8,170.9,6.4,2,3,83.8,22.4,2,1.27
P-000987,2025-09-01,9,176.2,8.6,4,4,88.5,30.1,2,1.32
P-000987,2025-10-01,10,183.1,1.9,1,3,90.1,14.6,2,1.7
P-000987,2025-11-01,11,166.8,0.0,2,4,90.5,16.0,1,1.38
P-000987,2025-12-01,12,186.8,8.8,2,4,93.4,25.8,2,1.59
P-000988,2025-01-01,1,173.8,5.3,2,5,91.4,19.1,1,2.05
P-000988,2025-02-01,2,180.9,1.0,2,4,95.3,21.5,1,1.75
P-000988,2025-03-01,3,179.1,2.1,1,4,101.1,13.5,2,1.05
P-000988,2025-04-01,4,179.7,3.1,1,4,93.8,22.3,2,2.04
P-000988,2025-05-01,5,229.6,24.2,4,12,62.9,68.7,3,3.87
P-000988,2025-06-01,6,180.7,7.3,2,4,88.4,27.8,2,1.56
P-000988,2025-07-01,7,177.6,12.5,2,5,89.2,25.8,2,1.36
P-000988,2025-08-01,8,167.3,6.1,0,4,92.7,10.7,2,1.37
P-000988,2025-09-01,9,176.5,17.4,2,6,91.7,25.0,1,1.18
P-000988,2025-10-01,10,182.8,6.2,2,5,90.0,25.0,3,1.0
P-000988,2025-11-01,11,182.5,6.1,3,6,92.5,29.3,2,1.08
P-000988,2025-12-01,12,180.7,4.2,1,5,90.1,22.8,2,1.71
P-000989,2025-01-01,1,177.4,10.2,3,4,95.2,29.2,2,1.69
P-000989,2025-02-01,2,172.5,8.4,3,5,94.6,29.2,2,1.47
P-000989,2025-03-01,3,176.5,7.3,1,5,91.1,15.3,2,1.01
P-000989,2025-04-01,4,207.3,36.1,2,4,62.4,56.2,1,3.36
P-000989,2025-05-01,5,230.9,31.8,3,6,62.2,63.3,2,2.65
P-000989,2025-06-01,6,174.6,9.3,4,3,91.9,28.6,1,1.69
P-000989,2025-07-01,7,175.4,4.6,1,4,91.5,20.1,1,1.89
P-000989,2025-08-01,8,187.2,11.9,2,5,85.8,31.5,2,1.53
P-000989,2025-09-01,9,176.7,1.9,0,6,90.4,16.0,1,1.0
P-000989,2025-10-01,10,165.9,2.1,1,4,97.6,13.9,3,1.47
P-000989,2025-11-01,11,174.5,5.3,3,3,89.9,18.2,2,1.0
P-000989,2025-12-01,12,165.4,8.3,3,4,101.9,19.2,2,1.28
P-000990,2025-01-01,1,168.1,10.0,3,6,85.9,22.1,1,1.07
P-000990,2025-02-01,2,173.4,8.5,1,5,92.0,18.6,3,1.32
P-000990,2025-03-01,3,171.9,9.5,4,5,87.7,23.1,1,1.18
P-000990,2025-04-01,4,169.0,10.3,3,4,89.2,22.8,2,1.83
P-000990,2025-05-01,5,179.3,10.6,3,5,102.0,23.4,2,1.83
P-000990,2025-06-01,6,181.9,3.2,0,6,92.2,18.9,2,1.38
P-000990,2025-07-01,7,182.5,5.5,2,6,97.3,22.6,1,1.5
P-000990,2025-08-01,8,179.7,7.3,0,5,90.3,19.4,1,1.61
P-000990,2025-09-01,9,184.1,1.5,1,5,94.1,16.7,1,1.62
P-000990,2025-10-01,10,176.1,6.3,5,6,96.9,28.6,1,1.55
P-000990,2025-11-01,11,182.8,9.5,3,5,84.7,33.0,2,1.27
P-000990,2025-12-01,12,182.8,15.1,3,5,91.0,27.2,2,1.7
P-000991,2025-01-01,1,178.4,15.8,3,5,86.6,28.5,1,1.46
P-000991,2025-02-01,2,176.0,4.3,0,4,95.4,20.1,2,1.18
P-000991,2025-03-01,3,175.8,4.2,1,3,92.5,19.1,2,1.79
P-000991,2025-04-01,4,173.2,9.7,1,5,98.2,18.8,2,1.26
P-000991,2025-05-01,5,176.7,0.0,1,5,92.3,19.1,2,1.23
P-000991,2025-06-01,6,184.3,0.6,1,3,99.5,16.8,2,1.33
P-000991,2025-07-01,7,169.3,10.5,3,5,96.3,26.7,1,1.18
P-000991,2025-08-01,8,172.2,0.0,2,3,96.8,10.5,2,1.01
P-000991,2025-09-01,9,176.8,1.2,1,4,87.7,17.5,3,1.32
P-000991,2025-10-01,10,180.2,2.8,4,6,94.9,28.0,2,1.52
P-000991,2025-11-01,11,176.6,9.4,0,4,87.8,13.9,1,1.25
P-000991,2025-12-01,12,179.8,9.9,1,5,87.4,18.7,2,1.16
P-000992,2025-01-01,1,171.0,4.4,0,6,92.0,16.1,2,1.38
P-000992,2025-02-01,2,164.6,6.9,1,6,94.3,14.5,1,1.21
P-000992,2025-03-01,3,176.8,6.7,2,5,102.6,18.5,1,1.31
P-000992,2025-04-01,4,186.7,8.7,2,4,93.5,25.7,1,1.29
P-000992,2025-05-01,5,186.2,4.0,3,4,92.7,28.0,1,1.25
P-000992,2025-06-01,6,174.4,1.5,1,5,105.5,9.6,1,1.7
P-000992,2025-07-01,7,174.0,6.6,4,3,93.1,23.9,2,1.29
P-000992,2025-08-01,8,184.2,7.6,3,5,96.5,28.3,2,1.8
P-000992,2025-09-01,9,171.3,13.1,1,4,96.9,17.7,2,1.0
P-000992,2025-10-01,10,175.5,0.0,2,5,87.1,22.0,1,1.0
P-000992,2025-11-01,11,175.7,10.2,1,4,100.7,18.5,2,1.43
P-000992,2025-12-01,12,181.4,11.8,3,5,85.4,32.1,1,1.83
P-000993,2025-01-01,1,179.3,10.3,2,3,90.6,24.6,2,1.54
P-000993,2025-02-01,2,161.8,8.0,1,4,95.6,17.8,3,1.9
P-000993,2025-03-01,3,180.0,9.7,4,6,92.2,27.4,3,1.38
P-000993,2025-04-01,4,222.0,29.5,1,8,60.1,63.0,2,3.36
P-000993,2025-05-01,5,161.1,10.3,2,5,90.0,17.7,1,1.11
P-000993,2025-06-01,6,169.9,6.3,1,6,93.8,15.0,1,1.17
P-000993,2025-07-01,7,168.4,4.5,4,4,93.7,23.5,2,1.27
P-000993,2025-08-01,8,180.4,1.2,1,4,93.1,18.6,2,1.07
P-000993,2025-09-01,9,185.1,6.1,3,4,89.2,30.4,1,1.34
P-000993,2025-10-01,10,165.7,6.6,2,5,87.1,18.0,1,1.24
P-000993,2025-11-01,11,169.1,9.4,2,4,91.3,23.8,1,1.8
P-000993,2025-12-01,12,167.1,6.9,0,3,90.7,15.6,1,1.58
P-000994,2025-01-01,1,185.9,2.5,3,5,92.8,23.8,5,1.21
P-000994,2025-02-01,2,175.9,17.1,2,5,93.8,21.1,5,1.87
P-000994,2025-03-01,3,175.3,10.5,4,4,88.2,27.6,4,1.91
P-000994,2025-04-01,4,243.4,40.1,3,11,64.7,77.7,5,3.79
P-000994,2025-05-01,5,245.4,44.4,7,9,54.8,89.6,5,4.88
P-000994,2025-06-01,6,243.1,35.4,10,13,74.5,88.2,4,3.74
P-000994,2025-07-01,7,255.8,34.5,7,9,68.1,77.6,5,4.35
P-000994,2025-08-01,8,248.9,32.2,6,13,61.1,81.4,5,4.61
P-000994,2025-09-01,9,243.9,47.0,4,13,60.8,83.6,5,5.0
P-000994,2025-10-01,10,246.9,41.8,6,10,55.8,85.2,5,4.25
P-000994,2025-11-01,11,234.4,47.8,8,15,57.1,91.2,5,4.72
P-000994,2025-12-01,12,175.4,4.1,2,3,92.5,18.7,4,1.49
P-000995,2025-01-01,1,182.8,9.5,3,5,100.4,25.6,2,1.53
P-000995,2025-02-01,2,173.3,1.6,3,4,97.5,19.5,2,1.55
P-000995,2025-03-01,3,173.1,4.9,4,4,96.8,19.0,2,1.48
P-000995,2025-04-01,4,174.4,3.9,1,5,93.3,18.2,2,1.33
P-000995,2025-05-01,5,177.3,1.6,3,4,90.0,21.1,3,1.11
P-000995,2025-06-01,6,173.8,0.0,3,5,100.2,18.3,2,1.59
P-000995,2025-07-01,7,185.0,6.6,2,3,92.4,25.2,2,1.38
P-000995,2025-08-01,8,176.1,7.8,1,4,95.4,22.1,2,1.09
P-000995,2025-09-01,9,165.9,0.8,3,3,89.9,14.7,3,1.18
P-000995,2025-10-01,10,181.6,5.8,1,5,88.3,16.3,1,1.0
P-000995,2025-11-01,11,176.4,13.1,0,5,91.3,19.2,1,1.66
P-000995,2025-12-01,12,177.2,2.2,1,3,96.7,13.2,1,1.7
P-000996,2025-01-01,1,170.4,2.1,2,5,88.7,14.7,4,1.5
P-000996,2025-02-01,2,175.2,4.9,1,4,96.0,16.6,5,1.59
P-000996,2025-03-01,3,171.5,6.8,1,5,94.0,19.4,5,1.64
P-000996,2025-04-01,4,240.1,33.9,7,11,61.1,83.1,4,4.09
P-000996,2025-05-01,5,245.6,61.9,12,13,43.4,98.0,5,4.13
P-000996,2025-06-01,6,235.7,46.5,5,12,56.8,82.6,4,3.73
P-000996,2025-07-01,7,240.6,37.2,3,12,60.1,78.1,5,4.64
P-000996,2025-08-01,8,241.0,46.6,4,8,62.9,80.7,4,3.96
P-000996,2025-09-01,9,240.6,39.5,8,13,65.9,86.0,5,5.0
P-000996,2025-10-01,10,244.6,44.2,2,10,66.4,71.8,4,4.17
P-000996,2025-11-01,11,246.6,48.3,10,10,59.8,98.0,5,4.92
P-000996,2025-12-01,12,168.1,7.3,1,6,91.0,17.2,5,1.55
P-000997,2025-01-01,1,174.8,3.2,1,6,99.0,15.8,4,1.28
P-000997,2025-02-01,2,180.1,11.1,5,5,88.0,24.7,3,1.37
P-000997,2025-03-01,3,219.8,28.4,6,11,59.4,63.7,3,4.15
P-000997,2025-04-01,4,243.3,45.5,1,9,57.8,75.1,4,4.27
P-000997,2025-05-01,5,241.9,38.3,5,12,52.6,81.8,4,3.31
P-000997,2025-06-01,6,228.9,40.7,6,9,59.5,82.0,3,4.2
P-000997,2025-07-01,7,240.9,38.6,8,18,59.8,90.8,5,4.56
P-000997,2025-08-01,8,230.2,31.9,5,9,64.6,70.1,3,3.49
P-000997,2025-09-01,9,221.6,29.6,5,10,56.7,71.5,4,3.91
P-000997,2025-10-01,10,167.8,1.6,2,6,92.8,19.9,4,1.63
P-000997,2025-11-01,11,170.4,6.6,1,4,93.9,16.7,3,1.32
P-000997,2025-12-01,12,172.8,6.8,2,4,96.2,17.1,4,1.0
P-000998,2025-01-01,1,173.1,4.6,2,5,93.9,14.8,4,1.27
P-000998,2025-02-01,2,169.4,11.7,2,4,95.6,21.2,4,1.28
P-000998,2025-03-01,3,176.1,10.5,3,5,94.4,27.5,4,1.45
P-000998,2025-04-01,4,236.0,28.7,8,12,61.2,82.0,4,4.79
P-000998,2025-05-01,5,246.4,34.5,5,9,51.5,78.1,5,4.78
P-000998,2025-06-01,6,239.2,31.2,2,10,65.9,71.7,4,4.74
P-000998,2025-07-01,7,244.6,41.1,11,12,58.5,91.1,5,4.03
P-000998,2025-08-01,8,231.4,38.6,4,15,66.1,78.4,4,4.3
P-000998,2025-09-01,9,242.7,41.6,9,7,57.7,85.2,4,4.11
P-000998,2025-10-01,10,251.2,42.1,9,12,56.1,95.7,5,4.32
P-000998,2025-11-01,11,246.5,32.6,11,12,64.7,87.2,5,4.17
P-000998,2025-12-01,12,173.3,12.1,3,5,92.6,24.3,5,1.0
P-000999,2025-01-01,1,170.3,2.3,0,4,84.9,10.4,4,1.59
P-000999,2025-02-01,2,177.0,0.0,0,7,89.9,18.1,5,1.24
P-000999,2025-03-01,3,178.7,3.0,2,6,91.6,25.0,5,1.55
P-000999,2025-04-01,4,237.5,40.2,4,8,56.8,81.2,5,3.89
P-000999,2025-05-01,5,236.5,41.0,5,12,66.4,81.4,4,4.93
P-000999,2025-06-01,6,235.6,42.9,6,11,59.5,78.0,4,3.74
P-000999,2025-07-01,7,236.2,39.8,5,15,60.6,79.3,5,3.69
P-000999,2025-08-01,8,242.6,52.7,9,14,52.3,97.0,5,4.6
P-000999,2025-09-01,9,240.5,51.1,7,9,49.4,93.2,5,4.23
P-000999,2025-10-01,10,234.9,34.8,2,12,54.2,75.8,5,4.06
P-000999,2025-11-01,11,254.4,47.7,3,16,48.1,89.8,5,4.48
P-000999,2025-12-01,12,183.4,6.2,2,4,92.8,27.5,5,1.26
P-001000,2025-01-01,1,183.1,6.0,2,5,92.0,26.0,1,1.12
P-001000,2025-02-01,2,241.1,44.2,7,12,58.3,88.5,4,3.52
P-001000,2025-03-01,3,236.6,45.0,7,13,50.5,84.6,4,4.38
P-001000,2025-04-01,4,240.9,48.3,3,11,59.6,78.9,4,4.66
P-001000,2025-05-01,5,232.5,42.7,2,12,56.0,77.0,4,4.2
P-001000,2025-06-01,6,181.7,2.3,3,4,96.2,21.7,1,1.0
P-001000,2025-07-01,7,173.7,13.7,2,4,93.7,21.8,1,1.42
P-001000,2025-08-01,8,176.5,8.2,2,4,94.9,18.6,1,1.5
P-001000,2025-09-01,9,173.2,0.0,1,4,100.0,8.8,1,1.35
P-001000,2025-10-01,10,171.9,0.0,1,5,96.1,17.4,1,1.13
P-001000,2025-11-01,11,177.9,14.4,3,4,93.1,26.7,1,1.34
P-001000,2025-12-01,12,181.6,8.5,0,5,88.9,25.4,1,1.43
P-001001,2025-01-01,1,179.9,14.7,3,4,90.6,27.4,2,1.84
P-001001,2025-02-01,2,184.7,4.5,3,3,96.0,20.6,2,1.11
P-001001,2025-03-01,3,182.2,4.1,5,4,93.7,27.8,1,1.49
P-001001,2025-04-01,4,166.0,2.4,1,6,94.3,13.4,1,1.51
P-001001,2025-05-01,5,219.2,17.1,3,11,68.9,55.0,2,3.69
P-001001,2025-06-01,6,177.7,2.2,3,3,87.1,22.1,2,1.71
P-001001,2025-07-01,7,169.2,10.5,3,5,94.4,17.5,2,1.0
P-001001,2025-08-01,8,179.3,10.0,2,6,85.6,23.0,1,1.0
P-001001,2025-09-01,9,189.0,18.0,3,4,84.3,37.3,2,1.84
P-001001,2025-10-01,10,182.8,6.4,4,5,91.5,29.3,2,1.44
P-001001,2025-11-01,11,171.6,9.9,1,3,87.2,24.0,3,1.66
P-001001,2025-12-01,12,170.0,6.7,1,4,94.2,13.0,1,1.39
P-001002,2025-01-01,1,180.5,8.2,1,4,92.6,19.7,4,1.37
P-001002,2025-02-01,2,177.4,6.3,2,4,94.5,21.8,5,1.0
P-001002,2025-03-01,3,166.7,8.2,0,4,90.5,12.4,5,1.09
P-001002,2025-04-01,4,241.1,54.9,11,11,56.0,93.9,4,3.58
P-001002,2025-05-01,5,249.1,42.1,5,12,51.6,80.3,5,4.91
P-001002,2025-06-01,6,242.7,38.5,6,13,51.0,87.2,5,5.0
P-001002,2025-07-01,7,248.8,50.6,13,15,55.4,96.6,5,4.04
P-001002,2025-08-01,8,236.4,37.3,6,9,55.4,73.7,4,3.31
P-001002,2025-09-01,9,242.7,41.0,2,6,54.8,70.7,5,4.35
P-001002,2025-10-01,10,236.8,32.8,9,10,57.9,81.6,4,3.96
P-001002,2025-11-01,11,235.7,50.8,7,10,57.1,81.6,4,3.53
P-001002,2025-12-01,12,176.2,0.5,2,7,99.4,22.8,5,2.06
P-001003,2025-01-01,1,168.1,7.7,4,4,88.5,23.9,3,1.0
P-001003,2025-02-01,2,181.0,11.0,2,4,90.6,23.7,1,1.43
P-001003,2025-03-01,3,178.6,3.3,2,5,87.7,20.1,1,1.48
P-001003,2025-04-01,4,179.7,1.8,0,5,96.9,16.2,2,1.33
P-001003,2025-05-01,5,188.7,10.5,1,5,93.2,25.6,2,1.36
P-001003,2025-06-01,6,177.7,6.3,1,5,89.1,21.3,2,1.19
P-001003,2025-07-01,7,176.6,3.2,2,5,98.4,15.6,1,1.18
P-001003,2025-08-01,8,183.1,3.9,1,4,93.5,20.7,1,1.15
P-001003,2025-09-01,9,167.3,3.4,2,6,93.8,17.8,1,1.21
P-001003,2025-10-01,10,177.5,6.5,3,4,97.0,22.6,1,1.99
P-001003,2025-11-01,11,185.5,2.6,2,5,98.3,22.7,1,1.08
P-001003,2025-12-01,12,173.5,6.0,5,4,96.4,24.3,2,1.5
P-001004,2025-01-01,1,165.9,0.1,2,4,94.3,14.4,1,1.17
P-001004,2025-02-01,2,178.3,2.9,1,5,94.8,16.6,2,1.31
P-001004,2025-03-01,3,171.9,0.5,2,3,98.5,19.4,1,1.75
P-001004,2025-04-01,4,184.9,8.4,2,4,93.2,23.6,2,1.0
P-001004,2025-05-01,5,170.6,7.9,5,3,96.7,20.3,2,1.58
P-001004,2025-06-01,6,167.6,14.5,2,4,93.6,23.2,3,1.73
P-001004,2025-07-01,7,174.6,10.9,0,3,88.4,14.9,3,1.39
P-001004,2025-08-01,8,178.8,2.7,0,3,95.5,22.9,1,1.8
P-001004,2025-09-01,9,185.0,6.7,0,6,97.7,23.0,1,1.58
P-001004,2025-10-01,10,163.6,5.9,2,3,92.0,18.3,2,1.54
P-001004,2025-11-01,11,179.7,11.0,0,3,90.9,20.9,2,1.25
P-001004,2025-12-01,12,179.0,12.8,3,6,96.9,28.3,1,1.09
P-001005,2025-01-01,1,171.3,2.9,2,5,86.9,22.8,2,1.57
P-001005,2025-02-01,2,182.9,6.8,5,6,89.8,29.1,3,1.19
P-001005,2025-03-01,3,168.8,5.2,1,4,90.1,16.3,2,1.24
P-001005,2025-04-01,4,170.9,3.8,4,5,95.7,17.5,2,1.0
P-001005,2025-05-01,5,172.1,0.0,3,5,91.3,18.0,1,1.0
P-001005,2025-06-01,6,173.4,10.6,1,4,95.1,22.5,3,1.18
P-001005,2025-07-01,7,181.0,9.7,0,4,92.2,20.1,2,1.4
P-001005,2025-08-01,8,173.2,12.7,2,4,96.0,19.5,2,1.38
P-001005,2025-09-01,9,169.9,5.5,1,3,92.0,12.8,3,1.28
P-001005,2025-10-01,10,176.4,15.5,0,4,96.1,18.1,1,1.58
P-001005,2025-11-01,11,183.1,2.4,1,5,93.2,18.4,3,1.32
P-001005,2025-12-01,12,176.3,11.2,0,5,91.8,22.3,1,1.67
P-001006,2025-01-01,1,177.2,4.5,3,4,94.1,17.3,4,1.11
P-001006,2025-02-01,2,170.0,8.3,1,5,86.0,22.5,5,1.69
P-001006,2025-03-01,3,178.7,6.3,2,3,99.1,12.7,5,1.5
P-001006,2025-04-01,4,232.9,32.9,6,12,63.6,75.7,5,4.39
P-001006,2025-05-01,5,247.4,41.0,5,12,63.0,84.4,5,4.21
P-001006,2025-06-01,6,240.6,53.9,8,9,55.9,90.9,5,4.63
P-001006,2025-07-01,7,250.7,50.4,4,11,62.1,87.8,5,3.52
P-001006,2025-08-01,8,252.1,51.6,6,10,61.3,86.6,5,4.31
P-001006,2025-09-01,9,245.3,42.1,5,15,71.2,82.4,5,4.13
P-001006,2025-10-01,10,253.9,43.9,9,14,59.7,89.7,5,4.04
P-001006,2025-11-01,11,236.1,42.1,3,10,62.9,74.6,4,4.48
P-001006,2025-12-01,12,172.4,8.8,4,5,88.0,24.8,4,1.09
P-001007,2025-01-01,1,179.8,0.0,1,4,97.2,19.8,5,1.57
P-001007,2025-02-01,2,178.5,2.9,2,4,95.4,18.7,4,1.74
P-001007,2025-03-01,3,186.3,8.5,2,5,85.9,21.0,5,1.57
P-001007,2025-04-01,4,231.9,32.9,5,8,60.3,68.0,4,3.63
P-001007,2025-05-01,5,225.0,40.5,9,11,57.8,79.3,4,3.79
P-001007,2025-06-01,6,241.9,53.7,5,16,53.9,94.3,5,4.41
P-001007,2025-07-01,7,252.9,43.9,8,10,49.3,89.8,5,4.23
P-001007,2025-08-01,8,242.2,43.0,10,12,58.9,91.4,4,3.9
P-001007,2025-09-01,9,230.3,46.0,10,15,65.8,89.0,5,4.41
P-001007,2025-10-01,10,230.8,40.2,9,11,55.3,88.2,4,3.87
P-001007,2025-11-01,11,234.3,44.4,5,10,54.5,78.7,4,4.57
P-001007,2025-12-01,12,174.7,10.4,1,4,91.0,16.7,4,1.52
P-001008,2025-01-01,1,179.2,2.8,3,4,97.2,20.3,3,1.01
P-001008,2025-02-01,2,173.2,5.3,3,5,97.7,20.8,4,1.36
P-001008,2025-03-01,3,178.3,0.0,3,5,96.7,15.6,3,1.52
P-001008,2025-04-01,4,233.2,45.0,8,7,52.9,78.0,3,2.59
P-001008,2025-05-01,5,232.9,34.7,6,10,56.6,74.8,4,4.24
P-001008,2025-06-01,6,237.7,45.8,4,10,60.4,79.1,5,3.95
P-001008,2025-07-01,7,248.4,35.5,7,11,59.3,88.8,4,4.13
P-001008,2025-08-01,8,228.7,49.2,10,6,60.2,85.9,4,3.79
P-001008,2025-09-01,9,167.1,9.4,5,4,88.0,26.1,3,1.45
P-001008,2025-10-01,10,175.5,2.9,3,4,100.6,17.7,3,1.47
P-001008,2025-11-01,11,182.3,8.9,1,4,87.7,19.0,3,1.41
P-001008,2025-12-01,12,171.6,0.6,0,3,93.1,14.7,3,1.45
P-001009,2025-01-01,1,172.4,5.9,1,6,94.5,12.8,2,1.38
P-001009,2025-02-01,2,189.1,7.3,3,6,90.4,29.4,2,1.38
P-001009,2025-03-01,3,174.1,0.0,2,5,97.1,16.3,2,1.46
P-001009,2025-04-01,4,170.0,6.1,3,4,90.9,25.4,2,1.62
P-001009,2025-05-01,5,174.6,2.9,2,3,95.3,15.5,2,1.1
P-001009,2025-06-01,6,236.5,37.8,9,9,63.0,79.4,4,4.32
P-001009,2025-07-01,7,236.8,32.3,7,8,59.5,80.2,4,3.91
P-001009,2025-08-01,8,169.2,0.7,1,5,89.8,12.8,2,1.51
P-001009,2025-09-01,9,181.1,12.9,1,5,95.9,20.3,2,1.57
P-001009,2025-10-01,10,176.2,2.3,4,4,97.0,18.4,2,1.33
P-001009,2025-11-01,11,168.5,6.7,2,5,91.7,21.3,2,1.66
P-001009,2025-12-01,12,171.5,10.3,3,4,98.9,28.2,2,1.97
P-001010,2025-01-01,1,182.9,7.0,3,4,97.6,25.4,5,1.04
P-001010,2025-02-01,2,176.6,6.6,0,3,93.4,10.6,3,1.47
P-001010,2025-03-01,3,179.6,0.5,4,4,95.4,23.7,5,1.0
P-001010,2025-04-01,4,228.5,45.3,9,9,53.5,80.3,3,3.67
P-001010,2025-05-01,5,252.0,40.5,4,12,62.3,83.3,5,3.93
P-001010,2025-06-01,6,218.8,48.8,5,12,51.1,76.6,3,3.41
P-001010,2025-07-01,7,244.5,38.4,5,11,49.1,81.5,4,4.08
P-001010,2025-08-01,8,241.4,37.3,5,11,52.0,77.8,3,3.9
P-001010,2025-09-01,9,176.7,6.9,2,5,93.5,18.5,3,1.0
P-001010,2025-10-01,10,173.5,9.7,4,3,98.4,25.1,4,1.75
P-001010,2025-11-01,11,177.3,4.2,1,5,98.1,15.7,3,1.0
P-001010,2025-12-01,12,170.4,5.7,1,3,98.1,15.7,4,1.19
P-001011,2025-01-01,1,182.7,10.6,2,3,93.3,20.9,5,1.29
P-001011,2025-02-01,2,168.1,0.0,1,3,90.5,13.3,5,1.0
P-001011,2025-03-01,3,179.9,5.0,3,4,93.1,24.1,5,1.86
P-001011,2025-04-01,4,243.4,48.5,10,10,50.3,96.2,5,5.0
P-001011,2025-05-01,5,246.0,38.8,7,14,58.9,84.1,5,4.43
P-001011,2025-06-01,6,252.1,33.8,6,7,59.9,86.4,5,4.61
P-001011,2025-07-01,7,227.9,38.8,10,10,57.4,80.4,4,3.56
P-001011,2025-08-01,8,241.4,31.6,8,12,55.7,83.8,4,4.58
P-001011,2025-09-01,9,239.8,52.5,4,12,50.7,82.9,4,3.29
P-001011,2025-10-01,10,245.7,44.3,7,10,72.3,76.7,5,4.68
P-001011,2025-11-01,11,236.4,45.0,4,11,52.0,81.1,5,4.22
P-001011,2025-12-01,12,181.8,5.8,4,5,88.9,26.3,4,1.36
P-001012,2025-01-01,1,172.7,9.6,2,3,91.3,22.5,4,1.03
P-001012,2025-02-01,2,173.5,8.0,0,4,85.9,23.8,5,1.22
P-001012,2025-03-01,3,181.1,11.8,1,4,90.9,26.9,5,1.25
P-001012,2025-04-01,4,254.5,38.6,8,7,62.8,86.3,5,4.72
P-001012,2025-05-01,5,242.9,39.9,3,13,64.9,78.6,5,4.29
P-001012,2025-06-01,6,253.4,46.2,9,10,55.5,95.3,5,4.66
P-001012,2025-07-01,7,252.0,39.9,12,13,53.0,98.0,5,4.56
P-001012,2025-08-01,8,235.2,40.9,8,11,67.3,84.5,5,5.0
P-001012,2025-09-01,9,231.2,37.6,5,8,62.2,66.8,4,3.85
P-001012,2025-10-01,10,240.8,35.3,7,12,54.7,82.2,4,4.36
P-001012,2025-11-01,11,243.8,40.0,6,13,60.6,84.1,5,4.58
P-001012,2025-12-01,12,178.1,6.0,3,5,93.4,19.8,5,1.0
P-001013,2025-01-01,1,163.6,7.3,0,3,101.5,17.1,4,1.48
P-001013,2025-02-01,2,184.8,6.7,2,4,96.0,23.6,3,1.22
P-001013,2025-03-01,3,172.9,9.3,2,4,95.2,19.5,3,1.0
P-001013,2025-04-01,4,247.1,29.5,7,6,67.3,71.8,4,4.39
P-001013,2025-05-01,5,257.1,35.4,9,15,58.4,93.8,5,4.14
P-001013,2025-06-01,6,248.7,42.2,4,13,62.7,77.4,4,2.94
P-001013,2025-07-01,7,225.7,37.7,9,10,55.6,81.2,4,4.05
P-001013,2025-08-01,8,249.6,36.4,4,9,63.8,69.2,4,4.3
P-001013,2025-09-01,9,176.0,0.0,1,4,94.6,14.5,3,1.88
P-001013,2025-10-01,10,169.6,10.7,3,6,88.8,27.4,4,1.69
P-001013,2025-11-01,11,173.9,6.0,1,3,95.6,17.6,5,1.88
P-001013,2025-12-01,12,182.1,1.1,1,4,92.7,18.6,3,1.23
P-001014,2025-01-01,1,177.8,5.2,4,4,89.8,22.6,1,1.55
P-001014,2025-02-01,2,234.0,45.2,4,7,62.2,73.9,4,3.23
P-001014,2025-03-01,3,234.3,31.7,9,14,56.0,79.8,4,3.6
P-001014,2025-04-01,4,238.2,41.5,8,11,56.3,89.0,4,3.79
P-001014,2025-05-01,5,236.3,39.4,7,10,56.3,76.2,4,4.2
P-001014,2025-06-01,6,167.7,4.0,1,6,94.2,18.6,1,1.97
P-001014,2025-07-01,7,180.9,6.8,1,3,88.1,18.7,1,1.68
P-001014,2025-08-01,8,182.6,6.9,1,5,93.1,22.7,1,1.71
P-001014,2025-09-01,9,170.4,12.7,3,4,87.9,21.5,1,1.0
P-001014,2025-10-01,10,172.7,13.8,1,6,98.6,16.0,1,1.26
P-001014,2025-11-01,11,177.0,6.1,3,4,91.2,22.7,1,1.83
P-001014,2025-12-01,12,172.3,9.1,5,4,92.2,28.1,1,1.55
P-001015,2025-01-01,1,178.5,0.0,3,4,98.8,22.9,1,1.0
P-001015,2025-02-01,2,185.2,8.8,5,4,90.3,30.8,1,1.46
P-001015,2025-03-01,3,163.1,6.1,1,5,96.3,17.5,1,1.56
P-001015,2025-04-01,4,161.4,5.3,2,5,89.0,18.6,1,1.4
P-001015,2025-05-01,5,176.1,5.8,0,5,92.8,18.5,2,1.54
P-001015,2025-06-01,6,165.2,8.5,0,3,86.3,13.1,2,1.0
P-001015,2025-07-01,7,183.0,6.0,5,6,89.9,30.8,1,1.2
P-001015,2025-08-01,8,190.3,3.7,2,4,94.2,22.6,2,1.75
P-001015,2025-09-01,9,175.4,6.0,1,5,91.4,16.8,1,1.14
P-001015,2025-10-01,10,172.0,3.8,1,3,91.3,11.8,1,1.16
P-001015,2025-11-01,11,173.4,5.3,1,3,95.5,16.1,1,1.2
P-001015,2025-12-01,12,180.8,0.6,2,6,100.8,17.8,2,1.57
P-001016,2025-01-01,1,164.5,3.4,1,4,91.6,12.7,1,1.8
P-001016,2025-02-01,2,171.8,8.3,2,4,95.3,16.6,1,1.21
P-001016,2025-03-01,3,171.0,9.5,4,6,84.5,23.6,1,1.41
P-001016,2025-04-01,4,164.8,3.2,3,4,103.0,15.8,1,1.29
P-001016,2025-05-01,5,215.4,36.7,3,6,62.9,61.6,1,3.07
P-001016,2025-06-01,6,174.1,7.3,3,5,96.0,23.1,2,1.25
P-001016,2025-07-01,7,165.9,6.3,2,7,99.3,13.2,2,1.64
P-001016,2025-08-01,8,172.0,0.0,0,3,100.4,9.2,1,1.17
P-001016,2025-09-01,9,178.0,5.8,0,4,95.7,8.9,2,1.33
P-001016,2025-10-01,10,172.8,8.6,2,5,91.4,17.7,1,1.08
P-001016,2025-11-01,11,168.4,0.1,0,3,98.6,12.3,2,1.47
P-001016,2025-12-01,12,183.9,4.9,3,5,97.8,24.5,2,1.23
P-001017,2025-01-01,1,174.9,5.4,5,5,85.1,27.1,2,1.31
P-001017,2025-02-01,2,175.5,7.6,3,4,93.5,17.2,2,1.61
P-001017,2025-03-01,3,179.9,4.8,2,6,89.0,21.8,2,1.86
P-001017,2025-04-01,4,182.2,0.0,2,4,96.1,22.8,2,1.71
P-001017,2025-05-01,5,173.5,10.0,4,4,89.7,22.7,2,1.03
P-001017,2025-06-01,6,244.5,42.8,6,9,53.3,86.1,4,3.45
P-001017,2025-07-01,7,232.2,40.7,4,11,56.5,77.0,4,4.23
P-001017,2025-08-01,8,177.7,8.3,2,6,91.9,23.9,2,1.24
P-001017,2025-09-01,9,174.4,8.3,4,5,90.2,23.5,2,1.29
P-001017,2025-10-01,10,170.6,0.0,3,3,98.7,16.1,2,1.01
P-001017,2025-11-01,11,178.7,7.3,1,4,87.0,17.4,2,1.03
P-001017,2025-12-01,12,169.4,8.7,3,5,85.0,22.6,2,1.2
P-001018,2025-01-01,1,172.7,5.6,3,5,103.7,16.5,4,1.3
P-001018,2025-02-01,2,179.3,7.1,0,5,88.9,18.8,4,1.82
P-001018,2025-03-01,3,180.4,8.1,2,3,91.3,20.0,3,1.8
P-001018,2025-04-01,4,246.1,43.6,6,14,57.8,83.7,4,4.62
P-001018,2025-05-01,5,247.6,36.4,5,12,56.2,83.7,5,5.0
P-001018,2025-06-01,6,228.0,43.1,7,10,50.8,83.7,4,4.1
P-001018,2025-07-01,7,238.2,46.4,3,13,55.7,90.8,4,3.82
P-001018,2025-08-01,8,239.7,34.7,11,12,64.5,89.6,5,4.07
P-001018,2025-09-01,9,173.3,6.0,2,4,96.6,21.2,5,1.28
P-001018,2025-10-01,10,176.5,3.5,4,6,88.6,23.9,5,1.31
P-001018,2025-11-01,11,185.9,6.1,1,5,99.1,17.5,3,1.5
P-001018,2025-12-01,12,172.3,9.2,1,5,91.0,21.5,4,1.23
P-001019,2025-01-01,1,166.5,3.2,2,5,94.4,17.3,4,1.69
P-001019,2025-02-01,2,168.1,8.1,1,4,97.5,19.1,3,1.09
P-001019,2025-03-01,3,238.3,35.9,6,8,52.9,75.2,3,4.01
P-001019,2025-04-01,4,246.1,41.7,7,10,55.4,86.1,4,4.46
P-001019,2025-05-01,5,227.4,37.9,7,10,61.9,74.6,4,3.85
P-001019,2025-06-01,6,242.0,42.6,7,12,65.9,82.4,4,3.94
P-001019,2025-07-01,7,232.9,42.4,8,9,69.9,77.9,3,3.4
P-001019,2025-08-01,8,234.7,45.0,3,8,56.1,72.0,3,3.82
P-001019,2025-09-01,9,238.5,30.6,5,9,58.3,73.6,4,4.29
P-001019,2025-10-01,10,173.6,9.7,4,4,94.5,22.5,4,1.86
P-001019,2025-11-01,11,168.6,9.7,3,5,90.3,18.0,4,1.12
P-001019,2025-12-01,12,176.4,13.0,5,6,94.7,32.8,4,1.4
P-001020,2025-01-01,1,179.3,4.4,1,5,98.7,21.4,3,1.69
P-001020,2025-02-01,2,173.9,7.2,4,4,94.0,22.6,1,1.0
P-001020,2025-03-01,3,175.1,7.2,0,5,86.7,17.3,2,1.15
P-001020,2025-04-01,4,219.7,36.0,2,7,65.8,59.7,1,2.46
P-001020,2025-05-01,5,183.4,0.8,5,4,97.0,30.3,2,1.75
P-001020,2025-06-01,6,170.8,0.0,2,4,93.4,19.2,2,1.0
P-001020,2025-07-01,7,166.1,3.9,2,5,93.9,14.2,2,1.0
P-001020,2025-08-01,8,177.8,10.5,0,6,91.1,12.6,3,1.09
P-001020,2025-09-01,9,178.9,6.9,0,3,91.4,18.2,1,1.24
P-001020,2025-10-01,10,176.9,3.0,3,4,93.4,11.4,3,1.14
P-001020,2025-11-01,11,178.2,4.8,3,4,91.7,21.1,3,1.41
P-001020,2025-12-01,12,183.7,5.3,0,4,96.6,22.2,1,1.52
P-001021,2025-01-01,1,163.4,3.1,3,5,93.1,18.9,4,1.4
P-001021,2025-02-01,2,177.7,4.9,1,6,88.6,20.1,4,1.7
P-001021,2025-03-01,3,170.8,7.3,3,4,91.8,24.5,5,1.46
P-001021,2025-04-01,4,233.4,26.9,5,13,66.5,66.3,4,3.74
P-001021,2025-05-01,5,247.0,32.9,3,13,70.1,74.0,5,4.1
P-001021,2025-06-01,6,240.9,44.9,6,13,56.7,89.6,5,4.26
P-001021,2025-07-01,7,247.3,59.9,8,14,46.6,98.0,5,4.93
P-001021,2025-08-01,8,244.2,50.8,11,14,56.9,98.0,5,5.0
P-001021,2025-09-01,9,244.2,45.1,6,10,63.5,85.9,5,4.58
P-001021,2025-10-01,10,252.9,45.0,6,10,58.9,88.7,5,5.0
P-001021,2025-11-01,11,246.1,21.9,8,9,67.1,72.1,4,3.42
P-001021,2025-12-01,12,173.3,3.8,3,6,98.2,20.7,5,1.29
P-001022,2025-01-01,1,173.9,5.6,3,4,90.7,24.7,1,1.75
P-001022,2025-02-01,2,247.7,40.4,8,11,54.3,91.2,4,4.15
P-001022,2025-03-01,3,246.0,43.1,5,12,58.8,81.0,4,3.79
P-001022,2025-04-01,4,241.4,35.3,3,10,56.0,79.1,4,4.03
P-001022,2025-05-01,5,240.9,43.2,3,13,67.3,78.9,4,4.56
P-001022,2025-06-01,6,177.4,0.1,1,4,95.8,21.1,1,1.9
P-001022,2025-07-01,7,176.3,5.8,2,6,101.8,27.2,1,2.27
P-001022,2025-08-01,8,183.4,8.9,4,4,93.3,28.9,1,1.7
P-001022,2025-09-01,9,167.6,12.0,0,5,93.9,17.4,1,1.0
P-001022,2025-10-01,10,181.5,7.1,0,3,98.8,16.9,1,1.0
P-001022,2025-11-01,11,178.3,9.4,2,6,99.2,23.4,1,1.46
P-001022,2025-12-01,12,167.9,5.1,1,5,98.0,17.9,1,1.49
P-001023,2025-01-01,1,178.5,0.0,2,5,91.2,22.0,1,1.57
P-001023,2025-02-01,2,178.3,3.6,3,6,93.9,26.6,1,1.0
P-001023,2025-03-01,3,169.2,6.1,3,5,97.7,17.5,3,1.47
P-001023,2025-04-01,4,180.4,7.8,2,5,94.6,21.8,1,1.82
P-001023,2025-05-01,5,178.8,3.3,2,5,94.8,21.9,2,1.5
P-001023,2025-06-01,6,175.8,2.4,5,4,93.2,25.6,2,1.25
P-001023,2025-07-01,7,178.1,5.9,5,5,93.0,30.2,3,1.65
P-001023,2025-08-01,8,173.9,2.7,1,5,97.3,11.6,2,1.38
P-001023,2025-09-01,9,176.8,10.4,2,4,96.0,24.3,2,1.39
P-001023,2025-10-01,10,173.9,8.6,3,4,91.7,21.1,1,1.72
P-001023,2025-11-01,11,184.5,6.0,1,6,93.6,23.2,1,1.84
P-001023,2025-12-01,12,166.5,10.0,1,3,96.2,11.6,2,1.0
P-001024,2025-01-01,1,179.5,4.7,0,3,96.1,12.3,4,1.64
P-001024,2025-02-01,2,180.0,0.0,3,4,91.3,27.9,4,1.18
P-001024,2025-03-01,3,182.0,7.9,1,5,92.2,24.4,4,2.17
P-001024,2025-04-01,4,238.6,59.3,6,9,38.9,86.9,4,3.95
P-001024,2025-05-01,5,228.4,55.2,6,10,53.4,81.9,3,3.77
P-001024,2025-06-01,6,230.6,44.3,4,14,54.8,73.1,4,4.51
P-001024,2025-07-01,7,235.7,42.8,4,9,49.2,79.9,3,3.81
P-001024,2025-08-01,8,235.5,33.4,2,13,64.0,69.7,4,3.5
P-001024,2025-09-01,9,179.6,5.3,1,3,98.9,20.4,4,1.47
P-001024,2025-10-01,10,169.5,4.4,1,4,97.6,15.3,4,1.51
P-001024,2025-11-01,11,172.1,3.8,2,5,101.2,17.3,5,1.42
P-001024,2025-12-01,12,178.9,9.5,0,3,89.7,22.4,3,1.06
P-001025,2025-01-01,1,167.1,6.1,1,5,93.6,18.5,1,1.54
P-001025,2025-02-01,2,238.9,34.2,7,11,63.1,79.8,4,4.2
P-001025,2025-03-01,3,240.5,36.2,3,8,61.4,74.8,4,4.33
P-001025,2025-04-01,4,229.1,37.0,7,9,59.2,75.4,4,4.11
P-001025,2025-05-01,5,245.6,33.9,11,12,61.3,89.5,4,4.09
P-001025,2025-06-01,6,180.6,5.9,1,4,97.3,15.7,1,1.0
P-001025,2025-07-01,7,170.7,9.5,1,5,92.8,22.4,1,1.0
P-001025,2025-08-01,8,174.9,7.3,2,4,88.1,19.2,1,1.32
P-001025,2025-09-01,9,183.8,6.7,3,5,84.5,24.5,1,1.68
P-001025,2025-10-01,10,177.6,4.3,2,6,96.3,22.2,1,1.29
P-001025,2025-11-01,11,187.5,8.4,0,6,92.1,22.3,1,1.0
P-001025,2025-12-01,12,168.4,5.7,3,4,89.6,24.0,1,1.53
P-001026,2025-01-01,1,172.8,1.1,3,3,92.6,24.1,1,1.52
P-001026,2025-02-01,2,237.6,42.0,7,11,60.1,81.4,4,4.1
P-001026,2025-03-01,3,227.5,44.7,7,9,59.2,78.3,4,4.25
P-001026,2025-04-01,4,233.0,44.2,3,12,55.5,79.2,4,4.19
P-001026,2025-05-01,5,229.8,52.2,8,11,44.9,88.8,4,3.63
P-001026,2025-06-01,6,174.7,4.6,3,4,97.2,21.6,1,1.0
P-001026,2025-07-01,7,169.3,1.9,4,5,94.7,21.9,1,1.3
P-001026,2025-08-01,8,165.3,0.0,2,6,89.3,15.3,1,1.96
P-001026,2025-09-01,9,173.8,0.7,0,4,98.0,16.7,1,1.62
P-001026,2025-10-01,10,174.8,4.3,3,3,97.4,16.8,1,1.09
P-001026,2025-11-01,11,178.8,0.0,1,7,100.0,15.6,1,1.59
P-001026,2025-12-01,12,167.6,0.0,1,4,98.6,15.2,1,1.45
P-001027,2025-01-01,1,193.9,8.0,2,4,90.1,25.8,3,1.4
P-001027,2025-02-01,2,175.2,8.6,3,5,89.0,23.2,5,1.25
P-001027,2025-03-01,3,179.2,6.9,0,3,96.7,15.8,4,1.68
P-001027,2025-04-01,4,241.0,41.3,4,12,60.5,79.5,4,4.04
P-001027,2025-05-01,5,224.7,37.5,3,10,61.4,67.1,3,3.66
P-001027,2025-06-01,6,245.1,49.7,3,11,57.8,84.5,5,4.24
P-001027,2025-07-01,7,237.0,37.5,9,10,65.1,77.2,4,4.01
P-001027,2025-08-01,8,230.6,27.7,7,12,59.2,82.9,4,4.88
P-001027,2025-09-01,9,175.1,7.4,1,5,87.1,20.0,3,1.9
P-001027,2025-10-01,10,174.3,0.5,2,5,90.1,19.6,3,1.33
P-001027,2025-11-01,11,181.7,0.0,2,3,96.4,18.4,5,1.53
P-001027,2025-12-01,12,171.5,8.0,2,4,95.7,21.3,5,1.24
P-001028,2025-01-01,1,168.6,2.8,1,3,89.4,10.5,4,1.49
P-001028,2025-02-01,2,176.3,6.0,1,5,90.4,19.7,4,1.58
P-001028,2025-03-01,3,224.3,43.7,5,10,55.5,79.9,3,3.89
P-001028,2025-04-01,4,246.9,43.0,5,11,63.1,87.3,4,4.01
P-001028,2025-05-01,5,245.4,38.6,8,12,59.9,92.4,4,3.83
P-001028,2025-06-01,6,228.5,43.1,3,10,62.0,70.4,4,4.25
P-001028,2025-07-01,7,237.1,36.8,8,10,57.9,71.5,3,4.02
P-001028,2025-08-01,8,239.4,42.1,3,13,64.1,72.3,4,4.01
P-001028,2025-09-01,9,243.6,44.2,8,11,61.8,93.4,5,4.82
P-001028,2025-10-01,10,178.7,9.3,2,4,97.1,12.9,5,1.53
P-001028,2025-11-01,11,163.0,5.4,0,4,97.3,12.0,4,1.0
P-001028,2025-12-01,12,168.7,1.4,3,4,99.2,10.7,3,1.62
P-001029,2025-01-01,1,177.5,6.6,2,3,88.6,19.6,4,1.74
P-001029,2025-02-01,2,176.1,6.3,1,4,102.6,17.1,4,1.1
P-001029,2025-03-01,3,178.7,1.4,3,5,93.6,21.3,4,1.0
P-001029,2025-04-01,4,242.2,24.6,6,7,63.6,74.1,3,3.77
P-001029,2025-05-01,5,236.1,53.2,7,10,54.3,91.5,4,4.17
P-001029,2025-06-01,6,243.3,42.8,4,13,63.8,81.5,4,4.32
P-001029,2025-07-01,7,253.4,48.6,7,15,58.7,98.0,5,4.38
P-001029,2025-08-01,8,248.2,51.4,8,9,54.5,90.4,5,4.39
P-001029,2025-09-01,9,173.7,5.9,5,6,87.6,27.5,5,1.83
P-001029,2025-10-01,10,187.2,6.4,0,6,99.8,17.8,3,1.24
P-001029,2025-11-01,11,176.5,6.5,0,6,92.7,16.4,4,1.25
P-001029,2025-12-01,12,167.4,8.6,3,7,97.8,24.8,4,1.94
P-001030,2025-01-01,1,162.9,2.9,1,3,93.5,12.4,1,1.45
P-001030,2025-02-01,2,234.4,27.4,6,12,67.2,68.4,4,3.66
P-001030,2025-03-01,3,238.9,43.3,4,9,62.1,77.5,4,4.08
P-001030,2025-04-01,4,241.5,40.1,5,9,63.4,73.3,4,3.83
P-001030,2025-05-01,5,232.1,38.9,5,5,57.3,75.8,4,4.45
P-001030,2025-06-01,6,172.1,10.3,3,5,91.5,23.7,1,1.0
P-001030,2025-07-01,7,171.0,3.0,2,5,96.1,17.3,1,1.32
P-001030,2025-08-01,8,164.8,10.9,1,4,95.7,11.3,1,1.38
P-001030,2025-09-01,9,182.9,4.1,1,5,89.3,23.3,1,1.37
P-001030,2025-10-01,10,167.5,0.0,0,6,99.1,11.5,1,1.29
P-001030,2025-11-01,11,165.1,5.2,0,5,90.6,17.0,1,1.48
P-001030,2025-12-01,12,175.8,7.6,1,5,92.3,23.9,1,1.16
P-001031,2025-01-01,1,173.5,3.9,1,5,91.3,14.8,3,1.32
P-001031,2025-02-01,2,176.2,8.6,2,3,94.0,23.9,2,1.62
P-001031,2025-03-01,3,177.2,9.1,4,5,88.0,32.3,1,1.78
P-001031,2025-04-01,4,177.8,3.6,2,3,96.1,21.0,2,1.0
P-001031,2025-05-01,5,164.6,10.6,2,5,82.6,17.9,1,1.38
P-001031,2025-06-01,6,173.9,3.8,1,6,91.0,19.1,2,1.24
P-001031,2025-07-01,7,184.0,5.6,2,5,87.6,15.9,2,1.47
P-001031,2025-08-01,8,164.4,8.4,4,4,94.2,21.9,1,1.79
P-001031,2025-09-01,9,187.6,7.7,2,5,92.5,24.7,1,1.49
P-001031,2025-10-01,10,176.0,18.0,2,3,92.7,25.7,1,1.47
P-001031,2025-11-01,11,174.3,4.8,0,4,87.7,15.1,3,2.03
P-001031,2025-12-01,12,170.7,5.5,0,4,88.7,18.0,1,1.34
P-001032,2025-01-01,1,175.0,8.4,3,4,93.7,21.9,4,1.0
P-001032,2025-02-01,2,171.0,12.5,5,3,101.0,25.0,4,1.0
P-001032,2025-03-01,3,234.6,42.7,4,13,52.6,84.9,4,4.5
P-001032,2025-04-01,4,245.8,39.3,7,6,59.7,80.8,4,3.72
P-001032,2025-05-01,5,225.6,32.6,3,9,58.0,68.1,3,4.11
P-001032,2025-06-01,6,233.5,21.1,3,11,65.9,63.7,3,4.08
P-001032,2025-07-01,7,246.7,44.8,2,8,62.6,73.6,4,4.35
P-001032,2025-08-01,8,239.9,41.8,9,6,50.0,82.7,4,4.63
P-001032,2025-09-01,9,225.5,34.6,5,10,63.1,72.5,4,5.0
P-001032,2025-10-01,10,170.8,0.2,0,6,103.2,17.1,4,1.19
P-001032,2025-11-01,11,187.3,4.8,5,6,95.9,27.5,4,1.27
P-001032,2025-12-01,12,173.4,6.1,0,3,92.2,17.3,4,1.29
P-001033,2025-01-01,1,169.1,7.8,1,4,93.3,12.9,5,1.0
P-001033,2025-02-01,2,186.0,4.0,4,3,86.0,28.4,4,1.65
P-001033,2025-03-01,3,171.7,0.9,2,4,98.2,16.7,5,1.24
P-001033,2025-04-01,4,251.5,43.9,9,10,54.2,93.8,5,4.18
P-001033,2025-05-01,5,237.7,25.8,6,11,57.5,73.0,4,3.67
P-001033,2025-06-01,6,246.0,58.6,6,12,46.4,91.5,5,4.0
P-001033,2025-07-01,7,230.8,37.4,6,9,59.0,76.7,4,3.99
P-001033,2025-08-01,8,251.8,47.1,9,14,54.7,95.4,5,5.0
P-001033,2025-09-01,9,247.4,42.5,14,12,59.8,98.0,5,3.93
P-001033,2025-10-01,10,237.6,45.5,6,13,52.9,81.5,5,4.7
P-001033,2025-11-01,11,235.3,38.8,7,10,59.2,77.7,4,4.07
P-001033,2025-12-01,12,178.9,7.5,4,4,92.2,23.2,5,1.17
P-001034,2025-01-01,1,178.0,7.7,4,5,88.7,27.6,3,1.28
P-001034,2025-02-01,2,174.5,4.6,2,5,95.8,27.4,4,1.65
P-001034,2025-03-01,3,247.8,35.6,6,10,63.1,80.0,4,3.97
P-001034,2025-04-01,4,224.4,36.8,4,11,65.1,71.0,3,3.48
P-001034,2025-05-01,5,248.5,35.3,6,10,55.4,86.8,4,4.06
P-001034,2025-06-01,6,233.8,26.9,4,11,62.2,69.7,4,4.23
P-001034,2025-07-01,7,238.4,34.2,1,14,55.5,71.3,4,3.62
P-001034,2025-08-01,8,229.1,31.7,4,11,69.7,65.9,3,4.06
P-001034,2025-09-01,9,232.5,47.8,6,9,54.3,81.4,4,4.06
P-001034,2025-10-01,10,171.4,0.0,3,4,106.2,17.0,4,1.29
P-001034,2025-11-01,11,183.0,6.9,5,6,88.6,32.5,4,1.46
P-001034,2025-12-01,12,183.1,5.8,3,4,88.8,23.2,5,1.63
P-001035,2025-01-01,1,183.0,6.4,2,4,92.9,22.0,2,1.02
P-001035,2025-02-01,2,173.3,6.0,2,3,94.0,15.2,2,1.54
P-001035,2025-03-01,3,169.5,7.0,3,5,88.3,16.8,2,1.59
P-001035,2025-04-01,4,165.7,4.1,0,4,93.5,11.1,2,1.52
P-001035,2025-05-01,5,170.7,10.9,2,4,95.8,23.7,2,1.34
P-001035,2025-06-01,6,247.0,44.6,4,9,48.2,83.1,4,4.21
P-001035,2025-07-01,7,240.6,37.2,3,9,63.1,78.6,4,3.84
P-001035,2025-08-01,8,166.4,7.9,0,5,88.5,17.8,2,1.47
P-001035,2025-09-01,9,181.5,7.5,1,4,94.1,18.3,2,1.13
P-001035,2025-10-01,10,181.9,4.8,0,5,94.3,14.3,2,1.03
P-001035,2025-11-01,11,178.1,1.2,3,6,97.6,18.2,2,1.0
P-001035,2025-12-01,12,170.1,9.9,3,5,88.6,24.8,2,1.5
P-001036,2025-01-01,1,180.0,0.0,0,7,96.7,11.1,4,1.67
P-001036,2025-02-01,2,180.1,4.4,0,5,95.1,9.0,4,1.02
P-001036,2025-03-01,3,184.7,2.7,2,6,98.2,23.6,4,1.37
P-001036,2025-04-01,4,228.7,46.0,3,11,59.0,78.7,3,3.49
P-001036,2025-05-01,5,238.6,31.0,9,10,69.9,77.1,3,4.11
P-001036,2025-06-01,6,227.6,54.7,6,10,54.8,77.1,4,4.82
P-001036,2025-07-01,7,230.4,34.2,3,7,54.1,67.3,3,4.19
P-001036,2025-08-01,8,221.5,35.3,5,11,58.5,70.7,4,3.86
P-001036,2025-09-01,9,176.1,11.0,1,5,82.5,24.2,5,1.14
P-001036,2025-10-01,10,181.8,6.5,3,6,91.7,22.5,4,1.59
P-001036,2025-11-01,11,182.5,3.1,1,4,87.6,17.4,4,1.32
P-001036,2025-12-01,12,175.8,7.0,3,4,96.1,18.0,3,1.84
P-001037,2025-01-01,1,173.5,6.7,3,5,90.4,24.1,5,1.45
P-001037,2025-02-01,2,175.8,5.9,3,5,95.3,17.6,4,1.0
P-001037,2025-03-01,3,188.5,9.6,1,5,92.8,25.1,5,1.71
P-001037,2025-04-01,4,241.0,41.6,6,13,61.6,82.5,4,3.45
P-001037,2025-05-01,5,239.2,51.4,4,8,51.6,84.7,4,4.41
P-001037,2025-06-01,6,253.5,36.5,6,5,52.8,82.6,4,4.01
P-001037,2025-07-01,7,243.0,42.3,7,13,57.6,82.4,5,3.73
P-001037,2025-08-01,8,235.5,47.3,8,12,49.0,90.0,5,4.83
P-001037,2025-09-01,9,242.4,40.2,7,11,54.4,84.9,4,3.53
P-001037,2025-10-01,10,239.0,46.7,8,12,63.3,80.7,5,4.17
P-001037,2025-11-01,11,239.4,42.3,2,9,63.0,73.4,4,4.07
P-001037,2025-12-01,12,176.8,4.0,3,4,95.7,26.5,5,1.4
P-001038,2025-01-01,1,176.6,2.6,2,5,91.8,18.4,4,1.52
P-001038,2025-02-01,2,181.3,8.2,2,5,96.7,19.8,4,2.06
P-001038,2025-03-01,3,243.6,27.7,7,10,67.5,79.2,4,4.63
P-001038,2025-04-01,4,235.3,29.7,8,8,63.6,77.3,4,4.02
P-001038,2025-05-01,5,234.6,38.8,10,9,63.5,81.0,3,4.28
P-001038,2025-06-01,6,227.1,38.1,1,12,49.1,65.8,3,2.79
P-001038,2025-07-01,7,239.5,46.5,6,10,54.8,82.6,4,4.33
P-001038,2025-08-01,8,222.3,39.7,6,11,58.2,69.5,3,3.9
P-001038,2025-09-01,9,236.0,37.3,4,13,62.2,78.6,4,4.58
P-001038,2025-10-01,10,174.9,0.0,1,5,98.7,16.3,4,1.1
P-001038,2025-11-01,11,171.6,10.1,2,4,94.0,21.1,3,1.37
P-001038,2025-12-01,12,174.2,8.1,2,5,101.0,14.4,4,1.04
P-001039,2025-01-01,1,173.9,2.2,4,3,103.6,17.9,1,1.35
P-001039,2025-02-01,2,237.5,37.5,5,10,59.4,77.3,4,3.21
P-001039,2025-03-01,3,250.3,43.6,7,11,70.3,85.1,4,4.93
P-001039,2025-04-01,4,241.4,42.0,8,15,51.4,91.5,4,4.78
P-001039,2025-05-01,5,236.2,34.7,7,12,57.7,82.6,4,4.5
P-001039,2025-06-01,6,182.8,4.9,1,4,94.4,17.6,1,1.75
P-001039,2025-07-01,7,175.2,1.2,2,4,102.3,22.6,1,1.85
P-001039,2025-08-01,8,177.8,0.4,3,3,100.5,15.4,1,1.59
P-001039,2025-09-01,9,178.2,7.4,4,5,94.1,22.1,1,1.24
P-001039,2025-10-01,10,177.4,2.2,3,5,92.3,23.7,1,1.33
P-001039,2025-11-01,11,166.3,2.3,3,4,96.9,14.2,1,1.0
P-001039,2025-12-01,12,182.0,7.0,1,5,86.0,21.1,1,1.69
P-001040,2025-01-01,1,175.3,4.3,5,5,90.9,25.5,4,1.31
P-001040,2025-02-01,2,181.9,3.8,1,4,93.4,18.9,4,1.08
P-001040,2025-03-01,3,254.8,52.0,3,12,50.7,84.3,4,4.01
P-001040,2025-04-01,4,233.8,42.0,5,9,51.4,74.2,4,3.54
P-001040,2025-05-01,5,238.4,34.7,5,9,59.8,73.6,3,3.45
P-001040,2025-06-01,6,245.3,36.1,9,16,55.2,89.5,4,3.93
P-001040,2025-07-01,7,232.2,41.1,2,13,49.7,82.0,3,4.24
P-001040,2025-08-01,8,230.1,33.8,4,11,66.5,65.7,3,3.84
P-001040,2025-09-01,9,242.3,56.6,3,13,55.0,86.5,5,4.71
P-001040,2025-10-01,10,187.1,8.3,1,5,97.7,21.5,4,2.03
P-001040,2025-11-01,11,172.4,13.2,1,6,89.1,21.2,3,1.92
P-001040,2025-12-01,12,168.7,10.2,0,3,93.6,13.5,4,1.58
P-001041,2025-01-01,1,177.4,1.4,4,5,90.7,23.2,5,1.04
P-001041,2025-02-01,2,170.7,10.6,3,4,91.3,26.6,4,1.58
P-001041,2025-03-01,3,239.7,30.4,10,9,65.8,78.9,4,3.63
P-001041,2025-04-01,4,247.0,40.4,3,10,58.8,79.1,5,3.94
P-001041,2025-05-01,5,251.4,46.8,5,10,53.5,88.0,5,4.99
P-001041,2025-06-01,6,224.9,33.1,8,12,62.5,79.4,4,4.73
P-001041,2025-07-01,7,237.6,24.7,1,10,61.6,70.3,4,4.99
P-001041,2025-08-01,8,237.6,42.6,5,10,63.8,83.7,4,4.34
P-001041,2025-09-01,9,242.3,44.2,10,12,49.6,96.9,5,4.55
P-001041,2025-10-01,10,179.1,8.3,0,4,96.5,19.1,4,1.3
P-001041,2025-11-01,11,162.2,10.0,1,6,92.5,10.3,3,1.48
P-001041,2025-12-01,12,178.8,4.7,2,5,91.3,25.0,3,1.5
P-001042,2025-01-01,1,174.3,11.7,3,6,92.4,29.2,2,1.32
P-001042,2025-02-01,2,172.3,6.0,2,4,96.6,20.4,2,1.57
P-001042,2025-03-01,3,175.0,10.9,2,3,97.5,21.8,2,1.12
P-001042,2025-04-01,4,217.2,30.7,3,10,61.3,59.2,2,3.29
P-001042,2025-05-01,5,176.6,5.4,1,6,89.4,23.8,1,1.59
P-001042,2025-06-01,6,182.2,5.0,1,3,92.2,17.6,2,1.0
P-001042,2025-07-01,7,179.6,6.2,2,4,93.8,20.8,2,1.57
P-001042,2025-08-01,8,164.2,13.1,2,5,86.5,22.1,3,1.5
P-001042,2025-09-01,9,177.1,3.4,0,4,94.0,17.6,2,1.3
P-001042,2025-10-01,10,171.1,1.3,1,6,92.9,13.1,2,1.13
P-001042,2025-11-01,11,178.2,9.1,2,7,94.2,21.1,2,1.16
P-001042,2025-12-01,12,172.4,7.5,3,4,96.2,22.1,1,1.65
P-001043,2025-01-01,1,169.7,10.8,0,5,90.5,13.4,2,1.68
P-001043,2025-02-01,2,180.3,9.9,3,4,91.2,26.8,1,1.24
P-001043,2025-03-01,3,183.0,5.3,1,5,96.6,19.8,2,1.0
P-001043,2025-04-01,4,232.9,25.9,5,5,64.8,65.7,2,3.69
P-001043,2025-05-01,5,223.6,35.9,3,6,54.8,63.6,2,3.9
P-001043,2025-06-01,6,164.9,6.4,3,5,93.4,14.8,2,1.56
P-001043,2025-07-01,7,173.1,8.2,2,3,94.3,20.2,2,1.57
P-001043,2025-08-01,8,163.6,3.8,2,4,92.1,14.2,2,1.93
P-001043,2025-09-01,9,173.8,7.7,5,3,97.2,19.8,2,1.05
P-001043,2025-10-01,10,181.9,5.9,3,5,95.4,25.1,3,1.46
P-001043,2025-11-01,11,165.1,10.3,1,4,92.5,22.0,2,2.13
P-001043,2025-12-01,12,173.6,5.6,1,4,98.7,15.9,2,1.0
P-001044,2025-01-01,1,178.5,0.0,2,4,89.1,23.4,4,1.12
P-001044,2025-02-01,2,181.4,10.5,0,3,93.6,21.8,5,1.85
P-001044,2025-03-01,3,167.2,6.0,3,4,97.3,14.1,5,1.0
P-001044,2025-04-01,4,245.4,51.9,8,14,56.1,97.5,5,4.96
P-001044,2025-05-01,5,234.7,29.4,9,11,63.4,81.6,4,4.54
P-001044,2025-06-01,6,228.5,48.3,7,10,47.6,82.1,5,4.49
P-001044,2025-07-01,7,249.5,38.2,6,11,59.4,82.5,5,4.54
P-001044,2025-08-01,8,242.5,45.1,3,5,50.5,73.1,4,3.88
P-001044,2025-09-01,9,250.7,34.5,7,9,60.9,86.7,5,5.0
P-001044,2025-10-01,10,234.4,42.4,10,10,57.2,83.8,4,3.9
P-001044,2025-11-01,11,244.2,32.3,6,12,59.1,81.5,4,4.68
P-001044,2025-12-01,12,180.9,5.4,1,5,96.5,21.2,5,1.05
P-001045,2025-01-01,1,186.0,5.4,2,6,90.4,22.2,2,1.15
P-001045,2025-02-01,2,172.6,7.1,3,4,99.5,22.7,2,1.56
P-001045,2025-03-01,3,177.0,6.9,0,5,90.5,18.4,2,1.5
P-001045,2025-04-01,4,167.7,4.4,2,5,97.8,19.3,2,1.94
P-001045,2025-05-01,5,170.8,5.6,0,5,88.5,21.5,2,1.21
P-001045,2025-06-01,6,242.9,36.5,2,10,62.0,74.3,4,4.56
P-001045,2025-07-01,7,244.4,52.8,4,12,46.6,97.7,4,4.85
P-001045,2025-08-01,8,166.8,9.3,3,3,93.7,18.0,2,1.16
P-001045,2025-09-01,9,167.1,11.4,1,4,99.5,19.2,2,1.54
P-001045,2025-10-01,10,159.8,10.4,2,5,94.0,15.9,2,1.07
P-001045,2025-11-01,11,175.7,9.8,0,6,90.5,21.0,2,1.64
P-001045,2025-12-01,12,178.2,6.2,3,5,92.2,25.6,2,1.29
P-001046,2025-01-01,1,170.0,0.0,4,6,94.2,20.5,3,1.67
P-001046,2025-02-01,2,168.6,7.3,0,6,93.5,17.0,4,1.22
P-001046,2025-03-01,3,175.6,9.2,3,3,92.8,18.9,4,1.8
P-001046,2025-04-01,4,236.4,33.3,2,13,58.0,75.1,3,4.12
P-001046,2025-05-01,5,238.3,48.6,5,11,47.5,85.2,4,4.01
P-001046,2025-06-01,6,237.7,33.2,5,10,59.8,79.2,4,4.44
P-001046,2025-07-01,7,227.7,44.3,4,9,54.9,74.3,3,3.29
P-001046,2025-08-01,8,234.5,25.2,4,10,69.5,68.7,3,4.21
P-001046,2025-09-01,9,174.1,11.4,4,3,102.8,27.8,4,1.0
P-001046,2025-10-01,10,170.7,9.6,2,5,91.1,18.6,4,1.13
P-001046,2025-11-01,11,170.7,4.0,1,5,98.9,14.7,5,1.51
P-001046,2025-12-01,12,174.0,8.7,4,6,98.6,22.0,3,1.43
P-001047,2025-01-01,1,178.8,5.3,3,4,91.0,27.7,4,1.79
P-001047,2025-02-01,2,179.7,5.0,2,4,93.3,18.8,4,1.22
P-001047,2025-03-01,3,248.1,45.6,4,12,60.8,89.1,5,5.0
P-001047,2025-04-01,4,225.9,47.8,5,15,66.0,78.4,3,4.81
P-001047,2025-05-01,5,234.1,45.9,5,10,68.4,78.0,3,4.17
P-001047,2025-06-01,6,237.6,37.4,6,12,54.3,78.6,4,3.86
P-001047,2025-07-01,7,233.5,44.1,6,11,59.0,86.7,4,4.28
P-001047,2025-08-01,8,222.7,48.0,4,8,52.0,72.2,3,3.27
P-001047,2025-09-01,9,232.9,35.2,4,11,60.5,65.2,3,3.18
P-001047,2025-10-01,10,168.8,7.3,3,4,89.6,20.4,4,1.26
P-001047,2025-11-01,11,172.1,6.4,0,3,92.6,13.5,5,1.0
P-001047,2025-12-01,12,180.0,1.7,3,4,99.9,21.8,4,1.56
P-001048,2025-01-01,1,181.9,0.0,2,4,90.5,16.1,2,1.36
P-001048,2025-02-01,2,173.9,1.7,2,5,95.1,16.7,1,1.29
P-001048,2025-03-01,3,180.0,5.3,1,3,97.0,13.6,2,1.0
P-001048,2025-04-01,4,217.4,19.0,2,5,70.8,48.7,1,3.2
P-001048,2025-05-01,5,183.6,7.2,1,5,85.3,20.0,2,1.0
P-001048,2025-06-01,6,174.4,3.7,2,4,94.4,26.4,2,1.78
P-001048,2025-07-01,7,169.7,5.8,2,4,93.3,21.1,2,1.55
P-001048,2025-08-01,8,178.8,7.4,3,7,92.4,19.7,2,1.37
P-001048,2025-09-01,9,182.2,4.0,2,4,93.9,18.5,1,1.0
P-001048,2025-10-01,10,176.6,5.4,3,3,93.0,25.0,2,1.78
P-001048,2025-11-01,11,179.1,10.7,5,3,100.2,24.8,2,1.96
P-001048,2025-12-01,12,176.5,5.7,2,4,90.1,20.2,1,1.1
P-001049,2025-01-01,1,189.1,6.2,3,4,95.4,30.3,2,1.51
P-001049,2025-02-01,2,173.4,1.5,0,6,95.1,13.9,1,1.33
P-001049,2025-03-01,3,176.1,7.9,3,6,98.6,25.2,1,1.26
P-001049,2025-04-01,4,222.3,28.5,5,7,62.1,58.2,1,3.11
P-001049,2025-05-01,5,174.6,11.8,1,4,87.9,22.0,2,2.41
P-001049,2025-06-01,6,176.7,5.3,1,3,91.1,18.5,1,1.18
P-001049,2025-07-01,7,172.4,9.3,3,4,88.3,19.5,2,1.24
P-001049,2025-08-01,8,184.3,12.5,3,4,91.5,20.7,2,1.0
P-001049,2025-09-01,9,177.3,8.5,3,6,87.3,21.2,2,1.79
P-001049,2025-10-01,10,185.7,11.5,3,3,96.7,28.3,1,1.47
P-001049,2025-11-01,11,170.7,3.3,1,5,93.4,13.3,2,1.32
P-001049,2025-12-01,12,178.1,4.1,0,5,96.3,20.2,2,1.63
P-001050,2025-01-01,1,177.3,5.9,2,5,90.9,21.2,5,1.67
P-001050,2025-02-01,2,171.2,2.2,3,3,98.2,17.5,4,1.67
P-001050,2025-03-01,3,226.3,44.8,7,12,47.4,82.9,3,3.56
P-001050,2025-04-01,4,237.0,48.5,6,13,49.2,87.8,4,4.24
P-001050,2025-05-01,5,237.8,48.3,3,7,55.1,76.7,3,3.38
P-001050,2025-06-01,6,230.4,38.6,1,9,58.2,65.3,3,3.43
P-001050,2025-07-01,7,236.5,42.7,4,7,64.5,75.6,4,4.16
P-001050,2025-08-01,8,234.7,35.0,3,9,59.6,71.1,4,3.98
P-001050,2025-09-01,9,232.0,27.3,7,12,60.3,74.1,4,4.13
P-001050,2025-10-01,10,177.6,11.3,2,4,89.2,27.4,4,1.83
P-001050,2025-11-01,11,187.3,0.1,3,4,100.7,24.9,4,1.63
P-001050,2025-12-01,12,180.9,5.3,0,5,100.5,19.1,4,1.31
P-001051,2025-01-01,1,168.6,7.5,4,4,93.0,18.2,2,1.34
P-001051,2025-02-01,2,163.3,8.7,0,3,87.8,13.5,2,1.36
P-001051,2025-03-01,3,179.5,7.2,0,3,89.3,21.9,2,1.65
P-001051,2025-04-01,4,225.5,34.7,3,9,55.4,63.0,2,3.42
P-001051,2025-05-01,5,177.0,5.3,4,4,99.0,24.1,2,1.65
P-001051,2025-06-01,6,172.4,6.5,1,6,98.3,23.0,1,1.53
P-001051,2025-07-01,7,170.5,8.6,1,4,85.3,21.6,2,1.28
P-001051,2025-08-01,8,177.1,3.4,2,5,96.1,15.0,1,1.77
P-001051,2025-09-01,9,177.7,6.9,5,5,92.6,25.7,2,1.0
P-001051,2025-10-01,10,168.8,13.1,1,5,87.5,16.3,1,1.0
P-001051,2025-11-01,11,171.0,2.6,3,3,97.2,17.7,2,1.52
P-001051,2025-12-01,12,167.0,6.9,3,5,96.1,17.5,1,1.33
P-001052,2025-01-01,1,172.6,7.9,1,5,95.7,16.0,4,1.57
P-001052,2025-02-01,2,178.8,5.3,3,5,86.4,27.7,4,1.0
P-001052,2025-03-01,3,163.9,2.7,2,5,90.2,16.2,3,1.0
P-001052,2025-04-01,4,244.9,40.0,7,9,54.8,85.2,5,4.46
P-001052,2025-05-01,5,230.1,32.6,8,6,64.6,72.0,3,3.63
P-001052,2025-06-01,6,235.1,45.5,4,13,61.0,80.1,3,3.4
P-001052,2025-07-01,7,241.5,34.6,3,9,65.5,70.6,4,3.61
P-001052,2025-08-01,8,237.4,22.2,9,6,70.8,69.4,3,3.62
P-001052,2025-09-01,9,173.1,16.8,2,6,87.8,26.5,5,1.0
P-001052,2025-10-01,10,176.3,4.8,1,6,89.7,16.9,3,1.41
P-001052,2025-11-01,11,174.1,3.7,2,4,93.8,19.4,5,2.05
P-001052,2025-12-01,12,178.0,2.2,0,5,89.6,16.5,4,1.23
P-001053,2025-01-01,1,172.4,8.1,5,4,95.7,22.6,3,1.7
P-001053,2025-02-01,2,172.7,11.3,0,4,93.2,17.7,5,1.37
P-001053,2025-03-01,3,175.1,4.7,1,3,94.4,17.6,4,1.43
P-001053,2025-04-01,4,242.5,36.0,4,14,53.9,80.6,5,4.53
P-001053,2025-05-01,5,241.8,40.2,5,7,61.0,80.8,4,3.84
P-001053,2025-06-01,6,235.8,42.6,7,8,60.4,81.7,4,4.26
P-001053,2025-07-01,7,231.8,36.5,8,11,58.9,77.5,3,4.13
P-001053,2025-08-01,8,223.7,39.4,7,7,62.5,78.5,4,4.6
P-001053,2025-09-01,9,166.2,0.0,0,5,90.3,10.3,5,1.24
P-001053,2025-10-01,10,171.5,9.3,0,4,96.4,15.3,4,1.87
P-001053,2025-11-01,11,174.6,1.2,3,3,93.3,20.2,5,1.72
P-001053,2025-12-01,12,170.2,4.3,3,5,92.2,21.5,5,1.5
P-001054,2025-01-01,1,162.5,8.3,2,6,92.7,15.0,1,1.04
P-001054,2025-02-01,2,236.2,45.6,2,13,59.4,75.1,4,3.56
P-001054,2025-03-01,3,243.2,53.8,6,10,51.4,86.4,4,4.11
P-001054,2025-04-01,4,242.1,30.5,2,11,68.2,63.1,4,3.93
P-001054,2025-05-01,5,244.8,31.5,8,7,70.1,77.5,4,3.34
P-001054,2025-06-01,6,178.0,6.9,2,6,87.1,23.9,1,1.0
P-001054,2025-07-01,7,181.0,8.3,1,4,88.1,19.8,1,1.77
P-001054,2025-08-01,8,169.0,5.6,4,6,97.5,23.1,1,1.51
P-001054,2025-09-01,9,168.0,9.0,5,3,98.1,15.4,1,1.0
P-001054,2025-10-01,10,176.8,5.9,1,5,84.6,23.7,1,1.8
P-001054,2025-11-01,11,190.3,3.2,2,5,90.7,30.6,1,1.72
P-001054,2025-12-01,12,170.8,5.5,1,5,99.6,12.4,1,1.17
P-001055,2025-01-01,1,175.3,8.2,0,5,91.0,19.4,3,1.85
P-001055,2025-02-01,2,177.2,6.5,3,4,91.4,20.2,2,1.59
P-001055,2025-03-01,3,167.9,10.1,4,5,92.4,20.1,2,1.5
P-001055,2025-04-01,4,183.5,6.8,5,5,93.2,29.5,2,1.97
P-001055,2025-05-01,5,209.7,18.7,3,7,64.4,54.2,1,3.25
P-001055,2025-06-01,6,172.8,7.0,1,4,92.2,23.5,1,1.91
P-001055,2025-07-01,7,174.7,4.3,5,3,93.0,22.0,2,1.4
P-001055,2025-08-01,8,187.5,1.0,2,4,97.3,19.7,2,1.67
P-001055,2025-09-01,9,179.6,10.7,2,4,89.4,29.5,2,1.84
P-001055,2025-10-01,10,172.8,1.0,2,4,99.7,20.0,2,1.4
P-001055,2025-11-01,11,164.9,7.7,4,3,89.7,24.4,1,1.47
P-001055,2025-12-01,12,177.4,6.1,2,5,97.2,21.6,2,1.23
P-001056,2025-01-01,1,178.8,0.0,1,4,97.0,16.8,1,1.67
P-001056,2025-02-01,2,231.8,38.9,4,10,63.2,74.5,4,3.86
P-001056,2025-03-01,3,240.1,45.1,3,10,53.4,79.0,4,4.34
P-001056,2025-04-01,4,236.2,34.5,7,9,67.2,74.4,4,4.9
P-001056,2025-05-01,5,228.3,42.1,11,12,59.3,81.3,4,4.05
P-001056,2025-06-01,6,173.7,8.6,2,3,93.9,18.8,1,1.55
P-001056,2025-07-01,7,167.9,8.4,1,4,89.2,9.6,1,1.19
P-001056,2025-08-01,8,172.1,5.3,1,4,98.3,16.3,1,1.0
P-001056,2025-09-01,9,176.5,9.8,2,5,89.7,24.6,1,1.31
P-001056,2025-10-01,10,173.4,0.9,3,6,99.8,14.4,1,1.0
P-001056,2025-11-01,11,181.6,6.5,1,4,91.5,19.6,1,1.12
P-001056,2025-12-01,12,171.5,0.0,3,5,91.8,21.5,1,1.81
P-001057,2025-01-01,1,179.4,7.4,3,5,89.8,24.8,2,1.49
P-001057,2025-02-01,2,173.4,6.5,4,4,93.5,23.2,2,2.02
P-001057,2025-03-01,3,175.4,5.1,1,5,92.8,16.8,1,1.4
P-001057,2025-04-01,4,167.5,9.1,0,5,100.4,9.9,2,1.3
P-001057,2025-05-01,5,175.1,7.3,1,5,100.0,15.8,1,1.33
P-001057,2025-06-01,6,171.0,3.8,1,5,95.6,14.9,1,1.0
P-001057,2025-07-01,7,176.1,8.2,2,5,93.4,24.5,3,1.52
P-001057,2025-08-01,8,178.2,6.4,2,5,98.9,19.1,2,1.5
P-001057,2025-09-01,9,178.6,7.0,2,5,95.0,19.4,2,1.25
P-001057,2025-10-01,10,174.8,2.9,4,5,84.5,24.1,1,1.0
P-001057,2025-11-01,11,179.1,7.1,1,5,92.3,23.2,1,1.07
P-001057,2025-12-01,12,175.6,4.5,0,4,89.1,18.0,2,1.19
P-001058,2025-01-01,1,181.5,4.3,3,4,90.5,23.7,4,1.63
P-001058,2025-02-01,2,172.1,1.3,2,4,96.4,15.4,4,1.37
P-001058,2025-03-01,3,249.8,43.9,2,9,63.3,68.0,4,3.63
P-001058,2025-04-01,4,242.9,39.8,4,7,51.0,77.7,4,4.04
P-001058,2025-05-01,5,220.3,31.1,4,11,60.8,67.0,3,3.27
P-001058,2025-06-01,6,231.2,42.6,7,7,54.9,77.6,4,4.59
P-001058,2025-07-01,7,230.3,52.5,3,12,48.4,78.0,4,4.28
P-001058,2025-08-01,8,245.1,45.3,7,14,68.5,81.3,4,3.93
P-001058,2025-09-01,9,239.7,32.1,3,10,67.8,69.1,4,4.18
P-001058,2025-10-01,10,171.6,10.8,2,4,92.0,16.8,4,1.57
P-001058,2025-11-01,11,177.4,3.7,3,5,96.2,17.1,4,1.33
P-001058,2025-12-01,12,178.2,9.0,4,5,93.7,26.4,5,1.63
P-001059,2025-01-01,1,165.8,8.4,2,4,88.8,23.8,2,1.39
P-001059,2025-02-01,2,172.7,5.4,2,4,96.6,17.6,2,1.58
P-001059,2025-03-01,3,168.8,0.9,1,5,98.7,21.4,2,1.34
P-001059,2025-04-01,4,171.3,7.8,0,3,85.1,22.5,2,1.59
P-001059,2025-05-01,5,175.4,10.3,2,3,91.1,19.2,2,1.0
P-001059,2025-06-01,6,229.0,48.9,10,9,62.0,82.1,4,4.12
P-001059,2025-07-01,7,244.3,50.8,5,11,57.5,83.0,4,3.92
P-001059,2025-08-01,8,174.5,9.9,0,5,96.1,14.0,2,1.33
P-001059,2025-09-01,9,168.2,8.9,1,4,93.8,12.5,2,1.27
P-001059,2025-10-01,10,182.8,4.4,4,4,92.7,27.1,2,1.24
P-001059,2025-11-01,11,185.3,5.5,5,3,90.7,30.6,2,1.69
P-001059,2025-12-01,12,187.5,6.7,0,5,88.7,22.0,2,1.0
P-001060,2025-01-01,1,169.6,9.0,3,4,93.5,20.1,3,1.23
P-001060,2025-02-01,2,171.4,11.7,0,5,94.7,15.7,2,1.39
P-001060,2025-03-01,3,172.5,8.1,2,6,84.9,26.0,3,1.71
P-001060,2025-04-01,4,223.5,30.0,2,8,55.6,60.0,2,2.52
P-001060,2025-05-01,5,176.4,8.2,1,5,98.0,15.0,1,1.24
P-001060,2025-06-01,6,168.2,5.6,3,3,93.7,16.0,1,1.16
P-001060,2025-07-01,7,171.7,4.4,3,6,95.3,19.6,1,1.84
P-001060,2025-08-01,8,178.6,0.5,0,4,99.8,14.9,1,1.27
P-001060,2025-09-01,9,177.9,8.8,2,5,90.0,15.9,2,1.0
P-001060,2025-10-01,10,167.2,6.6,1,4,86.8,19.2,2,1.35
P-001060,2025-11-01,11,182.1,14.4,5,4,90.4,30.9,3,1.55
P-001060,2025-12-01,12,182.5,5.2,0,4,90.4,16.2,2,1.64
P-001061,2025-01-01,1,183.9,6.3,2,5,93.3,23.5,2,1.55
P-001061,2025-02-01,2,181.5,1.9,3,6,98.3,17.3,3,1.18
P-001061,2025-03-01,3,173.6,5.1,2,4,96.1,16.0,1,1.0
P-001061,2025-04-01,4,185.5,0.0,2,5,97.6,25.1,2,1.89
P-001061,2025-05-01,5,175.9,3.8,3,3,92.5,19.3,1,1.66
P-001061,2025-06-01,6,176.8,6.3,2,5,78.5,22.4,2,1.44
P-001061,2025-07-01,7,175.5,0.2,0,4,103.1,14.0,3,1.65
P-001061,2025-08-01,8,168.0,10.6,3,4,94.2,16.9,1,1.66
P-001061,2025-09-01,9,186.5,3.2,4,5,93.3,24.1,2,1.1
P-001061,2025-10-01,10,171.3,5.1,2,4,93.0,10.2,2,1.29
P-001061,2025-11-01,11,179.8,6.4,1,5,90.0,21.5,1,1.36
P-001061,2025-12-01,12,179.8,8.9,3,5,86.1,24.2,2,1.86
P-001062,2025-01-01,1,172.9,10.7,1,4,91.9,18.5,5,1.13
P-001062,2025-02-01,2,177.4,6.8,0,5,93.4,17.4,5,1.0
P-001062,2025-03-01,3,181.3,4.7,2,4,94.7,22.4,5,1.11
P-001062,2025-04-01,4,243.0,47.8,4,10,53.8,80.3,4,4.33
P-001062,2025-05-01,5,252.6,40.5,5,15,63.8,84.6,5,5.0
P-001062,2025-06-01,6,251.1,38.9,10,12,64.6,86.1,5,4.34
P-001062,2025-07-01,7,238.0,32.6,13,12,55.6,94.0,5,4.79
P-001062,2025-08-01,8,245.7,42.1,4,10,60.8,79.4,4,4.33
P-001062,2025-09-01,9,230.3,51.4,7,14,59.3,87.0,5,4.66
P-001062,2025-10-01,10,244.4,37.5,7,13,61.0,81.2,5,4.31
P-001062,2025-11-01,11,233.6,31.0,7,12,50.8,76.1,4,3.68
P-001062,2025-12-01,12,181.0,0.0,4,4,88.9,24.9,4,1.22
P-001063,2025-01-01,1,174.8,2.9,2,4,93.9,24.0,4,1.31
P-001063,2025-02-01,2,166.3,6.3,1,6,92.7,15.1,4,1.07
P-001063,2025-03-01,3,180.4,13.2,0,3,90.8,26.6,5,1.85
P-001063,2025-04-01,4,246.9,40.6,6,13,57.6,86.9,5,4.87
P-001063,2025-05-01,5,239.3,50.3,8,8,55.1,86.3,5,3.74
P-001063,2025-06-01,6,246.5,42.8,9,13,63.5,90.6,5,4.55
P-001063,2025-07-01,7,245.0,43.0,6,11,65.6,87.3,5,4.49
P-001063,2025-08-01,8,240.0,45.7,11,8,57.4,95.9,5,5.0
P-001063,2025-09-01,9,228.7,47.2,5,11,62.0,74.4,4,4.11
P-001063,2025-10-01,10,241.9,33.4,1,10,66.7,73.3,4,4.15
P-001063,2025-11-01,11,247.6,45.8,2,10,64.9,80.2,4,3.87
P-001063,2025-12-01,12,171.6,8.1,4,5,90.9,23.8,5,1.42
P-001064,2025-01-01,1,183.7,0.0,1,5,95.1,22.1,5,1.54
P-001064,2025-02-01,2,176.1,13.8,0,3,95.7,15.4,5,1.22
P-001064,2025-03-01,3,178.0,5.2,1,4,89.3,16.4,4,1.73
P-001064,2025-04-01,4,250.9,41.4,7,11,52.0,87.3,5,4.15
P-001064,2025-05-01,5,238.6,35.2,9,11,68.2,82.8,4,3.91
P-001064,2025-06-01,6,243.8,30.0,7,10,65.3,78.5,4,3.88
P-001064,2025-07-01,7,236.0,38.1,11,12,55.4,88.8,5,4.39
P-001064,2025-08-01,8,242.0,42.1,6,10,64.3,86.7,5,3.98
P-001064,2025-09-01,9,238.3,50.3,7,12,58.4,86.0,4,3.18
P-001064,2025-10-01,10,241.5,33.0,7,13,58.9,83.2,5,4.12
P-001064,2025-11-01,11,235.3,42.2,5,10,57.8,74.2,4,4.27
P-001064,2025-12-01,12,175.0,8.3,0,4,90.0,17.0,5,1.35
P-001065,2025-01-01,1,182.7,6.2,5,4,97.3,26.2,3,1.0
P-001065,2025-02-01,2,177.3,0.0,3,4,96.3,20.6,2,1.69
P-001065,2025-03-01,3,164.8,7.6,2,4,86.3,20.0,2,1.48
P-001065,2025-04-01,4,170.0,7.6,2,3,98.8,13.8,2,1.0
P-001065,2025-05-01,5,172.0,2.3,0,5,89.8,12.0,2,1.36
P-001065,2025-06-01,6,181.9,3.0,2,4,97.8,19.1,2,1.0
P-001065,2025-07-01,7,176.7,2.1,3,5,88.2,27.9,2,1.95
P-001065,2025-08-01,8,183.1,5.1,2,4,100.7,29.7,1,1.67
P-001065,2025-09-01,9,178.1,11.1,3,5,89.8,24.3,2,1.57
P-001065,2025-10-01,10,173.6,2.7,1,5,94.0,20.7,2,1.18
P-001065,2025-11-01,11,175.2,4.3,2,5,89.0,22.9,1,1.31
P-001065,2025-12-01,12,180.1,0.0,1,4,98.2,24.1,1,1.07
P-001066,2025-01-01,1,173.3,6.5,3,4,88.2,24.2,2,1.36
P-001066,2025-02-01,2,181.9,0.8,3,4,92.3,23.7,2,1.46
P-001066,2025-03-01,3,169.3,12.1,2,5,87.6,24.0,2,1.0
P-001066,2025-04-01,4,169.7,0.7,1,5,97.7,18.9,2,1.37
P-001066,2025-05-01,5,223.0,45.0,1,8,59.0,59.1,1,1.43
P-001066,2025-06-01,6,174.5,4.9,4,4,90.9,19.7,2,1.37
P-001066,2025-07-01,7,175.5,0.0,3,4,95.9,13.6,3,1.03
P-001066,2025-08-01,8,176.6,0.0,3,4,91.9,21.8,2,1.27
P-001066,2025-09-01,9,162.5,4.3,0,3,88.7,7.8,3,1.91
P-001066,2025-10-01,10,172.6,5.4,4,4,91.6,28.2,2,1.07
P-001066,2025-11-01,11,167.1,2.8,2,4,90.1,14.5,2,1.3
P-001066,2025-12-01,12,174.6,9.3,1,5,91.6,25.6,1,1.83
P-001067,2025-01-01,1,172.0,0.8,2,3,87.7,18.0,1,1.92
P-001067,2025-02-01,2,233.7,29.6,7,11,55.1,72.9,4,4.09
P-001067,2025-03-01,3,250.1,39.1,4,9,58.8,75.7,4,4.11
P-001067,2025-04-01,4,229.8,30.7,4,13,62.2,70.1,4,3.76
P-001067,2025-05-01,5,246.0,35.3,6,8,56.1,78.6,4,4.55
P-001067,2025-06-01,6,173.5,9.0,1,6,90.4,17.0,1,1.54
P-001067,2025-07-01,7,164.5,2.9,2,7,90.3,19.1,1,1.74
P-001067,2025-08-01,8,176.1,1.0,1,3,88.0,19.9,1,1.83
P-001067,2025-09-01,9,172.6,1.3,2,3,93.9,19.8,1,1.03
P-001067,2025-10-01,10,172.1,12.2,2,4,93.2,23.3,1,1.07
P-001067,2025-11-01,11,179.7,4.2,5,5,90.0,28.6,1,1.36
P-001067,2025-12-01,12,179.4,7.1,1,5,86.9,18.5,1,1.21
P-001068,2025-01-01,1,169.4,6.9,4,6,84.9,20.1,2,1.41
P-001068,2025-02-01,2,166.2,4.7,4,5,94.2,20.1,2,1.42
P-001068,2025-03-01,3,174.7,2.1,2,6,95.4,17.4,2,1.55
P-001068,2025-04-01,4,176.2,5.5,1,5,99.7,20.3,1,1.14
P-001068,2025-05-01,5,176.8,0.0,3,4,89.0,23.1,2,1.78
P-001068,2025-06-01,6,180.6,9.3,1,4,93.6,21.2,1,1.0
P-001068,2025-07-01,7,171.2,10.9,2,3,85.8,16.2,1,1.29
P-001068,2025-08-01,8,179.1,9.0,1,5,88.6,20.3,2,1.0
P-001068,2025-09-01,9,192.4,9.9,2,3,91.5,28.3,2,1.62
P-001068,2025-10-01,10,172.5,2.4,3,5,92.7,20.9,1,1.46
P-001068,2025-11-01,11,176.3,3.3,3,3,100.3,21.3,1,1.41
P-001068,2025-12-01,12,173.1,10.1,2,6,88.9,24.0,2,1.14
P-001069,2025-01-01,1,164.2,3.3,1,5,100.2,16.4,5,1.51
P-001069,2025-02-01,2,169.5,5.1,2,6,89.2,17.6,5,1.72
P-001069,2025-03-01,3,174.6,7.5,3,4,83.4,26.8,5,1.49
P-001069,2025-04-01,4,233.9,39.3,9,9,57.2,83.8,4,4.06
P-001069,2025-05-01,5,240.0,50.5,2,12,51.9,84.6,4,3.88
P-001069,2025-06-01,6,249.5,46.5,7,9,55.1,91.0,5,4.34
P-001069,2025-07-01,7,252.1,43.9,9,11,57.2,89.1,5,4.41
P-001069,2025-08-01,8,242.8,37.4,13,10,64.9,86.1,4,4.57
P-001069,2025-09-01,9,244.8,41.3,3,9,59.9,77.7,5,4.23
P-001069,2025-10-01,10,238.0,37.6,5,10,64.1,72.7,4,4.04
P-001069,2025-11-01,11,233.8,26.7,5,10,67.1,64.9,4,3.53
P-001069,2025-12-01,12,178.7,10.7,2,4,93.4,20.9,4,1.41
P-001070,2025-01-01,1,160.8,3.7,2,5,95.5,16.7,5,1.82
P-001070,2025-02-01,2,178.9,12.1,3,4,88.2,26.9,4,1.16
P-001070,2025-03-01,3,241.9,41.4,7,13,54.9,87.3,5,4.93
P-001070,2025-04-01,4,241.1,34.1,6,14,66.8,81.9,4,4.21
P-001070,2025-05-01,5,229.2,31.3,8,7,68.4,74.7,3,3.84
P-001070,2025-06-01,6,237.2,33.1,4,7,57.6,69.4,3,3.52
P-001070,2025-07-01,7,255.8,33.5,5,12,56.4,84.3,5,4.41
P-001070,2025-08-01,8,224.6,39.0,3,12,53.9,71.6,3,4.14
P-001070,2025-09-01,9,244.5,42.2,7,11,67.1,87.6,5,4.33
P-001070,2025-10-01,10,175.6,8.5,3,4,94.1,20.8,5,1.11
P-001070,2025-11-01,11,170.6,0.0,3,6,91.7,20.2,3,1.29
P-001070,2025-12-01,12,168.5,3.1,1,5,91.4,18.8,4,1.53
P-001071,2025-01-01,1,169.9,11.0,4,4,87.9,20.8,2,1.14
P-001071,2025-02-01,2,173.3,7.8,3,5,93.5,23.5,2,1.38
P-001071,2025-03-01,3,182.5,8.1,1,5,93.0,21.8,1,1.8
P-001071,2025-04-01,4,174.0,4.1,3,7,92.6,22.4,2,1.6
P-001071,2025-05-01,5,178.4,1.2,2,5,98.4,14.9,2,1.51
P-001071,2025-06-01,6,167.2,0.0,3,5,94.7,18.6,2,1.28
P-001071,2025-07-01,7,164.1,2.7,2,3,90.4,14.3,2,1.5
P-001071,2025-08-01,8,167.2,7.5,1,5,90.7,20.8,2,1.69
P-001071,2025-09-01,9,175.2,14.4,0,4,90.0,20.8,1,1.07
P-001071,2025-10-01,10,180.5,8.2,3,3,93.4,22.0,2,1.25
P-001071,2025-11-01,11,173.4,8.0,1,4,89.5,17.2,1,1.42
P-001071,2025-12-01,12,181.0,4.2,2,5,98.7,26.4,1,1.51
P-001072,2025-01-01,1,175.1,5.7,2,3,97.1,17.3,1,1.62
P-001072,2025-02-01,2,168.0,11.3,2,4,92.7,18.4,1,1.3
P-001072,2025-03-01,3,170.0,2.6,3,5,95.9,19.1,2,1.15
P-001072,2025-04-01,4,171.8,11.6,2,4,92.1,24.9,2,1.57
P-001072,2025-05-01,5,220.6,39.5,4,8,63.4,65.7,2,2.9
P-001072,2025-06-01,6,173.7,9.5,3,5,89.0,26.9,2,1.26
P-001072,2025-07-01,7,171.1,4.6,0,4,88.5,15.1,3,1.0
P-001072,2025-08-01,8,170.9,0.6,1,4,94.7,10.1,1,1.3
P-001072,2025-09-01,9,182.5,12.7,3,5,89.4,24.7,3,1.24
P-001072,2025-10-01,10,182.5,2.2,4,4,91.6,27.1,2,1.37
P-001072,2025-11-01,11,170.4,6.1,1,4,87.8,20.7,1,1.87
P-001072,2025-12-01,12,182.1,9.0,1,5,95.5,18.3,2,1.09
P-001073,2025-01-01,1,165.6,9.1,0,3,89.4,11.2,3,1.11
P-001073,2025-02-01,2,171.4,0.0,1,4,94.8,13.1,4,1.0
P-001073,2025-03-01,3,180.6,7.1,2,3,89.5,25.6,5,1.53
P-001073,2025-04-01,4,241.9,54.6,4,11,57.1,86.4,4,3.96
P-001073,2025-05-01,5,231.9,48.2,3,11,60.8,70.0,3,3.28
P-001073,2025-06-01,6,239.7,30.7,4,9,67.8,75.5,3,4.17
P-001073,2025-07-01,7,232.6,39.2,9,11,72.3,81.3,4,3.94
P-001073,2025-08-01,8,236.9,41.7,9,12,51.5,84.0,4,3.72
P-001073,2025-09-01,9,172.5,4.2,3,7,89.7,24.9,3,1.47
P-001073,2025-10-01,10,175.9,2.6,2,5,85.7,16.3,4,1.13
P-001073,2025-11-01,11,177.6,2.9,4,4,96.0,23.4,3,2.02
P-001073,2025-12-01,12,171.8,6.9,2,5,93.6,13.6,3,1.63
P-001074,2025-01-01,1,175.1,5.5,1,5,91.6,18.4,1,1.45
P-001074,2025-02-01,2,176.5,5.7,1,4,92.9,20.6,2,1.51
P-001074,2025-03-01,3,176.4,7.3,5,4,91.7,27.9,1,1.01
P-001074,2025-04-01,4,224.0,29.9,3,6,66.0,64.9,2,4.33
P-001074,2025-05-01,5,174.0,2.9,2,4,93.6,20.4,1,1.72
P-001074,2025-06-01,6,180.0,0.0,4,5,93.8,20.2,2,1.16
P-001074,2025-07-01,7,174.1,5.2,3,4,90.9,18.8,2,1.86
P-001074,2025-08-01,8,166.1,8.6,3,5,91.3,15.7,3,1.0
P-001074,2025-09-01,9,175.8,5.8,3,4,95.9,18.8,2,1.51
P-001074,2025-10-01,10,177.0,0.4,3,5,94.8,16.4,1,1.16
P-001074,2025-11-01,11,179.1,9.4,1,4,93.1,17.7,3,1.28
P-001074,2025-12-01,12,165.8,4.2,2,3,88.6,17.8,2,1.26
P-001075,2025-01-01,1,165.8,5.4,3,5,96.3,20.6,4,1.0
P-001075,2025-02-01,2,167.6,15.9,3,5,93.3,24.3,5,1.16
P-001075,2025-03-01,3,176.5,6.1,2,4,91.3,19.5,5,1.63
P-001075,2025-04-01,4,233.8,41.6,9,11,58.6,80.5,4,4.02
P-001075,2025-05-01,5,246.0,43.1,10,13,69.6,92.3,5,4.18
P-001075,2025-06-01,6,241.9,41.0,2,13,64.3,79.3,5,5.0
P-001075,2025-07-01,7,227.2,46.6,8,14,48.4,86.1,4,4.2
P-001075,2025-08-01,8,249.7,44.6,4,10,52.7,88.4,5,4.43
P-001075,2025-09-01,9,253.2,40.0,6,10,54.5,85.9,4,4.04
P-001075,2025-10-01,10,246.5,44.7,7,11,56.4,90.1,5,4.77
P-001075,2025-11-01,11,245.6,52.0,10,13,62.9,95.4,5,4.24
P-001075,2025-12-01,12,181.3,7.3,3,3,94.2,21.2,5,1.49
P-001076,2025-01-01,1,174.7,3.2,5,6,94.0,27.5,2,1.6
P-001076,2025-02-01,2,175.1,3.8,2,3,90.7,18.7,3,1.54
P-001076,2025-03-01,3,158.9,3.0,1,3,93.5,8.2,2,1.0
P-001076,2025-04-01,4,174.2,2.3,4,5,98.4,22.5,3,1.26
P-001076,2025-05-01,5,163.2,13.4,3,3,88.6,20.7,1,1.56
P-001076,2025-06-01,6,177.7,13.5,4,5,82.9,28.3,2,1.26
P-001076,2025-07-01,7,179.2,9.3,2,5,91.8,20.9,1,1.19
P-001076,2025-08-01,8,184.0,2.2,2,5,96.8,23.6,2,1.7
P-001076,2025-09-01,9,181.3,0.0,3,7,100.7,19.1,1,1.19
P-001076,2025-10-01,10,170.9,4.7,1,4,91.8,14.8,1,1.0
P-001076,2025-11-01,11,169.4,2.0,2,5,94.2,10.5,2,1.31
P-001076,2025-12-01,12,176.3,4.1,1,4,100.0,14.9,1,1.82
P-001077,2025-01-01,1,178.1,0.0,1,4,93.7,17.7,5,1.55
P-001077,2025-02-01,2,170.5,8.2,3,3,92.5,19.2,5,1.14
P-001077,2025-03-01,3,182.9,7.1,3,6,88.3,26.1,5,1.46
P-001077,2025-04-01,4,247.5,38.5,3,13,55.4,84.7,5,4.77
P-001077,2025-05-01,5,240.3,31.1,2,10,54.0,75.7,4,4.12
P-001077,2025-06-01,6,249.4,48.1,6,11,55.8,91.4,5,5.0
P-001077,2025-07-01,7,232.2,56.0,1,9,48.7,75.4,4,3.64
P-001077,2025-08-01,8,239.8,34.4,3,9,61.2,76.3,4,3.74
P-001077,2025-09-01,9,238.6,45.0,9,14,61.7,90.1,5,4.44
P-001077,2025-10-01,10,248.6,35.4,8,7,65.9,82.6,4,3.88
P-001077,2025-11-01,11,236.0,54.1,5,10,57.5,83.0,4,3.44
P-001077,2025-12-01,12,179.6,0.1,0,5,100.4,12.2,5,1.51
P-001078,2025-01-01,1,184.2,7.0,3,3,93.6,27.4,5,1.06
P-001078,2025-02-01,2,177.1,5.8,2,4,92.1,22.6,4,1.46
P-001078,2025-03-01,3,177.8,3.8,4,4,96.4,25.6,5,1.31
P-001078,2025-04-01,4,250.2,33.6,8,13,64.9,87.4,5,4.3
P-001078,2025-05-01,5,242.0,34.8,8,9,65.3,80.4,4,3.9
P-001078,2025-06-01,6,238.3,35.4,7,11,54.0,81.6,5,4.37
P-001078,2025-07-01,7,237.0,44.8,5,11,50.7,85.2,4,3.96
P-001078,2025-08-01,8,225.0,42.5,7,10,63.6,75.2,4,3.43
P-001078,2025-09-01,9,242.9,34.4,5,12,65.1,77.6,5,4.3
P-001078,2025-10-01,10,251.9,37.1,7,14,67.0,86.7,5,4.57
P-001078,2025-11-01,11,233.6,45.0,8,11,57.7,86.2,4,4.0
P-001078,2025-12-01,12,173.6,4.0,0,6,96.8,10.7,5,1.08
P-001079,2025-01-01,1,172.0,0.0,2,4,96.7,9.7,5,1.22
P-001079,2025-02-01,2,171.6,2.5,4,4,97.6,20.3,5,1.04
P-001079,2025-03-01,3,175.1,8.2,0,5,90.9,23.1,4,2.19
P-001079,2025-04-01,4,234.4,40.0,11,9,58.1,86.4,5,4.25
P-001079,2025-05-01,5,242.6,42.2,8,14,57.6,91.3,5,4.29
P-001079,2025-06-01,6,240.1,46.8,6,10,49.2,86.2,5,4.29
P-001079,2025-07-01,7,252.7,48.1,8,9,62.2,97.0,5,4.55
P-001079,2025-08-01,8,229.4,32.0,4,9,58.8,68.1,4,3.34
P-001079,2025-09-01,9,252.0,37.3,11,13,55.9,90.3,5,3.88
P-001079,2025-10-01,10,242.2,49.2,5,9,53.4,95.2,5,5.0
P-001079,2025-11-01,11,245.9,45.0,8,13,58.0,88.0,5,4.37
P-001079,2025-12-01,12,167.9,8.9,2,5,89.0,22.1,5,1.66
P-001080,2025-01-01,1,175.1,2.5,2,5,94.3,21.6,5,1.67
P-001080,2025-02-01,2,172.9,1.8,0,5,91.3,12.7,4,1.0
P-001080,2025-03-01,3,175.2,6.8,1,4,94.6,9.9,4,1.05
P-001080,2025-04-01,4,250.5,42.3,6,12,53.4,86.9,5,4.57
P-001080,2025-05-01,5,234.5,40.1,5,11,54.8,75.7,4,4.35
P-001080,2025-06-01,6,243.5,36.3,11,10,62.2,93.0,5,4.82
P-001080,2025-07-01,7,244.0,41.7,4,9,59.8,84.7,5,4.47
P-001080,2025-08-01,8,225.5,32.1,4,9,56.2,68.0,4,3.62
P-001080,2025-09-01,9,237.1,44.9,5,8,54.4,77.5,4,3.42
P-001080,2025-10-01,10,249.3,50.0,6,14,53.0,89.8,5,4.29
P-001080,2025-11-01,11,246.5,38.5,9,8,55.5,84.2,4,4.49
P-001080,2025-12-01,12,175.4,3.7,1,3,93.1,11.8,5,1.0
P-001081,2025-01-01,1,162.4,3.0,2,5,91.5,17.6,5,1.12
P-001081,2025-02-01,2,176.8,5.1,3,3,102.3,18.7,3,1.59
P-001081,2025-03-01,3,171.1,4.1,2,5,93.3,20.7,3,1.4
P-001081,2025-04-01,4,239.9,47.2,4,13,58.1,81.3,4,3.89
P-001081,2025-05-01,5,244.3,29.5,6,8,69.4,73.3,4,3.81
P-001081,2025-06-01,6,223.2,40.8,7,10,62.7,72.5,3,3.74
P-001081,2025-07-01,7,225.6,43.8,5,10,61.4,76.5,3,3.79
P-001081,2025-08-01,8,240.3,29.2,5,11,69.1,73.6,4,4.25
P-001081,2025-09-01,9,180.7,4.1,1,5,98.1,19.6,3,1.56
P-001081,2025-10-01,10,170.4,6.1,3,6,95.5,21.6,4,1.16
P-001081,2025-11-01,11,181.9,6.5,5,5,91.4,31.1,4,1.58
P-001081,2025-12-01,12,173.9,11.4,2,4,94.1,24.7,5,1.56
P-001082,2025-01-01,1,173.2,13.2,1,5,89.7,21.4,1,1.32
P-001082,2025-02-01,2,179.0,10.6,1,4,90.2,23.6,1,1.18
P-001082,2025-03-01,3,171.4,6.0,3,5,100.2,19.0,2,1.21
P-001082,2025-04-01,4,176.9,6.3,3,5,100.2,24.1,1,1.15
P-001082,2025-05-01,5,182.2,10.0,2,4,93.2,21.8,2,1.44
P-001082,2025-06-01,6,178.8,16.5,4,5,91.0,36.1,2,1.93
P-001082,2025-07-01,7,185.8,3.8,3,3,99.5,24.7,1,1.25
P-001082,2025-08-01,8,172.0,2.2,2,3,92.4,14.5,1,1.24
P-001082,2025-09-01,9,172.7,0.0,0,5,102.0,11.5,1,1.67
P-001082,2025-10-01,10,170.3,3.1,1,5,97.4,12.9,2,1.39
P-001082,2025-11-01,11,171.8,8.8,0,4,92.4,18.0,1,1.45
P-001082,2025-12-01,12,178.7,1.1,2,7,90.3,19.7,2,1.35
P-001083,2025-01-01,1,174.2,1.3,3,6,96.5,17.5,3,1.51
P-001083,2025-02-01,2,183.2,3.4,3,5,103.2,17.4,2,1.15
P-001083,2025-03-01,3,178.3,5.3,1,5,91.7,19.9,1,1.0
P-001083,2025-04-01,4,180.5,3.4,3,4,89.9,22.4,2,1.44
P-001083,2025-05-01,5,169.7,3.9,5,5,94.9,17.5,1,1.01
P-001083,2025-06-01,6,168.2,6.3,0,3,97.0,14.2,2,1.31
P-001083,2025-07-01,7,170.0,5.2,2,7,92.2,17.0,2,1.28
P-001083,2025-08-01,8,182.0,14.6,1,5,86.9,20.0,2,1.59
P-001083,2025-09-01,9,167.2,8.9,0,6,90.0,19.1,1,1.64
P-001083,2025-10-01,10,172.0,12.9,1,5,88.4,17.5,3,1.12
P-001083,2025-11-01,11,183.6,0.5,1,6,97.2,20.3,1,1.66
P-001083,2025-12-01,12,172.7,9.3,3,4,92.0,22.6,3,2.09
P-001084,2025-01-01,1,174.3,8.0,1,5,97.0,17.2,3,1.27
P-001084,2025-02-01,2,171.3,9.0,2,5,93.9,16.2,3,1.0
P-001084,2025-03-01,3,165.4,10.5,3,4,96.4,21.9,2,1.89
P-001084,2025-04-01,4,175.6,6.3,2,4,97.7,25.9,3,1.37
P-001084,2025-05-01,5,169.8,4.8,1,5,94.6,20.1,1,1.27
P-001084,2025-06-01,6,178.7,3.5,2,4,92.4,25.4,2,1.82
P-001084,2025-07-01,7,170.9,7.7,2,7,94.1,17.9,1,1.0
P-001084,2025-08-01,8,174.1,3.7,1,4,91.3,18.3,2,1.86
P-001084,2025-09-01,9,183.8,3.4,5,5,96.4,25.9,1,1.41
P-001084,2025-10-01,10,165.5,4.9,1,4,89.6,14.2,3,1.38
P-001084,2025-11-01,11,178.1,11.5,1,5,81.1,24.0,1,1.52
P-001084,2025-12-01,12,175.0,4.0,0,3,90.4,14.8,2,1.38
P-001085,2025-01-01,1,179.2,9.9,1,5,102.3,18.2,2,1.4
P-001085,2025-02-01,2,177.0,7.7,1,5,85.8,19.4,2,1.19
P-001085,2025-03-01,3,171.0,8.1,2,5,91.8,23.5,2,1.29
P-001085,2025-04-01,4,177.0,11.2,2,4,90.3,21.3,2,1.11
P-001085,2025-05-01,5,170.8,7.6,2,4,89.2,21.3,2,1.68
P-001085,2025-06-01,6,241.3,40.7,2,13,59.5,78.5,4,3.62
P-001085,2025-07-01,7,234.8,43.4,10,8,52.8,80.7,4,3.32
P-001085,2025-08-01,8,176.5,5.6,3,3,98.2,18.6,2,1.62
P-001085,2025-09-01,9,176.1,0.0,2,6,94.5,11.5,2,1.0
P-001085,2025-10-01,10,172.3,5.4,1,5,98.9,22.7,2,1.97
P-001085,2025-11-01,11,177.9,7.3,1,5,90.4,22.3,2,1.63
P-001085,2025-12-01,12,174.2,10.3,1,3,85.3,24.7,2,1.16
P-001086,2025-01-01,1,172.5,2.0,1,7,97.9,22.9,2,1.88
P-001086,2025-02-01,2,174.6,1.9,2,5,93.1,22.8,2,1.08
P-001086,2025-03-01,3,177.8,0.0,2,5,95.7,18.4,2,1.31
P-001086,2025-04-01,4,216.8,23.1,4,9,69.4,61.6,2,3.48
P-001086,2025-05-01,5,224.9,29.8,6,6,65.2,70.5,2,3.47
P-001086,2025-06-01,6,178.5,5.6,2,4,97.7,19.1,1,1.11
P-001086,2025-07-01,7,175.2,7.6,1,4,92.8,16.4,2,1.44
P-001086,2025-08-01,8,174.2,0.0,0,5,105.0,17.4,2,1.4
P-001086,2025-09-01,9,178.4,4.4,5,5,92.8,23.8,1,1.8
P-001086,2025-10-01,10,173.6,6.4,1,7,91.8,17.5,2,1.0
P-001086,2025-11-01,11,183.8,2.9,3,4,95.6,22.1,1,1.59
P-001086,2025-12-01,12,172.5,1.2,1,6,89.8,15.3,2,1.55
P-001087,2025-01-01,1,175.9,8.8,0,4,94.3,13.1,2,1.1
P-001087,2025-02-01,2,171.3,3.6,1,4,102.8,13.0,1,1.46
P-001087,2025-03-01,3,179.6,2.6,2,6,94.5,19.5,3,1.56
P-001087,2025-04-01,4,212.4,26.9,7,8,71.0,64.8,1,3.24
P-001087,2025-05-01,5,223.7,43.1,6,8,56.3,71.8,2,3.47
P-001087,2025-06-01,6,174.5,7.9,0,5,93.0,11.0,3,1.42
P-001087,2025-07-01,7,181.6,9.5,1,7,88.7,27.0,1,1.33
P-001087,2025-08-01,8,174.7,8.5,3,4,96.5,23.0,1,1.94
P-001087,2025-09-01,9,182.0,0.0,1,3,94.2,16.5,3,1.2
P-001087,2025-10-01,10,174.9,10.5,4,5,87.3,28.0,1,1.54
P-001087,2025-11-01,11,174.4,0.0,1,3,98.0,18.6,1,1.72
P-001087,2025-12-01,12,181.5,2.2,2,4,92.8,22.0,1,1.16
P-001088,2025-01-01,1,174.7,5.2,5,5,88.3,25.7,4,1.39
P-001088,2025-02-01,2,171.0,6.0,4,5,89.4,24.2,5,1.07
P-001088,2025-03-01,3,178.2,6.1,2,4,93.7,21.6,5,2.09
P-001088,2025-04-01,4,235.3,34.0,5,15,64.7,82.8,5,4.93
P-001088,2025-05-01,5,246.2,37.5,9,10,58.8,83.8,4,4.73
P-001088,2025-06-01,6,237.1,38.8,7,8,56.6,82.1,4,3.81
P-001088,2025-07-01,7,245.6,48.4,8,11,56.9,91.8,5,4.39
P-001088,2025-08-01,8,247.1,36.2,5,9,53.5,82.2,4,4.07
P-001088,2025-09-01,9,240.7,48.4,9,12,56.6,92.2,4,4.16
P-001088,2025-10-01,10,246.5,51.3,7,11,46.5,90.1,5,4.53
P-001088,2025-11-01,11,245.9,49.4,3,10,48.6,85.9,5,4.63
P-001088,2025-12-01,12,180.2,1.5,3,4,95.3,18.5,4,1.0
P-001089,2025-01-01,1,175.9,2.3,3,5,91.8,22.1,1,1.47
P-001089,2025-02-01,2,184.1,0.0,2,7,97.7,20.5,3,1.34
P-001089,2025-03-01,3,176.2,6.7,3,5,87.4,25.1,1,1.53
P-001089,2025-04-01,4,178.0,9.3,0,4,95.5,19.2,1,1.09
P-001089,2025-05-01,5,170.8,5.4,4,4,93.2,17.8,1,1.0
P-001089,2025-06-01,6,160.6,6.6,2,6,93.4,9.2,1,1.66
P-001089,2025-07-01,7,180.0,5.7,1,4,99.2,19.1,2,1.67
P-001089,2025-08-01,8,171.7,4.4,1,6,96.3,16.9,1,2.12
P-001089,2025-09-01,9,180.1,6.0,1,3,95.7,22.2,1,1.1
P-001089,2025-10-01,10,173.8,0.0,4,5,101.2,22.5,2,1.7
P-001089,2025-11-01,11,181.8,4.5,1,6,92.8,22.0,1,1.76
P-001089,2025-12-01,12,176.2,4.0,2,5,96.4,22.7,1,1.41
P-001090,2025-01-01,1,185.7,0.5,2,3,96.7,14.8,1,1.74
P-001090,2025-02-01,2,180.8,9.6,1,5,92.9,21.1,2,1.25
P-001090,2025-03-01,3,172.6,11.2,4,6,97.0,24.4,1,1.0
P-001090,2025-04-01,4,170.2,4.4,4,4,87.0,18.8,1,1.46
P-001090,2025-05-01,5,165.9,0.1,0,5,97.4,11.2,2,1.52
P-001090,2025-06-01,6,175.3,12.2,3,5,89.2,25.0,2,1.06
P-001090,2025-07-01,7,182.0,3.2,2,5,92.2,24.6,1,1.21
P-001090,2025-08-01,8,166.9,8.6,1,5,90.4,14.9,2,1.08
P-001090,2025-09-01,9,180.0,0.0,2,4,91.3,16.8,2,1.2
P-001090,2025-10-01,10,170.1,7.4,3,4,95.1,21.1,2,1.56
P-001090,2025-11-01,11,177.2,10.7,2,4,90.6,22.1,2,1.29
P-001090,2025-12-01,12,164.0,0.0,1,5,102.2,14.0,1,1.0
P-001091,2025-01-01,1,177.9,9.4,1,4,92.3,20.8,4,1.48
P-001091,2025-02-01,2,181.0,10.7,1,3,93.9,20.5,5,1.19
P-001091,2025-03-01,3,243.8,28.4,9,12,66.3,81.6,4,4.12
P-001091,2025-04-01,4,222.2,26.3,10,6,69.3,64.6,3,3.46
P-001091,2025-05-01,5,234.4,50.7,8,12,56.3,82.8,4,3.79
P-001091,2025-06-01,6,251.0,48.0,9,11,50.5,98.0,5,4.45
P-001091,2025-07-01,7,234.2,45.9,5,8,57.9,78.2,4,4.25
P-001091,2025-08-01,8,242.9,40.5,5,9,60.0,77.7,4,3.46
P-001091,2025-09-01,9,239.8,39.4,3,4,55.6,74.2,3,4.11
P-001091,2025-10-01,10,176.1,12.6,3,3,92.5,23.3,5,1.06
P-001091,2025-11-01,11,182.6,0.7,2,4,90.6,19.6,3,1.52
P-001091,2025-12-01,12,174.6,9.2,1,5,94.1,19.8,3,1.2
P-001092,2025-01-01,1,170.6,0.0,4,4,96.7,23.7,5,1.15
P-001092,2025-02-01,2,180.5,7.6,2,3,92.0,23.2,4,1.96
P-001092,2025-03-01,3,171.6,8.6,1,4,89.4,15.5,5,1.0
P-001092,2025-04-01,4,240.7,38.7,7,10,61.9,87.2,4,4.42
P-001092,2025-05-01,5,238.1,41.4,7,12,58.4,91.6,4,4.95
P-001092,2025-06-01,6,243.6,47.2,5,12,53.3,88.6,5,4.5
P-001092,2025-07-01,7,242.5,29.0,6,11,65.6,73.5,4,3.98
P-001092,2025-08-01,8,238.6,41.7,4,9,50.8,83.2,4,4.22
P-001092,2025-09-01,9,170.9,0.0,1,4,97.6,11.5,4,1.68
P-001092,2025-10-01,10,171.0,9.0,1,6,91.1,17.9,3,1.33
P-001092,2025-11-01,11,172.4,9.7,3,5,87.6,19.2,4,1.35
P-001092,2025-12-01,12,174.8,8.1,1,3,87.6,20.6,3,1.23
P-001093,2025-01-01,1,174.7,0.0,5,5,88.7,28.8,1,1.67
P-001093,2025-02-01,2,174.1,3.6,1,5,91.5,16.2,1,1.47
P-001093,2025-03-01,3,175.5,12.7,2,4,95.5,16.9,1,1.17
P-001093,2025-04-01,4,171.6,3.9,3,4,99.9,19.4,2,1.32
P-001093,2025-05-01,5,177.6,5.5,1,5,94.3,20.8,2,1.15
P-001093,2025-06-01,6,172.6,0.0,2,5,96.7,14.3,1,1.82
P-001093,2025-07-01,7,173.2,10.4,1,3,97.7,24.8,1,1.79
P-001093,2025-08-01,8,182.9,3.1,4,4,93.5,20.4,3,1.09
P-001093,2025-09-01,9,163.4,9.0,1,7,102.0,14.6,1,1.36
P-001093,2025-10-01,10,180.0,5.8,2,5,99.8,14.5,1,1.33
P-001093,2025-11-01,11,181.4,7.8,1,4,92.5,23.0,1,1.19
P-001093,2025-12-01,12,169.3,6.8,3,4,89.3,24.6,1,1.23
P-001094,2025-01-01,1,171.9,4.1,5,5,95.1,24.6,5,1.45
P-001094,2025-02-01,2,182.6,10.0,1,4,83.8,23.3,4,1.38
P-001094,2025-03-01,3,182.8,11.8,2,4,91.0,23.4,5,1.06
P-001094,2025-04-01,4,244.1,46.5,8,12,63.5,86.1,5,3.87
P-001094,2025-05-01,5,236.2,46.7,8,13,62.7,84.7,4,4.31
P-001094,2025-06-01,6,249.0,46.8,6,10,50.8,83.4,4,3.29
P-001094,2025-07-01,7,240.6,43.5,10,13,56.6,98.0,5,4.84
P-001094,2025-08-01,8,239.8,42.3,5,6,54.9,74.9,5,5.0
P-001094,2025-09-01,9,247.7,48.0,4,10,59.1,88.0,5,4.7
P-001094,2025-10-01,10,241.7,38.5,10,12,54.5,97.1,4,4.56
P-001094,2025-11-01,11,246.7,49.5,3,14,39.7,90.8,5,5.0
P-001094,2025-12-01,12,174.4,1.5,2,6,89.0,21.4,5,1.73
P-001095,2025-01-01,1,182.7,5.6,0,4,92.9,16.1,2,1.08
P-001095,2025-02-01,2,166.7,6.7,2,3,91.1,14.6,1,2.09
P-001095,2025-03-01,3,170.8,4.6,5,4,93.0,23.5,2,1.0
P-001095,2025-04-01,4,185.0,5.5,3,3,89.2,22.5,1,1.42
P-001095,2025-05-01,5,178.9,2.0,3,5,93.6,20.1,2,1.41
P-001095,2025-06-01,6,182.7,0.1,1,7,91.8,16.6,2,1.0
P-001095,2025-07-01,7,177.0,5.4,1,5,94.5,24.3,2,1.26
P-001095,2025-08-01,8,165.1,11.7,2,5,91.3,17.0,2,1.18
P-001095,2025-09-01,9,171.2,0.7,1,4,92.5,7.8,1,1.01
P-001095,2025-10-01,10,180.0,1.1,2,6,90.8,22.1,1,1.66
P-001095,2025-11-01,11,179.7,8.8,3,4,91.7,24.2,2,1.08
P-001095,2025-12-01,12,172.8,5.8,3,3,92.8,16.5,2,1.48
P-001096,2025-01-01,1,178.3,6.3,4,4,99.5,27.3,2,1.73
P-001096,2025-02-01,2,183.8,1.7,1,3,92.2,17.6,1,1.11
P-001096,2025-03-01,3,183.0,8.8,4,4,90.6,28.2,2,1.49
P-001096,2025-04-01,4,227.6,39.4,6,4,57.7,71.4,2,3.44
P-001096,2025-05-01,5,225.9,38.6,6,8,54.2,73.7,3,4.14
P-001096,2025-06-01,6,167.7,2.7,0,6,99.3,13.6,2,1.61
P-001096,2025-07-01,7,176.0,1.3,1,4,92.6,20.2,2,1.58
P-001096,2025-08-01,8,180.5,15.3,3,5,91.1,29.4,1,1.0
P-001096,2025-09-01,9,170.2,10.8,2,3,92.1,21.5,1,1.81
P-001096,2025-10-01,10,183.9,10.1,0,3,94.7,22.6,3,1.29
P-001096,2025-11-01,11,172.8,11.6,2,3,90.6,20.6,2,1.0
P-001096,2025-12-01,12,180.7,6.8,2,4,94.4,25.0,1,1.18
P-001097,2025-01-01,1,171.8,3.4,3,6,90.1,23.2,2,1.29
P-001097,2025-02-01,2,171.4,12.2,0,4,87.5,15.1,2,2.02
P-001097,2025-03-01,3,168.2,5.4,2,5,92.3,24.9,1,1.54
P-001097,2025-04-01,4,216.5,30.6,1,9,59.9,56.7,1,3.12
P-001097,2025-05-01,5,230.0,37.8,6,9,63.0,74.3,2,3.0
P-001097,2025-06-01,6,178.4,4.1,2,6,103.3,22.4,1,1.55
P-001097,2025-07-01,7,186.2,7.6,4,3,98.2,23.7,2,1.19
P-001097,2025-08-01,8,191.8,7.8,2,4,88.7,29.4,2,1.46
P-001097,2025-09-01,9,179.9,9.8,0,4,89.6,19.7,1,1.24
P-001097,2025-10-01,10,180.2,2.3,4,5,90.7,25.3,3,1.42
P-001097,2025-11-01,11,177.7,0.0,0,5,93.1,18.0,2,1.35
P-001097,2025-12-01,12,171.2,0.0,5,3,101.5,24.5,2,1.67
P-001098,2025-01-01,1,174.7,3.4,1,4,85.0,20.2,5,1.0
P-001098,2025-02-01,2,177.7,3.1,1,4,89.5,15.5,5,1.05
P-001098,2025-03-01,3,171.0,5.1,0,4,91.1,19.0,4,1.47
P-001098,2025-04-01,4,243.4,42.9,5,6,57.2,81.7,4,5.0
P-001098,2025-05-01,5,252.8,33.6,8,10,67.4,83.3,5,4.2
P-001098,2025-06-01,6,251.6,41.4,6,12,52.1,87.0,5,4.5
P-001098,2025-07-01,7,233.9,43.4,8,10,49.2,88.4,5,5.0
P-001098,2025-08-01,8,247.8,43.4,8,12,58.4,84.9,5,5.0
P-001098,2025-09-01,9,244.1,33.8,5,11,61.1,80.5,5,4.59
P-001098,2025-10-01,10,235.1,26.1,6,10,60.2,75.8,4,4.2
P-001098,2025-11-01,11,240.5,30.6,5,10,70.9,68.5,4,4.42
P-001098,2025-12-01,12,176.1,15.5,3,3,91.6,23.6,4,1.0
P-001099,2025-01-01,1,182.8,2.7,3,4,99.6,26.1,2,1.19
P-001099,2025-02-01,2,181.9,5.4,1,4,99.5,26.6,2,1.56
P-001099,2025-03-01,3,177.3,2.9,2,4,96.0,21.9,1,1.64
P-001099,2025-04-01,4,171.0,5.1,1,6,87.8,14.7,2,1.0
P-001099,2025-05-01,5,230.1,14.1,4,10,67.0,63.3,3,4.05
P-001099,2025-06-01,6,168.0,15.2,1,4,87.3,24.9,2,2.14
P-001099,2025-07-01,7,184.4,4.6,1,3,95.6,17.4,1,1.58
P-001099,2025-08-01,8,166.7,2.6,1,3,94.6,15.3,2,1.0
P-001099,2025-09-01,9,161.2,0.0,0,4,89.0,13.2,1,1.37
P-001099,2025-10-01,10,177.4,3.2,3,5,96.3,23.4,2,1.68
P-001099,2025-11-01,11,170.4,1.8,1,5,89.9,19.3,1,1.0
P-001099,2025-12-01,12,166.9,15.0,3,4,87.4,26.0,1,1.0
P-001100,2025-01-01,1,172.4,9.9,1,4,92.7,11.7,3,1.49
P-001100,2025-02-01,2,172.1,12.1,1,4,94.2,23.4,4,1.0
P-001100,2025-03-01,3,168.9,6.2,1,4,92.3,18.7,4,1.21
P-001100,2025-04-01,4,239.2,42.4,7,9,59.6,80.1,4,3.5
P-001100,2025-05-01,5,240.0,35.8,1,13,66.1,71.4,4,4.04
P-001100,2025-06-01,6,225.6,37.2,7,12,55.7,74.6,3,4.3
P-001100,2025-07-01,7,241.2,41.8,5,11,56.8,81.8,3,4.0
P-001100,2025-08-01,8,227.0,34.0,4,10,57.0,63.4,3,2.82
P-001100,2025-09-01,9,186.1,9.8,1,5,91.9,29.7,4,1.63
P-001100,2025-10-01,10,174.5,5.5,0,6,90.1,17.9,4,1.75
P-001100,2025-11-01,11,175.7,2.5,3,5,88.6,22.9,4,1.42
P-001100,2025-12-01,12,183.6,8.3,1,3,86.9,24.6,3,1.78
P-001101,2025-01-01,1,172.0,12.3,1,4,90.1,21.4,5,1.36
P-001101,2025-02-01,2,172.2,13.8,1,5,90.7,20.6,5,1.53
P-001101,2025-03-01,3,240.5,25.7,5,9,65.2,73.5,3,2.98
P-001101,2025-04-01,4,241.0,35.4,4,11,58.4,73.4,4,4.14
P-001101,2025-05-01,5,221.2,46.7,9,11,64.2,77.5,4,4.3
P-001101,2025-06-01,6,242.5,51.3,5,9,50.9,83.5,4,4.14
P-001101,2025-07-01,7,238.0,37.3,10,11,66.3,78.1,3,3.21
P-001101,2025-08-01,8,236.6,42.0,1,14,61.4,75.9,4,4.8
P-001101,2025-09-01,9,235.3,34.9,9,11,53.1,85.1,4,3.78
P-001101,2025-10-01,10,178.9,0.0,1,5,92.2,19.3,5,1.74
P-001101,2025-11-01,11,180.4,5.8,1,3,89.8,12.1,4,1.21
P-001101,2025-12-01,12,174.7,3.3,4,5,95.0,18.5,4,1.33
P-001102,2025-01-01,1,176.4,5.0,1,5,97.2,19.8,3,1.35
P-001102,2025-02-01,2,177.1,4.8,3,4,91.4,25.2,5,1.27
P-001102,2025-03-01,3,179.2,0.0,4,4,105.3,25.3,5,2.16
P-001102,2025-04-01,4,235.1,43.9,6,10,63.5,79.3,4,3.67
P-001102,2025-05-01,5,240.5,47.9,6,16,56.3,87.6,5,4.51
P-001102,2025-06-01,6,234.7,30.9,5,10,65.1,73.8,3,3.3
P-001102,2025-07-01,7,244.0,32.7,9,9,59.6,80.5,4,4.1
P-001102,2025-08-01,8,246.0,39.7,6,9,57.8,81.4,4,3.94
P-001102,2025-09-01,9,172.0,7.6,3,5,90.5,20.3,5,1.14
P-001102,2025-10-01,10,176.2,0.0,1,5,95.0,20.2,4,1.62
P-001102,2025-11-01,11,165.7,8.0,0,3,93.8,12.0,4,1.94
P-001102,2025-12-01,12,178.9,1.7,0,4,93.5,15.0,5,1.37
P-001103,2025-01-01,1,166.7,0.0,2,5,95.3,11.5,1,1.57
P-001103,2025-02-01,2,184.4,11.2,1,6,88.1,22.8,1,1.32
P-001103,2025-03-01,3,168.0,0.9,0,3,90.6,12.9,1,1.84
P-001103,2025-04-01,4,174.0,2.9,4,3,93.6,20.8,2,1.31
P-001103,2025-05-01,5,217.3,35.1,6,7,59.9,67.2,2,2.93
P-001103,2025-06-01,6,174.8,2.8,0,6,88.0,19.2,2,1.0
P-001103,2025-07-01,7,171.3,8.6,0,4,96.0,13.7,1,1.11
P-001103,2025-08-01,8,177.5,2.4,1,3,101.0,13.6,2,1.53
P-001103,2025-09-01,9,170.2,2.5,1,3,89.7,12.8,2,1.24
P-001103,2025-10-01,10,176.4,9.6,0,6,89.3,18.3,1,1.55
P-001103,2025-11-01,11,173.8,6.7,4,6,92.2,28.9,2,1.52
P-001103,2025-12-01,12,181.5,10.5,2,3,96.6,22.9,3,1.19
P-001104,2025-01-01,1,189.9,3.6,1,4,96.0,22.7,2,1.39
P-001104,2025-02-01,2,162.9,9.5,1,4,90.5,22.3,1,1.52
P-001104,2025-03-01,3,184.6,4.2,5,5,91.1,31.7,1,1.94
P-001104,2025-04-01,4,209.7,41.8,3,6,56.6,59.1,2,3.27
P-001104,2025-05-01,5,229.7,38.2,5,8,60.4,68.7,2,2.84
P-001104,2025-06-01,6,174.9,0.7,2,4,98.3,13.9,2,1.19
P-001104,2025-07-01,7,174.6,0.3,5,5,99.4,21.0,1,1.0
P-001104,2025-08-01,8,172.3,4.5,1,6,96.6,19.4,2,1.8
P-001104,2025-09-01,9,183.5,8.0,2,5,92.9,24.3,3,1.35
P-001104,2025-10-01,10,166.1,7.8,1,6,95.1,13.5,1,1.14
P-001104,2025-11-01,11,171.8,8.1,0,5,92.1,18.4,1,1.67
P-001104,2025-12-01,12,171.1,7.0,2,5,95.2,20.6,2,1.26
P-001105,2025-01-01,1,175.0,7.9,1,4,83.3,18.0,3,1.0
P-001105,2025-02-01,2,177.5,5.0,0,3,87.6,18.6,5,1.3
P-001105,2025-03-01,3,225.4,41.5,8,9,60.6,83.5,4,4.51
P-001105,2025-04-01,4,240.8,43.5,5,11,57.2,82.9,4,4.73
P-001105,2025-05-01,5,233.2,43.0,7,9,59.5,78.9,4,4.18
P-001105,2025-06-01,6,241.8,55.1,10,15,58.4,98.0,5,4.93
P-001105,2025-07-01,7,240.8,37.5,8,9,65.5,77.3,4,3.24
P-001105,2025-08-01,8,244.5,46.2,4,12,66.9,84.8,4,4.58
P-001105,2025-09-01,9,249.7,39.0,4,15,63.6,79.2,4,3.97
P-001105,2025-10-01,10,170.6,5.0,1,6,88.4,18.7,4,1.43
P-001105,2025-11-01,11,180.0,3.9,0,4,93.0,17.5,4,1.08
P-001105,2025-12-01,12,183.4,9.0,4,5,93.2,29.2,4,1.45
P-001106,2025-01-01,1,174.6,0.2,2,4,94.3,17.7,1,1.57
P-001106,2025-02-01,2,182.9,0.3,4,4,94.7,21.5,2,1.52
P-001106,2025-03-01,3,172.4,8.8,1,5,94.6,17.9,2,1.0
P-001106,2025-04-01,4,176.7,6.4,2,6,98.6,20.9,2,1.02
P-001106,2025-05-01,5,181.3,1.7,2,3,92.4,20.5,1,1.13
P-001106,2025-06-01,6,190.5,8.1,3,3,88.0,26.7,2,1.73
P-001106,2025-07-01,7,186.0,5.2,0,7,97.8,26.2,1,1.41
P-001106,2025-08-01,8,176.8,16.7,1,3,88.2,21.9,2,1.6
P-001106,2025-09-01,9,175.5,5.5,0,5,97.4,20.0,2,1.93
P-001106,2025-10-01,10,187.6,12.5,1,4,96.2,26.6,2,1.54
P-001106,2025-11-01,11,177.3,0.7,4,4,97.8,15.5,2,1.0
P-001106,2025-12-01,12,164.8,5.2,4,5,102.0,19.6,1,1.79
P-001107,2025-01-01,1,177.4,11.3,0,3,85.6,28.2,1,1.07
P-001107,2025-02-01,2,173.3,17.3,1,3,94.1,22.2,1,1.05
P-001107,2025-03-01,3,174.8,9.6,3,4,85.3,27.5,2,1.12
P-001107,2025-04-01,4,237.1,35.8,5,8,55.4,71.5,3,4.18
P-001107,2025-05-01,5,225.3,39.8,5,8,58.9,75.9,3,3.65
P-001107,2025-06-01,6,180.2,5.7,1,3,93.0,13.2,2,1.0
P-001107,2025-07-01,7,175.9,4.4,0,5,95.2,17.7,1,1.53
P-001107,2025-08-01,8,176.3,1.5,3,5,106.7,11.4,2,1.62
P-001107,2025-09-01,9,166.4,6.1,0,6,91.1,19.1,2,1.34
P-001107,2025-10-01,10,182.7,0.7,5,4,96.1,25.2,2,1.31
P-001107,2025-11-01,11,169.2,7.2,4,4,90.8,26.7,3,1.76
P-001107,2025-12-01,12,169.0,8.2,1,5,94.3,19.4,2,1.2
P-001108,2025-01-01,1,174.4,7.0,2,4,90.1,19.7,1,1.11
P-001108,2025-02-01,2,244.2,34.1,6,8,60.2,78.7,4,4.01
P-001108,2025-03-01,3,236.1,30.8,3,12,67.1,69.9,4,3.99
P-001108,2025-04-01,4,248.6,31.6,7,16,64.2,85.9,4,4.08
P-001108,2025-05-01,5,234.5,34.1,8,10,61.5,79.2,4,3.11
P-001108,2025-06-01,6,174.0,0.0,2,5,98.5,15.9,1,1.48
P-001108,2025-07-01,7,164.8,3.4,1,5,92.3,15.6,1,1.54
P-001108,2025-08-01,8,169.2,4.7,2,3,95.6,16.8,1,1.09
P-001108,2025-09-01,9,177.6,0.0,0,4,93.1,18.3,1,1.14
P-001108,2025-10-01,10,174.9,6.3,1,4,91.2,17.6,1,1.41
P-001108,2025-11-01,11,173.6,5.9,2,6,98.5,18.6,1,1.34
P-001108,2025-12-01,12,182.4,6.0,2,5,92.6,21.9,1,1.01
P-001109,2025-01-01,1,172.8,3.5,3,5,93.4,20.9,2,1.23
P-001109,2025-02-01,2,184.4,7.5,0,4,96.3,20.1,2,1.19
P-001109,2025-03-01,3,179.6,6.3,3,4,92.2,26.8,2,1.74
P-001109,2025-04-01,4,203.4,28.0,1,9,58.6,49.0,2,2.54
P-001109,2025-05-01,5,170.6,3.7,0,5,89.1,10.7,2,1.0
P-001109,2025-06-01,6,182.4,2.9,3,5,89.7,23.9,2,1.29
P-001109,2025-07-01,7,184.3,5.9,1,6,92.0,26.0,2,1.41
P-001109,2025-08-01,8,180.0,12.3,2,6,88.6,26.3,1,1.4
P-001109,2025-09-01,9,177.2,8.2,3,5,91.1,26.3,3,1.0
P-001109,2025-10-01,10,181.1,5.6,1,4,92.2,19.4,2,1.47
P-001109,2025-11-01,11,181.5,0.0,3,4,103.7,19.5,1,1.36
P-001109,2025-12-01,12,177.0,10.9,1,7,93.0,21.9,1,1.03
P-001110,2025-01-01,1,181.4,15.1,3,3,93.7,20.6,4,1.21
P-001110,2025-02-01,2,175.7,5.2,4,3,97.9,18.8,3,1.34
P-001110,2025-03-01,3,238.2,48.7,4,5,49.7,70.7,3,3.93
P-001110,2025-04-01,4,236.7,40.4,8,10,67.1,77.2,5,4.55
P-001110,2025-05-01,5,233.2,45.6,7,11,54.3,86.2,4,4.24
P-001110,2025-06-01,6,232.8,40.1,5,8,55.3,76.7,4,4.72
P-001110,2025-07-01,7,250.9,43.7,6,9,49.5,85.3,5,4.34
P-001110,2025-08-01,8,235.6,45.8,5,13,66.4,79.0,4,4.43
P-001110,2025-09-01,9,219.9,36.4,8,11,66.5,74.2,3,4.13
P-001110,2025-10-01,10,181.7,4.3,5,3,97.1,27.3,4,1.76
P-001110,2025-11-01,11,182.6,9.3,0,5,92.6,19.9,3,1.36
P-001110,2025-12-01,12,168.5,11.6,2,4,91.0,20.8,4,1.0
P-001111,2025-01-01,1,176.3,8.8,2,5,86.1,24.8,5,1.11
P-001111,2025-02-01,2,168.4,0.0,5,4,92.0,17.8,4,1.18
P-001111,2025-03-01,3,237.7,40.6,5,10,67.1,78.3,4,4.25
P-001111,2025-04-01,4,231.8,44.5,5,12,53.9,74.4,4,4.45
P-001111,2025-05-01,5,241.5,45.8,9,11,52.0,87.2,4,4.07
P-001111,2025-06-01,6,246.6,48.0,9,10,58.4,90.7,5,4.39
P-001111,2025-07-01,7,244.6,53.0,6,13,61.9,88.7,4,3.36
P-001111,2025-08-01,8,225.6,46.3,1,10,54.3,71.1,4,4.3
P-001111,2025-09-01,9,237.4,41.5,4,9,69.8,69.5,3,3.2
P-001111,2025-10-01,10,173.5,6.3,2,5,89.9,26.5,4,1.63
P-001111,2025-11-01,11,177.1,11.1,2,4,101.8,22.3,4,1.22
P-001111,2025-12-01,12,166.1,11.5,4,4,96.4,25.8,4,1.0
P-001112,2025-01-01,1,172.2,11.9,1,5,97.7,23.7,4,1.51
P-001112,2025-02-01,2,176.3,6.8,0,4,95.1,21.5,5,1.04
P-001112,2025-03-01,3,166.4,8.9,2,6,90.7,20.4,5,1.67
P-001112,2025-04-01,4,239.5,37.0,6,7,63.5,74.7,4,3.71
P-001112,2025-05-01,5,240.3,41.5,5,10,54.0,83.1,5,4.08
P-001112,2025-06-01,6,240.3,53.6,4,12,52.9,84.1,4,3.92
P-001112,2025-07-01,7,242.1,42.2,9,16,53.1,90.3,4,4.39
P-001112,2025-08-01,8,222.4,40.0,5,9,63.1,72.1,4,4.3
P-001112,2025-09-01,9,242.3,45.1,3,15,53.7,81.9,5,4.69
P-001112,2025-10-01,10,241.9,49.6,5,11,46.3,88.8,5,4.82
P-001112,2025-11-01,11,240.1,43.1,9,9,59.3,89.2,5,4.31
P-001112,2025-12-01,12,172.1,6.8,0,5,93.0,13.7,4,1.54
P-001113,2025-01-01,1,179.1,6.3,4,6,90.0,25.2,2,1.43
P-001113,2025-02-01,2,174.4,3.0,3,4,97.4,18.9,2,2.03
P-001113,2025-03-01,3,177.8,4.5,0,3,90.2,18.5,2,1.65
P-001113,2025-04-01,4,186.7,12.9,1,5,88.0,31.4,2,1.88
P-001113,2025-05-01,5,225.3,35.0,3,12,53.0,72.0,2,4.11
P-001113,2025-06-01,6,172.0,8.2,0,4,93.7,16.9,1,1.13
P-001113,2025-07-01,7,172.4,7.2,4,6,95.6,19.8,2,1.0
P-001113,2025-08-01,8,181.7,5.9,3,4,96.5,22.1,1,1.32
P-001113,2025-09-01,9,184.8,9.3,3,5,89.3,35.4,2,1.75
P-001113,2025-10-01,10,185.7,7.0,3,5,90.3,17.7,2,1.18
P-001113,2025-11-01,11,182.4,5.1,2,5,95.0,25.5,1,1.0
P-001113,2025-12-01,12,177.6,9.4,5,5,94.4,26.4,1,1.26
P-001114,2025-01-01,1,159.2,0.0,2,6,102.1,10.5,4,1.69
P-001114,2025-02-01,2,172.9,11.1,0,4,97.4,17.1,4,1.61
P-001114,2025-03-01,3,229.0,26.7,7,9,66.0,73.0,4,4.01
P-001114,2025-04-01,4,236.2,42.0,1,10,54.6,71.5,4,4.06
P-001114,2025-05-01,5,244.4,38.6,3,10,67.9,77.4,4,4.14
P-001114,2025-06-01,6,243.3,32.2,7,10,63.0,77.6,5,3.85
P-001114,2025-07-01,7,247.5,41.7,6,9,57.9,80.8,4,4.33
P-001114,2025-08-01,8,237.4,32.3,4,8,61.6,70.8,4,4.25
P-001114,2025-09-01,9,243.3,38.0,11,12,60.6,90.2,4,4.16
P-001114,2025-10-01,10,176.2,7.2,3,6,86.4,25.5,5,1.31
P-001114,2025-11-01,11,174.6,6.6,1,4,92.1,18.7,4,1.88
P-001114,2025-12-01,12,175.6,3.2,1,5,92.1,13.9,4,1.61
P-001115,2025-01-01,1,180.6,2.2,4,4,97.2,21.8,3,1.44
P-001115,2025-02-01,2,191.2,6.8,2,3,97.6,24.7,2,1.0
P-001115,2025-03-01,3,166.7,4.9,3,5,95.1,15.7,3,1.46
P-001115,2025-04-01,4,165.7,10.3,2,3,86.2,14.6,2,1.09
P-001115,2025-05-01,5,183.7,6.7,1,6,88.5,26.3,3,1.53
P-001115,2025-06-01,6,174.8,9.6,2,4,92.2,26.0,2,1.75
P-001115,2025-07-01,7,170.0,6.7,1,6,101.0,15.9,2,1.65
P-001115,2025-08-01,8,178.3,6.3,3,3,95.9,23.5,2,2.08
P-001115,2025-09-01,9,180.0,6.7,2,4,94.9,24.7,2,1.75
P-001115,2025-10-01,10,191.7,8.4,1,4,84.1,30.1,2,1.75
P-001115,2025-11-01,11,171.8,4.6,2,5,92.0,23.2,1,1.86
P-001115,2025-12-01,12,175.2,0.3,3,3,94.6,20.4,2,1.36
P-001116,2025-01-01,1,169.3,6.3,2,4,99.0,17.5,4,1.65
P-001116,2025-02-01,2,174.3,1.1,3,4,101.7,16.8,4,1.11
P-001116,2025-03-01,3,186.7,7.2,4,4,85.6,30.9,5,1.78
P-001116,2025-04-01,4,241.9,53.3,11,12,58.7,94.9,5,3.36
P-001116,2025-05-01,5,243.5,37.6,7,9,58.7,86.1,4,4.01
P-001116,2025-06-01,6,237.4,43.9,4,7,53.7,78.5,4,4.46
P-001116,2025-07-01,7,243.1,44.2,3,11,53.4,74.6,4,3.9
P-001116,2025-08-01,8,245.4,50.5,3,13,52.5,83.8,5,4.03
P-001116,2025-09-01,9,249.4,45.1,6,11,55.4,83.2,5,3.54
P-001116,2025-10-01,10,239.4,28.6,1,10,64.3,68.7,4,4.46
P-001116,2025-11-01,11,234.9,34.8,8,8,57.9,79.0,4,3.94
P-001116,2025-12-01,12,181.2,7.7,1,4,98.3,15.3,4,1.33
P-001117,2025-01-01,1,170.4,2.9,2,5,95.6,22.5,2,1.31
P-001117,2025-02-01,2,182.7,0.5,0,5,92.7,16.7,2,1.43
P-001117,2025-03-01,3,183.5,14.4,2,3,86.3,28.0,2,1.58
P-001117,2025-04-01,4,167.8,7.7,4,4,94.1,17.1,2,1.58
P-001117,2025-05-01,5,170.0,3.1,0,3,91.6,11.9,1,1.42
P-001117,2025-06-01,6,162.8,4.4,0,3,89.4,5.0,1,1.68
P-001117,2025-07-01,7,179.5,6.1,0,5,93.0,17.4,2,1.41
P-001117,2025-08-01,8,181.6,2.8,3,4,97.9,20.7,2,1.35
P-001117,2025-09-01,9,164.5,5.5,2,6,97.0,11.7,2,1.44
P-001117,2025-10-01,10,173.9,3.0,3,5,94.1,20.1,2,1.0
P-001117,2025-11-01,11,166.3,8.8,2,5,87.7,23.3,3,1.52
P-001117,2025-12-01,12,175.9,7.4,1,5,98.0,19.5,1,1.47
P-001118,2025-01-01,1,175.4,4.8,1,3,94.6,15.7,1,1.47
P-001118,2025-02-01,2,239.4,43.1,7,13,53.4,84.9,4,3.95
P-001118,2025-03-01,3,219.1,50.3,6,9,62.2,70.9,4,3.56
P-001118,2025-04-01,4,252.8,39.0,13,10,62.5,95.2,4,3.54
P-001118,2025-05-01,5,236.9,36.8,9,10,67.4,78.6,4,3.74
P-001118,2025-06-01,6,170.4,9.5,1,5,89.3,14.4,1,1.64
P-001118,2025-07-01,7,172.1,4.8,2,5,92.7,20.7,1,2.03
P-001118,2025-08-01,8,166.3,2.2,1,6,97.5,9.9,1,1.56
P-001118,2025-09-01,9,165.8,3.5,3,5,99.8,18.0,1,1.3
P-001118,2025-10-01,10,173.7,4.7,2,6,89.0,24.3,1,1.79
P-001118,2025-11-01,11,188.1,14.8,3,5,88.5,32.9,1,1.63
P-001118,2025-12-01,12,180.2,8.9,5,3,88.7,27.0,1,1.0
P-001119,2025-01-01,1,176.1,6.3,1,4,94.4,13.5,5,1.26
P-001119,2025-02-01,2,172.0,9.1,5,4,90.3,26.4,3,1.82
P-001119,2025-03-01,3,177.6,0.2,2,5,100.5,17.1,5,1.0
P-001119,2025-04-01,4,240.0,41.1,5,10,54.9,80.3,4,3.93
P-001119,2025-05-01,5,236.2,29.0,5,11,65.5,73.5,3,3.57
P-001119,2025-06-01,6,241.1,32.8,5,6,66.5,72.0,3,4.26
P-001119,2025-07-01,7,233.0,35.8,3,13,52.3,73.7,3,3.32
P-001119,2025-08-01,8,240.1,34.4,3,12,59.2,69.4,4,3.92
P-001119,2025-09-01,9,182.5,0.1,1,4,100.5,20.0,4,1.64
P-001119,2025-10-01,10,163.1,5.2,1,3,90.9,15.0,5,1.25
P-001119,2025-11-01,11,157.9,3.5,2,5,92.3,18.1,4,1.34
P-001119,2025-12-01,12,168.1,6.0,1,5,99.4,9.5,3,1.32
P-001120,2025-01-01,1,173.9,0.0,4,4,92.0,17.0,2,1.12
P-001120,2025-02-01,2,172.6,3.7,1,4,95.3,15.2,2,1.34
P-001120,2025-03-01,3,181.5,8.6,4,4,92.0,31.7,3,1.03
P-001120,2025-04-01,4,214.2,34.6,1,10,57.6,62.4,1,3.2
P-001120,2025-05-01,5,166.0,6.6,2,5,83.8,13.8,1,1.36
P-001120,2025-06-01,6,173.4,6.3,3,5,88.8,21.8,1,1.59
P-001120,2025-07-01,7,172.6,7.2,5,5,86.6,29.3,1,1.49
P-001120,2025-08-01,8,178.3,1.2,0,5,95.0,15.9,2,1.4
P-001120,2025-09-01,9,180.3,6.2,1,6,92.8,22.8,1,1.45
P-001120,2025-10-01,10,167.3,9.0,2,6,86.7,17.7,1,1.64
P-001120,2025-11-01,11,180.6,5.9,2,4,92.6,16.2,1,1.53
P-001120,2025-12-01,12,175.4,7.8,2,4,92.3,22.5,2,1.0
P-001121,2025-01-01,1,158.0,0.4,2,6,91.6,12.5,3,1.45
P-001121,2025-02-01,2,166.1,2.6,1,5,93.5,19.9,2,1.96
P-001121,2025-03-01,3,173.8,4.9,2,3,95.8,14.7,2,1.0
P-001121,2025-04-01,4,229.0,32.5,4,6,77.4,57.3,2,3.13
P-001121,2025-05-01,5,175.0,9.0,2,5,90.4,25.5,3,1.67
P-001121,2025-06-01,6,172.6,4.7,1,4,87.3,18.0,3,1.64
P-001121,2025-07-01,7,179.5,2.9,3,4,97.4,18.8,1,1.0
P-001121,2025-08-01,8,177.1,2.2,1,4,103.3,19.3,1,1.6
P-001121,2025-09-01,9,174.2,14.9,0,5,94.8,29.0,3,1.23
P-001121,2025-10-01,10,173.5,4.1,1,4,94.9,14.6,2,1.01
P-001121,2025-11-01,11,167.0,2.8,0,4,87.9,12.7,2,1.68
P-001121,2025-12-01,12,165.9,2.8,1,5,97.5,13.9,3,1.63
P-001122,2025-01-01,1,174.2,6.7,2,3,97.3,20.1,4,1.56
P-001122,2025-02-01,2,176.7,4.1,1,4,93.6,13.6,4,1.0
P-001122,2025-03-01,3,176.0,0.9,5,5,93.7,25.9,4,1.0
P-001122,2025-04-01,4,250.1,41.2,7,10,51.8,84.2,4,3.17
P-001122,2025-05-01,5,224.7,30.3,4,7,68.0,60.6,3,2.79
P-001122,2025-06-01,6,241.0,38.9,8,8,64.4,79.7,4,3.85
P-001122,2025-07-01,7,230.6,39.1,7,9,49.7,77.7,4,3.73
P-001122,2025-08-01,8,229.4,34.0,4,10,66.5,64.6,3,3.37
P-001122,2025-09-01,9,173.9,7.5,1,5,86.0,18.3,3,1.0
P-001122,2025-10-01,10,185.0,0.0,3,4,96.3,16.9,3,1.12
P-001122,2025-11-01,11,171.7,10.0,3,5,92.0,22.2,5,1.21
P-001122,2025-12-01,12,186.3,0.0,3,4,104.5,16.6,4,1.52
P-001123,2025-01-01,1,171.7,1.9,2,5,97.8,16.7,4,1.33
P-001123,2025-02-01,2,172.3,2.8,4,5,94.0,20.4,4,1.44
P-001123,2025-03-01,3,181.7,5.7,0,5,95.2,19.3,5,1.05
P-001123,2025-04-01,4,256.1,45.2,7,14,51.0,97.1,5,4.89
P-001123,2025-05-01,5,239.1,55.0,7,12,57.7,93.1,4,4.61
P-001123,2025-06-01,6,242.4,33.3,8,11,49.8,83.9,4,4.25
P-001123,2025-07-01,7,235.2,47.1,4,11,56.9,86.1,4,4.18
P-001123,2025-08-01,8,249.2,45.9,14,13,60.2,98.0,5,4.39
P-001123,2025-09-01,9,247.2,29.8,11,13,74.8,84.6,5,5.0
P-001123,2025-10-01,10,248.0,38.1,7,12,61.2,88.0,5,4.25
P-001123,2025-11-01,11,245.8,49.6,5,14,63.2,86.0,5,4.37
P-001123,2025-12-01,12,179.0,5.2,2,4,86.9,22.8,5,1.44
P-001124,2025-01-01,1,179.4,8.2,1,3,100.2,18.3,2,1.28
P-001124,2025-02-01,2,167.8,4.1,1,3,90.7,15.2,1,1.21
P-001124,2025-03-01,3,177.2,8.8,1,5,95.4,20.9,1,1.62
P-001124,2025-04-01,4,176.6,6.0,2,4,96.0,18.3,2,1.04
P-001124,2025-05-01,5,241.9,35.2,5,13,64.8,76.9,3,3.78
P-001124,2025-06-01,6,174.3,4.8,2,5,87.9,22.4,2,1.35
P-001124,2025-07-01,7,173.2,4.2,0,6,91.3,14.3,1,1.95
P-001124,2025-08-01,8,168.2,6.2,0,5,93.4,13.8,1,1.34
P-001124,2025-09-01,9,181.6,5.5,2,4,98.8,23.5,1,1.65
P-001124,2025-10-01,10,171.1,2.4,2,3,98.8,13.2,1,1.0
P-001124,2025-11-01,11,180.5,3.8,1,6,92.5,16.9,2,1.32
P-001124,2025-12-01,12,178.6,6.7,3,4,88.2,28.4,3,1.84
P-001125,2025-01-01,1,181.2,0.0,1,5,91.2,23.0,2,1.21
P-001125,2025-02-01,2,187.4,10.8,1,4,88.9,15.1,1,1.33
P-001125,2025-03-01,3,176.7,2.2,3,3,84.3,18.3,1,1.0
P-001125,2025-04-01,4,193.6,9.5,2,3,91.4,29.5,2,1.23
P-001125,2025-05-01,5,175.4,8.2,4,3,101.1,21.2,2,1.36
P-001125,2025-06-01,6,170.6,4.2,2,4,96.6,15.8,2,1.75
P-001125,2025-07-01,7,179.4,3.7,0,4,97.1,15.5,1,1.0
P-001125,2025-08-01,8,179.7,11.4,0,4,88.2,24.0,2,1.56
P-001125,2025-09-01,9,181.2,8.4,4,6,89.1,23.4,1,1.34
P-001125,2025-10-01,10,177.3,7.0,0,5,93.1,21.0,1,1.79
P-001125,2025-11-01,11,177.5,0.0,3,3,98.4,23.4,2,1.62
P-001125,2025-12-01,12,171.0,6.5,2,4,86.1,20.2,1,1.0
P-001126,2025-01-01,1,170.3,0.0,1,4,90.4,15.0,1,1.75
P-001126,2025-02-01,2,180.7,11.3,2,5,89.9,26.2,2,1.6
P-001126,2025-03-01,3,187.1,0.6,3,5,88.7,18.2,2,1.03
P-001126,2025-04-01,4,213.7,39.3,1,8,56.5,58.2,1,2.7
P-001126,2025-05-01,5,176.0,0.8,1,4,96.9,13.2,1,1.89
P-001126,2025-06-01,6,173.6,11.7,0,6,93.3,23.0,3,1.42
P-001126,2025-07-01,7,170.7,6.0,2,4,98.1,13.6,2,1.0
P-001126,2025-08-01,8,173.3,8.1,1,5,97.0,21.5,3,1.6
P-001126,2025-09-01,9,170.8,8.2,1,5,93.2,18.9,1,1.48
P-001126,2025-10-01,10,173.5,4.1,0,3,89.7,15.9,1,1.21
P-001126,2025-11-01,11,177.9,7.6,5,5,89.6,26.2,1,1.62
P-001126,2025-12-01,12,172.6,5.7,3,5,95.1,22.7,2,1.07
P-001127,2025-01-01,1,174.7,9.4,1,3,87.1,17.6,1,1.17
P-001127,2025-02-01,2,170.1,3.3,5,3,91.6,19.0,2,1.25
P-001127,2025-03-01,3,180.6,15.8,1,5,90.4,26.1,3,1.3
P-001127,2025-04-01,4,175.6,8.7,0,4,92.6,14.0,1,1.7
P-001127,2025-05-01,5,176.6,2.9,2,4,95.3,18.2,2,1.36
P-001127,2025-06-01,6,171.4,11.1,3,4,93.1,16.0,2,1.0
P-001127,2025-07-01,7,183.4,5.2,1,4,87.0,18.7,1,1.37
P-001127,2025-08-01,8,178.0,4.6,2,4,95.2,19.0,2,1.0
P-001127,2025-09-01,9,174.9,4.5,1,6,88.8,19.7,1,1.86
P-001127,2025-10-01,10,177.3,9.2,5,3,94.9,25.4,1,1.17
P-001127,2025-11-01,11,179.4,2.8,2,6,88.4,23.2,2,1.83
P-001127,2025-12-01,12,170.6,6.7,1,5,87.3,17.6,2,1.53
P-001128,2025-01-01,1,172.9,10.9,2,5,91.2,18.8,1,1.3
P-001128,2025-02-01,2,173.7,3.2,0,5,98.0,14.9,2,1.18
P-001128,2025-03-01,3,172.8,11.0,1,4,97.9,17.8,3,1.31
P-001128,2025-04-01,4,185.7,12.9,2,4,87.5,32.8,1,1.16
P-001128,2025-05-01,5,233.4,26.7,8,4,66.8,67.5,2,3.53
P-001128,2025-06-01,6,188.1,6.7,2,5,99.9,19.9,2,1.0
P-001128,2025-07-01,7,175.9,8.0,1,4,101.1,19.8,2,1.74
P-001128,2025-08-01,8,172.6,9.6,3,6,94.7,21.0,2,1.72
P-001128,2025-09-01,9,175.0,8.1,0,5,95.4,20.2,1,1.93
P-001128,2025-10-01,10,168.4,2.8,5,3,99.4,16.9,2,1.7
P-001128,2025-11-01,11,176.6,5.7,1,5,86.7,18.9,3,1.66
P-001128,2025-12-01,12,179.5,9.2,3,3,95.3,22.4,2,2.07
P-001129,2025-01-01,1,168.0,9.9,5,5,98.9,25.2,3,1.79
P-001129,2025-02-01,2,163.2,13.5,5,5,91.4,22.5,4,1.09
P-001129,2025-03-01,3,239.1,36.0,6,12,60.5,80.6,4,2.85
P-001129,2025-04-01,4,236.5,30.2,3,12,67.3,70.3,4,4.45
P-001129,2025-05-01,5,250.0,37.4,3,10,53.9,72.6,4,3.34
P-001129,2025-06-01,6,248.0,25.1,4,9,60.2,75.0,4,4.44
P-001129,2025-07-01,7,229.7,30.5,14,11,69.5,85.7,4,4.43
P-001129,2025-08-01,8,229.5,41.1,6,10,60.1,69.2,3,3.25
P-001129,2025-09-01,9,240.5,35.7,11,9,61.1,86.0,4,4.44
P-001129,2025-10-01,10,172.9,5.1,3,7,88.5,27.2,4,1.3
P-001129,2025-11-01,11,177.4,7.5,0,3,88.9,17.4,3,2.13
P-001129,2025-12-01,12,171.6,2.4,2,6,94.9,23.0,4,1.76
P-001130,2025-01-01,1,183.9,7.0,1,3,93.7,16.3,1,1.0
P-001130,2025-02-01,2,245.5,40.3,10,9,67.3,94.5,4,4.31
P-001130,2025-03-01,3,239.3,28.5,6,12,68.3,73.0,4,4.53
P-001130,2025-04-01,4,233.2,45.7,5,8,57.5,81.2,4,4.0
P-001130,2025-05-01,5,240.3,36.1,4,10,61.0,73.6,4,4.09
P-001130,2025-06-01,6,182.1,6.1,3,4,92.6,20.3,1,1.01
P-001130,2025-07-01,7,173.7,4.4,2,3,95.0,19.4,1,1.67
P-001130,2025-08-01,8,175.8,5.7,5,5,99.4,23.6,1,1.27
P-001130,2025-09-01,9,173.6,0.0,0,5,85.3,13.2,1,1.36
P-001130,2025-10-01,10,169.9,8.7,2,3,101.4,18.5,1,1.33
P-001130,2025-11-01,11,188.9,9.5,0,6,88.7,23.4,1,1.94
P-001130,2025-12-01,12,176.2,2.5,5,6,83.7,25.7,1,1.48
P-001131,2025-01-01,1,179.2,4.6,2,5,92.7,22.6,1,1.55
P-001131,2025-02-01,2,170.7,9.5,2,5,94.3,21.1,1,1.57
P-001131,2025-03-01,3,168.0,3.8,1,3,95.7,12.5,2,1.22
P-001131,2025-04-01,4,174.6,10.1,5,3,87.8,26.9,2,1.38
P-001131,2025-05-01,5,180.6,13.4,3,3,91.1,26.4,2,1.45
P-001131,2025-06-01,6,179.9,0.7,4,4,97.9,21.9,1,1.0
P-001131,2025-07-01,7,179.1,2.7,1,6,90.3,18.2,2,1.08
P-001131,2025-08-01,8,172.5,13.4,2,5,93.3,21.2,1,1.25
P-001131,2025-09-01,9,178.1,11.9,2,4,84.5,28.9,3,1.29
P-001131,2025-10-01,10,175.9,0.0,1,4,98.2,17.2,1,1.0
P-001131,2025-11-01,11,167.4,7.7,1,3,89.4,12.3,2,1.0
P-001131,2025-12-01,12,171.8,2.6,1,5,99.0,14.7,1,1.45
P-001132,2025-01-01,1,181.2,10.9,3,4,94.4,23.9,3,1.21
P-001132,2025-02-01,2,172.1,11.7,1,5,89.1,17.8,4,1.31
P-001132,2025-03-01,3,169.1,10.6,1,5,81.8,15.4,4,1.65
P-001132,2025-04-01,4,227.3,50.8,6,14,61.1,83.9,4,3.98
P-001132,2025-05-01,5,248.4,43.3,7,12,60.4,93.0,4,4.68
P-001132,2025-06-01,6,238.2,33.7,6,9,62.5,74.1,3,3.27
P-001132,2025-07-01,7,234.0,39.6,7,11,56.2,82.6,3,4.4
P-001132,2025-08-01,8,251.2,39.3,3,11,64.2,80.3,4,4.72
P-001132,2025-09-01,9,177.6,12.8,4,5,96.0,25.6,4,1.93
P-001132,2025-10-01,10,176.6,15.1,1,3,94.6,20.8,4,1.45
P-001132,2025-11-01,11,176.5,12.5,4,3,82.8,27.6,3,1.0
P-001132,2025-12-01,12,179.6,2.9,1,6,96.7,14.2,3,1.45
P-001133,2025-01-01,1,169.6,8.6,2,3,90.6,15.9,3,1.43
P-001133,2025-02-01,2,176.5,6.0,0,3,95.6,22.5,3,1.92
P-001133,2025-03-01,3,168.9,5.3,5,3,98.6,22.9,1,1.19
P-001133,2025-04-01,4,214.5,24.7,1,7,71.5,54.1,1,2.85
P-001133,2025-05-01,5,222.6,41.7,5,8,54.5,70.3,2,3.26
P-001133,2025-06-01,6,173.9,5.4,2,4,95.1,20.2,1,1.59
P-001133,2025-07-01,7,172.2,10.4,2,6,85.2,24.6,3,1.0
P-001133,2025-08-01,8,172.3,5.3,4,5,97.8,24.6,2,1.64
P-001133,2025-09-01,9,183.3,1.3,3,3,94.4,22.2,2,1.56
P-001133,2025-10-01,10,182.2,14.2,2,5,95.3,29.5,2,1.27
P-001133,2025-11-01,11,184.6,12.7,3,5,84.7,26.2,1,1.41
P-001133,2025-12-01,12,169.5,4.8,2,5,95.0,12.9,2,1.1
P-001134,2025-01-01,1,183.5,12.1,1,4,84.5,26.3,4,1.03
P-001134,2025-02-01,2,173.1,1.0,1,6,102.8,18.2,4,2.15
P-001134,2025-03-01,3,172.2,3.8,4,6,97.3,18.2,3,1.43
P-001134,2025-04-01,4,238.9,42.0,8,10,49.8,90.8,4,4.27
P-001134,2025-05-01,5,230.7,40.7,7,10,57.1,76.1,4,4.29
P-001134,2025-06-01,6,239.2,41.2,5,13,56.8,80.6,3,3.23
P-001134,2025-07-01,7,242.3,39.5,9,12,56.2,82.8,4,3.25
P-001134,2025-08-01,8,233.8,35.4,6,13,58.2,72.4,4,3.52
P-001134,2025-09-01,9,174.1,11.8,2,4,97.2,17.6,4,1.0
P-001134,2025-10-01,10,181.3,12.8,2,4,92.1,20.9,3,1.34
P-001134,2025-11-01,11,177.0,12.2,2,5,93.1,23.6,3,1.7
P-001134,2025-12-01,12,177.9,5.2,2,5,95.3,23.1,3,1.0
P-001135,2025-01-01,1,177.8,11.0,2,4,98.0,20.1,1,1.51
P-001135,2025-02-01,2,173.3,4.5,0,3,93.0,20.8,2,1.05
P-001135,2025-03-01,3,179.4,5.3,0,7,92.9,24.1,1,1.0
P-001135,2025-04-01,4,191.9,12.0,3,3,80.7,29.3,2,1.55
P-001135,2025-05-01,5,218.1,40.4,3,8,59.4,60.2,1,2.55
P-001135,2025-06-01,6,177.9,0.0,2,4,100.7,13.9,2,1.53
P-001135,2025-07-01,7,171.0,10.4,0,4,93.6,20.5,1,1.41
P-001135,2025-08-01,8,181.2,7.1,2,4,92.6,23.4,2,1.68
P-001135,2025-09-01,9,178.0,8.5,3,3,89.2,30.6,2,1.95
P-001135,2025-10-01,10,176.8,3.6,2,5,92.3,18.0,2,1.72
P-001135,2025-11-01,11,174.6,1.3,0,4,97.9,16.1,2,1.47
P-001135,2025-12-01,12,174.5,2.8,2,5,95.7,17.0,1,1.69
P-001136,2025-01-01,1,175.5,3.4,2,5,89.2,22.5,3,1.98
P-001136,2025-02-01,2,183.7,6.4,1,3,99.8,15.7,2,1.42
P-001136,2025-03-01,3,173.4,0.0,2,4,92.9,16.6,1,1.83
P-001136,2025-04-01,4,177.5,9.2,1,4,95.3,24.1,1,1.28
P-001136,2025-05-01,5,164.0,6.6,2,5,86.9,16.5,1,1.91
P-001136,2025-06-01,6,180.7,10.9,2,4,90.2,25.9,1,1.65
P-001136,2025-07-01,7,176.5,9.9,0,4,90.8,17.7,2,1.38
P-001136,2025-08-01,8,170.0,11.6,3,4,83.3,26.0,2,2.25
P-001136,2025-09-01,9,181.4,6.7,4,5,96.9,26.8,2,1.0
P-001136,2025-10-01,10,183.0,7.7,2,5,99.6,30.4,1,1.36
P-001136,2025-11-01,11,180.0,10.9,3,5,90.3,28.5,2,1.0
P-001136,2025-12-01,12,174.4,0.0,2,4,94.2,19.2,1,1.31
P-001137,2025-01-01,1,176.9,7.4,3,5,95.0,16.6,2,1.27
P-001137,2025-02-01,2,171.0,8.9,1,5,89.4,22.7,2,1.78
P-001137,2025-03-01,3,171.9,15.7,2,3,88.6,24.4,2,1.02
P-001137,2025-04-01,4,217.7,24.8,3,8,64.9,56.8,1,2.83
P-001137,2025-05-01,5,175.4,12.6,0,5,90.2,23.9,1,1.99
P-001137,2025-06-01,6,188.2,8.4,4,5,95.5,26.7,2,1.27
P-001137,2025-07-01,7,171.0,10.9,0,4,86.1,19.6,1,1.51
P-001137,2025-08-01,8,177.8,6.6,1,5,91.3,19.1,2,1.54
P-001137,2025-09-01,9,165.0,5.7,2,3,99.0,13.6,3,1.22
P-001137,2025-10-01,10,172.0,6.2,1,4,90.7,20.6,1,1.59
P-001137,2025-11-01,11,174.2,2.0,1,4,95.9,23.0,1,1.37
P-001137,2025-12-01,12,173.7,3.1,2,4,93.7,24.4,2,1.35
P-001138,2025-01-01,1,173.9,3.8,3,4,94.0,14.7,2,1.27
P-001138,2025-02-01,2,165.6,7.6,1,5,94.2,21.3,1,2.01
P-001138,2025-03-01,3,179.9,7.4,2,3,96.6,18.2,2,1.54
P-001138,2025-04-01,4,164.0,4.5,2,5,90.4,17.7,2,1.74
P-001138,2025-05-01,5,208.0,36.6,2,8,62.6,58.7,1,2.77
P-001138,2025-06-01,6,182.8,4.4,2,6,100.0,27.1,1,1.68
P-001138,2025-07-01,7,171.6,3.9,1,4,90.6,17.4,2,1.12
P-001138,2025-08-01,8,170.9,4.2,3,5,97.1,21.3,1,1.6
P-001138,2025-09-01,9,180.1,5.1,4,5,98.0,29.5,2,1.54
P-001138,2025-10-01,10,171.8,11.7,2,4,88.9,25.5,1,1.22
P-001138,2025-11-01,11,175.6,0.0,2,7,88.7,16.3,2,1.07
P-001138,2025-12-01,12,189.9,0.0,1,6,92.4,24.7,1,1.21
P-001139,2025-01-01,1,172.7,14.1,1,6,80.9,27.7,2,1.72
P-001139,2025-02-01,2,180.3,14.1,1,4,90.8,24.4,1,1.72
P-001139,2025-03-01,3,173.2,6.3,0,3,92.5,9.8,2,1.04
P-001139,2025-04-01,4,170.3,8.1,5,4,100.3,18.3,1,1.24
P-001139,2025-05-01,5,219.7,29.5,6,8,60.1,70.9,2,3.28
P-001139,2025-06-01,6,174.4,10.4,2,3,86.9,22.8,2,1.87
P-001139,2025-07-01,7,183.1,5.3,2,4,95.8,26.8,3,1.13
P-001139,2025-08-01,8,177.7,3.4,0,5,93.0,10.2,3,2.08
P-001139,2025-09-01,9,178.4,11.7,3,6,92.5,20.8,3,1.21
P-001139,2025-10-01,10,178.3,16.7,2,4,96.6,27.8,1,1.69
P-001139,2025-11-01,11,166.5,9.8,4,4,96.5,21.2,1,1.54
P-001139,2025-12-01,12,181.6,6.7,3,4,89.2,24.3,2,1.37
P-001140,2025-01-01,1,189.4,2.6,0,5,92.7,21.9,1,1.32
P-001140,2025-02-01,2,225.4,55.1,8,6,46.8,89.0,4,4.41
P-001140,2025-03-01,3,236.3,37.6,7,10,57.9,71.1,4,3.65
P-001140,2025-04-01,4,240.4,35.9,5,11,63.3,80.7,4,4.47
P-001140,2025-05-01,5,233.8,43.5,5,11,60.3,76.1,4,3.31
P-001140,2025-06-01,6,173.4,5.4,2,4,87.0,20.2,1,1.25
P-001140,2025-07-01,7,182.2,0.0,0,5,95.6,20.4,1,1.38
P-001140,2025-08-01,8,178.0,0.0,3,6,100.6,25.2,1,1.23
P-001140,2025-09-01,9,188.4,9.2,1,3,89.5,14.6,1,1.0
P-001140,2025-10-01,10,177.9,6.2,2,3,93.7,19.7,1,1.38
P-001140,2025-11-01,11,173.0,7.1,3,5,83.2,20.2,1,1.12
P-001140,2025-12-01,12,175.4,4.8,2,4,100.6,20.8,1,1.98
P-001141,2025-01-01,1,172.8,15.0,0,5,86.0,23.0,1,1.6
P-001141,2025-02-01,2,163.7,4.8,4,3,97.5,19.4,2,1.5
P-001141,2025-03-01,3,174.3,0.0,1,3,91.7,8.6,2,1.72
P-001141,2025-04-01,4,181.8,4.8,1,4,92.0,20.8,2,1.49
P-001141,2025-05-01,5,174.6,6.7,0,4,91.1,9.7,1,1.44
P-001141,2025-06-01,6,170.1,0.3,3,5,95.8,11.7,1,1.47
P-001141,2025-07-01,7,168.2,3.4,1,6,91.7,17.2,2,1.48
P-001141,2025-08-01,8,174.8,1.3,2,5,93.3,22.0,1,1.84
P-001141,2025-09-01,9,170.7,0.0,1,6,100.4,10.6,2,1.46
P-001141,2025-10-01,10,184.4,11.7,3,4,93.2,32.2,2,1.59
P-001141,2025-11-01,11,179.6,3.8,2,4,95.3,17.0,1,1.44
P-001141,2025-12-01,12,178.1,5.6,2,6,100.5,23.2,2,1.29
P-001142,2025-01-01,1,175.4,4.1,2,4,95.9,13.1,1,1.16
P-001142,2025-02-01,2,179.1,10.6,1,3,90.1,16.2,2,1.62
P-001142,2025-03-01,3,178.4,9.3,2,6,92.0,19.6,1,1.38
P-001142,2025-04-01,4,174.5,10.7,1,6,97.6,22.8,2,1.0
P-001142,2025-05-01,5,222.7,38.5,4,10,57.7,66.5,2,3.24
P-001142,2025-06-01,6,178.5,6.5,2,5,93.2,23.4,2,1.4
P-001142,2025-07-01,7,177.5,5.1,2,6,92.5,18.2,2,1.0
P-001142,2025-08-01,8,178.5,5.2,4,5,91.3,27.3,2,1.68
P-001142,2025-09-01,9,175.3,5.8,1,3,96.2,18.1,2,1.04
P-001142,2025-10-01,10,174.4,8.3,0,5,90.1,20.0,2,1.0
P-001142,2025-11-01,11,167.3,6.5,2,4,93.8,16.8,2,1.49
P-001142,2025-12-01,12,181.0,7.7,5,4,88.0,30.3,1,1.0
P-001143,2025-01-01,1,175.0,8.6,2,5,97.1,14.0,2,1.0
P-001143,2025-02-01,2,178.4,10.4,3,5,95.3,26.6,2,1.25
P-001143,2025-03-01,3,170.0,15.0,2,5,92.6,24.5,2,1.23
P-001143,2025-04-01,4,168.5,9.6,3,3,97.3,20.5,2,1.02
P-001143,2025-05-01,5,188.7,8.2,4,5,95.7,29.1,2,2.27
P-001143,2025-06-01,6,246.8,33.1,4,13,66.9,75.2,4,4.39
P-001143,2025-07-01,7,237.6,42.6,3,9,59.8,71.0,4,3.97
P-001143,2025-08-01,8,187.7,7.8,0,3,88.4,16.5,2,1.27
P-001143,2025-09-01,9,179.8,0.0,2,3,99.0,18.9,2,1.15
P-001143,2025-10-01,10,180.1,10.7,5,6,93.2,33.3,2,1.72
P-001143,2025-11-01,11,178.1,11.3,1,3,91.1,25.4,2,1.7
P-001143,2025-12-01,12,175.7,6.1,3,4,85.4,25.8,2,1.0
P-001144,2025-01-01,1,179.5,3.9,0,5,98.6,17.6,1,1.57
P-001144,2025-02-01,2,237.6,25.9,9,8,58.3,78.4,4,5.0
P-001144,2025-03-01,3,237.8,44.8,3,10,52.8,73.3,4,4.46
P-001144,2025-04-01,4,230.0,27.6,7,11,74.9,75.9,4,4.4
P-001144,2025-05-01,5,244.3,36.8,4,8,47.9,74.0,4,3.98
P-001144,2025-06-01,6,174.0,9.9,2,6,97.6,30.1,1,1.7
P-001144,2025-07-01,7,184.8,3.5,3,5,92.1,31.9,1,1.0
P-001144,2025-08-01,8,173.5,5.9,1,6,97.2,20.8,1,1.9
P-001144,2025-09-01,9,181.4,7.8,1,4,95.9,22.8,1,1.3
P-001144,2025-10-01,10,178.9,3.1,1,5,86.4,25.5,1,1.33
P-001144,2025-11-01,11,172.2,10.2,1,3,87.8,19.3,1,1.76
P-001144,2025-12-01,12,171.4,6.7,2,6,90.0,22.5,1,1.63
P-001145,2025-01-01,1,180.1,3.4,0,4,95.0,16.0,2,1.19
P-001145,2025-02-01,2,168.4,6.1,3,6,97.2,24.5,3,1.71
P-001145,2025-03-01,3,180.3,6.6,4,6,91.5,31.6,2,1.31
P-001145,2025-04-01,4,173.2,9.8,4,4,98.1,26.4,2,1.41
P-001145,2025-05-01,5,181.4,5.3,0,6,91.9,26.2,2,1.61
P-001145,2025-06-01,6,175.2,17.2,0,4,93.9,23.6,2,1.11
P-001145,2025-07-01,7,178.3,6.7,3,5,93.7,21.0,2,1.42
P-001145,2025-08-01,8,177.0,10.1,3,3,98.4,20.8,2,1.09
P-001145,2025-09-01,9,177.4,6.2,1,4,99.1,17.5,1,1.63
P-001145,2025-10-01,10,176.7,6.9,1,5,97.9,22.4,2,1.17
P-001145,2025-11-01,11,177.7,8.6,4,6,92.6,22.4,1,1.17
P-001145,2025-12-01,12,178.7,4.3,3,4,99.7,20.7,1,1.0
P-001146,2025-01-01,1,183.7,5.1,4,6,98.7,25.7,3,1.0
P-001146,2025-02-01,2,173.5,18.8,1,5,89.4,24.9,2,1.8
P-001146,2025-03-01,3,168.8,1.0,5,3,97.6,17.8,2,1.47
P-001146,2025-04-01,4,163.0,5.8,2,5,99.3,15.6,2,1.53
P-001146,2025-05-01,5,176.9,0.0,1,5,88.2,17.2,2,1.19
P-001146,2025-06-01,6,173.8,8.5,2,3,90.1,19.6,2,1.46
P-001146,2025-07-01,7,176.6,0.0,4,3,101.4,20.7,2,1.67
P-001146,2025-08-01,8,170.9,8.3,1,5,92.0,11.9,2,1.38
P-001146,2025-09-01,9,179.7,12.1,0,5,98.2,18.6,2,1.0
P-001146,2025-10-01,10,171.2,8.2,1,5,93.4,15.3,1,1.39
P-001146,2025-11-01,11,175.5,3.7,2,3,93.7,20.2,2,1.01
P-001146,2025-12-01,12,180.0,11.1,1,4,100.7,20.1,2,1.28
P-001147,2025-01-01,1,180.0,4.7,5,5,90.4,31.6,4,1.39
P-001147,2025-02-01,2,164.4,0.0,0,3,88.0,5.0,5,1.25
P-001147,2025-03-01,3,172.3,6.7,1,4,98.8,18.1,5,1.34
P-001147,2025-04-01,4,243.5,36.2,11,8,62.2,84.6,4,3.85
P-001147,2025-05-01,5,253.0,48.0,9,14,53.0,93.7,5,4.51
P-001147,2025-06-01,6,250.0,34.9,6,14,64.0,80.2,4,4.0
P-001147,2025-07-01,7,234.5,30.1,3,14,63.2,68.1,4,3.94
P-001147,2025-08-01,8,247.6,40.8,12,13,57.5,91.0,5,4.54
P-001147,2025-09-01,9,240.2,48.1,5,12,47.8,88.2,4,3.73
P-001147,2025-10-01,10,240.3,38.4,6,14,62.2,82.8,5,4.74
P-001147,2025-11-01,11,229.5,41.9,10,9,61.8,81.3,4,3.58
P-001147,2025-12-01,12,180.0,5.9,1,5,87.4,20.2,5,1.59
P-001148,2025-01-01,1,174.1,8.8,1,5,91.6,20.1,2,1.31
P-001148,2025-02-01,2,172.9,3.3,2,4,94.4,19.8,2,1.53
P-001148,2025-03-01,3,176.2,4.9,3,3,97.6,22.2,2,1.14
P-001148,2025-04-01,4,181.0,7.3,4,5,95.1,25.6,2,1.34
P-001148,2025-05-01,5,175.6,9.4,0,5,84.8,24.5,1,1.8
P-001148,2025-06-01,6,184.8,5.4,2,6,90.8,27.3,2,1.3
P-001148,2025-07-01,7,179.8,7.9,1,5,87.5,19.3,1,1.45
P-001148,2025-08-01,8,170.6,6.3,2,5,95.6,18.8,2,1.16
P-001148,2025-09-01,9,167.9,3.0,0,5,88.2,10.3,1,1.02
P-001148,2025-10-01,10,182.3,7.8,1,6,88.8,27.4,1,1.63
P-001148,2025-11-01,11,174.8,6.1,1,4,100.4,19.4,1,1.44
P-001148,2025-12-01,12,172.2,3.4,2,4,90.8,14.8,2,1.74
P-001149,2025-01-01,1,181.3,6.4,2,3,99.1,23.7,4,1.38
P-001149,2025-02-01,2,183.5,9.4,2,5,93.5,24.4,4,1.34
P-001149,2025-03-01,3,174.5,11.3,1,3,93.5,16.6,5,1.35
P-001149,2025-04-01,4,253.5,46.9,11,11,60.9,95.4,5,4.33
P-001149,2025-05-01,5,250.9,52.0,6,10,57.3,89.0,5,4.72
P-001149,2025-06-01,6,248.8,37.4,10,12,59.5,92.2,5,4.26
P-001149,2025-07-01,7,237.5,39.6,7,13,57.9,76.3,4,4.43
P-001149,2025-08-01,8,241.4,37.1,7,11,56.4,84.7,4,4.09
P-001149,2025-09-01,9,250.5,52.5,7,16,53.5,94.0,5,4.62
P-001149,2025-10-01,10,238.7,38.2,4,11,65.1,76.1,4,3.78
P-001149,2025-11-01,11,244.7,33.7,5,13,65.7,77.7,4,3.71
P-001149,2025-12-01,12,179.1,8.9,2,4,92.1,21.1,4,1.45
P-001150,2025-01-01,1,171.8,8.0,2,5,101.0,12.5,1,1.29
P-001150,2025-02-01,2,185.2,2.6,2,5,96.4,23.0,2,1.47
P-001150,2025-03-01,3,177.6,0.0,0,4,95.2,17.6,1,1.52
P-001150,2025-04-01,4,173.1,10.3,3,4,91.7,19.8,2,1.22
P-001150,2025-05-01,5,165.2,7.6,0,5,93.8,16.0,3,1.25
P-001150,2025-06-01,6,179.3,3.4,4,4,93.9,24.5,3,1.35
P-001150,2025-07-01,7,179.1,3.2,4,5,100.4,20.6,1,1.35
P-001150,2025-08-01,8,178.4,0.5,5,4,94.5,24.2,2,1.14
P-001150,2025-09-01,9,174.4,7.4,3,3,100.4,20.9,1,1.68
P-001150,2025-10-01,10,162.3,7.2,1,3,91.4,18.8,1,1.36
P-001150,2025-11-01,11,175.3,1.6,4,3,92.1,22.5,1,1.8
P-001150,2025-12-01,12,170.0,5.0,3,3,93.7,18.0,2,1.16
P-001151,2025-01-01,1,169.7,9.7,3,3,93.9,19.9,5,1.17
P-001151,2025-02-01,2,163.1,4.0,5,5,93.1,20.0,4,1.43
P-001151,2025-03-01,3,184.7,1.8,0,5,103.9,14.7,5,1.51
P-001151,2025-04-01,4,248.7,50.3,13,14,62.4,98.0,5,4.6
P-001151,2025-05-01,5,248.0,47.8,3,10,64.8,84.7,4,4.31
P-001151,2025-06-01,6,243.1,53.1,7,14,54.2,96.8,5,4.25
P-001151,2025-07-01,7,250.1,44.0,5,10,60.4,85.0,5,4.82
P-001151,2025-08-01,8,239.2,50.2,3,8,58.3,77.1,4,3.31
P-001151,2025-09-01,9,241.2,39.1,9,8,59.5,85.1,5,4.79
P-001151,2025-10-01,10,225.6,51.6,8,11,61.9,90.1,4,4.12
P-001151,2025-11-01,11,243.7,50.1,7,11,45.2,91.2,5,4.08
P-001151,2025-12-01,12,174.7,8.7,1,4,93.7,19.6,5,1.49
P-001152,2025-01-01,1,161.1,3.7,3,5,93.9,12.5,2,1.15
P-001152,2025-02-01,2,177.3,7.5,1,6,87.7,23.4,2,1.26
P-001152,2025-03-01,3,180.9,14.3,3,6,96.0,26.2,1,1.03
P-001152,2025-04-01,4,169.3,6.5,4,3,95.4,24.9,2,1.46
P-001152,2025-05-01,5,206.6,24.4,2,7,73.4,45.3,1,2.8
P-001152,2025-06-01,6,164.8,4.3,5,5,93.1,23.1,3,1.35
P-001152,2025-07-01,7,166.2,7.1,1,5,96.1,16.8,1,1.38
P-001152,2025-08-01,8,178.6,10.7,0,4,85.3,24.6,2,1.09
P-001152,2025-09-01,9,180.4,1.6,1,4,98.6,17.9,2,1.09
P-001152,2025-10-01,10,180.1,4.7,5,4,92.9,24.1,2,1.45
P-001152,2025-11-01,11,179.3,5.4,1,5,90.3,19.5,1,1.84
P-001152,2025-12-01,12,178.6,4.5,1,3,92.2,19.6,2,1.22
P-001153,2025-01-01,1,174.3,10.3,4,5,92.6,22.8,2,1.79
P-001153,2025-02-01,2,167.4,7.2,3,4,94.5,24.0,2,1.6
P-001153,2025-03-01,3,184.0,9.0,3,5,87.9,28.6,2,1.61
P-001153,2025-04-01,4,230.1,17.5,5,8,79.4,63.2,2,3.68
P-001153,2025-05-01,5,223.5,24.6,6,10,57.2,70.7,2,2.83
P-001153,2025-06-01,6,172.0,2.5,3,4,96.3,17.2,3,1.51
P-001153,2025-07-01,7,177.6,1.1,3,5,95.2,27.4,1,1.98
P-001153,2025-08-01,8,170.8,12.5,0,5,93.5,20.6,2,1.26
P-001153,2025-09-01,9,175.6,12.7,1,4,87.8,20.2,1,1.22
P-001153,2025-10-01,10,171.4,19.9,2,4,84.5,26.5,1,1.74
P-001153,2025-11-01,11,177.6,2.9,2,5,89.0,20.8,2,1.56
P-001153,2025-12-01,12,168.4,6.1,2,5,95.9,19.0,1,1.19
P-001154,2025-01-01,1,164.8,6.4,3,6,91.0,20.5,1,1.0
P-001154,2025-02-01,2,185.7,12.1,2,3,94.7,22.6,2,1.55
P-001154,2025-03-01,3,172.2,2.4,1,4,104.7,16.3,2,1.22
P-001154,2025-04-01,4,165.1,7.5,1,6,91.7,12.4,3,1.17
P-001154,2025-05-01,5,224.8,31.5,3,10,59.7,66.8,2,2.66
P-001154,2025-06-01,6,181.9,2.6,3,5,93.1,19.3,1,1.12
P-001154,2025-07-01,7,175.8,11.8,1,4,92.0,17.0,2,1.25
P-001154,2025-08-01,8,171.8,9.2,2,6,88.0,23.9,3,1.59
P-001154,2025-09-01,9,173.0,0.0,5,5,97.8,19.9,3,1.47
P-001154,2025-10-01,10,173.4,7.6,0,5,89.0,19.1,1,1.63
P-001154,2025-11-01,11,165.3,16.1,1,4,91.5,20.6,2,1.06
P-001154,2025-12-01,12,173.6,2.6,0,3,84.4,14.7,1,1.15
P-001155,2025-01-01,1,173.0,5.5,2,6,87.7,21.5,5,1.38
P-001155,2025-02-01,2,179.8,11.0,5,5,91.5,29.9,5,1.04
P-001155,2025-03-01,3,183.1,14.4,2,5,92.1,22.7,5,1.24
P-001155,2025-04-01,4,235.8,35.1,5,9,67.8,75.5,5,4.84
P-001155,2025-05-01,5,239.9,48.1,7,11,50.0,89.6,5,5.0
P-001155,2025-06-01,6,235.6,47.7,11,12,51.1,88.4,5,4.92
P-001155,2025-07-01,7,229.0,45.8,4,9,55.6,73.2,4,3.3
P-001155,2025-08-01,8,238.8,49.5,8,16,57.0,95.3,5,4.41
P-001155,2025-09-01,9,253.0,49.3,6,14,52.4,89.7,5,3.94
P-001155,2025-10-01,10,241.3,53.0,8,13,53.5,91.2,5,4.27
P-001155,2025-11-01,11,231.0,47.7,6,11,43.8,90.5,4,3.73
P-001155,2025-12-01,12,177.3,13.5,1,4,93.9,20.8,4,1.1
P-001156,2025-01-01,1,167.3,4.7,4,3,90.6,20.7,2,1.0
P-001156,2025-02-01,2,184.7,0.0,1,5,97.2,19.1,2,1.01
P-001156,2025-03-01,3,168.5,8.6,2,5,88.3,20.9,2,1.59
P-001156,2025-04-01,4,210.3,30.5,3,4,58.6,52.2,1,2.23
P-001156,2025-05-01,5,169.6,3.7,5,4,95.7,19.1,1,1.7
P-001156,2025-06-01,6,186.6,9.7,4,5,88.5,30.7,2,1.92
P-001156,2025-07-01,7,177.4,5.0,1,4,92.7,23.2,1,1.02
P-001156,2025-08-01,8,169.6,2.6,0,6,97.8,11.3,2,1.52
P-001156,2025-09-01,9,171.4,2.5,4,6,103.5,22.1,3,1.46
P-001156,2025-10-01,10,171.2,4.4,1,4,90.2,14.6,2,1.56
P-001156,2025-11-01,11,177.9,4.5,1,3,95.7,19.3,2,1.79
P-001156,2025-12-01,12,175.9,12.8,1,5,89.6,19.0,2,1.68
P-001157,2025-01-01,1,178.5,2.7,1,4,87.1,16.7,3,1.15
P-001157,2025-02-01,2,179.4,2.5,0,4,93.8,14.5,3,1.41
P-001157,2025-03-01,3,176.2,0.0,3,5,102.9,13.5,3,1.38
P-001157,2025-04-01,4,227.4,38.8,3,10,61.5,66.8,3,3.31
P-001157,2025-05-01,5,232.3,33.8,1,11,57.1,65.3,4,3.17
P-001157,2025-06-01,6,244.9,34.4,11,11,56.1,89.7,4,4.5
P-001157,2025-07-01,7,229.1,31.2,9,8,58.2,81.7,3,3.64
P-001157,2025-08-01,8,231.9,37.0,3,8,59.9,71.1,4,4.16
P-001157,2025-09-01,9,172.7,9.9,2,4,87.3,19.3,4,1.0
P-001157,2025-10-01,10,179.2,9.0,0,4,95.4,16.2,5,1.37
P-001157,2025-11-01,11,180.5,4.1,2,4,104.4,18.9,4,1.67
P-001157,2025-12-01,12,167.8,3.2,2,4,86.4,16.5,3,1.49
P-001158,2025-01-01,1,177.6,10.5,1,4,89.2,24.8,3,1.72
P-001158,2025-02-01,2,188.0,11.9,0,4,87.5,23.6,5,1.0
P-001158,2025-03-01,3,232.4,51.7,8,8,56.3,82.6,4,4.32
P-001158,2025-04-01,4,245.0,45.6,5,11,54.8,87.2,5,4.02
P-001158,2025-05-01,5,233.8,38.1,6,7,57.2,70.0,3,3.42
P-001158,2025-06-01,6,238.8,32.8,3,12,68.0,74.3,4,4.28
P-001158,2025-07-01,7,237.9,27.7,5,10,64.1,72.3,4,4.16
P-001158,2025-08-01,8,241.4,40.9,8,8,62.1,84.6,3,4.24
P-001158,2025-09-01,9,236.2,37.0,5,10,68.1,69.0,3,3.96
P-001158,2025-10-01,10,187.1,0.0,4,5,91.5,26.3,3,1.7
P-001158,2025-11-01,11,187.8,11.3,4,5,86.7,32.6,4,1.62
P-001158,2025-12-01,12,179.5,10.5,1,6,89.9,23.8,4,1.29
P-001159,2025-01-01,1,183.6,1.3,2,7,95.2,22.1,1,2.27
P-001159,2025-02-01,2,177.7,5.5,0,4,97.0,12.0,1,1.0
P-001159,2025-03-01,3,180.5,5.3,3,4,86.0,22.8,1,1.75
P-001159,2025-04-01,4,184.5,2.5,4,5,97.2,23.3,1,1.84
P-001159,2025-05-01,5,171.4,4.9,1,5,90.2,19.5,3,1.35
P-001159,2025-06-01,6,181.1,4.8,1,5,95.8,24.0,1,1.29
P-001159,2025-07-01,7,180.7,3.7,0,3,89.6,16.3,2,1.15
P-001159,2025-08-01,8,173.2,9.4,3,3,95.0,24.4,1,1.72
P-001159,2025-09-01,9,178.4,6.9,3,3,91.3,22.9,2,1.08
P-001159,2025-10-01,10,178.9,13.8,2,6,90.3,28.5,2,1.32
P-001159,2025-11-01,11,178.7,4.3,0,4,94.8,13.3,2,1.34
P-001159,2025-12-01,12,175.4,0.0,0,4,95.0,19.4,1,2.14
P-001160,2025-01-01,1,178.3,7.0,2,6,97.2,22.7,2,1.51
P-001160,2025-02-01,2,180.2,15.3,1,3,90.7,26.6,2,1.16
P-001160,2025-03-01,3,183.7,5.0,1,4,90.4,21.9,3,1.71
P-001160,2025-04-01,4,222.8,36.9,1,7,57.9,58.9,2,2.86
P-001160,2025-05-01,5,174.1,10.0,2,4,86.0,21.9,1,1.55
P-001160,2025-06-01,6,169.1,7.7,0,5,90.4,17.0,1,1.0
P-001160,2025-07-01,7,171.6,5.6,1,5,86.1,19.7,1,1.22
P-001160,2025-08-01,8,184.3,10.3,3,5,94.6,30.4,2,1.46
P-001160,2025-09-01,9,178.8,2.0,1,5,97.1,13.5,2,1.02
P-001160,2025-10-01,10,170.1,6.1,0,6,92.6,9.8,1,1.39
P-001160,2025-11-01,11,171.6,2.9,2,6,92.4,22.0,2,1.4
P-001160,2025-12-01,12,167.5,3.9,2,5,89.7,14.0,2,1.46
P-001161,2025-01-01,1,179.3,5.0,1,3,93.6,17.0,2,1.14
P-001161,2025-02-01,2,172.5,5.7,3,4,92.6,19.5,2,1.27
P-001161,2025-03-01,3,173.6,4.4,3,4,93.9,23.3,2,1.4
P-001161,2025-04-01,4,219.4,26.0,4,10,74.2,58.2,1,2.66
P-001161,2025-05-01,5,171.8,1.4,2,4,96.6,14.5,2,1.41
P-001161,2025-06-01,6,178.0,6.0,3,3,94.8,19.3,1,1.23
P-001161,2025-07-01,7,177.2,0.0,5,3,98.8,26.4,2,1.55
P-001161,2025-08-01,8,176.0,5.1,2,3,89.1,20.8,2,1.57
P-001161,2025-09-01,9,177.4,4.3,3,6,96.4,18.5,2,1.11
P-001161,2025-10-01,10,177.6,0.0,3,4,100.7,14.2,1,1.3
P-001161,2025-11-01,11,172.7,5.0,2,3,94.6,15.5,1,1.28
P-001161,2025-12-01,12,177.6,6.2,5,3,90.3,27.7,2,1.7
P-001162,2025-01-01,1,176.1,7.4,5,3,97.4,21.4,5,1.16
P-001162,2025-02-01,2,180.4,9.2,3,4,93.7,28.0,3,1.78
P-001162,2025-03-01,3,244.0,50.7,11,13,49.4,98.0,5,4.46
P-001162,2025-04-01,4,231.0,30.5,7,11,62.7,79.7,3,4.21
P-001162,2025-05-01,5,235.1,40.7,3,8,54.8,70.8,5,4.0
P-001162,2025-06-01,6,246.2,38.5,3,8,59.4,78.0,4,4.06
P-001162,2025-07-01,7,237.0,39.8,7,7,64.0,74.2,3,3.64
P-001162,2025-08-01,8,244.4,48.2,7,8,50.1,85.9,4,4.07
P-001162,2025-09-01,9,228.3,48.0,5,11,56.9,76.1,4,3.88
P-001162,2025-10-01,10,170.2,10.3,1,4,90.3,15.6,3,1.52
P-001162,2025-11-01,11,176.9,0.1,3,5,96.1,22.2,5,1.84
P-001162,2025-12-01,12,171.4,4.1,5,4,93.2,20.4,4,1.31
P-001163,2025-01-01,1,182.8,9.6,1,4,101.2,21.8,2,1.61
P-001163,2025-02-01,2,172.8,8.8,3,5,87.6,20.7,2,1.0
P-001163,2025-03-01,3,182.7,8.6,1,4,91.2,20.2,2,1.64
P-001163,2025-04-01,4,178.4,14.8,4,5,83.7,26.9,2,1.25
P-001163,2025-05-01,5,227.1,37.6,2,8,53.6,62.6,2,2.76
P-001163,2025-06-01,6,180.4,10.1,2,5,89.3,26.7,2,1.0
P-001163,2025-07-01,7,178.3,6.6,4,4,96.3,26.4,1,1.54
P-001163,2025-08-01,8,183.5,9.5,2,4,94.9,20.8,1,1.05
P-001163,2025-09-01,9,166.2,9.8,3,4,91.5,25.8,1,1.26
P-001163,2025-10-01,10,172.7,7.4,1,5,93.4,16.5,2,1.74
P-001163,2025-11-01,11,189.6,7.8,3,6,91.0,31.5,2,1.35
P-001163,2025-12-01,12,173.7,4.0,3,4,90.3,18.1,1,1.09
P-001164,2025-01-01,1,182.3,7.0,3,5,86.5,23.5,4,1.52
P-001164,2025-02-01,2,183.3,5.0,1,7,96.3,21.2,5,1.6
P-001164,2025-03-01,3,182.1,5.2,2,4,92.5,21.5,5,1.73
P-001164,2025-04-01,4,241.6,44.6,11,13,52.1,94.9,5,4.07
P-001164,2025-05-01,5,240.0,33.4,7,11,61.1,76.5,5,4.29
P-001164,2025-06-01,6,240.8,41.7,6,15,53.0,80.6,5,4.21
P-001164,2025-07-01,7,247.4,39.2,6,8,60.4,85.7,4,5.0
P-001164,2025-08-01,8,256.7,42.4,7,9,51.7,95.1,5,4.4
P-001164,2025-09-01,9,249.7,51.7,4,15,56.9,84.4,5,4.48
P-001164,2025-10-01,10,239.3,41.8,5,10,51.2,77.0,5,4.33
P-001164,2025-11-01,11,238.0,54.8,5,16,63.2,90.4,5,4.6
P-001164,2025-12-01,12,170.8,9.9,1,4,98.3,15.5,5,1.41
P-001165,2025-01-01,1,176.1,11.2,0,4,98.5,17.9,5,1.13
P-001165,2025-02-01,2,163.2,3.4,1,6,99.9,9.0,5,1.26
P-001165,2025-03-01,3,181.4,4.1,2,4,102.1,16.5,4,1.21
P-001165,2025-04-01,4,248.2,36.5,6,14,67.0,88.4,5,5.0
P-001165,2025-05-01,5,231.5,45.8,6,11,57.6,79.7,4,3.79
P-001165,2025-06-01,6,230.8,44.3,7,7,53.6,74.2,5,4.16
P-001165,2025-07-01,7,241.6,39.2,5,11,46.6,83.4,4,3.49
P-001165,2025-08-01,8,235.0,39.0,6,12,55.6,82.2,4,3.96
P-001165,2025-09-01,9,243.6,43.2,12,11,61.4,95.8,5,4.33
P-001165,2025-10-01,10,244.5,38.2,9,14,57.5,95.7,5,4.77
P-001165,2025-11-01,11,247.3,38.6,11,11,66.5,91.1,5,5.0
P-001165,2025-12-01,12,165.1,5.7,2,4,89.4,11.6,4,1.11
P-001166,2025-01-01,1,173.4,7.4,3,5,94.3,18.6,1,1.34
P-001166,2025-02-01,2,189.6,7.3,1,4,95.4,27.6,2,1.45
P-001166,2025-03-01,3,172.7,4.9,2,5,87.0,27.1,1,1.54
P-001166,2025-04-01,4,182.8,4.9,2,3,89.1,22.1,2,1.34
P-001166,2025-05-01,5,226.7,37.3,4,9,60.2,61.5,2,2.76
P-001166,2025-06-01,6,178.6,2.9,1,4,93.6,13.8,1,1.51
P-001166,2025-07-01,7,182.9,0.0,1,5,95.9,21.7,1,1.42
P-001166,2025-08-01,8,166.4,6.1,2,4,89.7,20.4,3,1.4
P-001166,2025-09-01,9,178.7,6.1,1,6,101.3,23.8,2,1.44
P-001166,2025-10-01,10,180.5,9.4,1,3,83.4,18.1,3,1.9
P-001166,2025-11-01,11,166.2,6.7,2,4,88.5,15.6,3,1.63
P-001166,2025-12-01,12,178.1,9.9,2,5,85.2,23.7,2,1.35
P-001167,2025-01-01,1,170.5,1.7,0,6,92.0,17.6,4,1.48
P-001167,2025-02-01,2,188.5,5.9,3,4,87.0,28.2,4,1.65
P-001167,2025-03-01,3,167.7,10.1,1,4,90.6,15.1,3,1.05
P-001167,2025-04-01,4,239.6,29.6,8,10,63.6,75.0,3,3.74
P-001167,2025-05-01,5,235.1,40.3,4,12,61.3,76.2,4,3.96
P-001167,2025-06-01,6,242.3,43.1,11,8,53.1,92.3,5,4.33
P-001167,2025-07-01,7,241.0,49.2,3,8,56.8,73.8,5,4.15
P-001167,2025-08-01,8,239.6,49.1,12,11,55.4,94.6,5,4.38
P-001167,2025-09-01,9,169.4,0.1,2,4,93.0,19.5,4,1.7
P-001167,2025-10-01,10,156.8,8.5,1,6,96.9,17.9,4,1.21
P-001167,2025-11-01,11,172.8,7.8,1,4,97.4,17.0,5,1.39
P-001167,2025-12-01,12,177.5,0.0,1,6,88.2,16.5,4,1.12
P-001168,2025-01-01,1,182.6,5.7,2,4,96.0,21.9,3,1.61
P-001168,2025-02-01,2,170.8,11.5,0,6,98.6,22.6,5,1.49
P-001168,2025-03-01,3,231.3,47.7,4,11,53.8,78.9,4,4.68
P-001168,2025-04-01,4,232.5,39.1,11,8,63.9,81.4,3,3.61
P-001168,2025-05-01,5,236.2,41.3,6,11,61.8,76.8,3,3.36
P-001168,2025-06-01,6,242.1,41.4,8,10,56.2,87.2,3,4.06
P-001168,2025-07-01,7,237.8,38.1,6,10,60.6,81.0,4,4.24
P-001168,2025-08-01,8,231.3,25.6,8,12,64.4,78.5,4,3.77
P-001168,2025-09-01,9,237.7,51.5,10,11,59.3,89.3,5,4.42
P-001168,2025-10-01,10,176.3,10.1,1,5,93.5,20.4,4,1.06
P-001168,2025-11-01,11,175.8,11.5,4,4,84.1,35.5,4,1.81
P-001168,2025-12-01,12,161.9,0.0,2,4,97.0,11.4,5,2.09
P-001169,2025-01-01,1,178.6,12.1,4,5,86.1,24.0,2,1.4
P-001169,2025-02-01,2,175.8,7.9,1,6,99.1,13.4,2,1.21
P-001169,2025-03-01,3,167.5,7.2,2,5,91.3,19.1,3,1.06
P-001169,2025-04-01,4,176.8,5.9,2,4,94.4,19.9,1,1.0
P-001169,2025-05-01,5,183.1,0.7,1,5,92.8,18.5,2,1.91
P-001169,2025-06-01,6,181.2,8.9,2,6,94.7,29.9,1,1.45
P-001169,2025-07-01,7,169.6,6.0,4,4,93.4,17.5,2,1.45
P-001169,2025-08-01,8,178.8,4.6,2,3,90.7,25.2,1,1.25
P-001169,2025-09-01,9,185.4,4.9,2,5,95.6,24.1,1,1.46
P-001169,2025-10-01,10,176.0,5.6,3,5,94.6,22.9,1,1.76
P-001169,2025-11-01,11,173.5,7.4,1,4,98.0,13.2,1,1.44
P-001169,2025-12-01,12,170.9,7.8,0,3,96.3,12.4,1,1.34
P-001170,2025-01-01,1,174.7,0.0,1,5,94.1,16.2,1,1.0
P-001170,2025-02-01,2,186.6,6.2,0,5,95.9,26.8,2,1.46
P-001170,2025-03-01,3,179.5,14.0,1,5,83.8,22.0,1,1.14
P-001170,2025-04-01,4,169.8,0.1,0,3,92.9,17.3,2,1.49
P-001170,2025-05-01,5,165.9,4.1,1,3,86.7,15.9,1,1.28
P-001170,2025-06-01,6,184.5,2.0,2,3,92.1,18.3,2,1.3
P-001170,2025-07-01,7,180.2,9.0,2,5,100.0,24.1,2,1.51
P-001170,2025-08-01,8,176.3,6.8,1,5,92.0,11.7,1,1.39
P-001170,2025-09-01,9,174.7,12.1,3,6,94.6,25.4,2,1.67
P-001170,2025-10-01,10,175.0,5.0,4,4,91.3,21.1,2,1.19
P-001170,2025-11-01,11,180.0,1.1,1,3,92.6,13.6,2,1.7
P-001170,2025-12-01,12,175.8,8.1,2,5,100.9,24.4,3,1.76
P-001171,2025-01-01,1,176.9,11.1,2,6,92.3,23.4,1,1.22
P-001171,2025-02-01,2,242.4,39.0,6,13,61.7,85.4,4,3.94
P-001171,2025-03-01,3,241.7,18.1,3,8,68.6,63.2,4,4.57
P-001171,2025-04-01,4,231.9,38.4,3,14,61.5,77.8,4,4.03
P-001171,2025-05-01,5,253.1,36.4,1,10,60.1,72.7,4,3.74
P-001171,2025-06-01,6,176.6,6.7,1,6,93.8,21.8,1,1.93
P-001171,2025-07-01,7,186.4,1.7,5,5,90.4,30.0,1,1.52
P-001171,2025-08-01,8,173.0,0.0,1,6,92.4,16.1,1,1.6
P-001171,2025-09-01,9,184.6,6.4,3,5,93.0,23.1,1,1.4
P-001171,2025-10-01,10,176.5,1.9,2,6,86.1,15.9,1,1.11
P-001171,2025-11-01,11,163.7,7.7,2,4,89.6,21.8,1,1.53
P-001171,2025-12-01,12,178.8,6.6,1,5,100.6,22.0,1,1.78
P-001172,2025-01-01,1,178.4,3.7,1,4,96.2,25.5,4,1.0
P-001172,2025-02-01,2,175.8,0.7,1,6,95.6,16.9,5,1.0
P-001172,2025-03-01,3,176.8,1.8,1,4,101.4,16.3,5,1.48
P-001172,2025-04-01,4,235.9,45.0,11,13,56.3,95.6,5,5.0
P-001172,2025-05-01,5,240.4,42.1,8,9,50.6,84.5,4,4.91
P-001172,2025-06-01,6,250.9,45.6,6,14,56.2,88.2,5,4.71
P-001172,2025-07-01,7,244.7,51.9,7,13,59.1,90.2,5,3.88
P-001172,2025-08-01,8,232.2,38.4,4,11,58.9,79.7,5,4.99
P-001172,2025-09-01,9,256.0,29.3,9,9,62.3,86.9,5,3.86
P-001172,2025-10-01,10,247.3,53.5,7,10,52.2,93.6,5,4.05
P-001172,2025-11-01,11,243.2,34.9,10,11,59.8,86.3,5,4.86
P-001172,2025-12-01,12,174.7,7.7,2,6,95.5,24.9,5,1.2
P-001173,2025-01-01,1,172.1,2.0,2,4,92.9,12.3,4,1.57
P-001173,2025-02-01,2,184.8,4.9,2,5,93.2,20.7,4,1.38
P-001173,2025-03-01,3,249.6,43.2,6,8,59.0,85.0,5,4.36
P-001173,2025-04-01,4,238.1,40.0,6,10,58.9,78.8,4,3.56
P-001173,2025-05-01,5,240.1,37.5,8,11,64.4,83.6,4,4.35
P-001173,2025-06-01,6,226.3,36.9,6,12,67.2,70.5,4,3.65
P-001173,2025-07-01,7,228.6,56.5,3,13,44.9,85.4,4,4.36
P-001173,2025-08-01,8,238.6,39.3,6,9,57.4,73.2,4,4.03
P-001173,2025-09-01,9,244.2,40.1,8,10,67.9,85.7,4,3.87
P-001173,2025-10-01,10,174.8,7.4,0,4,87.2,20.7,3,1.25
P-001173,2025-11-01,11,167.5,10.4,0,4,96.4,21.3,4,1.77
P-001173,2025-12-01,12,169.9,0.8,1,3,106.6,15.2,4,1.23
P-001174,2025-01-01,1,170.0,7.3,2,3,90.2,18.6,1,1.17
P-001174,2025-02-01,2,178.8,11.9,2,5,82.6,19.6,3,1.07
P-001174,2025-03-01,3,176.7,9.2,4,3,94.5,30.6,1,1.29
P-001174,2025-04-01,4,172.7,2.2,2,5,91.0,22.7,1,1.4
P-001174,2025-05-01,5,217.5,32.1,2,9,63.3,59.5,1,3.15
P-001174,2025-06-01,6,180.7,5.2,4,5,87.6,28.0,2,1.82
P-001174,2025-07-01,7,178.7,3.5,2,5,94.3,19.5,2,1.76
P-001174,2025-08-01,8,167.1,6.9,4,5,88.0,22.0,2,1.43
P-001174,2025-09-01,9,170.1,1.6,4,3,100.0,12.8,2,1.55
P-001174,2025-10-01,10,177.4,1.8,0,5,101.3,14.2,1,1.22
P-001174,2025-11-01,11,171.6,7.2,3,5,100.0,26.0,1,1.69
P-001174,2025-12-01,12,181.2,0.4,4,5,93.6,29.0,2,1.4
P-001175,2025-01-01,1,176.4,2.7,1,4,95.7,16.6,5,1.37
P-001175,2025-02-01,2,169.2,0.6,3,3,100.7,16.6,3,1.02
P-001175,2025-03-01,3,171.6,5.5,3,4,92.8,24.1,4,1.07
P-001175,2025-04-01,4,224.9,48.4,4,10,54.4,72.2,3,2.76
P-001175,2025-05-01,5,241.1,46.3,4,11,60.9,76.8,4,3.88
P-001175,2025-06-01,6,241.2,36.5,5,10,59.7,76.4,3,3.47
P-001175,2025-07-01,7,249.0,36.0,6,9,56.3,86.3,5,5.0
P-001175,2025-08-01,8,246.0,37.6,7,8,57.5,81.7,5,4.49
P-001175,2025-09-01,9,167.9,8.5,0,6,87.9,12.2,4,1.42
P-001175,2025-10-01,10,175.6,3.9,1,5,96.1,18.9,3,1.52
P-001175,2025-11-01,11,178.9,4.3,2,4,103.4,18.4,3,1.23
P-001175,2025-12-01,12,176.4,11.1,2,5,86.1,24.4,4,1.4
P-001176,2025-01-01,1,176.0,1.6,3,3,93.9,14.4,1,1.63
P-001176,2025-02-01,2,179.5,1.4,3,5,97.3,16.0,2,1.55
P-001176,2025-03-01,3,170.3,13.3,2,7,92.1,23.0,2,1.28
P-001176,2025-04-01,4,219.5,39.6,2,9,54.2,66.9,2,3.71
P-001176,2025-05-01,5,218.2,36.3,1,10,61.3,57.0,2,3.17
P-001176,2025-06-01,6,173.0,8.3,2,5,95.3,21.4,2,1.45
P-001176,2025-07-01,7,175.9,8.2,4,5,95.8,17.9,1,1.02
P-001176,2025-08-01,8,167.2,4.0,1,5,96.9,18.2,2,1.59
P-001176,2025-09-01,9,179.7,11.3,2,4,90.1,25.4,3,1.06
P-001176,2025-10-01,10,171.8,0.0,4,4,99.2,19.2,1,1.82
P-001176,2025-11-01,11,175.9,1.8,0,6,94.6,16.2,2,1.52
P-001176,2025-12-01,12,170.3,5.6,0,6,85.8,14.5,2,1.07
P-001177,2025-01-01,1,173.1,5.1,3,6,85.9,19.8,2,1.12
P-001177,2025-02-01,2,166.9,1.1,1,4,95.7,14.2,2,1.0
P-001177,2025-03-01,3,178.8,8.0,4,5,88.5,27.1,2,1.0
P-001177,2025-04-01,4,218.2,32.9,7,7,64.2,69.7,1,3.16
P-001177,2025-05-01,5,178.1,7.3,4,4,96.8,23.1,2,1.7
P-001177,2025-06-01,6,173.0,8.8,1,6,97.5,15.8,1,1.58
P-001177,2025-07-01,7,173.6,6.1,1,4,94.0,12.8,1,1.19
P-001177,2025-08-01,8,180.4,8.2,3,4,97.7,22.9,2,1.45
P-001177,2025-09-01,9,177.0,5.7,1,7,94.2,21.3,1,1.61
P-001177,2025-10-01,10,188.8,10.3,1,5,97.6,23.3,2,1.14
P-001177,2025-11-01,11,170.8,12.8,2,4,90.1,21.6,1,1.75
P-001177,2025-12-01,12,170.9,11.9,2,3,80.9,24.8,1,1.05
P-001178,2025-01-01,1,183.2,7.2,2,5,91.5,25.0,2,1.88
P-001178,2025-02-01,2,173.8,8.6,1,3,90.9,13.1,2,1.0
P-001178,2025-03-01,3,174.7,6.7,2,4,92.7,15.8,1,1.4
P-001178,2025-04-01,4,176.4,7.7,1,4,93.7,23.6,2,2.04
P-001178,2025-05-01,5,184.4,8.8,3,4,89.5,29.4,1,1.56
P-001178,2025-06-01,6,183.7,4.5,1,4,84.2,22.2,2,1.74
P-001178,2025-07-01,7,169.1,0.0,0,3,94.3,6.1,2,1.35
P-001178,2025-08-01,8,166.0,14.1,3,4,92.3,20.7,3,1.11
P-001178,2025-09-01,9,186.7,7.2,0,4,94.0,20.0,2,1.34
P-001178,2025-10-01,10,179.1,11.1,2,3,94.5,19.3,2,1.16
P-001178,2025-11-01,11,174.2,6.1,2,6,93.7,24.6,1,1.74
P-001178,2025-12-01,12,176.9,1.6,2,6,90.8,24.7,2,1.16
P-001179,2025-01-01,1,172.7,0.0,0,5,85.1,14.9,3,1.16
P-001179,2025-02-01,2,184.8,2.4,1,5,91.1,22.9,5,1.25
P-001179,2025-03-01,3,180.4,11.9,3,4,90.7,26.6,5,1.1
P-001179,2025-04-01,4,229.5,38.3,5,14,58.4,73.5,4,4.6
P-001179,2025-05-01,5,232.3,34.2,4,8,64.7,66.5,3,3.85
P-001179,2025-06-01,6,248.9,43.2,8,11,49.8,93.1,5,4.31
P-001179,2025-07-01,7,242.1,47.1,8,12,58.9,88.5,5,4.46
P-001179,2025-08-01,8,233.8,43.1,4,13,63.2,75.7,4,4.48
P-001179,2025-09-01,9,178.0,8.2,1,3,98.2,15.8,5,1.64
P-001179,2025-10-01,10,171.1,8.1,1,5,96.2,11.0,3,1.55
P-001179,2025-11-01,11,164.7,0.0,2,5,99.2,9.0,4,1.0
P-001179,2025-12-01,12,167.1,4.9,5,4,97.2,16.0,4,1.01
P-001180,2025-01-01,1,184.6,0.0,1,4,90.8,20.7,1,1.91
P-001180,2025-02-01,2,169.2,1.9,0,5,102.1,7.7,2,1.45
P-001180,2025-03-01,3,187.8,0.6,4,6,91.5,27.3,1,1.26
P-001180,2025-04-01,4,226.4,44.3,5,7,60.2,67.9,2,2.87
P-001180,2025-05-01,5,174.7,1.7,0,5,93.4,16.3,2,1.29
P-001180,2025-06-01,6,172.5,2.5,1,4,98.5,10.3,2,1.46
P-001180,2025-07-01,7,178.6,13.2,1,5,93.5,22.1,1,1.0
P-001180,2025-08-01,8,185.4,1.1,0,6,94.0,20.9,1,1.23
P-001180,2025-09-01,9,177.4,1.9,0,4,95.0,18.9,1,1.74
P-001180,2025-10-01,10,172.8,0.7,2,3,95.3,17.9,1,1.68
P-001180,2025-11-01,11,172.3,11.7,2,3,92.4,18.3,1,1.0
P-001180,2025-12-01,12,171.3,7.0,3,3,99.0,17.1,1,1.32
P-001181,2025-01-01,1,180.9,3.5,3,4,90.8,27.8,2,1.49
P-001181,2025-02-01,2,178.1,3.6,1,5,88.9,19.3,2,1.0
P-001181,2025-03-01,3,174.2,4.2,2,6,96.0,19.2,2,1.0
P-001181,2025-04-01,4,183.5,7.9,4,4,88.5,30.6,2,1.18
P-001181,2025-05-01,5,169.6,6.4,2,5,97.6,18.6,2,1.78
P-001181,2025-06-01,6,237.3,38.5,6,10,61.4,76.3,4,3.73
P-001181,2025-07-01,7,229.7,36.9,10,11,53.0,82.7,4,4.66
P-001181,2025-08-01,8,171.3,6.2,1,5,87.0,18.5,2,1.41
P-001181,2025-09-01,9,168.7,5.8,3,5,93.5,13.3,2,1.72
P-001181,2025-10-01,10,176.1,15.8,5,3,92.0,35.2,2,1.3
P-001181,2025-11-01,11,177.7,1.7,2,5,96.1,19.5,2,1.07
P-001181,2025-12-01,12,172.4,5.9,4,4,97.0,18.9,2,1.53
P-001182,2025-01-01,1,181.8,10.1,1,4,92.5,20.0,2,1.24
P-001182,2025-02-01,2,174.7,3.1,2,3,92.4,19.1,2,1.46
P-001182,2025-03-01,3,181.3,2.3,2,3,96.7,17.0,2,1.5
P-001182,2025-04-01,4,193.9,0.0,5,5,96.9,26.0,2,1.17
P-001182,2025-05-01,5,176.5,6.5,1,5,92.7,20.1,2,1.46
P-001182,2025-06-01,6,235.4,37.4,3,10,62.4,72.1,4,5.0
P-001182,2025-07-01,7,241.3,48.4,8,11,57.7,93.6,4,4.22
P-001182,2025-08-01,8,172.8,8.6,2,5,98.1,21.2,2,1.73
P-001182,2025-09-01,9,171.9,5.9,1,5,92.4,15.3,2,1.93
P-001182,2025-10-01,10,174.7,12.8,3,3,95.0,27.7,2,1.62
P-001182,2025-11-01,11,181.7,11.9,0,3,81.8,22.7,2,1.5
P-001182,2025-12-01,12,182.1,6.6,1,4,90.1,20.8,2,1.75
P-001183,2025-01-01,1,184.5,3.7,2,5,94.9,23.2,2,1.17
P-001183,2025-02-01,2,171.0,11.5,3,6,99.0,23.2,3,1.94
P-001183,2025-03-01,3,183.4,7.3,5,5,96.5,33.4,2,1.5
P-001183,2025-04-01,4,178.7,6.1,3,5,97.4,25.2,2,1.24
P-001183,2025-05-01,5,177.1,0.0,3,6,100.8,13.5,2,1.5
P-001183,2025-06-01,6,175.0,7.5,1,5,85.1,20.2,1,1.0
P-001183,2025-07-01,7,171.8,2.3,1,4,97.9,11.3,1,1.6
P-001183,2025-08-01,8,176.0,5.7,2,5,91.7,16.4,1,1.45
P-001183,2025-09-01,9,167.0,4.7,4,4,91.8,19.4,2,1.0
P-001183,2025-10-01,10,167.1,8.0,1,4,87.3,11.3,2,1.05
P-001183,2025-11-01,11,170.3,5.2,1,6,97.7,16.1,1,1.38
P-001183,2025-12-01,12,176.3,6.4,0,5,89.8,13.6,1,1.0
P-001184,2025-01-01,1,170.3,2.3,2,4,103.3,13.0,1,1.0
P-001184,2025-02-01,2,218.7,40.3,7,8,62.6,68.9,4,4.87
P-001184,2025-03-01,3,230.0,47.4,1,9,61.4,76.3,4,4.08
P-001184,2025-04-01,4,250.2,41.7,4,11,55.1,85.2,4,3.98
P-001184,2025-05-01,5,241.6,23.1,9,10,64.2,77.1,4,4.55
P-001184,2025-06-01,6,178.0,7.3,2,3,96.7,17.3,1,1.75
P-001184,2025-07-01,7,177.7,9.1,5,6,95.2,30.9,1,1.18
P-001184,2025-08-01,8,166.2,2.2,1,4,95.7,18.8,1,1.79
P-001184,2025-09-01,9,177.3,10.0,2,6,86.7,26.2,1,1.26
P-001184,2025-10-01,10,170.1,3.9,1,4,94.2,13.7,1,1.4
P-001184,2025-11-01,11,171.1,7.6,3,5,103.4,18.2,1,1.0
P-001184,2025-12-01,12,173.5,9.8,3,5,93.3,25.1,1,1.83
P-001185,2025-01-01,1,170.0,5.6,2,3,95.9,15.8,4,1.72
P-001185,2025-02-01,2,178.7,8.5,2,5,94.8,24.6,5,1.6
P-001185,2025-03-01,3,250.0,55.0,8,8,50.1,96.0,5,4.21
P-001185,2025-04-01,4,248.9,47.4,4,10,55.7,82.2,5,3.91
P-001185,2025-05-01,5,238.7,26.9,6,8,61.0,74.9,3,4.45
P-001185,2025-06-01,6,235.2,37.2,8,10,61.7,77.7,3,3.4
P-001185,2025-07-01,7,226.2,31.7,4,11,66.2,69.2,4,3.45
P-001185,2025-08-01,8,250.5,43.4,7,10,59.7,87.4,4,3.27
P-001185,2025-09-01,9,228.0,48.6,8,6,54.2,81.7,3,3.56
P-001185,2025-10-01,10,169.4,3.3,2,4,93.3,10.6,4,1.64
P-001185,2025-11-01,11,191.4,4.5,5,5,92.3,34.7,4,1.23
P-001185,2025-12-01,12,184.2,4.6,2,5,90.2,23.4,4,1.54
P-001186,2025-01-01,1,172.6,14.5,3,4,90.0,23.5,2,1.28
P-001186,2025-02-01,2,193.0,6.1,4,6,92.1,33.6,2,1.0
P-001186,2025-03-01,3,169.0,8.9,4,6,96.8,27.2,2,2.04
P-001186,2025-04-01,4,189.2,5.1,5,5,88.8,26.2,2,1.82
P-001186,2025-05-01,5,181.9,8.9,2,6,89.7,19.7,2,1.38
P-001186,2025-06-01,6,238.0,31.0,1,6,61.6,62.1,4,3.41
P-001186,2025-07-01,7,237.0,42.6,7,8,58.5,82.6,4,3.97
P-001186,2025-08-01,8,176.8,7.3,4,3,93.2,23.1,2,1.0
P-001186,2025-09-01,9,183.0,2.1,1,3,98.2,22.1,2,2.07
P-001186,2025-10-01,10,172.0,2.5,3,4,93.2,17.4,2,1.5
P-001186,2025-11-01,11,177.2,6.2,1,4,94.2,16.4,2,1.0
P-001186,2025-12-01,12,184.3,2.9,2,4,95.3,25.0,2,1.69
P-001187,2025-01-01,1,161.5,6.6,1,5,84.5,14.6,3,1.71
P-001187,2025-02-01,2,171.4,5.2,0,4,92.4,13.6,1,1.65
P-001187,2025-03-01,3,178.9,7.1,1,5,91.1,20.5,1,1.0
P-001187,2025-04-01,4,158.4,1.4,4,3,92.7,16.5,2,1.0
P-001187,2025-05-01,5,176.3,6.6,2,5,90.0,23.0,1,1.66
P-001187,2025-06-01,6,179.7,8.1,1,7,96.1,25.2,2,1.0
P-001187,2025-07-01,7,190.3,10.6,3,5,92.9,32.2,2,1.3
P-001187,2025-08-01,8,183.4,7.0,1,6,94.5,26.1,2,1.59
P-001187,2025-09-01,9,178.9,10.6,0,4,87.3,21.4,2,1.14
P-001187,2025-10-01,10,175.3,5.7,1,6,97.9,19.4,2,1.77
P-001187,2025-11-01,11,172.5,6.7,2,4,98.2,15.8,1,1.27
P-001187,2025-12-01,12,176.1,2.8,0,5,85.7,14.6,1,1.26
P-001188,2025-01-01,1,174.4,2.6,2,4,90.6,22.3,1,1.7
P-001188,2025-02-01,2,178.2,11.8,2,5,86.3,30.7,3,1.57
P-001188,2025-03-01,3,181.9,6.6,5,6,97.0,26.1,1,1.34
P-001188,2025-04-01,4,215.3,21.1,2,9,59.8,53.0,2,3.73
P-001188,2025-05-01,5,223.4,40.5,6,12,64.1,75.9,3,4.44
P-001188,2025-06-01,6,162.0,10.2,2,4,92.3,14.9,1,1.21
P-001188,2025-07-01,7,180.5,5.4,3,4,93.4,22.9,2,1.51
P-001188,2025-08-01,8,176.3,8.2,0,5,99.1,16.7,1,1.3
P-001188,2025-09-01,9,175.6,7.2,0,3,93.1,18.1,2,1.41
P-001188,2025-10-01,10,177.4,6.5,1,4,95.6,22.1,2,1.0
P-001188,2025-11-01,11,176.3,8.2,1,4,96.7,18.9,2,1.37
P-001188,2025-12-01,12,176.0,10.0,1,5,91.9,19.3,1,1.1
P-001189,2025-01-01,1,179.7,8.4,1,5,86.0,24.5,1,1.52
P-001189,2025-02-01,2,171.3,2.5,1,4,93.9,10.3,3,1.34
P-001189,2025-03-01,3,174.2,9.0,1,5,96.2,20.8,2,1.3
P-001189,2025-04-01,4,172.9,5.9,3,5,89.9,18.0,3,1.56
P-001189,2025-05-01,5,225.4,36.4,4,8,62.5,70.2,1,2.48
P-001189,2025-06-01,6,179.8,11.0,1,5,93.8,17.2,2,1.49
P-001189,2025-07-01,7,182.9,14.3,2,4,92.6,24.6,2,1.45
P-001189,2025-08-01,8,181.2,7.7,2,4,93.2,20.1,1,1.3
P-001189,2025-09-01,9,185.5,1.2,2,3,96.3,22.4,1,1.27
P-001189,2025-10-01,10,166.4,6.0,1,3,100.8,12.7,3,1.47
P-001189,2025-11-01,11,185.1,7.9,1,6,95.2,23.7,2,1.65
P-001189,2025-12-01,12,180.6,6.0,0,5,94.9,14.7,2,1.46
P-001190,2025-01-01,1,176.5,12.3,3,5,97.4,24.6,1,1.19
P-001190,2025-02-01,2,172.7,7.8,1,6,94.6,17.2,1,1.59
P-001190,2025-03-01,3,186.2,4.9,1,6,97.0,19.9,1,1.05
P-001190,2025-04-01,4,176.0,6.4,2,4,92.2,20.5,2,1.59
P-001190,2025-05-01,5,171.7,10.1,2,4,93.6,16.8,2,1.43
P-001190,2025-06-01,6,177.0,6.5,2,5,93.5,20.9,2,1.68
P-001190,2025-07-01,7,166.4,6.1,0,3,93.3,12.3,1,1.66
P-001190,2025-08-01,8,181.9,5.6,1,6,98.3,20.2,2,1.26
P-001190,2025-09-01,9,187.2,0.7,3,4,97.2,29.7,2,1.8
P-001190,2025-10-01,10,174.2,9.8,3,3,88.1,22.2,1,1.75
P-001190,2025-11-01,11,179.9,6.3,2,5,93.8,22.0,3,1.52
P-001190,2025-12-01,12,174.3,8.7,3,5,93.6,20.9,3,1.16
P-001191,2025-01-01,1,181.4,1.9,0,4,101.5,15.6,1,1.41
P-001191,2025-02-01,2,170.5,0.0,1,5,96.3,16.3,1,1.0
P-001191,2025-03-01,3,179.3,6.3,1,4,96.7,21.3,1,1.26
P-001191,2025-04-01,4,222.7,39.2,2,5,53.1,63.8,2,3.27
P-001191,2025-05-01,5,169.9,0.8,4,6,93.2,23.7,1,1.53
P-001191,2025-06-01,6,174.4,10.7,5,5,95.6,27.7,2,1.61
P-001191,2025-07-01,7,169.4,6.1,1,4,93.1,17.0,1,1.03
P-001191,2025-08-01,8,185.7,2.3,3,5,94.1,18.2,2,1.32
P-001191,2025-09-01,9,182.9,2.7,1,4,96.3,15.9,1,1.0
P-001191,2025-10-01,10,181.3,12.7,2,6,90.7,29.0,3,1.16
P-001191,2025-11-01,11,173.2,14.5,3,5,80.9,29.6,1,1.54
P-001191,2025-12-01,12,174.1,5.0,3,4,96.8,18.0,1,1.04
P-001192,2025-01-01,1,170.4,9.5,1,5,91.5,23.4,4,1.64
P-001192,2025-02-01,2,173.7,6.1,3,6,96.3,19.6,4,1.09
P-001192,2025-03-01,3,172.1,0.7,2,6,91.8,19.2,4,1.74
P-001192,2025-04-01,4,230.1,40.3,2,11,63.2,75.3,4,4.62
P-001192,2025-05-01,5,228.2,56.2,12,11,54.8,91.6,4,4.36
P-001192,2025-06-01,6,244.8,38.7,6,12,51.7,86.4,5,4.13
P-001192,2025-07-01,7,237.1,35.7,7,12,60.9,78.8,4,4.01
P-001192,2025-08-01,8,242.2,44.2,6,11,58.0,87.0,5,4.23
P-001192,2025-09-01,9,178.5,9.6,2,5,90.1,24.1,5,1.41
P-001192,2025-10-01,10,173.8,6.0,2,7,98.4,21.9,4,1.66
P-001192,2025-11-01,11,171.0,0.7,3,5,98.4,19.2,4,1.63
P-001192,2025-12-01,12,167.4,1.9,3,5,100.9,12.7,3,1.13
P-001193,2025-01-01,1,178.6,4.4,4,5,96.4,25.1,3,1.53
P-001193,2025-02-01,2,176.8,0.5,3,4,89.2,21.8,4,1.6
P-001193,2025-03-01,3,178.9,8.3,1,4,85.7,22.6,5,1.58
P-001193,2025-04-01,4,234.9,39.8,5,11,56.8,74.9,4,3.52
P-001193,2025-05-01,5,224.8,48.0,3,13,51.9,79.7,4,4.51
P-001193,2025-06-01,6,243.9,42.9,1,10,66.1,72.8,4,4.16
P-001193,2025-07-01,7,234.7,38.8,3,10,60.6,79.5,3,4.86
P-001193,2025-08-01,8,228.0,35.9,3,11,62.4,59.6,3,3.06
P-001193,2025-09-01,9,177.8,7.5,1,5,88.4,19.4,4,1.28
P-001193,2025-10-01,10,175.4,10.1,0,5,92.0,15.2,4,1.23
P-001193,2025-11-01,11,173.3,5.8,2,4,101.2,14.8,4,1.38
P-001193,2025-12-01,12,183.3,10.9,0,5,87.8,25.9,3,1.63
P-001194,2025-01-01,1,168.0,7.8,0,4,90.7,19.3,3,1.94
P-001194,2025-02-01,2,169.6,10.9,2,5,93.9,15.0,4,1.88
P-001194,2025-03-01,3,163.6,6.7,4,6,99.8,17.6,5,1.43
P-001194,2025-04-01,4,245.6,42.9,1,10,58.4,76.9,5,3.75
P-001194,2025-05-01,5,246.6,44.6,6,8,66.9,83.8,5,4.05
P-001194,2025-06-01,6,239.5,38.8,5,9,53.5,83.5,3,3.52
P-001194,2025-07-01,7,237.2,30.5,2,12,61.0,68.4,4,3.65
P-001194,2025-08-01,8,244.7,27.1,9,11,65.4,85.2,5,4.59
P-001194,2025-09-01,9,184.3,6.8,3,3,96.7,22.5,4,1.31
P-001194,2025-10-01,10,173.8,0.0,2,4,95.1,12.8,3,1.51
P-001194,2025-11-01,11,183.7,5.4,1,3,95.2,22.3,4,1.02
P-001194,2025-12-01,12,183.4,9.8,0,4,91.9,21.7,5,1.0
P-001195,2025-01-01,1,183.0,0.9,2,5,99.3,17.4,5,1.62
P-001195,2025-02-01,2,177.9,8.4,1,6,95.9,24.5,5,1.69
P-001195,2025-03-01,3,238.9,29.7,8,15,66.1,78.2,4,4.12
P-001195,2025-04-01,4,231.8,42.1,4,11,59.2,71.6,3,3.22
P-001195,2025-05-01,5,244.9,40.6,2,9,56.1,77.0,5,5.0
P-001195,2025-06-01,6,219.4,47.9,5,8,47.7,70.1,3,4.16
P-001195,2025-07-01,7,245.7,43.7,8,13,62.0,93.6,4,4.33
P-001195,2025-08-01,8,239.6,32.3,5,11,54.0,74.6,4,3.96
P-001195,2025-09-01,9,228.5,20.9,5,14,68.3,66.1,3,4.29
P-001195,2025-10-01,10,176.5,4.8,1,3,89.5,18.2,5,1.07
P-001195,2025-11-01,11,175.5,10.3,1,4,92.9,26.0,4,1.42
P-001195,2025-12-01,12,180.4,3.9,2,4,97.7,20.4,4,1.4
P-001196,2025-01-01,1,181.4,10.1,5,3,87.3,26.3,3,1.56
P-001196,2025-02-01,2,168.2,4.4,1,3,94.9,10.8,4,1.07
P-001196,2025-03-01,3,175.6,5.1,3,6,93.8,22.5,3,1.03
P-001196,2025-04-01,4,241.0,41.4,3,9,52.1,80.3,4,4.01
P-001196,2025-05-01,5,249.0,38.6,10,15,60.3,91.1,5,4.35
P-001196,2025-06-01,6,227.9,41.2,6,10,47.8,78.3,4,3.34
P-001196,2025-07-01,7,247.2,47.1,6,11,63.3,86.9,5,4.44
P-001196,2025-08-01,8,242.1,36.7,5,10,70.8,83.5,5,3.91
P-001196,2025-09-01,9,176.6,10.8,1,4,88.7,19.0,5,1.31
P-001196,2025-10-01,10,177.1,7.2,1,3,102.0,14.8,4,1.04
P-001196,2025-11-01,11,172.1,8.1,2,6,95.0,17.9,5,1.16
P-001196,2025-12-01,12,176.6,1.9,3,6,94.1,26.4,5,1.41
P-001197,2025-01-01,1,181.2,6.6,3,4,90.8,30.4,2,1.54
P-001197,2025-02-01,2,172.4,0.0,4,4,94.4,24.9,3,1.25
P-001197,2025-03-01,3,176.1,0.9,2,4,91.7,18.4,2,1.55
P-001197,2025-04-01,4,190.1,0.0,1,4,92.8,23.0,1,1.44
P-001197,2025-05-01,5,176.2,15.5,4,4,93.8,21.7,2,1.53
P-001197,2025-06-01,6,170.9,9.9,4,4,97.4,22.5,1,1.14
P-001197,2025-07-01,7,170.0,2.5,5,4,89.2,18.3,3,1.7
P-001197,2025-08-01,8,180.6,11.7,1,6,84.9,25.2,2,1.56
P-001197,2025-09-01,9,172.7,0.0,1,5,90.8,13.9,2,1.32
P-001197,2025-10-01,10,179.0,11.2,2,7,99.3,25.2,3,1.77
P-001197,2025-11-01,11,169.6,1.5,2,5,91.0,17.0,1,1.06
P-001197,2025-12-01,12,186.6,10.6,5,4,88.9,35.4,2,1.3
P-001198,2025-01-01,1,178.6,7.6,1,6,94.4,20.0,5,1.1
P-001198,2025-02-01,2,181.9,14.9,1,5,80.9,23.8,4,1.28
P-001198,2025-03-01,3,178.2,7.2,2,4,90.5,21.1,5,1.33
P-001198,2025-04-01,4,241.1,41.4,3,11,59.3,79.0,5,4.45
P-001198,2025-05-01,5,259.3,43.4,4,10,53.8,86.8,5,4.19
P-001198,2025-06-01,6,242.2,48.1,8,12,52.7,96.4,5,3.86
P-001198,2025-07-01,7,242.4,41.2,8,11,48.2,82.3,5,3.36
P-001198,2025-08-01,8,244.1,33.3,10,12,72.0,82.2,4,3.49
P-001198,2025-09-01,9,238.4,53.7,4,12,45.9,90.9,5,4.53
P-001198,2025-10-01,10,240.0,35.3,5,11,63.1,79.4,4,4.73
P-001198,2025-11-01,11,248.3,31.3,6,8,61.4,77.7,5,4.25
P-001198,2025-12-01,12,169.5,6.3,2,5,90.1,19.6,5,1.43
P-001199,2025-01-01,1,176.7,8.6,2,4,87.9,23.9,3,1.57
P-001199,2025-02-01,2,182.4,8.0,1,4,89.8,23.7,3,1.96
P-001199,2025-03-01,3,173.5,8.1,2,5,91.8,23.1,4,1.0
P-001199,2025-04-01,4,239.3,40.3,10,10,59.5,81.0,4,3.89
P-001199,2025-05-01,5,232.9,36.5,6,9,63.5,72.9,3,3.34
P-001199,2025-06-01,6,226.8,43.9,4,7,61.5,72.9,3,3.76
P-001199,2025-07-01,7,232.7,48.4,9,7,50.9,86.3,4,4.24
P-001199,2025-08-01,8,241.9,37.7,9,11,58.3,86.6,5,4.73
P-001199,2025-09-01,9,179.1,0.8,2,5,93.0,16.1,4,1.0
P-001199,2025-10-01,10,163.2,14.9,0,6,85.9,17.2,3,1.75
P-001199,2025-11-01,11,171.1,6.0,0,5,87.0,12.4,4,1.13
P-001199,2025-12-01,12,167.4,2.9,3,7,92.8,16.7,3,1.26
P-001200,2025-01-01,1,171.9,0.0,1,4,98.9,12.6,1,1.05
P-001200,2025-02-01,2,178.4,2.4,0,5,89.0,13.3,2,1.0
P-001200,2025-03-01,3,167.0,4.7,2,4,94.7,15.0,1,1.29
P-001200,2025-04-01,4,232.5,42.8,4,7,60.8,65.5,2,3.05
P-001200,2025-05-01,5,171.9,3.9,5,6,97.0,21.4,3,1.56
P-001200,2025-06-01,6,176.7,6.6,1,4,93.9,15.5,2,1.0
P-001200,2025-07-01,7,184.6,2.7,2,5,90.3,19.0,1,1.26
P-001200,2025-08-01,8,176.0,7.1,4,3,89.9,24.8,2,1.38
P-001200,2025-09-01,9,171.3,3.5,2,6,88.4,17.8,2,1.83
P-001200,2025-10-01,10,183.2,3.5,4,7,86.4,28.1,2,1.0
P-001200,2025-11-01,11,178.8,1.3,2,5,88.4,25.9,1,1.57
P-001200,2025-12-01,12,183.8,10.8,3,4,89.3,26.2,2,1.08
P-001201,2025-01-01,1,173.1,6.7,2,5,84.8,20.9,5,1.54
P-001201,2025-02-01,2,174.2,5.1,1,3,96.9,13.3,4,1.73
P-001201,2025-03-01,3,174.4,9.1,1,5,88.9,23.4,5,1.67
P-001201,2025-04-01,4,249.7,42.6,7,10,63.6,87.0,5,4.28
P-001201,2025-05-01,5,235.0,45.6,7,10,65.0,76.6,5,3.64
P-001201,2025-06-01,6,238.6,45.7,9,11,58.7,93.8,5,4.77
P-001201,2025-07-01,7,229.6,34.0,3,11,49.9,76.6,4,4.06
P-001201,2025-08-01,8,239.2,41.5,8,11,49.6,86.4,5,3.63
P-001201,2025-09-01,9,235.4,38.2,14,9,52.9,85.0,4,3.29
P-001201,2025-10-01,10,227.6,45.6,7,13,56.3,83.5,4,4.76
P-001201,2025-11-01,11,233.4,48.1,5,16,55.3,86.8,4,4.22
P-001201,2025-12-01,12,178.2,5.2,5,4,99.0,30.0,5,1.0
P-001202,2025-01-01,1,157.5,3.8,2,6,85.1,15.9,2,1.0
P-001202,2025-02-01,2,168.6,10.5,0,3,95.9,9.9,2,1.0
P-001202,2025-03-01,3,175.9,5.3,1,3,87.4,18.0,3,1.7
P-001202,2025-04-01,4,210.0,36.5,2,7,54.0,56.7,1,2.43
P-001202,2025-05-01,5,174.2,8.0,3,4,93.6,29.3,2,1.52
P-001202,2025-06-01,6,173.4,8.9,3,5,87.5,25.9,2,1.35
P-001202,2025-07-01,7,179.6,8.6,1,4,97.4,24.1,1,1.55
P-001202,2025-08-01,8,185.5,9.5,2,4,84.3,22.2,2,1.35
P-001202,2025-09-01,9,183.1,9.1,4,5,93.9,27.0,1,1.57
P-001202,2025-10-01,10,174.2,8.8,4,4,88.6,24.0,2,2.17
P-001202,2025-11-01,11,173.5,4.6,5,5,94.5,27.2,3,1.79
P-001202,2025-12-01,12,169.4,7.6,4,5,88.0,23.0,1,1.27
P-001203,2025-01-01,1,175.3,5.6,1,3,94.1,16.4,2,1.69
P-001203,2025-02-01,2,173.2,13.2,0,5,96.1,19.2,1,1.45
P-001203,2025-03-01,3,178.0,3.9,3,6,93.1,27.1,3,1.6
P-001203,2025-04-01,4,220.8,28.8,1,9,55.1,57.4,1,2.84
P-001203,2025-05-01,5,169.8,10.3,2,4,87.4,21.7,1,1.66
P-001203,2025-06-01,6,174.0,5.3,3,5,96.2,22.4,2,1.3
P-001203,2025-07-01,7,179.4,3.6,1,4,88.6,19.8,1,1.27
P-001203,2025-08-01,8,179.3,5.2,1,5,94.5,24.0,2,1.83
P-001203,2025-09-01,9,160.2,5.5,1,6,93.3,9.0,1,1.77
P-001203,2025-10-01,10,185.3,15.3,3,5,84.2,31.8,2,1.51
P-001203,2025-11-01,11,176.8,10.8,1,6,91.1,24.9,1,1.19
P-001203,2025-12-01,12,174.1,0.7,1,4,88.0,14.0,1,1.0
P-001204,2025-01-01,1,179.9,6.7,5,4,93.0,26.5,4,1.02
P-001204,2025-02-01,2,176.6,10.0,1,5,92.9,17.5,4,1.5
P-001204,2025-03-01,3,234.0,36.1,3,8,57.1,63.6,3,3.96
P-001204,2025-04-01,4,241.3,33.0,3,11,59.9,72.2,4,3.94
P-001204,2025-05-01,5,232.3,32.3,5,13,65.4,70.2,4,3.89
P-001204,2025-06-01,6,235.0,34.3,9,9,56.6,80.8,4,4.27
P-001204,2025-07-01,7,229.5,27.7,5,11,66.8,67.0,3,3.64
P-001204,2025-08-01,8,230.6,37.1,3,13,63.9,74.4,4,4.23
P-001204,2025-09-01,9,237.0,41.6,7,11,62.4,81.2,3,3.44
P-001204,2025-10-01,10,190.7,3.8,2,4,94.1,28.4,4,1.26
P-001204,2025-11-01,11,177.2,11.1,4,4,91.8,33.2,4,1.49
P-001204,2025-12-01,12,168.2,3.5,3,4,100.6,19.4,4,1.58
P-001205,2025-01-01,1,180.1,4.3,1,5,94.3,17.8,4,1.21
P-001205,2025-02-01,2,177.0,2.4,0,5,93.8,10.8,3,1.45
P-001205,2025-03-01,3,170.3,4.0,3,6,94.2,19.7,4,1.76
P-001205,2025-04-01,4,233.1,38.1,8,8,59.7,74.0,3,4.06
P-001205,2025-05-01,5,240.4,40.2,7,8,57.6,80.6,4,3.64
P-001205,2025-06-01,6,241.0,35.3,4,11,61.2,76.3,5,4.16
P-001205,2025-07-01,7,232.4,22.0,8,11,71.7,70.0,4,4.63
P-001205,2025-08-01,8,232.3,40.2,5,10,61.8,75.3,4,4.14
P-001205,2025-09-01,9,164.0,9.4,1,4,96.6,14.1,4,1.32
P-001205,2025-10-01,10,179.9,3.7,1,3,89.8,14.9,3,1.04
P-001205,2025-11-01,11,173.0,4.8,4,7,94.4,18.6,4,1.63
P-001205,2025-12-01,12,175.8,7.8,3,5,96.8,23.3,3,1.43
P-001206,2025-01-01,1,179.2,11.4,2,4,92.2,23.5,5,1.48
P-001206,2025-02-01,2,180.6,0.0,2,6,95.1,23.4,5,1.42
P-001206,2025-03-01,3,174.9,0.0,0,4,91.1,14.7,4,1.39
P-001206,2025-04-01,4,245.6,39.6,12,6,62.9,84.2,5,3.14
P-001206,2025-05-01,5,241.8,41.3,7,12,57.6,80.8,5,4.22
P-001206,2025-06-01,6,238.5,36.5,6,13,54.8,92.8,4,4.52
P-001206,2025-07-01,7,238.8,33.4,3,8,63.6,68.8,5,3.9
P-001206,2025-08-01,8,248.1,40.6,13,12,71.6,97.2,5,4.37
P-001206,2025-09-01,9,248.8,30.3,8,13,64.4,83.7,5,4.67
P-001206,2025-10-01,10,240.6,20.0,6,11,53.0,77.0,5,4.2
P-001206,2025-11-01,11,253.8,37.4,10,13,54.5,93.9,5,4.72
P-001206,2025-12-01,12,167.2,4.1,4,3,89.4,26.6,5,1.91
P-001207,2025-01-01,1,166.6,3.6,0,5,94.3,14.7,1,1.88
P-001207,2025-02-01,2,251.4,40.4,6,8,53.5,80.1,4,3.06
P-001207,2025-03-01,3,246.5,44.2,5,10,51.7,83.3,4,3.85
P-001207,2025-04-01,4,236.6,43.1,3,8,55.8,75.8,4,4.37
P-001207,2025-05-01,5,234.9,51.2,5,12,57.3,82.7,4,4.1
P-001207,2025-06-01,6,168.2,6.6,1,4,93.4,13.4,1,1.7
P-001207,2025-07-01,7,166.0,8.8,4,5,100.8,25.4,1,1.83
P-001207,2025-08-01,8,172.1,5.3,0,4,91.6,12.7,1,1.56
P-001207,2025-09-01,9,164.8,7.4,3,4,104.0,18.0,1,1.06
P-001207,2025-10-01,10,171.6,3.2,5,3,93.0,24.1,1,1.36
P-001207,2025-11-01,11,175.9,0.8,3,5,96.0,17.7,1,1.67
P-001207,2025-12-01,12,181.0,9.0,0,4,98.4,16.6,1,1.6
P-001208,2025-01-01,1,179.5,1.3,0,4,97.1,19.9,4,1.47
P-001208,2025-02-01,2,173.0,3.0,0,5,90.8,10.5,4,1.18
P-001208,2025-03-01,3,169.7,10.6,5,4,85.9,24.3,5,1.36
P-001208,2025-04-01,4,224.3,42.3,1,11,61.8,65.0,3,3.69
P-001208,2025-05-01,5,233.4,27.9,10,8,64.2,83.4,3,3.82
P-001208,2025-06-01,6,235.1,37.6,6,12,56.7,78.4,4,4.84
P-001208,2025-07-01,7,245.7,44.4,5,9,65.8,87.3,5,4.41
P-001208,2025-08-01,8,232.8,33.3,6,12,59.9,74.1,3,3.53
P-001208,2025-09-01,9,172.0,1.7,2,4,91.7,20.7,4,1.85
P-001208,2025-10-01,10,173.7,4.1,3,5,95.2,23.5,5,1.31
P-001208,2025-11-01,11,163.6,6.4,3,4,93.2,14.9,3,1.0
P-001208,2025-12-01,12,170.7,3.5,0,6,98.2,17.8,3,2.04
P-001209,2025-01-01,1,172.1,5.4,2,4,91.9,21.1,1,1.71
P-001209,2025-02-01,2,236.8,58.7,8,12,44.5,91.8,4,4.22
P-001209,2025-03-01,3,232.9,38.0,5,9,57.4,74.6,4,3.84
P-001209,2025-04-01,4,240.4,41.4,3,13,60.9,75.4,4,4.33
P-001209,2025-05-01,5,235.4,38.2,8,13,54.4,85.0,4,4.44
P-001209,2025-06-01,6,169.0,6.1,0,4,91.5,12.5,1,1.49
P-001209,2025-07-01,7,167.3,1.7,0,5,103.8,8.4,1,1.16
P-001209,2025-08-01,8,183.9,11.6,1,6,94.0,24.5,1,1.0
P-001209,2025-09-01,9,174.6,5.5,1,5,85.0,24.2,1,1.71
P-001209,2025-10-01,10,183.4,12.6,1,4,100.9,25.4,1,1.21
P-001209,2025-11-01,11,159.0,8.9,0,4,89.6,15.0,1,1.81
P-001209,2025-12-01,12,179.8,6.7,3,5,93.4,28.7,1,1.7
P-001210,2025-01-01,1,176.5,7.9,5,4,94.0,28.0,2,1.75
P-001210,2025-02-01,2,181.4,6.1,0,4,80.5,21.1,3,1.65
P-001210,2025-03-01,3,175.8,1.6,1,5,90.9,18.8,1,1.62
P-001210,2025-04-01,4,169.0,6.8,2,3,82.7,17.1,2,1.25
P-001210,2025-05-01,5,164.5,10.1,1,4,96.7,17.2,1,1.0
P-001210,2025-06-01,6,172.0,5.6,1,5,92.9,22.5,3,1.51
P-001210,2025-07-01,7,183.1,10.2,3,5,92.5,26.4,1,1.0
P-001210,2025-08-01,8,165.9,7.5,2,6,91.0,20.6,1,1.8
P-001210,2025-09-01,9,167.3,4.2,1,5,98.6,9.6,1,1.05
P-001210,2025-10-01,10,173.7,5.6,3,4,93.5,20.2,2,1.72
P-001210,2025-11-01,11,166.0,7.4,5,6,95.2,22.1,2,1.35
P-001210,2025-12-01,12,174.1,0.0,5,4,96.2,23.2,1,1.24
P-001211,2025-01-01,1,177.5,4.9,2,5,96.4,22.4,2,1.51
P-001211,2025-02-01,2,168.2,3.7,4,4,93.5,21.5,1,1.05
P-001211,2025-03-01,3,166.2,9.5,3,6,86.0,23.2,2,1.72
P-001211,2025-04-01,4,184.6,10.5,0,5,97.4,20.5,2,1.66
P-001211,2025-05-01,5,173.7,4.7,1,7,89.5,24.8,2,1.32
P-001211,2025-06-01,6,170.3,3.7,2,5,91.9,20.8,1,1.56
P-001211,2025-07-01,7,175.1,11.3,3,5,96.2,21.4,1,1.74
P-001211,2025-08-01,8,173.2,3.2,1,6,89.9,18.6,1,1.58
P-001211,2025-09-01,9,181.4,5.2,1,3,89.9,13.9,2,1.14
P-001211,2025-10-01,10,174.3,0.0,1,4,90.3,9.7,2,1.06
P-001211,2025-11-01,11,170.8,13.6,4,5,92.0,24.2,1,1.69
P-001211,2025-12-01,12,169.7,8.2,2,6,92.3,16.8,1,1.05
P-001212,2025-01-01,1,177.5,4.8,2,5,90.2,19.4,4,1.37
P-001212,2025-02-01,2,165.0,1.4,1,3,93.0,11.9,4,1.31
P-001212,2025-03-01,3,170.5,1.1,1,5,93.1,19.2,3,1.47
P-001212,2025-04-01,4,227.8,35.1,4,11,59.9,69.5,3,3.52
P-001212,2025-05-01,5,232.1,37.7,6,11,65.0,74.6,5,3.68
P-001212,2025-06-01,6,236.2,51.5,5,9,55.4,81.1,4,4.3
P-001212,2025-07-01,7,231.4,26.7,6,15,66.7,75.5,5,4.59
P-001212,2025-08-01,8,248.1,55.3,4,9,58.7,85.9,5,4.55
P-001212,2025-09-01,9,184.8,5.3,3,4,86.2,20.2,4,1.0
P-001212,2025-10-01,10,184.6,6.5,2,7,100.9,25.6,5,1.61
P-001212,2025-11-01,11,181.4,5.6,1,4,90.8,16.4,4,1.13
P-001212,2025-12-01,12,169.9,12.7,3,4,93.6,22.1,5,1.69
P-001213,2025-01-01,1,173.3,10.1,1,5,92.5,23.4,5,1.25
P-001213,2025-02-01,2,181.4,11.4,1,5,92.6,23.2,4,1.63
P-001213,2025-03-01,3,239.6,28.9,8,10,60.8,79.4,4,4.99
P-001213,2025-04-01,4,244.9,41.4,2,12,63.4,77.8,4,4.31
P-001213,2025-05-01,5,238.0,38.9,7,10,62.3,83.8,5,3.95
P-001213,2025-06-01,6,234.8,31.0,7,7,59.2,73.9,3,3.44
P-001213,2025-07-01,7,234.0,54.9,10,11,50.6,88.6,4,4.13
P-001213,2025-08-01,8,227.6,37.4,3,11,60.1,64.2,3,3.02
P-001213,2025-09-01,9,237.6,47.9,6,12,58.7,89.4,4,5.0
P-001213,2025-10-01,10,171.8,7.4,2,6,93.4,19.0,5,1.13
P-001213,2025-11-01,11,166.2,5.8,2,3,82.3,20.9,4,1.64
P-001213,2025-12-01,12,173.3,4.0,3,4,89.8,14.8,4,1.61
P-001214,2025-01-01,1,167.9,0.6,3,5,99.2,19.6,1,1.32
P-001214,2025-02-01,2,177.7,8.1,3,4,99.4,14.1,1,1.39
P-001214,2025-03-01,3,182.4,6.7,2,6,98.9,24.4,1,1.33
P-001214,2025-04-01,4,165.3,6.1,3,5,91.9,16.5,2,1.12
P-001214,2025-05-01,5,164.7,13.7,1,5,85.5,17.6,2,1.51
P-001214,2025-06-01,6,170.6,3.0,2,5,92.9,17.1,1,1.25
P-001214,2025-07-01,7,171.7,0.0,2,6,91.5,19.8,2,1.28
P-001214,2025-08-01,8,176.4,3.7,1,5,95.4,17.2,1,1.64
P-001214,2025-09-01,9,174.7,6.3,2,5,93.6,25.2,2,1.49
P-001214,2025-10-01,10,177.2,9.3,1,5,89.0,22.6,2,1.11
P-001214,2025-11-01,11,173.6,10.3,0,5,92.8,19.1,2,1.19
P-001214,2025-12-01,12,180.6,3.2,4,5,95.4,23.5,3,1.51
P-001215,2025-01-01,1,173.6,1.0,2,6,93.0,19.4,1,1.62
P-001215,2025-02-01,2,178.4,9.4,3,4,89.9,26.3,2,1.23
P-001215,2025-03-01,3,175.3,9.0,1,4,89.2,22.9,2,1.21
P-001215,2025-04-01,4,224.3,25.1,5,6,62.1,63.4,2,3.78
P-001215,2025-05-01,5,167.1,10.6,2,6,90.3,23.0,2,1.0
P-001215,2025-06-01,6,180.0,4.0,1,4,96.9,19.7,1,1.36
P-001215,2025-07-01,7,165.1,0.0,2,5,93.8,13.9,3,1.19
P-001215,2025-08-01,8,170.6,5.6,3,5,93.5,25.4,2,1.58
P-001215,2025-09-01,9,172.4,2.4,3,5,93.4,15.4,1,1.2
P-001215,2025-10-01,10,170.3,3.4,3,5,95.0,22.3,1,1.55
P-001215,2025-11-01,11,190.5,8.5,2,5,90.3,21.9,1,1.0
P-001215,2025-12-01,12,179.8,7.5,2,3,92.3,18.2,2,1.56
P-001216,2025-01-01,1,182.7,5.1,5,6,90.2,28.6,4,1.15
P-001216,2025-02-01,2,178.7,7.7,0,5,87.0,19.6,3,1.46
P-001216,2025-03-01,3,176.7,0.0,3,4,97.7,19.0,4,1.11
P-001216,2025-04-01,4,231.5,35.8,2,14,63.6,67.9,3,3.36
P-001216,2025-05-01,5,230.1,47.7,5,10,62.3,77.6,4,3.69
P-001216,2025-06-01,6,245.2,52.5,8,10,56.6,94.6,4,4.27
P-001216,2025-07-01,7,238.4,33.6,5,12,60.0,70.2,4,5.0
P-001216,2025-08-01,8,233.0,25.8,4,9,68.3,66.1,3,4.19
P-001216,2025-09-01,9,171.6,8.4,5,4,89.1,26.9,4,1.37
P-001216,2025-10-01,10,180.7,7.0,1,5,97.4,19.9,5,1.41
P-001216,2025-11-01,11,165.4,6.9,2,4,96.5,13.3,5,1.17
P-001216,2025-12-01,12,174.6,8.6,1,4,86.9,18.1,3,1.73
P-001217,2025-01-01,1,182.4,4.3,2,6,86.6,21.4,1,1.06
P-001217,2025-02-01,2,228.2,50.0,8,8,54.8,86.9,4,3.88
P-001217,2025-03-01,3,235.0,40.2,3,7,57.5,69.7,4,4.23
P-001217,2025-04-01,4,245.8,40.2,11,14,57.6,88.1,4,4.58
P-001217,2025-05-01,5,243.2,33.6,6,8,73.8,75.0,4,3.66
P-001217,2025-06-01,6,173.5,11.1,5,5,89.0,30.4,1,1.55
P-001217,2025-07-01,7,173.6,10.7,0,5,85.4,13.6,1,1.03
P-001217,2025-08-01,8,191.2,3.4,2,6,94.4,27.0,1,1.32
P-001217,2025-09-01,9,184.4,3.3,2,6,98.5,22.4,1,1.46
P-001217,2025-10-01,10,178.3,0.7,3,4,92.1,18.1,1,1.65
P-001217,2025-11-01,11,168.3,10.8,1,3,86.7,17.3,1,1.22
P-001217,2025-12-01,12,184.4,10.1,1,5,91.8,27.1,1,2.09
P-001218,2025-01-01,1,176.7,3.9,0,4,96.0,8.9,1,1.12
P-001218,2025-02-01,2,180.9,8.1,4,6,88.6,27.3,1,1.25
P-001218,2025-03-01,3,179.6,12.3,2,5,92.4,25.3,2,1.23
P-001218,2025-04-01,4,223.1,30.2,6,6,61.1,71.9,2,2.22
P-001218,2025-05-01,5,222.3,30.3,2,8,62.5,60.0,1,2.89
P-001218,2025-06-01,6,173.1,14.8,2,5,88.1,26.3,2,1.61
P-001218,2025-07-01,7,177.7,9.6,2,3,98.0,21.7,1,1.18
P-001218,2025-08-01,8,178.8,10.0,5,3,87.1,29.5,1,1.44
P-001218,2025-09-01,9,179.6,4.8,2,4,92.7,16.3,2,1.41
P-001218,2025-10-01,10,168.8,13.2,0,3,89.0,11.1,2,1.63
P-001218,2025-11-01,11,182.4,7.1,3,3,91.2,20.8,2,1.0
P-001218,2025-12-01,12,181.0,3.1,2,5,93.1,18.7,1,1.58
P-001219,2025-01-01,1,181.4,0.4,1,5,95.8,13.1,5,1.33
P-001219,2025-02-01,2,179.8,6.0,2,3,96.4,25.7,4,1.72
P-001219,2025-03-01,3,177.2,5.0,5,4,93.6,22.8,5,1.41
P-001219,2025-04-01,4,250.2,32.7,13,13,55.9,92.8,5,4.31
P-001219,2025-05-01,5,227.1,29.6,7,13,63.4,74.3,4,4.17
P-001219,2025-06-01,6,246.3,50.7,6,16,53.3,92.6,5,4.75
P-001219,2025-07-01,7,242.9,42.8,5,14,52.8,87.0,5,4.85
P-001219,2025-08-01,8,250.1,42.8,8,11,52.8,93.0,5,4.86
P-001219,2025-09-01,9,233.1,37.4,5,10,51.4,74.9,4,4.1
P-001219,2025-10-01,10,234.4,40.5,4,11,53.3,81.1,4,4.29
P-001219,2025-11-01,11,246.7,46.1,4,10,54.4,83.2,5,4.54
P-001219,2025-12-01,12,168.7,14.0,2,5,89.3,20.9,4,1.39
P-001220,2025-01-01,1,173.1,2.0,3,5,101.0,20.0,2,1.16
P-001220,2025-02-01,2,184.2,6.6,1,4,88.0,25.3,1,1.46
P-001220,2025-03-01,3,169.9,9.6,2,5,94.2,20.6,2,1.37
P-001220,2025-04-01,4,180.2,10.2,3,6,89.1,29.2,3,1.39
P-001220,2025-05-01,5,226.2,46.4,7,9,58.8,70.7,2,2.87
P-001220,2025-06-01,6,186.2,3.0,3,4,91.1,24.5,2,1.07
P-001220,2025-07-01,7,182.1,7.6,1,5,95.9,17.3,3,1.18
P-001220,2025-08-01,8,176.0,0.1,3,5,87.8,19.4,3,1.29
P-001220,2025-09-01,9,172.8,0.0,4,4,93.1,16.4,2,1.21
P-001220,2025-10-01,10,171.7,10.8,4,4,92.4,24.5,2,1.18
P-001220,2025-11-01,11,182.7,7.1,1,4,93.8,18.1,2,1.21
P-001220,2025-12-01,12,175.8,2.7,2,7,95.8,16.0,3,1.79
P-001221,2025-01-01,1,172.3,5.6,2,3,96.0,11.2,2,1.0
P-001221,2025-02-01,2,177.3,11.7,0,6,95.8,23.6,2,1.2
P-001221,2025-03-01,3,180.0,12.8,0,5,86.6,22.1,2,1.6
P-001221,2025-04-01,4,214.5,39.4,5,4,55.1,63.1,1,2.54
P-001221,2025-05-01,5,175.7,3.9,2,6,93.9,17.5,1,1.14
P-001221,2025-06-01,6,172.3,0.0,1,4,92.0,14.1,1,1.12
P-001221,2025-07-01,7,174.6,7.5,2,5,93.5,23.8,2,1.0
P-001221,2025-08-01,8,168.6,6.1,2,3,96.9,11.5,2,1.39
P-001221,2025-09-01,9,179.4,1.4,1,4,89.2,24.8,2,1.58
P-001221,2025-10-01,10,181.5,7.7,0,4,86.1,20.7,1,1.4
P-001221,2025-11-01,11,185.6,9.8,2,4,88.3,22.4,2,1.0
P-001221,2025-12-01,12,168.4,3.8,1,7,93.9,18.9,2,1.62
P-001222,2025-01-01,1,182.4,6.4,3,3,95.2,21.7,2,1.31
P-001222,2025-02-01,2,168.5,9.4,4,4,90.3,19.6,2,1.37
P-001222,2025-03-01,3,180.4,3.6,1,4,95.1,18.5,2,1.35
P-001222,2025-04-01,4,186.3,4.6,0,5,92.1,18.5,2,1.41
P-001222,2025-05-01,5,179.7,11.1,0,6,91.7,22.9,2,1.51
P-001222,2025-06-01,6,240.9,40.1,4,8,51.3,77.9,4,3.51
P-001222,2025-07-01,7,247.3,44.3,11,12,61.1,96.3,4,3.95
P-001222,2025-08-01,8,179.8,11.5,1,4,88.8,22.0,2,1.57
P-001222,2025-09-01,9,173.0,6.4,4,4,92.2,18.2,2,1.0
P-001222,2025-10-01,10,180.8,6.2,1,3,89.9,19.7,2,1.67
P-001222,2025-11-01,11,187.0,3.8,3,5,97.5,24.4,2,1.2
P-001222,2025-12-01,12,177.2,9.3,2,5,96.9,19.4,2,1.34
P-001223,2025-01-01,1,169.6,6.7,1,5,93.8,19.8,4,2.15
P-001223,2025-02-01,2,179.6,1.4,2,3,92.7,15.7,4,1.27
P-001223,2025-03-01,3,178.9,6.6,2,3,97.4,24.7,4,1.0
P-001223,2025-04-01,4,236.4,40.9,4,9,53.8,79.2,3,4.36
P-001223,2025-05-01,5,242.2,36.9,4,12,58.5,79.6,5,4.8
P-001223,2025-06-01,6,234.7,32.8,5,15,65.4,74.6,4,3.74
P-001223,2025-07-01,7,232.9,29.0,7,7,68.0,70.4,3,3.49
P-001223,2025-08-01,8,249.4,45.7,5,11,61.8,85.3,5,4.56
P-001223,2025-09-01,9,174.1,3.0,1,3,97.2,15.5,4,1.24
P-001223,2025-10-01,10,171.8,5.0,4,5,98.5,25.5,5,1.42
P-001223,2025-11-01,11,178.7,10.3,1,4,87.8,21.5,4,1.75
P-001223,2025-12-01,12,172.4,9.8,3,5,95.4,20.0,5,1.49
P-001224,2025-01-01,1,185.0,11.3,1,4,89.4,29.3,1,1.31
P-001224,2025-02-01,2,241.5,54.1,2,10,43.5,82.8,4,4.12
P-001224,2025-03-01,3,237.4,39.8,10,13,78.3,76.3,4,3.77
P-001224,2025-04-01,4,232.2,34.9,14,11,63.8,86.2,4,3.66
P-001224,2025-05-01,5,224.1,47.8,7,13,47.1,85.9,4,4.58
P-001224,2025-06-01,6,179.7,7.4,2,6,98.5,22.0,1,1.87
P-001224,2025-07-01,7,184.5,4.0,1,3,96.0,17.7,1,1.28
P-001224,2025-08-01,8,177.3,6.1,3,5,97.8,26.3,1,1.58
P-001224,2025-09-01,9,174.9,6.3,4,5,93.7,25.6,1,1.44
P-001224,2025-10-01,10,178.6,4.5,0,5,97.9,13.8,1,1.29
P-001224,2025-11-01,11,175.8,3.5,2,4,83.5,21.1,1,1.42
P-001224,2025-12-01,12,169.5,2.4,3,5,82.9,16.3,1,1.53
P-001225,2025-01-01,1,181.8,8.4,1,5,94.0,18.8,3,1.1
P-001225,2025-02-01,2,169.2,0.5,1,5,94.7,10.2,1,1.0
P-001225,2025-03-01,3,188.1,4.9,2,3,101.2,20.9,2,1.58
P-001225,2025-04-01,4,174.3,5.8,4,4,95.3,24.4,2,1.52
P-001225,2025-05-01,5,171.1,15.3,0,5,92.2,24.6,1,1.82
P-001225,2025-06-01,6,173.8,14.2,5,6,94.4,26.2,2,1.44
P-001225,2025-07-01,7,186.0,5.6,3,7,105.2,22.2,2,1.39
P-001225,2025-08-01,8,174.2,4.3,1,5,95.1,20.0,2,1.52
P-001225,2025-09-01,9,174.7,6.3,3,5,91.9,23.8,1,1.6
P-001225,2025-10-01,10,176.9,14.9,3,4,89.4,22.4,2,1.0
P-001225,2025-11-01,11,176.9,1.7,3,6,92.7,23.1,2,1.34
P-001225,2025-12-01,12,173.7,3.8,3,5,96.9,20.6,1,1.43
P-001226,2025-01-01,1,180.6,2.5,2,5,91.3,18.8,4,1.52
P-001226,2025-02-01,2,168.9,4.5,1,4,87.5,10.8,4,1.42
P-001226,2025-03-01,3,237.1,49.6,5,10,58.4,81.6,3,3.36
P-001226,2025-04-01,4,236.4,43.0,8,14,62.7,92.6,4,4.32
P-001226,2025-05-01,5,225.6,36.7,7,9,53.6,79.6,3,3.28
P-001226,2025-06-01,6,233.6,47.0,10,11,59.4,93.7,4,4.26
P-001226,2025-07-01,7,230.3,41.7,5,10,53.0,75.8,4,3.51
P-001226,2025-08-01,8,230.2,39.4,5,10,65.3,72.9,4,4.45
P-001226,2025-09-01,9,232.1,26.2,4,10,67.9,74.3,3,3.77
P-001226,2025-10-01,10,179.4,6.6,1,6,96.7,19.5,4,1.38
P-001226,2025-11-01,11,183.3,6.8,0,6,94.4,19.6,4,1.68
P-001226,2025-12-01,12,180.3,6.6,2,5,93.4,26.1,4,1.31
P-001227,2025-01-01,1,194.7,6.9,2,4,92.9,27.9,2,1.52
P-001227,2025-02-01,2,181.5,6.0,2,4,86.8,27.3,3,1.16
P-001227,2025-03-01,3,180.3,4.6,1,5,93.7,19.8,2,1.39
P-001227,2025-04-01,4,180.4,4.4,1,5,93.5,21.7,1,1.23
P-001227,2025-05-01,5,176.3,7.0,2,4,102.9,20.0,2,1.03
P-001227,2025-06-01,6,181.4,5.7,3,4,94.6,19.9,2,1.55
P-001227,2025-07-01,7,170.4,3.8,0,4,93.7,8.3,1,1.72
P-001227,2025-08-01,8,167.7,3.4,3,5,95.3,21.6,3,1.54
P-001227,2025-09-01,9,173.0,0.4,3,5,96.9,14.0,2,1.0
P-001227,2025-10-01,10,172.5,7.1,4,5,95.5,22.9,1,1.64
P-001227,2025-11-01,11,175.1,5.5,0,4,91.4,11.4,2,1.0
P-001227,2025-12-01,12,171.6,5.4,1,4,96.2,14.3,1,1.54
P-001228,2025-01-01,1,176.1,7.1,1,5,91.1,21.9,5,1.15
P-001228,2025-02-01,2,178.4,8.9,1,5,97.8,20.7,4,1.57
P-001228,2025-03-01,3,183.0,5.9,3,3,90.3,23.7,5,1.21
P-001228,2025-04-01,4,255.5,48.5,8,11,61.6,94.7,5,4.06
P-001228,2025-05-01,5,254.9,40.2,5,16,54.1,84.7,5,4.0
P-001228,2025-06-01,6,238.5,42.2,3,12,65.2,73.8,4,3.84
P-001228,2025-07-01,7,238.4,43.0,6,10,70.5,79.2,4,3.57
P-001228,2025-08-01,8,240.4,37.4,1,12,61.4,77.7,5,4.53
P-001228,2025-09-01,9,247.9,46.6,3,10,60.7,78.9,4,3.75
P-001228,2025-10-01,10,233.9,46.7,7,15,63.4,84.5,4,4.03
P-001228,2025-11-01,11,250.2,46.4,5,14,58.8,90.1,5,4.24
P-001228,2025-12-01,12,169.9,3.9,3,5,88.1,23.4,4,1.0
P-001229,2025-01-01,1,178.8,5.3,0,6,97.7,16.7,2,1.39
P-001229,2025-02-01,2,178.0,0.0,2,5,96.6,20.0,1,1.13
P-001229,2025-03-01,3,177.1,9.3,4,5,85.4,26.7,1,1.24
P-001229,2025-04-01,4,219.6,35.3,4,6,65.3,62.7,2,3.1
P-001229,2025-05-01,5,189.5,2.3,0,3,92.3,20.4,2,1.0
P-001229,2025-06-01,6,173.0,3.3,0,7,91.5,18.8,2,1.44
P-001229,2025-07-01,7,174.3,9.3,2,3,90.2,14.4,2,1.22
P-001229,2025-08-01,8,190.1,5.6,3,4,93.9,29.2,2,1.53
P-001229,2025-09-01,9,176.5,0.0,2,5,90.4,18.4,2,1.54
P-001229,2025-10-01,10,178.2,1.7,1,3,89.7,16.5,3,1.17
P-001229,2025-11-01,11,165.8,14.5,1,5,88.5,16.2,2,1.49
P-001229,2025-12-01,12,172.6,8.9,0,3,99.0,14.2,1,1.1
P-001230,2025-01-01,1,179.6,14.2,3,3,87.1,27.3,1,1.18
P-001230,2025-02-01,2,166.4,5.0,1,3,98.3,12.0,1,1.38
P-001230,2025-03-01,3,177.6,3.5,1,5,86.6,16.9,1,1.59
P-001230,2025-04-01,4,211.4,39.9,3,10,57.7,60.0,2,2.58
P-001230,2025-05-01,5,230.7,28.0,5,12,65.3,72.5,2,3.61
P-001230,2025-06-01,6,165.6,1.2,0,6,88.7,8.2,3,1.36
P-001230,2025-07-01,7,170.8,19.5,1,6,85.9,24.2,1,1.34
P-001230,2025-08-01,8,170.1,2.7,2,3,94.2,21.0,2,1.39
P-001230,2025-09-01,9,186.4,0.7,3,4,94.9,21.9,2,1.0
P-001230,2025-10-01,10,174.9,0.0,2,5,96.5,15.3,1,1.02
P-001230,2025-11-01,11,167.5,2.1,1,4,95.5,8.5,2,1.41
P-001230,2025-12-01,12,171.3,5.8,3,6,94.7,22.1,3,1.02
P-001231,2025-01-01,1,179.7,8.4,2,4,92.6,24.3,5,1.8
P-001231,2025-02-01,2,181.9,11.7,2,4,88.4,24.1,4,1.55
P-001231,2025-03-01,3,174.3,13.1,2,3,94.3,24.0,5,1.76
P-001231,2025-04-01,4,244.2,32.1,7,10,69.5,77.5,4,3.97
P-001231,2025-05-01,5,227.2,42.6,4,8,56.0,73.5,4,3.84
P-001231,2025-06-01,6,232.2,47.3,2,11,57.5,71.8,4,4.36
P-001231,2025-07-01,7,240.8,44.8,1,15,60.5,73.7,5,4.6
P-001231,2025-08-01,8,244.1,45.9,7,8,59.4,84.1,4,4.5
P-001231,2025-09-01,9,232.6,36.3,4,11,68.3,77.8,4,3.86
P-001231,2025-10-01,10,247.1,41.4,10,12,58.0,93.7,5,4.88
P-001231,2025-11-01,11,242.8,38.0,9,8,60.3,89.2,5,5.0
P-001231,2025-12-01,12,169.7,7.6,2,4,94.8,15.9,5,1.52
P-001232,2025-01-01,1,179.9,1.7,3,3,94.2,21.0,4,1.77
P-001232,2025-02-01,2,171.6,6.8,3,6,94.6,22.2,4,1.34
P-001232,2025-03-01,3,173.8,7.2,0,5,91.3,19.8,5,1.5
P-001232,2025-04-01,4,233.8,45.0,5,10,59.7,83.4,5,4.85
P-001232,2025-05-01,5,242.3,45.9,5,14,52.8,88.5,5,4.5
P-001232,2025-06-01,6,241.5,21.0,10,8,73.9,82.3,5,4.44
P-001232,2025-07-01,7,240.2,39.8,7,11,64.0,86.7,5,4.62
P-001232,2025-08-01,8,246.6,51.0,10,12,44.1,98.0,5,5.0
P-001232,2025-09-01,9,242.7,34.1,5,11,56.9,79.8,5,4.35
P-001232,2025-10-01,10,238.5,46.6,9,13,55.0,90.7,4,3.66
P-001232,2025-11-01,11,236.8,48.3,8,12,53.0,83.2,5,4.2
P-001232,2025-12-01,12,181.3,5.9,2,4,95.1,18.0,4,1.89
P-001233,2025-01-01,1,178.8,2.0,0,4,92.4,16.1,2,1.0
P-001233,2025-02-01,2,167.9,7.8,2,6,88.6,18.4,3,1.25
P-001233,2025-03-01,3,168.4,11.0,1,5,90.3,17.5,1,1.36
P-001233,2025-04-01,4,182.9,12.5,2,6,92.2,29.3,1,1.52
P-001233,2025-05-01,5,163.6,1.0,4,5,95.5,22.7,1,1.56
P-001233,2025-06-01,6,171.7,6.1,2,3,94.9,12.2,2,1.22
P-001233,2025-07-01,7,175.0,6.0,1,6,90.0,19.3,2,1.17
P-001233,2025-08-01,8,176.7,9.9,2,6,90.6,28.1,1,1.43
P-001233,2025-09-01,9,184.4,9.1,1,4,97.9,21.9,2,1.02
P-001233,2025-10-01,10,170.5,15.3,5,5,91.7,34.1,2,1.6
P-001233,2025-11-01,11,183.1,3.4,1,5,91.9,16.5,2,1.07
P-001233,2025-12-01,12,186.1,15.2,2,5,96.7,28.1,2,1.61
P-001234,2025-01-01,1,174.1,13.6,1,5,78.3,22.3,2,1.17
P-001234,2025-02-01,2,185.3,2.5,4,3,91.2,23.9,2,1.35
P-001234,2025-03-01,3,175.5,3.3,2,4,95.3,14.2,1,1.28
P-001234,2025-04-01,4,220.8,34.7,5,9,60.1,68.1,3,3.64
P-001234,2025-05-01,5,184.3,6.2,2,5,87.7,25.5,1,1.8
P-001234,2025-06-01,6,176.0,8.4,2,4,96.1,22.8,2,1.59
P-001234,2025-07-01,7,179.4,5.0,2,4,91.8,26.6,3,1.61
P-001234,2025-08-01,8,163.2,8.8,2,7,86.1,24.8,1,1.06
P-001234,2025-09-01,9,174.8,5.4,1,4,92.6,19.9,1,1.29
P-001234,2025-10-01,10,176.4,8.0,2,3,83.2,23.1,1,1.41
P-001234,2025-11-01,11,170.9,2.8,2,3,96.1,13.1,2,1.46
P-001234,2025-12-01,12,170.3,9.3,5,4,87.3,28.6,2,1.19
P-001235,2025-01-01,1,180.7,2.0,3,4,92.0,25.4,4,1.0
P-001235,2025-02-01,2,175.5,7.8,0,4,90.1,19.2,5,1.37
P-001235,2025-03-01,3,236.0,37.3,4,8,56.5,72.1,3,3.25
P-001235,2025-04-01,4,239.0,36.4,6,7,63.6,80.7,4,4.37
P-001235,2025-05-01,5,235.0,43.1,8,9,51.4,87.0,4,4.89
P-001235,2025-06-01,6,239.7,40.3,5,10,58.6,80.6,4,4.32
P-001235,2025-07-01,7,240.0,38.7,7,11,59.5,85.0,5,4.59
P-001235,2025-08-01,8,246.4,30.2,4,10,58.2,72.9,4,3.38
P-001235,2025-09-01,9,243.3,41.0,13,11,52.5,98.0,5,4.54
P-001235,2025-10-01,10,172.6,0.8,2,3,95.1,18.6,5,1.18
P-001235,2025-11-01,11,174.7,8.9,4,4,96.4,21.4,4,1.15
P-001235,2025-12-01,12,178.5,4.1,4,5,88.9,28.1,5,1.53
P-001236,2025-01-01,1,169.1,1.3,0,5,89.1,9.6,4,1.31
P-001236,2025-02-01,2,176.9,9.5,2,6,95.8,21.8,3,1.6
P-001236,2025-03-01,3,170.4,15.5,0,5,91.4,18.4,4,1.01
P-001236,2025-04-01,4,235.3,42.3,7,11,53.6,87.2,4,3.78
P-001236,2025-05-01,5,231.3,37.5,3,10,58.9,75.3,4,4.93
P-001236,2025-06-01,6,242.4,38.0,13,8,63.2,89.7,5,4.25
P-001236,2025-07-01,7,239.4,36.4,4,9,59.1,72.2,3,4.58
P-001236,2025-08-01,8,242.0,30.0,4,8,63.2,73.8,3,4.67
P-001236,2025-09-01,9,173.3,7.5,1,4,91.0,25.0,4,1.81
P-001236,2025-10-01,10,177.6,7.1,2,5,91.3,22.9,5,1.52
P-001236,2025-11-01,11,178.0,9.2,2,4,96.4,23.2,4,1.41
P-001236,2025-12-01,12,180.9,7.9,1,4,90.7,22.1,4,2.02
P-001237,2025-01-01,1,179.1,6.2,2,5,93.9,21.5,3,1.27
P-001237,2025-02-01,2,180.6,4.1,1,3,91.3,15.7,4,1.11
P-001237,2025-03-01,3,237.2,47.3,2,7,56.4,67.2,3,3.05
P-001237,2025-04-01,4,235.2,33.6,3,8,64.5,70.8,3,3.93
P-001237,2025-05-01,5,234.2,46.3,6,7,55.6,81.0,4,4.44
P-001237,2025-06-01,6,240.3,49.4,7,11,51.2,85.4,4,4.37
P-001237,2025-07-01,7,232.3,29.3,5,11,72.4,68.1,4,4.24
P-001237,2025-08-01,8,246.9,47.3,5,10,68.3,86.7,5,4.66
P-001237,2025-09-01,9,242.1,45.4,5,5,48.4,77.8,4,3.11
P-001237,2025-10-01,10,170.1,2.8,5,3,100.9,14.4,4,1.43
P-001237,2025-11-01,11,176.4,4.3,2,4,95.3,18.2,5,1.67
P-001237,2025-12-01,12,185.0,4.8,3,5,97.2,22.2,4,1.13
P-001238,2025-01-01,1,172.7,5.5,1,4,87.9,9.7,4,1.65
P-001238,2025-02-01,2,174.6,2.9,0,5,91.8,15.3,3,1.64
P-001238,2025-03-01,3,182.2,11.1,1,5,89.4,22.6,4,1.39
P-001238,2025-04-01,4,242.0,34.3,6,8,65.5,72.4,3,2.55
P-001238,2025-05-01,5,250.7,49.9,7,15,49.8,94.7,5,4.28
P-001238,2025-06-01,6,237.6,39.6,9,6,59.0,82.8,3,4.1
P-001238,2025-07-01,7,244.5,44.8,4,13,58.3,87.1,5,3.84
P-001238,2025-08-01,8,245.8,42.4,6,11,50.4,80.5,4,3.47
P-001238,2025-09-01,9,182.3,6.7,2,4,90.6,24.7,4,1.32
P-001238,2025-10-01,10,177.8,0.0,2,6,88.1,23.7,4,1.87
P-001238,2025-11-01,11,173.3,0.0,1,4,90.6,15.6,5,1.91
P-001238,2025-12-01,12,177.7,3.0,1,4,94.5,16.8,3,1.69
P-001239,2025-01-01,1,181.7,2.0,1,3,94.9,22.7,5,2.1
P-001239,2025-02-01,2,173.9,0.0,2,5,95.3,19.1,5,1.59
P-001239,2025-03-01,3,179.7,6.1,2,4,96.0,17.0,5,1.15
P-001239,2025-04-01,4,243.0,32.5,6,10,63.1,75.8,4,3.81
P-001239,2025-05-01,5,252.6,45.3,4,10,48.9,94.2,5,4.58
P-001239,2025-06-01,6,241.8,38.4,3,7,64.9,75.7,4,3.61
P-001239,2025-07-01,7,237.3,44.4,4,14,65.7,82.4,4,4.52
P-001239,2025-08-01,8,250.4,41.1,3,10,61.2,84.7,5,4.58
P-001239,2025-09-01,9,249.4,34.4,6,11,53.7,84.6,5,5.0
P-001239,2025-10-01,10,245.8,42.9,14,12,58.1,98.0,5,4.93
P-001239,2025-11-01,11,233.5,44.6,7,12,65.1,82.5,4,4.17
P-001239,2025-12-01,12,176.1,3.9,1,5,90.3,18.4,4,1.29
P-001240,2025-01-01,1,169.8,8.7,2,3,85.4,21.8,2,1.3
P-001240,2025-02-01,2,173.5,1.8,1,6,84.6,15.7,2,1.34
P-001240,2025-03-01,3,177.2,1.4,2,4,87.6,20.1,2,1.02
P-001240,2025-04-01,4,179.1,7.0,2,5,91.7,21.9,2,1.14
P-001240,2025-05-01,5,179.6,6.4,3,3,94.9,25.1,2,1.0
P-001240,2025-06-01,6,241.7,41.5,3,11,59.8,74.5,4,4.14
P-001240,2025-07-01,7,232.2,36.5,8,16,56.9,81.8,4,4.29
P-001240,2025-08-01,8,180.4,9.7,1,6,99.3,26.2,2,1.92
P-001240,2025-09-01,9,176.3,5.5,2,4,97.1,18.9,2,1.18
P-001240,2025-10-01,10,186.3,2.1,1,4,100.3,21.5,2,1.8
P-001240,2025-11-01,11,171.7,3.3,2,4,90.2,15.5,2,1.41
P-001240,2025-12-01,12,177.0,1.1,5,4,89.5,26.7,2,1.71
P-001241,2025-01-01,1,179.2,5.5,1,4,98.7,18.6,4,1.42
P-001241,2025-02-01,2,167.0,12.9,1,5,93.7,15.0,4,1.31
P-001241,2025-03-01,3,231.0,39.1,4,8,68.1,69.9,4,4.72
P-001241,2025-04-01,4,225.3,35.8,4,6,62.1,65.6,3,3.72
P-001241,2025-05-01,5,253.3,28.2,10,14,57.1,86.7,5,4.33
P-001241,2025-06-01,6,237.5,40.1,6,7,67.5,80.5,3,3.95
P-001241,2025-07-01,7,238.6,35.1,3,9,56.7,78.9,4,4.2
P-001241,2025-08-01,8,227.0,31.3,5,8,65.3,71.7,3,3.91
P-001241,2025-09-01,9,246.1,34.9,5,6,58.4,70.4,4,4.18
P-001241,2025-10-01,10,172.5,2.5,2,5,101.0,19.4,4,1.66
P-001241,2025-11-01,11,173.9,0.0,4,6,96.2,21.8,4,1.57
P-001241,2025-12-01,12,187.9,3.9,2,4,94.6,20.6,4,1.0
P-001242,2025-01-01,1,176.7,0.9,2,5,93.2,21.2,3,1.11
P-001242,2025-02-01,2,175.2,1.8,3,5,95.1,20.8,3,1.68
P-001242,2025-03-01,3,175.0,6.8,1,5,94.4,13.7,2,1.87
P-001242,2025-04-01,4,220.5,31.5,4,7,63.0,62.1,2,3.02
P-001242,2025-05-01,5,232.1,47.7,4,11,55.8,75.9,2,3.12
P-001242,2025-06-01,6,160.4,6.3,1,5,91.3,9.3,2,1.0
P-001242,2025-07-01,7,184.6,10.0,4,3,94.0,28.6,1,1.09
P-001242,2025-08-01,8,182.0,4.9,4,4,94.3,20.1,1,1.63
P-001242,2025-09-01,9,183.5,0.0,1,3,92.5,14.0,2,1.28
P-001242,2025-10-01,10,187.2,5.8,3,4,99.1,29.4,2,1.88
P-001242,2025-11-01,11,174.9,2.7,3,4,92.4,17.0,1,1.76
P-001242,2025-12-01,12,172.7,4.7,0,5,96.7,16.5,2,1.0
P-001243,2025-01-01,1,168.4,7.2,1,4,97.9,19.9,2,1.54
P-001243,2025-02-01,2,172.4,9.6,1,3,92.7,18.6,3,1.8
P-001243,2025-03-01,3,180.5,6.3,3,5,90.5,26.3,1,1.3
P-001243,2025-04-01,4,180.4,13.8,4,5,99.9,23.9,2,1.0
P-001243,2025-05-01,5,219.9,35.6,3,6,63.7,66.9,1,2.89
P-001243,2025-06-01,6,182.7,8.1,2,5,92.7,24.3,2,1.78
P-001243,2025-07-01,7,173.1,8.6,3,5,90.6,21.2,2,1.81
P-001243,2025-08-01,8,175.5,1.7,3,4,91.3,19.6,1,1.0
P-001243,2025-09-01,9,176.8,2.1,2,4,82.4,16.1,2,1.14
P-001243,2025-10-01,10,176.7,12.8,0,4,90.9,19.9,2,1.0
P-001243,2025-11-01,11,164.8,1.8,3,5,93.1,14.3,2,1.57
P-001243,2025-12-01,12,163.1,0.7,3,5,101.9,13.8,2,1.0
P-001244,2025-01-01,1,165.1,10.6,1,7,93.1,17.1,4,1.0
P-001244,2025-02-01,2,176.0,0.3,5,4,90.2,26.7,4,1.24
P-001244,2025-03-01,3,239.2,36.4,8,10,65.6,79.2,4,3.62
P-001244,2025-04-01,4,232.2,54.0,2,11,54.3,79.0,4,4.32
P-001244,2025-05-01,5,226.6,41.8,6,14,57.0,82.2,4,4.07
P-001244,2025-06-01,6,238.8,43.5,7,14,58.6,85.7,4,4.13
P-001244,2025-07-01,7,245.0,45.3,5,12,62.1,84.7,5,4.12
P-001244,2025-08-01,8,247.9,28.8,10,10,65.6,85.4,5,4.37
P-001244,2025-09-01,9,233.1,37.2,8,15,49.2,85.1,4,3.66
P-001244,2025-10-01,10,179.3,1.1,1,3,98.2,15.1,4,1.0
P-001244,2025-11-01,11,172.7,4.5,4,6,94.6,18.3,3,1.27
P-001244,2025-12-01,12,178.3,8.5,4,6,84.4,25.8,3,1.62
P-001245,2025-01-01,1,176.3,0.3,0,5,87.2,14.7,2,1.79
P-001245,2025-02-01,2,172.4,5.5,1,4,95.1,15.2,2,1.04
P-001245,2025-03-01,3,174.8,4.0,2,5,89.3,25.1,1,1.39
P-001245,2025-04-01,4,181.1,6.3,2,5,91.9,28.4,1,1.0
P-001245,2025-05-01,5,189.2,8.3,3,5,86.5,28.1,2,1.16
P-001245,2025-06-01,6,168.5,1.3,1,3,94.8,15.7,2,1.15
P-001245,2025-07-01,7,184.8,10.2,1,3,92.2,24.6,1,1.0
P-001245,2025-08-01,8,183.5,13.0,4,5,92.1,27.7,1,1.51
P-001245,2025-09-01,9,175.5,3.7,1,3,96.0,19.8,2,1.41
P-001245,2025-10-01,10,178.5,8.5,0,4,92.0,15.1,1,1.22
P-001245,2025-11-01,11,174.9,0.0,3,5,102.3,20.3,1,1.64
P-001245,2025-12-01,12,183.2,1.0,1,6,95.7,17.1,3,1.43
P-001246,2025-01-01,1,173.8,14.4,0,4,84.8,20.7,4,1.9
P-001246,2025-02-01,2,166.9,10.4,2,4,92.2,18.6,4,1.77
P-001246,2025-03-01,3,170.3,2.7,1,3,91.5,10.4,4,1.33
P-001246,2025-04-01,4,241.9,47.1,3,11,56.5,80.1,5,4.76
P-001246,2025-05-01,5,253.6,31.4,5,13,60.0,81.9,5,4.33
P-001246,2025-06-01,6,243.6,28.7,7,9,71.2,73.8,4,3.58
P-001246,2025-07-01,7,237.4,44.7,1,14,57.1,80.9,4,4.79
P-001246,2025-08-01,8,235.9,39.1,9,9,50.3,84.8,4,4.17
P-001246,2025-09-01,9,241.9,51.2,6,9,50.0,90.2,5,4.79
P-001246,2025-10-01,10,243.1,24.3,6,13,67.8,74.4,5,4.57
P-001246,2025-11-01,11,243.6,34.0,8,14,69.3,81.5,5,4.77
P-001246,2025-12-01,12,182.1,5.4,1,4,87.3,23.1,4,1.0
P-001247,2025-01-01,1,173.5,3.8,1,5,99.3,19.4,1,1.76
P-001247,2025-02-01,2,182.9,6.1,4,4,89.1,27.8,2,1.54
P-001247,2025-03-01,3,185.5,7.5,1,3,94.9,24.1,2,1.5
P-001247,2025-04-01,4,178.1,6.9,4,5,98.6,23.4,2,1.42
P-001247,2025-05-01,5,170.2,6.6,2,6,93.2,14.3,2,1.0
P-001247,2025-06-01,6,175.9,5.2,2,3,94.4,16.0,2,1.38
P-001247,2025-07-01,7,182.3,5.3,1,3,89.6,20.2,1,1.45
P-001247,2025-08-01,8,173.8,0.5,2,4,92.3,15.9,1,1.32
P-001247,2025-09-01,9,171.3,0.9,2,5,92.3,16.7,2,1.23
P-001247,2025-10-01,10,173.8,8.3,0,5,89.8,18.9,2,1.94
P-001247,2025-11-01,11,183.4,7.5,2,3,93.1,20.8,2,1.91
P-001247,2025-12-01,12,183.2,5.4,4,3,92.6,26.4,1,1.22
P-001248,2025-01-01,1,173.3,6.4,5,3,92.2,22.1,2,1.51
P-001248,2025-02-01,2,175.9,8.2,5,5,96.7,27.3,2,1.37
P-001248,2025-03-01,3,185.2,0.0,2,4,88.2,16.9,2,1.0
P-001248,2025-04-01,4,169.0,3.6,4,5,93.2,21.8,2,1.42
P-001248,2025-05-01,5,167.0,2.4,0,5,98.8,8.5,2,1.0
P-001248,2025-06-01,6,238.6,34.3,3,9,68.8,71.3,4,3.74
P-001248,2025-07-01,7,249.6,45.6,8,11,53.6,89.0,4,4.42
P-001248,2025-08-01,8,167.4,10.8,2,4,87.4,20.9,2,1.09
P-001248,2025-09-01,9,175.8,11.5,1,7,90.5,25.0,2,1.41
P-001248,2025-10-01,10,174.3,3.3,4,3,92.6,20.8,2,1.23
P-001248,2025-11-01,11,192.0,0.4,0,4,98.3,17.3,2,1.0
P-001248,2025-12-01,12,179.1,15.0,0,5,90.4,22.4,2,1.07
P-001249,2025-01-01,1,167.4,5.0,2,6,98.5,21.7,5,2.01
P-001249,2025-02-01,2,169.9,4.1,3,5,85.0,18.1,5,1.9
P-001249,2025-03-01,3,176.2,7.7,1,3,100.7,22.6,4,1.35
P-001249,2025-04-01,4,244.4,53.7,8,11,49.9,90.9,5,4.2
P-001249,2025-05-01,5,228.0,41.4,1,11,59.0,75.2,4,4.19
P-001249,2025-06-01,6,233.7,40.4,3,10,54.1,69.6,4,3.94
P-001249,2025-07-01,7,244.9,31.4,6,11,64.2,77.6,4,4.43
P-001249,2025-08-01,8,230.9,34.5,5,7,59.5,65.6,4,3.69
P-001249,2025-09-01,9,239.3,35.5,7,8,61.3,75.3,4,4.27
P-001249,2025-10-01,10,244.2,34.9,4,12,61.3,76.5,4,4.38
P-001249,2025-11-01,11,241.4,45.3,10,13,58.5,93.2,5,4.84
P-001249,2025-12-01,12,178.5,6.3,5,4,94.9,23.0,5,1.6
P-001250,2025-01-01,1,173.9,3.7,1,3,93.1,14.0,4,1.0
P-001250,2025-02-01,2,168.2,9.1,1,4,101.6,18.5,4,1.53
P-001250,2025-03-01,3,241.5,56.3,11,14,49.6,98.0,5,4.19
P-001250,2025-04-01,4,236.1,44.8,2,10,51.4,74.0,4,3.76
P-001250,2025-05-01,5,233.4,40.8,5,14,54.2,78.9,4,4.49
P-001250,2025-06-01,6,234.2,41.5,6,12,65.4,77.0,5,4.25
P-001250,2025-07-01,7,235.3,48.7,8,9,50.0,85.6,5,4.06
P-001250,2025-08-01,8,245.3,44.2,4,14,55.2,92.5,4,4.72
P-001250,2025-09-01,9,243.1,33.2,4,11,64.5,74.2,4,3.98
P-001250,2025-10-01,10,174.8,11.9,5,3,88.1,31.2,4,1.26
P-001250,2025-11-01,11,180.5,5.5,1,5,91.8,23.9,4,1.14
P-001250,2025-12-01,12,180.5,5.1,1,5,89.9,21.6,3,1.49
P-001251,2025-01-01,1,183.9,9.4,1,4,94.2,24.8,1,1.7
P-001251,2025-02-01,2,169.2,6.5,3,5,93.9,18.8,1,1.23
P-001251,2025-03-01,3,166.6,12.1,5,4,89.7,22.1,1,1.22
P-001251,2025-04-01,4,233.7,41.3,3,10,67.7,68.4,2,3.59
P-001251,2025-05-01,5,186.7,5.2,2,4,97.7,23.0,1,1.58
P-001251,2025-06-01,6,181.9,4.4,2,5,100.6,22.5,1,1.14
P-001251,2025-07-01,7,181.0,8.9,2,5,88.0,25.4,3,1.71
P-001251,2025-08-01,8,181.0,11.4,1,5,87.6,25.4,2,1.47
P-001251,2025-09-01,9,179.3,8.1,1,3,89.4,21.0,2,1.39
P-001251,2025-10-01,10,185.5,3.0,3,5,98.3,24.7,1,1.27
P-001251,2025-11-01,11,168.4,8.3,1,5,94.5,24.5,2,1.04
P-001251,2025-12-01,12,172.4,1.6,2,4,97.3,15.9,1,1.54
P-001252,2025-01-01,1,169.8,2.7,2,4,92.6,19.6,2,1.34
P-001252,2025-02-01,2,174.0,5.9,2,6,99.5,16.0,1,1.11
P-001252,2025-03-01,3,178.6,7.0,2,6,86.7,23.7,2,1.48
P-001252,2025-04-01,4,228.3,40.2,1,9,60.0,68.4,2,3.22
P-001252,2025-05-01,5,167.3,9.3,3,5,91.8,27.2,2,1.29
P-001252,2025-06-01,6,176.4,2.8,1,5,97.0,18.7,2,1.59
P-001252,2025-07-01,7,168.8,4.5,1,3,83.5,14.3,2,1.76
P-001252,2025-08-01,8,185.9,7.4,3,4,86.6,26.0,1,1.23
P-001252,2025-09-01,9,169.7,15.7,1,5,87.1,20.7,2,1.91
P-001252,2025-10-01,10,167.2,5.3,2,4,92.1,11.1,2,1.44
P-001252,2025-11-01,11,171.2,8.7,2,4,88.6,18.1,2,1.15
P-001252,2025-12-01,12,182.6,2.6,2,4,90.7,21.4,2,1.1
P-001253,2025-01-01,1,183.0,5.8,2,3,86.4,23.3,1,1.11
P-001253,2025-02-01,2,179.2,3.6,1,5,91.3,25.5,3,1.8
P-001253,2025-03-01,3,182.7,13.7,2,3,93.4,23.8,1,1.29
P-001253,2025-04-01,4,226.6,23.8,4,7,66.8,52.2,2,3.01
P-001253,2025-05-01,5,177.2,7.9,3,5,94.7,21.8,1,1.4
P-001253,2025-06-01,6,179.2,8.2,0,4,93.4,21.2,3,1.0
P-001253,2025-07-01,7,175.5,1.4,2,4,93.0,19.6,3,1.4
P-001253,2025-08-01,8,183.6,7.4,3,4,90.9,25.9,2,1.42
P-001253,2025-09-01,9,168.4,10.4,2,4,90.8,18.2,1,1.52
P-001253,2025-10-01,10,175.6,7.3,3,3,89.8,25.4,2,1.65
P-001253,2025-11-01,11,180.4,1.3,2,4,91.1,27.5,1,1.66
P-001253,2025-12-01,12,181.8,10.5,0,4,92.8,25.2,1,1.65
P-001254,2025-01-01,1,169.7,9.8,0,7,88.3,15.4,2,1.45
P-001254,2025-02-01,2,164.4,1.8,1,4,89.6,16.1,2,1.44
P-001254,2025-03-01,3,175.7,3.2,0,4,105.6,8.4,1,1.0
P-001254,2025-04-01,4,167.5,7.7,1,5,89.8,14.5,2,1.73
P-001254,2025-05-01,5,166.8,7.9,3,4,97.6,20.0,2,1.36
P-001254,2025-06-01,6,173.5,7.8,5,5,95.7,24.0,1,1.7
P-001254,2025-07-01,7,179.9,6.4,2,3,89.8,25.0,2,1.5
P-001254,2025-08-01,8,178.0,6.4,0,4,92.5,15.8,1,1.31
P-001254,2025-09-01,9,175.1,4.5,3,3,99.6,16.9,1,1.9
P-001254,2025-10-01,10,178.0,6.8,3,5,82.8,26.8,1,1.61
P-001254,2025-11-01,11,178.2,8.5,0,5,87.0,19.0,2,1.0
P-001254,2025-12-01,12,168.0,13.5,2,4,94.0,17.5,2,1.58
P-001255,2025-01-01,1,165.7,3.8,5,5,90.4,16.5,1,1.33
P-001255,2025-02-01,2,233.7,41.1,6,12,57.0,80.6,4,4.02
P-001255,2025-03-01,3,235.1,45.0,9,12,54.5,87.9,4,4.05
P-001255,2025-04-01,4,218.8,38.2,6,11,61.0,74.7,4,4.21
P-001255,2025-05-01,5,249.5,48.0,5,10,65.0,83.1,4,4.24
P-001255,2025-06-01,6,168.0,8.5,2,6,94.4,23.1,1,1.08
P-001255,2025-07-01,7,174.6,0.0,4,6,94.8,20.7,1,1.42
P-001255,2025-08-01,8,169.6,9.5,2,5,98.9,23.3,1,2.2
P-001255,2025-09-01,9,178.0,0.8,1,5,88.8,23.1,1,1.18
P-001255,2025-10-01,10,167.7,1.9,1,3,94.1,7.4,1,1.0
P-001255,2025-11-01,11,175.5,4.2,4,6,97.7,23.2,1,1.6
P-001255,2025-12-01,12,169.9,3.7,0,4,93.0,13.2,1,1.02
P-001256,2025-01-01,1,164.5,6.0,4,4,100.2,19.2,1,1.0
P-001256,2025-02-01,2,173.2,8.1,2,4,92.4,19.8,2,1.03
P-001256,2025-03-01,3,175.1,4.7,1,5,93.0,21.4,2,1.98
P-001256,2025-04-01,4,180.4,10.4,1,4,87.3,25.6,2,1.57
P-001256,2025-05-01,5,178.6,1.8,2,4,93.0,22.8,1,1.53
P-001256,2025-06-01,6,176.8,3.8,1,5,97.7,19.6,2,1.72
P-001256,2025-07-01,7,183.0,0.0,2,4,99.3,20.3,2,1.68
P-001256,2025-08-01,8,172.7,6.0,2,4,92.4,24.8,2,1.32
P-001256,2025-09-01,9,180.6,0.0,2,5,93.4,18.1,1,1.26
P-001256,2025-10-01,10,174.7,4.1,2,6,96.0,20.3,2,1.33
P-001256,2025-11-01,11,185.5,9.3,2,4,92.5,21.7,2,1.67
P-001256,2025-12-01,12,178.1,0.1,1,5,100.1,22.6,1,1.23
P-001257,2025-01-01,1,197.3,11.9,1,4,91.0,28.6,1,1.74
P-001257,2025-02-01,2,178.5,0.4,3,4,99.0,22.6,2,2.07
P-001257,2025-03-01,3,181.9,12.9,4,7,90.5,30.1,1,1.53
P-001257,2025-04-01,4,182.1,3.4,1,7,89.9,27.4,2,1.46
P-001257,2025-05-01,5,179.7,9.1,2,3,98.5,23.8,2,1.71
P-001257,2025-06-01,6,175.3,13.7,0,5,84.5,23.1,1,1.36
P-001257,2025-07-01,7,165.8,10.6,4,3,91.4,21.8,2,1.73
P-001257,2025-08-01,8,174.9,9.9,1,5,95.3,15.5,1,1.52
P-001257,2025-09-01,9,172.8,0.0,2,7,93.9,18.3,2,1.4
P-001257,2025-10-01,10,175.6,0.9,1,5,99.1,20.9,1,1.25
P-001257,2025-11-01,11,171.9,5.9,3,5,93.4,21.8,1,1.93
P-001257,2025-12-01,12,173.2,0.0,1,4,88.7,15.9,2,1.4
P-001258,2025-01-01,1,172.9,6.7,3,4,94.4,24.1,1,1.24
P-001258,2025-02-01,2,171.9,7.0,2,3,96.9,16.0,1,1.58
P-001258,2025-03-01,3,167.6,3.7,4,5,92.4,22.7,2,2.03
P-001258,2025-04-01,4,171.1,8.7,5,6,91.0,21.7,2,1.0
P-001258,2025-05-01,5,222.3,25.7,4,10,71.4,62.4,2,2.79
P-001258,2025-06-01,6,178.2,5.5,0,4,93.9,17.1,3,1.28
P-001258,2025-07-01,7,178.7,8.5,5,4,91.9,20.6,2,1.3
P-001258,2025-08-01,8,186.2,5.6,3,5,99.7,25.2,2,1.33
P-001258,2025-09-01,9,170.3,0.0,2,5,95.7,19.5,2,1.69
P-001258,2025-10-01,10,184.5,3.5,1,4,92.4,21.2,2,1.65
P-001258,2025-11-01,11,159.3,1.8,1,4,98.0,5.0,1,1.24
P-001258,2025-12-01,12,172.8,0.0,2,4,95.9,12.0,1,1.26
P-001259,2025-01-01,1,177.9,7.3,3,5,96.4,23.8,5,1.76
P-001259,2025-02-01,2,166.6,7.8,4,4,93.1,19.6,5,1.45
P-001259,2025-03-01,3,233.0,39.1,7,9,56.1,82.4,4,4.26
P-001259,2025-04-01,4,239.5,34.0,8,12,62.6,81.9,4,3.54
P-001259,2025-05-01,5,235.1,34.7,4,12,57.0,81.4,4,4.05
P-001259,2025-06-01,6,240.7,41.7,2,12,60.8,77.3,4,3.66
P-001259,2025-07-01,7,249.4,34.9,9,7,61.3,79.6,4,3.49
P-001259,2025-08-01,8,239.9,32.5,7,11,66.6,76.4,4,3.85
P-001259,2025-09-01,9,251.6,38.8,8,9,56.4,91.9,5,4.43
P-001259,2025-10-01,10,172.1,2.3,3,6,92.5,20.9,4,1.51
P-001259,2025-11-01,11,169.8,9.8,1,5,90.3,17.7,5,1.51
P-001259,2025-12-01,12,173.0,8.3,1,5,91.3,23.0,4,1.71
P-001260,2025-01-01,1,159.2,5.8,3,4,98.2,13.2,3,1.0
P-001260,2025-02-01,2,173.3,7.8,1,6,89.2,21.0,2,1.06
P-001260,2025-03-01,3,177.8,5.4,2,5,94.4,20.2,2,1.69
P-001260,2025-04-01,4,221.9,36.8,2,9,63.3,63.5,1,3.3
P-001260,2025-05-01,5,177.0,3.7,3,4,95.2,13.6,2,1.03
P-001260,2025-06-01,6,173.9,11.1,2,4,95.1,19.3,2,1.36
P-001260,2025-07-01,7,180.0,11.8,1,3,89.1,20.9,2,1.17
P-001260,2025-08-01,8,180.0,7.1,2,3,94.4,26.8,1,1.52
P-001260,2025-09-01,9,187.3,3.5,0,5,94.0,15.5,1,1.44
P-001260,2025-10-01,10,187.1,0.0,0,4,94.9,17.7,1,1.0
P-001260,2025-11-01,11,179.2,11.9,1,3,91.9,14.1,1,1.36
P-001260,2025-12-01,12,178.2,7.8,0,3,99.0,12.4,1,1.11
P-001261,2025-01-01,1,183.1,10.1,1,5,94.4,24.9,4,1.37
P-001261,2025-02-01,2,175.4,0.0,4,5,95.3,19.6,3,1.0
P-001261,2025-03-01,3,173.6,0.4,1,5,101.8,18.7,3,1.27
P-001261,2025-04-01,4,238.2,45.1,7,11,56.2,88.6,4,3.94
P-001261,2025-05-01,5,234.9,35.9,12,10,60.4,85.8,4,3.58
P-001261,2025-06-01,6,241.9,35.7,10,10,59.5,90.5,4,4.41
P-001261,2025-07-01,7,254.2,39.6,9,10,53.8,92.5,5,4.95
P-001261,2025-08-01,8,235.4,46.3,6,11,56.2,77.7,4,4.08
P-001261,2025-09-01,9,183.2,0.0,3,3,94.2,20.9,4,1.32
P-001261,2025-10-01,10,176.3,0.6,0,4,95.6,17.8,4,1.56
P-001261,2025-11-01,11,171.9,4.4,1,3,96.0,15.3,4,1.36
P-001261,2025-12-01,12,163.7,9.8,2,3,92.9,16.0,5,1.09
P-001262,2025-01-01,1,165.8,3.8,2,4,96.4,11.9,3,1.63
P-001262,2025-02-01,2,170.4,0.6,2,4,99.6,18.8,2,1.71
P-001262,2025-03-01,3,167.7,0.0,1,4,93.0,15.7,1,1.03
P-001262,2025-04-01,4,186.1,0.6,4,4,91.1,26.9,1,1.26
P-001262,2025-05-01,5,202.8,28.3,3,7,58.8,52.7,1,2.43
P-001262,2025-06-01,6,171.7,3.1,5,5,91.6,20.8,2,1.25
P-001262,2025-07-01,7,174.9,2.6,3,5,101.5,16.5,2,1.12
P-001262,2025-08-01,8,177.1,11.1,1,4,93.5,25.1,1,1.19
P-001262,2025-09-01,9,172.9,4.1,3,3,101.8,16.7,1,1.4
P-001262,2025-10-01,10,180.8,12.3,0,3,87.6,21.6,1,2.04
P-001262,2025-11-01,11,184.7,8.0,5,4,91.0,32.0,1,1.97
P-001262,2025-12-01,12,165.9,1.7,3,6,100.5,17.9,1,1.43
P-001263,2025-01-01,1,175.0,13.9,1,3,84.6,24.1,4,1.16
P-001263,2025-02-01,2,175.2,12.2,2,5,94.9,14.4,4,1.43
P-001263,2025-03-01,3,164.5,5.2,2,5,98.9,16.4,3,1.48
P-001263,2025-04-01,4,231.9,43.9,3,7,56.5,67.5,3,3.31
P-001263,2025-05-01,5,246.8,55.5,5,14,64.4,90.0,5,4.58
P-001263,2025-06-01,6,241.1,40.2,5,9,60.9,83.7,4,3.89
P-001263,2025-07-01,7,240.2,49.5,6,13,49.8,91.4,5,3.9
P-001263,2025-08-01,8,261.3,47.9,5,9,54.6,96.1,5,4.52
P-001263,2025-09-01,9,179.5,5.3,1,4,98.1,20.8,4,1.48
P-001263,2025-10-01,10,178.0,6.7,2,4,90.7,19.2,5,1.0
P-001263,2025-11-01,11,174.3,4.6,2,4,93.4,19.2,3,1.0
P-001263,2025-12-01,12,171.2,12.4,1,4,88.4,18.7,3,1.36
P-001264,2025-01-01,1,171.9,1.2,3,4,97.1,14.3,2,1.93
P-001264,2025-02-01,2,174.0,7.4,1,5,94.0,15.0,2,1.25
P-001264,2025-03-01,3,184.9,12.5,3,5,92.6,25.2,2,1.2
P-001264,2025-04-01,4,230.5,42.0,1,11,55.0,70.1,2,3.73
P-001264,2025-05-01,5,222.5,33.0,4,14,58.2,66.3,2,3.39
P-001264,2025-06-01,6,182.4,6.2,1,4,92.1,23.6,1,1.0
P-001264,2025-07-01,7,174.0,0.5,4,4,88.6,18.2,3,1.24
P-001264,2025-08-01,8,176.6,11.9,0,4,88.7,19.3,1,1.57
P-001264,2025-09-01,9,173.5,3.9,1,3,92.4,13.5,2,1.74
P-001264,2025-10-01,10,163.1,10.4,2,6,95.1,22.0,1,2.13
P-001264,2025-11-01,11,181.7,7.8,3,5,98.1,28.2,2,1.41
P-001264,2025-12-01,12,175.6,7.9,1,5,90.1,21.5,3,1.49
P-001265,2025-01-01,1,175.1,2.0,2,5,89.2,16.6,2,1.28
P-001265,2025-02-01,2,168.5,0.7,4,5,96.2,21.2,2,1.38
P-001265,2025-03-01,3,174.9,11.4,0,5,89.6,21.0,2,1.0
P-001265,2025-04-01,4,221.4,39.3,4,10,53.2,72.4,2,3.24
P-001265,2025-05-01,5,219.1,35.7,4,4,59.6,56.9,1,2.52
P-001265,2025-06-01,6,162.5,8.3,4,4,89.6,18.5,2,1.13
P-001265,2025-07-01,7,174.4,0.0,5,3,93.2,26.4,2,1.8
P-001265,2025-08-01,8,175.4,0.0,2,5,97.7,23.2,3,1.59
P-001265,2025-09-01,9,186.6,8.2,2,5,91.7,25.4,1,1.35
P-001265,2025-10-01,10,180.0,0.0,3,5,94.6,23.0,2,1.24
P-001265,2025-11-01,11,182.0,10.6,2,4,92.4,24.7,3,1.62
P-001265,2025-12-01,12,180.4,7.1,2,3,90.9,21.6,1,1.43
P-001266,2025-01-01,1,168.4,0.0,1,5,94.6,18.3,4,1.45
P-001266,2025-02-01,2,169.0,3.8,0,5,88.2,13.1,3,1.63
P-001266,2025-03-01,3,243.1,41.7,3,10,56.6,79.8,3,3.35
P-001266,2025-04-01,4,240.7,39.9,10,14,58.2,91.7,5,5.0
P-001266,2025-05-01,5,230.8,32.2,3,9,64.7,65.4,3,3.15
P-001266,2025-06-01,6,235.1,31.7,2,11,60.1,72.5,4,4.3
P-001266,2025-07-01,7,231.2,28.0,10,12,62.4,79.0,4,3.88
P-001266,2025-08-01,8,223.2,19.2,9,9,65.7,65.4,3,4.06
P-001266,2025-09-01,9,246.0,34.3,6,9,61.5,81.2,4,3.99
P-001266,2025-10-01,10,171.9,8.0,5,6,87.3,26.1,5,1.1
P-001266,2025-11-01,11,174.0,4.6,2,6,92.8,15.5,5,1.0
P-001266,2025-12-01,12,172.1,5.3,2,3,92.3,17.0,4,1.38
P-001267,2025-01-01,1,168.4,8.7,0,4,88.0,16.6,1,1.37
P-001267,2025-02-01,2,176.7,9.7,2,5,90.0,28.4,3,1.32
P-001267,2025-03-01,3,180.2,6.4,3,6,100.0,27.8,3,1.65
P-001267,2025-04-01,4,177.2,11.5,2,6,92.5,27.2,1,1.04
P-001267,2025-05-01,5,190.9,7.4,5,5,88.1,31.6,1,1.98
P-001267,2025-06-01,6,173.5,11.0,3,3,92.0,18.8,2,1.21
P-001267,2025-07-01,7,172.1,13.0,2,4,93.2,24.2,1,1.47
P-001267,2025-08-01,8,177.3,10.0,0,3,99.0,10.4,2,1.91
P-001267,2025-09-01,9,178.8,10.8,0,3,81.7,17.3,1,1.44
P-001267,2025-10-01,10,172.7,4.6,4,5,87.5,22.7,1,1.26
P-001267,2025-11-01,11,162.0,9.8,2,5,87.3,18.2,2,1.65
P-001267,2025-12-01,12,173.1,5.8,2,4,85.1,20.5,2,1.41
P-001268,2025-01-01,1,174.8,13.7,0,6,97.9,17.3,4,1.67
P-001268,2025-02-01,2,179.5,13.6,1,5,93.4,24.8,4,1.29
P-001268,2025-03-01,3,168.8,5.3,1,5,90.8,19.0,4,1.58
P-001268,2025-04-01,4,233.9,44.4,4,9,61.6,75.7,4,4.28
P-001268,2025-05-01,5,246.7,51.6,2,10,50.4,85.7,5,4.67
P-001268,2025-06-01,6,237.5,46.2,6,13,58.9,82.4,3,4.56
P-001268,2025-07-01,7,250.5,33.3,11,11,54.6,84.3,4,4.14
P-001268,2025-08-01,8,221.5,37.4,6,10,57.5,77.6,3,3.25
P-001268,2025-09-01,9,164.8,5.1,3,4,90.0,16.9,3,1.32
P-001268,2025-10-01,10,177.1,0.0,2,5,102.3,18.1,3,1.39
P-001268,2025-11-01,11,178.8,11.5,3,4,94.0,24.8,3,1.58
P-001268,2025-12-01,12,181.0,5.1,0,5,92.9,16.0,3,1.12
P-001269,2025-01-01,1,178.2,0.0,1,4,96.8,16.4,2,1.59
P-001269,2025-02-01,2,178.5,7.3,0,5,83.4,21.7,2,1.28
P-001269,2025-03-01,3,167.7,8.0,4,6,87.1,26.5,3,1.32
P-001269,2025-04-01,4,173.9,2.3,1,5,101.4,11.3,2,1.12
P-001269,2025-05-01,5,164.1,5.1,2,6,91.4,15.4,1,1.53
P-001269,2025-06-01,6,163.2,5.4,1,5,87.7,11.9,3,1.08
P-001269,2025-07-01,7,170.6,7.3,0,4,90.4,18.5,2,2.07
P-001269,2025-08-01,8,172.7,0.0,2,6,88.5,22.9,1,1.63
P-001269,2025-09-01,9,167.5,10.9,3,5,93.3,22.1,2,1.39
P-001269,2025-10-01,10,176.8,5.9,1,5,91.3,21.6,2,1.36
P-001269,2025-11-01,11,167.4,1.5,0,5,96.3,11.2,3,1.45
P-001269,2025-12-01,12,183.0,4.8,4,3,93.9,24.3,2,1.35
P-001270,2025-01-01,1,167.8,9.2,0,5,95.8,10.7,3,1.17
P-001270,2025-02-01,2,180.1,10.9,3,5,89.6,23.2,2,1.58
P-001270,2025-03-01,3,170.2,12.0,4,4,83.7,24.3,2,1.27
P-001270,2025-04-01,4,184.2,7.6,0,6,91.4,17.3,3,1.33
P-001270,2025-05-01,5,224.2,39.6,3,10,65.4,67.9,1,3.01
P-001270,2025-06-01,6,183.9,6.1,0,5,89.5,22.8,1,1.1
P-001270,2025-07-01,7,183.6,10.8,3,4,91.6,29.1,1,1.0
P-001270,2025-08-01,8,172.0,3.0,2,6,92.8,17.8,2,1.28
P-001270,2025-09-01,9,168.2,2.7,1,4,99.6,12.7,1,1.97
P-001270,2025-10-01,10,179.5,6.5,2,5,91.1,26.4,1,1.94
P-001270,2025-11-01,11,179.5,7.8,1,6,101.5,19.2,1,1.39
P-001270,2025-12-01,12,180.1,3.1,2,5,97.0,16.1,1,1.35
P-001271,2025-01-01,1,174.1,3.3,1,5,90.3,15.1,2,1.7
P-001271,2025-02-01,2,161.8,6.8,1,4,86.6,18.0,2,1.75
P-001271,2025-03-01,3,175.9,5.8,3,4,95.9,18.6,2,1.52
P-001271,2025-04-01,4,185.0,0.0,4,6,90.0,30.8,2,1.84
P-001271,2025-05-01,5,173.4,0.3,2,5,92.0,18.7,2,1.03
P-001271,2025-06-01,6,226.8,36.8,6,12,58.3,77.5,4,4.43
P-001271,2025-07-01,7,220.9,42.2,6,13,55.7,77.1,4,3.91
P-001271,2025-08-01,8,171.6,0.0,2,3,90.6,18.2,2,1.85
P-001271,2025-09-01,9,176.5,9.8,2,4,91.9,25.7,2,1.78
P-001271,2025-10-01,10,173.3,0.4,3,3,89.3,19.8,2,1.25
P-001271,2025-11-01,11,171.7,3.1,1,3,96.5,13.4,2,1.94
P-001271,2025-12-01,12,173.9,9.2,3,4,96.4,25.7,2,1.77
P-001272,2025-01-01,1,176.9,11.0,2,5,88.8,26.9,2,1.24
P-001272,2025-02-01,2,180.2,10.3,1,6,88.5,27.5,3,1.81
P-001272,2025-03-01,3,179.3,0.0,1,5,87.6,16.4,2,1.53
P-001272,2025-04-01,4,213.1,37.7,2,10,52.6,56.4,1,2.85
P-001272,2025-05-01,5,211.7,32.9,5,6,66.0,61.5,1,2.7
P-001272,2025-06-01,6,175.3,0.0,0,5,95.6,17.6,1,1.66
P-001272,2025-07-01,7,172.6,5.2,1,5,93.4,20.2,1,1.54
P-001272,2025-08-01,8,174.1,9.1,0,7,85.5,20.3,1,1.57
P-001272,2025-09-01,9,175.3,0.3,1,6,102.1,18.7,1,1.84
P-001272,2025-10-01,10,170.4,12.3,1,4,85.6,21.4,2,1.75
P-001272,2025-11-01,11,171.9,11.0,2,4,93.3,21.0,1,1.3
P-001272,2025-12-01,12,179.9,6.7,1,5,97.5,14.7,2,1.26
P-001273,2025-01-01,1,166.6,0.0,2,3,98.3,11.0,2,1.33
P-001273,2025-02-01,2,174.2,4.1,2,4,95.9,14.0,1,1.0
P-001273,2025-03-01,3,178.6,3.9,0,4,85.9,16.6,3,1.16
P-001273,2025-04-01,4,174.4,3.5,2,5,95.4,22.8,3,1.0
P-001273,2025-05-01,5,230.8,52.1,2,9,51.1,74.7,2,2.75
P-001273,2025-06-01,6,172.6,11.7,3,5,93.9,19.1,3,1.07
P-001273,2025-07-01,7,168.3,4.3,2,6,98.9,14.6,2,1.07
P-001273,2025-08-01,8,166.4,3.6,1,4,96.1,11.2,1,1.56
P-001273,2025-09-01,9,169.1,10.3,5,5,91.7,23.0,2,1.63
P-001273,2025-10-01,10,183.5,8.8,3,5,96.9,25.9,1,1.67
P-001273,2025-11-01,11,168.6,0.0,1,4,95.0,13.9,3,1.4
P-001273,2025-12-01,12,176.3,11.0,3,5,87.5,23.2,2,1.26
P-001274,2025-01-01,1,165.3,1.2,1,4,105.0,18.7,5,1.7
P-001274,2025-02-01,2,171.5,5.0,0,5,94.6,12.1,5,1.21
P-001274,2025-03-01,3,175.8,11.4,1,5,86.7,25.2,5,1.46
P-001274,2025-04-01,4,255.4,51.7,10,12,58.4,98.0,5,4.4
P-001274,2025-05-01,5,249.5,44.8,9,9,62.1,93.3,5,4.44
P-001274,2025-06-01,6,239.9,44.5,9,13,63.6,85.4,5,3.97
P-001274,2025-07-01,7,238.5,46.0,9,14,56.3,89.5,5,4.23
P-001274,2025-08-01,8,245.7,47.3,4,8,58.8,84.2,5,4.34
P-001274,2025-09-01,9,248.3,31.0,6,12,65.6,79.2,5,4.1
P-001274,2025-10-01,10,245.7,42.4,10,12,67.5,90.3,5,4.21
P-001274,2025-11-01,11,243.9,45.8,7,14,48.6,89.1,4,4.19
P-001274,2025-12-01,12,180.7,5.3,1,4,88.9,27.1,4,1.24
P-001275,2025-01-01,1,191.1,6.0,3,5,93.3,27.3,2,1.43
P-001275,2025-02-01,2,176.3,16.9,1,4,89.5,27.6,2,1.43
P-001275,2025-03-01,3,162.2,0.5,2,6,98.1,6.9,1,1.16
P-001275,2025-04-01,4,172.5,4.9,2,5,88.0,23.2,3,1.37
P-001275,2025-05-01,5,177.0,6.9,1,4,92.4,23.3,2,1.1
P-001275,2025-06-01,6,166.2,5.3,4,5,95.0,15.4,1,1.0
P-001275,2025-07-01,7,165.2,6.7,2,6,91.2,20.8,1,1.75
P-001275,2025-08-01,8,169.6,2.8,0,4,87.5,24.5,1,1.74
P-001275,2025-09-01,9,178.7,1.3,2,5,91.1,17.5,2,1.48
P-001275,2025-10-01,10,169.5,0.0,0,4,89.5,10.5,2,1.12
P-001275,2025-11-01,11,169.9,2.3,0,3,94.4,8.3,2,1.44
P-001275,2025-12-01,12,172.8,0.0,1,4,92.1,17.3,2,1.42
P-001276,2025-01-01,1,172.5,8.9,3,5,92.6,24.9,2,1.48
P-001276,2025-02-01,2,172.5,5.0,2,7,93.8,18.3,1,1.71
P-001276,2025-03-01,3,167.6,0.0,1,3,88.5,15.5,1,1.79
P-001276,2025-04-01,4,171.4,6.6,5,5,96.2,26.3,2,1.71
P-001276,2025-05-01,5,178.0,1.1,2,4,94.9,20.3,2,1.48
P-001276,2025-06-01,6,174.4,4.0,2,5,101.8,24.0,2,1.0
P-001276,2025-07-01,7,173.6,0.0,2,5,85.1,21.1,2,1.13
P-001276,2025-08-01,8,168.8,3.4,2,5,90.6,17.1,2,1.85
P-001276,2025-09-01,9,194.6,10.2,1,5,92.0,32.3,2,1.53
P-001276,2025-10-01,10,174.2,0.0,2,4,96.9,16.9,2,1.39
P-001276,2025-11-01,11,172.0,1.4,2,6,98.7,11.1,1,1.31
P-001276,2025-12-01,12,170.2,0.4,1,4,85.9,18.2,2,1.33
P-001277,2025-01-01,1,179.4,11.4,2,4,87.6,24.9,2,1.0
P-001277,2025-02-01,2,177.5,8.4,1,5,99.1,20.8,1,1.48
P-001277,2025-03-01,3,165.0,4.8,1,5,93.6,22.1,2,1.47
P-001277,2025-04-01,4,214.9,44.1,2,6,55.3,66.1,1,3.03
P-001277,2025-05-01,5,164.1,6.9,3,6,89.1,24.4,1,1.56
P-001277,2025-06-01,6,183.0,4.6,2,4,100.5,22.7,2,1.17
P-001277,2025-07-01,7,166.1,8.0,2,3,95.5,17.4,2,1.16
P-001277,2025-08-01,8,188.9,7.6,2,6,92.6,29.7,1,1.04
P-001277,2025-09-01,9,180.1,11.8,3,3,91.6,23.8,2,1.0
P-001277,2025-10-01,10,178.7,3.4,1,4,92.4,20.7,1,1.43
P-001277,2025-11-01,11,175.1,0.9,1,6,92.9,19.7,3,1.16
P-001277,2025-12-01,12,169.1,8.5,2,5,96.3,11.8,1,1.0
P-001278,2025-01-01,1,181.5,3.4,1,3,92.9,17.3,4,2.1
P-001278,2025-02-01,2,175.8,14.3,1,4,82.4,25.3,4,1.35
P-001278,2025-03-01,3,249.5,40.1,6,10,56.0,80.9,5,3.79
P-001278,2025-04-01,4,233.3,46.9,9,16,66.2,91.9,5,4.14
P-001278,2025-05-01,5,241.6,46.9,7,11,52.5,89.3,5,4.66
P-001278,2025-06-01,6,238.6,40.9,10,13,63.2,89.4,5,4.52
P-001278,2025-07-01,7,243.4,34.5,4,9,66.5,75.6,4,4.15
P-001278,2025-08-01,8,235.6,26.5,10,10,61.7,74.9,4,4.12
P-001278,2025-09-01,9,228.0,43.7,3,10,59.5,71.9,4,3.75
P-001278,2025-10-01,10,181.9,3.2,1,3,90.8,19.4,4,1.61
P-001278,2025-11-01,11,170.2,0.1,3,3,89.1,16.5,4,1.39
P-001278,2025-12-01,12,176.9,6.2,1,4,93.8,20.8,4,1.25
P-001279,2025-01-01,1,172.7,3.3,3,7,92.3,18.1,1,1.17
P-001279,2025-02-01,2,170.7,5.5,0,4,91.5,14.4,3,1.03
P-001279,2025-03-01,3,167.3,3.5,2,4,96.7,14.4,2,1.33
P-001279,2025-04-01,4,178.0,8.0,1,4,97.0,19.4,1,2.54
P-001279,2025-05-01,5,173.0,18.1,1,4,91.1,17.6,2,1.59
P-001279,2025-06-01,6,177.4,4.8,1,4,89.4,18.4,2,1.25
P-001279,2025-07-01,7,180.9,3.1,2,4,91.3,20.7,2,1.0
P-001279,2025-08-01,8,175.3,13.8,3,4,91.8,22.9,2,1.09
P-001279,2025-09-01,9,170.2,0.3,4,6,95.9,25.1,3,1.28
P-001279,2025-10-01,10,171.1,1.9,1,5,87.5,15.0,2,1.69
P-001279,2025-11-01,11,177.7,5.7,3,4,89.4,20.9,1,1.33
P-001279,2025-12-01,12,183.7,16.7,5,4,88.1,36.6,3,1.24
P-001280,2025-01-01,1,173.7,0.0,1,5,95.9,20.1,1,1.44
P-001280,2025-02-01,2,176.2,9.3,5,5,88.6,31.2,2,1.18
P-001280,2025-03-01,3,174.6,15.8,1,6,92.8,25.5,2,1.32
P-001280,2025-04-01,4,212.4,21.7,1,5,61.9,44.5,1,2.74
P-001280,2025-05-01,5,168.4,0.0,1,5,95.5,12.1,2,1.34
P-001280,2025-06-01,6,175.4,10.2,2,4,89.7,18.4,2,1.1
P-001280,2025-07-01,7,171.7,6.5,3,4,90.9,18.5,2,1.02
P-001280,2025-08-01,8,172.2,7.1,0,5,92.3,16.5,1,1.0
P-001280,2025-09-01,9,173.3,15.5,1,5,99.0,22.2,1,1.78
P-001280,2025-10-01,10,172.3,5.3,1,4,96.1,14.4,1,1.0
P-001280,2025-11-01,11,172.8,6.4,4,4,92.8,19.5,1,1.15
P-001280,2025-12-01,12,164.1,1.6,4,3,94.7,18.6,2,1.48
P-001281,2025-01-01,1,167.2,0.0,4,4,93.9,18.8,4,1.0
P-001281,2025-02-01,2,178.6,1.2,2,4,95.5,20.5,4,1.31
P-001281,2025-03-01,3,170.0,0.4,2,4,91.2,13.6,3,1.43
P-001281,2025-04-01,4,240.5,50.7,5,9,60.4,82.2,5,4.52
P-001281,2025-05-01,5,222.2,41.9,6,9,58.2,73.9,3,3.64
P-001281,2025-06-01,6,251.0,41.2,8,7,57.3,83.9,4,4.2
P-001281,2025-07-01,7,230.7,34.9,7,9,56.1,75.7,4,3.96
P-001281,2025-08-01,8,226.8,25.1,3,11,71.3,62.3,4,4.25
P-001281,2025-09-01,9,165.9,7.7,2,4,94.7,18.8,4,1.38
P-001281,2025-10-01,10,177.3,6.1,2,5,91.8,25.3,4,1.89
P-001281,2025-11-01,11,173.0,0.6,2,5,91.3,17.5,3,1.5
P-001281,2025-12-01,12,178.1,10.0,1,5,88.4,24.3,3,1.9
P-001282,2025-01-01,1,184.0,8.8,1,5,96.3,21.2,2,1.7
P-001282,2025-02-01,2,165.6,5.5,1,7,92.9,14.5,1,1.32
P-001282,2025-03-01,3,181.7,0.0,0,3,97.6,12.4,1,1.03
P-001282,2025-04-01,4,171.9,2.7,4,3,94.0,16.8,3,1.24
P-001282,2025-05-01,5,180.4,7.4,1,5,85.9,20.6,1,1.36
P-001282,2025-06-01,6,168.8,0.4,2,5,95.8,15.0,2,1.49
P-001282,2025-07-01,7,177.5,2.6,2,7,88.8,19.9,2,1.81
P-001282,2025-08-01,8,173.4,0.8,2,5,99.4,12.8,1,1.07
P-001282,2025-09-01,9,176.5,4.5,0,4,92.9,20.3,1,1.85
P-001282,2025-10-01,10,177.5,12.4,2,4,92.4,26.1,1,1.58
P-001282,2025-11-01,11,177.4,4.8,1,4,96.9,21.0,2,1.43
P-001282,2025-12-01,12,185.7,6.0,0,5,84.7,19.6,2,1.09
P-001283,2025-01-01,1,164.1,5.1,3,6,87.9,20.2,2,1.22
P-001283,2025-02-01,2,160.6,4.3,2,6,80.9,16.8,2,1.04
P-001283,2025-03-01,3,180.8,10.3,2,6,90.7,28.1,2,1.7
P-001283,2025-04-01,4,229.1,24.7,1,8,69.7,52.6,2,3.61
P-001283,2025-05-01,5,225.3,38.9,7,11,54.9,77.8,3,3.52
P-001283,2025-06-01,6,176.5,6.1,4,4,91.7,22.6,1,1.54
P-001283,2025-07-01,7,174.1,7.6,2,6,90.4,25.9,1,1.65
P-001283,2025-08-01,8,189.0,2.1,4,6,104.0,18.3,2,1.07
P-001283,2025-09-01,9,174.2,2.8,1,5,93.2,15.7,1,1.28
P-001283,2025-10-01,10,180.1,5.4,0,5,100.6,14.2,2,1.0
P-001283,2025-11-01,11,168.9,5.1,1,5,91.8,15.4,2,1.31
P-001283,2025-12-01,12,186.3,0.0,1,5,101.1,23.4,2,1.18
P-001284,2025-01-01,1,176.1,0.0,2,6,98.9,21.5,3,1.09
P-001284,2025-02-01,2,172.8,11.0,2,5,90.2,24.1,1,1.23
P-001284,2025-03-01,3,186.3,4.9,1,4,94.9,28.4,3,1.0
P-001284,2025-04-01,4,180.5,11.4,1,5,85.1,22.2,1,1.1
P-001284,2025-05-01,5,228.3,33.6,3,9,59.6,66.2,1,3.26
P-001284,2025-06-01,6,173.2,2.8,5,5,98.9,21.8,2,1.48
P-001284,2025-07-01,7,180.4,8.3,3,5,94.1,17.7,1,1.18
P-001284,2025-08-01,8,160.0,0.0,1,4,93.3,10.0,2,1.27
P-001284,2025-09-01,9,177.0,3.8,2,5,87.9,22.2,2,1.44
P-001284,2025-10-01,10,181.1,11.2,2,3,91.8,21.4,3,1.29
P-001284,2025-11-01,11,174.9,7.1,0,5,100.5,15.4,1,1.42
P-001284,2025-12-01,12,176.7,12.4,2,4,86.6,27.6,1,1.5
P-001285,2025-01-01,1,172.8,2.1,1,4,98.4,10.3,4,1.57
P-001285,2025-02-01,2,173.3,7.3,2,5,83.2,24.1,3,1.24
P-001285,2025-03-01,3,162.9,3.4,0,3,95.4,9.9,3,1.61
P-001285,2025-04-01,4,242.0,37.4,5,8,57.7,74.8,4,2.97
P-001285,2025-05-01,5,227.8,36.2,4,11,63.9,72.4,3,3.71
P-001285,2025-06-01,6,237.5,36.3,5,11,56.2,80.7,5,5.0
P-001285,2025-07-01,7,225.6,34.8,7,8,67.3,67.1,3,3.16
P-001285,2025-08-01,8,242.8,41.2,14,9,55.3,95.3,4,4.3
P-001285,2025-09-01,9,171.2,6.0,2,4,94.0,13.8,5,1.0
P-001285,2025-10-01,10,182.4,0.0,4,5,92.4,29.5,4,1.72
P-001285,2025-11-01,11,171.8,1.9,3,4,92.3,20.4,3,1.62
P-001285,2025-12-01,12,171.7,10.2,2,5,92.6,24.0,5,1.4
P-001286,2025-01-01,1,170.1,4.6,2,4,102.1,16.2,4,1.89
P-001286,2025-02-01,2,176.4,13.5,3,6,92.4,29.6,4,1.23
P-001286,2025-03-01,3,166.4,8.3,1,5,94.3,10.0,4,1.52
P-001286,2025-04-01,4,231.9,31.4,5,11,73.1,67.7,3,4.08
P-001286,2025-05-01,5,243.1,47.5,8,14,58.7,91.4,4,4.34
P-001286,2025-06-01,6,223.7,35.4,4,11,62.0,74.9,4,3.9
P-001286,2025-07-01,7,241.1,30.1,12,7,64.2,84.6,4,3.74
P-001286,2025-08-01,8,240.2,42.5,9,11,53.4,88.4,5,4.53
P-001286,2025-09-01,9,179.9,8.5,2,4,91.1,17.1,4,1.15
P-001286,2025-10-01,10,180.1,7.3,1,5,89.7,15.7,4,1.3
P-001286,2025-11-01,11,168.1,9.3,2,5,95.5,23.4,5,1.35
P-001286,2025-12-01,12,174.6,6.3,3,5,92.8,18.9,3,1.23
P-001287,2025-01-01,1,183.0,5.1,2,6,94.7,19.9,2,1.0
P-001287,2025-02-01,2,170.3,4.2,5,6,91.4,22.2,1,1.24
P-001287,2025-03-01,3,179.7,0.0,2,5,98.1,19.4,1,1.0
P-001287,2025-04-01,4,170.3,8.3,4,5,89.9,22.4,2,1.62
P-001287,2025-05-01,5,167.1,6.0,2,4,92.9,10.1,2,1.0
P-001287,2025-06-01,6,176.7,11.0,4,3,86.1,27.0,2,1.35
P-001287,2025-07-01,7,169.4,7.5,3,5,90.0,21.8,2,1.66
P-001287,2025-08-01,8,175.8,5.1,1,4,93.8,18.6,2,1.33
P-001287,2025-09-01,9,187.0,11.4,2,3,97.2,24.8,1,1.49
P-001287,2025-10-01,10,181.1,4.5,3,4,88.8,23.9,1,1.24
P-001287,2025-11-01,11,175.2,10.3,1,3,90.2,20.1,1,1.16
P-001287,2025-12-01,12,172.3,8.0,0,4,96.6,17.4,2,1.69
P-001288,2025-01-01,1,188.0,5.0,2,3,92.9,17.6,4,1.0
P-001288,2025-02-01,2,171.5,6.2,3,6,102.9,22.8,3,1.0
P-001288,2025-03-01,3,241.6,43.5,4,7,64.1,81.0,4,4.74
P-001288,2025-04-01,4,233.6,36.4,5,6,56.3,75.9,4,4.31
P-001288,2025-05-01,5,244.5,48.1,2,12,62.8,78.8,5,4.35
P-001288,2025-06-01,6,235.2,31.2,8,12,62.6,78.8,4,4.13
P-001288,2025-07-01,7,230.1,26.5,6,7,58.9,74.3,3,3.12
P-001288,2025-08-01,8,241.4,32.3,7,9,57.2,81.9,5,4.35
P-001288,2025-09-01,9,237.3,36.3,10,9,55.9,84.7,4,3.9
P-001288,2025-10-01,10,179.8,6.2,2,4,89.0,26.7,4,1.7
P-001288,2025-11-01,11,166.7,11.4,2,4,91.9,18.3,4,1.44
P-001288,2025-12-01,12,176.2,15.0,1,5,89.6,28.9,5,1.55
P-001289,2025-01-01,1,180.9,4.0,1,6,91.4,24.0,1,1.67
P-001289,2025-02-01,2,245.0,41.4,5,13,62.6,85.3,4,4.84
P-001289,2025-03-01,3,242.3,38.5,4,11,58.8,76.9,4,4.89
P-001289,2025-04-01,4,244.1,35.1,5,11,56.0,74.8,4,3.49
P-001289,2025-05-01,5,231.2,37.5,13,10,66.3,80.8,4,3.53
P-001289,2025-06-01,6,182.6,13.6,1,3,80.3,27.4,1,1.36
P-001289,2025-07-01,7,172.9,5.7,3,6,81.8,27.8,1,1.21
P-001289,2025-08-01,8,180.0,2.5,2,5,96.9,27.2,1,1.65
P-001289,2025-09-01,9,167.4,6.8,0,3,99.2,14.4,1,2.01
P-001289,2025-10-01,10,186.2,6.4,0,4,93.8,21.4,1,1.67
P-001289,2025-11-01,11,174.2,9.6,1,4,94.7,22.7,1,1.13
P-001289,2025-12-01,12,179.6,0.6,3,5,96.5,24.2,1,1.4
P-001290,2025-01-01,1,178.7,12.8,5,4,77.4,29.0,5,1.5
P-001290,2025-02-01,2,171.1,5.8,4,5,94.7,22.2,4,1.67
P-001290,2025-03-01,3,234.4,39.5,14,11,62.7,90.4,4,3.86
P-001290,2025-04-01,4,235.2,32.9,8,6,67.9,68.9,4,4.36
P-001290,2025-05-01,5,245.9,38.1,4,13,64.0,81.4,4,3.67
P-001290,2025-06-01,6,239.0,32.8,6,10,62.0,72.5,4,3.78
P-001290,2025-07-01,7,243.2,35.8,14,12,61.7,95.6,5,4.37
P-001290,2025-08-01,8,241.5,26.8,5,12,63.2,73.4,4,3.96
P-001290,2025-09-01,9,243.2,44.1,5,12,49.7,85.2,4,4.49
P-001290,2025-10-01,10,176.8,0.0,1,4,92.6,10.7,3,1.58
P-001290,2025-11-01,11,177.3,8.8,5,4,94.8,24.5,4,1.27
P-001290,2025-12-01,12,167.4,14.6,0,3,96.8,15.1,3,1.52
P-001291,2025-01-01,1,173.8,0.0,4,5,86.5,20.8,1,1.24
P-001291,2025-02-01,2,238.4,48.6,9,10,48.1,90.9,4,4.41
P-001291,2025-03-01,3,240.3,48.9,5,11,50.4,84.3,4,3.79
P-001291,2025-04-01,4,242.9,32.3,9,11,61.5,83.7,4,3.3
P-001291,2025-05-01,5,237.2,36.8,6,9,63.2,71.2,4,3.86
P-001291,2025-06-01,6,176.4,6.3,1,4,92.1,18.6,1,1.21
P-001291,2025-07-01,7,174.2,5.6,2,6,99.1,23.9,1,1.29
P-001291,2025-08-01,8,176.3,3.9,5,4,92.2,21.7,1,1.46
P-001291,2025-09-01,9,172.8,6.3,0,4,100.9,10.7,1,1.28
P-001291,2025-10-01,10,172.5,0.0,4,3,93.0,21.1,1,1.01
P-001291,2025-11-01,11,172.6,6.3,1,5,89.7,18.6,1,2.0
P-001291,2025-12-01,12,176.2,0.1,3,4,96.3,19.8,1,1.42
P-001292,2025-01-01,1,176.3,5.4,2,4,90.4,23.2,5,1.85
P-001292,2025-02-01,2,174.2,7.3,4,5,93.9,22.8,4,1.14
P-001292,2025-03-01,3,178.2,3.4,0,4,101.1,19.3,5,1.41
P-001292,2025-04-01,4,251.0,35.8,8,9,67.4,91.3,5,4.85
P-001292,2025-05-01,5,225.7,47.4,9,9,59.4,78.0,4,3.75
P-001292,2025-06-01,6,234.6,37.4,6,15,59.8,84.9,4,3.94
P-001292,2025-07-01,7,241.3,50.5,2,14,64.0,82.6,5,4.72
P-001292,2025-08-01,8,254.5,35.7,10,16,70.4,89.1,5,3.65
P-001292,2025-09-01,9,250.6,43.2,7,13,59.8,95.1,5,4.49
P-001292,2025-10-01,10,254.0,47.7,7,12,52.2,95.4,5,4.79
P-001292,2025-11-01,11,240.0,39.6,5,9,62.5,84.6,5,5.0
P-001292,2025-12-01,12,169.3,8.1,4,5,95.0,19.7,4,1.45
P-001293,2025-01-01,1,171.5,7.0,2,5,91.4,21.2,3,1.24
P-001293,2025-02-01,2,169.7,12.8,2,4,87.6,17.8,1,1.69
P-001293,2025-03-01,3,172.3,5.1,1,3,90.0,16.7,2,1.6
P-001293,2025-04-01,4,169.9,6.4,2,4,94.0,18.5,2,1.5
P-001293,2025-05-01,5,169.2,4.6,3,5,94.3,18.5,1,1.49
P-001293,2025-06-01,6,185.8,12.1,4,5,87.0,30.8,2,1.0
P-001293,2025-07-01,7,171.0,0.0,1,4,95.1,14.3,1,1.66
P-001293,2025-08-01,8,186.5,0.0,1,5,94.6,22.6,1,1.43
P-001293,2025-09-01,9,180.1,3.2,2,6,84.6,20.3,1,1.7
P-001293,2025-10-01,10,177.2,5.9,0,4,87.2,17.2,2,1.47
P-001293,2025-11-01,11,178.0,9.3,2,5,93.7,24.4,2,1.0
P-001293,2025-12-01,12,159.7,10.7,1,4,99.1,14.2,3,1.79
P-001294,2025-01-01,1,177.2,5.8,1,5,92.3,17.5,1,1.44
P-001294,2025-02-01,2,174.2,0.0,2,4,90.2,13.9,2,1.17
P-001294,2025-03-01,3,174.7,4.6,1,6,95.0,17.2,1,1.32
P-001294,2025-04-01,4,169.1,1.2,1,3,89.1,17.7,2,1.53
P-001294,2025-05-01,5,187.7,8.6,3,5,88.5,29.8,1,1.48
P-001294,2025-06-01,6,175.3,10.7,1,6,102.4,15.2,2,1.34
P-001294,2025-07-01,7,172.1,4.0,3,4,93.8,22.3,2,1.54
P-001294,2025-08-01,8,172.9,6.8,1,4,94.6,18.9,1,1.66
P-001294,2025-09-01,9,175.7,13.2,1,5,89.3,25.8,1,1.93
P-001294,2025-10-01,10,186.7,0.9,2,5,96.1,21.9,3,1.75
P-001294,2025-11-01,11,177.9,8.6,1,5,92.6,21.4,2,1.39
P-001294,2025-12-01,12,168.1,5.6,4,5,96.6,22.5,1,1.47
P-001295,2025-01-01,1,172.7,10.3,3,5,97.0,19.7,1,1.68
P-001295,2025-02-01,2,243.2,43.1,4,11,52.1,85.3,4,3.93
P-001295,2025-03-01,3,235.8,41.3,5,10,62.0,78.2,4,4.52
P-001295,2025-04-01,4,248.7,29.8,5,12,65.8,76.9,4,3.83
P-001295,2025-05-01,5,232.0,56.6,4,10,51.5,88.1,4,4.19
P-001295,2025-06-01,6,172.7,13.6,3,6,84.7,27.8,1,1.36
P-001295,2025-07-01,7,177.0,0.0,1,5,96.8,9.5,1,1.17
P-001295,2025-08-01,8,180.8,6.6,1,3,88.6,22.7,1,1.84
P-001295,2025-09-01,9,187.1,0.0,4,3,100.4,19.8,1,1.44
P-001295,2025-10-01,10,164.4,0.0,4,6,103.0,17.5,1,1.69
P-001295,2025-11-01,11,177.1,8.8,3,3,98.0,16.7,1,1.55
P-001295,2025-12-01,12,169.0,9.1,1,6,92.9,16.5,1,1.44
P-001296,2025-01-01,1,177.1,5.4,2,3,95.0,21.1,1,1.43
P-001296,2025-02-01,2,183.5,3.5,2,3,87.2,19.5,2,1.3
P-001296,2025-03-01,3,182.1,5.8,3,4,88.7,19.3,1,1.89
P-001296,2025-04-01,4,175.6,6.2,1,4,92.3,18.9,2,1.8
P-001296,2025-05-01,5,169.0,3.5,1,4,91.3,12.9,3,1.39
P-001296,2025-06-01,6,166.3,12.9,2,5,92.9,16.6,1,1.65
P-001296,2025-07-01,7,183.8,10.2,4,5,91.7,26.5,2,1.38
P-001296,2025-08-01,8,174.7,2.2,2,4,89.9,27.9,1,1.34
P-001296,2025-09-01,9,170.3,5.6,1,5,95.7,16.4,2,1.72
P-001296,2025-10-01,10,158.7,0.0,1,4,99.2,10.3,2,1.26
P-001296,2025-11-01,11,173.8,6.7,2,3,89.7,18.1,1,1.33
P-001296,2025-12-01,12,186.8,5.0,2,6,93.4,24.6,1,1.48
P-001297,2025-01-01,1,177.2,8.2,3,6,95.1,26.5,1,1.5
P-001297,2025-02-01,2,170.0,1.7,2,5,97.3,18.3,2,1.41
P-001297,2025-03-01,3,180.5,7.4,0,5,84.9,18.1,1,1.11
P-001297,2025-04-01,4,235.6,28.6,4,7,62.8,65.4,2,3.05
P-001297,2025-05-01,5,229.9,36.4,2,9,68.6,66.2,2,3.32
P-001297,2025-06-01,6,172.7,3.1,2,3,99.0,18.5,1,1.56
P-001297,2025-07-01,7,184.2,6.9,2,5,91.1,27.3,2,1.38
P-001297,2025-08-01,8,176.6,5.9,1,3,91.9,17.3,1,1.15
P-001297,2025-09-01,9,174.5,0.0,3,4,97.8,18.3,3,1.26
P-001297,2025-10-01,10,178.3,4.4,1,3,91.2,20.3,2,1.55
P-001297,2025-11-01,11,170.0,3.5,0,3,94.9,9.2,2,1.15
P-001297,2025-12-01,12,177.4,1.4,4,5,100.8,24.8,2,1.72
P-001298,2025-01-01,1,168.7,6.2,2,4,95.0,15.2,5,1.3
P-001298,2025-02-01,2,166.3,6.4,2,4,90.7,17.5,5,1.17
P-001298,2025-03-01,3,179.5,0.1,2,3,98.0,21.0,5,1.38
P-001298,2025-04-01,4,241.1,45.3,6,8,65.9,86.5,4,4.47
P-001298,2025-05-01,5,247.9,57.1,6,10,54.3,92.6,5,4.81
P-001298,2025-06-01,6,247.2,42.1,6,10,62.2,80.4,5,3.94
P-001298,2025-07-01,7,235.4,41.7,8,8,59.6,80.9,5,4.31
P-001298,2025-08-01,8,232.8,42.0,5,12,54.5,79.4,4,4.3
P-001298,2025-09-01,9,240.1,35.5,10,12,65.3,88.3,5,5.0
P-001298,2025-10-01,10,239.2,46.6,3,9,61.7,75.5,4,3.76
P-001298,2025-11-01,11,249.2,44.8,4,9,55.8,83.3,5,4.68
P-001298,2025-12-01,12,167.8,2.5,1,4,97.7,12.8,5,1.25
P-001299,2025-01-01,1,178.2,6.2,3,4,100.8,19.7,2,1.14
P-001299,2025-02-01,2,184.0,7.7,4,5,93.6,26.0,2,1.0
P-001299,2025-03-01,3,182.4,4.4,1,6,93.2,23.0,2,1.6
P-001299,2025-04-01,4,218.2,32.3,2,6,51.9,58.1,1,2.13
P-001299,2025-05-01,5,226.5,32.6,4,10,66.5,65.5,1,3.48
P-001299,2025-06-01,6,172.8,5.7,2,4,94.3,17.8,2,1.07
P-001299,2025-07-01,7,170.2,3.0,3,4,93.4,16.8,2,1.72
P-001299,2025-08-01,8,167.0,4.7,2,5,89.6,14.9,2,1.43
P-001299,2025-09-01,9,179.3,3.2,3,3,88.6,25.2,2,1.01
P-001299,2025-10-01,10,168.3,1.9,2,4,94.1,16.4,1,1.22
P-001299,2025-11-01,11,175.6,8.3,2,5,88.9,19.6,2,1.09
P-001299,2025-12-01,12,163.4,8.0,2,5,90.0,11.7,1,1.31
P-001300,2025-01-01,1,181.4,4.4,5,5,106.3,25.8,2,1.09
P-001300,2025-02-01,2,177.0,7.0,1,3,98.5,19.0,1,1.67
P-001300,2025-03-01,3,182.9,3.5,3,7,99.9,18.4,2,1.63
P-001300,2025-04-01,4,225.9,26.9,5,7,60.3,62.3,2,3.5
P-001300,2025-05-01,5,175.0,11.4,1,6,93.5,17.7,2,1.33
P-001300,2025-06-01,6,173.9,0.6,1,3,100.9,11.1,1,1.54
P-001300,2025-07-01,7,181.2,12.4,2,4,94.6,26.8,1,1.53
P-001300,2025-08-01,8,171.9,4.9,2,4,91.5,15.5,2,1.18
P-001300,2025-09-01,9,171.4,8.2,3,6,93.6,17.3,2,1.42
P-001300,2025-10-01,10,177.0,0.0,5,6,95.2,29.9,2,1.4
P-001300,2025-11-01,11,175.1,9.4,5,4,86.7,24.7,1,1.38
P-001300,2025-12-01,12,184.8,5.6,5,4,92.1,31.8,2,1.83
P-001301,2025-01-01,1,170.2,0.0,4,4,96.0,13.4,2,1.0
P-001301,2025-02-01,2,183.7,0.0,1,5,97.0,18.3,3,1.61
P-001301,2025-03-01,3,177.5,3.2,3,5,92.5,24.3,2,1.0
P-001301,2025-04-01,4,179.4,4.1,4,4,92.7,20.3,3,1.0
P-001301,2025-05-01,5,172.8,3.9,1,5,95.9,20.2,1,1.11
P-001301,2025-06-01,6,189.2,6.9,1,6,84.5,22.3,1,1.09
P-001301,2025-07-01,7,180.1,3.3,2,3,103.3,12.8,2,1.48
P-001301,2025-08-01,8,181.4,6.5,5,3,96.3,27.3,2,1.24
P-001301,2025-09-01,9,175.2,13.1,3,4,92.8,21.7,2,1.38
P-001301,2025-10-01,10,174.7,4.5,1,3,93.7,20.8,2,1.29
P-001301,2025-11-01,11,189.7,7.0,3,3,93.4,24.8,1,1.14
P-001301,2025-12-01,12,186.5,2.3,3,5,90.7,25.7,1,1.71
P-001302,2025-01-01,1,177.3,10.1,3,4,81.2,26.3,4,1.12
P-001302,2025-02-01,2,182.0,11.6,1,3,87.0,15.9,5,1.53
P-001302,2025-03-01,3,183.6,4.6,1,3,93.6,16.2,5,1.69
P-001302,2025-04-01,4,241.2,18.6,10,15,72.8,80.5,5,4.86
P-001302,2025-05-01,5,228.1,40.3,6,9,52.0,73.3,3,2.94
P-001302,2025-06-01,6,235.5,42.1,3,12,57.6,76.8,3,3.18
P-001302,2025-07-01,7,230.4,41.0,2,10,47.4,70.7,3,3.34
P-001302,2025-08-01,8,246.5,52.6,8,11,64.8,88.7,4,3.47
P-001302,2025-09-01,9,173.2,0.9,4,4,96.7,19.7,5,1.73
P-001302,2025-10-01,10,177.0,2.7,3,6,94.9,20.8,5,1.41
P-001302,2025-11-01,11,193.4,3.6,1,5,86.6,20.9,4,1.1
P-001302,2025-12-01,12,176.1,0.0,5,6,95.3,26.5,3,2.1
P-001303,2025-01-01,1,171.7,7.4,2,4,96.3,20.7,5,1.43
P-001303,2025-02-01,2,173.6,13.4,1,4,90.3,22.9,5,1.47
P-001303,2025-03-01,3,172.7,17.8,2,5,85.4,26.9,4,1.65
P-001303,2025-04-01,4,228.9,31.5,1,10,65.7,62.4,3,3.6
P-001303,2025-05-01,5,251.3,52.2,10,15,55.1,98.0,5,5.0
P-001303,2025-06-01,6,246.4,46.5,4,11,57.0,75.5,4,3.4
P-001303,2025-07-01,7,234.3,48.8,1,13,62.1,77.8,4,4.42
P-001303,2025-08-01,8,233.0,37.7,9,8,60.6,82.5,4,4.55
P-001303,2025-09-01,9,179.7,6.4,1,4,91.3,18.9,3,1.47
P-001303,2025-10-01,10,173.5,6.3,3,4,99.9,14.2,4,1.35
P-001303,2025-11-01,11,180.6,0.4,2,3,97.5,16.3,5,1.26
P-001303,2025-12-01,12,177.2,5.0,2,4,90.0,22.1,3,1.61
P-001304,2025-01-01,1,169.5,10.0,1,4,90.5,20.8,4,1.59
P-001304,2025-02-01,2,178.2,7.5,3,5,94.4,20.4,4,1.74
P-001304,2025-03-01,3,180.9,7.5,3,3,91.1,24.0,5,1.0
P-001304,2025-04-01,4,236.5,53.5,6,10,53.2,87.6,5,4.96
P-001304,2025-05-01,5,240.2,51.0,5,5,51.9,77.7,4,3.91
P-001304,2025-06-01,6,247.5,43.0,5,12,66.6,81.8,5,4.13
P-001304,2025-07-01,7,235.5,47.8,3,10,59.0,78.9,5,3.64
P-001304,2025-08-01,8,240.6,28.0,4,6,65.7,69.1,4,4.6
P-001304,2025-09-01,9,232.6,47.9,7,10,61.8,84.6,4,4.23
P-001304,2025-10-01,10,246.9,41.0,7,13,66.1,86.1,5,3.47
P-001304,2025-11-01,11,263.0,52.0,6,14,59.1,96.3,5,4.16
P-001304,2025-12-01,12,173.3,0.8,4,6,98.9,24.3,4,1.0
P-001305,2025-01-01,1,172.4,1.8,0,6,105.2,13.2,3,1.0
P-001305,2025-02-01,2,177.3,2.1,4,3,102.9,23.3,1,1.41
P-001305,2025-03-01,3,179.5,3.4,2,3,87.3,16.1,1,1.28
P-001305,2025-04-01,4,227.7,34.7,2,6,56.5,67.5,2,4.16
P-001305,2025-05-01,5,168.4,3.1,1,5,91.8,13.9,1,1.58
P-001305,2025-06-01,6,174.3,12.5,3,4,89.2,24.8,1,1.0
P-001305,2025-07-01,7,182.7,1.6,4,3,88.6,28.2,1,1.48
P-001305,2025-08-01,8,176.5,6.5,1,5,98.3,19.9,1,2.28
P-001305,2025-09-01,9,187.7,0.5,3,6,99.4,25.0,1,1.66
P-001305,2025-10-01,10,182.9,8.3,5,5,91.1,30.7,1,1.27
P-001305,2025-11-01,11,179.9,7.8,1,3,92.1,21.9,1,1.25
P-001305,2025-12-01,12,181.3,7.6,2,6,91.3,21.0,2,1.12
P-001306,2025-01-01,1,169.7,6.3,0,4,94.1,16.9,1,1.6
P-001306,2025-02-01,2,166.7,8.5,3,6,92.8,19.5,1,1.5
P-001306,2025-03-01,3,184.5,1.6,2,4,97.0,21.3,2,1.35
P-001306,2025-04-01,4,178.0,2.2,1,4,93.4,16.6,2,1.52
P-001306,2025-05-01,5,232.9,41.2,2,11,58.4,75.3,2,3.82
P-001306,2025-06-01,6,175.2,2.8,1,3,91.0,17.0,2,1.4
P-001306,2025-07-01,7,175.1,5.1,3,5,96.2,19.0,2,1.12
P-001306,2025-08-01,8,177.2,0.3,2,4,92.7,20.4,3,1.65
P-001306,2025-09-01,9,183.9,8.2,2,5,94.7,28.9,1,1.25
P-001306,2025-10-01,10,172.9,1.8,2,4,97.3,15.4,2,1.47
P-001306,2025-11-01,11,172.8,4.0,1,5,97.7,15.4,3,1.86
P-001306,2025-12-01,12,184.4,3.4,1,5,98.7,13.1,2,1.0
P-001307,2025-01-01,1,179.5,6.9,2,4,101.9,18.4,3,1.74
P-001307,2025-02-01,2,177.1,4.4,4,6,90.1,25.3,5,2.1
P-001307,2025-03-01,3,181.0,13.3,4,6,92.7,32.7,3,1.36
P-001307,2025-04-01,4,240.5,52.9,6,11,63.2,84.6,4,3.41
P-001307,2025-05-01,5,232.6,34.3,3,10,61.3,72.4,3,3.24
P-001307,2025-06-01,6,240.8,41.3,4,17,50.6,85.3,5,4.74
P-001307,2025-07-01,7,233.0,35.3,5,10,49.1,83.9,4,4.33
P-001307,2025-08-01,8,238.5,31.8,10,11,64.1,84.2,4,3.37
P-001307,2025-09-01,9,184.5,4.5,3,4,97.3,23.3,3,1.0
P-001307,2025-10-01,10,172.5,8.9,2,5,93.3,19.9,5,1.31
P-001307,2025-11-01,11,174.3,1.6,3,4,95.9,17.5,4,1.13
P-001307,2025-12-01,12,169.9,5.9,1,6,85.5,19.2,5,1.82
P-001308,2025-01-01,1,169.7,7.1,1,5,98.0,15.8,4,1.98
P-001308,2025-02-01,2,179.3,8.5,1,4,90.8,19.9,4,1.26
P-001308,2025-03-01,3,226.5,33.5,9,10,53.6,75.8,4,4.37
P-001308,2025-04-01,4,246.1,57.2,7,11,56.2,93.8,5,5.0
P-001308,2025-05-01,5,236.2,38.5,3,7,58.8,71.0,4,4.25
P-001308,2025-06-01,6,236.3,40.5,7,10,66.0,80.6,4,3.69
P-001308,2025-07-01,7,239.0,58.2,9,11,53.8,97.9,5,4.05
P-001308,2025-08-01,8,231.5,29.5,2,11,61.2,63.7,3,3.11
P-001308,2025-09-01,9,236.5,41.1,6,11,73.3,79.1,3,3.97
P-001308,2025-10-01,10,178.1,2.1,2,4,93.2,20.3,3,1.48
P-001308,2025-11-01,11,174.6,7.1,0,4,92.0,21.9,4,1.12
P-001308,2025-12-01,12,173.6,6.1,1,5,86.6,17.8,3,1.19
P-001309,2025-01-01,1,181.9,7.1,1,5,95.7,18.0,1,1.36
P-001309,2025-02-01,2,183.0,5.9,2,4,88.9,20.7,2,1.65
P-001309,2025-03-01,3,170.8,7.2,2,4,91.9,26.2,1,1.0
P-001309,2025-04-01,4,169.8,6.4,0,3,89.5,16.8,1,1.1
P-001309,2025-05-01,5,174.9,6.0,1,6,96.8,17.0,2,1.01
P-001309,2025-06-01,6,177.6,12.7,1,5,93.2,22.6,1,1.45
P-001309,2025-07-01,7,191.1,5.4,3,4,98.6,20.1,1,1.23
P-001309,2025-08-01,8,175.2,6.1,0,3,88.2,17.2,2,1.77
P-001309,2025-09-01,9,163.9,5.0,3,4,88.2,20.4,1,1.75
P-001309,2025-10-01,10,180.6,4.0,1,3,104.1,17.3,1,1.29
P-001309,2025-11-01,11,167.4,5.5,2,4,95.2,14.2,2,1.41
P-001309,2025-12-01,12,171.7,6.1,3,4,86.1,23.4,2,1.86
P-001310,2025-01-01,1,177.0,0.0,3,4,91.6,19.7,3,1.33
P-001310,2025-02-01,2,169.8,6.2,2,5,87.8,19.7,1,1.28
P-001310,2025-03-01,3,175.4,5.9,4,5,90.8,22.4,2,1.14
P-001310,2025-04-01,4,211.4,31.1,2,6,55.1,49.8,2,2.92
P-001310,2025-05-01,5,174.1,8.0,2,6,95.5,24.2,1,1.18
P-001310,2025-06-01,6,179.3,8.4,1,4,95.0,24.6,1,1.23
P-001310,2025-07-01,7,183.1,6.4,3,5,95.5,27.6,1,1.0
P-001310,2025-08-01,8,181.2,7.3,2,3,95.3,23.3,1,1.7
P-001310,2025-09-01,9,173.4,4.5,2,3,94.5,19.6,1,1.64
P-001310,2025-10-01,10,166.4,6.4,2,4,89.7,19.3,3,1.42
P-001310,2025-11-01,11,186.4,3.8,1,4,94.9,23.6,2,1.26
P-001310,2025-12-01,12,174.2,11.0,2,6,94.2,20.3,2,1.03
P-001311,2025-01-01,1,177.2,1.6,2,5,86.4,20.8,5,1.46
P-001311,2025-02-01,2,179.4,0.0,2,4,94.8,18.8,5,1.25
P-001311,2025-03-01,3,244.7,43.3,7,11,58.0,88.4,5,4.83
P-001311,2025-04-01,4,232.8,30.0,4,9,64.3,63.1,3,3.73
P-001311,2025-05-01,5,242.3,43.4,4,10,56.4,83.1,5,5.0
P-001311,2025-06-01,6,226.1,34.2,5,11,60.6,72.0,3,4.15
P-001311,2025-07-01,7,237.9,34.1,4,12,59.2,73.3,5,4.42
P-001311,2025-08-01,8,229.3,28.3,6,6,66.3,71.0,3,4.36
P-001311,2025-09-01,9,256.9,33.2,12,12,72.6,93.2,5,5.0
P-001311,2025-10-01,10,175.9,5.2,1,5,93.4,25.4,3,1.52
P-001311,2025-11-01,11,178.3,4.2,1,5,88.7,16.4,4,1.48
P-001311,2025-12-01,12,161.5,10.5,2,6,96.4,14.7,4,1.41
P-001312,2025-01-01,1,173.9,0.0,0,4,88.6,13.2,2,1.2
P-001312,2025-02-01,2,181.3,10.2,1,6,87.1,20.1,2,1.0
P-001312,2025-03-01,3,179.5,5.7,3,4,90.3,24.7,3,1.48
P-001312,2025-04-01,4,172.0,0.0,1,5,94.2,16.6,2,1.01
P-001312,2025-05-01,5,215.7,31.7,2,9,65.8,54.8,1,2.9
P-001312,2025-06-01,6,179.7,0.8,1,4,89.7,18.9,1,1.19
P-001312,2025-07-01,7,170.6,2.7,2,3,95.1,12.9,1,1.13
P-001312,2025-08-01,8,171.1,4.3,3,5,92.6,16.0,1,1.03
P-001312,2025-09-01,9,182.5,8.0,2,4,101.0,18.6,1,1.03
P-001312,2025-10-01,10,182.1,3.5,4,5,96.8,19.9,1,1.4
P-001312,2025-11-01,11,182.7,15.0,4,5,85.6,34.5,2,1.57
P-001312,2025-12-01,12,171.3,0.0,2,3,95.5,18.2,2,1.27
P-001313,2025-01-01,1,176.4,15.0,1,5,88.1,27.3,1,2.04
P-001313,2025-02-01,2,168.9,5.7,1,4,93.6,14.6,3,1.66
P-001313,2025-03-01,3,178.7,0.0,2,5,92.0,22.9,2,1.65
P-001313,2025-04-01,4,175.0,3.0,1,4,89.2,13.6,3,1.02
P-001313,2025-05-01,5,179.4,7.7,2,3,89.6,24.2,2,1.53
P-001313,2025-06-01,6,166.9,11.1,2,4,93.6,15.4,2,1.52
P-001313,2025-07-01,7,165.3,11.4,1,5,92.4,16.3,2,1.0
P-001313,2025-08-01,8,179.2,2.0,1,6,97.0,18.8,1,1.52
P-001313,2025-09-01,9,170.9,0.0,1,6,89.0,16.1,1,1.48
P-001313,2025-10-01,10,182.9,5.5,3,5,88.1,26.5,2,1.0
P-001313,2025-11-01,11,180.4,6.5,2,4,93.4,22.7,2,1.0
P-001313,2025-12-01,12,186.6,11.3,1,4,89.9,19.6,2,1.66
P-001314,2025-01-01,1,180.4,8.9,1,3,96.9,21.5,1,1.13
P-001314,2025-02-01,2,178.0,11.0,1,4,97.6,23.0,2,1.42
P-001314,2025-03-01,3,167.6,10.1,0,4,97.5,8.1,3,1.0
P-001314,2025-04-01,4,169.9,2.7,1,7,93.3,14.5,1,1.35
P-001314,2025-05-01,5,171.3,2.9,3,5,90.3,18.0,2,1.77
P-001314,2025-06-01,6,181.3,0.0,3,5,101.6,20.1,1,1.61
P-001314,2025-07-01,7,176.9,1.0,2,3,84.5,21.3,2,1.85
P-001314,2025-08-01,8,176.1,7.3,1,5,90.4,13.6,2,1.33
P-001314,2025-09-01,9,177.2,0.0,4,4,98.1,15.8,2,1.28
P-001314,2025-10-01,10,183.5,1.6,0,5,97.7,16.2,2,1.31
P-001314,2025-11-01,11,173.7,8.5,3,5,95.9,21.5,3,1.79
P-001314,2025-12-01,12,181.5,6.5,2,5,99.1,27.5,1,2.18
P-001315,2025-01-01,1,173.4,6.3,4,5,89.6,21.4,2,1.89
P-001315,2025-02-01,2,157.8,2.1,2,4,96.1,12.3,1,1.63
P-001315,2025-03-01,3,182.0,7.8,0,5,99.9,21.1,2,1.04
P-001315,2025-04-01,4,219.4,32.1,2,4,65.4,50.9,1,1.94
P-001315,2025-05-01,5,171.7,9.4,2,6,93.9,18.8,2,1.23
P-001315,2025-06-01,6,179.8,5.3,3,3,93.5,19.6,2,1.06
P-001315,2025-07-01,7,170.3,7.9,1,4,99.2,13.3,1,1.23
P-001315,2025-08-01,8,173.5,4.7,3,5,90.9,21.8,2,1.57
P-001315,2025-09-01,9,174.2,5.3,1,7,92.2,23.9,3,1.72
P-001315,2025-10-01,10,169.7,6.5,1,4,89.5,20.0,2,1.69
P-001315,2025-11-01,11,168.7,5.4,3,4,96.3,11.2,1,1.0
P-001315,2025-12-01,12,171.1,4.4,1,4,96.1,10.3,2,1.75
P-001316,2025-01-01,1,177.9,3.6,2,3,96.8,22.2,1,1.37
P-001316,2025-02-01,2,186.8,8.1,4,4,90.7,29.4,2,1.96
P-001316,2025-03-01,3,185.5,9.5,1,4,93.2,23.5,1,1.27
P-001316,2025-04-01,4,220.1,30.9,1,9,61.1,59.5,2,3.15
P-001316,2025-05-01,5,173.8,6.5,1,5,91.0,19.4,2,1.34
P-001316,2025-06-01,6,178.8,7.8,3,3,97.5,22.3,2,1.52
P-001316,2025-07-01,7,181.7,7.0,1,5,92.8,22.5,2,1.23
P-001316,2025-08-01,8,186.1,0.2,1,4,94.4,19.8,1,1.52
P-001316,2025-09-01,9,174.1,11.4,3,5,96.0,23.2,2,2.01
P-001316,2025-10-01,10,180.7,4.2,2,4,95.5,16.7,2,1.57
P-001316,2025-11-01,11,179.7,5.7,1,3,97.7,23.4,1,1.32
P-001316,2025-12-01,12,181.3,3.5,2,6,100.5,20.9,2,1.15
P-001317,2025-01-01,1,173.2,6.6,3,4,95.8,20.4,1,1.21
P-001317,2025-02-01,2,178.3,9.7,0,4,88.8,21.5,1,1.62
P-001317,2025-03-01,3,182.2,0.6,2,5,94.6,20.1,2,1.0
P-001317,2025-04-01,4,180.0,7.1,3,4,94.5,22.7,1,1.07
P-001317,2025-05-01,5,238.0,25.1,4,11,65.6,67.8,2,3.46
P-001317,2025-06-01,6,183.3,4.8,4,4,94.6,22.4,2,1.71
P-001317,2025-07-01,7,166.2,4.2,2,6,93.6,17.5,1,1.32
P-001317,2025-08-01,8,172.8,0.3,3,3,95.4,14.1,1,1.17
P-001317,2025-09-01,9,171.8,9.6,3,5,89.9,31.6,1,1.67
P-001317,2025-10-01,10,181.8,0.0,1,5,97.4,24.3,1,1.91
P-001317,2025-11-01,11,178.0,10.6,3,4,96.9,22.1,2,1.44
P-001317,2025-12-01,12,177.4,5.3,0,5,94.5,15.8,1,1.44
P-001318,2025-01-01,1,177.8,3.3,1,5,92.7,13.6,1,1.63
P-001318,2025-02-01,2,190.9,6.3,0,5,92.7,19.5,1,1.0
P-001318,2025-03-01,3,174.1,7.2,0,4,89.5,19.9,2,1.41
P-001318,2025-04-01,4,180.1,8.6,1,4,89.2,23.9,2,1.37
P-001318,2025-05-01,5,172.0,4.9,3,3,95.4,19.2,2,1.23
P-001318,2025-06-01,6,174.8,3.3,2,6,96.6,25.7,3,1.33
P-001318,2025-07-01,7,178.2,5.3,1,4,98.1,21.2,2,1.0
P-001318,2025-08-01,8,169.9,2.5,3,4,93.6,16.3,2,1.58
P-001318,2025-09-01,9,178.0,7.4,1,5,89.9,27.5,2,1.27
P-001318,2025-10-01,10,159.6,5.0,1,4,97.6,11.5,1,1.4
P-001318,2025-11-01,11,165.0,6.5,3,3,94.8,18.5,2,1.51
P-001318,2025-12-01,12,182.3,6.6,2,6,89.2,23.1,2,1.03
P-001319,2025-01-01,1,177.7,9.5,3,5,92.5,25.2,2,1.22
P-001319,2025-02-01,2,180.1,6.0,2,3,92.0,22.1,2,1.53
P-001319,2025-03-01,3,184.0,8.9,4,5,91.4,31.7,1,1.68
P-001319,2025-04-01,4,182.6,0.0,1,4,97.3,14.1,2,1.52
P-001319,2025-05-01,5,174.9,6.6,5,4,91.0,27.3,2,1.66
P-001319,2025-06-01,6,174.2,5.8,2,4,90.3,23.7,3,1.58
P-001319,2025-07-01,7,177.0,11.8,4,4,85.1,30.9,1,1.54
P-001319,2025-08-01,8,176.1,10.4,2,6,89.8,27.0,1,1.65
P-001319,2025-09-01,9,181.2,4.1,4,5,87.7,29.1,2,1.67
P-001319,2025-10-01,10,184.8,7.5,2,4,91.9,24.0,2,1.3
P-001319,2025-11-01,11,190.7,10.5,1,5,88.4,29.8,1,1.7
P-001319,2025-12-01,12,176.7,15.5,2,4,90.4,22.3,2,1.15
P-001320,2025-01-01,1,178.2,11.9,4,6,91.3,29.0,3,1.25
P-001320,2025-02-01,2,177.7,8.5,4,4,96.8,24.5,2,1.25
P-001320,2025-03-01,3,183.5,5.4,0,5,103.4,12.3,1,1.28
P-001320,2025-04-01,4,174.7,9.1,1,4,94.4,21.9,2,1.56
P-001320,2025-05-01,5,172.8,1.4,2,4,95.1,13.2,2,1.0
P-001320,2025-06-01,6,158.8,7.1,2,4,95.9,12.0,3,1.53
P-001320,2025-07-01,7,179.7,7.1,2,4,88.4,28.1,2,1.76
P-001320,2025-08-01,8,175.3,2.1,3,3,95.6,20.5,1,1.0
P-001320,2025-09-01,9,181.5,7.9,3,6,92.1,26.8,2,1.39
P-001320,2025-10-01,10,174.1,3.7,5,4,92.2,25.7,1,1.41
P-001320,2025-11-01,11,178.3,8.8,0,5,90.9,18.3,2,1.19
P-001320,2025-12-01,12,168.0,0.6,2,5,89.0,17.1,2,1.81
P-001321,2025-01-01,1,172.2,10.7,4,5,91.3,22.9,1,1.85
P-001321,2025-02-01,2,173.4,6.1,1,6,100.6,15.8,1,1.15
P-001321,2025-03-01,3,185.3,9.2,4,4,95.3,32.7,2,1.55
P-001321,2025-04-01,4,175.6,8.6,1,3,95.3,20.1,3,1.14
P-001321,2025-05-01,5,176.3,3.3,3,4,92.5,24.3,1,1.57
P-001321,2025-06-01,6,181.5,9.4,2,5,91.7,21.2,1,1.42
P-001321,2025-07-01,7,172.4,1.3,1,3,97.1,11.9,1,1.46
P-001321,2025-08-01,8,180.9,10.7,5,3,89.8,36.2,2,1.49
P-001321,2025-09-01,9,186.0,0.0,3,6,96.0,25.5,2,1.28
P-001321,2025-10-01,10,173.1,5.9,1,4,93.2,19.0,1,1.19
P-001321,2025-11-01,11,177.7,7.0,1,4,95.6,18.2,2,1.67
P-001321,2025-12-01,12,175.0,8.1,1,5,95.2,16.4,1,1.0
P-001322,2025-01-01,1,185.3,6.7,2,3,98.0,21.3,3,1.48
P-001322,2025-02-01,2,180.3,0.4,2,3,96.6,20.2,5,1.68
P-001322,2025-03-01,3,178.6,5.7,1,5,90.4,24.0,4,2.08
P-001322,2025-04-01,4,237.1,47.8,7,11,50.1,96.1,5,4.45
P-001322,2025-05-01,5,233.5,27.8,8,11,60.9,76.1,4,3.55
P-001322,2025-06-01,6,238.2,45.2,5,14,55.8,84.7,4,4.36
P-001322,2025-07-01,7,242.1,52.1,8,14,49.3,91.4,5,4.32
P-001322,2025-08-01,8,232.6,34.4,7,6,50.0,80.8,3,4.43
P-001322,2025-09-01,9,170.9,3.2,0,5,87.9,13.7,4,1.12
P-001322,2025-10-01,10,179.8,9.4,2,4,100.0,23.5,3,1.38
P-001322,2025-11-01,11,178.4,6.3,2,5,98.6,16.6,4,1.19
P-001322,2025-12-01,12,180.8,3.0,4,5,98.2,24.4,3,1.08
P-001323,2025-01-01,1,188.5,0.0,3,5,93.5,18.7,4,1.09
P-001323,2025-02-01,2,177.6,5.5,1,4,87.8,21.9,4,1.0
P-001323,2025-03-01,3,171.5,6.2,1,4,91.3,22.7,4,1.5
P-001323,2025-04-01,4,242.2,32.5,3,10,68.0,74.5,3,3.31
P-001323,2025-05-01,5,243.7,48.1,7,13,49.7,88.7,5,4.91
P-001323,2025-06-01,6,223.1,45.6,4,5,53.8,70.4,3,4.11
P-001323,2025-07-01,7,246.3,47.0,10,9,63.1,94.9,5,4.46
P-001323,2025-08-01,8,234.1,32.2,6,7,61.5,70.6,4,4.69
P-001323,2025-09-01,9,169.7,5.5,4,6,90.0,24.6,4,1.12
P-001323,2025-10-01,10,178.3,4.2,3,5,96.2,23.9,3,1.27
P-001323,2025-11-01,11,169.6,3.7,5,4,93.3,18.2,4,1.43
P-001323,2025-12-01,12,177.1,0.0,2,3,96.2,21.8,5,1.16
P-001324,2025-01-01,1,182.9,7.5,3,5,92.4,26.3,2,1.0
P-001324,2025-02-01,2,179.1,0.9,4,5,94.9,27.7,2,1.41
P-001324,2025-03-01,3,178.9,3.6,4,3,93.1,23.1,2,1.07
P-001324,2025-04-01,4,175.5,11.3,3,5,94.5,22.5,2,1.32
P-001324,2025-05-01,5,209.6,33.4,2,11,60.8,49.9,1,2.43
P-001324,2025-06-01,6,173.5,1.2,2,4,93.0,19.0,1,1.73
P-001324,2025-07-01,7,173.8,4.1,1,4,91.1,16.3,2,1.88
P-001324,2025-08-01,8,175.5,7.3,4,5,103.7,27.3,1,1.7
P-001324,2025-09-01,9,175.8,9.4,3,5,94.3,28.3,2,1.64
P-001324,2025-10-01,10,171.7,0.0,3,6,92.6,18.4,1,1.29
P-001324,2025-11-01,11,178.9,8.1,2,4,93.5,18.8,1,1.54
P-001324,2025-12-01,12,171.1,8.4,5,3,95.5,21.9,1,1.0
P-001325,2025-01-01,1,183.3,6.6,5,5,88.8,29.9,3,1.46
P-001325,2025-02-01,2,180.8,5.4,3,4,92.3,20.4,3,1.39
P-001325,2025-03-01,3,182.7,11.6,1,4,90.9,26.3,1,1.52
P-001325,2025-04-01,4,173.0,8.3,2,4,93.8,14.0,2,1.61
P-001325,2025-05-01,5,231.7,35.9,3,9,61.3,74.0,2,3.61
P-001325,2025-06-01,6,177.9,9.5,4,6,90.5,29.6,1,1.43
P-001325,2025-07-01,7,173.9,9.0,2,4,92.6,17.1,3,1.19
P-001325,2025-08-01,8,177.4,3.5,0,3,92.0,17.7,2,1.72
P-001325,2025-09-01,9,169.1,4.5,1,4,98.9,15.1,1,1.36
P-001325,2025-10-01,10,176.4,5.6,2,6,101.7,18.9,1,1.07
P-001325,2025-11-01,11,180.0,6.4,1,6,88.8,17.8,2,1.85
P-001325,2025-12-01,12,189.3,6.3,4,5,82.3,31.0,1,1.87
P-001326,2025-01-01,1,179.9,11.3,1,5,91.6,22.6,2,1.1
P-001326,2025-02-01,2,179.3,1.7,5,6,96.8,23.8,1,1.34
P-001326,2025-03-01,3,177.1,4.0,4,5,92.1,21.9,1,1.33
P-001326,2025-04-01,4,168.4,8.6,1,4,91.7,18.8,2,1.25
P-001326,2025-05-01,5,173.0,6.0,2,4,86.6,21.3,2,1.67
P-001326,2025-06-01,6,170.5,6.4,0,4,91.0,8.9,1,1.0
P-001326,2025-07-01,7,176.1,0.0,1,5,95.5,15.2,2,1.77
P-001326,2025-08-01,8,173.7,6.6,0,3,85.8,12.5,1,1.0
P-001326,2025-09-01,9,164.3,0.0,4,4,96.2,19.6,2,1.52
P-001326,2025-10-01,10,177.6,7.4,2,4,86.7,24.7,3,1.68
P-001326,2025-11-01,11,187.7,1.6,3,4,94.9,24.0,2,1.0
P-001326,2025-12-01,12,180.1,1.3,1,3,93.8,17.4,2,1.72
P-001327,2025-01-01,1,173.0,3.6,4,5,97.0,21.9,2,1.26
P-001327,2025-02-01,2,184.8,10.3,2,5,95.1,21.3,2,1.13
P-001327,2025-03-01,3,182.1,5.8,2,4,97.5,26.6,2,1.08
P-001327,2025-04-01,4,169.8,7.3,2,4,98.6,17.3,1,1.24
P-001327,2025-05-01,5,235.1,45.1,3,6,60.1,72.1,2,3.29
P-001327,2025-06-01,6,173.4,5.0,3,5,89.3,19.1,3,1.8
P-001327,2025-07-01,7,175.8,6.4,4,6,91.3,25.0,2,1.55
P-001327,2025-08-01,8,182.7,6.6,1,4,88.8,19.5,1,1.0
P-001327,2025-09-01,9,177.5,9.3,2,5,97.3,25.3,2,2.41
P-001327,2025-10-01,10,169.4,1.3,5,6,93.9,28.5,1,1.85
P-001327,2025-11-01,11,179.4,4.6,1,4,94.1,18.8,1,1.65
P-001327,2025-12-01,12,171.1,11.8,4,4,97.3,21.7,2,1.17
P-001328,2025-01-01,1,175.5,9.5,1,5,94.5,15.8,4,1.66
P-001328,2025-02-01,2,179.5,1.9,1,4,87.1,19.1,4,1.55
P-001328,2025-03-01,3,182.9,4.5,0,4,92.6,24.5,4,1.36
P-001328,2025-04-01,4,231.1,35.1,6,16,59.5,78.8,5,3.92
P-001328,2025-05-01,5,248.9,42.3,2,10,57.9,77.0,5,4.61
P-001328,2025-06-01,6,250.0,40.1,3,13,58.3,76.0,4,3.63
P-001328,2025-07-01,7,234.4,55.6,7,9,47.2,93.1,4,4.07
P-001328,2025-08-01,8,240.2,42.2,7,11,68.2,79.0,4,3.68
P-001328,2025-09-01,9,182.7,6.6,1,5,99.4,23.0,3,1.7
P-001328,2025-10-01,10,173.1,3.8,3,4,98.0,14.3,5,1.33
P-001328,2025-11-01,11,175.7,12.9,1,5,86.4,23.5,3,1.62
P-001328,2025-12-01,12,172.6,2.4,1,6,99.5,15.0,3,1.0
P-001329,2025-01-01,1,180.5,6.2,1,4,92.2,23.4,2,1.0
P-001329,2025-02-01,2,170.0,3.0,3,4,96.6,23.8,3,1.94
P-001329,2025-03-01,3,176.0,4.2,2,5,89.9,22.5,2,1.54
P-001329,2025-04-01,4,172.7,4.2,2,5,87.2,18.0,1,2.04
P-001329,2025-05-01,5,173.0,5.9,3,4,86.0,23.1,1,1.41
P-001329,2025-06-01,6,180.1,4.2,0,4,94.5,17.0,3,1.2
P-001329,2025-07-01,7,182.5,1.0,5,6,96.6,28.1,1,1.0
P-001329,2025-08-01,8,173.7,12.4,2,5,98.7,19.8,1,1.46
P-001329,2025-09-01,9,180.4,7.4,1,5,98.7,26.6,2,1.51
P-001329,2025-10-01,10,178.1,9.2,0,4,94.2,16.0,3,1.2
P-001329,2025-11-01,11,173.5,0.2,3,4,89.7,25.7,3,1.0
P-001329,2025-12-01,12,175.4,15.8,4,4,89.6,26.0,1,1.17
P-001330,2025-01-01,1,176.6,10.9,0,7,98.3,18.1,4,1.41
P-001330,2025-02-01,2,169.4,3.3,1,5,94.0,16.7,4,1.1
P-001330,2025-03-01,3,173.5,3.5,1,4,93.7,13.3,4,1.0
P-001330,2025-04-01,4,251.5,48.0,3,10,60.2,81.5,4,4.03
P-001330,2025-05-01,5,246.7,44.9,8,12,57.3,93.4,4,4.39
P-001330,2025-06-01,6,247.7,41.1,4,13,65.2,78.8,4,4.52
P-001330,2025-07-01,7,246.2,46.3,4,14,56.5,86.5,5,5.0
P-001330,2025-08-01,8,237.2,54.4,6,7,65.5,87.5,4,4.26
P-001330,2025-09-01,9,237.1,43.7,2,13,54.6,79.2,5,3.89
P-001330,2025-10-01,10,237.4,34.2,5,12,66.4,73.1,4,3.97
P-001330,2025-11-01,11,229.9,38.5,5,13,63.4,76.7,4,5.0
P-001330,2025-12-01,12,181.9,7.1,2,3,87.0,25.9,5,1.76
P-001331,2025-01-01,1,166.1,4.2,2,3,100.1,17.1,2,1.57
P-001331,2025-02-01,2,174.5,0.0,1,4,103.5,16.9,3,1.3
P-001331,2025-03-01,3,181.8,11.0,3,4,99.3,26.1,2,1.34
P-001331,2025-04-01,4,174.5,4.8,5,5,88.8,27.1,1,1.19
P-001331,2025-05-01,5,223.3,24.1,7,8,63.8,66.9,2,2.68
P-001331,2025-06-01,6,182.5,6.2,3,5,92.3,22.9,2,1.68
P-001331,2025-07-01,7,160.7,4.7,1,4,93.7,8.2,2,1.36
P-001331,2025-08-01,8,180.2,3.2,2,4,92.7,22.9,1,1.93
P-001331,2025-09-01,9,173.3,2.3,4,3,91.8,18.4,2,1.23
P-001331,2025-10-01,10,168.4,3.2,1,4,94.1,13.1,2,1.36
P-001331,2025-11-01,11,178.7,10.0,3,4,90.6,24.0,2,1.66
P-001331,2025-12-01,12,176.9,11.1,2,6,91.8,30.3,2,1.35
P-001332,2025-01-01,1,172.9,9.9,3,4,98.8,19.2,2,1.85
P-001332,2025-02-01,2,179.7,9.5,2,4,86.9,26.7,3,1.72
P-001332,2025-03-01,3,180.1,11.7,2,5,87.0,27.0,2,1.31
P-001332,2025-04-01,4,226.0,25.5,2,13,63.5,61.2,2,3.17
P-001332,2025-05-01,5,180.8,9.7,1,3,98.1,19.5,2,1.78
P-001332,2025-06-01,6,181.7,2.1,3,4,91.8,23.8,2,1.74
P-001332,2025-07-01,7,179.4,6.1,2,4,89.8,24.1,2,1.3
P-001332,2025-08-01,8,181.6,4.5,2,3,94.8,18.0,1,1.31
P-001332,2025-09-01,9,171.7,3.8,0,5,94.0,14.3,2,1.36
P-001332,2025-10-01,10,174.5,1.8,2,5,94.8,14.1,3,1.0
P-001332,2025-11-01,11,179.5,9.5,1,5,95.3,22.8,2,1.0
P-001332,2025-12-01,12,166.6,7.1,0,4,91.9,10.5,1,1.33
P-001333,2025-01-01,1,175.3,2.8,4,5,90.6,17.4,5,1.4
P-001333,2025-02-01,2,172.8,4.2,2,4,91.6,17.5,4,1.46
P-001333,2025-03-01,3,156.9,14.3,1,5,90.2,11.8,5,1.14
P-001333,2025-04-01,4,241.2,45.1,8,14,55.3,85.9,5,4.62
P-001333,2025-05-01,5,251.2,40.4,10,13,65.6,96.6,5,4.94
P-001333,2025-06-01,6,244.8,36.1,1,8,62.8,68.5,4,3.84
P-001333,2025-07-01,7,232.7,39.8,11,8,58.5,80.6,4,4.61
P-001333,2025-08-01,8,243.8,35.5,6,14,61.1,80.9,5,4.98
P-001333,2025-09-01,9,240.8,39.1,8,7,55.6,84.0,5,4.53
P-001333,2025-10-01,10,241.6,51.6,7,8,64.3,84.6,5,4.41
P-001333,2025-11-01,11,237.3,28.1,3,12,60.6,74.5,4,4.62
P-001333,2025-12-01,12,176.2,15.9,3,4,85.8,32.5,5,1.5
P-001334,2025-01-01,1,175.1,7.0,2,6,98.2,23.7,4,1.49
P-001334,2025-02-01,2,178.4,7.9,4,4,96.8,22.0,4,1.0
P-001334,2025-03-01,3,166.4,1.0,3,4,91.5,14.8,4,1.29
P-001334,2025-04-01,4,240.7,48.1,2,11,53.5,83.2,4,3.65
P-001334,2025-05-01,5,237.8,34.4,2,12,67.2,70.8,4,3.16
P-001334,2025-06-01,6,249.8,30.6,14,10,65.2,89.4,5,4.27
P-001334,2025-07-01,7,249.8,41.0,7,18,56.3,93.4,5,4.0
P-001334,2025-08-01,8,253.1,39.9,9,11,63.4,91.3,5,4.45
P-001334,2025-09-01,9,246.0,50.1,6,15,52.9,86.9,5,4.02
P-001334,2025-10-01,10,242.9,30.0,7,11,56.8,83.4,5,4.3
P-001334,2025-11-01,11,242.5,42.9,4,17,57.0,79.8,5,4.38
P-001334,2025-12-01,12,190.4,6.8,0,4,93.1,24.7,5,1.0
P-001335,2025-01-01,1,183.6,8.2,0,5,87.5,19.8,4,1.31
P-001335,2025-02-01,2,177.8,7.7,1,4,94.5,20.2,4,1.0
P-001335,2025-03-01,3,182.3,2.6,1,7,92.5,22.9,5,1.07
P-001335,2025-04-01,4,253.9,41.2,8,10,52.2,92.3,5,3.62
P-001335,2025-05-01,5,251.5,42.4,10,10,63.0,95.1,5,4.26
P-001335,2025-06-01,6,238.2,36.9,11,11,59.7,88.2,4,4.27
P-001335,2025-07-01,7,238.0,46.1,4,12,55.2,79.7,5,4.44
P-001335,2025-08-01,8,255.7,64.1,11,12,55.6,98.0,5,4.0
P-001335,2025-09-01,9,231.6,47.9,7,11,55.7,80.8,4,4.38
P-001335,2025-10-01,10,243.6,38.9,7,16,61.5,87.9,5,4.28
P-001335,2025-11-01,11,242.4,48.4,6,13,62.2,88.7,5,5.0
P-001335,2025-12-01,12,186.4,5.2,3,5,90.3,29.2,4,1.38
P-001336,2025-01-01,1,165.5,2.8,2,3,91.2,15.5,1,1.62
P-001336,2025-02-01,2,229.5,37.3,1,10,55.9,71.2,4,4.9
P-001336,2025-03-01,3,245.5,35.0,9,13,67.3,88.0,4,4.23
P-001336,2025-04-01,4,233.8,41.4,13,16,61.7,92.4,4,3.69
P-001336,2025-05-01,5,247.7,55.5,6,12,47.3,88.7,4,3.54
P-001336,2025-06-01,6,181.5,11.5,0,6,91.3,25.6,1,1.82
P-001336,2025-07-01,7,179.1,8.5,4,6,92.7,31.0,1,1.46
P-001336,2025-08-01,8,168.5,1.2,2,4,96.4,12.1,1,1.47
P-001336,2025-09-01,9,188.0,8.9,0,5,93.1,28.6,1,1.22
P-001336,2025-10-01,10,176.7,8.2,2,5,95.6,24.8,1,1.26
P-001336,2025-11-01,11,171.7,3.4,1,4,93.9,14.1,1,1.0
P-001336,2025-12-01,12,172.0,8.3,3,4,93.8,27.5,1,2.05
P-001337,2025-01-01,1,187.5,4.8,5,5,91.4,29.3,2,1.58
P-001337,2025-02-01,2,187.0,11.2,0,5,99.5,19.7,1,1.08
P-001337,2025-03-01,3,178.4,2.6,3,5,96.1,21.9,2,1.59
P-001337,2025-04-01,4,214.5,36.6,2,6,59.5,64.0,1,3.28
P-001337,2025-05-01,5,173.9,1.7,3,5,91.8,17.3,1,1.55
P-001337,2025-06-01,6,182.8,4.8,2,5,94.1,21.7,2,1.83
P-001337,2025-07-01,7,177.0,9.7,1,6,86.5,18.3,1,1.78
P-001337,2025-08-01,8,176.1,4.9,1,4,96.5,19.4,2,1.56
P-001337,2025-09-01,9,175.4,2.5,1,6,92.5,21.1,2,1.16
P-001337,2025-10-01,10,168.3,6.0,0,3,93.6,16.0,1,1.74
P-001337,2025-11-01,11,181.7,2.3,2,5,91.0,18.8,2,1.33
P-001337,2025-12-01,12,175.8,13.9,0,5,98.7,27.0,2,1.18
P-001338,2025-01-01,1,182.4,8.4,2,7,96.8,21.1,4,1.56
P-001338,2025-02-01,2,178.4,1.9,2,5,90.2,19.3,4,1.29
P-001338,2025-03-01,3,238.7,37.2,4,12,62.2,78.1,5,3.98
P-001338,2025-04-01,4,248.9,49.9,3,11,63.5,84.4,4,4.23
P-001338,2025-05-01,5,245.8,41.3,5,11,63.2,78.2,4,4.12
P-001338,2025-06-01,6,233.7,39.0,6,12,50.5,87.3,4,4.13
P-001338,2025-07-01,7,245.2,47.2,7,14,56.1,90.8,4,3.9
P-001338,2025-08-01,8,233.4,46.2,7,10,51.2,84.9,4,4.8
P-001338,2025-09-01,9,242.7,36.7,6,13,57.3,80.2,5,4.64
P-001338,2025-10-01,10,182.3,1.8,0,4,91.5,23.0,5,1.59
P-001338,2025-11-01,11,172.6,8.6,1,4,99.0,18.5,5,1.59
P-001338,2025-12-01,12,177.7,10.9,0,6,90.9,20.6,4,1.43
P-001339,2025-01-01,1,177.4,8.3,0,4,87.0,22.7,1,1.47
P-001339,2025-02-01,2,170.5,8.9,1,3,92.4,18.9,1,1.29
P-001339,2025-03-01,3,172.0,9.4,2,5,95.6,22.3,3,1.98
P-001339,2025-04-01,4,225.2,49.4,3,9,45.9,72.0,1,2.76
P-001339,2025-05-01,5,174.5,9.1,5,5,90.2,25.1,1,1.0
P-001339,2025-06-01,6,178.4,4.6,1,5,93.1,18.0,3,1.41
P-001339,2025-07-01,7,178.3,9.8,4,3,92.7,30.0,1,1.54
P-001339,2025-08-01,8,180.0,6.7,1,4,89.1,18.7,1,1.09
P-001339,2025-09-01,9,176.9,6.5,4,4,87.9,21.1,1,1.07
P-001339,2025-10-01,10,176.8,7.8,1,5,94.4,19.8,2,1.12
P-001339,2025-11-01,11,171.5,7.3,1,3,94.6,15.9,3,1.5
P-001339,2025-12-01,12,180.8,1.9,0,5,98.0,13.4,1,1.2
P-001340,2025-01-01,1,173.6,5.7,2,5,90.4,17.5,1,1.31
P-001340,2025-02-01,2,175.4,6.3,0,6,85.6,17.6,1,1.0
P-001340,2025-03-01,3,168.8,0.0,1,5,96.5,12.2,2,1.17
P-001340,2025-04-01,4,168.6,1.2,2,5,98.0,15.3,3,1.92
P-001340,2025-05-01,5,186.3,4.2,1,5,93.3,26.3,1,1.68
P-001340,2025-06-01,6,179.6,0.0,2,6,88.2,18.8,1,1.14
P-001340,2025-07-01,7,169.2,0.6,4,6,99.7,20.4,1,1.63
P-001340,2025-08-01,8,182.3,13.9,1,5,87.4,29.1,3,1.8
P-001340,2025-09-01,9,178.5,1.3,1,4,100.5,13.9,1,1.0
P-001340,2025-10-01,10,177.8,0.0,1,5,105.0,12.3,1,1.27
P-001340,2025-11-01,11,172.3,6.3,1,4,97.1,19.3,1,1.34
P-001340,2025-12-01,12,170.6,8.3,3,5,88.0,25.6,1,1.46
P-001341,2025-01-01,1,194.8,5.6,2,4,96.4,25.1,4,1.72
P-001341,2025-02-01,2,178.2,2.2,4,6,91.6,19.8,5,1.01
P-001341,2025-03-01,3,251.2,55.9,6,11,62.5,88.7,5,4.0
P-001341,2025-04-01,4,234.1,40.1,10,11,56.7,87.1,3,3.8
P-001341,2025-05-01,5,240.0,35.5,3,11,61.8,70.5,4,3.71
P-001341,2025-06-01,6,232.4,44.4,11,13,56.7,94.2,4,3.27
P-001341,2025-07-01,7,238.4,45.6,5,15,43.3,87.5,4,4.68
P-001341,2025-08-01,8,239.6,39.5,6,8,61.0,77.8,3,4.0
P-001341,2025-09-01,9,234.4,40.5,8,10,52.5,85.1,4,4.03
P-001341,2025-10-01,10,181.9,10.5,2,5,94.5,25.1,4,1.91
P-001341,2025-11-01,11,181.7,4.3,2,3,99.5,17.4,4,1.37
P-001341,2025-12-01,12,177.2,4.3,0,5,91.7,11.4,4,1.12
P-001342,2025-01-01,1,162.3,0.9,2,5,91.8,12.8,4,1.18
P-001342,2025-02-01,2,169.5,7.0,0,6,88.2,17.3,4,1.37
P-001342,2025-03-01,3,227.8,46.6,5,8,52.7,78.4,3,3.61
P-001342,2025-04-01,4,234.7,36.2,7,9,68.6,68.9,4,4.25
P-001342,2025-05-01,5,227.6,42.4,6,14,58.8,75.4,3,3.82
P-001342,2025-06-01,6,233.9,51.2,10,12,50.5,90.5,4,4.25
P-001342,2025-07-01,7,248.6,40.2,4,8,67.2,80.8,4,4.53
P-001342,2025-08-01,8,245.4,45.6,8,8,72.3,85.4,4,4.34
P-001342,2025-09-01,9,240.0,53.3,5,10,51.4,88.6,5,4.58
P-001342,2025-10-01,10,169.7,8.9,3,4,95.9,26.7,4,1.81
P-001342,2025-11-01,11,183.1,5.5,3,5,90.9,26.2,3,1.3
P-001342,2025-12-01,12,181.9,9.3,5,5,90.4,26.7,4,1.0
P-001343,2025-01-01,1,172.6,4.8,3,5,96.9,17.3,5,1.45
P-001343,2025-02-01,2,176.9,9.2,4,3,96.7,29.5,5,1.92
P-001343,2025-03-01,3,177.5,4.1,0,5,95.0,12.8,5,1.07
P-001343,2025-04-01,4,243.6,40.7,5,11,68.4,77.9,5,4.28
P-001343,2025-05-01,5,236.8,46.9,7,12,46.1,84.8,4,3.72
P-001343,2025-06-01,6,235.7,45.3,3,9,56.5,77.8,5,4.88
P-001343,2025-07-01,7,240.7,54.8,7,13,52.5,96.8,5,4.63
P-001343,2025-08-01,8,246.5,37.3,9,11,57.9,89.1,5,4.63
P-001343,2025-09-01,9,240.6,40.5,6,12,59.7,82.8,4,3.55
P-001343,2025-10-01,10,246.5,49.3,5,11,61.2,88.0,5,4.3
P-001343,2025-11-01,11,228.2,41.4,7,13,53.5,78.5,4,4.03
P-001343,2025-12-01,12,172.6,6.6,1,4,89.7,21.0,5,1.26
P-001344,2025-01-01,1,178.2,4.7,2,3,93.4,24.8,3,1.88
P-001344,2025-02-01,2,177.5,4.5,0,5,92.1,14.3,5,1.24
P-001344,2025-03-01,3,178.3,7.9,3,4,91.8,24.6,4,1.48
P-001344,2025-04-01,4,238.2,48.6,2,14,52.6,81.0,4,3.91
P-001344,2025-05-01,5,242.3,45.1,3,12,57.8,77.7,4,4.24
P-001344,2025-06-01,6,241.0,34.7,2,11,61.7,66.9,5,4.79
P-001344,2025-07-01,7,227.0,47.2,6,12,56.4,83.6,4,4.35
P-001344,2025-08-01,8,237.6,41.6,5,14,68.0,82.1,4,4.53
P-001344,2025-09-01,9,182.2,6.5,2,3,94.4,22.9,4,1.05
P-001344,2025-10-01,10,179.3,4.0,0,6,95.6,16.9,3,1.46
P-001344,2025-11-01,11,172.3,13.0,2,4,88.7,28.9,4,1.15
P-001344,2025-12-01,12,179.6,8.4,1,5,92.2,17.8,3,1.35
P-001345,2025-01-01,1,193.6,7.3,5,3,88.2,36.2,5,1.4
P-001345,2025-02-01,2,168.8,6.4,3,5,88.6,17.0,4,1.0
P-001345,2025-03-01,3,169.4,7.6,1,3,101.8,13.7,4,1.37
P-001345,2025-04-01,4,246.7,41.3,3,14,61.0,83.0,5,4.28
P-001345,2025-05-01,5,225.8,42.7,5,6,58.3,72.1,3,3.5
P-001345,2025-06-01,6,230.7,46.6,11,10,50.8,89.4,3,4.34
P-001345,2025-07-01,7,219.1,43.4,6,10,63.1,74.3,3,3.41
P-001345,2025-08-01,8,248.2,38.8,5,7,61.2,76.6,4,4.1
P-001345,2025-09-01,9,189.2,9.5,2,4,93.8,21.5,4,1.31
P-001345,2025-10-01,10,174.0,13.5,2,4,93.1,21.3,4,1.33
P-001345,2025-11-01,11,174.3,0.0,1,4,94.9,15.7,3,1.41
P-001345,2025-12-01,12,174.0,1.7,4,4,92.6,21.2,4,1.54
P-001346,2025-01-01,1,165.0,6.9,2,4,98.7,16.8,1,1.82
P-001346,2025-02-01,2,167.1,7.5,2,4,98.4,18.9,2,1.17
P-001346,2025-03-01,3,176.3,0.9,1,5,99.6,18.5,1,1.5
P-001346,2025-04-01,4,220.2,26.6,1,5,61.2,48.9,1,2.94
P-001346,2025-05-01,5,181.7,4.5,1,6,94.7,21.4,1,1.72
P-001346,2025-06-01,6,178.2,0.7,0,6,92.3,13.4,1,1.0
P-001346,2025-07-01,7,172.9,1.4,3,4,89.8,18.0,2,1.01
P-001346,2025-08-01,8,180.5,13.6,3,4,92.0,27.0,1,1.41
P-001346,2025-09-01,9,177.5,6.9,0,5,94.1,16.3,2,1.69
P-001346,2025-10-01,10,172.5,0.0,2,5,89.6,22.4,1,1.44
P-001346,2025-11-01,11,181.8,2.1,2,4,91.8,22.6,1,1.82
P-001346,2025-12-01,12,169.0,9.8,1,5,88.2,18.8,2,1.71
P-001347,2025-01-01,1,176.3,8.5,1,5,88.9,26.6,1,1.27
P-001347,2025-02-01,2,253.5,40.6,6,9,67.2,83.0,4,4.84
P-001347,2025-03-01,3,225.2,36.2,6,12,66.9,70.7,4,4.32
P-001347,2025-04-01,4,229.0,20.7,5,11,65.5,61.1,4,3.57
P-001347,2025-05-01,5,235.2,50.4,2,15,55.0,82.6,4,4.93
P-001347,2025-06-01,6,177.7,5.2,2,7,93.9,23.7,1,1.18
P-001347,2025-07-01,7,194.5,7.2,2,5,91.7,30.5,1,1.93
P-001347,2025-08-01,8,176.1,7.9,2,4,93.7,20.4,1,1.21
P-001347,2025-09-01,9,167.3,3.9,2,5,94.5,16.3,1,2.03
P-001347,2025-10-01,10,165.4,7.0,3,5,89.5,19.4,1,1.18
P-001347,2025-11-01,11,176.0,10.4,3,6,97.4,24.6,1,1.68
P-001347,2025-12-01,12,173.6,10.2,2,3,94.0,24.2,1,1.34
P-001348,2025-01-01,1,182.5,12.2,2,4,94.7,28.4,4,1.54
P-001348,2025-02-01,2,177.7,10.7,3,4,93.3,30.4,3,1.47
P-001348,2025-03-01,3,223.8,27.4,6,11,63.3,70.6,3,3.96
P-001348,2025-04-01,4,253.2,51.1,6,13,51.7,93.9,5,4.89
P-001348,2025-05-01,5,240.7,43.5,8,11,57.7,82.6,5,4.13
P-001348,2025-06-01,6,241.4,29.2,8,9,62.1,79.7,5,4.28
P-001348,2025-07-01,7,240.2,32.0,6,8,70.6,72.1,4,3.57
P-001348,2025-08-01,8,246.8,39.5,12,8,66.3,87.3,4,3.73
P-001348,2025-09-01,9,244.7,41.9,2,10,54.4,80.7,4,4.0
P-001348,2025-10-01,10,177.0,5.6,4,4,96.7,22.1,4,1.27
P-001348,2025-11-01,11,174.2,2.5,1,4,92.9,18.8,4,1.51
P-001348,2025-12-01,12,168.1,8.5,3,5,93.1,23.1,4,1.73
P-001349,2025-01-01,1,176.6,2.7,1,4,91.3,16.1,1,1.53
P-001349,2025-02-01,2,179.6,2.8,2,4,92.0,16.1,1,1.0
P-001349,2025-03-01,3,181.5,4.2,2,5,94.0,14.5,1,1.4
P-001349,2025-04-01,4,211.0,31.8,1,6,65.6,51.2,1,3.32
P-001349,2025-05-01,5,237.7,33.8,8,9,56.4,83.3,3,4.03
P-001349,2025-06-01,6,187.0,6.9,1,4,100.4,20.9,1,1.0
P-001349,2025-07-01,7,171.7,0.0,0,6,101.2,15.1,1,1.14
P-001349,2025-08-01,8,170.9,8.0,1,4,89.1,20.6,1,1.38
P-001349,2025-09-01,9,185.6,6.6,1,5,96.9,17.3,3,1.35
P-001349,2025-10-01,10,180.7,7.9,2,5,92.0,20.4,1,1.62
P-001349,2025-11-01,11,189.8,5.7,2,3,98.3,21.3,3,1.63
P-001349,2025-12-01,12,172.6,0.0,3,3,89.8,16.6,2,1.25
P-001350,2025-01-01,1,180.2,6.7,2,6,90.5,22.1,2,1.46
P-001350,2025-02-01,2,166.0,11.3,2,5,96.4,26.9,2,1.66
P-001350,2025-03-01,3,184.6,2.9,3,5,90.2,22.7,2,1.48
P-001350,2025-04-01,4,173.8,11.2,3,4,88.0,18.5,2,1.54
P-001350,2025-05-01,5,179.0,9.4,1,4,90.5,20.7,3,1.47
P-001350,2025-06-01,6,173.0,0.0,2,6,96.2,22.8,2,1.58
P-001350,2025-07-01,7,168.9,5.2,0,4,89.2,17.2,1,1.24
P-001350,2025-08-01,8,179.3,5.7,4,4,88.8,20.6,2,1.18
P-001350,2025-09-01,9,176.4,5.9,5,6,88.0,31.0,1,1.13
P-001350,2025-10-01,10,187.6,9.3,3,6,88.3,34.7,1,1.31
P-001350,2025-11-01,11,171.3,9.8,2,4,100.3,15.3,1,1.25
P-001350,2025-12-01,12,182.2,5.1,1,5,99.7,15.4,1,1.27
P-001351,2025-01-01,1,165.1,0.0,2,5,85.7,18.9,4,1.7
P-001351,2025-02-01,2,174.4,2.5,2,4,88.6,17.8,4,1.0
P-001351,2025-03-01,3,232.0,36.9,5,9,63.1,74.7,3,3.88
P-001351,2025-04-01,4,239.0,44.7,5,13,50.2,92.7,4,4.63
P-001351,2025-05-01,5,238.4,39.5,6,12,55.6,87.2,5,4.1
P-001351,2025-06-01,6,249.9,52.7,5,11,47.2,89.5,4,4.46
P-001351,2025-07-01,7,245.0,35.3,4,12,58.1,75.2,4,4.27
P-001351,2025-08-01,8,233.0,30.7,8,10,65.6,76.0,4,4.58
P-001351,2025-09-01,9,255.0,36.1,4,12,62.8,73.4,4,3.78
P-001351,2025-10-01,10,168.0,6.2,2,5,90.4,21.0,4,1.26
P-001351,2025-11-01,11,174.4,6.2,4,5,94.2,25.2,4,1.03
P-001351,2025-12-01,12,174.3,7.9,0,6,91.1,18.8,4,1.0
P-001352,2025-01-01,1,171.5,1.7,0,4,95.9,7.7,2,1.66
P-001352,2025-02-01,2,167.4,6.9,5,4,87.6,22.8,1,1.98
P-001352,2025-03-01,3,165.1,4.8,1,3,97.3,13.0,2,1.0
P-001352,2025-04-01,4,222.8,34.5,3,10,60.5,59.6,2,2.08
P-001352,2025-05-01,5,210.8,31.2,4,5,60.2,59.8,1,2.91
P-001352,2025-06-01,6,178.7,10.6,3,5,98.3,25.5,2,1.27
P-001352,2025-07-01,7,181.0,5.5,3,7,96.3,26.4,1,1.3
P-001352,2025-08-01,8,186.1,8.8,3,4,89.4,27.1,2,1.0
P-001352,2025-09-01,9,163.7,14.7,5,3,90.8,23.1,1,1.45
P-001352,2025-10-01,10,176.7,3.1,1,3,94.5,12.1,1,1.49
P-001352,2025-11-01,11,174.2,14.8,3,4,95.7,24.4,1,1.36
P-001352,2025-12-01,12,180.6,0.0,3,6,92.6,17.1,1,1.43
P-001353,2025-01-01,1,176.2,3.6,2,5,96.5,14.0,1,1.37
P-001353,2025-02-01,2,177.1,10.1,1,5,92.2,23.6,3,1.13
P-001353,2025-03-01,3,181.3,11.9,1,5,90.7,23.3,1,1.74
P-001353,2025-04-01,4,182.3,5.7,4,3,86.7,31.2,2,1.41
P-001353,2025-05-01,5,220.1,32.8,1,7,61.2,58.7,1,3.66
P-001353,2025-06-01,6,183.8,4.6,2,6,94.1,24.8,1,1.04
P-001353,2025-07-01,7,171.7,7.5,1,3,94.7,18.1,2,1.68
P-001353,2025-08-01,8,175.5,9.7,1,6,97.1,20.6,2,1.0
P-001353,2025-09-01,9,173.7,7.1,2,3,94.0,24.3,2,1.57
P-001353,2025-10-01,10,183.6,7.0,4,5,88.0,29.6,3,1.71
P-001353,2025-11-01,11,183.0,6.9,1,4,95.4,23.4,1,1.0
P-001353,2025-12-01,12,173.1,6.4,3,5,93.8,24.1,1,1.49
P-001354,2025-01-01,1,183.5,8.6,2,5,91.7,29.1,1,1.46
P-001354,2025-02-01,2,165.2,3.5,4,6,99.2,23.5,2,1.4
P-001354,2025-03-01,3,184.7,0.0,0,5,94.7,17.4,2,1.65
P-001354,2025-04-01,4,181.5,9.9,1,4,90.7,23.2,2,1.3
P-001354,2025-05-01,5,229.1,21.8,4,11,64.4,65.8,2,2.58
P-001354,2025-06-01,6,177.8,8.8,5,6,102.1,25.6,1,1.48
P-001354,2025-07-01,7,178.2,7.3,2,5,92.3,19.3,1,1.46
P-001354,2025-08-01,8,173.3,8.0,1,4,87.8,21.0,2,1.0
P-001354,2025-09-01,9,170.7,5.8,3,4,90.5,20.0,2,1.02
P-001354,2025-10-01,10,177.5,7.3,2,4,95.6,14.9,1,1.56
P-001354,2025-11-01,11,172.3,7.5,1,4,92.8,18.7,3,1.79
P-001354,2025-12-01,12,178.5,3.4,1,5,96.4,15.1,1,1.3
P-001355,2025-01-01,1,175.3,1.1,0,6,95.1,14.9,3,1.23
P-001355,2025-02-01,2,171.3,6.3,3,5,92.7,16.4,1,1.55
P-001355,2025-03-01,3,184.9,0.0,2,5,98.6,23.8,2,1.19
P-001355,2025-04-01,4,222.8,38.1,5,9,55.2,65.2,1,2.7
P-001355,2025-05-01,5,180.9,5.5,2,4,92.1,25.4,2,1.54
P-001355,2025-06-01,6,180.1,9.4,2,5,91.8,28.2,1,1.46
P-001355,2025-07-01,7,161.1,3.3,4,5,85.0,17.9,1,1.61
P-001355,2025-08-01,8,189.1,2.1,1,4,96.8,19.5,2,1.09
P-001355,2025-09-01,9,169.9,2.8,1,3,86.3,16.1,1,1.18
P-001355,2025-10-01,10,178.6,8.3,3,5,98.9,24.1,1,1.15
P-001355,2025-11-01,11,178.9,8.8,4,6,89.4,25.4,2,1.35
P-001355,2025-12-01,12,171.1,8.4,5,5,94.5,26.3,2,1.54
P-001356,2025-01-01,1,175.5,13.3,3,5,88.2,28.8,1,1.91
P-001356,2025-02-01,2,184.1,2.5,1,4,97.8,23.6,1,1.0
P-001356,2025-03-01,3,175.6,4.5,0,4,98.9,16.5,1,1.33
P-001356,2025-04-01,4,224.6,38.8,4,6,49.1,66.8,2,3.14
P-001356,2025-05-01,5,179.4,3.8,2,6,93.6,23.8,2,1.72
P-001356,2025-06-01,6,174.1,15.7,1,5,87.0,24.7,3,1.69
P-001356,2025-07-01,7,174.2,3.3,4,6,91.6,21.0,3,1.6
P-001356,2025-08-01,8,180.5,7.1,4,4,88.4,25.9,1,1.38
P-001356,2025-09-01,9,181.6,6.8,3,4,96.7,25.5,1,1.56
P-001356,2025-10-01,10,175.4,0.7,5,7,91.2,22.1,2,1.84
P-001356,2025-11-01,11,177.2,11.6,1,4,89.7,23.5,1,2.01
P-001356,2025-12-01,12,175.3,5.8,1,3,93.2,19.4,1,1.33
P-001357,2025-01-01,1,172.7,15.8,4,5,93.7,30.2,2,1.24
P-001357,2025-02-01,2,176.6,4.9,3,3,92.8,26.0,2,1.37
P-001357,2025-03-01,3,168.2,4.3,1,4,94.2,17.9,1,1.52
P-001357,2025-04-01,4,174.0,6.0,2,4,96.3,22.0,2,1.81
P-001357,2025-05-01,5,181.3,5.8,0,4,88.8,21.4,3,1.76
P-001357,2025-06-01,6,176.7,0.0,1,3,100.2,14.2,3,1.25
P-001357,2025-07-01,7,179.2,4.5,2,4,92.0,23.0,2,1.18
P-001357,2025-08-01,8,168.4,8.1,1,4,80.4,26.3,1,1.65
P-001357,2025-09-01,9,179.6,2.5,1,3,86.7,16.3,1,1.12
P-001357,2025-10-01,10,169.6,10.6,2,5,92.9,16.2,2,2.01
P-001357,2025-11-01,11,179.5,2.6,1,4,95.9,21.6,1,1.26
P-001357,2025-12-01,12,170.7,0.0,1,4,97.5,9.5,2,1.75
P-001358,2025-01-01,1,170.0,4.9,4,5,95.7,23.3,3,1.14
P-001358,2025-02-01,2,185.0,5.6,1,4,98.1,21.5,2,1.3
P-001358,2025-03-01,3,171.0,1.1,2,3,88.8,16.2,2,1.4
P-001358,2025-04-01,4,175.7,7.1,5,5,90.7,25.1,1,1.05
P-001358,2025-05-01,5,186.9,3.6,3,3,87.8,21.9,2,1.31
P-001358,2025-06-01,6,176.2,6.9,1,4,100.8,22.5,3,1.26
P-001358,2025-07-01,7,175.8,10.4,4,5,94.8,22.2,2,1.18
P-001358,2025-08-01,8,169.2,7.5,1,3,94.2,15.0,3,1.37
P-001358,2025-09-01,9,169.5,5.7,0,4,93.7,15.7,2,1.32
P-001358,2025-10-01,10,163.3,0.0,1,7,99.5,13.0,1,1.76
P-001358,2025-11-01,11,173.3,9.4,3,5,95.5,21.6,1,1.01
P-001358,2025-12-01,12,173.9,3.5,2,6,95.2,14.1,2,1.0
P-001359,2025-01-01,1,167.6,6.5,1,5,88.2,19.5,2,1.78
P-001359,2025-02-01,2,165.9,6.3,2,4,91.0,16.6,1,1.0
P-001359,2025-03-01,3,168.6,2.7,1,4,92.1,13.7,1,1.65
P-001359,2025-04-01,4,176.6,0.0,2,4,89.2,24.4,2,1.12
P-001359,2025-05-01,5,165.1,2.3,3,4,89.9,13.6,3,1.0
P-001359,2025-06-01,6,170.4,0.2,1,5,95.9,15.5,2,1.06
P-001359,2025-07-01,7,181.6,2.7,1,4,94.5,21.1,1,1.34
P-001359,2025-08-01,8,179.1,11.6,4,5,92.0,32.1,1,1.88
P-001359,2025-09-01,9,172.8,2.8,2,5,91.9,18.7,3,1.3
P-001359,2025-10-01,10,177.4,11.1,1,4,90.1,17.4,3,1.13
P-001359,2025-11-01,11,179.8,5.0,1,4,92.9,17.1,1,1.29
P-001359,2025-12-01,12,170.1,4.9,1,5,97.6,13.9,3,1.04
P-001360,2025-01-01,1,179.4,8.2,0,6,88.9,19.6,2,1.34
P-001360,2025-02-01,2,172.3,4.6,2,5,103.9,12.8,1,1.31
P-001360,2025-03-01,3,179.5,8.7,3,4,86.9,27.0,1,1.52
P-001360,2025-04-01,4,166.8,4.2,1,4,94.4,12.4,1,1.59
P-001360,2025-05-01,5,177.4,8.6,0,3,92.8,18.3,2,1.6
P-001360,2025-06-01,6,173.2,5.2,3,4,89.4,15.3,2,1.01
P-001360,2025-07-01,7,173.5,7.4,0,5,90.8,20.3,2,1.38
P-001360,2025-08-01,8,176.6,11.3,0,5,90.2,29.1,2,1.44
P-001360,2025-09-01,9,179.7,9.6,2,5,91.9,28.2,2,2.32
P-001360,2025-10-01,10,175.9,3.7,3,6,98.6,22.6,3,1.65
P-001360,2025-11-01,11,187.4,0.0,2,5,95.8,28.1,2,1.33
P-001360,2025-12-01,12,183.3,10.3,2,4,91.3,29.2,3,1.28
P-001361,2025-01-01,1,174.4,12.4,2,5,82.3,24.4,4,1.31
P-001361,2025-02-01,2,173.3,4.5,1,4,98.8,20.0,4,1.06
P-001361,2025-03-01,3,239.8,39.9,2,12,61.8,70.0,4,3.81
P-001361,2025-04-01,4,236.8,42.7,3,12,64.6,74.1,4,4.62
P-001361,2025-05-01,5,249.9,39.3,7,14,57.0,93.8,5,4.83
P-001361,2025-06-01,6,239.1,29.5,6,10,65.5,69.2,3,3.12
P-001361,2025-07-01,7,221.9,25.8,5,8,65.3,68.5,4,4.35
P-001361,2025-08-01,8,228.1,47.4,3,8,57.0,69.3,3,3.98
P-001361,2025-09-01,9,242.4,45.0,9,8,54.9,89.5,3,3.85
P-001361,2025-10-01,10,175.6,1.6,3,3,93.8,16.8,4,1.39
P-001361,2025-11-01,11,175.6,13.4,0,6,90.4,20.0,5,1.37
P-001361,2025-12-01,12,175.1,1.0,2,4,93.8,20.9,4,1.0
P-001362,2025-01-01,1,172.9,15.8,1,6,85.7,22.3,3,1.0
P-001362,2025-02-01,2,173.8,0.6,3,5,92.7,23.0,3,1.63
P-001362,2025-03-01,3,233.8,30.0,4,13,67.8,74.0,3,4.13
P-001362,2025-04-01,4,238.0,38.1,5,12,47.0,82.0,5,5.0
P-001362,2025-05-01,5,232.7,45.2,2,12,57.1,67.9,4,3.61
P-001362,2025-06-01,6,236.3,42.0,5,11,51.3,84.7,4,4.35
P-001362,2025-07-01,7,224.9,50.9,8,9,54.3,91.4,4,4.9
P-001362,2025-08-01,8,239.6,44.1,6,13,66.2,74.9,4,4.13
P-001362,2025-09-01,9,238.2,39.9,4,7,56.7,73.7,3,3.81
P-001362,2025-10-01,10,180.8,9.6,0,4,86.0,21.2,5,1.0
P-001362,2025-11-01,11,181.4,6.7,4,4,90.4,29.5,3,1.72
P-001362,2025-12-01,12,186.1,4.6,1,6,90.6,24.7,4,1.53
P-001363,2025-01-01,1,186.8,2.5,1,5,101.9,16.2,2,1.19
P-001363,2025-02-01,2,176.0,2.1,0,4,92.6,17.0,3,1.65
P-001363,2025-03-01,3,180.6,13.0,3,3,93.5,24.7,2,1.31
P-001363,2025-04-01,4,182.6,1.2,1,5,90.3,20.3,2,1.32
P-001363,2025-05-01,5,167.5,6.7,2,4,99.4,23.2,2,1.24
P-001363,2025-06-01,6,181.4,3.9,4,3,94.3,25.3,3,1.86
P-001363,2025-07-01,7,169.9,7.7,1,4,93.0,16.5,3,1.65
P-001363,2025-08-01,8,175.0,10.4,0,5,82.1,20.9,1,1.26
P-001363,2025-09-01,9,185.7,9.5,3,5,88.0,30.8,1,1.3
P-001363,2025-10-01,10,164.9,10.2,0,5,96.3,16.5,1,1.17
P-001363,2025-11-01,11,170.8,6.1,0,5,100.3,11.0,1,1.6
P-001363,2025-12-01,12,170.9,3.8,0,7,98.5,17.4,2,1.4
P-001364,2025-01-01,1,179.1,4.8,3,5,98.4,22.9,1,2.15
P-001364,2025-02-01,2,173.8,3.3,0,5,88.0,15.7,2,1.24
P-001364,2025-03-01,3,178.2,0.0,3,4,96.2,21.1,2,1.7
P-001364,2025-04-01,4,180.3,12.1,1,5,91.1,25.5,1,1.56
P-001364,2025-05-01,5,187.5,0.0,0,4,94.6,14.9,2,1.37
P-001364,2025-06-01,6,176.6,0.0,2,5,90.5,21.9,1,1.55
P-001364,2025-07-01,7,169.2,1.2,3,4,92.9,15.5,1,1.49
P-001364,2025-08-01,8,183.3,6.2,1,3,86.9,21.6,3,1.19
P-001364,2025-09-01,9,180.6,5.2,3,6,88.1,25.7,1,1.45
P-001364,2025-10-01,10,179.9,0.1,4,4,101.8,17.1,1,1.67
P-001364,2025-11-01,11,179.1,6.3,3,3,95.9,22.4,1,1.0
P-001364,2025-12-01,12,186.1,4.5,5,4,92.7,33.1,3,1.62
P-001365,2025-01-01,1,175.1,5.8,4,4,91.5,27.5,2,1.26
P-001365,2025-02-01,2,171.5,9.6,1,4,102.0,16.8,1,1.33
P-001365,2025-03-01,3,170.2,5.7,2,5,90.9,18.8,1,1.51
P-001365,2025-04-01,4,175.4,1.8,5,5,92.0,21.5,1,1.75
P-001365,2025-05-01,5,178.7,3.6,1,3,100.1,16.7,3,1.0
P-001365,2025-06-01,6,184.4,3.5,3,5,96.6,22.9,1,1.46
P-001365,2025-07-01,7,168.2,7.1,1,4,91.6,19.7,1,1.59
P-001365,2025-08-01,8,181.8,0.0,1,5,100.3,19.0,1,1.41
P-001365,2025-09-01,9,177.3,13.2,1,5,91.0,24.6,1,1.26
P-001365,2025-10-01,10,172.2,0.0,2,5,96.0,20.9,2,1.35
P-001365,2025-11-01,11,174.5,2.3,3,6,98.4,20.7,2,1.83
P-001365,2025-12-01,12,168.4,8.1,1,5,88.9,17.0,2,1.34
P-001366,2025-01-01,1,170.0,10.1,4,4,88.4,24.2,1,1.63
P-001366,2025-02-01,2,236.0,30.6,4,9,70.4,66.9,4,4.27
P-001366,2025-03-01,3,231.6,54.5,8,8,53.2,88.9,4,4.62
P-001366,2025-04-01,4,229.7,40.4,6,13,53.0,76.2,4,3.58
P-001366,2025-05-01,5,239.1,47.3,3,9,63.9,72.6,4,3.74
P-001366,2025-06-01,6,177.3,6.9,3,6,99.6,23.5,1,1.36
P-001366,2025-07-01,7,171.8,4.9,0,3,90.4,13.4,1,1.44
P-001366,2025-08-01,8,179.1,5.7,0,4,90.6,16.5,1,1.33
P-001366,2025-09-01,9,179.4,6.6,2,5,88.5,21.3,1,1.62
P-001366,2025-10-01,10,176.7,5.5,2,3,96.4,23.8,1,1.66
P-001366,2025-11-01,11,188.2,0.0,4,4,92.1,28.1,1,1.03
P-001366,2025-12-01,12,187.9,0.0,4,5,92.3,27.9,1,1.82
P-001367,2025-01-01,1,173.9,8.2,1,6,88.0,18.5,1,1.04
P-001367,2025-02-01,2,170.3,7.6,0,3,84.0,11.8,2,1.33
P-001367,2025-03-01,3,175.2,10.0,1,6,88.8,18.4,2,1.5
P-001367,2025-04-01,4,232.7,32.7,5,11,62.2,74.6,2,3.93
P-001367,2025-05-01,5,172.2,0.8,2,3,93.8,19.9,3,1.34
P-001367,2025-06-01,6,171.2,5.9,1,3,92.7,17.7,2,1.74
P-001367,2025-07-01,7,177.3,10.2,1,6,87.1,26.9,2,1.65
P-001367,2025-08-01,8,182.7,4.8,3,6,94.5,21.7,2,1.45
P-001367,2025-09-01,9,184.4,1.4,2,6,92.5,23.3,2,1.0
P-001367,2025-10-01,10,178.6,7.8,3,4,96.4,21.3,2,1.51
P-001367,2025-11-01,11,173.9,6.2,3,4,95.5,23.0,1,1.0
P-001367,2025-12-01,12,175.2,3.4,2,5,91.2,18.2,2,1.32
P-001368,2025-01-01,1,185.7,1.4,1,4,93.6,15.0,2,1.49
P-001368,2025-02-01,2,177.9,6.5,5,5,95.3,29.8,1,1.34
P-001368,2025-03-01,3,170.6,5.2,1,3,93.6,13.8,1,1.0
P-001368,2025-04-01,4,160.4,10.0,4,4,89.0,16.9,2,1.32
P-001368,2025-05-01,5,175.8,2.9,0,5,93.5,14.8,1,1.03
P-001368,2025-06-01,6,178.0,0.0,2,6,95.8,19.1,3,1.45
P-001368,2025-07-01,7,181.5,8.1,4,5,92.7,19.5,1,1.64
P-001368,2025-08-01,8,172.2,0.0,1,5,92.4,6.5,1,1.28
P-001368,2025-09-01,9,181.7,4.5,1,5,87.2,23.1,1,1.61
P-001368,2025-10-01,10,172.6,8.6,1,6,96.1,23.0,2,1.26
P-001368,2025-11-01,11,182.1,4.3,1,5,96.1,17.6,1,1.1
P-001368,2025-12-01,12,180.9,10.5,2,5,92.6,27.3,1,1.64
P-001369,2025-01-01,1,178.0,11.3,1,4,97.6,25.7,5,1.06
P-001369,2025-02-01,2,174.9,6.2,1,3,89.3,11.0,4,1.11
P-001369,2025-03-01,3,174.1,5.5,3,5,98.5,18.2,5,1.14
P-001369,2025-04-01,4,251.6,59.4,8,9,46.4,97.7,5,4.84
P-001369,2025-05-01,5,243.2,48.4,3,13,64.6,84.0,4,4.05
P-001369,2025-06-01,6,232.6,35.7,7,11,59.1,73.8,4,3.88
P-001369,2025-07-01,7,244.2,57.8,6,9,45.8,93.0,5,4.67
P-001369,2025-08-01,8,241.5,18.0,6,14,67.9,66.6,4,4.0
P-001369,2025-09-01,9,250.7,48.1,5,12,57.8,87.7,5,4.54
P-001369,2025-10-01,10,241.7,41.4,9,8,65.3,88.4,5,4.54
P-001369,2025-11-01,11,233.1,49.0,9,17,45.3,98.0,5,4.71
P-001369,2025-12-01,12,177.7,11.5,2,4,93.9,27.8,5,1.51
P-001370,2025-01-01,1,181.1,8.5,3,5,82.3,28.4,4,1.3
P-001370,2025-02-01,2,182.2,8.0,3,4,90.8,27.1,4,1.37
P-001370,2025-03-01,3,181.1,5.1,1,5,91.4,20.5,4,1.71
P-001370,2025-04-01,4,241.7,26.1,8,11,70.4,77.0,4,4.38
P-001370,2025-05-01,5,243.1,44.5,4,11,64.2,78.5,5,4.39
P-001370,2025-06-01,6,241.7,47.3,6,10,56.9,82.8,4,3.89
P-001370,2025-07-01,7,245.6,40.9,6,12,51.0,86.2,5,4.4
P-001370,2025-08-01,8,246.4,38.1,4,9,69.6,76.5,5,4.65
P-001370,2025-09-01,9,163.1,5.4,0,4,92.7,9.6,3,1.7
P-001370,2025-10-01,10,166.6,1.8,2,4,102.2,13.5,5,1.53
P-001370,2025-11-01,11,173.2,9.8,4,4,87.0,30.5,4,1.45
P-001370,2025-12-01,12,167.9,3.4,3,5,83.6,20.1,4,1.9
P-001371,2025-01-01,1,176.9,7.7,2,3,99.5,19.8,2,1.0
P-001371,2025-02-01,2,182.3,4.8,5,5,90.4,32.1,2,1.51
P-001371,2025-03-01,3,167.5,8.9,1,4,95.7,15.7,1,1.21
P-001371,2025-04-01,4,176.0,3.1,5,6,94.7,27.9,3,1.96
P-001371,2025-05-01,5,172.2,0.0,1,4,97.5,15.3,2,1.42
P-001371,2025-06-01,6,177.1,3.1,5,3,90.5,22.8,1,1.46
P-001371,2025-07-01,7,182.3,10.2,2,4,102.2,24.3,2,1.12
P-001371,2025-08-01,8,179.0,1.2,2,6,99.4,20.8,2,1.15
P-001371,2025-09-01,9,174.5,0.0,1,5,100.2,13.9,2,1.43
P-001371,2025-10-01,10,172.3,5.7,0,4,93.7,15.4,1,1.09
P-001371,2025-11-01,11,179.7,5.9,0,3,91.2,21.6,1,1.48
P-001371,2025-12-01,12,169.7,2.6,1,5,96.2,12.8,2,1.09
P-001372,2025-01-01,1,167.9,14.1,1,3,92.4,18.9,5,1.56
P-001372,2025-02-01,2,182.3,8.6,4,5,90.7,21.9,4,1.0
P-001372,2025-03-01,3,230.9,47.2,7,12,61.0,81.0,4,4.1
P-001372,2025-04-01,4,232.0,37.7,4,14,71.5,75.0,3,3.14
P-001372,2025-05-01,5,236.1,40.3,11,9,54.9,86.9,4,3.95
P-001372,2025-06-01,6,245.2,47.7,7,9,64.0,84.4,5,5.0
P-001372,2025-07-01,7,229.5,36.1,7,9,50.8,76.3,4,3.19
P-001372,2025-08-01,8,236.2,53.3,6,9,54.8,86.0,4,4.55
P-001372,2025-09-01,9,254.4,37.3,10,11,61.6,93.0,5,5.0
P-001372,2025-10-01,10,175.8,3.9,2,7,90.8,24.5,4,1.68
P-001372,2025-11-01,11,178.4,15.8,2,5,87.4,29.3,4,1.38
P-001372,2025-12-01,12,164.3,4.8,1,6,102.4,11.8,5,1.49
P-001373,2025-01-01,1,181.7,6.4,2,6,93.2,28.8,5,1.47
P-001373,2025-02-01,2,173.5,3.1,1,6,92.4,18.2,4,1.14
P-001373,2025-03-01,3,166.1,5.2,2,4,87.8,21.6,5,1.62
P-001373,2025-04-01,4,241.6,28.3,10,10,65.0,81.8,4,4.73
P-001373,2025-05-01,5,248.1,43.4,4,11,57.8,82.1,5,4.98
P-001373,2025-06-01,6,232.6,40.6,3,9,64.7,70.1,4,3.79
P-001373,2025-07-01,7,251.6,39.3,9,11,59.6,93.9,5,4.63
P-001373,2025-08-01,8,251.5,31.7,7,15,55.2,88.5,5,4.85
P-001373,2025-09-01,9,243.2,51.0,8,11,53.0,96.2,5,4.1
P-001373,2025-10-01,10,231.6,40.0,6,13,62.5,79.5,4,3.38
P-001373,2025-11-01,11,252.9,49.3,5,13,58.1,88.6,5,3.97
P-001373,2025-12-01,12,166.7,0.0,0,5,95.4,5.0,4,1.01
P-001374,2025-01-01,1,182.3,8.5,2,5,91.5,25.8,4,1.07
P-001374,2025-02-01,2,180.4,9.0,2,3,94.9,19.2,4,1.02
P-001374,2025-03-01,3,184.9,8.4,2,5,94.3,18.8,5,1.23
P-001374,2025-04-01,4,259.7,47.6,5,11,53.1,95.4,5,4.05
P-001374,2025-05-01,5,225.3,27.9,5,8,68.2,65.9,3,4.01
P-001374,2025-06-01,6,232.1,39.1,4,12,60.8,79.0,4,4.36
P-001374,2025-07-01,7,221.7,28.1,4,6,67.3,67.3,3,3.78
P-001374,2025-08-01,8,240.7,49.1,8,13,56.4,92.4,4,4.19
P-001374,2025-09-01,9,173.1,7.4,3,3,87.6,24.8,4,2.11
P-001374,2025-10-01,10,170.9,11.3,2,4,99.5,20.6,5,1.37
P-001374,2025-11-01,11,181.6,12.3,3,4,94.1,21.0,4,1.27
P-001374,2025-12-01,12,165.1,6.9,5,4,91.4,21.0,4,1.0
P-001375,2025-01-01,1,173.8,11.2,4,3,89.4,23.2,3,1.0
P-001375,2025-02-01,2,173.7,4.6,1,4,92.9,22.7,4,1.57
P-001375,2025-03-01,3,228.5,30.9,5,7,53.6,71.7,4,4.17
P-001375,2025-04-01,4,227.7,35.1,2,12,57.9,69.8,3,3.76
P-001375,2025-05-01,5,230.0,43.7,3,10,69.1,74.0,5,4.82
P-001375,2025-06-01,6,238.9,37.1,11,8,55.4,89.5,5,4.41
P-001375,2025-07-01,7,243.7,39.8,5,12,52.1,87.3,4,3.43
P-001375,2025-08-01,8,243.2,49.3,12,10,55.5,92.1,4,4.06
P-001375,2025-09-01,9,230.3,19.4,6,11,60.9,69.4,3,4.0
P-001375,2025-10-01,10,174.3,3.2,2,3,87.3,20.4,5,1.73
P-001375,2025-11-01,11,178.0,13.0,4,5,92.4,27.0,4,1.41
P-001375,2025-12-01,12,171.1,4.4,1,4,91.9,14.6,3,1.82
P-001376,2025-01-01,1,181.3,5.8,0,4,94.8,19.9,5,1.35
P-001376,2025-02-01,2,171.6,6.6,0,3,90.8,15.8,5,1.06
P-001376,2025-03-01,3,172.4,11.3,0,4,92.1,20.5,5,1.66
P-001376,2025-04-01,4,252.5,45.7,4,15,57.8,91.4,5,5.0
P-001376,2025-05-01,5,245.8,49.4,8,14,53.8,92.1,5,4.93
P-001376,2025-06-01,6,241.9,29.9,4,11,67.5,76.3,4,4.6
P-001376,2025-07-01,7,236.5,20.3,6,10,76.3,65.8,4,3.75
P-001376,2025-08-01,8,234.8,53.3,4,11,63.1,78.0,4,3.66
P-001376,2025-09-01,9,226.7,33.1,3,9,54.6,70.2,4,4.39
P-001376,2025-10-01,10,245.9,49.0,8,13,49.2,91.2,4,4.71
P-001376,2025-11-01,11,250.1,44.0,9,13,53.3,92.5,5,5.0
P-001376,2025-12-01,12,169.8,17.8,2,4,95.3,23.1,5,1.29
P-001377,2025-01-01,1,186.8,0.4,3,6,95.8,22.9,5,1.21
P-001377,2025-02-01,2,165.1,2.8,1,5,91.3,16.0,4,1.61
P-001377,2025-03-01,3,235.2,27.8,5,9,61.6,69.9,4,3.86
P-001377,2025-04-01,4,224.6,47.0,4,9,51.5,86.0,3,4.83
P-001377,2025-05-01,5,238.4,36.9,7,9,76.9,75.5,4,4.04
P-001377,2025-06-01,6,233.4,38.0,7,9,52.3,75.1,3,3.56
P-001377,2025-07-01,7,247.0,51.7,7,13,55.3,97.3,5,4.91
P-001377,2025-08-01,8,232.2,33.1,4,4,56.8,66.5,3,4.11
P-001377,2025-09-01,9,243.9,43.7,6,10,57.7,79.7,4,3.62
P-001377,2025-10-01,10,163.0,12.9,4,5,88.3,23.1,4,1.6
P-001377,2025-11-01,11,169.9,10.5,1,5,93.2,22.2,3,1.3
P-001377,2025-12-01,12,167.6,11.1,0,5,88.4,17.9,4,1.01
P-001378,2025-01-01,1,180.0,12.6,2,5,92.9,28.7,2,1.0
P-001378,2025-02-01,2,177.0,5.4,0,4,94.7,23.8,2,1.0
P-001378,2025-03-01,3,168.1,5.5,2,4,90.8,15.5,2,1.48
P-001378,2025-04-01,4,225.1,36.6,3,6,60.7,61.4,2,2.86
P-001378,2025-05-01,5,175.0,8.1,1,5,85.4,21.4,2,1.68
P-001378,2025-06-01,6,180.8,12.9,3,5,91.1,24.2,1,1.06
P-001378,2025-07-01,7,174.1,12.6,1,3,86.7,23.8,3,1.55
P-001378,2025-08-01,8,176.8,1.5,5,3,89.7,23.3,1,1.44
P-001378,2025-09-01,9,178.6,7.6,3,3,95.0,25.0,3,1.72
P-001378,2025-10-01,10,167.7,1.4,2,5,98.3,14.3,2,1.64
P-001378,2025-11-01,11,176.4,6.2,1,4,93.2,19.0,1,1.34
P-001378,2025-12-01,12,170.5,7.9,3,3,96.6,15.5,1,1.17
P-001379,2025-01-01,1,178.0,10.0,1,5,90.7,25.5,4,1.0
P-001379,2025-02-01,2,170.0,9.7,2,5,95.5,16.5,3,1.54
P-001379,2025-03-01,3,164.1,0.0,2,4,92.6,15.8,4,1.28
P-001379,2025-04-01,4,252.5,33.1,4,9,67.2,75.5,4,3.94
P-001379,2025-05-01,5,228.1,42.1,7,11,55.0,76.8,3,3.3
P-001379,2025-06-01,6,223.3,46.6,7,12,50.7,76.0,3,4.47
P-001379,2025-07-01,7,242.4,41.0,5,12,60.9,80.2,4,4.55
P-001379,2025-08-01,8,236.0,30.3,9,10,65.1,81.1,4,4.23
P-001379,2025-09-01,9,178.2,5.4,0,4,90.6,18.7,4,1.26
P-001379,2025-10-01,10,176.3,0.5,2,4,94.9,10.0,4,1.25
P-001379,2025-11-01,11,188.8,14.6,1,5,90.9,28.6,4,1.06
P-001379,2025-12-01,12,171.8,8.9,2,5,96.2,18.1,3,1.06
P-001380,2025-01-01,1,171.9,11.6,2,6,94.4,21.6,2,1.3
P-001380,2025-02-01,2,168.9,13.6,3,3,90.3,32.5,1,1.57
P-001380,2025-03-01,3,180.2,4.1,2,4,93.4,20.0,2,1.0
P-001380,2025-04-01,4,173.2,9.0,3,5,94.0,22.9,2,1.69
P-001380,2025-05-01,5,180.3,8.8,4,4,86.9,28.1,3,1.1
P-001380,2025-06-01,6,161.6,2.9,2,5,95.1,17.7,2,1.99
P-001380,2025-07-01,7,181.5,7.6,5,5,93.5,24.1,1,1.39
P-001380,2025-08-01,8,179.3,0.8,4,3,95.6,24.3,3,1.88
P-001380,2025-09-01,9,163.8,7.2,2,4,90.7,20.8,1,1.49
P-001380,2025-10-01,10,184.5,7.4,0,4,97.8,15.4,2,1.19
P-001380,2025-11-01,11,162.9,6.9,2,4,93.1,18.8,1,1.28
P-001380,2025-12-01,12,179.1,2.4,3,3,91.4,18.2,2,1.13
P-001381,2025-01-01,1,174.0,10.9,2,6,86.3,26.2,3,1.26
P-001381,2025-02-01,2,177.6,4.5,1,5,98.3,20.9,1,1.08
P-001381,2025-03-01,3,186.6,0.0,2,5,97.3,19.7,1,1.0
P-001381,2025-04-01,4,180.1,8.9,2,5,100.0,27.4,2,1.39
P-001381,2025-05-01,5,211.6,46.1,1,11,56.8,65.9,1,3.0
P-001381,2025-06-01,6,179.1,3.1,3,5,95.0,25.3,1,1.41
P-001381,2025-07-01,7,169.8,7.9,3,5,98.8,23.0,1,1.24
P-001381,2025-08-01,8,173.7,8.4,3,5,96.2,24.9,1,1.27
P-001381,2025-09-01,9,175.1,2.4,1,3,95.2,14.0,2,1.2
P-001381,2025-10-01,10,185.0,6.1,4,4,96.7,25.3,3,1.74
P-001381,2025-11-01,11,175.7,0.9,3,5,98.7,22.0,2,1.26
P-001381,2025-12-01,12,160.3,9.6,1,7,99.0,9.8,2,1.04
P-001382,2025-01-01,1,171.5,6.9,3,3,93.2,18.0,2,1.32
P-001382,2025-02-01,2,173.3,2.7,0,4,98.6,12.0,1,1.11
P-001382,2025-03-01,3,173.6,7.7,1,6,92.9,18.5,1,1.0
P-001382,2025-04-01,4,182.8,4.6,1,6,91.7,23.7,3,1.7
P-001382,2025-05-01,5,184.3,10.4,1,5,88.9,27.0,3,1.04
P-001382,2025-06-01,6,181.7,6.3,4,6,92.4,31.7,1,1.0
P-001382,2025-07-01,7,180.5,5.1,2,7,85.3,27.3,1,1.23
P-001382,2025-08-01,8,176.3,11.5,1,5,96.6,19.5,1,1.58
P-001382,2025-09-01,9,174.7,9.4,0,3,91.6,17.6,1,1.33
P-001382,2025-10-01,10,172.3,7.9,3,4,90.6,20.3,3,1.25
P-001382,2025-11-01,11,175.7,4.9,2,3,102.8,22.9,2,1.58
P-001382,2025-12-01,12,172.2,0.1,2,4,91.0,15.8,2,1.44
P-001383,2025-01-01,1,185.0,0.0,1,5,97.5,19.5,2,1.83
P-001383,2025-02-01,2,170.2,13.0,5,4,88.4,25.3,2,1.09
P-001383,2025-03-01,3,172.8,15.3,1,3,93.9,26.2,2,1.67
P-001383,2025-04-01,4,179.0,0.0,1,5,99.1,12.7,2,1.05
P-001383,2025-05-01,5,177.8,4.3,5,4,95.8,22.3,2,1.2
P-001383,2025-06-01,6,232.6,38.5,6,8,47.7,77.4,4,4.12
P-001383,2025-07-01,7,225.9,25.5,5,11,57.0,68.3,4,4.13
P-001383,2025-08-01,8,184.4,5.2,3,4,84.6,23.2,2,1.0
P-001383,2025-09-01,9,168.3,10.1,1,5,95.2,17.3,2,1.0
P-001383,2025-10-01,10,165.1,5.0,1,4,91.5,14.6,2,1.84
P-001383,2025-11-01,11,168.9,7.3,1,5,96.0,20.7,2,2.12
P-001383,2025-12-01,12,181.4,7.9,1,5,93.9,22.1,2,1.81
P-001384,2025-01-01,1,170.9,9.8,2,6,88.6,22.8,1,1.0
P-001384,2025-02-01,2,239.8,35.7,6,11,73.7,76.7,4,4.34
P-001384,2025-03-01,3,231.4,38.9,5,14,50.7,76.8,4,3.3
P-001384,2025-04-01,4,244.6,34.5,5,9,64.1,80.2,4,4.27
P-001384,2025-05-01,5,237.8,47.5,4,11,57.3,76.7,4,4.3
P-001384,2025-06-01,6,176.3,5.7,1,4,91.5,15.7,1,1.43
P-001384,2025-07-01,7,178.1,2.6,5,3,96.5,25.4,1,1.59
P-001384,2025-08-01,8,176.5,7.7,1,5,97.7,23.5,1,1.57
P-001384,2025-09-01,9,176.4,7.3,5,3,94.4,23.1,1,1.11
P-001384,2025-10-01,10,171.9,3.8,1,5,90.5,21.2,1,1.72
P-001384,2025-11-01,11,176.5,6.7,2,4,98.1,21.1,1,1.46
P-001384,2025-12-01,12,175.8,10.4,3,3,80.9,29.0,1,1.54
P-001385,2025-01-01,1,165.0,0.0,3,5,101.9,18.4,4,1.65
P-001385,2025-02-01,2,170.2,8.5,2,5,86.5,24.9,5,1.51
P-001385,2025-03-01,3,172.7,5.5,1,5,87.9,18.2,4,1.0
P-001385,2025-04-01,4,246.4,37.9,6,11,61.5,77.2,5,4.4
P-001385,2025-05-01,5,245.3,37.0,5,11,64.8,77.4,4,3.17
P-001385,2025-06-01,6,244.6,44.8,10,12,52.3,88.3,4,3.65
P-001385,2025-07-01,7,231.0,38.6,2,15,56.5,71.6,4,4.62
P-001385,2025-08-01,8,239.9,42.3,14,7,49.6,90.4,5,4.21
P-001385,2025-09-01,9,247.3,38.5,4,13,64.6,80.4,5,4.84
P-001385,2025-10-01,10,239.2,44.5,5,7,60.2,76.7,4,4.24
P-001385,2025-11-01,11,229.8,43.9,6,7,56.7,81.4,4,4.49
P-001385,2025-12-01,12,183.5,10.3,2,3,88.2,29.1,5,1.83
P-001386,2025-01-01,1,174.2,9.8,1,5,87.2,21.2,1,1.73
P-001386,2025-02-01,2,165.9,0.7,1,5,93.1,12.9,2,1.65
P-001386,2025-03-01,3,170.1,2.7,1,5,95.4,9.9,1,1.43
P-001386,2025-04-01,4,223.7,38.0,1,12,56.4,69.3,2,3.35
P-001386,2025-05-01,5,178.7,9.6,1,5,89.6,20.6,2,1.5
P-001386,2025-06-01,6,168.6,6.3,2,5,86.2,20.0,2,1.47
P-001386,2025-07-01,7,173.8,2.8,1,4,96.6,10.4,1,1.13
P-001386,2025-08-01,8,164.6,7.3,1,5,96.3,15.4,2,1.35
P-001386,2025-09-01,9,175.6,3.2,2,3,90.0,18.2,1,1.0
P-001386,2025-10-01,10,180.2,2.4,2,5,94.7,19.8,2,1.64
P-001386,2025-11-01,11,174.2,9.8,1,5,92.1,17.9,3,1.0
P-001386,2025-12-01,12,176.6,1.2,1,4,96.8,19.5,2,1.85
P-001387,2025-01-01,1,171.9,1.3,1,5,93.7,16.1,4,1.85
P-001387,2025-02-01,2,177.4,2.2,4,3,99.5,17.0,5,1.36
P-001387,2025-03-01,3,170.5,6.1,2,6,92.2,25.5,5,1.86
P-001387,2025-04-01,4,250.3,38.8,6,10,65.5,78.6,4,3.59
P-001387,2025-05-01,5,230.4,46.0,6,10,45.7,81.7,4,4.11
P-001387,2025-06-01,6,243.7,32.9,5,13,60.6,78.8,5,5.0
P-001387,2025-07-01,7,246.5,44.3,11,7,58.8,89.2,5,4.45
P-001387,2025-08-01,8,231.1,47.6,5,11,61.6,77.1,4,3.65
P-001387,2025-09-01,9,236.3,36.0,5,9,65.7,73.5,5,4.24
P-001387,2025-10-01,10,236.7,36.6,7,10,51.6,79.0,4,4.32
P-001387,2025-11-01,11,246.6,42.6,9,7,55.6,87.5,4,3.56
P-001387,2025-12-01,12,186.9,5.4,3,4,90.1,24.2,5,1.41
P-001388,2025-01-01,1,171.4,11.5,3,7,88.9,23.5,2,1.45
P-001388,2025-02-01,2,174.8,4.2,4,4,88.8,20.2,1,1.32
P-001388,2025-03-01,3,174.6,9.2,1,4,93.6,15.7,3,1.46
P-001388,2025-04-01,4,178.5,13.0,2,5,100.2,19.9,2,1.25
P-001388,2025-05-01,5,175.3,6.9,0,3,94.5,21.3,1,2.02
P-001388,2025-06-01,6,162.5,6.5,0,6,101.2,9.6,2,1.46
P-001388,2025-07-01,7,181.5,3.4,5,5,88.2,28.3,1,1.85
P-001388,2025-08-01,8,168.3,10.5,0,6,93.3,13.8,1,1.0
P-001388,2025-09-01,9,164.5,2.8,3,4,96.1,16.6,1,1.84
P-001388,2025-10-01,10,168.6,7.1,0,4,97.6,20.0,2,1.81
P-001388,2025-11-01,11,176.3,12.4,5,6,79.8,26.7,1,1.0
P-001388,2025-12-01,12,173.1,5.1,2,5,89.8,16.9,2,1.02
P-001389,2025-01-01,1,180.0,2.8,1,6,85.1,18.2,2,1.1
P-001389,2025-02-01,2,177.7,0.5,3,4,90.1,23.2,2,1.56
P-001389,2025-03-01,3,171.4,6.3,0,5,101.0,15.2,2,1.0
P-001389,2025-04-01,4,176.9,1.5,4,3,94.4,18.4,2,1.25
P-001389,2025-05-01,5,178.9,0.4,0,6,98.7,17.1,2,1.69
P-001389,2025-06-01,6,244.6,46.7,6,11,60.8,89.4,4,4.14
P-001389,2025-07-01,7,232.5,51.7,4,8,58.4,80.3,4,4.97
P-001389,2025-08-01,8,169.2,3.9,3,6,92.2,16.7,2,1.56
P-001389,2025-09-01,9,173.4,5.3,2,6,90.7,21.4,2,1.27
P-001389,2025-10-01,10,181.6,5.1,0,6,88.5,16.4,2,1.0
P-001389,2025-11-01,11,176.5,13.8,2,5,97.8,20.1,2,1.47
P-001389,2025-12-01,12,166.6,0.7,3,6,95.6,16.7,2,1.19
P-001390,2025-01-01,1,182.9,1.6,4,6,91.6,27.3,1,1.0
P-001390,2025-02-01,2,181.4,5.6,1,3,92.7,21.9,1,1.49
P-001390,2025-03-01,3,171.2,0.3,2,4,94.5,11.4,2,1.3
P-001390,2025-04-01,4,187.0,0.0,1,4,98.6,22.9,1,1.33
P-001390,2025-05-01,5,176.0,5.4,3,6,93.5,22.4,2,1.0
P-001390,2025-06-01,6,180.3,2.2,3,4,106.5,21.3,2,1.6
P-001390,2025-07-01,7,171.5,5.9,5,5,89.7,20.7,1,1.43
P-001390,2025-08-01,8,177.8,19.6,4,5,88.5,31.7,1,1.76
P-001390,2025-09-01,9,171.7,4.2,0,3,85.4,17.8,3,1.37
P-001390,2025-10-01,10,175.2,4.6,1,4,93.3,22.8,3,1.57
P-001390,2025-11-01,11,171.9,8.2,2,6,92.3,24.6,2,1.0
P-001390,2025-12-01,12,177.5,8.7,1,5,84.7,21.7,1,2.05
P-001391,2025-01-01,1,175.5,4.3,1,3,92.1,19.8,1,1.77
P-001391,2025-02-01,2,171.5,5.1,2,3,94.6,15.5,2,1.52
P-001391,2025-03-01,3,175.6,6.8,4,6,96.6,20.8,1,1.96
P-001391,2025-04-01,4,173.0,7.6,2,4,84.9,21.9,1,1.58
P-001391,2025-05-01,5,174.0,9.1,4,3,92.6,23.0,1,1.44
P-001391,2025-06-01,6,169.8,0.3,2,6,93.7,19.8,2,1.65
P-001391,2025-07-01,7,174.2,8.5,2,4,91.2,25.4,2,1.58
P-001391,2025-08-01,8,169.8,5.5,5,3,96.4,20.0,2,1.26
P-001391,2025-09-01,9,188.2,6.9,3,6,86.3,30.1,1,1.35
P-001391,2025-10-01,10,175.7,0.0,0,6,93.0,21.0,1,1.0
P-001391,2025-11-01,11,185.3,3.9,0,3,94.1,17.8,3,1.0
P-001391,2025-12-01,12,173.6,11.8,0,4,86.1,23.5,2,1.0
P-001392,2025-01-01,1,176.5,5.5,3,6,96.1,20.4,2,1.25
P-001392,2025-02-01,2,180.4,3.0,1,4,90.6,16.1,2,1.39
P-001392,2025-03-01,3,185.4,1.7,2,4,87.3,26.1,2,1.32
P-001392,2025-04-01,4,224.0,31.5,2,8,72.8,61.6,1,3.03
P-001392,2025-05-01,5,229.1,32.6,1,10,62.5,63.1,2,4.11
P-001392,2025-06-01,6,187.2,9.7,1,6,94.9,28.4,2,1.0
P-001392,2025-07-01,7,182.9,5.2,2,5,98.4,24.1,2,1.56
P-001392,2025-08-01,8,165.9,2.6,4,6,92.9,13.3,1,1.33
P-001392,2025-09-01,9,172.4,7.7,5,4,85.9,28.3,1,1.11
P-001392,2025-10-01,10,182.5,5.1,1,7,86.8,26.9,1,1.49
P-001392,2025-11-01,11,166.0,11.4,0,5,88.2,17.1,2,1.48
P-001392,2025-12-01,12,165.5,0.0,1,5,91.7,13.0,2,1.55
P-001393,2025-01-01,1,170.5,2.5,0,3,92.3,13.5,1,1.17
P-001393,2025-02-01,2,178.4,5.3,4,4,90.6,24.7,1,1.41
P-001393,2025-03-01,3,181.2,0.0,1,5,107.0,14.6,2,1.88
P-001393,2025-04-01,4,220.9,36.5,5,8,49.9,66.0,2,3.36
P-001393,2025-05-01,5,229.6,26.9,2,8,60.0,57.3,1,2.71
P-001393,2025-06-01,6,185.3,5.0,0,5,94.9,20.7,3,1.23
P-001393,2025-07-01,7,181.0,4.4,5,6,93.9,25.0,2,1.22
P-001393,2025-08-01,8,174.5,9.5,5,4,98.2,26.0,1,1.28
P-001393,2025-09-01,9,175.0,10.3,2,4,92.9,15.2,2,1.39
P-001393,2025-10-01,10,166.9,1.7,1,5,96.7,11.4,2,1.44
P-001393,2025-11-01,11,177.8,0.0,2,4,96.2,17.3,2,1.5
P-001393,2025-12-01,12,172.4,10.2,0,4,94.6,13.2,2,1.0
P-001394,2025-01-01,1,189.3,3.0,1,3,93.0,17.6,1,1.23
P-001394,2025-02-01,2,162.4,6.4,1,6,94.1,17.7,1,1.66
P-001394,2025-03-01,3,176.0,3.3,1,7,96.7,23.0,1,1.0
P-001394,2025-04-01,4,228.0,41.8,1,9,53.2,66.3,2,3.12
P-001394,2025-05-01,5,212.1,44.0,5,8,64.0,69.4,2,3.82
P-001394,2025-06-01,6,172.3,0.7,2,5,93.6,20.9,2,1.66
P-001394,2025-07-01,7,179.1,6.8,1,4,93.4,22.6,2,1.5
P-001394,2025-08-01,8,170.0,11.2,2,4,100.1,17.1,2,1.4
P-001394,2025-09-01,9,177.0,3.6,2,4,86.8,24.1,2,1.29
P-001394,2025-10-01,10,180.2,8.7,1,4,94.3,28.8,1,1.68
P-001394,2025-11-01,11,163.2,1.8,5,7,89.1,21.2,2,1.24
P-001394,2025-12-01,12,176.6,7.6,3,6,94.8,23.3,1,1.75
P-001395,2025-01-01,1,174.8,10.0,5,4,95.0,26.5,2,1.88
P-001395,2025-02-01,2,179.2,8.8,1,6,85.0,28.1,3,2.66
P-001395,2025-03-01,3,177.0,6.9,0,5,92.8,17.7,2,1.34
P-001395,2025-04-01,4,178.7,7.4,2,4,100.8,20.6,2,1.25
P-001395,2025-05-01,5,178.9,5.1,3,7,91.4,25.3,1,1.0
P-001395,2025-06-01,6,179.9,4.9,3,4,93.9,24.4,1,1.63
P-001395,2025-07-01,7,182.6,2.8,2,5,85.7,18.6,2,1.83
P-001395,2025-08-01,8,180.7,8.1,2,4,95.9,23.0,1,1.73
P-001395,2025-09-01,9,170.5,9.1,1,4,94.1,23.0,3,1.91
P-001395,2025-10-01,10,162.5,0.0,1,5,90.7,14.7,3,1.0
P-001395,2025-11-01,11,160.0,2.8,1,4,92.0,6.7,2,1.09
P-001395,2025-12-01,12,187.2,1.2,2,5,96.8,24.1,2,1.98
P-001396,2025-01-01,1,166.8,4.1,0,4,93.8,12.2,5,1.38
P-001396,2025-02-01,2,172.1,2.7,0,4,98.8,12.1,5,1.71
P-001396,2025-03-01,3,176.8,0.0,2,3,102.8,11.9,5,1.47
P-001396,2025-04-01,4,236.8,31.2,3,12,63.7,68.1,4,4.16
P-001396,2025-05-01,5,261.9,38.4,5,9,60.1,90.2,5,4.8
P-001396,2025-06-01,6,243.5,42.4,4,6,59.3,75.2,4,4.06
P-001396,2025-07-01,7,252.5,48.3,12,11,48.5,98.0,5,4.52
P-001396,2025-08-01,8,243.7,45.5,7,14,52.9,98.0,5,4.4
P-001396,2025-09-01,9,251.4,45.7,6,12,53.8,89.2,4,4.0
P-001396,2025-10-01,10,247.1,52.6,9,12,49.3,96.2,5,4.38
P-001396,2025-11-01,11,251.8,61.1,7,12,46.1,98.0,5,4.93
P-001396,2025-12-01,12,177.9,3.4,1,3,95.5,15.7,5,2.04
P-001397,2025-01-01,1,168.5,1.1,2,4,91.4,18.4,2,1.12
P-001397,2025-02-01,2,191.6,6.7,2,3,97.7,28.2,1,1.95
P-001397,2025-03-01,3,174.3,7.5,1,4,95.7,17.1,2,1.33
P-001397,2025-04-01,4,171.3,6.7,5,6,92.3,30.4,1,1.13
P-001397,2025-05-01,5,184.2,9.7,1,5,89.0,23.5,1,1.07
P-001397,2025-06-01,6,178.1,7.3,1,4,95.2,16.9,2,1.06
P-001397,2025-07-01,7,180.3,4.3,1,3,96.5,16.6,2,1.8
P-001397,2025-08-01,8,179.1,8.5,3,5,97.2,23.8,2,1.94
P-001397,2025-09-01,9,177.2,0.0,0,5,102.0,17.0,2,1.03
P-001397,2025-10-01,10,172.3,2.2,0,4,100.1,14.4,1,1.25
P-001397,2025-11-01,11,182.5,4.5,1,5,99.0,21.8,1,1.5
P-001397,2025-12-01,12,175.6,8.7,5,5,90.6,24.2,2,1.32
P-001398,2025-01-01,1,162.8,4.0,2,6,90.7,17.0,2,1.13
P-001398,2025-02-01,2,169.9,7.8,1,5,89.8,22.5,2,1.15
P-001398,2025-03-01,3,162.1,4.6,2,6,91.3,14.9,2,1.0
P-001398,2025-04-01,4,175.7,7.2,3,6,90.2,25.2,2,1.0
P-001398,2025-05-01,5,170.8,3.6,5,4,91.5,23.1,2,1.81
P-001398,2025-06-01,6,236.6,43.6,5,9,56.8,85.0,4,4.06
P-001398,2025-07-01,7,247.0,31.1,5,14,67.1,76.9,4,4.36
P-001398,2025-08-01,8,172.8,1.2,2,5,95.2,12.1,2,1.13
P-001398,2025-09-01,9,173.6,5.5,2,4,92.3,16.8,2,1.55
P-001398,2025-10-01,10,176.2,13.1,2,3,90.2,22.3,2,1.88
P-001398,2025-11-01,11,168.2,1.0,3,3,93.7,15.6,2,1.08
P-001398,2025-12-01,12,182.5,5.4,0,4,91.9,22.6,2,1.0
P-001399,2025-01-01,1,175.7,10.9,0,3,87.5,16.3,4,1.49
P-001399,2025-02-01,2,170.3,1.0,1,4,97.6,9.4,4,1.58
P-001399,2025-03-01,3,243.9,36.6,8,9,61.0,92.0,5,4.39
P-001399,2025-04-01,4,238.2,24.3,7,13,58.7,77.8,4,3.88
P-001399,2025-05-01,5,240.9,57.2,8,9,41.7,95.8,5,4.21
P-001399,2025-06-01,6,237.5,45.6,3,10,73.5,79.0,4,4.32
P-001399,2025-07-01,7,235.2,41.0,3,10,63.3,79.4,4,4.22
P-001399,2025-08-01,8,243.9,49.6,5,11,53.3,90.5,5,4.38
P-001399,2025-09-01,9,229.1,31.9,6,9,62.6,72.5,4,4.12
P-001399,2025-10-01,10,184.2,2.5,3,3,97.5,21.3,4,1.61
P-001399,2025-11-01,11,165.5,9.9,4,5,89.8,22.9,4,1.1
P-001399,2025-12-01,12,181.6,6.8,4,6,96.9,30.7,3,1.41
P-001400,2025-01-01,1,182.6,8.5,1,4,92.0,24.1,2,1.57
P-001400,2025-02-01,2,170.3,7.4,1,4,89.4,16.6,2,1.11
P-001400,2025-03-01,3,181.7,12.1,2,4,85.4,19.5,2,1.19
P-001400,2025-04-01,4,180.2,11.9,3,4,96.1,25.3,2,1.4
P-001400,2025-05-01,5,228.2,32.7,8,10,61.2,74.4,2,3.36
P-001400,2025-06-01,6,187.8,1.1,4,5,91.4,28.2,1,1.34
P-001400,2025-07-01,7,177.1,6.7,2,4,96.1,21.1,1,1.86
P-001400,2025-08-01,8,184.4,5.6,2,5,94.5,22.3,2,1.33
P-001400,2025-09-01,9,173.3,6.1,0,5,85.1,17.3,1,1.64
P-001400,2025-10-01,10,174.9,6.6,0,3,86.5,14.5,1,1.26
P-001400,2025-11-01,11,165.1,4.2,3,5,91.5,21.8,1,1.85
P-001400,2025-12-01,12,185.0,7.8,3,5,93.7,23.9,2,1.03
P-001401,2025-01-01,1,182.1,3.0,3,5,96.0,23.7,5,1.92
P-001401,2025-02-01,2,181.1,3.3,4,5,91.0,21.9,5,1.33
P-001401,2025-03-01,3,178.8,1.8,3,4,95.6,14.6,4,1.35
P-001401,2025-04-01,4,233.8,46.2,5,9,49.5,72.5,4,3.64
P-001401,2025-05-01,5,247.8,40.5,3,9,58.0,67.5,4,3.49
P-001401,2025-06-01,6,246.1,39.7,2,14,50.2,80.9,5,4.67
P-001401,2025-07-01,7,242.8,43.0,4,10,61.9,81.5,5,4.37
P-001401,2025-08-01,8,235.7,51.7,5,12,59.3,84.2,4,4.35
P-001401,2025-09-01,9,235.2,39.7,8,11,61.1,81.5,4,3.77
P-001401,2025-10-01,10,245.4,39.5,12,9,60.9,86.0,4,3.52
P-001401,2025-11-01,11,226.0,51.4,6,12,60.5,84.3,4,4.18
P-001401,2025-12-01,12,176.6,13.3,2,6,94.2,21.5,5,1.29
P-001402,2025-01-01,1,170.0,5.0,3,4,88.3,20.0,1,1.55
P-001402,2025-02-01,2,183.4,7.4,1,6,93.5,22.0,1,1.5
P-001402,2025-03-01,3,184.3,5.5,0,5,97.4,19.2,1,1.24
P-001402,2025-04-01,4,176.7,6.3,3,3,95.4,20.3,1,1.33
P-001402,2025-05-01,5,174.3,6.0,2,6,92.7,18.7,2,1.68
P-001402,2025-06-01,6,173.2,3.8,2,5,88.0,22.9,2,1.22
P-001402,2025-07-01,7,182.8,10.5,1,5,92.5,26.9,2,1.14
P-001402,2025-08-01,8,171.1,8.5,3,4,89.6,21.8,2,1.32
P-001402,2025-09-01,9,174.8,3.2,2,5,93.9,20.2,1,1.0
P-001402,2025-10-01,10,180.4,1.4,4,4,96.9,22.9,1,1.56
P-001402,2025-11-01,11,176.5,0.0,2,5,97.9,13.8,2,1.16
P-001402,2025-12-01,12,168.9,2.1,4,6,94.3,16.0,2,1.72
P-001403,2025-01-01,1,166.2,7.1,4,5,89.1,22.3,1,1.1
P-001403,2025-02-01,2,175.7,9.0,3,4,91.3,20.4,2,1.49
P-001403,2025-03-01,3,179.7,11.8,2,3,84.3,27.1,1,1.39
P-001403,2025-04-01,4,223.0,22.4,4,10,69.3,59.2,2,2.26
P-001403,2025-05-01,5,215.1,45.7,3,5,63.4,59.2,1,2.68
P-001403,2025-06-01,6,173.6,10.5,4,3,85.6,26.5,2,1.49
P-001403,2025-07-01,7,176.0,5.3,0,6,93.5,15.2,1,1.11
P-001403,2025-08-01,8,181.8,6.8,3,5,91.9,28.0,3,1.57
P-001403,2025-09-01,9,181.0,3.2,2,5,91.3,14.9,1,1.0
P-001403,2025-10-01,10,176.5,7.4,3,4,94.3,19.1,2,1.58
P-001403,2025-11-01,11,174.5,6.2,3,3,84.5,21.0,2,1.84
P-001403,2025-12-01,12,177.1,2.1,3,3,101.3,19.1,2,1.16
P-001404,2025-01-01,1,179.0,3.6,2,4,97.5,20.1,1,1.86
P-001404,2025-02-01,2,173.2,10.6,1,6,91.1,19.2,2,1.39
P-001404,2025-03-01,3,178.2,6.7,1,5,91.9,21.1,1,2.07
P-001404,2025-04-01,4,184.0,4.4,3,5,95.9,21.4,2,1.37
P-001404,2025-05-01,5,239.2,19.4,6,6,70.0,58.7,2,2.92
P-001404,2025-06-01,6,178.0,2.4,2,6,98.3,20.4,1,1.43
P-001404,2025-07-01,7,182.8,10.7,0,4,95.2,23.6,2,1.94
P-001404,2025-08-01,8,169.1,3.7,0,4,92.4,12.8,2,1.01
P-001404,2025-09-01,9,180.2,5.4,3,7,96.4,20.1,2,1.47
P-001404,2025-10-01,10,183.4,8.2,1,4,94.8,24.3,1,1.21
P-001404,2025-11-01,11,178.3,8.9,0,6,86.7,17.9,1,1.03
P-001404,2025-12-01,12,173.7,7.2,1,5,93.6,23.9,1,1.0
P-001405,2025-01-01,1,174.8,4.2,0,5,95.6,11.1,1,1.0
P-001405,2025-02-01,2,176.0,1.4,1,4,96.3,12.3,2,1.44
P-001405,2025-03-01,3,171.0,0.2,0,5,91.0,16.1,3,1.5
P-001405,2025-04-01,4,175.2,0.0,1,4,88.0,18.9,2,1.24
P-001405,2025-05-01,5,172.6,6.4,2,5,98.8,21.0,2,1.5
P-001405,2025-06-01,6,174.6,7.4,1,6,88.8,16.2,2,1.13
P-001405,2025-07-01,7,181.1,7.0,0,4,94.7,20.8,3,1.46
P-001405,2025-08-01,8,164.9,3.6,2,5,93.0,13.9,3,1.97
P-001405,2025-09-01,9,171.2,4.0,1,6,89.9,18.9,3,1.66
P-001405,2025-10-01,10,175.9,5.4,2,5,94.5,15.1,1,1.3
P-001405,2025-11-01,11,175.6,8.0,2,5,86.1,29.4,2,1.57
P-001405,2025-12-01,12,168.0,2.4,2,5,98.9,17.9,1,1.0
P-001406,2025-01-01,1,177.4,11.4,0,6,90.8,20.5,3,1.0
P-001406,2025-02-01,2,184.1,8.6,4,4,99.1,25.4,2,1.21
P-001406,2025-03-01,3,179.0,6.7,5,4,90.6,25.7,2,1.03
P-001406,2025-04-01,4,167.3,8.0,3,5,89.4,18.4,1,1.09
P-001406,2025-05-01,5,225.7,40.3,5,9,61.3,69.7,2,3.26
P-001406,2025-06-01,6,175.2,7.3,0,5,95.9,13.6,1,1.11
P-001406,2025-07-01,7,182.9,11.1,2,4,88.6,22.6,1,1.22
P-001406,2025-08-01,8,180.7,10.2,1,5,92.0,21.5,1,1.0
P-001406,2025-09-01,9,170.8,3.6,1,4,97.7,16.5,2,1.57
P-001406,2025-10-01,10,181.9,4.4,4,4,92.0,19.7,2,1.0
P-001406,2025-11-01,11,179.5,2.7,2,6,95.5,17.4,1,1.59
P-001406,2025-12-01,12,172.7,5.6,1,4,92.6,19.6,3,1.57
P-001407,2025-01-01,1,169.2,3.8,1,4,94.6,12.4,3,1.16
P-001407,2025-02-01,2,178.1,8.4,1,4,91.2,20.9,2,1.0
P-001407,2025-03-01,3,173.3,5.3,2,5,85.2,19.5,2,1.2
P-001407,2025-04-01,4,177.9,3.6,0,6,91.1,17.6,1,1.09
P-001407,2025-05-01,5,168.6,2.7,3,3,94.3,18.8,2,1.26
P-001407,2025-06-01,6,176.1,0.5,2,4,90.4,19.5,1,1.0
P-001407,2025-07-01,7,185.5,11.7,2,5,93.5,26.7,2,1.08
P-001407,2025-08-01,8,182.9,4.6,2,5,93.1,25.3,1,1.65
P-001407,2025-09-01,9,174.9,13.1,4,4,80.3,31.1,1,1.56
P-001407,2025-10-01,10,174.6,14.0,3,5,86.1,24.7,1,1.0
P-001407,2025-11-01,11,172.9,1.3,1,4,87.8,15.5,1,1.72
P-001407,2025-12-01,12,170.8,0.0,1,5,96.1,17.2,2,1.35
P-001408,2025-01-01,1,173.8,10.6,1,4,97.1,20.4,4,1.83
P-001408,2025-02-01,2,177.2,13.2,0,4,90.4,29.4,5,1.77
P-001408,2025-03-01,3,167.9,11.2,3,4,91.2,25.4,5,1.35
P-001408,2025-04-01,4,242.3,43.9,10,11,56.0,90.1,5,4.86
P-001408,2025-05-01,5,238.7,42.3,10,10,54.9,89.7,5,3.89
P-001408,2025-06-01,6,246.1,62.3,8,12,48.3,98.0,5,4.1
P-001408,2025-07-01,7,251.7,33.8,8,9,56.5,87.2,5,4.75
P-001408,2025-08-01,8,236.8,39.3,12,11,65.9,83.1,5,4.34
P-001408,2025-09-01,9,254.5,46.3,4,15,57.9,89.5,5,4.42
P-001408,2025-10-01,10,244.9,53.0,4,12,48.9,87.8,5,4.84
P-001408,2025-11-01,11,240.5,57.4,8,12,40.7,98.0,4,5.0
P-001408,2025-12-01,12,178.6,4.3,0,4,90.4,12.8,4,1.0
P-001409,2025-01-01,1,180.1,5.5,4,3,89.3,19.8,5,1.44
P-001409,2025-02-01,2,177.5,9.7,5,4,94.3,30.7,4,1.5
P-001409,2025-03-01,3,184.7,3.0,0,5,97.0,18.4,4,1.16
P-001409,2025-04-01,4,241.6,46.7,8,13,55.2,85.8,5,4.39
P-001409,2025-05-01,5,239.1,31.8,4,12,66.2,74.4,4,4.07
P-001409,2025-06-01,6,246.6,43.1,4,12,50.0,89.1,5,4.61
P-001409,2025-07-01,7,238.5,43.5,11,12,59.0,93.8,5,4.47
P-001409,2025-08-01,8,238.9,37.4,5,6,66.8,78.6,4,4.98
P-001409,2025-09-01,9,171.4,9.9,3,4,83.3,22.1,4,1.63
P-001409,2025-10-01,10,175.3,6.9,0,5,86.1,22.6,3,1.19
P-001409,2025-11-01,11,172.6,10.6,1,5,88.2,24.5,4,1.4
P-001409,2025-12-01,12,175.7,13.0,2,4,88.1,20.9,4,1.06
P-001410,2025-01-01,1,183.1,7.3,5,5,93.5,26.1,2,1.14
P-001410,2025-02-01,2,175.8,6.1,1,3,99.8,14.3,1,1.58
P-001410,2025-03-01,3,173.6,2.9,0,3,91.9,14.0,2,1.0
P-001410,2025-04-01,4,218.2,20.5,1,7,69.9,46.5,1,2.94
P-001410,2025-05-01,5,173.0,4.1,2,5,97.4,12.8,1,1.63
P-001410,2025-06-01,6,169.7,0.5,5,4,92.1,25.6,3,1.61
P-001410,2025-07-01,7,177.7,7.9,2,4,96.8,20.1,3,1.12
P-001410,2025-08-01,8,177.0,8.8,4,6,91.9,30.8,1,1.64
P-001410,2025-09-01,9,174.1,7.7,4,6,87.3,30.0,2,1.25
P-001410,2025-10-01,10,173.9,3.2,2,6,98.3,21.1,3,1.3
P-001410,2025-11-01,11,175.3,9.3,2,3,98.1,24.4,2,1.0
P-001410,2025-12-01,12,165.0,0.0,3,6,93.7,17.4,2,1.73
P-001411,2025-01-01,1,176.3,1.9,2,4,98.9,16.3,3,1.39
P-001411,2025-02-01,2,175.4,0.0,4,6,92.5,17.9,2,1.5
P-001411,2025-03-01,3,175.2,3.4,4,6,94.5,23.1,1,1.86
P-001411,2025-04-01,4,177.3,12.3,0,4,92.0,20.9,2,1.27
P-001411,2025-05-01,5,176.8,7.2,1,7,87.2,25.1,2,1.66
P-001411,2025-06-01,6,169.3,9.9,0,5,85.3,21.3,2,1.99
P-001411,2025-07-01,7,161.7,7.1,2,5,94.1,18.9,3,1.71
P-001411,2025-08-01,8,175.4,5.2,5,5,98.1,23.9,3,1.83
P-001411,2025-09-01,9,179.9,8.3,2,6,93.4,21.2,2,1.68
P-001411,2025-10-01,10,175.9,5.5,1,5,95.1,16.1,2,1.0
P-001411,2025-11-01,11,188.2,1.3,3,5,87.8,27.0,2,1.62
P-001411,2025-12-01,12,180.4,5.8,1,5,88.9,19.4,1,1.28
P-001412,2025-01-01,1,175.9,8.8,1,6,90.3,24.1,2,1.5
P-001412,2025-02-01,2,175.4,6.6,1,4,86.6,24.8,2,1.0
P-001412,2025-03-01,3,179.1,7.0,2,4,94.2,21.7,2,1.11
P-001412,2025-04-01,4,179.4,1.0,2,5,88.6,18.7,2,1.05
P-001412,2025-05-01,5,171.8,0.0,2,5,101.2,13.0,2,1.52
P-001412,2025-06-01,6,176.4,6.5,3,4,91.0,23.2,1,1.07
P-001412,2025-07-01,7,174.4,3.2,0,4,92.8,14.2,2,1.24
P-001412,2025-08-01,8,180.5,8.9,2,4,94.8,23.3,2,1.9
P-001412,2025-09-01,9,171.4,10.9,1,3,100.3,14.4,2,1.21
P-001412,2025-10-01,10,170.5,4.8,3,4,82.4,23.6,2,1.94
P-001412,2025-11-01,11,178.8,10.6,0,3,82.4,24.4,1,1.34
P-001412,2025-12-01,12,174.1,3.2,0,4,89.9,16.6,2,1.41
P-001413,2025-01-01,1,181.3,9.5,2,4,93.8,27.4,1,1.92
P-001413,2025-02-01,2,243.4,52.1,5,11,58.6,89.7,4,4.92
P-001413,2025-03-01,3,244.2,48.3,4,10,62.3,79.7,4,4.38
P-001413,2025-04-01,4,233.8,40.4,8,10,52.0,80.0,4,3.2
P-001413,2025-05-01,5,241.7,31.5,7,14,60.0,82.9,4,3.75
P-001413,2025-06-01,6,170.0,0.0,2,4,96.9,19.3,1,1.54
P-001413,2025-07-01,7,181.5,4.9,3,5,99.0,26.2,1,1.84
P-001413,2025-08-01,8,175.9,4.0,4,5,90.6,27.9,1,1.75
P-001413,2025-09-01,9,172.7,9.4,4,6,91.7,29.4,1,1.4
P-001413,2025-10-01,10,172.5,17.2,0,3,91.0,17.7,1,1.11
P-001413,2025-11-01,11,177.8,0.7,5,4,97.9,19.3,1,1.22
P-001413,2025-12-01,12,168.4,4.5,3,5,94.6,18.3,1,1.0
P-001414,2025-01-01,1,170.3,6.3,3,4,88.7,16.5,2,2.14
P-001414,2025-02-01,2,170.0,0.2,1,5,97.2,10.5,2,1.0
P-001414,2025-03-01,3,181.4,3.1,4,5,90.6,23.1,1,1.35
P-001414,2025-04-01,4,240.7,31.6,7,8,62.3,80.4,3,4.14
P-001414,2025-05-01,5,177.4,9.1,1,5,93.0,20.5,1,2.05
P-001414,2025-06-01,6,184.6,10.6,2,5,89.8,27.9,2,1.58
P-001414,2025-07-01,7,165.3,12.8,4,4,82.7,21.2,3,1.71
P-001414,2025-08-01,8,176.1,0.0,1,3,90.5,18.2,2,1.43
P-001414,2025-09-01,9,173.8,4.0,5,4,92.8,30.7,1,1.13
P-001414,2025-10-01,10,167.9,8.9,0,5,86.1,15.5,2,1.11
P-001414,2025-11-01,11,178.2,7.5,0,3,91.4,12.2,2,1.0
P-001414,2025-12-01,12,184.3,0.2,1,5,99.7,12.0,2,1.07
P-001415,2025-01-01,1,177.5,11.2,1,3,96.4,22.2,3,1.32
P-001415,2025-02-01,2,176.6,8.0,4,3,91.4,26.8,1,1.64
P-001415,2025-03-01,3,183.2,9.9,4,5,93.2,31.9,1,1.0
P-001415,2025-04-01,4,170.3,5.2,1,3,100.0,17.5,1,1.56
P-001415,2025-05-01,5,183.7,4.1,1,4,89.1,19.5,2,1.59
P-001415,2025-06-01,6,174.0,0.0,3,4,97.7,17.2,2,1.53
P-001415,2025-07-01,7,175.5,4.4,1,4,93.1,14.8,2,1.0
P-001415,2025-08-01,8,184.8,8.3,2,3,89.6,21.6,1,1.29
P-001415,2025-09-01,9,168.0,3.0,1,5,101.3,17.1,2,1.44
P-001415,2025-10-01,10,174.8,12.1,2,4,91.5,20.5,2,1.56
P-001415,2025-11-01,11,181.0,3.5,2,4,99.4,17.7,1,1.47
P-001415,2025-12-01,12,178.3,9.2,4,4,86.4,26.5,1,1.43
P-001416,2025-01-01,1,169.3,9.9,4,5,88.4,19.5,4,1.41
P-001416,2025-02-01,2,179.0,6.0,4,3,85.8,22.1,4,1.53
P-001416,2025-03-01,3,243.7,32.4,9,11,66.6,83.4,5,4.63
P-001416,2025-04-01,4,240.3,45.0,5,11,56.8,78.1,4,4.41
P-001416,2025-05-01,5,231.7,50.3,11,11,63.1,87.3,4,4.45
P-001416,2025-06-01,6,242.3,39.5,5,10,62.9,81.3,4,4.81
P-001416,2025-07-01,7,223.7,33.2,4,9,62.2,66.7,3,3.89
P-001416,2025-08-01,8,234.8,37.0,4,12,66.4,77.8,3,3.72
P-001416,2025-09-01,9,244.2,41.5,3,8,56.7,78.3,4,3.87
P-001416,2025-10-01,10,188.6,12.2,5,4,87.4,31.5,4,1.3
P-001416,2025-11-01,11,162.8,2.7,2,3,93.6,14.1,4,1.74
P-001416,2025-12-01,12,177.7,8.5,2,7,86.9,23.2,4,1.18
P-001417,2025-01-01,1,193.9,14.2,3,6,96.9,31.7,1,1.43
P-001417,2025-02-01,2,166.7,9.0,1,3,93.8,16.9,1,1.35
P-001417,2025-03-01,3,180.7,6.7,2,4,96.8,20.9,2,1.64
P-001417,2025-04-01,4,184.5,10.1,5,5,91.1,26.0,2,1.39
P-001417,2025-05-01,5,178.5,9.8,2,3,86.6,23.6,1,1.3
P-001417,2025-06-01,6,166.7,3.6,0,4,101.0,10.9,2,1.0
P-001417,2025-07-01,7,179.5,8.6,0,5,88.1,21.7,2,1.73
P-001417,2025-08-01,8,166.2,8.6,2,6,93.6,23.3,2,1.22
P-001417,2025-09-01,9,182.1,4.3,1,5,98.0,20.8,1,1.85
P-001417,2025-10-01,10,160.1,5.2,3,4,93.7,15.7,1,1.3
P-001417,2025-11-01,11,180.6,9.3,1,4,98.1,16.9,2,1.63
P-001417,2025-12-01,12,165.1,6.6,2,6,91.2,15.7,2,1.49
P-001418,2025-01-01,1,178.6,0.6,1,3,97.9,20.3,3,1.61
P-001418,2025-02-01,2,171.1,5.9,3,5,97.3,21.7,3,1.0
P-001418,2025-03-01,3,169.9,14.2,4,4,90.6,25.6,4,1.15
P-001418,2025-04-01,4,239.5,43.7,6,11,63.4,82.0,4,4.06
P-001418,2025-05-01,5,229.1,41.9,3,9,54.3,70.3,3,4.26
P-001418,2025-06-01,6,244.1,48.4,9,11,53.9,88.1,4,3.74
P-001418,2025-07-01,7,223.2,47.7,1,9,60.5,68.0,3,4.1
P-001418,2025-08-01,8,236.6,42.8,6,10,60.3,82.4,4,4.0
P-001418,2025-09-01,9,168.1,3.6,2,4,95.4,17.8,4,1.19
P-001418,2025-10-01,10,181.8,6.9,5,5,97.6,30.4,5,1.66
P-001418,2025-11-01,11,176.2,8.3,3,3,90.8,15.9,3,1.68
P-001418,2025-12-01,12,175.3,5.8,2,4,86.5,22.8,4,1.9
P-001419,2025-01-01,1,181.7,10.7,5,6,88.5,34.4,1,1.69
P-001419,2025-02-01,2,177.6,6.0,1,4,98.5,21.5,1,1.89
P-001419,2025-03-01,3,169.5,3.0,2,5,90.3,16.3,1,1.35
P-001419,2025-04-01,4,174.3,9.5,0,3,93.0,21.8,2,1.33
P-001419,2025-05-01,5,175.0,10.9,3,4,85.8,24.7,1,1.46
P-001419,2025-06-01,6,168.7,0.0,1,5,94.7,12.9,2,1.43
P-001419,2025-07-01,7,181.8,8.2,2,5,96.4,25.1,2,1.85
P-001419,2025-08-01,8,185.8,5.2,3,4,97.3,21.4,2,1.28
P-001419,2025-09-01,9,172.2,1.4,5,4,102.9,25.0,2,1.64
P-001419,2025-10-01,10,171.7,6.3,2,3,92.6,22.1,3,1.63
P-001419,2025-11-01,11,178.4,8.7,4,4,87.1,22.2,1,1.16
P-001419,2025-12-01,12,170.8,11.4,2,6,89.8,22.0,2,1.77
P-001420,2025-01-01,1,175.8,7.0,2,5,98.1,23.8,1,1.81
P-001420,2025-02-01,2,177.7,6.5,1,5,98.4,20.8,2,1.95
P-001420,2025-03-01,3,184.8,2.2,0,6,84.3,17.5,1,1.64
P-001420,2025-04-01,4,210.8,37.8,2,8,71.3,60.1,1,3.32
P-001420,2025-05-01,5,177.0,10.3,0,4,97.2,16.8,1,1.0
P-001420,2025-06-01,6,181.3,5.1,1,4,96.9,19.6,1,1.81
P-001420,2025-07-01,7,181.1,0.5,3,4,95.8,19.3,2,1.71
P-001420,2025-08-01,8,173.7,11.6,0,5,89.5,22.7,1,2.01
P-001420,2025-09-01,9,171.3,5.1,0,6,96.1,15.1,2,1.0
P-001420,2025-10-01,10,172.5,7.4,3,5,93.1,22.7,1,1.11
P-001420,2025-11-01,11,176.8,7.1,1,4,91.8,22.9,2,1.68
P-001420,2025-12-01,12,159.5,14.0,3,5,91.7,19.2,1,1.31
P-001421,2025-01-01,1,173.7,0.6,5,4,97.5,20.3,4,1.43
P-001421,2025-02-01,2,177.5,3.8,0,4,97.2,19.0,5,2.27
P-001421,2025-03-01,3,177.3,6.9,3,4,96.8,25.4,5,1.76
P-001421,2025-04-01,4,243.0,30.1,8,9,60.2,74.4,4,3.74
P-001421,2025-05-01,5,258.7,48.0,7,13,55.5,93.3,5,4.88
P-001421,2025-06-01,6,238.7,41.0,6,10,65.6,78.7,4,4.59
P-001421,2025-07-01,7,253.6,39.0,12,9,58.3,98.0,5,4.46
P-001421,2025-08-01,8,241.2,39.6,6,12,62.1,87.6,5,4.15
P-001421,2025-09-01,9,247.7,39.4,3,12,56.5,73.6,5,4.16
P-001421,2025-10-01,10,237.1,42.9,7,10,54.6,83.2,4,3.77
P-001421,2025-11-01,11,247.1,57.9,8,12,55.8,95.6,5,4.55
P-001421,2025-12-01,12,170.4,8.4,0,4,92.9,18.3,4,1.74
P-001422,2025-01-01,1,167.3,7.0,0,5,90.9,11.8,3,1.62
P-001422,2025-02-01,2,174.5,4.6,2,4,89.1,24.2,2,1.8
P-001422,2025-03-01,3,172.0,10.4,3,4,95.0,21.7,3,1.51
P-001422,2025-04-01,4,176.4,3.7,2,3,94.4,18.2,3,1.26
P-001422,2025-05-01,5,230.0,32.1,1,10,56.8,65.2,2,3.4
P-001422,2025-06-01,6,171.4,3.5,1,5,89.4,14.0,2,1.55
P-001422,2025-07-01,7,181.8,8.4,2,4,86.6,22.8,1,1.61
P-001422,2025-08-01,8,183.9,5.9,0,3,91.4,18.5,2,1.37
P-001422,2025-09-01,9,171.0,0.0,0,5,98.2,11.6,2,1.32
P-001422,2025-10-01,10,175.6,6.5,2,5,91.7,20.3,1,1.26
P-001422,2025-11-01,11,174.1,3.2,5,4,85.1,24.0,3,1.56
P-001422,2025-12-01,12,179.5,6.3,1,3,98.3,15.8,2,1.01
P-001423,2025-01-01,1,166.8,14.0,2,6,94.8,25.2,1,1.3
P-001423,2025-02-01,2,238.7,40.5,5,7,60.6,72.3,4,2.95
P-001423,2025-03-01,3,246.0,25.5,8,9,65.4,78.9,4,3.94
P-001423,2025-04-01,4,235.8,46.0,7,11,59.5,82.3,4,4.82
P-001423,2025-05-01,5,245.0,40.4,6,11,51.5,87.8,4,3.61
P-001423,2025-06-01,6,170.8,0.0,0,3,88.2,7.6,1,1.65
P-001423,2025-07-01,7,181.8,0.1,1,6,90.9,19.7,1,1.0
P-001423,2025-08-01,8,172.3,1.2,1,5,94.9,19.8,1,1.89
P-001423,2025-09-01,9,171.3,5.3,4,3,97.1,23.0,1,1.31
P-001423,2025-10-01,10,176.7,11.1,1,4,97.2,20.4,1,1.1
P-001423,2025-11-01,11,167.1,2.0,2,4,91.0,12.7,1,1.17
P-001423,2025-12-01,12,170.8,7.1,2,4,91.3,17.8,1,1.52
P-001424,2025-01-01,1,175.2,3.3,2,3,93.5,21.0,5,1.43
P-001424,2025-02-01,2,171.3,1.0,1,3,98.5,12.2,3,1.0
P-001424,2025-03-01,3,232.7,47.9,12,9,57.0,92.3,3,3.98
P-001424,2025-04-01,4,241.6,38.7,8,9,52.5,81.9,4,4.04
P-001424,2025-05-01,5,223.2,39.8,5,7,59.3,70.7,3,3.89
P-001424,2025-06-01,6,236.1,26.9,9,10,61.7,77.6,4,4.11
P-001424,2025-07-01,7,236.2,42.4,8,11,62.3,82.9,4,4.12
P-001424,2025-08-01,8,234.8,36.9,8,10,68.3,79.4,4,3.77
P-001424,2025-09-01,9,234.6,25.7,5,10,64.5,67.5,3,3.64
P-001424,2025-10-01,10,172.0,7.3,1,5,89.9,20.0,4,1.64
P-001424,2025-11-01,11,175.6,4.3,4,3,93.1,21.1,4,1.48
P-001424,2025-12-01,12,171.5,10.2,3,5,97.6,23.3,5,1.15
P-001425,2025-01-01,1,181.9,2.8,2,4,96.4,17.5,2,1.62
P-001425,2025-02-01,2,177.1,2.0,4,3,99.8,22.1,2,1.13
P-001425,2025-03-01,3,175.3,14.7,5,5,88.4,32.7,3,1.49
P-001425,2025-04-01,4,223.9,33.9,1,7,62.3,56.9,2,3.17
P-001425,2025-05-01,5,174.0,7.9,3,5,97.0,22.7,2,1.37
P-001425,2025-06-01,6,181.4,4.2,3,3,89.8,20.6,2,1.33
P-001425,2025-07-01,7,184.4,5.9,3,4,91.2,23.5,1,1.03
P-001425,2025-08-01,8,179.4,9.2,4,4,90.9,24.2,2,1.06
P-001425,2025-09-01,9,176.0,6.9,0,4,93.2,13.4,3,1.25
P-001425,2025-10-01,10,187.0,1.7,2,5,96.9,18.1,1,1.32
P-001425,2025-11-01,11,179.0,3.5,2,3,98.6,22.3,2,1.67
P-001425,2025-12-01,12,186.4,6.5,2,3,100.3,21.8,1,1.49
P-001426,2025-01-01,1,178.3,9.5,1,3,89.4,23.9,4,1.15
P-001426,2025-02-01,2,170.7,0.9,0,4,95.2,15.4,4,1.25
P-001426,2025-03-01,3,165.4,3.4,2,3,95.3,14.6,5,1.25
P-001426,2025-04-01,4,232.7,34.2,3,6,68.8,66.1,3,3.63
P-001426,2025-05-01,5,235.9,36.0,7,13,65.8,88.0,4,4.6
P-001426,2025-06-01,6,236.7,39.6,7,13,62.3,79.5,4,3.96
P-001426,2025-07-01,7,230.1,50.3,2,11,57.6,73.6,3,4.02
P-001426,2025-08-01,8,237.4,48.8,4,9,56.2,83.1,4,5.0
P-001426,2025-09-01,9,185.4,3.0,2,5,94.4,22.6,5,1.55
P-001426,2025-10-01,10,170.7,12.3,1,4,94.1,22.0,5,1.67
P-001426,2025-11-01,11,187.3,10.7,5,5,97.2,37.6,4,1.36
P-001426,2025-12-01,12,186.4,11.3,4,5,95.8,31.2,4,1.6
P-001427,2025-01-01,1,174.7,3.8,1,6,93.7,21.6,5,1.54
P-001427,2025-02-01,2,180.9,13.2,3,4,96.1,25.9,4,1.42
P-001427,2025-03-01,3,181.8,9.6,3,5,96.0,34.1,4,1.9
P-001427,2025-04-01,4,242.5,38.0,2,9,52.3,68.1,4,3.96
P-001427,2025-05-01,5,244.3,36.0,11,13,63.0,92.1,5,4.47
P-001427,2025-06-01,6,240.6,41.5,5,10,59.8,80.1,4,3.74
P-001427,2025-07-01,7,245.3,50.4,7,10,55.8,89.0,5,4.41
P-001427,2025-08-01,8,237.8,45.4,6,11,55.6,91.1,4,4.88
P-001427,2025-09-01,9,244.1,39.4,4,13,66.4,81.4,4,4.29
P-001427,2025-10-01,10,256.0,28.9,3,12,63.2,77.6,5,4.23
P-001427,2025-11-01,11,233.6,46.6,7,8,60.2,75.7,4,4.11
P-001427,2025-12-01,12,169.8,5.6,2,4,92.3,14.7,4,1.12
P-001428,2025-01-01,1,168.6,0.2,2,5,89.7,19.3,1,1.53
P-001428,2025-02-01,2,243.3,40.8,7,10,58.2,81.4,4,4.51
P-001428,2025-03-01,3,240.8,45.4,6,8,52.8,82.9,4,4.85
P-001428,2025-04-01,4,246.5,38.0,6,13,54.3,79.1,4,4.47
P-001428,2025-05-01,5,230.1,41.9,8,6,52.0,74.9,4,4.07
P-001428,2025-06-01,6,181.0,10.3,2,4,92.1,23.2,1,1.24
P-001428,2025-07-01,7,173.2,6.3,2,5,89.5,17.0,1,1.82
P-001428,2025-08-01,8,165.2,3.0,1,5,94.5,16.9,1,1.87
P-001428,2025-09-01,9,164.5,4.2,4,5,95.7,16.0,1,1.34
P-001428,2025-10-01,10,172.7,4.3,1,5,91.0,22.3,1,1.0
P-001428,2025-11-01,11,179.6,4.2,1,6,92.5,14.8,1,1.55
P-001428,2025-12-01,12,178.5,10.9,3,5,93.9,28.9,1,1.18
P-001429,2025-01-01,1,168.2,9.4,2,6,91.9,20.9,3,1.67
P-001429,2025-02-01,2,174.4,9.2,2,5,94.9,18.1,2,1.42
P-001429,2025-03-01,3,166.4,2.6,2,4,89.9,19.0,1,1.55
P-001429,2025-04-01,4,175.0,4.1,1,4,97.5,16.3,2,1.54
P-001429,2025-05-01,5,175.4,5.7,1,6,90.6,16.3,1,1.51
P-001429,2025-06-01,6,176.0,13.6,2,3,94.1,26.4,1,1.0
P-001429,2025-07-01,7,176.3,4.8,0,5,96.5,15.2,2,1.57
P-001429,2025-08-01,8,167.8,10.6,4,5,88.9,23.6,3,1.42
P-001429,2025-09-01,9,177.3,6.4,1,3,92.2,17.8,2,1.52
P-001429,2025-10-01,10,161.3,13.8,1,5,87.7,20.5,3,1.49
P-001429,2025-11-01,11,185.2,6.2,0,4,95.5,17.5,2,1.74
P-001429,2025-12-01,12,182.2,0.8,2,3,95.6,21.9,1,1.85
P-001430,2025-01-01,1,182.4,0.0,2,5,100.0,23.2,4,1.16
P-001430,2025-02-01,2,177.0,5.0,2,4,93.8,18.0,4,1.79
P-001430,2025-03-01,3,178.7,4.1,5,4,92.1,30.1,4,1.57
P-001430,2025-04-01,4,240.9,40.4,8,11,61.6,81.4,5,4.12
P-001430,2025-05-01,5,246.2,46.7,6,17,59.4,84.6,5,3.85
P-001430,2025-06-01,6,249.2,48.2,11,7,65.2,94.9,5,4.9
P-001430,2025-07-01,7,234.8,29.1,9,14,57.6,83.3,4,4.51
P-001430,2025-08-01,8,234.8,50.7,7,12,49.2,88.0,5,4.26
P-001430,2025-09-01,9,237.3,33.3,8,14,52.7,87.3,5,4.89
P-001430,2025-10-01,10,251.5,41.8,13,8,66.8,95.5,5,5.0
P-001430,2025-11-01,11,232.0,44.7,2,12,52.7,75.1,5,4.35
P-001430,2025-12-01,12,170.0,4.8,2,5,95.9,17.5,5,1.0
P-001431,2025-01-01,1,177.9,5.7,2,4,89.2,21.0,3,1.49
P-001431,2025-02-01,2,173.9,9.3,3,3,85.3,22.1,3,1.63
P-001431,2025-03-01,3,176.3,10.3,0,4,94.7,15.8,3,1.59
P-001431,2025-04-01,4,232.3,37.7,4,8,71.0,71.1,4,3.54
P-001431,2025-05-01,5,229.9,28.2,6,10,61.7,67.8,4,4.59
P-001431,2025-06-01,6,230.9,44.3,6,8,49.4,76.9,4,4.33
P-001431,2025-07-01,7,239.7,51.8,10,11,54.1,98.0,5,4.79
P-001431,2025-08-01,8,245.6,52.6,3,9,50.5,85.6,4,3.94
P-001431,2025-09-01,9,181.8,4.3,2,5,92.7,16.4,4,1.43
P-001431,2025-10-01,10,175.8,3.5,1,4,91.9,20.0,3,1.46
P-001431,2025-11-01,11,179.2,0.0,3,5,95.4,19.6,3,1.65
P-001431,2025-12-01,12,177.1,4.7,5,4,98.2,21.7,4,1.21
P-001432,2025-01-01,1,160.0,9.1,0,4,93.9,12.7,4,1.74
P-001432,2025-02-01,2,181.6,6.3,5,5,97.9,25.4,5,1.45
P-001432,2025-03-01,3,191.9,0.0,3,4,89.9,24.9,5,1.79
P-001432,2025-04-01,4,246.3,36.8,2,9,58.1,79.4,5,5.0
P-001432,2025-05-01,5,244.4,47.0,9,10,64.4,90.2,4,4.35
P-001432,2025-06-01,6,246.2,44.4,10,14,53.0,95.3,5,3.78
P-001432,2025-07-01,7,244.5,23.3,3,11,66.5,69.6,4,4.32
P-001432,2025-08-01,8,254.9,53.6,6,9,61.4,91.1,5,3.94
P-001432,2025-09-01,9,234.4,50.6,3,12,57.6,81.0,5,5.0
P-001432,2025-10-01,10,241.1,29.5,10,13,68.9,86.2,5,5.0
P-001432,2025-11-01,11,247.7,42.8,8,11,54.0,92.5,5,4.27
P-001432,2025-12-01,12,178.2,9.8,2,5,90.4,27.0,4,1.06
P-001433,2025-01-01,1,174.6,6.1,4,5,86.3,23.6,4,1.44
P-001433,2025-02-01,2,175.7,5.0,2,3,91.9,20.1,4,1.47
P-001433,2025-03-01,3,180.5,3.7,1,3,97.0,10.8,5,1.28
P-001433,2025-04-01,4,237.1,43.5,4,7,54.5,80.0,4,4.46
P-001433,2025-05-01,5,249.0,33.0,4,10,58.0,75.1,4,4.03
P-001433,2025-06-01,6,238.7,39.3,4,7,59.2,73.0,3,4.08
P-001433,2025-07-01,7,236.8,52.4,11,9,51.4,93.8,4,5.0
P-001433,2025-08-01,8,247.8,28.9,9,10,48.7,80.3,4,3.42
P-001433,2025-09-01,9,177.1,1.3,5,4,91.6,26.9,4,1.2
P-001433,2025-10-01,10,172.3,1.9,4,5,100.3,18.2,4,1.69
P-001433,2025-11-01,11,183.5,5.7,1,4,90.0,22.9,4,1.28
P-001433,2025-12-01,12,182.6,3.6,2,4,92.3,28.7,5,1.37
P-001434,2025-01-01,1,168.0,9.1,1,6,91.8,22.9,5,1.53
P-001434,2025-02-01,2,177.0,1.2,2,4,87.1,17.9,4,1.83
P-001434,2025-03-01,3,167.4,6.9,1,5,93.2,21.2,3,1.23
P-001434,2025-04-01,4,251.8,55.0,5,9,50.3,95.2,5,4.2
P-001434,2025-05-01,5,242.3,38.8,4,12,59.1,81.9,4,4.67
P-001434,2025-06-01,6,250.6,42.8,7,11,57.4,89.8,5,4.57
P-001434,2025-07-01,7,235.3,36.1,6,8,54.2,74.3,3,3.51
P-001434,2025-08-01,8,229.6,38.3,5,11,55.9,71.4,3,4.31
P-001434,2025-09-01,9,182.1,9.1,4,6,95.0,27.0,4,1.38
P-001434,2025-10-01,10,176.5,7.2,3,6,88.6,27.7,3,1.18
P-001434,2025-11-01,11,165.2,13.9,0,3,92.1,20.6,3,1.84
P-001434,2025-12-01,12,185.6,0.0,4,6,96.1,24.8,4,1.23
P-001435,2025-01-01,1,180.3,1.9,1,3,92.7,22.9,3,1.2
P-001435,2025-02-01,2,169.3,6.3,2,6,98.1,16.2,4,1.27
P-001435,2025-03-01,3,178.6,4.4,0,5,89.0,23.6,4,1.72
P-001435,2025-04-01,4,231.3,38.2,6,7,64.1,67.1,3,3.8
P-001435,2025-05-01,5,242.1,47.4,2,11,55.3,79.3,4,3.84
P-001435,2025-06-01,6,247.0,54.1,8,14,53.6,93.7,4,4.12
P-001435,2025-07-01,7,237.7,31.5,9,9,60.8,79.2,4,3.81
P-001435,2025-08-01,8,232.7,33.4,9,10,58.4,80.3,4,4.71
P-001435,2025-09-01,9,163.8,10.1,3,7,92.9,20.6,4,1.9
P-001435,2025-10-01,10,169.1,2.0,0,5,95.9,9.7,5,1.45
P-001435,2025-11-01,11,171.3,3.9,1,4,98.1,15.5,3,1.0
P-001435,2025-12-01,12,182.7,3.5,2,5,93.1,24.7,5,2.04
P-001436,2025-01-01,1,163.2,0.0,2,3,94.9,11.8,4,1.18
P-001436,2025-02-01,2,185.0,7.0,2,6,93.8,25.9,5,1.08
P-001436,2025-03-01,3,238.0,42.8,2,8,57.4,74.8,4,4.49
P-001436,2025-04-01,4,234.4,60.2,4,10,50.6,81.7,4,3.89
P-001436,2025-05-01,5,235.8,40.5,7,9,57.4,80.7,4,3.81
P-001436,2025-06-01,6,248.0,35.2,6,11,58.5,80.2,3,3.64
P-001436,2025-07-01,7,233.4,50.4,10,9,50.4,95.5,4,4.78
P-001436,2025-08-01,8,248.8,39.7,12,13,59.3,98.0,5,4.57
P-001436,2025-09-01,9,237.0,50.2,7,11,50.7,84.9,4,4.97
P-001436,2025-10-01,10,174.3,3.0,2,4,94.0,19.5,4,1.93
P-001436,2025-11-01,11,173.3,3.0,2,5,91.1,21.4,5,1.72
P-001436,2025-12-01,12,162.9,5.4,2,4,94.2,17.2,4,1.74
P-001437,2025-01-01,1,178.0,6.8,2,4,89.1,24.0,2,1.0
P-001437,2025-02-01,2,175.6,0.1,1,5,92.9,17.8,2,1.34
P-001437,2025-03-01,3,185.1,9.4,5,5,93.6,26.6,1,1.16
P-001437,2025-04-01,4,169.0,8.6,4,5,82.9,28.2,2,1.21
P-001437,2025-05-01,5,173.4,8.7,1,3,98.6,12.5,2,1.0
P-001437,2025-06-01,6,177.0,10.8,3,4,84.8,25.8,3,1.7
P-001437,2025-07-01,7,181.1,4.3,0,6,94.0,18.3,1,1.51
P-001437,2025-08-01,8,182.6,10.6,1,4,95.3,21.7,1,1.12
P-001437,2025-09-01,9,174.2,7.4,2,4,91.3,21.3,2,1.49
P-001437,2025-10-01,10,180.3,6.1,5,5,92.8,27.6,2,1.51
P-001437,2025-11-01,11,171.1,5.3,0,4,95.1,14.5,2,1.39
P-001437,2025-12-01,12,179.9,4.8,0,5,91.8,18.9,1,1.76
P-001438,2025-01-01,1,182.3,2.6,2,5,88.6,22.5,2,1.7
P-001438,2025-02-01,2,178.6,3.1,3,3,90.4,20.0,1,1.39
P-001438,2025-03-01,3,165.6,1.9,3,5,96.3,17.5,3,1.88
P-001438,2025-04-01,4,213.5,40.0,2,4,64.7,54.4,1,2.79
P-001438,2025-05-01,5,227.5,43.7,7,8,57.6,76.1,2,3.88
P-001438,2025-06-01,6,188.6,5.1,2,4,90.2,21.1,2,1.0
P-001438,2025-07-01,7,168.4,10.2,5,5,89.8,24.3,2,1.03
P-001438,2025-08-01,8,178.7,7.7,1,5,92.6,24.3,1,1.82
P-001438,2025-09-01,9,174.6,1.9,2,4,94.0,20.6,2,1.68
P-001438,2025-10-01,10,171.4,11.7,0,5,87.9,20.8,2,1.43
P-001438,2025-11-01,11,177.6,5.7,0,4,101.8,14.4,2,1.21
P-001438,2025-12-01,12,173.6,7.9,5,5,99.3,20.4,1,1.55
P-001439,2025-01-01,1,170.9,11.3,2,4,85.6,27.3,1,1.72
P-001439,2025-02-01,2,237.7,42.3,5,9,52.8,79.4,4,4.08
P-001439,2025-03-01,3,236.9,35.4,7,12,54.4,79.0,4,4.29
P-001439,2025-04-01,4,237.1,41.8,5,11,55.3,79.4,4,4.01
P-001439,2025-05-01,5,237.2,37.6,4,11,61.8,69.4,4,2.99
P-001439,2025-06-01,6,178.7,2.1,2,3,90.0,20.0,1,1.41
P-001439,2025-07-01,7,178.0,7.1,0,6,94.2,13.6,1,1.16
P-001439,2025-08-01,8,178.2,7.5,2,3,84.3,25.1,1,1.51
P-001439,2025-09-01,9,177.1,5.2,1,3,91.3,20.2,1,1.0
P-001439,2025-10-01,10,174.4,9.4,2,4,93.6,23.2,1,1.67
P-001439,2025-11-01,11,173.9,5.1,1,4,95.4,21.0,1,1.71
P-001439,2025-12-01,12,180.3,7.9,2,4,92.9,19.9,1,1.46
P-001440,2025-01-01,1,183.6,8.1,2,3,97.4,21.4,4,1.77
P-001440,2025-02-01,2,177.4,4.1,2,6,89.6,20.1,5,1.75
P-001440,2025-03-01,3,173.5,6.2,1,5,98.7,17.4,5,1.27
P-001440,2025-04-01,4,224.9,44.3,7,10,59.9,77.7,3,4.42
P-001440,2025-05-01,5,232.9,28.0,4,11,59.9,67.1,3,3.54
P-001440,2025-06-01,6,227.8,40.0,8,7,56.0,73.7,3,3.65
P-001440,2025-07-01,7,230.3,46.8,3,13,66.7,70.2,3,3.72
P-001440,2025-08-01,8,239.5,36.6,6,8,61.3,70.6,3,3.37
P-001440,2025-09-01,9,181.1,8.1,0,3,89.9,16.7,5,1.59
P-001440,2025-10-01,10,170.0,4.4,2,3,88.5,18.3,4,1.08
P-001440,2025-11-01,11,179.2,15.1,5,4,89.0,35.8,4,1.54
P-001440,2025-12-01,12,182.8,6.1,2,4,94.5,23.3,4,1.34
P-001441,2025-01-01,1,168.1,3.9,3,3,93.7,16.6,1,1.32
P-001441,2025-02-01,2,165.7,0.0,1,7,93.0,9.7,2,1.27
P-001441,2025-03-01,3,179.1,8.9,0,5,92.8,19.1,2,1.35
P-001441,2025-04-01,4,172.5,7.3,1,3,87.3,18.4,2,1.74
P-001441,2025-05-01,5,175.3,1.4,1,5,98.4,12.1,1,1.08
P-001441,2025-06-01,6,167.2,12.3,2,3,92.2,20.5,2,1.07
P-001441,2025-07-01,7,172.8,5.8,2,3,86.0,19.3,1,1.32
P-001441,2025-08-01,8,180.3,9.4,1,5,91.3,26.3,3,1.99
P-001441,2025-09-01,9,172.1,1.9,2,6,95.5,15.0,1,1.32
P-001441,2025-10-01,10,174.6,0.0,1,5,89.8,14.0,1,1.07
P-001441,2025-11-01,11,172.4,1.3,1,6,91.4,20.2,2,1.09
P-001441,2025-12-01,12,186.2,10.6,3,4,92.2,28.0,3,1.55
P-001442,2025-01-01,1,177.7,6.6,3,5,88.7,21.6,4,1.25
P-001442,2025-02-01,2,179.3,9.9,1,6,102.4,19.4,4,1.06
P-001442,2025-03-01,3,243.0,37.2,6,11,63.6,81.8,5,4.3
P-001442,2025-04-01,4,234.6,44.7,8,9,54.2,81.2,3,3.44
P-001442,2025-05-01,5,242.2,29.7,6,9,59.8,75.3,4,3.49
P-001442,2025-06-01,6,233.0,37.2,3,6,59.6,67.3,3,3.64
P-001442,2025-07-01,7,236.6,37.4,8,10,60.9,82.8,4,4.5
P-001442,2025-08-01,8,241.8,36.9,4,10,59.5,75.1,4,4.32
P-001442,2025-09-01,9,239.7,44.9,9,9,59.2,84.4,4,3.87
P-001442,2025-10-01,10,174.7,5.7,2,3,91.9,16.3,5,1.43
P-001442,2025-11-01,11,179.3,4.0,2,5,98.5,20.0,4,1.22
P-001442,2025-12-01,12,178.0,10.6,5,3,92.3,24.9,4,1.18
P-001443,2025-01-01,1,166.7,2.5,1,4,98.7,17.7,4,1.39
P-001443,2025-02-01,2,182.8,2.8,3,6,92.3,26.8,5,1.74
P-001443,2025-03-01,3,187.5,3.4,1,5,97.1,22.5,4,1.3
P-001443,2025-04-01,4,231.3,36.3,8,9,54.7,82.8,5,4.65
P-001443,2025-05-01,5,247.7,32.1,3,11,57.0,76.5,4,3.29
P-001443,2025-06-01,6,241.4,31.7,6,12,53.3,78.8,4,3.95
P-001443,2025-07-01,7,242.8,43.8,8,9,54.8,83.5,4,4.02
P-001443,2025-08-01,8,245.2,42.8,7,10,59.8,82.5,5,4.64
P-001443,2025-09-01,9,244.6,53.0,5,10,45.7,87.4,5,4.69
P-001443,2025-10-01,10,249.3,47.3,3,13,43.9,90.2,5,4.9
P-001443,2025-11-01,11,232.5,22.0,5,9,64.5,64.4,4,3.97
P-001443,2025-12-01,12,180.3,5.4,0,6,95.2,19.2,5,1.45
P-001444,2025-01-01,1,166.8,3.1,0,5,98.0,14.1,1,1.12
P-001444,2025-02-01,2,223.1,38.8,4,11,66.0,69.6,4,4.6
P-001444,2025-03-01,3,235.1,41.3,3,10,58.5,76.8,4,3.35
P-001444,2025-04-01,4,234.3,53.8,6,12,58.0,80.5,4,3.35
P-001444,2025-05-01,5,236.4,44.0,9,10,57.5,85.2,4,3.71
P-001444,2025-06-01,6,167.9,12.0,1,4,92.5,12.7,1,1.01
P-001444,2025-07-01,7,168.3,3.7,3,6,98.8,19.5,1,1.25
P-001444,2025-08-01,8,169.6,0.0,1,4,92.9,15.4,1,1.0
P-001444,2025-09-01,9,179.7,3.4,1,5,98.2,20.2,1,1.54
P-001444,2025-10-01,10,172.8,10.1,2,5,96.4,23.0,1,1.3
P-001444,2025-11-01,11,174.4,4.1,3,5,92.3,17.8,1,1.0
P-001444,2025-12-01,12,175.0,1.8,3,4,92.1,19.4,1,1.2
P-001445,2025-01-01,1,174.3,7.6,0,4,97.1,16.7,4,1.97
P-001445,2025-02-01,2,168.7,10.6,0,4,96.3,11.8,5,1.68
P-001445,2025-03-01,3,229.5,44.8,7,10,54.7,84.4,4,4.58
P-001445,2025-04-01,4,231.6,40.6,5,11,57.8,75.2,3,3.69
P-001445,2025-05-01,5,235.3,37.5,5,10,62.9,72.8,3,3.59
P-001445,2025-06-01,6,231.4,50.5,4,8,57.4,78.2,3,4.15
P-001445,2025-07-01,7,243.7,32.6,6,11,66.8,80.7,4,4.49
P-001445,2025-08-01,8,249.4,44.7,6,12,51.3,88.8,5,4.82
P-001445,2025-09-01,9,227.7,38.5,8,9,62.1,72.1,3,3.5
P-001445,2025-10-01,10,173.0,4.8,4,5,90.2,22.8,5,1.0
P-001445,2025-11-01,11,179.2,3.6,1,5,94.5,16.0,3,1.57
P-001445,2025-12-01,12,174.8,0.0,1,4,88.0,17.5,4,1.24
P-001446,2025-01-01,1,182.8,5.2,2,4,94.1,16.1,1,1.34
P-001446,2025-02-01,2,238.6,31.6,5,10,56.9,72.1,4,4.25
P-001446,2025-03-01,3,235.7,35.7,4,14,57.7,77.9,4,3.83
P-001446,2025-04-01,4,233.3,42.5,4,11,63.6,69.5,4,3.8
P-001446,2025-05-01,5,245.8,33.2,5,9,61.4,75.8,4,3.92
P-001446,2025-06-01,6,178.8,1.2,1,4,90.6,20.4,1,2.12
P-001446,2025-07-01,7,169.1,0.0,1,4,92.6,14.6,1,1.4
P-001446,2025-08-01,8,170.1,6.9,1,5,89.7,15.7,1,1.68
P-001446,2025-09-01,9,180.3,7.9,2,5,91.1,22.5,1,1.7
P-001446,2025-10-01,10,182.0,3.8,2,4,91.1,18.0,1,1.21
P-001446,2025-11-01,11,169.3,5.7,1,4,92.5,18.2,1,1.12
P-001446,2025-12-01,12,182.0,4.2,2,5,95.1,23.4,1,1.66
P-001447,2025-01-01,1,172.5,12.0,2,3,89.3,24.1,4,1.64
P-001447,2025-02-01,2,181.2,3.5,2,5,100.2,20.9,4,1.63
P-001447,2025-03-01,3,178.5,4.7,5,4,97.5,20.3,4,1.24
P-001447,2025-04-01,4,234.3,31.4,1,10,72.0,61.9,3,4.01
P-001447,2025-05-01,5,238.5,43.3,5,13,58.3,81.1,5,4.52
P-001447,2025-06-01,6,252.1,43.6,5,10,62.0,86.7,4,4.58
P-001447,2025-07-01,7,228.0,29.2,3,12,69.6,61.3,3,3.93
P-001447,2025-08-01,8,233.6,42.7,5,10,52.8,76.8,3,2.96
P-001447,2025-09-01,9,184.3,8.0,2,4,94.0,21.2,5,1.29
P-001447,2025-10-01,10,171.8,9.6,3,4,94.7,17.4,5,1.67
P-001447,2025-11-01,11,177.5,2.4,2,4,99.8,13.1,5,1.05
P-001447,2025-12-01,12,161.4,9.6,2,5,92.6,14.9,5,1.1
P-001448,2025-01-01,1,182.1,2.2,2,4,92.7,17.9,1,1.81
P-001448,2025-02-01,2,177.8,6.3,2,5,84.7,18.4,2,1.39
P-001448,2025-03-01,3,172.0,10.7,2,5,85.5,25.6,2,1.79
P-001448,2025-04-01,4,170.3,10.1,4,5,91.6,23.3,1,1.43
P-001448,2025-05-01,5,163.4,0.4,4,5,90.2,21.1,2,1.77
P-001448,2025-06-01,6,177.1,8.6,3,6,90.0,23.7,1,1.03
P-001448,2025-07-01,7,181.2,6.1,0,4,99.9,14.6,2,1.34
P-001448,2025-08-01,8,173.2,2.0,3,5,101.0,18.4,2,1.45
P-001448,2025-09-01,9,177.0,3.7,3,5,91.2,27.3,1,1.68
P-001448,2025-10-01,10,169.0,9.0,2,4,97.3,16.6,1,1.48
P-001448,2025-11-01,11,180.4,3.6,2,5,91.3,26.8,1,1.59
P-001448,2025-12-01,12,176.7,7.3,1,4,99.3,18.5,3,1.85
P-001449,2025-01-01,1,175.0,6.9,1,4,93.5,20.1,4,1.5
P-001449,2025-02-01,2,174.0,1.7,4,4,96.4,22.4,4,1.2
P-001449,2025-03-01,3,168.7,6.5,2,4,88.8,16.5,3,1.67
P-001449,2025-04-01,4,244.5,42.5,9,11,57.9,92.2,4,4.2
P-001449,2025-05-01,5,233.9,41.3,7,10,61.4,79.5,4,4.33
P-001449,2025-06-01,6,239.4,35.9,1,11,65.5,72.9,4,3.88
P-001449,2025-07-01,7,237.5,31.9,8,12,55.9,81.6,4,3.68
P-001449,2025-08-01,8,235.8,39.5,5,11,63.6,78.5,4,4.85
P-001449,2025-09-01,9,172.3,4.2,1,5,91.7,21.8,4,1.4
P-001449,2025-10-01,10,188.2,0.0,4,5,93.0,19.0,4,1.33
P-001449,2025-11-01,11,175.7,11.3,2,5,98.6,18.8,3,1.37
P-001449,2025-12-01,12,185.4,6.6,0,4,95.1,17.4,3,1.56
P-001450,2025-01-01,1,183.5,1.5,2,4,89.6,22.3,2,1.88
P-001450,2025-02-01,2,169.7,2.6,0,4,89.0,18.8,3,1.69
P-001450,2025-03-01,3,172.8,0.4,1,5,98.3,15.0,1,1.0
P-001450,2025-04-01,4,224.3,35.0,6,6,62.6,66.3,2,3.58
P-001450,2025-05-01,5,182.1,6.7,3,4,89.8,18.6,3,1.08
P-001450,2025-06-01,6,174.5,7.3,3,5,94.2,18.4,2,1.45
P-001450,2025-07-01,7,181.0,6.2,2,5,96.6,21.4,2,1.55
P-001450,2025-08-01,8,180.8,3.3,2,4,94.0,21.7,2,1.44
P-001450,2025-09-01,9,178.7,5.3,0,5,99.2,16.2,3,1.13
P-001450,2025-10-01,10,185.2,9.8,0,4,86.5,23.2,2,1.59
P-001450,2025-11-01,11,177.3,10.4,5,5,94.3,25.9,2,1.48
P-001450,2025-12-01,12,176.9,6.4,2,5,98.2,20.4,2,1.3
P-001451,2025-01-01,1,177.4,6.5,1,6,91.5,22.6,2,1.1
P-001451,2025-02-01,2,181.3,1.0,2,3,90.2,15.5,1,1.3
P-001451,2025-03-01,3,177.9,3.8,2,6,92.1,21.2,3,1.29
P-001451,2025-04-01,4,184.2,0.7,3,5,87.9,25.5,2,1.44
P-001451,2025-05-01,5,179.4,5.2,1,5,97.7,14.7,1,1.45
P-001451,2025-06-01,6,174.5,0.5,3,4,98.9,21.5,2,1.22
P-001451,2025-07-01,7,181.3,9.3,1,5,88.3,21.0,2,2.07
P-001451,2025-08-01,8,187.1,10.6,1,5,90.5,25.2,1,1.0
P-001451,2025-09-01,9,174.9,9.4,3,4,88.9,19.0,2,1.02
P-001451,2025-10-01,10,179.0,3.5,5,5,94.1,26.1,2,1.55
P-001451,2025-11-01,11,173.7,6.3,0,4,91.3,14.5,1,1.44
P-001451,2025-12-01,12,188.1,13.9,1,5,85.9,26.7,2,1.45
P-001452,2025-01-01,1,173.9,4.4,3,4,91.5,17.3,5,1.46
P-001452,2025-02-01,2,167.5,6.9,1,3,90.8,18.0,5,1.32
P-001452,2025-03-01,3,175.4,2.3,5,4,99.3,19.1,4,1.38
P-001452,2025-04-01,4,232.2,40.4,5,12,55.1,76.8,4,4.02
P-001452,2025-05-01,5,234.7,39.3,5,11,49.5,76.3,4,3.47
P-001452,2025-06-01,6,237.9,56.0,6,12,58.7,86.4,4,4.01
P-001452,2025-07-01,7,232.7,40.6,5,7,49.4,74.9,4,5.0
P-001452,2025-08-01,8,233.6,36.7,10,8,55.7,86.0,4,3.08
P-001452,2025-09-01,9,246.6,36.4,4,8,63.3,75.1,4,4.08
P-001452,2025-10-01,10,239.3,29.0,12,14,62.8,88.2,5,4.74
P-001452,2025-11-01,11,234.5,46.5,6,8,61.5,79.5,5,4.8
P-001452,2025-12-01,12,184.3,12.7,5,4,86.3,31.0,4,1.41
P-001453,2025-01-01,1,168.4,8.4,3,3,92.0,20.2,4,1.24
P-001453,2025-02-01,2,171.8,7.7,4,5,94.4,22.6,4,1.31
P-001453,2025-03-01,3,165.7,4.7,1,6,94.4,15.8,3,1.59
P-001453,2025-04-01,4,244.3,45.7,2,9,63.9,81.3,4,4.13
P-001453,2025-05-01,5,240.3,41.4,4,9,56.4,81.1,5,4.33
P-001453,2025-06-01,6,231.9,26.8,6,10,67.7,72.8,4,3.85
P-001453,2025-07-01,7,222.1,28.0,2,10,60.0,57.5,4,3.75
P-001453,2025-08-01,8,225.6,39.2,5,13,58.3,74.8,4,4.61
P-001453,2025-09-01,9,178.4,0.3,3,4,94.2,17.8,4,1.47
P-001453,2025-10-01,10,171.9,9.9,0,3,98.3,10.6,3,1.04
P-001453,2025-11-01,11,168.3,0.0,3,5,96.2,13.3,5,1.47
P-001453,2025-12-01,12,176.5,0.4,1,5,96.1,16.8,4,1.12
P-001454,2025-01-01,1,183.1,2.1,1,4,96.1,25.2,3,1.26
P-001454,2025-02-01,2,180.0,11.5,1,4,87.3,21.8,3,1.55
P-001454,2025-03-01,3,232.0,43.1,6,13,57.3,81.1,4,3.46
P-001454,2025-04-01,4,246.4,37.5,5,13,60.7,82.4,5,4.08
P-001454,2025-05-01,5,231.9,46.3,8,12,46.1,87.5,4,3.77
P-001454,2025-06-01,6,234.7,36.3,4,9,54.7,73.8,4,4.87
P-001454,2025-07-01,7,238.6,38.3,3,12,60.5,75.3,3,4.32
P-001454,2025-08-01,8,245.6,35.4,12,9,58.3,90.4,4,3.92
P-001454,2025-09-01,9,227.6,48.1,6,8,46.9,84.3,3,4.93
P-001454,2025-10-01,10,181.7,4.8,2,4,93.9,20.6,5,2.15
P-001454,2025-11-01,11,167.5,8.2,1,4,92.1,18.5,5,1.4
P-001454,2025-12-01,12,179.7,5.5,0,4,98.2,16.5,3,1.0
P-001455,2025-01-01,1,178.9,2.9,2,3,89.0,22.7,3,1.04
P-001455,2025-02-01,2,166.4,9.2,1,5,82.2,22.7,4,1.58
P-001455,2025-03-01,3,230.3,32.2,4,11,66.7,75.8,3,3.76
P-001455,2025-04-01,4,241.8,36.2,7,7,64.6,80.3,4,4.43
P-001455,2025-05-01,5,245.7,27.0,2,7,57.6,74.8,4,4.53
P-001455,2025-06-01,6,238.4,35.7,10,13,61.2,86.5,5,4.9
P-001455,2025-07-01,7,228.2,26.4,7,12,61.5,76.3,3,3.83
P-001455,2025-08-01,8,244.4,36.9,13,9,54.7,88.0,4,4.22
P-001455,2025-09-01,9,241.0,45.3,6,11,59.0,82.6,4,3.95
P-001455,2025-10-01,10,165.6,9.2,3,6,87.9,21.8,4,1.29
P-001455,2025-11-01,11,168.0,12.8,1,4,85.9,21.4,5,1.28
P-001455,2025-12-01,12,172.5,4.3,1,5,93.2,16.9,4,1.22
P-001456,2025-01-01,1,176.4,0.0,3,4,89.9,22.3,3,1.06
P-001456,2025-02-01,2,175.6,8.7,2,5,99.6,18.3,1,1.29
P-001456,2025-03-01,3,174.8,3.2,0,4,92.0,12.8,2,1.0
P-001456,2025-04-01,4,174.3,3.1,3,5,93.9,18.7,1,1.29
P-001456,2025-05-01,5,177.6,3.2,0,6,95.3,13.7,1,1.59
P-001456,2025-06-01,6,173.7,2.9,0,4,97.5,13.6,2,1.25
P-001456,2025-07-01,7,170.7,4.1,3,6,91.0,20.1,2,1.23
P-001456,2025-08-01,8,175.3,9.8,3,5,90.0,23.0,2,1.22
P-001456,2025-09-01,9,179.9,4.9,3,3,98.6,20.5,2,1.72
P-001456,2025-10-01,10,172.3,13.2,1,5,88.7,18.4,3,1.41
P-001456,2025-11-01,11,168.5,6.5,1,5,93.5,18.5,3,1.75
P-001456,2025-12-01,12,167.1,3.8,3,4,94.8,17.5,1,1.57
P-001457,2025-01-01,1,171.2,6.5,1,5,97.9,17.8,4,1.15
P-001457,2025-02-01,2,181.0,5.5,5,5,88.0,27.3,4,1.57
P-001457,2025-03-01,3,175.1,6.6,3,4,98.0,19.0,5,1.5
P-001457,2025-04-01,4,239.4,46.8,7,12,66.7,81.8,4,3.84
P-001457,2025-05-01,5,246.7,41.7,4,11,63.1,81.2,5,4.37
P-001457,2025-06-01,6,240.1,42.9,6,12,55.8,86.2,4,3.95
P-001457,2025-07-01,7,231.3,35.2,9,12,65.4,81.0,4,4.14
P-001457,2025-08-01,8,250.6,30.2,6,11,69.3,81.1,5,4.36
P-001457,2025-09-01,9,243.9,33.3,8,11,66.4,82.7,5,3.67
P-001457,2025-10-01,10,240.0,35.2,6,12,53.0,85.2,4,4.43
P-001457,2025-11-01,11,247.8,45.6,8,11,57.6,88.8,5,4.79
P-001457,2025-12-01,12,170.2,5.4,1,4,93.4,15.3,5,1.33
P-001458,2025-01-01,1,168.9,14.0,0,3,91.0,11.2,2,1.0
P-001458,2025-02-01,2,180.2,8.1,4,3,90.9,25.8,1,1.48
P-001458,2025-03-01,3,180.2,2.6,0,5,91.6,14.7,2,1.38
P-001458,2025-04-01,4,217.2,40.8,3,9,70.5,60.1,2,2.71
P-001458,2025-05-01,5,169.7,1.9,2,5,94.8,16.3,1,1.24
P-001458,2025-06-01,6,179.7,8.5,2,5,100.5,17.3,1,1.22
P-001458,2025-07-01,7,175.5,8.5,5,6,87.7,33.2,2,1.0
P-001458,2025-08-01,8,179.6,12.4,1,5,92.7,24.0,1,1.68
P-001458,2025-09-01,9,168.7,10.3,0,5,93.7,16.8,3,1.06
P-001458,2025-10-01,10,176.1,10.4,1,4,98.0,20.6,2,1.41
P-001458,2025-11-01,11,180.7,1.2,3,4,95.2,21.1,1,1.37
P-001458,2025-12-01,12,173.1,4.2,2,4,87.9,20.5,2,1.29
P-001459,2025-01-01,1,175.1,7.5,2,4,97.1,19.7,4,1.22
P-001459,2025-02-01,2,178.7,8.7,2,4,87.7,19.7,5,1.46
P-001459,2025-03-01,3,233.2,37.0,5,11,67.6,76.1,4,3.64
P-001459,2025-04-01,4,235.8,45.4,11,13,57.3,98.0,5,4.46
P-001459,2025-05-01,5,228.4,39.7,5,8,58.8,77.2,3,3.97
P-001459,2025-06-01,6,216.3,42.0,5,8,52.3,72.4,3,4.0
P-001459,2025-07-01,7,239.7,35.5,4,8,64.6,69.5,4,4.06
P-001459,2025-08-01,8,252.4,44.4,4,13,64.7,87.3,5,3.89
P-001459,2025-09-01,9,230.2,36.8,7,8,53.5,76.7,3,3.58
P-001459,2025-10-01,10,165.5,5.0,1,6,92.4,14.8,3,1.1
P-001459,2025-11-01,11,175.5,5.5,1,5,87.2,25.1,5,1.55
P-001459,2025-12-01,12,177.1,6.7,0,4,87.0,14.1,4,1.0
P-001460,2025-01-01,1,175.0,8.6,0,6,92.7,20.6,3,1.0
P-001460,2025-02-01,2,176.8,10.9,0,4,95.7,19.6,1,1.49
P-001460,2025-03-01,3,172.6,0.0,1,5,92.4,6.5,2,1.39
P-001460,2025-04-01,4,169.4,0.7,4,5,92.8,20.9,1,1.0
P-001460,2025-05-01,5,175.4,11.0,2,4,87.8,20.7,2,1.17
P-001460,2025-06-01,6,162.1,5.7,2,6,93.1,18.2,2,1.51
P-001460,2025-07-01,7,179.3,6.6,3,6,91.1,22.6,2,1.06
P-001460,2025-08-01,8,176.9,5.6,3,4,97.0,21.3,2,1.38
P-001460,2025-09-01,9,178.9,8.0,1,4,91.0,23.1,2,1.14
P-001460,2025-10-01,10,178.5,9.0,2,6,94.5,27.2,1,1.67
P-001460,2025-11-01,11,169.0,10.6,1,5,95.3,16.1,2,1.2
P-001460,2025-12-01,12,179.6,12.2,2,4,91.2,20.0,2,1.35
P-001461,2025-01-01,1,182.0,10.6,2,5,94.0,19.5,4,1.28
P-001461,2025-02-01,2,180.5,2.7,2,4,96.3,15.8,4,1.07
P-001461,2025-03-01,3,226.8,35.7,3,9,62.2,66.1,3,3.99
P-001461,2025-04-01,4,247.7,42.5,9,10,68.1,90.1,5,4.23
P-001461,2025-05-01,5,234.1,44.6,10,6,56.4,85.2,3,3.95
P-001461,2025-06-01,6,226.9,35.1,2,12,57.0,67.4,3,3.71
P-001461,2025-07-01,7,255.8,49.9,9,10,49.4,98.0,5,4.77
P-001461,2025-08-01,8,227.1,31.1,1,13,69.3,64.2,3,3.5
P-001461,2025-09-01,9,228.0,39.8,9,12,58.7,84.8,4,4.47
P-001461,2025-10-01,10,170.4,8.1,1,5,93.3,17.4,5,1.86
P-001461,2025-11-01,11,170.5,2.9,5,3,95.9,21.7,4,1.67
P-001461,2025-12-01,12,178.8,8.7,1,5,93.6,18.5,5,1.37
P-001462,2025-01-01,1,186.3,4.8,1,3,95.1,20.6,4,1.12
P-001462,2025-02-01,2,166.2,0.0,1,4,100.1,13.2,5,1.58
P-001462,2025-03-01,3,177.3,11.3,2,3,95.4,19.2,5,1.46
P-001462,2025-04-01,4,244.5,43.0,9,11,56.5,89.3,5,4.67
P-001462,2025-05-01,5,238.5,45.1,6,14,63.6,83.3,5,4.67
P-001462,2025-06-01,6,241.1,44.6,6,14,57.5,91.1,5,4.3
P-001462,2025-07-01,7,247.6,54.8,10,12,51.1,98.0,5,4.64
P-001462,2025-08-01,8,245.7,52.5,7,9,49.6,93.8,4,4.01
P-001462,2025-09-01,9,235.2,46.3,5,11,62.0,82.8,4,4.5
P-001462,2025-10-01,10,243.4,31.2,2,8,69.6,64.2,4,3.79
P-001462,2025-11-01,11,249.4,37.2,6,14,64.2,76.4,5,4.62
P-001462,2025-12-01,12,171.6,10.1,2,4,92.3,10.4,4,1.3
P-001463,2025-01-01,1,173.5,4.2,3,4,91.7,21.1,2,1.67
P-001463,2025-02-01,2,173.1,0.7,1,5,98.2,17.3,2,1.03
P-001463,2025-03-01,3,179.2,6.3,5,4,95.6,22.9,1,1.32
P-001463,2025-04-01,4,171.1,2.3,0,5,93.1,14.3,2,1.45
P-001463,2025-05-01,5,180.7,7.1,2,6,99.4,21.4,2,1.13
P-001463,2025-06-01,6,170.4,0.4,1,4,94.8,7.2,1,1.17
P-001463,2025-07-01,7,176.6,9.7,2,4,95.7,21.3,1,1.76
P-001463,2025-08-01,8,175.6,0.0,0,5,91.8,18.5,2,1.35
P-001463,2025-09-01,9,166.5,2.7,2,4,94.5,18.8,1,1.92
P-001463,2025-10-01,10,177.8,10.3,1,6,92.7,15.8,3,1.0
P-001463,2025-11-01,11,181.5,11.8,3,5,89.9,28.7,1,1.5
P-001463,2025-12-01,12,172.5,12.8,1,5,92.7,20.3,1,1.4
P-001464,2025-01-01,1,170.4,2.0,3,6,94.0,17.1,2,1.0
P-001464,2025-02-01,2,175.7,8.2,5,3,90.2,33.4,1,1.64
P-001464,2025-03-01,3,179.3,7.8,3,3,92.5,19.1,1,1.42
P-001464,2025-04-01,4,179.4,2.7,2,3,85.5,22.1,1,1.24
P-001464,2025-05-01,5,181.4,7.9,0,5,88.5,18.9,2,1.39
P-001464,2025-06-01,6,177.6,8.5,2,3,92.0,22.5,1,1.65
P-001464,2025-07-01,7,176.1,4.8,1,4,91.7,19.1,1,1.83
P-001464,2025-08-01,8,173.5,1.3,2,4,95.1,18.2,2,1.16
P-001464,2025-09-01,9,170.6,5.3,3,5,96.3,17.1,1,1.27
P-001464,2025-10-01,10,172.9,5.4,2,4,91.5,17.6,1,1.0
P-001464,2025-11-01,11,171.0,3.4,1,4,86.9,21.2,2,1.51
P-001464,2025-12-01,12,183.5,8.7,3,6,87.9,22.8,3,1.23
P-001465,2025-01-01,1,178.2,5.1,1,5,88.1,21.0,4,1.07
P-001465,2025-02-01,2,180.0,8.1,0,4,90.3,23.1,4,1.63
P-001465,2025-03-01,3,178.6,0.8,2,5,99.1,15.7,4,1.25
P-001465,2025-04-01,4,227.6,30.1,4,11,64.0,67.5,3,3.83
P-001465,2025-05-01,5,239.3,48.3,2,10,51.7,80.6,4,3.48
P-001465,2025-06-01,6,242.1,41.1,3,13,58.3,78.5,4,4.26
P-001465,2025-07-01,7,232.7,39.1,5,11,64.1,76.3,3,3.93
P-001465,2025-08-01,8,228.9,38.4,2,8,59.5,68.8,3,3.46
P-001465,2025-09-01,9,179.9,0.0,2,4,89.6,13.4,4,1.56
P-001465,2025-10-01,10,177.6,4.7,4,4,92.4,21.5,4,1.21
P-001465,2025-11-01,11,171.8,6.9,3,5,94.9,27.8,4,1.37
P-001465,2025-12-01,12,170.8,1.3,2,6,93.7,19.5,3,1.0
P-001466,2025-01-01,1,172.4,6.8,1,4,96.8,16.1,1,1.36
P-001466,2025-02-01,2,176.3,6.4,3,4,87.4,24.3,2,1.61
P-001466,2025-03-01,3,175.9,4.8,2,5,91.1,22.1,2,1.9
P-001466,2025-04-01,4,216.2,31.6,1,8,58.9,58.9,1,3.42
P-001466,2025-05-01,5,210.6,31.0,3,5,67.3,53.3,1,2.24
P-001466,2025-06-01,6,176.6,14.5,2,6,90.8,28.7,2,1.68
P-001466,2025-07-01,7,179.1,2.2,5,6,97.3,25.3,2,1.42
P-001466,2025-08-01,8,180.0,13.6,0,5,91.0,16.4,2,1.45
P-001466,2025-09-01,9,180.9,4.3,4,6,98.8,25.5,2,1.35
P-001466,2025-10-01,10,170.5,12.4,0,5,89.5,20.2,2,1.8
P-001466,2025-11-01,11,180.3,14.2,0,4,96.5,23.1,2,1.6
P-001466,2025-12-01,12,169.5,10.7,2,5,89.2,30.3,1,1.82
P-001467,2025-01-01,1,184.1,10.0,1,5,89.7,22.6,1,1.39
P-001467,2025-02-01,2,240.6,27.7,5,11,69.8,71.3,4,5.0
P-001467,2025-03-01,3,239.1,39.5,2,11,54.1,73.9,4,4.19
P-001467,2025-04-01,4,233.0,43.5,2,12,51.1,75.8,4,4.34
P-001467,2025-05-01,5,243.5,31.0,12,11,55.2,88.7,4,3.76
P-001467,2025-06-01,6,171.9,10.6,1,5,92.2,25.0,1,2.14
P-001467,2025-07-01,7,179.0,8.0,4,3,98.2,15.8,1,1.0
P-001467,2025-08-01,8,172.6,2.1,1,5,84.3,22.9,1,1.47
P-001467,2025-09-01,9,169.5,8.7,0,4,93.1,16.1,1,1.79
P-001467,2025-10-01,10,181.0,11.0,3,5,95.1,25.8,1,1.17
P-001467,2025-11-01,11,178.2,10.6,2,5,95.7,20.3,1,1.26
P-001467,2025-12-01,12,168.2,0.0,3,4,97.9,15.1,1,1.25
P-001468,2025-01-01,1,176.9,5.0,2,3,92.7,20.8,3,1.28
P-001468,2025-02-01,2,177.4,2.1,1,4,94.2,24.3,3,1.34
P-001468,2025-03-01,3,177.9,8.2,1,3,92.9,19.3,3,1.24
P-001468,2025-04-01,4,252.6,43.7,4,12,50.3,86.1,5,4.47
P-001468,2025-05-01,5,231.6,31.2,2,12,67.0,64.2,3,3.64
P-001468,2025-06-01,6,239.3,47.3,12,10,60.9,93.3,5,4.25
P-001468,2025-07-01,7,237.0,45.7,5,11,64.4,81.8,4,3.74
P-001468,2025-08-01,8,231.8,33.5,2,9,67.0,71.0,3,3.69
P-001468,2025-09-01,9,173.8,9.8,3,4,82.1,22.1,4,1.0
P-001468,2025-10-01,10,171.1,2.4,4,4,91.3,19.5,5,1.33
P-001468,2025-11-01,11,177.1,0.0,4,5,96.1,21.5,5,1.09
P-001468,2025-12-01,12,184.4,6.4,1,5,90.5,25.1,4,1.51
P-001469,2025-01-01,1,175.7,4.0,1,4,98.1,11.2,1,1.0
P-001469,2025-02-01,2,241.5,38.7,12,8,55.9,91.2,4,4.3
P-001469,2025-03-01,3,239.8,49.3,12,9,61.2,93.0,4,3.95
P-001469,2025-04-01,4,242.0,41.2,3,6,60.8,75.0,4,4.59
P-001469,2025-05-01,5,234.4,42.6,4,10,65.4,72.0,4,4.37
P-001469,2025-06-01,6,185.0,2.7,2,4,93.5,26.3,1,1.61
P-001469,2025-07-01,7,169.4,9.7,2,4,88.1,20.6,1,1.43
P-001469,2025-08-01,8,169.1,5.2,1,3,91.5,17.3,1,1.36
P-001469,2025-09-01,9,178.6,6.2,1,5,94.7,14.4,1,1.26
P-001469,2025-10-01,10,178.0,3.3,1,5,96.3,19.7,1,1.47
P-001469,2025-11-01,11,176.9,4.9,1,3,94.2,15.8,1,1.75
P-001469,2025-12-01,12,171.5,2.7,3,5,92.1,18.6,1,1.81
P-001470,2025-01-01,1,168.6,7.6,4,5,95.6,19.7,1,1.83
P-001470,2025-02-01,2,227.8,45.8,6,11,54.5,80.2,4,4.52
P-001470,2025-03-01,3,241.3,31.8,3,13,60.5,75.7,4,4.19
P-001470,2025-04-01,4,232.1,33.9,6,15,63.6,79.9,4,3.95
P-001470,2025-05-01,5,230.9,37.4,13,14,66.5,89.5,4,3.39
P-001470,2025-06-01,6,184.5,9.0,4,5,95.3,35.0,1,1.35
P-001470,2025-07-01,7,174.1,2.7,5,4,88.9,22.0,1,1.0
P-001470,2025-08-01,8,173.0,7.3,4,5,101.5,24.1,1,1.6
P-001470,2025-09-01,9,177.7,5.8,3,4,95.2,23.4,1,1.79
P-001470,2025-10-01,10,188.0,4.9,4,6,97.1,31.1,1,1.25
P-001470,2025-11-01,11,173.3,8.5,2,3,92.4,17.4,1,1.17
P-001470,2025-12-01,12,175.1,4.0,3,3,87.1,24.2,1,1.44
