personnel_id,leave_id,month_idx,date,leave_start_date,leave_end_date,duration_days,leave_type,days_since_previous_leave
P-000001,LV-0000001,2,2025-02-01,2025-02-11,2025-02-23,12,Casual,78
P-000001,LV-0000002,4,2025-04-01,2025-04-06,2025-04-18,12,Casual,60
P-000001,LV-0000003,8,2025-08-01,2025-08-09,2025-08-21,12,Annual,120
P-000002,LV-0000004,1,2025-01-01,2025-01-09,2025-01-17,8,Annual,65
P-000002,LV-0000005,7,2025-07-01,2025-07-09,2025-07-17,8,Casual,180
P-000002,LV-0000006,9,2025-09-01,2025-09-09,2025-09-19,10,Annual,60
P-000002,LV-0000007,11,2025-11-01,2025-11-11,2025-11-20,9,Annual,60
P-000003,LV-0000008,1,2025-01-01,2025-01-07,2025-01-19,12,Casual,66
P-000003,LV-0000009,9,2025-09-01,2025-09-06,2025-09-10,4,Casual,240
P-000003,LV-0000010,11,2025-11-01,2025-11-09,2025-11-22,13,Casual,60
P-000004,LV-0000011,3,2025-03-01,2025-03-07,2025-03-16,9,Annual,116
P-000004,LV-0000012,11,2025-11-01,2025-11-11,2025-11-23,12,Annual,240
P-000005,LV-0000013,3,2025-03-01,2025-03-11,2025-03-23,12,Casual,112
P-000005,LV-0000014,6,2025-06-01,2025-06-12,2025-06-25,13,Casual,90
P-000005,LV-0000015,10,2025-10-01,2025-10-09,2025-10-17,8,Annual,120
P-000005,LV-0000016,12,2025-12-01,2025-12-06,2025-12-19,13,Annual,60
P-000006,LV-0000017,3,2025-03-01,2025-03-08,2025-03-19,11,Annual,114
P-000006,LV-0000018,7,2025-07-01,2025-07-11,2025-07-22,11,Annual,120
P-000006,LV-0000019,11,2025-11-01,2025-11-07,2025-11-19,12,Annual,120
P-000007,LV-0000020,2,2025-02-01,2025-02-07,2025-02-16,9,Casual,83
P-000007,LV-0000021,4,2025-04-01,2025-04-08,2025-04-17,9,Annual,60
P-000007,LV-0000022,6,2025-06-01,2025-06-12,2025-06-24,12,Annual,60
P-000007,LV-0000023,8,2025-08-01,2025-08-07,2025-08-15,8,Annual,60
P-000007,LV-0000024,10,2025-10-01,2025-10-10,2025-10-18,8,Annual,60
P-000007,LV-0000025,12,2025-12-01,2025-12-08,2025-12-20,12,Annual,60
P-000008,LV-0000026,8,2025-08-01,2025-08-09,2025-08-15,6,Casual,267
P-000009,LV-0000027,2,2025-02-01,2025-02-09,2025-02-22,13,Annual,78
P-000009,LV-0000028,9,2025-09-01,2025-09-10,2025-09-19,9,Casual,210
P-000009,LV-0000029,11,2025-11-01,2025-11-10,2025-11-21,11,Annual,60
P-000010,LV-0000030,3,2025-03-01,2025-03-09,2025-03-14,5,Casual,130
P-000010,LV-0000031,10,2025-10-01,2025-10-07,2025-10-14,7,Annual,210
P-000010,LV-0000032,12,2025-12-01,2025-12-11,2025-12-20,9,Annual,60
P-000011,LV-0000033,1,2025-01-01,2025-01-07,2025-01-19,12,Casual,73
P-000011,LV-0000034,5,2025-05-01,2025-05-06,2025-05-13,7,Casual,120
P-000011,LV-0000035,7,2025-07-01,2025-07-06,2025-07-15,9,Annual,60
P-000011,LV-0000036,12,2025-12-01,2025-12-10,2025-12-17,7,Annual,150
P-000012,LV-0000037,1,2025-01-01,2025-01-09,2025-01-22,13,Casual,71
P-000012,LV-0000038,4,2025-04-01,2025-04-08,2025-04-16,8,Annual,90
P-000012,LV-0000039,6,2025-06-01,2025-06-07,2025-06-17,10,Casual,60
P-000012,LV-0000040,8,2025-08-01,2025-08-09,2025-08-16,7,Annual,60
P-000012,LV-0000041,10,2025-10-01,2025-10-08,2025-10-19,11,Annual,60
P-000012,LV-0000042,12,2025-12-01,2025-12-08,2025-12-18,10,Annual,60
P-000013,LV-0000043,9,2025-09-01,2025-09-09,2025-09-12,3,Casual,302
P-000014,LV-0000044,1,2025-01-01,2025-01-12,2025-01-21,9,Annual,71
P-000014,LV-0000045,4,2025-04-01,2025-04-11,2025-04-22,11,Annual,90
P-000014,LV-0000046,7,2025-07-01,2025-07-06,2025-07-13,7,Annual,90
P-000014,LV-0000047,9,2025-09-01,2025-09-09,2025-09-20,11,Annual,60
P-000015,LV-0000048,3,2025-03-01,2025-03-07,2025-03-20,13,Annual,144
P-000015,LV-0000049,5,2025-05-01,2025-05-06,2025-05-15,9,Annual,60
P-000015,LV-0000050,11,2025-11-01,2025-11-08,2025-11-15,7,Casual,180
P-000016,LV-0000051,1,2025-01-01,2025-01-09,2025-01-19,10,Annual,87
P-000016,LV-0000052,3,2025-03-01,2025-03-12,2025-03-24,12,Casual,60
P-000016,LV-0000053,12,2025-12-01,2025-12-12,2025-12-22,10,Annual,270
P-000017,LV-0000054,3,2025-03-01,2025-03-10,2025-03-23,13,Annual,126
P-000017,LV-0000055,6,2025-06-01,2025-06-08,2025-06-18,10,Medical/Authorized,90
P-000017,LV-0000056,12,2025-12-01,2025-12-12,2025-12-21,9,Casual,180
P-000018,LV-0000057,2,2025-02-01,2025-02-07,2025-02-18,11,Annual,96
P-000018,LV-0000058,11,2025-11-01,2025-11-09,2025-11-16,7,Annual,270
P-000019,LV-0000059,5,2025-05-01,2025-05-08,2025-05-18,10,Annual,177
P-000019,LV-0000060,7,2025-07-01,2025-07-08,2025-07-18,10,Annual,60
P-000019,LV-0000061,9,2025-09-01,2025-09-06,2025-09-18,12,Casual,60
P-000019,LV-0000062,11,2025-11-01,2025-11-06,2025-11-15,9,Annual,60
P-000020,LV-0000063,5,2025-05-01,2025-05-07,2025-05-20,13,Annual,178
P-000020,LV-0000064,7,2025-07-01,2025-07-09,2025-07-17,8,Annual,60
P-000020,LV-0000065,9,2025-09-01,2025-09-10,2025-09-18,8,Medical/Authorized,60
P-000020,LV-0000066,12,2025-12-01,2025-12-08,2025-12-21,13,Casual,90
P-000021,LV-0000067,2,2025-02-01,2025-02-11,2025-02-22,11,Medical/Authorized,79
P-000021,LV-0000068,7,2025-07-01,2025-07-06,2025-07-13,7,Casual,150
P-000021,LV-0000069,9,2025-09-01,2025-09-09,2025-09-22,13,Medical/Authorized,60
P-000021,LV-0000070,11,2025-11-01,2025-11-11,2025-11-22,11,Annual,60
P-000022,LV-0000071,8,2025-08-01,2025-08-10,2025-08-17,7,Medical/Authorized,292
P-000022,LV-0000072,10,2025-10-01,2025-10-07,2025-10-19,12,Annual,60
P-000022,LV-0000073,12,2025-12-01,2025-12-08,2025-12-16,8,Casual,60
P-000023,LV-0000074,3,2025-03-01,2025-03-07,2025-03-20,13,Casual,121
P-000023,LV-0000075,6,2025-06-01,2025-06-09,2025-06-19,10,Casual,90
P-000023,LV-0000076,8,2025-08-01,2025-08-12,2025-08-23,11,Casual,60
P-000023,LV-0000077,10,2025-10-01,2025-10-12,2025-10-21,9,Casual,60
P-000024,LV-0000078,2,2025-02-01,2025-02-08,2025-02-15,7,Annual,82
P-000024,LV-0000079,6,2025-06-01,2025-06-07,2025-06-17,10,Annual,120
P-000024,LV-0000080,8,2025-08-01,2025-08-11,2025-08-22,11,Casual,60
P-000024,LV-0000081,11,2025-11-01,2025-11-12,2025-11-24,12,Annual,90
P-000025,LV-0000082,2,2025-02-01,2025-02-06,2025-02-16,10,Casual,82
P-000025,LV-0000083,5,2025-05-01,2025-05-11,2025-05-22,11,Annual,90
P-000025,LV-0000084,11,2025-11-01,2025-11-11,2025-11-20,9,Annual,180
P-000026,LV-0000085,5,2025-05-01,2025-05-09,2025-05-12,3,Casual,190
P-000027,LV-0000086,3,2025-03-01,2025-03-12,2025-03-24,12,Annual,119
P-000027,LV-0000087,7,2025-07-01,2025-07-11,2025-07-19,8,Annual,120
P-000027,LV-0000088,9,2025-09-01,2025-09-06,2025-09-16,10,Annual,60
P-000027,LV-0000089,11,2025-11-01,2025-11-12,2025-11-25,13,Casual,60
P-000028,LV-0000090,2,2025-02-01,2025-02-06,2025-02-16,10,Casual,106
P-000028,LV-0000091,7,2025-07-01,2025-07-11,2025-07-15,4,Casual,150
P-000028,LV-0000092,12,2025-12-01,2025-12-06,2025-12-14,8,Annual,150
P-000029,LV-0000093,5,2025-05-01,2025-05-12,2025-05-16,4,Casual,179
P-000029,LV-0000094,10,2025-10-01,2025-10-10,2025-10-17,7,Annual,150
P-000030,LV-0000095,1,2025-01-01,2025-01-12,2025-01-22,10,Casual,74
P-000030,LV-0000096,3,2025-03-01,2025-03-11,2025-03-21,10,Medical/Authorized,60
P-000030,LV-0000097,5,2025-05-01,2025-05-09,2025-05-22,13,Annual,60
P-000030,LV-0000098,7,2025-07-01,2025-07-09,2025-07-18,9,Casual,60
P-000030,LV-0000099,9,2025-09-01,2025-09-09,2025-09-16,7,Annual,60
P-000031,LV-0000100,1,2025-01-01,2025-01-10,2025-01-21,11,Casual,69
P-000031,LV-0000101,9,2025-09-01,2025-09-07,2025-09-17,10,Medical/Authorized,240
P-000031,LV-0000102,12,2025-12-01,2025-12-07,2025-12-15,8,Annual,90
P-000032,LV-0000103,3,2025-03-01,2025-03-07,2025-03-14,7,Annual,144
P-000032,LV-0000104,6,2025-06-01,2025-06-06,2025-06-13,7,Annual,90
P-000032,LV-0000105,9,2025-09-01,2025-09-06,2025-09-16,10,Medical/Authorized,90
P-000032,LV-0000106,11,2025-11-01,2025-11-07,2025-11-16,9,Annual,60
P-000033,LV-0000107,5,2025-05-01,2025-05-11,2025-05-24,13,Annual,177
P-000033,LV-0000108,7,2025-07-01,2025-07-12,2025-07-20,8,Casual,60
P-000033,LV-0000109,10,2025-10-01,2025-10-10,2025-10-20,10,Casual,90
P-000034,LV-0000110,5,2025-05-01,2025-05-10,2025-05-18,8,Annual,203
P-000034,LV-0000111,6,2025-06-01,2025-06-11,2025-06-27,16,Recovery,30
P-000034,LV-0000112,8,2025-08-01,2025-08-12,2025-08-20,8,Annual,60
P-000035,LV-0000113,4,2025-04-01,2025-04-11,2025-04-22,11,Casual,176
P-000035,LV-0000114,6,2025-06-01,2025-06-07,2025-06-20,13,Annual,60
P-000035,LV-0000115,8,2025-08-01,2025-08-12,2025-08-19,7,Annual,60
P-000035,LV-0000116,11,2025-11-01,2025-11-08,2025-11-18,10,Annual,90
P-000036,LV-0000117,6,2025-06-01,2025-06-09,2025-06-14,5,Casual,210
P-000036,LV-0000118,12,2025-12-01,2025-12-12,2025-12-16,4,Casual,180
P-000037,LV-0000119,5,2025-05-01,2025-05-09,2025-05-21,12,Casual,209
P-000037,LV-0000120,7,2025-07-01,2025-07-11,2025-07-21,10,Annual,60
P-000037,LV-0000121,10,2025-10-01,2025-10-10,2025-10-20,10,Annual,90
P-000038,LV-0000122,1,2025-01-01,2025-01-09,2025-01-20,11,Casual,83
P-000038,LV-0000123,3,2025-03-01,2025-03-07,2025-03-16,9,Annual,60
P-000038,LV-0000124,5,2025-05-01,2025-05-10,2025-05-20,10,Annual,60
P-000038,LV-0000125,7,2025-07-01,2025-07-11,2025-07-23,12,Annual,60
P-000038,LV-0000126,11,2025-11-01,2025-11-06,2025-11-18,12,Casual,120
P-000039,LV-0000127,1,2025-01-01,2025-01-11,2025-01-19,8,Medical/Authorized,79
P-000039,LV-0000128,6,2025-06-01,2025-06-10,2025-06-16,6,Casual,150
P-000039,LV-0000129,12,2025-12-01,2025-12-07,2025-12-14,7,Annual,180
P-000040,LV-0000130,1,2025-01-01,2025-01-09,2025-01-22,13,Casual,60
P-000040,LV-0000131,3,2025-03-01,2025-03-09,2025-03-17,8,Casual,60
P-000040,LV-0000132,6,2025-06-01,2025-06-08,2025-06-18,10,Casual,90
P-000040,LV-0000133,10,2025-10-01,2025-10-09,2025-10-18,9,Annual,120
P-000040,LV-0000134,12,2025-12-01,2025-12-09,2025-12-18,9,Annual,60
P-000041,LV-0000135,2,2025-02-01,2025-02-08,2025-02-16,8,Annual,118
P-000041,LV-0000136,6,2025-06-01,2025-06-07,2025-06-16,9,Annual,120
P-000041,LV-0000137,8,2025-08-01,2025-08-06,2025-08-17,11,Annual,60
P-000041,LV-0000138,10,2025-10-01,2025-10-12,2025-10-25,13,Medical/Authorized,60
P-000041,LV-0000139,12,2025-12-01,2025-12-09,2025-12-20,11,Annual,60
P-000042,LV-0000140,1,2025-01-01,2025-01-11,2025-01-24,13,Casual,89
P-000042,LV-0000141,3,2025-03-01,2025-03-08,2025-03-19,11,Casual,60
P-000042,LV-0000142,6,2025-06-01,2025-06-11,2025-06-18,7,Annual,90
P-000042,LV-0000143,8,2025-08-01,2025-08-06,2025-08-13,7,Medical/Authorized,60
P-000042,LV-0000144,10,2025-10-01,2025-10-09,2025-10-17,8,Casual,60
P-000042,LV-0000145,12,2025-12-01,2025-12-06,2025-12-13,7,Annual,60
P-000043,LV-0000146,3,2025-03-01,2025-03-09,2025-03-21,12,Casual,117
P-000043,LV-0000147,6,2025-06-01,2025-06-12,2025-06-23,11,Annual,90
P-000043,LV-0000148,8,2025-08-01,2025-08-07,2025-08-20,13,Annual,60
P-000043,LV-0000149,11,2025-11-01,2025-11-07,2025-11-18,11,Casual,90
P-000044,LV-0000150,4,2025-04-01,2025-04-12,2025-04-22,10,Medical/Authorized,160
P-000044,LV-0000151,6,2025-06-01,2025-06-09,2025-06-23,14,Recovery,60
P-000044,LV-0000152,9,2025-09-01,2025-09-06,2025-09-15,9,Casual,90
P-000044,LV-0000153,12,2025-12-01,2025-12-10,2025-12-18,8,Annual,90
P-000045,LV-0000154,2,2025-02-01,2025-02-11,2025-02-24,13,Annual,80
P-000045,LV-0000155,5,2025-05-01,2025-05-09,2025-05-17,8,Annual,90
P-000045,LV-0000156,8,2025-08-01,2025-08-12,2025-08-23,11,Casual,90
P-000045,LV-0000157,10,2025-10-01,2025-10-08,2025-10-17,9,Annual,60
P-000046,LV-0000158,4,2025-04-01,2025-04-07,2025-04-14,7,Casual,141
P-000046,LV-0000159,9,2025-09-01,2025-09-12,2025-09-16,4,Casual,150
P-000046,LV-0000160,12,2025-12-01,2025-12-07,2025-12-15,8,Casual,90
P-000047,LV-0000161,3,2025-03-01,2025-03-07,2025-03-16,9,Annual,119
P-000047,LV-0000162,7,2025-07-01,2025-07-10,2025-07-17,7,Annual,120
P-000047,LV-0000163,10,2025-10-01,2025-10-07,2025-10-17,10,Annual,90
P-000048,LV-0000164,1,2025-01-01,2025-01-07,2025-01-18,11,Annual,82
P-000048,LV-0000165,3,2025-03-01,2025-03-10,2025-03-22,12,Casual,60
P-000048,LV-0000166,8,2025-08-01,2025-08-09,2025-08-14,5,Casual,150
P-000048,LV-0000167,12,2025-12-01,2025-12-09,2025-12-16,7,Casual,120
P-000049,LV-0000168,1,2025-01-01,2025-01-07,2025-01-15,8,Annual,74
P-000049,LV-0000169,3,2025-03-01,2025-03-12,2025-03-19,7,Medical/Authorized,60
P-000049,LV-0000170,10,2025-10-01,2025-10-10,2025-10-22,12,Casual,210
P-000049,LV-0000171,12,2025-12-01,2025-12-07,2025-12-14,7,Annual,60
P-000050,LV-0000172,3,2025-03-01,2025-03-08,2025-03-15,7,Casual,106
P-000050,LV-0000173,7,2025-07-01,2025-07-11,2025-07-21,10,Annual,120
P-000051,LV-0000174,4,2025-04-01,2025-04-07,2025-04-19,12,Casual,169
P-000051,LV-0000175,6,2025-06-01,2025-06-09,2025-06-20,11,Annual,60
P-000051,LV-0000176,8,2025-08-01,2025-08-08,2025-08-16,8,Annual,60
P-000051,LV-0000177,11,2025-11-01,2025-11-11,2025-11-23,12,Annual,90
P-000052,LV-0000178,12,2025-12-01,2025-12-06,2025-12-09,3,Casual,387
P-000053,LV-0000179,3,2025-03-01,2025-03-10,2025-03-17,7,Casual,120
P-000053,LV-0000180,6,2025-06-01,2025-06-10,2025-06-25,15,Recovery,90
P-000053,LV-0000181,9,2025-09-01,2025-09-11,2025-09-21,10,Medical/Authorized,90
P-000053,LV-0000182,11,2025-11-01,2025-11-11,2025-11-22,11,Annual,60
P-000054,LV-0000183,2,2025-02-01,2025-02-08,2025-02-19,11,Annual,87
P-000054,LV-0000184,4,2025-04-01,2025-04-07,2025-04-17,10,Casual,60
P-000054,LV-0000185,6,2025-06-01,2025-06-08,2025-06-22,14,Recovery,60
P-000054,LV-0000186,12,2025-12-01,2025-12-09,2025-12-20,11,Medical/Authorized,180
P-000055,LV-0000187,2,2025-02-01,2025-02-10,2025-02-20,10,Casual,80
P-000055,LV-0000188,9,2025-09-01,2025-09-06,2025-09-13,7,Annual,210
P-000055,LV-0000189,12,2025-12-01,2025-12-06,2025-12-13,7,Medical/Authorized,90
P-000056,LV-0000190,5,2025-05-01,2025-05-11,2025-05-22,11,Casual,209
P-000056,LV-0000191,6,2025-06-01,2025-06-11,2025-06-24,13,Recovery,30
P-000056,LV-0000192,9,2025-09-01,2025-09-11,2025-09-24,13,Casual,90
P-000056,LV-0000193,12,2025-12-01,2025-12-12,2025-12-23,11,Medical/Authorized,90
P-000057,LV-0000194,1,2025-01-01,2025-01-08,2025-01-15,7,Casual,61
P-000057,LV-0000195,3,2025-03-01,2025-03-11,2025-03-20,9,Casual,60
P-000057,LV-0000196,8,2025-08-01,2025-08-10,2025-08-19,9,Casual,150
P-000057,LV-0000197,10,2025-10-01,2025-10-08,2025-10-21,13,Annual,60
P-000057,LV-0000198,12,2025-12-01,2025-12-08,2025-12-16,8,Medical/Authorized,60
P-000058,LV-0000199,1,2025-01-01,2025-01-11,2025-01-20,9,Casual,67
P-000058,LV-0000200,7,2025-07-01,2025-07-09,2025-07-20,11,Annual,180
P-000058,LV-0000201,9,2025-09-01,2025-09-07,2025-09-19,12,Medical/Authorized,60
P-000059,LV-0000202,1,2025-01-01,2025-01-06,2025-01-14,8,Casual,82
P-000059,LV-0000203,5,2025-05-01,2025-05-12,2025-05-20,8,Annual,120
P-000059,LV-0000204,8,2025-08-01,2025-08-07,2025-08-18,11,Medical/Authorized,90
P-000059,LV-0000205,10,2025-10-01,2025-10-10,2025-10-18,8,Casual,60
P-000059,LV-0000206,12,2025-12-01,2025-12-10,2025-12-19,9,Annual,60
P-000060,LV-0000207,4,2025-04-01,2025-04-09,2025-04-19,10,Annual,168
P-000060,LV-0000208,10,2025-10-01,2025-10-12,2025-10-23,11,Annual,180
P-000060,LV-0000209,12,2025-12-01,2025-12-08,2025-12-17,9,Annual,60
P-000061,LV-0000210,1,2025-01-01,2025-01-07,2025-01-20,13,Annual,81
P-000061,LV-0000211,4,2025-04-01,2025-04-11,2025-04-19,8,Annual,90
P-000061,LV-0000212,10,2025-10-01,2025-10-11,2025-10-20,9,Medical/Authorized,180
P-000061,LV-0000213,12,2025-12-01,2025-12-07,2025-12-16,9,Annual,60
P-000062,LV-0000214,4,2025-04-01,2025-04-09,2025-04-22,13,Annual,141
P-000062,LV-0000215,7,2025-07-01,2025-07-12,2025-07-22,10,Annual,90
P-000062,LV-0000216,9,2025-09-01,2025-09-10,2025-09-20,10,Casual,60
P-000062,LV-0000217,12,2025-12-01,2025-12-06,2025-12-14,8,Medical/Authorized,90
P-000063,LV-0000218,4,2025-04-01,2025-04-10,2025-04-16,6,Casual,170
P-000063,LV-0000219,11,2025-11-01,2025-11-08,2025-11-14,6,Casual,210
P-000064,LV-0000220,3,2025-03-01,2025-03-08,2025-03-21,13,Medical/Authorized,105
P-000064,LV-0000221,9,2025-09-01,2025-09-07,2025-09-18,11,Annual,180
P-000065,LV-0000222,1,2025-01-01,2025-01-12,2025-01-19,7,Annual,85
P-000065,LV-0000223,5,2025-05-01,2025-05-06,2025-05-14,8,Annual,120
P-000065,LV-0000224,8,2025-08-01,2025-08-08,2025-08-15,7,Annual,90
P-000065,LV-0000225,10,2025-10-01,2025-10-08,2025-10-21,13,Casual,60
P-000065,LV-0000226,12,2025-12-01,2025-12-10,2025-12-19,9,Medical/Authorized,60
P-000066,LV-0000227,2,2025-02-01,2025-02-09,2025-02-22,13,Casual,91
P-000066,LV-0000228,10,2025-10-01,2025-10-07,2025-10-17,10,Annual,240
P-000066,LV-0000229,12,2025-12-01,2025-12-08,2025-12-17,9,Annual,60
P-000067,LV-0000230,1,2025-01-01,2025-01-10,2025-01-22,12,Casual,60
P-000067,LV-0000231,3,2025-03-01,2025-03-09,2025-03-20,11,Casual,60
P-000067,LV-0000232,6,2025-06-01,2025-06-11,2025-06-23,12,Casual,90
P-000067,LV-0000233,8,2025-08-01,2025-08-12,2025-08-25,13,Casual,60
P-000067,LV-0000234,12,2025-12-01,2025-12-12,2025-12-21,9,Annual,120
P-000068,LV-0000235,5,2025-05-01,2025-05-08,2025-05-11,3,Casual,207
P-000068,LV-0000236,11,2025-11-01,2025-11-10,2025-11-15,5,Casual,180
P-000069,LV-0000237,2,2025-02-01,2025-02-07,2025-02-19,12,Casual,83
P-000069,LV-0000238,6,2025-06-01,2025-06-06,2025-06-17,11,Annual,120
P-000069,LV-0000239,8,2025-08-01,2025-08-12,2025-08-24,12,Medical/Authorized,60
P-000069,LV-0000240,10,2025-10-01,2025-10-06,2025-10-17,11,Casual,60
P-000070,LV-0000241,1,2025-01-01,2025-01-09,2025-01-17,8,Casual,87
P-000070,LV-0000242,3,2025-03-01,2025-03-10,2025-03-23,13,Medical/Authorized,60
P-000070,LV-0000243,5,2025-05-01,2025-05-10,2025-05-19,9,Annual,60
P-000070,LV-0000244,11,2025-11-01,2025-11-11,2025-11-20,9,Casual,180
P-000071,LV-0000245,5,2025-05-01,2025-05-09,2025-05-13,4,Casual,165
P-000072,LV-0000246,3,2025-03-01,2025-03-07,2025-03-16,9,Casual,130
P-000072,LV-0000247,5,2025-05-01,2025-05-10,2025-05-22,12,Casual,60
P-000072,LV-0000248,7,2025-07-01,2025-07-08,2025-07-18,10,Casual,60
P-000072,LV-0000249,9,2025-09-01,2025-09-12,2025-09-25,13,Annual,60
P-000072,LV-0000250,12,2025-12-01,2025-12-10,2025-12-20,10,Casual,90
P-000073,LV-0000251,3,2025-03-01,2025-03-12,2025-03-20,8,Casual,107
P-000073,LV-0000252,5,2025-05-01,2025-05-10,2025-05-17,7,Casual,60
P-000073,LV-0000253,7,2025-07-01,2025-07-12,2025-07-20,8,Annual,60
P-000073,LV-0000254,10,2025-10-01,2025-10-11,2025-10-20,9,Annual,90
P-000074,LV-0000255,6,2025-06-01,2025-06-07,2025-06-12,5,Casual,196
P-000075,LV-0000256,2,2025-02-01,2025-02-08,2025-02-18,10,Casual,104
P-000075,LV-0000257,8,2025-08-01,2025-08-12,2025-08-17,5,Casual,180
P-000075,LV-0000258,10,2025-10-01,2025-10-06,2025-10-17,11,Annual,60
P-000076,LV-0000259,1,2025-01-01,2025-01-11,2025-01-23,12,Casual,88
P-000076,LV-0000260,10,2025-10-01,2025-10-09,2025-10-18,9,Casual,270
P-000077,LV-0000261,5,2025-05-01,2025-05-10,2025-05-16,6,Casual,187
P-000077,LV-0000262,12,2025-12-01,2025-12-06,2025-12-12,6,Casual,210
P-000078,LV-0000263,1,2025-01-01,2025-01-08,2025-01-17,9,Medical/Authorized,85
P-000078,LV-0000264,5,2025-05-01,2025-05-07,2025-05-18,11,Annual,120
P-000078,LV-0000265,9,2025-09-01,2025-09-11,2025-09-18,7,Annual,120
P-000078,LV-0000266,11,2025-11-01,2025-11-09,2025-11-22,13,Casual,60
P-000079,LV-0000267,2,2025-02-01,2025-02-10,2025-02-19,9,Annual,88
P-000079,LV-0000268,4,2025-04-01,2025-04-12,2025-04-23,11,Annual,60
P-000079,LV-0000269,6,2025-06-01,2025-06-07,2025-06-16,9,Casual,60
P-000079,LV-0000270,9,2025-09-01,2025-09-09,2025-09-16,7,Annual,90
P-000080,LV-0000271,3,2025-03-01,2025-03-09,2025-03-20,11,Annual,124
P-000080,LV-0000272,5,2025-05-01,2025-05-12,2025-05-25,13,Annual,60
P-000080,LV-0000273,9,2025-09-01,2025-09-08,2025-09-20,12,Annual,120
P-000080,LV-0000274,11,2025-11-01,2025-11-12,2025-11-22,10,Annual,60
P-000081,LV-0000275,7,2025-07-01,2025-07-10,2025-07-13,3,Casual,225
P-000082,LV-0000276,2,2025-02-01,2025-02-10,2025-02-19,9,Casual,92
P-000082,LV-0000277,11,2025-11-01,2025-11-09,2025-11-17,8,Casual,270
P-000083,LV-0000278,1,2025-01-01,2025-01-12,2025-01-24,12,Annual,84
P-000083,LV-0000279,7,2025-07-01,2025-07-10,2025-07-19,9,Annual,180
P-000083,LV-0000280,9,2025-09-01,2025-09-09,2025-09-22,13,Casual,60
P-000083,LV-0000281,12,2025-12-01,2025-12-11,2025-12-23,12,Annual,90
P-000084,LV-0000282,2,2025-02-01,2025-02-09,2025-02-17,8,Annual,117
P-000084,LV-0000283,4,2025-04-01,2025-04-10,2025-04-22,12,Annual,60
P-000084,LV-0000284,8,2025-08-01,2025-08-09,2025-08-19,10,Medical/Authorized,120
P-000084,LV-0000285,11,2025-11-01,2025-11-06,2025-11-17,11,Casual,90
P-000085,LV-0000286,2,2025-02-01,2025-02-10,2025-02-23,13,Annual,114
P-000085,LV-0000287,4,2025-04-01,2025-04-09,2025-04-20,11,Annual,60
P-000085,LV-0000288,7,2025-07-01,2025-07-09,2025-07-22,13,Annual,90
P-000085,LV-0000289,10,2025-10-01,2025-10-09,2025-10-22,13,Annual,90
P-000086,LV-0000290,2,2025-02-01,2025-02-06,2025-02-14,8,Casual,105
P-000086,LV-0000291,6,2025-06-01,2025-06-11,2025-06-24,13,Annual,120
P-000086,LV-0000292,8,2025-08-01,2025-08-07,2025-08-18,11,Casual,60
P-000086,LV-0000293,11,2025-11-01,2025-11-06,2025-11-18,12,Annual,90
P-000087,LV-0000294,1,2025-01-01,2025-01-07,2025-01-18,11,Annual,70
P-000087,LV-0000295,6,2025-06-01,2025-06-07,2025-06-11,4,Casual,150
P-000087,LV-0000296,11,2025-11-01,2025-11-06,2025-11-16,10,Casual,150
P-000088,LV-0000297,2,2025-02-01,2025-02-08,2025-02-19,11,Annual,77
P-000088,LV-0000298,8,2025-08-01,2025-08-08,2025-08-13,5,Casual,180
P-000088,LV-0000299,10,2025-10-01,2025-10-08,2025-10-18,10,Annual,60
P-000088,LV-0000300,12,2025-12-01,2025-12-08,2025-12-18,10,Casual,60
P-000089,LV-0000301,3,2025-03-01,2025-03-11,2025-03-24,13,Annual,128
P-000089,LV-0000302,6,2025-06-01,2025-06-08,2025-06-20,12,Recovery,90
P-000089,LV-0000303,8,2025-08-01,2025-08-07,2025-08-19,12,Medical/Authorized,60
P-000089,LV-0000304,10,2025-10-01,2025-10-11,2025-10-21,10,Casual,60
P-000089,LV-0000305,12,2025-12-01,2025-12-11,2025-12-19,8,Annual,60
P-000090,LV-0000306,5,2025-05-01,2025-05-06,2025-05-14,8,Annual,192
P-000090,LV-0000307,11,2025-11-01,2025-11-09,2025-11-22,13,Annual,180
P-000091,LV-0000308,1,2025-01-01,2025-01-08,2025-01-16,8,Casual,70
P-000091,LV-0000309,4,2025-04-01,2025-04-09,2025-04-19,10,Annual,90
P-000091,LV-0000310,6,2025-06-01,2025-06-11,2025-06-20,9,Annual,60
P-000091,LV-0000311,10,2025-10-01,2025-10-07,2025-10-20,13,Annual,120
P-000092,LV-0000312,1,2025-01-01,2025-01-12,2025-01-22,10,Casual,72
P-000092,LV-0000313,10,2025-10-01,2025-10-09,2025-10-22,13,Casual,270
P-000092,LV-0000314,12,2025-12-01,2025-12-07,2025-12-17,10,Annual,60
P-000093,LV-0000315,2,2025-02-01,2025-02-10,2025-02-22,12,Annual,78
P-000093,LV-0000316,10,2025-10-01,2025-10-06,2025-10-17,11,Casual,240
P-000094,LV-0000317,5,2025-05-01,2025-05-12,2025-05-19,7,Casual,186
P-000094,LV-0000318,12,2025-12-01,2025-12-11,2025-12-23,12,Casual,210
P-000095,LV-0000319,4,2025-04-01,2025-04-07,2025-04-13,6,Casual,162
P-000095,LV-0000320,10,2025-10-01,2025-10-08,2025-10-14,6,Casual,180
P-000096,LV-0000321,2,2025-02-01,2025-02-10,2025-02-19,9,Annual,116
P-000096,LV-0000322,8,2025-08-01,2025-08-07,2025-08-14,7,Annual,180
P-000096,LV-0000323,10,2025-10-01,2025-10-12,2025-10-22,10,Annual,60
P-000097,LV-0000324,2,2025-02-01,2025-02-10,2025-02-17,7,Casual,101
P-000097,LV-0000325,11,2025-11-01,2025-11-11,2025-11-21,10,Casual,270
P-000098,LV-0000326,2,2025-02-01,2025-02-06,2025-02-17,11,Medical/Authorized,100
P-000098,LV-0000327,4,2025-04-01,2025-04-11,2025-04-19,8,Annual,60
P-000098,LV-0000328,7,2025-07-01,2025-07-12,2025-07-25,13,Annual,90
P-000098,LV-0000329,11,2025-11-01,2025-11-08,2025-11-18,10,Casual,120
P-000099,LV-0000330,5,2025-05-01,2025-05-10,2025-05-17,7,Annual,185
P-000099,LV-0000331,9,2025-09-01,2025-09-12,2025-09-23,11,Medical/Authorized,120
P-000099,LV-0000332,12,2025-12-01,2025-12-12,2025-12-25,13,Casual,90
P-000100,LV-0000333,4,2025-04-01,2025-04-09,2025-04-16,7,Casual,149
P-000100,LV-0000334,7,2025-07-01,2025-07-08,2025-07-15,7,Annual,90
P-000100,LV-0000335,11,2025-11-01,2025-11-06,2025-11-16,10,Casual,120
P-000101,LV-0000336,5,2025-05-01,2025-05-08,2025-05-17,9,Annual,183
P-000101,LV-0000337,7,2025-07-01,2025-07-06,2025-07-14,8,Annual,60
P-000101,LV-0000338,10,2025-10-01,2025-10-11,2025-10-18,7,Casual,90
P-000102,LV-0000339,8,2025-08-01,2025-08-09,2025-08-16,7,Casual,283
P-000102,LV-0000340,10,2025-10-01,2025-10-08,2025-10-16,8,Casual,60
P-000103,LV-0000341,2,2025-02-01,2025-02-09,2025-02-16,7,Casual,81
P-000103,LV-0000342,6,2025-06-01,2025-06-12,2025-06-19,7,Annual,120
P-000103,LV-0000343,9,2025-09-01,2025-09-10,2025-09-23,13,Annual,90
P-000103,LV-0000344,11,2025-11-01,2025-11-11,2025-11-23,12,Annual,60
P-000104,LV-0000345,3,2025-03-01,2025-03-07,2025-03-16,9,Medical/Authorized,109
P-000104,LV-0000346,9,2025-09-01,2025-09-11,2025-09-23,12,Annual,180
P-000104,LV-0000347,11,2025-11-01,2025-11-12,2025-11-20,8,Casual,60
P-000105,LV-0000348,6,2025-06-01,2025-06-10,2025-06-25,15,Recovery,234
P-000105,LV-0000349,10,2025-10-01,2025-10-12,2025-10-24,12,Annual,120
P-000106,LV-0000350,2,2025-02-01,2025-02-12,2025-02-19,7,Annual,113
P-000106,LV-0000351,4,2025-04-01,2025-04-08,2025-04-18,10,Casual,60
P-000106,LV-0000352,6,2025-06-01,2025-06-10,2025-06-19,9,Annual,60
P-000106,LV-0000353,8,2025-08-01,2025-08-12,2025-08-23,11,Casual,60
P-000106,LV-0000354,11,2025-11-01,2025-11-06,2025-11-13,7,Casual,90
P-000107,LV-0000355,1,2025-01-01,2025-01-12,2025-01-21,9,Medical/Authorized,72
P-000107,LV-0000356,3,2025-03-01,2025-03-12,2025-03-24,12,Casual,60
P-000107,LV-0000357,7,2025-07-01,2025-07-11,2025-07-22,11,Annual,120
P-000107,LV-0000358,9,2025-09-01,2025-09-09,2025-09-22,13,Casual,60
P-000108,LV-0000359,2,2025-02-01,2025-02-12,2025-02-24,12,Annual,97
P-000108,LV-0000360,10,2025-10-01,2025-10-12,2025-10-23,11,Medical/Authorized,240
P-000108,LV-0000361,12,2025-12-01,2025-12-10,2025-12-23,13,Casual,60
P-000109,LV-0000362,5,2025-05-01,2025-05-12,2025-05-21,9,Medical/Authorized,186
P-000109,LV-0000363,9,2025-09-01,2025-09-08,2025-09-21,13,Medical/Authorized,120
P-000109,LV-0000364,11,2025-11-01,2025-11-06,2025-11-19,13,Annual,60
P-000110,LV-0000365,1,2025-01-01,2025-01-08,2025-01-21,13,Annual,85
P-000110,LV-0000366,8,2025-08-01,2025-08-12,2025-08-20,8,Annual,210
P-000110,LV-0000367,11,2025-11-01,2025-11-12,2025-11-23,11,Annual,90
P-000111,LV-0000368,3,2025-03-01,2025-03-07,2025-03-15,8,Annual,115
P-000111,LV-0000369,5,2025-05-01,2025-05-09,2025-05-17,8,Annual,60
P-000111,LV-0000370,7,2025-07-01,2025-07-12,2025-07-20,8,Annual,60
P-000111,LV-0000371,10,2025-10-01,2025-10-11,2025-10-19,8,Annual,90
P-000112,LV-0000372,3,2025-03-01,2025-03-06,2025-03-19,13,Annual,141
P-000112,LV-0000373,5,2025-05-01,2025-05-09,2025-05-16,7,Casual,60
P-000112,LV-0000374,12,2025-12-01,2025-12-09,2025-12-22,13,Annual,210
P-000113,LV-0000375,2,2025-02-01,2025-02-10,2025-02-23,13,Casual,101
P-000113,LV-0000376,5,2025-05-01,2025-05-07,2025-05-17,10,Casual,90
P-000113,LV-0000377,6,2025-06-01,2025-06-12,2025-06-25,13,Recovery,30
P-000113,LV-0000378,9,2025-09-01,2025-09-11,2025-09-18,7,Annual,90
P-000113,LV-0000379,11,2025-11-01,2025-11-12,2025-11-23,11,Annual,60
P-000114,LV-0000380,9,2025-09-01,2025-09-10,2025-09-13,3,Casual,320
P-000115,LV-0000381,9,2025-09-01,2025-09-09,2025-09-19,10,Casual,329
P-000115,LV-0000382,11,2025-11-01,2025-11-10,2025-11-17,7,Casual,60
P-000116,LV-0000383,3,2025-03-01,2025-03-08,2025-03-20,12,Annual,113
P-000116,LV-0000384,6,2025-06-01,2025-06-11,2025-06-24,13,Recovery,90
P-000116,LV-0000385,10,2025-10-01,2025-10-07,2025-10-20,13,Casual,120
P-000116,LV-0000386,12,2025-12-01,2025-12-10,2025-12-21,11,Annual,60
P-000117,LV-0000387,5,2025-05-01,2025-05-06,2025-05-11,5,Casual,209
P-000118,LV-0000388,2,2025-02-01,2025-02-10,2025-02-23,13,Casual,97
P-000118,LV-0000389,6,2025-06-01,2025-06-12,2025-06-25,13,Annual,120
P-000118,LV-0000390,9,2025-09-01,2025-09-08,2025-09-15,7,Annual,90
P-000118,LV-0000391,11,2025-11-01,2025-11-10,2025-11-21,11,Medical/Authorized,60
P-000119,LV-0000392,1,2025-01-01,2025-01-12,2025-01-24,12,Annual,89
P-000119,LV-0000393,3,2025-03-01,2025-03-12,2025-03-23,11,Annual,60
P-000119,LV-0000394,5,2025-05-01,2025-05-08,2025-05-20,12,Annual,60
P-000119,LV-0000395,6,2025-06-01,2025-06-07,2025-06-21,14,Recovery,30
P-000119,LV-0000396,9,2025-09-01,2025-09-12,2025-09-24,12,Annual,90
P-000119,LV-0000397,11,2025-11-01,2025-11-07,2025-11-14,7,Annual,60
P-000120,LV-0000398,1,2025-01-01,2025-01-11,2025-01-19,8,Casual,76
P-000120,LV-0000399,3,2025-03-01,2025-03-10,2025-03-17,7,Annual,60
P-000121,LV-0000400,4,2025-04-01,2025-04-06,2025-04-10,4,Casual,166
P-000121,LV-0000401,10,2025-10-01,2025-10-07,2025-10-12,5,Casual,180
P-000122,LV-0000402,2,2025-02-01,2025-02-12,2025-02-19,7,Casual,105
P-000122,LV-0000403,4,2025-04-01,2025-04-12,2025-04-21,9,Annual,60
P-000122,LV-0000404,6,2025-06-01,2025-06-11,2025-06-27,16,Recovery,60
P-000122,LV-0000405,9,2025-09-01,2025-09-08,2025-09-16,8,Annual,90
P-000122,LV-0000406,11,2025-11-01,2025-11-12,2025-11-19,7,Annual,60
P-000123,LV-0000407,2,2025-02-01,2025-02-10,2025-02-21,11,Annual,104
P-000123,LV-0000408,6,2025-06-01,2025-06-07,2025-06-18,11,Casual,120
P-000123,LV-0000409,9,2025-09-01,2025-09-08,2025-09-21,13,Casual,90
P-000124,LV-0000410,1,2025-01-01,2025-01-11,2025-01-21,10,Annual,89
P-000124,LV-0000411,6,2025-06-01,2025-06-06,2025-06-14,8,Casual,150
P-000124,LV-0000412,8,2025-08-01,2025-08-06,2025-08-14,8,Casual,60
P-000124,LV-0000413,10,2025-10-01,2025-10-10,2025-10-17,7,Casual,60
P-000125,LV-0000414,1,2025-01-01,2025-01-07,2025-01-19,12,Casual,62
P-000125,LV-0000415,3,2025-03-01,2025-03-08,2025-03-15,7,Annual,60
P-000125,LV-0000416,6,2025-06-01,2025-06-08,2025-06-18,10,Annual,90
P-000125,LV-0000417,10,2025-10-01,2025-10-07,2025-10-15,8,Annual,120
P-000125,LV-0000418,12,2025-12-01,2025-12-07,2025-12-20,13,Annual,60
P-000126,LV-0000419,2,2025-02-01,2025-02-07,2025-02-20,13,Annual,103
P-000126,LV-0000420,9,2025-09-01,2025-09-11,2025-09-23,12,Annual,210
P-000127,LV-0000421,6,2025-06-01,2025-06-12,2025-06-15,3,Casual,237
P-000127,LV-0000422,12,2025-12-01,2025-12-09,2025-12-14,5,Casual,180
P-000128,LV-0000423,6,2025-06-01,2025-06-12,2025-06-18,6,Casual,196
P-000128,LV-0000424,12,2025-12-01,2025-12-07,2025-12-12,5,Casual,180
P-000129,LV-0000425,2,2025-02-01,2025-02-09,2025-02-21,12,Casual,109
P-000129,LV-0000426,9,2025-09-01,2025-09-08,2025-09-19,11,Casual,210
P-000130,LV-0000427,1,2025-01-01,2025-01-10,2025-01-21,11,Medical/Authorized,74
P-000130,LV-0000428,3,2025-03-01,2025-03-06,2025-03-18,12,Casual,60
P-000130,LV-0000429,10,2025-10-01,2025-10-12,2025-10-23,11,Annual,210
P-000130,LV-0000430,12,2025-12-01,2025-12-11,2025-12-22,11,Annual,60
P-000131,LV-0000431,1,2025-01-01,2025-01-09,2025-01-19,10,Annual,74
P-000131,LV-0000432,4,2025-04-01,2025-04-12,2025-04-24,12,Annual,90
P-000131,LV-0000433,7,2025-07-01,2025-07-07,2025-07-17,10,Annual,90
P-000131,LV-0000434,10,2025-10-01,2025-10-07,2025-10-19,12,Casual,90
P-000131,LV-0000435,12,2025-12-01,2025-12-07,2025-12-20,13,Annual,60
P-000132,LV-0000436,1,2025-01-01,2025-01-09,2025-01-17,8,Medical/Authorized,82
P-000132,LV-0000437,4,2025-04-01,2025-04-11,2025-04-22,11,Annual,90
P-000132,LV-0000438,6,2025-06-01,2025-06-12,2025-06-24,12,Annual,60
P-000132,LV-0000439,8,2025-08-01,2025-08-06,2025-08-16,10,Annual,60
P-000132,LV-0000440,11,2025-11-01,2025-11-11,2025-11-23,12,Annual,90
P-000133,LV-0000441,2,2025-02-01,2025-02-10,2025-02-18,8,Annual,95
P-000133,LV-0000442,6,2025-06-01,2025-06-07,2025-06-19,12,Annual,120
P-000133,LV-0000443,8,2025-08-01,2025-08-09,2025-08-17,8,Casual,60
P-000133,LV-0000444,12,2025-12-01,2025-12-06,2025-12-14,8,Casual,120
P-000134,LV-0000445,1,2025-01-01,2025-01-12,2025-01-20,8,Casual,72
P-000134,LV-0000446,4,2025-04-01,2025-04-08,2025-04-17,9,Annual,90
P-000134,LV-0000447,7,2025-07-01,2025-07-09,2025-07-21,12,Casual,90
P-000134,LV-0000448,12,2025-12-01,2025-12-11,2025-12-24,13,Annual,150
P-000135,LV-0000449,2,2025-02-01,2025-02-10,2025-02-23,13,Casual,75
P-000135,LV-0000450,6,2025-06-01,2025-06-08,2025-06-25,17,Recovery,120
P-000135,LV-0000451,9,2025-09-01,2025-09-07,2025-09-17,10,Medical/Authorized,90
P-000135,LV-0000452,11,2025-11-01,2025-11-12,2025-11-20,8,Annual,60
P-000136,LV-0000453,1,2025-01-01,2025-01-06,2025-01-16,10,Annual,76
P-000136,LV-0000454,4,2025-04-01,2025-04-11,2025-04-23,12,Annual,90
P-000136,LV-0000455,6,2025-06-01,2025-06-10,2025-06-22,12,Annual,60
P-000136,LV-0000456,9,2025-09-01,2025-09-06,2025-09-18,12,Casual,90
P-000136,LV-0000457,11,2025-11-01,2025-11-12,2025-11-24,12,Annual,60
P-000137,LV-0000458,2,2025-02-01,2025-02-11,2025-02-24,13,Casual,81
P-000137,LV-0000459,9,2025-09-01,2025-09-08,2025-09-17,9,Casual,210
P-000137,LV-0000460,11,2025-11-01,2025-11-06,2025-11-16,10,Medical/Authorized,60
P-000138,LV-0000461,1,2025-01-01,2025-01-11,2025-01-21,10,Casual,83
P-000138,LV-0000462,8,2025-08-01,2025-08-10,2025-08-15,5,Casual,210
P-000138,LV-0000463,10,2025-10-01,2025-10-06,2025-10-15,9,Annual,60
P-000139,LV-0000464,3,2025-03-01,2025-03-12,2025-03-23,11,Medical/Authorized,134
P-000139,LV-0000465,5,2025-05-01,2025-05-09,2025-05-19,10,Casual,60
P-000139,LV-0000466,9,2025-09-01,2025-09-11,2025-09-22,11,Annual,120
P-000139,LV-0000467,12,2025-12-01,2025-12-06,2025-12-19,13,Casual,90
P-000140,LV-0000468,2,2025-02-01,2025-02-09,2025-02-18,9,Casual,76
P-000140,LV-0000469,4,2025-04-01,2025-04-08,2025-04-19,11,Annual,60
P-000140,LV-0000470,9,2025-09-01,2025-09-10,2025-09-22,12,Annual,150
P-000140,LV-0000471,11,2025-11-01,2025-11-12,2025-11-22,10,Annual,60
P-000141,LV-0000472,2,2025-02-01,2025-02-10,2025-02-18,8,Casual,86
P-000141,LV-0000473,8,2025-08-01,2025-08-12,2025-08-22,10,Annual,180
P-000141,LV-0000474,10,2025-10-01,2025-10-07,2025-10-17,10,Annual,60
P-000141,LV-0000475,12,2025-12-01,2025-12-10,2025-12-20,10,Casual,60
P-000142,LV-0000476,5,2025-05-01,2025-05-07,2025-05-20,13,Casual,183
P-000142,LV-0000477,7,2025-07-01,2025-07-11,2025-07-18,7,Casual,60
P-000142,LV-0000478,12,2025-12-01,2025-12-08,2025-12-21,13,Annual,150
P-000143,LV-0000479,2,2025-02-01,2025-02-12,2025-02-24,12,Casual,119
P-000143,LV-0000480,4,2025-04-01,2025-04-10,2025-04-17,7,Annual,60
P-000143,LV-0000481,6,2025-06-01,2025-06-10,2025-06-17,7,Annual,60
P-000143,LV-0000482,9,2025-09-01,2025-09-08,2025-09-15,7,Casual,90
P-000143,LV-0000483,12,2025-12-01,2025-12-12,2025-12-25,13,Medical/Authorized,90
P-000144,LV-0000484,2,2025-02-01,2025-02-09,2025-02-21,12,Annual,107
P-000144,LV-0000485,4,2025-04-01,2025-04-09,2025-04-16,7,Casual,60
P-000144,LV-0000486,6,2025-06-01,2025-06-12,2025-06-23,11,Medical/Authorized,60
P-000144,LV-0000487,10,2025-10-01,2025-10-08,2025-10-17,9,Annual,120
P-000144,LV-0000488,12,2025-12-01,2025-12-08,2025-12-20,12,Annual,60
P-000145,LV-0000489,1,2025-01-01,2025-01-06,2025-01-13,7,Casual,69
P-000145,LV-0000490,3,2025-03-01,2025-03-11,2025-03-24,13,Casual,60
P-000145,LV-0000491,7,2025-07-01,2025-07-06,2025-07-18,12,Annual,120
P-000145,LV-0000492,12,2025-12-01,2025-12-11,2025-12-20,9,Annual,150
P-000146,LV-0000493,4,2025-04-01,2025-04-09,2025-04-16,7,Casual,160
P-000146,LV-0000494,7,2025-07-01,2025-07-09,2025-07-19,10,Annual,90
P-000146,LV-0000495,9,2025-09-01,2025-09-11,2025-09-18,7,Annual,60
P-000146,LV-0000496,12,2025-12-01,2025-12-09,2025-12-19,10,Annual,90
P-000147,LV-0000497,1,2025-01-01,2025-01-07,2025-01-19,12,Medical/Authorized,84
P-000147,LV-0000498,6,2025-06-01,2025-06-12,2025-06-16,4,Casual,150
P-000147,LV-0000499,9,2025-09-01,2025-09-08,2025-09-18,10,Casual,90
P-000148,LV-0000500,1,2025-01-01,2025-01-10,2025-01-23,13,Casual,69
P-000148,LV-0000501,6,2025-06-01,2025-06-09,2025-06-15,6,Casual,150
P-000148,LV-0000502,10,2025-10-01,2025-10-08,2025-10-18,10,Annual,120
P-000148,LV-0000503,12,2025-12-01,2025-12-12,2025-12-25,13,Annual,60
P-000149,LV-0000504,2,2025-02-01,2025-02-11,2025-02-22,11,Annual,98
P-000149,LV-0000505,4,2025-04-01,2025-04-11,2025-04-22,11,Annual,60
P-000149,LV-0000506,8,2025-08-01,2025-08-11,2025-08-18,7,Annual,120
P-000149,LV-0000507,10,2025-10-01,2025-10-09,2025-10-21,12,Medical/Authorized,60
P-000149,LV-0000508,12,2025-12-01,2025-12-12,2025-12-19,7,Annual,60
P-000150,LV-0000509,4,2025-04-01,2025-04-06,2025-04-16,10,Annual,161
P-000150,LV-0000510,7,2025-07-01,2025-07-10,2025-07-17,7,Annual,90
P-000150,LV-0000511,9,2025-09-01,2025-09-07,2025-09-16,9,Casual,60
P-000150,LV-0000512,11,2025-11-01,2025-11-11,2025-11-24,13,Casual,60
P-000151,LV-0000513,3,2025-03-01,2025-03-12,2025-03-22,10,Annual,120
P-000151,LV-0000514,5,2025-05-01,2025-05-09,2025-05-19,10,Medical/Authorized,60
P-000151,LV-0000515,6,2025-06-01,2025-06-09,2025-06-23,14,Recovery,30
P-000151,LV-0000516,8,2025-08-01,2025-08-11,2025-08-23,12,Annual,60
P-000151,LV-0000517,11,2025-11-01,2025-11-12,2025-11-21,9,Casual,90
P-000152,LV-0000518,1,2025-01-01,2025-01-06,2025-01-17,11,Casual,72
P-000152,LV-0000519,3,2025-03-01,2025-03-12,2025-03-21,9,Casual,60
P-000152,LV-0000520,6,2025-06-01,2025-06-06,2025-06-14,8,Casual,90
P-000152,LV-0000521,8,2025-08-01,2025-08-10,2025-08-23,13,Annual,60
P-000152,LV-0000522,10,2025-10-01,2025-10-10,2025-10-18,8,Annual,60
P-000153,LV-0000523,2,2025-02-01,2025-02-06,2025-02-13,7,Casual,114
P-000153,LV-0000524,5,2025-05-01,2025-05-12,2025-05-19,7,Annual,90
P-000153,LV-0000525,8,2025-08-01,2025-08-10,2025-08-19,9,Annual,90
P-000154,LV-0000526,1,2025-01-01,2025-01-11,2025-01-19,8,Casual,80
P-000154,LV-0000527,5,2025-05-01,2025-05-07,2025-05-15,8,Casual,120
P-000154,LV-0000528,7,2025-07-01,2025-07-09,2025-07-16,7,Annual,60
P-000154,LV-0000529,9,2025-09-01,2025-09-09,2025-09-18,9,Annual,60
P-000154,LV-0000530,11,2025-11-01,2025-11-08,2025-11-20,12,Annual,60
P-000155,LV-0000531,3,2025-03-01,2025-03-09,2025-03-22,13,Annual,119
P-000155,LV-0000532,10,2025-10-01,2025-10-10,2025-10-18,8,Annual,210
P-000156,LV-0000533,2,2025-02-01,2025-02-06,2025-02-16,10,Casual,82
P-000156,LV-0000534,8,2025-08-01,2025-08-08,2025-08-16,8,Casual,180
P-000156,LV-0000535,10,2025-10-01,2025-10-07,2025-10-15,8,Medical/Authorized,60
P-000156,LV-0000536,12,2025-12-01,2025-12-09,2025-12-21,12,Annual,60
P-000157,LV-0000537,2,2025-02-01,2025-02-08,2025-02-18,10,Casual,93
P-000157,LV-0000538,8,2025-08-01,2025-08-09,2025-08-15,6,Casual,180
P-000157,LV-0000539,10,2025-10-01,2025-10-07,2025-10-14,7,Medical/Authorized,60
P-000157,LV-0000540,12,2025-12-01,2025-12-12,2025-12-23,11,Casual,60
P-000158,LV-0000541,2,2025-02-01,2025-02-08,2025-02-15,7,Annual,97
P-000158,LV-0000542,9,2025-09-01,2025-09-12,2025-09-17,5,Casual,210
P-000158,LV-0000543,11,2025-11-01,2025-11-10,2025-11-19,9,Annual,60
P-000159,LV-0000544,1,2025-01-01,2025-01-10,2025-01-19,9,Annual,65
P-000159,LV-0000545,3,2025-03-01,2025-03-07,2025-03-20,13,Annual,60
P-000159,LV-0000546,5,2025-05-01,2025-05-09,2025-05-19,10,Casual,60
P-000159,LV-0000547,7,2025-07-01,2025-07-06,2025-07-14,8,Annual,60
P-000159,LV-0000548,10,2025-10-01,2025-10-06,2025-10-18,12,Annual,90
P-000160,LV-0000549,6,2025-06-01,2025-06-10,2025-06-16,6,Casual,238
P-000160,LV-0000550,12,2025-12-01,2025-12-06,2025-12-14,8,Casual,180
P-000161,LV-0000551,1,2025-01-01,2025-01-11,2025-01-18,7,Annual,68
P-000161,LV-0000552,3,2025-03-01,2025-03-08,2025-03-17,9,Casual,60
P-000161,LV-0000553,10,2025-10-01,2025-10-11,2025-10-24,13,Medical/Authorized,210
P-000162,LV-0000554,6,2025-06-01,2025-06-09,2025-06-16,7,Casual,225
P-000162,LV-0000555,9,2025-09-01,2025-09-08,2025-09-20,12,Annual,90
P-000162,LV-0000556,11,2025-11-01,2025-11-11,2025-11-24,13,Annual,60
P-000163,LV-0000557,7,2025-07-01,2025-07-12,2025-07-19,7,Casual,251
P-000163,LV-0000558,10,2025-10-01,2025-10-12,2025-10-24,12,Annual,90
P-000164,LV-0000559,9,2025-09-01,2025-09-06,2025-09-15,9,Casual,322
P-000164,LV-0000560,12,2025-12-01,2025-12-09,2025-12-19,10,Annual,90
P-000165,LV-0000561,5,2025-05-01,2025-05-10,2025-05-22,12,Casual,174
P-000165,LV-0000562,8,2025-08-01,2025-08-09,2025-08-22,13,Casual,90
P-000165,LV-0000563,10,2025-10-01,2025-10-09,2025-10-17,8,Annual,60
P-000166,LV-0000564,8,2025-08-01,2025-08-06,2025-08-10,4,Casual,299
P-000167,LV-0000565,4,2025-04-01,2025-04-11,2025-04-24,13,Medical/Authorized,158
P-000167,LV-0000566,9,2025-09-01,2025-09-08,2025-09-19,11,Annual,150
P-000167,LV-0000567,12,2025-12-01,2025-12-07,2025-12-17,10,Medical/Authorized,90
P-000168,LV-0000568,1,2025-01-01,2025-01-11,2025-01-18,7,Casual,76
P-000168,LV-0000569,3,2025-03-01,2025-03-12,2025-03-19,7,Casual,60
P-000168,LV-0000570,6,2025-06-01,2025-06-06,2025-06-19,13,Annual,90
P-000168,LV-0000571,9,2025-09-01,2025-09-10,2025-09-17,7,Casual,90
P-000168,LV-0000572,12,2025-12-01,2025-12-12,2025-12-24,12,Annual,90
P-000169,LV-0000573,1,2025-01-01,2025-01-07,2025-01-18,11,Annual,62
P-000169,LV-0000574,5,2025-05-01,2025-05-07,2025-05-15,8,Annual,120
P-000169,LV-0000575,8,2025-08-01,2025-08-12,2025-08-19,7,Annual,90
P-000169,LV-0000576,11,2025-11-01,2025-11-12,2025-11-20,8,Annual,90
P-000170,LV-0000577,9,2025-09-01,2025-09-06,2025-09-18,12,Annual,298
P-000171,LV-0000578,2,2025-02-01,2025-02-09,2025-02-19,10,Annual,78
P-000171,LV-0000579,10,2025-10-01,2025-10-08,2025-10-20,12,Casual,240
P-000171,LV-0000580,12,2025-12-01,2025-12-07,2025-12-16,9,Annual,60
P-000172,LV-0000581,12,2025-12-01,2025-12-06,2025-12-18,12,Casual,383
P-000173,LV-0000582,3,2025-03-01,2025-03-10,2025-03-18,8,Casual,145
P-000173,LV-0000583,12,2025-12-01,2025-12-10,2025-12-23,13,Casual,270
P-000174,LV-0000584,5,2025-05-01,2025-05-07,2025-05-17,10,Casual,186
P-000174,LV-0000585,7,2025-07-01,2025-07-12,2025-07-19,7,Annual,60
P-000174,LV-0000586,11,2025-11-01,2025-11-10,2025-11-21,11,Annual,120
P-000175,LV-0000587,1,2025-01-01,2025-01-07,2025-01-18,11,Casual,61
P-000175,LV-0000588,10,2025-10-01,2025-10-11,2025-10-23,12,Annual,270
P-000175,LV-0000589,12,2025-12-01,2025-12-11,2025-12-18,7,Annual,60
P-000176,LV-0000590,2,2025-02-01,2025-02-12,2025-02-19,7,Casual,112
P-000176,LV-0000591,5,2025-05-01,2025-05-08,2025-05-18,10,Annual,90
P-000176,LV-0000592,7,2025-07-01,2025-07-11,2025-07-21,10,Annual,60
P-000176,LV-0000593,10,2025-10-01,2025-10-06,2025-10-16,10,Casual,90
P-000177,LV-0000594,2,2025-02-01,2025-02-11,2025-02-21,10,Annual,79
P-000177,LV-0000595,12,2025-12-01,2025-12-09,2025-12-21,12,Annual,300
P-000178,LV-0000596,1,2025-01-01,2025-01-10,2025-01-18,8,Annual,80
P-000178,LV-0000597,3,2025-03-01,2025-03-07,2025-03-18,11,Medical/Authorized,60
P-000178,LV-0000598,5,2025-05-01,2025-05-08,2025-05-20,12,Annual,60
P-000178,LV-0000599,9,2025-09-01,2025-09-10,2025-09-18,8,Annual,120
P-000178,LV-0000600,11,2025-11-01,2025-11-10,2025-11-17,7,Annual,60
P-000179,LV-0000601,1,2025-01-01,2025-01-10,2025-01-23,13,Annual,63
P-000179,LV-0000602,3,2025-03-01,2025-03-10,2025-03-20,10,Annual,60
P-000179,LV-0000603,5,2025-05-01,2025-05-07,2025-05-18,11,Casual,60
P-000179,LV-0000604,6,2025-06-01,2025-06-09,2025-06-24,15,Recovery,30
P-000180,LV-0000605,2,2025-02-01,2025-02-09,2025-02-16,7,Annual,92
P-000180,LV-0000606,6,2025-06-01,2025-06-10,2025-06-17,7,Casual,120
P-000180,LV-0000607,9,2025-09-01,2025-09-10,2025-09-23,13,Casual,90
P-000180,LV-0000608,11,2025-11-01,2025-11-06,2025-11-17,11,Casual,60
P-000181,LV-0000609,2,2025-02-01,2025-02-12,2025-02-24,12,Annual,82
P-000181,LV-0000610,7,2025-07-01,2025-07-08,2025-07-20,12,Annual,150
P-000181,LV-0000611,9,2025-09-01,2025-09-06,2025-09-15,9,Annual,60
P-000181,LV-0000612,11,2025-11-01,2025-11-07,2025-11-19,12,Annual,60
P-000182,LV-0000613,4,2025-04-01,2025-04-06,2025-04-19,13,Casual,136
P-000182,LV-0000614,8,2025-08-01,2025-08-06,2025-08-15,9,Annual,120
P-000182,LV-0000615,11,2025-11-01,2025-11-06,2025-11-17,11,Medical/Authorized,90
P-000183,LV-0000616,1,2025-01-01,2025-01-11,2025-01-20,9,Medical/Authorized,60
P-000183,LV-0000617,6,2025-06-01,2025-06-07,2025-06-24,17,Recovery,150
P-000183,LV-0000618,9,2025-09-01,2025-09-09,2025-09-21,12,Annual,90
P-000183,LV-0000619,11,2025-11-01,2025-11-12,2025-11-23,11,Casual,60
P-000184,LV-0000620,1,2025-01-01,2025-01-10,2025-01-22,12,Annual,75
P-000184,LV-0000621,5,2025-05-01,2025-05-07,2025-05-16,9,Annual,120
P-000184,LV-0000622,6,2025-06-01,2025-06-06,2025-06-19,13,Recovery,30
P-000184,LV-0000623,12,2025-12-01,2025-12-10,2025-12-17,7,Annual,180
P-000185,LV-0000624,3,2025-03-01,2025-03-11,2025-03-22,11,Annual,127
P-000185,LV-0000625,6,2025-06-01,2025-06-11,2025-06-22,11,Casual,90
P-000185,LV-0000626,10,2025-10-01,2025-10-11,2025-10-21,10,Casual,120
P-000186,LV-0000627,3,2025-03-01,2025-03-10,2025-03-14,4,Casual,127
P-000187,LV-0000628,5,2025-05-01,2025-05-09,2025-05-14,5,Casual,186
P-000188,LV-0000629,1,2025-01-01,2025-01-09,2025-01-20,11,Annual,67
P-000188,LV-0000630,9,2025-09-01,2025-09-11,2025-09-22,11,Annual,240
P-000189,LV-0000631,1,2025-01-01,2025-01-12,2025-01-25,13,Annual,85
P-000189,LV-0000632,6,2025-06-01,2025-06-12,2025-06-17,5,Casual,150
P-000190,LV-0000633,2,2025-02-01,2025-02-07,2025-02-15,8,Casual,82
P-000190,LV-0000634,9,2025-09-01,2025-09-09,2025-09-18,9,Annual,210
P-000191,LV-0000635,2,2025-02-01,2025-02-08,2025-02-15,7,Annual,99
P-000191,LV-0000636,5,2025-05-01,2025-05-06,2025-05-13,7,Casual,90
P-000191,LV-0000637,7,2025-07-01,2025-07-10,2025-07-19,9,Annual,60
P-000192,LV-0000638,2,2025-02-01,2025-02-12,2025-02-25,13,Annual,75
P-000192,LV-0000639,6,2025-06-01,2025-06-08,2025-06-21,13,Recovery,120
P-000192,LV-0000640,11,2025-11-01,2025-11-06,2025-11-13,7,Casual,150
P-000193,LV-0000641,4,2025-04-01,2025-04-09,2025-04-19,10,Medical/Authorized,139
P-000193,LV-0000642,6,2025-06-01,2025-06-09,2025-06-22,13,Recovery,60
P-000193,LV-0000643,9,2025-09-01,2025-09-11,2025-09-22,11,Annual,90
P-000194,LV-0000644,2,2025-02-01,2025-02-09,2025-02-22,13,Casual,90
P-000194,LV-0000645,10,2025-10-01,2025-10-07,2025-10-20,13,Annual,240
P-000194,LV-0000646,12,2025-12-01,2025-12-08,2025-12-17,9,Casual,60
P-000195,LV-0000647,2,2025-02-01,2025-02-08,2025-02-17,9,Casual,79
P-000195,LV-0000648,5,2025-05-01,2025-05-09,2025-05-16,7,Casual,90
P-000195,LV-0000649,7,2025-07-01,2025-07-11,2025-07-23,12,Casual,60
P-000195,LV-0000650,11,2025-11-01,2025-11-06,2025-11-17,11,Annual,120
P-000196,LV-0000651,1,2025-01-01,2025-01-07,2025-01-20,13,Annual,81
P-000196,LV-0000652,4,2025-04-01,2025-04-08,2025-04-17,9,Annual,90
P-000196,LV-0000653,10,2025-10-01,2025-10-08,2025-10-16,8,Annual,180
P-000197,LV-0000654,4,2025-04-01,2025-04-06,2025-04-11,5,Casual,161
P-000197,LV-0000655,9,2025-09-01,2025-09-06,2025-09-10,4,Casual,150
P-000197,LV-0000656,11,2025-11-01,2025-11-09,2025-11-20,11,Annual,60
P-000198,LV-0000657,1,2025-01-01,2025-01-12,2025-01-21,9,Medical/Authorized,78
P-000198,LV-0000658,3,2025-03-01,2025-03-08,2025-03-17,9,Medical/Authorized,60
P-000198,LV-0000659,6,2025-06-01,2025-06-11,2025-06-28,17,Recovery,90
P-000198,LV-0000660,10,2025-10-01,2025-10-10,2025-10-18,8,Casual,120
P-000199,LV-0000661,2,2025-02-01,2025-02-09,2025-02-21,12,Casual,87
P-000199,LV-0000662,4,2025-04-01,2025-04-11,2025-04-23,12,Annual,60
P-000199,LV-0000663,6,2025-06-01,2025-06-12,2025-06-25,13,Recovery,60
P-000199,LV-0000664,11,2025-11-01,2025-11-06,2025-11-19,13,Annual,150
P-000200,LV-0000665,8,2025-08-01,2025-08-10,2025-08-15,5,Casual,275
P-000201,LV-0000666,2,2025-02-01,2025-02-08,2025-02-18,10,Casual,104
P-000202,LV-0000667,4,2025-04-01,2025-04-09,2025-04-17,8,Medical/Authorized,173
P-000202,LV-0000668,8,2025-08-01,2025-08-08,2025-08-17,9,Annual,120
P-000202,LV-0000669,12,2025-12-01,2025-12-10,2025-12-21,11,Casual,120
P-000203,LV-0000670,1,2025-01-01,2025-01-10,2025-01-18,8,Annual,74
P-000203,LV-0000671,6,2025-06-01,2025-06-10,2025-06-23,13,Annual,150
P-000203,LV-0000672,8,2025-08-01,2025-08-12,2025-08-25,13,Casual,60
P-000203,LV-0000673,12,2025-12-01,2025-12-06,2025-12-14,8,Casual,120
P-000204,LV-0000674,4,2025-04-01,2025-04-08,2025-04-18,10,Casual,139
P-000204,LV-0000675,6,2025-06-01,2025-06-09,2025-06-22,13,Recovery,60
P-000204,LV-0000676,8,2025-08-01,2025-08-11,2025-08-22,11,Casual,60
P-000204,LV-0000677,10,2025-10-01,2025-10-08,2025-10-16,8,Casual,60
P-000204,LV-0000678,12,2025-12-01,2025-12-07,2025-12-14,7,Casual,60
P-000205,LV-0000679,1,2025-01-01,2025-01-12,2025-01-22,10,Casual,72
P-000205,LV-0000680,6,2025-06-01,2025-06-08,2025-06-13,5,Casual,150
P-000205,LV-0000681,12,2025-12-01,2025-12-08,2025-12-19,11,Annual,180
P-000206,LV-0000682,4,2025-04-01,2025-04-12,2025-04-21,9,Annual,178
P-000206,LV-0000683,6,2025-06-01,2025-06-08,2025-06-15,7,Annual,60
P-000206,LV-0000684,9,2025-09-01,2025-09-10,2025-09-21,11,Annual,90
P-000206,LV-0000685,11,2025-11-01,2025-11-10,2025-11-19,9,Annual,60
P-000207,LV-0000686,2,2025-02-01,2025-02-06,2025-02-17,11,Casual,83
P-000207,LV-0000687,9,2025-09-01,2025-09-11,2025-09-18,7,Annual,210
P-000208,LV-0000688,2,2025-02-01,2025-02-12,2025-02-21,9,Annual,88
P-000208,LV-0000689,11,2025-11-01,2025-11-12,2025-11-20,8,Casual,270
P-000209,LV-0000690,4,2025-04-01,2025-04-08,2025-04-21,13,Annual,137
P-000209,LV-0000691,6,2025-06-01,2025-06-08,2025-06-17,9,Annual,60
P-000209,LV-0000692,11,2025-11-01,2025-11-11,2025-11-24,13,Annual,150
P-000210,LV-0000693,1,2025-01-01,2025-01-07,2025-01-16,9,Annual,88
P-000210,LV-0000694,3,2025-03-01,2025-03-06,2025-03-16,10,Casual,60
P-000210,LV-0000695,7,2025-07-01,2025-07-08,2025-07-18,10,Casual,120
P-000210,LV-0000696,10,2025-10-01,2025-10-08,2025-10-19,11,Annual,90
P-000211,LV-0000697,2,2025-02-01,2025-02-06,2025-02-15,9,Annual,84
P-000211,LV-0000698,8,2025-08-01,2025-08-10,2025-08-17,7,Casual,180
P-000211,LV-0000699,10,2025-10-01,2025-10-10,2025-10-17,7,Annual,60
P-000211,LV-0000700,12,2025-12-01,2025-12-11,2025-12-23,12,Annual,60
P-000212,LV-0000701,5,2025-05-01,2025-05-06,2025-05-13,7,Casual,175
P-000212,LV-0000702,11,2025-11-01,2025-11-09,2025-11-21,12,Medical/Authorized,180
P-000213,LV-0000703,10,2025-10-01,2025-10-06,2025-10-17,11,Medical/Authorized,336
P-000214,LV-0000704,1,2025-01-01,2025-01-12,2025-01-24,12,Annual,79
P-000214,LV-0000705,3,2025-03-01,2025-03-07,2025-03-18,11,Annual,60
P-000214,LV-0000706,6,2025-06-01,2025-06-06,2025-06-17,11,Annual,90
P-000214,LV-0000707,8,2025-08-01,2025-08-12,2025-08-19,7,Casual,60
P-000214,LV-0000708,10,2025-10-01,2025-10-09,2025-10-21,12,Annual,60
P-000215,LV-0000709,2,2025-02-01,2025-02-11,2025-02-24,13,Annual,81
P-000215,LV-0000710,10,2025-10-01,2025-10-08,2025-10-15,7,Casual,240
P-000215,LV-0000711,12,2025-12-01,2025-12-06,2025-12-18,12,Casual,60
P-000216,LV-0000712,4,2025-04-01,2025-04-12,2025-04-24,12,Annual,136
P-000216,LV-0000713,6,2025-06-01,2025-06-11,2025-06-20,9,Casual,60
P-000216,LV-0000714,9,2025-09-01,2025-09-09,2025-09-18,9,Annual,90
P-000217,LV-0000715,1,2025-01-01,2025-01-12,2025-01-25,13,Casual,62
P-000217,LV-0000716,7,2025-07-01,2025-07-06,2025-07-15,9,Casual,180
P-000217,LV-0000717,11,2025-11-01,2025-11-12,2025-11-22,10,Medical/Authorized,120
P-000218,LV-0000718,2,2025-02-01,2025-02-08,2025-02-15,7,Annual,93
P-000218,LV-0000719,10,2025-10-01,2025-10-08,2025-10-20,12,Annual,240
P-000218,LV-0000720,12,2025-12-01,2025-12-09,2025-12-17,8,Annual,60
P-000219,LV-0000721,2,2025-02-01,2025-02-08,2025-02-20,12,Annual,99
P-000219,LV-0000722,8,2025-08-01,2025-08-06,2025-08-11,5,Casual,180
P-000220,LV-0000723,5,2025-05-01,2025-05-12,2025-05-17,5,Casual,182
P-000221,LV-0000724,7,2025-07-01,2025-07-12,2025-07-17,5,Casual,242
P-000221,LV-0000725,10,2025-10-01,2025-10-09,2025-10-21,12,Annual,90
P-000221,LV-0000726,12,2025-12-01,2025-12-07,2025-12-19,12,Casual,60
P-000222,LV-0000727,2,2025-02-01,2025-02-10,2025-02-17,7,Annual,112
P-000222,LV-0000728,7,2025-07-01,2025-07-10,2025-07-17,7,Casual,150
P-000222,LV-0000729,10,2025-10-01,2025-10-10,2025-10-21,11,Annual,90
P-000223,LV-0000730,1,2025-01-01,2025-01-08,2025-01-17,9,Casual,71
P-000223,LV-0000731,3,2025-03-01,2025-03-09,2025-03-21,12,Casual,60
P-000223,LV-0000732,5,2025-05-01,2025-05-09,2025-05-19,10,Casual,60
P-000223,LV-0000733,7,2025-07-01,2025-07-07,2025-07-18,11,Annual,60
P-000224,LV-0000734,1,2025-01-01,2025-01-09,2025-01-20,11,Casual,73
P-000224,LV-0000735,3,2025-03-01,2025-03-12,2025-03-22,10,Casual,60
P-000224,LV-0000736,5,2025-05-01,2025-05-10,2025-05-23,13,Casual,60
P-000224,LV-0000737,9,2025-09-01,2025-09-10,2025-09-18,8,Annual,120
P-000225,LV-0000738,2,2025-02-01,2025-02-07,2025-02-18,11,Medical/Authorized,96
P-000225,LV-0000739,10,2025-10-01,2025-10-06,2025-10-13,7,Annual,240
P-000226,LV-0000740,2,2025-02-01,2025-02-10,2025-02-21,11,Casual,119
P-000226,LV-0000741,8,2025-08-01,2025-08-08,2025-08-18,10,Casual,180
P-000226,LV-0000742,12,2025-12-01,2025-12-12,2025-12-22,10,Annual,120
P-000227,LV-0000743,2,2025-02-01,2025-02-08,2025-02-17,9,Annual,78
P-000227,LV-0000744,5,2025-05-01,2025-05-11,2025-05-22,11,Casual,90
P-000227,LV-0000745,7,2025-07-01,2025-07-07,2025-07-19,12,Casual,60
P-000227,LV-0000746,9,2025-09-01,2025-09-12,2025-09-24,12,Annual,60
P-000227,LV-0000747,11,2025-11-01,2025-11-10,2025-11-22,12,Annual,60
P-000228,LV-0000748,3,2025-03-01,2025-03-11,2025-03-21,10,Casual,128
P-000228,LV-0000749,6,2025-06-01,2025-06-11,2025-06-21,10,Annual,90
P-000228,LV-0000750,9,2025-09-01,2025-09-06,2025-09-16,10,Medical/Authorized,90
P-000228,LV-0000751,12,2025-12-01,2025-12-11,2025-12-19,8,Annual,90
P-000229,LV-0000752,2,2025-02-01,2025-02-10,2025-02-19,9,Casual,75
P-000229,LV-0000753,4,2025-04-01,2025-04-07,2025-04-16,9,Annual,60
P-000229,LV-0000754,6,2025-06-01,2025-06-10,2025-06-23,13,Recovery,60
P-000230,LV-0000755,6,2025-06-01,2025-06-10,2025-06-14,4,Casual,227
P-000230,LV-0000756,9,2025-09-01,2025-09-08,2025-09-16,8,Annual,90
P-000230,LV-0000757,11,2025-11-01,2025-11-11,2025-11-23,12,Casual,60
P-000231,LV-0000758,5,2025-05-01,2025-05-08,2025-05-11,3,Casual,171
P-000232,LV-0000759,3,2025-03-01,2025-03-10,2025-03-17,7,Casual,110
P-000232,LV-0000760,10,2025-10-01,2025-10-10,2025-10-22,12,Annual,210
P-000232,LV-0000761,12,2025-12-01,2025-12-09,2025-12-16,7,Medical/Authorized,60
P-000233,LV-0000762,1,2025-01-01,2025-01-07,2025-01-18,11,Annual,73
P-000234,LV-0000763,2,2025-02-01,2025-02-06,2025-02-15,9,Annual,116
P-000234,LV-0000764,5,2025-05-01,2025-05-08,2025-05-16,8,Annual,90
P-000234,LV-0000765,12,2025-12-01,2025-12-09,2025-12-22,13,Casual,210
P-000235,LV-0000766,3,2025-03-01,2025-03-12,2025-03-24,12,Casual,139
P-000235,LV-0000767,5,2025-05-01,2025-05-06,2025-05-18,12,Casual,60
P-000235,LV-0000768,10,2025-10-01,2025-10-11,2025-10-18,7,Casual,150
P-000236,LV-0000769,3,2025-03-01,2025-03-08,2025-03-15,7,Casual,130
P-000236,LV-0000770,10,2025-10-01,2025-10-07,2025-10-20,13,Casual,210
P-000236,LV-0000771,12,2025-12-01,2025-12-11,2025-12-19,8,Annual,60
P-000237,LV-0000772,2,2025-02-01,2025-02-11,2025-02-22,11,Annual,92
P-000237,LV-0000773,6,2025-06-01,2025-06-08,2025-06-15,7,Annual,120
P-000237,LV-0000774,8,2025-08-01,2025-08-09,2025-08-22,13,Annual,60
P-000237,LV-0000775,11,2025-11-01,2025-11-11,2025-11-24,13,Casual,90
P-000238,LV-0000776,3,2025-03-01,2025-03-08,2025-03-20,12,Casual,124
P-000238,LV-0000777,6,2025-06-01,2025-06-12,2025-06-21,9,Casual,90
P-000238,LV-0000778,12,2025-12-01,2025-12-08,2025-12-19,11,Annual,180
P-000240,LV-0000779,1,2025-01-01,2025-01-09,2025-01-19,10,Annual,87
P-000240,LV-0000780,4,2025-04-01,2025-04-09,2025-04-17,8,Casual,90
P-000240,LV-0000781,6,2025-06-01,2025-06-09,2025-06-19,10,Annual,60
P-000241,LV-0000782,3,2025-03-01,2025-03-06,2025-03-19,13,Casual,137
P-000241,LV-0000783,6,2025-06-01,2025-06-06,2025-06-23,17,Recovery,90
P-000241,LV-0000784,9,2025-09-01,2025-09-12,2025-09-19,7,Annual,90
P-000241,LV-0000785,11,2025-11-01,2025-11-06,2025-11-14,8,Medical/Authorized,60
P-000242,LV-0000786,3,2025-03-01,2025-03-11,2025-03-21,10,Casual,149
P-000242,LV-0000787,7,2025-07-01,2025-07-07,2025-07-17,10,Casual,120
P-000243,LV-0000788,4,2025-04-01,2025-04-07,2025-04-19,12,Annual,173
P-000243,LV-0000789,6,2025-06-01,2025-06-11,2025-06-26,15,Recovery,60
P-000243,LV-0000790,9,2025-09-01,2025-09-09,2025-09-22,13,Medical/Authorized,90
P-000243,LV-0000791,11,2025-11-01,2025-11-12,2025-11-19,7,Medical/Authorized,60
P-000244,LV-0000792,2,2025-02-01,2025-02-09,2025-02-16,7,Annual,117
P-000244,LV-0000793,8,2025-08-01,2025-08-09,2025-08-18,9,Annual,180
P-000244,LV-0000794,10,2025-10-01,2025-10-10,2025-10-23,13,Annual,60
P-000245,LV-0000795,7,2025-07-01,2025-07-09,2025-07-19,10,Annual,235
P-000246,LV-0000796,3,2025-03-01,2025-03-09,2025-03-20,11,Casual,106
P-000246,LV-0000797,6,2025-06-01,2025-06-12,2025-06-29,17,Recovery,90
P-000247,LV-0000798,1,2025-01-01,2025-01-10,2025-01-22,12,Casual,78
P-000247,LV-0000799,3,2025-03-01,2025-03-10,2025-03-20,10,Casual,60
P-000247,LV-0000800,5,2025-05-01,2025-05-06,2025-05-14,8,Annual,60
P-000247,LV-0000801,9,2025-09-01,2025-09-10,2025-09-20,10,Annual,120
P-000247,LV-0000802,12,2025-12-01,2025-12-10,2025-12-19,9,Casual,90
P-000248,LV-0000803,1,2025-01-01,2025-01-07,2025-01-19,12,Annual,60
P-000248,LV-0000804,3,2025-03-01,2025-03-08,2025-03-19,11,Annual,60
P-000248,LV-0000805,6,2025-06-01,2025-06-09,2025-06-22,13,Annual,90
P-000248,LV-0000806,8,2025-08-01,2025-08-06,2025-08-19,13,Casual,60
P-000248,LV-0000807,11,2025-11-01,2025-11-08,2025-11-20,12,Medical/Authorized,90
P-000249,LV-0000808,2,2025-02-01,2025-02-06,2025-02-18,12,Casual,119
P-000249,LV-0000809,5,2025-05-01,2025-05-06,2025-05-13,7,Annual,90
P-000249,LV-0000810,8,2025-08-01,2025-08-08,2025-08-16,8,Annual,90
P-000249,LV-0000811,10,2025-10-01,2025-10-12,2025-10-21,9,Annual,60
P-000249,LV-0000812,12,2025-12-01,2025-12-08,2025-12-19,11,Annual,60
P-000250,LV-0000813,8,2025-08-01,2025-08-11,2025-08-15,4,Casual,297
P-000251,LV-0000814,3,2025-03-01,2025-03-06,2025-03-18,12,Annual,105
P-000251,LV-0000815,5,2025-05-01,2025-05-08,2025-05-18,10,Casual,60
P-000251,LV-0000816,10,2025-10-01,2025-10-09,2025-10-17,8,Annual,150
P-000251,LV-0000817,12,2025-12-01,2025-12-11,2025-12-20,9,Medical/Authorized,60
P-000252,LV-0000818,1,2025-01-01,2025-01-10,2025-01-20,10,Annual,65
P-000252,LV-0000819,3,2025-03-01,2025-03-12,2025-03-22,10,Casual,60
P-000252,LV-0000820,5,2025-05-01,2025-05-12,2025-05-19,7,Annual,60
P-000252,LV-0000821,9,2025-09-01,2025-09-11,2025-09-19,8,Casual,120
P-000253,LV-0000822,7,2025-07-01,2025-07-10,2025-07-15,5,Casual,268
P-000254,LV-0000823,5,2025-05-01,2025-05-12,2025-05-20,8,Annual,179
P-000254,LV-0000824,7,2025-07-01,2025-07-09,2025-07-21,12,Annual,60
P-000254,LV-0000825,9,2025-09-01,2025-09-12,2025-09-20,8,Annual,60
P-000254,LV-0000826,11,2025-11-01,2025-11-06,2025-11-18,12,Casual,60
P-000255,LV-0000827,1,2025-01-01,2025-01-12,2025-01-22,10,Annual,67
P-000255,LV-0000828,3,2025-03-01,2025-03-06,2025-03-15,9,Medical/Authorized,60
P-000255,LV-0000829,6,2025-06-01,2025-06-07,2025-06-17,10,Casual,90
P-000255,LV-0000830,12,2025-12-01,2025-12-08,2025-12-19,11,Annual,180
P-000256,LV-0000831,2,2025-02-01,2025-02-07,2025-02-20,13,Casual,85
P-000257,LV-0000832,2,2025-02-01,2025-02-08,2025-02-17,9,Casual,79
P-000257,LV-0000833,4,2025-04-01,2025-04-08,2025-04-19,11,Annual,60
P-000257,LV-0000834,6,2025-06-01,2025-06-11,2025-06-26,15,Recovery,60
P-000257,LV-0000835,8,2025-08-01,2025-08-07,2025-08-18,11,Annual,60
P-000257,LV-0000836,10,2025-10-01,2025-10-07,2025-10-15,8,Annual,60
P-000257,LV-0000837,12,2025-12-01,2025-12-06,2025-12-16,10,Annual,60
P-000258,LV-0000838,1,2025-01-01,2025-01-07,2025-01-15,8,Annual,86
P-000258,LV-0000839,8,2025-08-01,2025-08-08,2025-08-15,7,Casual,210
P-000258,LV-0000840,11,2025-11-01,2025-11-07,2025-11-15,8,Annual,90
P-000259,LV-0000841,8,2025-08-01,2025-08-06,2025-08-11,5,Casual,257
P-000259,LV-0000842,10,2025-10-01,2025-10-10,2025-10-18,8,Casual,60
P-000259,LV-0000843,12,2025-12-01,2025-12-11,2025-12-20,9,Annual,60
P-000260,LV-0000844,1,2025-01-01,2025-01-12,2025-01-20,8,Casual,71
P-000260,LV-0000845,4,2025-04-01,2025-04-09,2025-04-21,12,Annual,90
P-000260,LV-0000846,10,2025-10-01,2025-10-11,2025-10-22,11,Medical/Authorized,180
P-000261,LV-0000847,1,2025-01-01,2025-01-11,2025-01-23,12,Medical/Authorized,73
P-000261,LV-0000848,9,2025-09-01,2025-09-10,2025-09-18,8,Medical/Authorized,240
P-000261,LV-0000849,11,2025-11-01,2025-11-08,2025-11-21,13,Annual,60
P-000262,LV-0000850,2,2025-02-01,2025-02-11,2025-02-20,9,Casual,114
P-000262,LV-0000851,4,2025-04-01,2025-04-12,2025-04-25,13,Casual,60
P-000262,LV-0000852,7,2025-07-01,2025-07-12,2025-07-22,10,Casual,90
P-000262,LV-0000853,11,2025-11-01,2025-11-06,2025-11-13,7,Annual,120
P-000263,LV-0000854,1,2025-01-01,2025-01-11,2025-01-19,8,Casual,71
P-000263,LV-0000855,5,2025-05-01,2025-05-06,2025-05-14,8,Annual,120
P-000263,LV-0000856,7,2025-07-01,2025-07-11,2025-07-23,12,Annual,60
P-000263,LV-0000857,9,2025-09-01,2025-09-09,2025-09-18,9,Casual,60
P-000263,LV-0000858,12,2025-12-01,2025-12-06,2025-12-16,10,Annual,90
P-000264,LV-0000859,2,2025-02-01,2025-02-06,2025-02-18,12,Casual,82
P-000264,LV-0000860,8,2025-08-01,2025-08-06,2025-08-11,5,Casual,180
P-000264,LV-0000861,10,2025-10-01,2025-10-06,2025-10-17,11,Casual,60
P-000265,LV-0000862,2,2025-02-01,2025-02-06,2025-02-13,7,Casual,110
P-000265,LV-0000863,4,2025-04-01,2025-04-09,2025-04-22,13,Casual,60
P-000265,LV-0000864,6,2025-06-01,2025-06-10,2025-06-24,14,Recovery,60
P-000265,LV-0000865,11,2025-11-01,2025-11-11,2025-11-22,11,Medical/Authorized,150
P-000266,LV-0000866,1,2025-01-01,2025-01-11,2025-01-21,10,Casual,63
P-000266,LV-0000867,10,2025-10-01,2025-10-07,2025-10-17,10,Annual,270
P-000267,LV-0000868,1,2025-01-01,2025-01-11,2025-01-23,12,Casual,86
P-000267,LV-0000869,7,2025-07-01,2025-07-08,2025-07-12,4,Casual,180
P-000267,LV-0000870,10,2025-10-01,2025-10-12,2025-10-24,12,Annual,90
P-000267,LV-0000871,12,2025-12-01,2025-12-09,2025-12-20,11,Annual,60
P-000268,LV-0000872,1,2025-01-01,2025-01-09,2025-01-16,7,Annual,72
P-000268,LV-0000873,8,2025-08-01,2025-08-06,2025-08-12,6,Casual,210
P-000269,LV-0000874,2,2025-02-01,2025-02-07,2025-02-15,8,Casual,78
P-000269,LV-0000875,4,2025-04-01,2025-04-07,2025-04-20,13,Medical/Authorized,60
P-000269,LV-0000876,7,2025-07-01,2025-07-11,2025-07-20,9,Annual,90
P-000269,LV-0000877,10,2025-10-01,2025-10-07,2025-10-15,8,Casual,90
P-000269,LV-0000878,12,2025-12-01,2025-12-09,2025-12-17,8,Annual,60
P-000270,LV-0000879,2,2025-02-01,2025-02-09,2025-02-18,9,Casual,110
P-000270,LV-0000880,5,2025-05-01,2025-05-08,2025-05-18,10,Annual,90
P-000270,LV-0000881,9,2025-09-01,2025-09-07,2025-09-20,13,Medical/Authorized,120
P-000270,LV-0000882,12,2025-12-01,2025-12-11,2025-12-24,13,Annual,90
P-000271,LV-0000883,7,2025-07-01,2025-07-08,2025-07-11,3,Casual,257
P-000273,LV-0000884,9,2025-09-01,2025-09-12,2025-09-16,4,Casual,286
P-000274,LV-0000885,2,2025-02-01,2025-02-10,2025-02-19,9,Annual,81
P-000274,LV-0000886,4,2025-04-01,2025-04-11,2025-04-19,8,Casual,60
P-000274,LV-0000887,6,2025-06-01,2025-06-09,2025-06-24,15,Recovery,60
P-000274,LV-0000888,8,2025-08-01,2025-08-11,2025-08-24,13,Medical/Authorized,60
P-000274,LV-0000889,10,2025-10-01,2025-10-09,2025-10-19,10,Annual,60
P-000275,LV-0000890,1,2025-01-01,2025-01-12,2025-01-20,8,Casual,85
P-000275,LV-0000891,6,2025-06-01,2025-06-09,2025-06-14,5,Casual,150
P-000275,LV-0000892,10,2025-10-01,2025-10-07,2025-10-15,8,Casual,120
P-000275,LV-0000893,12,2025-12-01,2025-12-12,2025-12-22,10,Casual,60
P-000276,LV-0000894,5,2025-05-01,2025-05-09,2025-05-13,4,Casual,191
P-000276,LV-0000895,9,2025-09-01,2025-09-10,2025-09-19,9,Casual,120
P-000276,LV-0000896,12,2025-12-01,2025-12-06,2025-12-15,9,Annual,90
P-000277,LV-0000897,4,2025-04-01,2025-04-09,2025-04-13,4,Casual,164
P-000278,LV-0000898,1,2025-01-01,2025-01-07,2025-01-15,8,Annual,76
P-000278,LV-0000899,3,2025-03-01,2025-03-09,2025-03-18,9,Casual,60
P-000278,LV-0000900,12,2025-12-01,2025-12-12,2025-12-19,7,Annual,270
P-000279,LV-0000901,2,2025-02-01,2025-02-07,2025-02-15,8,Casual,82
P-000279,LV-0000902,9,2025-09-01,2025-09-11,2025-09-16,5,Casual,210
P-000280,LV-0000903,6,2025-06-01,2025-06-08,2025-06-12,4,Casual,220
P-000280,LV-0000904,12,2025-12-01,2025-12-10,2025-12-13,3,Casual,180
P-000281,LV-0000905,1,2025-01-01,2025-01-09,2025-01-16,7,Casual,82
P-000281,LV-0000906,4,2025-04-01,2025-04-08,2025-04-20,12,Casual,90
P-000281,LV-0000907,6,2025-06-01,2025-06-11,2025-06-24,13,Recovery,60
P-000281,LV-0000908,9,2025-09-01,2025-09-09,2025-09-18,9,Casual,90
P-000282,LV-0000909,1,2025-01-01,2025-01-08,2025-01-16,8,Annual,77
P-000282,LV-0000910,4,2025-04-01,2025-04-09,2025-04-16,7,Annual,90
P-000282,LV-0000911,7,2025-07-01,2025-07-06,2025-07-19,13,Annual,90
P-000282,LV-0000912,9,2025-09-01,2025-09-07,2025-09-19,12,Casual,60
P-000283,LV-0000913,2,2025-02-01,2025-02-06,2025-02-16,10,Annual,87
P-000283,LV-0000914,4,2025-04-01,2025-04-12,2025-04-20,8,Medical/Authorized,60
P-000283,LV-0000915,8,2025-08-01,2025-08-09,2025-08-20,11,Annual,120
P-000284,LV-0000916,2,2025-02-01,2025-02-08,2025-02-16,8,Annual,96
P-000284,LV-0000917,4,2025-04-01,2025-04-07,2025-04-20,13,Annual,60
P-000284,LV-0000918,6,2025-06-01,2025-06-06,2025-06-15,9,Casual,60
P-000284,LV-0000919,10,2025-10-01,2025-10-12,2025-10-22,10,Medical/Authorized,120
P-000285,LV-0000920,3,2025-03-01,2025-03-09,2025-03-18,9,Annual,116
P-000285,LV-0000921,11,2025-11-01,2025-11-06,2025-11-19,13,Casual,240
P-000286,LV-0000922,6,2025-06-01,2025-06-07,2025-06-18,11,Casual,221
P-000286,LV-0000923,8,2025-08-01,2025-08-09,2025-08-17,8,Annual,60
P-000286,LV-0000924,10,2025-10-01,2025-10-10,2025-10-21,11,Annual,60
P-000287,LV-0000925,3,2025-03-01,2025-03-11,2025-03-22,11,Casual,113
P-000287,LV-0000926,5,2025-05-01,2025-05-08,2025-05-15,7,Annual,60
P-000287,LV-0000927,9,2025-09-01,2025-09-07,2025-09-19,12,Annual,120
P-000288,LV-0000928,5,2025-05-01,2025-05-11,2025-05-17,6,Casual,200
P-000289,LV-0000929,1,2025-01-01,2025-01-09,2025-01-22,13,Annual,68
P-000289,LV-0000930,5,2025-05-01,2025-05-06,2025-05-14,8,Casual,120
P-000289,LV-0000931,8,2025-08-01,2025-08-08,2025-08-16,8,Annual,90
P-000289,LV-0000932,10,2025-10-01,2025-10-08,2025-10-21,13,Casual,60
P-000289,LV-0000933,12,2025-12-01,2025-12-07,2025-12-18,11,Casual,60
P-000290,LV-0000934,1,2025-01-01,2025-01-09,2025-01-22,13,Casual,76
P-000290,LV-0000935,3,2025-03-01,2025-03-11,2025-03-19,8,Casual,60
P-000290,LV-0000936,9,2025-09-01,2025-09-07,2025-09-14,7,Casual,180
P-000291,LV-0000937,2,2025-02-01,2025-02-07,2025-02-20,13,Annual,96
P-000291,LV-0000938,5,2025-05-01,2025-05-08,2025-05-20,12,Medical/Authorized,90
P-000291,LV-0000939,10,2025-10-01,2025-10-08,2025-10-16,8,Casual,150
P-000292,LV-0000940,6,2025-06-01,2025-06-09,2025-06-22,13,Casual,221
P-000292,LV-0000941,9,2025-09-01,2025-09-09,2025-09-20,11,Medical/Authorized,90
P-000292,LV-0000942,11,2025-11-01,2025-11-11,2025-11-21,10,Annual,60
P-000293,LV-0000943,7,2025-07-01,2025-07-09,2025-07-14,5,Casual,267
P-000294,LV-0000944,3,2025-03-01,2025-03-10,2025-03-17,7,Annual,145
P-000294,LV-0000945,5,2025-05-01,2025-05-11,2025-05-21,10,Annual,60
P-000294,LV-0000946,11,2025-11-01,2025-11-09,2025-11-19,10,Annual,180
P-000295,LV-0000947,1,2025-01-01,2025-01-07,2025-01-17,10,Annual,74
P-000295,LV-0000948,8,2025-08-01,2025-08-10,2025-08-18,8,Annual,210
P-000295,LV-0000949,10,2025-10-01,2025-10-12,2025-10-22,10,Annual,60
P-000296,LV-0000950,8,2025-08-01,2025-08-09,2025-08-14,5,Casual,259
P-000296,LV-0000951,10,2025-10-01,2025-10-08,2025-10-15,7,Annual,60
P-000297,LV-0000952,2,2025-02-01,2025-02-06,2025-02-14,8,Annual,91
P-000297,LV-0000953,11,2025-11-01,2025-11-10,2025-11-17,7,Annual,270
P-000298,LV-0000954,1,2025-01-01,2025-01-10,2025-01-18,8,Casual,61
P-000298,LV-0000955,3,2025-03-01,2025-03-09,2025-03-18,9,Annual,60
P-000298,LV-0000956,6,2025-06-01,2025-06-11,2025-06-24,13,Annual,90
P-000298,LV-0000957,10,2025-10-01,2025-10-07,2025-10-17,10,Casual,120
P-000298,LV-0000958,12,2025-12-01,2025-12-10,2025-12-19,9,Casual,60
P-000299,LV-0000959,3,2025-03-01,2025-03-11,2025-03-21,10,Casual,105
P-000299,LV-0000960,11,2025-11-01,2025-11-08,2025-11-19,11,Casual,240
P-000300,LV-0000961,5,2025-05-01,2025-05-08,2025-05-21,13,Casual,179
P-000300,LV-0000962,8,2025-08-01,2025-08-08,2025-08-20,12,Casual,90
P-000300,LV-0000963,12,2025-12-01,2025-12-11,2025-12-19,8,Annual,120
P-000301,LV-0000964,5,2025-05-01,2025-05-06,2025-05-15,9,Annual,191
P-000301,LV-0000965,9,2025-09-01,2025-09-09,2025-09-18,9,Medical/Authorized,120
P-000301,LV-0000966,11,2025-11-01,2025-11-09,2025-11-16,7,Casual,60
P-000302,LV-0000967,2,2025-02-01,2025-02-10,2025-02-22,12,Annual,85
P-000302,LV-0000968,9,2025-09-01,2025-09-12,2025-09-25,13,Annual,210
P-000302,LV-0000969,11,2025-11-01,2025-11-07,2025-11-17,10,Medical/Authorized,60
P-000303,LV-0000970,3,2025-03-01,2025-03-07,2025-03-14,7,Casual,123
P-000303,LV-0000971,8,2025-08-01,2025-08-12,2025-08-19,7,Casual,150
P-000303,LV-0000972,12,2025-12-01,2025-12-10,2025-12-19,9,Annual,120
P-000304,LV-0000973,2,2025-02-01,2025-02-11,2025-02-21,10,Casual,116
P-000304,LV-0000974,8,2025-08-01,2025-08-12,2025-08-16,4,Casual,180
P-000304,LV-0000975,10,2025-10-01,2025-10-07,2025-10-20,13,Annual,60
P-000305,LV-0000976,2,2025-02-01,2025-02-07,2025-02-15,8,Annual,88
P-000305,LV-0000977,7,2025-07-01,2025-07-06,2025-07-12,6,Casual,150
P-000305,LV-0000978,10,2025-10-01,2025-10-07,2025-10-19,12,Annual,90
P-000305,LV-0000979,12,2025-12-01,2025-12-07,2025-12-19,12,Medical/Authorized,60
P-000306,LV-0000980,2,2025-02-01,2025-02-07,2025-02-20,13,Casual,83
P-000306,LV-0000981,5,2025-05-01,2025-05-11,2025-05-18,7,Annual,90
P-000307,LV-0000982,3,2025-03-01,2025-03-08,2025-03-21,13,Annual,116
P-000307,LV-0000983,10,2025-10-01,2025-10-09,2025-10-19,10,Annual,210
P-000308,LV-0000984,1,2025-01-01,2025-01-10,2025-01-17,7,Annual,68
P-000308,LV-0000985,3,2025-03-01,2025-03-07,2025-03-19,12,Annual,60
P-000308,LV-0000986,6,2025-06-01,2025-06-09,2025-06-19,10,Casual,90
P-000308,LV-0000987,10,2025-10-01,2025-10-11,2025-10-23,12,Annual,120
P-000309,LV-0000988,4,2025-04-01,2025-04-10,2025-04-13,3,Casual,164
P-000309,LV-0000989,10,2025-10-01,2025-10-07,2025-10-12,5,Casual,180
P-000310,LV-0000990,2,2025-02-01,2025-02-12,2025-02-23,11,Medical/Authorized,89
P-000310,LV-0000991,9,2025-09-01,2025-09-11,2025-09-21,10,Medical/Authorized,210
P-000310,LV-0000992,11,2025-11-01,2025-11-08,2025-11-19,11,Casual,60
P-000311,LV-0000993,4,2025-04-01,2025-04-08,2025-04-19,11,Casual,145
P-000311,LV-0000994,6,2025-06-01,2025-06-11,2025-06-23,12,Annual,60
P-000312,LV-0000995,2,2025-02-01,2025-02-10,2025-02-22,12,Annual,83
P-000312,LV-0000996,9,2025-09-01,2025-09-09,2025-09-16,7,Annual,210
P-000313,LV-0000997,3,2025-03-01,2025-03-08,2025-03-16,8,Annual,142
P-000313,LV-0000998,6,2025-06-01,2025-06-09,2025-06-22,13,Casual,90
P-000313,LV-0000999,9,2025-09-01,2025-09-09,2025-09-21,12,Casual,90
P-000313,LV-0001000,11,2025-11-01,2025-11-12,2025-11-19,7,Annual,60
P-000314,LV-0001001,7,2025-07-01,2025-07-06,2025-07-19,13,Annual,263
P-000314,LV-0001002,10,2025-10-01,2025-10-10,2025-10-18,8,Casual,90
P-000314,LV-0001003,12,2025-12-01,2025-12-09,2025-12-17,8,Annual,60
P-000315,LV-0001004,12,2025-12-01,2025-12-11,2025-12-16,5,Casual,394
P-000316,LV-0001005,3,2025-03-01,2025-03-12,2025-03-17,5,Casual,128
P-000316,LV-0001006,12,2025-12-01,2025-12-06,2025-12-15,9,Medical/Authorized,270
P-000317,LV-0001007,1,2025-01-01,2025-01-09,2025-01-20,11,Medical/Authorized,87
P-000317,LV-0001008,3,2025-03-01,2025-03-08,2025-03-19,11,Casual,60
P-000317,LV-0001009,5,2025-05-01,2025-05-12,2025-05-24,12,Casual,60
P-000317,LV-0001010,7,2025-07-01,2025-07-07,2025-07-15,8,Casual,60
P-000317,LV-0001011,9,2025-09-01,2025-09-08,2025-09-15,7,Casual,60
P-000317,LV-0001012,11,2025-11-01,2025-11-06,2025-11-17,11,Medical/Authorized,60
P-000318,LV-0001013,1,2025-01-01,2025-01-06,2025-01-19,13,Medical/Authorized,65
P-000318,LV-0001014,3,2025-03-01,2025-03-07,2025-03-18,11,Casual,60
P-000318,LV-0001015,5,2025-05-01,2025-05-10,2025-05-19,9,Annual,60
P-000318,LV-0001016,7,2025-07-01,2025-07-09,2025-07-21,12,Annual,60
P-000318,LV-0001017,10,2025-10-01,2025-10-07,2025-10-15,8,Casual,90
P-000318,LV-0001018,12,2025-12-01,2025-12-11,2025-12-22,11,Casual,60
P-000319,LV-0001019,2,2025-02-01,2025-02-09,2025-02-21,12,Annual,92
P-000319,LV-0001020,4,2025-04-01,2025-04-07,2025-04-14,7,Annual,60
P-000319,LV-0001021,6,2025-06-01,2025-06-07,2025-06-18,11,Medical/Authorized,60
P-000319,LV-0001022,10,2025-10-01,2025-10-07,2025-10-19,12,Casual,120
P-000320,LV-0001023,1,2025-01-01,2025-01-10,2025-01-18,8,Annual,62
P-000320,LV-0001024,3,2025-03-01,2025-03-07,2025-03-20,13,Casual,60
P-000320,LV-0001025,5,2025-05-01,2025-05-09,2025-05-18,9,Casual,60
P-000320,LV-0001026,7,2025-07-01,2025-07-09,2025-07-19,10,Annual,60
P-000320,LV-0001027,9,2025-09-01,2025-09-11,2025-09-22,11,Casual,60
P-000321,LV-0001028,1,2025-01-01,2025-01-08,2025-01-20,12,Annual,64
P-000321,LV-0001029,6,2025-06-01,2025-06-10,2025-06-15,5,Casual,150
P-000321,LV-0001030,12,2025-12-01,2025-12-08,2025-12-20,12,Annual,180
P-000322,LV-0001031,2,2025-02-01,2025-02-11,2025-02-19,8,Casual,77
P-000322,LV-0001032,7,2025-07-01,2025-07-08,2025-07-12,4,Casual,150
P-000323,LV-0001033,1,2025-01-01,2025-01-10,2025-01-19,9,Annual,71
P-000323,LV-0001034,6,2025-06-01,2025-06-08,2025-06-14,6,Casual,150
P-000323,LV-0001035,12,2025-12-01,2025-12-11,2025-12-22,11,Annual,180
P-000324,LV-0001036,1,2025-01-01,2025-01-12,2025-01-25,13,Casual,81
P-000324,LV-0001037,3,2025-03-01,2025-03-09,2025-03-18,9,Casual,60
P-000324,LV-0001038,8,2025-08-01,2025-08-07,2025-08-16,9,Annual,150
P-000324,LV-0001039,12,2025-12-01,2025-12-09,2025-12-16,7,Casual,120
P-000325,LV-0001040,1,2025-01-01,2025-01-06,2025-01-19,13,Annual,85
P-000325,LV-0001041,5,2025-05-01,2025-05-07,2025-05-16,9,Annual,120
P-000325,LV-0001042,10,2025-10-01,2025-10-09,2025-10-18,9,Annual,150
P-000326,LV-0001043,1,2025-01-01,2025-01-10,2025-01-17,7,Annual,75
P-000326,LV-0001044,10,2025-10-01,2025-10-06,2025-10-15,9,Medical/Authorized,270
P-000327,LV-0001045,3,2025-03-01,2025-03-12,2025-03-19,7,Casual,147
P-000327,LV-0001046,9,2025-09-01,2025-09-07,2025-09-14,7,Annual,180
P-000328,LV-0001047,1,2025-01-01,2025-01-11,2025-01-23,12,Casual,89
P-000328,LV-0001048,3,2025-03-01,2025-03-06,2025-03-13,7,Annual,60
P-000328,LV-0001049,11,2025-11-01,2025-11-07,2025-11-14,7,Annual,240
P-000329,LV-0001050,3,2025-03-01,2025-03-11,2025-03-21,10,Annual,146
P-000329,LV-0001051,9,2025-09-01,2025-09-12,2025-09-25,13,Annual,180
P-000329,LV-0001052,12,2025-12-01,2025-12-07,2025-12-20,13,Annual,90
P-000330,LV-0001053,4,2025-04-01,2025-04-11,2025-04-24,13,Casual,172
P-000330,LV-0001054,6,2025-06-01,2025-06-06,2025-06-18,12,Annual,60
P-000330,LV-0001055,9,2025-09-01,2025-09-10,2025-09-19,9,Annual,90
P-000331,LV-0001056,4,2025-04-01,2025-04-09,2025-04-19,10,Medical/Authorized,170
P-000331,LV-0001057,7,2025-07-01,2025-07-09,2025-07-18,9,Medical/Authorized,90
P-000331,LV-0001058,12,2025-12-01,2025-12-12,2025-12-20,8,Medical/Authorized,150
P-000332,LV-0001059,6,2025-06-01,2025-06-10,2025-06-14,4,Casual,196
P-000332,LV-0001060,11,2025-11-01,2025-11-12,2025-11-22,10,Annual,150
P-000333,LV-0001061,1,2025-01-01,2025-01-09,2025-01-21,12,Casual,72
P-000333,LV-0001062,6,2025-06-01,2025-06-09,2025-06-17,8,Casual,150
P-000333,LV-0001063,9,2025-09-01,2025-09-06,2025-09-16,10,Annual,90
P-000333,LV-0001064,12,2025-12-01,2025-12-09,2025-12-17,8,Annual,90
P-000334,LV-0001065,2,2025-02-01,2025-02-10,2025-02-23,13,Annual,83
P-000334,LV-0001066,4,2025-04-01,2025-04-08,2025-04-17,9,Casual,60
P-000334,LV-0001067,9,2025-09-01,2025-09-12,2025-09-22,10,Annual,150
P-000334,LV-0001068,11,2025-11-01,2025-11-06,2025-11-17,11,Casual,60
P-000335,LV-0001069,3,2025-03-01,2025-03-09,2025-03-17,8,Annual,112
P-000335,LV-0001070,5,2025-05-01,2025-05-08,2025-05-18,10,Annual,60
P-000335,LV-0001071,8,2025-08-01,2025-08-07,2025-08-16,9,Annual,90
P-000335,LV-0001072,10,2025-10-01,2025-10-10,2025-10-18,8,Annual,60
P-000336,LV-0001073,8,2025-08-01,2025-08-07,2025-08-14,7,Annual,258
P-000336,LV-0001074,10,2025-10-01,2025-10-06,2025-10-16,10,Annual,60
P-000337,LV-0001075,5,2025-05-01,2025-05-11,2025-05-16,5,Casual,183
P-000337,LV-0001076,12,2025-12-01,2025-12-09,2025-12-14,5,Casual,210
P-000338,LV-0001077,2,2025-02-01,2025-02-08,2025-02-20,12,Casual,117
P-000338,LV-0001078,10,2025-10-01,2025-10-09,2025-10-21,12,Annual,240
P-000338,LV-0001079,12,2025-12-01,2025-12-11,2025-12-21,10,Annual,60
P-000339,LV-0001080,3,2025-03-01,2025-03-09,2025-03-18,9,Annual,139
P-000339,LV-0001081,5,2025-05-01,2025-05-06,2025-05-14,8,Annual,60
P-000339,LV-0001082,7,2025-07-01,2025-07-07,2025-07-14,7,Annual,60
P-000339,LV-0001083,9,2025-09-01,2025-09-12,2025-09-19,7,Casual,60
P-000339,LV-0001084,11,2025-11-01,2025-11-08,2025-11-17,9,Medical/Authorized,60
P-000340,LV-0001085,5,2025-05-01,2025-05-08,2025-05-18,10,Casual,204
P-000340,LV-0001086,7,2025-07-01,2025-07-11,2025-07-21,10,Annual,60
P-000340,LV-0001087,9,2025-09-01,2025-09-06,2025-09-19,13,Casual,60
P-000341,LV-0001088,4,2025-04-01,2025-04-09,2025-04-21,12,Casual,167
P-000341,LV-0001089,12,2025-12-01,2025-12-08,2025-12-19,11,Annual,240
P-000342,LV-0001090,1,2025-01-01,2025-01-10,2025-01-17,7,Annual,86
P-000342,LV-0001091,3,2025-03-01,2025-03-06,2025-03-16,10,Annual,60
P-000342,LV-0001092,8,2025-08-01,2025-08-12,2025-08-24,12,Casual,150
P-000342,LV-0001093,11,2025-11-01,2025-11-06,2025-11-19,13,Annual,90
P-000343,LV-0001094,7,2025-07-01,2025-07-06,2025-07-14,8,Casual,255
P-000343,LV-0001095,10,2025-10-01,2025-10-07,2025-10-20,13,Annual,90
P-000344,LV-0001096,4,2025-04-01,2025-04-07,2025-04-18,11,Medical/Authorized,179
P-000344,LV-0001097,7,2025-07-01,2025-07-11,2025-07-21,10,Casual,90
P-000344,LV-0001098,10,2025-10-01,2025-10-12,2025-10-25,13,Annual,90
P-000345,LV-0001099,2,2025-02-01,2025-02-06,2025-02-15,9,Medical/Authorized,77
P-000345,LV-0001100,8,2025-08-01,2025-08-07,2025-08-20,13,Annual,180
P-000346,LV-0001101,2,2025-02-01,2025-02-06,2025-02-13,7,Casual,86
P-000346,LV-0001102,9,2025-09-01,2025-09-08,2025-09-20,12,Casual,210
P-000346,LV-0001103,11,2025-11-01,2025-11-08,2025-11-18,10,Casual,60
P-000347,LV-0001104,2,2025-02-01,2025-02-10,2025-02-23,13,Casual,113
P-000347,LV-0001105,12,2025-12-01,2025-12-09,2025-12-19,10,Annual,300
P-000348,LV-0001106,1,2025-01-01,2025-01-12,2025-01-21,9,Annual,73
P-000348,LV-0001107,4,2025-04-01,2025-04-12,2025-04-22,10,Casual,90
P-000348,LV-0001108,8,2025-08-01,2025-08-06,2025-08-19,13,Annual,120
P-000348,LV-0001109,11,2025-11-01,2025-11-06,2025-11-17,11,Annual,90
P-000349,LV-0001110,1,2025-01-01,2025-01-08,2025-01-18,10,Casual,75
P-000349,LV-0001111,5,2025-05-01,2025-05-06,2025-05-16,10,Annual,120
P-000349,LV-0001112,8,2025-08-01,2025-08-07,2025-08-15,8,Medical/Authorized,90
P-000349,LV-0001113,10,2025-10-01,2025-10-11,2025-10-24,13,Casual,60
P-000350,LV-0001114,2,2025-02-01,2025-02-11,2025-02-20,9,Casual,100
P-000350,LV-0001115,10,2025-10-01,2025-10-07,2025-10-14,7,Annual,240
P-000351,LV-0001116,3,2025-03-01,2025-03-12,2025-03-21,9,Casual,123
P-000352,LV-0001117,5,2025-05-01,2025-05-10,2025-05-15,5,Casual,165
P-000353,LV-0001118,2,2025-02-01,2025-02-12,2025-02-22,10,Annual,79
P-000353,LV-0001119,12,2025-12-01,2025-12-11,2025-12-23,12,Annual,300
P-000354,LV-0001120,2,2025-02-01,2025-02-06,2025-02-19,13,Annual,111
P-000354,LV-0001121,9,2025-09-01,2025-09-11,2025-09-23,12,Annual,210
P-000354,LV-0001122,11,2025-11-01,2025-11-07,2025-11-14,7,Casual,60
P-000355,LV-0001123,4,2025-04-01,2025-04-07,2025-04-15,8,Annual,159
P-000355,LV-0001124,6,2025-06-01,2025-06-09,2025-06-19,10,Casual,60
P-000355,LV-0001125,8,2025-08-01,2025-08-11,2025-08-21,10,Annual,60
P-000355,LV-0001126,11,2025-11-01,2025-11-12,2025-11-20,8,Annual,90
P-000356,LV-0001127,6,2025-06-01,2025-06-09,2025-06-13,4,Casual,201
P-000356,LV-0001128,9,2025-09-01,2025-09-12,2025-09-24,12,Annual,90
P-000356,LV-0001129,11,2025-11-01,2025-11-06,2025-11-17,11,Annual,60
P-000357,LV-0001130,4,2025-04-01,2025-04-08,2025-04-18,10,Medical/Authorized,161
P-000357,LV-0001131,6,2025-06-01,2025-06-07,2025-06-17,10,Casual,60
P-000357,LV-0001132,8,2025-08-01,2025-08-11,2025-08-22,11,Annual,60
P-000358,LV-0001133,1,2025-01-01,2025-01-07,2025-01-18,11,Annual,74
P-000358,LV-0001134,12,2025-12-01,2025-12-12,2025-12-25,13,Annual,330
P-000359,LV-0001135,3,2025-03-01,2025-03-08,2025-03-16,8,Medical/Authorized,116
P-000359,LV-0001136,6,2025-06-01,2025-06-08,2025-06-20,12,Recovery,90
P-000359,LV-0001137,9,2025-09-01,2025-09-09,2025-09-17,8,Annual,90
P-000360,LV-0001138,1,2025-01-01,2025-01-11,2025-01-20,9,Medical/Authorized,66
P-000360,LV-0001139,7,2025-07-01,2025-07-07,2025-07-12,5,Casual,180
P-000361,LV-0001140,1,2025-01-01,2025-01-11,2025-01-22,11,Casual,82
P-000361,LV-0001141,4,2025-04-01,2025-04-07,2025-04-15,8,Casual,90
P-000361,LV-0001142,6,2025-06-01,2025-06-09,2025-06-18,9,Annual,60
P-000361,LV-0001143,8,2025-08-01,2025-08-07,2025-08-16,9,Annual,60
P-000361,LV-0001144,10,2025-10-01,2025-10-06,2025-10-15,9,Annual,60
P-000362,LV-0001145,1,2025-01-01,2025-01-06,2025-01-14,8,Annual,79
P-000362,LV-0001146,3,2025-03-01,2025-03-07,2025-03-15,8,Medical/Authorized,60
P-000362,LV-0001147,8,2025-08-01,2025-08-07,2025-08-11,4,Casual,150
P-000362,LV-0001148,11,2025-11-01,2025-11-10,2025-11-22,12,Casual,90
P-000363,LV-0001149,1,2025-01-01,2025-01-11,2025-01-21,10,Annual,67
P-000363,LV-0001150,3,2025-03-01,2025-03-07,2025-03-16,9,Casual,60
P-000363,LV-0001151,6,2025-06-01,2025-06-10,2025-06-19,9,Annual,90
P-000363,LV-0001152,8,2025-08-01,2025-08-07,2025-08-20,13,Annual,60
P-000363,LV-0001153,10,2025-10-01,2025-10-12,2025-10-23,11,Annual,60
P-000363,LV-0001154,12,2025-12-01,2025-12-10,2025-12-18,8,Casual,60
P-000364,LV-0001155,3,2025-03-01,2025-03-07,2025-03-20,13,Annual,108
P-000364,LV-0001156,8,2025-08-01,2025-08-12,2025-08-16,4,Casual,150
P-000364,LV-0001157,11,2025-11-01,2025-11-11,2025-11-20,9,Annual,90
P-000365,LV-0001158,2,2025-02-01,2025-02-10,2025-02-23,13,Annual,98
P-000365,LV-0001159,5,2025-05-01,2025-05-11,2025-05-22,11,Annual,90
P-000365,LV-0001160,6,2025-06-01,2025-06-10,2025-06-25,15,Recovery,30
P-000365,LV-0001161,8,2025-08-01,2025-08-09,2025-08-22,13,Annual,60
P-000365,LV-0001162,10,2025-10-01,2025-10-11,2025-10-22,11,Annual,60
P-000366,LV-0001163,1,2025-01-01,2025-01-08,2025-01-21,13,Casual,67
P-000366,LV-0001164,4,2025-04-01,2025-04-07,2025-04-15,8,Annual,90
P-000366,LV-0001165,6,2025-06-01,2025-06-08,2025-06-17,9,Casual,60
P-000366,LV-0001166,9,2025-09-01,2025-09-07,2025-09-16,9,Casual,90
P-000366,LV-0001167,12,2025-12-01,2025-12-10,2025-12-20,10,Annual,90
P-000367,LV-0001168,3,2025-03-01,2025-03-07,2025-03-16,9,Annual,116
P-000367,LV-0001169,6,2025-06-01,2025-06-08,2025-06-16,8,Casual,90
P-000367,LV-0001170,10,2025-10-01,2025-10-08,2025-10-21,13,Casual,120
P-000367,LV-0001171,12,2025-12-01,2025-12-06,2025-12-19,13,Annual,60
P-000368,LV-0001172,2,2025-02-01,2025-02-11,2025-02-19,8,Annual,113
P-000368,LV-0001173,4,2025-04-01,2025-04-11,2025-04-19,8,Medical/Authorized,60
P-000368,LV-0001174,6,2025-06-01,2025-06-07,2025-06-24,17,Recovery,60
P-000368,LV-0001175,11,2025-11-01,2025-11-09,2025-11-16,7,Annual,150
P-000369,LV-0001176,3,2025-03-01,2025-03-12,2025-03-21,9,Casual,142
P-000369,LV-0001177,5,2025-05-01,2025-05-09,2025-05-19,10,Annual,60
P-000369,LV-0001178,7,2025-07-01,2025-07-07,2025-07-20,13,Annual,60
P-000369,LV-0001179,11,2025-11-01,2025-11-06,2025-11-13,7,Medical/Authorized,120
P-000370,LV-0001180,3,2025-03-01,2025-03-07,2025-03-18,11,Casual,111
P-000370,LV-0001181,8,2025-08-01,2025-08-12,2025-08-23,11,Annual,150
P-000370,LV-0001182,10,2025-10-01,2025-10-09,2025-10-22,13,Annual,60
P-000370,LV-0001183,12,2025-12-01,2025-12-07,2025-12-19,12,Annual,60
P-000371,LV-0001184,5,2025-05-01,2025-05-09,2025-05-20,11,Casual,171
P-000371,LV-0001185,10,2025-10-01,2025-10-08,2025-10-19,11,Annual,150
P-000371,LV-0001186,12,2025-12-01,2025-12-08,2025-12-17,9,Casual,60
P-000372,LV-0001187,1,2025-01-01,2025-01-09,2025-01-21,12,Casual,78
P-000372,LV-0001188,7,2025-07-01,2025-07-07,2025-07-17,10,Medical/Authorized,180
P-000372,LV-0001189,9,2025-09-01,2025-09-08,2025-09-21,13,Annual,60
P-000373,LV-0001190,1,2025-01-01,2025-01-07,2025-01-15,8,Annual,69
P-000373,LV-0001191,3,2025-03-01,2025-03-11,2025-03-18,7,Annual,60
P-000373,LV-0001192,5,2025-05-01,2025-05-07,2025-05-19,12,Annual,60
P-000373,LV-0001193,11,2025-11-01,2025-11-10,2025-11-23,13,Annual,180
P-000374,LV-0001194,3,2025-03-01,2025-03-10,2025-03-17,7,Casual,121
P-000374,LV-0001195,11,2025-11-01,2025-11-09,2025-11-20,11,Annual,240
P-000375,LV-0001196,2,2025-02-01,2025-02-06,2025-02-18,12,Annual,108
P-000375,LV-0001197,4,2025-04-01,2025-04-07,2025-04-14,7,Annual,60
P-000375,LV-0001198,6,2025-06-01,2025-06-06,2025-06-17,11,Casual,60
P-000375,LV-0001199,9,2025-09-01,2025-09-12,2025-09-23,11,Casual,90
P-000376,LV-0001200,8,2025-08-01,2025-08-12,2025-08-25,13,Annual,288
P-000376,LV-0001201,12,2025-12-01,2025-12-09,2025-12-17,8,Annual,120
P-000377,LV-0001202,4,2025-04-01,2025-04-12,2025-04-17,5,Casual,175
P-000377,LV-0001203,11,2025-11-01,2025-11-07,2025-11-12,5,Casual,210
P-000378,LV-0001204,2,2025-02-01,2025-02-08,2025-02-19,11,Casual,99
P-000378,LV-0001205,8,2025-08-01,2025-08-06,2025-08-13,7,Casual,180
P-000378,LV-0001206,10,2025-10-01,2025-10-07,2025-10-19,12,Annual,60
P-000378,LV-0001207,12,2025-12-01,2025-12-06,2025-12-16,10,Annual,60
P-000379,LV-0001208,9,2025-09-01,2025-09-06,2025-09-10,4,Casual,299
P-000380,LV-0001209,1,2025-01-01,2025-01-06,2025-01-16,10,Casual,66
P-000380,LV-0001210,3,2025-03-01,2025-03-12,2025-03-23,11,Casual,60
P-000380,LV-0001211,5,2025-05-01,2025-05-11,2025-05-24,13,Medical/Authorized,60
P-000380,LV-0001212,7,2025-07-01,2025-07-10,2025-07-18,8,Casual,60
P-000380,LV-0001213,9,2025-09-01,2025-09-10,2025-09-21,11,Annual,60
P-000380,LV-0001214,11,2025-11-01,2025-11-08,2025-11-21,13,Annual,60
P-000381,LV-0001215,1,2025-01-01,2025-01-07,2025-01-18,11,Annual,81
P-000381,LV-0001216,4,2025-04-01,2025-04-07,2025-04-18,11,Annual,90
P-000381,LV-0001217,6,2025-06-01,2025-06-08,2025-06-18,10,Casual,60
P-000381,LV-0001218,8,2025-08-01,2025-08-10,2025-08-19,9,Casual,60
P-000381,LV-0001219,11,2025-11-01,2025-11-10,2025-11-20,10,Annual,90
P-000382,LV-0001220,2,2025-02-01,2025-02-11,2025-02-21,10,Medical/Authorized,78
P-000382,LV-0001221,10,2025-10-01,2025-10-12,2025-10-19,7,Medical/Authorized,240
P-000382,LV-0001222,12,2025-12-01,2025-12-08,2025-12-17,9,Annual,60
P-000383,LV-0001223,2,2025-02-01,2025-02-07,2025-02-16,9,Medical/Authorized,83
P-000383,LV-0001224,9,2025-09-01,2025-09-12,2025-09-20,8,Annual,210
P-000383,LV-0001225,11,2025-11-01,2025-11-09,2025-11-20,11,Casual,60
P-000384,LV-0001226,1,2025-01-01,2025-01-11,2025-01-24,13,Casual,86
P-000384,LV-0001227,3,2025-03-01,2025-03-09,2025-03-20,11,Annual,60
P-000384,LV-0001228,6,2025-06-01,2025-06-06,2025-06-20,14,Recovery,90
P-000384,LV-0001229,9,2025-09-01,2025-09-07,2025-09-18,11,Annual,90
P-000385,LV-0001230,2,2025-02-01,2025-02-08,2025-02-21,13,Annual,79
P-000387,LV-0001231,1,2025-01-01,2025-01-11,2025-01-19,8,Medical/Authorized,64
P-000387,LV-0001232,10,2025-10-01,2025-10-08,2025-10-18,10,Casual,270
P-000388,LV-0001233,3,2025-03-01,2025-03-06,2025-03-17,11,Annual,106
P-000388,LV-0001234,5,2025-05-01,2025-05-07,2025-05-18,11,Annual,60
P-000388,LV-0001235,7,2025-07-01,2025-07-12,2025-07-20,8,Annual,60
P-000388,LV-0001236,10,2025-10-01,2025-10-09,2025-10-22,13,Annual,90
P-000389,LV-0001237,3,2025-03-01,2025-03-11,2025-03-17,6,Casual,126
P-000390,LV-0001238,6,2025-06-01,2025-06-08,2025-06-13,5,Casual,197
P-000391,LV-0001239,1,2025-01-01,2025-01-06,2025-01-16,10,Casual,84
P-000391,LV-0001240,7,2025-07-01,2025-07-11,2025-07-21,10,Annual,180
P-000391,LV-0001241,9,2025-09-01,2025-09-06,2025-09-17,11,Annual,60
P-000391,LV-0001242,12,2025-12-01,2025-12-07,2025-12-14,7,Casual,90
P-000392,LV-0001243,2,2025-02-01,2025-02-10,2025-02-21,11,Annual,76
P-000392,LV-0001244,4,2025-04-01,2025-04-12,2025-04-20,8,Annual,60
P-000392,LV-0001245,7,2025-07-01,2025-07-06,2025-07-18,12,Annual,90
P-000392,LV-0001246,10,2025-10-01,2025-10-07,2025-10-17,10,Annual,90
P-000393,LV-0001247,1,2025-01-01,2025-01-07,2025-01-15,8,Annual,76
P-000393,LV-0001248,4,2025-04-01,2025-04-11,2025-04-20,9,Casual,90
P-000393,LV-0001249,7,2025-07-01,2025-07-11,2025-07-23,12,Casual,90
P-000393,LV-0001250,9,2025-09-01,2025-09-08,2025-09-16,8,Casual,60
P-000394,LV-0001251,4,2025-04-01,2025-04-10,2025-04-13,3,Casual,175
P-000394,LV-0001252,10,2025-10-01,2025-10-09,2025-10-14,5,Casual,180
P-000395,LV-0001253,1,2025-01-01,2025-01-08,2025-01-18,10,Annual,64
P-000395,LV-0001254,4,2025-04-01,2025-04-10,2025-04-19,9,Medical/Authorized,90
P-000395,LV-0001255,6,2025-06-01,2025-06-08,2025-06-21,13,Medical/Authorized,60
P-000395,LV-0001256,9,2025-09-01,2025-09-12,2025-09-24,12,Annual,90
P-000395,LV-0001257,11,2025-11-01,2025-11-10,2025-11-18,8,Annual,60
P-000396,LV-0001258,3,2025-03-01,2025-03-08,2025-03-15,7,Casual,110
P-000396,LV-0001259,5,2025-05-01,2025-05-12,2025-05-21,9,Annual,60
P-000396,LV-0001260,6,2025-06-01,2025-06-12,2025-06-24,12,Recovery,30
P-000396,LV-0001261,8,2025-08-01,2025-08-06,2025-08-15,9,Annual,60
P-000396,LV-0001262,10,2025-10-01,2025-10-07,2025-10-16,9,Casual,60
P-000397,LV-0001263,8,2025-08-01,2025-08-11,2025-08-16,5,Casual,264
P-000398,LV-0001264,1,2025-01-01,2025-01-12,2025-01-21,9,Annual,89
P-000398,LV-0001265,3,2025-03-01,2025-03-09,2025-03-21,12,Annual,60
P-000398,LV-0001266,10,2025-10-01,2025-10-09,2025-10-19,10,Casual,210
P-000399,LV-0001267,12,2025-12-01,2025-12-07,2025-12-17,10,Annual,405
P-000400,LV-0001268,2,2025-02-01,2025-02-11,2025-02-23,12,Medical/Authorized,93
P-000401,LV-0001269,3,2025-03-01,2025-03-06,2025-03-16,10,Annual,109
P-000401,LV-0001270,10,2025-10-01,2025-10-10,2025-10-19,9,Annual,210
P-000402,LV-0001271,4,2025-04-01,2025-04-10,2025-04-19,9,Casual,172
P-000402,LV-0001272,6,2025-06-01,2025-06-10,2025-06-24,14,Recovery,60
P-000402,LV-0001273,8,2025-08-01,2025-08-09,2025-08-18,9,Annual,60
P-000402,LV-0001274,10,2025-10-01,2025-10-09,2025-10-22,13,Casual,60
P-000403,LV-0001275,4,2025-04-01,2025-04-09,2025-04-13,4,Casual,146
P-000403,LV-0001276,11,2025-11-01,2025-11-11,2025-11-22,11,Casual,210
P-000404,LV-0001277,7,2025-07-01,2025-07-10,2025-07-15,5,Casual,244
P-000405,LV-0001278,4,2025-04-01,2025-04-09,2025-04-22,13,Annual,156
P-000405,LV-0001279,7,2025-07-01,2025-07-08,2025-07-19,11,Annual,90
P-000405,LV-0001280,11,2025-11-01,2025-11-10,2025-11-17,7,Casual,120
P-000406,LV-0001281,2,2025-02-01,2025-02-11,2025-02-18,7,Medical/Authorized,100
P-000406,LV-0001282,4,2025-04-01,2025-04-06,2025-04-15,9,Annual,60
P-000406,LV-0001283,6,2025-06-01,2025-06-12,2025-06-25,13,Recovery,60
P-000406,LV-0001284,8,2025-08-01,2025-08-07,2025-08-17,10,Casual,60
P-000406,LV-0001285,11,2025-11-01,2025-11-07,2025-11-17,10,Annual,90
P-000407,LV-0001286,5,2025-05-01,2025-05-08,2025-05-16,8,Annual,191
P-000407,LV-0001287,8,2025-08-01,2025-08-09,2025-08-16,7,Casual,90
P-000407,LV-0001288,10,2025-10-01,2025-10-06,2025-10-15,9,Annual,60
P-000407,LV-0001289,12,2025-12-01,2025-12-06,2025-12-15,9,Annual,60
P-000408,LV-0001290,2,2025-02-01,2025-02-07,2025-02-14,7,Annual,82
P-000408,LV-0001291,4,2025-04-01,2025-04-07,2025-04-16,9,Casual,60
P-000408,LV-0001292,7,2025-07-01,2025-07-07,2025-07-14,7,Annual,90
P-000408,LV-0001293,9,2025-09-01,2025-09-10,2025-09-19,9,Medical/Authorized,60
P-000408,LV-0001294,11,2025-11-01,2025-11-07,2025-11-17,10,Casual,60
P-000409,LV-0001295,1,2025-01-01,2025-01-10,2025-01-23,13,Casual,67
P-000409,LV-0001296,5,2025-05-01,2025-05-07,2025-05-15,8,Casual,120
P-000409,LV-0001297,6,2025-06-01,2025-06-12,2025-06-25,13,Recovery,30
P-000409,LV-0001298,9,2025-09-01,2025-09-08,2025-09-20,12,Annual,90
P-000410,LV-0001299,1,2025-01-01,2025-01-07,2025-01-14,7,Casual,83
P-000410,LV-0001300,3,2025-03-01,2025-03-12,2025-03-24,12,Medical/Authorized,60
P-000410,LV-0001301,5,2025-05-01,2025-05-06,2025-05-15,9,Medical/Authorized,60
P-000410,LV-0001302,8,2025-08-01,2025-08-12,2025-08-19,7,Annual,90
P-000410,LV-0001303,10,2025-10-01,2025-10-12,2025-10-24,12,Casual,60
P-000410,LV-0001304,12,2025-12-01,2025-12-09,2025-12-22,13,Annual,60
P-000411,LV-0001305,2,2025-02-01,2025-02-07,2025-02-19,12,Casual,101
P-000411,LV-0001306,7,2025-07-01,2025-07-07,2025-07-17,10,Casual,150
P-000411,LV-0001307,9,2025-09-01,2025-09-07,2025-09-14,7,Annual,60
P-000412,LV-0001308,2,2025-02-01,2025-02-10,2025-02-18,8,Casual,85
P-000412,LV-0001309,4,2025-04-01,2025-04-12,2025-04-20,8,Annual,60
P-000412,LV-0001310,9,2025-09-01,2025-09-10,2025-09-17,7,Annual,150
P-000412,LV-0001311,12,2025-12-01,2025-12-06,2025-12-17,11,Casual,90
P-000413,LV-0001312,2,2025-02-01,2025-02-09,2025-02-19,10,Annual,95
P-000413,LV-0001313,4,2025-04-01,2025-04-12,2025-04-23,11,Annual,60
P-000413,LV-0001314,7,2025-07-01,2025-07-06,2025-07-19,13,Casual,90
P-000413,LV-0001315,9,2025-09-01,2025-09-10,2025-09-18,8,Casual,60
P-000414,LV-0001316,3,2025-03-01,2025-03-07,2025-03-15,8,Annual,143
P-000414,LV-0001317,12,2025-12-01,2025-12-08,2025-12-16,8,Annual,270
P-000415,LV-0001318,12,2025-12-01,2025-12-07,2025-12-16,9,Annual,384
P-000416,LV-0001319,3,2025-03-01,2025-03-11,2025-03-22,11,Annual,122
P-000416,LV-0001320,5,2025-05-01,2025-05-11,2025-05-20,9,Casual,60
P-000416,LV-0001321,9,2025-09-01,2025-09-10,2025-09-23,13,Annual,120
P-000417,LV-0001322,1,2025-01-01,2025-01-06,2025-01-16,10,Annual,78
P-000417,LV-0001323,5,2025-05-01,2025-05-12,2025-05-21,9,Annual,120
P-000417,LV-0001324,10,2025-10-01,2025-10-09,2025-10-21,12,Casual,150
P-000418,LV-0001325,4,2025-04-01,2025-04-08,2025-04-20,12,Annual,145
P-000418,LV-0001326,7,2025-07-01,2025-07-09,2025-07-17,8,Medical/Authorized,90
P-000418,LV-0001327,10,2025-10-01,2025-10-11,2025-10-21,10,Casual,90
P-000419,LV-0001328,3,2025-03-01,2025-03-10,2025-03-14,4,Casual,127
P-000419,LV-0001329,10,2025-10-01,2025-10-12,2025-10-20,8,Annual,210
P-000419,LV-0001330,12,2025-12-01,2025-12-10,2025-12-21,11,Casual,60
P-000420,LV-0001331,1,2025-01-01,2025-01-07,2025-01-19,12,Casual,77
P-000420,LV-0001332,6,2025-06-01,2025-06-07,2025-06-13,6,Casual,150
P-000420,LV-0001333,11,2025-11-01,2025-11-08,2025-11-17,9,Annual,150
P-000421,LV-0001334,8,2025-08-01,2025-08-11,2025-08-16,5,Casual,284
P-000422,LV-0001335,5,2025-05-01,2025-05-07,2025-05-10,3,Casual,182
P-000422,LV-0001336,11,2025-11-01,2025-11-06,2025-11-09,3,Casual,180
P-000423,LV-0001337,3,2025-03-01,2025-03-07,2025-03-17,10,Casual,146
P-000423,LV-0001338,5,2025-05-01,2025-05-06,2025-05-13,7,Annual,60
P-000423,LV-0001339,7,2025-07-01,2025-07-12,2025-07-23,11,Annual,60
P-000423,LV-0001340,9,2025-09-01,2025-09-08,2025-09-18,10,Annual,60
P-000423,LV-0001341,11,2025-11-01,2025-11-06,2025-11-16,10,Annual,60
P-000424,LV-0001342,2,2025-02-01,2025-02-11,2025-02-19,8,Annual,82
P-000424,LV-0001343,4,2025-04-01,2025-04-11,2025-04-20,9,Casual,60
P-000424,LV-0001344,7,2025-07-01,2025-07-10,2025-07-17,7,Annual,90
P-000424,LV-0001345,9,2025-09-01,2025-09-12,2025-09-22,10,Casual,60
P-000424,LV-0001346,12,2025-12-01,2025-12-09,2025-12-21,12,Annual,90
P-000425,LV-0001347,2,2025-02-01,2025-02-07,2025-02-18,11,Annual,94
P-000425,LV-0001348,5,2025-05-01,2025-05-07,2025-05-16,9,Annual,90
P-000425,LV-0001349,8,2025-08-01,2025-08-07,2025-08-14,7,Medical/Authorized,90
P-000425,LV-0001350,10,2025-10-01,2025-10-12,2025-10-23,11,Medical/Authorized,60
P-000426,LV-0001351,2,2025-02-01,2025-02-07,2025-02-17,10,Annual,75
P-000426,LV-0001352,10,2025-10-01,2025-10-07,2025-10-17,10,Annual,240
P-000427,LV-0001353,3,2025-03-01,2025-03-08,2025-03-21,13,Annual,144
P-000427,LV-0001354,5,2025-05-01,2025-05-10,2025-05-22,12,Annual,60
P-000427,LV-0001355,9,2025-09-01,2025-09-08,2025-09-19,11,Annual,120
P-000427,LV-0001356,11,2025-11-01,2025-11-11,2025-11-21,10,Annual,60
P-000428,LV-0001357,2,2025-02-01,2025-02-06,2025-02-16,10,Annual,75
P-000428,LV-0001358,6,2025-06-01,2025-06-09,2025-06-23,14,Recovery,120
P-000428,LV-0001359,9,2025-09-01,2025-09-06,2025-09-13,7,Annual,90
P-000429,LV-0001360,2,2025-02-01,2025-02-12,2025-02-25,13,Annual,78
P-000429,LV-0001361,5,2025-05-01,2025-05-12,2025-05-22,10,Annual,90
P-000429,LV-0001362,7,2025-07-01,2025-07-07,2025-07-20,13,Casual,60
P-000429,LV-0001363,11,2025-11-01,2025-11-06,2025-11-16,10,Medical/Authorized,120
P-000430,LV-0001364,1,2025-01-01,2025-01-09,2025-01-22,13,Annual,63
P-000430,LV-0001365,5,2025-05-01,2025-05-08,2025-05-21,13,Medical/Authorized,120
P-000430,LV-0001366,8,2025-08-01,2025-08-07,2025-08-18,11,Annual,90
P-000430,LV-0001367,11,2025-11-01,2025-11-06,2025-11-18,12,Annual,90
P-000431,LV-0001368,4,2025-04-01,2025-04-09,2025-04-19,10,Annual,176
P-000431,LV-0001369,6,2025-06-01,2025-06-12,2025-06-25,13,Casual,60
P-000431,LV-0001370,8,2025-08-01,2025-08-06,2025-08-16,10,Annual,60
P-000432,LV-0001371,1,2025-01-01,2025-01-11,2025-01-22,11,Annual,70
P-000432,LV-0001372,7,2025-07-01,2025-07-08,2025-07-15,7,Casual,180
P-000433,LV-0001373,1,2025-01-01,2025-01-07,2025-01-20,13,Medical/Authorized,85
P-000433,LV-0001374,3,2025-03-01,2025-03-09,2025-03-18,9,Medical/Authorized,60
P-000433,LV-0001375,8,2025-08-01,2025-08-12,2025-08-19,7,Casual,150
P-000433,LV-0001376,12,2025-12-01,2025-12-07,2025-12-16,9,Casual,120
P-000434,LV-0001377,1,2025-01-01,2025-01-10,2025-01-19,9,Casual,67
P-000434,LV-0001378,4,2025-04-01,2025-04-07,2025-04-18,11,Annual,90
P-000434,LV-0001379,7,2025-07-01,2025-07-07,2025-07-20,13,Casual,90
P-000434,LV-0001380,9,2025-09-01,2025-09-12,2025-09-20,8,Medical/Authorized,60
P-000435,LV-0001381,1,2025-01-01,2025-01-09,2025-01-20,11,Medical/Authorized,74
P-000435,LV-0001382,3,2025-03-01,2025-03-11,2025-03-23,12,Annual,60
P-000435,LV-0001383,8,2025-08-01,2025-08-10,2025-08-18,8,Annual,150
P-000435,LV-0001384,10,2025-10-01,2025-10-12,2025-10-24,12,Annual,60
P-000436,LV-0001385,10,2025-10-01,2025-10-10,2025-10-21,11,Casual,327
P-000437,LV-0001386,3,2025-03-01,2025-03-06,2025-03-18,12,Casual,111
P-000437,LV-0001387,7,2025-07-01,2025-07-08,2025-07-21,13,Casual,120
P-000437,LV-0001388,12,2025-12-01,2025-12-06,2025-12-13,7,Annual,150
P-000438,LV-0001389,8,2025-08-01,2025-08-12,2025-08-16,4,Casual,297
P-000439,LV-0001390,1,2025-01-01,2025-01-07,2025-01-14,7,Annual,78
P-000439,LV-0001391,6,2025-06-01,2025-06-09,2025-06-13,4,Casual,150
P-000439,LV-0001392,12,2025-12-01,2025-12-06,2025-12-17,11,Annual,180
P-000440,LV-0001393,4,2025-04-01,2025-04-08,2025-04-15,7,Annual,140
P-000440,LV-0001394,12,2025-12-01,2025-12-06,2025-12-16,10,Casual,240
P-000441,LV-0001395,4,2025-04-01,2025-04-07,2025-04-16,9,Annual,164
P-000441,LV-0001396,6,2025-06-01,2025-06-07,2025-06-19,12,Casual,60
P-000441,LV-0001397,8,2025-08-01,2025-08-11,2025-08-20,9,Annual,60
P-000441,LV-0001398,11,2025-11-01,2025-11-06,2025-11-15,9,Casual,90
P-000442,LV-0001399,1,2025-01-01,2025-01-09,2025-01-19,10,Casual,64
P-000442,LV-0001400,4,2025-04-01,2025-04-12,2025-04-22,10,Casual,90
P-000442,LV-0001401,6,2025-06-01,2025-06-10,2025-06-20,10,Medical/Authorized,60
P-000442,LV-0001402,8,2025-08-01,2025-08-07,2025-08-14,7,Annual,60
P-000443,LV-0001403,3,2025-03-01,2025-03-07,2025-03-20,13,Annual,113
P-000443,LV-0001404,7,2025-07-01,2025-07-08,2025-07-21,13,Annual,120
P-000443,LV-0001405,10,2025-10-01,2025-10-06,2025-10-13,7,Annual,90
P-000443,LV-0001406,12,2025-12-01,2025-12-12,2025-12-22,10,Annual,60
P-000444,LV-0001407,4,2025-04-01,2025-04-09,2025-04-18,9,Casual,174
P-000444,LV-0001408,8,2025-08-01,2025-08-12,2025-08-21,9,Casual,120
P-000445,LV-0001409,4,2025-04-01,2025-04-10,2025-04-14,4,Casual,176
P-000445,LV-0001410,10,2025-10-01,2025-10-06,2025-10-09,3,Casual,180
P-000446,LV-0001411,1,2025-01-01,2025-01-09,2025-01-19,10,Annual,60
P-000446,LV-0001412,3,2025-03-01,2025-03-10,2025-03-23,13,Annual,60
P-000446,LV-0001413,6,2025-06-01,2025-06-07,2025-06-24,17,Recovery,90
P-000446,LV-0001414,8,2025-08-01,2025-08-08,2025-08-16,8,Medical/Authorized,60
P-000446,LV-0001415,10,2025-10-01,2025-10-06,2025-10-15,9,Annual,60
P-000447,LV-0001416,1,2025-01-01,2025-01-10,2025-01-19,9,Casual,80
P-000447,LV-0001417,3,2025-03-01,2025-03-09,2025-03-19,10,Annual,60
P-000447,LV-0001418,6,2025-06-01,2025-06-07,2025-06-18,11,Casual,90
P-000447,LV-0001419,10,2025-10-01,2025-10-10,2025-10-20,10,Annual,120
P-000447,LV-0001420,12,2025-12-01,2025-12-06,2025-12-17,11,Annual,60
P-000448,LV-0001421,2,2025-02-01,2025-02-08,2025-02-15,7,Casual,109
P-000448,LV-0001422,11,2025-11-01,2025-11-06,2025-11-16,10,Annual,270
P-000449,LV-0001423,2,2025-02-01,2025-02-11,2025-02-22,11,Casual,111
P-000449,LV-0001424,4,2025-04-01,2025-04-12,2025-04-19,7,Casual,60
P-000449,LV-0001425,6,2025-06-01,2025-06-11,2025-06-21,10,Annual,60
P-000450,LV-0001426,5,2025-05-01,2025-05-12,2025-05-23,11,Casual,172
P-000450,LV-0001427,9,2025-09-01,2025-09-09,2025-09-21,12,Annual,120
P-000451,LV-0001428,9,2025-09-01,2025-09-07,2025-09-12,5,Casual,306
P-000452,LV-0001429,1,2025-01-01,2025-01-06,2025-01-15,9,Medical/Authorized,79
P-000452,LV-0001430,3,2025-03-01,2025-03-11,2025-03-20,9,Annual,60
P-000452,LV-0001431,9,2025-09-01,2025-09-07,2025-09-18,11,Annual,180
P-000452,LV-0001432,11,2025-11-01,2025-11-08,2025-11-16,8,Annual,60
P-000453,LV-0001433,5,2025-05-01,2025-05-09,2025-05-16,7,Casual,200
P-000453,LV-0001434,8,2025-08-01,2025-08-09,2025-08-22,13,Annual,90
P-000453,LV-0001435,10,2025-10-01,2025-10-11,2025-10-23,12,Casual,60
P-000454,LV-0001436,1,2025-01-01,2025-01-08,2025-01-20,12,Casual,75
P-000454,LV-0001437,5,2025-05-01,2025-05-06,2025-05-15,9,Annual,120
P-000454,LV-0001438,6,2025-06-01,2025-06-11,2025-06-26,15,Recovery,30
P-000454,LV-0001439,8,2025-08-01,2025-08-11,2025-08-22,11,Casual,60
P-000454,LV-0001440,10,2025-10-01,2025-10-10,2025-10-21,11,Casual,60
P-000455,LV-0001441,4,2025-04-01,2025-04-10,2025-04-22,12,Annual,136
P-000455,LV-0001442,6,2025-06-01,2025-06-08,2025-06-21,13,Casual,60
P-000455,LV-0001443,9,2025-09-01,2025-09-12,2025-09-19,7,Annual,90
P-000455,LV-0001444,12,2025-12-01,2025-12-08,2025-12-20,12,Annual,90
P-000456,LV-0001445,2,2025-02-01,2025-02-09,2025-02-19,10,Casual,89
P-000456,LV-0001446,8,2025-08-01,2025-08-12,2025-08-25,13,Casual,180
P-000457,LV-0001447,7,2025-07-01,2025-07-08,2025-07-15,7,Casual,231
P-000457,LV-0001448,9,2025-09-01,2025-09-08,2025-09-16,8,Casual,60
P-000457,LV-0001449,11,2025-11-01,2025-11-10,2025-11-23,13,Annual,60
P-000458,LV-0001450,2,2025-02-01,2025-02-12,2025-02-20,8,Annual,92
P-000458,LV-0001451,4,2025-04-01,2025-04-08,2025-04-21,13,Annual,60
P-000458,LV-0001452,10,2025-10-01,2025-10-09,2025-10-21,12,Casual,180
P-000458,LV-0001453,12,2025-12-01,2025-12-08,2025-12-21,13,Annual,60
P-000459,LV-0001454,2,2025-02-01,2025-02-09,2025-02-22,13,Annual,88
P-000459,LV-0001455,4,2025-04-01,2025-04-10,2025-04-19,9,Annual,60
P-000459,LV-0001456,9,2025-09-01,2025-09-06,2025-09-17,11,Casual,150
P-000459,LV-0001457,11,2025-11-01,2025-11-06,2025-11-17,11,Annual,60
P-000460,LV-0001458,1,2025-01-01,2025-01-07,2025-01-14,7,Annual,63
P-000460,LV-0001459,4,2025-04-01,2025-04-11,2025-04-23,12,Annual,90
P-000460,LV-0001460,7,2025-07-01,2025-07-09,2025-07-16,7,Casual,90
P-000460,LV-0001461,10,2025-10-01,2025-10-12,2025-10-22,10,Annual,90
P-000461,LV-0001462,3,2025-03-01,2025-03-10,2025-03-20,10,Casual,141
P-000461,LV-0001463,7,2025-07-01,2025-07-11,2025-07-18,7,Annual,120
P-000461,LV-0001464,12,2025-12-01,2025-12-08,2025-12-20,12,Annual,150
P-000462,LV-0001465,3,2025-03-01,2025-03-06,2025-03-15,9,Casual,108
P-000462,LV-0001466,9,2025-09-01,2025-09-06,2025-09-14,8,Annual,180
P-000462,LV-0001467,11,2025-11-01,2025-11-10,2025-11-20,10,Casual,60
P-000463,LV-0001468,9,2025-09-01,2025-09-08,2025-09-15,7,Casual,312
P-000464,LV-0001469,2,2025-02-01,2025-02-10,2025-02-23,13,Annual,90
P-000464,LV-0001470,9,2025-09-01,2025-09-12,2025-09-19,7,Casual,210
P-000464,LV-0001471,11,2025-11-01,2025-11-12,2025-11-23,11,Annual,60
P-000465,LV-0001472,1,2025-01-01,2025-01-08,2025-01-19,11,Annual,67
P-000465,LV-0001473,5,2025-05-01,2025-05-08,2025-05-18,10,Casual,120
P-000465,LV-0001474,7,2025-07-01,2025-07-10,2025-07-19,9,Annual,60
P-000465,LV-0001475,9,2025-09-01,2025-09-12,2025-09-24,12,Annual,60
P-000466,LV-0001476,6,2025-06-01,2025-06-11,2025-06-22,11,Casual,200
P-000466,LV-0001477,8,2025-08-01,2025-08-06,2025-08-17,11,Medical/Authorized,60
P-000466,LV-0001478,10,2025-10-01,2025-10-11,2025-10-24,13,Annual,60
P-000467,LV-0001479,3,2025-03-01,2025-03-12,2025-03-25,13,Casual,109
P-000467,LV-0001480,8,2025-08-01,2025-08-11,2025-08-18,7,Medical/Authorized,150
P-000467,LV-0001481,10,2025-10-01,2025-10-07,2025-10-14,7,Medical/Authorized,60
P-000467,LV-0001482,12,2025-12-01,2025-12-12,2025-12-23,11,Casual,60
P-000468,LV-0001483,7,2025-07-01,2025-07-07,2025-07-12,5,Casual,230
P-000469,LV-0001484,3,2025-03-01,2025-03-11,2025-03-22,11,Casual,107
P-000469,LV-0001485,5,2025-05-01,2025-05-11,2025-05-24,13,Casual,60
P-000469,LV-0001486,11,2025-11-01,2025-11-12,2025-11-20,8,Annual,180
P-000470,LV-0001487,7,2025-07-01,2025-07-11,2025-07-23,12,Annual,234
P-000470,LV-0001488,9,2025-09-01,2025-09-08,2025-09-20,12,Annual,60
P-000470,LV-0001489,12,2025-12-01,2025-12-08,2025-12-20,12,Casual,90
P-000471,LV-0001490,3,2025-03-01,2025-03-09,2025-03-18,9,Annual,115
P-000471,LV-0001491,5,2025-05-01,2025-05-07,2025-05-16,9,Annual,60
P-000471,LV-0001492,7,2025-07-01,2025-07-12,2025-07-20,8,Medical/Authorized,60
P-000471,LV-0001493,12,2025-12-01,2025-12-09,2025-12-21,12,Annual,150
P-000472,LV-0001494,1,2025-01-01,2025-01-12,2025-01-22,10,Annual,79
P-000472,LV-0001495,3,2025-03-01,2025-03-06,2025-03-17,11,Annual,60
P-000472,LV-0001496,5,2025-05-01,2025-05-08,2025-05-19,11,Medical/Authorized,60
P-000472,LV-0001497,9,2025-09-01,2025-09-06,2025-09-17,11,Annual,120
P-000472,LV-0001498,11,2025-11-01,2025-11-10,2025-11-20,10,Annual,60
P-000473,LV-0001499,3,2025-03-01,2025-03-07,2025-03-20,13,Annual,146
P-000473,LV-0001500,5,2025-05-01,2025-05-10,2025-05-19,9,Annual,60
P-000473,LV-0001501,7,2025-07-01,2025-07-07,2025-07-15,8,Annual,60
P-000473,LV-0001502,11,2025-11-01,2025-11-10,2025-11-21,11,Casual,120
P-000474,LV-0001503,3,2025-03-01,2025-03-09,2025-03-21,12,Annual,131
P-000474,LV-0001504,5,2025-05-01,2025-05-12,2025-05-25,13,Annual,60
P-000474,LV-0001505,6,2025-06-01,2025-06-10,2025-06-27,17,Recovery,30
P-000474,LV-0001506,10,2025-10-01,2025-10-11,2025-10-20,9,Annual,120
P-000474,LV-0001507,12,2025-12-01,2025-12-10,2025-12-20,10,Annual,60
P-000475,LV-0001508,1,2025-01-01,2025-01-11,2025-01-19,8,Casual,73
P-000475,LV-0001509,3,2025-03-01,2025-03-06,2025-03-15,9,Casual,60
P-000475,LV-0001510,8,2025-08-01,2025-08-09,2025-08-14,5,Casual,150
P-000475,LV-0001511,10,2025-10-01,2025-10-12,2025-10-23,11,Annual,60
P-000475,LV-0001512,12,2025-12-01,2025-12-06,2025-12-16,10,Casual,60
P-000476,LV-0001513,2,2025-02-01,2025-02-12,2025-02-22,10,Annual,93
P-000476,LV-0001514,5,2025-05-01,2025-05-06,2025-05-16,10,Casual,90
P-000476,LV-0001515,7,2025-07-01,2025-07-10,2025-07-23,13,Annual,60
P-000477,LV-0001516,2,2025-02-01,2025-02-07,2025-02-17,10,Annual,118
P-000477,LV-0001517,4,2025-04-01,2025-04-07,2025-04-16,9,Annual,60
P-000477,LV-0001518,8,2025-08-01,2025-08-11,2025-08-23,12,Medical/Authorized,120
P-000477,LV-0001519,10,2025-10-01,2025-10-08,2025-10-18,10,Annual,60
P-000477,LV-0001520,12,2025-12-01,2025-12-09,2025-12-16,7,Annual,60
P-000478,LV-0001521,3,2025-03-01,2025-03-07,2025-03-14,7,Annual,119
P-000479,LV-0001522,2,2025-02-01,2025-02-06,2025-02-18,12,Casual,92
P-000479,LV-0001523,4,2025-04-01,2025-04-10,2025-04-17,7,Annual,60
P-000479,LV-0001524,8,2025-08-01,2025-08-11,2025-08-20,9,Annual,120
P-000480,LV-0001525,6,2025-06-01,2025-06-12,2025-06-17,5,Casual,220
P-000480,LV-0001526,11,2025-11-01,2025-11-10,2025-11-18,8,Annual,150
P-000481,LV-0001527,7,2025-07-01,2025-07-07,2025-07-12,5,Casual,225
P-000481,LV-0001528,12,2025-12-01,2025-12-11,2025-12-22,11,Casual,150
P-000482,LV-0001529,2,2025-02-01,2025-02-10,2025-02-21,11,Casual,77
P-000482,LV-0001530,7,2025-07-01,2025-07-09,2025-07-13,4,Casual,150
P-000482,LV-0001531,10,2025-10-01,2025-10-11,2025-10-23,12,Annual,90
P-000482,LV-0001532,12,2025-12-01,2025-12-09,2025-12-17,8,Annual,60
P-000483,LV-0001533,2,2025-02-01,2025-02-10,2025-02-17,7,Casual,115
P-000483,LV-0001534,10,2025-10-01,2025-10-09,2025-10-20,11,Casual,240
P-000484,LV-0001535,3,2025-03-01,2025-03-12,2025-03-21,9,Annual,113
P-000484,LV-0001536,10,2025-10-01,2025-10-12,2025-10-20,8,Annual,210
P-000485,LV-0001537,5,2025-05-01,2025-05-06,2025-05-12,6,Casual,178
P-000485,LV-0001538,9,2025-09-01,2025-09-07,2025-09-19,12,Casual,120
P-000486,LV-0001539,1,2025-01-01,2025-01-12,2025-01-20,8,Casual,76
P-000486,LV-0001540,6,2025-06-01,2025-06-09,2025-06-24,15,Recovery,150
P-000486,LV-0001541,11,2025-11-01,2025-11-08,2025-11-19,11,Annual,150
P-000487,LV-0001542,3,2025-03-01,2025-03-08,2025-03-19,11,Medical/Authorized,107
P-000487,LV-0001543,6,2025-06-01,2025-06-12,2025-06-23,11,Casual,90
P-000487,LV-0001544,11,2025-11-01,2025-11-06,2025-11-19,13,Medical/Authorized,150
P-000488,LV-0001545,5,2025-05-01,2025-05-06,2025-05-18,12,Annual,168
P-000488,LV-0001546,8,2025-08-01,2025-08-06,2025-08-16,10,Casual,90
P-000488,LV-0001547,10,2025-10-01,2025-10-12,2025-10-22,10,Medical/Authorized,60
P-000488,LV-0001548,12,2025-12-01,2025-12-11,2025-12-24,13,Medical/Authorized,60
P-000489,LV-0001549,1,2025-01-01,2025-01-10,2025-01-17,7,Annual,69
P-000489,LV-0001550,5,2025-05-01,2025-05-10,2025-05-17,7,Annual,120
P-000489,LV-0001551,9,2025-09-01,2025-09-11,2025-09-24,13,Casual,120
P-000489,LV-0001552,11,2025-11-01,2025-11-10,2025-11-20,10,Casual,60
P-000490,LV-0001553,2,2025-02-01,2025-02-11,2025-02-21,10,Annual,88
P-000490,LV-0001554,4,2025-04-01,2025-04-12,2025-04-22,10,Casual,60
P-000490,LV-0001555,6,2025-06-01,2025-06-12,2025-06-27,15,Recovery,60
P-000490,LV-0001556,11,2025-11-01,2025-11-08,2025-11-20,12,Medical/Authorized,150
P-000491,LV-0001557,5,2025-05-01,2025-05-06,2025-05-18,12,Casual,165
P-000491,LV-0001558,12,2025-12-01,2025-12-09,2025-12-16,7,Casual,210
P-000492,LV-0001559,2,2025-02-01,2025-02-11,2025-02-21,10,Annual,85
P-000492,LV-0001560,9,2025-09-01,2025-09-08,2025-09-15,7,Annual,210
P-000492,LV-0001561,11,2025-11-01,2025-11-06,2025-11-16,10,Casual,60
P-000493,LV-0001562,2,2025-02-01,2025-02-07,2025-02-19,12,Annual,116
P-000493,LV-0001563,5,2025-05-01,2025-05-06,2025-05-15,9,Medical/Authorized,90
P-000493,LV-0001564,7,2025-07-01,2025-07-10,2025-07-20,10,Casual,60
P-000493,LV-0001565,9,2025-09-01,2025-09-07,2025-09-17,10,Casual,60
P-000493,LV-0001566,11,2025-11-01,2025-11-09,2025-11-18,9,Annual,60
P-000494,LV-0001567,2,2025-02-01,2025-02-09,2025-02-20,11,Casual,101
P-000494,LV-0001568,8,2025-08-01,2025-08-07,2025-08-20,13,Annual,180
P-000494,LV-0001569,10,2025-10-01,2025-10-11,2025-10-24,13,Annual,60
P-000495,LV-0001570,4,2025-04-01,2025-04-12,2025-04-23,11,Medical/Authorized,140
P-000495,LV-0001571,7,2025-07-01,2025-07-10,2025-07-23,13,Annual,90
P-000495,LV-0001572,12,2025-12-01,2025-12-12,2025-12-20,8,Casual,150
P-000496,LV-0001573,2,2025-02-01,2025-02-11,2025-02-18,7,Annual,78
P-000496,LV-0001574,6,2025-06-01,2025-06-10,2025-06-22,12,Casual,120
P-000496,LV-0001575,8,2025-08-01,2025-08-07,2025-08-16,9,Annual,60
P-000497,LV-0001576,1,2025-01-01,2025-01-11,2025-01-20,9,Casual,82
P-000497,LV-0001577,6,2025-06-01,2025-06-06,2025-06-13,7,Casual,150
P-000498,LV-0001578,3,2025-03-01,2025-03-08,2025-03-16,8,Casual,118
P-000498,LV-0001579,5,2025-05-01,2025-05-11,2025-05-19,8,Casual,60
P-000498,LV-0001580,7,2025-07-01,2025-07-08,2025-07-19,11,Casual,60
P-000499,LV-0001581,3,2025-03-01,2025-03-08,2025-03-19,11,Casual,106
P-000499,LV-0001582,8,2025-08-01,2025-08-12,2025-08-24,12,Casual,150
P-000500,LV-0001583,2,2025-02-01,2025-02-11,2025-02-24,13,Annual,116
P-000500,LV-0001584,5,2025-05-01,2025-05-11,2025-05-23,12,Medical/Authorized,90
P-000500,LV-0001585,10,2025-10-01,2025-10-10,2025-10-17,7,Casual,150
P-000501,LV-0001586,1,2025-01-01,2025-01-12,2025-01-23,11,Annual,63
P-000502,LV-0001587,2,2025-02-01,2025-02-12,2025-02-22,10,Casual,75
P-000502,LV-0001588,7,2025-07-01,2025-07-07,2025-07-13,6,Casual,150
P-000502,LV-0001589,10,2025-10-01,2025-10-07,2025-10-14,7,Annual,90
P-000503,LV-0001590,1,2025-01-01,2025-01-08,2025-01-20,12,Annual,78
P-000503,LV-0001591,3,2025-03-01,2025-03-09,2025-03-20,11,Annual,60
P-000503,LV-0001592,5,2025-05-01,2025-05-06,2025-05-14,8,Annual,60
P-000503,LV-0001593,7,2025-07-01,2025-07-11,2025-07-18,7,Casual,60
P-000503,LV-0001594,9,2025-09-01,2025-09-09,2025-09-21,12,Annual,60
P-000503,LV-0001595,12,2025-12-01,2025-12-09,2025-12-18,9,Casual,90
P-000504,LV-0001596,7,2025-07-01,2025-07-07,2025-07-13,6,Casual,243
P-000505,LV-0001597,1,2025-01-01,2025-01-12,2025-01-21,9,Annual,70
P-000505,LV-0001598,10,2025-10-01,2025-10-08,2025-10-19,11,Medical/Authorized,270
P-000505,LV-0001599,12,2025-12-01,2025-12-09,2025-12-18,9,Annual,60
P-000506,LV-0001600,2,2025-02-01,2025-02-10,2025-02-18,8,Medical/Authorized,83
P-000506,LV-0001601,4,2025-04-01,2025-04-10,2025-04-21,11,Casual,60
P-000506,LV-0001602,8,2025-08-01,2025-08-08,2025-08-17,9,Medical/Authorized,120
P-000506,LV-0001603,10,2025-10-01,2025-10-08,2025-10-15,7,Annual,60
P-000507,LV-0001604,3,2025-03-01,2025-03-07,2025-03-18,11,Medical/Authorized,109
P-000507,LV-0001605,6,2025-06-01,2025-06-10,2025-06-22,12,Recovery,90
P-000507,LV-0001606,8,2025-08-01,2025-08-06,2025-08-15,9,Casual,60
P-000507,LV-0001607,11,2025-11-01,2025-11-09,2025-11-16,7,Annual,90
P-000508,LV-0001608,5,2025-05-01,2025-05-10,2025-05-15,5,Casual,170
P-000509,LV-0001609,6,2025-06-01,2025-06-06,2025-06-20,14,Recovery,204
P-000510,LV-0001610,7,2025-07-01,2025-07-06,2025-07-12,6,Casual,226
P-000510,LV-0001611,10,2025-10-01,2025-10-09,2025-10-20,11,Casual,90
P-000511,LV-0001612,1,2025-01-01,2025-01-10,2025-01-17,7,Medical/Authorized,86
P-000511,LV-0001613,10,2025-10-01,2025-10-12,2025-10-20,8,Annual,270
P-000512,LV-0001614,2,2025-02-01,2025-02-09,2025-02-20,11,Annual,113
P-000512,LV-0001615,5,2025-05-01,2025-05-06,2025-05-14,8,Annual,90
P-000512,LV-0001616,7,2025-07-01,2025-07-08,2025-07-18,10,Casual,60
P-000512,LV-0001617,9,2025-09-01,2025-09-12,2025-09-21,9,Casual,60
P-000512,LV-0001618,11,2025-11-01,2025-11-10,2025-11-23,13,Medical/Authorized,60
P-000513,LV-0001619,1,2025-01-01,2025-01-09,2025-01-16,7,Annual,86
P-000513,LV-0001620,4,2025-04-01,2025-04-08,2025-04-20,12,Annual,90
P-000513,LV-0001621,6,2025-06-01,2025-06-12,2025-06-28,16,Recovery,60
P-000513,LV-0001622,8,2025-08-01,2025-08-08,2025-08-17,9,Annual,60
P-000513,LV-0001623,11,2025-11-01,2025-11-06,2025-11-16,10,Casual,90
P-000514,LV-0001624,4,2025-04-01,2025-04-09,2025-04-14,5,Casual,173
P-000515,LV-0001625,1,2025-01-01,2025-01-07,2025-01-15,8,Annual,60
P-000515,LV-0001626,4,2025-04-01,2025-04-12,2025-04-19,7,Annual,90
P-000515,LV-0001627,7,2025-07-01,2025-07-11,2025-07-22,11,Annual,90
P-000515,LV-0001628,10,2025-10-01,2025-10-11,2025-10-18,7,Annual,90
P-000516,LV-0001629,4,2025-04-01,2025-04-08,2025-04-16,8,Annual,161
P-000516,LV-0001630,7,2025-07-01,2025-07-09,2025-07-18,9,Casual,90
P-000516,LV-0001631,10,2025-10-01,2025-10-09,2025-10-20,11,Annual,90
P-000517,LV-0001632,1,2025-01-01,2025-01-08,2025-01-20,12,Casual,76
P-000517,LV-0001633,3,2025-03-01,2025-03-09,2025-03-18,9,Casual,60
P-000517,LV-0001634,6,2025-06-01,2025-06-07,2025-06-16,9,Annual,90
P-000518,LV-0001635,5,2025-05-01,2025-05-07,2025-05-10,3,Casual,171
P-000519,LV-0001636,3,2025-03-01,2025-03-08,2025-03-20,12,Medical/Authorized,117
P-000519,LV-0001637,7,2025-07-01,2025-07-11,2025-07-19,8,Casual,120
P-000519,LV-0001638,9,2025-09-01,2025-09-07,2025-09-15,8,Casual,60
P-000519,LV-0001639,12,2025-12-01,2025-12-11,2025-12-21,10,Casual,90
P-000520,LV-0001640,2,2025-02-01,2025-02-10,2025-02-19,9,Annual,108
P-000520,LV-0001641,4,2025-04-01,2025-04-11,2025-04-23,12,Casual,60
P-000520,LV-0001642,7,2025-07-01,2025-07-07,2025-07-14,7,Annual,90
P-000520,LV-0001643,9,2025-09-01,2025-09-08,2025-09-20,12,Annual,60
P-000521,LV-0001644,2,2025-02-01,2025-02-11,2025-02-19,8,Annual,91
P-000521,LV-0001645,9,2025-09-01,2025-09-09,2025-09-20,11,Medical/Authorized,210
P-000521,LV-0001646,12,2025-12-01,2025-12-06,2025-12-18,12,Casual,90
P-000522,LV-0001647,7,2025-07-01,2025-07-06,2025-07-15,9,Medical/Authorized,253
P-000522,LV-0001648,11,2025-11-01,2025-11-07,2025-11-17,10,Annual,120
P-000523,LV-0001649,1,2025-01-01,2025-01-10,2025-01-20,10,Casual,88
P-000523,LV-0001650,5,2025-05-01,2025-05-12,2025-05-23,11,Annual,120
P-000523,LV-0001651,8,2025-08-01,2025-08-08,2025-08-16,8,Annual,90
P-000523,LV-0001652,10,2025-10-01,2025-10-12,2025-10-22,10,Annual,60
P-000524,LV-0001653,5,2025-05-01,2025-05-07,2025-05-10,3,Casual,199
P-000524,LV-0001654,11,2025-11-01,2025-11-12,2025-11-17,5,Casual,180
P-000525,LV-0001655,5,2025-05-01,2025-05-10,2025-05-16,6,Casual,170
P-000526,LV-0001656,3,2025-03-01,2025-03-06,2025-03-17,11,Annual,144
P-000526,LV-0001657,6,2025-06-01,2025-06-06,2025-06-13,7,Annual,90
P-000527,LV-0001658,2,2025-02-01,2025-02-11,2025-02-20,9,Annual,79
P-000527,LV-0001659,4,2025-04-01,2025-04-11,2025-04-24,13,Annual,60
P-000527,LV-0001660,7,2025-07-01,2025-07-11,2025-07-20,9,Annual,90
P-000528,LV-0001661,1,2025-01-01,2025-01-07,2025-01-18,11,Casual,79
P-000528,LV-0001662,3,2025-03-01,2025-03-11,2025-03-22,11,Annual,60
P-000528,LV-0001663,5,2025-05-01,2025-05-08,2025-05-15,7,Annual,60
P-000529,LV-0001664,4,2025-04-01,2025-04-06,2025-04-13,7,Casual,156
P-000529,LV-0001665,8,2025-08-01,2025-08-08,2025-08-18,10,Medical/Authorized,120
P-000530,LV-0001666,9,2025-09-01,2025-09-12,2025-09-16,4,Casual,315
P-000531,LV-0001667,4,2025-04-01,2025-04-11,2025-04-17,6,Casual,168
P-000531,LV-0001668,12,2025-12-01,2025-12-06,2025-12-10,4,Casual,240
P-000532,LV-0001669,6,2025-06-01,2025-06-08,2025-06-20,12,Annual,201
P-000532,LV-0001670,8,2025-08-01,2025-08-12,2025-08-24,12,Casual,60
P-000532,LV-0001671,10,2025-10-01,2025-10-09,2025-10-16,7,Casual,60
P-000533,LV-0001672,3,2025-03-01,2025-03-10,2025-03-17,7,Annual,114
P-000533,LV-0001673,6,2025-06-01,2025-06-11,2025-06-23,12,Annual,90
P-000533,LV-0001674,9,2025-09-01,2025-09-11,2025-09-22,11,Casual,90
P-000533,LV-0001675,11,2025-11-01,2025-11-07,2025-11-15,8,Annual,60
P-000534,LV-0001676,2,2025-02-01,2025-02-09,2025-02-18,9,Annual,109
P-000534,LV-0001677,12,2025-12-01,2025-12-12,2025-12-21,9,Annual,300
P-000535,LV-0001678,4,2025-04-01,2025-04-08,2025-04-12,4,Casual,136
P-000535,LV-0001679,11,2025-11-01,2025-11-08,2025-11-15,7,Annual,210
P-000536,LV-0001680,4,2025-04-01,2025-04-08,2025-04-16,8,Annual,135
P-000536,LV-0001681,6,2025-06-01,2025-06-08,2025-06-24,16,Recovery,60
P-000536,LV-0001682,10,2025-10-01,2025-10-11,2025-10-21,10,Casual,120
P-000536,LV-0001683,12,2025-12-01,2025-12-12,2025-12-21,9,Medical/Authorized,60
P-000537,LV-0001684,7,2025-07-01,2025-07-09,2025-07-12,3,Casual,226
P-000538,LV-0001685,7,2025-07-01,2025-07-12,2025-07-24,12,Annual,258
P-000538,LV-0001686,9,2025-09-01,2025-09-11,2025-09-20,9,Medical/Authorized,60
P-000538,LV-0001687,11,2025-11-01,2025-11-09,2025-11-18,9,Annual,60
P-000539,LV-0001688,7,2025-07-01,2025-07-08,2025-07-20,12,Annual,231
P-000539,LV-0001689,12,2025-12-01,2025-12-12,2025-12-22,10,Annual,150
P-000540,LV-0001690,1,2025-01-01,2025-01-12,2025-01-19,7,Annual,65
P-000540,LV-0001691,4,2025-04-01,2025-04-10,2025-04-22,12,Annual,90
P-000540,LV-0001692,9,2025-09-01,2025-09-08,2025-09-18,10,Annual,150
P-000540,LV-0001693,12,2025-12-01,2025-12-11,2025-12-23,12,Casual,90
P-000541,LV-0001694,1,2025-01-01,2025-01-09,2025-01-19,10,Medical/Authorized,79
P-000541,LV-0001695,3,2025-03-01,2025-03-12,2025-03-23,11,Medical/Authorized,60
P-000541,LV-0001696,6,2025-06-01,2025-06-10,2025-06-23,13,Annual,90
P-000541,LV-0001697,11,2025-11-01,2025-11-09,2025-11-18,9,Casual,150
P-000542,LV-0001698,2,2025-02-01,2025-02-12,2025-02-20,8,Casual,102
P-000542,LV-0001699,12,2025-12-01,2025-12-09,2025-12-19,10,Annual,300
P-000543,LV-0001700,2,2025-02-01,2025-02-06,2025-02-14,8,Medical/Authorized,100
P-000543,LV-0001701,4,2025-04-01,2025-04-06,2025-04-17,11,Annual,60
P-000543,LV-0001702,10,2025-10-01,2025-10-07,2025-10-16,9,Casual,180
P-000544,LV-0001703,2,2025-02-01,2025-02-06,2025-02-19,13,Annual,106
P-000544,LV-0001704,12,2025-12-01,2025-12-09,2025-12-20,11,Annual,300
P-000545,LV-0001705,2,2025-02-01,2025-02-12,2025-02-19,7,Annual,78
P-000545,LV-0001706,9,2025-09-01,2025-09-10,2025-09-17,7,Annual,210
P-000545,LV-0001707,11,2025-11-01,2025-11-07,2025-11-17,10,Casual,60
P-000546,LV-0001708,1,2025-01-01,2025-01-08,2025-01-17,9,Casual,80
P-000546,LV-0001709,3,2025-03-01,2025-03-10,2025-03-18,8,Annual,60
P-000546,LV-0001710,5,2025-05-01,2025-05-06,2025-05-13,7,Annual,60
P-000546,LV-0001711,7,2025-07-01,2025-07-09,2025-07-18,9,Casual,60
P-000546,LV-0001712,10,2025-10-01,2025-10-09,2025-10-20,11,Annual,90
P-000547,LV-0001713,4,2025-04-01,2025-04-08,2025-04-20,12,Annual,152
P-000547,LV-0001714,6,2025-06-01,2025-06-08,2025-06-15,7,Casual,60
P-000547,LV-0001715,8,2025-08-01,2025-08-06,2025-08-13,7,Annual,60
P-000547,LV-0001716,11,2025-11-01,2025-11-08,2025-11-16,8,Casual,90
P-000548,LV-0001717,2,2025-02-01,2025-02-11,2025-02-23,12,Annual,115
P-000548,LV-0001718,7,2025-07-01,2025-07-12,2025-07-18,6,Casual,150
P-000548,LV-0001719,10,2025-10-01,2025-10-08,2025-10-19,11,Annual,90
P-000548,LV-0001720,12,2025-12-01,2025-12-06,2025-12-14,8,Annual,60
P-000549,LV-0001721,1,2025-01-01,2025-01-06,2025-01-18,12,Medical/Authorized,62
P-000549,LV-0001722,6,2025-06-01,2025-06-06,2025-06-12,6,Casual,150
P-000549,LV-0001723,9,2025-09-01,2025-09-11,2025-09-21,10,Casual,90
P-000549,LV-0001724,11,2025-11-01,2025-11-11,2025-11-22,11,Annual,60
P-000550,LV-0001725,7,2025-07-01,2025-07-12,2025-07-18,6,Casual,258
P-000551,LV-0001726,4,2025-04-01,2025-04-10,2025-04-15,5,Casual,161
P-000552,LV-0001727,10,2025-10-01,2025-10-10,2025-10-13,3,Casual,335
P-000553,LV-0001728,2,2025-02-01,2025-02-11,2025-02-18,7,Medical/Authorized,95
P-000553,LV-0001729,10,2025-10-01,2025-10-06,2025-10-18,12,Annual,240
P-000554,LV-0001730,2,2025-02-01,2025-02-08,2025-02-15,7,Casual,107
P-000554,LV-0001731,9,2025-09-01,2025-09-12,2025-09-19,7,Annual,210
P-000554,LV-0001732,12,2025-12-01,2025-12-10,2025-12-20,10,Medical/Authorized,90
P-000555,LV-0001733,3,2025-03-01,2025-03-08,2025-03-20,12,Annual,108
P-000555,LV-0001734,5,2025-05-01,2025-05-09,2025-05-17,8,Medical/Authorized,60
P-000555,LV-0001735,6,2025-06-01,2025-06-12,2025-06-29,17,Recovery,30
P-000555,LV-0001736,8,2025-08-01,2025-08-06,2025-08-19,13,Casual,60
P-000555,LV-0001737,10,2025-10-01,2025-10-10,2025-10-20,10,Medical/Authorized,60
P-000555,LV-0001738,12,2025-12-01,2025-12-12,2025-12-19,7,Annual,60
P-000556,LV-0001739,2,2025-02-01,2025-02-09,2025-02-22,13,Annual,86
P-000556,LV-0001740,6,2025-06-01,2025-06-10,2025-06-18,8,Medical/Authorized,120
P-000556,LV-0001741,9,2025-09-01,2025-09-12,2025-09-23,11,Casual,90
P-000557,LV-0001742,7,2025-07-01,2025-07-06,2025-07-18,12,Annual,235
P-000557,LV-0001743,10,2025-10-01,2025-10-06,2025-10-18,12,Annual,90
P-000558,LV-0001744,2,2025-02-01,2025-02-10,2025-02-21,11,Annual,114
P-000558,LV-0001745,4,2025-04-01,2025-04-09,2025-04-18,9,Annual,60
P-000558,LV-0001746,7,2025-07-01,2025-07-07,2025-07-18,11,Annual,90
P-000558,LV-0001747,9,2025-09-01,2025-09-08,2025-09-17,9,Casual,60
P-000558,LV-0001748,11,2025-11-01,2025-11-10,2025-11-20,10,Annual,60
P-000559,LV-0001749,5,2025-05-01,2025-05-10,2025-05-15,5,Casual,201
P-000559,LV-0001750,10,2025-10-01,2025-10-11,2025-10-22,11,Casual,150
P-000559,LV-0001751,12,2025-12-01,2025-12-09,2025-12-18,9,Annual,60
P-000560,LV-0001752,3,2025-03-01,2025-03-06,2025-03-16,10,Casual,129
P-000560,LV-0001753,9,2025-09-01,2025-09-10,2025-09-18,8,Annual,180
P-000560,LV-0001754,11,2025-11-01,2025-11-12,2025-11-21,9,Annual,60
P-000561,LV-0001755,4,2025-04-01,2025-04-10,2025-04-15,5,Casual,163
P-000562,LV-0001756,2,2025-02-01,2025-02-07,2025-02-16,9,Annual,112
P-000562,LV-0001757,4,2025-04-01,2025-04-11,2025-04-20,9,Casual,60
P-000562,LV-0001758,6,2025-06-01,2025-06-10,2025-06-20,10,Casual,60
P-000562,LV-0001759,10,2025-10-01,2025-10-06,2025-10-17,11,Casual,120
P-000563,LV-0001760,3,2025-03-01,2025-03-08,2025-03-17,9,Annual,129
P-000563,LV-0001761,5,2025-05-01,2025-05-08,2025-05-15,7,Annual,60
P-000563,LV-0001762,7,2025-07-01,2025-07-09,2025-07-17,8,Casual,60
P-000563,LV-0001763,10,2025-10-01,2025-10-09,2025-10-18,9,Casual,90
P-000564,LV-0001764,1,2025-01-01,2025-01-07,2025-01-20,13,Annual,80
P-000564,LV-0001765,3,2025-03-01,2025-03-12,2025-03-23,11,Medical/Authorized,60
P-000564,LV-0001766,8,2025-08-01,2025-08-11,2025-08-24,13,Annual,150
P-000564,LV-0001767,10,2025-10-01,2025-10-07,2025-10-19,12,Casual,60
P-000565,LV-0001768,3,2025-03-01,2025-03-11,2025-03-24,13,Medical/Authorized,114
P-000565,LV-0001769,6,2025-06-01,2025-06-07,2025-06-20,13,Casual,90
P-000565,LV-0001770,8,2025-08-01,2025-08-11,2025-08-22,11,Casual,60
P-000565,LV-0001771,10,2025-10-01,2025-10-06,2025-10-16,10,Annual,60
P-000566,LV-0001772,2,2025-02-01,2025-02-07,2025-02-20,13,Casual,87
P-000567,LV-0001773,1,2025-01-01,2025-01-08,2025-01-20,12,Casual,71
P-000567,LV-0001774,3,2025-03-01,2025-03-07,2025-03-16,9,Medical/Authorized,60
P-000567,LV-0001775,7,2025-07-01,2025-07-10,2025-07-21,11,Annual,120
P-000567,LV-0001776,9,2025-09-01,2025-09-07,2025-09-20,13,Medical/Authorized,60
P-000567,LV-0001777,12,2025-12-01,2025-12-10,2025-12-17,7,Annual,90
P-000568,LV-0001778,4,2025-04-01,2025-04-06,2025-04-14,8,Casual,148
P-000568,LV-0001779,6,2025-06-01,2025-06-10,2025-06-22,12,Annual,60
P-000568,LV-0001780,8,2025-08-01,2025-08-08,2025-08-21,13,Annual,60
P-000568,LV-0001781,10,2025-10-01,2025-10-08,2025-10-20,12,Medical/Authorized,60
P-000568,LV-0001782,12,2025-12-01,2025-12-10,2025-12-19,9,Annual,60
P-000569,LV-0001783,1,2025-01-01,2025-01-06,2025-01-15,9,Casual,88
P-000569,LV-0001784,4,2025-04-01,2025-04-06,2025-04-18,12,Casual,90
P-000569,LV-0001785,6,2025-06-01,2025-06-09,2025-06-25,16,Recovery,60
P-000570,LV-0001786,6,2025-06-01,2025-06-12,2025-06-22,10,Casual,238
P-000570,LV-0001787,8,2025-08-01,2025-08-07,2025-08-15,8,Annual,60
P-000570,LV-0001788,10,2025-10-01,2025-10-06,2025-10-15,9,Casual,60
P-000570,LV-0001789,12,2025-12-01,2025-12-11,2025-12-21,10,Annual,60
P-000571,LV-0001790,3,2025-03-01,2025-03-06,2025-03-17,11,Medical/Authorized,132
P-000571,LV-0001791,10,2025-10-01,2025-10-07,2025-10-19,12,Casual,210
P-000571,LV-0001792,12,2025-12-01,2025-12-09,2025-12-18,9,Medical/Authorized,60
P-000572,LV-0001793,12,2025-12-01,2025-12-09,2025-12-14,5,Casual,377
P-000573,LV-0001794,2,2025-02-01,2025-02-09,2025-02-18,9,Medical/Authorized,83
P-000573,LV-0001795,4,2025-04-01,2025-04-07,2025-04-17,10,Casual,60
P-000573,LV-0001796,7,2025-07-01,2025-07-07,2025-07-17,10,Medical/Authorized,90
P-000573,LV-0001797,10,2025-10-01,2025-10-12,2025-10-23,11,Casual,90
P-000573,LV-0001798,12,2025-12-01,2025-12-11,2025-12-24,13,Casual,60
P-000574,LV-0001799,1,2025-01-01,2025-01-08,2025-01-21,13,Annual,70
P-000574,LV-0001800,3,2025-03-01,2025-03-08,2025-03-15,7,Annual,60
P-000574,LV-0001801,8,2025-08-01,2025-08-12,2025-08-17,5,Casual,150
P-000575,LV-0001802,5,2025-05-01,2025-05-08,2025-05-12,4,Casual,174
P-000575,LV-0001803,12,2025-12-01,2025-12-11,2025-12-14,3,Casual,210
P-000576,LV-0001804,4,2025-04-01,2025-04-10,2025-04-17,7,Casual,154
P-000576,LV-0001805,6,2025-06-01,2025-06-08,2025-06-25,17,Recovery,60
P-000577,LV-0001806,1,2025-01-01,2025-01-06,2025-01-18,12,Annual,68
P-000577,LV-0001807,4,2025-04-01,2025-04-09,2025-04-19,10,Medical/Authorized,90
P-000577,LV-0001808,6,2025-06-01,2025-06-07,2025-06-15,8,Annual,60
P-000577,LV-0001809,8,2025-08-01,2025-08-07,2025-08-17,10,Annual,60
P-000577,LV-0001810,10,2025-10-01,2025-10-12,2025-10-20,8,Annual,60
P-000578,LV-0001811,2,2025-02-01,2025-02-11,2025-02-20,9,Casual,98
P-000578,LV-0001812,5,2025-05-01,2025-05-06,2025-05-18,12,Annual,90
P-000578,LV-0001813,6,2025-06-01,2025-06-11,2025-06-23,12,Recovery,30
P-000578,LV-0001814,8,2025-08-01,2025-08-08,2025-08-16,8,Annual,60
P-000579,LV-0001815,2,2025-02-01,2025-02-06,2025-02-13,7,Annual,89
P-000579,LV-0001816,5,2025-05-01,2025-05-10,2025-05-19,9,Casual,90
P-000579,LV-0001817,9,2025-09-01,2025-09-06,2025-09-13,7,Annual,120
P-000580,LV-0001818,1,2025-01-01,2025-01-10,2025-01-19,9,Casual,66
P-000580,LV-0001819,5,2025-05-01,2025-05-08,2025-05-18,10,Annual,120
P-000580,LV-0001820,10,2025-10-01,2025-10-07,2025-10-18,11,Annual,150
P-000580,LV-0001821,12,2025-12-01,2025-12-07,2025-12-16,9,Casual,60
P-000581,LV-0001822,1,2025-01-01,2025-01-09,2025-01-19,10,Annual,63
P-000581,LV-0001823,5,2025-05-01,2025-05-06,2025-05-18,12,Casual,120
P-000581,LV-0001824,8,2025-08-01,2025-08-08,2025-08-21,13,Medical/Authorized,90
P-000581,LV-0001825,10,2025-10-01,2025-10-10,2025-10-21,11,Casual,60
P-000581,LV-0001826,12,2025-12-01,2025-12-09,2025-12-18,9,Annual,60
P-000582,LV-0001827,2,2025-02-01,2025-02-07,2025-02-20,13,Annual,77
P-000582,LV-0001828,7,2025-07-01,2025-07-08,2025-07-20,12,Casual,150
P-000582,LV-0001829,10,2025-10-01,2025-10-09,2025-10-17,8,Casual,90
P-000583,LV-0001830,5,2025-05-01,2025-05-10,2025-05-23,13,Casual,193
P-000583,LV-0001831,7,2025-07-01,2025-07-12,2025-07-19,7,Annual,60
P-000583,LV-0001832,10,2025-10-01,2025-10-12,2025-10-25,13,Annual,90
P-000583,LV-0001833,12,2025-12-01,2025-12-06,2025-12-14,8,Annual,60
P-000584,LV-0001834,2,2025-02-01,2025-02-10,2025-02-20,10,Annual,79
P-000584,LV-0001835,4,2025-04-01,2025-04-11,2025-04-19,8,Casual,60
P-000584,LV-0001836,6,2025-06-01,2025-06-06,2025-06-17,11,Annual,60
P-000584,LV-0001837,9,2025-09-01,2025-09-07,2025-09-19,12,Annual,90
P-000584,LV-0001838,11,2025-11-01,2025-11-09,2025-11-19,10,Medical/Authorized,60
P-000585,LV-0001839,1,2025-01-01,2025-01-08,2025-01-20,12,Casual,71
P-000585,LV-0001840,3,2025-03-01,2025-03-12,2025-03-20,8,Casual,60
P-000585,LV-0001841,9,2025-09-01,2025-09-12,2025-09-23,11,Casual,180
P-000585,LV-0001842,11,2025-11-01,2025-11-10,2025-11-19,9,Annual,60
P-000586,LV-0001843,2,2025-02-01,2025-02-10,2025-02-20,10,Annual,107
P-000586,LV-0001844,4,2025-04-01,2025-04-10,2025-04-20,10,Annual,60
P-000586,LV-0001845,7,2025-07-01,2025-07-06,2025-07-17,11,Casual,90
P-000586,LV-0001846,9,2025-09-01,2025-09-08,2025-09-18,10,Annual,60
P-000586,LV-0001847,12,2025-12-01,2025-12-10,2025-12-19,9,Medical/Authorized,90
P-000587,LV-0001848,3,2025-03-01,2025-03-10,2025-03-20,10,Annual,145
P-000587,LV-0001849,6,2025-06-01,2025-06-06,2025-06-15,9,Casual,90
P-000588,LV-0001850,2,2025-02-01,2025-02-10,2025-02-21,11,Annual,76
P-000588,LV-0001851,11,2025-11-01,2025-11-09,2025-11-21,12,Annual,270
P-000589,LV-0001852,1,2025-01-01,2025-01-08,2025-01-17,9,Annual,62
P-000589,LV-0001853,5,2025-05-01,2025-05-06,2025-05-17,11,Casual,120
P-000589,LV-0001854,11,2025-11-01,2025-11-09,2025-11-19,10,Casual,180
P-000590,LV-0001855,1,2025-01-01,2025-01-12,2025-01-24,12,Annual,86
P-000590,LV-0001856,3,2025-03-01,2025-03-12,2025-03-21,9,Annual,60
P-000590,LV-0001857,5,2025-05-01,2025-05-11,2025-05-20,9,Medical/Authorized,60
P-000590,LV-0001858,7,2025-07-01,2025-07-07,2025-07-18,11,Casual,60
P-000590,LV-0001859,10,2025-10-01,2025-10-07,2025-10-18,11,Annual,90
P-000591,LV-0001860,1,2025-01-01,2025-01-08,2025-01-18,10,Annual,75
P-000591,LV-0001861,3,2025-03-01,2025-03-10,2025-03-22,12,Annual,60
P-000591,LV-0001862,8,2025-08-01,2025-08-07,2025-08-15,8,Annual,150
P-000591,LV-0001863,10,2025-10-01,2025-10-08,2025-10-21,13,Annual,60
P-000592,LV-0001864,3,2025-03-01,2025-03-12,2025-03-24,12,Casual,115
P-000593,LV-0001865,1,2025-01-01,2025-01-10,2025-01-17,7,Annual,86
P-000593,LV-0001866,3,2025-03-01,2025-03-09,2025-03-20,11,Annual,60
P-000593,LV-0001867,5,2025-05-01,2025-05-06,2025-05-17,11,Casual,60
P-000593,LV-0001868,9,2025-09-01,2025-09-10,2025-09-20,10,Casual,120
P-000593,LV-0001869,12,2025-12-01,2025-12-08,2025-12-16,8,Casual,90
P-000594,LV-0001870,3,2025-03-01,2025-03-10,2025-03-23,13,Annual,112
P-000594,LV-0001871,5,2025-05-01,2025-05-10,2025-05-20,10,Annual,60
P-000594,LV-0001872,8,2025-08-01,2025-08-06,2025-08-18,12,Casual,90
P-000594,LV-0001873,11,2025-11-01,2025-11-12,2025-11-24,12,Casual,90
P-000595,LV-0001874,2,2025-02-01,2025-02-07,2025-02-19,12,Medical/Authorized,84
P-000595,LV-0001875,6,2025-06-01,2025-06-08,2025-06-24,16,Recovery,120
P-000595,LV-0001876,8,2025-08-01,2025-08-06,2025-08-17,11,Casual,60
P-000595,LV-0001877,10,2025-10-01,2025-10-12,2025-10-25,13,Annual,60
P-000595,LV-0001878,12,2025-12-01,2025-12-08,2025-12-21,13,Casual,60
P-000596,LV-0001879,2,2025-02-01,2025-02-07,2025-02-14,7,Annual,88
P-000596,LV-0001880,4,2025-04-01,2025-04-08,2025-04-15,7,Medical/Authorized,60
P-000597,LV-0001881,10,2025-10-01,2025-10-09,2025-10-20,11,Annual,337
P-000597,LV-0001882,12,2025-12-01,2025-12-06,2025-12-17,11,Annual,60
P-000598,LV-0001883,2,2025-02-01,2025-02-11,2025-02-21,10,Annual,114
P-000598,LV-0001884,8,2025-08-01,2025-08-12,2025-08-21,9,Annual,180
P-000598,LV-0001885,11,2025-11-01,2025-11-09,2025-11-16,7,Casual,90
P-000599,LV-0001886,2,2025-02-01,2025-02-12,2025-02-23,11,Annual,91
P-000599,LV-0001887,8,2025-08-01,2025-08-08,2025-08-17,9,Annual,180
P-000600,LV-0001888,4,2025-04-01,2025-04-10,2025-04-20,10,Annual,137
P-000600,LV-0001889,6,2025-06-01,2025-06-08,2025-06-19,11,Casual,60
P-000600,LV-0001890,10,2025-10-01,2025-10-06,2025-10-16,10,Annual,120
P-000600,LV-0001891,12,2025-12-01,2025-12-08,2025-12-20,12,Annual,60
P-000601,LV-0001892,2,2025-02-01,2025-02-11,2025-02-22,11,Annual,76
P-000601,LV-0001893,4,2025-04-01,2025-04-06,2025-04-16,10,Casual,60
P-000601,LV-0001894,6,2025-06-01,2025-06-11,2025-06-19,8,Casual,60
P-000601,LV-0001895,11,2025-11-01,2025-11-11,2025-11-21,10,Annual,150
P-000602,LV-0001896,2,2025-02-01,2025-02-07,2025-02-15,8,Annual,80
P-000602,LV-0001897,4,2025-04-01,2025-04-06,2025-04-19,13,Annual,60
P-000602,LV-0001898,12,2025-12-01,2025-12-09,2025-12-20,11,Casual,240
P-000603,LV-0001899,2,2025-02-01,2025-02-10,2025-02-20,10,Annual,88
P-000603,LV-0001900,4,2025-04-01,2025-04-06,2025-04-18,12,Annual,60
P-000603,LV-0001901,8,2025-08-01,2025-08-07,2025-08-15,8,Annual,120
P-000603,LV-0001902,10,2025-10-01,2025-10-06,2025-10-18,12,Casual,60
P-000604,LV-0001903,1,2025-01-01,2025-01-09,2025-01-19,10,Casual,86
P-000604,LV-0001904,4,2025-04-01,2025-04-07,2025-04-20,13,Annual,90
P-000604,LV-0001905,8,2025-08-01,2025-08-06,2025-08-18,12,Annual,120
P-000604,LV-0001906,11,2025-11-01,2025-11-07,2025-11-15,8,Annual,90
P-000605,LV-0001907,2,2025-02-01,2025-02-10,2025-02-23,13,Casual,75
P-000605,LV-0001908,4,2025-04-01,2025-04-06,2025-04-13,7,Annual,60
P-000605,LV-0001909,9,2025-09-01,2025-09-12,2025-09-21,9,Annual,150
P-000606,LV-0001910,5,2025-05-01,2025-05-07,2025-05-15,8,Annual,203
P-000606,LV-0001911,9,2025-09-01,2025-09-10,2025-09-23,13,Annual,120
P-000606,LV-0001912,12,2025-12-01,2025-12-10,2025-12-21,11,Annual,90
P-000607,LV-0001913,3,2025-03-01,2025-03-12,2025-03-23,11,Medical/Authorized,105
P-000608,LV-0001914,3,2025-03-01,2025-03-07,2025-03-17,10,Annual,145
P-000608,LV-0001915,7,2025-07-01,2025-07-07,2025-07-14,7,Annual,120
P-000608,LV-0001916,9,2025-09-01,2025-09-12,2025-09-20,8,Annual,60
P-000608,LV-0001917,11,2025-11-01,2025-11-12,2025-11-22,10,Annual,60
P-000609,LV-0001918,2,2025-02-01,2025-02-10,2025-02-19,9,Casual,115
P-000609,LV-0001919,9,2025-09-01,2025-09-07,2025-09-16,9,Annual,210
P-000610,LV-0001920,4,2025-04-01,2025-04-10,2025-04-15,5,Casual,140
P-000610,LV-0001921,11,2025-11-01,2025-11-12,2025-11-20,8,Casual,210
P-000611,LV-0001922,2,2025-02-01,2025-02-10,2025-02-23,13,Annual,77
P-000611,LV-0001923,8,2025-08-01,2025-08-10,2025-08-20,10,Casual,180
P-000611,LV-0001924,11,2025-11-01,2025-11-09,2025-11-18,9,Medical/Authorized,90
P-000612,LV-0001925,5,2025-05-01,2025-05-11,2025-05-17,6,Casual,188
P-000612,LV-0001926,11,2025-11-01,2025-11-12,2025-11-15,3,Casual,180
P-000613,LV-0001927,3,2025-03-01,2025-03-08,2025-03-15,7,Annual,111
P-000613,LV-0001928,8,2025-08-01,2025-08-06,2025-08-13,7,Casual,150
P-000613,LV-0001929,10,2025-10-01,2025-10-09,2025-10-22,13,Annual,60
P-000613,LV-0001930,12,2025-12-01,2025-12-07,2025-12-17,10,Annual,60
P-000614,LV-0001931,2,2025-02-01,2025-02-11,2025-02-24,13,Casual,75
P-000614,LV-0001932,5,2025-05-01,2025-05-08,2025-05-18,10,Casual,90
P-000614,LV-0001933,8,2025-08-01,2025-08-09,2025-08-18,9,Annual,90
P-000614,LV-0001934,10,2025-10-01,2025-10-09,2025-10-16,7,Medical/Authorized,60
P-000615,LV-0001935,1,2025-01-01,2025-01-06,2025-01-13,7,Annual,79
P-000615,LV-0001936,6,2025-06-01,2025-06-08,2025-06-25,17,Recovery,150
P-000615,LV-0001937,10,2025-10-01,2025-10-06,2025-10-14,8,Annual,120
P-000615,LV-0001938,12,2025-12-01,2025-12-10,2025-12-22,12,Casual,60
P-000616,LV-0001939,2,2025-02-01,2025-02-11,2025-02-18,7,Casual,84
P-000616,LV-0001940,4,2025-04-01,2025-04-08,2025-04-17,9,Casual,60
P-000616,LV-0001941,6,2025-06-01,2025-06-11,2025-06-23,12,Recovery,60
P-000616,LV-0001942,9,2025-09-01,2025-09-11,2025-09-24,13,Annual,90
P-000616,LV-0001943,12,2025-12-01,2025-12-06,2025-12-14,8,Casual,90
P-000617,LV-0001944,1,2025-01-01,2025-01-10,2025-01-20,10,Casual,80
P-000617,LV-0001945,3,2025-03-01,2025-03-11,2025-03-19,8,Annual,60
P-000617,LV-0001946,5,2025-05-01,2025-05-11,2025-05-18,7,Annual,60
P-000617,LV-0001947,7,2025-07-01,2025-07-08,2025-07-16,8,Annual,60
P-000618,LV-0001948,3,2025-03-01,2025-03-10,2025-03-18,8,Casual,122
P-000619,LV-0001949,7,2025-07-01,2025-07-08,2025-07-13,5,Casual,265
P-000620,LV-0001950,4,2025-04-01,2025-04-12,2025-04-19,7,Casual,159
P-000620,LV-0001951,10,2025-10-01,2025-10-08,2025-10-21,13,Annual,180
P-000621,LV-0001952,3,2025-03-01,2025-03-10,2025-03-22,12,Annual,143
P-000621,LV-0001953,5,2025-05-01,2025-05-09,2025-05-18,9,Casual,60
P-000621,LV-0001954,7,2025-07-01,2025-07-06,2025-07-17,11,Annual,60
P-000621,LV-0001955,9,2025-09-01,2025-09-06,2025-09-17,11,Annual,60
P-000621,LV-0001956,12,2025-12-01,2025-12-12,2025-12-21,9,Casual,90
P-000622,LV-0001957,2,2025-02-01,2025-02-10,2025-02-22,12,Annual,116
P-000622,LV-0001958,4,2025-04-01,2025-04-09,2025-04-16,7,Casual,60
P-000622,LV-0001959,6,2025-06-01,2025-06-12,2025-06-21,9,Annual,60
P-000622,LV-0001960,9,2025-09-01,2025-09-12,2025-09-21,9,Annual,90
P-000623,LV-0001961,3,2025-03-01,2025-03-06,2025-03-18,12,Annual,130
P-000623,LV-0001962,9,2025-09-01,2025-09-10,2025-09-23,13,Casual,180
P-000623,LV-0001963,12,2025-12-01,2025-12-08,2025-12-17,9,Annual,90
P-000624,LV-0001964,2,2025-02-01,2025-02-09,2025-02-22,13,Annual,89
P-000624,LV-0001965,5,2025-05-01,2025-05-08,2025-05-19,11,Medical/Authorized,90
P-000624,LV-0001966,7,2025-07-01,2025-07-09,2025-07-21,12,Casual,60
P-000624,LV-0001967,10,2025-10-01,2025-10-08,2025-10-16,8,Casual,90
P-000625,LV-0001968,1,2025-01-01,2025-01-08,2025-01-18,10,Casual,68
P-000625,LV-0001969,8,2025-08-01,2025-08-08,2025-08-14,6,Casual,210
P-000625,LV-0001970,12,2025-12-01,2025-12-11,2025-12-20,9,Annual,120
P-000626,LV-0001971,4,2025-04-01,2025-04-08,2025-04-19,11,Casual,152
P-000626,LV-0001972,10,2025-10-01,2025-10-12,2025-10-19,7,Annual,180
P-000626,LV-0001973,12,2025-12-01,2025-12-08,2025-12-17,9,Casual,60
P-000627,LV-0001974,2,2025-02-01,2025-02-06,2025-02-14,8,Annual,80
P-000627,LV-0001975,6,2025-06-01,2025-06-08,2025-06-19,11,Annual,120
P-000627,LV-0001976,8,2025-08-01,2025-08-12,2025-08-20,8,Casual,60
P-000627,LV-0001977,11,2025-11-01,2025-11-12,2025-11-21,9,Casual,90
P-000628,LV-0001978,2,2025-02-01,2025-02-07,2025-02-15,8,Annual,118
P-000628,LV-0001979,7,2025-07-01,2025-07-08,2025-07-12,4,Casual,150
P-000628,LV-0001980,10,2025-10-01,2025-10-10,2025-10-19,9,Casual,90
P-000628,LV-0001981,12,2025-12-01,2025-12-12,2025-12-24,12,Medical/Authorized,60
P-000629,LV-0001982,1,2025-01-01,2025-01-12,2025-01-21,9,Medical/Authorized,88
P-000629,LV-0001983,5,2025-05-01,2025-05-12,2025-05-19,7,Annual,120
P-000629,LV-0001984,7,2025-07-01,2025-07-10,2025-07-18,8,Medical/Authorized,60
P-000629,LV-0001985,9,2025-09-01,2025-09-07,2025-09-19,12,Annual,60
P-000629,LV-0001986,11,2025-11-01,2025-11-09,2025-11-21,12,Medical/Authorized,60
P-000630,LV-0001987,3,2025-03-01,2025-03-09,2025-03-18,9,Annual,126
P-000630,LV-0001988,5,2025-05-01,2025-05-10,2025-05-22,12,Annual,60
P-000630,LV-0001989,7,2025-07-01,2025-07-09,2025-07-21,12,Casual,60
P-000630,LV-0001990,9,2025-09-01,2025-09-06,2025-09-18,12,Annual,60
P-000630,LV-0001991,12,2025-12-01,2025-12-11,2025-12-21,10,Casual,90
P-000631,LV-0001992,2,2025-02-01,2025-02-07,2025-02-14,7,Casual,110
P-000631,LV-0001993,9,2025-09-01,2025-09-11,2025-09-17,6,Casual,210
P-000631,LV-0001994,12,2025-12-01,2025-12-11,2025-12-22,11,Casual,90
P-000632,LV-0001995,2,2025-02-01,2025-02-08,2025-02-17,9,Annual,88
P-000632,LV-0001996,5,2025-05-01,2025-05-10,2025-05-23,13,Annual,90
P-000632,LV-0001997,6,2025-06-01,2025-06-08,2025-06-23,15,Recovery,30
P-000632,LV-0001998,9,2025-09-01,2025-09-06,2025-09-19,13,Annual,90
P-000633,LV-0001999,2,2025-02-01,2025-02-12,2025-02-23,11,Casual,107
P-000633,LV-0002000,9,2025-09-01,2025-09-09,2025-09-21,12,Annual,210
P-000634,LV-0002001,2,2025-02-01,2025-02-12,2025-02-23,11,Casual,96
P-000634,LV-0002002,7,2025-07-01,2025-07-08,2025-07-13,5,Casual,150
P-000634,LV-0002003,9,2025-09-01,2025-09-06,2025-09-19,13,Annual,60
P-000634,LV-0002004,11,2025-11-01,2025-11-11,2025-11-20,9,Annual,60
P-000635,LV-0002005,2,2025-02-01,2025-02-12,2025-02-23,11,Casual,100
P-000635,LV-0002006,7,2025-07-01,2025-07-10,2025-07-19,9,Annual,150
P-000635,LV-0002007,11,2025-11-01,2025-11-07,2025-11-14,7,Annual,120
P-000636,LV-0002008,2,2025-02-01,2025-02-09,2025-02-18,9,Casual,119
P-000636,LV-0002009,4,2025-04-01,2025-04-06,2025-04-14,8,Annual,60
P-000636,LV-0002010,6,2025-06-01,2025-06-10,2025-06-20,10,Annual,60
P-000636,LV-0002011,10,2025-10-01,2025-10-06,2025-10-15,9,Casual,120
P-000637,LV-0002012,10,2025-10-01,2025-10-06,2025-10-14,8,Casual,317
P-000637,LV-0002013,12,2025-12-01,2025-12-12,2025-12-21,9,Annual,60
P-000638,LV-0002014,2,2025-02-01,2025-02-11,2025-02-20,9,Annual,86
P-000638,LV-0002015,6,2025-06-01,2025-06-12,2025-06-21,9,Annual,120
P-000638,LV-0002016,10,2025-10-01,2025-10-11,2025-10-20,9,Annual,120
P-000639,LV-0002017,1,2025-01-01,2025-01-08,2025-01-16,8,Annual,65
P-000639,LV-0002018,5,2025-05-01,2025-05-08,2025-05-16,8,Annual,120
P-000639,LV-0002019,8,2025-08-01,2025-08-11,2025-08-20,9,Annual,90
P-000639,LV-0002020,12,2025-12-01,2025-12-11,2025-12-21,10,Annual,120
P-000640,LV-0002021,3,2025-03-01,2025-03-07,2025-03-18,11,Annual,138
P-000640,LV-0002022,5,2025-05-01,2025-05-12,2025-05-25,13,Casual,60
P-000640,LV-0002023,8,2025-08-01,2025-08-09,2025-08-20,11,Annual,90
P-000640,LV-0002024,10,2025-10-01,2025-10-12,2025-10-25,13,Annual,60
P-000640,LV-0002025,12,2025-12-01,2025-12-07,2025-12-19,12,Annual,60
P-000641,LV-0002026,3,2025-03-01,2025-03-10,2025-03-22,12,Annual,124
P-000641,LV-0002027,5,2025-05-01,2025-05-09,2025-05-19,10,Annual,60
P-000641,LV-0002028,7,2025-07-01,2025-07-10,2025-07-22,12,Casual,60
P-000641,LV-0002029,9,2025-09-01,2025-09-11,2025-09-22,11,Medical/Authorized,60
P-000641,LV-0002030,12,2025-12-01,2025-12-09,2025-12-20,11,Casual,90
P-000642,LV-0002031,2,2025-02-01,2025-02-12,2025-02-19,7,Medical/Authorized,92
P-000642,LV-0002032,5,2025-05-01,2025-05-12,2025-05-20,8,Annual,90
P-000642,LV-0002033,10,2025-10-01,2025-10-07,2025-10-17,10,Casual,150
P-000642,LV-0002034,12,2025-12-01,2025-12-07,2025-12-14,7,Annual,60
P-000643,LV-0002035,3,2025-03-01,2025-03-07,2025-03-17,10,Annual,105
P-000643,LV-0002036,5,2025-05-01,2025-05-10,2025-05-17,7,Annual,60
P-000643,LV-0002037,7,2025-07-01,2025-07-08,2025-07-16,8,Annual,60
P-000643,LV-0002038,10,2025-10-01,2025-10-06,2025-10-14,8,Casual,90
P-000643,LV-0002039,12,2025-12-01,2025-12-09,2025-12-20,11,Casual,60
P-000644,LV-0002040,3,2025-03-01,2025-03-08,2025-03-19,11,Medical/Authorized,108
P-000644,LV-0002041,5,2025-05-01,2025-05-11,2025-05-19,8,Annual,60
P-000644,LV-0002042,7,2025-07-01,2025-07-09,2025-07-19,10,Annual,60
P-000645,LV-0002043,2,2025-02-01,2025-02-06,2025-02-14,8,Casual,83
P-000645,LV-0002044,4,2025-04-01,2025-04-09,2025-04-22,13,Casual,60
P-000645,LV-0002045,6,2025-06-01,2025-06-06,2025-06-19,13,Casual,60
P-000645,LV-0002046,10,2025-10-01,2025-10-12,2025-10-20,8,Annual,120
P-000646,LV-0002047,2,2025-02-01,2025-02-08,2025-02-20,12,Casual,98
P-000646,LV-0002048,6,2025-06-01,2025-06-06,2025-06-22,16,Recovery,120
P-000646,LV-0002049,10,2025-10-01,2025-10-08,2025-10-16,8,Casual,120
P-000646,LV-0002050,12,2025-12-01,2025-12-11,2025-12-21,10,Annual,60
P-000647,LV-0002051,2,2025-02-01,2025-02-11,2025-02-24,13,Casual,115
P-000647,LV-0002052,7,2025-07-01,2025-07-12,2025-07-19,7,Casual,150
P-000647,LV-0002053,12,2025-12-01,2025-12-08,2025-12-19,11,Annual,150
P-000648,LV-0002054,4,2025-04-01,2025-04-08,2025-04-13,5,Casual,136
P-000648,LV-0002055,9,2025-09-01,2025-09-10,2025-09-14,4,Casual,150
P-000648,LV-0002056,12,2025-12-01,2025-12-08,2025-12-15,7,Annual,90
P-000649,LV-0002057,6,2025-06-01,2025-06-08,2025-06-14,6,Casual,219
P-000650,LV-0002058,1,2025-01-01,2025-01-09,2025-01-20,11,Annual,82
P-000650,LV-0002059,7,2025-07-01,2025-07-06,2025-07-16,10,Annual,180
P-000650,LV-0002060,9,2025-09-01,2025-09-10,2025-09-22,12,Casual,60
P-000650,LV-0002061,12,2025-12-01,2025-12-11,2025-12-24,13,Casual,90
P-000651,LV-0002062,2,2025-02-01,2025-02-10,2025-02-21,11,Annual,78
P-000651,LV-0002063,6,2025-06-01,2025-06-10,2025-06-18,8,Annual,120
P-000651,LV-0002064,8,2025-08-01,2025-08-10,2025-08-21,11,Casual,60
P-000652,LV-0002065,2,2025-02-01,2025-02-12,2025-02-22,10,Casual,119
P-000652,LV-0002066,7,2025-07-01,2025-07-12,2025-07-19,7,Casual,150
P-000652,LV-0002067,10,2025-10-01,2025-10-08,2025-10-18,10,Annual,90
P-000652,LV-0002068,12,2025-12-01,2025-12-06,2025-12-14,8,Annual,60
P-000653,LV-0002069,6,2025-06-01,2025-06-11,2025-06-16,5,Casual,204
P-000653,LV-0002070,9,2025-09-01,2025-09-11,2025-09-23,12,Annual,90
P-000653,LV-0002071,12,2025-12-01,2025-12-06,2025-12-17,11,Annual,90
P-000654,LV-0002072,4,2025-04-01,2025-04-12,2025-04-19,7,Casual,156
P-000654,LV-0002073,10,2025-10-01,2025-10-08,2025-10-19,11,Medical/Authorized,180
P-000654,LV-0002074,12,2025-12-01,2025-12-12,2025-12-24,12,Annual,60
P-000655,LV-0002075,1,2025-01-01,2025-01-10,2025-01-18,8,Casual,62
P-000655,LV-0002076,8,2025-08-01,2025-08-08,2025-08-15,7,Annual,210
P-000655,LV-0002077,11,2025-11-01,2025-11-08,2025-11-20,12,Casual,90
P-000656,LV-0002078,1,2025-01-01,2025-01-12,2025-01-23,11,Casual,60
P-000656,LV-0002079,5,2025-05-01,2025-05-09,2025-05-16,7,Casual,120
P-000656,LV-0002080,7,2025-07-01,2025-07-07,2025-07-18,11,Casual,60
P-000656,LV-0002081,11,2025-11-01,2025-11-09,2025-11-16,7,Annual,120
P-000657,LV-0002082,2,2025-02-01,2025-02-12,2025-02-23,11,Annual,112
P-000657,LV-0002083,5,2025-05-01,2025-05-07,2025-05-17,10,Casual,90
P-000657,LV-0002084,7,2025-07-01,2025-07-07,2025-07-20,13,Medical/Authorized,60
P-000657,LV-0002085,11,2025-11-01,2025-11-09,2025-11-19,10,Casual,120
P-000658,LV-0002086,2,2025-02-01,2025-02-09,2025-02-17,8,Casual,77
P-000658,LV-0002087,6,2025-06-01,2025-06-09,2025-06-18,9,Annual,120
P-000658,LV-0002088,8,2025-08-01,2025-08-07,2025-08-19,12,Annual,60
P-000658,LV-0002089,11,2025-11-01,2025-11-06,2025-11-18,12,Medical/Authorized,90
P-000659,LV-0002090,5,2025-05-01,2025-05-08,2025-05-13,5,Casual,208
P-000659,LV-0002091,9,2025-09-01,2025-09-07,2025-09-18,11,Medical/Authorized,120
P-000659,LV-0002092,12,2025-12-01,2025-12-12,2025-12-20,8,Casual,90
P-000660,LV-0002093,1,2025-01-01,2025-01-11,2025-01-22,11,Casual,63
P-000660,LV-0002094,10,2025-10-01,2025-10-12,2025-10-19,7,Annual,270
P-000661,LV-0002095,2,2025-02-01,2025-02-09,2025-02-21,12,Casual,107
P-000661,LV-0002096,4,2025-04-01,2025-04-08,2025-04-20,12,Annual,60
P-000661,LV-0002097,8,2025-08-01,2025-08-09,2025-08-21,12,Casual,120
P-000661,LV-0002098,10,2025-10-01,2025-10-08,2025-10-16,8,Annual,60
P-000662,LV-0002099,5,2025-05-01,2025-05-08,2025-05-18,10,Casual,198
P-000662,LV-0002100,7,2025-07-01,2025-07-10,2025-07-21,11,Annual,60
P-000662,LV-0002101,9,2025-09-01,2025-09-09,2025-09-18,9,Annual,60
P-000662,LV-0002102,12,2025-12-01,2025-12-12,2025-12-22,10,Annual,90
P-000663,LV-0002103,4,2025-04-01,2025-04-09,2025-04-13,4,Casual,146
P-000663,LV-0002104,11,2025-11-01,2025-11-09,2025-11-21,12,Annual,210
P-000664,LV-0002105,7,2025-07-01,2025-07-08,2025-07-18,10,Annual,252
P-000664,LV-0002106,9,2025-09-01,2025-09-09,2025-09-17,8,Casual,60
P-000664,LV-0002107,12,2025-12-01,2025-12-12,2025-12-20,8,Annual,90
P-000665,LV-0002108,1,2025-01-01,2025-01-07,2025-01-20,13,Annual,69
P-000665,LV-0002109,6,2025-06-01,2025-06-07,2025-06-20,13,Annual,150
P-000665,LV-0002110,9,2025-09-01,2025-09-08,2025-09-20,12,Annual,90
P-000665,LV-0002111,12,2025-12-01,2025-12-07,2025-12-19,12,Annual,90
P-000666,LV-0002112,5,2025-05-01,2025-05-07,2025-05-20,13,Annual,168
P-000666,LV-0002113,7,2025-07-01,2025-07-06,2025-07-17,11,Annual,60
P-000666,LV-0002114,9,2025-09-01,2025-09-11,2025-09-24,13,Annual,60
P-000666,LV-0002115,12,2025-12-01,2025-12-12,2025-12-23,11,Casual,90
P-000667,LV-0002116,3,2025-03-01,2025-03-12,2025-03-24,12,Medical/Authorized,128
P-000667,LV-0002117,11,2025-11-01,2025-11-08,2025-11-21,13,Medical/Authorized,240
P-000668,LV-0002118,1,2025-01-01,2025-01-06,2025-01-19,13,Casual,73
P-000668,LV-0002119,4,2025-04-01,2025-04-11,2025-04-18,7,Casual,90
P-000668,LV-0002120,6,2025-06-01,2025-06-11,2025-06-20,9,Casual,60
P-000668,LV-0002121,8,2025-08-01,2025-08-08,2025-08-18,10,Annual,60
P-000669,LV-0002122,3,2025-03-01,2025-03-11,2025-03-21,10,Annual,119
P-000669,LV-0002123,5,2025-05-01,2025-05-10,2025-05-19,9,Casual,60
P-000669,LV-0002124,7,2025-07-01,2025-07-06,2025-07-17,11,Casual,60
P-000669,LV-0002125,11,2025-11-01,2025-11-07,2025-11-18,11,Casual,120
P-000670,LV-0002126,3,2025-03-01,2025-03-07,2025-03-19,12,Annual,141
P-000670,LV-0002127,5,2025-05-01,2025-05-10,2025-05-18,8,Casual,60
P-000670,LV-0002128,8,2025-08-01,2025-08-10,2025-08-23,13,Annual,90
P-000670,LV-0002129,11,2025-11-01,2025-11-06,2025-11-18,12,Medical/Authorized,90
P-000671,LV-0002130,2,2025-02-01,2025-02-08,2025-02-15,7,Annual,87
P-000671,LV-0002131,5,2025-05-01,2025-05-09,2025-05-21,12,Annual,90
P-000671,LV-0002132,7,2025-07-01,2025-07-12,2025-07-19,7,Annual,60
P-000672,LV-0002133,1,2025-01-01,2025-01-08,2025-01-20,12,Annual,61
P-000672,LV-0002134,4,2025-04-01,2025-04-06,2025-04-17,11,Casual,90
P-000672,LV-0002135,6,2025-06-01,2025-06-11,2025-06-28,17,Recovery,60
P-000672,LV-0002136,12,2025-12-01,2025-12-10,2025-12-19,9,Medical/Authorized,180
P-000673,LV-0002137,1,2025-01-01,2025-01-08,2025-01-20,12,Annual,65
P-000673,LV-0002138,3,2025-03-01,2025-03-10,2025-03-23,13,Annual,60
P-000673,LV-0002139,6,2025-06-01,2025-06-10,2025-06-18,8,Casual,90
P-000673,LV-0002140,8,2025-08-01,2025-08-08,2025-08-17,9,Annual,60
P-000674,LV-0002141,2,2025-02-01,2025-02-11,2025-02-20,9,Annual,75
P-000675,LV-0002142,2,2025-02-01,2025-02-09,2025-02-17,8,Annual,93
P-000675,LV-0002143,5,2025-05-01,2025-05-08,2025-05-18,10,Casual,90
P-000675,LV-0002144,10,2025-10-01,2025-10-09,2025-10-19,10,Casual,150
P-000675,LV-0002145,12,2025-12-01,2025-12-06,2025-12-15,9,Annual,60
P-000676,LV-0002146,4,2025-04-01,2025-04-07,2025-04-15,8,Casual,174
P-000676,LV-0002147,6,2025-06-01,2025-06-06,2025-06-14,8,Annual,60
P-000676,LV-0002148,8,2025-08-01,2025-08-12,2025-08-25,13,Annual,60
P-000676,LV-0002149,10,2025-10-01,2025-10-09,2025-10-19,10,Annual,60
P-000677,LV-0002150,3,2025-03-01,2025-03-09,2025-03-22,13,Annual,116
P-000677,LV-0002151,5,2025-05-01,2025-05-12,2025-05-23,11,Annual,60
P-000677,LV-0002152,11,2025-11-01,2025-11-12,2025-11-19,7,Annual,180
P-000678,LV-0002153,1,2025-01-01,2025-01-11,2025-01-20,9,Annual,89
P-000678,LV-0002154,5,2025-05-01,2025-05-10,2025-05-18,8,Annual,120
P-000678,LV-0002155,9,2025-09-01,2025-09-12,2025-09-23,11,Medical/Authorized,120
P-000678,LV-0002156,11,2025-11-01,2025-11-07,2025-11-15,8,Annual,60
P-000679,LV-0002157,1,2025-01-01,2025-01-08,2025-01-17,9,Casual,66
P-000679,LV-0002158,8,2025-08-01,2025-08-07,2025-08-17,10,Casual,210
P-000679,LV-0002159,10,2025-10-01,2025-10-10,2025-10-19,9,Annual,60
P-000680,LV-0002160,6,2025-06-01,2025-06-09,2025-06-12,3,Casual,211
P-000680,LV-0002161,12,2025-12-01,2025-12-09,2025-12-12,3,Casual,180
P-000681,LV-0002162,9,2025-09-01,2025-09-10,2025-09-14,4,Casual,286
P-000682,LV-0002163,1,2025-01-01,2025-01-08,2025-01-20,12,Annual,63
P-000682,LV-0002164,5,2025-05-01,2025-05-09,2025-05-17,8,Annual,120
P-000682,LV-0002165,7,2025-07-01,2025-07-06,2025-07-16,10,Annual,60
P-000682,LV-0002166,10,2025-10-01,2025-10-12,2025-10-20,8,Annual,90
P-000683,LV-0002167,5,2025-05-01,2025-05-12,2025-05-20,8,Annual,195
P-000683,LV-0002168,7,2025-07-01,2025-07-06,2025-07-14,8,Casual,60
P-000683,LV-0002169,9,2025-09-01,2025-09-10,2025-09-20,10,Casual,60
P-000683,LV-0002170,11,2025-11-01,2025-11-07,2025-11-15,8,Casual,60
P-000684,LV-0002171,2,2025-02-01,2025-02-08,2025-02-19,11,Annual,83
P-000684,LV-0002172,12,2025-12-01,2025-12-12,2025-12-21,9,Annual,300
P-000685,LV-0002173,2,2025-02-01,2025-02-10,2025-02-21,11,Annual,119
P-000685,LV-0002174,4,2025-04-01,2025-04-06,2025-04-15,9,Casual,60
P-000685,LV-0002175,6,2025-06-01,2025-06-07,2025-06-21,14,Recovery,60
P-000685,LV-0002176,8,2025-08-01,2025-08-10,2025-08-17,7,Annual,60
P-000685,LV-0002177,10,2025-10-01,2025-10-12,2025-10-25,13,Casual,60
P-000685,LV-0002178,12,2025-12-01,2025-12-07,2025-12-19,12,Casual,60
P-000686,LV-0002179,3,2025-03-01,2025-03-10,2025-03-23,13,Casual,148
P-000686,LV-0002180,9,2025-09-01,2025-09-09,2025-09-20,11,Annual,180
P-000686,LV-0002181,11,2025-11-01,2025-11-07,2025-11-18,11,Annual,60
P-000687,LV-0002182,3,2025-03-01,2025-03-10,2025-03-20,10,Casual,135
P-000687,LV-0002183,8,2025-08-01,2025-08-07,2025-08-11,4,Casual,150
P-000687,LV-0002184,10,2025-10-01,2025-10-11,2025-10-24,13,Casual,60
P-000688,LV-0002185,2,2025-02-01,2025-02-06,2025-02-14,8,Casual,80
P-000688,LV-0002186,5,2025-05-01,2025-05-09,2025-05-19,10,Annual,90
P-000688,LV-0002187,7,2025-07-01,2025-07-10,2025-07-22,12,Annual,60
P-000688,LV-0002188,9,2025-09-01,2025-09-12,2025-09-24,12,Annual,60
P-000688,LV-0002189,12,2025-12-01,2025-12-12,2025-12-22,10,Casual,90
P-000689,LV-0002190,6,2025-06-01,2025-06-07,2025-06-13,6,Casual,208
P-000689,LV-0002191,10,2025-10-01,2025-10-06,2025-10-15,9,Casual,120
P-000689,LV-0002192,12,2025-12-01,2025-12-07,2025-12-16,9,Casual,60
P-000690,LV-0002193,2,2025-02-01,2025-02-12,2025-02-19,7,Casual,84
P-000690,LV-0002194,4,2025-04-01,2025-04-09,2025-04-19,10,Annual,60
P-000690,LV-0002195,6,2025-06-01,2025-06-11,2025-06-21,10,Casual,60
P-000690,LV-0002196,9,2025-09-01,2025-09-06,2025-09-18,12,Casual,90
P-000690,LV-0002197,11,2025-11-01,2025-11-09,2025-11-18,9,Casual,60
P-000691,LV-0002198,1,2025-01-01,2025-01-08,2025-01-16,8,Annual,75
P-000691,LV-0002199,4,2025-04-01,2025-04-08,2025-04-20,12,Annual,90
P-000691,LV-0002200,6,2025-06-01,2025-06-06,2025-06-17,11,Annual,60
P-000691,LV-0002201,9,2025-09-01,2025-09-06,2025-09-13,7,Annual,90
P-000691,LV-0002202,12,2025-12-01,2025-12-11,2025-12-24,13,Annual,90
P-000692,LV-0002203,2,2025-02-01,2025-02-07,2025-02-17,10,Annual,76
P-000692,LV-0002204,5,2025-05-01,2025-05-06,2025-05-19,13,Casual,90
P-000692,LV-0002205,9,2025-09-01,2025-09-07,2025-09-15,8,Annual,120
P-000692,LV-0002206,12,2025-12-01,2025-12-09,2025-12-21,12,Annual,90
P-000693,LV-0002207,1,2025-01-01,2025-01-10,2025-01-17,7,Annual,71
P-000693,LV-0002208,7,2025-07-01,2025-07-12,2025-07-18,6,Casual,180
P-000693,LV-0002209,9,2025-09-01,2025-09-10,2025-09-22,12,Casual,60
P-000693,LV-0002210,11,2025-11-01,2025-11-08,2025-11-21,13,Casual,60
P-000694,LV-0002211,2,2025-02-01,2025-02-12,2025-02-25,13,Casual,107
P-000694,LV-0002212,4,2025-04-01,2025-04-08,2025-04-18,10,Annual,60
P-000694,LV-0002213,7,2025-07-01,2025-07-06,2025-07-16,10,Annual,90
P-000694,LV-0002214,11,2025-11-01,2025-11-09,2025-11-16,7,Annual,120
P-000695,LV-0002215,9,2025-09-01,2025-09-07,2025-09-16,9,Annual,291
P-000696,LV-0002216,3,2025-03-01,2025-03-09,2025-03-20,11,Casual,105
P-000696,LV-0002217,8,2025-08-01,2025-08-07,2025-08-11,4,Casual,150
P-000696,LV-0002218,12,2025-12-01,2025-12-08,2025-12-15,7,Annual,120
P-000697,LV-0002219,2,2025-02-01,2025-02-09,2025-02-22,13,Annual,82
P-000697,LV-0002220,4,2025-04-01,2025-04-06,2025-04-18,12,Annual,60
P-000697,LV-0002221,7,2025-07-01,2025-07-10,2025-07-19,9,Annual,90
P-000697,LV-0002222,9,2025-09-01,2025-09-09,2025-09-21,12,Casual,60
P-000698,LV-0002223,1,2025-01-01,2025-01-07,2025-01-20,13,Medical/Authorized,80
P-000698,LV-0002224,3,2025-03-01,2025-03-07,2025-03-16,9,Casual,60
P-000698,LV-0002225,9,2025-09-01,2025-09-11,2025-09-23,12,Annual,180
P-000698,LV-0002226,11,2025-11-01,2025-11-09,2025-11-18,9,Annual,60
P-000699,LV-0002227,4,2025-04-01,2025-04-08,2025-04-17,9,Casual,172
P-000699,LV-0002228,6,2025-06-01,2025-06-06,2025-06-17,11,Annual,60
P-000699,LV-0002229,10,2025-10-01,2025-10-07,2025-10-14,7,Annual,120
P-000700,LV-0002230,4,2025-04-01,2025-04-06,2025-04-13,7,Annual,161
P-000700,LV-0002231,9,2025-09-01,2025-09-12,2025-09-19,7,Annual,150
P-000701,LV-0002232,1,2025-01-01,2025-01-10,2025-01-19,9,Casual,84
P-000701,LV-0002233,12,2025-12-01,2025-12-07,2025-12-19,12,Annual,330
P-000702,LV-0002234,1,2025-01-01,2025-01-12,2025-01-25,13,Medical/Authorized,80
P-000702,LV-0002235,3,2025-03-01,2025-03-10,2025-03-23,13,Casual,60
P-000702,LV-0002236,5,2025-05-01,2025-05-12,2025-05-21,9,Annual,60
P-000702,LV-0002237,10,2025-10-01,2025-10-11,2025-10-22,11,Annual,150
P-000702,LV-0002238,12,2025-12-01,2025-12-08,2025-12-21,13,Casual,60
P-000703,LV-0002239,5,2025-05-01,2025-05-06,2025-05-17,11,Annual,178
P-000703,LV-0002240,7,2025-07-01,2025-07-12,2025-07-21,9,Annual,60
P-000703,LV-0002241,9,2025-09-01,2025-09-08,2025-09-20,12,Annual,60
P-000703,LV-0002242,11,2025-11-01,2025-11-08,2025-11-15,7,Medical/Authorized,60
P-000704,LV-0002243,2,2025-02-01,2025-02-07,2025-02-19,12,Annual,97
P-000704,LV-0002244,6,2025-06-01,2025-06-09,2025-06-17,8,Casual,120
P-000704,LV-0002245,8,2025-08-01,2025-08-09,2025-08-16,7,Annual,60
P-000704,LV-0002246,11,2025-11-01,2025-11-06,2025-11-13,7,Annual,90
P-000705,LV-0002247,2,2025-02-01,2025-02-12,2025-02-20,8,Annual,115
P-000705,LV-0002248,4,2025-04-01,2025-04-07,2025-04-17,10,Annual,60
P-000705,LV-0002249,9,2025-09-01,2025-09-12,2025-09-22,10,Annual,150
P-000705,LV-0002250,11,2025-11-01,2025-11-08,2025-11-18,10,Annual,60
P-000706,LV-0002251,2,2025-02-01,2025-02-08,2025-02-17,9,Annual,82
P-000706,LV-0002252,4,2025-04-01,2025-04-08,2025-04-21,13,Casual,60
P-000706,LV-0002253,7,2025-07-01,2025-07-07,2025-07-19,12,Annual,90
P-000706,LV-0002254,12,2025-12-01,2025-12-09,2025-12-19,10,Annual,150
P-000707,LV-0002255,1,2025-01-01,2025-01-12,2025-01-23,11,Annual,87
P-000707,LV-0002256,3,2025-03-01,2025-03-11,2025-03-19,8,Annual,60
P-000707,LV-0002257,7,2025-07-01,2025-07-12,2025-07-25,13,Annual,120
P-000707,LV-0002258,9,2025-09-01,2025-09-12,2025-09-22,10,Casual,60
P-000708,LV-0002259,5,2025-05-01,2025-05-10,2025-05-16,6,Casual,176
P-000709,LV-0002260,2,2025-02-01,2025-02-07,2025-02-19,12,Casual,101
P-000709,LV-0002261,8,2025-08-01,2025-08-08,2025-08-16,8,Medical/Authorized,180
P-000709,LV-0002262,10,2025-10-01,2025-10-06,2025-10-13,7,Annual,60
P-000710,LV-0002263,1,2025-01-01,2025-01-06,2025-01-19,13,Annual,84
P-000710,LV-0002264,11,2025-11-01,2025-11-08,2025-11-17,9,Annual,300
P-000711,LV-0002265,10,2025-10-01,2025-10-12,2025-10-19,7,Casual,329
P-000712,LV-0002266,3,2025-03-01,2025-03-10,2025-03-21,11,Annual,108
P-000712,LV-0002267,9,2025-09-01,2025-09-11,2025-09-24,13,Casual,180
P-000713,LV-0002268,2,2025-02-01,2025-02-12,2025-02-24,12,Annual,102
P-000713,LV-0002269,4,2025-04-01,2025-04-07,2025-04-15,8,Annual,60
P-000713,LV-0002270,6,2025-06-01,2025-06-07,2025-06-19,12,Casual,60
P-000713,LV-0002271,8,2025-08-01,2025-08-09,2025-08-20,11,Casual,60
P-000713,LV-0002272,11,2025-11-01,2025-11-11,2025-11-18,7,Annual,90
P-000714,LV-0002273,5,2025-05-01,2025-05-06,2025-05-18,12,Annual,199
P-000714,LV-0002274,8,2025-08-01,2025-08-10,2025-08-20,10,Casual,90
P-000715,LV-0002275,2,2025-02-01,2025-02-09,2025-02-16,7,Annual,82
P-000715,LV-0002276,4,2025-04-01,2025-04-10,2025-04-19,9,Annual,60
P-000716,LV-0002277,4,2025-04-01,2025-04-11,2025-04-24,13,Annual,156
P-000716,LV-0002278,6,2025-06-01,2025-06-12,2025-06-26,14,Recovery,60
P-000716,LV-0002279,8,2025-08-01,2025-08-12,2025-08-25,13,Annual,60
P-000717,LV-0002280,8,2025-08-01,2025-08-09,2025-08-13,4,Casual,277
P-000718,LV-0002281,3,2025-03-01,2025-03-12,2025-03-23,11,Medical/Authorized,135
P-000718,LV-0002282,6,2025-06-01,2025-06-11,2025-06-19,8,Annual,90
P-000718,LV-0002283,8,2025-08-01,2025-08-11,2025-08-18,7,Annual,60
P-000718,LV-0002284,11,2025-11-01,2025-11-11,2025-11-20,9,Annual,90
P-000719,LV-0002285,1,2025-01-01,2025-01-06,2025-01-15,9,Medical/Authorized,73
P-000719,LV-0002286,4,2025-04-01,2025-04-08,2025-04-20,12,Annual,90
P-000719,LV-0002287,7,2025-07-01,2025-07-06,2025-07-14,8,Casual,90
P-000719,LV-0002288,12,2025-12-01,2025-12-09,2025-12-20,11,Annual,150
P-000720,LV-0002289,10,2025-10-01,2025-10-11,2025-10-18,7,Annual,349
P-000720,LV-0002290,12,2025-12-01,2025-12-06,2025-12-13,7,Annual,60
P-000721,LV-0002291,3,2025-03-01,2025-03-08,2025-03-21,13,Annual,118
P-000721,LV-0002292,5,2025-05-01,2025-05-08,2025-05-18,10,Annual,60
P-000721,LV-0002293,6,2025-06-01,2025-06-12,2025-06-27,15,Recovery,30
P-000721,LV-0002294,8,2025-08-01,2025-08-10,2025-08-22,12,Casual,60
P-000721,LV-0002295,11,2025-11-01,2025-11-06,2025-11-13,7,Casual,90
P-000722,LV-0002296,1,2025-01-01,2025-01-12,2025-01-23,11,Annual,81
P-000722,LV-0002297,5,2025-05-01,2025-05-08,2025-05-19,11,Casual,120
P-000722,LV-0002298,7,2025-07-01,2025-07-06,2025-07-16,10,Annual,60
P-000722,LV-0002299,9,2025-09-01,2025-09-11,2025-09-20,9,Annual,60
P-000722,LV-0002300,11,2025-11-01,2025-11-10,2025-11-22,12,Annual,60
P-000723,LV-0002301,1,2025-01-01,2025-01-10,2025-01-17,7,Annual,70
P-000723,LV-0002302,3,2025-03-01,2025-03-10,2025-03-23,13,Casual,60
P-000723,LV-0002303,6,2025-06-01,2025-06-07,2025-06-18,11,Medical/Authorized,90
P-000723,LV-0002304,12,2025-12-01,2025-12-11,2025-12-20,9,Annual,180
P-000724,LV-0002305,10,2025-10-01,2025-10-09,2025-10-18,9,Casual,340
P-000725,LV-0002306,3,2025-03-01,2025-03-09,2025-03-20,11,Casual,132
P-000725,LV-0002307,9,2025-09-01,2025-09-08,2025-09-19,11,Annual,180
P-000725,LV-0002308,11,2025-11-01,2025-11-12,2025-11-22,10,Annual,60
P-000727,LV-0002309,1,2025-01-01,2025-01-12,2025-01-22,10,Medical/Authorized,71
P-000727,LV-0002310,3,2025-03-01,2025-03-10,2025-03-20,10,Annual,60
P-000727,LV-0002311,5,2025-05-01,2025-05-12,2025-05-19,7,Casual,60
P-000728,LV-0002312,12,2025-12-01,2025-12-06,2025-12-10,4,Casual,415
P-000729,LV-0002313,1,2025-01-01,2025-01-11,2025-01-19,8,Casual,74
P-000729,LV-0002314,3,2025-03-01,2025-03-07,2025-03-20,13,Annual,60
P-000729,LV-0002315,5,2025-05-01,2025-05-10,2025-05-20,10,Casual,60
P-000729,LV-0002316,7,2025-07-01,2025-07-12,2025-07-19,7,Casual,60
P-000729,LV-0002317,9,2025-09-01,2025-09-11,2025-09-22,11,Annual,60
P-000729,LV-0002318,11,2025-11-01,2025-11-08,2025-11-20,12,Casual,60
P-000730,LV-0002319,1,2025-01-01,2025-01-12,2025-01-19,7,Medical/Authorized,84
P-000730,LV-0002320,3,2025-03-01,2025-03-06,2025-03-15,9,Annual,60
P-000730,LV-0002321,9,2025-09-01,2025-09-10,2025-09-23,13,Medical/Authorized,180
P-000731,LV-0002322,1,2025-01-01,2025-01-11,2025-01-19,8,Annual,84
P-000731,LV-0002323,7,2025-07-01,2025-07-11,2025-07-24,13,Annual,180
P-000731,LV-0002324,9,2025-09-01,2025-09-07,2025-09-15,8,Annual,60
P-000731,LV-0002325,12,2025-12-01,2025-12-08,2025-12-19,11,Medical/Authorized,90
P-000732,LV-0002326,6,2025-06-01,2025-06-11,2025-06-17,6,Casual,232
P-000732,LV-0002327,12,2025-12-01,2025-12-11,2025-12-14,3,Casual,180
P-000733,LV-0002328,2,2025-02-01,2025-02-06,2025-02-15,9,Annual,75
P-000733,LV-0002329,10,2025-10-01,2025-10-10,2025-10-17,7,Medical/Authorized,240
P-000733,LV-0002330,12,2025-12-01,2025-12-09,2025-12-18,9,Annual,60
P-000734,LV-0002331,10,2025-10-01,2025-10-09,2025-10-18,9,Annual,318
P-000735,LV-0002332,3,2025-03-01,2025-03-11,2025-03-20,9,Annual,105
P-000735,LV-0002333,6,2025-06-01,2025-06-12,2025-06-22,10,Annual,90
P-000735,LV-0002334,8,2025-08-01,2025-08-11,2025-08-19,8,Casual,60
P-000735,LV-0002335,11,2025-11-01,2025-11-12,2025-11-21,9,Casual,90
P-000736,LV-0002336,2,2025-02-01,2025-02-11,2025-02-19,8,Casual,81
P-000736,LV-0002337,6,2025-06-01,2025-06-06,2025-06-22,16,Recovery,120
P-000736,LV-0002338,10,2025-10-01,2025-10-07,2025-10-20,13,Casual,120
P-000737,LV-0002339,4,2025-04-01,2025-04-10,2025-04-20,10,Annual,157
P-000737,LV-0002340,10,2025-10-01,2025-10-11,2025-10-21,10,Medical/Authorized,180
P-000738,LV-0002341,5,2025-05-01,2025-05-08,2025-05-13,5,Casual,194
P-000739,LV-0002342,3,2025-03-01,2025-03-08,2025-03-16,8,Casual,108
P-000739,LV-0002343,5,2025-05-01,2025-05-11,2025-05-22,11,Medical/Authorized,60
P-000739,LV-0002344,10,2025-10-01,2025-10-10,2025-10-22,12,Casual,150
P-000740,LV-0002345,3,2025-03-01,2025-03-08,2025-03-15,7,Annual,106
P-000740,LV-0002346,6,2025-06-01,2025-06-07,2025-06-19,12,Casual,90
P-000740,LV-0002347,11,2025-11-01,2025-11-09,2025-11-20,11,Casual,150
P-000741,LV-0002348,3,2025-03-01,2025-03-08,2025-03-18,10,Casual,144
P-000741,LV-0002349,6,2025-06-01,2025-06-12,2025-06-21,9,Annual,90
P-000741,LV-0002350,8,2025-08-01,2025-08-06,2025-08-18,12,Annual,60
P-000742,LV-0002351,2,2025-02-01,2025-02-12,2025-02-24,12,Annual,110
P-000742,LV-0002352,6,2025-06-01,2025-06-10,2025-06-23,13,Annual,120
P-000743,LV-0002353,1,2025-01-01,2025-01-11,2025-01-21,10,Medical/Authorized,72
P-000743,LV-0002354,6,2025-06-01,2025-06-07,2025-06-12,5,Casual,150
P-000743,LV-0002355,10,2025-10-01,2025-10-11,2025-10-21,10,Casual,120
P-000744,LV-0002356,5,2025-05-01,2025-05-10,2025-05-15,5,Casual,192
P-000744,LV-0002357,10,2025-10-01,2025-10-10,2025-10-17,7,Casual,150
P-000744,LV-0002358,12,2025-12-01,2025-12-06,2025-12-19,13,Casual,60
P-000745,LV-0002359,1,2025-01-01,2025-01-10,2025-01-18,8,Annual,72
P-000745,LV-0002360,3,2025-03-01,2025-03-12,2025-03-22,10,Annual,60
P-000745,LV-0002361,6,2025-06-01,2025-06-11,2025-06-24,13,Annual,90
P-000745,LV-0002362,9,2025-09-01,2025-09-08,2025-09-21,13,Casual,90
P-000745,LV-0002363,11,2025-11-01,2025-11-08,2025-11-19,11,Casual,60
P-000746,LV-0002364,2,2025-02-01,2025-02-10,2025-02-21,11,Annual,81
P-000746,LV-0002365,4,2025-04-01,2025-04-09,2025-04-19,10,Annual,60
P-000746,LV-0002366,6,2025-06-01,2025-06-07,2025-06-23,16,Recovery,60
P-000746,LV-0002367,8,2025-08-01,2025-08-06,2025-08-18,12,Annual,60
P-000746,LV-0002368,12,2025-12-01,2025-12-10,2025-12-22,12,Annual,120
P-000747,LV-0002369,6,2025-06-01,2025-06-09,2025-06-19,10,Annual,208
P-000747,LV-0002370,8,2025-08-01,2025-08-12,2025-08-19,7,Annual,60
P-000747,LV-0002371,11,2025-11-01,2025-11-08,2025-11-19,11,Casual,90
P-000748,LV-0002372,3,2025-03-01,2025-03-07,2025-03-17,10,Casual,107
P-000748,LV-0002373,8,2025-08-01,2025-08-11,2025-08-17,6,Casual,150
P-000748,LV-0002374,11,2025-11-01,2025-11-09,2025-11-19,10,Annual,90
P-000749,LV-0002375,2,2025-02-01,2025-02-09,2025-02-22,13,Annual,77
P-000749,LV-0002376,6,2025-06-01,2025-06-11,2025-06-24,13,Recovery,120
P-000749,LV-0002377,10,2025-10-01,2025-10-12,2025-10-19,7,Annual,120
P-000750,LV-0002378,10,2025-10-01,2025-10-09,2025-10-20,11,Annual,336
P-000751,LV-0002379,2,2025-02-01,2025-02-06,2025-02-13,7,Annual,88
P-000751,LV-0002380,5,2025-05-01,2025-05-10,2025-05-23,13,Casual,90
P-000751,LV-0002381,8,2025-08-01,2025-08-12,2025-08-22,10,Medical/Authorized,90
P-000751,LV-0002382,11,2025-11-01,2025-11-07,2025-11-18,11,Annual,90
P-000752,LV-0002383,1,2025-01-01,2025-01-11,2025-01-23,12,Annual,69
P-000752,LV-0002384,3,2025-03-01,2025-03-06,2025-03-14,8,Annual,60
P-000752,LV-0002385,6,2025-06-01,2025-06-06,2025-06-19,13,Recovery,90
P-000752,LV-0002386,9,2025-09-01,2025-09-11,2025-09-18,7,Annual,90
P-000752,LV-0002387,12,2025-12-01,2025-12-12,2025-12-25,13,Annual,90
P-000753,LV-0002388,1,2025-01-01,2025-01-10,2025-01-23,13,Medical/Authorized,84
P-000753,LV-0002389,3,2025-03-01,2025-03-07,2025-03-14,7,Annual,60
P-000753,LV-0002390,9,2025-09-01,2025-09-12,2025-09-19,7,Annual,180
P-000753,LV-0002391,11,2025-11-01,2025-11-11,2025-11-21,10,Casual,60
P-000754,LV-0002392,2,2025-02-01,2025-02-11,2025-02-20,9,Annual,81
P-000754,LV-0002393,4,2025-04-01,2025-04-09,2025-04-16,7,Annual,60
P-000754,LV-0002394,6,2025-06-01,2025-06-12,2025-06-23,11,Annual,60
P-000754,LV-0002395,8,2025-08-01,2025-08-09,2025-08-21,12,Annual,60
P-000754,LV-0002396,10,2025-10-01,2025-10-06,2025-10-17,11,Casual,60
P-000754,LV-0002397,12,2025-12-01,2025-12-09,2025-12-22,13,Casual,60
P-000755,LV-0002398,1,2025-01-01,2025-01-06,2025-01-19,13,Annual,80
P-000755,LV-0002399,3,2025-03-01,2025-03-12,2025-03-23,11,Annual,60
P-000755,LV-0002400,6,2025-06-01,2025-06-07,2025-06-20,13,Annual,90
P-000755,LV-0002401,9,2025-09-01,2025-09-06,2025-09-13,7,Medical/Authorized,90
P-000755,LV-0002402,11,2025-11-01,2025-11-10,2025-11-21,11,Annual,60
P-000756,LV-0002403,6,2025-06-01,2025-06-06,2025-06-12,6,Casual,202
P-000757,LV-0002404,2,2025-02-01,2025-02-07,2025-02-14,7,Medical/Authorized,94
P-000757,LV-0002405,12,2025-12-01,2025-12-11,2025-12-18,7,Casual,300
P-000758,LV-0002406,1,2025-01-01,2025-01-08,2025-01-18,10,Casual,74
P-000758,LV-0002407,11,2025-11-01,2025-11-12,2025-11-22,10,Annual,300
P-000759,LV-0002408,3,2025-03-01,2025-03-09,2025-03-21,12,Medical/Authorized,119
P-000759,LV-0002409,6,2025-06-01,2025-06-08,2025-06-25,17,Recovery,90
P-000759,LV-0002410,8,2025-08-01,2025-08-12,2025-08-22,10,Annual,60
P-000759,LV-0002411,10,2025-10-01,2025-10-11,2025-10-24,13,Annual,60
P-000759,LV-0002412,12,2025-12-01,2025-12-08,2025-12-17,9,Annual,60
P-000761,LV-0002413,1,2025-01-01,2025-01-08,2025-01-15,7,Annual,79
P-000761,LV-0002414,5,2025-05-01,2025-05-12,2025-05-21,9,Medical/Authorized,120
P-000761,LV-0002415,7,2025-07-01,2025-07-11,2025-07-22,11,Casual,60
P-000761,LV-0002416,10,2025-10-01,2025-10-07,2025-10-15,8,Casual,90
P-000761,LV-0002417,12,2025-12-01,2025-12-08,2025-12-15,7,Annual,60
P-000762,LV-0002418,1,2025-01-01,2025-01-11,2025-01-24,13,Annual,67
P-000762,LV-0002419,3,2025-03-01,2025-03-10,2025-03-19,9,Casual,60
P-000762,LV-0002420,5,2025-05-01,2025-05-06,2025-05-14,8,Casual,60
P-000762,LV-0002421,8,2025-08-01,2025-08-10,2025-08-23,13,Annual,90
P-000762,LV-0002422,10,2025-10-01,2025-10-06,2025-10-14,8,Annual,60
P-000763,LV-0002423,2,2025-02-01,2025-02-08,2025-02-16,8,Annual,78
P-000763,LV-0002424,5,2025-05-01,2025-05-09,2025-05-19,10,Annual,90
P-000763,LV-0002425,7,2025-07-01,2025-07-11,2025-07-19,8,Annual,60
P-000763,LV-0002426,10,2025-10-01,2025-10-09,2025-10-19,10,Annual,90
P-000764,LV-0002427,5,2025-05-01,2025-05-11,2025-05-18,7,Casual,178
P-000765,LV-0002428,3,2025-03-01,2025-03-07,2025-03-19,12,Casual,125
P-000765,LV-0002429,6,2025-06-01,2025-06-12,2025-06-23,11,Medical/Authorized,90
P-000765,LV-0002430,8,2025-08-01,2025-08-12,2025-08-25,13,Annual,60
P-000765,LV-0002431,11,2025-11-01,2025-11-07,2025-11-20,13,Casual,90
P-000766,LV-0002432,2,2025-02-01,2025-02-08,2025-02-16,8,Annual,95
P-000766,LV-0002433,10,2025-10-01,2025-10-11,2025-10-21,10,Casual,240
P-000766,LV-0002434,12,2025-12-01,2025-12-06,2025-12-15,9,Annual,60
P-000767,LV-0002435,1,2025-01-01,2025-01-10,2025-01-20,10,Casual,76
P-000767,LV-0002436,7,2025-07-01,2025-07-08,2025-07-13,5,Casual,180
P-000767,LV-0002437,10,2025-10-01,2025-10-12,2025-10-24,12,Casual,90
P-000767,LV-0002438,12,2025-12-01,2025-12-08,2025-12-19,11,Annual,60
P-000768,LV-0002439,1,2025-01-01,2025-01-06,2025-01-15,9,Casual,71
P-000768,LV-0002440,6,2025-06-01,2025-06-10,2025-06-23,13,Recovery,150
P-000768,LV-0002441,8,2025-08-01,2025-08-11,2025-08-22,11,Casual,60
P-000768,LV-0002442,10,2025-10-01,2025-10-09,2025-10-21,12,Annual,60
P-000768,LV-0002443,12,2025-12-01,2025-12-06,2025-12-18,12,Annual,60
P-000769,LV-0002444,2,2025-02-01,2025-02-07,2025-02-15,8,Annual,109
P-000769,LV-0002445,5,2025-05-01,2025-05-12,2025-05-22,10,Annual,90
P-000769,LV-0002446,7,2025-07-01,2025-07-08,2025-07-19,11,Medical/Authorized,60
P-000769,LV-0002447,10,2025-10-01,2025-10-09,2025-10-18,9,Annual,90
P-000769,LV-0002448,12,2025-12-01,2025-12-07,2025-12-20,13,Annual,60
P-000770,LV-0002449,8,2025-08-01,2025-08-11,2025-08-15,4,Casual,288
P-000771,LV-0002450,1,2025-01-01,2025-01-10,2025-01-23,13,Annual,61
P-000771,LV-0002451,9,2025-09-01,2025-09-09,2025-09-19,10,Annual,240
P-000771,LV-0002452,11,2025-11-01,2025-11-12,2025-11-23,11,Medical/Authorized,60
P-000772,LV-0002453,11,2025-11-01,2025-11-10,2025-11-16,6,Casual,348
P-000773,LV-0002454,4,2025-04-01,2025-04-07,2025-04-20,13,Annual,138
P-000773,LV-0002455,7,2025-07-01,2025-07-12,2025-07-20,8,Annual,90
P-000773,LV-0002456,10,2025-10-01,2025-10-07,2025-10-16,9,Annual,90
P-000774,LV-0002457,2,2025-02-01,2025-02-10,2025-02-22,12,Casual,81
P-000774,LV-0002458,4,2025-04-01,2025-04-06,2025-04-18,12,Casual,60
P-000774,LV-0002459,6,2025-06-01,2025-06-07,2025-06-14,7,Annual,60
P-000774,LV-0002460,9,2025-09-01,2025-09-11,2025-09-23,12,Annual,90
P-000774,LV-0002461,11,2025-11-01,2025-11-07,2025-11-16,9,Casual,60
P-000775,LV-0002462,4,2025-04-01,2025-04-09,2025-04-13,4,Casual,166
P-000775,LV-0002463,11,2025-11-01,2025-11-07,2025-11-13,6,Casual,210
P-000776,LV-0002464,1,2025-01-01,2025-01-08,2025-01-17,9,Annual,79
P-000776,LV-0002465,8,2025-08-01,2025-08-09,2025-08-19,10,Casual,210
P-000777,LV-0002466,1,2025-01-01,2025-01-06,2025-01-18,12,Annual,60
P-000777,LV-0002467,4,2025-04-01,2025-04-12,2025-04-25,13,Annual,90
P-000777,LV-0002468,8,2025-08-01,2025-08-09,2025-08-22,13,Casual,120
P-000777,LV-0002469,11,2025-11-01,2025-11-09,2025-11-22,13,Annual,90
P-000778,LV-0002470,2,2025-02-01,2025-02-11,2025-02-22,11,Annual,113
P-000778,LV-0002471,10,2025-10-01,2025-10-10,2025-10-18,8,Casual,240
P-000778,LV-0002472,12,2025-12-01,2025-12-11,2025-12-24,13,Annual,60
P-000779,LV-0002473,2,2025-02-01,2025-02-10,2025-02-21,11,Annual,87
P-000779,LV-0002474,8,2025-08-01,2025-08-11,2025-08-17,6,Casual,180
P-000779,LV-0002475,10,2025-10-01,2025-10-11,2025-10-19,8,Annual,60
P-000780,LV-0002476,3,2025-03-01,2025-03-06,2025-03-15,9,Annual,106
P-000780,LV-0002477,8,2025-08-01,2025-08-12,2025-08-17,5,Casual,150
P-000780,LV-0002478,10,2025-10-01,2025-10-12,2025-10-23,11,Annual,60
P-000781,LV-0002479,2,2025-02-01,2025-02-12,2025-02-22,10,Annual,108
P-000781,LV-0002480,7,2025-07-01,2025-07-06,2025-07-12,6,Casual,150
P-000781,LV-0002481,11,2025-11-01,2025-11-06,2025-11-16,10,Annual,120
P-000782,LV-0002482,2,2025-02-01,2025-02-08,2025-02-19,11,Annual,75
P-000782,LV-0002483,8,2025-08-01,2025-08-08,2025-08-14,6,Casual,180
P-000782,LV-0002484,11,2025-11-01,2025-11-07,2025-11-14,7,Annual,90
P-000783,LV-0002485,2,2025-02-01,2025-02-07,2025-02-17,10,Casual,97
P-000783,LV-0002486,4,2025-04-01,2025-04-07,2025-04-20,13,Annual,60
P-000783,LV-0002487,7,2025-07-01,2025-07-06,2025-07-13,7,Annual,90
P-000783,LV-0002488,11,2025-11-01,2025-11-12,2025-11-21,9,Annual,120
P-000784,LV-0002489,1,2025-01-01,2025-01-11,2025-01-23,12,Medical/Authorized,67
P-000784,LV-0002490,3,2025-03-01,2025-03-11,2025-03-20,9,Annual,60
P-000784,LV-0002491,5,2025-05-01,2025-05-08,2025-05-18,10,Annual,60
P-000784,LV-0002492,7,2025-07-01,2025-07-07,2025-07-16,9,Medical/Authorized,60
P-000784,LV-0002493,9,2025-09-01,2025-09-07,2025-09-16,9,Casual,60
P-000785,LV-0002494,6,2025-06-01,2025-06-07,2025-06-19,12,Medical/Authorized,210
P-000785,LV-0002495,8,2025-08-01,2025-08-11,2025-08-24,13,Medical/Authorized,60
P-000785,LV-0002496,10,2025-10-01,2025-10-09,2025-10-22,13,Annual,60
P-000786,LV-0002497,3,2025-03-01,2025-03-10,2025-03-20,10,Casual,119
P-000786,LV-0002498,5,2025-05-01,2025-05-09,2025-05-20,11,Annual,60
P-000786,LV-0002499,6,2025-06-01,2025-06-08,2025-06-22,14,Recovery,30
P-000786,LV-0002500,11,2025-11-01,2025-11-11,2025-11-21,10,Annual,150
P-000787,LV-0002501,2,2025-02-01,2025-02-10,2025-02-20,10,Medical/Authorized,97
P-000787,LV-0002502,9,2025-09-01,2025-09-07,2025-09-20,13,Casual,210
P-000788,LV-0002503,1,2025-01-01,2025-01-08,2025-01-16,8,Annual,65
P-000788,LV-0002504,4,2025-04-01,2025-04-08,2025-04-20,12,Casual,90
P-000788,LV-0002505,12,2025-12-01,2025-12-07,2025-12-15,8,Casual,240
P-000789,LV-0002506,2,2025-02-01,2025-02-12,2025-02-19,7,Casual,82
P-000789,LV-0002507,6,2025-06-01,2025-06-08,2025-06-18,10,Annual,120
P-000789,LV-0002508,8,2025-08-01,2025-08-08,2025-08-15,7,Medical/Authorized,60
P-000789,LV-0002509,10,2025-10-01,2025-10-06,2025-10-13,7,Annual,60
P-000789,LV-0002510,12,2025-12-01,2025-12-11,2025-12-24,13,Casual,60
P-000790,LV-0002511,1,2025-01-01,2025-01-07,2025-01-16,9,Annual,71
P-000790,LV-0002512,3,2025-03-01,2025-03-11,2025-03-24,13,Annual,60
P-000790,LV-0002513,5,2025-05-01,2025-05-08,2025-05-15,7,Annual,60
P-000790,LV-0002514,6,2025-06-01,2025-06-11,2025-06-25,14,Recovery,30
P-000791,LV-0002515,3,2025-03-01,2025-03-08,2025-03-16,8,Annual,110
P-000791,LV-0002516,5,2025-05-01,2025-05-12,2025-05-23,11,Annual,60
P-000791,LV-0002517,7,2025-07-01,2025-07-10,2025-07-18,8,Casual,60
P-000791,LV-0002518,10,2025-10-01,2025-10-09,2025-10-20,11,Annual,90
P-000792,LV-0002519,1,2025-01-01,2025-01-08,2025-01-15,7,Casual,79
P-000792,LV-0002520,3,2025-03-01,2025-03-10,2025-03-20,10,Casual,60
P-000792,LV-0002521,8,2025-08-01,2025-08-10,2025-08-14,4,Casual,150
P-000792,LV-0002522,10,2025-10-01,2025-10-08,2025-10-19,11,Annual,60
P-000792,LV-0002523,12,2025-12-01,2025-12-07,2025-12-17,10,Casual,60
P-000793,LV-0002524,2,2025-02-01,2025-02-08,2025-02-16,8,Annual,92
P-000793,LV-0002525,7,2025-07-01,2025-07-11,2025-07-18,7,Casual,150
P-000793,LV-0002526,10,2025-10-01,2025-10-08,2025-10-17,9,Annual,90
P-000793,LV-0002527,12,2025-12-01,2025-12-10,2025-12-19,9,Annual,60
P-000794,LV-0002528,1,2025-01-01,2025-01-08,2025-01-17,9,Casual,70
P-000794,LV-0002529,3,2025-03-01,2025-03-06,2025-03-17,11,Casual,60
P-000794,LV-0002530,9,2025-09-01,2025-09-10,2025-09-18,8,Annual,180
P-000794,LV-0002531,12,2025-12-01,2025-12-08,2025-12-18,10,Annual,90
P-000795,LV-0002532,2,2025-02-01,2025-02-07,2025-02-14,7,Casual,106
P-000795,LV-0002533,5,2025-05-01,2025-05-06,2025-05-19,13,Casual,90
P-000795,LV-0002534,7,2025-07-01,2025-07-12,2025-07-24,12,Casual,60
P-000795,LV-0002535,9,2025-09-01,2025-09-11,2025-09-23,12,Annual,60
P-000795,LV-0002536,12,2025-12-01,2025-12-10,2025-12-20,10,Annual,90
P-000796,LV-0002537,2,2025-02-01,2025-02-08,2025-02-21,13,Casual,79
P-000796,LV-0002538,4,2025-04-01,2025-04-08,2025-04-17,9,Medical/Authorized,60
P-000796,LV-0002539,6,2025-06-01,2025-06-10,2025-06-23,13,Recovery,60
P-000796,LV-0002540,8,2025-08-01,2025-08-08,2025-08-16,8,Annual,60
P-000797,LV-0002541,2,2025-02-01,2025-02-07,2025-02-15,8,Annual,90
P-000797,LV-0002542,4,2025-04-01,2025-04-07,2025-04-14,7,Medical/Authorized,60
P-000797,LV-0002543,6,2025-06-01,2025-06-10,2025-06-27,17,Recovery,60
P-000797,LV-0002544,9,2025-09-01,2025-09-11,2025-09-22,11,Annual,90
P-000798,LV-0002545,3,2025-03-01,2025-03-09,2025-03-17,8,Annual,112
P-000798,LV-0002546,9,2025-09-01,2025-09-06,2025-09-19,13,Annual,180
P-000799,LV-0002547,4,2025-04-01,2025-04-12,2025-04-17,5,Casual,152
P-000800,LV-0002548,6,2025-06-01,2025-06-08,2025-06-23,15,Recovery,204
P-000800,LV-0002549,8,2025-08-01,2025-08-07,2025-08-16,9,Annual,60
P-000800,LV-0002550,11,2025-11-01,2025-11-12,2025-11-24,12,Annual,90
P-000801,LV-0002551,1,2025-01-01,2025-01-09,2025-01-20,11,Annual,69
P-000801,LV-0002552,10,2025-10-01,2025-10-10,2025-10-20,10,Annual,270
P-000801,LV-0002553,12,2025-12-01,2025-12-06,2025-12-15,9,Annual,60
P-000802,LV-0002554,1,2025-01-01,2025-01-12,2025-01-23,11,Medical/Authorized,62
P-000802,LV-0002555,4,2025-04-01,2025-04-11,2025-04-22,11,Casual,90
P-000802,LV-0002556,10,2025-10-01,2025-10-12,2025-10-24,12,Casual,180
P-000802,LV-0002557,12,2025-12-01,2025-12-06,2025-12-17,11,Annual,60
P-000803,LV-0002558,1,2025-01-01,2025-01-11,2025-01-18,7,Annual,63
P-000803,LV-0002559,7,2025-07-01,2025-07-08,2025-07-14,6,Casual,180
P-000803,LV-0002560,9,2025-09-01,2025-09-11,2025-09-21,10,Casual,60
P-000803,LV-0002561,11,2025-11-01,2025-11-10,2025-11-17,7,Annual,60
P-000804,LV-0002562,5,2025-05-01,2025-05-07,2025-05-11,4,Casual,170
P-000805,LV-0002563,6,2025-06-01,2025-06-06,2025-06-17,11,Annual,202
P-000805,LV-0002564,8,2025-08-01,2025-08-10,2025-08-18,8,Medical/Authorized,60
P-000806,LV-0002565,6,2025-06-01,2025-06-11,2025-06-18,7,Casual,233
P-000806,LV-0002566,12,2025-12-01,2025-12-07,2025-12-20,13,Annual,180
P-000807,LV-0002567,3,2025-03-01,2025-03-12,2025-03-23,11,Casual,109
P-000807,LV-0002568,6,2025-06-01,2025-06-08,2025-06-22,14,Recovery,90
P-000807,LV-0002569,8,2025-08-01,2025-08-09,2025-08-22,13,Annual,60
P-000807,LV-0002570,10,2025-10-01,2025-10-12,2025-10-23,11,Annual,60
P-000808,LV-0002571,4,2025-04-01,2025-04-12,2025-04-21,9,Annual,148
P-000808,LV-0002572,6,2025-06-01,2025-06-07,2025-06-19,12,Recovery,60
P-000808,LV-0002573,8,2025-08-01,2025-08-08,2025-08-19,11,Annual,60
P-000808,LV-0002574,11,2025-11-01,2025-11-10,2025-11-23,13,Annual,90
P-000809,LV-0002575,5,2025-05-01,2025-05-08,2025-05-17,9,Annual,184
P-000809,LV-0002576,7,2025-07-01,2025-07-12,2025-07-22,10,Annual,60
P-000809,LV-0002577,11,2025-11-01,2025-11-08,2025-11-16,8,Medical/Authorized,120
P-000810,LV-0002578,1,2025-01-01,2025-01-10,2025-01-23,13,Medical/Authorized,77
P-000810,LV-0002579,3,2025-03-01,2025-03-08,2025-03-20,12,Medical/Authorized,60
P-000810,LV-0002580,5,2025-05-01,2025-05-06,2025-05-18,12,Annual,60
P-000810,LV-0002581,7,2025-07-01,2025-07-08,2025-07-20,12,Annual,60
P-000810,LV-0002582,9,2025-09-01,2025-09-10,2025-09-17,7,Casual,60
P-000811,LV-0002583,7,2025-07-01,2025-07-10,2025-07-22,12,Annual,251
P-000811,LV-0002584,10,2025-10-01,2025-10-06,2025-10-17,11,Medical/Authorized,90
P-000811,LV-0002585,12,2025-12-01,2025-12-09,2025-12-22,13,Annual,60
P-000812,LV-0002586,5,2025-05-01,2025-05-07,2025-05-11,4,Casual,173
P-000812,LV-0002587,12,2025-12-01,2025-12-09,2025-12-13,4,Casual,210
P-000813,LV-0002588,3,2025-03-01,2025-03-07,2025-03-18,11,Medical/Authorized,115
P-000813,LV-0002589,8,2025-08-01,2025-08-08,2025-08-18,10,Casual,150
P-000813,LV-0002590,12,2025-12-01,2025-12-10,2025-12-18,8,Annual,120
P-000814,LV-0002591,2,2025-02-01,2025-02-06,2025-02-18,12,Annual,88
P-000814,LV-0002592,5,2025-05-01,2025-05-08,2025-05-18,10,Medical/Authorized,90
P-000814,LV-0002593,6,2025-06-01,2025-06-09,2025-06-23,14,Recovery,30
P-000814,LV-0002594,9,2025-09-01,2025-09-12,2025-09-19,7,Casual,90
P-000814,LV-0002595,11,2025-11-01,2025-11-12,2025-11-25,13,Casual,60
P-000815,LV-0002596,12,2025-12-01,2025-12-12,2025-12-17,5,Casual,383
P-000816,LV-0002597,3,2025-03-01,2025-03-06,2025-03-13,7,Annual,123
P-000816,LV-0002598,8,2025-08-01,2025-08-10,2025-08-16,6,Casual,150
P-000816,LV-0002599,10,2025-10-01,2025-10-12,2025-10-23,11,Casual,60
P-000817,LV-0002600,11,2025-11-01,2025-11-11,2025-11-21,10,Medical/Authorized,381
P-000818,LV-0002601,2,2025-02-01,2025-02-10,2025-02-20,10,Annual,100
P-000818,LV-0002602,7,2025-07-01,2025-07-09,2025-07-20,11,Annual,150
P-000818,LV-0002603,12,2025-12-01,2025-12-08,2025-12-21,13,Casual,150
P-000819,LV-0002604,2,2025-02-01,2025-02-12,2025-02-22,10,Casual,81
P-000819,LV-0002605,6,2025-06-01,2025-06-10,2025-06-20,10,Medical/Authorized,120
P-000819,LV-0002606,11,2025-11-01,2025-11-06,2025-11-16,10,Annual,150
P-000820,LV-0002607,1,2025-01-01,2025-01-08,2025-01-15,7,Annual,83
P-000820,LV-0002608,4,2025-04-01,2025-04-11,2025-04-22,11,Annual,90
P-000820,LV-0002609,8,2025-08-01,2025-08-08,2025-08-21,13,Casual,120
P-000820,LV-0002610,10,2025-10-01,2025-10-11,2025-10-22,11,Casual,60
P-000821,LV-0002611,6,2025-06-01,2025-06-12,2025-06-18,6,Casual,195
P-000821,LV-0002612,12,2025-12-01,2025-12-06,2025-12-12,6,Casual,180
P-000822,LV-0002613,3,2025-03-01,2025-03-09,2025-03-20,11,Annual,125
P-000822,LV-0002614,5,2025-05-01,2025-05-08,2025-05-16,8,Annual,60
P-000822,LV-0002615,7,2025-07-01,2025-07-12,2025-07-25,13,Annual,60
P-000822,LV-0002616,9,2025-09-01,2025-09-06,2025-09-18,12,Annual,60
P-000822,LV-0002617,11,2025-11-01,2025-11-07,2025-11-16,9,Medical/Authorized,60
P-000823,LV-0002618,1,2025-01-01,2025-01-08,2025-01-21,13,Annual,60
P-000823,LV-0002619,4,2025-04-01,2025-04-12,2025-04-24,12,Annual,90
P-000823,LV-0002620,7,2025-07-01,2025-07-06,2025-07-13,7,Casual,90
P-000823,LV-0002621,12,2025-12-01,2025-12-08,2025-12-21,13,Annual,150
P-000824,LV-0002622,3,2025-03-01,2025-03-07,2025-03-14,7,Casual,144
P-000824,LV-0002623,5,2025-05-01,2025-05-12,2025-05-19,7,Annual,60
P-000824,LV-0002624,10,2025-10-01,2025-10-09,2025-10-22,13,Annual,150
P-000824,LV-0002625,12,2025-12-01,2025-12-12,2025-12-22,10,Casual,60
P-000825,LV-0002626,1,2025-01-01,2025-01-08,2025-01-15,7,Annual,76
P-000825,LV-0002627,3,2025-03-01,2025-03-07,2025-03-18,11,Annual,60
P-000825,LV-0002628,9,2025-09-01,2025-09-08,2025-09-16,8,Casual,180
P-000825,LV-0002629,11,2025-11-01,2025-11-09,2025-11-16,7,Annual,60
P-000826,LV-0002630,2,2025-02-01,2025-02-08,2025-02-17,9,Annual,88
P-000826,LV-0002631,4,2025-04-01,2025-04-09,2025-04-17,8,Casual,60
P-000826,LV-0002632,6,2025-06-01,2025-06-12,2025-06-24,12,Recovery,60
P-000826,LV-0002633,8,2025-08-01,2025-08-06,2025-08-14,8,Annual,60
P-000826,LV-0002634,11,2025-11-01,2025-11-09,2025-11-17,8,Casual,90
P-000827,LV-0002635,1,2025-01-01,2025-01-11,2025-01-20,9,Annual,86
P-000827,LV-0002636,4,2025-04-01,2025-04-09,2025-04-21,12,Casual,90
P-000827,LV-0002637,10,2025-10-01,2025-10-11,2025-10-21,10,Medical/Authorized,180
P-000828,LV-0002638,1,2025-01-01,2025-01-06,2025-01-16,10,Medical/Authorized,68
P-000828,LV-0002639,3,2025-03-01,2025-03-10,2025-03-17,7,Casual,60
P-000828,LV-0002640,6,2025-06-01,2025-06-06,2025-06-14,8,Annual,90
P-000828,LV-0002641,8,2025-08-01,2025-08-06,2025-08-13,7,Casual,60
P-000828,LV-0002642,10,2025-10-01,2025-10-10,2025-10-20,10,Annual,60
P-000828,LV-0002643,12,2025-12-01,2025-12-12,2025-12-21,9,Annual,60
P-000829,LV-0002644,6,2025-06-01,2025-06-08,2025-06-12,4,Casual,230
P-000830,LV-0002645,2,2025-02-01,2025-02-06,2025-02-17,11,Annual,83
P-000830,LV-0002646,4,2025-04-01,2025-04-06,2025-04-16,10,Annual,60
P-000831,LV-0002647,1,2025-01-01,2025-01-11,2025-01-18,7,Casual,85
P-000831,LV-0002648,3,2025-03-01,2025-03-11,2025-03-19,8,Annual,60
P-000831,LV-0002649,5,2025-05-01,2025-05-12,2025-05-21,9,Annual,60
P-000831,LV-0002650,7,2025-07-01,2025-07-07,2025-07-20,13,Annual,60
P-000831,LV-0002651,9,2025-09-01,2025-09-11,2025-09-20,9,Annual,60
P-000831,LV-0002652,11,2025-11-01,2025-11-09,2025-11-20,11,Casual,60
P-000832,LV-0002653,1,2025-01-01,2025-01-08,2025-01-15,7,Casual,79
P-000832,LV-0002654,3,2025-03-01,2025-03-10,2025-03-23,13,Annual,60
P-000832,LV-0002655,5,2025-05-01,2025-05-12,2025-05-23,11,Annual,60
P-000832,LV-0002656,8,2025-08-01,2025-08-07,2025-08-17,10,Casual,90
P-000832,LV-0002657,11,2025-11-01,2025-11-07,2025-11-15,8,Casual,90
P-000833,LV-0002658,2,2025-02-01,2025-02-06,2025-02-19,13,Medical/Authorized,95
P-000833,LV-0002659,4,2025-04-01,2025-04-11,2025-04-20,9,Casual,60
P-000833,LV-0002660,6,2025-06-01,2025-06-12,2025-06-19,7,Annual,60
P-000833,LV-0002661,8,2025-08-01,2025-08-09,2025-08-20,11,Annual,60
P-000834,LV-0002662,3,2025-03-01,2025-03-06,2025-03-18,12,Medical/Authorized,146
P-000834,LV-0002663,5,2025-05-01,2025-05-10,2025-05-19,9,Casual,60
P-000835,LV-0002664,2,2025-02-01,2025-02-08,2025-02-21,13,Casual,97
P-000835,LV-0002665,7,2025-07-01,2025-07-10,2025-07-23,13,Medical/Authorized,150
P-000835,LV-0002666,9,2025-09-01,2025-09-10,2025-09-19,9,Casual,60
P-000836,LV-0002667,3,2025-03-01,2025-03-09,2025-03-17,8,Casual,117
P-000836,LV-0002668,5,2025-05-01,2025-05-09,2025-05-20,11,Annual,60
P-000836,LV-0002669,8,2025-08-01,2025-08-10,2025-08-20,10,Medical/Authorized,90
P-000836,LV-0002670,10,2025-10-01,2025-10-07,2025-10-18,11,Casual,60
P-000836,LV-0002671,12,2025-12-01,2025-12-12,2025-12-24,12,Annual,60
P-000837,LV-0002672,5,2025-05-01,2025-05-08,2025-05-19,11,Medical/Authorized,183
P-000837,LV-0002673,6,2025-06-01,2025-06-12,2025-06-28,16,Recovery,30
P-000837,LV-0002674,8,2025-08-01,2025-08-07,2025-08-18,11,Medical/Authorized,60
P-000837,LV-0002675,10,2025-10-01,2025-10-10,2025-10-20,10,Annual,60
P-000838,LV-0002676,2,2025-02-01,2025-02-06,2025-02-19,13,Casual,82
P-000838,LV-0002677,4,2025-04-01,2025-04-08,2025-04-21,13,Annual,60
P-000838,LV-0002678,8,2025-08-01,2025-08-06,2025-08-19,13,Casual,120
P-000838,LV-0002679,12,2025-12-01,2025-12-11,2025-12-20,9,Annual,120
P-000839,LV-0002680,12,2025-12-01,2025-12-08,2025-12-16,8,Casual,406
P-000840,LV-0002681,2,2025-02-01,2025-02-12,2025-02-21,9,Annual,104
P-000840,LV-0002682,9,2025-09-01,2025-09-08,2025-09-18,10,Medical/Authorized,210
P-000840,LV-0002683,12,2025-12-01,2025-12-10,2025-12-18,8,Annual,90
P-000841,LV-0002684,1,2025-01-01,2025-01-12,2025-01-21,9,Annual,77
P-000841,LV-0002685,6,2025-06-01,2025-06-10,2025-06-19,9,Medical/Authorized,150
P-000841,LV-0002686,9,2025-09-01,2025-09-11,2025-09-22,11,Annual,90
P-000841,LV-0002687,12,2025-12-01,2025-12-09,2025-12-21,12,Casual,90
P-000842,LV-0002688,1,2025-01-01,2025-01-06,2025-01-15,9,Annual,72
P-000843,LV-0002689,2,2025-02-01,2025-02-10,2025-02-18,8,Annual,97
P-000843,LV-0002690,4,2025-04-01,2025-04-08,2025-04-16,8,Casual,60
P-000843,LV-0002691,8,2025-08-01,2025-08-10,2025-08-23,13,Casual,120
P-000844,LV-0002692,1,2025-01-01,2025-01-12,2025-01-20,8,Medical/Authorized,64
P-000844,LV-0002693,6,2025-06-01,2025-06-09,2025-06-22,13,Annual,150
P-000844,LV-0002694,11,2025-11-01,2025-11-12,2025-11-24,12,Annual,150
P-000845,LV-0002695,7,2025-07-01,2025-07-12,2025-07-20,8,Casual,228
P-000845,LV-0002696,9,2025-09-01,2025-09-07,2025-09-15,8,Casual,60
P-000845,LV-0002697,11,2025-11-01,2025-11-07,2025-11-17,10,Annual,60
P-000846,LV-0002698,2,2025-02-01,2025-02-06,2025-02-19,13,Annual,76
P-000846,LV-0002699,4,2025-04-01,2025-04-08,2025-04-16,8,Medical/Authorized,60
P-000846,LV-0002700,7,2025-07-01,2025-07-11,2025-07-21,10,Annual,90
P-000846,LV-0002701,9,2025-09-01,2025-09-08,2025-09-15,7,Annual,60
P-000846,LV-0002702,12,2025-12-01,2025-12-10,2025-12-17,7,Medical/Authorized,90
P-000847,LV-0002703,2,2025-02-01,2025-02-06,2025-02-18,12,Medical/Authorized,82
P-000847,LV-0002704,4,2025-04-01,2025-04-10,2025-04-22,12,Medical/Authorized,60
P-000847,LV-0002705,6,2025-06-01,2025-06-09,2025-06-22,13,Annual,60
P-000847,LV-0002706,9,2025-09-01,2025-09-12,2025-09-25,13,Annual,90
P-000847,LV-0002707,12,2025-12-01,2025-12-07,2025-12-18,11,Annual,90
P-000848,LV-0002708,2,2025-02-01,2025-02-09,2025-02-20,11,Annual,82
P-000848,LV-0002709,4,2025-04-01,2025-04-07,2025-04-17,10,Casual,60
P-000848,LV-0002710,7,2025-07-01,2025-07-07,2025-07-18,11,Annual,90
P-000848,LV-0002711,12,2025-12-01,2025-12-11,2025-12-21,10,Annual,150
P-000849,LV-0002712,3,2025-03-01,2025-03-08,2025-03-20,12,Casual,114
P-000849,LV-0002713,9,2025-09-01,2025-09-06,2025-09-13,7,Medical/Authorized,180
P-000849,LV-0002714,11,2025-11-01,2025-11-07,2025-11-17,10,Casual,60
P-000850,LV-0002715,3,2025-03-01,2025-03-12,2025-03-25,13,Annual,143
P-000850,LV-0002716,9,2025-09-01,2025-09-12,2025-09-20,8,Casual,180
P-000851,LV-0002717,2,2025-02-01,2025-02-10,2025-02-23,13,Annual,80
P-000851,LV-0002718,4,2025-04-01,2025-04-12,2025-04-19,7,Annual,60
P-000851,LV-0002719,11,2025-11-01,2025-11-09,2025-11-16,7,Casual,210
P-000852,LV-0002720,2,2025-02-01,2025-02-09,2025-02-20,11,Annual,118
P-000852,LV-0002721,7,2025-07-01,2025-07-09,2025-07-14,5,Casual,150
P-000852,LV-0002722,10,2025-10-01,2025-10-07,2025-10-17,10,Medical/Authorized,90
P-000853,LV-0002723,10,2025-10-01,2025-10-08,2025-10-15,7,Annual,329
P-000853,LV-0002724,12,2025-12-01,2025-12-10,2025-12-17,7,Casual,60
P-000854,LV-0002725,3,2025-03-01,2025-03-07,2025-03-16,9,Annual,127
P-000854,LV-0002726,6,2025-06-01,2025-06-10,2025-06-27,17,Recovery,90
P-000854,LV-0002727,9,2025-09-01,2025-09-06,2025-09-19,13,Annual,90
P-000854,LV-0002728,11,2025-11-01,2025-11-07,2025-11-15,8,Casual,60
P-000855,LV-0002729,1,2025-01-01,2025-01-06,2025-01-17,11,Annual,89
P-000855,LV-0002730,11,2025-11-01,2025-11-06,2025-11-13,7,Annual,300
P-000856,LV-0002731,2,2025-02-01,2025-02-06,2025-02-15,9,Annual,85
P-000856,LV-0002732,5,2025-05-01,2025-05-08,2025-05-15,7,Annual,90
P-000856,LV-0002733,8,2025-08-01,2025-08-06,2025-08-17,11,Casual,90
P-000856,LV-0002734,10,2025-10-01,2025-10-09,2025-10-19,10,Medical/Authorized,60
P-000856,LV-0002735,12,2025-12-01,2025-12-11,2025-12-21,10,Casual,60
P-000857,LV-0002736,1,2025-01-01,2025-01-06,2025-01-15,9,Medical/Authorized,60
P-000857,LV-0002737,4,2025-04-01,2025-04-10,2025-04-19,9,Casual,90
P-000857,LV-0002738,6,2025-06-01,2025-06-07,2025-06-14,7,Annual,60
P-000857,LV-0002739,8,2025-08-01,2025-08-09,2025-08-21,12,Annual,60
P-000858,LV-0002740,2,2025-02-01,2025-02-07,2025-02-19,12,Annual,93
P-000858,LV-0002741,5,2025-05-01,2025-05-11,2025-05-22,11,Annual,90
P-000858,LV-0002742,7,2025-07-01,2025-07-06,2025-07-18,12,Annual,60
P-000858,LV-0002743,9,2025-09-01,2025-09-09,2025-09-20,11,Annual,60
P-000858,LV-0002744,11,2025-11-01,2025-11-06,2025-11-16,10,Casual,60
P-000859,LV-0002745,2,2025-02-01,2025-02-11,2025-02-21,10,Annual,112
P-000859,LV-0002746,7,2025-07-01,2025-07-10,2025-07-14,4,Casual,150
P-000859,LV-0002747,9,2025-09-01,2025-09-07,2025-09-15,8,Casual,60
P-000859,LV-0002748,11,2025-11-01,2025-11-09,2025-11-17,8,Annual,60
P-000860,LV-0002749,2,2025-02-01,2025-02-12,2025-02-21,9,Medical/Authorized,90
P-000860,LV-0002750,9,2025-09-01,2025-09-06,2025-09-16,10,Annual,210
P-000860,LV-0002751,11,2025-11-01,2025-11-10,2025-11-18,8,Casual,60
P-000862,LV-0002752,1,2025-01-01,2025-01-12,2025-01-19,7,Annual,60
P-000862,LV-0002753,3,2025-03-01,2025-03-08,2025-03-19,11,Annual,60
P-000862,LV-0002754,6,2025-06-01,2025-06-08,2025-06-16,8,Casual,90
P-000862,LV-0002755,9,2025-09-01,2025-09-12,2025-09-25,13,Annual,90
P-000862,LV-0002756,12,2025-12-01,2025-12-08,2025-12-18,10,Casual,90
P-000863,LV-0002757,3,2025-03-01,2025-03-10,2025-03-23,13,Medical/Authorized,132
P-000864,LV-0002758,5,2025-05-01,2025-05-06,2025-05-18,12,Casual,165
P-000864,LV-0002759,7,2025-07-01,2025-07-09,2025-07-18,9,Medical/Authorized,60
P-000864,LV-0002760,11,2025-11-01,2025-11-11,2025-11-19,8,Casual,120
P-000865,LV-0002761,2,2025-02-01,2025-02-06,2025-02-18,12,Annual,81
P-000865,LV-0002762,4,2025-04-01,2025-04-10,2025-04-17,7,Medical/Authorized,60
P-000865,LV-0002763,6,2025-06-01,2025-06-11,2025-06-24,13,Annual,60
P-000865,LV-0002764,10,2025-10-01,2025-10-11,2025-10-22,11,Casual,120
P-000866,LV-0002765,1,2025-01-01,2025-01-12,2025-01-23,11,Annual,81
P-000866,LV-0002766,3,2025-03-01,2025-03-07,2025-03-19,12,Annual,60
P-000866,LV-0002767,12,2025-12-01,2025-12-11,2025-12-20,9,Annual,270
P-000867,LV-0002768,1,2025-01-01,2025-01-08,2025-01-21,13,Annual,83
P-000867,LV-0002769,3,2025-03-01,2025-03-11,2025-03-18,7,Casual,60
P-000867,LV-0002770,10,2025-10-01,2025-10-09,2025-10-19,10,Annual,210
P-000867,LV-0002771,12,2025-12-01,2025-12-11,2025-12-22,11,Annual,60
P-000868,LV-0002772,2,2025-02-01,2025-02-09,2025-02-20,11,Annual,103
P-000868,LV-0002773,4,2025-04-01,2025-04-09,2025-04-22,13,Annual,60
P-000868,LV-0002774,7,2025-07-01,2025-07-10,2025-07-20,10,Medical/Authorized,90
P-000868,LV-0002775,11,2025-11-01,2025-11-12,2025-11-20,8,Annual,120
P-000869,LV-0002776,6,2025-06-01,2025-06-06,2025-06-10,4,Casual,229
P-000870,LV-0002777,5,2025-05-01,2025-05-07,2025-05-14,7,Medical/Authorized,209
P-000870,LV-0002778,6,2025-06-01,2025-06-12,2025-06-27,15,Recovery,30
P-000870,LV-0002779,8,2025-08-01,2025-08-10,2025-08-21,11,Annual,60
P-000870,LV-0002780,10,2025-10-01,2025-10-08,2025-10-17,9,Annual,60
P-000870,LV-0002781,12,2025-12-01,2025-12-06,2025-12-15,9,Casual,60
P-000871,LV-0002782,9,2025-09-01,2025-09-12,2025-09-19,7,Annual,294
P-000871,LV-0002783,11,2025-11-01,2025-11-08,2025-11-15,7,Casual,60
P-000872,LV-0002784,5,2025-05-01,2025-05-11,2025-05-19,8,Casual,204
P-000872,LV-0002785,9,2025-09-01,2025-09-07,2025-09-14,7,Annual,120
P-000873,LV-0002786,1,2025-01-01,2025-01-07,2025-01-20,13,Casual,80
P-000873,LV-0002787,6,2025-06-01,2025-06-09,2025-06-16,7,Casual,150
P-000874,LV-0002788,1,2025-01-01,2025-01-11,2025-01-22,11,Casual,74
P-000874,LV-0002789,4,2025-04-01,2025-04-11,2025-04-18,7,Casual,90
P-000874,LV-0002790,8,2025-08-01,2025-08-07,2025-08-15,8,Medical/Authorized,120
P-000874,LV-0002791,10,2025-10-01,2025-10-08,2025-10-15,7,Annual,60
P-000875,LV-0002792,2,2025-02-01,2025-02-12,2025-02-25,13,Casual,107
P-000875,LV-0002793,7,2025-07-01,2025-07-11,2025-07-22,11,Annual,150
P-000875,LV-0002794,9,2025-09-01,2025-09-08,2025-09-15,7,Annual,60
P-000875,LV-0002795,11,2025-11-01,2025-11-07,2025-11-17,10,Casual,60
P-000876,LV-0002796,1,2025-01-01,2025-01-08,2025-01-19,11,Annual,74
P-000876,LV-0002797,3,2025-03-01,2025-03-07,2025-03-18,11,Annual,60
P-000876,LV-0002798,5,2025-05-01,2025-05-08,2025-05-19,11,Casual,60
P-000876,LV-0002799,8,2025-08-01,2025-08-06,2025-08-17,11,Medical/Authorized,90
P-000876,LV-0002800,12,2025-12-01,2025-12-10,2025-12-23,13,Casual,120
P-000877,LV-0002801,4,2025-04-01,2025-04-06,2025-04-11,5,Casual,160
P-000877,LV-0002802,11,2025-11-01,2025-11-11,2025-11-19,8,Annual,210
P-000878,LV-0002803,5,2025-05-01,2025-05-11,2025-05-17,6,Casual,196
P-000878,LV-0002804,12,2025-12-01,2025-12-12,2025-12-21,9,Casual,210
P-000879,LV-0002805,1,2025-01-01,2025-01-10,2025-01-20,10,Casual,80
P-000879,LV-0002806,5,2025-05-01,2025-05-07,2025-05-17,10,Casual,120
P-000880,LV-0002807,1,2025-01-01,2025-01-07,2025-01-16,9,Casual,72
P-000880,LV-0002808,3,2025-03-01,2025-03-08,2025-03-16,8,Casual,60
P-000880,LV-0002809,5,2025-05-01,2025-05-08,2025-05-21,13,Casual,60
P-000880,LV-0002810,8,2025-08-01,2025-08-11,2025-08-22,11,Casual,90
P-000880,LV-0002811,11,2025-11-01,2025-11-07,2025-11-16,9,Casual,90
P-000881,LV-0002812,2,2025-02-01,2025-02-09,2025-02-17,8,Annual,113
P-000881,LV-0002813,5,2025-05-01,2025-05-10,2025-05-23,13,Annual,90
P-000881,LV-0002814,7,2025-07-01,2025-07-11,2025-07-24,13,Annual,60
P-000881,LV-0002815,10,2025-10-01,2025-10-12,2025-10-21,9,Annual,90
P-000882,LV-0002816,1,2025-01-01,2025-01-06,2025-01-16,10,Annual,73
P-000882,LV-0002817,6,2025-06-01,2025-06-11,2025-06-18,7,Casual,150
P-000882,LV-0002818,10,2025-10-01,2025-10-07,2025-10-20,13,Annual,120
P-000882,LV-0002819,12,2025-12-01,2025-12-11,2025-12-20,9,Annual,60
P-000883,LV-0002820,3,2025-03-01,2025-03-09,2025-03-16,7,Casual,109
P-000883,LV-0002821,11,2025-11-01,2025-11-06,2025-11-15,9,Casual,240
P-000884,LV-0002822,2,2025-02-01,2025-02-10,2025-02-21,11,Annual,78
P-000884,LV-0002823,4,2025-04-01,2025-04-12,2025-04-19,7,Casual,60
P-000884,LV-0002824,6,2025-06-01,2025-06-09,2025-06-16,7,Casual,60
P-000884,LV-0002825,9,2025-09-01,2025-09-07,2025-09-14,7,Casual,90
P-000884,LV-0002826,11,2025-11-01,2025-11-08,2025-11-17,9,Annual,60
P-000885,LV-0002827,4,2025-04-01,2025-04-11,2025-04-16,5,Casual,161
P-000885,LV-0002828,10,2025-10-01,2025-10-07,2025-10-13,6,Casual,180
P-000886,LV-0002829,3,2025-03-01,2025-03-06,2025-03-18,12,Annual,127
P-000886,LV-0002830,7,2025-07-01,2025-07-09,2025-07-19,10,Casual,120
P-000886,LV-0002831,12,2025-12-01,2025-12-12,2025-12-24,12,Casual,150
P-000887,LV-0002832,4,2025-04-01,2025-04-08,2025-04-13,5,Casual,138
P-000887,LV-0002833,10,2025-10-01,2025-10-07,2025-10-19,12,Medical/Authorized,180
P-000888,LV-0002834,4,2025-04-01,2025-04-12,2025-04-19,7,Annual,146
P-000888,LV-0002835,7,2025-07-01,2025-07-10,2025-07-20,10,Medical/Authorized,90
P-000888,LV-0002836,10,2025-10-01,2025-10-10,2025-10-22,12,Annual,90
P-000888,LV-0002837,12,2025-12-01,2025-12-06,2025-12-17,11,Casual,60
P-000889,LV-0002838,1,2025-01-01,2025-01-12,2025-01-24,12,Casual,86
P-000889,LV-0002839,3,2025-03-01,2025-03-06,2025-03-14,8,Casual,60
P-000889,LV-0002840,6,2025-06-01,2025-06-06,2025-06-16,10,Annual,90
P-000889,LV-0002841,8,2025-08-01,2025-08-08,2025-08-21,13,Annual,60
P-000890,LV-0002842,7,2025-07-01,2025-07-10,2025-07-21,11,Medical/Authorized,248
P-000890,LV-0002843,9,2025-09-01,2025-09-06,2025-09-15,9,Annual,60
P-000890,LV-0002844,11,2025-11-01,2025-11-10,2025-11-20,10,Annual,60
P-000891,LV-0002845,2,2025-02-01,2025-02-06,2025-02-18,12,Annual,95
P-000891,LV-0002846,11,2025-11-01,2025-11-12,2025-11-21,9,Annual,270
P-000892,LV-0002847,5,2025-05-01,2025-05-07,2025-05-10,3,Casual,192
P-000892,LV-0002848,12,2025-12-01,2025-12-06,2025-12-10,4,Casual,210
P-000893,LV-0002849,10,2025-10-01,2025-10-07,2025-10-10,3,Casual,316
P-000894,LV-0002850,4,2025-04-01,2025-04-06,2025-04-19,13,Annual,137
P-000894,LV-0002851,6,2025-06-01,2025-06-12,2025-06-22,10,Annual,60
P-000894,LV-0002852,8,2025-08-01,2025-08-06,2025-08-19,13,Annual,60
P-000895,LV-0002853,10,2025-10-01,2025-10-11,2025-10-21,10,Annual,325
P-000895,LV-0002854,12,2025-12-01,2025-12-09,2025-12-17,8,Annual,60
P-000896,LV-0002855,3,2025-03-01,2025-03-12,2025-03-23,11,Casual,120
P-000896,LV-0002856,5,2025-05-01,2025-05-07,2025-05-17,10,Annual,60
P-000896,LV-0002857,7,2025-07-01,2025-07-06,2025-07-15,9,Annual,60
P-000896,LV-0002858,11,2025-11-01,2025-11-09,2025-11-19,10,Casual,120
P-000897,LV-0002859,1,2025-01-01,2025-01-09,2025-01-19,10,Annual,64
P-000897,LV-0002860,4,2025-04-01,2025-04-08,2025-04-16,8,Annual,90
P-000897,LV-0002861,7,2025-07-01,2025-07-12,2025-07-20,8,Medical/Authorized,90
P-000897,LV-0002862,12,2025-12-01,2025-12-07,2025-12-15,8,Annual,150
P-000898,LV-0002863,6,2025-06-01,2025-06-06,2025-06-18,12,Recovery,198
P-000899,LV-0002864,5,2025-05-01,2025-05-08,2025-05-20,12,Casual,184
P-000899,LV-0002865,11,2025-11-01,2025-11-10,2025-11-20,10,Casual,180
P-000900,LV-0002866,2,2025-02-01,2025-02-08,2025-02-16,8,Casual,104
P-000900,LV-0002867,4,2025-04-01,2025-04-08,2025-04-16,8,Annual,60
P-000900,LV-0002868,8,2025-08-01,2025-08-07,2025-08-16,9,Casual,120
P-000900,LV-0002869,11,2025-11-01,2025-11-12,2025-11-20,8,Annual,90
P-000901,LV-0002870,3,2025-03-01,2025-03-06,2025-03-13,7,Medical/Authorized,125
P-000901,LV-0002871,5,2025-05-01,2025-05-06,2025-05-17,11,Annual,60
P-000901,LV-0002872,7,2025-07-01,2025-07-06,2025-07-16,10,Annual,60
P-000901,LV-0002873,9,2025-09-01,2025-09-12,2025-09-24,12,Annual,60
P-000901,LV-0002874,12,2025-12-01,2025-12-10,2025-12-20,10,Casual,90
P-000902,LV-0002875,2,2025-02-01,2025-02-07,2025-02-20,13,Casual,75
P-000902,LV-0002876,7,2025-07-01,2025-07-07,2025-07-20,13,Annual,150
P-000902,LV-0002877,10,2025-10-01,2025-10-12,2025-10-25,13,Medical/Authorized,90
P-000902,LV-0002878,12,2025-12-01,2025-12-10,2025-12-21,11,Casual,60
P-000903,LV-0002879,1,2025-01-01,2025-01-12,2025-01-24,12,Annual,88
P-000903,LV-0002880,4,2025-04-01,2025-04-10,2025-04-22,12,Medical/Authorized,90
P-000903,LV-0002881,6,2025-06-01,2025-06-11,2025-06-22,11,Medical/Authorized,60
P-000903,LV-0002882,11,2025-11-01,2025-11-08,2025-11-17,9,Medical/Authorized,150
P-000904,LV-0002883,3,2025-03-01,2025-03-08,2025-03-21,13,Casual,142
P-000904,LV-0002884,9,2025-09-01,2025-09-08,2025-09-21,13,Annual,180
P-000904,LV-0002885,11,2025-11-01,2025-11-11,2025-11-18,7,Casual,60
P-000905,LV-0002886,8,2025-08-01,2025-08-08,2025-08-17,9,Medical/Authorized,260
P-000905,LV-0002887,10,2025-10-01,2025-10-11,2025-10-23,12,Medical/Authorized,60
P-000906,LV-0002888,3,2025-03-01,2025-03-10,2025-03-22,12,Annual,127
P-000906,LV-0002889,6,2025-06-01,2025-06-10,2025-06-23,13,Recovery,90
P-000906,LV-0002890,8,2025-08-01,2025-08-09,2025-08-16,7,Casual,60
P-000906,LV-0002891,10,2025-10-01,2025-10-09,2025-10-21,12,Casual,60
P-000906,LV-0002892,12,2025-12-01,2025-12-08,2025-12-18,10,Annual,60
P-000907,LV-0002893,5,2025-05-01,2025-05-08,2025-05-13,5,Casual,185
P-000907,LV-0002894,11,2025-11-01,2025-11-11,2025-11-14,3,Casual,180
P-000908,LV-0002895,1,2025-01-01,2025-01-06,2025-01-18,12,Casual,60
P-000908,LV-0002896,3,2025-03-01,2025-03-09,2025-03-18,9,Casual,60
P-000908,LV-0002897,7,2025-07-01,2025-07-08,2025-07-18,10,Annual,120
P-000908,LV-0002898,9,2025-09-01,2025-09-08,2025-09-15,7,Casual,60
P-000908,LV-0002899,11,2025-11-01,2025-11-11,2025-11-23,12,Casual,60
P-000909,LV-0002900,4,2025-04-01,2025-04-08,2025-04-19,11,Annual,138
P-000909,LV-0002901,8,2025-08-01,2025-08-12,2025-08-22,10,Annual,120
P-000909,LV-0002902,10,2025-10-01,2025-10-12,2025-10-22,10,Annual,60
P-000909,LV-0002903,12,2025-12-01,2025-12-11,2025-12-23,12,Medical/Authorized,60
P-000910,LV-0002904,3,2025-03-01,2025-03-07,2025-03-16,9,Medical/Authorized,130
P-000910,LV-0002905,7,2025-07-01,2025-07-10,2025-07-22,12,Casual,120
P-000910,LV-0002906,9,2025-09-01,2025-09-06,2025-09-14,8,Casual,60
P-000910,LV-0002907,11,2025-11-01,2025-11-06,2025-11-15,9,Annual,60
P-000911,LV-0002908,1,2025-01-01,2025-01-08,2025-01-16,8,Casual,86
P-000911,LV-0002909,9,2025-09-01,2025-09-09,2025-09-17,8,Medical/Authorized,240
P-000911,LV-0002910,11,2025-11-01,2025-11-12,2025-11-25,13,Casual,60
P-000912,LV-0002911,1,2025-01-01,2025-01-06,2025-01-14,8,Annual,86
P-000912,LV-0002912,10,2025-10-01,2025-10-07,2025-10-16,9,Annual,270
P-000913,LV-0002913,3,2025-03-01,2025-03-06,2025-03-19,13,Casual,144
P-000913,LV-0002914,12,2025-12-01,2025-12-09,2025-12-19,10,Annual,270
P-000914,LV-0002915,4,2025-04-01,2025-04-06,2025-04-14,8,Casual,163
P-000914,LV-0002916,6,2025-06-01,2025-06-06,2025-06-17,11,Casual,60
P-000914,LV-0002917,10,2025-10-01,2025-10-11,2025-10-20,9,Casual,120
P-000914,LV-0002918,12,2025-12-01,2025-12-12,2025-12-22,10,Casual,60
P-000915,LV-0002919,1,2025-01-01,2025-01-07,2025-01-14,7,Casual,70
P-000915,LV-0002920,3,2025-03-01,2025-03-12,2025-03-19,7,Annual,60
P-000915,LV-0002921,11,2025-11-01,2025-11-08,2025-11-15,7,Medical/Authorized,240
P-000916,LV-0002922,2,2025-02-01,2025-02-12,2025-02-23,11,Annual,95
P-000916,LV-0002923,4,2025-04-01,2025-04-10,2025-04-22,12,Annual,60
P-000916,LV-0002924,8,2025-08-01,2025-08-08,2025-08-21,13,Casual,120
P-000916,LV-0002925,10,2025-10-01,2025-10-07,2025-10-15,8,Casual,60
P-000917,LV-0002926,1,2025-01-01,2025-01-10,2025-01-19,9,Medical/Authorized,83
P-000917,LV-0002927,6,2025-06-01,2025-06-06,2025-06-14,8,Casual,150
P-000917,LV-0002928,8,2025-08-01,2025-08-10,2025-08-21,11,Casual,60
P-000917,LV-0002929,11,2025-11-01,2025-11-06,2025-11-14,8,Annual,90
P-000918,LV-0002930,1,2025-01-01,2025-01-11,2025-01-24,13,Annual,68
P-000918,LV-0002931,6,2025-06-01,2025-06-06,2025-06-21,15,Recovery,150
P-000918,LV-0002932,9,2025-09-01,2025-09-12,2025-09-22,10,Annual,90
P-000918,LV-0002933,11,2025-11-01,2025-11-08,2025-11-17,9,Casual,60
P-000919,LV-0002934,1,2025-01-01,2025-01-10,2025-01-17,7,Medical/Authorized,66
P-000919,LV-0002935,9,2025-09-01,2025-09-09,2025-09-13,4,Casual,240
P-000920,LV-0002936,2,2025-02-01,2025-02-07,2025-02-15,8,Annual,75
P-000920,LV-0002937,4,2025-04-01,2025-04-10,2025-04-19,9,Medical/Authorized,60
P-000920,LV-0002938,7,2025-07-01,2025-07-06,2025-07-19,13,Casual,90
P-000920,LV-0002939,9,2025-09-01,2025-09-06,2025-09-16,10,Casual,60
P-000920,LV-0002940,12,2025-12-01,2025-12-06,2025-12-14,8,Casual,90
P-000921,LV-0002941,6,2025-06-01,2025-06-08,2025-06-14,6,Casual,216
P-000921,LV-0002942,12,2025-12-01,2025-12-12,2025-12-15,3,Casual,180
P-000922,LV-0002943,2,2025-02-01,2025-02-08,2025-02-20,12,Medical/Authorized,85
P-000922,LV-0002944,5,2025-05-01,2025-05-06,2025-05-13,7,Casual,90
P-000922,LV-0002945,9,2025-09-01,2025-09-09,2025-09-17,8,Annual,120
P-000922,LV-0002946,12,2025-12-01,2025-12-11,2025-12-18,7,Casual,90
P-000923,LV-0002947,1,2025-01-01,2025-01-08,2025-01-15,7,Annual,62
P-000923,LV-0002948,5,2025-05-01,2025-05-09,2025-05-16,7,Casual,120
P-000923,LV-0002949,6,2025-06-01,2025-06-06,2025-06-18,12,Recovery,30
P-000923,LV-0002950,8,2025-08-01,2025-08-08,2025-08-15,7,Casual,60
P-000923,LV-0002951,12,2025-12-01,2025-12-12,2025-12-19,7,Casual,120
P-000924,LV-0002952,6,2025-06-01,2025-06-09,2025-06-12,3,Casual,204
P-000924,LV-0002953,12,2025-12-01,2025-12-07,2025-12-12,5,Casual,180
P-000925,LV-0002954,3,2025-03-01,2025-03-10,2025-03-19,9,Casual,107
P-000925,LV-0002955,5,2025-05-01,2025-05-09,2025-05-17,8,Annual,60
P-000925,LV-0002956,8,2025-08-01,2025-08-12,2025-08-22,10,Casual,90
P-000925,LV-0002957,10,2025-10-01,2025-10-07,2025-10-15,8,Annual,60
P-000925,LV-0002958,12,2025-12-01,2025-12-11,2025-12-21,10,Annual,60
P-000926,LV-0002959,3,2025-03-01,2025-03-12,2025-03-19,7,Casual,112
P-000926,LV-0002960,5,2025-05-01,2025-05-08,2025-05-17,9,Annual,60
P-000926,LV-0002961,10,2025-10-01,2025-10-10,2025-10-19,9,Annual,150
P-000926,LV-0002962,12,2025-12-01,2025-12-12,2025-12-23,11,Medical/Authorized,60
P-000927,LV-0002963,2,2025-02-01,2025-02-10,2025-02-17,7,Medical/Authorized,78
P-000927,LV-0002964,5,2025-05-01,2025-05-07,2025-05-16,9,Casual,90
P-000927,LV-0002965,9,2025-09-01,2025-09-08,2025-09-20,12,Annual,120
P-000927,LV-0002966,12,2025-12-01,2025-12-11,2025-12-18,7,Casual,90
P-000928,LV-0002967,1,2025-01-01,2025-01-06,2025-01-13,7,Medical/Authorized,62
P-000928,LV-0002968,3,2025-03-01,2025-03-07,2025-03-19,12,Annual,60
P-000928,LV-0002969,9,2025-09-01,2025-09-06,2025-09-17,11,Annual,180
P-000928,LV-0002970,11,2025-11-01,2025-11-10,2025-11-18,8,Medical/Authorized,60
P-000929,LV-0002971,2,2025-02-01,2025-02-06,2025-02-16,10,Medical/Authorized,82
P-000929,LV-0002972,9,2025-09-01,2025-09-06,2025-09-16,10,Casual,210
P-000929,LV-0002973,12,2025-12-01,2025-12-07,2025-12-19,12,Annual,90
P-000930,LV-0002974,2,2025-02-01,2025-02-09,2025-02-19,10,Casual,88
P-000930,LV-0002975,4,2025-04-01,2025-04-08,2025-04-19,11,Casual,60
P-000930,LV-0002976,6,2025-06-01,2025-06-06,2025-06-14,8,Casual,60
P-000930,LV-0002977,8,2025-08-01,2025-08-07,2025-08-20,13,Casual,60
P-000930,LV-0002978,10,2025-10-01,2025-10-10,2025-10-21,11,Medical/Authorized,60
P-000930,LV-0002979,12,2025-12-01,2025-12-10,2025-12-21,11,Casual,60
P-000931,LV-0002980,2,2025-02-01,2025-02-11,2025-02-21,10,Casual,93
P-000931,LV-0002981,5,2025-05-01,2025-05-11,2025-05-18,7,Casual,90
P-000931,LV-0002982,8,2025-08-01,2025-08-07,2025-08-19,12,Casual,90
P-000931,LV-0002983,10,2025-10-01,2025-10-06,2025-10-15,9,Annual,60
P-000932,LV-0002984,8,2025-08-01,2025-08-10,2025-08-14,4,Casual,284
P-000933,LV-0002985,2,2025-02-01,2025-02-12,2025-02-23,11,Annual,76
P-000933,LV-0002986,4,2025-04-01,2025-04-07,2025-04-16,9,Annual,60
P-000933,LV-0002987,9,2025-09-01,2025-09-10,2025-09-23,13,Casual,150
P-000933,LV-0002988,11,2025-11-01,2025-11-07,2025-11-17,10,Casual,60
P-000934,LV-0002989,3,2025-03-01,2025-03-10,2025-03-21,11,Annual,140
P-000934,LV-0002990,8,2025-08-01,2025-08-06,2025-08-12,6,Casual,150
P-000935,LV-0002991,2,2025-02-01,2025-02-06,2025-02-18,12,Casual,111
P-000935,LV-0002992,4,2025-04-01,2025-04-08,2025-04-17,9,Casual,60
P-000935,LV-0002993,7,2025-07-01,2025-07-12,2025-07-25,13,Annual,90
P-000935,LV-0002994,9,2025-09-01,2025-09-11,2025-09-19,8,Casual,60
P-000936,LV-0002995,7,2025-07-01,2025-07-12,2025-07-20,8,Casual,249
P-000936,LV-0002996,10,2025-10-01,2025-10-12,2025-10-22,10,Medical/Authorized,90
P-000936,LV-0002997,12,2025-12-01,2025-12-10,2025-12-19,9,Annual,60
P-000937,LV-0002998,3,2025-03-01,2025-03-09,2025-03-20,11,Annual,135
P-000937,LV-0002999,5,2025-05-01,2025-05-08,2025-05-15,7,Annual,60
P-000937,LV-0003000,8,2025-08-01,2025-08-12,2025-08-25,13,Casual,90
P-000937,LV-0003001,12,2025-12-01,2025-12-08,2025-12-17,9,Annual,120
P-000938,LV-0003002,2,2025-02-01,2025-02-10,2025-02-21,11,Annual,111
P-000938,LV-0003003,6,2025-06-01,2025-06-07,2025-06-20,13,Recovery,120
P-000938,LV-0003004,10,2025-10-01,2025-10-06,2025-10-16,10,Annual,120
P-000938,LV-0003005,12,2025-12-01,2025-12-12,2025-12-22,10,Annual,60
P-000939,LV-0003006,2,2025-02-01,2025-02-12,2025-02-21,9,Annual,95
P-000939,LV-0003007,6,2025-06-01,2025-06-12,2025-06-24,12,Annual,120
P-000939,LV-0003008,10,2025-10-01,2025-10-08,2025-10-17,9,Medical/Authorized,120
P-000939,LV-0003009,12,2025-12-01,2025-12-09,2025-12-22,13,Casual,60
P-000940,LV-0003010,1,2025-01-01,2025-01-11,2025-01-21,10,Casual,63
P-000940,LV-0003011,6,2025-06-01,2025-06-11,2025-06-16,5,Casual,150
P-000940,LV-0003012,9,2025-09-01,2025-09-06,2025-09-17,11,Annual,90
P-000941,LV-0003013,2,2025-02-01,2025-02-11,2025-02-21,10,Annual,79
P-000941,LV-0003014,5,2025-05-01,2025-05-06,2025-05-18,12,Annual,90
P-000941,LV-0003015,10,2025-10-01,2025-10-12,2025-10-21,9,Casual,150
P-000941,LV-0003016,12,2025-12-01,2025-12-12,2025-12-22,10,Annual,60
P-000942,LV-0003017,9,2025-09-01,2025-09-08,2025-09-20,12,Annual,317
P-000942,LV-0003018,12,2025-12-01,2025-12-07,2025-12-14,7,Annual,90
P-000943,LV-0003019,10,2025-10-01,2025-10-11,2025-10-18,7,Medical/Authorized,316
P-000943,LV-0003020,12,2025-12-01,2025-12-12,2025-12-25,13,Annual,60
P-000944,LV-0003021,5,2025-05-01,2025-05-10,2025-05-13,3,Casual,170
P-000944,LV-0003022,11,2025-11-01,2025-11-08,2025-11-11,3,Casual,180
P-000945,LV-0003023,3,2025-03-01,2025-03-08,2025-03-15,7,Annual,149
P-000945,LV-0003024,6,2025-06-01,2025-06-08,2025-06-21,13,Annual,90
P-000945,LV-0003025,11,2025-11-01,2025-11-10,2025-11-22,12,Casual,150
P-000946,LV-0003026,1,2025-01-01,2025-01-11,2025-01-20,9,Casual,82
P-000946,LV-0003027,4,2025-04-01,2025-04-12,2025-04-20,8,Casual,90
P-000946,LV-0003028,7,2025-07-01,2025-07-06,2025-07-19,13,Medical/Authorized,90
P-000946,LV-0003029,11,2025-11-01,2025-11-08,2025-11-15,7,Annual,120
P-000947,LV-0003030,1,2025-01-01,2025-01-11,2025-01-19,8,Casual,62
P-000947,LV-0003031,3,2025-03-01,2025-03-11,2025-03-20,9,Annual,60
P-000947,LV-0003032,5,2025-05-01,2025-05-07,2025-05-18,11,Annual,60
P-000947,LV-0003033,7,2025-07-01,2025-07-06,2025-07-14,8,Annual,60
P-000947,LV-0003034,9,2025-09-01,2025-09-07,2025-09-18,11,Medical/Authorized,60
P-000947,LV-0003035,11,2025-11-01,2025-11-11,2025-11-21,10,Annual,60
P-000948,LV-0003036,1,2025-01-01,2025-01-09,2025-01-18,9,Annual,70
P-000948,LV-0003037,4,2025-04-01,2025-04-06,2025-04-19,13,Annual,90
P-000948,LV-0003038,6,2025-06-01,2025-06-07,2025-06-23,16,Recovery,60
P-000948,LV-0003039,9,2025-09-01,2025-09-10,2025-09-19,9,Medical/Authorized,90
P-000949,LV-0003040,1,2025-01-01,2025-01-10,2025-01-20,10,Annual,87
P-000949,LV-0003041,3,2025-03-01,2025-03-11,2025-03-19,8,Medical/Authorized,60
P-000949,LV-0003042,5,2025-05-01,2025-05-12,2025-05-25,13,Annual,60
P-000949,LV-0003043,6,2025-06-01,2025-06-11,2025-06-25,14,Recovery,30
P-000949,LV-0003044,8,2025-08-01,2025-08-11,2025-08-23,12,Annual,60
P-000949,LV-0003045,10,2025-10-01,2025-10-11,2025-10-21,10,Annual,60
P-000949,LV-0003046,12,2025-12-01,2025-12-08,2025-12-17,9,Casual,60
P-000950,LV-0003047,3,2025-03-01,2025-03-10,2025-03-19,9,Casual,118
P-000950,LV-0003048,9,2025-09-01,2025-09-12,2025-09-24,12,Annual,180
P-000950,LV-0003049,11,2025-11-01,2025-11-08,2025-11-16,8,Annual,60
P-000951,LV-0003050,1,2025-01-01,2025-01-11,2025-01-18,7,Casual,73
P-000951,LV-0003051,3,2025-03-01,2025-03-11,2025-03-24,13,Casual,60
P-000951,LV-0003052,8,2025-08-01,2025-08-12,2025-08-16,4,Casual,150
P-000951,LV-0003053,10,2025-10-01,2025-10-07,2025-10-19,12,Casual,60
P-000951,LV-0003054,12,2025-12-01,2025-12-08,2025-12-15,7,Medical/Authorized,60
P-000952,LV-0003055,2,2025-02-01,2025-02-08,2025-02-18,10,Annual,75
P-000952,LV-0003056,8,2025-08-01,2025-08-11,2025-08-18,7,Casual,180
P-000952,LV-0003057,10,2025-10-01,2025-10-12,2025-10-22,10,Casual,60
P-000952,LV-0003058,12,2025-12-01,2025-12-10,2025-12-21,11,Annual,60
P-000953,LV-0003059,1,2025-01-01,2025-01-08,2025-01-19,11,Annual,73
P-000953,LV-0003060,3,2025-03-01,2025-03-10,2025-03-19,9,Annual,60
P-000953,LV-0003061,6,2025-06-01,2025-06-10,2025-06-18,8,Medical/Authorized,90
P-000953,LV-0003062,11,2025-11-01,2025-11-11,2025-11-23,12,Casual,150
P-000954,LV-0003063,2,2025-02-01,2025-02-06,2025-02-13,7,Casual,96
P-000954,LV-0003064,5,2025-05-01,2025-05-06,2025-05-18,12,Annual,90
P-000954,LV-0003065,6,2025-06-01,2025-06-11,2025-06-23,12,Recovery,30
P-000954,LV-0003066,8,2025-08-01,2025-08-07,2025-08-16,9,Annual,60
P-000954,LV-0003067,10,2025-10-01,2025-10-09,2025-10-21,12,Casual,60
P-000954,LV-0003068,12,2025-12-01,2025-12-06,2025-12-19,13,Casual,60
P-000955,LV-0003069,2,2025-02-01,2025-02-06,2025-02-15,9,Annual,112
P-000955,LV-0003070,9,2025-09-01,2025-09-11,2025-09-20,9,Annual,210
P-000955,LV-0003071,11,2025-11-01,2025-11-06,2025-11-19,13,Annual,60
P-000956,LV-0003072,2,2025-02-01,2025-02-06,2025-02-17,11,Annual,107
P-000956,LV-0003073,5,2025-05-01,2025-05-06,2025-05-18,12,Annual,90
P-000956,LV-0003074,8,2025-08-01,2025-08-10,2025-08-17,7,Annual,90
P-000956,LV-0003075,11,2025-11-01,2025-11-08,2025-11-18,10,Annual,90
P-000957,LV-0003076,2,2025-02-01,2025-02-08,2025-02-18,10,Annual,95
P-000957,LV-0003077,7,2025-07-01,2025-07-08,2025-07-12,4,Casual,150
P-000957,LV-0003078,10,2025-10-01,2025-10-11,2025-10-18,7,Annual,90
P-000958,LV-0003079,3,2025-03-01,2025-03-12,2025-03-25,13,Casual,119
P-000958,LV-0003080,10,2025-10-01,2025-10-09,2025-10-20,11,Casual,210
P-000959,LV-0003081,2,2025-02-01,2025-02-06,2025-02-19,13,Casual,90
P-000959,LV-0003082,6,2025-06-01,2025-06-06,2025-06-17,11,Casual,120
P-000959,LV-0003083,10,2025-10-01,2025-10-11,2025-10-18,7,Casual,120
P-000960,LV-0003084,3,2025-03-01,2025-03-10,2025-03-15,5,Casual,140
P-000960,LV-0003085,12,2025-12-01,2025-12-11,2025-12-19,8,Casual,270
P-000961,LV-0003086,1,2025-01-01,2025-01-07,2025-01-18,11,Annual,89
P-000961,LV-0003087,6,2025-06-01,2025-06-08,2025-06-16,8,Annual,150
P-000962,LV-0003088,3,2025-03-01,2025-03-11,2025-03-21,10,Casual,138
P-000962,LV-0003089,9,2025-09-01,2025-09-10,2025-09-20,10,Casual,180
P-000963,LV-0003090,1,2025-01-01,2025-01-12,2025-01-19,7,Casual,75
P-000963,LV-0003091,3,2025-03-01,2025-03-06,2025-03-16,10,Annual,60
P-000963,LV-0003092,6,2025-06-01,2025-06-06,2025-06-16,10,Casual,90
P-000963,LV-0003093,8,2025-08-01,2025-08-12,2025-08-24,12,Casual,60
P-000963,LV-0003094,10,2025-10-01,2025-10-06,2025-10-18,12,Annual,60
P-000963,LV-0003095,12,2025-12-01,2025-12-07,2025-12-16,9,Annual,60
P-000964,LV-0003096,2,2025-02-01,2025-02-11,2025-02-19,8,Annual,88
P-000964,LV-0003097,5,2025-05-01,2025-05-08,2025-05-18,10,Casual,90
P-000964,LV-0003098,9,2025-09-01,2025-09-06,2025-09-14,8,Annual,120
P-000965,LV-0003099,1,2025-01-01,2025-01-08,2025-01-18,10,Casual,83
P-000965,LV-0003100,4,2025-04-01,2025-04-11,2025-04-23,12,Annual,90
P-000965,LV-0003101,9,2025-09-01,2025-09-08,2025-09-16,8,Casual,150
P-000966,LV-0003102,1,2025-01-01,2025-01-07,2025-01-20,13,Annual,79
P-000966,LV-0003103,3,2025-03-01,2025-03-11,2025-03-21,10,Casual,60
P-000966,LV-0003104,8,2025-08-01,2025-08-10,2025-08-19,9,Annual,150
P-000966,LV-0003105,10,2025-10-01,2025-10-09,2025-10-21,12,Annual,60
P-000967,LV-0003106,5,2025-05-01,2025-05-08,2025-05-14,6,Casual,175
P-000967,LV-0003107,11,2025-11-01,2025-11-10,2025-11-18,8,Annual,180
P-000968,LV-0003108,2,2025-02-01,2025-02-11,2025-02-24,13,Annual,84
P-000968,LV-0003109,4,2025-04-01,2025-04-08,2025-04-18,10,Annual,60
P-000968,LV-0003110,11,2025-11-01,2025-11-12,2025-11-19,7,Casual,210
P-000969,LV-0003111,2,2025-02-01,2025-02-10,2025-02-19,9,Annual,95
P-000969,LV-0003112,8,2025-08-01,2025-08-12,2025-08-19,7,Casual,180
P-000969,LV-0003113,10,2025-10-01,2025-10-12,2025-10-25,13,Medical/Authorized,60
P-000969,LV-0003114,12,2025-12-01,2025-12-12,2025-12-19,7,Annual,60
P-000970,LV-0003115,2,2025-02-01,2025-02-12,2025-02-23,11,Casual,81
P-000970,LV-0003116,4,2025-04-01,2025-04-11,2025-04-18,7,Casual,60
P-000970,LV-0003117,6,2025-06-01,2025-06-09,2025-06-18,9,Annual,60
P-000970,LV-0003118,8,2025-08-01,2025-08-09,2025-08-19,10,Casual,60
P-000970,LV-0003119,10,2025-10-01,2025-10-06,2025-10-13,7,Casual,60
P-000970,LV-0003120,12,2025-12-01,2025-12-07,2025-12-14,7,Casual,60
P-000971,LV-0003121,1,2025-01-01,2025-01-11,2025-01-22,11,Annual,84
P-000971,LV-0003122,10,2025-10-01,2025-10-10,2025-10-21,11,Annual,270
P-000971,LV-0003123,12,2025-12-01,2025-12-07,2025-12-15,8,Annual,60
P-000972,LV-0003124,1,2025-01-01,2025-01-12,2025-01-20,8,Annual,89
P-000972,LV-0003125,4,2025-04-01,2025-04-10,2025-04-20,10,Annual,90
P-000972,LV-0003126,6,2025-06-01,2025-06-11,2025-06-27,16,Recovery,60
P-000972,LV-0003127,9,2025-09-01,2025-09-07,2025-09-20,13,Casual,90
P-000972,LV-0003128,11,2025-11-01,2025-11-11,2025-11-18,7,Annual,60
P-000973,LV-0003129,8,2025-08-01,2025-08-10,2025-08-15,5,Casual,269
P-000973,LV-0003130,10,2025-10-01,2025-10-12,2025-10-21,9,Annual,60
P-000974,LV-0003131,2,2025-02-01,2025-02-12,2025-02-19,7,Casual,88
P-000974,LV-0003132,4,2025-04-01,2025-04-08,2025-04-16,8,Casual,60
P-000974,LV-0003133,8,2025-08-01,2025-08-10,2025-08-21,11,Casual,120
P-000975,LV-0003134,2,2025-02-01,2025-02-11,2025-02-21,10,Annual,76
P-000975,LV-0003135,4,2025-04-01,2025-04-12,2025-04-22,10,Casual,60
P-000975,LV-0003136,6,2025-06-01,2025-06-10,2025-06-22,12,Annual,60
P-000975,LV-0003137,8,2025-08-01,2025-08-07,2025-08-16,9,Annual,60
P-000975,LV-0003138,12,2025-12-01,2025-12-11,2025-12-21,10,Annual,120
P-000976,LV-0003139,2,2025-02-01,2025-02-09,2025-02-22,13,Annual,110
P-000976,LV-0003140,4,2025-04-01,2025-04-10,2025-04-21,11,Casual,60
P-000976,LV-0003141,8,2025-08-01,2025-08-07,2025-08-16,9,Annual,120
P-000976,LV-0003142,10,2025-10-01,2025-10-08,2025-10-21,13,Annual,60
P-000977,LV-0003143,2,2025-02-01,2025-02-12,2025-02-25,13,Medical/Authorized,77
P-000977,LV-0003144,9,2025-09-01,2025-09-06,2025-09-18,12,Annual,210
P-000977,LV-0003145,11,2025-11-01,2025-11-11,2025-11-22,11,Annual,60
P-000978,LV-0003146,5,2025-05-01,2025-05-08,2025-05-15,7,Casual,175
P-000978,LV-0003147,9,2025-09-01,2025-09-06,2025-09-16,10,Casual,120
P-000979,LV-0003148,1,2025-01-01,2025-01-07,2025-01-16,9,Casual,78
P-000979,LV-0003149,3,2025-03-01,2025-03-10,2025-03-18,8,Annual,60
P-000979,LV-0003150,10,2025-10-01,2025-10-12,2025-10-24,12,Annual,210
P-000980,LV-0003151,2,2025-02-01,2025-02-12,2025-02-21,9,Annual,102
P-000980,LV-0003152,8,2025-08-01,2025-08-10,2025-08-16,6,Casual,180
P-000980,LV-0003153,11,2025-11-01,2025-11-06,2025-11-16,10,Annual,90
P-000981,LV-0003154,4,2025-04-01,2025-04-07,2025-04-19,12,Casual,148
P-000981,LV-0003155,7,2025-07-01,2025-07-06,2025-07-13,7,Annual,90
P-000981,LV-0003156,10,2025-10-01,2025-10-11,2025-10-18,7,Annual,90
P-000981,LV-0003157,12,2025-12-01,2025-12-08,2025-12-16,8,Annual,60
P-000982,LV-0003158,5,2025-05-01,2025-05-07,2025-05-12,5,Casual,171
P-000982,LV-0003159,11,2025-11-01,2025-11-06,2025-11-12,6,Casual,180
P-000983,LV-0003160,4,2025-04-01,2025-04-09,2025-04-20,11,Casual,151
P-000983,LV-0003161,9,2025-09-01,2025-09-07,2025-09-18,11,Casual,150
P-000984,LV-0003162,1,2025-01-01,2025-01-08,2025-01-21,13,Medical/Authorized,85
P-000984,LV-0003163,5,2025-05-01,2025-05-10,2025-05-22,12,Casual,120
P-000984,LV-0003164,7,2025-07-01,2025-07-08,2025-07-20,12,Annual,60
P-000984,LV-0003165,9,2025-09-01,2025-09-10,2025-09-21,11,Annual,60
P-000985,LV-0003166,1,2025-01-01,2025-01-11,2025-01-19,8,Annual,75
P-000985,LV-0003167,8,2025-08-01,2025-08-12,2025-08-18,6,Casual,210
P-000986,LV-0003168,3,2025-03-01,2025-03-09,2025-03-20,11,Casual,113
P-000986,LV-0003169,6,2025-06-01,2025-06-09,2025-06-17,8,Annual,90
P-000986,LV-0003170,11,2025-11-01,2025-11-08,2025-11-20,12,Medical/Authorized,150
P-000987,LV-0003171,2,2025-02-01,2025-02-06,2025-02-16,10,Casual,82
P-000987,LV-0003172,9,2025-09-01,2025-09-12,2025-09-18,6,Casual,210
P-000988,LV-0003173,1,2025-01-01,2025-01-11,2025-01-23,12,Medical/Authorized,67
P-000988,LV-0003174,4,2025-04-01,2025-04-11,2025-04-22,11,Annual,90
P-000988,LV-0003175,8,2025-08-01,2025-08-11,2025-08-22,11,Annual,120
P-000988,LV-0003176,10,2025-10-01,2025-10-11,2025-10-18,7,Annual,60
P-000989,LV-0003177,1,2025-01-01,2025-01-11,2025-01-23,12,Annual,75
P-000989,LV-0003178,4,2025-04-01,2025-04-06,2025-04-16,10,Annual,90
P-000989,LV-0003179,6,2025-06-01,2025-06-08,2025-06-15,7,Medical/Authorized,60
P-000989,LV-0003180,8,2025-08-01,2025-08-08,2025-08-17,9,Annual,60
P-000989,LV-0003181,11,2025-11-01,2025-11-07,2025-11-18,11,Casual,90
P-000990,LV-0003182,9,2025-09-01,2025-09-12,2025-09-17,5,Casual,286
P-000991,LV-0003183,7,2025-07-01,2025-07-06,2025-07-10,4,Casual,249
P-000992,LV-0003184,10,2025-10-01,2025-10-08,2025-10-18,10,Annual,351
P-000992,LV-0003185,12,2025-12-01,2025-12-11,2025-12-18,7,Annual,60
P-000993,LV-0003186,2,2025-02-01,2025-02-06,2025-02-16,10,Annual,82
P-000993,LV-0003187,5,2025-05-01,2025-05-06,2025-05-13,7,Annual,90
P-000993,LV-0003188,11,2025-11-01,2025-11-08,2025-11-16,8,Casual,180
P-000994,LV-0003189,2,2025-02-01,2025-02-08,2025-02-19,11,Casual,89
P-000994,LV-0003190,8,2025-08-01,2025-08-12,2025-08-16,4,Casual,180
P-000994,LV-0003191,11,2025-11-01,2025-11-12,2025-11-23,11,Annual,90
P-000995,LV-0003192,2,2025-02-01,2025-02-07,2025-02-14,7,Casual,79
P-000995,LV-0003193,5,2025-05-01,2025-05-07,2025-05-18,11,Casual,90
P-000995,LV-0003194,9,2025-09-01,2025-09-06,2025-09-13,7,Annual,120
P-000995,LV-0003195,11,2025-11-01,2025-11-07,2025-11-18,11,Medical/Authorized,60
P-000996,LV-0003196,1,2025-01-01,2025-01-08,2025-01-17,9,Casual,69
P-000996,LV-0003197,4,2025-04-01,2025-04-08,2025-04-16,8,Annual,90
P-000996,LV-0003198,6,2025-06-01,2025-06-12,2025-06-21,9,Annual,60
P-000996,LV-0003199,10,2025-10-01,2025-10-06,2025-10-15,9,Annual,120
P-000997,LV-0003200,2,2025-02-01,2025-02-11,2025-02-24,13,Annual,112
P-000997,LV-0003201,4,2025-04-01,2025-04-09,2025-04-17,8,Annual,60
P-000997,LV-0003202,6,2025-06-01,2025-06-12,2025-06-28,16,Recovery,60
P-000997,LV-0003203,8,2025-08-01,2025-08-09,2025-08-19,10,Annual,60
P-000998,LV-0003204,3,2025-03-01,2025-03-09,2025-03-19,10,Annual,120
P-000998,LV-0003205,6,2025-06-01,2025-06-10,2025-06-20,10,Annual,90
P-000998,LV-0003206,8,2025-08-01,2025-08-08,2025-08-17,9,Annual,60
P-000998,LV-0003207,10,2025-10-01,2025-10-10,2025-10-18,8,Annual,60
P-000998,LV-0003208,12,2025-12-01,2025-12-08,2025-12-17,9,Casual,60
P-000999,LV-0003209,2,2025-02-01,2025-02-08,2025-02-19,11,Casual,98
P-000999,LV-0003210,6,2025-06-01,2025-06-11,2025-06-18,7,Annual,120
P-000999,LV-0003211,9,2025-09-01,2025-09-08,2025-09-21,13,Casual,90
P-000999,LV-0003212,12,2025-12-01,2025-12-12,2025-12-19,7,Casual,90
P-001000,LV-0003213,4,2025-04-01,2025-04-09,2025-04-18,9,Annual,169
P-001000,LV-0003214,6,2025-06-01,2025-06-07,2025-06-17,10,Annual,60
P-001000,LV-0003215,9,2025-09-01,2025-09-09,2025-09-19,10,Casual,90
P-001000,LV-0003216,11,2025-11-01,2025-11-12,2025-11-19,7,Annual,60
P-001001,LV-0003217,1,2025-01-01,2025-01-07,2025-01-17,10,Casual,86
P-001001,LV-0003218,6,2025-06-01,2025-06-07,2025-06-18,11,Annual,150
P-001001,LV-0003219,9,2025-09-01,2025-09-11,2025-09-20,9,Casual,90
P-001001,LV-0003220,12,2025-12-01,2025-12-08,2025-12-17,9,Casual,90
P-001002,LV-0003221,2,2025-02-01,2025-02-10,2025-02-20,10,Casual,119
P-001002,LV-0003222,9,2025-09-01,2025-09-09,2025-09-18,9,Casual,210
P-001002,LV-0003223,11,2025-11-01,2025-11-09,2025-11-22,13,Annual,60
P-001003,LV-0003224,1,2025-01-01,2025-01-10,2025-01-22,12,Casual,82
P-001003,LV-0003225,6,2025-06-01,2025-06-11,2025-06-23,12,Recovery,150
P-001003,LV-0003226,9,2025-09-01,2025-09-06,2025-09-19,13,Casual,90
P-001003,LV-0003227,11,2025-11-01,2025-11-08,2025-11-16,8,Annual,60
P-001004,LV-0003228,3,2025-03-01,2025-03-08,2025-03-14,6,Casual,127
P-001004,LV-0003229,11,2025-11-01,2025-11-06,2025-11-13,7,Annual,240
P-001005,LV-0003230,4,2025-04-01,2025-04-08,2025-04-14,6,Casual,172
P-001005,LV-0003231,11,2025-11-01,2025-11-08,2025-11-12,4,Casual,210
P-001006,LV-0003232,6,2025-06-01,2025-06-07,2025-06-14,7,Casual,215
P-001006,LV-0003233,12,2025-12-01,2025-12-10,2025-12-22,12,Casual,180
P-001007,LV-0003234,1,2025-01-01,2025-01-07,2025-01-16,9,Casual,74
P-001007,LV-0003235,6,2025-06-01,2025-06-12,2025-06-17,5,Casual,150
P-001007,LV-0003236,10,2025-10-01,2025-10-10,2025-10-18,8,Annual,120
P-001008,LV-0003237,6,2025-06-01,2025-06-06,2025-06-11,5,Casual,198
P-001009,LV-0003238,2,2025-02-01,2025-02-06,2025-02-19,13,Medical/Authorized,80
P-001009,LV-0003239,4,2025-04-01,2025-04-11,2025-04-18,7,Medical/Authorized,60
P-001009,LV-0003240,6,2025-06-01,2025-06-06,2025-06-19,13,Annual,60
P-001009,LV-0003241,11,2025-11-01,2025-11-06,2025-11-18,12,Casual,150
P-001010,LV-0003242,2,2025-02-01,2025-02-10,2025-02-22,12,Casual,115
P-001010,LV-0003243,5,2025-05-01,2025-05-08,2025-05-15,7,Casual,90
P-001010,LV-0003244,7,2025-07-01,2025-07-08,2025-07-16,8,Casual,60
P-001010,LV-0003245,10,2025-10-01,2025-10-06,2025-10-16,10,Annual,90
P-001011,LV-0003246,4,2025-04-01,2025-04-07,2025-04-18,11,Annual,179
P-001011,LV-0003247,7,2025-07-01,2025-07-09,2025-07-20,11,Casual,90
P-001011,LV-0003248,9,2025-09-01,2025-09-06,2025-09-18,12,Medical/Authorized,60
P-001012,LV-0003249,3,2025-03-01,2025-03-08,2025-03-15,7,Annual,144
P-001012,LV-0003250,7,2025-07-01,2025-07-09,2025-07-21,12,Annual,120
P-001012,LV-0003251,11,2025-11-01,2025-11-10,2025-11-23,13,Casual,120
P-001013,LV-0003252,2,2025-02-01,2025-02-07,2025-02-16,9,Annual,111
P-001013,LV-0003253,4,2025-04-01,2025-04-11,2025-04-20,9,Annual,60
P-001013,LV-0003254,6,2025-06-01,2025-06-08,2025-06-22,14,Recovery,60
P-001013,LV-0003255,8,2025-08-01,2025-08-07,2025-08-20,13,Medical/Authorized,60
P-001014,LV-0003256,2,2025-02-01,2025-02-10,2025-02-20,10,Annual,107
P-001014,LV-0003257,4,2025-04-01,2025-04-09,2025-04-17,8,Casual,60
P-001014,LV-0003258,7,2025-07-01,2025-07-11,2025-07-18,7,Annual,90
P-001014,LV-0003259,9,2025-09-01,2025-09-06,2025-09-17,11,Casual,60
P-001015,LV-0003260,2,2025-02-01,2025-02-09,2025-02-21,12,Annual,97
P-001015,LV-0003261,11,2025-11-01,2025-11-08,2025-11-20,12,Annual,270
P-001016,LV-0003262,4,2025-04-01,2025-04-06,2025-04-15,9,Annual,152
P-001016,LV-0003263,6,2025-06-01,2025-06-08,2025-06-23,15,Recovery,60
P-001016,LV-0003264,9,2025-09-01,2025-09-12,2025-09-19,7,Casual,90
P-001017,LV-0003265,1,2025-01-01,2025-01-07,2025-01-15,8,Annual,77
P-001017,LV-0003266,6,2025-06-01,2025-06-07,2025-06-15,8,Annual,150
P-001017,LV-0003267,8,2025-08-01,2025-08-11,2025-08-24,13,Casual,60
P-001017,LV-0003268,11,2025-11-01,2025-11-09,2025-11-20,11,Annual,90
P-001018,LV-0003269,1,2025-01-01,2025-01-12,2025-01-24,12,Casual,73
P-001018,LV-0003270,6,2025-06-01,2025-06-11,2025-06-18,7,Casual,150
P-001018,LV-0003271,12,2025-12-01,2025-12-08,2025-12-21,13,Casual,180
P-001019,LV-0003272,1,2025-01-01,2025-01-06,2025-01-18,12,Annual,61
P-001019,LV-0003273,4,2025-04-01,2025-04-12,2025-04-23,11,Annual,90
P-001019,LV-0003274,6,2025-06-01,2025-06-11,2025-06-28,17,Recovery,60
P-001019,LV-0003275,9,2025-09-01,2025-09-09,2025-09-17,8,Annual,90
P-001019,LV-0003276,11,2025-11-01,2025-11-09,2025-11-21,12,Medical/Authorized,60
P-001020,LV-0003277,4,2025-04-01,2025-04-12,2025-04-22,10,Annual,140
P-001020,LV-0003278,7,2025-07-01,2025-07-10,2025-07-17,7,Annual,90
P-001022,LV-0003279,1,2025-01-01,2025-01-12,2025-01-23,11,Annual,88
P-001022,LV-0003280,4,2025-04-01,2025-04-12,2025-04-23,11,Casual,90
P-001022,LV-0003281,6,2025-06-01,2025-06-08,2025-06-15,7,Casual,60
P-001022,LV-0003282,8,2025-08-01,2025-08-11,2025-08-21,10,Casual,60
P-001022,LV-0003283,11,2025-11-01,2025-11-10,2025-11-18,8,Medical/Authorized,90
P-001023,LV-0003284,6,2025-06-01,2025-06-10,2025-06-23,13,Recovery,203
P-001023,LV-0003285,10,2025-10-01,2025-10-11,2025-10-19,8,Casual,120
P-001024,LV-0003286,4,2025-04-01,2025-04-07,2025-04-20,13,Annual,140
P-001024,LV-0003287,7,2025-07-01,2025-07-07,2025-07-19,12,Annual,90
P-001024,LV-0003288,9,2025-09-01,2025-09-11,2025-09-23,12,Casual,60
P-001024,LV-0003289,11,2025-11-01,2025-11-12,2025-11-21,9,Casual,60
P-001025,LV-0003290,2,2025-02-01,2025-02-08,2025-02-20,12,Annual,103
P-001025,LV-0003291,4,2025-04-01,2025-04-08,2025-04-15,7,Casual,60
P-001025,LV-0003292,6,2025-06-01,2025-06-08,2025-06-25,17,Recovery,60
P-001025,LV-0003293,9,2025-09-01,2025-09-06,2025-09-19,13,Casual,90
P-001026,LV-0003294,1,2025-01-01,2025-01-07,2025-01-16,9,Casual,81
P-001026,LV-0003295,4,2025-04-01,2025-04-08,2025-04-18,10,Medical/Authorized,90
P-001026,LV-0003296,6,2025-06-01,2025-06-10,2025-06-17,7,Casual,60
P-001026,LV-0003297,8,2025-08-01,2025-08-07,2025-08-16,9,Annual,60
P-001026,LV-0003298,10,2025-10-01,2025-10-10,2025-10-20,10,Casual,60
P-001026,LV-0003299,12,2025-12-01,2025-12-07,2025-12-17,10,Casual,60
P-001028,LV-0003300,9,2025-09-01,2025-09-06,2025-09-11,5,Casual,325
P-001029,LV-0003301,2,2025-02-01,2025-02-10,2025-02-23,13,Medical/Authorized,82
P-001029,LV-0003302,6,2025-06-01,2025-06-10,2025-06-22,12,Annual,120
P-001030,LV-0003303,5,2025-05-01,2025-05-07,2025-05-11,4,Casual,189
P-001030,LV-0003304,12,2025-12-01,2025-12-08,2025-12-12,4,Casual,210
P-001031,LV-0003305,1,2025-01-01,2025-01-11,2025-01-24,13,Casual,86
P-001031,LV-0003306,6,2025-06-01,2025-06-10,2025-06-21,11,Annual,150
P-001031,LV-0003307,8,2025-08-01,2025-08-09,2025-08-20,11,Casual,60
P-001031,LV-0003308,10,2025-10-01,2025-10-12,2025-10-21,9,Casual,60
P-001031,LV-0003309,12,2025-12-01,2025-12-06,2025-12-15,9,Casual,60
P-001032,LV-0003310,2,2025-02-01,2025-02-12,2025-02-23,11,Annual,107
P-001032,LV-0003311,10,2025-10-01,2025-10-08,2025-10-16,8,Annual,240
P-001032,LV-0003312,12,2025-12-01,2025-12-10,2025-12-21,11,Annual,60
P-001033,LV-0003313,1,2025-01-01,2025-01-12,2025-01-24,12,Casual,87
P-001033,LV-0003314,8,2025-08-01,2025-08-09,2025-08-20,11,Casual,210
P-001033,LV-0003315,11,2025-11-01,2025-11-08,2025-11-19,11,Casual,90
P-001034,LV-0003316,2,2025-02-01,2025-02-10,2025-02-17,7,Casual,116
P-001034,LV-0003317,5,2025-05-01,2025-05-12,2025-05-21,9,Annual,90
P-001034,LV-0003318,9,2025-09-01,2025-09-11,2025-09-22,11,Casual,120
P-001034,LV-0003319,12,2025-12-01,2025-12-08,2025-12-18,10,Annual,90
P-001035,LV-0003320,1,2025-01-01,2025-01-11,2025-01-18,7,Medical/Authorized,71
P-001035,LV-0003321,3,2025-03-01,2025-03-06,2025-03-18,12,Annual,60
P-001035,LV-0003322,5,2025-05-01,2025-05-12,2025-05-23,11,Casual,60
P-001035,LV-0003323,8,2025-08-01,2025-08-06,2025-08-13,7,Medical/Authorized,90
P-001035,LV-0003324,11,2025-11-01,2025-11-09,2025-11-20,11,Casual,90
P-001036,LV-0003325,9,2025-09-01,2025-09-11,2025-09-17,6,Casual,318
P-001036,LV-0003326,11,2025-11-01,2025-11-09,2025-11-22,13,Casual,60
P-001037,LV-0003327,3,2025-03-01,2025-03-09,2025-03-22,13,Annual,113
P-001037,LV-0003328,11,2025-11-01,2025-11-06,2025-11-17,11,Casual,240
P-001038,LV-0003329,1,2025-01-01,2025-01-06,2025-01-17,11,Annual,73
P-001038,LV-0003330,10,2025-10-01,2025-10-10,2025-10-20,10,Annual,270
P-001038,LV-0003331,12,2025-12-01,2025-12-09,2025-12-16,7,Casual,60
P-001039,LV-0003332,3,2025-03-01,2025-03-10,2025-03-23,13,Casual,126
P-001039,LV-0003333,5,2025-05-01,2025-05-12,2025-05-19,7,Annual,60
P-001039,LV-0003334,7,2025-07-01,2025-07-11,2025-07-18,7,Casual,60
P-001039,LV-0003335,11,2025-11-01,2025-11-12,2025-11-24,12,Annual,120
P-001040,LV-0003336,1,2025-01-01,2025-01-08,2025-01-18,10,Medical/Authorized,81
P-001040,LV-0003337,5,2025-05-01,2025-05-09,2025-05-18,9,Annual,120
P-001040,LV-0003338,8,2025-08-01,2025-08-11,2025-08-18,7,Casual,90
P-001040,LV-0003339,10,2025-10-01,2025-10-10,2025-10-19,9,Medical/Authorized,60
P-001041,LV-0003340,5,2025-05-01,2025-05-08,2025-05-14,6,Casual,174
P-001041,LV-0003341,9,2025-09-01,2025-09-10,2025-09-19,9,Annual,120
P-001041,LV-0003342,11,2025-11-01,2025-11-12,2025-11-24,12,Casual,60
P-001042,LV-0003343,5,2025-05-01,2025-05-09,2025-05-13,4,Casual,174
P-001042,LV-0003344,12,2025-12-01,2025-12-10,2025-12-15,5,Casual,210
P-001043,LV-0003345,4,2025-04-01,2025-04-07,2025-04-15,8,Annual,162
P-001043,LV-0003346,11,2025-11-01,2025-11-12,2025-11-19,7,Casual,210
P-001044,LV-0003347,3,2025-03-01,2025-03-06,2025-03-14,8,Annual,130
P-001044,LV-0003348,8,2025-08-01,2025-08-10,2025-08-16,6,Casual,150
P-001044,LV-0003349,10,2025-10-01,2025-10-10,2025-10-17,7,Annual,60
P-001044,LV-0003350,12,2025-12-01,2025-12-10,2025-12-17,7,Annual,60
P-001045,LV-0003351,1,2025-01-01,2025-01-06,2025-01-13,7,Annual,88
P-001045,LV-0003352,4,2025-04-01,2025-04-10,2025-04-20,10,Annual,90
P-001045,LV-0003353,6,2025-06-01,2025-06-12,2025-06-24,12,Recovery,60
P-001045,LV-0003354,8,2025-08-01,2025-08-11,2025-08-22,11,Casual,60
P-001045,LV-0003355,10,2025-10-01,2025-10-08,2025-10-21,13,Annual,60
P-001046,LV-0003356,2,2025-02-01,2025-02-07,2025-02-18,11,Casual,110
P-001046,LV-0003357,11,2025-11-01,2025-11-10,2025-11-17,7,Annual,270
P-001047,LV-0003358,4,2025-04-01,2025-04-08,2025-04-15,7,Annual,138
P-001047,LV-0003359,8,2025-08-01,2025-08-12,2025-08-24,12,Medical/Authorized,120
P-001047,LV-0003360,12,2025-12-01,2025-12-10,2025-12-22,12,Casual,120
P-001048,LV-0003361,3,2025-03-01,2025-03-06,2025-03-15,9,Annual,110
P-001048,LV-0003362,5,2025-05-01,2025-05-06,2025-05-16,10,Annual,60
P-001048,LV-0003363,7,2025-07-01,2025-07-07,2025-07-19,12,Annual,60
P-001048,LV-0003364,9,2025-09-01,2025-09-07,2025-09-18,11,Annual,60
P-001048,LV-0003365,12,2025-12-01,2025-12-06,2025-12-17,11,Annual,90
P-001049,LV-0003366,5,2025-05-01,2025-05-09,2025-05-21,12,Annual,205
P-001049,LV-0003367,6,2025-06-01,2025-06-11,2025-06-24,13,Recovery,30
P-001049,LV-0003368,10,2025-10-01,2025-10-08,2025-10-17,9,Annual,120
P-001049,LV-0003369,12,2025-12-01,2025-12-12,2025-12-20,8,Annual,60
P-001050,LV-0003370,3,2025-03-01,2025-03-08,2025-03-21,13,Annual,110
P-001050,LV-0003371,6,2025-06-01,2025-06-10,2025-06-23,13,Casual,90
P-001050,LV-0003372,9,2025-09-01,2025-09-09,2025-09-22,13,Annual,90
P-001050,LV-0003373,12,2025-12-01,2025-12-09,2025-12-20,11,Casual,90
P-001051,LV-0003374,1,2025-01-01,2025-01-09,2025-01-16,7,Medical/Authorized,65
P-001051,LV-0003375,6,2025-06-01,2025-06-06,2025-06-20,14,Recovery,150
P-001051,LV-0003376,8,2025-08-01,2025-08-10,2025-08-21,11,Annual,60
P-001051,LV-0003377,10,2025-10-01,2025-10-11,2025-10-23,12,Annual,60
P-001052,LV-0003378,1,2025-01-01,2025-01-07,2025-01-16,9,Annual,68
P-001053,LV-0003379,6,2025-06-01,2025-06-10,2025-06-23,13,Recovery,212
P-001053,LV-0003380,8,2025-08-01,2025-08-12,2025-08-20,8,Annual,60
P-001053,LV-0003381,10,2025-10-01,2025-10-07,2025-10-17,10,Casual,60
P-001053,LV-0003382,12,2025-12-01,2025-12-10,2025-12-21,11,Annual,60
P-001054,LV-0003383,4,2025-04-01,2025-04-10,2025-04-14,4,Casual,179
P-001054,LV-0003384,10,2025-10-01,2025-10-11,2025-10-16,5,Casual,180
P-001055,LV-0003385,1,2025-01-01,2025-01-12,2025-01-24,12,Annual,86
P-001055,LV-0003386,3,2025-03-01,2025-03-11,2025-03-24,13,Casual,60
P-001055,LV-0003387,5,2025-05-01,2025-05-12,2025-05-22,10,Annual,60
P-001055,LV-0003388,7,2025-07-01,2025-07-09,2025-07-17,8,Casual,60
P-001055,LV-0003389,9,2025-09-01,2025-09-10,2025-09-22,12,Annual,60
P-001056,LV-0003390,1,2025-01-01,2025-01-11,2025-01-20,9,Medical/Authorized,72
P-001056,LV-0003391,5,2025-05-01,2025-05-08,2025-05-18,10,Annual,120
P-001056,LV-0003392,7,2025-07-01,2025-07-09,2025-07-16,7,Casual,60
P-001056,LV-0003393,11,2025-11-01,2025-11-07,2025-11-17,10,Casual,120
P-001057,LV-0003394,3,2025-03-01,2025-03-08,2025-03-13,5,Casual,135
P-001057,LV-0003395,9,2025-09-01,2025-09-10,2025-09-14,4,Casual,180
P-001057,LV-0003396,11,2025-11-01,2025-11-07,2025-11-18,11,Annual,60
P-001058,LV-0003397,1,2025-01-01,2025-01-08,2025-01-16,8,Annual,87
P-001058,LV-0003398,3,2025-03-01,2025-03-09,2025-03-16,7,Casual,60
P-001058,LV-0003399,5,2025-05-01,2025-05-11,2025-05-19,8,Annual,60
P-001058,LV-0003400,7,2025-07-01,2025-07-07,2025-07-17,10,Annual,60
P-001058,LV-0003401,10,2025-10-01,2025-10-07,2025-10-16,9,Casual,90
P-001058,LV-0003402,12,2025-12-01,2025-12-11,2025-12-24,13,Medical/Authorized,60
P-001059,LV-0003403,2,2025-02-01,2025-02-09,2025-02-16,7,Annual,99
P-001059,LV-0003404,6,2025-06-01,2025-06-08,2025-06-21,13,Casual,120
P-001059,LV-0003405,9,2025-09-01,2025-09-08,2025-09-21,13,Medical/Authorized,90
P-001059,LV-0003406,11,2025-11-01,2025-11-11,2025-11-18,7,Annual,60
P-001060,LV-0003407,9,2025-09-01,2025-09-09,2025-09-20,11,Casual,312
P-001060,LV-0003408,12,2025-12-01,2025-12-06,2025-12-18,12,Annual,90
P-001061,LV-0003409,2,2025-02-01,2025-02-09,2025-02-19,10,Casual,82
P-001061,LV-0003410,5,2025-05-01,2025-05-09,2025-05-20,11,Casual,90
P-001061,LV-0003411,6,2025-06-01,2025-06-07,2025-06-23,16,Recovery,30
P-001061,LV-0003412,8,2025-08-01,2025-08-10,2025-08-23,13,Annual,60
P-001062,LV-0003413,2,2025-02-01,2025-02-10,2025-02-20,10,Casual,94
P-001062,LV-0003414,4,2025-04-01,2025-04-09,2025-04-20,11,Annual,60
P-001062,LV-0003415,10,2025-10-01,2025-10-12,2025-10-21,9,Casual,180
P-001063,LV-0003416,2,2025-02-01,2025-02-11,2025-02-23,12,Annual,85
P-001064,LV-0003417,3,2025-03-01,2025-03-09,2025-03-21,12,Annual,129
P-001064,LV-0003418,5,2025-05-01,2025-05-11,2025-05-24,13,Casual,60
P-001064,LV-0003419,7,2025-07-01,2025-07-12,2025-07-23,11,Annual,60
P-001064,LV-0003420,11,2025-11-01,2025-11-12,2025-11-25,13,Casual,120
P-001065,LV-0003421,1,2025-01-01,2025-01-06,2025-01-16,10,Annual,86
P-001065,LV-0003422,3,2025-03-01,2025-03-11,2025-03-22,11,Annual,60
P-001065,LV-0003423,5,2025-05-01,2025-05-11,2025-05-21,10,Annual,60
P-001065,LV-0003424,7,2025-07-01,2025-07-06,2025-07-19,13,Casual,60
P-001065,LV-0003425,11,2025-11-01,2025-11-10,2025-11-20,10,Casual,120
P-001066,LV-0003426,1,2025-01-01,2025-01-09,2025-01-19,10,Annual,60
P-001066,LV-0003427,9,2025-09-01,2025-09-10,2025-09-15,5,Casual,240
P-001067,LV-0003428,2,2025-02-01,2025-02-06,2025-02-17,11,Casual,83
P-001067,LV-0003429,4,2025-04-01,2025-04-11,2025-04-21,10,Casual,60
P-001067,LV-0003430,9,2025-09-01,2025-09-11,2025-09-23,12,Casual,150
P-001068,LV-0003431,2,2025-02-01,2025-02-06,2025-02-17,11,Annual,77
P-001068,LV-0003432,7,2025-07-01,2025-07-07,2025-07-17,10,Casual,150
P-001068,LV-0003433,9,2025-09-01,2025-09-07,2025-09-18,11,Annual,60
P-001069,LV-0003434,3,2025-03-01,2025-03-08,2025-03-21,13,Annual,127
P-001069,LV-0003435,6,2025-06-01,2025-06-08,2025-06-16,8,Medical/Authorized,90
P-001069,LV-0003436,8,2025-08-01,2025-08-07,2025-08-14,7,Annual,60
P-001069,LV-0003437,11,2025-11-01,2025-11-11,2025-11-22,11,Casual,90
P-001070,LV-0003438,2,2025-02-01,2025-02-06,2025-02-17,11,Annual,114
P-001070,LV-0003439,5,2025-05-01,2025-05-11,2025-05-21,10,Casual,90
P-001070,LV-0003440,7,2025-07-01,2025-07-10,2025-07-20,10,Casual,60
P-001070,LV-0003441,9,2025-09-01,2025-09-06,2025-09-14,8,Medical/Authorized,60
P-001071,LV-0003442,2,2025-02-01,2025-02-06,2025-02-14,8,Casual,108
P-001071,LV-0003443,9,2025-09-01,2025-09-10,2025-09-23,13,Annual,210
P-001071,LV-0003444,12,2025-12-01,2025-12-06,2025-12-17,11,Casual,90
P-001072,LV-0003445,3,2025-03-01,2025-03-10,2025-03-19,9,Annual,124
P-001072,LV-0003446,6,2025-06-01,2025-06-07,2025-06-16,9,Casual,90
P-001072,LV-0003447,8,2025-08-01,2025-08-11,2025-08-21,10,Annual,60
P-001073,LV-0003448,4,2025-04-01,2025-04-11,2025-04-20,9,Annual,139
P-001073,LV-0003449,6,2025-06-01,2025-06-09,2025-06-22,13,Casual,60
P-001073,LV-0003450,8,2025-08-01,2025-08-08,2025-08-18,10,Annual,60
P-001074,LV-0003451,2,2025-02-01,2025-02-08,2025-02-16,8,Annual,97
P-001074,LV-0003452,5,2025-05-01,2025-05-10,2025-05-17,7,Annual,90
P-001074,LV-0003453,9,2025-09-01,2025-09-08,2025-09-16,8,Annual,120
P-001074,LV-0003454,11,2025-11-01,2025-11-10,2025-11-22,12,Medical/Authorized,60
P-001075,LV-0003455,2,2025-02-01,2025-02-09,2025-02-18,9,Annual,83
P-001075,LV-0003456,4,2025-04-01,2025-04-09,2025-04-22,13,Annual,60
P-001075,LV-0003457,6,2025-06-01,2025-06-07,2025-06-19,12,Casual,60
P-001075,LV-0003458,8,2025-08-01,2025-08-11,2025-08-21,10,Casual,60
P-001075,LV-0003459,11,2025-11-01,2025-11-10,2025-11-21,11,Casual,90
P-001076,LV-0003460,5,2025-05-01,2025-05-07,2025-05-18,11,Annual,166
P-001076,LV-0003461,7,2025-07-01,2025-07-09,2025-07-16,7,Annual,60
P-001076,LV-0003462,9,2025-09-01,2025-09-08,2025-09-15,7,Casual,60
P-001077,LV-0003463,1,2025-01-01,2025-01-12,2025-01-24,12,Annual,70
P-001077,LV-0003464,5,2025-05-01,2025-05-07,2025-05-19,12,Annual,120
P-001077,LV-0003465,8,2025-08-01,2025-08-09,2025-08-17,8,Annual,90
P-001077,LV-0003466,10,2025-10-01,2025-10-08,2025-10-16,8,Medical/Authorized,60
P-001078,LV-0003467,1,2025-01-01,2025-01-09,2025-01-18,9,Casual,84
P-001078,LV-0003468,6,2025-06-01,2025-06-06,2025-06-10,4,Casual,150
P-001078,LV-0003469,10,2025-10-01,2025-10-10,2025-10-17,7,Casual,120
P-001079,LV-0003470,4,2025-04-01,2025-04-06,2025-04-14,8,Casual,138
P-001079,LV-0003471,6,2025-06-01,2025-06-10,2025-06-20,10,Annual,60
P-001079,LV-0003472,11,2025-11-01,2025-11-12,2025-11-24,12,Annual,150
P-001080,LV-0003473,5,2025-05-01,2025-05-11,2025-05-18,7,Annual,208
P-001080,LV-0003474,6,2025-06-01,2025-06-12,2025-06-24,12,Recovery,30
P-001080,LV-0003475,8,2025-08-01,2025-08-06,2025-08-16,10,Casual,60
P-001080,LV-0003476,10,2025-10-01,2025-10-10,2025-10-17,7,Medical/Authorized,60
P-001080,LV-0003477,12,2025-12-01,2025-12-11,2025-12-21,10,Casual,60
P-001081,LV-0003478,5,2025-05-01,2025-05-07,2025-05-13,6,Casual,177
P-001081,LV-0003479,11,2025-11-01,2025-11-06,2025-11-09,3,Casual,180
P-001082,LV-0003480,6,2025-06-01,2025-06-10,2025-06-18,8,Annual,215
P-001082,LV-0003481,9,2025-09-01,2025-09-08,2025-09-15,7,Annual,90
P-001082,LV-0003482,11,2025-11-01,2025-11-09,2025-11-21,12,Annual,60
P-001083,LV-0003483,2,2025-02-01,2025-02-06,2025-02-14,8,Casual,78
P-001083,LV-0003484,4,2025-04-01,2025-04-10,2025-04-20,10,Annual,60
P-001083,LV-0003485,8,2025-08-01,2025-08-07,2025-08-14,7,Casual,120
P-001083,LV-0003486,10,2025-10-01,2025-10-11,2025-10-21,10,Annual,60
P-001083,LV-0003487,12,2025-12-01,2025-12-11,2025-12-24,13,Casual,60
P-001084,LV-0003488,1,2025-01-01,2025-01-08,2025-01-20,12,Annual,60
P-001084,LV-0003489,5,2025-05-01,2025-05-08,2025-05-21,13,Annual,120
P-001084,LV-0003490,6,2025-06-01,2025-06-06,2025-06-21,15,Recovery,30
P-001084,LV-0003491,8,2025-08-01,2025-08-06,2025-08-17,11,Annual,60
P-001085,LV-0003492,1,2025-01-01,2025-01-08,2025-01-19,11,Annual,81
P-001085,LV-0003493,3,2025-03-01,2025-03-10,2025-03-20,10,Annual,60
P-001085,LV-0003494,6,2025-06-01,2025-06-06,2025-06-18,12,Recovery,90
P-001085,LV-0003495,10,2025-10-01,2025-10-12,2025-10-20,8,Casual,120
P-001086,LV-0003496,5,2025-05-01,2025-05-09,2025-05-16,7,Annual,189
P-001086,LV-0003497,7,2025-07-01,2025-07-12,2025-07-20,8,Annual,60
P-001086,LV-0003498,10,2025-10-01,2025-10-10,2025-10-18,8,Annual,90
P-001087,LV-0003499,2,2025-02-01,2025-02-10,2025-02-18,8,Medical/Authorized,92
P-001087,LV-0003500,8,2025-08-01,2025-08-09,2025-08-13,4,Casual,180
P-001088,LV-0003501,9,2025-09-01,2025-09-08,2025-09-21,13,Annual,313
P-001088,LV-0003502,11,2025-11-01,2025-11-06,2025-11-13,7,Annual,60
P-001089,LV-0003503,6,2025-06-01,2025-06-09,2025-06-22,13,Casual,203
P-001089,LV-0003504,10,2025-10-01,2025-10-09,2025-10-18,9,Annual,120
P-001089,LV-0003505,12,2025-12-01,2025-12-12,2025-12-24,12,Annual,60
P-001090,LV-0003506,3,2025-03-01,2025-03-10,2025-03-17,7,Annual,143
P-001090,LV-0003507,5,2025-05-01,2025-05-11,2025-05-21,10,Annual,60
P-001090,LV-0003508,8,2025-08-01,2025-08-10,2025-08-17,7,Casual,90
P-001090,LV-0003509,11,2025-11-01,2025-11-10,2025-11-22,12,Annual,90
P-001091,LV-0003510,3,2025-03-01,2025-03-10,2025-03-17,7,Annual,145
P-001091,LV-0003511,6,2025-06-01,2025-06-10,2025-06-27,17,Recovery,90
P-001091,LV-0003512,10,2025-10-01,2025-10-11,2025-10-20,9,Casual,120
P-001092,LV-0003513,2,2025-02-01,2025-02-08,2025-02-16,8,Medical/Authorized,117
P-001092,LV-0003514,7,2025-07-01,2025-07-11,2025-07-17,6,Casual,150
P-001092,LV-0003515,12,2025-12-01,2025-12-08,2025-12-17,9,Annual,150
P-001093,LV-0003516,1,2025-01-01,2025-01-09,2025-01-22,13,Annual,86
P-001093,LV-0003517,9,2025-09-01,2025-09-07,2025-09-14,7,Casual,240
P-001093,LV-0003518,11,2025-11-01,2025-11-08,2025-11-15,7,Casual,60
P-001094,LV-0003519,2,2025-02-01,2025-02-11,2025-02-19,8,Medical/Authorized,103
P-001094,LV-0003520,7,2025-07-01,2025-07-10,2025-07-17,7,Casual,150
P-001094,LV-0003521,9,2025-09-01,2025-09-11,2025-09-22,11,Annual,60
P-001094,LV-0003522,11,2025-11-01,2025-11-06,2025-11-15,9,Medical/Authorized,60
P-001095,LV-0003523,2,2025-02-01,2025-02-08,2025-02-21,13,Annual,103
P-001095,LV-0003524,4,2025-04-01,2025-04-12,2025-04-24,12,Annual,60
P-001095,LV-0003525,6,2025-06-01,2025-06-10,2025-06-18,8,Casual,60
P-001095,LV-0003526,10,2025-10-01,2025-10-08,2025-10-19,11,Annual,120
P-001096,LV-0003527,3,2025-03-01,2025-03-11,2025-03-20,9,Annual,144
P-001096,LV-0003528,5,2025-05-01,2025-05-08,2025-05-15,7,Annual,60
P-001096,LV-0003529,8,2025-08-01,2025-08-09,2025-08-16,7,Annual,90
P-001096,LV-0003530,10,2025-10-01,2025-10-11,2025-10-19,8,Medical/Authorized,60
P-001096,LV-0003531,12,2025-12-01,2025-12-09,2025-12-20,11,Annual,60
P-001097,LV-0003532,2,2025-02-01,2025-02-10,2025-02-18,8,Casual,77
P-001097,LV-0003533,5,2025-05-01,2025-05-08,2025-05-18,10,Annual,90
P-001097,LV-0003534,11,2025-11-01,2025-11-10,2025-11-18,8,Annual,180
P-001098,LV-0003535,2,2025-02-01,2025-02-12,2025-02-25,13,Casual,89
P-001098,LV-0003536,10,2025-10-01,2025-10-09,2025-10-17,8,Casual,240
P-001098,LV-0003537,12,2025-12-01,2025-12-11,2025-12-24,13,Casual,60
P-001099,LV-0003538,4,2025-04-01,2025-04-06,2025-04-10,4,Casual,172
P-001099,LV-0003539,10,2025-10-01,2025-10-08,2025-10-12,4,Casual,180
P-001100,LV-0003540,1,2025-01-01,2025-01-11,2025-01-18,7,Annual,78
P-001100,LV-0003541,5,2025-05-01,2025-05-11,2025-05-18,7,Casual,120
P-001100,LV-0003542,7,2025-07-01,2025-07-09,2025-07-20,11,Annual,60
P-001100,LV-0003543,10,2025-10-01,2025-10-11,2025-10-20,9,Annual,90
P-001101,LV-0003544,3,2025-03-01,2025-03-10,2025-03-20,10,Annual,114
P-001101,LV-0003545,6,2025-06-01,2025-06-10,2025-06-23,13,Annual,90
P-001101,LV-0003546,11,2025-11-01,2025-11-12,2025-11-20,8,Casual,150
P-001102,LV-0003547,4,2025-04-01,2025-04-10,2025-04-18,8,Annual,137
P-001102,LV-0003548,8,2025-08-01,2025-08-07,2025-08-16,9,Casual,120
P-001102,LV-0003549,10,2025-10-01,2025-10-09,2025-10-20,11,Medical/Authorized,60
P-001102,LV-0003550,12,2025-12-01,2025-12-10,2025-12-20,10,Casual,60
P-001103,LV-0003551,1,2025-01-01,2025-01-12,2025-01-21,9,Medical/Authorized,62
P-001103,LV-0003552,5,2025-05-01,2025-05-08,2025-05-18,10,Annual,120
P-001103,LV-0003553,6,2025-06-01,2025-06-11,2025-06-26,15,Recovery,30
P-001103,LV-0003554,9,2025-09-01,2025-09-09,2025-09-19,10,Annual,90
P-001103,LV-0003555,12,2025-12-01,2025-12-09,2025-12-20,11,Casual,90
P-001104,LV-0003556,2,2025-02-01,2025-02-08,2025-02-19,11,Annual,99
P-001104,LV-0003557,4,2025-04-01,2025-04-07,2025-04-18,11,Casual,60
P-001104,LV-0003558,6,2025-06-01,2025-06-06,2025-06-20,14,Recovery,60
P-001104,LV-0003559,8,2025-08-01,2025-08-11,2025-08-18,7,Annual,60
P-001104,LV-0003560,11,2025-11-01,2025-11-10,2025-11-19,9,Annual,90
P-001105,LV-0003561,4,2025-04-01,2025-04-06,2025-04-19,13,Casual,142
P-001105,LV-0003562,8,2025-08-01,2025-08-07,2025-08-19,12,Annual,120
P-001106,LV-0003563,1,2025-01-01,2025-01-12,2025-01-22,10,Casual,82
P-001106,LV-0003564,3,2025-03-01,2025-03-06,2025-03-14,8,Casual,60
P-001106,LV-0003565,7,2025-07-01,2025-07-10,2025-07-20,10,Annual,120
P-001106,LV-0003566,9,2025-09-01,2025-09-11,2025-09-21,10,Annual,60
P-001106,LV-0003567,12,2025-12-01,2025-12-09,2025-12-20,11,Annual,90
P-001107,LV-0003568,3,2025-03-01,2025-03-11,2025-03-22,11,Annual,120
P-001107,LV-0003569,5,2025-05-01,2025-05-12,2025-05-22,10,Annual,60
P-001107,LV-0003570,7,2025-07-01,2025-07-09,2025-07-16,7,Medical/Authorized,60
P-001107,LV-0003571,9,2025-09-01,2025-09-12,2025-09-21,9,Annual,60
P-001107,LV-0003572,12,2025-12-01,2025-12-12,2025-12-24,12,Casual,90
P-001108,LV-0003573,2,2025-02-01,2025-02-08,2025-02-20,12,Medical/Authorized,76
P-001108,LV-0003574,7,2025-07-01,2025-07-10,2025-07-15,5,Casual,150
P-001109,LV-0003575,1,2025-01-01,2025-01-08,2025-01-19,11,Medical/Authorized,61
P-001109,LV-0003576,9,2025-09-01,2025-09-09,2025-09-15,6,Casual,240
P-001110,LV-0003577,2,2025-02-01,2025-02-08,2025-02-21,13,Medical/Authorized,91
P-001110,LV-0003578,6,2025-06-01,2025-06-12,2025-06-21,9,Annual,120
P-001110,LV-0003579,9,2025-09-01,2025-09-12,2025-09-24,12,Annual,90
P-001110,LV-0003580,11,2025-11-01,2025-11-06,2025-11-13,7,Casual,60
P-001111,LV-0003581,8,2025-08-01,2025-08-07,2025-08-10,3,Casual,268
P-001112,LV-0003582,2,2025-02-01,2025-02-07,2025-02-14,7,Casual,87
P-001112,LV-0003583,5,2025-05-01,2025-05-06,2025-05-17,11,Medical/Authorized,90
P-001112,LV-0003584,7,2025-07-01,2025-07-08,2025-07-15,7,Annual,60
P-001112,LV-0003585,9,2025-09-01,2025-09-08,2025-09-18,10,Casual,60
P-001113,LV-0003586,4,2025-04-01,2025-04-12,2025-04-21,9,Annual,174
P-001113,LV-0003587,8,2025-08-01,2025-08-09,2025-08-16,7,Casual,120
P-001113,LV-0003588,11,2025-11-01,2025-11-10,2025-11-22,12,Annual,90
P-001114,LV-0003589,2,2025-02-01,2025-02-09,2025-02-21,12,Casual,89
P-001115,LV-0003590,1,2025-01-01,2025-01-08,2025-01-17,9,Annual,66
P-001115,LV-0003591,7,2025-07-01,2025-07-08,2025-07-15,7,Casual,180
P-001116,LV-0003592,5,2025-05-01,2025-05-07,2025-05-14,7,Casual,192
P-001116,LV-0003593,9,2025-09-01,2025-09-12,2025-09-21,9,Casual,120
P-001116,LV-0003594,11,2025-11-01,2025-11-11,2025-11-22,11,Medical/Authorized,60
P-001117,LV-0003595,4,2025-04-01,2025-04-09,2025-04-18,9,Medical/Authorized,174
P-001117,LV-0003596,6,2025-06-01,2025-06-11,2025-06-18,7,Casual,60
P-001117,LV-0003597,10,2025-10-01,2025-10-11,2025-10-18,7,Casual,120
P-001117,LV-0003598,12,2025-12-01,2025-12-10,2025-12-23,13,Medical/Authorized,60
P-001118,LV-0003599,2,2025-02-01,2025-02-10,2025-02-18,8,Medical/Authorized,111
P-001118,LV-0003600,5,2025-05-01,2025-05-08,2025-05-17,9,Annual,90
P-001118,LV-0003601,6,2025-06-01,2025-06-08,2025-06-20,12,Recovery,30
P-001118,LV-0003602,8,2025-08-01,2025-08-07,2025-08-20,13,Casual,60
P-001118,LV-0003603,11,2025-11-01,2025-11-06,2025-11-14,8,Annual,90
P-001119,LV-0003604,2,2025-02-01,2025-02-09,2025-02-19,10,Annual,110
P-001119,LV-0003605,9,2025-09-01,2025-09-06,2025-09-18,12,Casual,210
P-001120,LV-0003606,2,2025-02-01,2025-02-07,2025-02-19,12,Medical/Authorized,88
P-001120,LV-0003607,9,2025-09-01,2025-09-07,2025-09-19,12,Annual,210
P-001121,LV-0003608,2,2025-02-01,2025-02-12,2025-02-20,8,Medical/Authorized,93
P-001121,LV-0003609,6,2025-06-01,2025-06-09,2025-06-21,12,Recovery,120
P-001121,LV-0003610,9,2025-09-01,2025-09-07,2025-09-18,11,Annual,90
P-001122,LV-0003611,2,2025-02-01,2025-02-06,2025-02-19,13,Medical/Authorized,80
P-001122,LV-0003612,5,2025-05-01,2025-05-08,2025-05-18,10,Annual,90
P-001122,LV-0003613,7,2025-07-01,2025-07-11,2025-07-22,11,Casual,60
P-001122,LV-0003614,9,2025-09-01,2025-09-11,2025-09-19,8,Medical/Authorized,60
P-001122,LV-0003615,11,2025-11-01,2025-11-10,2025-11-17,7,Casual,60
P-001123,LV-0003616,5,2025-05-01,2025-05-09,2025-05-15,6,Casual,193
P-001124,LV-0003617,5,2025-05-01,2025-05-09,2025-05-12,3,Casual,207
P-001125,LV-0003618,1,2025-01-01,2025-01-07,2025-01-14,7,Annual,73
P-001125,LV-0003619,8,2025-08-01,2025-08-09,2025-08-14,5,Casual,210
P-001125,LV-0003620,10,2025-10-01,2025-10-07,2025-10-14,7,Casual,60
P-001126,LV-0003621,8,2025-08-01,2025-08-07,2025-08-12,5,Casual,272
P-001127,LV-0003622,1,2025-01-01,2025-01-11,2025-01-20,9,Annual,76
P-001127,LV-0003623,5,2025-05-01,2025-05-10,2025-05-23,13,Casual,120
P-001127,LV-0003624,7,2025-07-01,2025-07-10,2025-07-18,8,Annual,60
P-001127,LV-0003625,9,2025-09-01,2025-09-10,2025-09-20,10,Casual,60
P-001127,LV-0003626,11,2025-11-01,2025-11-11,2025-11-23,12,Casual,60
P-001128,LV-0003627,3,2025-03-01,2025-03-08,2025-03-16,8,Annual,108
P-001128,LV-0003628,6,2025-06-01,2025-06-09,2025-06-21,12,Casual,90
P-001128,LV-0003629,8,2025-08-01,2025-08-11,2025-08-24,13,Casual,60
P-001128,LV-0003630,12,2025-12-01,2025-12-12,2025-12-20,8,Medical/Authorized,120
P-001129,LV-0003631,3,2025-03-01,2025-03-10,2025-03-19,9,Annual,115
P-001129,LV-0003632,5,2025-05-01,2025-05-08,2025-05-17,9,Annual,60
P-001129,LV-0003633,7,2025-07-01,2025-07-08,2025-07-18,10,Annual,60
P-001129,LV-0003634,10,2025-10-01,2025-10-11,2025-10-21,10,Annual,90
P-001130,LV-0003635,1,2025-01-01,2025-01-12,2025-01-22,10,Casual,81
P-001130,LV-0003636,3,2025-03-01,2025-03-11,2025-03-20,9,Annual,60
P-001131,LV-0003637,2,2025-02-01,2025-02-06,2025-02-15,9,Annual,96
P-001131,LV-0003638,10,2025-10-01,2025-10-09,2025-10-20,11,Medical/Authorized,240
P-001131,LV-0003639,12,2025-12-01,2025-12-08,2025-12-15,7,Casual,60
P-001132,LV-0003640,1,2025-01-01,2025-01-08,2025-01-18,10,Casual,84
P-001132,LV-0003641,4,2025-04-01,2025-04-11,2025-04-20,9,Annual,90
P-001132,LV-0003642,6,2025-06-01,2025-06-12,2025-06-20,8,Annual,60
P-001132,LV-0003643,9,2025-09-01,2025-09-07,2025-09-15,8,Casual,90
P-001132,LV-0003644,11,2025-11-01,2025-11-07,2025-11-15,8,Medical/Authorized,60
P-001133,LV-0003645,2,2025-02-01,2025-02-09,2025-02-16,7,Casual,82
P-001133,LV-0003646,5,2025-05-01,2025-05-12,2025-05-22,10,Annual,90
P-001133,LV-0003647,7,2025-07-01,2025-07-12,2025-07-23,11,Annual,60
P-001133,LV-0003648,9,2025-09-01,2025-09-12,2025-09-25,13,Annual,60
P-001133,LV-0003649,11,2025-11-01,2025-11-06,2025-11-13,7,Annual,60
P-001134,LV-0003650,1,2025-01-01,2025-01-06,2025-01-16,10,Casual,66
P-001134,LV-0003651,4,2025-04-01,2025-04-08,2025-04-21,13,Annual,90
P-001134,LV-0003652,7,2025-07-01,2025-07-10,2025-07-17,7,Annual,90
P-001134,LV-0003653,10,2025-10-01,2025-10-06,2025-10-16,10,Casual,90
P-001134,LV-0003654,12,2025-12-01,2025-12-12,2025-12-23,11,Annual,60
P-001135,LV-0003655,5,2025-05-01,2025-05-08,2025-05-13,5,Casual,191
P-001135,LV-0003656,11,2025-11-01,2025-11-07,2025-11-20,13,Casual,180
P-001136,LV-0003657,2,2025-02-01,2025-02-12,2025-02-24,12,Annual,85
P-001136,LV-0003658,4,2025-04-01,2025-04-12,2025-04-19,7,Casual,60
P-001136,LV-0003659,9,2025-09-01,2025-09-10,2025-09-22,12,Annual,150
P-001137,LV-0003660,6,2025-06-01,2025-06-11,2025-06-15,4,Casual,227
P-001138,LV-0003661,3,2025-03-01,2025-03-10,2025-03-17,7,Casual,110
P-001139,LV-0003662,1,2025-01-01,2025-01-08,2025-01-19,11,Annual,70
P-001139,LV-0003663,6,2025-06-01,2025-06-09,2025-06-16,7,Casual,150
P-001139,LV-0003664,8,2025-08-01,2025-08-10,2025-08-21,11,Casual,60
P-001139,LV-0003665,10,2025-10-01,2025-10-06,2025-10-15,9,Annual,60
P-001140,LV-0003666,1,2025-01-01,2025-01-12,2025-01-23,11,Annual,81
P-001140,LV-0003667,3,2025-03-01,2025-03-06,2025-03-17,11,Annual,60
P-001140,LV-0003668,9,2025-09-01,2025-09-11,2025-09-19,8,Annual,180
P-001140,LV-0003669,11,2025-11-01,2025-11-06,2025-11-13,7,Medical/Authorized,60
P-001142,LV-0003670,3,2025-03-01,2025-03-09,2025-03-17,8,Annual,115
P-001142,LV-0003671,5,2025-05-01,2025-05-06,2025-05-13,7,Annual,60
P-001142,LV-0003672,7,2025-07-01,2025-07-07,2025-07-16,9,Casual,60
P-001142,LV-0003673,10,2025-10-01,2025-10-06,2025-10-19,13,Casual,90
P-001143,LV-0003674,1,2025-01-01,2025-01-10,2025-01-18,8,Annual,70
P-001143,LV-0003675,8,2025-08-01,2025-08-09,2025-08-15,6,Casual,210
P-001143,LV-0003676,12,2025-12-01,2025-12-12,2025-12-22,10,Casual,120
P-001145,LV-0003677,5,2025-05-01,2025-05-11,2025-05-18,7,Casual,193
P-001146,LV-0003678,5,2025-05-01,2025-05-09,2025-05-20,11,Annual,190
P-001146,LV-0003679,6,2025-06-01,2025-06-12,2025-06-28,16,Recovery,30
P-001146,LV-0003680,10,2025-10-01,2025-10-07,2025-10-17,10,Casual,120
P-001146,LV-0003681,12,2025-12-01,2025-12-11,2025-12-20,9,Annual,60
P-001147,LV-0003682,5,2025-05-01,2025-05-06,2025-05-11,5,Casual,201
P-001148,LV-0003683,2,2025-02-01,2025-02-09,2025-02-21,12,Annual,119
P-001148,LV-0003684,12,2025-12-01,2025-12-10,2025-12-21,11,Casual,300
P-001149,LV-0003685,8,2025-08-01,2025-08-09,2025-08-15,6,Casual,268
P-001150,LV-0003686,5,2025-05-01,2025-05-11,2025-05-17,6,Casual,180
P-001150,LV-0003687,12,2025-12-01,2025-12-08,2025-12-14,6,Casual,210
P-001151,LV-0003688,1,2025-01-01,2025-01-12,2025-01-21,9,Annual,71
P-001151,LV-0003689,6,2025-06-01,2025-06-11,2025-06-15,4,Casual,150
P-001151,LV-0003690,11,2025-11-01,2025-11-09,2025-11-22,13,Casual,150
P-001152,LV-0003691,5,2025-05-01,2025-05-10,2025-05-16,6,Casual,173
P-001152,LV-0003692,12,2025-12-01,2025-12-11,2025-12-14,3,Casual,210
P-001153,LV-0003693,2,2025-02-01,2025-02-11,2025-02-20,9,Annual,111
P-001153,LV-0003694,12,2025-12-01,2025-12-09,2025-12-20,11,Annual,300
P-001154,LV-0003695,2,2025-02-01,2025-02-08,2025-02-20,12,Annual,119
P-001154,LV-0003696,7,2025-07-01,2025-07-10,2025-07-17,7,Casual,150
P-001156,LV-0003697,2,2025-02-01,2025-02-12,2025-02-21,9,Annual,80
P-001156,LV-0003698,7,2025-07-01,2025-07-07,2025-07-14,7,Casual,150
P-001156,LV-0003699,10,2025-10-01,2025-10-09,2025-10-20,11,Annual,90
P-001157,LV-0003700,3,2025-03-01,2025-03-06,2025-03-14,8,Annual,132
P-001157,LV-0003701,6,2025-06-01,2025-06-09,2025-06-17,8,Annual,90
P-001157,LV-0003702,8,2025-08-01,2025-08-06,2025-08-16,10,Casual,60
P-001157,LV-0003703,11,2025-11-01,2025-11-12,2025-11-25,13,Casual,90
P-001158,LV-0003704,2,2025-02-01,2025-02-09,2025-02-17,8,Annual,80
P-001158,LV-0003705,5,2025-05-01,2025-05-09,2025-05-17,8,Annual,90
P-001158,LV-0003706,6,2025-06-01,2025-06-11,2025-06-28,17,Recovery,30
P-001158,LV-0003707,8,2025-08-01,2025-08-08,2025-08-19,11,Annual,60
P-001158,LV-0003708,11,2025-11-01,2025-11-06,2025-11-16,10,Annual,90
P-001159,LV-0003709,2,2025-02-01,2025-02-07,2025-02-14,7,Annual,90
P-001159,LV-0003710,4,2025-04-01,2025-04-06,2025-04-15,9,Annual,60
P-001159,LV-0003711,6,2025-06-01,2025-06-11,2025-06-25,14,Recovery,60
P-001159,LV-0003712,10,2025-10-01,2025-10-08,2025-10-17,9,Annual,120
P-001159,LV-0003713,12,2025-12-01,2025-12-11,2025-12-19,8,Annual,60
P-001160,LV-0003714,5,2025-05-01,2025-05-08,2025-05-18,10,Casual,168
P-001160,LV-0003715,8,2025-08-01,2025-08-10,2025-08-19,9,Casual,90
P-001160,LV-0003716,10,2025-10-01,2025-10-09,2025-10-16,7,Annual,60
P-001161,LV-0003717,10,2025-10-01,2025-10-10,2025-10-13,3,Casual,331
P-001162,LV-0003718,2,2025-02-01,2025-02-09,2025-02-18,9,Annual,87
P-001162,LV-0003719,4,2025-04-01,2025-04-09,2025-04-20,11,Casual,60
P-001162,LV-0003720,7,2025-07-01,2025-07-12,2025-07-25,13,Annual,90
P-001162,LV-0003721,11,2025-11-01,2025-11-11,2025-11-21,10,Annual,120
P-001163,LV-0003722,1,2025-01-01,2025-01-11,2025-01-22,11,Annual,85
P-001163,LV-0003723,5,2025-05-01,2025-05-12,2025-05-19,7,Medical/Authorized,120
P-001163,LV-0003724,7,2025-07-01,2025-07-07,2025-07-19,12,Annual,60
P-001164,LV-0003725,2,2025-02-01,2025-02-09,2025-02-22,13,Annual,119
P-001164,LV-0003726,12,2025-12-01,2025-12-10,2025-12-21,11,Medical/Authorized,300
P-001165,LV-0003727,1,2025-01-01,2025-01-09,2025-01-19,10,Annual,82
P-001165,LV-0003728,7,2025-07-01,2025-07-09,2025-07-16,7,Casual,180
P-001165,LV-0003729,9,2025-09-01,2025-09-06,2025-09-14,8,Annual,60
P-001165,LV-0003730,12,2025-12-01,2025-12-09,2025-12-18,9,Annual,90
P-001166,LV-0003731,5,2025-05-01,2025-05-11,2025-05-17,6,Casual,181
P-001166,LV-0003732,11,2025-11-01,2025-11-11,2025-11-17,6,Casual,180
P-001167,LV-0003733,5,2025-05-01,2025-05-10,2025-05-16,6,Casual,207
P-001167,LV-0003734,12,2025-12-01,2025-12-12,2025-12-17,5,Casual,210
P-001168,LV-0003735,4,2025-04-01,2025-04-12,2025-04-16,4,Casual,145
P-001168,LV-0003736,11,2025-11-01,2025-11-12,2025-11-23,11,Annual,210
P-001169,LV-0003737,2,2025-02-01,2025-02-12,2025-02-24,12,Medical/Authorized,92
P-001169,LV-0003738,4,2025-04-01,2025-04-11,2025-04-20,9,Annual,60
P-001169,LV-0003739,6,2025-06-01,2025-06-08,2025-06-15,7,Annual,60
P-001169,LV-0003740,8,2025-08-01,2025-08-07,2025-08-20,13,Annual,60
P-001169,LV-0003741,12,2025-12-01,2025-12-09,2025-12-19,10,Medical/Authorized,120
P-001170,LV-0003742,2,2025-02-01,2025-02-09,2025-02-19,10,Casual,95
P-001170,LV-0003743,4,2025-04-01,2025-04-12,2025-04-23,11,Annual,60
P-001170,LV-0003744,6,2025-06-01,2025-06-12,2025-06-20,8,Casual,60
P-001170,LV-0003745,8,2025-08-01,2025-08-12,2025-08-25,13,Annual,60
P-001170,LV-0003746,11,2025-11-01,2025-11-11,2025-11-19,8,Casual,90
P-001171,LV-0003747,2,2025-02-01,2025-02-12,2025-02-20,8,Annual,82
P-001171,LV-0003748,10,2025-10-01,2025-10-08,2025-10-21,13,Casual,240
P-001171,LV-0003749,12,2025-12-01,2025-12-12,2025-12-23,11,Casual,60
P-001172,LV-0003750,3,2025-03-01,2025-03-10,2025-03-20,10,Medical/Authorized,129
P-001172,LV-0003751,5,2025-05-01,2025-05-06,2025-05-19,13,Casual,60
P-001172,LV-0003752,8,2025-08-01,2025-08-07,2025-08-14,7,Annual,90
P-001172,LV-0003753,10,2025-10-01,2025-10-08,2025-10-16,8,Annual,60
P-001172,LV-0003754,12,2025-12-01,2025-12-09,2025-12-18,9,Casual,60
P-001173,LV-0003755,10,2025-10-01,2025-10-11,2025-10-19,8,Annual,317
P-001174,LV-0003756,2,2025-02-01,2025-02-09,2025-02-20,11,Medical/Authorized,75
P-001174,LV-0003757,6,2025-06-01,2025-06-12,2025-06-24,12,Annual,120
P-001174,LV-0003758,8,2025-08-01,2025-08-07,2025-08-17,10,Casual,60
P-001174,LV-0003759,10,2025-10-01,2025-10-11,2025-10-19,8,Annual,60
P-001175,LV-0003760,1,2025-01-01,2025-01-11,2025-01-22,11,Annual,76
P-001175,LV-0003761,9,2025-09-01,2025-09-12,2025-09-23,11,Annual,240
P-001176,LV-0003762,9,2025-09-01,2025-09-11,2025-09-24,13,Annual,303
P-001176,LV-0003763,11,2025-11-01,2025-11-12,2025-11-25,13,Casual,60
P-001177,LV-0003764,6,2025-06-01,2025-06-07,2025-06-12,5,Casual,227
P-001178,LV-0003765,4,2025-04-01,2025-04-08,2025-04-21,13,Annual,169
P-001178,LV-0003766,6,2025-06-01,2025-06-12,2025-06-20,8,Annual,60
P-001178,LV-0003767,9,2025-09-01,2025-09-12,2025-09-20,8,Casual,90
P-001179,LV-0003768,1,2025-01-01,2025-01-11,2025-01-22,11,Casual,74
P-001179,LV-0003769,6,2025-06-01,2025-06-09,2025-06-14,5,Casual,150
P-001179,LV-0003770,11,2025-11-01,2025-11-08,2025-11-19,11,Casual,150
P-001180,LV-0003771,6,2025-06-01,2025-06-07,2025-06-11,4,Casual,209
P-001180,LV-0003772,9,2025-09-01,2025-09-11,2025-09-18,7,Casual,90
P-001180,LV-0003773,12,2025-12-01,2025-12-06,2025-12-17,11,Casual,90
P-001181,LV-0003774,2,2025-02-01,2025-02-10,2025-02-20,10,Casual,76
P-001181,LV-0003775,5,2025-05-01,2025-05-07,2025-05-17,10,Casual,90
P-001181,LV-0003776,8,2025-08-01,2025-08-07,2025-08-17,10,Annual,90
P-001181,LV-0003777,12,2025-12-01,2025-12-11,2025-12-21,10,Casual,120
P-001182,LV-0003778,1,2025-01-01,2025-01-12,2025-01-25,13,Annual,76
P-001182,LV-0003779,3,2025-03-01,2025-03-08,2025-03-17,9,Annual,60
P-001183,LV-0003780,9,2025-09-01,2025-09-11,2025-09-23,12,Casual,319
P-001183,LV-0003781,12,2025-12-01,2025-12-12,2025-12-21,9,Annual,90
P-001184,LV-0003782,1,2025-01-01,2025-01-09,2025-01-19,10,Annual,85
P-001184,LV-0003783,3,2025-03-01,2025-03-07,2025-03-16,9,Annual,60
P-001184,LV-0003784,5,2025-05-01,2025-05-08,2025-05-15,7,Casual,60
P-001184,LV-0003785,6,2025-06-01,2025-06-09,2025-06-22,13,Recovery,30
P-001184,LV-0003786,8,2025-08-01,2025-08-07,2025-08-15,8,Annual,60
P-001184,LV-0003787,10,2025-10-01,2025-10-12,2025-10-19,7,Casual,60
P-001185,LV-0003788,1,2025-01-01,2025-01-08,2025-01-19,11,Annual,64
P-001185,LV-0003789,5,2025-05-01,2025-05-11,2025-05-22,11,Annual,120
P-001185,LV-0003790,7,2025-07-01,2025-07-08,2025-07-21,13,Annual,60
P-001185,LV-0003791,9,2025-09-01,2025-09-09,2025-09-19,10,Annual,60
P-001185,LV-0003792,12,2025-12-01,2025-12-07,2025-12-16,9,Annual,90
P-001186,LV-0003793,2,2025-02-01,2025-02-06,2025-02-14,8,Annual,113
P-001186,LV-0003794,5,2025-05-01,2025-05-12,2025-05-19,7,Annual,90
P-001186,LV-0003795,6,2025-06-01,2025-06-11,2025-06-23,12,Recovery,30
P-001186,LV-0003796,8,2025-08-01,2025-08-08,2025-08-19,11,Annual,60
P-001187,LV-0003797,4,2025-04-01,2025-04-08,2025-04-15,7,Casual,135
P-001187,LV-0003798,9,2025-09-01,2025-09-12,2025-09-16,4,Casual,150
P-001188,LV-0003799,1,2025-01-01,2025-01-09,2025-01-18,9,Annual,61
P-001188,LV-0003800,5,2025-05-01,2025-05-09,2025-05-18,9,Annual,120
P-001188,LV-0003801,7,2025-07-01,2025-07-07,2025-07-17,10,Annual,60
P-001188,LV-0003802,12,2025-12-01,2025-12-10,2025-12-23,13,Annual,150
P-001189,LV-0003803,1,2025-01-01,2025-01-10,2025-01-23,13,Annual,60
P-001189,LV-0003804,6,2025-06-01,2025-06-08,2025-06-20,12,Annual,150
P-001189,LV-0003805,8,2025-08-01,2025-08-06,2025-08-13,7,Annual,60
P-001189,LV-0003806,10,2025-10-01,2025-10-10,2025-10-20,10,Casual,60
P-001190,LV-0003807,5,2025-05-01,2025-05-12,2025-05-16,4,Casual,178
P-001190,LV-0003808,10,2025-10-01,2025-10-08,2025-10-19,11,Medical/Authorized,150
P-001191,LV-0003809,1,2025-01-01,2025-01-10,2025-01-21,11,Casual,62
P-001191,LV-0003810,7,2025-07-01,2025-07-06,2025-07-14,8,Medical/Authorized,180
P-001192,LV-0003811,1,2025-01-01,2025-01-07,2025-01-14,7,Casual,64
P-001192,LV-0003812,7,2025-07-01,2025-07-08,2025-07-14,6,Casual,180
P-001192,LV-0003813,9,2025-09-01,2025-09-07,2025-09-20,13,Casual,60
P-001193,LV-0003814,2,2025-02-01,2025-02-11,2025-02-18,7,Annual,84
P-001193,LV-0003815,4,2025-04-01,2025-04-09,2025-04-18,9,Annual,60
P-001193,LV-0003816,6,2025-06-01,2025-06-11,2025-06-20,9,Annual,60
P-001193,LV-0003817,9,2025-09-01,2025-09-08,2025-09-18,10,Casual,90
P-001193,LV-0003818,12,2025-12-01,2025-12-09,2025-12-20,11,Annual,90
P-001194,LV-0003819,1,2025-01-01,2025-01-09,2025-01-22,13,Annual,88
P-001194,LV-0003820,3,2025-03-01,2025-03-11,2025-03-22,11,Casual,60
P-001194,LV-0003821,8,2025-08-01,2025-08-07,2025-08-13,6,Casual,150
P-001194,LV-0003822,12,2025-12-01,2025-12-07,2025-12-14,7,Annual,120
P-001195,LV-0003823,2,2025-02-01,2025-02-10,2025-02-20,10,Annual,116
P-001195,LV-0003824,4,2025-04-01,2025-04-10,2025-04-20,10,Casual,60
P-001195,LV-0003825,7,2025-07-01,2025-07-08,2025-07-15,7,Casual,90
P-001195,LV-0003826,12,2025-12-01,2025-12-09,2025-12-16,7,Annual,150
P-001196,LV-0003827,3,2025-03-01,2025-03-12,2025-03-19,7,Annual,140
P-001196,LV-0003828,6,2025-06-01,2025-06-09,2025-06-24,15,Recovery,90
P-001196,LV-0003829,10,2025-10-01,2025-10-11,2025-10-22,11,Casual,120
P-001197,LV-0003830,2,2025-02-01,2025-02-09,2025-02-22,13,Casual,115
P-001197,LV-0003831,4,2025-04-01,2025-04-08,2025-04-18,10,Annual,60
P-001197,LV-0003832,7,2025-07-01,2025-07-12,2025-07-19,7,Annual,90
P-001197,LV-0003833,10,2025-10-01,2025-10-10,2025-10-17,7,Casual,90
P-001198,LV-0003834,2,2025-02-01,2025-02-09,2025-02-18,9,Medical/Authorized,83
P-001198,LV-0003835,5,2025-05-01,2025-05-09,2025-05-17,8,Annual,90
P-001198,LV-0003836,7,2025-07-01,2025-07-06,2025-07-13,7,Casual,60
P-001199,LV-0003837,2,2025-02-01,2025-02-07,2025-02-20,13,Casual,93
P-001199,LV-0003838,10,2025-10-01,2025-10-12,2025-10-25,13,Casual,240
P-001200,LV-0003839,2,2025-02-01,2025-02-08,2025-02-16,8,Annual,102
P-001200,LV-0003840,4,2025-04-01,2025-04-06,2025-04-19,13,Annual,60
P-001200,LV-0003841,6,2025-06-01,2025-06-08,2025-06-19,11,Annual,60
P-001200,LV-0003842,8,2025-08-01,2025-08-07,2025-08-17,10,Annual,60
P-001200,LV-0003843,10,2025-10-01,2025-10-08,2025-10-21,13,Annual,60
P-001201,LV-0003844,1,2025-01-01,2025-01-06,2025-01-14,8,Medical/Authorized,81
P-001201,LV-0003845,6,2025-06-01,2025-06-12,2025-06-17,5,Casual,150
P-001201,LV-0003846,12,2025-12-01,2025-12-08,2025-12-20,12,Annual,180
P-001202,LV-0003847,4,2025-04-01,2025-04-08,2025-04-18,10,Annual,166
P-001202,LV-0003848,9,2025-09-01,2025-09-07,2025-09-20,13,Annual,150
P-001202,LV-0003849,12,2025-12-01,2025-12-08,2025-12-16,8,Casual,90
P-001203,LV-0003850,3,2025-03-01,2025-03-08,2025-03-21,13,Annual,137
P-001203,LV-0003851,5,2025-05-01,2025-05-11,2025-05-23,12,Annual,60
P-001203,LV-0003852,7,2025-07-01,2025-07-09,2025-07-18,9,Annual,60
P-001203,LV-0003853,10,2025-10-01,2025-10-10,2025-10-23,13,Annual,90
P-001204,LV-0003854,1,2025-01-01,2025-01-12,2025-01-24,12,Casual,67
P-001204,LV-0003855,3,2025-03-01,2025-03-11,2025-03-18,7,Annual,60
P-001204,LV-0003856,6,2025-06-01,2025-06-09,2025-06-18,9,Casual,90
P-001204,LV-0003857,9,2025-09-01,2025-09-12,2025-09-25,13,Annual,90
P-001205,LV-0003858,5,2025-05-01,2025-05-10,2025-05-22,12,Annual,198
P-001205,LV-0003859,7,2025-07-01,2025-07-11,2025-07-24,13,Annual,60
P-001207,LV-0003860,1,2025-01-01,2025-01-06,2025-01-19,13,Annual,88
P-001207,LV-0003861,6,2025-06-01,2025-06-08,2025-06-12,4,Casual,150
P-001208,LV-0003862,1,2025-01-01,2025-01-09,2025-01-20,11,Casual,85
P-001208,LV-0003863,3,2025-03-01,2025-03-12,2025-03-22,10,Casual,60
P-001208,LV-0003864,7,2025-07-01,2025-07-06,2025-07-18,12,Medical/Authorized,120
P-001208,LV-0003865,12,2025-12-01,2025-12-12,2025-12-20,8,Casual,150
P-001209,LV-0003866,2,2025-02-01,2025-02-07,2025-02-20,13,Casual,80
P-001209,LV-0003867,12,2025-12-01,2025-12-10,2025-12-18,8,Annual,300
P-001210,LV-0003868,3,2025-03-01,2025-03-10,2025-03-22,12,Annual,121
P-001210,LV-0003869,5,2025-05-01,2025-05-08,2025-05-20,12,Annual,60
P-001210,LV-0003870,11,2025-11-01,2025-11-06,2025-11-14,8,Casual,180
P-001211,LV-0003871,1,2025-01-01,2025-01-12,2025-01-24,12,Medical/Authorized,84
P-001211,LV-0003872,4,2025-04-01,2025-04-08,2025-04-20,12,Medical/Authorized,90
P-001211,LV-0003873,7,2025-07-01,2025-07-07,2025-07-20,13,Annual,90
P-001211,LV-0003874,10,2025-10-01,2025-10-07,2025-10-20,13,Casual,90
P-001212,LV-0003875,1,2025-01-01,2025-01-12,2025-01-21,9,Annual,82
P-001212,LV-0003876,4,2025-04-01,2025-04-07,2025-04-16,9,Annual,90
P-001212,LV-0003877,7,2025-07-01,2025-07-08,2025-07-20,12,Annual,90
P-001212,LV-0003878,9,2025-09-01,2025-09-07,2025-09-15,8,Annual,60
P-001212,LV-0003879,12,2025-12-01,2025-12-06,2025-12-16,10,Annual,90
P-001213,LV-0003880,1,2025-01-01,2025-01-12,2025-01-21,9,Annual,67
P-001213,LV-0003881,3,2025-03-01,2025-03-06,2025-03-19,13,Annual,60
P-001213,LV-0003882,11,2025-11-01,2025-11-09,2025-11-16,7,Annual,240
P-001214,LV-0003883,5,2025-05-01,2025-05-10,2025-05-16,6,Casual,169
P-001215,LV-0003884,1,2025-01-01,2025-01-09,2025-01-17,8,Casual,85
P-001215,LV-0003885,6,2025-06-01,2025-06-09,2025-06-13,4,Casual,150
P-001215,LV-0003886,12,2025-12-01,2025-12-06,2025-12-19,13,Annual,180
P-001216,LV-0003887,1,2025-01-01,2025-01-08,2025-01-16,8,Annual,84
P-001216,LV-0003888,4,2025-04-01,2025-04-06,2025-04-13,7,Casual,90
P-001216,LV-0003889,6,2025-06-01,2025-06-09,2025-06-20,11,Casual,60
P-001216,LV-0003890,9,2025-09-01,2025-09-06,2025-09-15,9,Casual,90
P-001216,LV-0003891,12,2025-12-01,2025-12-10,2025-12-20,10,Casual,90
P-001217,LV-0003892,2,2025-02-01,2025-02-06,2025-02-19,13,Annual,84
P-001217,LV-0003893,7,2025-07-01,2025-07-07,2025-07-15,8,Annual,150
P-001217,LV-0003894,10,2025-10-01,2025-10-09,2025-10-21,12,Annual,90
P-001218,LV-0003895,10,2025-10-01,2025-10-11,2025-10-24,13,Annual,337
P-001219,LV-0003896,2,2025-02-01,2025-02-06,2025-02-18,12,Annual,80
P-001219,LV-0003897,7,2025-07-01,2025-07-06,2025-07-12,6,Casual,150
P-001219,LV-0003898,11,2025-11-01,2025-11-11,2025-11-21,10,Annual,120
P-001220,LV-0003899,3,2025-03-01,2025-03-12,2025-03-23,11,Annual,122
P-001221,LV-0003900,1,2025-01-01,2025-01-06,2025-01-15,9,Annual,82
P-001221,LV-0003901,7,2025-07-01,2025-07-08,2025-07-15,7,Casual,180
P-001222,LV-0003902,2,2025-02-01,2025-02-12,2025-02-21,9,Annual,84
P-001222,LV-0003903,8,2025-08-01,2025-08-07,2025-08-14,7,Casual,180
P-001223,LV-0003904,1,2025-01-01,2025-01-06,2025-01-13,7,Casual,81
P-001223,LV-0003905,3,2025-03-01,2025-03-06,2025-03-13,7,Casual,60
P-001223,LV-0003906,6,2025-06-01,2025-06-09,2025-06-18,9,Casual,90
P-001223,LV-0003907,8,2025-08-01,2025-08-10,2025-08-21,11,Casual,60
P-001224,LV-0003908,3,2025-03-01,2025-03-08,2025-03-16,8,Annual,113
P-001224,LV-0003909,6,2025-06-01,2025-06-11,2025-06-23,12,Recovery,90
P-001224,LV-0003910,9,2025-09-01,2025-09-11,2025-09-21,10,Casual,90
P-001224,LV-0003911,11,2025-11-01,2025-11-08,2025-11-20,12,Annual,60
P-001225,LV-0003912,9,2025-09-01,2025-09-09,2025-09-21,12,Casual,296
P-001225,LV-0003913,12,2025-12-01,2025-12-07,2025-12-20,13,Medical/Authorized,90
P-001226,LV-0003914,2,2025-02-01,2025-02-12,2025-02-19,7,Annual,82
P-001226,LV-0003915,10,2025-10-01,2025-10-10,2025-10-18,8,Medical/Authorized,240
P-001227,LV-0003916,2,2025-02-01,2025-02-10,2025-02-20,10,Annual,83
P-001227,LV-0003917,7,2025-07-01,2025-07-12,2025-07-24,12,Annual,150
P-001227,LV-0003918,9,2025-09-01,2025-09-12,2025-09-24,12,Medical/Authorized,60
P-001227,LV-0003919,12,2025-12-01,2025-12-09,2025-12-18,9,Casual,90
P-001228,LV-0003920,1,2025-01-01,2025-01-07,2025-01-18,11,Annual,70
P-001228,LV-0003921,3,2025-03-01,2025-03-09,2025-03-17,8,Casual,60
P-001228,LV-0003922,10,2025-10-01,2025-10-09,2025-10-18,9,Annual,210
P-001228,LV-0003923,12,2025-12-01,2025-12-11,2025-12-19,8,Annual,60
P-001229,LV-0003924,1,2025-01-01,2025-01-11,2025-01-21,10,Casual,87
P-001229,LV-0003925,4,2025-04-01,2025-04-06,2025-04-16,10,Medical/Authorized,90
P-001229,LV-0003926,6,2025-06-01,2025-06-12,2025-06-23,11,Annual,60
P-001229,LV-0003927,8,2025-08-01,2025-08-11,2025-08-19,8,Annual,60
P-001230,LV-0003928,2,2025-02-01,2025-02-06,2025-02-16,10,Annual,82
P-001230,LV-0003929,4,2025-04-01,2025-04-06,2025-04-18,12,Medical/Authorized,60
P-001230,LV-0003930,7,2025-07-01,2025-07-08,2025-07-21,13,Annual,90
P-001230,LV-0003931,12,2025-12-01,2025-12-07,2025-12-20,13,Casual,150
P-001231,LV-0003932,4,2025-04-01,2025-04-10,2025-04-20,10,Casual,139
P-001231,LV-0003933,6,2025-06-01,2025-06-08,2025-06-25,17,Recovery,60
P-001231,LV-0003934,8,2025-08-01,2025-08-10,2025-08-17,7,Annual,60
P-001232,LV-0003935,1,2025-01-01,2025-01-09,2025-01-17,8,Annual,79
P-001232,LV-0003936,4,2025-04-01,2025-04-07,2025-04-19,12,Medical/Authorized,90
P-001232,LV-0003937,6,2025-06-01,2025-06-12,2025-06-23,11,Annual,60
P-001232,LV-0003938,8,2025-08-01,2025-08-10,2025-08-23,13,Casual,60
P-001232,LV-0003939,12,2025-12-01,2025-12-08,2025-12-15,7,Casual,120
P-001233,LV-0003940,1,2025-01-01,2025-01-08,2025-01-16,8,Annual,74
P-001233,LV-0003941,5,2025-05-01,2025-05-12,2025-05-25,13,Annual,120
P-001233,LV-0003942,9,2025-09-01,2025-09-06,2025-09-17,11,Annual,120
P-001234,LV-0003943,1,2025-01-01,2025-01-07,2025-01-16,9,Annual,71
P-001234,LV-0003944,3,2025-03-01,2025-03-09,2025-03-16,7,Annual,60
P-001234,LV-0003945,9,2025-09-01,2025-09-07,2025-09-18,11,Annual,180
P-001234,LV-0003946,11,2025-11-01,2025-11-09,2025-11-17,8,Casual,60
P-001235,LV-0003947,1,2025-01-01,2025-01-12,2025-01-24,12,Annual,72
P-001235,LV-0003948,10,2025-10-01,2025-10-12,2025-10-20,8,Casual,270
P-001236,LV-0003949,2,2025-02-01,2025-02-07,2025-02-15,8,Annual,102
P-001236,LV-0003950,5,2025-05-01,2025-05-12,2025-05-19,7,Annual,90
P-001236,LV-0003951,10,2025-10-01,2025-10-07,2025-10-14,7,Annual,150
P-001236,LV-0003952,12,2025-12-01,2025-12-09,2025-12-16,7,Casual,60
P-001237,LV-0003953,7,2025-07-01,2025-07-10,2025-07-16,6,Casual,257
P-001238,LV-0003954,4,2025-04-01,2025-04-11,2025-04-24,13,Casual,170
P-001238,LV-0003955,6,2025-06-01,2025-06-06,2025-06-14,8,Medical/Authorized,60
P-001238,LV-0003956,8,2025-08-01,2025-08-09,2025-08-21,12,Annual,60
P-001238,LV-0003957,11,2025-11-01,2025-11-10,2025-11-22,12,Annual,90
P-001239,LV-0003958,1,2025-01-01,2025-01-11,2025-01-21,10,Annual,83
P-001239,LV-0003959,3,2025-03-01,2025-03-07,2025-03-17,10,Medical/Authorized,60
P-001239,LV-0003960,5,2025-05-01,2025-05-06,2025-05-17,11,Casual,60
P-001239,LV-0003961,8,2025-08-01,2025-08-12,2025-08-19,7,Casual,90
P-001239,LV-0003962,12,2025-12-01,2025-12-12,2025-12-24,12,Annual,120
P-001240,LV-0003963,3,2025-03-01,2025-03-06,2025-03-14,8,Casual,113
P-001240,LV-0003964,6,2025-06-01,2025-06-10,2025-06-19,9,Annual,90
P-001240,LV-0003965,8,2025-08-01,2025-08-09,2025-08-18,9,Casual,60
P-001240,LV-0003966,10,2025-10-01,2025-10-10,2025-10-23,13,Casual,60
P-001241,LV-0003967,4,2025-04-01,2025-04-10,2025-04-16,6,Casual,172
P-001241,LV-0003968,10,2025-10-01,2025-10-12,2025-10-16,4,Casual,180
P-001242,LV-0003969,6,2025-06-01,2025-06-10,2025-06-14,4,Casual,196
P-001243,LV-0003970,5,2025-05-01,2025-05-12,2025-05-17,5,Casual,191
P-001244,LV-0003971,9,2025-09-01,2025-09-12,2025-09-18,6,Casual,299
P-001245,LV-0003972,1,2025-01-01,2025-01-11,2025-01-20,9,Annual,68
P-001245,LV-0003973,10,2025-10-01,2025-10-06,2025-10-16,10,Annual,270
P-001246,LV-0003974,2,2025-02-01,2025-02-09,2025-02-17,8,Medical/Authorized,79
P-001246,LV-0003975,10,2025-10-01,2025-10-08,2025-10-15,7,Annual,240
P-001246,LV-0003976,12,2025-12-01,2025-12-10,2025-12-22,12,Annual,60
P-001247,LV-0003977,1,2025-01-01,2025-01-12,2025-01-25,13,Annual,60
P-001247,LV-0003978,3,2025-03-01,2025-03-07,2025-03-16,9,Casual,60
P-001247,LV-0003979,5,2025-05-01,2025-05-09,2025-05-16,7,Annual,60
P-001247,LV-0003980,7,2025-07-01,2025-07-07,2025-07-19,12,Annual,60
P-001247,LV-0003981,9,2025-09-01,2025-09-09,2025-09-20,11,Annual,60
P-001247,LV-0003982,12,2025-12-01,2025-12-08,2025-12-16,8,Annual,90
P-001248,LV-0003983,1,2025-01-01,2025-01-12,2025-01-21,9,Annual,77
P-001248,LV-0003984,4,2025-04-01,2025-04-06,2025-04-16,10,Annual,90
P-001248,LV-0003985,6,2025-06-01,2025-06-11,2025-06-19,8,Annual,60
P-001248,LV-0003986,9,2025-09-01,2025-09-07,2025-09-14,7,Annual,90
P-001248,LV-0003987,11,2025-11-01,2025-11-06,2025-11-19,13,Annual,60
P-001249,LV-0003988,3,2025-03-01,2025-03-11,2025-03-19,8,Casual,148
P-001249,LV-0003989,5,2025-05-01,2025-05-09,2025-05-22,13,Annual,60
P-001249,LV-0003990,6,2025-06-01,2025-06-10,2025-06-24,14,Recovery,30
P-001249,LV-0003991,9,2025-09-01,2025-09-07,2025-09-17,10,Annual,90
P-001250,LV-0003992,2,2025-02-01,2025-02-08,2025-02-18,10,Casual,105
P-001250,LV-0003993,9,2025-09-01,2025-09-09,2025-09-21,12,Annual,210
P-001251,LV-0003994,8,2025-08-01,2025-08-11,2025-08-16,5,Casual,258
P-001252,LV-0003995,6,2025-06-01,2025-06-11,2025-06-24,13,Annual,230
P-001252,LV-0003996,9,2025-09-01,2025-09-11,2025-09-21,10,Annual,90
P-001252,LV-0003997,11,2025-11-01,2025-11-11,2025-11-23,12,Casual,60
P-001253,LV-0003998,8,2025-08-01,2025-08-12,2025-08-22,10,Annual,296
P-001253,LV-0003999,10,2025-10-01,2025-10-10,2025-10-20,10,Annual,60
P-001254,LV-0004000,2,2025-02-01,2025-02-10,2025-02-22,12,Annual,101
P-001254,LV-0004001,6,2025-06-01,2025-06-06,2025-06-18,12,Annual,120
P-001254,LV-0004002,9,2025-09-01,2025-09-08,2025-09-17,9,Medical/Authorized,90
P-001255,LV-0004003,2,2025-02-01,2025-02-06,2025-02-14,8,Annual,95
P-001255,LV-0004004,7,2025-07-01,2025-07-12,2025-07-18,6,Casual,150
P-001255,LV-0004005,10,2025-10-01,2025-10-10,2025-10-19,9,Casual,90
P-001256,LV-0004006,3,2025-03-01,2025-03-07,2025-03-15,8,Medical/Authorized,109
P-001256,LV-0004007,6,2025-06-01,2025-06-11,2025-06-19,8,Casual,90
P-001256,LV-0004008,8,2025-08-01,2025-08-07,2025-08-19,12,Casual,60
P-001257,LV-0004009,2,2025-02-01,2025-02-09,2025-02-18,9,Casual,112
P-001257,LV-0004010,5,2025-05-01,2025-05-08,2025-05-15,7,Annual,90
P-001257,LV-0004011,7,2025-07-01,2025-07-12,2025-07-23,11,Casual,60
P-001258,LV-0004012,1,2025-01-01,2025-01-07,2025-01-17,10,Annual,87
P-001258,LV-0004013,3,2025-03-01,2025-03-10,2025-03-19,9,Casual,60
P-001258,LV-0004014,6,2025-06-01,2025-06-10,2025-06-19,9,Annual,90
P-001258,LV-0004015,10,2025-10-01,2025-10-12,2025-10-24,12,Casual,120
P-001258,LV-0004016,12,2025-12-01,2025-12-12,2025-12-20,8,Annual,60
P-001259,LV-0004017,2,2025-02-01,2025-02-11,2025-02-18,7,Annual,87
P-001259,LV-0004018,4,2025-04-01,2025-04-07,2025-04-15,8,Casual,60
P-001259,LV-0004019,9,2025-09-01,2025-09-12,2025-09-25,13,Annual,150
P-001260,LV-0004020,2,2025-02-01,2025-02-12,2025-02-23,11,Casual,115
P-001260,LV-0004021,8,2025-08-01,2025-08-09,2025-08-15,6,Casual,180
P-001260,LV-0004022,12,2025-12-01,2025-12-11,2025-12-20,9,Annual,120
P-001261,LV-0004023,3,2025-03-01,2025-03-12,2025-03-21,9,Annual,127
P-001261,LV-0004024,6,2025-06-01,2025-06-12,2025-06-19,7,Medical/Authorized,90
P-001261,LV-0004025,9,2025-09-01,2025-09-12,2025-09-25,13,Casual,90
P-001261,LV-0004026,11,2025-11-01,2025-11-09,2025-11-22,13,Annual,60
P-001262,LV-0004027,7,2025-07-01,2025-07-07,2025-07-11,4,Casual,250
P-001263,LV-0004028,3,2025-03-01,2025-03-09,2025-03-16,7,Casual,141
P-001263,LV-0004029,5,2025-05-01,2025-05-07,2025-05-14,7,Casual,60
P-001263,LV-0004030,7,2025-07-01,2025-07-12,2025-07-25,13,Casual,60
P-001263,LV-0004031,10,2025-10-01,2025-10-08,2025-10-19,11,Medical/Authorized,90
P-001263,LV-0004032,12,2025-12-01,2025-12-07,2025-12-15,8,Medical/Authorized,60
P-001264,LV-0004033,1,2025-01-01,2025-01-09,2025-01-18,9,Annual,78
P-001264,LV-0004034,3,2025-03-01,2025-03-10,2025-03-23,13,Casual,60
P-001264,LV-0004035,6,2025-06-01,2025-06-12,2025-06-21,9,Annual,90
P-001264,LV-0004036,10,2025-10-01,2025-10-11,2025-10-19,8,Casual,120
P-001264,LV-0004037,12,2025-12-01,2025-12-09,2025-12-17,8,Casual,60
P-001265,LV-0004038,3,2025-03-01,2025-03-06,2025-03-13,7,Annual,144
P-001265,LV-0004039,6,2025-06-01,2025-06-10,2025-06-23,13,Annual,90
P-001265,LV-0004040,11,2025-11-01,2025-11-11,2025-11-20,9,Annual,150
P-001266,LV-0004041,4,2025-04-01,2025-04-11,2025-04-20,9,Casual,161
P-001266,LV-0004042,6,2025-06-01,2025-06-12,2025-06-23,11,Annual,60
P-001266,LV-0004043,9,2025-09-01,2025-09-07,2025-09-20,13,Annual,90
P-001266,LV-0004044,11,2025-11-01,2025-11-06,2025-11-17,11,Annual,60
P-001267,LV-0004045,1,2025-01-01,2025-01-06,2025-01-17,11,Annual,63
P-001267,LV-0004046,6,2025-06-01,2025-06-11,2025-06-18,7,Annual,150
P-001267,LV-0004047,10,2025-10-01,2025-10-06,2025-10-17,11,Annual,120
P-001267,LV-0004048,12,2025-12-01,2025-12-08,2025-12-18,10,Annual,60
P-001268,LV-0004049,2,2025-02-01,2025-02-09,2025-02-17,8,Annual,107
P-001268,LV-0004050,8,2025-08-01,2025-08-07,2025-08-17,10,Annual,180
P-001268,LV-0004051,11,2025-11-01,2025-11-10,2025-11-21,11,Annual,90
P-001269,LV-0004052,1,2025-01-01,2025-01-07,2025-01-17,10,Annual,64
P-001269,LV-0004053,3,2025-03-01,2025-03-09,2025-03-16,7,Annual,60
P-001269,LV-0004054,8,2025-08-01,2025-08-06,2025-08-12,6,Casual,150
P-001269,LV-0004055,11,2025-11-01,2025-11-06,2025-11-16,10,Annual,90
P-001270,LV-0004056,2,2025-02-01,2025-02-10,2025-02-23,13,Annual,110
P-001270,LV-0004057,6,2025-06-01,2025-06-11,2025-06-19,8,Annual,120
P-001270,LV-0004058,9,2025-09-01,2025-09-11,2025-09-22,11,Casual,90
P-001271,LV-0004059,2,2025-02-01,2025-02-06,2025-02-18,12,Annual,88
P-001271,LV-0004060,8,2025-08-01,2025-08-07,2025-08-13,6,Casual,180
P-001271,LV-0004061,10,2025-10-01,2025-10-09,2025-10-20,11,Annual,60
P-001272,LV-0004062,9,2025-09-01,2025-09-11,2025-09-16,5,Casual,297
P-001273,LV-0004063,9,2025-09-01,2025-09-10,2025-09-13,3,Casual,303
P-001274,LV-0004064,1,2025-01-01,2025-01-11,2025-01-21,10,Annual,67
P-001274,LV-0004065,3,2025-03-01,2025-03-09,2025-03-17,8,Annual,60
P-001274,LV-0004066,7,2025-07-01,2025-07-07,2025-07-19,12,Casual,120
P-001274,LV-0004067,12,2025-12-01,2025-12-09,2025-12-18,9,Annual,150
P-001275,LV-0004068,3,2025-03-01,2025-03-08,2025-03-18,10,Annual,140
P-001275,LV-0004069,5,2025-05-01,2025-05-08,2025-05-18,10,Annual,60
P-001275,LV-0004070,7,2025-07-01,2025-07-08,2025-07-19,11,Casual,60
P-001275,LV-0004071,9,2025-09-01,2025-09-12,2025-09-24,12,Medical/Authorized,60
P-001275,LV-0004072,11,2025-11-01,2025-11-12,2025-11-24,12,Casual,60
P-001276,LV-0004073,2,2025-02-01,2025-02-07,2025-02-19,12,Casual,111
P-001276,LV-0004074,4,2025-04-01,2025-04-11,2025-04-20,9,Annual,60
P-001276,LV-0004075,8,2025-08-01,2025-08-07,2025-08-20,13,Casual,120
P-001276,LV-0004076,10,2025-10-01,2025-10-10,2025-10-18,8,Annual,60
P-001277,LV-0004077,2,2025-02-01,2025-02-07,2025-02-16,9,Annual,94
P-001277,LV-0004078,5,2025-05-01,2025-05-07,2025-05-18,11,Annual,90
P-001277,LV-0004079,7,2025-07-01,2025-07-07,2025-07-16,9,Casual,60
P-001277,LV-0004080,12,2025-12-01,2025-12-07,2025-12-18,11,Casual,150
P-001278,LV-0004081,4,2025-04-01,2025-04-10,2025-04-20,10,Casual,139
P-001278,LV-0004082,10,2025-10-01,2025-10-08,2025-10-17,9,Annual,180
P-001279,LV-0004083,9,2025-09-01,2025-09-09,2025-09-22,13,Annual,322
P-001280,LV-0004084,2,2025-02-01,2025-02-12,2025-02-21,9,Casual,109
P-001280,LV-0004085,8,2025-08-01,2025-08-10,2025-08-21,11,Annual,180
P-001280,LV-0004086,12,2025-12-01,2025-12-12,2025-12-22,10,Annual,120
P-001281,LV-0004087,2,2025-02-01,2025-02-06,2025-02-18,12,Casual,82
P-001281,LV-0004088,8,2025-08-01,2025-08-07,2025-08-12,5,Casual,180
P-001281,LV-0004089,10,2025-10-01,2025-10-06,2025-10-13,7,Annual,60
P-001282,LV-0004090,2,2025-02-01,2025-02-11,2025-02-18,7,Casual,103
P-001283,LV-0004091,11,2025-11-01,2025-11-12,2025-11-20,8,Annual,349
P-001284,LV-0004092,1,2025-01-01,2025-01-11,2025-01-22,11,Annual,79
P-001284,LV-0004093,4,2025-04-01,2025-04-06,2025-04-13,7,Annual,90
P-001284,LV-0004094,8,2025-08-01,2025-08-06,2025-08-18,12,Annual,120
P-001285,LV-0004095,2,2025-02-01,2025-02-07,2025-02-15,8,Annual,96
P-001285,LV-0004096,5,2025-05-01,2025-05-11,2025-05-23,12,Casual,90
P-001285,LV-0004097,7,2025-07-01,2025-07-11,2025-07-20,9,Annual,60
P-001285,LV-0004098,12,2025-12-01,2025-12-07,2025-12-18,11,Annual,150
P-001286,LV-0004099,1,2025-01-01,2025-01-10,2025-01-19,9,Annual,88
P-001286,LV-0004100,3,2025-03-01,2025-03-07,2025-03-15,8,Annual,60
P-001286,LV-0004101,8,2025-08-01,2025-08-11,2025-08-15,4,Casual,150
P-001286,LV-0004102,10,2025-10-01,2025-10-10,2025-10-23,13,Annual,60
P-001287,LV-0004103,5,2025-05-01,2025-05-12,2025-05-22,10,Annual,167
P-001287,LV-0004104,7,2025-07-01,2025-07-07,2025-07-17,10,Casual,60
P-001287,LV-0004105,9,2025-09-01,2025-09-11,2025-09-23,12,Medical/Authorized,60
P-001288,LV-0004106,1,2025-01-01,2025-01-07,2025-01-19,12,Casual,83
P-001288,LV-0004107,7,2025-07-01,2025-07-08,2025-07-19,11,Annual,180
P-001288,LV-0004108,11,2025-11-01,2025-11-09,2025-11-18,9,Annual,120
P-001289,LV-0004109,3,2025-03-01,2025-03-09,2025-03-18,9,Annual,134
P-001289,LV-0004110,10,2025-10-01,2025-10-11,2025-10-19,8,Annual,210
P-001290,LV-0004111,3,2025-03-01,2025-03-10,2025-03-21,11,Casual,123
P-001290,LV-0004112,8,2025-08-01,2025-08-08,2025-08-17,9,Annual,150
P-001290,LV-0004113,10,2025-10-01,2025-10-06,2025-10-17,11,Casual,60
P-001290,LV-0004114,12,2025-12-01,2025-12-08,2025-12-16,8,Casual,60
P-001291,LV-0004115,6,2025-06-01,2025-06-09,2025-06-16,7,Annual,232
P-001291,LV-0004116,8,2025-08-01,2025-08-11,2025-08-18,7,Annual,60
P-001291,LV-0004117,11,2025-11-01,2025-11-10,2025-11-17,7,Annual,90
P-001292,LV-0004118,1,2025-01-01,2025-01-06,2025-01-13,7,Casual,60
P-001292,LV-0004119,6,2025-06-01,2025-06-10,2025-06-22,12,Casual,150
P-001292,LV-0004120,8,2025-08-01,2025-08-09,2025-08-19,10,Casual,60
P-001293,LV-0004121,12,2025-12-01,2025-12-12,2025-12-25,13,Annual,415
P-001294,LV-0004122,2,2025-02-01,2025-02-08,2025-02-21,13,Casual,100
P-001294,LV-0004123,12,2025-12-01,2025-12-06,2025-12-13,7,Casual,300
P-001296,LV-0004124,2,2025-02-01,2025-02-10,2025-02-18,8,Annual,102
P-001296,LV-0004125,5,2025-05-01,2025-05-06,2025-05-15,9,Casual,90
P-001296,LV-0004126,10,2025-10-01,2025-10-07,2025-10-19,12,Annual,150
P-001297,LV-0004127,2,2025-02-01,2025-02-10,2025-02-22,12,Annual,96
P-001297,LV-0004128,4,2025-04-01,2025-04-07,2025-04-16,9,Annual,60
P-001297,LV-0004129,6,2025-06-01,2025-06-10,2025-06-18,8,Casual,60
P-001297,LV-0004130,9,2025-09-01,2025-09-08,2025-09-18,10,Casual,90
P-001298,LV-0004131,3,2025-03-01,2025-03-07,2025-03-20,13,Annual,146
P-001298,LV-0004132,5,2025-05-01,2025-05-07,2025-05-16,9,Annual,60
P-001298,LV-0004133,7,2025-07-01,2025-07-06,2025-07-14,8,Medical/Authorized,60
P-001299,LV-0004134,11,2025-11-01,2025-11-12,2025-11-20,8,Annual,381
P-001300,LV-0004135,1,2025-01-01,2025-01-09,2025-01-20,11,Annual,83
P-001300,LV-0004136,6,2025-06-01,2025-06-06,2025-06-10,4,Casual,150
P-001300,LV-0004137,11,2025-11-01,2025-11-09,2025-11-19,10,Annual,150
P-001301,LV-0004138,4,2025-04-01,2025-04-11,2025-04-19,8,Medical/Authorized,158
P-001301,LV-0004139,7,2025-07-01,2025-07-11,2025-07-24,13,Annual,90
P-001301,LV-0004140,9,2025-09-01,2025-09-06,2025-09-18,12,Casual,60
P-001301,LV-0004141,11,2025-11-01,2025-11-09,2025-11-20,11,Casual,60
P-001302,LV-0004142,3,2025-03-01,2025-03-06,2025-03-16,10,Casual,106
P-001302,LV-0004143,6,2025-06-01,2025-06-07,2025-06-24,17,Recovery,90
P-001302,LV-0004144,10,2025-10-01,2025-10-12,2025-10-24,12,Casual,120
P-001302,LV-0004145,12,2025-12-01,2025-12-06,2025-12-13,7,Annual,60
P-001303,LV-0004146,2,2025-02-01,2025-02-07,2025-02-18,11,Casual,113
P-001304,LV-0004147,1,2025-01-01,2025-01-09,2025-01-18,9,Casual,69
P-001304,LV-0004148,11,2025-11-01,2025-11-07,2025-11-17,10,Annual,300
P-001305,LV-0004149,2,2025-02-01,2025-02-11,2025-02-21,10,Annual,104
P-001305,LV-0004150,7,2025-07-01,2025-07-06,2025-07-10,4,Casual,150
P-001306,LV-0004151,2,2025-02-01,2025-02-07,2025-02-14,7,Casual,99
P-001306,LV-0004152,6,2025-06-01,2025-06-08,2025-06-21,13,Recovery,120
P-001307,LV-0004153,1,2025-01-01,2025-01-09,2025-01-17,8,Casual,72
P-001307,LV-0004154,6,2025-06-01,2025-06-12,2025-06-16,4,Casual,150
P-001307,LV-0004155,10,2025-10-01,2025-10-07,2025-10-17,10,Casual,120
P-001308,LV-0004156,7,2025-07-01,2025-07-08,2025-07-14,6,Casual,256
P-001309,LV-0004157,2,2025-02-01,2025-02-12,2025-02-25,13,Casual,116
P-001309,LV-0004158,4,2025-04-01,2025-04-07,2025-04-14,7,Medical/Authorized,60
P-001309,LV-0004159,12,2025-12-01,2025-12-08,2025-12-19,11,Annual,240
P-001310,LV-0004160,7,2025-07-01,2025-07-06,2025-07-12,6,Casual,241
P-001311,LV-0004161,1,2025-01-01,2025-01-08,2025-01-17,9,Medical/Authorized,82
P-001311,LV-0004162,4,2025-04-01,2025-04-08,2025-04-16,8,Casual,90
P-001311,LV-0004163,9,2025-09-01,2025-09-10,2025-09-22,12,Annual,150
P-001311,LV-0004164,11,2025-11-01,2025-11-06,2025-11-19,13,Casual,60
P-001312,LV-0004165,1,2025-01-01,2025-01-11,2025-01-23,12,Annual,70
P-001312,LV-0004166,6,2025-06-01,2025-06-12,2025-06-28,16,Recovery,150
P-001312,LV-0004167,8,2025-08-01,2025-08-08,2025-08-20,12,Annual,60
P-001312,LV-0004168,11,2025-11-01,2025-11-08,2025-11-18,10,Casual,90
P-001313,LV-0004169,1,2025-01-01,2025-01-11,2025-01-21,10,Annual,76
P-001313,LV-0004170,3,2025-03-01,2025-03-06,2025-03-16,10,Casual,60
P-001313,LV-0004171,11,2025-11-01,2025-11-09,2025-11-19,10,Annual,240
P-001314,LV-0004172,6,2025-06-01,2025-06-09,2025-06-12,3,Casual,223
P-001315,LV-0004173,1,2025-01-01,2025-01-09,2025-01-18,9,Casual,71
P-001315,LV-0004174,3,2025-03-01,2025-03-06,2025-03-14,8,Annual,60
P-001315,LV-0004175,6,2025-06-01,2025-06-06,2025-06-15,9,Annual,90
P-001315,LV-0004176,9,2025-09-01,2025-09-06,2025-09-17,11,Medical/Authorized,90
P-001316,LV-0004177,5,2025-05-01,2025-05-11,2025-05-18,7,Casual,177
P-001316,LV-0004178,9,2025-09-01,2025-09-09,2025-09-16,7,Annual,120
P-001317,LV-0004179,8,2025-08-01,2025-08-07,2025-08-11,4,Casual,266
P-001317,LV-0004180,10,2025-10-01,2025-10-07,2025-10-15,8,Annual,60
P-001317,LV-0004181,12,2025-12-01,2025-12-12,2025-12-24,12,Annual,60
P-001318,LV-0004182,8,2025-08-01,2025-08-07,2025-08-13,6,Casual,258
P-001318,LV-0004183,10,2025-10-01,2025-10-08,2025-10-20,12,Medical/Authorized,60
P-001318,LV-0004184,12,2025-12-01,2025-12-06,2025-12-16,10,Annual,60
P-001319,LV-0004185,2,2025-02-01,2025-02-11,2025-02-24,13,Annual,89
P-001319,LV-0004186,4,2025-04-01,2025-04-12,2025-04-21,9,Annual,60
P-001319,LV-0004187,6,2025-06-01,2025-06-12,2025-06-19,7,Casual,60
P-001319,LV-0004188,8,2025-08-01,2025-08-07,2025-08-16,9,Casual,60
P-001319,LV-0004189,10,2025-10-01,2025-10-11,2025-10-19,8,Medical/Authorized,60
P-001319,LV-0004190,12,2025-12-01,2025-12-08,2025-12-18,10,Annual,60
P-001320,LV-0004191,2,2025-02-01,2025-02-08,2025-02-18,10,Medical/Authorized,106
P-001320,LV-0004192,6,2025-06-01,2025-06-10,2025-06-23,13,Annual,120
P-001320,LV-0004193,9,2025-09-01,2025-09-08,2025-09-19,11,Annual,90
P-001320,LV-0004194,12,2025-12-01,2025-12-12,2025-12-21,9,Casual,90
P-001321,LV-0004195,3,2025-03-01,2025-03-07,2025-03-16,9,Casual,115
P-001321,LV-0004196,6,2025-06-01,2025-06-11,2025-06-22,11,Annual,90
P-001321,LV-0004197,10,2025-10-01,2025-10-11,2025-10-23,12,Medical/Authorized,120
P-001322,LV-0004198,3,2025-03-01,2025-03-06,2025-03-16,10,Casual,140
P-001322,LV-0004199,7,2025-07-01,2025-07-11,2025-07-23,12,Casual,120
P-001322,LV-0004200,10,2025-10-01,2025-10-10,2025-10-18,8,Casual,90
P-001322,LV-0004201,12,2025-12-01,2025-12-09,2025-12-18,9,Annual,60
P-001323,LV-0004202,2,2025-02-01,2025-02-09,2025-02-20,11,Annual,114
P-001323,LV-0004203,6,2025-06-01,2025-06-07,2025-06-22,15,Recovery,120
P-001323,LV-0004204,10,2025-10-01,2025-10-12,2025-10-21,9,Annual,120
P-001323,LV-0004205,12,2025-12-01,2025-12-08,2025-12-17,9,Casual,60
P-001324,LV-0004206,1,2025-01-01,2025-01-10,2025-01-23,13,Annual,65
P-001324,LV-0004207,3,2025-03-01,2025-03-08,2025-03-20,12,Annual,60
P-001324,LV-0004208,7,2025-07-01,2025-07-09,2025-07-17,8,Annual,120
P-001324,LV-0004209,10,2025-10-01,2025-10-12,2025-10-25,13,Medical/Authorized,90
P-001325,LV-0004210,3,2025-03-01,2025-03-10,2025-03-22,12,Casual,106
P-001325,LV-0004211,5,2025-05-01,2025-05-06,2025-05-18,12,Annual,60
P-001325,LV-0004212,7,2025-07-01,2025-07-10,2025-07-19,9,Medical/Authorized,60
P-001325,LV-0004213,10,2025-10-01,2025-10-08,2025-10-15,7,Casual,90
P-001325,LV-0004214,12,2025-12-01,2025-12-10,2025-12-18,8,Casual,60
P-001326,LV-0004215,1,2025-01-01,2025-01-12,2025-01-24,12,Casual,68
P-001326,LV-0004216,7,2025-07-01,2025-07-12,2025-07-24,12,Casual,180
P-001326,LV-0004217,10,2025-10-01,2025-10-08,2025-10-21,13,Annual,90
P-001326,LV-0004218,12,2025-12-01,2025-12-06,2025-12-19,13,Annual,60
P-001327,LV-0004219,1,2025-01-01,2025-01-10,2025-01-19,9,Annual,88
P-001327,LV-0004220,3,2025-03-01,2025-03-07,2025-03-20,13,Annual,60
P-001327,LV-0004221,7,2025-07-01,2025-07-12,2025-07-22,10,Casual,120
P-001328,LV-0004222,11,2025-11-01,2025-11-11,2025-11-16,5,Casual,349
P-001329,LV-0004223,7,2025-07-01,2025-07-09,2025-07-13,4,Casual,229
P-001329,LV-0004224,10,2025-10-01,2025-10-11,2025-10-20,9,Annual,90
P-001330,LV-0004225,4,2025-04-01,2025-04-11,2025-04-22,11,Annual,138
P-001330,LV-0004226,7,2025-07-01,2025-07-06,2025-07-14,8,Casual,90
P-001330,LV-0004227,9,2025-09-01,2025-09-06,2025-09-14,8,Casual,60
P-001330,LV-0004228,11,2025-11-01,2025-11-11,2025-11-18,7,Casual,60
P-001331,LV-0004229,2,2025-02-01,2025-02-07,2025-02-16,9,Casual,93
P-001331,LV-0004230,7,2025-07-01,2025-07-11,2025-07-17,6,Casual,150
P-001331,LV-0004231,9,2025-09-01,2025-09-11,2025-09-21,10,Casual,60
P-001331,LV-0004232,11,2025-11-01,2025-11-06,2025-11-13,7,Casual,60
P-001332,LV-0004233,4,2025-04-01,2025-04-08,2025-04-14,6,Casual,141
P-001332,LV-0004234,11,2025-11-01,2025-11-07,2025-11-19,12,Casual,210
P-001333,LV-0004235,1,2025-01-01,2025-01-10,2025-01-19,9,Medical/Authorized,81
P-001333,LV-0004236,4,2025-04-01,2025-04-12,2025-04-22,10,Annual,90
P-001333,LV-0004237,7,2025-07-01,2025-07-08,2025-07-17,9,Annual,90
P-001333,LV-0004238,9,2025-09-01,2025-09-09,2025-09-16,7,Annual,60
P-001333,LV-0004239,11,2025-11-01,2025-11-12,2025-11-25,13,Annual,60
P-001334,LV-0004240,1,2025-01-01,2025-01-11,2025-01-18,7,Annual,81
P-001334,LV-0004241,6,2025-06-01,2025-06-07,2025-06-16,9,Annual,150
P-001334,LV-0004242,8,2025-08-01,2025-08-10,2025-08-18,8,Medical/Authorized,60
P-001334,LV-0004243,10,2025-10-01,2025-10-08,2025-10-19,11,Annual,60
P-001334,LV-0004244,12,2025-12-01,2025-12-10,2025-12-18,8,Annual,60
P-001335,LV-0004245,1,2025-01-01,2025-01-09,2025-01-21,12,Annual,63
P-001335,LV-0004246,5,2025-05-01,2025-05-11,2025-05-20,9,Annual,120
P-001335,LV-0004247,7,2025-07-01,2025-07-10,2025-07-18,8,Annual,60
P-001335,LV-0004248,11,2025-11-01,2025-11-06,2025-11-18,12,Annual,120
P-001336,LV-0004249,1,2025-01-01,2025-01-07,2025-01-14,7,Casual,71
P-001336,LV-0004250,11,2025-11-01,2025-11-10,2025-11-21,11,Annual,300
P-001337,LV-0004251,4,2025-04-01,2025-04-07,2025-04-19,12,Casual,139
P-001337,LV-0004252,8,2025-08-01,2025-08-12,2025-08-21,9,Casual,120
P-001337,LV-0004253,11,2025-11-01,2025-11-06,2025-11-15,9,Annual,90
P-001338,LV-0004254,5,2025-05-01,2025-05-06,2025-05-13,7,Casual,167
P-001338,LV-0004255,12,2025-12-01,2025-12-12,2025-12-25,13,Casual,210
P-001339,LV-0004256,2,2025-02-01,2025-02-09,2025-02-21,12,Annual,86
P-001339,LV-0004257,5,2025-05-01,2025-05-06,2025-05-13,7,Casual,90
P-001339,LV-0004258,11,2025-11-01,2025-11-07,2025-11-17,10,Casual,180
P-001340,LV-0004259,1,2025-01-01,2025-01-09,2025-01-20,11,Casual,71
P-001340,LV-0004260,3,2025-03-01,2025-03-07,2025-03-20,13,Casual,60
P-001340,LV-0004261,5,2025-05-01,2025-05-09,2025-05-19,10,Medical/Authorized,60
P-001340,LV-0004262,7,2025-07-01,2025-07-07,2025-07-15,8,Casual,60
P-001340,LV-0004263,10,2025-10-01,2025-10-10,2025-10-20,10,Annual,90
P-001341,LV-0004264,2,2025-02-01,2025-02-12,2025-02-23,11,Casual,93
P-001341,LV-0004265,4,2025-04-01,2025-04-08,2025-04-20,12,Casual,60
P-001341,LV-0004266,7,2025-07-01,2025-07-12,2025-07-23,11,Casual,90
P-001341,LV-0004267,9,2025-09-01,2025-09-07,2025-09-16,9,Annual,60
P-001341,LV-0004268,11,2025-11-01,2025-11-12,2025-11-24,12,Annual,60
P-001342,LV-0004269,2,2025-02-01,2025-02-10,2025-02-20,10,Casual,91
P-001342,LV-0004270,5,2025-05-01,2025-05-08,2025-05-15,7,Annual,90
P-001342,LV-0004271,7,2025-07-01,2025-07-12,2025-07-22,10,Annual,60
P-001343,LV-0004272,6,2025-06-01,2025-06-10,2025-06-14,4,Casual,208
P-001344,LV-0004273,1,2025-01-01,2025-01-11,2025-01-22,11,Annual,72
P-001344,LV-0004274,9,2025-09-01,2025-09-12,2025-09-17,5,Casual,240
P-001345,LV-0004275,1,2025-01-01,2025-01-10,2025-01-18,8,Annual,77
P-001345,LV-0004276,11,2025-11-01,2025-11-08,2025-11-19,11,Annual,300
P-001346,LV-0004277,1,2025-01-01,2025-01-07,2025-01-19,12,Casual,70
P-001346,LV-0004278,3,2025-03-01,2025-03-12,2025-03-21,9,Annual,60
P-001346,LV-0004279,8,2025-08-01,2025-08-08,2025-08-15,7,Annual,150
P-001346,LV-0004280,10,2025-10-01,2025-10-12,2025-10-19,7,Annual,60
P-001347,LV-0004281,2,2025-02-01,2025-02-09,2025-02-17,8,Annual,107
P-001347,LV-0004282,7,2025-07-01,2025-07-07,2025-07-19,12,Casual,150
P-001347,LV-0004283,11,2025-11-01,2025-11-08,2025-11-21,13,Annual,120
P-001348,LV-0004284,1,2025-01-01,2025-01-06,2025-01-14,8,Annual,62
P-001348,LV-0004285,6,2025-06-01,2025-06-08,2025-06-21,13,Annual,150
P-001348,LV-0004286,12,2025-12-01,2025-12-09,2025-12-22,13,Casual,180
P-001349,LV-0004287,4,2025-04-01,2025-04-07,2025-04-19,12,Annual,147
P-001349,LV-0004288,7,2025-07-01,2025-07-07,2025-07-18,11,Casual,90
P-001349,LV-0004289,10,2025-10-01,2025-10-07,2025-10-17,10,Annual,90
P-001350,LV-0004290,2,2025-02-01,2025-02-10,2025-02-19,9,Casual,108
P-001350,LV-0004291,9,2025-09-01,2025-09-06,2025-09-18,12,Annual,210
P-001350,LV-0004292,12,2025-12-01,2025-12-09,2025-12-17,8,Medical/Authorized,90
P-001351,LV-0004293,12,2025-12-01,2025-12-08,2025-12-13,5,Casual,386
P-001352,LV-0004294,3,2025-03-01,2025-03-07,2025-03-19,12,Annual,133
P-001352,LV-0004295,10,2025-10-01,2025-10-12,2025-10-25,13,Annual,210
P-001352,LV-0004296,12,2025-12-01,2025-12-08,2025-12-18,10,Casual,60
P-001353,LV-0004297,1,2025-01-01,2025-01-06,2025-01-18,12,Casual,68
P-001353,LV-0004298,3,2025-03-01,2025-03-08,2025-03-18,10,Annual,60
P-001353,LV-0004299,5,2025-05-01,2025-05-12,2025-05-22,10,Annual,60
P-001353,LV-0004300,8,2025-08-01,2025-08-11,2025-08-18,7,Annual,90
P-001353,LV-0004301,10,2025-10-01,2025-10-08,2025-10-21,13,Casual,60
P-001353,LV-0004302,12,2025-12-01,2025-12-07,2025-12-15,8,Annual,60
P-001354,LV-0004303,12,2025-12-01,2025-12-11,2025-12-20,9,Annual,415
P-001355,LV-0004304,4,2025-04-01,2025-04-06,2025-04-13,7,Casual,169
P-001355,LV-0004305,7,2025-07-01,2025-07-07,2025-07-14,7,Annual,90
P-001355,LV-0004306,12,2025-12-01,2025-12-10,2025-12-19,9,Annual,150
P-001356,LV-0004307,2,2025-02-01,2025-02-07,2025-02-16,9,Casual,94
P-001356,LV-0004308,5,2025-05-01,2025-05-10,2025-05-22,12,Casual,90
P-001356,LV-0004309,6,2025-06-01,2025-06-12,2025-06-27,15,Recovery,30
P-001356,LV-0004310,10,2025-10-01,2025-10-08,2025-10-15,7,Annual,120
P-001357,LV-0004311,1,2025-01-01,2025-01-10,2025-01-18,8,Annual,65
P-001357,LV-0004312,3,2025-03-01,2025-03-06,2025-03-15,9,Medical/Authorized,60
P-001357,LV-0004313,6,2025-06-01,2025-06-11,2025-06-27,16,Recovery,90
P-001357,LV-0004314,8,2025-08-01,2025-08-12,2025-08-20,8,Casual,60
P-001357,LV-0004315,10,2025-10-01,2025-10-11,2025-10-20,9,Casual,60
P-001358,LV-0004316,1,2025-01-01,2025-01-09,2025-01-22,13,Annual,62
P-001358,LV-0004317,3,2025-03-01,2025-03-09,2025-03-19,10,Casual,60
P-001358,LV-0004318,5,2025-05-01,2025-05-12,2025-05-21,9,Casual,60
P-001358,LV-0004319,8,2025-08-01,2025-08-10,2025-08-19,9,Annual,90
P-001359,LV-0004320,2,2025-02-01,2025-02-07,2025-02-19,12,Casual,91
P-001359,LV-0004321,7,2025-07-01,2025-07-09,2025-07-21,12,Annual,150
P-001359,LV-0004322,9,2025-09-01,2025-09-06,2025-09-14,8,Casual,60
P-001360,LV-0004323,10,2025-10-01,2025-10-11,2025-10-20,9,Casual,350
P-001361,LV-0004324,1,2025-01-01,2025-01-12,2025-01-23,11,Annual,89
P-001361,LV-0004325,3,2025-03-01,2025-03-11,2025-03-21,10,Annual,60
P-001361,LV-0004326,6,2025-06-01,2025-06-07,2025-06-23,16,Recovery,90
P-001361,LV-0004327,10,2025-10-01,2025-10-10,2025-10-20,10,Medical/Authorized,120
P-001362,LV-0004328,2,2025-02-01,2025-02-07,2025-02-20,13,Annual,111
P-001362,LV-0004329,4,2025-04-01,2025-04-07,2025-04-19,12,Annual,60
P-001362,LV-0004330,6,2025-06-01,2025-06-07,2025-06-17,10,Annual,60
P-001362,LV-0004331,9,2025-09-01,2025-09-08,2025-09-19,11,Casual,90
P-001362,LV-0004332,11,2025-11-01,2025-11-06,2025-11-17,11,Annual,60
P-001363,LV-0004333,1,2025-01-01,2025-01-08,2025-01-17,9,Medical/Authorized,68
P-001363,LV-0004334,10,2025-10-01,2025-10-06,2025-10-16,10,Annual,270
P-001363,LV-0004335,12,2025-12-01,2025-12-10,2025-12-23,13,Annual,60
P-001364,LV-0004336,2,2025-02-01,2025-02-06,2025-02-14,8,Annual,86
P-001364,LV-0004337,11,2025-11-01,2025-11-08,2025-11-19,11,Casual,270
P-001365,LV-0004338,1,2025-01-01,2025-01-11,2025-01-22,11,Casual,69
P-001365,LV-0004339,8,2025-08-01,2025-08-10,2025-08-17,7,Casual,210
P-001365,LV-0004340,10,2025-10-01,2025-10-06,2025-10-16,10,Casual,60
P-001365,LV-0004341,12,2025-12-01,2025-12-06,2025-12-18,12,Casual,60
P-001366,LV-0004342,3,2025-03-01,2025-03-08,2025-03-17,9,Annual,136
P-001366,LV-0004343,5,2025-05-01,2025-05-10,2025-05-17,7,Casual,60
P-001366,LV-0004344,7,2025-07-01,2025-07-06,2025-07-17,11,Annual,60
P-001366,LV-0004345,9,2025-09-01,2025-09-06,2025-09-17,11,Medical/Authorized,60
P-001366,LV-0004346,12,2025-12-01,2025-12-09,2025-12-17,8,Casual,90
P-001367,LV-0004347,2,2025-02-01,2025-02-06,2025-02-18,12,Casual,79
P-001368,LV-0004348,1,2025-01-01,2025-01-11,2025-01-20,9,Annual,62
P-001368,LV-0004349,4,2025-04-01,2025-04-12,2025-04-21,9,Casual,90
P-001368,LV-0004350,6,2025-06-01,2025-06-06,2025-06-18,12,Recovery,60
P-001368,LV-0004351,11,2025-11-01,2025-11-08,2025-11-18,10,Casual,150
P-001369,LV-0004352,2,2025-02-01,2025-02-08,2025-02-18,10,Annual,111
P-001369,LV-0004353,4,2025-04-01,2025-04-10,2025-04-20,10,Annual,60
P-001369,LV-0004354,7,2025-07-01,2025-07-12,2025-07-19,7,Annual,90
P-001369,LV-0004355,10,2025-10-01,2025-10-12,2025-10-20,8,Casual,90
P-001370,LV-0004356,2,2025-02-01,2025-02-07,2025-02-18,11,Medical/Authorized,75
P-001370,LV-0004357,5,2025-05-01,2025-05-06,2025-05-14,8,Casual,90
P-001370,LV-0004358,11,2025-11-01,2025-11-06,2025-11-17,11,Casual,180
P-001371,LV-0004359,3,2025-03-01,2025-03-12,2025-03-23,11,Annual,125
P-001371,LV-0004360,9,2025-09-01,2025-09-06,2025-09-18,12,Annual,180
P-001371,LV-0004361,11,2025-11-01,2025-11-07,2025-11-18,11,Casual,60
P-001372,LV-0004362,2,2025-02-01,2025-02-10,2025-02-18,8,Medical/Authorized,103
P-001372,LV-0004363,6,2025-06-01,2025-06-12,2025-06-22,10,Casual,120
P-001372,LV-0004364,8,2025-08-01,2025-08-07,2025-08-17,10,Annual,60
P-001373,LV-0004365,8,2025-08-01,2025-08-08,2025-08-14,6,Casual,278
P-001374,LV-0004366,1,2025-01-01,2025-01-11,2025-01-18,7,Annual,84
P-001374,LV-0004367,3,2025-03-01,2025-03-06,2025-03-17,11,Annual,60
P-001374,LV-0004368,6,2025-06-01,2025-06-06,2025-06-18,12,Annual,90
P-001374,LV-0004369,10,2025-10-01,2025-10-12,2025-10-23,11,Casual,120
P-001375,LV-0004370,2,2025-02-01,2025-02-06,2025-02-16,10,Casual,108
P-001375,LV-0004371,4,2025-04-01,2025-04-08,2025-04-21,13,Annual,60
P-001375,LV-0004372,7,2025-07-01,2025-07-06,2025-07-15,9,Casual,90
P-001375,LV-0004373,10,2025-10-01,2025-10-09,2025-10-20,11,Casual,90
P-001376,LV-0004374,2,2025-02-01,2025-02-07,2025-02-18,11,Annual,84
P-001376,LV-0004375,4,2025-04-01,2025-04-10,2025-04-21,11,Annual,60
P-001376,LV-0004376,6,2025-06-01,2025-06-10,2025-06-26,16,Recovery,60
P-001376,LV-0004377,9,2025-09-01,2025-09-08,2025-09-18,10,Annual,90
P-001376,LV-0004378,11,2025-11-01,2025-11-11,2025-11-22,11,Annual,60
P-001377,LV-0004379,3,2025-03-01,2025-03-09,2025-03-21,12,Annual,109
P-001377,LV-0004380,9,2025-09-01,2025-09-07,2025-09-20,13,Annual,180
P-001377,LV-0004381,11,2025-11-01,2025-11-08,2025-11-15,7,Medical/Authorized,60
P-001378,LV-0004382,2,2025-02-01,2025-02-06,2025-02-15,9,Annual,117
P-001378,LV-0004383,11,2025-11-01,2025-11-07,2025-11-18,11,Casual,270
P-001379,LV-0004384,3,2025-03-01,2025-03-12,2025-03-22,10,Casual,135
P-001379,LV-0004385,5,2025-05-01,2025-05-06,2025-05-15,9,Annual,60
P-001379,LV-0004386,9,2025-09-01,2025-09-07,2025-09-16,9,Casual,120
P-001379,LV-0004387,11,2025-11-01,2025-11-06,2025-11-14,8,Casual,60
P-001380,LV-0004388,2,2025-02-01,2025-02-12,2025-02-24,12,Annual,108
P-001380,LV-0004389,10,2025-10-01,2025-10-06,2025-10-16,10,Casual,240
P-001380,LV-0004390,12,2025-12-01,2025-12-12,2025-12-23,11,Casual,60
P-001381,LV-0004391,2,2025-02-01,2025-02-07,2025-02-15,8,Annual,75
P-001381,LV-0004392,4,2025-04-01,2025-04-11,2025-04-22,11,Annual,60
P-001381,LV-0004393,12,2025-12-01,2025-12-10,2025-12-17,7,Annual,240
P-001382,LV-0004394,2,2025-02-01,2025-02-12,2025-02-23,11,Annual,111
P-001382,LV-0004395,4,2025-04-01,2025-04-07,2025-04-20,13,Annual,60
P-001382,LV-0004396,8,2025-08-01,2025-08-12,2025-08-24,12,Casual,120
P-001382,LV-0004397,12,2025-12-01,2025-12-09,2025-12-17,8,Annual,120
P-001383,LV-0004398,1,2025-01-01,2025-01-06,2025-01-16,10,Annual,79
P-001383,LV-0004399,3,2025-03-01,2025-03-08,2025-03-21,13,Medical/Authorized,60
P-001383,LV-0004400,8,2025-08-01,2025-08-11,2025-08-24,13,Casual,150
P-001384,LV-0004401,1,2025-01-01,2025-01-07,2025-01-17,10,Annual,73
P-001384,LV-0004402,8,2025-08-01,2025-08-09,2025-08-16,7,Annual,210
P-001385,LV-0004403,6,2025-06-01,2025-06-12,2025-06-18,6,Casual,226
P-001385,LV-0004404,10,2025-10-01,2025-10-06,2025-10-16,10,Annual,120
P-001385,LV-0004405,12,2025-12-01,2025-12-06,2025-12-17,11,Medical/Authorized,60
P-001386,LV-0004406,1,2025-01-01,2025-01-10,2025-01-23,13,Casual,70
P-001386,LV-0004407,3,2025-03-01,2025-03-09,2025-03-17,8,Annual,60
P-001386,LV-0004408,8,2025-08-01,2025-08-11,2025-08-23,12,Annual,150
P-001386,LV-0004409,12,2025-12-01,2025-12-11,2025-12-23,12,Annual,120
P-001387,LV-0004410,8,2025-08-01,2025-08-09,2025-08-15,6,Casual,258
P-001388,LV-0004411,1,2025-01-01,2025-01-07,2025-01-18,11,Annual,63
P-001388,LV-0004412,5,2025-05-01,2025-05-12,2025-05-25,13,Annual,120
P-001388,LV-0004413,8,2025-08-01,2025-08-12,2025-08-19,7,Annual,90
P-001388,LV-0004414,12,2025-12-01,2025-12-09,2025-12-21,12,Casual,120
P-001389,LV-0004415,1,2025-01-01,2025-01-11,2025-01-18,7,Annual,77
P-001389,LV-0004416,3,2025-03-01,2025-03-10,2025-03-20,10,Casual,60
P-001389,LV-0004417,5,2025-05-01,2025-05-12,2025-05-22,10,Casual,60
P-001389,LV-0004418,7,2025-07-01,2025-07-06,2025-07-18,12,Annual,60
P-001389,LV-0004419,9,2025-09-01,2025-09-10,2025-09-22,12,Annual,60
P-001389,LV-0004420,11,2025-11-01,2025-11-12,2025-11-19,7,Annual,60
P-001390,LV-0004421,1,2025-01-01,2025-01-12,2025-01-20,8,Annual,83
P-001390,LV-0004422,4,2025-04-01,2025-04-08,2025-04-18,10,Annual,90
P-001390,LV-0004423,7,2025-07-01,2025-07-08,2025-07-19,11,Casual,90
P-001390,LV-0004424,9,2025-09-01,2025-09-06,2025-09-13,7,Annual,60
P-001390,LV-0004425,11,2025-11-01,2025-11-12,2025-11-25,13,Medical/Authorized,60
P-001391,LV-0004426,2,2025-02-01,2025-02-07,2025-02-17,10,Annual,84
P-001391,LV-0004427,5,2025-05-01,2025-05-07,2025-05-14,7,Annual,90
P-001391,LV-0004428,7,2025-07-01,2025-07-11,2025-07-19,8,Annual,60
P-001391,LV-0004429,9,2025-09-01,2025-09-08,2025-09-20,12,Annual,60
P-001392,LV-0004430,4,2025-04-01,2025-04-08,2025-04-19,11,Annual,155
P-001392,LV-0004431,6,2025-06-01,2025-06-07,2025-06-16,9,Medical/Authorized,60
P-001392,LV-0004432,8,2025-08-01,2025-08-06,2025-08-18,12,Annual,60
P-001392,LV-0004433,10,2025-10-01,2025-10-08,2025-10-15,7,Annual,60
P-001392,LV-0004434,12,2025-12-01,2025-12-07,2025-12-19,12,Annual,60
P-001393,LV-0004435,3,2025-03-01,2025-03-08,2025-03-20,12,Annual,146
P-001393,LV-0004436,6,2025-06-01,2025-06-10,2025-06-21,11,Annual,90
P-001393,LV-0004437,9,2025-09-01,2025-09-11,2025-09-19,8,Casual,90
P-001394,LV-0004438,1,2025-01-01,2025-01-07,2025-01-19,12,Medical/Authorized,66
P-001394,LV-0004439,10,2025-10-01,2025-10-10,2025-10-17,7,Casual,270
P-001394,LV-0004440,12,2025-12-01,2025-12-11,2025-12-18,7,Casual,60
P-001395,LV-0004441,1,2025-01-01,2025-01-11,2025-01-19,8,Casual,85
P-001395,LV-0004442,4,2025-04-01,2025-04-09,2025-04-16,7,Annual,90
P-001395,LV-0004443,10,2025-10-01,2025-10-08,2025-10-15,7,Annual,180
P-001397,LV-0004444,1,2025-01-01,2025-01-08,2025-01-17,9,Casual,88
P-001397,LV-0004445,4,2025-04-01,2025-04-06,2025-04-18,12,Annual,90
P-001397,LV-0004446,7,2025-07-01,2025-07-11,2025-07-23,12,Annual,90
P-001397,LV-0004447,9,2025-09-01,2025-09-11,2025-09-24,13,Annual,60
P-001398,LV-0004448,3,2025-03-01,2025-03-06,2025-03-18,12,Casual,116
P-001398,LV-0004449,5,2025-05-01,2025-05-08,2025-05-20,12,Annual,60
P-001398,LV-0004450,7,2025-07-01,2025-07-12,2025-07-19,7,Annual,60
P-001398,LV-0004451,12,2025-12-01,2025-12-11,2025-12-23,12,Annual,150
P-001399,LV-0004452,1,2025-01-01,2025-01-07,2025-01-17,10,Annual,64
P-001399,LV-0004453,3,2025-03-01,2025-03-11,2025-03-19,8,Annual,60
P-001399,LV-0004454,8,2025-08-01,2025-08-06,2025-08-12,6,Casual,150
P-001399,LV-0004455,10,2025-10-01,2025-10-08,2025-10-21,13,Annual,60
P-001400,LV-0004456,2,2025-02-01,2025-02-11,2025-02-20,9,Casual,88
P-001400,LV-0004457,7,2025-07-01,2025-07-12,2025-07-17,5,Casual,150
P-001400,LV-0004458,10,2025-10-01,2025-10-12,2025-10-22,10,Casual,90
P-001401,LV-0004459,1,2025-01-01,2025-01-06,2025-01-19,13,Casual,67
P-001401,LV-0004460,4,2025-04-01,2025-04-11,2025-04-23,12,Medical/Authorized,90
P-001401,LV-0004461,7,2025-07-01,2025-07-08,2025-07-16,8,Annual,90
P-001401,LV-0004462,10,2025-10-01,2025-10-10,2025-10-17,7,Annual,90
P-001401,LV-0004463,12,2025-12-01,2025-12-06,2025-12-13,7,Annual,60
P-001402,LV-0004464,2,2025-02-01,2025-02-12,2025-02-24,12,Casual,118
P-001402,LV-0004465,4,2025-04-01,2025-04-06,2025-04-16,10,Casual,60
P-001402,LV-0004466,6,2025-06-01,2025-06-12,2025-06-25,13,Annual,60
P-001402,LV-0004467,9,2025-09-01,2025-09-08,2025-09-15,7,Casual,90
P-001402,LV-0004468,12,2025-12-01,2025-12-12,2025-12-22,10,Casual,90
P-001403,LV-0004469,3,2025-03-01,2025-03-08,2025-03-18,10,Medical/Authorized,144
P-001403,LV-0004470,5,2025-05-01,2025-05-09,2025-05-22,13,Annual,60
P-001404,LV-0004471,1,2025-01-01,2025-01-06,2025-01-18,12,Medical/Authorized,71
P-001404,LV-0004472,10,2025-10-01,2025-10-08,2025-10-21,13,Casual,270
P-001404,LV-0004473,12,2025-12-01,2025-12-06,2025-12-16,10,Annual,60
P-001405,LV-0004474,1,2025-01-01,2025-01-10,2025-01-22,12,Annual,72
P-001405,LV-0004475,9,2025-09-01,2025-09-07,2025-09-13,6,Casual,240
P-001406,LV-0004476,5,2025-05-01,2025-05-11,2025-05-21,10,Medical/Authorized,188
P-001406,LV-0004477,8,2025-08-01,2025-08-12,2025-08-25,13,Casual,90
P-001406,LV-0004478,12,2025-12-01,2025-12-10,2025-12-19,9,Casual,120
P-001407,LV-0004479,7,2025-07-01,2025-07-06,2025-07-09,3,Casual,233
P-001408,LV-0004480,5,2025-05-01,2025-05-09,2025-05-12,3,Casual,198
P-001409,LV-0004481,2,2025-02-01,2025-02-08,2025-02-21,13,Annual,83
P-001409,LV-0004482,10,2025-10-01,2025-10-07,2025-10-14,7,Annual,240
P-001409,LV-0004483,12,2025-12-01,2025-12-12,2025-12-24,12,Annual,60
P-001410,LV-0004484,4,2025-04-01,2025-04-10,2025-04-14,4,Casual,161
P-001410,LV-0004485,10,2025-10-01,2025-10-11,2025-10-16,5,Casual,180
P-001411,LV-0004486,2,2025-02-01,2025-02-08,2025-02-17,9,Annual,107
P-001411,LV-0004487,6,2025-06-01,2025-06-11,2025-06-24,13,Medical/Authorized,120
P-001411,LV-0004488,8,2025-08-01,2025-08-06,2025-08-15,9,Annual,60
P-001411,LV-0004489,11,2025-11-01,2025-11-08,2025-11-19,11,Casual,90
P-001412,LV-0004490,1,2025-01-01,2025-01-08,2025-01-17,9,Casual,69
P-001412,LV-0004491,5,2025-05-01,2025-05-11,2025-05-19,8,Medical/Authorized,120
P-001412,LV-0004492,8,2025-08-01,2025-08-11,2025-08-24,13,Casual,90
P-001412,LV-0004493,11,2025-11-01,2025-11-07,2025-11-20,13,Annual,90
P-001413,LV-0004494,4,2025-04-01,2025-04-07,2025-04-17,10,Annual,143
P-001413,LV-0004495,6,2025-06-01,2025-06-11,2025-06-23,12,Medical/Authorized,60
P-001413,LV-0004496,8,2025-08-01,2025-08-11,2025-08-24,13,Casual,60
P-001413,LV-0004497,10,2025-10-01,2025-10-08,2025-10-19,11,Annual,60
P-001413,LV-0004498,12,2025-12-01,2025-12-12,2025-12-22,10,Casual,60
P-001414,LV-0004499,2,2025-02-01,2025-02-09,2025-02-20,11,Annual,113
P-001414,LV-0004500,4,2025-04-01,2025-04-06,2025-04-19,13,Casual,60
P-001414,LV-0004501,9,2025-09-01,2025-09-10,2025-09-20,10,Casual,150
P-001414,LV-0004502,12,2025-12-01,2025-12-12,2025-12-21,9,Annual,90
P-001415,LV-0004503,1,2025-01-01,2025-01-12,2025-01-21,9,Annual,72
P-001415,LV-0004504,3,2025-03-01,2025-03-12,2025-03-20,8,Annual,60
P-001415,LV-0004505,8,2025-08-01,2025-08-11,2025-08-15,4,Casual,150
P-001415,LV-0004506,10,2025-10-01,2025-10-10,2025-10-23,13,Annual,60
P-001415,LV-0004507,12,2025-12-01,2025-12-12,2025-12-25,13,Annual,60
P-001416,LV-0004508,3,2025-03-01,2025-03-06,2025-03-15,9,Annual,114
P-001416,LV-0004509,5,2025-05-01,2025-05-12,2025-05-20,8,Annual,60
P-001416,LV-0004510,6,2025-06-01,2025-06-06,2025-06-18,12,Recovery,30
P-001416,LV-0004511,10,2025-10-01,2025-10-11,2025-10-19,8,Casual,120
P-001417,LV-0004512,1,2025-01-01,2025-01-09,2025-01-17,8,Casual,85
P-001417,LV-0004513,5,2025-05-01,2025-05-07,2025-05-16,9,Annual,120
P-001417,LV-0004514,8,2025-08-01,2025-08-07,2025-08-16,9,Annual,90
P-001417,LV-0004515,12,2025-12-01,2025-12-12,2025-12-24,12,Casual,120
P-001418,LV-0004516,2,2025-02-01,2025-02-11,2025-02-18,7,Casual,76
P-001418,LV-0004517,4,2025-04-01,2025-04-11,2025-04-19,8,Casual,60
P-001418,LV-0004518,8,2025-08-01,2025-08-08,2025-08-19,11,Casual,120
P-001418,LV-0004519,11,2025-11-01,2025-11-11,2025-11-18,7,Annual,90
P-001419,LV-0004520,1,2025-01-01,2025-01-10,2025-01-23,13,Annual,75
P-001419,LV-0004521,4,2025-04-01,2025-04-11,2025-04-19,8,Annual,90
P-001419,LV-0004522,7,2025-07-01,2025-07-09,2025-07-16,7,Casual,90
P-001419,LV-0004523,10,2025-10-01,2025-10-07,2025-10-14,7,Casual,90
P-001419,LV-0004524,12,2025-12-01,2025-12-11,2025-12-19,8,Casual,60
P-001420,LV-0004525,2,2025-02-01,2025-02-08,2025-02-21,13,Casual,94
P-001420,LV-0004526,5,2025-05-01,2025-05-11,2025-05-24,13,Annual,90
P-001420,LV-0004527,6,2025-06-01,2025-06-06,2025-06-18,12,Recovery,30
P-001420,LV-0004528,8,2025-08-01,2025-08-12,2025-08-19,7,Annual,60
P-001420,LV-0004529,12,2025-12-01,2025-12-06,2025-12-14,8,Annual,120
P-001421,LV-0004530,3,2025-03-01,2025-03-09,2025-03-22,13,Casual,105
P-001421,LV-0004531,5,2025-05-01,2025-05-09,2025-05-21,12,Annual,60
P-001421,LV-0004532,7,2025-07-01,2025-07-11,2025-07-19,8,Annual,60
P-001421,LV-0004533,9,2025-09-01,2025-09-08,2025-09-20,12,Annual,60
P-001423,LV-0004534,1,2025-01-01,2025-01-10,2025-01-23,13,Annual,79
P-001423,LV-0004535,6,2025-06-01,2025-06-07,2025-06-16,9,Annual,150
P-001423,LV-0004536,10,2025-10-01,2025-10-08,2025-10-17,9,Annual,120
P-001424,LV-0004537,1,2025-01-01,2025-01-09,2025-01-22,13,Casual,87
P-001424,LV-0004538,3,2025-03-01,2025-03-12,2025-03-24,12,Annual,60
P-001424,LV-0004539,5,2025-05-01,2025-05-08,2025-05-17,9,Annual,60
P-001424,LV-0004540,7,2025-07-01,2025-07-07,2025-07-14,7,Annual,60
P-001424,LV-0004541,9,2025-09-01,2025-09-09,2025-09-16,7,Annual,60
P-001424,LV-0004542,11,2025-11-01,2025-11-12,2025-11-23,11,Annual,60
P-001425,LV-0004543,4,2025-04-01,2025-04-06,2025-04-14,8,Annual,153
P-001426,LV-0004544,1,2025-01-01,2025-01-12,2025-01-22,10,Annual,79
P-001426,LV-0004545,3,2025-03-01,2025-03-07,2025-03-19,12,Annual,60
P-001426,LV-0004546,6,2025-06-01,2025-06-06,2025-06-14,8,Annual,90
P-001426,LV-0004547,8,2025-08-01,2025-08-08,2025-08-17,9,Annual,60
P-001427,LV-0004548,1,2025-01-01,2025-01-06,2025-01-15,9,Annual,68
P-001427,LV-0004549,7,2025-07-01,2025-07-09,2025-07-17,8,Annual,180
P-001427,LV-0004550,9,2025-09-01,2025-09-06,2025-09-18,12,Casual,60
P-001427,LV-0004551,12,2025-12-01,2025-12-12,2025-12-22,10,Casual,90
P-001428,LV-0004552,3,2025-03-01,2025-03-08,2025-03-17,9,Annual,146
P-001428,LV-0004553,8,2025-08-01,2025-08-08,2025-08-19,11,Annual,150
P-001428,LV-0004554,11,2025-11-01,2025-11-09,2025-11-16,7,Casual,90
P-001429,LV-0004555,8,2025-08-01,2025-08-07,2025-08-12,5,Casual,272
P-001429,LV-0004556,10,2025-10-01,2025-10-08,2025-10-20,12,Annual,60
P-001430,LV-0004557,12,2025-12-01,2025-12-06,2025-12-10,4,Casual,403
P-001431,LV-0004558,2,2025-02-01,2025-02-07,2025-02-19,12,Casual,75
P-001431,LV-0004559,5,2025-05-01,2025-05-06,2025-05-16,10,Annual,90
P-001431,LV-0004560,7,2025-07-01,2025-07-09,2025-07-18,9,Annual,60
P-001431,LV-0004561,10,2025-10-01,2025-10-07,2025-10-17,10,Annual,90
P-001432,LV-0004562,1,2025-01-01,2025-01-10,2025-01-18,8,Casual,76
P-001432,LV-0004563,7,2025-07-01,2025-07-07,2025-07-12,5,Casual,180
P-001432,LV-0004564,9,2025-09-01,2025-09-08,2025-09-21,13,Casual,60
P-001432,LV-0004565,11,2025-11-01,2025-11-08,2025-11-15,7,Annual,60
P-001433,LV-0004566,2,2025-02-01,2025-02-10,2025-02-23,13,Casual,84
P-001433,LV-0004567,5,2025-05-01,2025-05-11,2025-05-21,10,Casual,90
P-001434,LV-0004568,2,2025-02-01,2025-02-06,2025-02-13,7,Casual,77
P-001434,LV-0004569,9,2025-09-01,2025-09-10,2025-09-16,6,Casual,210
P-001434,LV-0004570,11,2025-11-01,2025-11-10,2025-11-20,10,Annual,60
P-001435,LV-0004571,3,2025-03-01,2025-03-06,2025-03-19,13,Casual,125
P-001435,LV-0004572,5,2025-05-01,2025-05-12,2025-05-19,7,Casual,60
P-001435,LV-0004573,7,2025-07-01,2025-07-06,2025-07-18,12,Annual,60
P-001435,LV-0004574,11,2025-11-01,2025-11-12,2025-11-19,7,Annual,120
P-001436,LV-0004575,2,2025-02-01,2025-02-09,2025-02-20,11,Annual,80
P-001436,LV-0004576,4,2025-04-01,2025-04-10,2025-04-19,9,Annual,60
P-001436,LV-0004577,6,2025-06-01,2025-06-08,2025-06-15,7,Casual,60
P-001436,LV-0004578,10,2025-10-01,2025-10-09,2025-10-19,10,Annual,120
P-001437,LV-0004579,3,2025-03-01,2025-03-11,2025-03-18,7,Casual,109
P-001437,LV-0004580,5,2025-05-01,2025-05-10,2025-05-23,13,Annual,60
P-001437,LV-0004581,7,2025-07-01,2025-07-09,2025-07-21,12,Annual,60
P-001437,LV-0004582,10,2025-10-01,2025-10-11,2025-10-24,13,Casual,90
P-001437,LV-0004583,12,2025-12-01,2025-12-06,2025-12-13,7,Casual,60
P-001438,LV-0004584,5,2025-05-01,2025-05-06,2025-05-11,5,Casual,191
P-001438,LV-0004585,10,2025-10-01,2025-10-07,2025-10-19,12,Casual,150
P-001438,LV-0004586,12,2025-12-01,2025-12-12,2025-12-21,9,Annual,60
P-001439,LV-0004587,2,2025-02-01,2025-02-09,2025-02-16,7,Casual,114
P-001439,LV-0004588,6,2025-06-01,2025-06-10,2025-06-21,11,Casual,120
P-001439,LV-0004589,8,2025-08-01,2025-08-06,2025-08-19,13,Casual,60
P-001439,LV-0004590,10,2025-10-01,2025-10-07,2025-10-19,12,Annual,60
P-001440,LV-0004591,2,2025-02-01,2025-02-10,2025-02-20,10,Casual,90
P-001440,LV-0004592,9,2025-09-01,2025-09-08,2025-09-14,6,Casual,210
P-001440,LV-0004593,11,2025-11-01,2025-11-11,2025-11-21,10,Annual,60
P-001441,LV-0004594,3,2025-03-01,2025-03-07,2025-03-17,10,Casual,126
P-001441,LV-0004595,8,2025-08-01,2025-08-12,2025-08-20,8,Casual,150
P-001441,LV-0004596,10,2025-10-01,2025-10-07,2025-10-17,10,Casual,60
P-001441,LV-0004597,12,2025-12-01,2025-12-12,2025-12-21,9,Annual,60
P-001442,LV-0004598,1,2025-01-01,2025-01-08,2025-01-15,7,Casual,62
P-001442,LV-0004599,8,2025-08-01,2025-08-09,2025-08-21,12,Casual,210
P-001442,LV-0004600,11,2025-11-01,2025-11-07,2025-11-17,10,Annual,90
P-001443,LV-0004601,10,2025-10-01,2025-10-06,2025-10-16,10,Casual,316
P-001444,LV-0004602,4,2025-04-01,2025-04-09,2025-04-21,12,Casual,174
P-001444,LV-0004603,7,2025-07-01,2025-07-07,2025-07-14,7,Casual,90
P-001444,LV-0004604,10,2025-10-01,2025-10-06,2025-10-18,12,Casual,90
P-001444,LV-0004605,12,2025-12-01,2025-12-11,2025-12-22,11,Casual,60
P-001445,LV-0004606,7,2025-07-01,2025-07-09,2025-07-14,5,Casual,237
P-001446,LV-0004607,3,2025-03-01,2025-03-07,2025-03-19,12,Annual,122
P-001446,LV-0004608,8,2025-08-01,2025-08-11,2025-08-19,8,Annual,150
P-001446,LV-0004609,11,2025-11-01,2025-11-06,2025-11-17,11,Casual,90
P-001447,LV-0004610,8,2025-08-01,2025-08-10,2025-08-15,5,Casual,297
P-001447,LV-0004611,10,2025-10-01,2025-10-07,2025-10-20,13,Annual,60
P-001447,LV-0004612,12,2025-12-01,2025-12-10,2025-12-17,7,Casual,60
P-001448,LV-0004613,8,2025-08-01,2025-08-07,2025-08-10,3,Casual,277
P-001449,LV-0004614,3,2025-03-01,2025-03-11,2025-03-22,11,Annual,125
P-001449,LV-0004615,6,2025-06-01,2025-06-12,2025-06-27,15,Recovery,90
P-001449,LV-0004616,9,2025-09-01,2025-09-11,2025-09-23,12,Casual,90
P-001449,LV-0004617,11,2025-11-01,2025-11-12,2025-11-21,9,Annual,60
P-001450,LV-0004618,3,2025-03-01,2025-03-06,2025-03-10,4,Casual,134
P-001450,LV-0004619,8,2025-08-01,2025-08-09,2025-08-15,6,Casual,150
P-001450,LV-0004620,10,2025-10-01,2025-10-12,2025-10-22,10,Annual,60
P-001451,LV-0004621,1,2025-01-01,2025-01-12,2025-01-20,8,Casual,60
P-001451,LV-0004622,3,2025-03-01,2025-03-08,2025-03-15,7,Annual,60
P-001451,LV-0004623,6,2025-06-01,2025-06-10,2025-06-18,8,Casual,90
P-001451,LV-0004624,8,2025-08-01,2025-08-07,2025-08-15,8,Casual,60
P-001452,LV-0004625,1,2025-01-01,2025-01-08,2025-01-17,9,Annual,86
P-001452,LV-0004626,3,2025-03-01,2025-03-08,2025-03-18,10,Annual,60
P-001452,LV-0004627,9,2025-09-01,2025-09-12,2025-09-22,10,Annual,180
P-001452,LV-0004628,11,2025-11-01,2025-11-11,2025-11-24,13,Annual,60
P-001453,LV-0004629,7,2025-07-01,2025-07-07,2025-07-11,4,Casual,258
P-001454,LV-0004630,2,2025-02-01,2025-02-10,2025-02-18,8,Annual,76
P-001454,LV-0004631,7,2025-07-01,2025-07-11,2025-07-15,4,Casual,150
P-001454,LV-0004632,9,2025-09-01,2025-09-12,2025-09-20,8,Medical/Authorized,60
P-001454,LV-0004633,11,2025-11-01,2025-11-07,2025-11-16,9,Annual,60
P-001455,LV-0004634,3,2025-03-01,2025-03-09,2025-03-17,8,Annual,137
P-001455,LV-0004635,5,2025-05-01,2025-05-06,2025-05-19,13,Medical/Authorized,60
P-001455,LV-0004636,7,2025-07-01,2025-07-11,2025-07-23,12,Annual,60
P-001456,LV-0004637,2,2025-02-01,2025-02-12,2025-02-24,12,Annual,78
P-001456,LV-0004638,5,2025-05-01,2025-05-10,2025-05-18,8,Casual,90
P-001456,LV-0004639,6,2025-06-01,2025-06-06,2025-06-20,14,Recovery,30
P-001456,LV-0004640,8,2025-08-01,2025-08-11,2025-08-19,8,Annual,60
P-001456,LV-0004641,10,2025-10-01,2025-10-12,2025-10-24,12,Annual,60
P-001457,LV-0004642,6,2025-06-01,2025-06-12,2025-06-16,4,Casual,226
P-001457,LV-0004643,10,2025-10-01,2025-10-06,2025-10-15,9,Annual,120
P-001457,LV-0004644,12,2025-12-01,2025-12-08,2025-12-17,9,Annual,60
P-001458,LV-0004645,1,2025-01-01,2025-01-07,2025-01-20,13,Annual,75
P-001458,LV-0004646,10,2025-10-01,2025-10-07,2025-10-14,7,Annual,270
P-001459,LV-0004647,1,2025-01-01,2025-01-06,2025-01-19,13,Annual,69
P-001459,LV-0004648,3,2025-03-01,2025-03-07,2025-03-18,11,Casual,60
P-001459,LV-0004649,5,2025-05-01,2025-05-11,2025-05-21,10,Annual,60
P-001459,LV-0004650,7,2025-07-01,2025-07-10,2025-07-22,12,Annual,60
P-001459,LV-0004651,9,2025-09-01,2025-09-08,2025-09-20,12,Annual,60
P-001459,LV-0004652,11,2025-11-01,2025-11-07,2025-11-14,7,Medical/Authorized,60
P-001460,LV-0004653,1,2025-01-01,2025-01-09,2025-01-19,10,Annual,84
P-001460,LV-0004654,11,2025-11-01,2025-11-12,2025-11-19,7,Annual,300
P-001461,LV-0004655,2,2025-02-01,2025-02-07,2025-02-18,11,Annual,103
P-001461,LV-0004656,4,2025-04-01,2025-04-12,2025-04-23,11,Casual,60
P-001461,LV-0004657,9,2025-09-01,2025-09-11,2025-09-21,10,Casual,150
P-001461,LV-0004658,12,2025-12-01,2025-12-10,2025-12-20,10,Casual,90
P-001462,LV-0004659,5,2025-05-01,2025-05-11,2025-05-15,4,Casual,166
P-001462,LV-0004660,12,2025-12-01,2025-12-07,2025-12-18,11,Annual,210
P-001463,LV-0004661,2,2025-02-01,2025-02-09,2025-02-16,7,Annual,98
P-001463,LV-0004662,4,2025-04-01,2025-04-06,2025-04-17,11,Casual,60
P-001463,LV-0004663,6,2025-06-01,2025-06-08,2025-06-21,13,Annual,60
P-001463,LV-0004664,9,2025-09-01,2025-09-06,2025-09-17,11,Casual,90
P-001464,LV-0004665,2,2025-02-01,2025-02-10,2025-02-17,7,Annual,75
P-001464,LV-0004666,8,2025-08-01,2025-08-11,2025-08-17,6,Casual,180
P-001464,LV-0004667,10,2025-10-01,2025-10-06,2025-10-13,7,Annual,60
P-001464,LV-0004668,12,2025-12-01,2025-12-06,2025-12-17,11,Medical/Authorized,60
P-001465,LV-0004669,1,2025-01-01,2025-01-08,2025-01-17,9,Annual,71
P-001465,LV-0004670,5,2025-05-01,2025-05-08,2025-05-20,12,Annual,120
P-001465,LV-0004671,7,2025-07-01,2025-07-12,2025-07-20,8,Annual,60
P-001465,LV-0004672,9,2025-09-01,2025-09-10,2025-09-17,7,Annual,60
P-001466,LV-0004673,2,2025-02-01,2025-02-10,2025-02-18,8,Annual,98
P-001466,LV-0004674,7,2025-07-01,2025-07-07,2025-07-17,10,Annual,150
P-001466,LV-0004675,12,2025-12-01,2025-12-07,2025-12-17,10,Annual,150
P-001467,LV-0004676,1,2025-01-01,2025-01-08,2025-01-17,9,Casual,66
P-001467,LV-0004677,7,2025-07-01,2025-07-12,2025-07-20,8,Annual,180
P-001467,LV-0004678,10,2025-10-01,2025-10-12,2025-10-24,12,Casual,90
P-001468,LV-0004679,1,2025-01-01,2025-01-09,2025-01-21,12,Annual,88
P-001468,LV-0004680,3,2025-03-01,2025-03-08,2025-03-21,13,Annual,60
P-001468,LV-0004681,6,2025-06-01,2025-06-10,2025-06-19,9,Annual,90
P-001468,LV-0004682,8,2025-08-01,2025-08-06,2025-08-19,13,Medical/Authorized,60
P-001468,LV-0004683,10,2025-10-01,2025-10-12,2025-10-22,10,Casual,60
P-001469,LV-0004684,4,2025-04-01,2025-04-06,2025-04-19,13,Medical/Authorized,171
P-001469,LV-0004685,6,2025-06-01,2025-06-11,2025-06-25,14,Recovery,60
P-001469,LV-0004686,9,2025-09-01,2025-09-10,2025-09-22,12,Annual,90
P-001470,LV-0004687,7,2025-07-01,2025-07-08,2025-07-13,5,Casual,241
