personnel_id,date,month_idx,duty_hours,overtime_hours,night_shifts,consecutive_duty_days,rest_hours,workload_score,operational_intensity,schedule_irregularity
P-000001,2025-01-01,1,187.9,8.7,3,4,93.6,26.3,2,1.1
P-000001,2025-02-01,2,196.6,6.1,4,5,88.4,32.4,2,1.46
P-000001,2025-03-01,3,182.1,1.8,1,4,100.2,18.0,2,1.58
P-000001,2025-04-01,4,186.0,0.0,0,7,96.2,19.9,2,1.67
P-000001,2025-05-01,5,186.3,5.3,1,3,92.1,22.4,2,1.83
P-000001,2025-06-01,6,181.6,11.7,2,6,87.6,25.9,2,1.01
P-000001,2025-07-01,7,183.2,6.6,2,4,91.0,22.4,2,1.04
P-000001,2025-08-01,8,189.3,2.4,3,5,96.2,25.4,2,1.52
P-000001,2025-09-01,9,186.1,2.7,4,3,93.9,25.0,2,1.47
P-000001,2025-10-01,10,184.0,8.5,2,3,91.0,23.7,2,1.39
P-000001,2025-11-01,11,186.5,3.1,0,5,92.8,21.4,2,1.95
P-000001,2025-12-01,12,173.9,8.8,0,4,93.6,17.0,2,1.35
P-000002,2025-01-01,1,183.3,8.6,4,5,88.6,28.3,2,1.28
P-000002,2025-02-01,2,182.9,6.6,0,4,89.4,20.6,2,1.58
P-000002,2025-03-01,3,178.4,4.8,0,5,90.1,18.7,2,1.51
P-000002,2025-04-01,4,174.6,8.1,0,5,88.8,18.2,2,1.23
P-000002,2025-05-01,5,180.1,2.0,3,3,91.2,21.7,2,1.57
P-000002,2025-06-01,6,224.4,30.3,7,7,60.9,67.6,4,2.99
P-000002,2025-07-01,7,209.0,28.6,4,7,61.4,54.8,4,2.37
P-000002,2025-08-01,8,185.1,13.0,4,4,86.8,32.0,2,1.89
P-000002,2025-09-01,9,179.7,8.7,3,6,88.5,26.4,2,1.41
P-000002,2025-10-01,10,181.0,5.4,2,5,89.8,22.9,2,1.39
P-000002,2025-11-01,11,175.5,4.2,3,4,90.3,21.7,2,1.5
P-000002,2025-12-01,12,180.1,2.9,3,4,90.8,22.0,2,1.26
P-000003,2025-01-01,1,171.6,1.6,4,4,91.4,21.7,2,1.91
P-000003,2025-02-01,2,180.6,1.4,0,3,91.4,16.1,2,1.39
P-000003,2025-03-01,3,223.8,36.3,6,9,44.1,75.3,4,4.06
P-000003,2025-04-01,4,224.4,31.7,11,7,45.5,79.8,4,3.82
P-000003,2025-05-01,5,224.2,36.0,7,11,44.2,79.0,3,4.31
P-000003,2025-06-01,6,217.9,35.3,8,9,44.4,76.7,4,4.27
P-000003,2025-07-01,7,217.4,36.2,11,11,44.1,82.5,4,3.98
P-000003,2025-08-01,8,221.0,38.4,9,7,43.5,78.3,3,3.78
P-000003,2025-09-01,9,219.9,35.1,6,11,44.5,75.1,3,4.23
P-000003,2025-10-01,10,177.9,10.5,2,3,87.8,24.8,2,2.14
P-000003,2025-11-01,11,175.8,12.0,4,5,87.2,28.0,2,1.55
P-000003,2025-12-01,12,177.6,5.2,2,3,89.9,21.1,2,1.72
P-000004,2025-01-01,1,194.2,8.2,1,5,86.7,28.2,2,1.66
P-000004,2025-02-01,2,180.5,4.1,2,6,88.4,25.8,2,2.47
P-000004,2025-03-01,3,176.5,8.9,4,4,86.5,27.0,2,1.77
P-000004,2025-04-01,4,211.0,39.6,7,8,45.3,72.9,4,4.01
P-000004,2025-05-01,5,228.2,28.2,4,10,46.6,70.6,4,4.14
P-000004,2025-06-01,6,227.4,25.2,4,7,51.3,64.9,4,3.61
P-000004,2025-07-01,7,223.3,22.1,7,11,46.7,71.9,3,4.11
P-000004,2025-08-01,8,225.9,37.6,9,11,45.7,82.8,4,4.14
P-000004,2025-09-01,9,184.2,7.7,1,4,86.9,24.5,2,1.92
P-000004,2025-10-01,10,187.9,16.5,4,4,83.4,35.3,2,2.0
P-000004,2025-11-01,11,184.1,10.7,1,5,85.7,25.7,2,1.54
P-000004,2025-12-01,12,191.0,9.2,1,4,86.3,25.9,2,1.23
P-000005,2025-01-01,1,179.3,3.5,0,4,90.9,18.9,2,2.0
P-000005,2025-02-01,2,186.7,2.1,2,6,93.2,24.2,2,1.64
P-000005,2025-03-01,3,176.9,10.6,0,4,86.0,20.9,2,1.63
P-000005,2025-04-01,4,187.7,3.1,2,5,97.9,23.3,2,1.61
P-000005,2025-05-01,5,185.7,7.8,3,3,89.8,27.1,2,1.87
P-000005,2025-06-01,6,183.8,5.1,4,6,89.9,27.2,2,1.19
P-000005,2025-07-01,7,183.3,5.9,2,6,99.4,22.6,2,1.31
P-000005,2025-08-01,8,191.3,4.3,1,5,88.7,24.5,2,1.36
P-000005,2025-09-01,9,182.0,7.0,3,4,92.9,24.4,2,1.39
P-000005,2025-10-01,10,177.1,5.1,1,4,87.9,19.5,2,1.39
P-000005,2025-11-01,11,181.2,3.0,3,6,99.3,22.9,2,1.52
P-000005,2025-12-01,12,190.7,10.2,1,6,94.5,26.3,2,1.35
P-000006,2025-01-01,1,164.2,0.8,3,4,94.4,15.6,2,1.56
P-000006,2025-02-01,2,165.9,6.8,3,5,90.8,19.7,2,1.4
P-000006,2025-03-01,3,170.1,6.0,2,4,90.5,19.0,2,1.58
P-000006,2025-04-01,4,167.1,8.2,1,5,93.5,16.5,2,1.27
P-000006,2025-05-01,5,163.8,7.1,3,4,92.6,17.4,3,1.11
P-000006,2025-06-01,6,172.2,5.3,0,4,94.7,13.9,2,1.01
P-000006,2025-07-01,7,165.6,10.3,3,5,82.9,22.0,2,1.18
P-000006,2025-08-01,8,173.1,4.3,1,6,98.4,17.1,2,1.42
P-000006,2025-09-01,9,168.2,10.5,1,4,96.5,18.3,2,1.92
P-000006,2025-10-01,10,170.9,7.0,3,5,92.6,22.1,2,1.77
P-000006,2025-11-01,11,156.7,5.9,0,5,91.2,12.0,2,1.78
P-000006,2025-12-01,12,164.4,0.0,3,5,91.6,16.3,2,1.44
P-000007,2025-01-01,1,179.2,4.9,2,5,93.8,22.8,2,1.98
P-000007,2025-02-01,2,189.3,5.8,4,5,96.0,28.5,2,1.53
P-000007,2025-03-01,3,182.9,1.5,1,5,95.3,19.3,2,1.39
P-000007,2025-04-01,4,187.8,5.1,0,6,91.7,22.0,2,1.34
P-000007,2025-05-01,5,184.6,2.8,3,6,97.7,22.9,2,1.0
P-000007,2025-06-01,6,183.8,2.4,4,5,98.5,25.3,2,1.76
P-000007,2025-07-01,7,180.4,5.6,4,5,89.8,27.0,2,1.77
P-000007,2025-08-01,8,182.9,4.5,1,4,92.6,21.0,2,1.64
P-000007,2025-09-01,9,187.2,4.9,1,3,92.1,22.7,2,1.91
P-000007,2025-10-01,10,181.4,7.9,2,3,95.6,22.2,2,1.61
P-000007,2025-11-01,11,180.8,11.1,4,6,89.6,29.8,2,1.62
P-000007,2025-12-01,12,191.8,9.7,3,4,90.5,28.4,2,1.0
P-000008,2025-01-01,1,183.9,18.5,5,7,74.6,42.4,3,2.95
P-000008,2025-02-01,2,186.5,13.3,5,4,76.7,37.8,3,2.54
P-000008,2025-03-01,3,182.3,12.5,2,4,77.0,31.0,3,2.55
P-000008,2025-04-01,4,218.9,40.6,8,10,40.5,81.4,5,4.59
P-000008,2025-05-01,5,238.7,39.7,6,11,47.7,83.7,5,4.48
P-000008,2025-06-01,6,243.4,46.2,8,11,42.7,93.6,5,5.0
P-000008,2025-07-01,7,240.5,55.0,8,9,36.3,95.3,5,4.65
P-000008,2025-08-01,8,240.1,51.3,14,9,38.4,98.0,5,4.31
P-000008,2025-09-01,9,247.1,49.9,13,8,36.9,98.0,5,4.55
P-000008,2025-10-01,10,262.1,51.2,13,10,31.9,98.0,5,4.38
P-000008,2025-11-01,11,249.6,53.1,10,13,35.3,98.0,5,3.8
P-000008,2025-12-01,12,259.3,48.6,14,13,34.6,98.0,5,4.21
P-000009,2025-01-01,1,180.2,19.7,1,6,82.1,29.0,2,1.38
P-000009,2025-02-01,2,170.6,13.2,3,5,84.7,25.7,2,1.6
P-000009,2025-03-01,3,172.2,4.8,1,3,88.1,18.2,2,1.89
P-000009,2025-04-01,4,206.7,35.6,7,11,50.3,70.5,3,3.88
P-000009,2025-05-01,5,203.5,29.9,4,6,51.1,57.1,4,3.33
P-000009,2025-06-01,6,216.1,33.3,5,9,47.5,67.7,4,3.48
P-000009,2025-07-01,7,208.1,32.9,4,10,48.0,64.6,4,3.88
P-000009,2025-08-01,8,210.6,35.7,5,13,44.6,70.1,4,3.55
P-000009,2025-09-01,9,181.4,12.8,4,4,84.9,29.5,2,1.28
P-000009,2025-10-01,10,178.9,11.9,1,6,85.2,25.8,2,1.79
P-000009,2025-11-01,11,173.0,9.4,3,6,86.2,25.4,2,1.63
P-000009,2025-12-01,12,176.3,6.1,3,3,87.6,22.3,2,1.39
P-000010,2025-01-01,1,175.1,11.0,3,5,87.6,26.4,2,1.84
P-000010,2025-02-01,2,170.8,5.9,1,5,89.6,19.3,2,1.97
P-000010,2025-03-01,3,215.3,39.8,6,10,43.1,72.7,3,3.27
P-000010,2025-04-01,4,216.9,33.7,8,11,44.9,76.2,3,4.01
P-000010,2025-05-01,5,223.1,43.5,4,11,41.9,77.2,4,4.34
P-000010,2025-06-01,6,220.5,33.5,9,7,44.9,75.9,3,3.82
P-000010,2025-07-01,7,206.9,33.0,10,9,45.1,75.5,4,4.45
P-000010,2025-08-01,8,228.3,36.0,4,8,44.2,71.2,3,3.45
P-000010,2025-09-01,9,219.7,43.1,6,7,42.1,75.2,3,3.85
P-000010,2025-10-01,10,165.8,14.9,4,3,86.0,25.5,2,1.9
P-000010,2025-11-01,11,165.6,9.7,3,5,88.1,22.2,2,1.77
P-000010,2025-12-01,12,175.5,8.3,4,5,88.7,26.7,2,1.76
P-000011,2025-01-01,1,174.9,2.8,0,4,93.3,14.5,2,1.17
P-000011,2025-02-01,2,183.4,8.4,2,4,92.3,23.8,2,1.36
P-000011,2025-03-01,3,176.4,3.6,1,3,89.6,17.7,2,1.44
P-000011,2025-04-01,4,173.1,5.5,3,4,90.4,21.8,3,1.67
P-000011,2025-05-01,5,172.5,4.8,0,4,94.2,15.4,2,1.6
P-000011,2025-06-01,6,182.5,11.7,3,4,88.5,28.7,2,1.95
P-000011,2025-07-01,7,172.8,6.5,1,4,88.0,19.0,2,1.62
P-000011,2025-08-01,8,173.0,4.1,2,5,91.9,19.4,2,1.5
P-000011,2025-09-01,9,185.1,3.2,0,6,92.1,20.1,2,1.31
P-000011,2025-10-01,10,178.8,10.7,3,4,91.8,25.6,2,1.66
P-000011,2025-11-01,11,181.0,6.3,4,3,84.9,26.7,2,1.6
P-000011,2025-12-01,12,172.5,5.0,2,6,93.0,19.4,2,1.21
P-000012,2025-01-01,1,183.0,12.9,3,4,86.9,28.6,2,1.53
P-000012,2025-02-01,2,184.2,6.5,3,4,89.4,25.0,2,1.16
P-000012,2025-03-01,3,188.1,13.8,3,5,86.5,30.4,2,1.09
P-000012,2025-04-01,4,199.0,2.3,1,6,91.1,25.9,2,1.09
P-000012,2025-05-01,5,181.4,12.0,4,5,87.2,30.6,2,1.77
P-000012,2025-06-01,6,219.9,23.8,3,6,62.9,54.4,4,2.52
P-000012,2025-07-01,7,219.8,26.0,3,8,62.2,58.4,4,3.18
P-000012,2025-08-01,8,181.8,4.9,2,4,90.1,21.8,2,1.2
P-000012,2025-09-01,9,179.9,6.2,0,4,89.5,20.4,2,1.98
P-000012,2025-10-01,10,193.2,7.8,4,4,88.9,32.1,2,1.82
P-000012,2025-11-01,11,183.2,2.2,1,4,91.1,19.1,2,1.13
P-000012,2025-12-01,12,182.1,3.7,2,6,90.5,24.2,2,1.81
P-000013,2025-01-01,1,194.9,11.9,4,5,77.2,38.6,3,2.37
P-000013,2025-02-01,2,185.5,21.6,1,7,73.4,38.1,3,3.01
P-000013,2025-03-01,3,177.4,12.9,3,5,76.8,31.6,3,2.49
P-000013,2025-04-01,4,233.3,40.0,9,10,46.7,85.7,5,4.21
P-000013,2025-05-01,5,227.1,50.7,10,7,40.2,89.8,5,4.54
P-000013,2025-06-01,6,244.8,37.8,13,9,42.9,95.1,5,4.03
P-000013,2025-07-01,7,247.4,48.8,11,11,37.9,98.0,5,4.13
P-000013,2025-08-01,8,250.9,51.8,9,13,41.9,98.0,5,4.27
P-000013,2025-09-01,9,249.6,49.5,12,8,33.9,98.0,5,4.02
P-000013,2025-10-01,10,265.3,47.8,13,9,39.3,98.0,5,5.0
P-000013,2025-11-01,11,266.0,45.0,14,10,34.7,98.0,5,4.55
P-000013,2025-12-01,12,261.2,51.2,14,9,38.3,98.0,5,4.5
P-000014,2025-01-01,1,178.6,4.1,4,5,91.3,25.5,2,1.75
P-000014,2025-02-01,2,180.0,9.2,2,4,87.2,23.0,2,1.0
P-000014,2025-03-01,3,176.6,2.6,0,4,94.0,16.4,2,1.8
P-000014,2025-04-01,4,182.2,7.7,0,5,90.5,22.0,2,1.85
P-000014,2025-05-01,5,185.0,11.5,2,4,88.2,27.1,2,1.61
P-000014,2025-06-01,6,183.3,6.6,0,4,88.1,21.0,2,1.59
P-000014,2025-07-01,7,177.0,9.2,3,4,86.3,23.8,2,1.02
P-000014,2025-08-01,8,177.9,4.3,1,4,96.9,17.7,2,1.39
P-000014,2025-09-01,9,185.1,6.8,2,5,89.7,25.4,2,1.57
P-000014,2025-10-01,10,183.7,5.6,3,4,96.5,22.9,2,1.07
P-000014,2025-11-01,11,180.3,8.6,1,4,88.2,22.0,2,1.41
P-000014,2025-12-01,12,183.4,11.3,1,4,93.4,22.4,2,1.09
P-000015,2025-01-01,1,183.2,3.8,2,4,97.4,20.8,2,1.35
P-000015,2025-02-01,2,181.5,3.8,3,5,95.6,22.8,2,1.3
P-000015,2025-03-01,3,194.7,5.3,4,5,90.0,31.0,2,1.43
P-000015,2025-04-01,4,179.2,8.9,1,3,92.8,21.2,2,1.78
P-000015,2025-05-01,5,180.4,5.8,1,5,95.0,20.9,2,1.66
P-000015,2025-06-01,6,183.7,7.8,4,4,92.9,27.5,2,1.62
P-000015,2025-07-01,7,192.6,6.6,3,4,88.5,29.4,2,1.64
P-000015,2025-08-01,8,184.7,2.7,1,6,92.9,21.6,2,1.43
P-000015,2025-09-01,9,180.3,3.0,1,5,96.6,19.6,2,1.74
P-000015,2025-10-01,10,185.3,6.9,1,7,90.6,25.4,2,1.72
P-000015,2025-11-01,11,191.5,1.8,1,4,91.9,23.1,2,1.7
P-000015,2025-12-01,12,180.4,9.5,1,4,86.3,23.5,2,1.7
P-000016,2025-01-01,1,169.6,7.0,4,4,92.2,22.0,2,1.48
P-000016,2025-02-01,2,172.2,1.8,2,4,88.8,17.8,2,1.4
P-000016,2025-03-01,3,172.4,8.9,3,6,88.6,24.7,2,1.71
P-000016,2025-04-01,4,163.3,6.0,2,4,89.0,15.5,2,1.0
P-000016,2025-05-01,5,178.3,9.4,2,4,90.9,23.3,2,1.62
P-000016,2025-06-01,6,166.9,7.5,3,4,94.4,19.4,2,1.56
P-000016,2025-07-01,7,169.3,0.0,2,3,90.9,16.3,2,1.91
P-000016,2025-08-01,8,170.9,0.0,0,5,92.4,12.3,2,1.0
P-000016,2025-09-01,9,171.0,9.7,0,6,92.4,18.3,2,1.5
P-000016,2025-10-01,10,171.4,12.8,1,3,92.4,19.4,2,1.5
P-000016,2025-11-01,11,174.2,0.9,0,6,93.0,15.7,2,1.5
P-000016,2025-12-01,12,172.3,2.2,3,4,94.8,18.9,2,1.5
P-000017,2025-01-01,1,166.8,6.3,3,4,95.5,18.6,2,1.55
P-000017,2025-02-01,2,173.9,9.6,4,3,90.5,23.9,2,1.36
P-000017,2025-03-01,3,167.3,5.2,0,4,94.2,14.0,2,1.7
P-000017,2025-04-01,4,169.3,9.2,4,4,89.8,23.9,2,1.72
P-000017,2025-05-01,5,168.3,3.4,0,6,91.0,14.2,2,1.16
P-000017,2025-06-01,6,169.6,6.6,2,4,96.0,17.2,2,1.23
P-000017,2025-07-01,7,169.0,2.9,0,5,95.7,13.6,2,1.52
P-000017,2025-08-01,8,176.3,6.5,2,6,93.3,21.2,2,1.18
P-000017,2025-09-01,9,176.9,4.2,4,3,91.7,23.5,2,1.74
P-000017,2025-10-01,10,168.0,9.5,1,4,87.6,17.9,2,1.32
P-000017,2025-11-01,11,166.0,8.0,4,3,89.2,21.8,2,1.77
P-000017,2025-12-01,12,168.0,3.1,1,4,97.2,13.3,2,1.26
P-000018,2025-01-01,1,184.0,8.3,2,6,86.7,28.6,2,2.27
P-000018,2025-02-01,2,181.4,11.0,3,6,85.6,29.2,2,1.65
P-000018,2025-03-01,3,179.9,15.5,4,6,83.8,33.3,2,1.97
P-000018,2025-04-01,4,220.8,26.7,8,6,40.6,70.9,4,3.52
P-000018,2025-05-01,5,211.2,29.0,5,6,55.9,61.2,4,3.75
P-000018,2025-06-01,6,211.9,29.5,4,9,49.6,60.7,4,2.76
P-000018,2025-07-01,7,212.2,37.9,4,7,42.4,66.9,4,3.77
P-000018,2025-08-01,8,224.4,19.2,8,8,56.4,67.8,3,3.65
P-000018,2025-09-01,9,185.9,8.1,2,5,86.8,26.7,2,1.56
P-000018,2025-10-01,10,179.6,7.3,2,4,87.1,24.9,2,2.14
P-000018,2025-11-01,11,186.1,7.2,3,7,87.1,29.6,2,1.68
P-000018,2025-12-01,12,178.1,8.9,3,3,86.4,25.1,2,1.7
P-000019,2025-01-01,1,180.9,10.6,1,4,90.8,23.6,2,1.84
P-000019,2025-02-01,2,170.6,8.0,1,6,94.1,18.9,2,1.53
P-000019,2025-03-01,3,177.4,8.9,1,4,93.2,20.5,2,1.55
P-000019,2025-04-01,4,174.5,11.3,2,3,88.9,23.1,2,1.84
P-000019,2025-05-01,5,173.2,8.2,3,6,97.1,23.5,2,1.89
P-000019,2025-06-01,6,170.2,9.8,1,4,90.3,17.5,2,1.0
P-000019,2025-07-01,7,174.8,0.0,4,3,95.8,19.7,2,1.54
P-000019,2025-08-01,8,173.7,4.7,2,3,93.0,18.6,2,1.6
P-000019,2025-09-01,9,174.6,6.6,0,3,91.6,15.2,2,1.0
P-000019,2025-10-01,10,170.5,6.3,2,4,87.2,21.8,2,2.35
P-000019,2025-11-01,11,178.8,6.2,2,3,92.2,19.7,2,1.01
P-000019,2025-12-01,12,167.4,5.8,2,6,95.4,19.3,2,1.93
P-000020,2025-01-01,1,169.0,8.3,0,5,93.6,15.0,2,1.06
P-000020,2025-02-01,2,171.1,8.3,1,3,97.2,16.9,2,1.66
P-000020,2025-03-01,3,177.6,6.3,4,5,90.6,25.9,2,1.64
P-000020,2025-04-01,4,174.8,8.6,1,6,92.8,20.6,2,1.43
P-000020,2025-05-01,5,169.7,4.1,3,5,91.3,19.6,2,1.31
P-000020,2025-06-01,6,175.7,4.6,1,6,91.6,19.5,2,1.46
P-000020,2025-07-01,7,175.2,6.3,2,6,93.1,20.5,2,1.06
P-000020,2025-08-01,8,173.3,7.5,2,7,90.6,22.0,2,1.27
P-000020,2025-09-01,9,173.3,3.3,4,4,93.9,21.7,2,1.57
P-000020,2025-10-01,10,168.6,10.4,1,5,86.9,19.8,2,1.51
P-000020,2025-11-01,11,172.0,9.9,2,5,87.8,22.7,2,1.65
P-000020,2025-12-01,12,172.8,7.0,3,6,97.8,21.8,2,1.5
P-000021,2025-01-01,1,174.9,8.0,3,4,86.8,24.5,2,1.8
P-000021,2025-02-01,2,174.0,6.5,3,5,87.4,23.5,2,1.58
P-000021,2025-03-01,3,171.2,14.3,1,4,84.3,23.2,2,1.92
P-000021,2025-04-01,4,204.7,30.5,6,11,45.5,66.7,3,3.82
P-000021,2025-05-01,5,206.0,36.3,4,9,40.0,65.5,4,3.65
P-000021,2025-06-01,6,201.6,29.6,8,8,45.2,67.0,3,3.97
P-000021,2025-07-01,7,207.4,28.7,4,6,57.7,59.8,3,4.55
P-000021,2025-08-01,8,208.8,43.2,9,6,40.0,76.6,3,4.03
P-000021,2025-09-01,9,174.4,6.8,1,5,87.3,21.2,2,1.88
P-000021,2025-10-01,10,177.4,13.2,3,4,84.7,28.5,2,2.07
P-000021,2025-11-01,11,166.9,6.5,4,5,87.4,22.5,2,1.54
P-000021,2025-12-01,12,179.1,0.1,2,5,89.9,20.4,2,1.54
P-000022,2025-01-01,1,173.2,4.0,2,5,94.8,18.8,2,1.43
P-000022,2025-02-01,2,178.0,5.5,2,3,90.7,21.1,2,1.67
P-000022,2025-03-01,3,172.9,8.9,3,4,86.6,23.7,2,1.6
P-000022,2025-04-01,4,172.9,2.0,2,4,87.8,18.5,2,1.44
P-000022,2025-05-01,5,179.3,5.6,0,5,87.6,19.1,2,1.25
P-000022,2025-06-01,6,170.7,6.3,0,4,91.9,17.0,2,2.06
P-000022,2025-07-01,7,172.0,5.1,0,4,94.6,13.9,2,1.07
P-000022,2025-08-01,8,176.1,10.2,4,4,87.5,27.6,2,1.91
P-000022,2025-09-01,9,170.5,5.0,1,6,88.7,18.3,2,1.4
P-000022,2025-10-01,10,170.2,8.7,3,3,90.6,22.0,2,1.91
P-000022,2025-11-01,11,165.2,0.8,1,6,94.8,13.1,2,1.21
P-000022,2025-12-01,12,176.0,7.7,2,3,92.7,21.8,2,2.03
P-000023,2025-01-01,1,183.7,8.3,4,4,93.8,28.2,2,1.9
P-000023,2025-02-01,2,176.8,3.1,2,5,97.2,20.3,2,1.87
P-000023,2025-03-01,3,183.3,9.1,2,4,90.4,24.7,2,1.47
P-000023,2025-04-01,4,167.8,5.7,1,5,95.8,16.0,2,1.53
P-000023,2025-05-01,5,179.4,7.3,2,4,91.9,23.6,2,1.98
P-000023,2025-06-01,6,180.1,4.4,0,5,93.0,17.8,2,1.21
P-000023,2025-07-01,7,178.3,9.4,0,4,89.5,19.1,2,1.17
P-000023,2025-08-01,8,177.7,3.6,2,4,90.7,21.2,2,1.81
P-000023,2025-09-01,9,179.2,1.9,2,4,92.0,20.7,2,1.78
P-000023,2025-10-01,10,170.8,0.0,4,5,94.4,20.1,2,1.59
P-000023,2025-11-01,11,175.3,8.2,4,3,94.5,23.5,2,1.5
P-000023,2025-12-01,12,184.8,10.7,2,5,84.5,26.4,2,1.0
P-000024,2025-01-01,1,184.0,7.5,1,4,87.9,22.5,2,1.24
P-000024,2025-02-01,2,174.6,4.2,3,4,96.7,20.6,2,1.67
P-000024,2025-03-01,3,181.5,9.2,4,4,96.0,26.7,2,1.61
P-000024,2025-04-01,4,179.3,9.0,2,5,86.9,24.2,2,1.32
P-000024,2025-05-01,5,174.7,6.0,2,4,90.3,19.9,2,1.3
P-000024,2025-06-01,6,177.6,0.0,1,5,88.6,18.2,2,1.47
P-000024,2025-07-01,7,177.5,5.2,2,3,95.2,19.4,2,1.43
P-000024,2025-08-01,8,179.5,5.4,3,4,91.0,26.0,2,2.52
P-000024,2025-09-01,9,175.1,7.5,4,3,91.9,23.9,2,1.62
P-000024,2025-10-01,10,170.5,0.0,1,5,94.9,14.5,2,1.47
P-000024,2025-11-01,11,173.7,5.1,2,4,91.3,18.8,2,1.19
P-000024,2025-12-01,12,179.8,1.7,2,5,98.3,20.6,2,1.88
P-000025,2025-01-01,1,182.8,8.6,3,4,93.2,25.9,2,1.65
P-000025,2025-02-01,2,179.4,9.4,2,5,88.9,24.4,2,1.48
P-000025,2025-03-01,3,178.7,3.3,0,4,90.5,16.8,2,1.25
P-000025,2025-04-01,4,179.3,5.9,2,4,87.9,22.6,2,1.54
P-000025,2025-05-01,5,181.0,8.9,2,5,91.1,24.7,2,1.61
P-000025,2025-06-01,6,182.0,5.7,4,4,91.4,26.5,2,1.67
P-000025,2025-07-01,7,183.8,1.2,4,5,96.3,25.7,2,1.99
P-000025,2025-08-01,8,176.9,6.3,1,5,83.8,21.1,2,1.32
P-000025,2025-09-01,9,175.9,6.8,1,3,90.3,17.7,2,1.01
P-000025,2025-10-01,10,178.1,9.8,3,5,93.9,24.9,2,1.51
P-000025,2025-11-01,11,179.6,8.6,1,5,91.2,21.5,2,1.25
P-000025,2025-12-01,12,178.3,5.9,0,6,91.9,20.3,2,1.87
P-000026,2025-01-01,1,187.1,11.6,3,6,77.4,35.7,3,2.77
P-000026,2025-02-01,2,193.7,16.8,5,4,75.3,44.0,3,3.33
P-000026,2025-03-01,3,187.3,9.9,5,6,78.1,36.2,3,1.94
P-000026,2025-04-01,4,245.9,47.5,10,8,44.8,94.3,5,4.33
P-000026,2025-05-01,5,244.2,44.7,5,10,37.0,88.3,5,4.85
P-000026,2025-06-01,6,246.5,39.0,7,7,43.3,87.3,5,5.0
P-000026,2025-07-01,7,251.6,43.1,5,8,38.3,86.7,5,4.1
P-000026,2025-08-01,8,253.0,58.7,10,14,37.9,98.0,5,4.43
P-000026,2025-09-01,9,252.2,60.2,9,11,38.4,98.0,5,4.27
P-000026,2025-10-01,10,257.1,46.3,6,10,34.9,95.9,5,4.99
P-000026,2025-11-01,11,269.8,54.3,14,7,38.3,98.0,5,4.14
P-000026,2025-12-01,12,261.1,50.7,10,9,35.6,98.0,5,3.6
P-000027,2025-01-01,1,173.7,5.9,2,5,92.6,19.7,2,1.25
P-000027,2025-02-01,2,180.8,3.3,1,4,92.2,19.4,2,1.49
P-000027,2025-03-01,3,190.4,8.5,2,5,94.6,26.2,2,1.24
P-000027,2025-04-01,4,172.2,6.0,2,4,94.8,18.3,2,1.33
P-000027,2025-05-01,5,181.8,7.9,2,3,89.6,23.2,2,1.5
P-000027,2025-06-01,6,177.4,5.4,2,6,90.6,22.0,2,1.34
P-000027,2025-07-01,7,178.7,7.6,0,6,91.0,19.9,2,1.28
P-000027,2025-08-01,8,178.0,12.6,3,3,93.4,24.2,2,1.24
P-000027,2025-09-01,9,178.1,5.2,4,5,90.2,25.4,2,1.52
P-000027,2025-10-01,10,185.3,10.6,3,5,92.2,27.4,2,1.23
P-000027,2025-11-01,11,176.2,5.9,2,5,95.6,19.6,2,1.1
P-000027,2025-12-01,12,185.5,0.1,1,5,97.1,19.7,2,1.6
P-000028,2025-01-01,1,175.1,10.9,2,5,85.6,25.2,2,1.91
P-000028,2025-02-01,2,181.1,7.4,4,4,87.0,27.2,2,1.5
P-000028,2025-03-01,3,176.5,13.1,2,6,84.8,29.3,2,2.66
P-000028,2025-04-01,4,222.5,33.0,4,11,45.5,68.6,4,3.0
P-000028,2025-05-01,5,219.3,41.6,4,9,43.1,73.7,4,4.38
P-000028,2025-06-01,6,215.7,35.2,4,6,48.4,66.6,4,4.34
P-000028,2025-07-01,7,216.8,35.3,6,13,47.4,72.3,4,3.17
P-000028,2025-08-01,8,206.7,40.0,8,6,44.3,69.8,4,3.11
P-000028,2025-09-01,9,184.5,9.9,3,4,86.0,30.4,2,2.46
P-000028,2025-10-01,10,178.5,14.1,2,3,84.4,26.0,2,1.67
P-000028,2025-11-01,11,176.9,7.7,1,4,86.9,22.8,2,2.25
P-000028,2025-12-01,12,183.5,13.2,1,3,84.7,26.1,2,1.83
P-000029,2025-01-01,1,175.1,6.2,4,4,87.5,23.9,2,1.26
P-000029,2025-02-01,2,179.5,14.9,1,4,84.0,25.8,2,1.68
P-000029,2025-03-01,3,178.4,11.6,1,5,85.4,24.6,2,1.75
P-000029,2025-04-01,4,225.7,26.7,4,8,53.9,64.3,4,3.33
P-000029,2025-05-01,5,225.8,29.9,6,6,49.7,68.1,3,3.17
P-000029,2025-06-01,6,216.2,27.5,8,8,53.7,68.8,4,3.63
P-000029,2025-07-01,7,220.2,37.5,4,8,41.8,68.8,4,3.18
P-000029,2025-08-01,8,227.6,25.5,7,9,55.7,69.0,4,2.98
P-000029,2025-09-01,9,181.8,12.9,2,6,84.8,28.2,2,1.49
P-000029,2025-10-01,10,184.6,10.1,2,3,86.0,25.8,2,1.49
P-000029,2025-11-01,11,177.6,7.0,2,3,87.2,23.4,2,2.12
P-000029,2025-12-01,12,178.7,13.8,1,3,84.5,25.1,2,1.99
P-000030,2025-01-01,1,183.8,1.2,2,4,94.7,21.2,2,1.65
P-000030,2025-02-01,2,184.7,3.4,0,6,90.7,20.8,2,1.52
P-000030,2025-03-01,3,175.0,12.1,2,4,91.5,22.7,2,1.42
P-000030,2025-04-01,4,185.5,3.1,0,3,94.4,18.1,2,1.46
P-000030,2025-05-01,5,188.4,6.3,2,5,99.8,25.1,3,1.86
P-000030,2025-06-01,6,186.0,5.9,1,5,95.6,22.8,2,1.69
P-000030,2025-07-01,7,180.8,6.9,1,5,93.4,21.4,2,1.49
P-000030,2025-08-01,8,178.7,4.6,1,6,96.4,21.3,2,2.11
P-000030,2025-09-01,9,189.6,4.7,1,5,93.9,23.7,2,1.6
P-000030,2025-10-01,10,176.4,6.3,3,4,86.3,23.0,2,1.24
P-000030,2025-11-01,11,178.4,5.4,1,3,95.7,19.3,2,1.93
P-000030,2025-12-01,12,183.8,7.8,1,4,88.5,24.2,2,1.95
P-000031,2025-01-01,1,184.6,10.9,1,3,85.6,26.2,2,2.19
P-000031,2025-02-01,2,171.9,8.3,1,5,86.7,22.1,2,2.28
P-000031,2025-03-01,3,175.5,13.3,3,6,84.7,27.1,2,1.2
P-000031,2025-04-01,4,211.6,27.4,9,9,48.4,70.9,4,3.8
P-000031,2025-05-01,5,210.7,41.1,4,11,40.7,71.4,3,4.08
P-000031,2025-06-01,6,218.6,25.0,10,11,55.1,75.1,3,4.22
P-000031,2025-07-01,7,218.9,30.8,7,8,45.5,71.6,3,3.88
P-000031,2025-08-01,8,215.2,34.5,4,9,42.7,68.9,4,4.24
P-000031,2025-09-01,9,182.6,9.7,2,4,86.1,26.5,2,1.86
P-000031,2025-10-01,10,179.5,8.6,3,3,86.6,25.9,2,1.9
P-000031,2025-11-01,11,177.1,16.5,2,5,83.4,29.5,2,2.23
P-000031,2025-12-01,12,186.4,12.7,1,4,84.9,27.2,2,1.69
P-000032,2025-01-01,1,166.8,5.9,4,5,92.4,22.6,2,2.03
P-000032,2025-02-01,2,167.8,5.6,2,3,96.5,16.5,2,1.68
P-000032,2025-03-01,3,171.1,6.4,2,6,91.0,19.9,2,1.23
P-000032,2025-04-01,4,165.3,2.1,4,3,94.4,18.1,2,1.77
P-000032,2025-05-01,5,173.2,9.5,2,5,87.8,22.7,2,1.58
P-000032,2025-06-01,6,172.8,0.7,0,3,90.6,14.2,2,1.77
P-000032,2025-07-01,7,173.9,10.2,1,5,86.6,21.5,2,1.43
P-000032,2025-08-01,8,166.3,10.7,2,5,90.6,19.8,2,1.38
P-000032,2025-09-01,9,171.0,5.5,3,4,92.1,19.6,2,1.24
P-000032,2025-10-01,10,173.9,9.0,3,4,91.6,23.6,2,1.81
P-000032,2025-11-01,11,170.9,3.7,3,6,91.4,21.6,2,1.75
P-000032,2025-12-01,12,173.3,6.5,2,3,91.2,18.2,2,1.03
P-000033,2025-01-01,1,180.5,7.2,3,3,94.6,21.9,2,1.0
P-000033,2025-02-01,2,179.2,6.2,1,5,94.1,20.8,2,1.67
P-000033,2025-03-01,3,180.5,7.3,0,5,95.9,19.6,2,1.63
P-000033,2025-04-01,4,183.2,0.0,3,5,96.8,22.8,2,1.79
P-000033,2025-05-01,5,181.1,7.2,3,4,92.7,24.2,2,1.42
P-000033,2025-06-01,6,182.9,7.0,1,5,88.0,24.0,2,1.83
P-000033,2025-07-01,7,186.1,0.9,0,5,88.1,19.9,2,1.44
P-000033,2025-08-01,8,179.9,5.2,2,4,95.8,20.3,2,1.28
P-000033,2025-09-01,9,182.9,4.8,1,4,90.5,20.3,2,1.19
P-000033,2025-10-01,10,187.7,7.1,2,5,91.2,26.0,2,1.5
P-000033,2025-11-01,11,180.2,3.8,2,4,101.4,19.2,2,1.42
P-000033,2025-12-01,12,187.8,9.8,2,3,88.3,26.4,2,1.53
P-000034,2025-01-01,1,170.6,3.6,1,5,96.6,14.8,1,1.09
P-000034,2025-02-01,2,221.1,28.3,5,6,49.5,64.3,4,3.22
P-000034,2025-03-01,3,219.8,32.4,10,9,48.3,76.7,4,3.48
P-000034,2025-04-01,4,221.9,34.2,10,7,47.8,78.1,4,3.93
P-000034,2025-05-01,5,230.1,31.5,4,9,48.5,71.5,4,4.08
P-000034,2025-06-01,6,121.7,0.0,0,3,120.0,5.0,1,1.0
P-000034,2025-07-01,7,170.3,4.2,0,4,96.3,13.7,1,1.48
P-000034,2025-08-01,8,177.9,4.2,1,5,96.3,18.7,1,1.51
P-000034,2025-09-01,9,170.6,5.2,2,4,95.9,17.3,1,1.35
P-000034,2025-10-01,10,171.2,6.8,1,4,95.3,16.4,1,1.24
P-000034,2025-11-01,11,172.2,4.5,1,5,96.2,16.6,1,1.4
P-000034,2025-12-01,12,173.1,3.6,0,5,96.6,14.6,1,1.29
P-000035,2025-01-01,1,182.7,5.6,4,4,89.8,27.2,2,1.75
P-000035,2025-02-01,2,182.7,5.1,4,3,90.0,27.3,2,2.18
P-000035,2025-03-01,3,182.3,6.4,0,5,89.4,20.5,2,1.39
P-000035,2025-04-01,4,188.8,8.0,1,6,88.8,26.1,2,1.45
P-000035,2025-05-01,5,186.3,0.0,2,5,92.0,21.1,2,1.0
P-000035,2025-06-01,6,218.7,22.5,4,10,63.2,60.0,4,3.45
P-000035,2025-07-01,7,214.1,24.8,3,8,62.6,56.2,4,3.34
P-000035,2025-08-01,8,179.1,4.2,1,5,90.3,20.4,2,1.56
P-000035,2025-09-01,9,183.3,5.6,0,4,89.8,18.8,2,1.0
P-000035,2025-10-01,10,184.3,6.3,2,5,89.5,25.3,2,1.73
P-000035,2025-11-01,11,176.0,8.4,4,3,88.7,24.9,2,1.5
P-000035,2025-12-01,12,175.9,5.7,2,5,89.7,21.9,2,1.67
P-000036,2025-01-01,1,188.3,20.9,1,5,73.6,36.3,3,2.59
P-000036,2025-02-01,2,191.3,17.2,1,6,75.1,34.3,3,1.83
P-000036,2025-03-01,3,180.1,9.0,2,6,78.4,30.4,3,2.8
P-000036,2025-04-01,4,228.2,43.4,7,11,40.6,84.8,5,4.58
P-000036,2025-05-01,5,232.4,40.1,8,9,39.1,84.8,5,4.32
P-000036,2025-06-01,6,245.3,48.0,9,10,43.9,95.7,5,4.94
P-000036,2025-07-01,7,243.8,44.2,8,10,38.9,91.5,5,4.42
P-000036,2025-08-01,8,242.0,54.0,9,10,39.3,96.0,5,4.19
P-000036,2025-09-01,9,250.9,54.9,14,9,34.0,98.0,5,3.93
P-000036,2025-10-01,10,249.1,48.4,14,11,33.5,98.0,5,4.7
P-000036,2025-11-01,11,257.1,51.1,13,13,32.5,98.0,5,4.41
P-000036,2025-12-01,12,261.5,60.5,10,11,37.9,98.0,5,4.3
P-000037,2025-01-01,1,172.3,8.0,1,6,86.5,20.9,2,1.53
P-000037,2025-02-01,2,169.3,3.2,1,4,90.3,15.8,2,1.54
P-000037,2025-03-01,3,167.4,3.9,2,4,88.0,17.8,2,1.64
P-000037,2025-04-01,4,171.1,9.6,2,6,87.4,23.4,3,1.82
P-000037,2025-05-01,5,177.7,3.3,3,4,100.9,20.5,3,1.68
P-000037,2025-06-01,6,172.2,5.8,2,4,92.6,17.8,2,1.0
P-000037,2025-07-01,7,166.8,11.7,1,5,89.3,20.4,2,1.95
P-000037,2025-08-01,8,166.4,0.8,0,5,97.4,11.7,2,1.62
P-000037,2025-09-01,9,172.4,8.3,1,6,90.9,20.0,2,1.45
P-000037,2025-10-01,10,170.6,7.1,1,4,93.1,17.1,2,1.41
P-000037,2025-11-01,11,174.2,6.2,4,3,96.9,22.3,2,1.71
P-000037,2025-12-01,12,173.7,2.9,0,5,95.1,15.9,2,1.77
P-000038,2025-01-01,1,177.5,10.2,1,5,89.6,22.2,2,1.44
P-000038,2025-02-01,2,182.4,7.5,2,5,91.7,23.6,2,1.25
P-000038,2025-03-01,3,181.0,4.2,1,4,90.2,20.1,2,1.45
P-000038,2025-04-01,4,178.2,2.2,4,5,92.3,23.3,2,1.33
P-000038,2025-05-01,5,184.0,9.5,4,5,96.0,28.0,2,1.45
P-000038,2025-06-01,6,180.2,8.9,4,5,86.0,28.3,2,1.46
P-000038,2025-07-01,7,179.5,9.0,2,6,85.2,24.4,2,1.0
P-000038,2025-08-01,8,174.0,5.6,0,7,85.6,20.2,2,1.74
P-000038,2025-09-01,9,179.2,4.0,2,5,95.8,19.6,2,1.0
P-000038,2025-10-01,10,176.3,4.4,2,6,87.3,22.0,2,1.41
P-000038,2025-11-01,11,177.0,2.9,0,5,89.1,17.0,2,1.27
P-000038,2025-12-01,12,183.1,3.9,2,3,88.1,21.7,2,1.27
P-000039,2025-01-01,1,183.3,5.2,1,6,89.9,23.4,2,1.72
P-000039,2025-02-01,2,174.1,12.8,3,5,86.9,27.0,2,1.88
P-000039,2025-03-01,3,220.5,28.6,5,10,46.4,70.1,3,4.29
P-000039,2025-04-01,4,221.4,40.5,7,8,42.9,76.4,3,3.65
P-000039,2025-05-01,5,228.9,42.1,4,10,42.4,78.1,4,4.43
P-000039,2025-06-01,6,218.6,44.8,11,14,41.6,88.0,3,3.57
P-000039,2025-07-01,7,225.3,35.7,9,7,44.3,79.4,3,4.14
P-000039,2025-08-01,8,225.3,43.7,4,8,41.9,75.3,3,4.05
P-000039,2025-09-01,9,215.1,40.8,4,8,42.7,71.6,4,4.54
P-000039,2025-10-01,10,178.1,7.4,0,6,89.0,20.6,2,1.53
P-000039,2025-11-01,11,172.0,5.2,1,6,89.9,19.8,2,1.85
P-000039,2025-12-01,12,176.4,9.7,2,4,88.1,23.5,2,1.71
P-000040,2025-01-01,1,174.7,5.4,2,3,91.4,19.1,2,1.39
P-000040,2025-02-01,2,178.3,3.0,1,5,93.9,18.2,2,1.25
P-000040,2025-03-01,3,181.1,9.8,4,6,81.1,31.9,2,1.97
P-000040,2025-04-01,4,167.2,1.1,1,4,96.9,14.1,2,1.97
P-000040,2025-05-01,5,176.2,2.8,1,4,90.0,16.8,2,1.0
P-000040,2025-06-01,6,178.2,7.4,3,4,93.3,22.6,2,1.18
P-000040,2025-07-01,7,173.3,6.3,1,5,91.2,18.1,2,1.18
P-000040,2025-08-01,8,170.7,3.6,3,6,93.2,20.2,2,1.4
P-000040,2025-09-01,9,171.0,3.9,2,4,94.6,17.9,2,1.68
P-000040,2025-10-01,10,168.5,4.4,2,7,92.3,19.2,2,1.48
P-000040,2025-11-01,11,171.1,10.9,4,3,84.2,25.1,2,1.53
P-000040,2025-12-01,12,165.5,3.6,1,5,95.0,15.2,2,1.82
P-000041,2025-01-01,1,176.0,4.7,2,5,89.6,21.6,2,1.68
P-000041,2025-02-01,2,182.1,4.8,1,5,95.4,20.7,2,1.56
P-000041,2025-03-01,3,177.3,6.6,1,4,96.2,18.5,2,1.35
P-000041,2025-04-01,4,182.4,1.7,4,5,89.2,26.3,2,1.8
P-000041,2025-05-01,5,167.0,5.8,1,5,90.0,17.9,2,1.94
P-000041,2025-06-01,6,180.4,9.9,0,3,93.9,19.2,2,1.4
P-000041,2025-07-01,7,183.4,2.9,1,4,97.2,19.0,2,1.39
P-000041,2025-08-01,8,177.9,9.7,0,6,92.2,19.5,2,1.0
P-000041,2025-09-01,9,178.4,7.9,2,4,94.0,20.7,2,1.03
P-000041,2025-10-01,10,172.0,3.9,2,5,88.5,18.4,2,1.0
P-000041,2025-11-01,11,186.2,6.6,2,5,88.7,25.5,2,1.43
P-000041,2025-12-01,12,175.6,4.9,1,5,91.3,18.9,2,1.43
P-000042,2025-01-01,1,180.5,2.1,1,4,90.6,19.2,2,1.52
P-000042,2025-02-01,2,185.9,0.6,2,5,99.1,21.3,2,1.57
P-000042,2025-03-01,3,182.1,2.8,3,3,98.9,21.4,2,1.6
P-000042,2025-04-01,4,189.5,6.8,1,5,88.3,25.5,2,1.58
P-000042,2025-05-01,5,178.8,6.3,4,5,93.1,25.6,2,1.56
P-000042,2025-06-01,6,182.0,10.4,0,5,89.7,22.7,2,1.68
P-000042,2025-07-01,7,182.6,7.6,2,7,93.5,25.8,2,1.72
P-000042,2025-08-01,8,177.6,10.2,1,5,96.8,21.6,2,1.74
P-000042,2025-09-01,9,183.8,2.0,4,5,94.2,25.7,2,1.69
P-000042,2025-10-01,10,183.8,5.2,2,7,91.7,25.0,2,1.47
P-000042,2025-11-01,11,184.5,7.6,3,3,91.6,24.7,2,1.26
P-000042,2025-12-01,12,181.6,10.6,2,4,89.8,25.6,2,1.8
P-000043,2025-01-01,1,183.1,4.6,3,6,92.5,25.7,2,1.6
P-000043,2025-02-01,2,181.3,2.1,0,6,95.7,18.4,2,1.63
P-000043,2025-03-01,3,174.7,9.9,1,4,89.1,20.5,2,1.44
P-000043,2025-04-01,4,177.8,8.3,0,4,89.0,18.2,2,1.0
P-000043,2025-05-01,5,179.3,4.8,1,5,98.1,19.3,2,1.54
P-000043,2025-06-01,6,178.3,5.0,2,4,92.5,20.6,2,1.37
P-000043,2025-07-01,7,179.1,4.1,1,4,92.6,18.3,2,1.15
P-000043,2025-08-01,8,181.9,11.6,1,6,86.1,26.9,2,1.98
P-000043,2025-09-01,9,173.9,1.6,2,7,98.8,17.9,2,1.16
P-000043,2025-10-01,10,185.5,4.8,1,5,94.2,22.5,2,1.7
P-000043,2025-11-01,11,185.6,3.4,4,4,90.3,28.5,2,2.29
P-000043,2025-12-01,12,179.6,7.4,2,3,91.6,21.5,2,1.37
P-000044,2025-01-01,1,168.8,4.6,2,6,96.2,17.2,1,1.19
P-000044,2025-02-01,2,228.8,40.7,9,8,45.8,81.3,4,3.4
P-000044,2025-03-01,3,229.5,32.5,8,10,48.3,77.4,4,3.44
P-000044,2025-04-01,4,207.5,38.2,9,11,46.5,73.9,4,3.1
P-000044,2025-05-01,5,227.9,27.8,4,8,49.6,65.8,4,3.11
P-000044,2025-06-01,6,122.7,0.0,0,3,120.0,5.0,1,1.0
P-000044,2025-07-01,7,179.8,5.6,1,5,95.8,19.4,1,1.22
P-000044,2025-08-01,8,185.0,5.4,2,3,95.8,21.4,1,1.21
P-000044,2025-09-01,9,174.4,6.2,0,4,95.5,15.5,1,1.24
P-000044,2025-10-01,10,165.4,4.5,1,6,96.2,14.9,1,1.38
P-000044,2025-11-01,11,178.7,5.8,0,4,95.7,16.8,1,1.24
P-000044,2025-12-01,12,177.7,5.4,3,5,95.9,21.5,1,1.09
P-000045,2025-01-01,1,171.4,8.5,1,5,89.2,20.1,2,1.71
P-000045,2025-02-01,2,167.9,4.9,0,5,89.7,14.4,2,1.22
P-000045,2025-03-01,3,165.0,2.4,2,3,93.6,14.6,2,1.61
P-000045,2025-04-01,4,174.5,6.8,4,3,95.1,21.3,3,1.01
P-000045,2025-05-01,5,171.2,4.5,3,3,96.8,20.4,2,2.29
P-000045,2025-06-01,6,171.5,7.2,3,5,91.4,21.1,2,1.17
P-000045,2025-07-01,7,164.1,7.1,1,5,86.9,15.8,2,1.09
P-000045,2025-08-01,8,164.0,4.5,3,5,86.6,19.6,2,1.69
P-000045,2025-09-01,9,166.7,0.0,2,5,93.9,14.2,2,1.12
P-000045,2025-10-01,10,163.4,6.2,1,5,89.3,16.1,2,1.62
P-000045,2025-11-01,11,166.1,8.3,2,4,87.3,18.5,2,1.3
P-000045,2025-12-01,12,174.9,7.6,0,5,95.5,16.5,2,1.08
P-000046,2025-01-01,1,188.0,5.1,2,3,90.0,24.6,2,1.69
P-000046,2025-02-01,2,185.9,6.0,4,5,89.6,29.0,2,1.68
P-000046,2025-03-01,3,227.9,32.0,10,10,45.4,81.9,4,3.98
P-000046,2025-04-01,4,242.6,35.3,9,7,44.4,84.1,4,3.65
P-000046,2025-05-01,5,228.4,34.8,5,7,44.6,73.3,3,4.09
P-000046,2025-06-01,6,236.6,48.5,10,9,40.5,90.7,4,3.44
P-000046,2025-07-01,7,228.8,43.6,7,11,41.9,82.7,4,3.73
P-000046,2025-08-01,8,231.9,41.2,11,8,42.6,88.9,4,4.35
P-000046,2025-09-01,9,240.8,32.5,7,11,45.2,82.8,4,4.18
P-000046,2025-10-01,10,181.2,10.2,2,4,87.9,24.0,2,1.12
P-000046,2025-11-01,11,193.9,10.6,2,3,87.8,29.7,2,1.84
P-000046,2025-12-01,12,184.2,5.0,3,5,90.0,26.9,2,1.93
P-000047,2025-01-01,1,169.3,7.0,2,4,89.1,20.4,2,1.96
P-000047,2025-02-01,2,177.2,5.1,0,6,93.9,18.5,2,1.58
P-000047,2025-03-01,3,175.7,5.0,3,5,88.6,23.3,2,1.62
P-000047,2025-04-01,4,168.6,8.8,2,6,88.9,20.2,2,1.14
P-000047,2025-05-01,5,172.5,0.0,1,4,90.5,14.3,2,1.01
P-000047,2025-06-01,6,170.8,7.4,3,4,89.5,21.5,2,1.5
P-000047,2025-07-01,7,173.1,0.0,1,4,92.0,16.9,2,2.11
P-000047,2025-08-01,8,173.4,6.5,1,4,91.6,18.7,2,1.68
P-000047,2025-09-01,9,173.4,5.8,1,4,90.3,18.2,2,1.48
P-000047,2025-10-01,10,172.6,6.7,1,5,90.8,17.8,2,1.06
P-000047,2025-11-01,11,171.6,5.4,3,3,94.1,20.0,2,1.72
P-000047,2025-12-01,12,169.9,4.1,0,4,91.1,15.3,2,1.82
P-000048,2025-01-01,1,184.3,11.7,3,4,85.3,29.8,2,1.9
P-000048,2025-02-01,2,181.8,8.4,1,4,86.6,23.4,2,1.69
P-000048,2025-03-01,3,176.3,12.6,4,5,85.0,30.8,2,2.3
P-000048,2025-04-01,4,220.9,37.7,5,11,44.6,74.0,4,3.85
P-000048,2025-05-01,5,206.1,30.7,10,10,41.0,72.3,3,3.08
P-000048,2025-06-01,6,214.2,25.6,8,7,51.1,68.3,4,4.09
P-000048,2025-07-01,7,206.7,33.4,6,9,44.8,67.4,4,3.81
P-000048,2025-08-01,8,220.6,42.1,6,8,48.0,75.7,4,4.24
P-000048,2025-09-01,9,181.5,7.5,3,6,87.0,27.3,2,1.58
P-000048,2025-10-01,10,181.3,5.7,2,5,87.7,24.1,2,1.65
P-000048,2025-11-01,11,172.8,12.9,1,6,84.8,23.2,2,1.44
P-000048,2025-12-01,12,180.1,12.4,2,3,85.0,26.7,2,2.05
P-000049,2025-01-01,1,175.0,13.8,1,4,84.5,24.4,2,1.96
P-000049,2025-02-01,2,166.5,11.5,1,6,85.4,22.1,2,2.14
P-000049,2025-03-01,3,172.9,15.3,4,5,83.9,29.0,2,1.54
P-000049,2025-04-01,4,210.4,37.4,6,13,43.6,74.0,3,4.12
P-000049,2025-05-01,5,210.7,25.1,4,8,46.9,61.4,3,4.01
P-000049,2025-06-01,6,192.1,40.5,4,7,45.8,60.5,4,3.85
P-000049,2025-07-01,7,206.8,36.6,4,13,42.5,69.0,3,4.01
P-000049,2025-08-01,8,206.5,26.6,6,8,55.6,61.5,4,3.68
P-000049,2025-09-01,9,174.1,13.3,4,4,84.7,28.0,2,1.64
P-000049,2025-10-01,10,175.8,8.1,3,5,86.8,24.6,2,1.46
P-000049,2025-11-01,11,171.3,7.7,1,4,86.9,19.6,2,1.76
P-000049,2025-12-01,12,170.1,6.7,2,6,87.3,21.4,2,1.65
P-000050,2025-01-01,1,165.6,3.3,4,6,99.0,18.3,2,1.13
P-000050,2025-02-01,2,174.0,3.9,2,4,99.0,17.3,2,1.32
P-000050,2025-03-01,3,170.9,3.0,4,3,100.9,19.3,2,1.81
P-000050,2025-04-01,4,170.6,5.3,2,4,88.2,19.9,2,1.82
P-000050,2025-05-01,5,166.7,6.9,3,5,91.1,20.8,2,1.75
P-000050,2025-06-01,6,165.8,9.8,1,5,92.9,18.1,2,1.76
P-000050,2025-07-01,7,169.9,3.4,4,4,94.2,20.0,2,1.37
P-000050,2025-08-01,8,167.0,5.4,1,5,95.4,15.5,2,1.47
P-000050,2025-09-01,9,168.7,8.7,2,4,88.4,19.9,2,1.53
P-000050,2025-10-01,10,166.0,3.0,4,3,97.1,18.5,2,1.89
P-000050,2025-11-01,11,170.1,6.1,0,4,89.9,16.1,2,1.68
P-000050,2025-12-01,12,160.6,4.8,1,7,90.0,15.9,2,1.69
P-000051,2025-01-01,1,185.1,4.5,3,6,90.2,25.7,2,1.18
P-000051,2025-02-01,2,183.3,5.8,1,4,89.7,22.6,2,1.81
P-000051,2025-03-01,3,185.4,6.3,2,4,89.5,25.5,2,1.88
P-000051,2025-04-01,4,186.5,8.2,2,3,88.7,24.6,2,1.3
P-000051,2025-05-01,5,188.4,7.4,1,4,89.0,24.5,2,1.55
P-000051,2025-06-01,6,221.7,29.0,5,8,61.3,63.8,4,3.17
P-000051,2025-07-01,7,230.7,26.0,3,7,62.2,60.5,4,2.79
P-000051,2025-08-01,8,186.5,5.5,2,5,89.8,25.8,2,1.79
P-000051,2025-09-01,9,184.5,4.1,1,3,90.4,19.9,2,1.17
P-000051,2025-10-01,10,181.0,8.1,1,6,88.7,23.0,2,1.31
P-000051,2025-11-01,11,181.2,5.1,1,4,89.9,20.8,2,1.49
P-000051,2025-12-01,12,188.8,7.9,1,4,88.9,24.5,2,1.4
P-000052,2025-01-01,1,190.1,12.8,1,6,76.9,33.8,3,2.67
P-000052,2025-02-01,2,194.2,11.4,3,5,77.4,37.4,3,2.73
P-000052,2025-03-01,3,185.6,16.2,1,7,75.5,33.0,3,2.06
P-000052,2025-04-01,4,224.0,42.6,5,7,42.6,74.7,5,3.82
P-000052,2025-05-01,5,236.7,46.5,5,11,43.7,85.1,5,4.55
P-000052,2025-06-01,6,242.7,50.2,12,8,45.7,98.0,5,4.75
P-000052,2025-07-01,7,246.2,52.0,14,12,42.4,98.0,5,4.14
P-000052,2025-08-01,8,257.2,49.0,6,10,37.7,95.3,5,4.53
P-000052,2025-09-01,9,245.7,56.0,13,11,44.5,98.0,5,4.22
P-000052,2025-10-01,10,260.2,57.9,10,11,40.5,98.0,5,4.41
P-000052,2025-11-01,11,265.4,57.9,8,8,41.1,98.0,5,4.29
P-000052,2025-12-01,12,268.8,48.4,11,14,35.8,98.0,5,4.55
P-000053,2025-01-01,1,177.6,5.5,2,4,95.8,20.0,1,1.43
P-000053,2025-02-01,2,221.3,24.9,7,10,50.5,69.5,4,3.52
P-000053,2025-03-01,3,213.3,43.1,4,6,45.1,65.4,4,2.64
P-000053,2025-04-01,4,215.3,41.6,6,8,45.5,72.1,4,3.44
P-000053,2025-05-01,5,217.2,48.7,4,10,43.4,76.8,4,4.51
P-000053,2025-06-01,6,115.5,0.0,0,3,120.0,5.0,1,1.0
P-000053,2025-07-01,7,169.1,4.5,1,4,96.2,14.9,1,1.43
P-000053,2025-08-01,8,165.9,5.3,1,3,95.9,12.6,1,1.06
P-000053,2025-09-01,9,169.3,3.8,1,4,96.5,14.6,1,1.42
P-000053,2025-10-01,10,163.8,7.4,2,4,95.0,16.3,1,1.46
P-000053,2025-11-01,11,164.1,0.3,2,4,97.9,13.6,1,1.73
P-000053,2025-12-01,12,163.3,7.1,0,5,95.2,12.5,1,1.19
P-000054,2025-01-01,1,166.6,5.5,1,3,95.8,13.3,1,1.22
P-000054,2025-02-01,2,215.6,25.5,6,7,50.3,63.9,4,3.45
P-000054,2025-03-01,3,221.7,29.9,7,8,49.0,70.8,4,3.57
P-000054,2025-04-01,4,211.9,39.1,7,8,46.3,71.7,4,3.58
P-000054,2025-05-01,5,205.5,41.7,7,10,45.5,72.3,4,3.68
P-000054,2025-06-01,6,114.9,0.0,0,3,120.0,5.0,1,1.0
P-000054,2025-07-01,7,163.6,6.2,1,6,95.5,14.8,1,1.27
P-000054,2025-08-01,8,165.5,6.2,0,5,95.5,13.5,1,1.44
P-000054,2025-09-01,9,167.2,5.4,2,5,95.9,17.1,1,1.46
P-000054,2025-10-01,10,164.2,4.8,3,5,96.1,16.8,1,1.22
P-000054,2025-11-01,11,169.9,5.6,3,5,95.8,19.9,1,1.52
P-000054,2025-12-01,12,169.6,0.9,1,3,97.7,12.4,1,1.35
P-000055,2025-01-01,1,177.6,11.0,4,5,85.6,30.5,2,2.33
P-000055,2025-02-01,2,181.1,9.4,3,4,86.2,27.7,2,1.95
P-000055,2025-03-01,3,182.4,11.3,1,4,85.5,26.1,2,2.11
P-000055,2025-04-01,4,208.5,25.5,5,8,51.8,60.6,4,3.61
P-000055,2025-05-01,5,212.8,24.2,8,7,54.6,65.6,4,3.7
P-000055,2025-06-01,6,225.2,18.0,7,7,52.5,66.4,3,3.84
P-000055,2025-07-01,7,200.4,27.1,5,10,54.5,59.3,3,3.62
P-000055,2025-08-01,8,212.2,27.4,5,11,48.0,66.2,4,3.96
P-000055,2025-09-01,9,180.6,14.2,1,4,84.3,25.8,2,1.66
P-000055,2025-10-01,10,185.6,14.3,1,3,84.3,27.1,2,1.72
P-000055,2025-11-01,11,180.2,9.1,2,6,86.4,25.7,2,1.46
P-000055,2025-12-01,12,177.8,10.5,4,6,85.8,30.3,2,2.06
P-000056,2025-01-01,1,172.6,7.6,1,5,95.0,18.0,1,1.32
P-000056,2025-02-01,2,227.5,43.3,9,12,45.0,86.7,4,4.21
P-000056,2025-03-01,3,227.1,34.1,9,7,47.8,77.7,4,3.72
P-000056,2025-04-01,4,216.6,28.8,10,9,49.4,71.5,4,2.5
P-000056,2025-05-01,5,230.2,31.2,6,9,48.6,73.3,4,3.52
P-000056,2025-06-01,6,124.0,0.0,0,3,120.0,5.0,1,1.0
P-000056,2025-07-01,7,179.7,4.5,1,3,96.2,17.7,1,1.31
P-000056,2025-08-01,8,175.0,3.7,0,3,96.5,14.5,1,1.52
P-000056,2025-09-01,9,174.9,7.0,0,5,95.2,17.9,1,1.7
P-000056,2025-10-01,10,168.7,5.9,2,4,95.6,16.2,1,1.05
P-000056,2025-11-01,11,172.5,6.3,1,4,95.5,17.1,1,1.46
P-000056,2025-12-01,12,174.6,7.9,2,4,94.8,19.6,1,1.21
P-000057,2025-01-01,1,191.2,4.4,1,4,93.5,23.4,2,1.52
P-000057,2025-02-01,2,185.0,5.8,0,4,96.0,19.4,2,1.43
P-000057,2025-03-01,3,184.9,8.8,2,4,88.9,26.1,2,1.77
P-000057,2025-04-01,4,191.7,6.3,2,5,93.6,26.5,2,1.46
P-000057,2025-05-01,5,183.2,4.7,3,4,92.8,24.3,2,1.56
P-000057,2025-06-01,6,178.1,2.5,2,4,92.9,19.3,2,1.35
P-000057,2025-07-01,7,181.3,8.1,2,5,94.2,25.3,2,2.18
P-000057,2025-08-01,8,185.8,6.0,1,4,92.9,22.3,2,1.56
P-000057,2025-09-01,9,194.4,0.0,0,4,95.1,20.4,2,1.4
P-000057,2025-10-01,10,181.1,12.2,2,4,85.5,25.6,2,1.26
P-000057,2025-11-01,11,187.7,0.0,1,4,95.4,19.6,2,1.38
P-000057,2025-12-01,12,184.4,7.5,0,3,93.6,20.0,2,1.53
P-000058,2025-01-01,1,170.6,6.6,1,4,94.8,17.0,2,1.62
P-000058,2025-02-01,2,174.1,9.5,3,4,91.1,23.4,2,1.55
P-000058,2025-03-01,3,178.1,3.2,0,3,93.5,16.0,2,1.54
P-000058,2025-04-01,4,171.0,0.0,3,5,97.1,19.6,3,2.24
P-000058,2025-05-01,5,177.1,7.3,0,3,92.3,16.9,3,1.29
P-000058,2025-06-01,6,172.6,11.3,2,5,89.1,21.8,2,1.08
P-000058,2025-07-01,7,178.0,10.7,0,5,90.7,21.2,2,1.63
P-000058,2025-08-01,8,169.0,2.4,3,5,92.7,18.3,2,1.27
P-000058,2025-09-01,9,169.2,6.5,3,7,90.1,23.7,2,2.01
P-000058,2025-10-01,10,173.3,5.6,1,5,90.7,17.5,2,1.0
P-000058,2025-11-01,11,172.6,4.0,2,5,98.3,18.1,2,1.5
P-000058,2025-12-01,12,173.8,5.1,4,4,93.7,21.7,2,1.19
P-000059,2025-01-01,1,185.0,1.1,2,3,95.3,20.7,2,1.63
P-000059,2025-02-01,2,181.2,5.4,1,4,94.1,20.5,2,1.66
P-000059,2025-03-01,3,180.7,6.6,1,5,91.9,21.7,2,1.59
P-000059,2025-04-01,4,180.0,4.8,1,5,92.6,20.8,2,1.67
P-000059,2025-05-01,5,190.9,7.4,1,4,86.8,25.7,3,1.51
P-000059,2025-06-01,6,177.7,8.2,3,5,86.2,24.4,2,1.02
P-000059,2025-07-01,7,180.5,2.0,4,3,92.4,24.5,2,2.04
P-000059,2025-08-01,8,182.2,6.9,2,5,93.5,24.7,2,1.94
P-000059,2025-09-01,9,176.7,3.9,2,5,89.4,21.8,2,1.79
P-000059,2025-10-01,10,185.2,0.9,1,4,93.6,20.0,2,1.62
P-000059,2025-11-01,11,176.5,9.5,2,5,93.0,21.4,2,1.0
P-000059,2025-12-01,12,181.8,7.9,1,5,93.6,22.1,2,1.49
P-000060,2025-01-01,1,159.1,2.5,0,3,92.8,9.8,2,1.77
P-000060,2025-02-01,2,159.1,1.6,4,3,92.2,14.8,2,1.23
P-000060,2025-03-01,3,162.6,5.5,1,5,88.5,16.0,2,1.76
P-000060,2025-04-01,4,162.8,10.7,3,3,93.3,19.5,2,1.81
P-000060,2025-05-01,5,153.9,4.0,1,4,96.7,9.5,2,1.53
P-000060,2025-06-01,6,160.7,2.0,1,3,93.8,10.3,2,1.27
P-000060,2025-07-01,7,165.9,6.7,4,3,91.9,19.1,2,1.14
P-000060,2025-08-01,8,168.6,4.7,1,4,98.0,15.3,2,1.74
P-000060,2025-09-01,9,160.1,6.4,3,3,91.6,16.2,2,1.46
P-000060,2025-10-01,10,162.9,5.0,2,4,93.2,14.2,2,1.04
P-000060,2025-11-01,11,162.3,7.9,1,4,91.0,14.2,2,1.13
P-000060,2025-12-01,12,166.3,4.0,3,4,91.5,18.0,2,1.43
P-000061,2025-01-01,1,171.0,4.2,2,7,95.4,18.6,2,1.17
P-000061,2025-02-01,2,169.4,6.9,3,7,86.5,23.6,2,1.61
P-000061,2025-03-01,3,164.3,9.1,4,5,92.2,22.0,2,1.62
P-000061,2025-04-01,4,173.4,6.6,1,5,92.4,18.9,2,1.53
P-000061,2025-05-01,5,169.2,5.2,0,5,90.1,14.8,2,1.19
P-000061,2025-06-01,6,175.2,8.5,2,5,87.5,24.2,2,2.04
P-000061,2025-07-01,7,161.2,6.1,1,3,92.3,13.1,2,1.5
P-000061,2025-08-01,8,163.6,7.4,4,6,97.1,21.7,2,1.95
P-000061,2025-09-01,9,166.5,5.6,2,4,91.5,17.6,2,1.66
P-000061,2025-10-01,10,162.5,1.8,3,5,92.4,17.3,2,1.87
P-000061,2025-11-01,11,161.3,5.9,1,5,90.4,15.8,2,1.91
P-000061,2025-12-01,12,174.4,3.8,3,3,94.7,19.3,2,1.38
P-000062,2025-01-01,1,176.1,2.9,0,5,92.8,16.9,2,1.66
P-000062,2025-02-01,2,174.4,6.9,2,4,91.0,21.1,2,1.71
P-000062,2025-03-01,3,174.2,6.4,3,5,93.7,22.4,2,1.58
P-000062,2025-04-01,4,169.3,3.2,3,3,98.8,18.3,2,2.08
P-000062,2025-05-01,5,179.0,7.4,2,5,85.4,25.0,2,1.85
P-000062,2025-06-01,6,166.5,2.4,1,4,93.8,13.1,2,1.24
P-000062,2025-07-01,7,173.1,6.2,2,4,93.9,19.0,2,1.37
P-000062,2025-08-01,8,173.9,5.6,3,5,96.7,22.9,2,2.21
P-000062,2025-09-01,9,170.8,3.5,3,3,92.2,19.0,2,1.6
P-000062,2025-10-01,10,176.5,10.4,1,3,83.5,21.0,2,1.17
P-000062,2025-11-01,11,168.3,11.3,1,6,89.2,21.2,2,1.85
P-000062,2025-12-01,12,170.7,3.8,3,4,90.8,20.1,2,1.65
P-000063,2025-01-01,1,189.5,11.6,5,7,77.4,40.2,3,2.63
P-000063,2025-02-01,2,192.2,10.6,3,4,77.8,35.3,3,2.6
P-000063,2025-03-01,3,192.9,11.8,3,7,77.3,37.7,3,2.45
P-000063,2025-04-01,4,238.0,42.3,10,13,43.8,94.5,5,4.98
P-000063,2025-05-01,5,237.4,44.4,9,11,44.2,90.3,5,4.28
P-000063,2025-06-01,6,240.7,42.8,14,12,41.8,98.0,5,4.27
P-000063,2025-07-01,7,250.0,54.5,10,10,32.5,98.0,5,4.07
P-000063,2025-08-01,8,257.8,45.6,10,12,39.5,98.0,5,4.59
P-000063,2025-09-01,9,254.8,52.7,13,8,42.5,98.0,5,4.51
P-000063,2025-10-01,10,259.6,54.2,10,13,34.8,98.0,5,4.47
P-000063,2025-11-01,11,259.9,45.9,9,13,34.7,98.0,5,4.76
P-000063,2025-12-01,12,261.7,56.7,12,10,33.1,98.0,5,4.41
P-000064,2025-01-01,1,173.0,8.8,2,4,91.4,21.4,2,1.71
P-000064,2025-02-01,2,173.3,6.0,4,4,92.4,23.1,2,1.6
P-000064,2025-03-01,3,174.5,6.1,3,5,92.0,23.4,2,1.88
P-000064,2025-04-01,4,175.4,10.5,1,4,86.5,21.4,2,1.43
P-000064,2025-05-01,5,183.1,13.3,1,3,84.9,25.9,2,1.82
P-000064,2025-06-01,6,170.8,5.8,2,3,92.7,18.2,2,1.61
P-000064,2025-07-01,7,173.8,6.5,1,6,96.2,19.1,2,1.56
P-000064,2025-08-01,8,175.0,7.9,3,3,90.1,22.6,2,1.59
P-000064,2025-09-01,9,171.2,6.4,0,5,98.1,15.4,2,1.54
P-000064,2025-10-01,10,175.8,4.7,2,5,98.6,18.8,2,1.26
P-000064,2025-11-01,11,174.7,1.4,3,4,95.5,18.1,2,1.05
P-000064,2025-12-01,12,172.1,5.5,1,4,91.3,17.5,2,1.5
P-000065,2025-01-01,1,182.8,0.9,2,5,90.9,21.3,2,1.33
P-000065,2025-02-01,2,180.9,5.9,4,5,90.8,27.0,2,1.68
P-000065,2025-03-01,3,181.4,7.6,1,4,91.1,22.2,2,1.73
P-000065,2025-04-01,4,178.7,4.1,2,4,95.3,20.3,3,1.56
P-000065,2025-05-01,5,174.2,5.7,1,5,92.8,19.7,2,1.89
P-000065,2025-06-01,6,182.4,11.7,4,5,85.7,32.0,2,2.14
P-000065,2025-07-01,7,182.2,4.0,2,4,93.5,22.5,2,1.81
P-000065,2025-08-01,8,176.4,7.7,3,4,91.6,24.4,2,2.0
P-000065,2025-09-01,9,182.1,6.2,4,4,91.0,26.8,2,1.7
P-000065,2025-10-01,10,172.3,5.2,1,6,93.0,17.7,2,1.21
P-000065,2025-11-01,11,182.4,7.5,0,5,92.3,20.1,2,1.22
P-000065,2025-12-01,12,182.7,14.9,1,3,86.8,25.5,2,1.57
P-000066,2025-01-01,1,185.2,8.7,3,4,86.5,28.7,2,1.91
P-000066,2025-02-01,2,181.7,8.6,1,5,86.6,25.2,2,2.13
P-000066,2025-03-01,3,176.7,11.8,1,4,85.3,23.0,2,1.57
P-000066,2025-04-01,4,217.2,35.6,10,7,47.9,77.2,3,3.97
P-000066,2025-05-01,5,224.6,31.8,8,11,45.6,77.3,4,3.75
P-000066,2025-06-01,6,229.0,22.2,6,10,52.1,68.8,4,3.42
P-000066,2025-07-01,7,221.8,36.5,9,6,44.5,77.4,3,3.96
P-000066,2025-08-01,8,218.8,33.3,8,11,44.2,76.7,3,3.96
P-000066,2025-09-01,9,172.0,6.0,3,4,87.6,22.7,2,1.88
P-000066,2025-10-01,10,174.4,6.3,1,4,87.5,21.3,2,2.27
P-000066,2025-11-01,11,183.3,9.4,3,3,86.2,27.4,2,1.8
P-000066,2025-12-01,12,179.6,13.7,2,6,84.5,29.0,2,1.95
P-000067,2025-01-01,1,160.5,9.1,1,6,88.1,17.3,2,1.68
P-000067,2025-02-01,2,165.9,5.1,2,4,91.5,16.3,2,1.32
P-000067,2025-03-01,3,163.0,3.2,0,6,95.3,14.1,2,2.25
P-000067,2025-04-01,4,163.9,0.0,1,5,93.3,12.1,2,1.29
P-000067,2025-05-01,5,162.6,6.3,2,4,88.6,16.6,2,1.49
P-000067,2025-06-01,6,169.1,5.4,0,5,97.6,13.6,2,1.24
P-000067,2025-07-01,7,168.8,10.3,1,4,90.9,18.2,2,1.44
P-000067,2025-08-01,8,170.0,6.8,1,5,90.5,18.4,2,1.62
P-000067,2025-09-01,9,163.0,4.6,2,4,97.0,15.0,2,1.67
P-000067,2025-10-01,10,168.2,13.9,4,3,88.5,23.9,2,1.28
P-000067,2025-11-01,11,154.2,1.0,1,4,97.3,7.6,2,1.23
P-000067,2025-12-01,12,164.2,4.7,3,5,94.6,16.8,2,1.09
P-000068,2025-01-01,1,196.7,18.3,5,5,74.7,45.2,3,2.83
P-000068,2025-02-01,2,189.0,8.2,2,5,78.7,30.4,3,1.96
P-000068,2025-03-01,3,191.5,18.1,4,4,74.8,39.8,3,2.38
P-000068,2025-04-01,4,254.9,42.9,11,14,42.9,98.0,5,4.92
P-000068,2025-05-01,5,248.5,44.9,8,12,39.8,93.6,5,4.04
P-000068,2025-06-01,6,253.5,43.5,14,12,39.5,98.0,5,4.51
P-000068,2025-07-01,7,259.5,45.6,14,11,39.6,98.0,5,4.83
P-000068,2025-08-01,8,263.8,42.5,13,7,37.4,98.0,5,4.44
P-000068,2025-09-01,9,269.5,45.6,8,13,35.7,98.0,5,4.4
P-000068,2025-10-01,10,265.3,50.4,14,11,38.2,98.0,5,4.39
P-000068,2025-11-01,11,262.4,55.8,8,12,32.3,98.0,5,4.26
P-000068,2025-12-01,12,267.5,61.4,9,16,33.0,98.0,5,5.0
P-000069,2025-01-01,1,170.1,9.7,3,5,93.8,21.1,2,1.1
P-000069,2025-02-01,2,165.5,8.5,4,5,91.8,22.6,2,1.73
P-000069,2025-03-01,3,164.9,7.4,1,3,88.9,16.1,2,1.72
P-000069,2025-04-01,4,168.1,6.7,4,5,92.0,22.9,2,1.78
P-000069,2025-05-01,5,173.9,7.3,1,6,86.8,20.8,3,1.39
P-000069,2025-06-01,6,163.2,9.6,1,4,91.4,16.1,2,1.5
P-000069,2025-07-01,7,169.7,11.6,1,5,84.4,21.1,2,1.51
P-000069,2025-08-01,8,165.2,4.9,2,5,89.1,17.1,2,1.3
P-000069,2025-09-01,9,169.5,8.6,3,6,89.3,22.1,2,1.19
P-000069,2025-10-01,10,164.8,0.2,4,3,98.9,14.4,2,1.0
P-000069,2025-11-01,11,165.7,11.6,1,5,87.0,19.3,2,1.51
P-000069,2025-12-01,12,162.7,6.2,4,4,89.8,19.4,2,1.36
P-000070,2025-01-01,1,172.7,3.8,4,6,90.5,23.2,2,1.41
P-000070,2025-02-01,2,184.3,9.6,1,4,88.1,24.1,2,1.49
P-000070,2025-03-01,3,189.9,5.6,1,5,89.8,24.7,2,1.51
P-000070,2025-04-01,4,175.0,2.7,1,5,90.9,17.3,2,1.18
P-000070,2025-05-01,5,179.3,5.7,2,3,89.7,20.6,2,1.18
P-000070,2025-06-01,6,216.9,23.7,8,8,62.9,64.9,4,3.31
P-000070,2025-07-01,7,221.4,34.9,7,7,59.5,68.1,4,2.78
P-000070,2025-08-01,8,180.6,10.1,2,3,87.9,24.6,2,1.75
P-000070,2025-09-01,9,180.5,8.2,2,5,88.7,24.9,2,1.69
P-000070,2025-10-01,10,175.4,5.9,3,5,89.6,23.0,2,1.46
P-000070,2025-11-01,11,182.0,1.6,1,5,91.4,19.8,2,1.44
P-000070,2025-12-01,12,180.0,5.1,1,5,90.0,21.7,2,1.79
P-000071,2025-01-01,1,163.1,17.0,2,4,75.2,26.4,3,2.56
P-000071,2025-02-01,2,173.9,9.0,5,4,78.4,32.4,3,3.01
P-000071,2025-03-01,3,176.3,14.3,1,6,76.3,31.0,3,3.2
P-000071,2025-04-01,4,228.6,54.2,6,12,41.7,87.8,5,4.42
P-000071,2025-05-01,5,229.8,41.1,5,13,40.7,81.1,5,4.08
P-000071,2025-06-01,6,226.6,46.2,12,12,42.0,94.0,5,4.54
P-000071,2025-07-01,7,237.5,41.8,12,9,39.9,94.1,5,4.39
P-000071,2025-08-01,8,239.7,52.7,7,11,39.8,92.6,5,4.51
P-000071,2025-09-01,9,245.5,59.2,12,8,39.4,98.0,5,4.8
P-000071,2025-10-01,10,243.7,65.0,8,9,38.2,98.0,5,4.29
P-000071,2025-11-01,11,248.0,47.6,5,11,36.8,90.3,5,4.36
P-000071,2025-12-01,12,248.5,49.4,10,9,35.9,98.0,5,4.18
P-000072,2025-01-01,1,171.7,5.9,2,3,94.2,19.0,2,1.93
P-000072,2025-02-01,2,168.8,7.8,3,3,88.5,21.4,2,1.87
P-000072,2025-03-01,3,169.3,8.4,2,4,89.0,19.4,2,1.32
P-000072,2025-04-01,4,169.1,8.3,4,6,93.6,22.9,3,1.26
P-000072,2025-05-01,5,173.5,5.0,3,5,97.0,19.8,2,1.11
P-000072,2025-06-01,6,181.0,10.9,3,4,91.1,25.4,2,1.18
P-000072,2025-07-01,7,167.0,7.6,3,5,93.5,18.9,2,1.0
P-000072,2025-08-01,8,178.6,9.0,3,4,88.1,25.7,2,1.72
P-000072,2025-09-01,9,174.3,3.5,2,5,87.0,19.3,2,1.0
P-000072,2025-10-01,10,179.6,0.3,4,4,93.9,22.1,2,1.38
P-000072,2025-11-01,11,165.5,0.0,0,5,98.0,10.9,2,1.6
P-000072,2025-12-01,12,164.0,8.9,1,4,88.6,16.7,2,1.53
P-000073,2025-01-01,1,175.9,5.9,4,4,91.2,23.2,2,1.17
P-000073,2025-02-01,2,169.2,8.2,4,5,88.0,23.1,2,1.18
P-000073,2025-03-01,3,172.2,3.7,4,4,90.0,20.8,2,1.02
P-000073,2025-04-01,4,178.4,4.3,1,6,92.1,19.5,2,1.14
P-000073,2025-05-01,5,173.5,3.5,1,6,103.4,15.7,2,1.28
P-000073,2025-06-01,6,179.8,3.8,1,4,95.2,17.5,2,1.0
P-000073,2025-07-01,7,175.4,6.0,2,5,96.0,20.7,2,1.65
P-000073,2025-08-01,8,181.9,9.8,4,4,89.1,28.7,2,1.74
P-000073,2025-09-01,9,174.6,4.8,1,7,94.6,18.5,2,1.13
P-000073,2025-10-01,10,172.0,5.8,1,4,94.1,15.8,2,1.0
P-000073,2025-11-01,11,167.5,5.3,3,4,98.5,16.7,2,1.09
P-000073,2025-12-01,12,178.8,9.3,0,5,94.2,19.3,2,1.26
P-000074,2025-01-01,1,200.9,18.4,4,6,74.6,46.3,3,3.05
P-000074,2025-02-01,2,186.5,10.8,3,7,77.7,36.3,3,2.96
P-000074,2025-03-01,3,197.9,18.9,2,6,74.4,41.6,3,2.82
P-000074,2025-04-01,4,246.3,50.3,6,10,44.5,91.5,5,4.79
P-000074,2025-05-01,5,235.1,37.9,8,7,44.5,82.4,5,4.26
P-000074,2025-06-01,6,246.8,44.4,9,11,42.3,95.3,5,4.82
P-000074,2025-07-01,7,249.8,47.5,8,8,33.2,95.2,5,4.63
P-000074,2025-08-01,8,258.1,61.8,5,9,39.2,97.7,5,4.27
P-000074,2025-09-01,9,263.4,57.2,8,10,34.0,98.0,5,4.37
P-000074,2025-10-01,10,272.4,52.7,11,11,37.1,98.0,5,4.22
P-000074,2025-11-01,11,261.9,62.1,7,9,35.4,98.0,5,5.0
P-000074,2025-12-01,12,275.2,55.9,11,14,38.7,98.0,5,4.59
P-000075,2025-01-01,1,171.5,1.3,1,6,91.5,17.8,2,1.88
P-000075,2025-02-01,2,173.2,6.0,3,5,89.6,23.7,2,2.04
P-000075,2025-03-01,3,211.3,41.1,10,8,42.7,80.1,3,4.42
P-000075,2025-04-01,4,217.2,32.9,10,7,45.1,76.2,3,3.86
P-000075,2025-05-01,5,216.3,38.9,9,9,43.3,79.7,3,4.38
P-000075,2025-06-01,6,220.2,33.0,11,12,45.1,83.4,4,4.29
P-000075,2025-07-01,7,219.2,39.5,11,9,43.2,83.8,4,4.14
P-000075,2025-08-01,8,223.2,43.6,7,9,41.9,79.1,4,3.6
P-000075,2025-09-01,9,211.5,38.3,9,8,43.5,76.0,4,3.95
P-000075,2025-10-01,10,171.0,1.9,0,4,91.3,13.6,2,1.38
P-000075,2025-11-01,11,164.6,10.5,4,5,87.8,23.2,2,1.46
P-000075,2025-12-01,12,171.0,7.6,2,5,89.0,22.2,2,2.09
P-000076,2025-01-01,1,177.2,0.0,2,6,92.0,20.5,2,1.75
P-000076,2025-02-01,2,168.8,10.1,0,4,88.0,18.3,2,1.93
P-000076,2025-03-01,3,213.9,40.1,5,7,43.0,70.3,4,3.92
P-000076,2025-04-01,4,216.9,40.1,9,12,43.0,80.8,3,3.69
P-000076,2025-05-01,5,216.8,44.8,4,10,41.6,74.0,4,3.96
P-000076,2025-06-01,6,225.4,35.2,5,11,44.4,75.2,3,4.12
P-000076,2025-07-01,7,223.6,43.3,6,7,42.0,78.0,3,4.34
P-000076,2025-08-01,8,226.8,36.1,4,10,44.2,73.3,4,3.93
P-000076,2025-09-01,9,226.8,41.2,4,10,42.6,74.5,3,3.46
P-000076,2025-10-01,10,169.5,9.7,2,4,88.1,21.4,2,1.82
P-000076,2025-11-01,11,176.2,7.1,2,4,89.2,22.3,2,1.76
P-000076,2025-12-01,12,168.4,6.8,4,4,89.3,21.3,2,1.19
P-000077,2025-01-01,1,180.2,17.9,4,5,74.9,38.3,3,3.13
P-000077,2025-02-01,2,187.7,16.7,1,4,75.3,34.0,3,2.86
P-000077,2025-03-01,3,198.6,10.8,3,8,77.7,40.5,3,2.67
P-000077,2025-04-01,4,238.0,49.4,5,9,41.3,86.4,5,4.78
P-000077,2025-05-01,5,241.8,42.5,14,10,38.3,98.0,5,4.5
P-000077,2025-06-01,6,254.2,47.0,13,7,39.1,98.0,5,4.6
P-000077,2025-07-01,7,247.7,49.9,12,8,37.7,98.0,5,4.47
P-000077,2025-08-01,8,252.4,46.7,12,9,39.0,98.0,5,4.49
P-000077,2025-09-01,9,261.2,55.2,8,12,36.0,98.0,5,4.6
P-000077,2025-10-01,10,259.0,51.6,5,8,38.8,92.1,5,3.84
P-000077,2025-11-01,11,261.3,51.6,7,8,38.9,96.4,5,3.9
P-000077,2025-12-01,12,259.8,59.1,9,12,37.5,98.0,5,4.9
P-000078,2025-01-01,1,182.1,8.4,2,5,89.5,24.3,2,1.26
P-000078,2025-02-01,2,180.3,12.5,2,6,86.1,26.9,2,1.36
P-000078,2025-03-01,3,176.1,2.0,4,4,92.6,22.9,2,1.78
P-000078,2025-04-01,4,181.1,7.3,1,5,91.1,21.1,3,1.1
P-000078,2025-05-01,5,175.4,9.8,2,4,92.3,21.8,2,1.46
P-000078,2025-06-01,6,174.4,2.8,2,3,89.4,19.0,2,1.67
P-000078,2025-07-01,7,176.1,6.4,2,4,95.2,20.2,2,1.52
P-000078,2025-08-01,8,174.8,5.6,2,5,95.4,19.3,2,1.21
P-000078,2025-09-01,9,180.4,9.8,1,4,88.8,21.7,2,1.11
P-000078,2025-10-01,10,186.9,7.0,3,4,89.0,27.1,2,1.54
P-000078,2025-11-01,11,173.2,0.0,3,4,94.1,18.0,2,1.35
P-000078,2025-12-01,12,178.9,11.3,2,4,91.7,25.0,2,1.96
P-000079,2025-01-01,1,173.0,7.9,2,6,90.8,21.6,2,1.4
P-000079,2025-02-01,2,174.8,5.6,1,5,98.2,16.6,2,1.0
P-000079,2025-03-01,3,169.3,6.8,2,5,92.4,19.2,2,1.51
P-000079,2025-04-01,4,180.4,4.1,1,6,94.3,20.6,2,1.51
P-000079,2025-05-01,5,173.6,11.7,3,5,90.7,25.2,2,1.7
P-000079,2025-06-01,6,175.5,7.8,0,5,94.2,18.8,2,1.79
P-000079,2025-07-01,7,179.0,6.5,0,6,90.8,21.3,2,1.98
P-000079,2025-08-01,8,172.5,9.2,0,5,90.3,17.1,2,1.0
P-000079,2025-09-01,9,173.5,2.2,3,4,99.9,19.1,2,1.82
P-000079,2025-10-01,10,171.1,5.3,3,5,95.5,19.0,2,1.0
P-000079,2025-11-01,11,174.6,6.8,2,5,93.5,21.7,2,1.84
P-000079,2025-12-01,12,181.9,3.0,2,4,91.6,20.3,2,1.0
P-000080,2025-01-01,1,173.5,6.1,1,4,92.0,17.5,2,1.26
P-000080,2025-02-01,2,179.1,7.2,4,4,93.7,25.0,2,1.44
P-000080,2025-03-01,3,173.3,2.4,1,3,96.1,15.1,2,1.53
P-000080,2025-04-01,4,173.2,13.9,2,4,90.0,23.4,3,1.53
P-000080,2025-05-01,5,175.4,5.0,4,3,92.2,22.0,3,1.24
P-000080,2025-06-01,6,176.2,1.1,0,6,89.3,16.7,2,1.33
P-000080,2025-07-01,7,176.7,7.2,2,4,92.6,21.3,2,1.55
P-000080,2025-08-01,8,178.4,6.0,1,5,90.7,19.5,2,1.0
P-000080,2025-09-01,9,174.6,4.9,4,4,92.1,22.7,2,1.38
P-000080,2025-10-01,10,172.4,3.3,0,3,97.8,12.2,2,1.11
P-000080,2025-11-01,11,177.1,3.6,2,6,98.0,20.5,2,1.62
P-000080,2025-12-01,12,176.4,6.4,1,5,94.9,19.9,2,1.72
P-000081,2025-01-01,1,180.0,14.3,5,6,76.3,36.0,3,2.01
P-000081,2025-02-01,2,184.8,23.9,4,4,72.5,40.0,3,2.26
P-000081,2025-03-01,3,189.8,15.4,5,5,75.8,42.7,3,3.38
P-000081,2025-04-01,4,227.4,36.9,6,12,40.9,80.9,5,4.65
P-000081,2025-05-01,5,231.4,50.6,12,8,40.7,94.7,5,4.35
P-000081,2025-06-01,6,238.0,41.6,12,9,42.5,95.2,5,5.0
P-000081,2025-07-01,7,240.6,46.6,10,11,39.3,95.0,5,4.28
P-000081,2025-08-01,8,238.0,47.9,9,12,38.8,94.3,5,4.53
P-000081,2025-09-01,9,251.1,43.0,12,13,41.3,98.0,5,4.2
P-000081,2025-10-01,10,254.7,55.3,7,10,39.1,98.0,5,4.31
P-000081,2025-11-01,11,251.8,55.0,14,10,34.2,98.0,5,4.97
P-000081,2025-12-01,12,256.5,54.3,14,11,35.6,98.0,5,4.39
P-000082,2025-01-01,1,176.6,14.4,1,5,84.2,26.5,2,2.19
P-000082,2025-02-01,2,183.7,10.0,1,5,86.0,26.1,2,1.91
P-000082,2025-03-01,3,179.7,12.2,1,4,85.1,25.0,2,1.84
P-000082,2025-04-01,4,212.4,29.1,4,10,46.5,63.6,4,3.39
P-000082,2025-05-01,5,210.7,27.5,5,8,49.8,60.8,3,2.91
P-000082,2025-06-01,6,200.0,22.5,9,8,48.8,62.9,3,3.35
P-000082,2025-07-01,7,209.8,40.3,4,8,43.5,66.9,3,3.54
P-000082,2025-08-01,8,203.1,35.4,6,12,44.5,69.8,3,4.11
P-000082,2025-09-01,9,170.9,13.9,3,6,84.4,27.3,2,1.82
P-000082,2025-10-01,10,179.1,9.5,2,5,86.2,26.1,2,1.98
P-000082,2025-11-01,11,177.0,10.2,2,4,85.9,23.6,2,1.39
P-000082,2025-12-01,12,171.3,14.2,2,3,84.3,24.9,2,2.24
P-000083,2025-01-01,1,181.6,2.8,4,4,92.5,25.8,2,2.04
P-000083,2025-02-01,2,177.9,0.0,1,5,94.2,16.5,2,1.14
P-000083,2025-03-01,3,173.4,12.0,2,3,90.7,21.7,2,1.47
P-000083,2025-04-01,4,177.8,1.5,2,4,95.8,19.8,2,1.95
P-000083,2025-05-01,5,180.3,3.2,2,5,92.1,22.6,2,1.89
P-000083,2025-06-01,6,177.0,7.8,4,4,93.6,24.8,2,1.55
P-000083,2025-07-01,7,175.6,5.2,2,5,96.4,20.9,2,1.89
P-000083,2025-08-01,8,176.0,9.0,0,5,88.8,19.0,2,1.17
P-000083,2025-09-01,9,172.6,2.0,0,5,92.1,14.6,2,1.32
P-000083,2025-10-01,10,169.3,3.1,1,5,91.8,15.9,2,1.43
P-000083,2025-11-01,11,180.0,6.5,1,6,91.7,22.8,2,1.87
P-000083,2025-12-01,12,178.5,6.8,1,5,94.1,19.3,2,1.06
P-000084,2025-01-01,1,180.2,5.4,0,4,90.6,19.6,2,1.83
P-000084,2025-02-01,2,173.2,5.0,0,4,100.1,13.8,2,1.28
P-000084,2025-03-01,3,178.6,9.4,2,4,91.8,22.0,2,1.1
P-000084,2025-04-01,4,184.5,0.2,1,4,98.7,18.2,2,1.49
P-000084,2025-05-01,5,176.0,8.3,1,5,87.6,22.5,2,1.95
P-000084,2025-06-01,6,174.6,0.0,1,4,92.2,15.6,2,1.39
P-000084,2025-07-01,7,179.6,7.8,3,4,90.0,23.4,2,1.0
P-000084,2025-08-01,8,176.5,12.1,2,3,93.6,21.2,2,1.06
P-000084,2025-09-01,9,183.3,3.9,1,4,95.6,18.8,2,1.02
P-000084,2025-10-01,10,179.8,8.9,2,4,94.0,23.7,2,1.88
P-000084,2025-11-01,11,174.5,8.6,2,5,88.2,22.7,2,1.57
P-000084,2025-12-01,12,174.8,7.1,0,4,87.4,18.5,2,1.65
P-000085,2025-01-01,1,172.9,4.0,2,5,89.0,20.2,2,1.62
P-000085,2025-02-01,2,178.3,5.0,2,4,92.6,22.0,2,1.94
P-000085,2025-03-01,3,167.5,10.3,3,3,88.8,21.6,2,1.72
P-000085,2025-04-01,4,181.6,5.0,4,6,91.6,27.4,2,1.72
P-000085,2025-05-01,5,171.2,3.4,2,4,94.4,17.5,2,1.53
P-000085,2025-06-01,6,162.9,5.5,1,6,89.2,15.0,2,1.11
P-000085,2025-07-01,7,170.5,9.2,1,3,96.0,16.9,2,1.52
P-000085,2025-08-01,8,167.5,7.7,4,5,95.2,22.3,2,1.74
P-000085,2025-09-01,9,168.5,9.2,1,4,90.1,18.7,2,1.77
P-000085,2025-10-01,10,172.7,1.7,2,3,92.1,15.9,2,1.07
P-000085,2025-11-01,11,175.9,2.9,1,5,89.8,18.2,2,1.32
P-000085,2025-12-01,12,167.1,4.5,2,4,96.3,15.4,2,1.22
P-000086,2025-01-01,1,171.7,6.4,4,7,95.6,24.2,2,1.61
P-000086,2025-02-01,2,176.1,10.4,2,4,95.4,22.1,2,1.61
P-000086,2025-03-01,3,174.1,6.3,4,5,102.6,22.9,2,1.82
P-000086,2025-04-01,4,185.8,5.7,2,5,93.8,24.5,2,1.62
P-000086,2025-05-01,5,172.0,6.8,3,4,90.7,21.2,3,1.41
P-000086,2025-06-01,6,175.4,7.6,1,3,89.0,20.0,2,1.77
P-000086,2025-07-01,7,174.0,4.4,4,5,92.4,23.0,2,1.45
P-000086,2025-08-01,8,174.7,4.6,1,3,89.8,18.3,2,1.76
P-000086,2025-09-01,9,177.1,7.4,2,6,93.2,22.0,2,1.2
P-000086,2025-10-01,10,179.2,4.2,1,4,95.4,18.9,2,1.61
P-000086,2025-11-01,11,186.2,2.2,4,5,92.2,28.6,2,2.33
P-000086,2025-12-01,12,177.6,5.7,2,3,94.0,19.4,2,1.26
P-000087,2025-01-01,1,180.6,9.1,1,6,88.4,25.4,2,2.12
P-000087,2025-02-01,2,178.0,4.6,4,6,90.2,25.5,2,1.4
P-000087,2025-03-01,3,233.1,29.8,6,10,46.1,75.3,4,3.72
P-000087,2025-04-01,4,229.0,33.2,4,9,45.0,72.9,3,4.27
P-000087,2025-05-01,5,218.1,44.4,10,9,41.7,83.8,3,4.06
P-000087,2025-06-01,6,231.6,33.7,9,11,44.9,83.3,4,4.11
P-000087,2025-07-01,7,226.1,31.4,7,7,45.6,74.1,4,4.05
P-000087,2025-08-01,8,232.7,44.8,9,9,41.6,88.0,4,4.26
P-000087,2025-09-01,9,231.1,49.0,5,10,40.3,81.5,4,3.47
P-000087,2025-10-01,10,179.2,10.3,2,4,87.9,25.2,2,1.88
P-000087,2025-11-01,11,174.9,10.0,3,4,88.0,24.0,2,1.38
P-000087,2025-12-01,12,186.6,6.0,3,6,89.6,29.0,2,2.0
P-000088,2025-01-01,1,174.9,10.9,1,5,85.6,23.5,2,1.92
P-000088,2025-02-01,2,180.5,6.4,1,4,87.4,22.4,2,1.84
P-000088,2025-03-01,3,178.6,10.7,1,5,85.7,25.8,2,2.37
P-000088,2025-04-01,4,208.5,19.2,4,8,52.3,56.1,3,3.57
P-000088,2025-05-01,5,204.5,24.1,8,9,51.2,64.6,3,3.7
P-000088,2025-06-01,6,219.3,28.0,4,9,43.9,66.0,4,3.66
P-000088,2025-07-01,7,208.4,30.2,4,10,47.4,62.4,4,3.37
P-000088,2025-08-01,8,204.9,39.7,4,8,40.7,65.9,3,3.71
P-000088,2025-09-01,9,178.4,7.7,1,4,86.9,22.3,2,1.84
P-000088,2025-10-01,10,174.9,9.9,2,3,86.0,23.5,2,1.99
P-000088,2025-11-01,11,178.1,5.3,2,4,87.9,22.3,2,1.69
P-000088,2025-12-01,12,179.7,9.9,1,4,86.1,24.1,2,1.96
P-000089,2025-01-01,1,172.1,6.7,0,3,95.3,13.7,1,1.02
P-000089,2025-02-01,2,220.1,32.6,4,9,48.2,68.9,4,4.29
P-000089,2025-03-01,3,229.7,35.8,6,7,47.2,74.8,4,3.89
P-000089,2025-04-01,4,219.1,38.7,5,11,46.4,73.4,4,3.84
P-000089,2025-05-01,5,220.0,42.9,6,8,45.1,74.6,4,3.56
P-000089,2025-06-01,6,122.5,0.0,0,3,120.0,5.0,1,1.0
P-000089,2025-07-01,7,172.7,3.2,1,5,96.7,16.1,1,1.37
P-000089,2025-08-01,8,175.8,3.6,0,5,96.6,15.7,1,1.37
P-000089,2025-09-01,9,169.7,6.5,0,5,95.4,15.2,1,1.44
P-000089,2025-10-01,10,169.0,8.5,0,6,94.6,17.4,1,1.78
P-000089,2025-11-01,11,170.3,0.9,1,6,97.7,15.0,1,1.49
P-000089,2025-12-01,12,173.1,1.1,1,5,97.6,15.0,1,1.31
P-000090,2025-01-01,1,176.6,3.5,2,3,98.5,19.1,2,1.98
P-000090,2025-02-01,2,176.5,7.0,1,5,88.1,21.5,2,1.72
P-000090,2025-03-01,3,186.5,10.0,3,3,90.7,26.6,2,1.27
P-000090,2025-04-01,4,181.0,4.9,3,5,93.0,24.4,2,1.66
P-000090,2025-05-01,5,181.4,4.0,1,6,92.0,21.7,2,1.65
P-000090,2025-06-01,6,178.3,9.3,1,3,87.3,20.7,2,1.25
P-000090,2025-07-01,7,183.2,4.9,3,5,92.4,25.6,2,1.75
P-000090,2025-08-01,8,179.3,4.9,2,5,93.8,22.0,2,1.63
P-000090,2025-09-01,9,173.3,6.3,1,5,94.6,18.2,2,1.47
P-000090,2025-10-01,10,181.1,1.3,4,4,94.1,23.5,2,1.55
P-000090,2025-11-01,11,180.2,5.1,2,4,97.6,20.9,2,1.6
P-000090,2025-12-01,12,181.0,4.2,4,4,94.7,24.1,2,1.35
P-000091,2025-01-01,1,180.0,0.5,4,4,92.9,22.9,2,1.5
P-000091,2025-02-01,2,179.4,2.7,0,4,95.2,15.9,2,1.28
P-000091,2025-03-01,3,168.6,9.5,0,5,89.6,17.9,2,1.76
P-000091,2025-04-01,4,174.7,4.2,2,4,98.2,18.0,2,1.41
P-000091,2025-05-01,5,174.5,10.2,0,3,91.6,16.7,2,1.0
P-000091,2025-06-01,6,170.3,10.1,1,5,91.9,19.8,2,1.7
P-000091,2025-07-01,7,172.1,3.3,1,5,90.7,17.2,2,1.45
P-000091,2025-08-01,8,174.4,8.0,2,5,91.2,21.1,2,1.27
P-000091,2025-09-01,9,175.6,4.9,0,3,90.8,16.1,2,1.44
P-000091,2025-10-01,10,174.8,7.7,0,3,93.5,15.8,2,1.18
P-000091,2025-11-01,11,169.4,2.5,4,5,89.9,21.2,2,1.46
P-000091,2025-12-01,12,170.9,3.9,2,5,96.1,18.7,2,1.85
P-000092,2025-01-01,1,181.1,13.6,2,4,86.6,27.8,2,2.0
P-000092,2025-02-01,2,181.6,6.0,3,5,89.6,26.6,2,1.99
P-000092,2025-03-01,3,233.2,37.1,9,7,43.9,81.5,4,3.59
P-000092,2025-04-01,4,226.5,38.4,9,9,43.5,82.1,3,3.99
P-000092,2025-05-01,5,227.4,46.3,8,12,41.1,86.2,3,3.9
P-000092,2025-06-01,6,222.1,43.9,4,9,41.8,76.0,4,4.44
P-000092,2025-07-01,7,224.0,41.8,6,13,42.5,81.7,4,4.45
P-000092,2025-08-01,8,225.9,36.9,11,11,43.9,86.8,3,4.38
P-000092,2025-09-01,9,225.5,49.4,10,9,40.2,88.5,3,3.93
P-000092,2025-10-01,10,182.6,0.0,2,5,92.0,23.0,2,2.26
P-000092,2025-11-01,11,174.8,7.5,2,4,89.0,22.2,2,1.85
P-000092,2025-12-01,12,174.3,6.1,3,3,89.6,22.4,2,1.86
P-000093,2025-01-01,1,169.4,7.8,0,3,88.9,16.2,2,1.73
P-000093,2025-02-01,2,177.6,8.1,1,4,88.8,21.2,2,1.58
P-000093,2025-03-01,3,227.4,46.3,6,11,41.1,82.8,4,4.12
P-000093,2025-04-01,4,233.1,29.7,10,11,46.1,83.9,3,4.24
P-000093,2025-05-01,5,226.4,40.2,10,7,43.0,84.3,3,4.43
P-000093,2025-06-01,6,219.6,38.9,9,10,43.3,81.1,3,4.21
P-000093,2025-07-01,7,234.4,31.7,9,11,45.5,82.5,4,3.78
P-000093,2025-08-01,8,230.8,38.6,8,14,43.4,85.9,4,4.19
P-000093,2025-09-01,9,222.1,36.2,8,13,44.1,81.0,3,4.17
P-000093,2025-10-01,10,181.4,8.3,1,4,88.7,22.5,2,1.55
P-000093,2025-11-01,11,183.5,7.5,4,5,89.0,28.6,2,1.55
P-000093,2025-12-01,12,179.6,3.2,1,4,90.7,20.0,2,1.8
P-000094,2025-01-01,1,167.4,9.7,2,3,86.1,21.5,2,2.3
P-000094,2025-02-01,2,171.9,11.3,4,5,85.5,27.7,2,1.93
P-000094,2025-03-01,3,162.9,9.3,3,5,86.3,22.9,2,2.33
P-000094,2025-04-01,4,213.8,43.5,7,7,40.0,76.1,3,4.14
P-000094,2025-05-01,5,203.7,30.2,8,8,44.7,67.8,4,3.87
P-000094,2025-06-01,6,204.1,20.6,5,9,54.7,56.6,3,3.42
P-000094,2025-07-01,7,205.4,25.9,6,6,44.8,62.2,4,3.97
P-000094,2025-08-01,8,212.3,30.6,6,6,44.0,66.9,3,4.04
P-000094,2025-09-01,9,175.8,10.8,1,5,85.7,23.9,2,1.96
P-000094,2025-10-01,10,167.6,12.0,2,5,85.2,23.0,2,1.86
P-000094,2025-11-01,11,175.7,2.9,3,4,88.8,21.3,2,1.44
P-000094,2025-12-01,12,166.3,10.0,1,5,86.0,19.7,2,1.78
P-000095,2025-01-01,1,181.4,16.7,1,7,75.3,34.4,3,3.11
P-000095,2025-02-01,2,177.3,10.8,2,6,77.7,31.0,3,3.08
P-000095,2025-03-01,3,183.8,17.7,3,7,74.9,37.6,3,2.49
P-000095,2025-04-01,4,229.3,44.2,12,10,42.1,93.3,5,4.73
P-000095,2025-05-01,5,236.3,39.1,10,10,37.0,91.0,5,4.66
P-000095,2025-06-01,6,240.7,39.2,7,7,44.2,84.2,5,4.63
P-000095,2025-07-01,7,236.4,52.3,10,10,40.2,96.8,5,5.0
P-000095,2025-08-01,8,243.7,51.7,13,10,40.3,98.0,5,4.83
P-000095,2025-09-01,9,246.8,53.1,8,7,38.8,94.2,5,4.4
P-000095,2025-10-01,10,262.4,47.0,14,9,37.5,98.0,5,4.51
P-000095,2025-11-01,11,252.4,44.1,14,12,35.8,98.0,5,4.68
P-000095,2025-12-01,12,257.0,60.2,9,10,34.9,98.0,5,4.65
P-000096,2025-01-01,1,168.2,3.3,2,3,98.0,15.0,2,1.51
P-000096,2025-02-01,2,165.6,1.6,2,5,92.3,14.8,2,1.15
P-000096,2025-03-01,3,165.6,5.7,4,4,91.7,19.5,2,1.22
P-000096,2025-04-01,4,169.7,8.3,4,5,92.3,23.2,2,1.49
P-000096,2025-05-01,5,172.6,5.0,4,4,94.0,22.7,2,1.81
P-000096,2025-06-01,6,162.1,6.4,4,4,89.3,18.5,2,1.0
P-000096,2025-07-01,7,160.9,3.0,1,6,98.4,11.9,2,1.25
P-000096,2025-08-01,8,161.0,6.3,0,4,97.1,11.0,2,1.42
P-000096,2025-09-01,9,163.5,6.2,1,5,88.2,14.8,2,1.0
P-000096,2025-10-01,10,175.6,4.1,4,5,94.6,22.8,2,1.35
P-000096,2025-11-01,11,162.8,3.0,1,6,89.6,15.1,2,1.6
P-000096,2025-12-01,12,166.1,5.5,2,4,93.2,17.0,2,1.61
P-000097,2025-01-01,1,181.5,20.0,2,4,82.0,30.2,2,1.48
P-000097,2025-02-01,2,186.0,10.4,2,4,85.8,28.0,2,1.88
P-000097,2025-03-01,3,181.3,8.1,3,5,86.8,27.6,2,1.86
P-000097,2025-04-01,4,216.5,32.5,4,6,41.5,63.9,4,3.1
P-000097,2025-05-01,5,217.7,23.1,6,6,50.4,63.6,4,3.71
P-000097,2025-06-01,6,222.1,32.1,4,10,41.4,70.3,4,3.85
P-000097,2025-07-01,7,222.7,25.5,7,10,46.8,71.1,4,3.6
P-000097,2025-08-01,8,208.7,34.0,6,7,45.5,67.3,3,3.98
P-000097,2025-09-01,9,181.0,5.7,3,6,87.7,26.3,2,1.58
P-000097,2025-10-01,10,183.6,11.3,4,5,85.5,30.8,2,1.54
P-000097,2025-11-01,11,183.0,4.4,3,5,88.2,27.6,2,2.39
P-000097,2025-12-01,12,186.1,5.8,3,5,87.7,27.9,2,1.8
P-000098,2025-01-01,1,182.9,5.9,2,7,88.7,26.2,2,1.74
P-000098,2025-02-01,2,174.6,5.8,1,4,91.7,18.0,2,1.33
P-000098,2025-03-01,3,181.9,10.6,0,4,92.8,21.5,2,1.65
P-000098,2025-04-01,4,171.6,7.8,3,3,95.8,21.7,2,2.14
P-000098,2025-05-01,5,181.0,11.3,4,3,92.4,27.4,2,1.57
P-000098,2025-06-01,6,173.4,1.8,2,3,93.1,17.0,2,1.49
P-000098,2025-07-01,7,174.7,7.3,2,4,93.1,20.3,2,1.43
P-000098,2025-08-01,8,178.0,5.9,0,4,89.6,18.2,2,1.44
P-000098,2025-09-01,9,180.9,7.3,1,4,89.7,22.6,2,1.89
P-000098,2025-10-01,10,182.4,5.0,0,4,93.6,18.8,2,1.52
P-000098,2025-11-01,11,176.5,5.3,3,5,93.2,21.6,2,1.12
P-000098,2025-12-01,12,182.5,5.9,2,4,87.4,24.3,2,1.72
P-000099,2025-01-01,1,178.0,6.8,1,6,91.1,22.2,2,1.78
P-000099,2025-02-01,2,179.5,3.1,3,4,94.7,20.6,2,1.0
P-000099,2025-03-01,3,178.3,3.0,4,4,96.7,24.1,2,2.09
P-000099,2025-04-01,4,174.1,6.2,0,3,94.8,14.6,2,1.16
P-000099,2025-05-01,5,177.7,5.4,1,3,90.5,18.0,2,1.14
P-000099,2025-06-01,6,188.4,4.1,3,5,96.8,26.7,2,1.96
P-000099,2025-07-01,7,186.6,4.7,2,6,95.8,24.1,2,1.36
P-000099,2025-08-01,8,178.4,6.2,1,6,90.6,21.8,2,1.63
P-000099,2025-09-01,9,181.0,3.2,1,4,93.2,20.1,2,1.82
P-000099,2025-10-01,10,173.0,9.6,1,5,93.8,18.5,2,1.0
P-000099,2025-11-01,11,185.8,4.9,1,3,97.4,20.7,2,1.7
P-000099,2025-12-01,12,183.7,9.1,0,5,89.9,21.3,2,1.08
P-000100,2025-01-01,1,174.7,7.1,4,6,88.7,25.3,2,1.27
P-000100,2025-02-01,2,181.0,3.7,2,4,90.5,21.6,2,1.48
P-000100,2025-03-01,3,181.6,1.8,2,7,97.4,23.0,2,1.98
P-000100,2025-04-01,4,179.0,8.6,0,5,88.8,20.2,2,1.31
P-000100,2025-05-01,5,178.7,2.9,3,6,91.3,23.2,3,1.42
P-000100,2025-06-01,6,169.7,8.0,2,5,91.6,20.4,2,1.66
P-000100,2025-07-01,7,182.9,8.3,2,4,94.0,24.4,2,1.85
P-000100,2025-08-01,8,186.8,7.3,3,4,90.7,25.7,2,1.04
P-000100,2025-09-01,9,182.1,8.8,2,5,93.5,23.7,2,1.25
P-000100,2025-10-01,10,174.0,1.5,0,3,95.5,13.5,2,1.54
P-000100,2025-11-01,11,182.0,8.4,0,5,87.7,21.4,2,1.33
P-000100,2025-12-01,12,176.9,10.0,3,4,93.0,23.2,2,1.15
P-000101,2025-01-01,1,176.2,5.9,2,4,97.8,19.9,2,1.65
P-000101,2025-02-01,2,181.8,6.1,3,5,96.0,24.5,2,1.61
P-000101,2025-03-01,3,170.1,7.2,1,5,91.6,19.0,2,1.84
P-000101,2025-04-01,4,171.5,0.4,2,6,93.4,17.8,2,1.52
P-000101,2025-05-01,5,172.8,8.4,1,4,91.9,18.7,2,1.46
P-000101,2025-06-01,6,173.3,5.7,1,5,92.1,18.0,2,1.29
P-000101,2025-07-01,7,173.8,4.9,1,5,93.1,18.7,2,1.73
P-000101,2025-08-01,8,171.6,2.9,0,6,94.3,15.9,2,1.73
P-000101,2025-09-01,9,172.6,6.5,4,4,90.7,23.0,2,1.44
P-000101,2025-10-01,10,172.7,3.5,2,5,91.0,19.0,2,1.38
P-000101,2025-11-01,11,181.8,9.7,1,4,92.3,22.8,2,1.66
P-000101,2025-12-01,12,167.5,0.4,2,5,93.7,16.1,2,1.68
P-000102,2025-01-01,1,176.4,10.3,1,5,85.9,23.0,2,1.65
P-000102,2025-02-01,2,181.3,8.2,3,4,86.7,26.8,2,1.79
P-000102,2025-03-01,3,176.4,11.7,1,3,85.3,22.5,2,1.7
P-000102,2025-04-01,4,210.5,37.7,5,9,47.6,69.3,4,4.2
P-000102,2025-05-01,5,220.1,33.5,4,9,47.1,67.2,4,3.36
P-000102,2025-06-01,6,218.8,33.4,5,9,46.5,68.5,3,3.35
P-000102,2025-07-01,7,220.8,40.1,5,7,40.9,73.3,3,3.98
P-000102,2025-08-01,8,208.5,34.8,8,7,44.5,71.4,4,4.1
P-000102,2025-09-01,9,180.7,8.7,3,4,86.5,27.0,2,1.85
P-000102,2025-10-01,10,177.4,8.4,4,5,86.6,28.1,2,1.92
P-000102,2025-11-01,11,185.4,8.3,4,5,86.7,32.2,2,2.45
P-000102,2025-12-01,12,175.0,6.4,2,4,87.4,22.9,2,2.16
P-000103,2025-01-01,1,183.4,10.0,1,5,89.1,25.5,2,1.93
P-000103,2025-02-01,2,185.4,0.0,1,5,87.9,21.2,2,1.5
P-000103,2025-03-01,3,184.8,4.3,1,5,99.1,20.6,2,1.48
P-000103,2025-04-01,4,181.0,9.5,3,6,89.7,27.7,2,1.67
P-000103,2025-05-01,5,184.7,2.2,1,5,89.6,21.0,2,1.31
P-000103,2025-06-01,6,189.5,13.1,1,7,91.9,29.4,2,1.81
P-000103,2025-07-01,7,183.8,9.5,0,5,94.3,21.7,2,1.49
P-000103,2025-08-01,8,183.4,2.4,0,3,90.4,18.5,2,1.71
P-000103,2025-09-01,9,185.0,8.6,2,4,89.3,24.5,2,1.17
P-000103,2025-10-01,10,187.0,7.8,3,7,91.7,29.2,2,1.62
P-000103,2025-11-01,11,182.0,6.4,2,6,89.7,23.9,2,1.22
P-000103,2025-12-01,12,183.3,3.1,1,5,90.6,21.2,2,1.5
P-000104,2025-01-01,1,186.8,14.0,4,5,84.4,34.8,2,2.18
P-000104,2025-02-01,2,185.0,13.3,4,4,84.7,31.7,2,1.57
P-000104,2025-03-01,3,192.8,14.0,1,5,84.4,31.2,2,1.87
P-000104,2025-04-01,4,221.5,31.9,5,7,48.7,66.6,3,3.17
P-000104,2025-05-01,5,222.1,27.3,7,9,49.3,69.0,4,2.98
P-000104,2025-06-01,6,232.4,36.0,9,8,47.2,82.9,4,4.42
P-000104,2025-07-01,7,222.4,32.5,4,8,46.1,67.7,3,3.6
P-000104,2025-08-01,8,231.5,33.8,10,12,45.4,84.8,4,3.82
P-000104,2025-09-01,9,183.6,11.8,2,5,85.3,27.8,2,1.58
P-000104,2025-10-01,10,185.0,14.5,1,5,84.2,27.6,2,1.45
P-000104,2025-11-01,11,182.1,10.1,3,4,85.9,26.4,2,1.14
P-000104,2025-12-01,12,181.7,14.1,1,5,84.3,26.6,2,1.58
P-000105,2025-01-01,1,168.1,5.9,1,6,95.7,16.8,1,1.54
P-000105,2025-02-01,2,220.5,34.2,8,10,47.7,76.1,4,3.86
P-000105,2025-03-01,3,218.2,40.6,6,8,45.8,73.0,4,3.59
P-000105,2025-04-01,4,220.3,30.7,4,11,48.8,67.1,4,3.34
P-000105,2025-05-01,5,214.2,32.9,5,11,48.1,67.6,4,3.33
P-000105,2025-06-01,6,117.9,0.0,0,3,120.0,5.0,1,1.0
P-000105,2025-07-01,7,172.0,1.5,1,6,97.4,14.7,1,1.0
P-000105,2025-08-01,8,170.4,5.0,0,4,96.0,13.1,1,1.09
P-000105,2025-09-01,9,173.7,7.7,2,5,94.9,20.7,1,1.51
P-000105,2025-10-01,10,169.6,4.2,0,5,96.3,12.9,1,1.0
P-000105,2025-11-01,11,174.4,5.3,3,3,95.9,19.2,1,1.19
P-000105,2025-12-01,12,176.2,2.6,1,3,97.0,15.6,1,1.34
P-000106,2025-01-01,1,187.8,0.4,1,5,93.4,20.8,2,1.37
P-000106,2025-02-01,2,181.7,4.4,4,4,91.3,26.9,2,2.09
P-000106,2025-03-01,3,183.8,2.6,4,3,96.0,24.4,2,1.71
P-000106,2025-04-01,4,186.4,0.1,1,4,96.2,18.9,2,1.34
P-000106,2025-05-01,5,182.9,4.9,1,6,93.5,22.0,2,1.53
P-000106,2025-06-01,6,178.8,3.8,4,6,95.4,24.9,2,1.55
P-000106,2025-07-01,7,182.2,5.9,2,4,92.3,23.6,2,1.87
P-000106,2025-08-01,8,179.5,9.2,4,3,84.5,26.3,2,1.13
P-000106,2025-09-01,9,178.8,10.4,0,6,89.5,22.1,2,1.6
P-000106,2025-10-01,10,190.1,11.7,0,4,86.8,26.8,2,2.03
P-000106,2025-11-01,11,181.0,4.7,4,4,93.4,24.7,2,1.44
P-000106,2025-12-01,12,189.5,7.2,1,4,87.5,24.8,2,1.41
P-000107,2025-01-01,1,183.9,12.0,2,4,92.0,25.8,2,1.47
P-000107,2025-02-01,2,183.1,4.7,2,4,95.4,22.9,2,1.89
P-000107,2025-03-01,3,180.2,8.4,0,5,90.9,19.7,2,1.16
P-000107,2025-04-01,4,174.3,4.6,4,6,89.9,23.2,2,1.0
P-000107,2025-05-01,5,181.7,1.3,2,6,98.7,21.0,2,1.65
P-000107,2025-06-01,6,184.4,3.5,0,4,89.9,19.7,2,1.57
P-000107,2025-07-01,7,175.9,5.2,3,4,89.1,21.3,2,1.03
P-000107,2025-08-01,8,178.8,0.0,2,6,92.0,21.4,2,1.9
P-000107,2025-09-01,9,183.9,8.7,3,5,91.6,27.0,2,1.53
P-000107,2025-10-01,10,178.0,6.9,1,5,88.4,21.9,2,1.71
P-000107,2025-11-01,11,181.8,2.4,2,4,94.9,21.0,2,1.68
P-000107,2025-12-01,12,188.2,6.2,2,5,90.2,27.2,2,1.97
P-000108,2025-01-01,1,175.4,8.7,2,5,88.5,22.5,2,1.35
P-000108,2025-02-01,2,166.0,9.1,2,5,88.4,20.7,2,1.89
P-000108,2025-03-01,3,215.8,41.1,8,10,42.7,78.7,4,4.0
P-000108,2025-04-01,4,211.3,47.3,6,9,40.8,76.1,4,4.01
P-000108,2025-05-01,5,214.1,32.9,8,8,45.1,72.5,4,3.85
P-000108,2025-06-01,6,219.0,32.0,5,10,45.4,70.2,3,3.87
P-000108,2025-07-01,7,222.2,46.5,5,12,41.1,80.7,4,4.37
P-000108,2025-08-01,8,216.3,36.9,10,14,43.9,82.5,4,3.84
P-000108,2025-09-01,9,214.0,29.3,8,7,46.2,70.5,4,4.0
P-000108,2025-10-01,10,166.3,8.2,1,3,88.7,15.5,2,1.15
P-000108,2025-11-01,11,168.4,10.5,4,5,87.8,24.7,2,1.55
P-000108,2025-12-01,12,171.8,1.3,1,6,91.5,18.7,2,2.22
P-000109,2025-01-01,1,168.6,9.0,0,4,88.8,16.8,2,1.63
P-000109,2025-02-01,2,173.4,10.7,0,5,81.2,21.0,2,1.49
P-000109,2025-03-01,3,175.7,9.2,3,5,90.4,24.6,2,1.57
P-000109,2025-04-01,4,173.8,4.8,4,5,89.1,24.3,2,1.7
P-000109,2025-05-01,5,173.7,8.6,4,7,89.2,27.1,3,1.64
P-000109,2025-06-01,6,161.0,7.8,1,4,89.8,13.6,2,1.03
P-000109,2025-07-01,7,165.3,0.0,1,4,97.3,12.1,2,1.65
P-000109,2025-08-01,8,169.2,0.0,1,6,94.8,13.8,2,1.08
P-000109,2025-09-01,9,173.1,11.3,3,3,91.7,21.8,2,1.07
P-000109,2025-10-01,10,166.1,4.7,2,5,93.3,17.6,2,1.74
P-000109,2025-11-01,11,169.0,1.6,4,5,93.0,19.4,2,1.21
P-000109,2025-12-01,12,166.3,5.7,2,4,93.1,17.5,2,1.75
P-000110,2025-01-01,1,173.3,5.6,2,3,86.5,20.3,2,1.7
P-000110,2025-02-01,2,173.3,5.4,2,6,96.5,21.1,2,1.98
P-000110,2025-03-01,3,172.8,7.3,1,7,89.8,20.9,2,1.55
P-000110,2025-04-01,4,177.4,10.3,1,5,94.9,20.8,2,1.29
P-000110,2025-05-01,5,168.9,7.2,1,5,91.8,17.3,2,1.35
P-000110,2025-06-01,6,167.7,3.4,3,4,89.5,18.9,2,1.54
P-000110,2025-07-01,7,173.4,8.8,1,4,86.9,20.5,2,1.63
P-000110,2025-08-01,8,173.0,5.8,3,3,98.6,19.0,2,1.41
P-000110,2025-09-01,9,167.3,5.0,3,3,88.5,17.6,2,1.0
P-000110,2025-10-01,10,168.9,10.6,1,5,89.1,19.3,2,1.42
P-000110,2025-11-01,11,175.3,1.3,1,5,89.0,18.7,2,1.78
P-000110,2025-12-01,12,170.2,8.3,3,4,88.8,22.9,2,1.94
P-000111,2025-01-01,1,179.4,4.9,4,4,95.1,23.8,2,1.37
P-000111,2025-02-01,2,174.1,5.3,1,4,90.9,17.8,2,1.34
P-000111,2025-03-01,3,176.3,8.3,0,5,90.3,19.9,2,1.74
P-000111,2025-04-01,4,175.7,7.6,3,5,90.5,23.2,2,1.25
P-000111,2025-05-01,5,174.9,6.1,1,4,89.9,17.7,3,1.0
P-000111,2025-06-01,6,180.0,3.9,2,6,90.5,23.4,2,1.76
P-000111,2025-07-01,7,181.9,4.1,3,4,97.0,22.6,2,1.5
P-000111,2025-08-01,8,179.7,7.4,2,6,88.3,23.3,2,1.0
P-000111,2025-09-01,9,177.9,5.3,2,5,94.1,20.8,2,1.31
P-000111,2025-10-01,10,177.4,4.5,2,6,91.2,22.8,2,1.82
P-000111,2025-11-01,11,173.1,6.0,2,6,93.3,21.3,2,1.74
P-000111,2025-12-01,12,182.5,5.1,3,4,90.9,24.6,2,1.61
P-000112,2025-01-01,1,170.9,11.0,1,4,87.1,20.7,2,1.7
P-000112,2025-02-01,2,165.2,11.8,2,5,90.6,19.5,2,1.23
P-000112,2025-03-01,3,176.5,2.9,0,3,96.8,13.4,2,1.03
P-000112,2025-04-01,4,174.8,11.4,3,3,95.4,22.3,2,1.31
P-000112,2025-05-01,5,175.5,9.2,2,5,94.4,22.2,2,1.58
P-000112,2025-06-01,6,178.8,13.6,2,4,88.3,25.3,2,1.44
P-000112,2025-07-01,7,177.1,9.7,3,6,89.7,26.4,2,1.67
P-000112,2025-08-01,8,179.8,4.4,2,4,95.2,19.7,2,1.11
P-000112,2025-09-01,9,181.2,7.9,1,3,90.6,21.4,2,1.6
P-000112,2025-10-01,10,175.9,9.1,3,4,90.0,25.2,2,2.04
P-000112,2025-11-01,11,177.6,7.6,1,4,88.5,21.9,2,1.93
P-000112,2025-12-01,12,169.9,4.5,1,3,94.4,16.5,2,2.07
P-000113,2025-01-01,1,163.9,5.4,1,4,95.8,12.9,1,1.18
P-000113,2025-02-01,2,207.4,40.0,4,6,46.0,65.0,4,3.91
P-000113,2025-03-01,3,215.8,31.1,4,12,48.7,67.6,4,3.81
P-000113,2025-04-01,4,207.0,35.6,9,8,47.3,71.0,4,3.29
P-000113,2025-05-01,5,201.1,34.1,4,9,47.8,62.6,4,4.1
P-000113,2025-06-01,6,111.5,0.0,0,3,120.0,5.0,1,1.0
P-000113,2025-07-01,7,164.7,7.4,3,5,95.0,19.3,1,1.6
P-000113,2025-08-01,8,161.8,6.1,3,4,95.5,16.0,1,1.23
P-000113,2025-09-01,9,163.9,4.9,0,4,96.0,10.8,1,1.11
P-000113,2025-10-01,10,163.3,2.7,2,5,96.9,14.2,1,1.38
P-000113,2025-11-01,11,159.9,4.0,1,5,96.4,11.1,1,1.01
P-000113,2025-12-01,12,166.3,4.4,1,4,96.2,13.3,1,1.2
P-000114,2025-01-01,1,181.0,7.7,2,6,78.9,31.1,3,3.19
P-000114,2025-02-01,2,186.1,10.5,3,5,77.8,32.2,3,2.0
P-000114,2025-03-01,3,191.9,14.1,3,6,76.4,39.0,3,2.93
P-000114,2025-04-01,4,236.9,45.4,6,12,44.1,86.7,5,4.47
P-000114,2025-05-01,5,234.4,50.5,7,11,42.6,89.3,5,4.48
P-000114,2025-06-01,6,245.5,50.7,11,7,41.1,97.1,5,4.31
P-000114,2025-07-01,7,247.5,47.4,9,14,43.0,96.7,5,4.04
P-000114,2025-08-01,8,247.3,54.4,13,10,36.9,98.0,5,4.69
P-000114,2025-09-01,9,250.5,49.4,13,12,37.4,98.0,5,5.0
P-000114,2025-10-01,10,268.2,58.0,8,9,43.8,98.0,5,4.76
P-000114,2025-11-01,11,265.1,57.0,14,15,41.4,98.0,5,4.37
P-000114,2025-12-01,12,251.5,47.5,7,10,30.5,96.9,5,4.99
P-000115,2025-01-01,1,178.9,4.4,3,6,88.2,25.2,2,1.71
P-000115,2025-02-01,2,183.2,6.4,2,5,87.4,24.5,2,1.39
P-000115,2025-03-01,3,178.3,8.9,3,5,86.4,26.4,2,1.64
P-000115,2025-04-01,4,208.3,30.9,5,8,49.6,65.7,4,4.63
P-000115,2025-05-01,5,224.4,28.5,10,7,50.7,75.7,4,3.81
P-000115,2025-06-01,6,207.4,22.3,6,10,54.4,63.9,4,4.61
P-000115,2025-07-01,7,209.8,32.9,8,6,50.3,66.9,4,3.15
P-000115,2025-08-01,8,215.9,25.6,4,7,47.7,62.8,4,4.05
P-000115,2025-09-01,9,180.1,11.1,1,5,85.6,25.0,2,1.76
P-000115,2025-10-01,10,187.0,13.2,1,5,84.7,29.3,2,2.11
P-000115,2025-11-01,11,181.3,9.7,1,4,86.1,24.3,2,1.83
P-000115,2025-12-01,12,181.5,2.8,1,6,88.9,22.5,2,1.9
P-000116,2025-01-01,1,175.6,4.5,0,5,96.2,15.6,1,1.16
P-000116,2025-02-01,2,230.3,33.9,4,9,47.8,72.8,4,4.16
P-000116,2025-03-01,3,218.4,34.9,7,9,47.5,71.9,4,3.28
P-000116,2025-04-01,4,221.5,34.8,7,10,47.6,72.6,4,2.85
P-000116,2025-05-01,5,214.2,35.2,8,10,47.4,73.7,4,3.58
P-000116,2025-06-01,6,121.1,0.0,0,3,120.0,5.0,1,1.0
P-000116,2025-07-01,7,177.5,3.8,0,3,96.5,14.1,1,1.0
P-000116,2025-08-01,8,174.4,7.7,3,6,94.9,22.7,1,1.27
P-000116,2025-09-01,9,164.7,3.7,0,6,96.5,12.2,1,1.26
P-000116,2025-10-01,10,172.1,3.6,0,4,96.6,13.5,1,1.27
P-000116,2025-11-01,11,171.4,2.9,0,3,96.8,12.0,1,1.18
P-000116,2025-12-01,12,170.0,5.3,3,5,95.9,19.5,1,1.39
P-000117,2025-01-01,1,177.3,15.0,2,6,76.0,33.0,3,3.04
P-000117,2025-02-01,2,174.3,16.5,5,6,75.4,36.6,3,2.62
P-000117,2025-03-01,3,188.0,11.6,2,7,77.3,36.1,3,3.18
P-000117,2025-04-01,4,220.8,46.4,5,10,42.6,78.2,5,4.24
P-000117,2025-05-01,5,232.4,48.1,5,10,41.5,82.9,5,4.12
P-000117,2025-06-01,6,232.2,44.8,14,14,33.9,98.0,5,4.38
P-000117,2025-07-01,7,229.4,39.1,9,9,35.0,85.9,5,4.35
P-000117,2025-08-01,8,236.2,48.0,11,8,41.3,93.0,5,4.14
P-000117,2025-09-01,9,243.4,50.2,14,9,42.3,98.0,5,5.0
P-000117,2025-10-01,10,248.4,49.5,7,10,37.5,94.3,5,4.55
P-000117,2025-11-01,11,253.5,54.8,14,9,30.9,98.0,5,4.43
P-000117,2025-12-01,12,244.7,54.4,12,8,33.3,98.0,5,4.37
P-000118,2025-01-01,1,162.3,2.9,0,6,99.0,10.7,2,1.28
P-000118,2025-02-01,2,166.0,8.8,1,4,90.3,16.1,2,1.16
P-000118,2025-03-01,3,155.9,3.6,4,4,93.1,16.4,2,1.79
P-000118,2025-04-01,4,163.6,6.7,0,3,88.7,13.6,3,1.68
P-000118,2025-05-01,5,161.6,2.8,4,4,96.2,16.3,2,1.31
P-000118,2025-06-01,6,156.8,7.4,2,4,91.2,15.6,2,1.89
P-000118,2025-07-01,7,164.5,4.1,0,3,90.7,13.0,2,1.88
P-000118,2025-08-01,8,165.3,8.2,3,5,90.3,19.7,2,1.19
P-000118,2025-09-01,9,168.8,5.1,2,4,93.0,17.6,2,1.52
P-000118,2025-10-01,10,163.6,5.5,1,5,94.5,16.1,2,2.12
P-000118,2025-11-01,11,171.4,5.8,1,3,91.4,17.2,2,1.7
P-000118,2025-12-01,12,164.6,8.2,0,4,89.3,14.6,2,1.47
P-000119,2025-01-01,1,172.2,6.0,2,4,95.6,18.1,1,1.3
P-000119,2025-02-01,2,233.3,34.2,10,13,47.7,87.5,4,4.49
P-000119,2025-03-01,3,231.0,32.8,8,6,48.2,77.3,4,4.21
P-000119,2025-04-01,4,223.7,40.0,6,10,46.0,76.4,4,3.75
P-000119,2025-05-01,5,232.0,38.1,4,8,46.6,74.8,4,4.2
P-000119,2025-06-01,6,127.1,0.0,0,3,120.0,5.0,1,1.0
P-000119,2025-07-01,7,183.6,2.6,0,6,96.9,18.6,1,1.38
P-000119,2025-08-01,8,175.2,3.3,1,3,96.7,15.8,1,1.41
P-000119,2025-09-01,9,184.1,7.1,0,4,95.1,19.9,1,1.48
P-000119,2025-10-01,10,177.8,5.8,2,6,95.7,20.6,1,1.0
P-000119,2025-11-01,11,182.8,5.7,0,4,95.7,17.6,1,1.0
P-000119,2025-12-01,12,176.5,3.1,0,5,96.7,15.1,1,1.11
P-000120,2025-01-01,1,179.2,6.0,3,4,87.6,24.2,2,1.48
P-000120,2025-02-01,2,168.6,12.2,1,3,85.1,19.7,2,1.58
P-000120,2025-03-01,3,171.8,7.0,1,5,87.2,19.9,2,1.68
P-000120,2025-04-01,4,215.8,31.4,8,8,46.1,73.2,3,4.22
P-000120,2025-05-01,5,200.4,42.5,10,6,40.0,74.9,3,3.94
P-000120,2025-06-01,6,218.0,28.7,6,6,47.5,68.5,3,4.46
P-000120,2025-07-01,7,208.4,27.1,5,9,46.0,65.0,3,4.44
P-000120,2025-08-01,8,198.0,25.7,4,7,54.1,55.0,3,3.91
P-000120,2025-09-01,9,173.9,8.3,2,4,86.7,23.5,2,2.19
P-000120,2025-10-01,10,172.2,12.2,3,5,85.1,26.6,2,1.95
P-000120,2025-11-01,11,171.9,13.7,4,3,84.5,27.8,2,2.04
P-000120,2025-12-01,12,172.4,8.8,1,4,86.5,19.7,2,1.42
P-000121,2025-01-01,1,186.8,9.0,2,5,78.4,31.0,3,2.37
P-000121,2025-02-01,2,192.6,10.6,4,7,77.7,40.1,3,2.99
P-000121,2025-03-01,3,179.0,5.1,4,5,80.0,29.4,3,2.26
P-000121,2025-04-01,4,235.0,44.7,6,7,43.4,81.1,5,3.87
P-000121,2025-05-01,5,239.3,50.2,9,14,46.3,95.8,5,4.59
P-000121,2025-06-01,6,242.9,41.4,14,14,39.0,98.0,5,4.98
P-000121,2025-07-01,7,239.7,48.2,12,12,42.2,98.0,5,4.47
P-000121,2025-08-01,8,247.1,49.0,13,12,44.9,98.0,5,4.41
P-000121,2025-09-01,9,259.7,54.3,14,12,43.4,98.0,5,4.52
P-000121,2025-10-01,10,261.1,46.4,10,8,39.1,98.0,5,4.65
P-000121,2025-11-01,11,265.4,56.0,14,12,40.2,98.0,5,4.77
P-000121,2025-12-01,12,262.8,55.9,11,14,35.6,98.0,5,4.2
P-000122,2025-01-01,1,166.0,1.6,0,5,97.4,11.3,1,1.38
P-000122,2025-02-01,2,209.1,34.6,10,11,47.6,75.1,4,3.37
P-000122,2025-03-01,3,215.8,40.9,5,10,45.7,72.6,4,3.83
P-000122,2025-04-01,4,214.9,38.8,8,9,46.4,76.1,4,4.03
P-000122,2025-05-01,5,215.3,34.0,8,11,47.8,74.2,4,3.6
P-000122,2025-06-01,6,113.1,0.0,0,3,120.0,5.0,1,1.0
P-000122,2025-07-01,7,172.1,2.5,0,5,97.0,14.0,1,1.45
P-000122,2025-08-01,8,165.5,7.0,0,4,95.2,13.1,1,1.38
P-000122,2025-09-01,9,162.4,4.0,0,4,96.4,10.7,1,1.42
P-000122,2025-10-01,10,165.6,7.1,0,6,95.2,14.3,1,1.31
P-000122,2025-11-01,11,160.2,6.3,1,3,95.5,11.1,1,1.08
P-000122,2025-12-01,12,160.4,6.4,0,4,95.4,10.8,1,1.3
P-000123,2025-01-01,1,161.3,3.5,2,6,89.8,16.4,2,1.6
P-000123,2025-02-01,2,166.2,7.9,2,5,89.2,18.4,2,1.19
P-000123,2025-03-01,3,163.3,11.4,1,5,87.1,18.5,2,1.6
P-000123,2025-04-01,4,176.3,2.6,1,4,98.6,16.7,2,1.64
P-000123,2025-05-01,5,176.2,3.6,1,4,91.9,18.7,2,1.78
P-000123,2025-06-01,6,168.1,4.9,2,4,91.2,16.7,2,1.19
P-000123,2025-07-01,7,163.4,5.2,4,5,92.1,18.6,2,1.0
P-000123,2025-08-01,8,163.3,2.4,4,5,93.1,17.2,2,1.0
P-000123,2025-09-01,9,164.5,4.1,4,5,96.2,19.4,2,1.67
P-000123,2025-10-01,10,170.9,6.1,4,5,94.5,21.1,2,1.0
P-000123,2025-11-01,11,164.1,11.9,1,5,90.4,17.2,2,1.11
P-000123,2025-12-01,12,168.1,11.0,2,5,91.3,20.8,2,1.55
P-000124,2025-01-01,1,164.8,2.1,0,4,88.5,12.0,2,1.35
P-000124,2025-02-01,2,170.9,7.0,1,5,94.1,18.3,2,1.68
P-000124,2025-03-01,3,173.3,8.3,2,4,94.0,20.1,2,1.42
P-000124,2025-04-01,4,172.2,5.6,0,4,91.9,15.3,2,1.3
P-000124,2025-05-01,5,177.5,5.2,1,4,89.3,20.9,2,2.02
P-000124,2025-06-01,6,174.1,7.3,0,4,87.5,17.5,2,1.31
P-000124,2025-07-01,7,172.1,7.9,2,6,90.0,21.7,2,1.49
P-000124,2025-08-01,8,169.1,5.0,1,6,92.9,17.4,2,1.55
P-000124,2025-09-01,9,169.6,8.2,3,5,88.7,21.4,2,1.17
P-000124,2025-10-01,10,171.8,8.2,4,5,92.4,24.8,2,1.83
P-000124,2025-11-01,11,167.9,4.1,3,4,93.8,18.2,2,1.44
P-000124,2025-12-01,12,174.7,6.8,1,5,91.4,18.6,2,1.12
P-000125,2025-01-01,1,161.3,4.1,1,6,91.9,14.2,2,1.46
P-000125,2025-02-01,2,162.1,6.3,1,6,91.5,15.2,2,1.34
P-000125,2025-03-01,3,159.3,7.2,3,5,89.6,17.7,2,1.39
P-000125,2025-04-01,4,164.0,9.1,2,4,89.8,18.1,2,1.49
P-000125,2025-05-01,5,167.3,0.7,3,3,98.1,15.0,3,1.4
P-000125,2025-06-01,6,166.8,2.3,4,4,93.0,18.7,2,1.38
P-000125,2025-07-01,7,164.0,7.4,4,4,88.2,20.2,2,1.18
P-000125,2025-08-01,8,164.5,3.0,3,5,95.5,17.0,2,1.48
P-000125,2025-09-01,9,162.0,6.1,4,5,92.2,20.2,2,1.68
P-000125,2025-10-01,10,159.5,11.4,2,4,88.2,18.6,2,1.82
P-000125,2025-11-01,11,164.5,3.1,1,5,98.7,12.5,2,1.25
P-000125,2025-12-01,12,155.0,4.8,3,5,89.4,16.1,2,1.7
P-000126,2025-01-01,1,175.0,5.8,4,4,92.7,24.4,2,1.92
P-000126,2025-02-01,2,169.4,13.6,4,4,89.3,25.1,2,1.43
P-000126,2025-03-01,3,172.0,2.8,3,5,94.9,20.1,2,1.71
P-000126,2025-04-01,4,170.8,0.7,4,4,100.4,18.2,3,1.45
P-000126,2025-05-01,5,170.3,7.2,2,5,95.8,19.1,2,1.54
P-000126,2025-06-01,6,165.2,6.5,3,4,88.4,19.3,2,1.46
P-000126,2025-07-01,7,166.9,7.7,3,5,88.2,22.1,2,1.85
P-000126,2025-08-01,8,177.0,5.1,1,5,91.8,18.9,2,1.22
P-000126,2025-09-01,9,169.9,4.8,2,3,96.1,16.5,2,1.47
P-000126,2025-10-01,10,176.2,9.4,4,5,89.6,27.6,2,1.93
P-000126,2025-11-01,11,169.3,8.4,0,3,94.0,15.4,2,1.72
P-000126,2025-12-01,12,178.7,5.8,2,5,90.1,21.8,2,1.24
P-000127,2025-01-01,1,184.6,14.3,5,5,76.3,39.1,3,2.85
P-000127,2025-02-01,2,182.2,12.6,4,8,77.0,36.9,3,2.51
P-000127,2025-03-01,3,181.8,14.6,1,4,76.2,29.9,3,2.46
P-000127,2025-04-01,4,219.1,52.5,11,12,41.0,93.7,5,5.0
P-000127,2025-05-01,5,227.8,34.5,10,9,46.2,84.6,5,5.0
P-000127,2025-06-01,6,236.3,37.0,9,10,43.8,85.0,5,3.76
P-000127,2025-07-01,7,238.3,48.5,8,8,45.3,88.4,5,4.25
P-000127,2025-08-01,8,232.7,44.5,10,12,37.7,93.4,5,4.74
P-000127,2025-09-01,9,248.7,50.9,5,11,36.9,92.0,5,4.41
P-000127,2025-10-01,10,242.7,64.2,5,10,29.9,96.1,5,4.42
P-000127,2025-11-01,11,252.2,54.9,7,11,35.6,98.0,5,4.34
P-000127,2025-12-01,12,248.6,47.2,12,11,38.0,98.0,5,4.16
P-000128,2025-01-01,1,178.4,17.3,2,5,75.1,33.1,3,2.76
P-000128,2025-02-01,2,189.9,12.0,2,6,77.2,34.0,3,2.27
P-000128,2025-03-01,3,196.7,17.3,5,6,75.1,45.1,3,2.69
P-000128,2025-04-01,4,240.4,42.2,5,11,42.3,85.7,5,4.89
P-000128,2025-05-01,5,230.7,56.6,5,11,38.7,87.0,5,4.12
P-000128,2025-06-01,6,235.8,41.5,9,13,44.0,89.5,5,4.1
P-000128,2025-07-01,7,249.0,50.7,6,13,38.8,93.6,5,3.98
P-000128,2025-08-01,8,252.2,53.3,14,9,45.4,98.0,5,4.18
P-000128,2025-09-01,9,245.5,50.9,10,10,40.2,97.7,5,4.32
P-000128,2025-10-01,10,256.2,54.2,10,10,38.9,98.0,5,4.82
P-000128,2025-11-01,11,257.9,39.6,13,13,37.6,98.0,5,4.74
P-000128,2025-12-01,12,260.5,59.6,14,7,44.6,98.0,5,4.82
P-000129,2025-01-01,1,174.9,5.1,3,6,91.3,23.6,2,1.74
P-000129,2025-02-01,2,176.1,10.5,0,4,95.6,19.1,2,1.75
P-000129,2025-03-01,3,173.1,0.2,0,3,92.5,14.3,2,2.0
P-000129,2025-04-01,4,167.7,5.6,2,4,93.2,16.9,2,1.35
P-000129,2025-05-01,5,170.4,4.0,3,5,92.6,19.1,3,1.12
P-000129,2025-06-01,6,175.1,2.5,4,3,92.8,21.9,2,1.71
P-000129,2025-07-01,7,181.3,5.1,1,3,93.8,19.8,2,1.67
P-000129,2025-08-01,8,173.5,7.1,4,4,87.6,23.9,2,1.31
P-000129,2025-09-01,9,174.7,6.5,2,5,92.5,21.2,2,1.6
P-000129,2025-10-01,10,168.2,6.5,0,3,87.8,15.7,2,1.83
P-000129,2025-11-01,11,168.3,8.4,3,4,89.3,21.7,2,1.73
P-000129,2025-12-01,12,166.1,3.4,2,4,93.7,15.6,2,1.46
P-000130,2025-01-01,1,176.0,16.1,2,4,83.6,26.3,2,1.48
P-000130,2025-02-01,2,174.3,11.4,1,5,85.4,23.4,2,1.87
P-000130,2025-03-01,3,175.5,6.4,1,4,87.5,21.7,2,2.27
P-000130,2025-04-01,4,203.5,43.9,10,8,50.8,75.0,3,3.6
P-000130,2025-05-01,5,203.5,32.2,4,10,54.2,61.7,3,3.97
P-000130,2025-06-01,6,218.6,32.6,9,10,48.2,78.0,3,4.52
P-000130,2025-07-01,7,212.7,35.7,4,10,44.5,68.6,4,4.11
P-000130,2025-08-01,8,201.1,37.3,6,7,50.9,64.9,3,3.95
P-000130,2025-09-01,9,165.2,7.2,2,5,87.1,19.4,2,1.7
P-000130,2025-10-01,10,166.6,10.5,4,5,85.8,24.1,2,1.4
P-000130,2025-11-01,11,174.3,3.5,1,5,88.6,19.7,2,1.96
P-000130,2025-12-01,12,174.0,13.1,3,4,84.8,27.1,2,1.98
P-000131,2025-01-01,1,167.2,3.5,2,5,96.4,16.2,2,1.47
P-000131,2025-02-01,2,172.6,0.0,2,6,93.9,17.3,2,1.28
P-000131,2025-03-01,3,162.6,4.5,0,5,89.7,12.5,2,1.26
P-000131,2025-04-01,4,168.5,2.4,2,4,96.6,15.8,2,1.6
P-000131,2025-05-01,5,174.7,1.4,2,4,88.9,18.8,2,1.49
P-000131,2025-06-01,6,168.9,6.6,4,5,92.0,22.4,2,1.52
P-000131,2025-07-01,7,171.4,5.4,1,6,88.7,18.9,2,1.44
P-000131,2025-08-01,8,175.1,11.3,1,5,92.2,20.5,2,1.11
P-000131,2025-09-01,9,174.0,6.8,1,3,89.7,18.6,2,1.61
P-000131,2025-10-01,10,172.1,1.7,0,6,96.4,15.1,2,1.67
P-000131,2025-11-01,11,174.5,11.4,1,5,92.5,21.1,2,1.46
P-000131,2025-12-01,12,168.3,7.5,2,4,86.1,18.5,2,1.03
P-000132,2025-01-01,1,186.1,4.7,2,5,89.0,24.0,2,1.17
P-000132,2025-02-01,2,171.1,8.5,0,4,86.2,18.9,2,1.97
P-000132,2025-03-01,3,177.8,3.7,1,4,93.1,17.4,2,1.1
P-000132,2025-04-01,4,177.4,3.4,4,6,92.1,25.2,2,1.71
P-000132,2025-05-01,5,176.1,8.6,0,3,91.6,19.0,2,2.0
P-000132,2025-06-01,6,187.7,8.7,4,5,89.9,30.4,2,1.57
P-000132,2025-07-01,7,179.7,8.2,2,4,91.3,22.6,2,1.34
P-000132,2025-08-01,8,182.2,9.5,0,3,89.0,20.6,2,1.41
P-000132,2025-09-01,9,185.9,3.1,2,4,94.0,21.2,2,1.0
P-000132,2025-10-01,10,176.3,5.2,2,7,88.0,23.5,2,1.66
P-000132,2025-11-01,11,184.8,5.7,1,5,94.0,22.7,2,1.69
P-000132,2025-12-01,12,182.2,7.8,0,5,90.3,21.4,2,1.58
P-000133,2025-01-01,1,190.5,1.2,3,4,96.9,23.2,2,1.0
P-000133,2025-02-01,2,183.7,6.0,2,3,91.1,23.8,2,1.89
P-000133,2025-03-01,3,175.3,7.4,0,4,93.0,17.3,2,1.45
P-000133,2025-04-01,4,175.4,0.0,3,3,97.2,16.7,2,1.0
P-000133,2025-05-01,5,191.0,5.3,2,5,94.3,27.0,2,1.98
P-000133,2025-06-01,6,185.9,2.0,1,4,97.7,19.5,2,1.42
P-000133,2025-07-01,7,181.6,7.3,2,4,96.9,22.4,2,1.6
P-000133,2025-08-01,8,185.7,7.5,1,4,90.5,22.8,2,1.34
P-000133,2025-09-01,9,186.6,0.0,2,5,98.1,22.1,2,1.8
P-000133,2025-10-01,10,183.4,5.8,2,5,89.8,23.5,2,1.22
P-000133,2025-11-01,11,180.8,12.7,0,4,87.6,22.5,2,1.49
P-000133,2025-12-01,12,190.6,7.3,1,5,91.3,24.8,2,1.25
P-000134,2025-01-01,1,185.2,5.0,1,7,97.8,22.7,2,1.54
P-000134,2025-02-01,2,183.4,9.0,3,5,88.6,26.6,2,1.18
P-000134,2025-03-01,3,190.1,5.0,0,4,86.4,23.3,2,1.69
P-000134,2025-04-01,4,179.7,5.8,1,5,92.7,20.2,2,1.32
P-000134,2025-05-01,5,184.6,6.0,1,4,98.2,21.2,3,1.67
P-000134,2025-06-01,6,185.8,9.4,2,4,92.3,25.3,2,1.48
P-000134,2025-07-01,7,179.0,6.0,3,4,92.5,23.9,2,1.79
P-000134,2025-08-01,8,185.2,0.0,3,3,96.2,22.2,2,1.75
P-000134,2025-09-01,9,177.8,5.7,1,6,86.6,20.5,2,1.0
P-000134,2025-10-01,10,189.6,5.5,1,6,92.0,25.4,2,1.75
P-000134,2025-11-01,11,190.5,8.6,1,4,90.9,25.4,2,1.54
P-000134,2025-12-01,12,180.1,3.4,2,5,97.5,21.2,2,1.75
P-000135,2025-01-01,1,178.3,7.5,0,3,95.0,16.7,1,1.19
P-000135,2025-02-01,2,227.9,40.1,5,6,46.0,72.4,4,3.3
P-000135,2025-03-01,3,232.8,37.5,9,9,46.7,83.3,4,3.99
P-000135,2025-04-01,4,230.6,40.8,5,9,45.8,76.7,4,3.69
P-000135,2025-05-01,5,225.9,36.0,9,9,47.2,79.4,4,3.66
P-000135,2025-06-01,6,130.1,0.0,0,3,120.0,5.0,1,1.0
P-000135,2025-07-01,7,177.1,4.7,0,6,96.1,17.4,1,1.39
P-000135,2025-08-01,8,183.2,1.6,0,4,97.4,16.9,1,1.47
P-000135,2025-09-01,9,180.8,7.3,0,3,95.1,18.4,1,1.55
P-000135,2025-10-01,10,178.4,6.8,0,6,95.3,18.8,1,1.36
P-000135,2025-11-01,11,179.5,4.8,2,5,96.1,20.3,1,1.11
P-000135,2025-12-01,12,187.5,3.9,1,5,96.4,21.1,1,1.2
P-000136,2025-01-01,1,184.8,0.0,4,4,100.1,23.0,2,1.51
P-000136,2025-02-01,2,187.3,5.7,4,3,92.2,26.9,2,1.42
P-000136,2025-03-01,3,175.4,0.8,4,5,97.8,21.5,2,1.65
P-000136,2025-04-01,4,182.1,9.0,1,3,94.5,22.9,2,2.19
P-000136,2025-05-01,5,185.1,11.7,2,3,91.9,26.3,2,1.79
P-000136,2025-06-01,6,180.8,3.2,3,5,97.4,21.7,2,1.22
P-000136,2025-07-01,7,189.8,11.7,1,6,87.3,28.7,2,1.63
P-000136,2025-08-01,8,181.6,6.3,1,5,90.2,22.6,2,1.75
P-000136,2025-09-01,9,186.9,5.2,0,4,90.3,20.7,2,1.36
P-000136,2025-10-01,10,186.6,7.7,2,6,89.5,27.7,2,1.84
P-000136,2025-11-01,11,184.2,2.5,4,6,96.9,25.5,2,1.41
P-000136,2025-12-01,12,183.9,5.9,1,5,92.0,21.1,2,1.0
P-000137,2025-01-01,1,179.7,11.7,3,5,85.3,28.3,2,1.69
P-000137,2025-02-01,2,178.9,0.0,3,6,90.0,23.4,2,1.84
P-000137,2025-03-01,3,179.8,8.6,3,5,86.6,25.9,2,1.33
P-000137,2025-04-01,4,215.3,33.7,4,9,50.6,64.5,4,3.19
P-000137,2025-05-01,5,207.9,28.6,6,11,53.3,65.6,4,3.83
P-000137,2025-06-01,6,204.7,36.1,4,7,50.8,62.5,4,3.99
P-000137,2025-07-01,7,210.7,41.4,6,8,41.4,71.0,4,3.36
P-000137,2025-08-01,8,224.8,32.8,6,9,44.1,74.9,4,4.31
P-000137,2025-09-01,9,185.5,13.0,1,4,84.8,28.9,2,2.45
P-000137,2025-10-01,10,187.1,9.0,4,4,86.4,30.8,2,1.79
P-000137,2025-11-01,11,176.1,8.7,1,6,86.5,22.4,2,1.5
P-000137,2025-12-01,12,180.6,8.0,2,5,86.8,25.9,2,1.97
P-000138,2025-01-01,1,181.1,7.7,1,5,88.9,23.4,2,1.79
P-000138,2025-02-01,2,183.0,5.4,4,6,89.9,26.7,2,1.04
P-000138,2025-03-01,3,222.0,37.7,6,10,43.7,75.5,4,3.82
P-000138,2025-04-01,4,228.1,43.1,4,11,42.1,78.0,3,4.03
P-000138,2025-05-01,5,220.7,49.6,4,7,40.1,75.9,3,4.07
P-000138,2025-06-01,6,234.4,42.2,9,8,42.3,86.4,3,4.14
P-000138,2025-07-01,7,223.1,33.9,11,8,44.8,81.3,3,3.94
P-000138,2025-08-01,8,224.7,35.2,6,7,44.4,73.1,4,3.79
P-000138,2025-09-01,9,232.0,39.7,9,7,43.1,83.0,4,3.87
P-000138,2025-10-01,10,180.6,16.3,2,6,85.5,30.2,2,1.97
P-000138,2025-11-01,11,174.5,11.8,4,3,87.3,25.3,2,1.18
P-000138,2025-12-01,12,176.9,5.9,3,5,89.6,24.4,2,1.82
P-000139,2025-01-01,1,167.4,5.5,1,5,92.2,15.7,2,1.24
P-000139,2025-02-01,2,174.0,5.3,1,4,92.9,18.3,2,1.71
P-000139,2025-03-01,3,173.1,8.5,0,4,89.5,16.8,2,1.11
P-000139,2025-04-01,4,175.5,0.4,0,3,88.7,14.7,2,1.5
P-000139,2025-05-01,5,173.9,6.2,2,4,95.2,18.8,3,1.28
P-000139,2025-06-01,6,174.2,10.2,1,4,88.1,21.3,2,1.72
P-000139,2025-07-01,7,175.2,7.8,1,5,93.1,19.9,2,1.53
P-000139,2025-08-01,8,175.1,5.6,2,6,92.7,22.0,2,1.76
P-000139,2025-09-01,9,180.4,4.6,2,5,88.4,23.4,2,1.7
P-000139,2025-10-01,10,168.1,5.8,1,6,94.4,17.3,2,1.64
P-000139,2025-11-01,11,172.5,7.6,1,7,92.8,20.7,2,1.69
P-000139,2025-12-01,12,178.9,8.4,1,4,94.0,20.4,2,1.42
P-000140,2025-01-01,1,181.2,0.5,4,4,91.8,24.9,2,2.06
P-000140,2025-02-01,2,180.5,12.0,4,5,87.2,30.9,2,2.05
P-000140,2025-03-01,3,180.5,7.7,0,5,88.9,19.7,2,1.04
P-000140,2025-04-01,4,186.5,6.6,1,4,89.4,23.9,2,1.71
P-000140,2025-05-01,5,176.0,3.2,3,5,90.7,21.3,2,1.2
P-000140,2025-06-01,6,217.4,29.2,5,7,61.2,61.3,4,3.0
P-000140,2025-07-01,7,215.9,26.9,4,9,61.9,59.6,4,3.08
P-000140,2025-08-01,8,184.6,6.5,0,4,89.4,20.5,2,1.3
P-000140,2025-09-01,9,184.8,2.5,2,5,91.0,22.7,2,1.37
P-000140,2025-10-01,10,176.4,6.9,3,5,89.2,23.6,2,1.37
P-000140,2025-11-01,11,185.5,4.9,4,4,90.0,27.7,2,1.71
P-000140,2025-12-01,12,179.3,10.4,3,3,87.9,25.4,2,1.51
P-000141,2025-01-01,1,182.9,5.6,3,4,89.8,24.4,2,1.3
P-000141,2025-02-01,2,174.7,5.6,0,4,89.8,17.7,2,1.75
P-000141,2025-03-01,3,186.2,4.7,4,5,90.1,27.5,2,1.29
P-000141,2025-04-01,4,174.2,4.8,1,5,90.1,19.3,2,1.71
P-000141,2025-05-01,5,166.6,3.1,3,4,90.7,18.4,2,1.67
P-000141,2025-06-01,6,208.1,24.6,7,6,62.6,58.7,4,3.09
P-000141,2025-07-01,7,224.3,26.9,8,7,61.9,66.3,4,2.49
P-000141,2025-08-01,8,180.7,7.4,4,4,89.0,27.0,2,1.6
P-000141,2025-09-01,9,170.9,2.9,4,4,90.8,22.2,2,1.94
P-000141,2025-10-01,10,172.6,3.5,0,5,90.6,15.7,2,1.4
P-000141,2025-11-01,11,172.5,1.3,1,3,91.5,15.5,2,1.65
P-000141,2025-12-01,12,180.3,1.9,0,4,91.2,18.5,2,2.01
P-000142,2025-01-01,1,169.2,6.8,3,4,90.1,19.8,2,1.2
P-000142,2025-02-01,2,167.9,4.0,4,5,95.5,19.2,2,1.06
P-000142,2025-03-01,3,169.7,7.2,1,5,90.0,18.8,2,1.68
P-000142,2025-04-01,4,171.2,3.2,1,5,97.7,15.9,2,1.59
P-000142,2025-05-01,5,170.3,9.1,2,5,92.9,20.2,2,1.43
P-000142,2025-06-01,6,168.2,4.1,2,4,94.2,17.7,2,1.92
P-000142,2025-07-01,7,166.1,2.7,1,4,95.9,14.1,2,1.8
P-000142,2025-08-01,8,163.1,1.8,2,4,95.1,13.6,2,1.44
P-000142,2025-09-01,9,166.8,12.7,1,4,87.2,20.1,2,1.77
P-000142,2025-10-01,10,174.7,3.2,1,3,88.5,18.6,2,2.03
P-000142,2025-11-01,11,173.7,3.9,1,4,86.8,20.0,2,2.2
P-000142,2025-12-01,12,173.2,1.1,0,5,92.3,14.3,2,1.25
P-000143,2025-01-01,1,179.5,1.4,2,5,96.7,19.4,2,1.4
P-000143,2025-02-01,2,177.3,5.4,3,5,91.1,22.1,2,1.04
P-000143,2025-03-01,3,176.8,2.2,1,5,92.6,19.0,2,1.84
P-000143,2025-04-01,4,174.4,5.5,3,4,86.8,22.5,2,1.53
P-000143,2025-05-01,5,181.3,0.1,2,5,98.2,18.9,3,1.23
P-000143,2025-06-01,6,183.7,4.1,2,5,95.1,22.7,2,1.53
P-000143,2025-07-01,7,177.1,7.2,2,6,94.6,22.6,2,1.63
P-000143,2025-08-01,8,181.1,5.0,2,4,92.9,22.2,2,1.67
P-000143,2025-09-01,9,184.7,3.0,1,5,91.5,21.4,2,1.46
P-000143,2025-10-01,10,186.8,8.5,2,5,88.0,27.7,2,1.87
P-000143,2025-11-01,11,183.0,8.8,1,5,87.4,23.5,2,1.25
P-000143,2025-12-01,12,181.4,6.8,0,5,95.0,19.7,2,1.52
P-000144,2025-01-01,1,187.9,10.9,2,3,90.3,26.8,2,1.64
P-000144,2025-02-01,2,179.9,9.1,2,4,86.3,25.3,2,1.91
P-000144,2025-03-01,3,187.8,3.9,2,5,93.5,23.4,2,1.16
P-000144,2025-04-01,4,176.7,2.5,0,5,94.9,15.1,2,1.07
P-000144,2025-05-01,5,184.3,2.3,4,4,91.7,25.8,2,1.66
P-000144,2025-06-01,6,171.9,4.4,1,5,88.8,16.9,2,1.0
P-000144,2025-07-01,7,176.2,6.8,0,5,91.5,19.5,2,1.9
P-000144,2025-08-01,8,180.8,7.2,2,4,88.0,23.1,2,1.34
P-000144,2025-09-01,9,180.2,7.9,3,5,92.4,25.0,2,1.48
P-000144,2025-10-01,10,187.8,0.7,1,5,92.3,22.4,2,1.87
P-000144,2025-11-01,11,176.3,6.6,3,3,93.4,23.2,2,2.12
P-000144,2025-12-01,12,177.4,9.0,1,5,87.4,22.3,2,1.54
P-000145,2025-01-01,1,179.6,4.5,1,5,94.4,20.6,2,1.83
P-000145,2025-02-01,2,168.6,7.9,3,3,92.6,20.0,2,1.62
P-000145,2025-03-01,3,174.8,3.6,1,6,92.5,17.9,2,1.16
P-000145,2025-04-01,4,175.9,0.6,2,5,95.3,17.9,3,1.33
P-000145,2025-05-01,5,179.5,6.6,3,5,90.6,23.7,2,1.12
P-000145,2025-06-01,6,180.2,6.9,0,6,86.3,21.3,2,1.39
P-000145,2025-07-01,7,174.7,1.5,0,6,93.0,15.9,2,1.44
P-000145,2025-08-01,8,173.0,0.9,2,5,88.9,19.4,2,1.79
P-000145,2025-09-01,9,177.1,2.8,4,5,96.2,23.9,2,1.89
P-000145,2025-10-01,10,170.9,9.3,1,6,86.3,20.8,2,1.45
P-000145,2025-11-01,11,176.3,7.9,4,5,97.0,26.4,2,2.24
P-000145,2025-12-01,12,180.2,4.3,2,6,92.3,22.6,2,1.5
P-000146,2025-01-01,1,174.1,5.9,1,4,93.0,17.4,2,1.25
P-000146,2025-02-01,2,171.5,4.7,2,4,96.1,18.8,2,1.93
P-000146,2025-03-01,3,173.6,4.1,1,4,94.2,17.7,2,1.84
P-000146,2025-04-01,4,170.7,6.9,3,4,93.1,21.4,2,1.83
P-000146,2025-05-01,5,170.4,7.8,0,5,91.1,17.1,3,1.58
P-000146,2025-06-01,6,167.9,6.3,2,7,89.9,21.5,2,1.97
P-000146,2025-07-01,7,168.3,8.0,2,6,91.0,20.1,2,1.45
P-000146,2025-08-01,8,178.9,2.0,1,4,94.2,19.3,2,2.09
P-000146,2025-09-01,9,167.0,7.2,3,5,90.0,20.4,2,1.39
P-000146,2025-10-01,10,175.1,7.0,2,6,89.9,22.4,2,1.5
P-000146,2025-11-01,11,176.3,8.7,1,5,92.6,20.0,2,1.2
P-000146,2025-12-01,12,165.9,6.5,4,3,91.7,19.8,2,1.41
P-000147,2025-01-01,1,191.1,12.8,1,4,84.9,28.2,2,1.43
P-000147,2025-02-01,2,175.6,10.6,2,6,85.7,26.4,2,2.11
P-000147,2025-03-01,3,175.0,19.2,4,4,82.3,31.6,2,1.77
P-000147,2025-04-01,4,214.8,34.0,4,9,45.3,67.0,3,3.79
P-000147,2025-05-01,5,209.7,25.2,4,10,53.6,61.2,3,4.0
P-000147,2025-06-01,6,206.9,32.1,4,8,49.1,62.1,4,3.82
P-000147,2025-07-01,7,217.3,34.8,4,9,46.0,68.0,4,3.77
P-000147,2025-08-01,8,214.7,32.9,10,10,47.9,77.3,4,4.05
P-000147,2025-09-01,9,177.6,8.8,1,5,86.5,23.4,2,1.92
P-000147,2025-10-01,10,178.3,11.1,2,5,85.6,26.5,2,1.95
P-000147,2025-11-01,11,173.2,9.0,1,3,86.4,21.0,2,2.07
P-000147,2025-12-01,12,178.7,12.4,3,5,85.1,28.8,2,1.89
P-000148,2025-01-01,1,161.1,17.4,3,5,83.0,25.2,2,1.93
P-000148,2025-02-01,2,164.9,10.2,4,5,85.9,24.0,2,1.63
P-000148,2025-03-01,3,165.2,14.1,1,3,84.4,19.9,2,1.74
P-000148,2025-04-01,4,189.2,21.9,8,9,51.5,56.7,4,3.08
P-000148,2025-05-01,5,201.0,39.3,5,9,41.2,66.3,3,3.59
P-000148,2025-06-01,6,185.6,31.9,9,8,50.3,64.6,4,4.58
P-000148,2025-07-01,7,199.9,34.4,10,9,47.4,70.1,3,3.21
P-000148,2025-08-01,8,206.3,33.3,10,7,46.4,72.3,4,3.83
P-000148,2025-09-01,9,164.1,10.2,1,5,85.9,20.7,2,2.44
P-000148,2025-10-01,10,178.0,8.1,1,5,86.7,22.1,2,1.48
P-000148,2025-11-01,11,168.5,14.7,1,4,84.1,22.3,2,1.86
P-000148,2025-12-01,12,173.0,6.7,1,5,87.3,20.2,2,1.69
P-000149,2025-01-01,1,176.5,10.0,1,5,91.3,22.5,2,1.87
P-000149,2025-02-01,2,178.3,9.2,3,4,90.8,24.7,2,1.53
P-000149,2025-03-01,3,179.1,4.0,3,5,92.6,24.2,2,1.96
P-000149,2025-04-01,4,176.7,9.3,3,6,93.0,25.1,2,1.54
P-000149,2025-05-01,5,182.7,5.5,4,5,88.3,27.0,2,1.34
P-000149,2025-06-01,6,177.5,8.2,3,4,94.2,23.3,2,1.51
P-000149,2025-07-01,7,184.3,10.7,4,5,92.4,29.4,2,1.51
P-000149,2025-08-01,8,179.9,1.7,1,5,93.7,19.7,2,1.83
P-000149,2025-09-01,9,180.4,3.8,0,5,94.3,18.5,2,1.67
P-000149,2025-10-01,10,177.4,5.4,1,6,95.9,20.1,2,1.65
P-000149,2025-11-01,11,183.6,1.6,2,4,95.2,20.0,2,1.15
P-000149,2025-12-01,12,183.6,7.2,0,3,94.9,18.1,2,1.04
P-000150,2025-01-01,1,178.3,8.1,1,3,91.7,20.0,2,1.51
P-000150,2025-02-01,2,171.4,5.5,1,7,93.7,19.3,2,1.69
P-000150,2025-03-01,3,177.1,6.6,3,4,93.3,22.6,2,1.49
P-000150,2025-04-01,4,172.5,8.7,3,4,94.8,22.4,2,1.79
P-000150,2025-05-01,5,178.4,7.8,1,5,95.7,20.8,2,1.62
P-000150,2025-06-01,6,176.2,4.9,4,4,88.5,23.6,2,1.26
P-000150,2025-07-01,7,175.1,3.1,0,5,91.3,15.7,2,1.15
P-000150,2025-08-01,8,171.1,3.8,0,5,93.3,14.6,2,1.3
P-000150,2025-09-01,9,174.0,4.0,4,5,89.3,24.5,2,1.89
P-000150,2025-10-01,10,174.5,4.7,4,4,92.9,22.9,2,1.55
P-000150,2025-11-01,11,168.0,7.4,3,5,93.6,20.5,2,1.52
P-000150,2025-12-01,12,171.3,6.9,1,5,94.4,18.0,2,1.57
P-000151,2025-01-01,1,175.0,6.8,0,3,95.3,15.7,1,1.38
P-000151,2025-02-01,2,213.5,29.8,10,6,49.1,72.0,4,3.76
P-000151,2025-03-01,3,215.7,39.6,4,6,46.1,68.5,4,4.17
P-000151,2025-04-01,4,215.2,33.9,7,10,47.8,73.4,4,4.24
P-000151,2025-05-01,5,209.7,35.7,5,8,47.3,65.9,4,3.55
P-000151,2025-06-01,6,118.2,0.0,0,3,120.0,5.0,1,1.0
P-000151,2025-07-01,7,176.8,4.5,1,6,96.2,19.6,1,1.71
P-000151,2025-08-01,8,177.1,6.2,1,3,95.5,17.6,1,1.32
P-000151,2025-09-01,9,168.1,4.6,1,5,96.2,14.5,1,1.13
P-000151,2025-10-01,10,177.0,3.0,3,4,96.8,20.4,1,1.49
P-000151,2025-11-01,11,164.5,6.6,1,6,95.4,15.9,1,1.5
P-000151,2025-12-01,12,173.0,1.0,0,4,97.6,12.6,1,1.29
P-000152,2025-01-01,1,181.8,5.3,4,5,93.5,24.8,2,1.0
P-000152,2025-02-01,2,180.9,5.4,2,4,91.6,22.1,2,1.49
P-000152,2025-03-01,3,180.8,5.3,0,4,90.9,19.5,2,1.75
P-000152,2025-04-01,4,178.0,8.3,4,4,89.7,26.0,2,1.5
P-000152,2025-05-01,5,174.1,1.2,2,5,90.4,19.7,2,1.82
P-000152,2025-06-01,6,183.2,12.4,4,4,87.1,30.4,2,1.64
P-000152,2025-07-01,7,176.0,11.3,4,3,89.5,26.8,2,1.83
P-000152,2025-08-01,8,173.7,0.1,1,5,91.0,16.0,2,1.31
P-000152,2025-09-01,9,179.2,9.8,2,4,88.6,24.0,2,1.54
P-000152,2025-10-01,10,175.0,12.3,3,7,92.0,26.0,2,1.3
P-000152,2025-11-01,11,173.0,4.1,3,5,88.3,21.5,2,1.38
P-000152,2025-12-01,12,178.9,5.8,2,4,93.6,20.0,2,1.0
P-000153,2025-01-01,1,171.5,7.3,1,3,92.7,16.8,2,1.4
P-000153,2025-02-01,2,171.1,9.2,1,5,92.7,18.8,2,1.36
P-000153,2025-03-01,3,163.8,1.4,2,5,95.4,14.9,2,1.68
P-000153,2025-04-01,4,175.1,3.4,1,4,91.5,16.9,2,1.23
P-000153,2025-05-01,5,172.9,6.5,2,4,89.8,20.5,3,1.64
P-000153,2025-06-01,6,167.5,2.1,3,4,93.7,16.9,2,1.31
P-000153,2025-07-01,7,168.1,3.6,0,4,92.6,13.3,2,1.45
P-000153,2025-08-01,8,170.2,11.8,0,6,92.2,19.6,2,1.74
P-000153,2025-09-01,9,171.0,4.3,0,7,96.9,15.0,2,1.14
P-000153,2025-10-01,10,167.5,7.4,0,6,89.6,17.1,2,1.66
P-000153,2025-11-01,11,160.3,4.3,1,4,94.5,12.5,2,1.59
P-000153,2025-12-01,12,171.0,9.6,0,4,92.8,18.0,2,1.96
P-000154,2025-01-01,1,186.0,0.6,4,4,97.1,23.9,2,1.38
P-000154,2025-02-01,2,193.0,4.8,3,4,90.9,29.2,2,2.0
P-000154,2025-03-01,3,181.1,8.4,0,5,88.8,21.4,2,1.53
P-000154,2025-04-01,4,179.5,0.2,3,4,95.6,20.2,2,1.43
P-000154,2025-05-01,5,183.0,0.5,1,3,94.6,18.0,3,1.52
P-000154,2025-06-01,6,183.0,8.2,4,6,98.1,27.0,2,1.3
P-000154,2025-07-01,7,189.3,8.4,0,4,86.3,24.2,2,1.61
P-000154,2025-08-01,8,182.1,6.5,4,6,94.4,27.6,2,1.68
P-000154,2025-09-01,9,176.8,6.9,1,4,94.9,20.3,2,2.02
P-000154,2025-10-01,10,190.3,7.0,4,6,87.8,31.8,2,1.6
P-000154,2025-11-01,11,189.5,2.3,2,5,97.1,22.4,2,1.06
P-000154,2025-12-01,12,184.2,9.2,4,3,89.5,28.6,2,1.77
P-000155,2025-01-01,1,174.5,6.8,4,3,89.3,23.7,2,1.55
P-000155,2025-02-01,2,164.5,7.3,2,3,89.1,16.4,2,1.24
P-000155,2025-03-01,3,162.8,7.0,3,4,89.2,18.8,2,1.61
P-000155,2025-04-01,4,173.8,3.8,2,5,90.5,18.7,2,1.02
P-000155,2025-05-01,5,170.2,6.7,2,4,89.3,18.3,2,1.08
P-000155,2025-06-01,6,201.5,28.2,8,9,61.5,62.3,4,3.3
P-000155,2025-07-01,7,211.9,20.4,3,8,63.9,51.6,4,2.63
P-000155,2025-08-01,8,176.4,9.7,0,3,88.1,18.6,2,1.35
P-000155,2025-09-01,9,179.0,8.5,3,6,88.6,25.7,2,1.26
P-000155,2025-10-01,10,179.8,3.6,4,5,90.6,25.7,2,1.7
P-000155,2025-11-01,11,170.9,6.5,4,6,89.4,23.3,2,1.16
P-000155,2025-12-01,12,172.7,4.8,1,4,90.1,18.0,2,1.65
P-000156,2025-01-01,1,170.2,10.7,2,4,93.5,20.2,2,1.46
P-000156,2025-02-01,2,168.2,1.8,0,4,92.0,14.2,2,2.08
P-000156,2025-03-01,3,174.5,2.9,2,5,92.4,18.1,2,1.0
P-000156,2025-04-01,4,173.9,8.7,3,4,92.0,22.5,2,1.41
P-000156,2025-05-01,5,176.2,3.4,1,6,92.0,19.4,2,1.57
P-000156,2025-06-01,6,169.8,3.8,4,3,97.0,19.5,2,1.59
P-000156,2025-07-01,7,177.3,6.4,1,4,89.8,20.4,2,1.68
P-000156,2025-08-01,8,163.8,11.6,3,5,92.2,20.4,2,1.27
P-000156,2025-09-01,9,174.0,2.3,3,5,90.9,19.7,2,1.0
P-000156,2025-10-01,10,161.9,8.0,1,4,95.8,15.1,2,1.89
P-000156,2025-11-01,11,174.2,5.8,1,3,96.3,15.5,2,1.0
P-000156,2025-12-01,12,164.5,2.9,1,6,96.6,12.8,2,1.0
P-000157,2025-01-01,1,175.0,8.9,1,5,88.5,22.0,2,1.88
P-000157,2025-02-01,2,170.9,13.3,1,5,86.7,23.6,2,2.19
P-000157,2025-03-01,3,222.6,30.2,6,8,45.9,71.2,4,3.98
P-000157,2025-04-01,4,216.5,37.2,6,11,43.8,75.2,3,4.33
P-000157,2025-05-01,5,216.2,38.9,7,9,43.3,75.8,4,4.14
P-000157,2025-06-01,6,217.1,42.3,10,10,42.3,83.2,4,4.08
P-000157,2025-07-01,7,220.0,53.1,11,9,39.1,90.4,4,4.1
P-000157,2025-08-01,8,221.6,32.3,4,9,45.3,69.4,4,4.09
P-000157,2025-09-01,9,225.1,31.0,8,9,45.7,76.7,4,4.08
P-000157,2025-10-01,10,171.5,14.4,4,3,86.2,25.9,2,1.33
P-000157,2025-11-01,11,169.0,7.5,2,4,89.0,20.1,2,1.81
P-000157,2025-12-01,12,169.9,8.7,4,6,88.5,25.2,2,1.62
P-000158,2025-01-01,1,180.5,7.3,2,6,89.1,25.0,2,1.64
P-000158,2025-02-01,2,183.1,13.1,1,6,86.7,25.5,2,1.0
P-000158,2025-03-01,3,221.0,50.4,7,11,39.9,83.3,4,3.76
P-000158,2025-04-01,4,224.8,38.6,5,8,43.4,73.5,4,3.67
P-000158,2025-05-01,5,225.7,45.9,11,9,41.2,87.6,4,3.56
P-000158,2025-06-01,6,219.2,36.7,4,8,44.0,69.5,3,3.92
P-000158,2025-07-01,7,212.6,39.5,7,7,43.2,73.9,3,4.34
P-000158,2025-08-01,8,230.0,46.3,9,11,41.1,88.2,4,3.93
P-000158,2025-09-01,9,218.2,40.2,8,12,42.9,81.0,4,4.23
P-000158,2025-10-01,10,178.6,7.6,1,3,89.0,21.8,2,2.06
P-000158,2025-11-01,11,179.6,6.9,2,4,89.2,23.4,2,1.77
P-000158,2025-12-01,12,180.5,11.0,1,5,87.6,23.7,2,1.34
P-000159,2025-01-01,1,172.2,7.8,4,4,88.1,24.5,2,1.67
P-000159,2025-02-01,2,175.4,5.8,1,4,95.4,17.4,2,1.24
P-000159,2025-03-01,3,179.9,11.7,3,3,84.8,26.4,2,1.39
P-000159,2025-04-01,4,174.7,5.2,3,4,92.4,22.4,2,1.89
P-000159,2025-05-01,5,174.6,5.8,1,5,90.6,19.7,2,1.65
P-000159,2025-06-01,6,169.4,6.1,3,5,90.7,22.1,2,1.99
P-000159,2025-07-01,7,179.2,9.0,1,5,84.6,24.5,2,1.96
P-000159,2025-08-01,8,169.7,2.4,1,5,91.2,15.0,2,1.07
P-000159,2025-09-01,9,182.0,11.6,4,4,95.1,27.3,2,1.32
P-000159,2025-10-01,10,175.3,9.6,2,6,92.1,22.8,2,1.34
P-000159,2025-11-01,11,182.7,7.8,3,5,90.4,25.6,2,1.21
P-000159,2025-12-01,12,176.6,3.8,2,4,92.9,21.1,2,2.04
P-000160,2025-01-01,1,176.6,8.5,2,5,88.6,24.9,2,2.2
P-000160,2025-02-01,2,182.0,8.5,3,5,88.6,27.5,2,1.81
P-000160,2025-03-01,3,220.4,39.1,11,7,43.3,82.3,3,4.01
P-000160,2025-04-01,4,224.3,37.0,9,9,43.9,80.4,3,3.88
P-000160,2025-05-01,5,227.4,23.8,5,11,47.8,68.9,3,3.48
P-000160,2025-06-01,6,219.1,47.7,11,13,40.7,90.1,3,4.08
P-000160,2025-07-01,7,216.8,34.2,7,10,44.7,72.5,3,3.36
P-000160,2025-08-01,8,217.8,36.7,10,13,44.0,84.2,3,4.63
P-000160,2025-09-01,9,218.5,47.9,8,12,40.6,84.5,4,4.15
P-000160,2025-10-01,10,172.3,11.6,0,5,87.4,20.3,2,1.71
P-000160,2025-11-01,11,168.9,11.9,3,3,87.2,22.5,2,1.53
P-000160,2025-12-01,12,176.8,3.6,0,3,90.6,16.5,2,1.63
P-000161,2025-01-01,1,180.2,1.7,1,4,94.6,18.0,2,1.46
P-000161,2025-02-01,2,183.2,7.4,0,4,95.2,18.5,2,1.0
P-000161,2025-03-01,3,175.6,8.6,4,5,91.3,24.8,2,1.14
P-000161,2025-04-01,4,172.4,8.4,3,4,90.0,21.6,2,1.2
P-000161,2025-05-01,5,173.5,8.7,1,5,87.1,20.8,2,1.49
P-000161,2025-06-01,6,176.1,13.0,1,6,93.7,23.4,2,1.7
P-000161,2025-07-01,7,176.2,0.0,3,6,95.0,20.2,2,1.34
P-000161,2025-08-01,8,177.4,6.9,3,4,92.7,21.8,2,1.0
P-000161,2025-09-01,9,177.7,10.8,2,3,85.6,22.7,2,1.08
P-000161,2025-10-01,10,179.2,0.0,1,5,97.4,16.7,2,1.31
P-000161,2025-11-01,11,173.4,3.3,1,5,95.8,15.9,2,1.13
P-000161,2025-12-01,12,176.4,6.1,3,3,96.2,21.7,2,1.77
P-000162,2025-01-01,1,185.0,11.9,1,5,85.2,26.8,2,1.62
P-000162,2025-02-01,2,187.0,16.6,3,5,83.4,33.4,2,1.74
P-000162,2025-03-01,3,180.1,2.5,1,4,89.0,19.0,2,1.32
P-000162,2025-04-01,4,208.2,27.4,4,9,49.2,62.1,4,4.17
P-000162,2025-05-01,5,224.0,26.0,6,10,47.2,70.7,3,3.87
P-000162,2025-06-01,6,206.5,36.6,5,9,41.5,68.3,4,4.06
P-000162,2025-07-01,7,214.2,24.8,4,11,50.4,63.7,4,3.93
P-000162,2025-08-01,8,218.0,36.8,7,10,40.0,74.5,3,3.22
P-000162,2025-09-01,9,182.1,14.6,1,4,84.2,27.8,2,2.17
P-000162,2025-10-01,10,184.1,3.7,4,4,88.5,27.3,2,1.84
P-000162,2025-11-01,11,183.5,6.1,1,7,87.6,25.5,2,1.91
P-000162,2025-12-01,12,183.7,0.0,3,4,90.0,24.8,2,2.27
P-000163,2025-01-01,1,186.1,7.6,1,5,87.0,25.8,2,1.93
P-000163,2025-02-01,2,183.1,15.5,3,6,83.8,32.3,2,1.79
P-000163,2025-03-01,3,183.3,12.0,1,3,85.2,26.1,2,2.11
P-000163,2025-04-01,4,223.4,21.5,4,6,51.0,63.0,3,4.32
P-000163,2025-05-01,5,207.9,30.3,7,11,40.0,69.9,3,3.63
P-000163,2025-06-01,6,214.4,30.8,10,9,50.7,74.6,4,3.83
P-000163,2025-07-01,7,214.5,34.1,4,9,46.6,66.3,3,3.63
P-000163,2025-08-01,8,225.8,30.3,4,9,46.4,69.2,4,3.82
P-000163,2025-09-01,9,188.5,12.2,2,4,85.1,28.9,2,1.52
P-000163,2025-10-01,10,185.6,8.4,1,4,86.7,24.7,2,1.68
P-000163,2025-11-01,11,182.2,7.3,1,4,87.1,22.3,2,1.39
P-000163,2025-12-01,12,185.3,9.4,3,5,86.3,30.1,2,2.06
P-000164,2025-01-01,1,182.0,5.0,1,3,88.0,20.3,2,1.34
P-000164,2025-02-01,2,177.6,2.7,1,3,88.9,18.7,2,1.78
P-000164,2025-03-01,3,183.8,9.0,1,3,86.4,23.7,2,1.66
P-000164,2025-04-01,4,215.3,36.6,9,9,47.5,76.5,3,3.94
P-000164,2025-05-01,5,222.1,35.0,5,8,45.8,70.3,4,3.58
P-000164,2025-06-01,6,210.3,28.9,8,6,51.6,69.0,3,4.68
P-000164,2025-07-01,7,226.0,23.2,7,9,57.4,69.6,3,3.96
P-000164,2025-08-01,8,228.1,25.7,10,9,41.2,81.0,4,4.6
P-000164,2025-09-01,9,186.7,5.6,1,3,87.8,21.8,2,1.18
P-000164,2025-10-01,10,185.2,9.3,2,5,86.3,27.3,2,1.63
P-000164,2025-11-01,11,185.4,8.4,4,3,86.7,28.7,2,1.55
P-000164,2025-12-01,12,191.9,6.7,1,6,87.3,28.1,2,1.92
P-000165,2025-01-01,1,178.2,9.1,0,4,91.5,19.9,2,1.66
P-000165,2025-02-01,2,173.1,3.1,4,3,93.4,20.4,2,1.33
P-000165,2025-03-01,3,172.9,10.3,1,3,95.0,19.3,2,1.87
P-000165,2025-04-01,4,182.4,5.1,2,5,96.2,22.9,3,1.72
P-000165,2025-05-01,5,172.0,8.8,3,4,91.8,21.5,2,1.28
P-000165,2025-06-01,6,174.9,7.4,4,5,90.9,25.5,2,1.69
P-000165,2025-07-01,7,182.0,5.6,2,5,93.2,22.4,2,1.26
P-000165,2025-08-01,8,172.0,6.9,2,4,92.8,18.5,2,1.11
P-000165,2025-09-01,9,177.9,6.7,0,5,92.2,19.2,2,1.65
P-000165,2025-10-01,10,178.7,5.5,1,4,86.9,20.2,2,1.33
P-000165,2025-11-01,11,176.8,11.2,3,6,83.7,28.8,2,1.98
P-000165,2025-12-01,12,176.2,0.0,2,4,94.2,18.1,2,1.64
P-000166,2025-01-01,1,190.2,19.1,1,6,74.4,35.7,3,2.18
P-000166,2025-02-01,2,190.7,16.4,3,6,75.4,37.4,3,1.96
P-000166,2025-03-01,3,197.5,14.4,2,5,76.2,36.3,3,1.91
P-000166,2025-04-01,4,244.8,38.8,11,11,45.6,95.4,5,5.0
P-000166,2025-05-01,5,244.8,44.6,5,13,40.5,88.3,5,4.23
P-000166,2025-06-01,6,253.6,42.5,11,11,40.3,98.0,5,4.4
P-000166,2025-07-01,7,258.8,56.4,8,10,40.5,98.0,5,4.42
P-000166,2025-08-01,8,256.1,40.4,10,9,33.3,96.9,5,4.01
P-000166,2025-09-01,9,260.9,54.0,9,12,33.2,98.0,5,4.29
P-000166,2025-10-01,10,266.1,47.8,10,11,40.4,98.0,5,4.08
P-000166,2025-11-01,11,265.8,46.4,14,15,33.2,98.0,5,4.56
P-000166,2025-12-01,12,265.2,60.5,11,7,35.4,98.0,5,4.37
P-000167,2025-01-01,1,171.3,11.0,0,4,87.5,19.0,2,1.68
P-000167,2025-02-01,2,169.7,7.6,4,5,97.5,22.7,2,1.76
P-000167,2025-03-01,3,176.4,5.6,3,6,97.3,21.5,2,1.09
P-000167,2025-04-01,4,175.7,10.9,0,5,88.2,21.4,2,1.82
P-000167,2025-05-01,5,173.2,9.2,0,3,89.4,17.5,3,1.52
P-000167,2025-06-01,6,175.5,6.1,3,3,91.4,21.9,2,1.62
P-000167,2025-07-01,7,167.0,9.2,2,5,96.8,18.1,2,1.31
P-000167,2025-08-01,8,173.8,8.8,3,5,92.7,24.8,2,2.15
P-000167,2025-09-01,9,173.3,11.7,1,6,91.0,21.6,2,1.4
P-000167,2025-10-01,10,166.7,1.2,1,5,91.7,15.0,2,1.75
P-000167,2025-11-01,11,163.5,1.7,3,4,93.9,16.0,2,1.58
P-000167,2025-12-01,12,170.6,7.1,3,6,91.6,23.3,2,1.9
P-000168,2025-01-01,1,172.5,2.4,4,4,89.4,23.2,2,2.09
P-000168,2025-02-01,2,177.3,1.9,1,4,92.3,16.8,2,1.17
P-000168,2025-03-01,3,181.4,0.7,3,6,96.9,22.1,2,1.41
P-000168,2025-04-01,4,175.8,3.2,3,5,91.9,21.8,2,1.53
P-000168,2025-05-01,5,166.8,5.6,1,3,88.0,16.6,3,1.9
P-000168,2025-06-01,6,179.8,5.2,1,6,93.4,19.7,2,1.0
P-000168,2025-07-01,7,177.0,6.0,3,5,92.3,22.7,2,1.28
P-000168,2025-08-01,8,188.2,5.0,1,5,98.3,21.4,2,1.13
P-000168,2025-09-01,9,174.5,3.9,0,5,96.9,16.9,2,2.0
P-000168,2025-10-01,10,176.1,2.6,2,4,95.7,18.6,2,1.54
P-000168,2025-11-01,11,171.5,4.2,2,4,90.3,18.1,2,1.31
P-000168,2025-12-01,12,167.5,5.4,1,3,94.2,14.0,2,1.25
P-000169,2025-01-01,1,176.1,5.6,3,3,90.2,22.3,2,1.72
P-000169,2025-02-01,2,177.8,2.1,2,5,94.4,19.8,2,1.49
P-000169,2025-03-01,3,173.8,7.1,3,4,94.3,22.8,2,2.01
P-000169,2025-04-01,4,179.2,10.3,1,4,92.6,21.5,2,1.41
P-000169,2025-05-01,5,183.6,6.0,4,5,90.5,26.9,2,1.22
P-000169,2025-06-01,6,182.6,4.5,2,5,92.9,23.0,2,1.59
P-000169,2025-07-01,7,173.9,1.8,2,4,94.8,18.8,2,2.01
P-000169,2025-08-01,8,180.9,8.7,2,3,87.7,24.2,2,1.74
P-000169,2025-09-01,9,174.3,5.8,3,6,92.9,23.8,2,1.92
P-000169,2025-10-01,10,177.6,6.0,2,5,90.7,21.9,2,1.41
P-000169,2025-11-01,11,172.7,0.1,3,7,91.1,20.0,2,1.15
P-000169,2025-12-01,12,177.5,4.0,3,3,94.5,20.8,2,1.51
P-000170,2025-01-01,1,189.4,5.2,3,4,87.9,28.9,2,2.13
P-000170,2025-02-01,2,185.1,9.4,2,6,86.2,28.5,2,1.85
P-000170,2025-03-01,3,190.3,8.5,1,5,86.6,27.2,2,1.7
P-000170,2025-04-01,4,218.6,27.0,6,9,51.7,67.8,3,3.91
P-000170,2025-05-01,5,227.9,27.3,9,6,52.0,72.9,3,3.41
P-000170,2025-06-01,6,220.5,30.7,7,7,50.1,70.5,3,3.85
P-000170,2025-07-01,7,216.5,37.1,8,10,45.7,76.0,3,3.72
P-000170,2025-08-01,8,230.3,29.1,6,9,51.4,74.2,4,4.45
P-000170,2025-09-01,9,182.4,13.7,1,4,84.5,27.0,2,1.98
P-000170,2025-10-01,10,188.1,10.1,1,5,86.0,26.2,2,1.34
P-000170,2025-11-01,11,180.5,8.5,2,5,86.6,25.6,2,1.78
P-000170,2025-12-01,12,182.8,17.5,2,6,83.0,30.3,2,1.31
P-000171,2025-01-01,1,181.4,8.2,3,5,88.7,26.5,2,1.58
P-000171,2025-02-01,2,185.6,4.6,2,6,90.2,25.0,2,1.49
P-000171,2025-03-01,3,239.2,38.8,10,12,43.4,90.9,3,4.18
P-000171,2025-04-01,4,225.4,33.5,4,12,45.0,72.8,3,3.91
P-000171,2025-05-01,5,225.8,43.4,8,8,42.0,82.6,3,4.29
P-000171,2025-06-01,6,228.5,35.9,10,11,44.2,84.2,4,3.83
P-000171,2025-07-01,7,234.7,36.8,10,10,44.0,85.7,4,3.67
P-000171,2025-08-01,8,227.2,36.7,11,11,44.0,86.0,4,3.9
P-000171,2025-09-01,9,225.6,37.4,11,10,43.8,85.8,3,4.18
P-000171,2025-10-01,10,192.2,12.3,2,4,87.1,29.5,2,1.4
P-000171,2025-11-01,11,182.1,8.7,2,4,88.5,25.2,2,1.76
P-000171,2025-12-01,12,187.1,6.1,2,3,89.6,24.3,2,1.51
P-000172,2025-01-01,1,173.7,6.9,2,5,92.1,20.1,2,1.22
P-000172,2025-02-01,2,168.1,10.0,2,5,90.6,19.5,2,1.12
P-000172,2025-03-01,3,169.8,9.2,3,3,87.0,21.3,2,1.34
P-000172,2025-04-01,4,173.0,4.9,2,5,98.2,19.5,2,1.87
P-000172,2025-05-01,5,176.1,6.4,2,5,86.3,22.4,2,1.44
P-000172,2025-06-01,6,169.1,12.0,4,5,88.0,24.2,2,1.0
P-000172,2025-07-01,7,173.1,9.9,2,4,87.4,23.3,2,2.0
P-000172,2025-08-01,8,173.9,5.1,2,5,94.9,18.4,2,1.0
P-000172,2025-09-01,9,175.0,12.0,3,6,88.2,26.5,2,1.51
P-000172,2025-10-01,10,169.1,6.8,3,4,95.1,18.6,2,1.1
P-000172,2025-11-01,11,175.2,8.2,1,6,94.8,20.7,2,1.65
P-000172,2025-12-01,12,175.6,5.7,1,5,86.1,20.5,2,1.52
P-000173,2025-01-01,1,186.4,12.7,1,5,84.9,29.2,2,2.25
P-000173,2025-02-01,2,177.7,10.4,3,4,85.8,27.2,2,2.05
P-000173,2025-03-01,3,177.7,12.2,2,3,85.1,24.2,2,1.4
P-000173,2025-04-01,4,216.2,28.9,6,6,44.3,67.7,4,4.1
P-000173,2025-05-01,5,211.8,29.4,7,9,49.0,68.9,3,4.04
P-000173,2025-06-01,6,216.9,29.9,4,8,51.2,63.9,4,3.65
P-000173,2025-07-01,7,218.3,31.8,7,11,42.8,72.9,4,3.3
P-000173,2025-08-01,8,208.9,31.7,6,8,46.4,67.7,4,4.29
P-000173,2025-09-01,9,181.0,8.1,2,4,86.8,23.8,2,1.32
P-000173,2025-10-01,10,183.6,9.8,2,4,86.1,27.0,2,1.91
P-000173,2025-11-01,11,182.5,6.5,3,6,87.4,27.6,2,1.75
P-000173,2025-12-01,12,173.8,12.2,2,4,85.1,24.3,2,1.74
P-000174,2025-01-01,1,185.4,5.4,4,4,90.8,26.5,2,1.23
P-000174,2025-02-01,2,181.9,5.8,2,4,90.5,23.3,2,1.66
P-000174,2025-03-01,3,188.0,5.6,4,5,92.5,29.3,2,1.8
P-000174,2025-04-01,4,179.3,9.8,1,4,86.2,22.6,2,1.42
P-000174,2025-05-01,5,181.4,0.0,1,6,93.0,19.1,2,1.34
P-000174,2025-06-01,6,185.3,7.8,0,3,98.3,20.1,2,1.78
P-000174,2025-07-01,7,183.7,7.7,2,3,88.1,24.8,2,1.8
P-000174,2025-08-01,8,183.8,4.9,2,3,92.3,21.8,2,1.37
P-000174,2025-09-01,9,182.1,4.1,2,7,93.1,24.3,2,1.73
P-000174,2025-10-01,10,181.7,3.2,2,5,91.1,24.4,2,2.38
P-000174,2025-11-01,11,176.6,11.9,4,4,88.1,27.6,2,1.6
P-000174,2025-12-01,12,180.7,7.1,1,5,88.1,23.9,2,2.08
P-000175,2025-01-01,1,180.4,20.0,1,5,82.0,30.1,2,2.0
P-000175,2025-02-01,2,186.6,15.5,3,5,83.8,32.2,2,1.54
P-000175,2025-03-01,3,191.5,11.7,3,4,85.3,32.1,2,1.83
P-000175,2025-04-01,4,225.5,37.2,5,12,42.5,75.6,4,3.51
P-000175,2025-05-01,5,223.5,32.4,4,11,45.1,69.7,4,3.37
P-000175,2025-06-01,6,224.1,37.2,8,7,47.7,78.0,4,4.39
P-000175,2025-07-01,7,233.2,34.3,4,12,42.4,75.6,3,3.56
P-000175,2025-08-01,8,226.8,37.0,8,12,40.0,80.4,3,3.09
P-000175,2025-09-01,9,186.7,7.6,1,3,87.0,25.6,2,2.31
P-000175,2025-10-01,10,189.5,14.7,1,5,84.1,30.9,2,2.11
P-000175,2025-11-01,11,183.6,3.9,2,5,88.4,24.2,2,1.68
P-000175,2025-12-01,12,184.5,9.6,1,4,86.1,25.4,2,1.86
P-000176,2025-01-01,1,173.3,5.6,3,4,92.5,21.3,2,1.59
P-000176,2025-02-01,2,170.7,5.8,3,5,96.4,19.5,2,1.22
P-000176,2025-03-01,3,170.2,8.8,4,5,96.1,22.5,2,1.31
P-000176,2025-04-01,4,163.2,7.3,3,6,86.6,21.5,2,1.83
P-000176,2025-05-01,5,171.6,7.3,2,5,90.3,19.8,3,1.2
P-000176,2025-06-01,6,167.8,8.9,2,4,89.8,18.8,2,1.26
P-000176,2025-07-01,7,169.4,0.0,3,4,95.1,16.9,2,1.5
P-000176,2025-08-01,8,169.0,2.7,3,6,98.1,19.3,2,1.78
P-000176,2025-09-01,9,168.7,7.2,1,6,88.9,20.0,2,2.0
P-000176,2025-10-01,10,171.6,5.0,2,4,97.9,17.7,2,1.57
P-000176,2025-11-01,11,164.5,5.1,1,4,90.7,14.3,2,1.31
P-000176,2025-12-01,12,163.2,2.8,3,6,92.3,17.0,2,1.2
P-000177,2025-01-01,1,172.4,11.7,2,6,87.3,24.0,2,1.53
P-000177,2025-02-01,2,176.1,6.3,0,5,89.5,19.0,2,1.65
P-000177,2025-03-01,3,218.0,33.3,11,7,45.0,77.9,4,3.67
P-000177,2025-04-01,4,218.3,45.4,9,9,41.4,83.2,3,4.27
P-000177,2025-05-01,5,214.4,32.3,11,11,45.3,80.7,4,4.42
P-000177,2025-06-01,6,222.9,45.7,10,12,41.3,86.6,3,3.44
P-000177,2025-07-01,7,214.0,41.0,11,12,42.7,85.3,3,4.41
P-000177,2025-08-01,8,228.7,49.6,7,9,40.1,84.7,4,3.94
P-000177,2025-09-01,9,217.1,32.0,7,11,45.4,73.0,4,3.67
P-000177,2025-10-01,10,179.0,4.6,2,3,90.1,22.6,2,2.22
P-000177,2025-11-01,11,172.2,6.8,0,5,89.3,17.7,2,1.62
P-000177,2025-12-01,12,180.5,8.9,2,4,88.4,23.8,2,1.41
P-000178,2025-01-01,1,175.9,8.1,2,4,89.1,20.8,2,1.04
P-000178,2025-02-01,2,173.0,6.6,4,6,91.9,23.2,2,1.0
P-000178,2025-03-01,3,167.3,11.0,1,5,87.7,19.3,2,1.43
P-000178,2025-04-01,4,181.9,3.6,3,4,89.8,24.1,2,1.65
P-000178,2025-05-01,5,175.4,8.1,1,3,85.5,19.8,2,1.35
P-000178,2025-06-01,6,176.4,10.4,1,6,87.6,24.8,2,2.2
P-000178,2025-07-01,7,176.3,3.4,1,5,91.1,18.1,2,1.21
P-000178,2025-08-01,8,171.8,9.6,0,3,95.3,16.6,2,1.74
P-000178,2025-09-01,9,174.7,4.8,1,4,93.8,17.9,2,1.6
P-000178,2025-10-01,10,180.0,7.4,4,5,91.6,27.1,2,1.67
P-000178,2025-11-01,11,175.4,3.6,1,4,92.6,19.6,2,2.28
P-000178,2025-12-01,12,172.7,7.3,2,4,94.8,20.1,2,1.74
P-000179,2025-01-01,1,190.6,7.7,0,6,94.9,23.6,1,1.4
P-000179,2025-02-01,2,231.1,41.3,8,7,45.6,79.1,4,3.03
P-000179,2025-03-01,3,231.7,44.3,8,8,44.7,83.9,4,4.02
P-000179,2025-04-01,4,235.5,40.8,7,10,45.8,81.1,4,3.15
P-000179,2025-05-01,5,222.2,22.8,4,7,51.2,62.3,4,3.71
P-000179,2025-06-01,6,131.5,0.0,0,3,120.0,5.0,1,1.0
P-000179,2025-07-01,7,185.4,5.5,0,5,95.8,19.9,1,1.34
P-000179,2025-08-01,8,189.9,5.1,0,3,96.0,20.0,1,1.37
P-000179,2025-09-01,9,183.3,4.0,1,4,96.4,19.4,1,1.33
P-000179,2025-10-01,10,182.4,8.1,0,3,94.8,18.5,1,1.22
P-000179,2025-11-01,11,178.7,5.5,0,3,95.8,16.2,1,1.33
P-000179,2025-12-01,12,176.6,4.0,2,3,96.4,18.2,1,1.37
P-000180,2025-01-01,1,172.4,8.0,1,7,89.3,20.8,2,1.41
P-000180,2025-02-01,2,166.2,5.4,3,5,95.7,18.6,2,1.51
P-000180,2025-03-01,3,172.4,8.3,4,3,92.8,22.4,2,1.32
P-000180,2025-04-01,4,176.3,7.4,1,4,95.1,20.1,2,1.92
P-000180,2025-05-01,5,171.4,4.0,1,3,91.0,16.3,3,1.63
P-000180,2025-06-01,6,175.9,3.7,0,4,92.3,17.2,2,1.88
P-000180,2025-07-01,7,175.3,2.2,1,5,95.6,18.0,2,1.84
P-000180,2025-08-01,8,174.1,9.8,1,3,89.8,18.7,2,1.13
P-000180,2025-09-01,9,173.4,5.6,3,3,89.3,20.8,2,1.38
P-000180,2025-10-01,10,177.6,4.3,2,5,90.5,21.7,2,1.65
P-000180,2025-11-01,11,169.2,4.4,0,4,93.6,12.7,2,1.0
P-000180,2025-12-01,12,174.6,3.4,2,5,87.7,19.2,2,1.0
P-000181,2025-01-01,1,171.0,5.3,4,4,91.6,21.8,2,1.41
P-000181,2025-02-01,2,173.8,2.5,4,4,93.5,21.7,2,1.62
P-000181,2025-03-01,3,173.3,5.2,2,4,90.1,20.7,2,1.93
P-000181,2025-04-01,4,173.7,5.5,1,4,91.0,18.8,2,1.76
P-000181,2025-05-01,5,171.8,8.4,4,5,87.9,26.1,2,1.98
P-000181,2025-06-01,6,177.8,5.5,1,6,91.9,21.0,2,1.6
P-000181,2025-07-01,7,167.9,8.0,2,7,88.6,21.1,2,1.45
P-000181,2025-08-01,8,157.4,3.7,1,5,91.1,11.3,2,1.12
P-000181,2025-09-01,9,172.9,1.1,4,4,88.5,21.5,2,1.52
P-000181,2025-10-01,10,168.1,9.0,4,4,88.8,22.2,2,1.16
P-000181,2025-11-01,11,169.2,12.9,3,3,90.1,22.8,2,1.64
P-000181,2025-12-01,12,169.9,11.4,1,3,88.6,18.4,2,1.26
P-000182,2025-01-01,1,180.9,7.0,4,5,91.0,26.6,2,1.37
P-000182,2025-02-01,2,180.4,5.2,3,6,93.7,25.2,2,1.76
P-000182,2025-03-01,3,180.4,8.9,4,3,86.7,27.2,2,1.56
P-000182,2025-04-01,4,176.7,9.8,1,4,91.7,21.2,2,1.64
P-000182,2025-05-01,5,177.5,5.3,1,4,97.2,18.5,2,1.63
P-000182,2025-06-01,6,180.2,7.6,0,3,89.2,19.3,2,1.51
P-000182,2025-07-01,7,176.2,3.9,3,4,98.1,20.4,2,1.51
P-000182,2025-08-01,8,176.2,6.0,0,4,97.1,16.0,2,1.34
P-000182,2025-09-01,9,184.5,9.0,2,4,91.9,24.7,2,1.43
P-000182,2025-10-01,10,179.0,3.7,2,5,93.0,20.3,2,1.17
P-000182,2025-11-01,11,176.6,6.0,1,5,93.1,18.3,2,1.0
P-000182,2025-12-01,12,177.8,12.8,4,5,89.0,28.4,2,1.42
P-000183,2025-01-01,1,163.0,5.4,1,5,95.8,13.7,1,1.35
P-000183,2025-02-01,2,218.6,36.6,4,9,47.0,68.5,4,3.58
P-000183,2025-03-01,3,214.1,38.3,7,10,46.5,74.5,4,3.99
P-000183,2025-04-01,4,219.7,39.6,6,9,46.1,73.0,4,3.3
P-000183,2025-05-01,5,210.6,39.5,8,11,46.1,76.4,4,4.07
P-000183,2025-06-01,6,115.9,0.0,0,3,120.0,5.0,1,1.0
P-000183,2025-07-01,7,159.4,9.3,3,5,94.3,18.0,1,1.47
P-000183,2025-08-01,8,169.7,9.2,0,5,94.3,15.4,1,1.0
P-000183,2025-09-01,9,161.0,5.7,2,5,95.7,16.0,1,1.8
P-000183,2025-10-01,10,163.9,6.5,2,5,95.4,16.3,1,1.36
P-000183,2025-11-01,11,164.7,6.5,1,5,95.4,14.0,1,1.03
P-000183,2025-12-01,12,160.7,2.7,1,4,96.9,10.7,1,1.27
P-000184,2025-01-01,1,165.8,2.8,1,5,96.9,13.2,1,1.27
P-000184,2025-02-01,2,209.0,28.8,5,10,49.3,63.2,4,3.31
P-000184,2025-03-01,3,215.2,34.7,4,9,47.6,65.3,4,3.13
P-000184,2025-04-01,4,218.9,39.7,4,8,46.1,69.3,4,3.5
P-000184,2025-05-01,5,214.1,31.3,4,10,48.6,65.3,4,3.63
P-000184,2025-06-01,6,117.5,0.0,0,3,120.0,5.0,1,1.0
P-000184,2025-07-01,7,160.1,3.8,1,5,96.5,12.3,1,1.49
P-000184,2025-08-01,8,170.3,3.5,3,5,96.6,19.1,1,1.52
P-000184,2025-09-01,9,169.5,5.7,1,5,95.7,15.7,1,1.19
P-000184,2025-10-01,10,169.7,4.3,3,3,96.3,17.5,1,1.37
P-000184,2025-11-01,11,170.6,4.9,0,5,96.0,15.2,1,1.63
P-000184,2025-12-01,12,162.9,3.3,0,5,96.7,11.1,1,1.4
P-000185,2025-01-01,1,176.5,1.9,4,5,102.2,22.5,2,2.03
P-000185,2025-02-01,2,177.2,8.8,0,4,90.9,19.5,2,1.68
P-000185,2025-03-01,3,179.7,4.0,2,5,93.1,22.3,2,1.8
P-000185,2025-04-01,4,178.7,7.8,2,3,91.8,21.4,2,1.4
P-000185,2025-05-01,5,179.1,8.2,3,6,92.5,26.7,2,1.96
P-000185,2025-06-01,6,179.9,3.6,0,5,95.6,17.1,2,1.29
P-000185,2025-07-01,7,173.0,3.4,3,3,96.3,18.3,2,1.38
P-000185,2025-08-01,8,175.8,7.2,2,5,85.7,22.2,2,1.24
P-000185,2025-09-01,9,183.8,5.2,2,4,93.8,21.4,2,1.0
P-000185,2025-10-01,10,177.9,6.6,4,4,91.7,24.6,2,1.37
P-000185,2025-11-01,11,182.3,8.2,2,4,88.3,24.7,2,1.6
P-000185,2025-12-01,12,179.7,2.3,2,4,96.4,19.4,2,1.45
P-000186,2025-01-01,1,180.7,9.5,1,5,88.2,24.7,2,2.03
P-000186,2025-02-01,2,175.2,11.9,2,5,87.3,25.2,2,1.86
P-000186,2025-03-01,3,212.2,34.7,7,12,44.6,73.6,4,3.83
P-000186,2025-04-01,4,228.9,38.6,10,13,43.4,87.9,3,4.19
P-000186,2025-05-01,5,226.1,35.2,4,12,44.4,73.6,3,3.76
P-000186,2025-06-01,6,230.1,42.1,7,10,42.4,82.8,4,4.12
P-000186,2025-07-01,7,220.6,33.1,7,7,45.1,72.4,4,3.82
P-000186,2025-08-01,8,227.5,32.1,5,11,45.4,74.0,3,3.94
P-000186,2025-09-01,9,234.0,40.6,10,10,42.8,88.9,4,4.32
P-000186,2025-10-01,10,181.9,12.4,4,3,87.0,29.8,2,1.83
P-000186,2025-11-01,11,183.0,2.8,2,5,90.9,23.1,2,1.7
P-000186,2025-12-01,12,179.7,4.1,1,3,90.3,20.4,2,2.01
P-000187,2025-01-01,1,187.6,22.8,2,6,72.9,38.6,3,2.34
P-000187,2025-02-01,2,192.3,13.1,2,4,76.8,34.2,3,2.34
P-000187,2025-03-01,3,183.7,11.5,3,4,77.4,32.5,3,2.48
P-000187,2025-04-01,4,235.9,50.4,11,9,39.9,94.9,5,4.22
P-000187,2025-05-01,5,230.6,39.6,7,7,39.9,81.8,5,4.7
P-000187,2025-06-01,6,239.6,48.8,12,10,42.3,98.0,5,4.88
P-000187,2025-07-01,7,236.8,55.3,5,14,33.1,93.3,5,4.76
P-000187,2025-08-01,8,248.9,48.2,11,14,41.0,98.0,5,4.85
P-000187,2025-09-01,9,246.6,54.4,8,7,40.5,95.6,5,4.89
P-000187,2025-10-01,10,256.1,57.5,7,10,41.8,98.0,5,4.61
P-000187,2025-11-01,11,265.3,48.6,13,8,36.7,98.0,5,4.24
P-000187,2025-12-01,12,265.8,56.0,11,11,33.5,98.0,5,4.7
P-000188,2025-01-01,1,199.9,11.8,2,6,85.3,34.5,2,1.69
P-000188,2025-02-01,2,193.3,1.4,3,5,89.4,27.6,2,1.51
P-000188,2025-03-01,3,192.6,11.6,1,4,85.3,29.8,2,2.07
P-000188,2025-04-01,4,234.7,31.1,6,10,48.7,78.0,4,4.52
P-000188,2025-05-01,5,220.6,32.7,8,6,40.0,73.1,4,3.37
P-000188,2025-06-01,6,212.6,27.4,9,6,49.0,68.5,3,3.56
P-000188,2025-07-01,7,224.8,34.5,4,6,47.7,68.4,3,3.83
P-000188,2025-08-01,8,231.0,36.8,5,9,40.0,74.2,3,2.87
P-000188,2025-09-01,9,188.0,11.9,1,5,85.2,28.2,2,1.75
P-000188,2025-10-01,10,197.9,8.9,1,6,86.5,30.3,2,1.54
P-000188,2025-11-01,11,190.1,10.0,1,5,86.0,28.6,2,1.98
P-000188,2025-12-01,12,188.0,13.0,1,4,84.8,27.7,2,1.62
P-000189,2025-01-01,1,186.7,5.8,2,5,87.7,27.1,2,2.04
P-000189,2025-02-01,2,181.5,14.7,2,6,84.1,29.4,2,1.69
P-000189,2025-03-01,3,178.7,8.0,1,5,86.8,23.4,2,1.91
P-000189,2025-04-01,4,214.8,33.5,4,7,51.3,65.8,4,4.4
P-000189,2025-05-01,5,218.9,28.5,6,9,52.9,69.3,3,4.27
P-000189,2025-06-01,6,221.7,36.3,6,9,49.5,73.0,3,3.83
P-000189,2025-07-01,7,215.7,32.5,5,8,42.8,69.0,4,4.11
P-000189,2025-08-01,8,222.7,39.2,4,7,42.6,69.3,4,3.07
P-000189,2025-09-01,9,181.5,9.3,2,4,86.3,26.4,2,2.09
P-000189,2025-10-01,10,182.3,13.0,4,5,84.8,32.6,2,2.12
P-000189,2025-11-01,11,186.7,8.8,1,3,86.5,25.7,2,2.09
P-000189,2025-12-01,12,184.5,15.4,2,7,83.8,31.5,2,1.66
P-000190,2025-01-01,1,181.5,8.2,2,6,95.0,23.4,2,1.15
P-000190,2025-02-01,2,179.2,2.6,4,3,94.4,22.3,2,1.4
P-000190,2025-03-01,3,169.9,4.0,2,6,96.7,18.2,2,1.55
P-000190,2025-04-01,4,177.2,0.0,2,4,91.1,18.6,3,1.48
P-000190,2025-05-01,5,175.0,6.8,4,3,87.9,23.2,2,1.16
P-000190,2025-06-01,6,183.1,3.4,3,4,93.8,22.9,2,1.31
P-000190,2025-07-01,7,180.4,9.5,0,7,90.5,22.3,2,1.39
P-000190,2025-08-01,8,181.0,5.2,0,4,89.3,19.3,2,1.54
P-000190,2025-09-01,9,176.4,3.9,1,4,90.5,18.5,2,1.53
P-000190,2025-10-01,10,174.5,6.0,3,3,87.0,21.8,2,1.41
P-000190,2025-11-01,11,171.0,6.8,3,4,97.3,18.6,2,1.0
P-000190,2025-12-01,12,181.7,0.0,1,6,92.8,19.2,2,1.34
P-000191,2025-01-01,1,173.7,7.6,3,5,91.3,22.3,2,1.25
P-000191,2025-02-01,2,169.5,3.5,2,5,91.9,18.5,2,1.72
P-000191,2025-03-01,3,177.2,5.6,2,3,90.5,21.2,2,1.81
P-000191,2025-04-01,4,176.8,6.3,2,5,97.3,21.8,2,1.95
P-000191,2025-05-01,5,169.1,5.6,2,3,92.0,17.1,2,1.38
P-000191,2025-06-01,6,169.5,0.5,1,6,89.3,18.3,2,2.32
P-000191,2025-07-01,7,172.2,5.7,4,4,89.0,23.7,2,1.77
P-000191,2025-08-01,8,166.2,7.1,1,6,90.2,17.2,2,1.34
P-000191,2025-09-01,9,168.3,9.5,2,4,90.7,18.6,2,1.12
P-000191,2025-10-01,10,175.6,6.7,1,3,92.8,18.9,2,1.74
P-000191,2025-11-01,11,167.6,7.5,2,4,94.5,17.7,2,1.47
P-000191,2025-12-01,12,174.4,6.9,2,4,92.6,19.1,2,1.02
P-000192,2025-01-01,1,165.3,6.3,1,6,95.5,14.9,1,1.04
P-000192,2025-02-01,2,219.4,32.3,5,6,48.3,68.4,4,4.36
P-000192,2025-03-01,3,219.3,48.2,8,7,43.5,80.5,4,3.92
P-000192,2025-04-01,4,222.7,39.3,10,6,46.2,79.5,4,3.65
P-000192,2025-05-01,5,217.8,33.1,5,10,48.1,69.1,4,3.64
P-000192,2025-06-01,6,118.5,0.0,0,3,120.0,5.0,1,1.0
P-000192,2025-07-01,7,170.1,3.3,0,6,96.7,13.8,1,1.19
P-000192,2025-08-01,8,176.3,6.3,0,5,95.5,16.3,1,1.0
P-000192,2025-09-01,9,174.8,3.2,1,5,96.7,16.8,1,1.39
P-000192,2025-10-01,10,174.5,1.5,1,4,97.4,14.7,1,1.18
P-000192,2025-11-01,11,172.1,3.9,1,4,96.4,16.1,1,1.59
P-000192,2025-12-01,12,170.3,4.4,1,6,96.2,15.9,1,1.14
P-000193,2025-01-01,1,180.6,2.0,1,4,97.2,16.9,1,1.09
P-000193,2025-02-01,2,227.7,37.3,6,11,46.8,74.9,4,2.83
P-000193,2025-03-01,3,226.5,34.6,5,7,47.6,70.6,4,3.53
P-000193,2025-04-01,4,230.5,29.7,6,6,49.1,72.1,4,4.09
P-000193,2025-05-01,5,228.5,34.1,5,10,47.8,75.0,4,4.29
P-000193,2025-06-01,6,121.8,0.0,0,3,120.0,5.0,1,1.0
P-000193,2025-07-01,7,183.0,3.4,1,6,96.6,19.6,1,1.05
P-000193,2025-08-01,8,166.9,5.6,0,3,95.7,12.1,1,1.32
P-000193,2025-09-01,9,177.6,6.5,0,3,95.4,15.8,1,1.11
P-000193,2025-10-01,10,177.2,6.2,2,3,95.5,19.6,1,1.41
P-000193,2025-11-01,11,175.6,5.0,1,6,96.0,18.3,1,1.23
P-000193,2025-12-01,12,173.8,3.4,0,5,96.6,15.5,1,1.62
P-000194,2025-01-01,1,188.5,9.3,4,4,86.3,32.1,2,2.06
P-000194,2025-02-01,2,184.9,8.4,2,4,86.6,26.7,2,1.87
P-000194,2025-03-01,3,187.8,15.3,3,5,83.9,33.2,2,1.78
P-000194,2025-04-01,4,228.1,32.6,10,10,45.3,80.7,3,3.36
P-000194,2025-05-01,5,241.4,35.1,7,10,47.5,83.0,4,4.18
P-000194,2025-06-01,6,228.4,29.0,7,10,49.7,74.9,3,3.93
P-000194,2025-07-01,7,228.6,35.4,8,9,47.4,76.8,3,3.03
P-000194,2025-08-01,8,220.2,31.3,10,11,44.5,80.3,4,4.21
P-000194,2025-09-01,9,188.2,13.6,2,4,84.6,30.2,2,1.81
P-000194,2025-10-01,10,187.7,9.4,3,6,86.3,31.1,2,1.85
P-000194,2025-11-01,11,190.9,17.9,3,5,82.8,35.8,2,1.9
P-000194,2025-12-01,12,186.8,9.9,2,4,86.0,27.7,2,1.75
P-000195,2025-01-01,1,159.8,4.2,1,4,93.1,12.7,2,1.66
P-000195,2025-02-01,2,165.0,0.4,1,4,92.8,11.8,2,1.19
P-000195,2025-03-01,3,165.4,7.9,1,4,90.6,16.1,2,1.44
P-000195,2025-04-01,4,171.2,4.1,3,4,95.6,19.9,2,1.79
P-000195,2025-05-01,5,166.5,8.3,1,3,95.1,16.3,2,1.89
P-000195,2025-06-01,6,163.7,6.8,2,3,94.5,16.2,2,1.77
P-000195,2025-07-01,7,168.5,13.6,3,4,88.3,23.4,2,1.48
P-000195,2025-08-01,8,169.5,6.7,4,4,90.4,21.7,2,1.28
P-000195,2025-09-01,9,164.0,8.4,0,4,91.2,15.1,2,1.84
P-000195,2025-10-01,10,163.5,7.3,2,5,89.6,18.4,2,1.72
P-000195,2025-11-01,11,170.0,6.4,3,4,86.8,23.3,2,2.31
P-000195,2025-12-01,12,161.0,2.2,3,5,93.8,14.7,2,1.09
P-000196,2025-01-01,1,169.6,5.7,2,4,91.7,17.0,2,1.0
P-000196,2025-02-01,2,170.5,6.1,2,5,93.0,18.3,2,1.16
P-000196,2025-03-01,3,172.3,6.5,2,4,94.1,19.9,2,1.83
P-000196,2025-04-01,4,172.3,3.9,3,7,94.3,21.2,2,1.31
P-000196,2025-05-01,5,169.3,12.8,0,4,88.6,18.0,2,1.32
P-000196,2025-06-01,6,167.6,3.3,3,3,93.5,16.7,2,1.3
P-000196,2025-07-01,7,176.9,5.6,0,5,93.7,17.2,2,1.27
P-000196,2025-08-01,8,175.2,13.0,0,3,87.9,19.9,2,1.46
P-000196,2025-09-01,9,168.8,11.6,1,4,87.3,19.4,2,1.41
P-000196,2025-10-01,10,166.0,9.6,3,6,93.3,22.0,2,1.74
P-000196,2025-11-01,11,171.7,5.5,1,5,98.0,15.5,2,1.0
P-000196,2025-12-01,12,175.3,9.0,2,5,90.9,22.6,2,1.58
P-000197,2025-01-01,1,173.9,7.0,4,6,89.2,26.1,2,1.76
P-000197,2025-02-01,2,177.7,6.1,1,4,89.6,21.2,2,1.95
P-000197,2025-03-01,3,236.5,41.5,8,8,42.6,83.1,3,3.33
P-000197,2025-04-01,4,225.1,36.1,4,10,44.2,73.0,4,4.06
P-000197,2025-05-01,5,231.9,33.7,10,10,44.9,83.7,4,3.84
P-000197,2025-06-01,6,229.6,34.0,9,7,44.8,80.1,3,4.12
P-000197,2025-07-01,7,235.5,26.1,6,11,47.2,75.4,4,3.84
P-000197,2025-08-01,8,232.0,37.2,8,9,43.8,82.1,4,4.12
P-000197,2025-09-01,9,214.5,30.2,6,8,45.9,67.8,4,3.78
P-000197,2025-10-01,10,175.2,7.6,1,4,89.0,20.7,2,1.84
P-000197,2025-11-01,11,180.9,9.2,0,5,88.3,23.0,2,2.02
P-000197,2025-12-01,12,181.1,11.0,0,5,87.6,23.6,2,1.88
P-000198,2025-01-01,1,179.9,3.8,0,6,96.5,17.9,1,1.37
P-000198,2025-02-01,2,223.7,37.8,4,6,46.7,70.0,4,4.03
P-000198,2025-03-01,3,228.3,37.8,7,10,46.7,78.8,4,3.84
P-000198,2025-04-01,4,217.8,33.5,4,11,47.9,68.7,4,3.8
P-000198,2025-05-01,5,229.0,35.4,6,10,47.4,77.2,4,4.18
P-000198,2025-06-01,6,122.6,0.0,0,3,120.0,5.0,1,1.0
P-000198,2025-07-01,7,174.4,2.3,2,5,97.1,17.6,1,1.27
P-000198,2025-08-01,8,176.9,4.8,2,5,96.1,20.5,1,1.56
P-000198,2025-09-01,9,177.1,5.3,1,5,95.9,18.4,1,1.28
P-000198,2025-10-01,10,167.7,6.2,0,3,95.5,12.9,1,1.42
P-000198,2025-11-01,11,174.4,3.0,3,6,96.8,20.1,1,1.17
P-000198,2025-12-01,12,173.6,4.8,2,5,96.1,18.9,1,1.41
P-000199,2025-01-01,1,172.3,6.5,0,3,95.4,13.6,1,1.0
P-000199,2025-02-01,2,219.8,38.0,4,8,46.6,68.0,4,3.2
P-000199,2025-03-01,3,222.7,38.2,10,10,46.5,80.8,4,3.32
P-000199,2025-04-01,4,224.5,38.4,5,9,46.5,74.5,4,4.1
P-000199,2025-05-01,5,225.9,33.8,4,9,47.9,69.8,4,3.58
P-000199,2025-06-01,6,122.8,0.0,0,3,120.0,5.0,1,1.0
P-000199,2025-07-01,7,175.6,6.2,1,4,95.5,18.9,1,1.76
P-000199,2025-08-01,8,171.1,4.1,0,3,96.4,12.5,1,1.2
P-000199,2025-09-01,9,171.9,5.8,1,5,95.7,16.1,1,1.0
P-000199,2025-10-01,10,179.4,1.6,1,3,97.4,15.7,1,1.15
P-000199,2025-11-01,11,173.8,6.8,1,5,95.3,17.9,1,1.22
P-000199,2025-12-01,12,175.5,6.3,1,4,95.5,19.2,1,1.89
P-000200,2025-01-01,1,191.2,17.0,1,4,75.2,34.3,3,2.43
P-000200,2025-02-01,2,196.0,13.6,1,5,76.6,33.7,3,1.94
P-000200,2025-03-01,3,184.3,12.1,2,4,77.1,30.2,3,2.03
P-000200,2025-04-01,4,231.3,48.1,7,9,45.1,84.6,5,4.15
P-000200,2025-05-01,5,238.5,37.6,11,12,48.7,92.3,5,4.79
P-000200,2025-06-01,6,249.1,56.7,6,13,36.9,97.5,5,4.35
P-000200,2025-07-01,7,249.1,49.6,11,7,43.4,97.7,5,4.4
P-000200,2025-08-01,8,244.7,50.9,14,12,42.4,98.0,5,5.0
P-000200,2025-09-01,9,256.7,56.9,8,11,35.4,98.0,5,4.18
P-000200,2025-10-01,10,261.0,59.5,7,10,40.3,98.0,5,4.57
P-000200,2025-11-01,11,270.9,54.2,13,11,39.4,98.0,5,4.11
P-000200,2025-12-01,12,263.5,61.0,6,11,31.2,98.0,5,4.31
P-000201,2025-01-01,1,183.0,13.4,1,6,84.6,27.7,2,1.7
P-000201,2025-02-01,2,188.0,9.0,2,4,86.4,27.8,2,1.77
P-000201,2025-03-01,3,185.3,8.1,1,4,86.8,25.7,2,2.16
P-000201,2025-04-01,4,229.0,37.7,4,9,47.5,73.8,4,4.06
P-000201,2025-05-01,5,221.6,33.4,8,7,48.3,73.6,3,3.65
P-000201,2025-06-01,6,221.4,42.5,5,8,40.0,74.8,3,3.76
P-000201,2025-07-01,7,215.4,42.1,5,7,40.0,71.3,4,3.56
P-000201,2025-08-01,8,223.1,35.4,8,6,45.8,72.9,4,2.91
P-000201,2025-09-01,9,188.7,11.7,1,3,85.3,27.0,2,1.77
P-000201,2025-10-01,10,187.9,2.0,3,3,89.2,23.9,2,1.24
P-000201,2025-11-01,11,191.1,12.0,1,3,85.2,28.1,2,1.82
P-000201,2025-12-01,12,189.3,8.5,4,6,86.6,32.2,2,1.59
P-000202,2025-01-01,1,176.8,6.5,2,3,90.6,19.8,2,1.15
P-000202,2025-02-01,2,180.9,5.3,0,3,92.5,19.1,2,1.94
P-000202,2025-03-01,3,174.3,8.9,1,5,93.3,19.7,2,1.41
P-000202,2025-04-01,4,173.8,1.7,2,4,98.0,17.2,2,1.62
P-000202,2025-05-01,5,173.5,7.4,1,5,92.5,19.5,2,1.61
P-000202,2025-06-01,6,174.8,11.1,1,5,89.8,22.6,2,1.84
P-000202,2025-07-01,7,175.3,0.0,3,4,97.3,19.6,2,1.9
P-000202,2025-08-01,8,172.5,4.6,2,4,86.1,20.1,2,1.59
P-000202,2025-09-01,9,171.5,8.6,2,5,90.9,19.9,2,1.08
P-000202,2025-10-01,10,178.7,7.0,3,4,90.3,24.0,2,1.54
P-000202,2025-11-01,11,172.2,3.1,0,5,93.6,15.6,2,1.69
P-000202,2025-12-01,12,173.8,4.7,3,5,92.5,20.4,2,1.04
P-000203,2025-01-01,1,167.7,2.3,3,5,92.1,18.5,2,1.5
P-000203,2025-02-01,2,165.4,10.3,4,3,88.9,22.1,2,1.58
P-000203,2025-03-01,3,165.0,2.8,3,6,85.3,18.9,2,1.22
P-000203,2025-04-01,4,164.1,7.9,4,3,93.6,18.4,2,1.02
P-000203,2025-05-01,5,165.5,3.7,0,3,91.2,10.9,2,1.0
P-000203,2025-06-01,6,165.9,8.1,1,4,88.1,15.8,2,1.0
P-000203,2025-07-01,7,162.1,5.1,1,4,91.6,14.6,2,1.83
P-000203,2025-08-01,8,160.0,1.6,4,4,90.8,16.2,2,1.29
P-000203,2025-09-01,9,169.1,2.6,3,5,94.5,18.8,2,1.58
P-000203,2025-10-01,10,167.5,4.4,4,5,99.2,19.1,2,1.3
P-000203,2025-11-01,11,166.7,7.2,0,6,87.9,16.9,2,1.61
P-000203,2025-12-01,12,162.5,7.5,2,3,92.6,17.1,2,2.05
P-000204,2025-01-01,1,170.9,0.8,3,6,97.7,17.8,1,1.18
P-000204,2025-02-01,2,217.1,29.7,6,7,49.1,66.9,4,3.61
P-000204,2025-03-01,3,221.0,33.5,8,6,47.9,74.4,4,4.3
P-000204,2025-04-01,4,220.2,42.6,5,9,45.2,74.4,4,3.92
P-000204,2025-05-01,5,218.7,39.2,7,11,46.2,75.8,4,3.42
P-000204,2025-06-01,6,117.3,0.0,0,3,120.0,5.0,1,1.0
P-000204,2025-07-01,7,167.2,2.2,0,3,97.1,10.3,1,1.23
P-000204,2025-08-01,8,166.9,1.5,3,5,97.4,15.9,1,1.1
P-000204,2025-09-01,9,164.2,6.4,3,4,95.4,17.0,1,1.21
P-000204,2025-10-01,10,174.2,3.7,1,3,96.5,15.7,1,1.45
P-000204,2025-11-01,11,157.2,1.9,1,6,97.2,11.1,1,1.53
P-000204,2025-12-01,12,163.2,2.3,3,5,97.1,15.4,1,1.28
P-000205,2025-01-01,1,182.0,12.5,1,3,85.0,26.3,2,2.25
P-000205,2025-02-01,2,182.0,11.7,2,5,85.3,29.5,2,2.5
P-000205,2025-03-01,3,185.4,8.0,2,4,86.8,26.9,2,1.96
P-000205,2025-04-01,4,212.0,31.9,6,7,41.8,67.7,3,3.76
P-000205,2025-05-01,5,218.3,44.0,4,9,48.4,72.5,4,4.09
P-000205,2025-06-01,6,210.0,31.2,8,9,41.5,72.1,4,4.03
P-000205,2025-07-01,7,219.4,28.3,8,7,53.0,71.5,4,4.33
P-000205,2025-08-01,8,219.2,33.2,4,11,46.6,70.1,3,4.13
P-000205,2025-09-01,9,177.0,10.9,1,3,85.6,22.3,2,1.65
P-000205,2025-10-01,10,182.1,19.6,1,7,82.2,32.4,2,2.22
P-000205,2025-11-01,11,184.5,11.1,1,4,85.6,26.8,2,2.13
P-000205,2025-12-01,12,179.9,8.4,1,4,86.6,23.1,2,1.83
P-000206,2025-01-01,1,181.0,8.0,1,5,92.7,23.1,2,1.9
P-000206,2025-02-01,2,182.0,3.8,1,7,93.2,20.6,2,1.0
P-000206,2025-03-01,3,180.2,4.6,4,5,93.6,26.6,2,2.04
P-000206,2025-04-01,4,181.7,5.5,0,5,91.3,20.7,3,1.84
P-000206,2025-05-01,5,182.1,6.0,4,4,93.5,26.8,2,1.92
P-000206,2025-06-01,6,187.3,8.5,2,5,89.6,27.0,2,1.61
P-000206,2025-07-01,7,181.8,6.9,2,3,90.4,22.2,2,1.32
P-000206,2025-08-01,8,186.4,9.1,0,4,91.3,21.5,2,1.17
P-000206,2025-09-01,9,181.7,9.0,1,5,88.8,22.8,2,1.23
P-000206,2025-10-01,10,178.9,9.4,0,4,91.5,19.9,2,1.57
P-000206,2025-11-01,11,186.0,9.2,2,5,91.1,26.4,2,1.55
P-000206,2025-12-01,12,182.0,5.6,3,5,96.5,22.9,2,1.06
P-000207,2025-01-01,1,182.2,7.1,2,4,90.9,23.7,2,1.61
P-000207,2025-02-01,2,184.1,4.6,4,3,93.2,25.1,2,1.42
P-000207,2025-03-01,3,177.4,7.2,2,6,89.3,23.2,2,1.41
P-000207,2025-04-01,4,175.0,4.3,3,6,93.2,22.4,2,1.54
P-000207,2025-05-01,5,183.3,10.2,3,4,89.1,27.0,2,1.44
P-000207,2025-06-01,6,180.1,7.2,1,4,88.4,20.9,2,1.26
P-000207,2025-07-01,7,184.6,4.2,4,7,93.0,28.1,2,1.52
P-000207,2025-08-01,8,181.0,9.3,1,4,87.1,23.6,2,1.76
P-000207,2025-09-01,9,178.8,8.2,3,5,86.9,26.1,2,1.63
P-000207,2025-10-01,10,183.7,4.9,1,6,89.5,22.3,2,1.21
P-000207,2025-11-01,11,185.0,5.2,1,4,87.5,21.7,2,1.15
P-000207,2025-12-01,12,171.5,7.2,0,4,87.5,17.8,2,1.83
P-000208,2025-01-01,1,175.4,13.2,4,5,86.7,29.4,2,1.88
P-000208,2025-02-01,2,178.6,10.9,2,4,87.6,25.5,2,1.98
P-000208,2025-03-01,3,231.6,46.5,4,12,41.0,81.0,4,3.85
P-000208,2025-04-01,4,222.7,32.0,5,10,45.4,71.5,3,3.88
P-000208,2025-05-01,5,222.0,40.6,6,8,42.8,75.1,3,3.68
P-000208,2025-06-01,6,219.3,37.8,9,11,43.7,81.0,4,4.15
P-000208,2025-07-01,7,225.3,40.8,5,7,42.8,75.5,3,4.25
P-000208,2025-08-01,8,222.4,38.3,11,8,43.5,84.8,4,4.59
P-000208,2025-09-01,9,220.2,34.9,6,11,44.5,74.4,3,3.93
P-000208,2025-10-01,10,178.1,11.9,0,5,87.2,23.5,2,2.07
P-000208,2025-11-01,11,175.8,8.0,1,4,88.8,19.7,2,1.27
P-000208,2025-12-01,12,184.1,12.7,2,5,86.9,28.0,2,1.54
P-000209,2025-01-01,1,172.6,3.7,1,5,88.0,17.8,2,1.34
P-000209,2025-02-01,2,178.0,0.8,2,4,98.8,19.2,2,2.05
P-000209,2025-03-01,3,172.5,4.0,1,3,95.5,15.3,2,1.39
P-000209,2025-04-01,4,173.3,6.5,0,4,91.2,16.4,3,1.38
P-000209,2025-05-01,5,171.3,10.5,4,4,85.8,25.8,3,1.67
P-000209,2025-06-01,6,173.9,10.9,1,4,88.6,20.9,2,1.51
P-000209,2025-07-01,7,173.7,9.1,3,4,87.1,23.3,2,1.35
P-000209,2025-08-01,8,172.7,2.2,2,5,96.9,17.6,2,1.51
P-000209,2025-09-01,9,172.1,4.0,3,5,96.0,20.1,2,1.52
P-000209,2025-10-01,10,174.9,11.9,3,4,88.4,24.6,2,1.32
P-000209,2025-11-01,11,170.7,6.9,4,3,92.9,21.5,2,1.47
P-000209,2025-12-01,12,170.0,7.3,3,4,94.5,21.0,2,1.79
P-000210,2025-01-01,1,178.2,1.6,2,5,94.3,19.6,2,1.43
P-000210,2025-02-01,2,185.6,6.5,3,6,95.6,26.8,2,1.62
P-000210,2025-03-01,3,178.3,7.2,1,6,85.7,22.6,2,1.42
P-000210,2025-04-01,4,174.5,0.8,2,5,90.7,18.5,2,1.36
P-000210,2025-05-01,5,179.2,3.0,2,6,93.0,20.4,3,1.0
P-000210,2025-06-01,6,180.0,5.5,2,4,87.2,22.9,2,1.59
P-000210,2025-07-01,7,179.8,9.2,1,6,89.7,23.6,2,1.62
P-000210,2025-08-01,8,174.2,5.1,1,5,94.6,20.1,2,2.29
P-000210,2025-09-01,9,184.8,6.0,4,4,82.2,28.6,2,1.42
P-000210,2025-10-01,10,184.4,3.5,0,5,90.4,19.9,2,1.4
P-000210,2025-11-01,11,185.4,7.9,1,5,90.9,24.8,2,1.86
P-000210,2025-12-01,12,186.5,5.1,4,4,92.4,27.8,2,1.75
P-000211,2025-01-01,1,177.1,12.8,3,4,84.9,28.0,2,1.99
P-000211,2025-02-01,2,180.0,6.4,4,4,87.4,27.2,2,1.84
P-000211,2025-03-01,3,176.0,10.6,4,5,85.8,27.9,2,1.58
P-000211,2025-04-01,4,210.7,30.6,4,12,45.0,66.1,4,3.75
P-000211,2025-05-01,5,218.5,26.4,4,9,53.3,63.1,3,3.59
P-000211,2025-06-01,6,218.6,44.3,7,9,44.2,78.8,4,4.19
P-000211,2025-07-01,7,223.7,35.8,7,13,49.0,78.2,4,3.93
P-000211,2025-08-01,8,214.0,38.7,4,12,45.5,70.2,4,3.61
P-000211,2025-09-01,9,179.0,10.7,2,5,85.7,26.7,2,1.99
P-000211,2025-10-01,10,185.3,3.4,1,3,88.6,22.5,2,2.09
P-000211,2025-11-01,11,179.7,10.2,1,3,85.9,22.9,2,1.67
P-000211,2025-12-01,12,179.4,14.3,4,5,84.3,31.5,2,1.81
P-000212,2025-01-01,1,176.0,13.2,2,4,86.7,25.6,2,1.89
P-000212,2025-02-01,2,170.9,4.7,4,4,90.1,22.2,2,1.57
P-000212,2025-03-01,3,223.4,37.0,8,8,43.9,77.5,3,3.8
P-000212,2025-04-01,4,220.9,35.0,5,11,44.5,71.6,4,3.34
P-000212,2025-05-01,5,215.4,27.1,8,9,46.9,72.2,4,4.4
P-000212,2025-06-01,6,215.5,47.1,6,8,40.9,76.4,4,3.88
P-000212,2025-07-01,7,221.4,32.7,6,10,45.2,74.7,3,4.57
P-000212,2025-08-01,8,227.2,32.5,7,13,45.3,80.1,3,4.48
P-000212,2025-09-01,9,215.5,42.9,5,9,42.1,73.2,3,3.76
P-000212,2025-10-01,10,169.3,5.9,1,5,89.6,19.2,2,2.12
P-000212,2025-11-01,11,162.0,10.1,4,3,88.0,21.8,2,1.9
P-000212,2025-12-01,12,171.4,2.8,1,4,90.9,17.4,2,1.99
P-000213,2025-01-01,1,180.1,7.7,2,5,88.9,24.6,2,1.74
P-000213,2025-02-01,2,182.9,5.6,3,4,89.8,25.9,2,1.89
P-000213,2025-03-01,3,226.9,38.2,11,9,43.5,86.7,4,4.46
P-000213,2025-04-01,4,225.9,38.1,8,9,43.6,80.9,4,4.3
P-000213,2025-05-01,5,233.7,33.7,9,11,44.9,84.0,4,4.08
P-000213,2025-06-01,6,229.5,36.7,9,11,44.0,85.2,3,4.63
P-000213,2025-07-01,7,227.0,44.0,11,7,41.8,86.7,4,3.9
P-000213,2025-08-01,8,234.8,45.3,8,12,41.4,89.6,4,4.4
P-000213,2025-09-01,9,235.4,36.6,6,8,44.0,78.9,3,4.07
P-000213,2025-10-01,10,191.1,10.3,2,4,87.9,29.0,2,1.73
P-000213,2025-11-01,11,177.4,10.2,4,6,87.9,29.9,2,2.15
P-000213,2025-12-01,12,187.3,6.1,2,6,89.6,27.6,2,1.96
P-000214,2025-01-01,1,185.7,6.9,2,4,98.7,21.9,2,1.0
P-000214,2025-02-01,2,181.6,8.7,0,3,93.9,19.5,2,1.58
P-000214,2025-03-01,3,181.4,6.3,2,5,94.0,22.0,2,1.12
P-000214,2025-04-01,4,182.4,8.3,2,5,93.3,23.0,3,1.0
P-000214,2025-05-01,5,177.8,8.4,3,3,90.1,23.0,3,1.25
P-000214,2025-06-01,6,178.8,3.2,4,4,95.8,22.7,2,1.39
P-000214,2025-07-01,7,176.8,9.8,2,4,93.3,22.5,2,1.63
P-000214,2025-08-01,8,181.0,4.6,1,6,93.8,21.4,2,1.63
P-000214,2025-09-01,9,181.9,7.7,3,5,90.0,25.6,2,1.29
P-000214,2025-10-01,10,180.1,5.8,2,5,95.7,22.6,2,1.77
P-000214,2025-11-01,11,190.1,9.3,3,4,89.4,28.2,2,1.17
P-000214,2025-12-01,12,183.8,8.0,1,3,89.4,23.4,2,1.94
P-000215,2025-01-01,1,174.2,3.9,2,5,90.4,20.9,2,1.85
P-000215,2025-02-01,2,182.6,8.2,0,3,88.7,21.8,2,2.05
P-000215,2025-03-01,3,221.0,36.4,4,11,44.1,72.8,4,4.22
P-000215,2025-04-01,4,217.9,40.1,8,7,43.0,76.1,3,3.68
P-000215,2025-05-01,5,225.6,32.3,5,9,45.3,73.5,4,4.5
P-000215,2025-06-01,6,227.4,35.6,6,8,44.3,76.5,4,4.43
P-000215,2025-07-01,7,221.1,38.7,7,11,43.4,79.3,4,4.4
P-000215,2025-08-01,8,225.9,37.5,4,10,43.7,74.2,3,4.14
P-000215,2025-09-01,9,230.8,38.5,6,8,43.5,78.3,3,4.13
P-000215,2025-10-01,10,179.3,5.2,4,4,89.9,26.4,2,1.98
P-000215,2025-11-01,11,183.3,11.7,1,6,87.3,27.2,2,1.97
P-000215,2025-12-01,12,175.0,12.0,1,4,87.2,22.3,2,1.64
P-000216,2025-01-01,1,185.7,10.0,4,5,87.2,30.1,2,1.32
P-000216,2025-02-01,2,195.2,9.9,1,4,89.3,28.0,2,1.6
P-000216,2025-03-01,3,183.0,2.9,2,5,89.5,23.3,2,1.68
P-000216,2025-04-01,4,190.8,9.1,4,3,90.2,30.1,2,1.49
P-000216,2025-05-01,5,186.6,3.9,2,3,85.0,25.4,2,2.03
P-000216,2025-06-01,6,186.9,7.8,2,5,94.9,25.6,2,1.63
P-000216,2025-07-01,7,180.9,2.3,1,4,87.2,19.3,2,1.21
P-000216,2025-08-01,8,197.9,11.5,4,4,91.6,34.2,2,1.59
P-000216,2025-09-01,9,190.6,6.0,3,5,88.7,27.4,2,1.0
P-000216,2025-10-01,10,193.9,6.7,3,5,90.9,29.0,2,1.22
P-000216,2025-11-01,11,189.6,6.9,1,4,90.6,24.8,2,1.69
P-000216,2025-12-01,12,184.6,3.7,0,3,88.7,18.7,2,1.28
P-000217,2025-01-01,1,181.5,9.6,1,5,85.9,22.9,2,1.0
P-000217,2025-02-01,2,180.3,0.0,2,3,98.1,17.7,2,1.47
P-000217,2025-03-01,3,185.1,5.3,2,3,95.4,21.5,2,1.22
P-000217,2025-04-01,4,182.1,4.7,1,4,95.9,19.7,2,1.48
P-000217,2025-05-01,5,176.4,6.5,1,5,94.3,19.5,2,1.48
P-000217,2025-06-01,6,178.6,1.1,1,3,91.4,16.8,2,1.32
P-000217,2025-07-01,7,183.5,7.8,4,4,98.4,26.7,2,1.73
P-000217,2025-08-01,8,180.3,8.6,4,4,85.6,28.5,2,1.8
P-000217,2025-09-01,9,188.8,7.1,2,5,89.5,26.2,2,1.3
P-000217,2025-10-01,10,181.0,9.1,3,3,94.9,22.8,2,1.0
P-000217,2025-11-01,11,180.0,7.3,3,4,84.6,24.4,2,1.03
P-000217,2025-12-01,12,186.3,1.6,4,6,91.2,27.3,2,1.54
P-000218,2025-01-01,1,179.5,8.3,2,5,88.7,23.7,2,1.36
P-000218,2025-02-01,2,178.7,12.4,3,6,87.0,29.2,2,1.92
P-000218,2025-03-01,3,229.4,42.6,9,9,42.2,86.4,3,4.52
P-000218,2025-04-01,4,231.2,35.4,7,12,44.4,80.7,4,3.87
P-000218,2025-05-01,5,229.7,32.8,4,10,45.1,71.0,4,3.21
P-000218,2025-06-01,6,228.3,44.1,4,9,41.8,76.5,3,3.76
P-000218,2025-07-01,7,229.4,31.0,4,11,45.7,73.4,3,4.29
P-000218,2025-08-01,8,225.4,37.6,7,7,43.7,78.2,3,4.59
P-000218,2025-09-01,9,225.2,42.9,8,7,42.1,81.9,4,4.43
P-000218,2025-10-01,10,184.4,6.1,2,6,89.5,25.8,2,1.66
P-000218,2025-11-01,11,184.9,12.6,3,6,87.0,30.6,2,1.57
P-000218,2025-12-01,12,186.7,9.7,1,5,88.1,24.4,2,1.0
P-000219,2025-01-01,1,173.1,18.9,1,4,82.4,26.6,2,2.09
P-000219,2025-02-01,2,170.1,13.1,3,6,84.8,27.6,2,2.18
P-000219,2025-03-01,3,182.3,5.3,2,5,87.9,26.0,2,2.31
P-000219,2025-04-01,4,217.6,31.4,5,8,48.5,67.5,3,3.87
P-000219,2025-05-01,5,221.1,30.0,7,7,50.2,69.4,4,3.45
P-000219,2025-06-01,6,224.9,41.2,5,9,47.6,75.3,4,3.99
P-000219,2025-07-01,7,203.4,29.3,9,6,53.7,64.1,4,3.1
P-000219,2025-08-01,8,204.6,35.6,5,6,45.9,65.6,4,4.55
P-000219,2025-09-01,9,180.9,10.4,3,5,85.9,27.8,2,1.59
P-000219,2025-10-01,10,176.1,13.9,4,6,84.4,30.6,2,1.71
P-000219,2025-11-01,11,180.4,6.8,3,4,87.3,25.6,2,1.75
P-000219,2025-12-01,12,176.8,8.4,3,4,86.6,25.0,2,1.68
P-000220,2025-01-01,1,171.4,14.7,1,6,76.1,28.9,3,2.99
P-000220,2025-02-01,2,184.2,11.1,2,6,77.6,31.7,3,2.31
P-000220,2025-03-01,3,179.8,11.6,5,4,77.4,34.9,3,2.66
P-000220,2025-04-01,4,232.2,38.3,6,10,46.3,80.6,5,4.56
P-000220,2025-05-01,5,234.0,43.7,11,11,40.6,92.8,5,4.24
P-000220,2025-06-01,6,243.5,39.6,9,10,46.9,90.0,5,4.55
P-000220,2025-07-01,7,243.6,41.9,5,9,37.0,85.2,5,4.42
P-000220,2025-08-01,8,241.8,52.6,14,13,37.9,98.0,5,4.58
P-000220,2025-09-01,9,243.2,52.8,12,10,40.6,98.0,5,4.66
P-000220,2025-10-01,10,256.3,53.9,14,13,39.6,98.0,5,4.56
P-000220,2025-11-01,11,255.2,57.0,7,11,36.3,98.0,5,4.33
P-000220,2025-12-01,12,249.9,52.4,14,11,39.4,98.0,5,4.39
P-000221,2025-01-01,1,174.3,8.8,4,5,88.5,26.9,2,1.92
P-000221,2025-02-01,2,176.9,9.6,0,4,88.1,21.0,2,1.97
P-000221,2025-03-01,3,220.6,31.8,4,10,45.5,70.0,3,4.32
P-000221,2025-04-01,4,228.6,35.1,7,7,44.5,76.6,3,4.0
P-000221,2025-05-01,5,210.6,40.0,6,9,43.0,71.4,3,3.66
P-000221,2025-06-01,6,214.1,44.7,5,7,41.6,72.4,4,3.84
P-000221,2025-07-01,7,222.0,38.4,4,8,43.5,71.9,4,4.13
P-000221,2025-08-01,8,213.6,34.7,6,8,44.6,71.2,3,4.41
P-000221,2025-09-01,9,213.8,40.6,6,7,42.8,74.2,3,4.74
P-000221,2025-10-01,10,172.6,5.8,1,4,89.7,18.1,2,1.5
P-000221,2025-11-01,11,174.2,12.1,1,4,87.2,22.0,2,1.62
P-000221,2025-12-01,12,171.9,8.8,3,4,88.5,23.3,2,1.75
P-000222,2025-01-01,1,182.8,12.9,1,5,84.8,28.2,2,2.32
P-000222,2025-02-01,2,184.3,18.7,2,5,82.5,32.6,2,2.06
P-000222,2025-03-01,3,190.9,12.7,1,3,84.9,26.6,2,1.1
P-000222,2025-04-01,4,210.1,30.4,8,6,51.5,68.4,4,4.23
P-000222,2025-05-01,5,221.8,31.1,6,9,47.4,71.7,4,4.02
P-000222,2025-06-01,6,225.8,35.2,5,9,48.4,73.2,4,4.09
P-000222,2025-07-01,7,217.9,23.2,7,8,55.0,65.3,4,3.46
P-000222,2025-08-01,8,224.6,24.0,10,10,54.4,75.2,4,3.78
P-000222,2025-09-01,9,182.4,7.2,4,4,87.1,27.6,2,1.52
P-000222,2025-10-01,10,189.8,5.5,1,3,87.8,25.3,2,2.15
P-000222,2025-11-01,11,186.8,9.4,3,6,86.3,29.6,2,1.38
P-000222,2025-12-01,12,184.0,14.5,3,4,84.2,29.9,2,1.43
P-000223,2025-01-01,1,179.7,0.1,2,3,93.8,19.0,2,1.71
P-000223,2025-02-01,2,188.6,3.2,1,6,92.3,23.6,2,1.55
P-000223,2025-03-01,3,185.2,5.8,3,5,92.7,27.8,2,2.24
P-000223,2025-04-01,4,176.0,8.7,2,4,90.8,22.0,2,1.53
P-000223,2025-05-01,5,183.8,3.7,0,4,92.0,19.8,2,1.8
P-000223,2025-06-01,6,179.1,2.2,1,4,94.6,17.5,2,1.33
P-000223,2025-07-01,7,183.7,7.0,1,4,90.5,22.7,2,1.62
P-000223,2025-08-01,8,175.5,0.0,3,5,92.1,19.7,2,1.27
P-000223,2025-09-01,9,170.3,10.5,0,5,92.8,16.5,2,1.02
P-000223,2025-10-01,10,181.2,8.1,3,5,93.4,25.1,2,1.4
P-000223,2025-11-01,11,181.2,6.8,3,4,88.9,25.8,2,1.81
P-000223,2025-12-01,12,185.7,2.1,0,5,91.6,18.8,2,1.1
P-000224,2025-01-01,1,166.1,7.4,1,5,96.5,15.8,2,1.46
P-000224,2025-02-01,2,166.4,9.0,2,4,89.0,18.1,2,1.11
P-000224,2025-03-01,3,174.5,7.2,1,4,89.2,19.4,2,1.48
P-000224,2025-04-01,4,182.1,4.8,1,4,97.5,19.7,2,1.56
P-000224,2025-05-01,5,177.7,7.2,0,4,91.4,17.9,2,1.29
P-000224,2025-06-01,6,176.0,0.3,3,4,98.8,19.6,2,1.89
P-000224,2025-07-01,7,174.1,0.6,1,5,95.6,16.0,2,1.51
P-000224,2025-08-01,8,176.2,9.3,4,3,88.5,24.2,2,1.04
P-000224,2025-09-01,9,176.7,8.5,0,4,97.6,16.7,2,1.18
P-000224,2025-10-01,10,175.5,7.0,0,5,88.6,17.9,2,1.12
P-000224,2025-11-01,11,174.9,7.6,4,5,91.0,24.8,2,1.39
P-000224,2025-12-01,12,172.0,8.9,1,4,92.2,18.6,2,1.46
P-000225,2025-01-01,1,177.6,2.2,0,4,91.7,15.7,2,1.26
P-000225,2025-02-01,2,179.2,0.2,1,3,96.2,16.5,2,1.63
P-000225,2025-03-01,3,181.8,4.3,2,3,95.6,20.5,2,1.45
P-000225,2025-04-01,4,175.8,2.0,4,4,93.0,21.0,2,1.07
P-000225,2025-05-01,5,178.8,6.1,1,4,93.6,20.3,2,1.77
P-000225,2025-06-01,6,179.5,0.5,1,4,96.8,17.9,2,1.87
P-000225,2025-07-01,7,182.8,1.2,4,4,90.4,23.4,2,1.0
P-000225,2025-08-01,8,178.3,8.2,2,3,85.7,22.7,2,1.44
P-000225,2025-09-01,9,182.7,5.7,2,6,87.3,23.8,2,1.0
P-000225,2025-10-01,10,183.4,5.0,3,5,91.4,26.4,2,1.99
P-000225,2025-11-01,11,174.9,3.3,1,7,91.3,19.6,2,1.52
P-000225,2025-12-01,12,182.5,0.0,0,4,92.8,16.4,2,1.3
P-000226,2025-01-01,1,167.3,3.5,2,4,91.2,16.2,2,1.31
P-000226,2025-02-01,2,174.4,6.3,1,6,92.5,20.7,2,1.86
P-000226,2025-03-01,3,173.0,1.9,1,4,92.9,16.1,2,1.55
P-000226,2025-04-01,4,169.7,2.5,1,5,93.6,15.4,2,1.43
P-000226,2025-05-01,5,169.4,8.4,1,4,88.5,18.4,3,1.52
P-000226,2025-06-01,6,170.1,0.0,1,5,95.4,14.5,2,1.52
P-000226,2025-07-01,7,163.8,2.1,3,4,91.6,16.1,2,1.37
P-000226,2025-08-01,8,173.3,8.2,2,6,96.2,20.7,2,1.35
P-000226,2025-09-01,9,172.5,11.6,2,3,89.6,21.6,2,1.55
P-000226,2025-10-01,10,172.4,9.4,2,7,92.5,23.2,2,1.71
P-000226,2025-11-01,11,170.7,11.3,2,5,91.8,21.9,2,1.57
P-000226,2025-12-01,12,181.9,5.0,2,5,95.4,22.4,2,1.56
P-000227,2025-01-01,1,187.6,13.0,0,3,86.8,23.6,2,1.12
P-000227,2025-02-01,2,175.5,3.8,0,5,90.5,16.3,2,1.16
P-000227,2025-03-01,3,179.5,0.4,3,4,91.8,20.6,2,1.28
P-000227,2025-04-01,4,179.6,12.5,3,4,87.0,27.8,2,1.75
P-000227,2025-05-01,5,169.5,8.6,1,5,88.6,19.2,2,1.58
P-000227,2025-06-01,6,209.2,19.0,8,6,64.3,57.7,4,2.9
P-000227,2025-07-01,7,212.9,21.6,4,7,63.5,55.1,4,3.27
P-000227,2025-08-01,8,181.0,12.1,4,5,87.2,29.7,2,1.46
P-000227,2025-09-01,9,176.0,8.1,1,4,88.7,20.2,2,1.42
P-000227,2025-10-01,10,178.1,8.3,0,4,88.7,19.9,2,1.63
P-000227,2025-11-01,11,166.4,3.2,2,6,90.7,16.5,2,1.06
P-000227,2025-12-01,12,176.4,5.6,3,3,89.8,22.1,2,1.53
P-000228,2025-01-01,1,188.7,2.8,4,5,92.6,27.1,2,1.28
P-000228,2025-02-01,2,188.1,7.8,1,5,87.9,25.7,2,1.66
P-000228,2025-03-01,3,191.1,4.0,0,5,88.3,23.6,2,1.72
P-000228,2025-04-01,4,195.1,3.3,2,3,97.4,26.1,2,2.14
P-000228,2025-05-01,5,189.3,6.1,2,4,92.9,25.4,2,1.62
P-000228,2025-06-01,6,187.5,11.3,3,5,84.1,30.5,2,1.43
P-000228,2025-07-01,7,185.3,3.7,1,5,91.9,21.3,2,1.25
P-000228,2025-08-01,8,189.7,7.3,3,4,94.6,28.0,2,1.85
P-000228,2025-09-01,9,186.2,4.7,3,5,85.9,27.4,2,1.6
P-000228,2025-10-01,10,184.4,1.1,3,4,99.8,20.6,2,1.06
P-000228,2025-11-01,11,185.8,5.5,3,5,95.2,25.7,2,1.58
P-000228,2025-12-01,12,181.4,4.8,0,3,97.3,17.8,2,1.82
P-000229,2025-01-01,1,170.8,2.5,1,3,97.0,13.6,1,1.33
P-000229,2025-02-01,2,214.1,37.1,9,8,46.9,74.4,4,3.38
P-000229,2025-03-01,3,223.5,33.9,6,8,47.8,73.1,4,4.14
P-000229,2025-04-01,4,215.0,33.1,8,8,48.1,71.3,4,3.47
P-000229,2025-05-01,5,215.0,39.4,4,8,46.2,66.6,4,3.03
P-000229,2025-06-01,6,120.6,0.0,0,3,120.0,5.0,1,1.0
P-000229,2025-07-01,7,174.6,6.6,0,3,95.4,15.1,1,1.23
P-000229,2025-08-01,8,171.1,4.5,0,4,96.2,13.7,1,1.34
P-000229,2025-09-01,9,171.4,5.4,2,5,95.9,18.0,1,1.24
P-000229,2025-10-01,10,174.5,3.3,2,5,96.7,17.8,1,1.12
P-000229,2025-11-01,11,169.2,6.3,1,5,95.5,16.9,1,1.62
P-000229,2025-12-01,12,176.8,6.6,1,3,95.3,17.6,1,1.25
P-000230,2025-01-01,1,175.3,17.7,1,3,82.9,24.5,2,1.45
P-000230,2025-02-01,2,181.5,14.4,1,4,84.2,25.5,2,1.37
P-000230,2025-03-01,3,172.7,12.2,3,4,85.1,25.1,2,1.54
P-000230,2025-04-01,4,205.4,34.1,7,6,40.0,67.7,3,3.79
P-000230,2025-05-01,5,214.8,32.6,6,10,48.7,69.6,3,3.74
P-000230,2025-06-01,6,200.9,32.2,5,9,48.9,61.3,3,3.38
P-000230,2025-07-01,7,213.6,26.4,10,10,52.8,72.6,4,3.77
P-000230,2025-08-01,8,206.4,21.6,9,13,49.8,68.8,3,3.68
P-000230,2025-09-01,9,176.1,10.1,1,6,86.0,23.8,2,1.78
P-000230,2025-10-01,10,169.0,11.4,1,3,85.4,19.6,2,1.61
P-000230,2025-11-01,11,181.8,13.6,1,4,84.6,26.7,2,1.99
P-000230,2025-12-01,12,174.7,8.4,3,5,86.6,24.8,2,1.61
P-000231,2025-01-01,1,192.3,15.2,3,5,75.9,38.2,3,2.6
P-000231,2025-02-01,2,189.8,12.2,3,4,77.1,33.9,3,2.08
P-000231,2025-03-01,3,189.9,11.2,3,5,77.5,35.3,3,2.53
P-000231,2025-04-01,4,233.0,48.7,14,12,42.4,98.0,5,4.74
P-000231,2025-05-01,5,243.4,34.0,7,8,40.4,83.0,5,4.07
P-000231,2025-06-01,6,240.5,45.0,9,13,40.7,95.2,5,4.9
P-000231,2025-07-01,7,256.1,46.2,9,9,34.3,97.7,5,4.1
P-000231,2025-08-01,8,243.5,46.0,14,7,38.5,98.0,5,4.1
P-000231,2025-09-01,9,252.1,50.2,8,8,38.4,96.8,5,4.89
P-000231,2025-10-01,10,266.2,52.3,9,11,36.0,98.0,5,4.83
P-000231,2025-11-01,11,257.0,53.9,8,11,40.2,98.0,5,4.0
P-000231,2025-12-01,12,270.6,57.5,13,10,37.6,98.0,5,4.47
P-000232,2025-01-01,1,190.1,8.3,1,4,86.7,26.3,2,1.69
P-000232,2025-02-01,2,195.0,11.7,2,3,85.3,29.9,2,1.37
P-000232,2025-03-01,3,191.3,11.4,1,5,85.4,29.6,2,1.97
P-000232,2025-04-01,4,229.2,24.9,4,7,50.2,65.6,3,3.62
P-000232,2025-05-01,5,221.9,27.9,8,6,49.6,71.1,4,3.93
P-000232,2025-06-01,6,224.8,41.1,4,7,45.7,71.8,3,3.7
P-000232,2025-07-01,7,221.2,34.1,6,7,44.7,70.3,4,3.35
P-000232,2025-08-01,8,223.7,36.2,4,6,47.7,69.4,4,4.13
P-000232,2025-09-01,9,195.7,2.3,3,6,89.1,30.8,2,1.99
P-000232,2025-10-01,10,186.6,6.5,4,7,87.4,32.2,2,2.09
P-000232,2025-11-01,11,190.7,10.5,3,6,85.8,33.8,2,2.29
P-000232,2025-12-01,12,198.1,16.1,2,3,83.6,34.5,2,1.91
P-000233,2025-01-01,1,170.7,14.3,2,4,84.3,25.3,2,2.17
P-000233,2025-02-01,2,171.3,7.9,4,4,86.8,24.3,2,1.57
P-000233,2025-03-01,3,167.3,12.5,2,4,85.0,21.3,2,1.38
P-000233,2025-04-01,4,200.6,34.8,8,6,47.8,66.1,3,3.61
P-000233,2025-05-01,5,207.9,28.4,8,11,53.1,69.3,3,4.0
P-000233,2025-06-01,6,201.9,31.6,8,10,49.4,67.8,3,3.68
P-000233,2025-07-01,7,200.7,18.0,5,12,63.4,55.4,3,3.7
P-000233,2025-08-01,8,202.2,23.4,4,7,44.2,57.5,4,3.95
P-000233,2025-09-01,9,172.2,4.7,1,4,88.1,18.3,2,1.72
P-000233,2025-10-01,10,171.5,13.5,1,6,84.6,23.3,2,1.55
P-000233,2025-11-01,11,171.9,5.6,2,4,87.8,21.8,2,2.31
P-000233,2025-12-01,12,172.1,7.9,1,5,86.8,21.8,2,2.21
P-000234,2025-01-01,1,183.1,0.0,0,3,89.0,18.0,2,1.86
P-000234,2025-02-01,2,184.7,7.1,2,6,92.0,25.5,2,1.53
P-000234,2025-03-01,3,172.8,5.5,0,5,95.6,15.6,2,1.37
P-000234,2025-04-01,4,182.6,3.5,1,5,93.0,19.7,2,1.11
P-000234,2025-05-01,5,176.8,6.0,1,5,92.3,20.3,3,1.68
P-000234,2025-06-01,6,173.7,5.3,1,4,96.1,16.7,2,1.35
P-000234,2025-07-01,7,169.6,8.1,0,4,89.2,16.3,2,1.47
P-000234,2025-08-01,8,173.0,4.4,2,5,91.2,19.8,2,1.53
P-000234,2025-09-01,9,174.0,1.3,1,3,95.2,15.3,2,1.63
P-000234,2025-10-01,10,181.0,6.1,0,5,95.6,20.3,2,1.99
P-000234,2025-11-01,11,180.7,3.6,1,5,97.0,20.1,2,1.82
P-000234,2025-12-01,12,177.5,5.6,1,5,93.0,20.1,2,1.62
P-000235,2025-01-01,1,168.2,1.8,1,5,94.7,13.8,2,1.18
P-000235,2025-02-01,2,173.0,13.4,0,7,87.3,22.2,2,1.49
P-000235,2025-03-01,3,179.9,7.8,2,4,92.1,23.4,2,1.76
P-000235,2025-04-01,4,177.1,4.8,0,4,91.6,17.1,2,1.45
P-000235,2025-05-01,5,182.1,10.5,2,4,88.7,25.6,2,1.64
P-000235,2025-06-01,6,172.1,4.4,0,5,94.5,16.3,2,1.82
P-000235,2025-07-01,7,179.7,6.4,2,4,91.6,22.7,2,1.73
P-000235,2025-08-01,8,176.0,6.8,2,6,88.9,24.1,2,2.01
P-000235,2025-09-01,9,170.8,5.3,1,5,92.1,17.0,2,1.32
P-000235,2025-10-01,10,181.3,6.5,1,4,96.9,18.8,2,1.0
P-000235,2025-11-01,11,175.0,6.4,2,3,88.2,20.0,2,1.32
P-000235,2025-12-01,12,176.2,13.8,3,6,89.2,28.0,2,1.72
P-000236,2025-01-01,1,184.1,6.1,1,4,89.6,23.0,2,1.78
P-000236,2025-02-01,2,178.8,11.3,4,3,87.5,27.5,2,1.58
P-000236,2025-03-01,3,229.2,41.3,10,7,42.6,85.6,4,4.34
P-000236,2025-04-01,4,228.5,36.9,7,7,43.9,77.7,3,4.09
P-000236,2025-05-01,5,228.5,36.5,11,7,44.1,83.8,3,3.95
P-000236,2025-06-01,6,236.8,32.1,8,11,45.4,82.7,4,4.12
P-000236,2025-07-01,7,233.7,37.2,7,11,43.9,83.3,4,4.49
P-000236,2025-08-01,8,228.0,38.6,11,10,43.4,85.9,3,3.64
P-000236,2025-09-01,9,228.1,45.4,5,7,41.4,79.2,3,4.46
P-000236,2025-10-01,10,176.6,10.0,2,4,88.0,24.4,2,1.97
P-000236,2025-11-01,11,182.9,7.9,2,4,88.8,25.2,2,1.83
P-000236,2025-12-01,12,182.8,4.3,3,5,90.3,26.2,2,1.99
P-000237,2025-01-01,1,179.1,9.3,2,3,91.6,21.4,2,1.08
P-000237,2025-02-01,2,166.9,3.4,2,3,89.7,16.0,2,1.48
P-000237,2025-03-01,3,173.0,11.2,3,6,86.1,25.1,2,1.21
P-000237,2025-04-01,4,169.8,0.0,2,4,96.8,15.2,3,1.58
P-000237,2025-05-01,5,171.6,8.6,2,5,90.5,20.4,3,1.21
P-000237,2025-06-01,6,174.9,10.3,0,5,89.6,19.4,2,1.35
P-000237,2025-07-01,7,183.6,2.1,2,5,97.9,22.1,2,1.87
P-000237,2025-08-01,8,164.3,4.5,1,6,100.8,13.2,2,1.22
P-000237,2025-09-01,9,182.1,3.4,4,3,96.9,24.0,2,1.74
P-000237,2025-10-01,10,176.2,0.1,3,5,97.5,18.2,2,1.0
P-000237,2025-11-01,11,173.0,6.7,0,4,91.5,16.0,2,1.25
P-000237,2025-12-01,12,181.0,4.8,2,3,92.3,21.2,2,1.51
P-000238,2025-01-01,1,186.4,0.3,3,3,99.9,21.9,2,1.69
P-000238,2025-02-01,2,189.3,1.6,1,6,95.1,23.1,2,1.75
P-000238,2025-03-01,3,189.5,6.0,2,4,96.1,24.0,2,1.3
P-000238,2025-04-01,4,190.2,5.6,1,3,90.4,22.8,2,1.28
P-000238,2025-05-01,5,184.9,4.4,2,4,96.8,23.0,2,1.85
P-000238,2025-06-01,6,188.6,3.6,1,6,94.5,23.1,2,1.47
P-000238,2025-07-01,7,185.6,4.9,0,4,93.4,19.9,2,1.51
P-000238,2025-08-01,8,185.5,12.1,1,6,87.9,27.8,2,1.86
P-000238,2025-09-01,9,182.5,7.6,2,5,89.5,23.5,2,1.01
P-000238,2025-10-01,10,185.8,9.7,1,5,89.2,25.1,2,1.52
P-000238,2025-11-01,11,189.9,9.0,1,4,86.3,24.9,2,1.0
P-000238,2025-12-01,12,187.8,4.5,2,4,87.9,23.8,2,1.08
P-000239,2025-01-01,1,177.8,5.5,1,4,87.8,21.8,2,2.18
P-000239,2025-02-01,2,176.4,8.7,1,5,86.5,23.4,2,2.11
P-000239,2025-03-01,3,186.5,10.6,1,3,85.8,25.3,2,1.62
P-000239,2025-04-01,4,210.2,44.9,6,11,40.0,76.5,3,4.14
P-000239,2025-05-01,5,223.8,37.1,5,10,46.3,73.7,4,3.85
P-000239,2025-06-01,6,220.8,30.8,4,6,49.1,65.2,4,3.83
P-000239,2025-07-01,7,219.8,26.2,8,6,50.3,69.4,3,3.87
P-000239,2025-08-01,8,228.3,46.3,9,9,40.0,86.7,3,3.99
P-000239,2025-09-01,9,180.8,6.3,1,5,87.5,23.5,2,2.02
P-000239,2025-10-01,10,184.0,7.3,4,4,87.1,28.5,2,1.61
P-000239,2025-11-01,11,178.1,12.6,1,5,85.0,25.7,2,2.01
P-000239,2025-12-01,12,185.7,6.7,3,4,87.3,27.6,2,1.8
P-000240,2025-01-01,1,169.5,7.5,3,4,91.5,21.6,2,1.86
P-000240,2025-02-01,2,179.6,7.0,1,3,91.7,21.3,2,2.04
P-000240,2025-03-01,3,173.8,3.3,3,5,94.4,20.1,2,1.3
P-000240,2025-04-01,4,169.6,5.6,2,4,91.6,18.3,2,1.5
P-000240,2025-05-01,5,171.7,4.7,1,6,89.3,17.7,2,1.08
P-000240,2025-06-01,6,166.6,4.0,1,4,101.4,13.2,2,1.58
P-000240,2025-07-01,7,165.4,4.2,4,5,89.0,22.2,2,2.08
P-000240,2025-08-01,8,174.6,5.1,1,4,95.3,18.4,2,1.89
P-000240,2025-09-01,9,166.1,9.0,1,5,91.9,16.9,2,1.3
P-000240,2025-10-01,10,171.4,3.6,1,3,93.2,15.7,2,1.58
P-000240,2025-11-01,11,170.3,7.8,1,4,89.8,18.5,2,1.65
P-000240,2025-12-01,12,176.3,8.7,1,5,88.8,22.1,2,1.77
P-000241,2025-01-01,1,173.8,5.9,0,5,95.6,15.6,1,1.18
P-000241,2025-02-01,2,223.1,43.3,4,6,45.0,71.4,4,3.6
P-000241,2025-03-01,3,219.1,39.1,4,8,46.3,69.1,4,3.52
P-000241,2025-04-01,4,223.9,27.5,6,10,49.7,71.9,4,4.28
P-000241,2025-05-01,5,216.8,46.2,10,9,44.1,83.7,4,4.05
P-000241,2025-06-01,6,125.4,0.0,0,3,120.0,5.0,1,1.0
P-000241,2025-07-01,7,186.7,5.7,1,3,95.7,20.6,1,1.26
P-000241,2025-08-01,8,174.5,0.0,0,4,98.0,12.3,1,1.17
P-000241,2025-09-01,9,181.7,6.6,1,5,95.4,20.7,1,1.28
P-000241,2025-10-01,10,174.2,8.0,0,4,94.8,16.4,1,1.29
P-000241,2025-11-01,11,173.2,5.1,0,5,96.0,15.5,1,1.35
P-000241,2025-12-01,12,173.2,6.3,0,5,95.5,16.3,1,1.45
P-000242,2025-01-01,1,180.2,7.7,4,5,88.9,27.6,2,1.61
P-000242,2025-02-01,2,174.2,8.7,4,5,88.5,25.0,2,1.2
P-000242,2025-03-01,3,171.1,7.7,4,6,88.9,25.5,2,1.77
P-000242,2025-04-01,4,168.9,3.2,1,3,90.7,15.1,2,1.58
P-000242,2025-05-01,5,172.7,5.7,2,4,89.7,19.6,2,1.44
P-000242,2025-06-01,6,200.3,24.1,4,7,62.8,50.1,4,2.57
P-000242,2025-07-01,7,202.5,24.7,6,7,62.6,55.5,4,2.97
P-000242,2025-08-01,8,174.1,9.1,3,4,88.4,23.2,2,1.34
P-000242,2025-09-01,9,177.0,7.0,2,6,89.2,22.7,2,1.32
P-000242,2025-10-01,10,174.9,3.1,2,3,90.8,18.1,2,1.28
P-000242,2025-11-01,11,168.7,6.9,0,5,89.2,16.7,2,1.67
P-000242,2025-12-01,12,173.2,11.5,1,7,87.4,23.6,2,1.71
P-000243,2025-01-01,1,176.1,4.1,2,5,96.4,19.4,1,1.4
P-000243,2025-02-01,2,221.6,29.5,4,7,49.2,65.3,4,3.73
P-000243,2025-03-01,3,222.2,37.4,6,8,46.8,72.9,4,3.59
P-000243,2025-04-01,4,227.8,33.0,5,9,48.1,73.4,4,4.25
P-000243,2025-05-01,5,222.8,33.2,5,10,48.0,71.7,4,3.96
P-000243,2025-06-01,6,124.1,0.0,0,3,120.0,5.0,1,1.0
P-000243,2025-07-01,7,171.3,5.1,1,4,95.9,15.2,1,1.12
P-000243,2025-08-01,8,169.0,4.0,1,3,96.4,13.9,1,1.39
P-000243,2025-09-01,9,174.1,6.3,0,4,95.5,15.0,1,1.06
P-000243,2025-10-01,10,175.1,4.7,0,5,96.1,17.1,1,1.83
P-000243,2025-11-01,11,174.0,4.2,1,3,96.3,15.4,1,1.27
P-000243,2025-12-01,12,169.1,7.4,0,5,95.0,14.6,1,1.13
P-000244,2025-01-01,1,173.2,5.9,1,6,91.9,20.6,2,2.04
P-000244,2025-02-01,2,175.7,12.5,1,5,87.9,23.3,2,1.63
P-000244,2025-03-01,3,178.5,7.3,0,6,94.6,18.8,2,1.21
P-000244,2025-04-01,4,173.3,5.6,2,4,93.0,19.9,3,1.74
P-000244,2025-05-01,5,180.7,7.1,0,4,86.5,20.9,2,1.7
P-000244,2025-06-01,6,173.6,9.0,3,5,90.2,23.9,2,1.61
P-000244,2025-07-01,7,173.8,3.7,2,4,89.8,20.2,2,1.88
P-000244,2025-08-01,8,186.5,3.7,1,3,91.2,20.7,2,1.34
P-000244,2025-09-01,9,183.2,0.0,4,4,97.0,22.7,2,1.36
P-000244,2025-10-01,10,176.3,0.1,4,4,100.4,18.7,2,1.0
P-000244,2025-11-01,11,182.4,6.2,2,4,91.6,21.9,2,1.06
P-000244,2025-12-01,12,188.3,8.9,3,5,91.9,28.0,2,1.3
P-000245,2025-01-01,1,173.1,10.1,1,5,83.7,21.5,2,1.36
P-000245,2025-02-01,2,171.7,3.4,1,3,97.3,14.8,2,1.54
P-000245,2025-03-01,3,165.4,5.4,0,3,90.5,12.9,2,1.48
P-000245,2025-04-01,4,168.0,7.9,4,6,92.6,23.3,3,1.56
P-000245,2025-05-01,5,163.2,7.6,1,4,90.6,14.1,2,1.0
P-000245,2025-06-01,6,164.2,8.9,2,4,90.6,17.5,2,1.31
P-000245,2025-07-01,7,176.2,1.4,2,6,97.9,19.6,2,1.76
P-000245,2025-08-01,8,173.5,7.9,2,6,91.4,21.1,2,1.16
P-000245,2025-09-01,9,176.6,4.3,1,3,90.3,18.3,2,1.61
P-000245,2025-10-01,10,170.6,6.5,1,5,86.6,18.4,2,1.3
P-000245,2025-11-01,11,167.9,8.7,2,3,90.1,19.0,2,1.67
P-000245,2025-12-01,12,169.4,6.4,2,4,91.7,19.1,2,1.75
P-000246,2025-01-01,1,171.6,5.4,2,3,95.8,16.2,1,1.0
P-000246,2025-02-01,2,215.1,34.0,5,13,47.8,70.1,4,3.44
P-000246,2025-03-01,3,216.5,37.6,6,6,46.7,69.9,4,3.7
P-000246,2025-04-01,4,215.1,33.3,5,8,48.0,68.6,4,4.3
P-000246,2025-05-01,5,225.2,28.8,10,10,49.4,79.3,4,4.18
P-000246,2025-06-01,6,121.6,0.0,0,3,120.0,5.0,1,1.0
P-000246,2025-07-01,7,178.7,4.4,0,5,96.2,16.6,1,1.18
P-000246,2025-08-01,8,175.5,5.9,0,3,95.6,14.8,1,1.13
P-000246,2025-09-01,9,175.0,3.4,1,5,96.6,17.5,1,1.55
P-000246,2025-10-01,10,171.3,3.1,0,4,96.8,13.8,1,1.61
P-000246,2025-11-01,11,176.5,2.7,2,6,96.9,20.0,1,1.57
P-000246,2025-12-01,12,172.1,4.2,1,3,96.3,14.3,1,1.07
P-000247,2025-01-01,1,173.4,7.1,2,5,91.3,21.4,2,1.69
P-000247,2025-02-01,2,169.8,7.9,2,3,90.7,18.1,2,1.21
P-000247,2025-03-01,3,169.3,8.8,1,4,92.3,18.6,2,1.88
P-000247,2025-04-01,4,169.5,7.9,3,3,88.4,20.7,2,1.48
P-000247,2025-05-01,5,173.7,1.9,3,5,92.1,20.6,2,1.57
P-000247,2025-06-01,6,173.1,8.0,4,5,93.7,23.5,2,1.25
P-000247,2025-07-01,7,173.7,5.1,0,4,86.6,17.0,2,1.45
P-000247,2025-08-01,8,170.5,6.5,1,4,91.9,18.6,2,2.05
P-000247,2025-09-01,9,176.9,1.7,4,5,97.1,22.7,2,1.73
P-000247,2025-10-01,10,165.1,7.6,2,3,93.7,15.9,2,1.26
P-000247,2025-11-01,11,179.4,7.8,4,4,89.8,26.4,2,1.52
P-000247,2025-12-01,12,172.7,8.6,2,3,91.3,19.4,2,1.25
P-000248,2025-01-01,1,180.2,9.9,0,4,88.0,20.2,2,1.15
P-000248,2025-02-01,2,177.9,10.5,3,5,87.8,26.4,2,1.57
P-000248,2025-03-01,3,179.4,5.4,4,4,89.8,25.7,2,1.65
P-000248,2025-04-01,4,176.9,7.7,1,3,88.9,19.8,2,1.45
P-000248,2025-05-01,5,173.9,6.4,2,5,89.4,21.4,2,1.6
P-000248,2025-06-01,6,213.2,23.4,3,7,63.0,53.1,4,2.72
P-000248,2025-07-01,7,219.9,26.5,3,7,62.0,57.1,4,2.81
P-000248,2025-08-01,8,181.4,4.6,2,4,90.2,23.0,2,1.78
P-000248,2025-09-01,9,183.3,7.9,0,5,88.8,22.5,2,1.73
P-000248,2025-10-01,10,181.1,6.3,2,3,89.5,21.9,2,1.32
P-000248,2025-11-01,11,181.0,5.0,3,5,90.0,24.4,2,1.38
P-000248,2025-12-01,12,181.9,2.1,1,4,91.2,19.9,2,1.63
P-000249,2025-01-01,1,182.5,7.7,0,6,88.9,22.8,2,1.75
P-000249,2025-02-01,2,179.2,8.1,3,4,88.8,25.4,2,1.74
P-000249,2025-03-01,3,179.9,6.7,0,3,89.3,19.4,2,1.75
P-000249,2025-04-01,4,189.4,8.7,4,5,88.5,32.1,2,1.92
P-000249,2025-05-01,5,182.3,2.7,3,4,90.9,24.5,2,1.96
P-000249,2025-06-01,6,212.7,19.2,6,8,64.2,58.5,4,3.51
P-000249,2025-07-01,7,218.1,23.0,3,7,63.1,55.7,4,3.17
P-000249,2025-08-01,8,176.4,8.6,3,5,88.6,24.5,2,1.37
P-000249,2025-09-01,9,180.3,3.8,1,4,90.5,20.0,2,1.57
P-000249,2025-10-01,10,172.0,6.7,2,4,89.3,20.4,2,1.68
P-000249,2025-11-01,11,180.5,10.0,3,4,88.0,26.2,2,1.48
P-000249,2025-12-01,12,179.7,4.6,2,6,90.1,22.9,2,1.46
P-000250,2025-01-01,1,185.1,12.8,5,7,76.9,38.9,3,2.49
P-000250,2025-02-01,2,183.2,13.3,3,4,76.7,33.6,3,2.64
P-000250,2025-03-01,3,171.0,11.4,4,4,77.5,30.6,3,2.89
P-000250,2025-04-01,4,229.9,43.9,5,10,43.6,81.3,5,4.69
P-000250,2025-05-01,5,221.5,48.1,10,9,41.8,87.2,5,4.33
P-000250,2025-06-01,6,231.0,52.9,13,11,42.5,97.8,5,3.96
P-000250,2025-07-01,7,243.7,50.4,14,10,41.4,98.0,5,4.4
P-000250,2025-08-01,8,239.0,47.3,9,10,40.4,92.0,5,4.23
P-000250,2025-09-01,9,249.9,54.6,8,11,42.3,98.0,5,4.7
P-000250,2025-10-01,10,252.9,54.7,13,11,30.6,98.0,5,4.57
P-000250,2025-11-01,11,249.8,54.1,14,7,37.2,98.0,5,4.3
P-000250,2025-12-01,12,245.6,49.9,9,15,37.2,98.0,5,4.14
P-000251,2025-01-01,1,179.3,0.0,1,5,97.5,17.6,2,1.65
P-000251,2025-02-01,2,178.2,6.4,0,5,92.7,19.8,2,1.91
P-000251,2025-03-01,3,181.0,8.4,3,3,88.3,25.3,2,1.62
P-000251,2025-04-01,4,180.5,2.8,1,5,94.1,19.1,2,1.37
P-000251,2025-05-01,5,184.5,9.2,3,3,93.3,26.9,2,1.98
P-000251,2025-06-01,6,182.9,10.7,2,7,93.4,26.6,2,1.44
P-000251,2025-07-01,7,184.1,1.9,3,5,97.6,23.7,2,1.77
P-000251,2025-08-01,8,177.9,2.5,2,5,89.2,20.8,2,1.4
P-000251,2025-09-01,9,180.1,0.0,1,5,94.2,19.1,2,1.88
P-000251,2025-10-01,10,179.5,8.4,4,4,89.6,25.6,2,1.1
P-000251,2025-11-01,11,182.5,10.1,1,4,92.1,21.7,2,1.0
P-000251,2025-12-01,12,179.3,5.5,2,4,89.6,21.6,2,1.35
P-000252,2025-01-01,1,178.4,4.9,2,4,90.5,21.7,2,1.69
P-000252,2025-02-01,2,173.8,4.6,1,5,95.1,18.5,2,1.85
P-000252,2025-03-01,3,175.6,6.1,0,7,94.3,19.0,2,1.61
P-000252,2025-04-01,4,172.0,3.0,1,4,93.3,15.7,2,1.35
P-000252,2025-05-01,5,170.3,8.0,2,6,91.6,21.3,2,1.69
P-000252,2025-06-01,6,177.8,6.4,0,4,91.4,17.8,2,1.34
P-000252,2025-07-01,7,170.5,2.0,1,4,94.4,14.8,2,1.45
P-000252,2025-08-01,8,178.2,8.6,4,4,90.0,26.8,2,1.76
P-000252,2025-09-01,9,163.8,2.5,2,5,94.0,15.5,2,1.64
P-000252,2025-10-01,10,171.1,2.9,1,6,89.9,17.3,2,1.37
P-000252,2025-11-01,11,173.4,6.6,3,5,97.7,19.9,2,1.0
P-000252,2025-12-01,12,169.1,10.5,1,5,86.5,20.8,2,1.79
P-000253,2025-01-01,1,186.0,13.3,3,5,76.7,36.2,3,3.02
P-000253,2025-02-01,2,181.9,18.2,1,7,74.7,32.5,3,1.99
P-000253,2025-03-01,3,184.3,6.6,1,6,79.4,28.5,3,2.59
P-000253,2025-04-01,4,233.4,49.8,12,10,46.3,95.1,5,4.28
P-000253,2025-05-01,5,241.7,48.2,11,7,41.3,95.6,5,4.65
P-000253,2025-06-01,6,248.4,48.8,9,7,41.3,94.0,5,4.34
P-000253,2025-07-01,7,242.7,41.0,9,8,36.9,91.5,5,4.84
P-000253,2025-08-01,8,245.5,50.7,10,7,39.7,95.2,5,4.1
P-000253,2025-09-01,9,259.2,46.8,7,10,35.1,96.0,5,4.01
P-000253,2025-10-01,10,254.9,54.9,9,10,34.0,98.0,5,4.79
P-000253,2025-11-01,11,261.3,58.1,14,12,33.9,98.0,5,4.38
P-000253,2025-12-01,12,257.6,52.0,12,11,35.0,98.0,5,4.31
P-000254,2025-01-01,1,170.8,7.5,4,3,85.0,23.6,2,1.6
P-000254,2025-02-01,2,167.7,0.0,1,4,95.6,12.0,2,1.15
P-000254,2025-03-01,3,173.7,6.1,1,7,94.2,19.4,2,1.37
P-000254,2025-04-01,4,173.1,7.7,0,3,89.7,15.9,3,1.16
P-000254,2025-05-01,5,169.1,9.6,1,3,87.9,18.2,2,1.53
P-000254,2025-06-01,6,167.6,8.1,1,5,92.3,17.0,2,1.29
P-000254,2025-07-01,7,176.0,11.2,4,7,87.1,28.6,2,1.32
P-000254,2025-08-01,8,172.9,10.6,2,5,91.1,21.7,2,1.25
P-000254,2025-09-01,9,161.7,6.9,1,5,91.5,16.1,2,1.91
P-000254,2025-10-01,10,169.7,0.0,4,5,91.3,19.8,2,1.42
P-000254,2025-11-01,11,169.4,8.2,3,5,90.5,21.5,2,1.36
P-000254,2025-12-01,12,169.5,6.1,1,6,93.8,18.1,2,1.66
P-000255,2025-01-01,1,179.1,7.2,3,4,96.1,22.9,2,1.41
P-000255,2025-02-01,2,178.4,6.6,3,5,92.2,25.6,2,2.16
P-000255,2025-03-01,3,177.0,7.0,1,4,93.4,18.2,2,1.0
P-000255,2025-04-01,4,167.4,7.0,1,5,88.6,17.4,3,1.41
P-000255,2025-05-01,5,175.2,10.1,2,4,89.6,23.4,2,1.88
P-000255,2025-06-01,6,180.4,6.5,4,4,96.0,24.4,2,1.31
P-000255,2025-07-01,7,169.7,6.0,4,4,88.2,23.4,2,1.88
P-000255,2025-08-01,8,164.1,7.9,2,5,98.5,18.0,2,2.03
P-000255,2025-09-01,9,180.1,7.8,2,3,90.0,22.0,2,1.29
P-000255,2025-10-01,10,172.8,7.3,3,4,92.2,22.8,2,1.97
P-000255,2025-11-01,11,177.0,1.7,0,5,96.0,15.8,2,1.5
P-000255,2025-12-01,12,174.2,11.3,0,5,89.9,21.7,2,2.21
P-000256,2025-01-01,1,177.6,9.4,2,7,86.2,25.9,2,1.61
P-000256,2025-02-01,2,176.3,10.6,1,5,85.8,22.8,2,1.51
P-000256,2025-03-01,3,170.6,8.5,2,5,86.6,22.1,2,1.76
P-000256,2025-04-01,4,213.6,29.2,5,10,40.4,68.2,3,3.92
P-000256,2025-05-01,5,204.9,28.4,6,10,51.4,62.3,3,3.11
P-000256,2025-06-01,6,214.4,26.3,7,8,47.4,66.5,4,3.36
P-000256,2025-07-01,7,217.4,37.3,5,10,45.6,71.9,3,3.92
P-000256,2025-08-01,8,209.9,25.0,8,8,52.7,67.1,3,4.18
P-000256,2025-09-01,9,172.9,14.2,4,4,84.3,29.0,2,1.99
P-000256,2025-10-01,10,183.4,15.4,2,3,83.9,29.4,2,2.08
P-000256,2025-11-01,11,177.9,4.9,1,6,88.1,21.7,2,1.69
P-000256,2025-12-01,12,178.6,10.8,4,5,85.7,28.6,2,1.46
P-000257,2025-01-01,1,173.4,4.0,1,4,96.4,17.1,1,1.79
P-000257,2025-02-01,2,221.2,33.3,6,6,48.0,68.5,4,3.28
P-000257,2025-03-01,3,215.6,29.7,10,10,49.1,75.9,4,3.95
P-000257,2025-04-01,4,226.2,26.5,10,7,50.0,77.4,4,4.49
P-000257,2025-05-01,5,226.8,39.1,5,9,46.3,73.7,4,3.34
P-000257,2025-06-01,6,121.2,0.0,0,3,120.0,5.0,1,1.0
P-000257,2025-07-01,7,170.8,1.7,0,5,97.3,13.3,1,1.47
P-000257,2025-08-01,8,176.5,4.7,0,5,96.1,16.2,1,1.27
P-000257,2025-09-01,9,165.7,4.0,3,6,96.4,18.1,1,1.42
P-000257,2025-10-01,10,180.2,3.3,0,5,96.7,16.2,1,1.01
P-000257,2025-11-01,11,176.4,5.7,2,4,95.7,19.2,1,1.22
P-000257,2025-12-01,12,174.5,5.2,2,3,95.9,17.6,1,1.19
P-000258,2025-01-01,1,175.3,9.2,1,5,88.3,22.8,2,2.07
P-000258,2025-02-01,2,181.3,9.7,4,4,88.1,28.5,2,1.67
P-000258,2025-03-01,3,221.3,51.3,6,8,39.6,80.4,4,3.86
P-000258,2025-04-01,4,223.8,32.1,8,7,45.4,74.8,4,3.85
P-000258,2025-05-01,5,220.7,32.2,8,11,45.3,76.3,3,3.79
P-000258,2025-06-01,6,222.5,38.7,10,10,43.4,84.9,3,4.71
P-000258,2025-07-01,7,229.4,38.9,9,11,43.3,85.5,4,4.32
P-000258,2025-08-01,8,222.5,36.3,7,9,44.1,76.1,3,3.89
P-000258,2025-09-01,9,217.9,37.1,10,8,43.9,80.0,4,4.2
P-000258,2025-10-01,10,173.8,6.5,1,5,89.4,20.1,2,1.74
P-000258,2025-11-01,11,169.4,4.1,4,5,90.4,23.0,2,1.99
P-000258,2025-12-01,12,173.8,6.3,1,5,89.5,19.8,2,1.64
P-000259,2025-01-01,1,187.7,9.5,3,5,86.2,29.5,2,1.44
P-000259,2025-02-01,2,184.9,4.9,3,5,88.0,26.8,2,1.7
P-000259,2025-03-01,3,184.8,11.1,1,6,85.6,28.1,2,2.05
P-000259,2025-04-01,4,212.4,38.0,7,6,47.6,70.3,3,3.74
P-000259,2025-05-01,5,224.4,21.4,9,9,53.9,73.5,3,4.46
P-000259,2025-06-01,6,225.0,31.9,4,8,52.7,68.2,3,4.03
P-000259,2025-07-01,7,219.8,37.8,5,7,45.4,68.7,3,3.01
P-000259,2025-08-01,8,223.1,29.7,6,9,52.7,69.0,4,3.38
P-000259,2025-09-01,9,183.3,13.4,3,5,84.6,29.1,2,1.16
P-000259,2025-10-01,10,189.0,10.4,1,6,85.8,28.6,2,1.83
P-000259,2025-11-01,11,187.6,9.6,2,5,86.2,28.9,2,1.91
P-000259,2025-12-01,12,189.7,7.9,2,4,86.8,27.0,2,1.45
P-000260,2025-01-01,1,173.7,2.6,0,3,93.6,15.1,2,1.93
P-000260,2025-02-01,2,175.2,10.1,3,4,87.8,23.7,2,1.19
P-000260,2025-03-01,3,177.5,11.0,3,3,90.1,25.3,2,1.83
P-000260,2025-04-01,4,176.5,5.1,2,6,93.0,21.8,2,1.58
P-000260,2025-05-01,5,175.2,5.3,3,3,94.8,20.8,2,1.61
P-000260,2025-06-01,6,175.8,9.9,2,4,93.0,22.3,2,1.65
P-000260,2025-07-01,7,180.6,5.7,2,4,94.7,21.4,2,1.42
P-000260,2025-08-01,8,177.6,7.9,3,4,89.4,24.8,2,1.79
P-000260,2025-09-01,9,179.2,10.3,2,5,87.2,25.3,2,1.58
P-000260,2025-10-01,10,167.7,4.5,2,4,91.9,16.8,2,1.39
P-000260,2025-11-01,11,176.0,4.7,0,5,96.3,16.0,2,1.26
P-000260,2025-12-01,12,172.8,1.2,0,5,98.2,14.5,2,1.83
P-000261,2025-01-01,1,175.5,8.2,1,3,86.7,20.5,2,1.71
P-000261,2025-02-01,2,170.6,15.1,1,4,84.0,22.1,2,1.4
P-000261,2025-03-01,3,183.6,16.4,2,4,83.4,30.5,2,2.02
P-000261,2025-04-01,4,202.9,36.0,8,10,48.1,71.9,3,4.37
P-000261,2025-05-01,5,207.8,29.7,10,7,45.0,70.4,4,3.36
P-000261,2025-06-01,6,216.6,29.6,4,6,50.3,64.5,4,4.45
P-000261,2025-07-01,7,211.1,22.3,8,6,48.2,65.6,3,4.04
P-000261,2025-08-01,8,216.1,34.3,7,10,45.4,74.2,3,4.2
P-000261,2025-09-01,9,171.9,7.6,3,5,86.9,24.1,2,1.87
P-000261,2025-10-01,10,178.2,7.3,3,4,87.1,25.8,2,2.02
P-000261,2025-11-01,11,176.8,10.8,4,6,85.7,28.8,2,1.51
P-000261,2025-12-01,12,175.1,15.0,2,4,84.0,26.4,2,1.83
P-000262,2025-01-01,1,181.1,7.9,4,5,88.8,28.0,2,1.58
P-000262,2025-02-01,2,185.6,9.2,4,3,88.3,29.4,2,1.82
P-000262,2025-03-01,3,188.9,7.2,4,6,89.1,30.4,2,1.34
P-000262,2025-04-01,4,188.0,4.4,1,4,90.2,23.0,2,1.56
P-000262,2025-05-01,5,183.0,8.0,1,5,88.8,24.4,2,1.84
P-000262,2025-06-01,6,207.3,26.1,5,8,62.2,56.4,4,2.8
P-000262,2025-07-01,7,216.7,19.7,5,7,64.1,56.1,4,2.83
P-000262,2025-08-01,8,183.1,3.4,1,4,90.6,21.6,2,1.9
P-000262,2025-09-01,9,189.3,7.2,0,6,89.1,23.2,2,1.07
P-000262,2025-10-01,10,180.8,5.2,0,4,89.9,19.0,2,1.5
P-000262,2025-11-01,11,185.8,14.5,0,3,86.2,25.4,2,1.81
P-000262,2025-12-01,12,182.7,8.8,0,4,88.5,21.9,2,1.65
P-000263,2025-01-01,1,180.5,7.7,2,4,90.6,23.2,2,1.54
P-000263,2025-02-01,2,178.4,7.3,1,5,87.9,21.1,2,1.24
P-000263,2025-03-01,3,173.7,9.0,2,7,86.3,23.9,2,1.4
P-000263,2025-04-01,4,180.2,6.6,0,5,96.9,18.3,2,1.33
P-000263,2025-05-01,5,176.8,6.4,1,5,94.5,20.2,2,1.75
P-000263,2025-06-01,6,181.4,8.7,2,4,92.8,23.4,2,1.46
P-000263,2025-07-01,7,182.6,7.4,1,4,93.9,20.6,2,1.15
P-000263,2025-08-01,8,189.7,6.9,1,4,92.2,24.7,2,1.77
P-000263,2025-09-01,9,184.4,6.8,3,3,91.7,26.6,2,2.16
P-000263,2025-10-01,10,178.6,0.3,2,3,101.4,15.9,2,1.2
P-000263,2025-11-01,11,180.9,3.1,4,5,93.0,24.2,2,1.22
P-000263,2025-12-01,12,182.0,5.7,1,4,97.5,21.1,2,2.0
P-000264,2025-01-01,1,184.4,14.1,2,4,84.4,29.3,2,1.87
P-000264,2025-02-01,2,194.8,12.4,4,4,85.0,35.6,2,1.92
P-000264,2025-03-01,3,180.1,13.3,2,5,84.7,27.6,2,1.68
P-000264,2025-04-01,4,226.8,34.6,5,6,44.1,69.6,3,3.09
P-000264,2025-05-01,5,229.2,32.1,8,6,44.1,76.8,3,4.06
P-000264,2025-06-01,6,213.3,38.4,6,8,45.9,71.7,3,4.13
P-000264,2025-07-01,7,218.9,20.4,10,10,52.4,72.1,4,3.83
P-000264,2025-08-01,8,217.4,26.6,7,10,45.4,69.5,3,3.41
P-000264,2025-09-01,9,185.6,14.4,1,3,84.2,28.2,2,2.16
P-000264,2025-10-01,10,190.3,3.9,1,5,88.4,26.3,2,2.26
P-000264,2025-11-01,11,185.5,1.5,1,4,89.4,22.6,2,2.19
P-000264,2025-12-01,12,184.7,9.0,4,4,86.4,30.6,2,2.01
P-000265,2025-01-01,1,178.6,2.8,1,5,96.9,18.5,1,1.61
P-000265,2025-02-01,2,221.8,36.1,10,10,47.2,80.7,4,3.82
P-000265,2025-03-01,3,221.6,30.0,4,8,49.0,66.3,4,3.79
P-000265,2025-04-01,4,222.6,32.0,5,8,48.4,68.8,4,3.58
P-000265,2025-05-01,5,222.5,35.0,7,8,47.5,74.8,4,4.09
P-000265,2025-06-01,6,118.5,0.0,0,3,120.0,5.0,1,1.0
P-000265,2025-07-01,7,171.8,3.0,0,6,96.8,14.8,1,1.42
P-000265,2025-08-01,8,172.8,4.6,0,3,96.2,13.4,1,1.23
P-000265,2025-09-01,9,168.5,0.5,3,5,97.8,16.4,1,1.27
P-000265,2025-10-01,10,165.8,6.0,1,4,95.6,13.5,1,1.03
P-000265,2025-11-01,11,170.5,5.9,0,6,95.6,15.4,1,1.28
P-000265,2025-12-01,12,167.2,3.3,1,5,96.7,14.6,1,1.54
P-000266,2025-01-01,1,179.6,9.7,4,4,88.1,27.8,2,1.64
P-000266,2025-02-01,2,174.0,8.0,3,5,88.8,23.9,2,1.61
P-000266,2025-03-01,3,227.7,37.2,4,11,43.8,74.9,3,3.94
P-000266,2025-04-01,4,229.2,31.4,7,10,45.6,78.3,4,4.49
P-000266,2025-05-01,5,225.0,32.2,11,8,45.3,80.9,4,3.82
P-000266,2025-06-01,6,226.2,45.2,11,7,41.4,87.6,4,4.15
P-000266,2025-07-01,7,223.8,40.6,7,11,42.8,79.9,3,3.86
P-000266,2025-08-01,8,222.3,36.3,9,8,44.1,79.4,3,4.19
P-000266,2025-09-01,9,227.4,31.1,7,7,45.7,75.0,4,4.26
P-000266,2025-10-01,10,175.0,8.2,3,5,88.7,25.3,2,1.98
P-000266,2025-11-01,11,180.0,5.3,2,5,89.9,23.7,2,1.89
P-000266,2025-12-01,12,176.7,11.2,0,3,87.5,19.4,2,1.32
P-000267,2025-01-01,1,186.4,2.1,2,4,91.2,23.8,2,1.9
P-000267,2025-02-01,2,182.9,5.8,4,5,89.7,29.5,2,2.36
P-000267,2025-03-01,3,223.9,31.4,6,8,45.6,71.6,3,3.74
P-000267,2025-04-01,4,236.9,36.0,5,7,44.2,76.3,3,3.88
P-000267,2025-05-01,5,231.0,41.3,4,10,42.6,76.8,3,3.77
P-000267,2025-06-01,6,228.8,36.4,9,7,44.1,81.1,4,4.19
P-000267,2025-07-01,7,239.1,32.9,5,9,45.1,77.8,4,4.2
P-000267,2025-08-01,8,232.0,38.5,11,8,43.5,86.9,3,4.06
P-000267,2025-09-01,9,223.9,36.2,4,8,44.1,70.5,3,3.73
P-000267,2025-10-01,10,183.5,10.5,3,4,87.8,27.3,2,1.4
P-000267,2025-11-01,11,174.0,7.0,4,5,89.2,24.7,2,1.42
P-000267,2025-12-01,12,180.9,13.9,1,5,86.4,26.7,2,1.91
P-000268,2025-01-01,1,190.5,4.4,3,6,90.2,29.7,2,2.03
P-000268,2025-02-01,2,176.8,8.9,2,5,88.4,24.0,2,1.73
P-000268,2025-03-01,3,220.8,36.0,6,8,44.2,73.2,4,3.94
P-000268,2025-04-01,4,225.7,43.0,4,13,42.1,78.8,4,4.17
P-000268,2025-05-01,5,226.8,36.5,9,11,44.1,83.7,3,4.41
P-000268,2025-06-01,6,230.0,46.4,6,11,41.1,84.4,3,4.37
P-000268,2025-07-01,7,230.4,38.5,4,9,43.5,76.6,3,4.59
P-000268,2025-08-01,8,234.4,36.1,6,11,44.2,79.8,4,3.86
P-000268,2025-09-01,9,226.1,35.7,8,9,44.3,79.9,4,4.35
P-000268,2025-10-01,10,184.5,11.4,1,7,87.4,27.3,2,1.6
P-000268,2025-11-01,11,179.8,9.1,1,4,88.4,22.7,2,1.67
P-000268,2025-12-01,12,185.1,8.8,2,5,88.5,27.0,2,1.78
P-000269,2025-01-01,1,173.8,3.7,0,6,96.7,16.7,2,1.81
P-000269,2025-02-01,2,171.5,4.4,3,3,92.6,18.6,2,1.26
P-000269,2025-03-01,3,172.8,10.3,3,4,89.8,23.0,2,1.35
P-000269,2025-04-01,4,171.5,7.4,3,4,97.1,21.2,2,1.87
P-000269,2025-05-01,5,165.7,7.3,2,5,94.4,16.5,2,1.0
P-000269,2025-06-01,6,165.8,6.9,0,3,89.7,14.4,2,1.73
P-000269,2025-07-01,7,163.8,1.6,1,5,92.7,12.6,2,1.19
P-000269,2025-08-01,8,162.5,2.6,0,4,91.5,12.2,2,1.86
P-000269,2025-09-01,9,166.3,3.5,2,5,88.1,17.7,2,1.58
P-000269,2025-10-01,10,170.2,6.7,2,4,92.0,18.7,2,1.42
P-000269,2025-11-01,11,172.1,5.6,4,7,89.3,25.6,2,1.78
P-000269,2025-12-01,12,167.8,2.2,2,4,100.0,14.6,2,1.48
P-000270,2025-01-01,1,173.7,8.5,2,4,88.8,22.9,2,2.08
P-000270,2025-02-01,2,176.9,3.9,2,5,90.3,21.8,2,1.81
P-000270,2025-03-01,3,178.3,0.7,2,4,94.1,19.0,2,1.56
P-000270,2025-04-01,4,167.2,4.7,2,4,88.3,18.8,3,1.96
P-000270,2025-05-01,5,171.4,4.7,2,5,91.7,18.6,2,1.27
P-000270,2025-06-01,6,179.9,10.4,2,5,92.4,24.3,2,1.46
P-000270,2025-07-01,7,175.1,11.3,3,4,85.1,26.2,2,1.83
P-000270,2025-08-01,8,178.0,7.1,4,5,88.9,25.3,2,1.08
P-000270,2025-09-01,9,178.3,4.1,2,4,90.6,21.3,2,1.65
P-000270,2025-10-01,10,178.0,9.3,4,5,92.3,25.4,2,1.02
P-000270,2025-11-01,11,169.6,6.4,0,3,90.5,14.1,2,1.2
P-000270,2025-12-01,12,165.3,6.3,2,6,89.3,18.3,2,1.29
P-000271,2025-01-01,1,175.5,12.1,3,5,77.2,30.6,3,2.5
P-000271,2025-02-01,2,179.1,17.2,2,6,75.1,34.3,3,2.89
P-000271,2025-03-01,3,184.6,14.3,5,5,76.3,37.7,3,2.29
P-000271,2025-04-01,4,218.7,47.6,14,10,43.4,92.4,5,4.06
P-000271,2025-05-01,5,224.2,50.7,5,8,44.6,81.1,5,4.88
P-000271,2025-06-01,6,234.3,45.6,13,13,43.6,98.0,5,4.42
P-000271,2025-07-01,7,238.6,53.2,7,13,41.6,93.4,5,4.48
P-000271,2025-08-01,8,237.4,50.7,14,9,34.9,98.0,5,4.4
P-000271,2025-09-01,9,243.5,52.0,10,16,35.7,98.0,5,4.44
P-000271,2025-10-01,10,244.4,61.5,6,11,37.2,96.3,5,4.29
P-000271,2025-11-01,11,252.6,47.6,14,10,32.1,98.0,5,4.21
P-000271,2025-12-01,12,251.9,46.3,11,7,30.3,98.0,5,4.77
P-000272,2025-01-01,1,187.0,10.5,1,6,77.8,31.4,3,2.59
P-000272,2025-02-01,2,181.4,14.8,3,7,76.1,35.9,3,2.72
P-000272,2025-03-01,3,174.7,12.6,3,6,77.0,31.2,3,2.5
P-000272,2025-04-01,4,235.8,37.4,6,9,46.2,81.8,5,4.92
P-000272,2025-05-01,5,240.0,44.7,5,11,39.7,86.6,5,4.68
P-000272,2025-06-01,6,238.9,43.8,12,12,42.6,97.2,5,4.53
P-000272,2025-07-01,7,248.4,41.3,7,12,46.3,91.0,5,4.76
P-000272,2025-08-01,8,246.6,50.1,14,10,38.3,98.0,5,4.16
P-000272,2025-09-01,9,249.4,44.3,14,9,38.0,98.0,5,4.6
P-000272,2025-10-01,10,262.9,50.7,6,12,37.0,98.0,5,4.88
P-000272,2025-11-01,11,252.1,57.6,10,11,40.3,98.0,5,4.98
P-000272,2025-12-01,12,263.1,49.5,12,10,35.4,98.0,5,4.38
P-000273,2025-01-01,1,199.6,8.5,2,5,78.6,37.3,3,3.19
P-000273,2025-02-01,2,195.4,20.4,2,6,73.8,41.1,3,2.66
P-000273,2025-03-01,3,199.1,11.5,2,4,77.4,36.6,3,2.62
P-000273,2025-04-01,4,240.4,42.8,11,12,49.7,93.0,5,4.03
P-000273,2025-05-01,5,243.4,39.7,9,10,48.5,88.9,5,4.25
P-000273,2025-06-01,6,246.4,44.5,10,12,44.4,96.3,5,4.48
P-000273,2025-07-01,7,251.0,51.4,5,10,40.2,92.4,5,4.68
P-000273,2025-08-01,8,250.0,54.1,14,8,42.6,98.0,5,4.48
P-000273,2025-09-01,9,258.6,56.0,7,14,35.0,98.0,5,4.58
P-000273,2025-10-01,10,269.4,52.8,10,9,33.6,98.0,5,4.67
P-000273,2025-11-01,11,268.5,53.2,7,9,32.6,98.0,5,4.44
P-000273,2025-12-01,12,266.5,56.6,9,8,37.8,98.0,5,4.8
P-000274,2025-01-01,1,168.4,0.2,1,4,97.9,11.8,1,1.13
P-000274,2025-02-01,2,212.1,37.7,10,7,46.7,74.9,4,3.35
P-000274,2025-03-01,3,214.4,27.2,5,12,49.8,67.1,4,3.92
P-000274,2025-04-01,4,221.7,24.8,10,8,50.5,74.4,4,3.97
P-000274,2025-05-01,5,216.9,27.5,8,11,49.7,72.2,4,3.79
P-000274,2025-06-01,6,116.5,0.0,0,3,120.0,5.0,1,1.0
P-000274,2025-07-01,7,163.5,6.7,0,5,95.3,12.6,1,1.27
P-000274,2025-08-01,8,170.6,3.5,2,5,96.6,16.4,1,1.07
P-000274,2025-09-01,9,171.7,8.4,0,5,94.6,16.1,1,1.18
P-000274,2025-10-01,10,169.6,4.6,0,4,96.2,13.6,1,1.46
P-000274,2025-11-01,11,162.3,6.9,2,5,95.2,15.8,1,1.33
P-000274,2025-12-01,12,172.0,6.9,1,5,95.2,17.3,1,1.24
P-000275,2025-01-01,1,182.3,10.7,1,5,85.7,25.9,2,1.89
P-000275,2025-02-01,2,171.2,6.6,1,3,87.4,18.9,2,1.98
P-000275,2025-03-01,3,175.8,4.0,1,4,88.4,19.7,2,1.87
P-000275,2025-04-01,4,206.8,18.1,10,10,48.7,68.8,3,4.26
P-000275,2025-05-01,5,207.8,24.2,7,10,52.0,64.4,3,3.62
P-000275,2025-06-01,6,204.3,28.9,5,9,40.0,64.0,4,3.85
P-000275,2025-07-01,7,198.0,31.1,4,9,41.5,60.4,4,3.71
P-000275,2025-08-01,8,217.5,41.8,4,10,40.0,72.0,3,3.46
P-000275,2025-09-01,9,169.0,7.5,3,4,87.0,20.6,2,1.18
P-000275,2025-10-01,10,176.9,16.3,4,4,83.5,32.2,2,2.33
P-000275,2025-11-01,11,178.2,12.5,2,5,85.0,27.2,2,1.97
P-000275,2025-12-01,12,174.6,7.1,3,4,87.1,23.2,2,1.53
P-000276,2025-01-01,1,181.6,7.2,4,4,87.1,28.7,2,2.04
P-000276,2025-02-01,2,175.6,13.3,1,4,84.7,24.5,2,2.03
P-000276,2025-03-01,3,183.2,9.3,3,4,86.3,28.1,2,1.86
P-000276,2025-04-01,4,225.7,31.0,5,11,51.8,70.4,3,3.43
P-000276,2025-05-01,5,218.5,40.4,9,10,40.0,84.0,4,5.0
P-000276,2025-06-01,6,218.8,30.1,6,6,47.0,65.6,3,2.9
P-000276,2025-07-01,7,211.1,30.2,4,9,46.4,63.0,3,3.41
P-000276,2025-08-01,8,210.8,34.8,6,11,48.5,70.7,3,4.06
P-000276,2025-09-01,9,186.3,13.7,2,5,84.5,29.9,2,1.66
P-000276,2025-10-01,10,178.3,13.1,1,4,84.7,24.6,2,1.69
P-000276,2025-11-01,11,187.6,5.2,1,6,87.9,26.0,2,2.0
P-000276,2025-12-01,12,182.0,7.4,3,6,87.0,28.0,2,1.82
P-000277,2025-01-01,1,194.8,18.9,4,6,74.4,41.1,3,1.73
P-000277,2025-02-01,2,186.1,12.0,3,6,77.2,35.7,3,2.8
P-000277,2025-03-01,3,193.6,25.0,2,7,72.0,42.2,3,2.21
P-000277,2025-04-01,4,228.9,44.8,5,13,44.4,82.1,5,4.27
P-000277,2025-05-01,5,241.3,37.6,5,8,45.4,80.8,5,4.62
P-000277,2025-06-01,6,237.7,44.7,11,9,41.3,93.0,5,4.23
P-000277,2025-07-01,7,249.7,47.9,8,10,39.4,95.0,5,4.42
P-000277,2025-08-01,8,257.9,51.3,8,11,43.4,98.0,5,4.38
P-000277,2025-09-01,9,262.8,59.8,12,11,30.7,98.0,5,3.98
P-000277,2025-10-01,10,263.3,49.3,8,13,29.8,98.0,5,4.48
P-000277,2025-11-01,11,260.5,47.4,12,9,34.1,98.0,5,4.41
P-000277,2025-12-01,12,263.6,53.0,14,11,34.7,98.0,5,4.56
P-000278,2025-01-01,1,194.9,14.9,2,3,84.0,32.5,2,1.8
P-000278,2025-02-01,2,184.8,13.0,3,3,84.8,30.2,2,1.99
P-000278,2025-03-01,3,190.4,12.1,3,6,85.1,32.4,2,1.45
P-000278,2025-04-01,4,218.7,30.7,8,7,47.2,71.4,4,3.55
P-000278,2025-05-01,5,232.5,33.5,6,8,50.6,73.7,3,3.41
P-000278,2025-06-01,6,216.1,26.9,4,8,51.4,61.8,4,3.44
P-000278,2025-07-01,7,217.1,24.6,7,6,51.0,67.1,4,4.3
P-000278,2025-08-01,8,230.9,28.7,5,10,54.7,70.7,4,3.65
P-000278,2025-09-01,9,175.8,5.0,4,4,88.0,24.9,2,1.8
P-000278,2025-10-01,10,180.3,12.2,1,6,85.1,26.1,2,1.66
P-000278,2025-11-01,11,191.1,5.8,1,5,87.7,25.9,2,1.59
P-000278,2025-12-01,12,186.5,14.3,2,5,84.3,29.8,2,1.46
P-000279,2025-01-01,1,169.8,4.5,2,5,90.2,19.2,2,1.65
P-000279,2025-02-01,2,177.2,7.0,2,3,89.2,22.0,2,1.8
P-000279,2025-03-01,3,216.5,33.0,8,9,45.1,74.2,4,3.92
P-000279,2025-04-01,4,230.4,31.9,10,9,45.4,82.3,4,4.08
P-000279,2025-05-01,5,211.5,34.9,11,8,44.5,76.9,4,3.59
P-000279,2025-06-01,6,214.3,38.2,10,9,43.5,79.1,4,3.86
P-000279,2025-07-01,7,219.2,40.0,8,8,43.0,78.0,3,4.01
P-000279,2025-08-01,8,207.7,44.0,4,8,41.8,69.4,4,4.09
P-000279,2025-09-01,9,207.7,34.5,7,12,44.7,73.3,3,4.36
P-000279,2025-10-01,10,172.6,11.3,1,5,87.5,22.2,2,1.8
P-000279,2025-11-01,11,173.7,9.0,4,4,88.4,26.6,2,2.12
P-000279,2025-12-01,12,169.9,5.6,2,4,89.8,20.0,2,2.03
P-000280,2025-01-01,1,186.3,14.7,2,6,76.1,35.3,3,2.77
P-000280,2025-02-01,2,179.2,8.7,3,4,78.5,30.0,3,2.68
P-000280,2025-03-01,3,182.4,14.2,5,6,76.3,37.8,3,2.41
P-000280,2025-04-01,4,233.9,46.2,7,12,41.9,89.4,5,5.0
P-000280,2025-05-01,5,233.4,51.3,8,12,42.7,91.3,5,4.33
P-000280,2025-06-01,6,240.2,57.4,12,14,44.0,98.0,5,4.6
P-000280,2025-07-01,7,238.3,53.5,9,8,40.6,92.5,5,4.03
P-000280,2025-08-01,8,251.1,36.0,7,9,38.6,88.9,5,4.62
P-000280,2025-09-01,9,250.3,42.8,10,11,39.9,98.0,5,4.88
P-000280,2025-10-01,10,251.5,43.6,14,8,38.7,98.0,5,4.39
P-000280,2025-11-01,11,260.0,65.0,7,10,41.5,98.0,5,4.28
P-000280,2025-12-01,12,262.2,61.2,12,13,35.1,98.0,5,4.59
P-000281,2025-01-01,1,176.4,4.6,1,5,96.2,17.4,1,1.12
P-000281,2025-02-01,2,217.3,37.3,10,6,46.8,77.9,4,4.16
P-000281,2025-03-01,3,211.7,46.9,4,6,43.9,69.3,4,3.69
P-000281,2025-04-01,4,213.5,43.4,9,6,45.0,77.1,4,3.88
P-000281,2025-05-01,5,212.6,31.0,5,9,48.7,66.1,4,3.82
P-000281,2025-06-01,6,119.3,0.0,0,3,120.0,5.0,1,1.0
P-000281,2025-07-01,7,180.0,3.8,1,5,96.5,18.8,1,1.31
P-000281,2025-08-01,8,174.3,8.9,0,4,94.5,16.9,1,1.29
P-000281,2025-09-01,9,175.4,2.8,1,4,96.9,15.3,1,1.04
P-000281,2025-10-01,10,169.7,2.8,0,5,96.9,12.3,1,1.03
P-000281,2025-11-01,11,171.0,7.7,0,4,94.9,14.8,1,1.16
P-000281,2025-12-01,12,166.5,3.7,1,4,96.5,13.4,1,1.35
P-000282,2025-01-01,1,179.8,0.1,0,5,97.9,16.3,2,1.73
P-000282,2025-02-01,2,180.1,3.5,1,3,92.2,18.2,2,1.35
P-000282,2025-03-01,3,184.7,8.3,1,3,92.9,20.8,2,1.0
P-000282,2025-04-01,4,181.3,1.4,0,5,94.1,18.4,2,1.86
P-000282,2025-05-01,5,183.1,6.8,1,4,93.3,22.0,2,1.69
P-000282,2025-06-01,6,183.0,7.5,1,5,90.1,23.0,2,1.48
P-000282,2025-07-01,7,184.4,5.0,0,4,92.4,19.2,2,1.28
P-000282,2025-08-01,8,180.3,8.6,2,4,91.9,24.0,2,1.8
P-000282,2025-09-01,9,181.0,1.5,1,3,92.1,18.1,2,1.5
P-000282,2025-10-01,10,183.8,6.5,3,5,92.4,25.6,2,1.43
P-000282,2025-11-01,11,174.8,2.6,1,4,96.3,15.5,2,1.2
P-000282,2025-12-01,12,183.9,6.3,4,6,92.8,28.9,2,1.86
P-000283,2025-01-01,1,179.4,3.0,1,7,95.8,19.9,2,1.42
P-000283,2025-02-01,2,180.4,5.2,0,5,94.8,18.0,2,1.24
P-000283,2025-03-01,3,176.5,5.6,2,6,91.3,21.5,2,1.27
P-000283,2025-04-01,4,178.8,7.6,4,4,90.3,26.3,3,1.64
P-000283,2025-05-01,5,180.5,2.6,2,6,91.9,22.0,2,1.45
P-000283,2025-06-01,6,166.9,11.2,2,4,84.9,20.5,2,1.33
P-000283,2025-07-01,7,174.2,4.8,1,3,93.9,17.1,2,1.66
P-000283,2025-08-01,8,181.7,3.8,2,3,91.4,22.1,2,1.87
P-000283,2025-09-01,9,176.9,7.0,1,3,93.9,18.9,2,1.59
P-000283,2025-10-01,10,184.3,4.8,2,4,93.6,22.5,2,1.42
P-000283,2025-11-01,11,171.2,2.7,2,5,97.2,18.3,2,1.93
P-000283,2025-12-01,12,177.9,5.3,1,3,92.7,18.1,2,1.34
P-000284,2025-01-01,1,179.2,7.3,2,5,97.7,22.1,2,1.59
P-000284,2025-02-01,2,178.6,4.0,1,3,98.8,16.9,2,1.42
P-000284,2025-03-01,3,184.2,0.9,0,4,90.4,18.0,2,1.36
P-000284,2025-04-01,4,176.4,5.7,4,3,95.8,23.2,2,1.76
P-000284,2025-05-01,5,176.5,6.1,1,5,92.8,19.8,3,1.57
P-000284,2025-06-01,6,178.6,5.5,2,5,93.8,21.6,2,1.47
P-000284,2025-07-01,7,172.3,2.7,2,6,97.0,17.1,2,1.0
P-000284,2025-08-01,8,173.7,7.0,2,6,90.0,21.7,2,1.43
P-000284,2025-09-01,9,179.7,3.2,2,5,93.2,21.7,2,1.7
P-000284,2025-10-01,10,175.4,3.3,2,5,92.5,20.1,2,1.59
P-000284,2025-11-01,11,182.4,5.1,3,6,97.4,25.5,2,1.91
P-000284,2025-12-01,12,186.4,5.8,1,6,90.1,24.6,2,1.68
P-000285,2025-01-01,1,187.9,4.5,2,4,88.2,26.6,2,2.19
P-000285,2025-02-01,2,179.5,9.4,3,6,86.2,28.4,2,1.93
P-000285,2025-03-01,3,185.8,8.7,1,4,86.5,26.1,2,2.13
P-000285,2025-04-01,4,224.7,39.0,6,6,51.6,70.9,3,3.07
P-000285,2025-05-01,5,199.8,40.5,4,8,48.6,63.5,4,3.93
P-000285,2025-06-01,6,211.8,30.0,5,11,45.1,66.1,3,3.31
P-000285,2025-07-01,7,221.9,22.5,4,6,51.9,60.9,3,3.57
P-000285,2025-08-01,8,213.4,25.0,10,8,43.8,71.9,4,3.58
P-000285,2025-09-01,9,184.7,14.9,1,4,84.1,27.2,2,1.53
P-000285,2025-10-01,10,184.5,10.8,2,4,85.7,26.9,2,1.56
P-000285,2025-11-01,11,180.9,6.0,2,4,87.6,23.4,2,1.59
P-000285,2025-12-01,12,185.1,3.2,4,4,88.7,26.4,2,1.41
P-000286,2025-01-01,1,170.3,1.8,1,6,93.9,16.2,2,1.51
P-000286,2025-02-01,2,175.3,7.2,1,4,95.5,18.3,2,1.41
P-000286,2025-03-01,3,171.7,14.1,1,4,84.3,22.5,2,1.61
P-000286,2025-04-01,4,172.3,11.6,3,4,85.8,24.8,3,1.64
P-000286,2025-05-01,5,175.2,2.0,2,4,92.3,17.4,2,1.0
P-000286,2025-06-01,6,175.2,7.1,4,3,91.6,24.5,2,1.91
P-000286,2025-07-01,7,168.1,8.2,1,5,92.8,18.0,2,1.65
P-000286,2025-08-01,8,165.9,6.5,2,5,93.7,17.8,2,1.57
P-000286,2025-09-01,9,170.4,3.6,2,3,94.5,16.1,2,1.35
P-000286,2025-10-01,10,171.6,5.8,0,5,91.3,15.9,2,1.3
P-000286,2025-11-01,11,171.6,3.3,3,6,92.8,20.8,2,1.5
P-000286,2025-12-01,12,165.4,5.4,0,5,90.4,14.2,2,1.47
P-000287,2025-01-01,1,181.6,8.3,2,7,94.8,24.9,2,1.47
P-000287,2025-02-01,2,171.1,4.2,2,3,94.0,15.8,2,1.0
P-000287,2025-03-01,3,178.5,2.6,2,5,92.9,20.2,2,1.35
P-000287,2025-04-01,4,172.3,6.2,1,4,91.0,18.5,2,1.74
P-000287,2025-05-01,5,177.1,2.5,4,5,90.6,24.0,3,1.61
P-000287,2025-06-01,6,177.0,6.3,4,3,94.2,23.3,2,1.49
P-000287,2025-07-01,7,169.7,2.7,1,4,97.3,15.8,2,2.07
P-000287,2025-08-01,8,182.1,4.3,3,4,91.9,24.0,2,1.59
P-000287,2025-09-01,9,177.3,9.6,2,6,94.4,24.5,2,1.93
P-000287,2025-10-01,10,182.1,8.9,1,4,88.8,23.9,2,1.91
P-000287,2025-11-01,11,172.3,4.1,3,5,93.1,20.1,2,1.28
P-000287,2025-12-01,12,181.5,12.5,2,5,91.0,26.7,2,1.75
P-000288,2025-01-01,1,182.1,9.9,1,6,86.0,26.8,2,2.15
P-000288,2025-02-01,2,172.5,11.0,3,5,85.6,24.9,2,1.45
P-000288,2025-03-01,3,173.2,10.8,1,3,85.7,21.3,2,1.82
P-000288,2025-04-01,4,197.5,24.8,10,6,52.2,64.1,3,3.89
P-000288,2025-05-01,5,201.9,29.6,4,7,46.2,57.5,3,3.12
P-000288,2025-06-01,6,210.4,38.8,10,10,49.0,76.3,3,3.37
P-000288,2025-07-01,7,212.3,32.8,7,11,43.2,71.4,3,3.4
P-000288,2025-08-01,8,219.2,29.6,10,7,53.4,73.5,3,3.67
P-000288,2025-09-01,9,173.2,11.6,4,5,85.4,28.7,2,2.11
P-000288,2025-10-01,10,183.0,12.4,2,4,85.0,28.1,2,1.92
P-000288,2025-11-01,11,180.3,14.3,2,5,84.3,29.2,2,2.11
P-000288,2025-12-01,12,175.2,13.2,1,3,84.7,23.0,2,1.75
P-000289,2025-01-01,1,179.1,2.4,3,4,92.1,22.1,2,1.6
P-000289,2025-02-01,2,178.5,6.5,4,6,87.7,27.4,2,1.59
P-000289,2025-03-01,3,182.5,4.6,2,4,94.7,21.5,2,1.4
P-000289,2025-04-01,4,179.9,2.5,2,5,96.3,21.7,2,2.04
P-000289,2025-05-01,5,176.2,9.8,2,4,89.2,22.2,2,1.25
P-000289,2025-06-01,6,175.3,7.2,2,5,90.3,20.7,2,1.06
P-000289,2025-07-01,7,174.5,5.2,2,7,95.7,19.8,2,1.0
P-000289,2025-08-01,8,171.9,1.4,3,4,95.3,18.0,2,1.4
P-000289,2025-09-01,9,174.5,3.5,3,5,93.7,21.4,2,1.63
P-000289,2025-10-01,10,180.5,8.9,1,3,91.6,19.9,2,1.0
P-000289,2025-11-01,11,176.3,3.4,1,5,93.3,18.2,2,1.44
P-000289,2025-12-01,12,174.5,4.7,2,5,95.3,18.9,2,1.21
P-000290,2025-01-01,1,182.3,6.0,1,4,87.6,21.0,2,1.11
P-000290,2025-02-01,2,180.2,16.7,4,5,83.3,34.2,2,2.32
P-000290,2025-03-01,3,181.9,10.4,3,5,85.8,29.6,2,2.16
P-000290,2025-04-01,4,231.1,26.2,6,6,49.7,69.0,3,3.4
P-000290,2025-05-01,5,224.7,31.9,5,8,40.0,70.6,3,3.41
P-000290,2025-06-01,6,221.8,34.0,4,10,44.4,70.1,3,3.74
P-000290,2025-07-01,7,213.1,38.1,4,9,41.9,68.9,4,3.83
P-000290,2025-08-01,8,221.2,18.0,4,8,49.0,61.1,4,3.74
P-000290,2025-09-01,9,183.3,11.5,4,4,85.4,29.9,2,1.47
P-000290,2025-10-01,10,174.4,11.1,4,3,85.5,26.6,2,1.72
P-000290,2025-11-01,11,184.8,11.5,1,5,85.4,27.4,2,1.99
P-000290,2025-12-01,12,180.7,8.2,1,4,86.7,22.5,2,1.5
P-000291,2025-01-01,1,185.6,4.3,2,4,94.2,24.9,2,2.32
P-000291,2025-02-01,2,186.9,2.1,2,5,95.1,23.0,2,1.54
P-000291,2025-03-01,3,181.5,5.5,1,5,88.0,21.1,2,1.12
P-000291,2025-04-01,4,191.4,4.3,1,3,88.5,23.0,2,1.28
P-000291,2025-05-01,5,183.6,0.8,2,6,85.2,23.8,2,1.51
P-000291,2025-06-01,6,181.0,10.2,4,4,92.1,28.2,2,1.82
P-000291,2025-07-01,7,185.4,4.9,2,3,93.2,21.4,2,1.04
P-000291,2025-08-01,8,185.4,5.9,3,4,93.1,26.2,2,1.87
P-000291,2025-09-01,9,183.1,2.9,2,4,94.8,21.8,2,1.72
P-000291,2025-10-01,10,186.9,5.2,4,5,83.8,30.5,2,1.85
P-000291,2025-11-01,11,185.3,2.2,1,4,98.3,19.9,2,1.68
P-000291,2025-12-01,12,185.5,3.7,1,6,97.9,21.4,2,1.45
P-000292,2025-01-01,1,180.8,4.6,2,6,97.9,22.2,2,1.6
P-000292,2025-02-01,2,179.5,7.6,4,6,96.1,28.1,2,2.16
P-000292,2025-03-01,3,183.3,4.7,4,4,92.1,25.0,2,1.12
P-000292,2025-04-01,4,179.8,10.2,4,6,86.2,29.9,2,1.68
P-000292,2025-05-01,5,184.3,3.2,1,5,95.6,20.5,2,1.43
P-000292,2025-06-01,6,179.6,6.7,4,3,89.0,26.8,2,2.06
P-000292,2025-07-01,7,178.5,6.7,4,5,89.6,26.2,2,1.47
P-000292,2025-08-01,8,174.9,1.6,0,6,97.7,17.5,2,2.38
P-000292,2025-09-01,9,177.9,4.7,2,6,87.4,22.1,2,1.17
P-000292,2025-10-01,10,190.2,7.3,2,5,86.1,27.7,2,1.43
P-000292,2025-11-01,11,178.7,6.5,4,4,89.7,25.5,2,1.51
P-000292,2025-12-01,12,181.0,9.1,1,7,88.9,24.2,2,1.37
P-000293,2025-01-01,1,183.6,22.3,2,5,73.1,37.0,3,2.58
P-000293,2025-02-01,2,185.9,12.4,2,6,77.0,31.9,3,1.92
P-000293,2025-03-01,3,178.6,13.9,2,6,76.4,30.3,3,2.01
P-000293,2025-04-01,4,223.0,41.8,12,12,39.6,92.0,5,4.78
P-000293,2025-05-01,5,222.7,57.6,8,9,37.3,88.6,5,4.14
P-000293,2025-06-01,6,218.9,37.3,11,16,42.4,89.5,5,4.9
P-000293,2025-07-01,7,235.8,43.0,8,10,37.8,87.9,5,4.24
P-000293,2025-08-01,8,246.1,45.6,11,11,42.8,98.0,5,4.54
P-000293,2025-09-01,9,254.4,46.8,14,14,39.5,98.0,5,4.12
P-000293,2025-10-01,10,248.3,52.1,11,11,39.8,98.0,5,4.2
P-000293,2025-11-01,11,243.7,53.7,11,13,36.8,98.0,5,4.36
P-000293,2025-12-01,12,256.7,51.5,9,12,38.8,98.0,5,4.55
P-000294,2025-01-01,1,172.5,8.7,1,4,89.3,20.4,2,1.93
P-000294,2025-02-01,2,172.4,2.0,1,5,91.1,16.9,2,1.54
P-000294,2025-03-01,3,174.0,4.0,3,5,92.9,20.5,2,1.22
P-000294,2025-04-01,4,179.0,7.7,2,6,91.5,24.3,2,1.71
P-000294,2025-05-01,5,172.3,12.6,2,3,88.7,22.2,3,1.57
P-000294,2025-06-01,6,171.8,5.9,2,4,96.8,16.9,2,1.0
P-000294,2025-07-01,7,174.0,6.1,3,3,98.0,19.4,2,1.33
P-000294,2025-08-01,8,169.4,4.2,0,5,91.5,15.4,2,1.7
P-000294,2025-09-01,9,171.5,7.0,0,4,89.3,15.4,2,1.0
P-000294,2025-10-01,10,169.2,8.1,1,4,87.9,18.6,2,1.65
P-000294,2025-11-01,11,170.2,6.0,2,6,90.0,21.3,2,1.9
P-000294,2025-12-01,12,174.3,2.6,2,3,91.9,18.4,2,1.68
P-000295,2025-01-01,1,171.5,10.0,4,5,94.5,24.3,2,1.54
P-000295,2025-02-01,2,174.7,10.6,1,5,86.0,22.7,2,1.69
P-000295,2025-03-01,3,178.0,7.0,1,3,98.3,18.8,2,1.75
P-000295,2025-04-01,4,182.1,4.6,1,6,92.0,20.9,2,1.14
P-000295,2025-05-01,5,187.3,3.6,4,5,93.1,26.7,3,1.22
P-000295,2025-06-01,6,179.0,5.8,3,5,89.3,25.3,2,1.85
P-000295,2025-07-01,7,184.6,13.4,4,6,88.1,32.6,2,1.69
P-000295,2025-08-01,8,174.7,5.0,2,5,95.2,18.8,2,1.11
P-000295,2025-09-01,9,176.6,4.4,4,7,91.0,26.2,2,1.71
P-000295,2025-10-01,10,174.3,6.7,0,4,91.2,16.2,2,1.15
P-000295,2025-11-01,11,178.7,4.1,3,5,97.0,22.1,2,1.49
P-000295,2025-12-01,12,173.0,5.1,1,6,92.1,18.6,2,1.41
P-000296,2025-01-01,1,180.0,5.5,1,3,87.8,20.5,2,1.62
P-000296,2025-02-01,2,176.7,12.8,2,5,84.9,27.9,2,2.39
P-000296,2025-03-01,3,183.3,13.9,2,4,84.4,27.9,2,1.51
P-000296,2025-04-01,4,218.3,35.0,8,6,45.4,72.3,3,3.39
P-000296,2025-05-01,5,219.9,31.0,6,7,53.0,66.6,3,3.2
P-000296,2025-06-01,6,221.1,37.1,4,9,46.7,70.4,4,3.88
P-000296,2025-07-01,7,215.8,33.5,4,12,44.5,70.8,3,4.41
P-000296,2025-08-01,8,207.9,29.2,5,9,52.9,60.7,4,2.95
P-000296,2025-09-01,9,185.2,11.9,3,4,85.2,29.1,2,1.45
P-000296,2025-10-01,10,182.8,5.4,1,7,87.8,23.7,2,1.46
P-000296,2025-11-01,11,179.1,14.5,1,6,84.2,27.8,2,2.06
P-000296,2025-12-01,12,179.9,4.8,4,5,88.1,26.0,2,1.42
P-000297,2025-01-01,1,167.8,9.0,1,4,88.4,18.5,2,1.7
P-000297,2025-02-01,2,167.8,12.3,4,4,87.1,25.2,2,1.74
P-000297,2025-03-01,3,219.8,35.4,10,7,44.4,79.9,3,4.49
P-000297,2025-04-01,4,223.1,38.0,6,11,43.6,78.2,3,4.45
P-000297,2025-05-01,5,215.1,33.3,7,12,45.0,74.5,4,4.06
P-000297,2025-06-01,6,230.8,38.9,10,11,43.3,86.9,4,4.03
P-000297,2025-07-01,7,217.1,38.7,8,7,43.4,75.3,4,3.75
P-000297,2025-08-01,8,223.3,41.6,5,10,42.5,76.9,3,4.14
P-000297,2025-09-01,9,228.9,31.7,7,10,45.5,78.4,4,4.51
P-000297,2025-10-01,10,175.5,5.9,0,3,89.6,18.9,2,2.35
P-000297,2025-11-01,11,174.7,11.0,2,5,87.6,24.4,2,1.78
P-000297,2025-12-01,12,182.3,7.2,1,6,89.1,24.2,2,1.76
P-000298,2025-01-01,1,185.2,2.3,2,4,95.5,21.5,2,1.44
P-000298,2025-02-01,2,184.5,8.1,1,6,86.6,24.4,2,1.21
P-000298,2025-03-01,3,182.9,4.1,1,5,94.9,21.8,2,1.93
P-000298,2025-04-01,4,186.3,6.4,1,4,90.8,23.7,3,1.81
P-000298,2025-05-01,5,179.1,8.9,1,6,93.9,23.3,2,1.95
P-000298,2025-06-01,6,182.9,7.4,0,5,92.7,20.4,2,1.36
P-000298,2025-07-01,7,191.6,2.2,2,4,94.8,24.3,2,1.67
P-000298,2025-08-01,8,187.7,8.3,4,5,90.6,30.2,2,1.6
P-000298,2025-09-01,9,179.9,7.4,3,6,94.4,25.0,2,1.45
P-000298,2025-10-01,10,181.6,2.9,3,4,91.5,22.2,2,1.19
P-000298,2025-11-01,11,186.8,3.3,1,4,96.2,20.6,2,1.44
P-000298,2025-12-01,12,189.3,5.2,3,3,94.6,25.9,2,1.67
P-000299,2025-01-01,1,179.2,8.7,2,3,86.5,23.6,2,1.68
P-000299,2025-02-01,2,179.3,9.6,1,5,86.2,23.2,2,1.44
P-000299,2025-03-01,3,182.0,6.0,1,6,87.6,23.8,2,1.72
P-000299,2025-04-01,4,208.1,27.0,7,6,40.1,65.9,4,3.85
P-000299,2025-05-01,5,212.6,36.4,4,12,43.6,69.6,3,3.81
P-000299,2025-06-01,6,223.1,46.3,4,10,51.4,75.3,4,4.07
P-000299,2025-07-01,7,216.7,24.8,6,11,53.1,66.1,4,3.45
P-000299,2025-08-01,8,218.1,40.8,5,7,43.0,72.5,3,4.1
P-000299,2025-09-01,9,180.3,16.9,3,4,83.2,29.8,2,1.42
P-000299,2025-10-01,10,180.1,10.2,1,4,85.9,23.4,2,1.57
P-000299,2025-11-01,11,178.1,10.9,4,4,85.7,27.5,2,1.37
P-000299,2025-12-01,12,177.3,14.3,1,5,84.3,24.9,2,1.5
P-000300,2025-01-01,1,181.6,8.0,3,6,91.2,26.6,2,1.53
P-000300,2025-02-01,2,170.9,1.3,2,6,92.9,19.4,2,2.04
P-000300,2025-03-01,3,170.6,7.8,4,3,93.2,21.3,2,1.26
P-000300,2025-04-01,4,175.9,0.0,0,3,96.8,14.0,2,1.83
P-000300,2025-05-01,5,184.2,0.0,0,6,93.9,17.7,3,1.15
P-000300,2025-06-01,6,174.1,10.3,1,6,91.8,21.3,2,1.47
P-000300,2025-07-01,7,179.6,4.0,3,4,94.3,22.3,2,1.51
P-000300,2025-08-01,8,179.3,2.2,3,5,90.9,21.8,2,1.14
P-000300,2025-09-01,9,184.4,2.9,0,5,94.0,19.3,2,1.54
P-000300,2025-10-01,10,178.2,5.6,3,4,92.4,22.5,2,1.39
P-000300,2025-11-01,11,177.9,4.5,0,4,95.2,16.0,2,1.21
P-000300,2025-12-01,12,182.6,5.3,1,5,90.5,21.7,2,1.45
P-000301,2025-01-01,1,184.7,4.4,0,6,90.3,21.1,2,1.42
P-000301,2025-02-01,2,177.9,0.5,1,4,96.3,15.8,2,1.22
P-000301,2025-03-01,3,178.9,1.0,0,4,91.4,15.8,2,1.27
P-000301,2025-04-01,4,177.4,4.7,4,3,96.6,22.6,3,1.59
P-000301,2025-05-01,5,185.7,6.3,2,5,87.7,24.4,2,1.03
P-000301,2025-06-01,6,181.3,2.6,2,6,92.8,21.8,2,1.31
P-000301,2025-07-01,7,178.0,4.9,0,7,95.2,19.1,2,1.56
P-000301,2025-08-01,8,178.3,9.4,2,3,89.4,21.7,2,1.11
P-000301,2025-09-01,9,183.6,3.2,0,5,91.8,20.9,2,2.1
P-000301,2025-10-01,10,177.9,5.1,1,5,92.6,19.4,2,1.36
P-000301,2025-11-01,11,185.8,3.0,4,5,93.7,26.4,2,1.48
P-000301,2025-12-01,12,175.8,9.9,1,6,86.9,22.2,2,1.29
P-000302,2025-01-01,1,178.5,16.8,3,4,83.3,30.8,2,2.08
P-000302,2025-02-01,2,180.6,1.9,3,4,89.2,24.2,2,2.09
P-000302,2025-03-01,3,174.0,9.1,3,5,86.3,25.9,2,2.01
P-000302,2025-04-01,4,207.2,29.5,10,7,45.6,69.9,4,3.3
P-000302,2025-05-01,5,210.6,34.2,7,6,53.8,68.7,3,4.45
P-000302,2025-06-01,6,214.0,39.4,4,10,41.8,70.7,4,3.96
P-000302,2025-07-01,7,200.7,19.5,4,7,54.5,50.7,4,2.89
P-000302,2025-08-01,8,212.0,38.9,4,7,40.0,68.6,3,4.16
P-000302,2025-09-01,9,180.0,4.8,3,4,88.1,25.2,2,2.01
P-000302,2025-10-01,10,174.1,14.2,1,5,84.3,25.4,2,2.14
P-000302,2025-11-01,11,177.4,6.6,3,5,87.4,24.8,2,1.6
P-000302,2025-12-01,12,176.0,14.2,1,3,84.3,24.3,2,1.96
P-000303,2025-01-01,1,178.9,11.1,2,5,85.6,24.9,2,1.22
P-000303,2025-02-01,2,175.1,7.3,1,3,87.1,21.1,2,2.18
P-000303,2025-03-01,3,172.7,9.6,1,4,86.2,21.4,2,1.9
P-000303,2025-04-01,4,216.1,34.3,6,11,58.1,68.4,3,3.2
P-000303,2025-05-01,5,201.5,29.6,4,10,47.3,62.8,4,4.6
P-000303,2025-06-01,6,211.9,38.3,6,10,48.0,71.9,4,4.03
P-000303,2025-07-01,7,201.9,35.4,10,6,41.4,71.6,3,3.72
P-000303,2025-08-01,8,212.9,33.4,9,11,42.0,76.2,3,3.72
P-000303,2025-09-01,9,174.6,8.7,4,4,86.5,25.9,2,1.65
P-000303,2025-10-01,10,181.3,15.5,1,5,83.8,29.0,2,2.33
P-000303,2025-11-01,11,175.5,12.0,3,3,85.2,26.4,2,1.99
P-000303,2025-12-01,12,182.3,8.5,4,5,86.6,30.3,2,2.07
P-000304,2025-01-01,1,191.5,6.6,2,5,87.4,28.8,2,1.89
P-000304,2025-02-01,2,194.9,15.5,1,6,83.8,33.7,2,2.04
P-000304,2025-03-01,3,186.8,6.1,3,3,87.5,26.8,2,1.71
P-000304,2025-04-01,4,220.8,31.0,6,8,47.3,71.4,4,4.29
P-000304,2025-05-01,5,236.5,32.0,6,8,45.2,75.6,4,3.45
P-000304,2025-06-01,6,215.1,29.5,4,9,57.5,61.9,4,3.37
P-000304,2025-07-01,7,226.6,30.6,7,8,45.8,74.8,4,4.12
P-000304,2025-08-01,8,220.2,31.3,5,9,51.4,68.0,4,3.68
P-000304,2025-09-01,9,183.3,12.5,2,5,85.0,30.2,2,2.45
P-000304,2025-10-01,10,187.5,11.1,4,3,85.6,30.1,2,1.26
P-000304,2025-11-01,11,188.7,16.3,1,6,83.5,31.6,2,1.88
P-000304,2025-12-01,12,186.3,7.1,4,3,87.2,29.4,2,1.97
P-000305,2025-01-01,1,177.3,3.9,3,5,90.5,23.3,2,1.68
P-000305,2025-02-01,2,173.6,8.7,2,3,88.5,23.4,2,2.52
P-000305,2025-03-01,3,224.1,29.9,8,13,46.0,78.6,4,4.15
P-000305,2025-04-01,4,223.4,36.5,5,8,44.1,72.3,3,3.78
P-000305,2025-05-01,5,224.1,37.6,8,8,43.7,78.6,4,4.01
P-000305,2025-06-01,6,217.2,43.5,5,8,42.0,74.0,4,4.02
P-000305,2025-07-01,7,219.9,36.3,8,10,44.1,78.0,3,4.08
P-000305,2025-08-01,8,216.9,37.3,8,11,43.8,77.5,4,3.84
P-000305,2025-09-01,9,223.9,46.2,8,9,41.1,83.2,4,3.98
P-000305,2025-10-01,10,176.1,10.3,1,4,87.9,22.3,2,1.84
P-000305,2025-11-01,11,181.8,4.7,1,4,90.1,22.7,2,2.26
P-000305,2025-12-01,12,173.2,7.9,1,6,88.9,20.7,2,1.5
P-000306,2025-01-01,1,173.1,8.6,4,5,88.6,26.3,2,1.89
P-000306,2025-02-01,2,163.6,7.6,3,3,89.0,19.1,2,1.74
P-000306,2025-03-01,3,167.4,6.8,2,4,89.3,19.0,2,1.73
P-000306,2025-04-01,4,170.1,9.3,0,3,88.3,16.2,2,1.32
P-000306,2025-05-01,5,172.8,5.9,3,5,89.6,21.8,2,1.33
P-000306,2025-06-01,6,211.1,20.4,4,6,63.9,52.9,4,3.12
P-000306,2025-07-01,7,197.5,27.8,3,8,61.7,50.8,4,2.95
P-000306,2025-08-01,8,166.9,4.2,0,4,90.3,13.5,2,1.47
P-000306,2025-09-01,9,170.0,7.8,1,4,88.9,17.8,2,1.35
P-000306,2025-10-01,10,166.8,7.1,2,4,89.2,18.5,2,1.56
P-000306,2025-11-01,11,169.0,5.1,4,5,90.0,22.8,2,1.75
P-000306,2025-12-01,12,183.2,5.9,1,4,89.6,20.6,2,1.0
P-000307,2025-01-01,1,186.6,11.5,2,5,85.4,29.5,2,1.89
P-000307,2025-02-01,2,182.9,8.9,4,3,86.5,29.0,2,1.95
P-000307,2025-03-01,3,190.6,10.9,1,5,85.6,28.0,2,1.49
P-000307,2025-04-01,4,219.1,28.8,10,7,51.0,74.9,4,4.19
P-000307,2025-05-01,5,222.4,32.9,4,11,50.2,67.5,4,2.95
P-000307,2025-06-01,6,213.3,35.9,4,9,46.2,65.1,3,2.97
P-000307,2025-07-01,7,231.6,29.3,9,9,50.9,77.7,4,3.6
P-000307,2025-08-01,8,218.4,24.7,4,9,49.2,64.3,4,4.06
P-000307,2025-09-01,9,182.6,13.2,1,5,84.7,27.3,2,1.91
P-000307,2025-10-01,10,188.5,7.9,4,6,86.9,31.0,2,1.35
P-000307,2025-11-01,11,183.5,11.5,1,3,85.4,24.6,2,1.57
P-000307,2025-12-01,12,185.1,7.7,3,4,86.9,26.8,2,1.37
P-000308,2025-01-01,1,194.9,3.6,3,5,87.4,29.9,2,1.7
P-000308,2025-02-01,2,190.6,6.6,2,4,94.8,26.7,2,2.02
P-000308,2025-03-01,3,187.7,4.4,2,4,89.2,24.1,2,1.33
P-000308,2025-04-01,4,182.9,8.2,0,3,90.9,21.0,3,1.82
P-000308,2025-05-01,5,179.4,5.8,1,4,92.7,19.9,2,1.49
P-000308,2025-06-01,6,190.9,7.6,3,4,95.3,27.7,2,1.56
P-000308,2025-07-01,7,193.5,5.5,1,4,87.9,25.4,2,1.42
P-000308,2025-08-01,8,184.2,4.6,2,5,92.3,24.6,2,1.93
P-000308,2025-09-01,9,187.4,3.5,3,5,96.4,25.5,2,1.68
P-000308,2025-10-01,10,185.4,1.9,4,4,95.5,25.1,2,1.59
P-000308,2025-11-01,11,186.2,4.7,0,5,92.8,22.5,2,2.19
P-000308,2025-12-01,12,178.2,11.3,2,5,88.7,23.6,2,1.0
P-000309,2025-01-01,1,199.1,16.5,3,7,75.4,41.1,3,1.99
P-000309,2025-02-01,2,195.4,14.7,1,6,76.1,34.9,3,2.0
P-000309,2025-03-01,3,196.4,18.0,5,7,74.8,45.9,3,2.7
P-000309,2025-04-01,4,246.8,41.0,14,12,45.0,98.0,5,5.0
P-000309,2025-05-01,5,240.9,43.7,5,12,45.6,85.3,5,4.4
P-000309,2025-06-01,6,237.4,41.8,13,10,40.6,96.7,5,4.61
P-000309,2025-07-01,7,250.2,43.8,11,15,42.7,98.0,5,4.42
P-000309,2025-08-01,8,255.6,50.2,12,14,38.8,98.0,5,3.95
P-000309,2025-09-01,9,257.9,61.6,14,10,35.4,98.0,5,4.69
P-000309,2025-10-01,10,265.1,45.2,11,10,33.6,98.0,5,4.52
P-000309,2025-11-01,11,261.3,61.2,14,11,39.3,98.0,5,4.42
P-000309,2025-12-01,12,264.6,56.1,8,10,37.0,98.0,5,3.76
P-000310,2025-01-01,1,174.9,2.9,1,5,93.7,16.3,2,1.0
P-000310,2025-02-01,2,171.5,8.9,2,3,96.5,18.9,2,1.58
P-000310,2025-03-01,3,175.4,2.0,0,5,95.7,15.0,2,1.38
P-000310,2025-04-01,4,165.2,3.9,2,4,92.8,15.7,3,1.47
P-000310,2025-05-01,5,175.8,7.2,3,3,89.7,21.2,2,1.0
P-000310,2025-06-01,6,176.2,5.1,0,5,93.4,17.0,2,1.33
P-000310,2025-07-01,7,179.0,9.3,2,3,91.3,22.3,2,1.42
P-000310,2025-08-01,8,174.6,4.6,0,4,89.2,15.8,2,1.15
P-000310,2025-09-01,9,172.5,9.6,2,4,87.1,22.5,2,1.77
P-000310,2025-10-01,10,179.6,8.2,2,6,87.7,24.6,2,1.37
P-000310,2025-11-01,11,167.7,5.2,2,4,87.7,17.1,2,1.06
P-000310,2025-12-01,12,170.1,2.7,0,4,97.8,13.9,2,1.97
P-000311,2025-01-01,1,181.0,10.7,0,3,82.1,23.7,2,2.11
P-000311,2025-02-01,2,176.0,7.2,2,3,87.3,20.9,2,1.3
P-000311,2025-03-01,3,176.8,3.0,3,5,94.3,21.0,2,1.28
P-000311,2025-04-01,4,175.7,7.2,1,5,87.7,20.3,2,1.28
P-000311,2025-05-01,5,179.0,8.2,0,5,92.3,20.5,2,1.77
P-000311,2025-06-01,6,180.2,5.2,1,6,99.0,20.1,2,1.51
P-000311,2025-07-01,7,177.7,8.6,4,4,91.8,25.9,2,1.6
P-000311,2025-08-01,8,176.0,3.7,1,4,91.5,17.2,2,1.15
P-000311,2025-09-01,9,174.8,5.6,1,4,93.2,17.6,2,1.29
P-000311,2025-10-01,10,179.9,8.8,1,5,90.8,22.2,2,1.44
P-000311,2025-11-01,11,179.3,3.7,1,3,87.6,18.7,2,1.25
P-000311,2025-12-01,12,172.6,10.7,2,4,87.5,22.3,2,1.54
P-000312,2025-01-01,1,176.7,13.6,2,3,87.5,24.3,2,1.55
P-000312,2025-02-01,2,184.8,5.4,1,3,94.3,20.3,2,1.35
P-000312,2025-03-01,3,184.5,4.7,3,3,90.0,25.0,2,1.72
P-000312,2025-04-01,4,183.9,5.3,0,6,96.5,19.8,2,1.31
P-000312,2025-05-01,5,176.7,8.2,1,5,89.5,22.6,2,2.03
P-000312,2025-06-01,6,173.9,6.3,2,3,93.4,19.0,2,1.46
P-000312,2025-07-01,7,186.8,6.7,2,5,95.6,24.8,2,1.58
P-000312,2025-08-01,8,177.1,2.3,2,4,99.1,17.9,2,1.41
P-000312,2025-09-01,9,180.6,8.0,4,4,89.8,26.8,2,1.5
P-000312,2025-10-01,10,182.6,5.3,1,3,91.7,21.1,2,1.78
P-000312,2025-11-01,11,172.3,0.0,2,5,94.2,17.0,2,1.47
P-000312,2025-12-01,12,179.1,8.4,2,4,88.1,24.1,2,1.79
P-000313,2025-01-01,1,175.6,8.9,1,5,89.1,20.9,2,1.39
P-000313,2025-02-01,2,181.7,9.4,2,4,90.1,25.0,2,1.74
P-000313,2025-03-01,3,172.7,6.1,2,4,88.7,21.2,2,1.95
P-000313,2025-04-01,4,178.2,4.0,1,4,91.9,20.0,2,1.93
P-000313,2025-05-01,5,175.9,3.3,1,4,91.6,18.5,2,1.76
P-000313,2025-06-01,6,172.4,11.9,1,3,94.2,19.4,2,1.64
P-000313,2025-07-01,7,171.7,5.4,1,4,94.6,16.6,2,1.47
P-000313,2025-08-01,8,164.2,3.6,1,5,93.3,15.1,2,1.85
P-000313,2025-09-01,9,172.3,9.7,2,4,89.8,20.2,2,1.09
P-000313,2025-10-01,10,170.9,9.3,1,4,85.6,19.5,2,1.39
P-000313,2025-11-01,11,175.6,5.0,1,5,95.4,18.3,2,1.47
P-000313,2025-12-01,12,176.0,4.4,3,5,100.5,20.5,2,1.44
P-000314,2025-01-01,1,178.0,9.8,3,5,88.1,26.2,2,1.58
P-000314,2025-02-01,2,170.4,4.2,2,5,90.3,18.4,2,1.3
P-000314,2025-03-01,3,174.5,8.3,1,5,88.7,21.7,2,1.92
P-000314,2025-04-01,4,167.3,3.7,1,5,90.5,16.6,2,1.81
P-000314,2025-05-01,5,169.4,3.3,3,5,90.7,20.3,2,1.73
P-000314,2025-06-01,6,211.8,18.9,5,7,64.3,53.3,4,2.56
P-000314,2025-07-01,7,206.8,32.7,3,7,60.2,56.1,4,3.07
P-000314,2025-08-01,8,176.7,10.5,3,4,87.8,24.0,2,1.03
P-000314,2025-09-01,9,175.7,4.7,3,5,90.1,22.0,2,1.25
P-000314,2025-10-01,10,165.9,10.0,4,5,88.0,22.2,2,1.0
P-000314,2025-11-01,11,168.0,5.5,3,5,89.8,21.7,2,2.06
P-000314,2025-12-01,12,177.0,13.0,2,5,86.8,26.6,2,1.94
P-000315,2025-01-01,1,201.0,15.3,1,4,75.9,37.2,3,2.53
P-000315,2025-02-01,2,196.3,18.2,3,5,74.7,40.5,3,2.36
P-000315,2025-03-01,3,199.9,13.3,5,7,76.7,45.6,3,2.98
P-000315,2025-04-01,4,243.1,50.8,8,12,50.3,93.9,5,4.7
P-000315,2025-05-01,5,253.2,51.2,11,12,45.3,98.0,5,4.33
P-000315,2025-06-01,6,250.2,54.9,14,11,38.4,98.0,5,4.72
P-000315,2025-07-01,7,262.4,47.8,7,11,40.4,97.7,5,4.18
P-000315,2025-08-01,8,250.0,46.7,10,8,39.3,96.3,5,4.27
P-000315,2025-09-01,9,250.5,50.4,7,8,41.1,92.4,5,4.19
P-000315,2025-10-01,10,263.4,45.6,10,11,35.2,98.0,5,4.34
P-000315,2025-11-01,11,270.3,51.8,7,11,36.7,98.0,5,4.13
P-000315,2025-12-01,12,266.2,63.5,7,10,35.6,98.0,5,4.92
P-000316,2025-01-01,1,187.4,8.0,2,5,88.8,27.5,2,1.82
P-000316,2025-02-01,2,182.5,10.1,0,4,87.9,23.1,2,1.92
P-000316,2025-03-01,3,233.8,46.8,9,14,41.0,91.9,4,3.95
P-000316,2025-04-01,4,226.7,44.7,6,8,41.6,78.5,4,3.61
P-000316,2025-05-01,5,234.1,33.7,7,11,44.9,82.0,4,4.58
P-000316,2025-06-01,6,233.0,39.2,11,12,43.2,89.1,4,3.6
P-000316,2025-07-01,7,233.4,33.3,7,7,45.0,77.7,4,4.09
P-000316,2025-08-01,8,229.9,46.4,6,10,41.1,82.6,4,3.93
P-000316,2025-09-01,9,228.3,42.4,6,11,42.3,81.7,3,4.28
P-000316,2025-10-01,10,187.1,17.0,3,3,85.2,31.8,2,1.67
P-000316,2025-11-01,11,178.8,5.9,2,4,89.6,23.1,2,1.92
P-000316,2025-12-01,12,178.5,9.1,2,4,88.3,24.5,2,1.92
P-000317,2025-01-01,1,171.9,6.5,1,6,90.8,19.2,2,1.46
P-000317,2025-02-01,2,172.2,5.9,4,4,94.8,22.6,2,1.71
P-000317,2025-03-01,3,171.2,6.9,4,5,95.3,23.3,2,1.77
P-000317,2025-04-01,4,172.4,6.1,2,5,95.1,19.8,2,1.63
P-000317,2025-05-01,5,163.6,5.7,1,6,87.6,16.7,2,1.55
P-000317,2025-06-01,6,173.6,0.0,2,6,97.2,16.6,2,1.1
P-000317,2025-07-01,7,171.8,10.1,1,3,88.3,18.2,2,1.11
P-000317,2025-08-01,8,175.4,7.1,1,4,90.7,18.8,2,1.25
P-000317,2025-09-01,9,173.2,6.1,1,5,94.0,18.2,2,1.46
P-000317,2025-10-01,10,169.0,0.0,4,5,96.9,19.4,2,1.76
P-000317,2025-11-01,11,171.6,7.9,1,4,89.4,18.5,2,1.42
P-000317,2025-12-01,12,170.8,8.1,4,5,90.9,23.1,2,1.18
P-000318,2025-01-01,1,173.9,6.7,1,5,93.7,20.0,2,1.96
P-000318,2025-02-01,2,174.4,3.2,1,6,96.3,17.5,2,1.41
P-000318,2025-03-01,3,184.7,2.5,0,3,93.4,18.3,2,1.65
P-000318,2025-04-01,4,179.4,8.8,1,4,89.2,20.6,3,1.0
P-000318,2025-05-01,5,182.4,7.3,1,5,91.5,22.4,2,1.48
P-000318,2025-06-01,6,173.5,7.2,2,5,96.2,19.5,2,1.27
P-000318,2025-07-01,7,176.6,2.4,2,7,92.7,21.8,2,1.76
P-000318,2025-08-01,8,173.1,1.3,3,4,93.5,18.1,2,1.11
P-000318,2025-09-01,9,174.0,13.2,3,4,92.9,23.7,2,1.25
P-000318,2025-10-01,10,173.1,4.6,2,3,99.5,16.2,2,1.21
P-000318,2025-11-01,11,174.9,6.1,3,6,90.6,22.3,2,1.0
P-000318,2025-12-01,12,174.2,1.6,3,4,92.5,19.4,2,1.36
P-000319,2025-01-01,1,173.7,3.0,2,4,93.1,19.2,2,1.85
P-000319,2025-02-01,2,193.1,4.3,1,4,88.2,25.2,2,1.62
P-000319,2025-03-01,3,178.6,5.9,2,5,87.9,21.8,2,1.05
P-000319,2025-04-01,4,183.7,5.2,3,5,92.9,25.1,2,1.5
P-000319,2025-05-01,5,186.5,9.1,2,4,91.2,25.8,2,1.53
P-000319,2025-06-01,6,177.8,9.3,3,3,89.9,23.4,2,1.29
P-000319,2025-07-01,7,180.7,4.9,1,5,93.0,20.5,2,1.45
P-000319,2025-08-01,8,182.0,2.6,0,4,96.8,17.5,2,1.67
P-000319,2025-09-01,9,176.8,7.2,1,5,90.6,20.2,2,1.3
P-000319,2025-10-01,10,182.2,2.9,3,4,91.7,22.9,2,1.37
P-000319,2025-11-01,11,183.0,4.3,0,5,97.4,18.5,2,1.44
P-000319,2025-12-01,12,180.9,9.1,1,6,90.2,22.6,2,1.09
P-000320,2025-01-01,1,179.3,4.7,4,5,88.4,25.9,2,1.49
P-000320,2025-02-01,2,194.0,9.1,4,4,82.2,33.9,2,1.7
P-000320,2025-03-01,3,191.7,9.8,4,4,93.7,30.7,2,1.49
P-000320,2025-04-01,4,193.5,3.5,1,3,95.3,23.1,2,1.65
P-000320,2025-05-01,5,188.1,3.0,3,4,94.4,24.9,3,1.54
P-000320,2025-06-01,6,185.7,4.3,2,4,97.0,23.2,2,1.85
P-000320,2025-07-01,7,181.6,8.6,3,4,92.5,25.9,2,1.77
P-000320,2025-08-01,8,183.2,9.1,2,4,87.6,24.8,2,1.31
P-000320,2025-09-01,9,186.0,4.6,2,4,98.0,21.5,2,1.14
P-000320,2025-10-01,10,186.9,4.9,3,3,92.2,25.5,2,1.73
P-000320,2025-11-01,11,182.6,9.4,2,4,93.4,24.5,2,1.71
P-000320,2025-12-01,12,188.8,5.8,2,4,87.6,25.7,2,1.45
P-000321,2025-01-01,1,181.7,17.4,4,4,83.1,33.1,2,1.8
P-000321,2025-02-01,2,183.3,11.6,1,4,85.4,25.5,2,1.68
P-000321,2025-03-01,3,183.6,8.6,1,5,86.5,26.0,2,2.17
P-000321,2025-04-01,4,221.3,35.7,6,6,46.8,73.0,4,4.57
P-000321,2025-05-01,5,221.5,33.0,10,8,44.8,78.8,3,3.96
P-000321,2025-06-01,6,207.9,41.3,4,10,40.1,68.5,3,3.49
P-000321,2025-07-01,7,211.7,41.9,4,10,47.6,68.8,4,3.53
P-000321,2025-08-01,8,211.9,30.5,4,6,51.7,61.1,4,3.69
P-000321,2025-09-01,9,180.2,10.4,2,5,85.9,25.9,2,1.56
P-000321,2025-10-01,10,182.4,11.1,2,5,85.6,27.9,2,1.91
P-000321,2025-11-01,11,177.6,11.2,4,4,85.5,29.7,2,2.22
P-000321,2025-12-01,12,184.9,11.3,3,3,85.5,28.7,2,1.75
P-000322,2025-01-01,1,181.1,10.5,3,4,87.8,28.5,2,2.23
P-000322,2025-02-01,2,181.6,5.7,2,4,89.7,21.6,2,1.0
P-000322,2025-03-01,3,230.6,42.8,7,10,42.2,83.6,3,4.27
P-000322,2025-04-01,4,233.8,42.8,4,8,42.2,77.9,3,4.06
P-000322,2025-05-01,5,228.9,42.6,8,11,42.2,85.4,4,4.32
P-000322,2025-06-01,6,228.9,32.1,6,8,45.4,73.7,3,3.73
P-000322,2025-07-01,7,226.8,38.2,8,10,43.5,80.2,3,3.64
P-000322,2025-08-01,8,221.8,36.8,4,10,44.0,71.4,4,3.76
P-000322,2025-09-01,9,232.7,37.5,4,11,43.8,77.3,3,4.18
P-000322,2025-10-01,10,178.1,6.6,2,7,89.4,24.1,2,1.53
P-000322,2025-11-01,11,183.8,6.9,2,5,89.2,25.9,2,1.9
P-000322,2025-12-01,12,179.5,7.3,2,3,89.1,22.7,2,1.66
P-000323,2025-01-01,1,193.7,4.2,3,5,90.3,29.5,2,1.83
P-000323,2025-02-01,2,181.1,14.6,0,5,86.2,24.5,2,1.57
P-000323,2025-03-01,3,232.5,28.3,6,7,46.5,73.1,3,3.98
P-000323,2025-04-01,4,239.2,45.5,6,9,41.3,84.3,3,3.73
P-000323,2025-05-01,5,244.4,44.1,6,9,41.8,85.6,4,3.8
P-000323,2025-06-01,6,237.7,43.6,7,8,41.9,83.9,4,3.75
P-000323,2025-07-01,7,230.2,39.7,8,9,43.1,82.6,3,4.1
P-000323,2025-08-01,8,227.4,46.9,6,7,40.9,80.5,3,4.15
P-000323,2025-09-01,9,231.7,36.5,11,13,44.0,88.0,3,3.59
P-000323,2025-10-01,10,181.9,3.5,3,4,90.6,24.9,2,2.04
P-000323,2025-11-01,11,180.2,3.2,3,5,90.7,24.7,2,1.98
P-000323,2025-12-01,12,187.5,9.1,1,6,88.4,27.5,2,2.03
P-000324,2025-01-01,1,175.9,5.7,1,5,89.0,20.5,2,1.7
P-000324,2025-02-01,2,173.4,7.2,3,5,93.0,22.9,2,1.71
P-000324,2025-03-01,3,168.9,3.2,4,5,92.2,21.1,2,1.56
P-000324,2025-04-01,4,174.8,6.7,4,7,88.8,25.5,2,1.15
P-000324,2025-05-01,5,175.2,2.8,2,5,92.7,20.0,2,1.68
P-000324,2025-06-01,6,180.3,9.5,4,4,90.5,27.3,2,1.55
P-000324,2025-07-01,7,170.7,7.4,0,4,91.7,15.3,2,1.19
P-000324,2025-08-01,8,171.2,7.1,2,4,96.0,18.7,2,1.53
P-000324,2025-09-01,9,179.8,4.2,3,5,92.8,23.6,2,1.58
P-000324,2025-10-01,10,175.2,2.8,0,3,93.4,14.2,2,1.31
P-000324,2025-11-01,11,171.0,3.5,1,5,97.3,15.5,2,1.38
P-000324,2025-12-01,12,165.7,9.0,0,4,93.5,14.0,2,1.25
P-000325,2025-01-01,1,176.1,8.2,1,5,88.7,20.9,2,1.41
P-000325,2025-02-01,2,171.0,7.4,0,5,89.1,18.1,2,1.82
P-000325,2025-03-01,3,173.9,5.2,1,5,89.9,17.7,2,1.0
P-000325,2025-04-01,4,166.6,3.7,2,5,90.5,18.1,2,1.81
P-000325,2025-05-01,5,180.6,3.7,0,4,90.5,18.2,2,1.49
P-000325,2025-06-01,6,211.8,26.5,7,8,62.0,62.1,4,3.02
P-000325,2025-07-01,7,210.5,32.5,7,6,60.2,63.7,4,3.22
P-000325,2025-08-01,8,179.0,8.2,1,3,88.7,20.6,2,1.42
P-000325,2025-09-01,9,181.6,4.7,1,5,90.1,20.4,2,1.12
P-000325,2025-10-01,10,172.2,8.1,1,3,88.8,19.1,2,1.79
P-000325,2025-11-01,11,174.0,10.5,2,5,87.8,22.0,2,1.0
P-000325,2025-12-01,12,167.7,3.9,2,5,90.4,17.5,2,1.39
P-000326,2025-01-01,1,175.3,7.9,2,4,88.8,23.5,2,2.19
P-000326,2025-02-01,2,179.7,5.8,3,4,89.7,22.8,2,1.04
P-000326,2025-03-01,3,219.9,45.6,7,9,41.3,81.0,4,4.47
P-000326,2025-04-01,4,217.0,33.5,11,9,44.9,80.3,4,4.18
P-000326,2025-05-01,5,216.5,33.2,5,9,45.0,69.7,4,4.07
P-000326,2025-06-01,6,226.7,39.2,7,10,43.2,79.8,4,3.96
P-000326,2025-07-01,7,226.3,44.1,10,8,41.8,85.0,4,3.71
P-000326,2025-08-01,8,217.9,43.0,7,8,42.1,77.3,4,4.02
P-000326,2025-09-01,9,237.0,29.3,4,12,46.2,75.4,3,4.1
P-000326,2025-10-01,10,177.2,6.7,4,6,89.3,27.6,2,1.94
P-000326,2025-11-01,11,184.6,10.7,3,6,87.7,28.1,2,1.0
P-000326,2025-12-01,12,177.4,3.0,4,5,90.8,23.9,2,1.43
P-000327,2025-01-01,1,182.3,10.3,4,4,85.9,30.0,2,1.89
P-000327,2025-02-01,2,182.9,13.9,2,5,84.4,29.5,2,1.96
P-000327,2025-03-01,3,188.4,11.6,2,7,85.3,31.3,2,1.8
P-000327,2025-04-01,4,211.3,23.4,5,10,50.0,62.3,3,3.6
P-000327,2025-05-01,5,215.3,36.1,10,7,45.2,76.2,3,3.58
P-000327,2025-06-01,6,211.0,29.5,7,10,47.9,70.0,4,4.21
P-000327,2025-07-01,7,208.1,25.1,4,9,47.2,60.9,3,3.91
P-000327,2025-08-01,8,224.4,40.5,4,6,44.8,70.4,3,3.48
P-000327,2025-09-01,9,172.6,7.4,2,4,87.1,21.8,2,1.84
P-000327,2025-10-01,10,181.4,10.8,1,3,85.7,24.6,2,1.99
P-000327,2025-11-01,11,176.4,16.5,3,5,83.4,29.7,2,1.74
P-000327,2025-12-01,12,179.5,7.5,2,3,87.0,25.1,2,2.46
P-000328,2025-01-01,1,193.8,15.2,4,4,83.9,36.6,2,1.97
P-000328,2025-02-01,2,188.2,10.9,2,5,85.6,29.7,2,1.85
P-000328,2025-03-01,3,186.7,7.9,1,3,86.8,25.5,2,2.19
P-000328,2025-04-01,4,219.3,36.1,4,12,45.5,70.9,4,3.57
P-000328,2025-05-01,5,221.0,37.0,4,8,40.7,72.3,3,4.46
P-000328,2025-06-01,6,227.0,34.3,8,10,45.0,80.8,4,4.58
P-000328,2025-07-01,7,222.1,28.2,5,6,50.0,66.1,3,3.86
P-000328,2025-08-01,8,221.1,30.4,4,7,41.3,66.6,4,3.56
P-000328,2025-09-01,9,188.7,2.4,2,3,89.1,23.6,2,1.56
P-000328,2025-10-01,10,181.6,13.0,1,5,84.8,28.3,2,2.51
P-000328,2025-11-01,11,180.5,10.4,3,3,85.8,28.5,2,2.42
P-000328,2025-12-01,12,182.4,14.6,1,4,84.2,26.6,2,1.63
P-000329,2025-01-01,1,182.1,10.0,3,3,87.3,25.6,2,1.21
P-000329,2025-02-01,2,179.3,8.8,1,6,94.4,22.7,2,1.71
P-000329,2025-03-01,3,175.0,5.3,2,4,94.5,20.8,2,2.01
P-000329,2025-04-01,4,175.3,4.8,1,5,92.0,17.7,2,1.04
P-000329,2025-05-01,5,182.0,7.9,0,5,89.8,20.9,2,1.35
P-000329,2025-06-01,6,177.8,3.8,1,4,96.0,17.3,2,1.28
P-000329,2025-07-01,7,179.6,8.7,2,6,81.8,25.7,2,1.29
P-000329,2025-08-01,8,180.7,5.6,2,7,95.9,22.7,2,1.24
P-000329,2025-09-01,9,180.3,6.2,1,4,94.8,19.0,2,1.12
P-000329,2025-10-01,10,181.6,7.1,1,4,94.4,20.3,2,1.28
P-000329,2025-11-01,11,180.2,6.1,2,5,88.4,23.1,2,1.39
P-000329,2025-12-01,12,179.9,6.4,0,5,91.6,20.0,2,1.7
P-000330,2025-01-01,1,173.6,1.2,4,5,89.5,23.8,2,2.13
P-000330,2025-02-01,2,176.2,5.6,0,4,86.4,17.4,2,1.18
P-000330,2025-03-01,3,171.9,0.5,4,3,92.7,19.9,2,1.69
P-000330,2025-04-01,4,170.9,7.0,0,5,87.3,16.8,2,1.22
P-000330,2025-05-01,5,172.3,4.6,3,4,89.6,21.1,2,1.6
P-000330,2025-06-01,6,182.0,6.9,1,6,90.9,23.5,2,1.72
P-000330,2025-07-01,7,176.5,6.7,4,3,91.4,24.1,2,1.58
P-000330,2025-08-01,8,176.3,3.3,4,4,88.6,24.6,2,1.9
P-000330,2025-09-01,9,179.0,0.7,2,3,89.9,19.1,2,1.48
P-000330,2025-10-01,10,177.4,8.5,1,4,89.6,20.8,2,1.45
P-000330,2025-11-01,11,176.2,7.7,3,5,89.7,23.0,2,1.06
P-000330,2025-12-01,12,171.1,9.5,3,4,83.2,22.4,2,1.0
P-000331,2025-01-01,1,170.9,3.6,3,5,89.1,20.1,2,1.24
P-000331,2025-02-01,2,174.2,4.1,3,3,95.0,20.0,2,1.66
P-000331,2025-03-01,3,175.6,3.6,1,4,94.6,17.2,2,1.47
P-000331,2025-04-01,4,172.2,5.7,0,6,89.4,18.3,2,1.77
P-000331,2025-05-01,5,179.1,7.1,3,5,97.7,22.9,3,1.28
P-000331,2025-06-01,6,172.7,6.2,1,7,84.5,22.5,2,2.0
P-000331,2025-07-01,7,178.5,8.1,0,4,93.7,20.2,2,2.1
P-000331,2025-08-01,8,177.8,1.9,2,4,97.5,19.7,2,1.98
P-000331,2025-09-01,9,180.1,1.1,3,5,94.6,22.1,2,1.63
P-000331,2025-10-01,10,178.7,4.9,0,6,91.8,20.5,2,2.03
P-000331,2025-11-01,11,175.2,1.5,2,4,92.2,17.3,2,1.07
P-000331,2025-12-01,12,173.8,0.6,1,5,96.4,15.2,2,1.27
P-000332,2025-01-01,1,164.1,8.5,4,3,88.6,21.1,2,1.62
P-000332,2025-02-01,2,169.6,7.1,0,3,89.2,16.4,2,1.93
P-000332,2025-03-01,3,218.4,39.9,8,10,43.0,78.5,3,3.79
P-000332,2025-04-01,4,206.9,44.7,8,9,41.6,77.0,4,4.18
P-000332,2025-05-01,5,207.5,36.1,10,10,44.2,77.1,3,4.14
P-000332,2025-06-01,6,210.0,32.4,9,7,45.3,71.6,3,3.77
P-000332,2025-07-01,7,214.4,40.9,11,8,42.7,82.9,3,4.48
P-000332,2025-08-01,8,216.2,38.3,8,11,43.5,78.4,3,4.1
P-000332,2025-09-01,9,215.8,35.1,7,8,44.5,72.4,4,3.83
P-000332,2025-10-01,10,172.6,1.3,2,5,91.5,17.7,2,1.3
P-000332,2025-11-01,11,167.5,7.3,0,6,89.1,17.9,2,1.97
P-000332,2025-12-01,12,165.4,5.4,3,5,89.9,21.0,2,2.13
P-000333,2025-01-01,1,170.5,4.8,3,5,92.9,20.6,2,1.61
P-000333,2025-02-01,2,174.3,3.1,1,4,96.4,15.7,2,1.25
P-000333,2025-03-01,3,174.4,8.1,0,4,90.3,19.4,2,2.1
P-000333,2025-04-01,4,170.5,3.1,2,5,98.0,17.4,2,1.67
P-000333,2025-05-01,5,175.3,6.7,1,7,89.6,21.5,2,1.55
P-000333,2025-06-01,6,175.1,5.4,1,5,94.2,19.1,2,1.69
P-000333,2025-07-01,7,175.1,2.3,3,4,98.0,18.9,2,1.36
P-000333,2025-08-01,8,173.7,8.0,2,3,91.4,19.3,2,1.19
P-000333,2025-09-01,9,176.9,6.2,3,7,85.4,24.8,2,1.06
P-000333,2025-10-01,10,167.7,6.7,2,5,92.6,18.4,2,1.45
P-000333,2025-11-01,11,175.1,6.5,3,4,90.4,21.2,2,1.0
P-000333,2025-12-01,12,168.8,4.8,1,3,91.2,16.4,2,1.9
P-000334,2025-01-01,1,184.9,10.9,3,5,89.6,28.7,2,1.55
P-000334,2025-02-01,2,195.9,2.3,3,5,96.0,28.3,2,1.78
P-000334,2025-03-01,3,188.7,3.5,3,5,90.7,25.5,2,1.08
P-000334,2025-04-01,4,176.0,3.5,1,6,91.3,18.8,2,1.3
P-000334,2025-05-01,5,187.9,6.7,2,4,89.2,25.2,2,1.36
P-000334,2025-06-01,6,189.0,8.6,0,5,91.9,23.3,2,1.41
P-000334,2025-07-01,7,191.3,4.6,1,5,89.1,25.0,2,1.53
P-000334,2025-08-01,8,193.4,14.7,1,5,84.4,30.8,2,1.52
P-000334,2025-09-01,9,189.5,4.4,2,3,91.6,24.7,2,1.74
P-000334,2025-10-01,10,189.3,6.2,4,5,90.6,29.7,2,1.55
P-000334,2025-11-01,11,191.4,4.3,2,3,95.9,24.9,2,1.93
P-000334,2025-12-01,12,188.8,2.8,1,6,93.7,23.5,2,1.66
P-000335,2025-01-01,1,174.5,7.0,0,5,92.4,17.8,2,1.51
P-000335,2025-02-01,2,178.5,5.3,3,4,93.3,21.4,2,1.0
P-000335,2025-03-01,3,179.7,3.4,1,4,91.7,18.8,2,1.35
P-000335,2025-04-01,4,175.9,8.9,1,4,92.7,19.4,2,1.26
P-000335,2025-05-01,5,179.2,7.3,0,6,92.0,21.7,3,2.08
P-000335,2025-06-01,6,176.8,3.1,1,5,92.5,18.7,2,1.55
P-000335,2025-07-01,7,176.5,0.3,0,6,98.5,15.3,2,1.56
P-000335,2025-08-01,8,176.7,12.6,2,4,88.8,26.3,2,2.34
P-000335,2025-09-01,9,176.6,5.8,1,5,93.3,19.4,2,1.47
P-000335,2025-10-01,10,175.2,5.5,1,4,96.7,17.5,2,1.47
P-000335,2025-11-01,11,176.0,0.1,4,4,96.5,21.2,2,1.72
P-000335,2025-12-01,12,175.0,7.2,1,4,97.1,17.5,2,1.26
P-000336,2025-01-01,1,180.6,5.8,3,5,96.4,24.0,2,1.64
P-000336,2025-02-01,2,183.5,5.0,0,3,93.6,19.4,2,1.84
P-000336,2025-03-01,3,183.5,9.4,3,3,97.7,24.0,2,1.27
P-000336,2025-04-01,4,181.7,6.8,1,3,85.1,21.4,3,1.31
P-000336,2025-05-01,5,181.9,3.1,1,3,95.1,18.3,2,1.39
P-000336,2025-06-01,6,175.4,4.2,4,5,96.2,23.0,2,1.58
P-000336,2025-07-01,7,176.5,11.9,3,4,91.0,25.4,2,1.62
P-000336,2025-08-01,8,185.9,4.5,0,4,94.7,18.7,2,1.12
P-000336,2025-09-01,9,177.1,8.0,1,5,90.2,21.6,2,1.68
P-000336,2025-10-01,10,179.6,1.5,4,4,90.8,22.4,2,1.05
P-000336,2025-11-01,11,180.3,4.0,1,4,90.1,20.0,2,1.5
P-000336,2025-12-01,12,185.1,2.8,1,5,91.5,21.9,2,1.63
P-000337,2025-01-01,1,181.1,8.8,4,7,78.5,33.1,3,2.16
P-000337,2025-02-01,2,190.9,16.6,3,6,75.4,40.2,3,3.05
P-000337,2025-03-01,3,191.9,17.6,4,4,75.0,39.6,3,2.31
P-000337,2025-04-01,4,223.6,46.3,7,7,38.9,81.6,5,4.39
P-000337,2025-05-01,5,235.3,50.4,7,11,42.7,90.0,5,4.66
P-000337,2025-06-01,6,244.1,45.5,7,12,43.2,90.8,5,4.33
P-000337,2025-07-01,7,247.1,50.3,10,13,38.4,98.0,5,4.45
P-000337,2025-08-01,8,245.2,42.6,12,10,35.9,98.0,5,4.61
P-000337,2025-09-01,9,253.4,41.3,5,7,42.3,85.6,5,4.26
P-000337,2025-10-01,10,252.9,65.0,10,9,39.6,98.0,5,4.57
P-000337,2025-11-01,11,268.3,59.4,14,14,36.5,98.0,5,4.7
P-000337,2025-12-01,12,264.3,54.5,14,11,36.2,98.0,5,4.37
P-000338,2025-01-01,1,176.2,4.8,1,4,90.1,20.0,2,1.94
P-000338,2025-02-01,2,176.2,10.9,1,5,87.7,22.8,2,1.62
P-000338,2025-03-01,3,223.4,28.6,7,7,46.4,70.8,3,3.61
P-000338,2025-04-01,4,229.8,40.2,4,10,42.9,75.5,3,3.6
P-000338,2025-05-01,5,220.9,33.1,11,7,45.1,80.7,3,4.42
P-000338,2025-06-01,6,236.8,38.2,4,11,43.5,78.3,4,3.87
P-000338,2025-07-01,7,227.0,39.5,5,10,43.2,77.3,3,4.21
P-000338,2025-08-01,8,223.3,33.5,6,10,44.9,74.8,4,4.18
P-000338,2025-09-01,9,230.2,38.8,8,7,43.4,79.3,3,3.49
P-000338,2025-10-01,10,181.8,5.1,2,5,89.9,24.4,2,1.92
P-000338,2025-11-01,11,179.7,11.6,4,5,87.4,30.4,2,2.01
P-000338,2025-12-01,12,181.9,8.6,2,5,88.6,25.6,2,1.72
P-000339,2025-01-01,1,175.8,7.0,1,6,88.3,21.1,2,1.42
P-000339,2025-02-01,2,174.1,1.6,2,6,95.4,19.7,2,1.87
P-000339,2025-03-01,3,170.5,6.4,2,3,89.1,18.6,2,1.47
P-000339,2025-04-01,4,171.3,0.9,0,3,94.1,12.8,2,1.65
P-000339,2025-05-01,5,177.2,5.2,4,6,87.8,26.6,2,1.69
P-000339,2025-06-01,6,173.7,6.7,2,5,92.9,19.3,2,1.0
P-000339,2025-07-01,7,163.5,3.7,1,4,92.8,13.2,2,1.42
P-000339,2025-08-01,8,165.7,7.9,2,4,92.9,16.9,2,1.2
P-000339,2025-09-01,9,176.7,3.8,2,4,96.5,18.1,2,1.08
P-000339,2025-10-01,10,161.8,4.3,3,4,98.3,16.4,2,1.91
P-000339,2025-11-01,11,168.8,4.4,2,4,94.0,18.6,2,2.14
P-000339,2025-12-01,12,167.1,8.4,0,4,88.2,16.1,2,1.6
P-000340,2025-01-01,1,173.2,3.0,4,5,87.9,24.9,2,2.19
P-000340,2025-02-01,2,170.0,9.5,1,4,90.1,18.8,2,1.58
P-000340,2025-03-01,3,172.9,0.8,2,6,89.9,19.3,2,1.58
P-000340,2025-04-01,4,177.2,3.0,2,4,97.6,19.4,3,1.77
P-000340,2025-05-01,5,176.8,5.2,0,4,91.8,16.3,2,1.13
P-000340,2025-06-01,6,174.8,12.6,1,4,92.8,20.0,2,1.05
P-000340,2025-07-01,7,176.1,9.7,0,5,89.5,19.6,2,1.35
P-000340,2025-08-01,8,173.5,3.8,1,6,93.4,17.2,2,1.09
P-000340,2025-09-01,9,184.3,4.0,2,4,93.6,21.5,2,1.15
P-000340,2025-10-01,10,177.0,6.4,1,5,92.2,19.2,2,1.15
P-000340,2025-11-01,11,175.8,5.2,2,5,94.9,19.8,2,1.27
P-000340,2025-12-01,12,175.4,10.1,0,6,89.7,21.1,2,1.74
P-000341,2025-01-01,1,167.0,6.0,3,7,96.6,20.1,2,1.46
P-000341,2025-02-01,2,169.6,11.0,0,4,91.5,19.1,2,2.24
P-000341,2025-03-01,3,171.2,11.0,0,4,89.9,17.6,2,1.3
P-000341,2025-04-01,4,176.7,5.9,2,5,92.9,21.2,2,1.45
P-000341,2025-05-01,5,173.8,1.4,2,6,95.5,18.5,2,1.47
P-000341,2025-06-01,6,170.9,4.2,2,4,91.1,17.5,2,1.21
P-000341,2025-07-01,7,171.0,8.1,0,5,89.8,17.1,2,1.36
P-000341,2025-08-01,8,164.7,5.8,4,4,90.8,20.1,2,1.5
P-000341,2025-09-01,9,169.1,7.8,2,4,92.4,18.9,2,1.51
P-000341,2025-10-01,10,168.9,4.9,3,4,90.8,19.5,2,1.46
P-000341,2025-11-01,11,160.5,4.1,2,4,94.1,14.2,2,1.56
P-000341,2025-12-01,12,170.1,4.6,3,5,91.4,20.8,2,1.65
P-000342,2025-01-01,1,174.7,13.0,0,5,94.0,20.0,2,1.48
P-000342,2025-02-01,2,182.7,7.0,2,5,90.3,24.1,2,1.43
P-000342,2025-03-01,3,179.4,5.5,3,4,93.3,23.9,2,1.86
P-000342,2025-04-01,4,182.2,5.7,3,5,86.0,25.8,3,1.37
P-000342,2025-05-01,5,183.4,8.3,1,4,89.3,22.7,2,1.39
P-000342,2025-06-01,6,179.2,3.3,2,4,95.8,20.6,2,1.78
P-000342,2025-07-01,7,171.5,8.0,3,3,91.5,21.6,2,1.76
P-000342,2025-08-01,8,179.2,10.2,4,5,87.5,27.1,2,1.0
P-000342,2025-09-01,9,184.4,7.3,4,3,91.1,27.8,2,1.85
P-000342,2025-10-01,10,182.8,9.6,1,6,93.8,24.0,2,1.59
P-000342,2025-11-01,11,183.0,4.9,0,4,98.2,17.3,2,1.16
P-000342,2025-12-01,12,176.5,4.9,2,6,91.7,22.7,2,1.91
P-000343,2025-01-01,1,166.0,2.7,2,3,86.4,17.1,2,1.88
P-000343,2025-02-01,2,174.0,6.6,2,4,92.7,20.9,2,1.85
P-000343,2025-03-01,3,167.6,5.7,2,4,92.1,17.1,2,1.33
P-000343,2025-04-01,4,169.5,5.2,3,5,95.1,20.3,2,1.71
P-000343,2025-05-01,5,164.5,4.4,1,4,92.2,14.3,2,1.54
P-000343,2025-06-01,6,168.3,9.5,3,4,85.1,23.5,2,1.97
P-000343,2025-07-01,7,163.1,5.5,2,6,90.8,16.6,2,1.17
P-000343,2025-08-01,8,163.7,8.4,2,4,95.2,17.7,2,1.91
P-000343,2025-09-01,9,167.0,4.5,0,4,93.7,13.7,2,1.72
P-000343,2025-10-01,10,173.8,9.5,1,5,94.4,20.2,2,1.64
P-000343,2025-11-01,11,172.8,5.9,2,5,99.1,19.7,2,1.88
P-000343,2025-12-01,12,169.7,2.3,1,4,94.9,14.9,2,1.61
P-000344,2025-01-01,1,176.3,5.5,0,3,96.0,15.8,2,1.54
P-000344,2025-02-01,2,171.6,2.7,1,4,94.0,14.4,2,1.0
P-000344,2025-03-01,3,175.2,4.7,0,3,92.5,15.7,2,1.51
P-000344,2025-04-01,4,175.6,6.4,1,5,91.2,18.6,2,1.01
P-000344,2025-05-01,5,173.1,13.7,1,5,86.7,22.8,2,1.48
P-000344,2025-06-01,6,171.3,8.8,4,6,92.0,25.4,2,1.74
P-000344,2025-07-01,7,181.4,4.8,2,5,96.8,20.5,2,1.0
P-000344,2025-08-01,8,185.1,9.8,1,4,90.9,24.3,2,1.66
P-000344,2025-09-01,9,180.6,5.5,1,5,89.2,20.3,2,1.0
P-000344,2025-10-01,10,180.9,9.4,1,6,90.1,23.6,2,1.46
P-000344,2025-11-01,11,176.9,7.6,0,3,93.8,17.9,2,1.76
P-000344,2025-12-01,12,180.3,9.8,2,6,91.3,24.5,2,1.24
P-000345,2025-01-01,1,179.2,5.6,1,3,91.2,18.7,2,1.25
P-000345,2025-02-01,2,176.8,1.2,0,5,95.2,16.8,2,1.98
P-000345,2025-03-01,3,176.9,10.4,2,5,93.9,22.6,2,1.33
P-000345,2025-04-01,4,182.6,8.7,2,5,93.2,24.7,3,1.61
P-000345,2025-05-01,5,176.4,9.8,2,4,92.4,22.9,2,1.76
P-000345,2025-06-01,6,171.7,2.2,2,3,94.0,16.8,2,1.65
P-000345,2025-07-01,7,182.2,4.5,4,4,91.7,26.2,2,1.77
P-000345,2025-08-01,8,176.9,3.7,0,5,93.7,17.7,2,1.77
P-000345,2025-09-01,9,181.5,0.5,2,6,92.7,21.4,2,1.47
P-000345,2025-10-01,10,179.5,2.0,1,4,94.7,17.6,2,1.37
P-000345,2025-11-01,11,183.4,2.1,1,5,94.9,20.6,2,1.74
P-000345,2025-12-01,12,180.6,10.4,1,3,91.7,21.9,2,1.53
P-000346,2025-01-01,1,189.0,7.3,1,3,87.1,26.1,2,2.23
P-000346,2025-02-01,2,182.8,13.3,2,5,84.7,28.3,2,1.61
P-000346,2025-03-01,3,181.8,10.9,2,6,85.6,26.8,2,1.35
P-000346,2025-04-01,4,212.3,30.4,6,9,47.3,66.2,3,3.24
P-000346,2025-05-01,5,226.0,37.4,4,10,43.1,72.7,4,3.49
P-000346,2025-06-01,6,224.7,38.1,7,10,48.9,79.0,4,4.55
P-000346,2025-07-01,7,215.7,35.3,7,9,50.4,71.8,4,3.75
P-000346,2025-08-01,8,216.2,32.3,6,6,43.9,67.7,4,3.51
P-000346,2025-09-01,9,180.7,8.9,2,4,86.4,24.5,2,1.5
P-000346,2025-10-01,10,171.4,13.1,3,6,84.7,25.5,2,1.16
P-000346,2025-11-01,11,183.7,12.4,4,4,85.1,31.3,2,1.78
P-000346,2025-12-01,12,183.8,9.6,4,7,86.2,31.0,2,1.41
P-000347,2025-01-01,1,183.2,17.6,1,4,83.0,30.2,2,2.39
P-000347,2025-02-01,2,177.2,15.5,2,4,83.8,26.4,2,1.44
P-000347,2025-03-01,3,174.3,11.6,1,4,85.4,22.7,2,1.83
P-000347,2025-04-01,4,215.2,34.2,6,10,44.6,70.7,4,3.52
P-000347,2025-05-01,5,205.5,40.1,5,10,41.7,70.5,4,4.27
P-000347,2025-06-01,6,218.9,27.8,6,9,45.2,68.9,3,3.66
P-000347,2025-07-01,7,208.1,24.9,4,12,50.5,60.0,3,3.04
P-000347,2025-08-01,8,209.1,27.1,6,7,57.8,61.7,4,3.74
P-000347,2025-09-01,9,183.6,9.5,1,4,86.2,26.5,2,2.44
P-000347,2025-10-01,10,180.7,8.4,1,3,86.6,23.8,2,2.24
P-000347,2025-11-01,11,175.4,15.1,3,4,83.9,28.2,2,1.81
P-000347,2025-12-01,12,185.1,8.4,2,4,86.6,25.7,2,1.47
P-000348,2025-01-01,1,175.0,1.9,1,5,94.3,16.5,2,1.25
P-000348,2025-02-01,2,176.0,2.1,3,5,94.0,19.7,2,1.0
P-000348,2025-03-01,3,176.7,8.1,0,5,85.8,20.1,2,1.45
P-000348,2025-04-01,4,174.0,3.4,1,4,96.6,16.2,2,1.46
P-000348,2025-05-01,5,170.5,3.2,3,4,92.5,19.6,2,1.71
P-000348,2025-06-01,6,173.0,7.1,0,5,94.9,16.0,2,1.17
P-000348,2025-07-01,7,169.6,8.6,4,3,93.9,22.9,2,1.97
P-000348,2025-08-01,8,171.8,4.5,3,4,95.3,20.4,2,1.84
P-000348,2025-09-01,9,182.9,6.1,2,4,88.0,25.4,2,2.16
P-000348,2025-10-01,10,168.7,7.6,1,4,92.5,16.5,2,1.33
P-000348,2025-11-01,11,174.1,4.0,1,5,98.0,19.2,2,2.37
P-000348,2025-12-01,12,171.5,6.8,1,6,88.2,19.7,2,1.49
P-000349,2025-01-01,1,169.1,6.0,2,4,95.5,18.3,2,1.82
P-000349,2025-02-01,2,171.4,9.8,3,4,89.3,21.5,2,1.0
P-000349,2025-03-01,3,174.8,3.5,2,5,90.9,19.2,2,1.15
P-000349,2025-04-01,4,171.5,4.2,1,6,98.7,16.0,3,1.24
P-000349,2025-05-01,5,179.7,2.4,2,3,91.2,20.9,2,1.89
P-000349,2025-06-01,6,178.1,4.9,4,5,89.7,24.9,2,1.31
P-000349,2025-07-01,7,181.0,2.4,2,6,92.3,21.6,2,1.29
P-000349,2025-08-01,8,176.3,7.9,1,5,92.1,21.0,2,1.69
P-000349,2025-09-01,9,183.8,3.5,2,5,87.8,25.0,2,2.0
P-000349,2025-10-01,10,176.2,5.0,1,5,94.2,18.7,2,1.45
P-000349,2025-11-01,11,182.0,3.4,2,6,92.4,23.1,2,1.6
P-000349,2025-12-01,12,172.0,7.5,0,5,91.9,16.0,2,1.04
P-000350,2025-01-01,1,160.1,16.8,4,5,83.3,26.0,2,1.81
P-000350,2025-02-01,2,171.6,12.1,3,4,85.2,26.2,2,2.18
P-000350,2025-03-01,3,175.0,9.2,2,3,86.3,24.4,2,2.5
P-000350,2025-04-01,4,215.1,25.7,7,13,41.3,71.8,4,3.7
P-000350,2025-05-01,5,221.4,27.4,4,8,53.7,63.8,4,3.58
P-000350,2025-06-01,6,197.4,27.7,7,8,52.4,60.8,3,3.6
P-000350,2025-07-01,7,209.3,32.5,10,8,51.0,71.8,4,3.43
P-000350,2025-08-01,8,212.4,29.4,7,6,48.0,66.7,3,3.78
P-000350,2025-09-01,9,174.3,16.9,2,5,83.3,27.4,2,1.71
P-000350,2025-10-01,10,172.2,10.5,3,4,85.8,24.3,2,1.61
P-000350,2025-11-01,11,176.5,3.6,4,3,88.6,24.0,2,1.86
P-000350,2025-12-01,12,172.8,12.1,3,7,85.2,27.9,2,1.89
P-000351,2025-01-01,1,175.3,4.5,1,3,88.2,17.8,2,1.37
P-000351,2025-02-01,2,178.3,4.7,2,5,88.1,23.1,2,1.85
P-000351,2025-03-01,3,183.3,7.4,4,5,87.0,28.9,2,1.61
P-000351,2025-04-01,4,212.2,27.5,4,7,50.5,60.8,4,3.66
P-000351,2025-05-01,5,218.4,40.5,10,7,44.3,79.5,4,3.66
P-000351,2025-06-01,6,206.5,41.8,4,7,40.0,65.8,4,3.3
P-000351,2025-07-01,7,220.7,25.8,9,12,46.0,73.3,3,2.75
P-000351,2025-08-01,8,212.3,40.5,4,9,43.5,70.3,4,4.23
P-000351,2025-09-01,9,178.2,9.9,2,4,86.1,23.8,2,1.38
P-000351,2025-10-01,10,177.5,3.6,1,3,88.6,19.0,2,1.71
P-000351,2025-11-01,11,185.6,14.0,1,4,84.4,28.7,2,2.15
P-000351,2025-12-01,12,174.9,12.9,1,5,84.8,24.6,2,1.96
P-000352,2025-01-01,1,193.8,17.8,1,6,74.9,38.5,3,3.05
P-000352,2025-02-01,2,185.4,5.0,1,5,80.0,28.4,3,2.97
P-000352,2025-03-01,3,196.8,11.8,2,5,77.3,36.5,3,2.62
P-000352,2025-04-01,4,231.5,41.3,5,10,46.2,81.1,5,5.0
P-000352,2025-05-01,5,241.6,45.4,8,10,39.2,92.3,5,4.89
P-000352,2025-06-01,6,254.9,40.2,11,10,42.9,97.4,5,4.19
P-000352,2025-07-01,7,257.7,48.4,9,12,43.8,98.0,5,4.71
P-000352,2025-08-01,8,255.5,65.0,7,7,35.3,98.0,5,5.0
P-000352,2025-09-01,9,252.4,49.2,13,9,37.5,98.0,5,4.83
P-000352,2025-10-01,10,264.2,60.6,7,10,37.0,98.0,5,4.93
P-000352,2025-11-01,11,266.5,54.1,12,10,31.6,98.0,5,4.29
P-000352,2025-12-01,12,261.3,50.6,6,10,36.7,97.8,5,4.58
P-000353,2025-01-01,1,182.3,11.4,3,5,87.4,28.9,2,1.76
P-000353,2025-02-01,2,176.2,6.0,0,5,89.6,19.3,2,1.83
P-000353,2025-03-01,3,228.2,36.7,11,12,44.0,87.2,3,3.98
P-000353,2025-04-01,4,220.4,37.5,11,7,43.8,81.4,3,3.93
P-000353,2025-05-01,5,228.1,43.1,10,12,42.1,87.3,4,3.51
P-000353,2025-06-01,6,219.2,35.8,4,7,44.3,68.5,4,3.94
P-000353,2025-07-01,7,221.6,34.7,10,7,44.6,79.5,3,4.22
P-000353,2025-08-01,8,222.4,33.9,8,7,44.8,75.5,3,3.99
P-000353,2025-09-01,9,224.4,37.7,10,13,43.7,84.4,3,3.57
P-000353,2025-10-01,10,175.7,10.0,1,5,88.0,22.4,2,1.71
P-000353,2025-11-01,11,182.9,6.0,3,5,89.6,26.0,2,1.58
P-000353,2025-12-01,12,170.0,7.6,1,3,89.0,18.1,2,1.79
P-000354,2025-01-01,1,167.2,6.6,0,6,89.7,15.6,2,1.25
P-000354,2025-02-01,2,165.4,2.9,1,4,97.7,12.9,2,1.52
P-000354,2025-03-01,3,172.7,10.7,4,4,93.7,24.5,2,1.53
P-000354,2025-04-01,4,181.1,5.8,1,4,93.9,19.2,3,1.07
P-000354,2025-05-01,5,173.6,3.6,0,4,91.5,17.2,2,2.18
P-000354,2025-06-01,6,165.7,5.3,1,4,94.3,14.0,2,1.24
P-000354,2025-07-01,7,170.0,3.5,2,3,94.3,16.4,2,1.52
P-000354,2025-08-01,8,177.6,6.7,2,3,94.9,20.8,2,1.75
P-000354,2025-09-01,9,172.4,5.1,1,5,89.0,18.0,2,1.3
P-000354,2025-10-01,10,173.7,2.7,1,3,86.1,17.4,2,1.59
P-000354,2025-11-01,11,162.8,1.3,2,3,94.7,11.9,2,1.12
P-000354,2025-12-01,12,165.6,10.0,1,3,86.7,16.1,2,1.0
P-000355,2025-01-01,1,181.2,3.9,3,5,92.3,22.8,2,1.08
P-000355,2025-02-01,2,179.9,8.6,0,4,92.2,19.9,2,1.58
P-000355,2025-03-01,3,179.4,2.9,3,4,91.9,22.5,2,1.63
P-000355,2025-04-01,4,171.0,6.3,2,5,86.9,21.3,2,1.79
P-000355,2025-05-01,5,173.7,6.3,0,5,93.1,17.1,2,1.49
P-000355,2025-06-01,6,177.1,1.8,2,6,97.9,20.5,2,1.92
P-000355,2025-07-01,7,177.3,4.0,0,5,94.7,15.8,2,1.0
P-000355,2025-08-01,8,178.0,7.8,1,7,91.0,22.9,2,1.63
P-000355,2025-09-01,9,173.4,2.0,4,4,94.8,21.7,2,1.82
P-000355,2025-10-01,10,173.4,9.6,2,3,89.5,21.6,2,1.74
P-000355,2025-11-01,11,179.1,2.3,0,4,95.9,15.2,2,1.13
P-000355,2025-12-01,12,177.7,11.3,2,5,87.5,24.4,2,1.31
P-000356,2025-01-01,1,180.6,11.0,1,4,85.6,24.6,2,1.82
P-000356,2025-02-01,2,176.8,7.9,1,3,86.9,20.9,2,1.74
P-000356,2025-03-01,3,177.7,5.9,1,4,87.6,22.9,2,2.52
P-000356,2025-04-01,4,208.3,39.9,7,9,43.6,72.0,4,3.58
P-000356,2025-05-01,5,215.0,38.7,8,7,41.7,73.3,4,3.1
P-000356,2025-06-01,6,214.9,32.9,10,8,51.6,75.6,4,4.16
P-000356,2025-07-01,7,216.2,29.2,8,7,44.2,71.5,4,3.99
P-000356,2025-08-01,8,214.0,36.4,5,10,42.0,71.4,4,4.06
P-000356,2025-09-01,9,177.3,6.4,2,5,87.4,23.4,2,1.75
P-000356,2025-10-01,10,175.9,13.8,2,5,84.5,26.0,2,1.54
P-000356,2025-11-01,11,178.1,8.4,2,7,86.6,28.2,2,2.67
P-000356,2025-12-01,12,173.9,2.6,1,7,89.0,19.4,2,1.5
P-000357,2025-01-01,1,171.9,7.3,2,6,90.7,20.6,2,1.23
P-000357,2025-02-01,2,178.2,6.4,2,4,88.3,21.3,2,1.13
P-000357,2025-03-01,3,178.5,7.9,1,5,83.1,22.7,2,1.39
P-000357,2025-04-01,4,178.8,7.7,2,5,86.8,25.4,3,2.09
P-000357,2025-05-01,5,175.7,5.2,0,4,96.1,14.9,2,1.02
P-000357,2025-06-01,6,171.1,6.2,1,3,85.8,18.4,2,1.76
P-000357,2025-07-01,7,178.8,4.3,3,4,91.0,23.0,2,1.62
P-000357,2025-08-01,8,175.7,5.6,3,5,91.3,23.5,2,1.81
P-000357,2025-09-01,9,174.7,8.5,2,7,89.5,22.4,2,1.0
P-000357,2025-10-01,10,182.7,5.9,0,6,94.5,20.7,2,1.59
P-000357,2025-11-01,11,167.5,9.2,3,4,89.1,21.0,2,1.43
P-000357,2025-12-01,12,176.1,6.9,2,5,91.8,21.9,2,1.56
P-000358,2025-01-01,1,172.8,9.7,2,4,86.1,22.5,2,1.65
P-000358,2025-02-01,2,179.3,11.1,2,6,85.6,28.0,2,2.14
P-000358,2025-03-01,3,176.5,16.3,1,4,83.5,25.6,2,1.73
P-000358,2025-04-01,4,197.3,25.7,4,9,51.3,55.4,3,3.44
P-000358,2025-05-01,5,204.1,37.0,8,8,45.3,70.1,3,3.64
P-000358,2025-06-01,6,211.7,34.3,5,6,49.4,63.5,3,3.23
P-000358,2025-07-01,7,207.0,39.9,4,10,44.6,67.7,3,3.88
P-000358,2025-08-01,8,199.4,32.4,6,8,46.7,64.4,3,4.22
P-000358,2025-09-01,9,175.7,12.5,1,4,85.0,22.7,2,1.46
P-000358,2025-10-01,10,172.9,17.3,1,5,83.1,25.6,2,1.8
P-000358,2025-11-01,11,179.3,11.1,3,5,85.6,28.9,2,2.09
P-000358,2025-12-01,12,181.4,15.2,3,5,83.9,30.6,2,1.7
P-000359,2025-01-01,1,174.5,3.4,0,4,96.6,13.9,1,1.13
P-000359,2025-02-01,2,228.8,35.0,6,8,47.5,74.8,4,3.88
P-000359,2025-03-01,3,222.7,37.2,4,11,46.8,72.7,4,4.03
P-000359,2025-04-01,4,227.1,34.5,5,6,47.7,71.1,4,3.93
P-000359,2025-05-01,5,223.3,30.8,8,8,48.7,73.8,4,3.72
P-000359,2025-06-01,6,126.3,0.0,0,3,120.0,5.0,1,1.0
P-000359,2025-07-01,7,174.8,4.8,0,4,96.1,15.3,1,1.37
P-000359,2025-08-01,8,177.8,9.5,1,4,94.2,21.3,1,1.77
P-000359,2025-09-01,9,175.4,7.2,1,4,95.1,18.3,1,1.36
P-000359,2025-10-01,10,174.4,6.2,0,3,95.5,15.6,1,1.55
P-000359,2025-11-01,11,172.4,5.3,2,5,95.9,18.2,1,1.16
P-000359,2025-12-01,12,176.8,1.9,0,4,97.2,15.1,1,1.58
P-000360,2025-01-01,1,178.3,9.8,2,4,86.1,24.5,2,1.65
P-000360,2025-02-01,2,181.7,8.2,3,4,86.7,27.3,2,1.94
P-000360,2025-03-01,3,180.5,1.6,2,5,89.4,21.1,2,1.35
P-000360,2025-04-01,4,219.9,32.6,8,10,42.9,75.0,3,3.41
P-000360,2025-05-01,5,207.0,33.8,6,8,48.4,66.7,3,3.95
P-000360,2025-06-01,6,216.5,35.7,4,10,44.8,69.4,4,3.92
P-000360,2025-07-01,7,214.9,32.5,5,7,45.5,68.9,4,4.67
P-000360,2025-08-01,8,228.7,35.2,5,10,50.3,74.2,3,3.96
P-000360,2025-09-01,9,183.4,9.4,2,5,86.2,26.2,2,1.42
P-000360,2025-10-01,10,178.6,10.9,3,4,85.6,27.8,2,2.07
P-000360,2025-11-01,11,181.9,3.7,3,3,88.5,22.8,2,1.27
P-000360,2025-12-01,12,180.3,11.6,2,5,85.3,27.0,2,1.75
P-000361,2025-01-01,1,174.9,2.9,2,4,95.0,17.9,2,1.3
P-000361,2025-02-01,2,170.2,7.2,3,4,93.1,19.9,2,1.23
P-000361,2025-03-01,3,176.7,7.1,0,4,91.0,17.2,2,1.12
P-000361,2025-04-01,4,172.4,0.9,4,5,99.6,19.0,2,1.19
P-000361,2025-05-01,5,178.7,2.3,4,4,96.8,22.7,2,1.61
P-000361,2025-06-01,6,175.0,4.7,2,4,95.2,18.7,2,1.31
P-000361,2025-07-01,7,175.1,8.5,1,6,90.1,21.3,2,1.5
P-000361,2025-08-01,8,169.0,8.7,4,4,92.3,22.7,2,1.58
P-000361,2025-09-01,9,174.7,8.7,1,6,93.4,19.4,2,1.0
P-000361,2025-10-01,10,176.5,7.5,4,4,89.2,26.5,2,1.97
P-000361,2025-11-01,11,171.4,5.0,0,4,96.1,13.2,2,1.0
P-000361,2025-12-01,12,168.0,7.1,2,3,88.8,19.0,2,1.83
P-000362,2025-01-01,1,186.0,10.1,3,3,86.0,29.4,2,2.09
P-000362,2025-02-01,2,186.6,11.9,4,4,85.2,32.1,2,1.78
P-000362,2025-03-01,3,181.6,9.8,2,6,86.1,27.4,2,1.82
P-000362,2025-04-01,4,214.5,39.3,8,6,49.0,73.4,3,3.93
P-000362,2025-05-01,5,214.3,35.1,6,8,46.5,70.2,3,3.98
P-000362,2025-06-01,6,210.3,28.0,4,10,46.9,62.9,4,3.64
P-000362,2025-07-01,7,217.9,31.3,5,10,40.0,67.4,3,2.63
P-000362,2025-08-01,8,221.1,38.8,9,8,45.1,78.3,4,3.55
P-000362,2025-09-01,9,185.6,9.4,4,5,86.2,32.0,2,2.11
P-000362,2025-10-01,10,175.4,10.5,1,6,85.8,25.5,2,2.47
P-000362,2025-11-01,11,185.2,11.2,1,5,85.5,27.0,2,1.8
P-000362,2025-12-01,12,178.7,10.0,1,5,86.0,24.0,2,1.75
P-000363,2025-01-01,1,172.6,6.8,1,3,87.4,17.4,2,1.14
P-000363,2025-02-01,2,175.2,6.0,2,6,95.2,21.0,2,1.49
P-000363,2025-03-01,3,170.8,0.3,3,5,96.7,18.1,2,1.58
P-000363,2025-04-01,4,172.5,5.2,0,5,94.4,15.9,2,1.49
P-000363,2025-05-01,5,175.2,4.9,2,3,90.2,19.8,2,1.59
P-000363,2025-06-01,6,169.8,6.3,4,3,91.9,21.4,2,1.56
P-000363,2025-07-01,7,179.1,5.0,4,4,92.6,24.6,2,1.56
P-000363,2025-08-01,8,183.2,0.0,2,3,96.1,19.6,2,1.66
P-000363,2025-09-01,9,173.9,2.0,0,4,92.1,15.4,2,1.71
P-000363,2025-10-01,10,185.1,6.4,1,4,93.0,21.9,2,1.42
P-000363,2025-11-01,11,171.8,0.8,0,4,91.5,14.0,2,1.61
P-000363,2025-12-01,12,173.8,8.9,4,3,85.1,24.7,2,1.37
P-000364,2025-01-01,1,175.7,10.3,1,6,85.9,22.3,2,1.19
P-000364,2025-02-01,2,175.8,12.1,4,4,85.1,28.8,2,1.92
P-000364,2025-03-01,3,180.6,11.6,1,6,85.4,25.8,2,1.65
P-000364,2025-04-01,4,211.5,23.6,5,9,45.1,65.0,3,4.49
P-000364,2025-05-01,5,211.3,38.7,4,6,47.3,66.3,3,4.17
P-000364,2025-06-01,6,208.0,27.5,6,10,50.2,66.3,4,4.29
P-000364,2025-07-01,7,216.0,30.5,7,6,46.6,68.2,3,3.57
P-000364,2025-08-01,8,218.9,37.5,6,7,40.0,74.4,4,4.41
P-000364,2025-09-01,9,177.5,10.1,1,5,86.0,23.5,2,1.72
P-000364,2025-10-01,10,174.4,9.3,4,5,86.3,26.9,2,1.67
P-000364,2025-11-01,11,185.3,13.8,4,5,84.5,32.9,2,1.68
P-000364,2025-12-01,12,183.5,7.7,4,5,86.9,28.7,2,1.45
P-000365,2025-01-01,1,170.0,3.7,3,4,96.5,18.3,1,1.49
P-000365,2025-02-01,2,216.4,34.8,9,13,47.5,78.4,4,3.76
P-000365,2025-03-01,3,226.4,35.9,4,9,47.2,71.6,4,3.85
P-000365,2025-04-01,4,210.6,38.8,4,7,46.4,67.4,4,4.35
P-000365,2025-05-01,5,215.2,34.6,6,11,47.6,72.1,4,3.98
P-000365,2025-06-01,6,111.2,0.0,0,3,120.0,5.0,1,1.0
P-000365,2025-07-01,7,166.4,5.5,1,5,95.8,14.2,1,1.07
P-000365,2025-08-01,8,160.6,9.5,1,5,94.2,14.2,1,1.08
P-000365,2025-09-01,9,161.6,7.8,1,4,94.9,14.5,1,1.68
P-000365,2025-10-01,10,162.1,3.8,1,4,96.5,11.6,1,1.2
P-000365,2025-11-01,11,163.4,3.3,1,3,96.7,12.1,1,1.62
P-000365,2025-12-01,12,160.7,6.0,3,4,95.6,15.6,1,1.24
P-000366,2025-01-01,1,167.0,7.4,2,7,92.3,19.9,2,1.46
P-000366,2025-02-01,2,172.9,4.9,0,4,89.4,15.3,2,1.14
P-000366,2025-03-01,3,167.2,6.7,2,7,88.8,22.5,2,2.35
P-000366,2025-04-01,4,170.9,4.0,1,5,94.8,17.5,2,1.92
P-000366,2025-05-01,5,168.0,4.0,0,5,96.2,14.3,2,1.84
P-000366,2025-06-01,6,163.7,1.8,1,6,92.5,14.5,2,1.66
P-000366,2025-07-01,7,167.8,4.5,0,5,92.1,15.0,2,1.74
P-000366,2025-08-01,8,168.6,6.7,0,4,96.0,14.0,2,1.41
P-000366,2025-09-01,9,169.7,9.1,3,5,95.4,22.7,2,2.04
P-000366,2025-10-01,10,174.4,7.2,1,6,95.2,19.6,2,1.5
P-000366,2025-11-01,11,172.7,7.4,1,5,90.0,19.0,2,1.35
P-000366,2025-12-01,12,169.8,4.6,2,4,92.5,18.6,2,1.83
P-000367,2025-01-01,1,165.2,6.9,0,6,89.2,16.1,2,1.65
P-000367,2025-02-01,2,171.7,6.4,4,5,89.4,23.7,2,1.47
P-000367,2025-03-01,3,166.6,9.9,3,6,88.0,23.3,2,1.74
P-000367,2025-04-01,4,166.5,9.5,1,4,88.2,18.8,2,1.92
P-000367,2025-05-01,5,167.8,8.1,2,4,88.8,20.1,2,1.86
P-000367,2025-06-01,6,197.8,33.7,4,8,59.9,55.5,4,2.98
P-000367,2025-07-01,7,202.9,25.4,5,9,62.4,55.5,4,2.92
P-000367,2025-08-01,8,172.4,6.6,2,4,89.4,21.0,2,1.85
P-000367,2025-09-01,9,169.1,9.8,2,6,88.1,22.6,2,1.82
P-000367,2025-10-01,10,173.8,5.2,1,4,89.9,18.0,2,1.43
P-000367,2025-11-01,11,165.9,6.8,1,5,89.3,16.2,2,1.23
P-000367,2025-12-01,12,175.7,6.7,3,3,89.3,22.1,2,1.43
P-000368,2025-01-01,1,176.7,5.1,1,4,96.0,18.1,1,1.51
P-000368,2025-02-01,2,219.1,38.8,5,13,46.4,74.6,4,3.79
P-000368,2025-03-01,3,218.7,39.6,6,9,46.1,73.8,4,3.78
P-000368,2025-04-01,4,216.4,37.3,6,6,46.8,69.5,4,3.59
P-000368,2025-05-01,5,218.3,46.0,8,10,44.2,81.6,4,4.11
P-000368,2025-06-01,6,120.7,0.0,0,3,120.0,5.0,1,1.0
P-000368,2025-07-01,7,167.4,5.1,0,4,96.0,12.6,1,1.26
P-000368,2025-08-01,8,178.1,5.9,0,6,95.6,17.4,1,1.0
P-000368,2025-09-01,9,174.0,0.1,0,4,98.0,12.8,1,1.42
P-000368,2025-10-01,10,175.1,6.8,0,4,95.3,15.5,1,1.02
P-000368,2025-11-01,11,173.3,4.5,1,4,96.2,16.9,1,1.65
P-000368,2025-12-01,12,169.5,7.4,0,5,95.0,15.4,1,1.38
P-000369,2025-01-01,1,176.5,6.7,3,3,88.1,23.1,2,1.62
P-000369,2025-02-01,2,180.4,9.5,0,6,83.4,22.9,2,1.38
P-000369,2025-03-01,3,175.8,10.2,4,6,92.4,26.3,2,1.25
P-000369,2025-04-01,4,181.6,2.2,1,5,90.1,20.3,2,1.51
P-000369,2025-05-01,5,164.4,1.2,3,5,95.0,16.2,2,1.43
P-000369,2025-06-01,6,184.5,4.9,4,4,93.7,27.0,2,1.83
P-000369,2025-07-01,7,181.2,6.9,4,4,90.8,25.3,2,1.08
P-000369,2025-08-01,8,177.3,7.8,2,5,93.9,23.0,2,1.83
P-000369,2025-09-01,9,182.6,3.7,1,5,90.5,21.1,2,1.46
P-000369,2025-10-01,10,178.0,4.7,4,6,93.8,23.8,2,1.0
P-000369,2025-11-01,11,181.7,5.6,2,3,89.1,21.1,2,1.0
P-000369,2025-12-01,12,178.8,9.1,0,6,92.8,21.2,2,1.7
P-000370,2025-01-01,1,182.9,12.0,2,4,87.7,26.9,2,1.72
P-000370,2025-02-01,2,181.8,2.3,3,3,92.0,22.6,2,1.71
P-000370,2025-03-01,3,184.2,5.8,0,6,94.9,19.9,2,1.12
P-000370,2025-04-01,4,190.7,5.0,0,4,93.4,23.2,2,2.09
P-000370,2025-05-01,5,178.3,8.2,2,5,84.9,24.1,3,1.42
P-000370,2025-06-01,6,182.1,6.0,1,3,91.8,19.4,2,1.07
P-000370,2025-07-01,7,178.7,1.6,4,3,97.1,21.6,2,1.55
P-000370,2025-08-01,8,179.8,8.1,2,5,90.6,23.3,2,1.34
P-000370,2025-09-01,9,177.9,2.2,2,3,94.0,17.5,2,1.06
P-000370,2025-10-01,10,181.8,7.5,3,4,90.5,24.2,2,1.1
P-000370,2025-11-01,11,177.1,9.5,4,5,93.6,26.7,2,1.72
P-000370,2025-12-01,12,178.3,0.0,1,3,97.4,14.6,2,1.09
P-000371,2025-01-01,1,172.4,7.1,4,6,87.0,25.4,2,1.49
P-000371,2025-02-01,2,176.1,6.1,0,6,91.9,17.7,2,1.1
P-000371,2025-03-01,3,174.2,7.7,3,5,92.4,23.1,2,1.57
P-000371,2025-04-01,4,172.4,3.5,4,3,93.2,20.8,2,1.53
P-000371,2025-05-01,5,173.6,7.7,3,5,92.7,21.5,2,1.06
P-000371,2025-06-01,6,171.9,10.8,2,3,87.7,21.6,2,1.63
P-000371,2025-07-01,7,165.8,10.2,0,4,90.6,16.3,2,1.71
P-000371,2025-08-01,8,166.9,4.8,4,4,93.6,20.4,2,1.67
P-000371,2025-09-01,9,169.4,3.4,2,4,93.3,15.8,2,1.01
P-000371,2025-10-01,10,169.3,9.8,0,5,94.3,16.1,2,1.25
P-000371,2025-11-01,11,180.0,8.6,2,4,85.7,24.8,2,1.7
P-000371,2025-12-01,12,169.8,0.9,0,4,95.7,12.7,2,1.65
P-000372,2025-01-01,1,180.4,2.2,0,5,100.0,16.7,2,1.64
P-000372,2025-02-01,2,181.8,12.8,4,4,91.8,29.3,2,1.69
P-000372,2025-03-01,3,180.2,0.0,2,7,94.3,20.2,2,1.11
P-000372,2025-04-01,4,176.2,0.0,1,3,93.8,16.0,2,1.7
P-000372,2025-05-01,5,179.8,2.3,0,5,89.6,20.0,2,2.22
P-000372,2025-06-01,6,178.0,4.0,2,5,94.0,21.3,2,1.73
P-000372,2025-07-01,7,179.2,5.4,1,6,90.6,21.0,2,1.34
P-000372,2025-08-01,8,172.0,3.6,3,5,95.0,20.6,2,1.75
P-000372,2025-09-01,9,177.0,9.2,4,5,89.3,26.9,2,1.55
P-000372,2025-10-01,10,172.6,3.6,2,5,94.5,18.8,2,1.55
P-000372,2025-11-01,11,175.6,7.3,0,4,92.4,17.6,2,1.47
P-000372,2025-12-01,12,178.4,6.6,0,5,94.3,17.4,2,1.0
P-000373,2025-01-01,1,167.9,11.2,0,5,91.6,17.9,2,1.72
P-000373,2025-02-01,2,170.1,3.0,1,5,91.3,15.6,2,1.15
P-000373,2025-03-01,3,179.4,6.8,2,3,93.8,20.2,2,1.15
P-000373,2025-04-01,4,172.2,10.6,0,5,89.8,20.5,2,2.12
P-000373,2025-05-01,5,169.3,7.9,3,3,90.3,19.5,2,1.14
P-000373,2025-06-01,6,166.3,2.8,3,5,100.1,16.6,2,1.46
P-000373,2025-07-01,7,166.5,6.8,3,3,89.3,18.7,2,1.35
P-000373,2025-08-01,8,172.1,3.6,4,5,96.5,21.8,2,1.67
P-000373,2025-09-01,9,165.6,6.9,3,5,90.7,18.7,2,1.0
P-000373,2025-10-01,10,162.8,8.1,4,6,90.4,23.2,2,2.05
P-000373,2025-11-01,11,163.4,8.5,2,3,89.3,16.8,2,1.4
P-000373,2025-12-01,12,162.2,4.0,0,5,91.3,13.0,2,1.73
P-000374,2025-01-01,1,169.9,5.8,1,5,89.7,17.2,2,1.26
P-000374,2025-02-01,2,168.5,3.7,4,3,90.5,20.3,2,1.65
P-000374,2025-03-01,3,221.1,45.1,8,8,41.5,80.7,3,3.85
P-000374,2025-04-01,4,226.0,46.4,4,13,41.1,79.5,4,3.77
P-000374,2025-05-01,5,222.1,41.5,10,11,42.6,85.7,4,4.24
P-000374,2025-06-01,6,216.0,38.1,4,11,43.6,72.1,3,4.31
P-000374,2025-07-01,7,209.8,38.9,4,12,43.3,70.6,4,4.19
P-000374,2025-08-01,8,222.4,32.9,8,7,45.1,76.2,3,4.42
P-000374,2025-09-01,9,221.2,38.7,6,8,43.4,74.2,3,3.8
P-000374,2025-10-01,10,176.4,8.9,2,5,88.4,23.8,2,1.7
P-000374,2025-11-01,11,175.0,9.9,3,3,88.0,25.4,2,2.19
P-000374,2025-12-01,12,180.0,3.2,2,4,90.7,21.6,2,1.72
P-000375,2025-01-01,1,176.4,7.3,4,5,91.9,24.4,2,1.15
P-000375,2025-02-01,2,175.3,9.5,1,5,89.8,21.3,2,1.55
P-000375,2025-03-01,3,179.5,14.4,4,4,83.2,30.7,2,1.68
P-000375,2025-04-01,4,175.3,2.2,4,3,93.9,20.0,2,1.05
P-000375,2025-05-01,5,174.5,5.6,0,5,90.9,17.7,2,1.6
P-000375,2025-06-01,6,176.0,0.4,2,5,98.2,18.3,2,1.7
P-000375,2025-07-01,7,174.2,5.8,0,5,88.3,17.6,2,1.37
P-000375,2025-08-01,8,174.5,8.2,3,3,96.0,20.9,2,1.38
P-000375,2025-09-01,9,174.5,3.4,4,3,93.1,21.0,2,1.32
P-000375,2025-10-01,10,167.8,7.0,0,5,85.7,16.4,2,1.38
P-000375,2025-11-01,11,174.9,4.0,1,7,93.9,20.6,2,1.98
P-000375,2025-12-01,12,167.8,11.8,3,3,95.9,21.2,2,1.81
P-000376,2025-01-01,1,171.2,8.8,2,5,97.5,19.4,2,1.39
P-000376,2025-02-01,2,173.4,2.5,0,4,95.8,14.7,2,1.7
P-000376,2025-03-01,3,173.3,0.1,0,5,94.0,16.1,2,2.28
P-000376,2025-04-01,4,171.4,12.0,2,3,87.6,20.7,2,1.11
P-000376,2025-05-01,5,173.1,11.5,4,4,87.6,25.0,2,1.11
P-000376,2025-06-01,6,169.3,10.0,2,4,87.6,20.6,2,1.43
P-000376,2025-07-01,7,170.1,6.0,3,4,88.2,21.1,2,1.57
P-000376,2025-08-01,8,177.9,0.8,1,4,94.0,17.0,2,1.49
P-000376,2025-09-01,9,164.8,5.1,3,7,93.7,19.9,2,1.61
P-000376,2025-10-01,10,168.5,8.4,2,4,90.3,20.2,2,1.87
P-000376,2025-11-01,11,176.0,6.6,1,5,91.8,21.1,2,1.96
P-000376,2025-12-01,12,167.3,4.4,0,6,88.1,15.3,2,1.37
P-000377,2025-01-01,1,182.2,10.4,1,5,77.8,27.9,3,2.16
P-000377,2025-02-01,2,184.5,17.4,5,6,75.0,39.9,3,2.35
P-000377,2025-03-01,3,173.5,18.0,4,5,74.8,35.2,3,2.81
P-000377,2025-04-01,4,237.7,44.7,7,13,40.8,90.5,5,4.81
P-000377,2025-05-01,5,234.8,43.1,8,11,44.7,88.2,5,4.7
P-000377,2025-06-01,6,228.7,35.1,6,12,38.2,80.8,5,4.5
P-000377,2025-07-01,7,236.7,47.7,8,12,38.7,91.5,5,4.29
P-000377,2025-08-01,8,241.8,41.3,7,8,39.0,87.1,5,4.63
P-000377,2025-09-01,9,255.3,52.1,10,9,37.0,98.0,5,4.29
P-000377,2025-10-01,10,253.0,58.6,8,12,39.3,98.0,5,4.47
P-000377,2025-11-01,11,258.2,57.7,14,10,44.2,98.0,5,4.49
P-000377,2025-12-01,12,249.2,57.4,6,11,41.1,96.3,5,4.6
P-000378,2025-01-01,1,178.5,6.0,4,5,89.5,26.3,2,1.64
P-000378,2025-02-01,2,188.3,9.8,1,5,91.4,26.3,2,1.78
P-000378,2025-03-01,3,179.5,4.0,3,5,99.0,21.6,2,1.35
P-000378,2025-04-01,4,179.6,6.6,3,6,89.7,24.7,2,1.18
P-000378,2025-05-01,5,176.4,5.9,4,6,89.7,24.9,2,1.12
P-000378,2025-06-01,6,184.2,3.3,1,3,96.8,20.7,2,2.12
P-000378,2025-07-01,7,174.1,7.8,1,3,93.9,19.8,2,2.21
P-000378,2025-08-01,8,181.2,4.0,1,5,91.3,20.6,2,1.46
P-000378,2025-09-01,9,171.2,6.7,1,6,87.6,20.8,2,1.93
P-000378,2025-10-01,10,177.6,8.6,2,3,92.6,20.8,2,1.24
P-000378,2025-11-01,11,169.4,7.9,0,5,95.3,16.6,2,1.81
P-000378,2025-12-01,12,180.0,5.9,2,6,92.0,23.9,2,1.75
P-000379,2025-01-01,1,180.2,17.6,3,4,74.9,35.1,3,2.81
P-000379,2025-02-01,2,195.2,16.1,5,8,75.6,44.3,3,2.32
P-000379,2025-03-01,3,188.8,16.7,5,6,75.3,42.6,3,2.93
P-000379,2025-04-01,4,229.7,40.7,5,10,46.3,78.8,5,4.48
P-000379,2025-05-01,5,243.6,51.8,7,15,47.0,95.5,5,4.74
P-000379,2025-06-01,6,236.1,50.2,9,12,44.4,93.5,5,4.52
P-000379,2025-07-01,7,256.7,49.9,6,10,36.5,96.2,5,4.69
P-000379,2025-08-01,8,249.9,39.6,14,15,34.7,98.0,5,4.7
P-000379,2025-09-01,9,248.3,52.6,6,10,37.2,93.3,5,4.3
P-000379,2025-10-01,10,258.8,54.8,5,10,34.6,96.9,5,4.38
P-000379,2025-11-01,11,263.0,56.8,6,9,37.4,98.0,5,4.81
P-000379,2025-12-01,12,264.4,56.8,14,9,32.8,98.0,5,4.69
P-000380,2025-01-01,1,176.2,7.8,4,4,93.5,24.2,2,1.4
P-000380,2025-02-01,2,189.2,2.2,3,3,97.2,23.0,2,1.24
P-000380,2025-03-01,3,186.5,7.4,2,5,89.3,26.0,2,1.47
P-000380,2025-04-01,4,178.2,12.6,2,3,91.5,23.7,2,1.57
P-000380,2025-05-01,5,186.0,4.7,1,3,92.5,20.1,2,1.09
P-000380,2025-06-01,6,181.1,4.4,1,5,93.3,19.8,2,1.23
P-000380,2025-07-01,7,185.9,6.2,1,5,91.4,23.3,2,1.5
P-000380,2025-08-01,8,184.6,9.1,1,5,91.5,24.7,2,1.79
P-000380,2025-09-01,9,184.6,8.7,3,5,91.5,25.9,2,1.0
P-000380,2025-10-01,10,173.8,7.4,1,5,92.1,18.8,2,1.25
P-000380,2025-11-01,11,175.6,7.1,0,5,89.9,17.4,2,1.0
P-000380,2025-12-01,12,190.1,5.9,0,5,94.2,22.1,2,1.38
P-000381,2025-01-01,1,177.8,1.6,1,4,96.6,16.5,2,1.35
P-000381,2025-02-01,2,176.9,6.6,2,5,89.7,22.6,2,1.62
P-000381,2025-03-01,3,175.4,6.7,3,4,95.2,21.7,2,1.49
P-000381,2025-04-01,4,173.4,8.5,3,5,91.0,23.9,2,1.77
P-000381,2025-05-01,5,175.2,5.4,1,5,96.5,17.3,3,1.13
P-000381,2025-06-01,6,179.1,11.6,4,6,85.3,31.5,2,2.1
P-000381,2025-07-01,7,174.4,9.6,4,3,92.2,24.4,2,1.58
P-000381,2025-08-01,8,177.6,7.6,3,5,90.2,24.5,2,1.5
P-000381,2025-09-01,9,171.4,7.9,2,3,90.5,21.5,2,2.35
P-000381,2025-10-01,10,172.9,5.4,0,4,92.7,15.7,2,1.46
P-000381,2025-11-01,11,175.6,9.6,2,5,92.3,22.1,2,1.31
P-000381,2025-12-01,12,175.5,6.2,0,5,92.1,16.6,2,1.0
P-000382,2025-01-01,1,179.1,13.5,1,5,86.6,25.8,2,1.9
P-000382,2025-02-01,2,183.6,13.9,3,5,86.4,30.9,2,1.89
P-000382,2025-03-01,3,230.3,42.7,9,8,42.2,84.4,3,3.85
P-000382,2025-04-01,4,237.9,38.5,6,12,43.4,84.0,3,4.35
P-000382,2025-05-01,5,229.7,45.2,7,7,41.4,82.1,3,4.12
P-000382,2025-06-01,6,243.5,33.1,6,8,45.1,80.5,4,4.25
P-000382,2025-07-01,7,230.3,35.4,8,7,44.4,80.5,3,4.58
P-000382,2025-08-01,8,236.1,42.7,6,13,42.2,84.8,4,3.84
P-000382,2025-09-01,9,230.8,37.8,7,8,43.6,78.7,4,3.74
P-000382,2025-10-01,10,186.6,6.7,2,4,89.3,27.2,2,2.35
P-000382,2025-11-01,11,190.1,10.0,2,4,88.0,28.3,2,1.64
P-000382,2025-12-01,12,183.6,8.2,1,5,88.7,24.9,2,1.95
P-000383,2025-01-01,1,191.3,3.2,2,7,88.7,28.5,2,1.96
P-000383,2025-02-01,2,190.7,13.3,4,4,84.7,33.8,2,1.64
P-000383,2025-03-01,3,187.6,13.4,2,4,84.6,30.5,2,2.05
P-000383,2025-04-01,4,209.2,45.9,4,8,40.9,69.6,4,3.56
P-000383,2025-05-01,5,233.8,25.1,8,10,54.1,74.7,4,3.41
P-000383,2025-06-01,6,226.3,28.3,5,11,44.2,71.6,4,3.69
P-000383,2025-07-01,7,220.8,25.8,6,10,52.3,68.5,3,3.86
P-000383,2025-08-01,8,216.6,28.4,4,9,53.1,62.9,3,3.4
P-000383,2025-09-01,9,196.0,11.0,2,3,85.6,31.3,2,1.91
P-000383,2025-10-01,10,195.2,14.0,1,5,84.4,32.0,2,1.86
P-000383,2025-11-01,11,186.9,4.4,4,4,88.2,28.2,2,1.65
P-000383,2025-12-01,12,188.4,13.1,1,5,84.7,28.6,2,1.62
P-000384,2025-01-01,1,177.7,4.0,0,5,96.4,15.8,1,1.07
P-000384,2025-02-01,2,221.4,35.5,6,11,47.4,73.4,4,3.48
P-000384,2025-03-01,3,224.2,40.3,6,11,45.9,77.4,4,3.77
P-000384,2025-04-01,4,228.1,36.2,9,7,47.1,78.6,4,3.56
P-000384,2025-05-01,5,232.2,36.2,5,10,47.1,75.7,4,3.67
P-000384,2025-06-01,6,125.4,0.0,0,3,120.0,5.0,1,1.0
P-000384,2025-07-01,7,180.4,3.1,2,4,96.8,19.1,1,1.12
P-000384,2025-08-01,8,179.9,6.0,0,4,95.6,17.7,1,1.41
P-000384,2025-09-01,9,174.0,4.3,0,5,96.3,14.8,1,1.1
P-000384,2025-10-01,10,175.2,6.9,2,4,95.2,19.6,1,1.31
P-000384,2025-11-01,11,180.9,2.9,2,4,96.9,20.1,1,1.49
P-000384,2025-12-01,12,176.0,6.7,2,5,95.3,21.3,1,1.64
P-000385,2025-01-01,1,180.7,8.2,0,4,88.7,20.6,2,1.56
P-000385,2025-02-01,2,181.0,4.7,4,5,90.1,27.8,2,2.16
P-000385,2025-03-01,3,235.4,34.5,7,11,44.7,81.5,4,4.05
P-000385,2025-04-01,4,226.9,34.0,11,7,44.8,83.0,4,4.32
P-000385,2025-05-01,5,231.3,37.5,4,11,43.8,78.0,4,4.66
P-000385,2025-06-01,6,228.2,35.1,7,7,44.5,77.4,4,4.36
P-000385,2025-07-01,7,220.1,40.1,10,11,43.0,83.0,3,3.74
P-000385,2025-08-01,8,232.6,29.7,6,10,46.1,76.2,3,4.13
P-000385,2025-09-01,9,232.5,33.3,7,11,45.0,79.7,3,3.94
P-000385,2025-10-01,10,179.0,10.2,3,4,87.9,25.9,2,1.54
P-000385,2025-11-01,11,180.7,10.4,1,5,87.8,24.2,2,1.64
P-000385,2025-12-01,12,179.6,9.5,0,5,88.2,21.6,2,1.61
P-000386,2025-01-01,1,197.6,15.7,4,4,75.7,38.8,3,1.59
P-000386,2025-02-01,2,189.0,9.2,1,7,78.3,33.2,3,3.01
P-000386,2025-03-01,3,184.8,18.8,5,5,74.5,39.5,3,2.12
P-000386,2025-04-01,4,228.6,42.3,6,10,38.4,82.6,5,4.63
P-000386,2025-05-01,5,247.3,41.5,8,9,41.8,90.2,5,4.34
P-000386,2025-06-01,6,250.7,45.4,6,11,42.3,91.3,5,4.48
P-000386,2025-07-01,7,253.2,46.6,10,12,42.5,98.0,5,4.74
P-000386,2025-08-01,8,259.4,52.7,9,11,35.7,98.0,5,3.92
P-000386,2025-09-01,9,263.6,52.9,8,10,39.6,98.0,5,4.52
P-000386,2025-10-01,10,259.5,46.3,11,9,32.5,98.0,5,4.41
P-000386,2025-11-01,11,261.7,47.1,14,8,34.3,98.0,5,4.62
P-000386,2025-12-01,12,268.0,50.7,9,7,42.2,98.0,5,4.47
P-000387,2025-01-01,1,173.5,5.8,1,6,93.6,18.4,2,1.25
P-000387,2025-02-01,2,170.6,8.2,3,5,92.4,23.0,2,1.95
P-000387,2025-03-01,3,166.4,2.3,3,6,92.0,17.8,2,1.16
P-000387,2025-04-01,4,172.8,10.2,4,4,90.1,24.8,2,1.44
P-000387,2025-05-01,5,172.8,2.8,3,6,94.6,21.2,2,1.72
P-000387,2025-06-01,6,177.8,2.2,3,4,96.9,20.7,2,1.62
P-000387,2025-07-01,7,169.4,0.4,3,4,92.4,17.9,2,1.66
P-000387,2025-08-01,8,171.2,6.7,3,5,91.1,22.5,2,1.82
P-000387,2025-09-01,9,163.7,6.1,3,5,95.7,18.3,2,1.65
P-000387,2025-10-01,10,165.8,0.0,1,6,98.1,13.4,2,1.64
P-000387,2025-11-01,11,174.6,7.6,4,4,94.4,23.7,2,1.53
P-000387,2025-12-01,12,166.9,7.2,3,4,90.5,20.0,2,1.57
P-000388,2025-01-01,1,173.7,6.2,2,3,88.5,20.5,2,1.73
P-000388,2025-02-01,2,166.2,6.2,4,4,87.9,20.4,2,1.11
P-000388,2025-03-01,3,169.8,5.9,3,4,96.4,18.6,2,1.24
P-000388,2025-04-01,4,171.4,7.9,2,6,87.9,21.8,3,1.49
P-000388,2025-05-01,5,168.9,9.7,2,5,85.1,22.1,2,1.67
P-000388,2025-06-01,6,172.2,5.4,1,4,90.2,18.1,2,1.69
P-000388,2025-07-01,7,177.6,2.6,3,4,94.3,19.7,2,1.0
P-000388,2025-08-01,8,174.2,3.7,4,5,92.4,23.1,2,1.55
P-000388,2025-09-01,9,172.9,7.7,3,4,90.3,21.9,2,1.37
P-000388,2025-10-01,10,171.3,5.1,1,4,94.7,17.2,2,1.83
P-000388,2025-11-01,11,166.2,6.1,1,5,94.9,14.4,2,1.0
P-000388,2025-12-01,12,170.4,0.5,3,4,90.5,17.7,2,1.25
P-000389,2025-01-01,1,180.6,4.4,1,5,90.2,21.2,2,1.65
P-000389,2025-02-01,2,179.7,7.2,0,4,89.1,19.6,2,1.49
P-000389,2025-03-01,3,226.9,37.4,5,11,43.8,75.6,4,3.65
P-000389,2025-04-01,4,220.1,39.2,9,12,43.2,81.4,4,3.67
P-000389,2025-05-01,5,222.3,47.1,7,13,40.9,83.2,4,3.63
P-000389,2025-06-01,6,218.3,39.0,11,9,43.3,82.8,4,3.95
P-000389,2025-07-01,7,230.7,32.7,4,9,45.2,72.8,4,4.09
P-000389,2025-08-01,8,211.1,39.7,7,11,43.1,75.7,3,4.16
P-000389,2025-09-01,9,220.3,42.9,4,12,42.1,75.4,4,3.87
P-000389,2025-10-01,10,171.7,10.0,2,4,88.0,22.4,2,1.85
P-000389,2025-11-01,11,177.1,7.3,0,5,89.1,20.8,2,2.06
P-000389,2025-12-01,12,170.0,8.7,2,5,88.5,22.4,2,2.1
P-000390,2025-01-01,1,191.9,20.8,3,6,73.7,42.7,3,3.06
P-000390,2025-02-01,2,200.2,12.5,1,7,77.0,38.4,3,2.88
P-000390,2025-03-01,3,206.1,15.4,2,6,75.8,42.5,3,2.71
P-000390,2025-04-01,4,242.6,46.7,9,7,43.9,90.7,5,4.38
P-000390,2025-05-01,5,252.9,42.8,6,10,43.0,89.6,5,4.27
P-000390,2025-06-01,6,252.0,47.0,13,10,38.5,98.0,5,3.91
P-000390,2025-07-01,7,257.0,53.2,7,11,42.8,98.0,5,4.43
P-000390,2025-08-01,8,268.3,51.4,7,15,39.5,98.0,5,4.41
P-000390,2025-09-01,9,258.3,54.4,14,7,29.1,98.0,5,4.46
P-000390,2025-10-01,10,269.8,55.2,9,10,36.7,98.0,5,4.13
P-000390,2025-11-01,11,269.9,51.8,14,14,39.5,98.0,5,4.33
P-000390,2025-12-01,12,270.1,53.7,10,13,45.5,98.0,5,4.62
P-000391,2025-01-01,1,170.2,3.5,2,4,90.6,17.6,2,1.42
P-000391,2025-02-01,2,170.6,6.3,0,4,89.5,16.5,2,1.7
P-000391,2025-03-01,3,174.3,5.0,1,5,90.0,19.8,2,1.83
P-000391,2025-04-01,4,170.5,13.5,2,6,86.6,23.9,2,1.41
P-000391,2025-05-01,5,174.9,6.9,0,6,89.2,18.6,2,1.31
P-000391,2025-06-01,6,218.4,23.3,4,7,63.0,57.6,4,3.19
P-000391,2025-07-01,7,205.1,18.3,3,7,64.5,48.0,4,2.8
P-000391,2025-08-01,8,171.7,6.1,2,4,89.6,19.4,2,1.42
P-000391,2025-09-01,9,174.6,3.6,1,5,90.6,18.7,2,1.63
P-000391,2025-10-01,10,171.3,5.5,1,6,89.8,18.0,2,1.19
P-000391,2025-11-01,11,183.5,0.0,1,4,92.0,18.7,2,1.34
P-000391,2025-12-01,12,180.7,9.7,2,5,88.1,26.1,2,1.86
P-000392,2025-01-01,1,172.7,9.5,1,4,87.5,20.6,2,1.7
P-000392,2025-02-01,2,173.2,5.7,2,5,93.9,19.5,2,1.37
P-000392,2025-03-01,3,172.9,4.8,1,4,93.7,16.3,2,1.21
P-000392,2025-04-01,4,186.5,7.8,2,5,93.8,25.4,2,1.51
P-000392,2025-05-01,5,179.4,4.0,2,4,96.6,20.5,2,1.68
P-000392,2025-06-01,6,171.9,5.5,2,5,89.6,18.8,2,1.0
P-000392,2025-07-01,7,177.6,6.8,4,5,91.3,24.9,2,1.18
P-000392,2025-08-01,8,175.1,4.9,4,3,94.6,21.7,2,1.37
P-000392,2025-09-01,9,176.7,5.9,1,5,96.8,19.7,2,1.83
P-000392,2025-10-01,10,180.5,3.3,1,5,92.3,20.0,2,1.49
P-000392,2025-11-01,11,177.2,4.3,2,4,90.9,19.5,2,1.1
P-000392,2025-12-01,12,175.5,4.7,4,3,91.9,22.6,2,1.5
P-000393,2025-01-01,1,181.9,3.2,2,5,96.0,21.2,2,1.4
P-000393,2025-02-01,2,183.2,8.4,2,5,91.8,23.8,2,1.08
P-000393,2025-03-01,3,184.0,5.1,3,5,91.4,25.5,2,1.51
P-000393,2025-04-01,4,182.3,6.8,4,5,94.1,27.1,3,1.63
P-000393,2025-05-01,5,176.6,7.8,1,7,90.9,20.9,2,1.04
P-000393,2025-06-01,6,179.4,5.9,1,6,100.3,21.0,2,1.93
P-000393,2025-07-01,7,168.6,7.4,1,4,94.9,17.0,2,1.75
P-000393,2025-08-01,8,181.8,2.1,3,6,92.7,24.8,2,1.87
P-000393,2025-09-01,9,181.8,6.7,2,5,92.9,22.6,2,1.16
P-000393,2025-10-01,10,178.0,3.5,0,5,85.7,17.5,2,1.02
P-000393,2025-11-01,11,183.2,9.8,1,4,96.3,21.3,2,1.15
P-000393,2025-12-01,12,175.5,5.2,1,5,92.6,18.6,2,1.34
P-000394,2025-01-01,1,199.5,16.3,2,7,75.5,39.6,3,2.05
P-000394,2025-02-01,2,187.6,15.0,3,6,76.0,37.8,3,2.85
P-000394,2025-03-01,3,190.9,5.1,4,4,80.0,33.3,3,2.41
P-000394,2025-04-01,4,238.6,53.6,10,10,42.8,96.7,5,4.61
P-000394,2025-05-01,5,246.4,51.7,5,7,38.4,89.3,5,4.69
P-000394,2025-06-01,6,235.3,45.8,7,12,38.0,90.1,5,4.88
P-000394,2025-07-01,7,246.6,50.1,10,10,36.1,98.0,5,4.66
P-000394,2025-08-01,8,254.7,58.5,14,9,40.8,98.0,5,4.53
P-000394,2025-09-01,9,257.0,47.5,8,15,37.2,98.0,5,4.2
P-000394,2025-10-01,10,258.3,53.7,11,11,39.1,98.0,5,4.43
P-000394,2025-11-01,11,260.5,52.8,12,12,34.3,98.0,5,4.45
P-000394,2025-12-01,12,260.3,48.8,12,10,38.4,98.0,5,4.38
P-000395,2025-01-01,1,177.8,4.6,2,4,90.6,20.4,2,1.29
P-000395,2025-02-01,2,171.6,0.9,4,4,91.4,20.9,2,1.68
P-000395,2025-03-01,3,179.2,5.9,1,4,94.5,19.0,2,1.28
P-000395,2025-04-01,4,174.2,9.8,4,4,91.8,25.5,3,1.73
P-000395,2025-05-01,5,178.2,3.5,1,4,93.5,18.1,2,1.39
P-000395,2025-06-01,6,178.1,11.9,4,4,93.0,28.1,2,1.95
P-000395,2025-07-01,7,181.4,4.8,2,5,92.2,22.0,2,1.24
P-000395,2025-08-01,8,179.1,2.8,0,6,96.6,17.2,2,1.38
P-000395,2025-09-01,9,173.6,7.4,1,5,94.0,19.1,2,1.53
P-000395,2025-10-01,10,171.9,4.9,1,3,95.1,14.8,2,1.09
P-000395,2025-11-01,11,173.4,6.2,3,5,89.7,23.1,2,1.73
P-000395,2025-12-01,12,177.9,3.0,2,5,96.6,20.2,2,1.64
P-000396,2025-01-01,1,167.6,4.9,0,4,96.0,12.5,1,1.27
P-000396,2025-02-01,2,210.9,33.0,8,6,48.1,68.7,4,3.54
P-000396,2025-03-01,3,212.3,33.2,8,8,48.0,70.6,4,3.5
P-000396,2025-04-01,4,206.1,34.4,4,7,47.7,63.1,4,4.09
P-000396,2025-05-01,5,217.0,31.5,10,8,48.6,74.7,4,3.52
P-000396,2025-06-01,6,113.4,0.0,0,3,120.0,5.0,1,1.0
P-000396,2025-07-01,7,165.9,4.5,2,5,96.2,15.4,1,1.14
P-000396,2025-08-01,8,169.6,2.0,0,4,97.2,12.8,1,1.68
P-000396,2025-09-01,9,166.6,6.6,1,3,95.4,13.6,1,1.09
P-000396,2025-10-01,10,163.8,10.5,0,5,93.8,14.8,1,1.34
P-000396,2025-11-01,11,172.4,6.0,1,4,95.6,16.6,1,1.34
P-000396,2025-12-01,12,170.2,6.3,0,6,95.5,15.8,1,1.41
P-000397,2025-01-01,1,181.8,16.6,4,6,75.4,35.3,3,1.71
P-000397,2025-02-01,2,181.0,12.9,3,6,76.8,32.3,3,1.98
P-000397,2025-03-01,3,183.9,16.5,3,4,75.4,37.1,3,3.32
P-000397,2025-04-01,4,231.1,43.4,6,10,48.3,81.9,5,4.52
P-000397,2025-05-01,5,235.5,37.5,9,8,48.4,84.1,5,4.33
P-000397,2025-06-01,6,235.3,52.9,9,11,40.5,92.3,5,3.67
P-000397,2025-07-01,7,249.1,57.7,6,12,48.0,96.0,5,4.71
P-000397,2025-08-01,8,249.6,50.7,7,14,43.5,96.5,5,4.46
P-000397,2025-09-01,9,250.7,49.8,12,10,38.5,98.0,5,4.49
P-000397,2025-10-01,10,250.0,52.3,10,8,37.6,98.0,5,4.79
P-000397,2025-11-01,11,257.4,56.0,14,12,35.4,98.0,5,4.73
P-000397,2025-12-01,12,260.9,52.6,7,10,33.8,98.0,5,4.98
P-000398,2025-01-01,1,169.9,6.2,0,6,94.5,15.8,2,1.36
P-000398,2025-02-01,2,175.3,8.3,1,4,90.6,19.0,2,1.15
P-000398,2025-03-01,3,163.4,5.0,4,4,85.5,20.3,2,1.5
P-000398,2025-04-01,4,167.1,4.8,4,5,89.1,21.0,2,1.3
P-000398,2025-05-01,5,169.3,4.9,1,4,90.3,16.6,3,1.57
P-000398,2025-06-01,6,164.4,4.9,1,5,90.2,16.1,2,1.76
P-000398,2025-07-01,7,171.2,5.5,2,6,97.5,17.8,2,1.0
P-000398,2025-08-01,8,169.1,1.6,2,4,96.0,15.8,2,1.59
P-000398,2025-09-01,9,170.0,5.3,2,4,89.9,17.6,2,1.09
P-000398,2025-10-01,10,168.0,5.7,4,4,89.1,20.3,2,1.0
P-000398,2025-11-01,11,168.1,2.1,2,5,94.4,15.3,2,1.04
P-000398,2025-12-01,12,165.1,7.7,4,4,93.7,19.8,2,1.21
P-000399,2025-01-01,1,167.5,10.3,4,4,87.9,24.4,2,1.84
P-000399,2025-02-01,2,167.1,11.3,2,5,87.5,21.7,2,1.72
P-000399,2025-03-01,3,207.4,44.6,5,13,41.6,72.8,3,3.36
P-000399,2025-04-01,4,210.3,34.0,5,9,44.8,68.1,4,4.16
P-000399,2025-05-01,5,214.8,33.6,5,12,44.9,70.1,4,3.6
P-000399,2025-06-01,6,222.0,36.8,9,9,43.9,79.9,4,4.04
P-000399,2025-07-01,7,210.6,36.1,10,11,44.2,77.4,4,3.58
P-000399,2025-08-01,8,217.1,42.4,4,7,42.3,71.6,3,4.2
P-000399,2025-09-01,9,210.3,41.9,6,7,42.4,72.9,4,4.44
P-000399,2025-10-01,10,169.5,7.8,3,4,88.9,22.6,2,2.02
P-000399,2025-11-01,11,166.6,7.9,1,5,88.8,18.3,2,1.74
P-000399,2025-12-01,12,161.2,6.2,3,5,89.5,18.3,2,1.5
P-000400,2025-01-01,1,180.6,5.0,2,3,90.0,21.0,2,1.31
P-000400,2025-02-01,2,169.5,3.4,2,3,90.6,18.1,2,2.02
P-000400,2025-03-01,3,221.5,37.6,10,8,43.7,80.5,4,3.8
P-000400,2025-04-01,4,222.7,40.9,8,7,42.7,80.2,3,4.49
P-000400,2025-05-01,5,226.8,42.4,9,10,42.3,84.9,4,4.04
P-000400,2025-06-01,6,218.7,33.7,5,7,44.9,69.2,4,4.02
P-000400,2025-07-01,7,223.1,33.2,4,11,45.0,72.4,3,4.37
P-000400,2025-08-01,8,214.5,38.0,7,10,43.6,76.0,3,4.39
P-000400,2025-09-01,9,220.2,29.3,5,8,46.2,69.8,3,4.58
P-000400,2025-10-01,10,178.5,13.3,4,5,86.7,30.4,2,1.85
P-000400,2025-11-01,11,181.9,8.7,4,5,88.5,29.1,2,1.78
P-000400,2025-12-01,12,171.3,7.4,2,3,89.0,18.9,2,1.28
P-000401,2025-01-01,1,182.6,6.2,4,5,89.8,26.8,2,1.25
P-000401,2025-02-01,2,178.7,2.1,1,6,94.6,18.5,2,1.27
P-000401,2025-03-01,3,176.8,4.9,1,5,93.6,19.9,2,1.82
P-000401,2025-04-01,4,182.0,7.9,2,6,90.6,24.2,2,1.14
P-000401,2025-05-01,5,176.8,1.7,2,5,91.3,20.4,2,1.69
P-000401,2025-06-01,6,180.6,6.3,2,5,91.5,23.0,2,1.45
P-000401,2025-07-01,7,179.7,8.4,1,3,91.4,21.6,2,1.86
P-000401,2025-08-01,8,174.9,6.9,3,5,94.7,22.7,2,1.63
P-000401,2025-09-01,9,178.2,0.4,1,3,89.8,16.6,2,1.3
P-000401,2025-10-01,10,177.8,5.9,4,4,91.4,23.4,2,1.0
P-000401,2025-11-01,11,168.7,2.9,1,4,88.1,15.6,2,1.4
P-000401,2025-12-01,12,180.7,6.5,0,4,96.4,17.1,2,1.04
P-000402,2025-01-01,1,165.7,4.8,1,5,96.1,14.8,1,1.53
P-000402,2025-02-01,2,213.4,38.4,6,13,46.5,75.2,4,4.24
P-000402,2025-03-01,3,213.1,35.4,5,10,47.4,68.9,4,3.79
P-000402,2025-04-01,4,213.9,34.1,4,6,47.8,64.6,4,3.93
P-000402,2025-05-01,5,211.8,33.2,10,7,48.0,75.3,4,4.42
P-000402,2025-06-01,6,114.5,0.0,0,3,120.0,5.0,1,1.0
P-000402,2025-07-01,7,166.9,0.3,1,6,97.9,13.5,1,1.44
P-000402,2025-08-01,8,167.3,3.0,3,4,96.8,15.9,1,1.02
P-000402,2025-09-01,9,167.3,7.8,1,4,94.9,14.8,1,1.0
P-000402,2025-10-01,10,167.0,2.8,1,3,96.9,12.5,1,1.35
P-000402,2025-11-01,11,168.6,3.8,0,4,96.5,12.0,1,1.15
P-000402,2025-12-01,12,171.2,7.8,1,5,94.9,18.3,1,1.59
P-000403,2025-01-01,1,189.4,6.9,1,4,87.2,24.4,2,1.32
P-000403,2025-02-01,2,193.6,11.7,1,6,85.3,30.3,2,1.59
P-000403,2025-03-01,3,189.1,11.1,1,5,85.6,28.8,2,2.02
P-000403,2025-04-01,4,218.5,32.0,5,8,46.3,68.3,3,3.81
P-000403,2025-05-01,5,220.1,20.1,4,7,43.1,62.3,4,3.84
P-000403,2025-06-01,6,219.1,33.0,4,9,42.5,67.0,3,3.17
P-000403,2025-07-01,7,235.8,25.9,4,7,48.5,68.7,3,3.67
P-000403,2025-08-01,8,228.5,26.2,9,8,51.4,73.8,3,3.27
P-000403,2025-09-01,9,187.8,18.9,3,7,82.4,37.1,2,2.08
P-000403,2025-10-01,10,188.0,13.0,1,7,84.8,29.6,2,1.58
P-000403,2025-11-01,11,188.2,8.8,4,5,86.5,31.2,2,1.54
P-000403,2025-12-01,12,187.5,13.6,1,5,84.6,28.9,2,1.78
P-000404,2025-01-01,1,179.9,8.6,3,6,78.5,30.1,3,2.11
P-000404,2025-02-01,2,181.8,8.9,5,5,78.4,36.0,3,3.07
P-000404,2025-03-01,3,182.6,25.0,4,7,72.0,42.9,3,2.7
P-000404,2025-04-01,4,229.0,47.1,11,11,47.7,91.5,5,4.38
P-000404,2025-05-01,5,232.1,53.1,5,11,45.0,85.8,5,4.5
P-000404,2025-06-01,6,229.5,42.3,9,12,41.8,88.3,5,4.46
P-000404,2025-07-01,7,231.1,47.7,6,12,39.2,87.7,5,4.91
P-000404,2025-08-01,8,242.5,52.3,12,9,40.6,98.0,5,4.2
P-000404,2025-09-01,9,246.9,55.0,12,10,33.0,98.0,5,4.56
P-000404,2025-10-01,10,252.6,47.1,8,11,39.6,96.6,5,4.52
P-000404,2025-11-01,11,248.0,57.5,12,11,37.5,98.0,5,4.16
P-000404,2025-12-01,12,247.7,55.1,5,14,35.1,95.3,5,4.25
P-000405,2025-01-01,1,174.3,9.5,1,4,91.7,18.6,2,1.0
P-000405,2025-02-01,2,166.4,5.3,4,5,95.3,19.8,2,1.29
P-000405,2025-03-01,3,176.0,4.9,1,3,93.7,19.1,2,2.15
P-000405,2025-04-01,4,172.9,0.4,1,4,99.2,13.4,2,1.17
P-000405,2025-05-01,5,173.2,7.3,1,4,88.8,20.7,2,2.15
P-000405,2025-06-01,6,172.5,7.9,0,4,92.9,16.0,2,1.22
P-000405,2025-07-01,7,170.8,0.0,2,4,98.1,15.6,2,1.7
P-000405,2025-08-01,8,174.7,10.3,1,5,88.9,20.3,2,1.0
P-000405,2025-09-01,9,176.0,7.0,1,4,87.6,18.9,2,1.0
P-000405,2025-10-01,10,171.4,5.9,0,3,91.0,15.8,2,1.74
P-000405,2025-11-01,11,171.8,2.6,4,7,94.3,23.3,2,1.76
P-000405,2025-12-01,12,175.2,7.6,1,5,94.7,18.6,2,1.15
P-000406,2025-01-01,1,158.6,7.7,1,3,94.9,11.3,1,1.09
P-000406,2025-02-01,2,214.7,31.8,4,10,48.5,65.0,4,3.34
P-000406,2025-03-01,3,215.8,32.1,4,7,48.4,64.1,4,3.58
P-000406,2025-04-01,4,208.7,25.9,10,7,50.2,69.7,4,3.96
P-000406,2025-05-01,5,209.3,30.1,7,11,49.0,67.4,4,3.11
P-000406,2025-06-01,6,111.3,0.0,0,3,120.0,5.0,1,1.0
P-000406,2025-07-01,7,163.4,4.8,1,4,96.1,13.1,1,1.43
P-000406,2025-08-01,8,168.1,3.2,2,4,96.7,14.5,1,1.0
P-000406,2025-09-01,9,162.2,5.5,1,4,95.8,12.5,1,1.23
P-000406,2025-10-01,10,160.6,7.4,1,5,95.0,14.2,1,1.48
P-000406,2025-11-01,11,167.9,4.3,3,3,96.3,16.3,1,1.14
P-000406,2025-12-01,12,155.5,6.4,1,3,95.4,10.3,1,1.38
P-000407,2025-01-01,1,167.4,15.5,3,6,89.9,25.1,2,1.55
P-000407,2025-02-01,2,170.0,8.7,1,3,94.6,16.1,2,1.22
P-000407,2025-03-01,3,179.7,9.4,2,3,92.6,21.5,2,1.07
P-000407,2025-04-01,4,171.6,4.8,0,6,92.5,16.0,2,1.33
P-000407,2025-05-01,5,168.6,9.5,3,5,84.8,23.2,2,1.54
P-000407,2025-06-01,6,176.1,7.3,2,3,93.6,19.8,2,1.34
P-000407,2025-07-01,7,170.5,0.0,1,4,94.8,14.1,2,1.56
P-000407,2025-08-01,8,171.2,4.5,4,4,94.5,20.1,2,1.06
P-000407,2025-09-01,9,171.8,11.6,0,6,89.7,19.7,2,1.41
P-000407,2025-10-01,10,169.5,0.4,3,6,93.2,19.0,2,1.58
P-000407,2025-11-01,11,162.5,4.4,2,3,90.7,14.4,2,1.35
P-000407,2025-12-01,12,168.6,5.1,3,5,93.2,20.2,2,1.67
P-000408,2025-01-01,1,167.5,5.8,4,4,93.0,20.1,2,1.25
P-000408,2025-02-01,2,164.6,12.6,2,4,86.1,21.0,2,1.71
P-000408,2025-03-01,3,169.0,8.2,2,5,93.1,19.1,2,1.35
P-000408,2025-04-01,4,172.7,8.2,3,6,87.4,25.6,2,2.05
P-000408,2025-05-01,5,168.2,4.9,3,5,93.3,19.7,3,1.57
P-000408,2025-06-01,6,175.6,5.3,2,5,88.4,21.3,2,1.43
P-000408,2025-07-01,7,165.8,4.4,3,5,93.5,18.0,2,1.32
P-000408,2025-08-01,8,176.2,5.2,1,6,91.0,19.1,2,1.05
P-000408,2025-09-01,9,176.5,5.8,4,5,92.8,24.1,2,1.36
P-000408,2025-10-01,10,168.4,3.5,2,6,92.9,17.5,2,1.29
P-000408,2025-11-01,11,166.4,10.4,0,4,86.4,16.2,2,1.25
P-000408,2025-12-01,12,170.8,11.5,0,4,93.8,18.2,2,1.82
P-000409,2025-01-01,1,161.0,5.1,2,3,96.0,13.0,1,1.3
P-000409,2025-02-01,2,207.8,38.1,4,7,46.6,64.7,4,3.8
P-000409,2025-03-01,3,203.5,33.1,4,6,48.1,59.1,4,3.39
P-000409,2025-04-01,4,200.7,30.3,6,6,48.9,61.9,4,4.06
P-000409,2025-05-01,5,205.7,32.1,4,9,48.4,62.8,4,3.95
P-000409,2025-06-01,6,108.3,0.0,0,3,120.0,5.0,1,1.0
P-000409,2025-07-01,7,164.9,3.0,2,4,96.8,13.8,1,1.19
P-000409,2025-08-01,8,162.9,4.5,0,3,96.2,10.6,1,1.48
P-000409,2025-09-01,9,157.6,6.3,1,5,95.5,11.7,1,1.14
P-000409,2025-10-01,10,158.6,6.6,1,6,95.4,12.6,1,1.01
P-000409,2025-11-01,11,154.0,8.3,2,6,94.7,13.4,1,1.0
P-000409,2025-12-01,12,157.3,5.7,1,4,95.7,11.1,1,1.3
P-000410,2025-01-01,1,170.5,4.8,0,5,91.8,14.8,2,1.21
P-000410,2025-02-01,2,172.0,5.3,0,5,92.0,17.7,2,2.08
P-000410,2025-03-01,3,166.7,6.0,1,4,92.7,14.7,2,1.18
P-000410,2025-04-01,4,174.1,5.3,2,6,88.2,21.7,2,1.48
P-000410,2025-05-01,5,171.1,8.6,3,5,89.2,23.5,2,1.75
P-000410,2025-06-01,6,169.7,9.9,4,3,95.8,21.3,2,1.22
P-000410,2025-07-01,7,172.2,7.6,3,3,93.8,22.2,2,2.15
P-000410,2025-08-01,8,174.4,3.4,2,5,90.7,19.4,2,1.33
P-000410,2025-09-01,9,168.6,5.0,3,3,91.7,18.6,2,1.47
P-000410,2025-10-01,10,169.4,5.3,1,3,92.9,16.5,2,1.89
P-000410,2025-11-01,11,171.7,12.2,2,5,86.1,23.0,2,1.34
P-000410,2025-12-01,12,159.4,3.3,1,5,94.9,10.9,2,1.0
P-000411,2025-01-01,1,165.7,7.4,1,3,88.2,14.8,2,1.02
P-000411,2025-02-01,2,167.1,8.6,3,3,92.4,19.0,2,1.3
P-000411,2025-03-01,3,160.6,8.5,2,4,94.1,16.1,2,1.59
P-000411,2025-04-01,4,172.8,7.8,3,3,89.1,20.7,2,1.08
P-000411,2025-05-01,5,165.3,6.6,1,5,90.7,16.1,2,1.42
P-000411,2025-06-01,6,163.7,8.9,0,3,90.1,12.9,2,1.11
P-000411,2025-07-01,7,162.0,4.4,2,5,90.9,16.3,2,1.66
P-000411,2025-08-01,8,161.7,2.8,1,4,93.3,12.0,2,1.34
P-000411,2025-09-01,9,162.6,4.6,3,5,95.4,17.4,2,1.66
P-000411,2025-10-01,10,169.8,9.9,2,6,91.8,21.7,2,1.61
P-000411,2025-11-01,11,163.1,5.1,1,4,94.0,13.2,2,1.32
P-000411,2025-12-01,12,169.3,5.9,4,5,84.0,22.5,2,1.03
P-000412,2025-01-01,1,164.9,6.3,2,4,89.5,17.0,2,1.37
P-000412,2025-02-01,2,168.6,0.8,1,3,91.7,13.7,2,1.55
P-000412,2025-03-01,3,177.2,9.3,4,4,88.3,25.8,2,1.25
P-000412,2025-04-01,4,171.6,11.5,1,5,87.4,20.0,2,1.0
P-000412,2025-05-01,5,175.3,6.8,3,5,89.3,23.4,2,1.46
P-000412,2025-06-01,6,213.9,27.7,4,8,61.7,60.0,4,3.67
P-000412,2025-07-01,7,203.0,29.9,4,7,61.0,56.1,4,3.49
P-000412,2025-08-01,8,164.0,2.4,2,5,91.0,14.5,2,1.0
P-000412,2025-09-01,9,171.6,4.5,1,5,90.2,17.7,2,1.49
P-000412,2025-10-01,10,173.7,8.5,0,3,88.6,17.5,2,1.53
P-000412,2025-11-01,11,167.5,1.9,1,4,91.3,13.1,2,1.0
P-000412,2025-12-01,12,166.0,6.7,3,6,89.3,19.6,2,1.0
P-000413,2025-01-01,1,176.5,3.9,1,3,90.5,17.5,2,1.36
P-000413,2025-02-01,2,182.7,5.4,1,5,89.9,21.3,2,1.2
P-000413,2025-03-01,3,179.7,7.1,0,4,89.1,19.5,2,1.46
P-000413,2025-04-01,4,183.7,0.0,0,6,92.0,19.3,2,1.71
P-000413,2025-05-01,5,176.0,13.3,2,6,86.7,25.4,2,1.29
P-000413,2025-06-01,6,199.3,29.9,3,7,61.0,53.1,4,3.44
P-000413,2025-07-01,7,216.1,21.4,3,7,63.6,54.3,4,3.2
P-000413,2025-08-01,8,182.2,2.7,1,3,90.9,18.8,2,1.3
P-000413,2025-09-01,9,177.1,4.9,2,4,90.0,21.3,2,1.65
P-000413,2025-10-01,10,176.6,6.6,4,4,89.4,25.5,2,1.76
P-000413,2025-11-01,11,173.2,2.0,1,6,91.2,17.9,2,1.55
P-000413,2025-12-01,12,186.6,2.3,1,4,91.1,21.0,2,1.4
P-000414,2025-01-01,1,180.9,13.0,1,4,84.8,25.4,2,1.71
P-000414,2025-02-01,2,181.6,12.3,2,5,85.1,28.1,2,1.89
P-000414,2025-03-01,3,188.1,8.8,1,4,86.5,25.8,2,1.69
P-000414,2025-04-01,4,209.2,34.0,10,7,49.6,73.0,4,3.82
P-000414,2025-05-01,5,212.2,35.2,6,10,46.2,70.2,4,3.71
P-000414,2025-06-01,6,227.8,25.6,8,7,47.8,74.0,4,4.2
P-000414,2025-07-01,7,206.2,32.2,8,6,45.9,68.3,3,3.99
P-000414,2025-08-01,8,223.9,23.4,6,7,51.8,67.1,4,4.01
P-000414,2025-09-01,9,174.5,13.3,1,6,84.7,25.0,2,1.85
P-000414,2025-10-01,10,185.4,6.5,1,6,87.4,25.6,2,1.89
P-000414,2025-11-01,11,189.3,6.0,1,3,87.6,24.5,2,1.79
P-000414,2025-12-01,12,182.4,7.1,3,5,87.1,26.6,2,1.52
P-000415,2025-01-01,1,190.6,8.7,1,4,86.5,27.3,2,1.94
P-000415,2025-02-01,2,189.4,14.7,4,3,84.1,33.8,2,1.79
P-000415,2025-03-01,3,191.9,13.1,2,6,84.8,33.5,2,2.17
P-000415,2025-04-01,4,213.6,32.8,6,6,50.7,65.4,4,3.38
P-000415,2025-05-01,5,234.4,36.0,4,8,44.8,73.6,4,3.57
P-000415,2025-06-01,6,232.8,35.6,6,7,52.2,74.4,4,3.67
P-000415,2025-07-01,7,229.3,29.1,7,11,46.3,76.4,3,3.86
P-000415,2025-08-01,8,208.1,29.9,10,7,55.9,69.4,4,3.71
P-000415,2025-09-01,9,180.6,8.0,1,3,86.8,21.5,2,1.43
P-000415,2025-10-01,10,188.5,7.2,3,5,87.1,29.3,2,1.72
P-000415,2025-11-01,11,185.4,9.3,1,5,86.3,26.4,2,1.95
P-000415,2025-12-01,12,187.4,9.1,2,4,86.3,27.2,2,1.59
P-000416,2025-01-01,1,186.5,7.0,2,4,93.4,24.4,2,1.47
P-000416,2025-02-01,2,185.3,6.5,2,4,95.5,23.8,2,1.65
P-000416,2025-03-01,3,183.7,3.1,0,5,94.7,18.7,2,1.43
P-000416,2025-04-01,4,189.8,3.5,3,3,90.6,24.5,3,1.03
P-000416,2025-05-01,5,179.8,11.3,2,4,89.8,24.1,2,1.31
P-000416,2025-06-01,6,186.4,4.1,1,4,91.0,22.4,2,1.7
P-000416,2025-07-01,7,182.7,4.8,2,4,91.4,21.8,2,1.19
P-000416,2025-08-01,8,172.2,0.8,3,4,94.7,17.8,2,1.33
P-000416,2025-09-01,9,180.6,5.2,3,4,91.1,22.9,2,1.19
P-000416,2025-10-01,10,177.1,6.9,1,4,91.3,22.4,2,2.54
P-000416,2025-11-01,11,183.4,8.5,2,5,87.9,26.7,2,1.94
P-000416,2025-12-01,12,179.9,9.0,4,5,94.4,27.2,2,1.69
P-000417,2025-01-01,1,174.5,1.9,3,7,92.1,22.1,2,1.55
P-000417,2025-02-01,2,167.5,3.6,3,4,91.5,17.2,2,1.0
P-000417,2025-03-01,3,170.5,9.3,1,4,93.7,18.8,2,1.81
P-000417,2025-04-01,4,172.8,4.5,3,3,84.6,20.7,2,1.28
P-000417,2025-05-01,5,171.4,3.8,2,5,91.9,19.3,2,1.71
P-000417,2025-06-01,6,171.5,6.7,4,4,87.3,23.2,2,1.39
P-000417,2025-07-01,7,167.5,9.3,2,4,91.9,19.2,2,1.58
P-000417,2025-08-01,8,174.5,7.3,0,6,98.3,17.1,2,1.37
P-000417,2025-09-01,9,176.2,4.5,1,4,95.3,18.9,2,1.97
P-000417,2025-10-01,10,169.6,10.4,1,5,89.3,19.4,2,1.38
P-000417,2025-11-01,11,176.3,4.4,4,4,94.2,23.1,2,1.55
P-000417,2025-12-01,12,164.9,7.4,4,3,89.7,20.5,2,1.52
P-000418,2025-01-01,1,171.6,7.9,1,5,91.2,18.2,2,1.2
P-000418,2025-02-01,2,171.2,0.0,0,5,93.0,13.1,2,1.33
P-000418,2025-03-01,3,175.8,9.1,1,4,91.6,21.0,2,1.78
P-000418,2025-04-01,4,168.8,4.8,3,6,91.1,21.5,2,1.81
P-000418,2025-05-01,5,168.3,14.4,3,4,89.6,23.9,2,1.65
P-000418,2025-06-01,6,171.8,11.2,2,3,88.4,21.4,2,1.54
P-000418,2025-07-01,7,164.5,0.7,4,6,98.9,18.5,2,1.79
P-000418,2025-08-01,8,172.7,7.3,2,4,93.3,19.3,2,1.33
P-000418,2025-09-01,9,166.9,7.1,2,4,94.1,18.5,2,1.9
P-000418,2025-10-01,10,171.6,7.2,2,6,93.2,21.2,2,1.72
P-000418,2025-11-01,11,167.5,6.8,1,5,89.7,16.2,2,1.04
P-000418,2025-12-01,12,167.7,7.3,1,5,92.5,18.6,2,2.06
P-000419,2025-01-01,1,175.7,12.7,3,5,86.9,27.3,2,1.79
P-000419,2025-02-01,2,173.3,0.8,2,4,91.7,17.0,2,1.28
P-000419,2025-03-01,3,223.7,42.7,6,10,42.2,78.0,3,3.67
P-000419,2025-04-01,4,223.0,43.6,5,9,41.9,77.8,3,4.43
P-000419,2025-05-01,5,226.3,30.4,7,7,45.9,73.8,4,4.1
P-000419,2025-06-01,6,224.7,34.6,5,11,44.6,72.8,3,3.38
P-000419,2025-07-01,7,237.5,25.4,11,8,47.4,82.3,4,3.92
P-000419,2025-08-01,8,212.2,46.4,4,11,41.1,73.3,4,3.73
P-000419,2025-09-01,9,220.2,43.3,7,12,42.0,80.2,3,3.71
P-000419,2025-10-01,10,173.1,8.8,1,3,88.5,20.7,2,2.14
P-000419,2025-11-01,11,182.7,9.3,4,5,88.3,28.6,2,1.34
P-000419,2025-12-01,12,172.6,9.6,0,4,88.2,18.8,2,1.69
P-000420,2025-01-01,1,180.3,10.4,1,4,87.9,24.8,2,2.22
P-000420,2025-02-01,2,176.5,5.6,3,6,89.8,24.4,2,1.66
P-000420,2025-03-01,3,227.1,37.4,6,8,43.8,76.8,3,4.22
P-000420,2025-04-01,4,223.6,30.0,5,9,46.0,69.8,3,3.74
P-000420,2025-05-01,5,222.3,34.1,11,11,44.8,81.5,3,3.29
P-000420,2025-06-01,6,226.9,43.0,8,9,42.1,82.8,4,3.99
P-000420,2025-07-01,7,223.4,45.7,8,9,41.3,83.4,4,4.21
P-000420,2025-08-01,8,223.6,39.1,5,11,43.3,76.1,3,3.98
P-000420,2025-09-01,9,228.6,43.9,8,8,41.8,82.6,3,3.79
P-000420,2025-10-01,10,179.5,8.1,4,4,88.7,28.1,2,2.08
P-000420,2025-11-01,11,184.2,3.7,4,7,90.5,27.4,2,1.22
P-000420,2025-12-01,12,181.6,15.8,4,4,85.7,31.1,2,1.49
P-000421,2025-01-01,1,191.6,14.7,2,6,76.1,37.0,3,2.71
P-000421,2025-02-01,2,184.7,13.0,2,6,76.8,34.4,3,2.95
P-000421,2025-03-01,3,191.5,13.0,2,4,76.8,36.1,3,3.22
P-000421,2025-04-01,4,231.2,37.1,5,10,42.3,77.7,5,4.09
P-000421,2025-05-01,5,251.0,42.3,7,9,39.5,90.6,5,4.37
P-000421,2025-06-01,6,243.7,45.7,14,8,37.5,98.0,5,4.02
P-000421,2025-07-01,7,249.6,49.9,5,11,34.0,92.7,5,4.48
P-000421,2025-08-01,8,251.0,60.9,14,12,45.7,98.0,5,4.74
P-000421,2025-09-01,9,263.2,57.8,12,10,40.2,98.0,5,4.75
P-000421,2025-10-01,10,262.3,49.9,7,10,35.0,98.0,5,4.74
P-000421,2025-11-01,11,261.8,52.8,12,12,38.1,98.0,5,4.49
P-000421,2025-12-01,12,263.6,53.4,12,9,35.6,98.0,5,4.44
P-000422,2025-01-01,1,188.9,18.2,5,7,74.7,42.4,3,2.28
P-000422,2025-02-01,2,192.4,15.5,5,5,75.8,42.5,3,2.91
P-000422,2025-03-01,3,184.5,15.9,2,6,75.6,35.2,3,2.74
P-000422,2025-04-01,4,234.0,38.3,11,9,43.5,89.5,5,4.58
P-000422,2025-05-01,5,227.1,44.3,9,10,42.2,87.1,5,4.57
P-000422,2025-06-01,6,228.1,48.8,13,10,40.7,96.2,5,4.53
P-000422,2025-07-01,7,242.2,54.2,7,7,40.3,91.7,5,4.63
P-000422,2025-08-01,8,252.0,51.4,9,10,43.8,98.0,5,4.4
P-000422,2025-09-01,9,255.3,41.8,13,10,39.9,98.0,5,4.46
P-000422,2025-10-01,10,262.7,49.6,11,10,30.3,98.0,5,4.33
P-000422,2025-11-01,11,257.3,65.0,14,12,39.0,98.0,5,4.19
P-000422,2025-12-01,12,253.7,52.2,7,11,35.6,98.0,5,5.0
P-000423,2025-01-01,1,174.6,6.5,1,4,99.4,16.9,2,1.38
P-000423,2025-02-01,2,173.3,5.6,1,5,87.5,18.1,2,1.0
P-000423,2025-03-01,3,173.0,7.3,4,7,87.9,26.5,2,1.62
P-000423,2025-04-01,4,179.2,6.1,1,3,97.1,20.2,3,2.2
P-000423,2025-05-01,5,178.3,4.2,2,4,92.8,20.8,2,1.63
P-000423,2025-06-01,6,163.6,13.4,3,6,88.4,21.9,2,1.07
P-000423,2025-07-01,7,180.4,3.9,1,5,93.3,20.3,2,1.59
P-000423,2025-08-01,8,171.1,6.7,2,5,91.1,20.4,2,1.63
P-000423,2025-09-01,9,175.7,4.3,4,4,94.3,22.5,2,1.45
P-000423,2025-10-01,10,177.8,2.7,2,5,90.0,21.7,2,1.82
P-000423,2025-11-01,11,176.3,10.8,1,5,90.2,22.2,2,1.58
P-000423,2025-12-01,12,175.9,7.8,3,4,91.9,22.3,2,1.2
P-000424,2025-01-01,1,174.1,9.2,1,3,88.5,19.5,2,1.47
P-000424,2025-02-01,2,180.4,4.7,0,6,91.2,19.3,2,1.33
P-000424,2025-03-01,3,177.0,7.8,2,5,86.5,23.7,2,1.62
P-000424,2025-04-01,4,173.1,2.0,3,6,90.9,20.7,3,1.33
P-000424,2025-05-01,5,173.8,3.8,2,5,92.8,20.1,2,1.76
P-000424,2025-06-01,6,169.6,7.9,2,4,95.6,18.7,2,1.6
P-000424,2025-07-01,7,174.3,1.9,4,3,94.6,20.6,2,1.55
P-000424,2025-08-01,8,175.3,7.8,4,4,91.9,23.9,2,1.29
P-000424,2025-09-01,9,169.9,6.9,2,5,90.4,19.3,2,1.3
P-000424,2025-10-01,10,175.6,7.4,3,3,92.7,22.5,2,1.73
P-000424,2025-11-01,11,174.6,11.4,0,5,90.8,21.0,2,1.94
P-000424,2025-12-01,12,165.8,7.2,3,5,96.3,19.8,2,1.8
P-000425,2025-01-01,1,183.1,6.2,2,5,91.5,24.1,2,1.58
P-000425,2025-02-01,2,177.4,6.2,2,6,90.7,22.9,2,1.57
P-000425,2025-03-01,3,173.4,4.9,0,5,93.6,16.0,2,1.42
P-000425,2025-04-01,4,183.9,10.2,1,5,90.4,24.3,2,1.42
P-000425,2025-05-01,5,176.3,4.2,0,5,93.7,17.7,2,1.8
P-000425,2025-06-01,6,179.9,6.9,1,3,85.8,19.9,2,1.0
P-000425,2025-07-01,7,180.7,3.1,2,5,93.2,21.2,2,1.39
P-000425,2025-08-01,8,176.9,0.0,2,4,95.4,17.4,2,1.34
P-000425,2025-09-01,9,176.0,3.2,1,5,95.7,17.9,2,1.54
P-000425,2025-10-01,10,177.2,4.2,4,3,94.0,22.1,2,1.32
P-000425,2025-11-01,11,177.5,3.8,3,3,92.1,21.4,2,1.59
P-000425,2025-12-01,12,177.8,6.7,2,4,90.4,21.0,2,1.16
P-000426,2025-01-01,1,177.0,10.9,2,5,85.6,23.8,2,1.08
P-000426,2025-02-01,2,174.0,8.8,2,5,86.5,23.5,2,1.81
P-000426,2025-03-01,3,182.8,9.9,1,7,86.1,27.1,2,1.92
P-000426,2025-04-01,4,216.1,42.2,4,9,40.0,71.0,3,3.47
P-000426,2025-05-01,5,214.8,50.3,4,7,42.3,73.1,3,3.84
P-000426,2025-06-01,6,226.5,30.8,5,9,49.0,71.8,4,4.22
P-000426,2025-07-01,7,217.7,33.8,4,10,41.2,70.9,4,4.38
P-000426,2025-08-01,8,216.9,31.0,9,7,43.3,74.1,3,3.88
P-000426,2025-09-01,9,188.5,8.2,2,5,86.7,28.4,2,1.84
P-000426,2025-10-01,10,176.8,11.7,3,4,85.3,26.9,2,1.79
P-000426,2025-11-01,11,183.0,8.9,2,5,86.5,27.3,2,2.05
P-000426,2025-12-01,12,182.8,11.8,3,5,85.3,30.3,2,2.02
P-000427,2025-01-01,1,185.7,8.5,1,3,89.4,22.5,2,1.23
P-000427,2025-02-01,2,175.4,6.7,1,6,88.9,21.0,2,1.53
P-000427,2025-03-01,3,182.2,9.0,1,4,94.5,22.6,2,1.81
P-000427,2025-04-01,4,178.1,9.9,2,5,90.3,23.6,3,1.36
P-000427,2025-05-01,5,179.1,2.8,1,4,94.0,18.4,3,1.52
P-000427,2025-06-01,6,181.2,5.7,2,5,86.9,23.3,2,1.27
P-000427,2025-07-01,7,184.9,7.6,1,4,93.6,21.9,2,1.29
P-000427,2025-08-01,8,185.3,8.9,1,5,88.2,25.3,2,1.71
P-000427,2025-09-01,9,183.1,0.0,0,4,89.6,18.5,2,1.83
P-000427,2025-10-01,10,179.0,6.8,2,6,86.4,23.1,2,1.01
P-000427,2025-11-01,11,181.1,3.5,4,5,97.0,24.1,2,1.38
P-000427,2025-12-01,12,182.3,8.3,2,6,90.0,25.2,2,1.38
P-000428,2025-01-01,1,165.6,4.4,1,5,96.3,14.0,1,1.33
P-000428,2025-02-01,2,224.9,39.5,4,12,46.1,73.9,4,3.48
P-000428,2025-03-01,3,224.9,48.2,6,8,43.6,77.6,4,3.08
P-000428,2025-04-01,4,205.6,37.4,4,6,46.8,63.0,4,3.8
P-000428,2025-05-01,5,216.1,35.8,4,7,47.3,68.1,4,4.45
P-000428,2025-06-01,6,117.3,0.0,0,3,120.0,5.0,1,1.0
P-000428,2025-07-01,7,166.9,4.9,0,3,96.0,12.0,1,1.42
P-000428,2025-08-01,8,173.3,8.2,1,6,94.7,18.7,1,1.09
P-000428,2025-09-01,9,172.4,5.5,1,5,95.8,17.7,1,1.62
P-000428,2025-10-01,10,169.4,6.9,1,4,95.2,15.6,1,1.19
P-000428,2025-11-01,11,174.1,8.2,1,3,94.7,18.1,1,1.53
P-000428,2025-12-01,12,166.1,6.1,1,5,95.6,15.0,1,1.28
P-000429,2025-01-01,1,164.0,7.9,1,3,88.5,14.3,2,1.0
P-000429,2025-02-01,2,169.8,6.7,2,5,91.4,20.9,2,2.04
P-000429,2025-03-01,3,165.0,6.7,1,6,96.5,16.2,2,1.63
P-000429,2025-04-01,4,175.3,9.6,2,3,92.4,20.3,2,1.19
P-000429,2025-05-01,5,174.1,8.7,3,3,94.0,21.6,2,1.47
P-000429,2025-06-01,6,173.5,4.4,4,5,88.6,22.9,2,1.19
P-000429,2025-07-01,7,174.3,3.3,2,4,98.8,17.4,2,1.43
P-000429,2025-08-01,8,167.1,10.3,0,4,89.4,16.8,2,1.63
P-000429,2025-09-01,9,172.7,5.0,4,3,95.2,21.7,2,1.74
P-000429,2025-10-01,10,168.1,7.3,1,4,95.4,15.4,2,1.25
P-000429,2025-11-01,11,166.3,8.7,1,5,90.6,18.2,2,1.72
P-000429,2025-12-01,12,168.4,3.3,2,6,94.8,18.6,2,1.91
P-000430,2025-01-01,1,185.2,6.4,1,5,92.8,22.9,2,1.52
P-000430,2025-02-01,2,185.0,4.7,2,5,91.6,23.8,2,1.44
P-000430,2025-03-01,3,176.0,10.2,2,5,82.9,24.3,2,1.32
P-000430,2025-04-01,4,181.6,12.1,1,6,84.0,26.5,2,1.61
P-000430,2025-05-01,5,179.0,7.3,2,3,95.9,20.7,2,1.46
P-000430,2025-06-01,6,186.8,6.5,1,6,87.7,25.3,2,1.61
P-000430,2025-07-01,7,171.7,0.0,1,4,91.8,14.5,2,1.3
P-000430,2025-08-01,8,182.5,6.1,2,5,97.1,22.7,2,1.54
P-000430,2025-09-01,9,179.9,2.5,4,6,97.8,22.9,2,1.03
P-000430,2025-10-01,10,182.9,1.6,1,4,96.3,19.0,2,1.64
P-000430,2025-11-01,11,174.3,7.4,0,6,86.2,19.8,2,1.54
P-000430,2025-12-01,12,180.2,0.7,0,6,97.8,18.1,2,2.03
P-000431,2025-01-01,1,177.8,0.8,0,4,89.9,15.8,2,1.35
P-000431,2025-02-01,2,175.5,5.5,3,4,96.7,22.1,2,1.94
P-000431,2025-03-01,3,177.5,2.6,1,5,95.9,18.7,2,1.78
P-000431,2025-04-01,4,179.3,8.2,1,4,88.4,21.0,2,1.23
P-000431,2025-05-01,5,171.9,2.9,2,4,93.0,18.4,3,1.8
P-000431,2025-06-01,6,179.0,6.2,2,3,91.9,21.6,2,1.69
P-000431,2025-07-01,7,176.5,3.4,1,4,89.7,18.6,2,1.56
P-000431,2025-08-01,8,180.6,4.1,1,7,93.0,20.8,2,1.18
P-000431,2025-09-01,9,178.2,11.4,0,4,91.4,20.1,2,1.38
P-000431,2025-10-01,10,182.0,8.9,0,4,87.9,20.1,2,1.0
P-000431,2025-11-01,11,177.9,3.9,4,3,89.2,24.3,2,1.79
P-000431,2025-12-01,12,175.9,1.9,4,5,94.6,22.3,2,1.46
P-000432,2025-01-01,1,173.9,3.3,1,6,90.7,19.7,2,1.93
P-000432,2025-02-01,2,166.2,6.5,2,5,89.4,17.9,2,1.26
P-000432,2025-03-01,3,217.0,33.5,5,12,45.0,71.4,3,3.83
P-000432,2025-04-01,4,206.3,37.1,8,10,43.9,72.0,3,3.41
P-000432,2025-05-01,5,219.6,32.9,6,9,45.1,71.2,4,3.61
P-000432,2025-06-01,6,216.4,30.5,4,12,45.8,67.5,3,3.58
P-000432,2025-07-01,7,222.0,41.4,8,8,42.6,80.7,3,4.43
P-000432,2025-08-01,8,223.5,36.2,9,11,44.1,82.8,4,4.56
P-000432,2025-09-01,9,231.5,35.5,6,12,44.4,78.4,3,3.58
P-000432,2025-10-01,10,171.7,13.2,1,5,86.7,24.0,2,2.28
P-000432,2025-11-01,11,172.9,7.1,2,4,89.2,21.0,2,1.68
P-000432,2025-12-01,12,166.8,7.9,4,5,88.9,23.2,2,1.66
P-000433,2025-01-01,1,176.3,8.5,4,6,86.6,28.2,2,1.8
P-000433,2025-02-01,2,184.1,7.4,4,3,87.1,28.7,2,1.95
P-000433,2025-03-01,3,166.3,8.1,2,4,86.7,19.5,2,1.68
P-000433,2025-04-01,4,212.4,18.7,6,12,50.2,65.9,3,4.46
P-000433,2025-05-01,5,206.6,25.6,10,10,40.0,72.2,3,3.73
P-000433,2025-06-01,6,210.4,31.7,5,9,50.4,64.4,4,3.45
P-000433,2025-07-01,7,211.0,31.0,4,9,44.9,64.1,4,3.62
P-000433,2025-08-01,8,203.5,21.5,6,10,50.3,61.9,3,4.16
P-000433,2025-09-01,9,171.5,3.7,2,4,88.5,20.1,2,2.07
P-000433,2025-10-01,10,170.5,5.4,4,5,87.8,22.8,2,1.32
P-000433,2025-11-01,11,171.3,15.7,1,5,83.7,24.2,2,1.75
P-000433,2025-12-01,12,170.7,12.3,3,5,85.1,26.1,2,1.94
P-000434,2025-01-01,1,186.1,4.0,0,6,93.8,20.7,2,1.4
P-000434,2025-02-01,2,180.0,7.4,2,3,92.5,21.8,2,1.46
P-000434,2025-03-01,3,177.4,6.1,4,4,100.3,22.8,2,1.46
P-000434,2025-04-01,4,178.5,8.2,2,4,94.7,21.3,3,1.26
P-000434,2025-05-01,5,182.6,6.2,1,4,90.6,22.2,2,1.73
P-000434,2025-06-01,6,178.6,4.9,3,5,94.2,23.5,2,1.68
P-000434,2025-07-01,7,173.5,12.1,0,5,85.3,21.8,2,1.87
P-000434,2025-08-01,8,177.2,2.9,3,5,91.3,20.9,2,1.0
P-000434,2025-09-01,9,178.0,13.4,3,5,90.2,27.5,2,1.68
P-000434,2025-10-01,10,169.5,2.1,1,5,99.9,14.5,2,1.64
P-000434,2025-11-01,11,179.7,8.0,2,6,89.5,24.4,2,1.43
P-000434,2025-12-01,12,180.7,6.7,4,5,82.7,28.5,2,1.57
P-000435,2025-01-01,1,166.7,9.4,0,5,87.4,18.3,2,2.03
P-000435,2025-02-01,2,167.3,6.1,1,4,94.1,16.4,2,1.87
P-000435,2025-03-01,3,175.4,5.9,2,4,92.0,20.4,2,1.51
P-000435,2025-04-01,4,172.0,7.7,2,6,92.8,21.7,2,1.76
P-000435,2025-05-01,5,166.5,6.3,2,5,91.1,17.8,2,1.31
P-000435,2025-06-01,6,172.7,2.4,2,6,91.3,19.8,2,1.67
P-000435,2025-07-01,7,163.6,6.2,2,6,92.8,16.9,2,1.25
P-000435,2025-08-01,8,165.1,5.6,1,5,93.5,15.4,2,1.53
P-000435,2025-09-01,9,174.0,11.2,3,5,91.1,23.7,2,1.16
P-000435,2025-10-01,10,170.9,3.5,3,5,95.8,21.3,2,2.26
P-000435,2025-11-01,11,167.5,8.2,3,5,95.7,19.0,2,1.03
P-000435,2025-12-01,12,172.3,10.0,4,5,93.7,25.9,2,2.0
P-000436,2025-01-01,1,176.9,7.5,1,4,89.0,21.7,2,2.01
P-000436,2025-02-01,2,175.8,9.9,1,5,88.1,21.6,2,1.37
P-000436,2025-03-01,3,226.8,39.7,5,8,43.1,76.8,3,4.52
P-000436,2025-04-01,4,233.6,41.5,9,14,42.5,89.1,3,3.87
P-000436,2025-05-01,5,230.8,42.5,5,11,42.3,79.9,4,3.87
P-000436,2025-06-01,6,229.4,41.1,10,10,42.7,87.5,3,4.29
P-000436,2025-07-01,7,223.7,40.3,11,9,42.9,86.0,4,4.27
P-000436,2025-08-01,8,221.2,29.2,4,12,46.2,69.8,4,4.06
P-000436,2025-09-01,9,226.1,40.0,8,13,43.0,84.1,4,4.14
P-000436,2025-10-01,10,180.6,5.4,2,6,89.8,23.9,2,1.58
P-000436,2025-11-01,11,180.3,5.7,1,5,89.7,23.2,2,2.2
P-000436,2025-12-01,12,183.7,8.5,3,4,88.6,27.4,2,1.81
P-000437,2025-01-01,1,170.2,9.4,2,4,85.2,21.5,2,1.59
P-000437,2025-02-01,2,172.6,3.8,3,4,93.4,20.7,2,1.82
P-000437,2025-03-01,3,164.6,9.0,1,4,91.5,15.5,2,1.2
P-000437,2025-04-01,4,164.7,7.1,4,3,92.7,19.6,2,1.5
P-000437,2025-05-01,5,171.1,7.4,1,4,91.7,18.2,2,1.64
P-000437,2025-06-01,6,174.4,3.1,1,4,92.5,16.5,2,1.27
P-000437,2025-07-01,7,172.8,1.5,2,5,101.8,16.5,2,1.51
P-000437,2025-08-01,8,174.9,5.7,0,4,92.2,16.4,2,1.39
P-000437,2025-09-01,9,166.0,3.2,2,5,91.9,17.3,2,1.78
P-000437,2025-10-01,10,174.5,9.0,3,3,88.3,23.5,2,1.71
P-000437,2025-11-01,11,167.6,6.4,0,7,90.4,16.7,2,1.45
P-000437,2025-12-01,12,171.3,2.8,3,5,92.6,19.0,2,1.17
P-000438,2025-01-01,1,189.6,17.1,4,5,75.2,40.9,3,3.01
P-000438,2025-02-01,2,201.2,14.0,5,4,76.4,44.3,3,2.93
P-000438,2025-03-01,3,191.6,10.6,2,7,77.7,33.8,3,1.94
P-000438,2025-04-01,4,240.2,44.4,5,8,41.2,83.3,5,4.34
P-000438,2025-05-01,5,238.0,46.0,6,14,44.6,89.9,5,5.0
P-000438,2025-06-01,6,240.3,45.6,5,11,42.7,85.2,5,4.19
P-000438,2025-07-01,7,252.7,47.0,9,12,36.6,98.0,5,4.37
P-000438,2025-08-01,8,244.5,45.1,5,7,41.0,86.0,5,4.93
P-000438,2025-09-01,9,253.0,53.6,10,10,45.9,98.0,5,3.99
P-000438,2025-10-01,10,256.5,52.0,10,11,39.9,98.0,5,4.46
P-000438,2025-11-01,11,262.5,49.4,12,10,36.5,98.0,5,4.6
P-000438,2025-12-01,12,263.7,56.7,14,10,36.3,98.0,5,5.0
P-000439,2025-01-01,1,174.1,9.1,1,3,88.3,21.0,2,2.08
P-000439,2025-02-01,2,174.5,4.6,1,3,90.1,18.8,2,2.01
P-000439,2025-03-01,3,216.4,32.0,7,8,45.4,72.2,4,4.25
P-000439,2025-04-01,4,217.8,30.6,7,8,45.8,70.5,3,3.65
P-000439,2025-05-01,5,222.0,42.0,9,9,42.4,81.9,3,3.84
P-000439,2025-06-01,6,226.8,43.2,4,11,42.1,78.6,4,4.46
P-000439,2025-07-01,7,219.7,43.0,4,12,42.1,77.0,3,4.56
P-000439,2025-08-01,8,220.0,30.8,7,14,45.8,77.4,3,4.44
P-000439,2025-09-01,9,215.1,42.5,10,8,42.3,80.3,3,3.7
P-000439,2025-10-01,10,171.8,5.1,1,7,90.0,21.2,2,2.19
P-000439,2025-11-01,11,177.2,4.1,0,4,90.3,17.9,2,1.76
P-000439,2025-12-01,12,171.4,8.8,1,7,88.5,21.6,2,1.7
P-000440,2025-01-01,1,183.3,7.2,1,6,83.5,24.6,2,1.38
P-000440,2025-02-01,2,191.9,5.1,3,3,95.1,25.0,2,1.03
P-000440,2025-03-01,3,182.6,9.0,0,6,92.9,21.0,2,1.11
P-000440,2025-04-01,4,177.4,9.8,0,6,93.1,20.0,3,1.31
P-000440,2025-05-01,5,185.7,1.5,4,6,93.0,27.7,3,1.94
P-000440,2025-06-01,6,187.8,7.6,4,5,92.4,29.9,2,1.73
P-000440,2025-07-01,7,180.7,2.6,4,4,87.3,25.3,2,1.59
P-000440,2025-08-01,8,180.9,0.6,1,5,92.6,17.7,2,1.02
P-000440,2025-09-01,9,189.5,2.8,2,4,90.6,23.0,2,1.0
P-000440,2025-10-01,10,186.4,4.3,3,3,93.2,23.2,2,1.04
P-000440,2025-11-01,11,184.9,2.0,2,5,95.2,21.8,2,1.37
P-000440,2025-12-01,12,187.4,8.7,3,3,89.9,27.1,2,1.49
P-000441,2025-01-01,1,170.1,9.6,4,4,94.6,22.5,2,1.35
P-000441,2025-02-01,2,168.4,7.0,2,6,93.0,19.3,2,1.4
P-000441,2025-03-01,3,166.6,10.5,4,6,91.9,23.9,2,1.51
P-000441,2025-04-01,4,169.2,6.9,2,5,92.8,19.8,3,1.79
P-000441,2025-05-01,5,173.1,12.4,1,5,88.4,21.8,2,1.44
P-000441,2025-06-01,6,175.8,7.8,1,5,92.7,19.8,2,1.36
P-000441,2025-07-01,7,168.2,10.2,3,6,86.3,23.7,2,1.52
P-000441,2025-08-01,8,169.6,9.2,1,3,96.3,16.3,2,1.39
P-000441,2025-09-01,9,174.2,10.4,3,4,88.5,22.9,2,1.01
P-000441,2025-10-01,10,172.9,4.1,3,4,94.8,19.8,2,1.49
P-000441,2025-11-01,11,171.3,6.4,1,5,94.3,17.5,2,1.42
P-000441,2025-12-01,12,168.4,11.6,2,6,88.2,22.7,2,1.66
P-000442,2025-01-01,1,177.1,5.7,4,5,89.7,25.6,2,1.62
P-000442,2025-02-01,2,173.3,3.2,3,3,90.7,20.5,2,1.82
P-000442,2025-03-01,3,170.4,5.5,4,4,89.8,23.3,2,1.97
P-000442,2025-04-01,4,173.2,8.7,2,7,88.5,22.1,2,1.0
P-000442,2025-05-01,5,170.2,5.1,1,5,90.0,17.8,2,1.59
P-000442,2025-06-01,6,214.4,23.9,3,7,62.8,55.3,4,3.37
P-000442,2025-07-01,7,197.5,24.7,6,7,62.6,54.3,4,3.16
P-000442,2025-08-01,8,170.4,0.0,1,4,92.0,15.8,2,2.04
P-000442,2025-09-01,9,175.0,8.4,2,3,88.6,21.1,2,1.47
P-000442,2025-10-01,10,172.4,6.5,2,4,89.4,20.6,2,1.74
P-000442,2025-11-01,11,176.9,4.5,2,4,90.2,20.0,2,1.24
P-000442,2025-12-01,12,170.6,8.8,2,6,88.5,22.2,2,1.62
P-000443,2025-01-01,1,183.7,10.0,2,4,89.9,25.1,2,1.4
P-000443,2025-02-01,2,181.5,13.1,1,6,84.4,26.2,2,1.33
P-000443,2025-03-01,3,178.3,3.4,0,3,93.2,16.6,2,1.7
P-000443,2025-04-01,4,176.0,3.8,1,4,98.1,17.8,2,1.87
P-000443,2025-05-01,5,182.0,8.4,0,5,93.0,20.8,3,1.48
P-000443,2025-06-01,6,181.7,5.0,2,5,90.9,23.0,2,1.48
P-000443,2025-07-01,7,183.7,3.8,4,4,86.1,26.3,2,1.29
P-000443,2025-08-01,8,181.5,5.0,1,4,95.2,20.6,2,1.79
P-000443,2025-09-01,9,177.2,6.0,4,5,89.5,25.7,2,1.6
P-000443,2025-10-01,10,181.4,2.7,1,5,96.1,18.5,2,1.15
P-000443,2025-11-01,11,187.7,5.4,2,5,91.0,24.9,2,1.35
P-000443,2025-12-01,12,178.7,3.2,2,4,88.8,20.6,2,1.33
P-000444,2025-01-01,1,167.1,8.8,0,4,86.4,15.3,2,1.08
P-000444,2025-02-01,2,172.0,7.3,0,3,93.5,15.1,2,1.39
P-000444,2025-03-01,3,168.6,8.9,2,5,80.7,22.9,2,1.87
P-000444,2025-04-01,4,177.3,7.0,1,5,92.4,20.3,2,1.47
P-000444,2025-05-01,5,174.1,3.8,3,6,100.8,21.0,3,1.74
P-000444,2025-06-01,6,168.9,0.5,2,4,95.9,14.9,2,1.41
P-000444,2025-07-01,7,169.7,8.1,0,6,91.6,16.5,2,1.18
P-000444,2025-08-01,8,173.0,4.7,1,5,97.1,17.0,2,1.46
P-000444,2025-09-01,9,167.9,5.1,1,4,100.8,14.3,2,1.61
P-000444,2025-10-01,10,171.9,6.5,4,4,88.5,23.4,2,1.52
P-000444,2025-11-01,11,168.5,6.8,1,6,96.6,17.7,2,1.74
P-000444,2025-12-01,12,170.1,9.4,3,4,89.9,21.0,2,1.1
P-000445,2025-01-01,1,190.8,17.8,2,8,74.9,39.0,3,2.46
P-000445,2025-02-01,2,208.7,12.1,3,7,77.2,43.1,3,2.35
P-000445,2025-03-01,3,201.0,19.4,5,5,74.2,45.2,3,2.0
P-000445,2025-04-01,4,240.3,44.6,9,12,46.6,92.6,5,4.64
P-000445,2025-05-01,5,241.5,47.1,12,12,42.3,98.0,5,4.6
P-000445,2025-06-01,6,249.5,42.0,5,13,43.3,89.3,5,4.66
P-000445,2025-07-01,7,251.8,46.2,7,10,37.4,93.7,5,4.42
P-000445,2025-08-01,8,257.9,50.2,9,13,38.5,98.0,5,4.22
P-000445,2025-09-01,9,261.3,52.7,14,12,35.8,98.0,5,4.34
P-000445,2025-10-01,10,268.3,63.0,6,10,38.1,98.0,5,4.71
P-000445,2025-11-01,11,271.1,58.6,5,11,38.4,98.0,5,4.35
P-000445,2025-12-01,12,261.3,56.5,14,8,39.6,98.0,5,4.71
P-000446,2025-01-01,1,176.3,7.3,1,6,95.1,19.5,1,1.15
P-000446,2025-02-01,2,224.6,35.3,6,12,47.4,74.9,4,3.38
P-000446,2025-03-01,3,227.5,39.7,5,6,46.1,71.5,4,3.05
P-000446,2025-04-01,4,217.9,36.2,4,6,47.1,65.0,4,3.13
P-000446,2025-05-01,5,212.8,41.2,7,9,45.7,74.0,4,3.68
P-000446,2025-06-01,6,124.3,0.0,0,3,120.0,5.0,1,1.0
P-000446,2025-07-01,7,178.4,6.2,0,4,95.5,16.9,1,1.23
P-000446,2025-08-01,8,174.3,4.2,1,4,96.3,16.3,1,1.34
P-000446,2025-09-01,9,174.9,8.0,3,4,94.8,21.4,1,1.17
P-000446,2025-10-01,10,169.5,0.8,0,4,97.7,11.8,1,1.5
P-000446,2025-11-01,11,180.1,4.9,0,5,96.0,17.6,1,1.3
P-000446,2025-12-01,12,174.7,6.3,0,5,95.5,15.7,1,1.0
P-000447,2025-01-01,1,175.0,10.4,3,5,87.8,25.8,2,1.74
P-000447,2025-02-01,2,169.8,8.1,0,6,88.8,17.9,2,1.49
P-000447,2025-03-01,3,165.9,6.1,0,6,89.6,14.6,2,1.15
P-000447,2025-04-01,4,173.1,4.5,2,4,90.2,18.2,2,1.06
P-000447,2025-05-01,5,171.5,4.5,2,4,90.2,19.0,2,1.61
P-000447,2025-06-01,6,217.1,31.7,4,7,60.5,60.2,4,2.82
P-000447,2025-07-01,7,208.3,25.4,6,9,62.4,59.5,4,3.08
P-000447,2025-08-01,8,171.8,6.0,3,4,89.6,22.1,2,1.84
P-000447,2025-09-01,9,172.5,8.9,4,4,88.4,24.0,2,1.27
P-000447,2025-10-01,10,165.7,9.3,4,5,88.3,22.6,2,1.33
P-000447,2025-11-01,11,170.9,9.4,1,6,88.2,21.6,2,1.88
P-000447,2025-12-01,12,174.4,6.2,2,4,89.5,20.2,2,1.36
P-000448,2025-01-01,1,174.6,3.4,1,4,90.6,19.5,2,2.23
P-000448,2025-02-01,2,168.5,12.2,3,5,87.1,23.0,2,1.18
P-000448,2025-03-01,3,227.5,27.9,11,10,46.6,81.0,3,3.81
P-000448,2025-04-01,4,213.6,35.0,10,8,44.5,77.9,3,4.35
P-000448,2025-05-01,5,216.5,39.1,6,7,43.3,73.1,4,4.19
P-000448,2025-06-01,6,228.7,37.6,5,8,43.7,74.8,4,3.86
P-000448,2025-07-01,7,216.0,42.8,4,9,42.2,71.7,3,3.8
P-000448,2025-08-01,8,223.5,35.2,4,9,44.4,71.5,3,4.11
P-000448,2025-09-01,9,211.6,33.6,8,12,44.9,74.7,4,3.88
P-000448,2025-10-01,10,173.3,7.7,2,3,88.9,21.1,2,1.81
P-000448,2025-11-01,11,176.3,10.8,4,3,87.7,27.9,2,2.18
P-000448,2025-12-01,12,170.1,6.8,4,4,89.3,23.6,2,1.86
P-000449,2025-01-01,1,168.0,4.4,4,6,89.5,22.3,2,1.51
P-000449,2025-02-01,2,165.0,2.9,1,6,97.0,15.0,2,1.81
P-000449,2025-03-01,3,173.4,4.3,4,5,96.8,21.5,2,1.25
P-000449,2025-04-01,4,171.6,2.4,2,4,91.1,17.9,2,1.57
P-000449,2025-05-01,5,182.5,5.7,0,5,92.6,19.8,2,1.44
P-000449,2025-06-01,6,170.8,2.6,0,5,97.4,13.5,2,1.43
P-000449,2025-07-01,7,167.6,3.9,2,5,92.0,17.4,2,1.49
P-000449,2025-08-01,8,166.4,2.1,2,3,85.6,16.1,2,1.49
P-000449,2025-09-01,9,163.6,4.8,1,3,93.3,14.4,2,2.0
P-000449,2025-10-01,10,172.9,8.2,1,4,90.5,19.8,2,1.79
P-000449,2025-11-01,11,180.9,2.2,2,4,97.4,19.5,2,1.4
P-000449,2025-12-01,12,177.1,9.6,2,6,89.7,23.4,2,1.18
P-000450,2025-01-01,1,182.6,7.1,3,3,90.5,24.9,2,1.62
P-000450,2025-02-01,2,180.6,10.4,2,6,94.4,24.5,2,1.35
P-000450,2025-03-01,3,178.3,8.1,1,4,85.8,21.6,2,1.43
P-000450,2025-04-01,4,187.0,7.2,1,4,91.1,23.6,2,1.57
P-000450,2025-05-01,5,186.3,7.3,1,6,90.3,24.9,2,1.57
P-000450,2025-06-01,6,184.9,5.1,2,4,90.6,24.9,2,2.04
P-000450,2025-07-01,7,180.4,7.8,4,4,91.1,26.1,2,1.4
P-000450,2025-08-01,8,183.0,7.2,2,4,94.1,22.5,2,1.22
P-000450,2025-09-01,9,173.7,5.8,1,5,85.9,20.3,2,1.66
P-000450,2025-10-01,10,184.6,10.2,2,5,86.1,28.4,2,1.99
P-000450,2025-11-01,11,184.1,10.6,2,3,92.4,23.8,2,1.15
P-000450,2025-12-01,12,185.6,11.3,1,6,88.8,25.9,2,1.29
P-000451,2025-01-01,1,195.0,14.4,5,4,76.3,39.7,3,1.93
P-000451,2025-02-01,2,185.8,21.4,3,5,73.5,38.3,3,2.34
P-000451,2025-03-01,3,190.7,13.5,1,4,76.6,33.9,3,3.04
P-000451,2025-04-01,4,231.5,47.9,12,7,38.7,93.9,5,4.59
P-000451,2025-05-01,5,251.5,43.9,5,10,39.1,88.7,5,4.29
P-000451,2025-06-01,6,244.0,49.3,8,12,36.6,95.5,5,4.43
P-000451,2025-07-01,7,236.6,41.9,9,14,38.7,92.6,5,4.5
P-000451,2025-08-01,8,245.3,47.8,9,11,36.7,97.7,5,5.0
P-000451,2025-09-01,9,247.4,52.8,9,9,32.9,98.0,5,4.49
P-000451,2025-10-01,10,263.2,56.3,8,11,35.8,98.0,5,5.0
P-000451,2025-11-01,11,261.7,53.8,6,10,32.9,98.0,5,4.4
P-000451,2025-12-01,12,267.3,53.7,10,13,35.1,98.0,5,4.53
P-000452,2025-01-01,1,175.8,13.0,3,5,84.8,27.6,2,1.7
P-000452,2025-02-01,2,172.3,7.5,1,4,87.0,19.2,2,1.51
P-000452,2025-03-01,3,173.1,10.6,3,6,85.8,27.5,2,2.24
P-000452,2025-04-01,4,203.6,31.9,4,12,48.8,62.1,3,3.21
P-000452,2025-05-01,5,204.9,39.8,7,9,40.3,72.7,3,4.13
P-000452,2025-06-01,6,215.8,38.1,5,11,46.7,71.9,4,3.83
P-000452,2025-07-01,7,210.7,26.5,7,9,52.2,65.3,3,3.46
P-000452,2025-08-01,8,211.5,34.0,7,7,40.8,71.0,3,4.05
P-000452,2025-09-01,9,179.2,10.3,2,6,85.9,25.9,2,1.47
P-000452,2025-10-01,10,174.7,15.5,2,5,83.8,26.8,2,1.7
P-000452,2025-11-01,11,176.1,8.0,2,4,86.8,24.0,2,2.13
P-000452,2025-12-01,12,174.3,13.2,3,6,84.7,27.3,2,1.47
P-000453,2025-01-01,1,168.7,5.8,1,3,101.8,14.2,2,1.65
P-000453,2025-02-01,2,167.6,5.5,3,5,89.3,21.3,2,1.91
P-000453,2025-03-01,3,176.9,4.8,1,5,90.3,19.8,2,1.51
P-000453,2025-04-01,4,166.7,10.6,3,5,89.7,21.8,2,1.42
P-000453,2025-05-01,5,167.2,10.2,0,3,84.3,16.8,2,1.54
P-000453,2025-06-01,6,175.6,5.2,3,5,84.0,24.7,2,1.79
P-000453,2025-07-01,7,172.3,4.1,3,5,94.5,21.0,2,1.77
P-000453,2025-08-01,8,167.6,3.2,1,5,89.6,15.8,2,1.45
P-000453,2025-09-01,9,172.7,6.8,0,5,84.3,17.7,2,1.15
P-000453,2025-10-01,10,166.7,2.7,1,5,96.1,15.0,2,1.83
P-000453,2025-11-01,11,173.5,5.2,1,5,89.6,17.6,2,1.0
P-000453,2025-12-01,12,174.2,8.0,1,6,85.4,22.0,2,1.6
P-000454,2025-01-01,1,173.2,5.4,3,4,95.8,19.6,1,1.23
P-000454,2025-02-01,2,219.0,30.0,4,10,49.0,66.5,4,3.7
P-000454,2025-03-01,3,220.8,26.8,4,10,50.0,65.7,4,3.71
P-000454,2025-04-01,4,208.9,28.6,6,6,49.4,64.3,4,4.22
P-000454,2025-05-01,5,219.4,35.5,7,8,47.4,75.5,4,4.72
P-000454,2025-06-01,6,115.7,0.0,0,3,120.0,5.0,1,1.0
P-000454,2025-07-01,7,162.1,3.8,2,4,96.5,14.4,1,1.65
P-000454,2025-08-01,8,172.2,8.0,1,6,94.8,18.8,1,1.32
P-000454,2025-09-01,9,166.4,4.6,1,4,96.2,13.9,1,1.37
P-000454,2025-10-01,10,172.3,5.9,0,3,95.7,14.1,1,1.3
P-000454,2025-11-01,11,172.4,4.9,0,6,96.0,15.5,1,1.26
P-000454,2025-12-01,12,165.4,4.1,1,5,96.3,13.0,1,1.0
P-000455,2025-01-01,1,176.4,9.8,3,4,86.2,25.5,2,1.67
P-000455,2025-02-01,2,169.4,2.1,1,3,90.3,13.9,2,1.21
P-000455,2025-03-01,3,170.0,0.7,0,3,90.5,12.2,2,1.34
P-000455,2025-04-01,4,172.7,7.6,3,6,91.2,23.8,2,1.69
P-000455,2025-05-01,5,169.9,2.3,3,4,91.8,18.4,2,1.41
P-000455,2025-06-01,6,162.9,3.0,1,5,94.5,14.3,2,1.91
P-000455,2025-07-01,7,173.7,3.2,0,6,92.1,15.4,2,1.0
P-000455,2025-08-01,8,171.6,4.9,1,3,94.6,15.3,2,1.32
P-000455,2025-09-01,9,170.9,5.8,0,4,91.2,15.5,2,1.49
P-000455,2025-10-01,10,165.8,7.1,2,5,89.9,18.3,2,1.39
P-000455,2025-11-01,11,174.1,5.8,1,5,89.6,19.0,2,1.4
P-000455,2025-12-01,12,175.7,8.3,0,4,89.3,18.1,2,1.3
P-000456,2025-01-01,1,171.2,6.7,4,4,89.5,23.4,2,1.66
P-000456,2025-02-01,2,166.2,7.1,0,3,91.0,13.2,2,1.25
P-000456,2025-03-01,3,163.4,3.1,4,4,92.7,18.6,2,1.64
P-000456,2025-04-01,4,176.1,4.8,3,6,88.4,24.8,2,1.88
P-000456,2025-05-01,5,171.0,4.2,1,3,92.9,15.5,2,1.45
P-000456,2025-06-01,6,178.5,5.6,4,4,93.9,23.0,2,1.0
P-000456,2025-07-01,7,169.5,12.1,3,4,87.6,23.0,2,1.35
P-000456,2025-08-01,8,168.6,8.5,1,5,87.7,17.9,2,1.13
P-000456,2025-09-01,9,173.7,5.0,2,4,89.7,19.0,2,1.18
P-000456,2025-10-01,10,170.7,6.0,4,3,91.0,20.4,2,1.0
P-000456,2025-11-01,11,173.3,0.0,1,7,93.1,17.7,2,1.66
P-000456,2025-12-01,12,171.7,5.8,2,5,92.2,19.1,2,1.27
P-000457,2025-01-01,1,179.8,3.8,4,5,97.0,23.6,2,1.31
P-000457,2025-02-01,2,178.2,8.4,2,4,88.1,23.4,2,1.63
P-000457,2025-03-01,3,181.8,3.6,1,5,90.0,20.4,2,1.24
P-000457,2025-04-01,4,183.9,2.8,0,4,92.2,18.6,3,1.49
P-000457,2025-05-01,5,182.9,4.3,2,6,88.2,24.4,2,1.54
P-000457,2025-06-01,6,196.7,2.9,0,5,87.9,23.4,2,1.0
P-000457,2025-07-01,7,180.3,7.9,1,5,89.4,22.4,2,1.53
P-000457,2025-08-01,8,178.0,9.4,2,5,89.3,24.5,2,1.73
P-000457,2025-09-01,9,185.4,8.7,1,3,86.1,23.5,2,1.39
P-000457,2025-10-01,10,183.1,11.7,1,5,91.8,23.7,2,1.19
P-000457,2025-11-01,11,179.5,0.0,2,5,97.6,18.9,2,1.48
P-000457,2025-12-01,12,187.4,4.1,2,4,91.5,23.8,2,1.44
P-000458,2025-01-01,1,192.5,7.5,2,5,87.1,29.9,2,2.01
P-000458,2025-02-01,2,181.7,4.6,1,4,91.3,19.5,2,1.1
P-000458,2025-03-01,3,178.6,9.3,1,6,91.2,23.0,2,1.61
P-000458,2025-04-01,4,184.4,4.3,3,4,96.3,23.7,2,1.51
P-000458,2025-05-01,5,181.4,8.6,2,5,91.8,24.8,2,1.74
P-000458,2025-06-01,6,183.4,7.5,1,5,93.9,22.3,2,1.45
P-000458,2025-07-01,7,180.3,6.5,0,4,93.4,19.2,2,1.69
P-000458,2025-08-01,8,177.3,2.0,3,3,94.5,20.0,2,1.53
P-000458,2025-09-01,9,182.2,2.8,3,5,90.3,23.6,2,1.3
P-000458,2025-10-01,10,179.2,3.4,1,6,92.5,19.3,2,1.13
P-000458,2025-11-01,11,185.3,10.0,2,5,92.9,25.5,2,1.27
P-000458,2025-12-01,12,178.1,12.1,0,4,88.5,21.5,2,1.61
P-000459,2025-01-01,1,172.9,7.1,1,5,93.1,18.3,2,1.33
P-000459,2025-02-01,2,173.0,7.3,2,5,90.3,21.0,2,1.49
P-000459,2025-03-01,3,179.7,8.5,1,3,94.6,19.6,2,1.27
P-000459,2025-04-01,4,183.1,6.1,1,6,92.3,22.5,2,1.41
P-000459,2025-05-01,5,181.3,3.5,3,6,92.9,23.6,2,1.23
P-000459,2025-06-01,6,176.1,8.3,4,6,90.5,28.0,2,2.07
P-000459,2025-07-01,7,180.1,10.4,0,5,88.9,20.5,2,1.0
P-000459,2025-08-01,8,173.0,8.1,4,4,93.3,22.6,2,1.15
P-000459,2025-09-01,9,181.1,8.8,1,6,90.1,24.3,2,1.78
P-000459,2025-10-01,10,180.8,2.9,3,4,96.6,21.6,2,1.44
P-000459,2025-11-01,11,176.0,5.9,2,4,94.0,20.7,2,1.7
P-000459,2025-12-01,12,185.4,8.3,2,4,91.3,24.2,2,1.18
P-000460,2025-01-01,1,165.5,9.1,3,5,90.7,21.8,2,1.88
P-000460,2025-02-01,2,169.6,5.7,1,4,93.0,15.7,2,1.21
P-000460,2025-03-01,3,171.5,5.6,3,6,86.6,22.9,2,1.49
P-000460,2025-04-01,4,173.0,3.5,2,5,93.7,19.0,2,1.54
P-000460,2025-05-01,5,178.7,4.2,1,3,94.1,17.2,3,1.14
P-000460,2025-06-01,6,171.4,3.0,3,5,95.8,20.0,2,1.76
P-000460,2025-07-01,7,180.0,6.1,4,6,92.0,27.2,2,1.69
P-000460,2025-08-01,8,168.8,5.1,4,5,92.5,22.0,2,1.63
P-000460,2025-09-01,9,170.8,8.3,2,5,96.6,18.6,2,1.12
P-000460,2025-10-01,10,173.0,6.0,3,6,94.5,21.4,2,1.22
P-000460,2025-11-01,11,176.2,4.6,2,3,92.4,19.5,2,1.55
P-000460,2025-12-01,12,170.7,4.3,4,4,92.0,21.6,2,1.6
P-000461,2025-01-01,1,188.1,10.3,3,6,92.5,30.8,2,1.99
P-000461,2025-02-01,2,184.8,1.1,1,3,93.1,18.9,2,1.41
P-000461,2025-03-01,3,186.2,8.5,0,3,93.7,20.1,2,1.17
P-000461,2025-04-01,4,186.4,4.7,3,5,93.9,26.2,2,1.73
P-000461,2025-05-01,5,192.2,8.8,0,5,91.5,26.9,2,2.33
P-000461,2025-06-01,6,191.2,5.1,1,4,95.0,22.9,2,1.32
P-000461,2025-07-01,7,177.8,5.4,2,4,94.3,19.9,2,1.22
P-000461,2025-08-01,8,182.5,10.1,1,4,89.0,24.0,2,1.7
P-000461,2025-09-01,9,185.6,11.7,0,4,88.7,22.9,2,1.21
P-000461,2025-10-01,10,185.4,6.2,4,3,92.0,25.4,2,1.0
P-000461,2025-11-01,11,187.9,12.1,3,6,91.0,30.0,2,1.29
P-000461,2025-12-01,12,185.2,8.9,2,5,88.0,26.7,2,1.61
P-000462,2025-01-01,1,173.9,9.9,3,4,86.1,26.6,2,2.42
P-000462,2025-02-01,2,177.5,10.3,1,5,85.9,23.8,2,1.8
P-000462,2025-03-01,3,174.3,12.0,1,6,85.2,23.4,2,1.49
P-000462,2025-04-01,4,222.6,30.3,4,9,48.2,67.8,4,3.85
P-000462,2025-05-01,5,221.5,23.2,4,9,51.8,62.8,4,3.44
P-000462,2025-06-01,6,213.2,24.5,6,12,47.1,67.6,3,3.83
P-000462,2025-07-01,7,222.3,30.4,7,7,47.7,73.2,4,4.53
P-000462,2025-08-01,8,222.9,37.5,8,6,47.5,77.2,3,4.45
P-000462,2025-09-01,9,182.6,7.0,3,6,87.2,28.8,2,2.12
P-000462,2025-10-01,10,177.0,7.5,3,3,87.0,24.7,2,1.98
P-000462,2025-11-01,11,178.8,6.5,1,4,87.4,21.1,2,1.56
P-000462,2025-12-01,12,174.9,4.1,1,5,88.3,20.3,2,1.97
P-000463,2025-01-01,1,189.2,6.0,2,4,89.6,26.3,2,1.76
P-000463,2025-02-01,2,183.4,9.7,1,5,88.1,25.2,2,1.79
P-000463,2025-03-01,3,237.3,30.5,6,11,45.8,79.1,3,4.23
P-000463,2025-04-01,4,229.8,48.2,8,10,40.6,88.6,3,4.7
P-000463,2025-05-01,5,239.0,37.2,11,12,43.8,90.7,4,3.78
P-000463,2025-06-01,6,233.1,42.0,4,14,42.4,81.7,4,4.23
P-000463,2025-07-01,7,239.5,39.1,4,7,43.3,76.9,4,3.82
P-000463,2025-08-01,8,234.6,37.1,7,8,43.9,81.1,4,4.3
P-000463,2025-09-01,9,238.4,30.2,11,10,45.9,86.1,4,3.86
P-000463,2025-10-01,10,186.5,7.3,2,7,89.1,27.5,2,1.55
P-000463,2025-11-01,11,183.2,5.8,3,4,89.7,26.1,2,1.88
P-000463,2025-12-01,12,182.0,9.5,3,4,88.2,27.0,2,1.69
P-000464,2025-01-01,1,176.5,13.3,1,5,84.7,25.2,2,1.91
P-000464,2025-02-01,2,181.2,1.6,2,5,89.4,22.7,2,1.88
P-000464,2025-03-01,3,181.7,13.2,3,6,84.7,31.5,2,2.12
P-000464,2025-04-01,4,214.5,20.0,9,8,48.5,68.9,3,4.11
P-000464,2025-05-01,5,216.2,36.9,4,10,40.0,71.7,4,4.34
P-000464,2025-06-01,6,211.0,37.4,4,6,48.7,64.4,4,3.77
P-000464,2025-07-01,7,208.2,30.9,4,8,50.9,62.2,4,3.99
P-000464,2025-08-01,8,221.6,37.8,10,9,40.0,82.5,3,4.03
P-000464,2025-09-01,9,185.6,12.6,1,4,85.0,27.2,2,1.84
P-000464,2025-10-01,10,184.5,12.0,1,3,85.2,25.5,2,1.7
P-000464,2025-11-01,11,180.9,11.9,1,4,85.3,25.7,2,2.03
P-000464,2025-12-01,12,175.9,6.1,3,5,87.5,25.1,2,2.05
P-000465,2025-01-01,1,167.6,6.6,0,6,89.4,15.1,2,1.0
P-000465,2025-02-01,2,170.5,6.0,0,5,89.6,16.7,2,1.62
P-000465,2025-03-01,3,169.2,1.2,2,4,91.5,15.9,2,1.35
P-000465,2025-04-01,4,170.9,6.4,3,4,89.4,20.5,2,1.23
P-000465,2025-05-01,5,171.3,7.4,3,5,89.0,21.7,2,1.21
P-000465,2025-06-01,6,208.3,27.0,3,8,61.9,55.1,4,3.3
P-000465,2025-07-01,7,204.1,23.5,4,7,62.9,51.7,4,2.77
P-000465,2025-08-01,8,171.2,8.1,2,5,88.7,22.0,2,1.87
P-000465,2025-09-01,9,174.7,4.8,2,4,90.1,20.0,2,1.51
P-000465,2025-10-01,10,172.6,5.5,4,4,89.8,23.1,2,1.57
P-000465,2025-11-01,11,171.5,12.6,0,5,87.0,19.2,2,1.17
P-000465,2025-12-01,12,178.8,10.3,3,4,87.9,26.2,2,1.65
P-000466,2025-01-01,1,164.3,9.6,2,5,88.1,18.7,2,1.23
P-000466,2025-02-01,2,160.8,8.9,3,3,90.9,18.2,2,1.7
P-000466,2025-03-01,3,164.8,7.9,1,6,90.8,16.1,2,1.0
P-000466,2025-04-01,4,174.5,6.4,2,5,96.4,19.4,2,1.24
P-000466,2025-05-01,5,174.0,6.6,0,4,91.1,15.9,3,1.09
P-000466,2025-06-01,6,170.4,5.0,1,5,94.9,15.4,2,1.0
P-000466,2025-07-01,7,165.0,4.9,1,5,89.8,16.0,2,1.61
P-000466,2025-08-01,8,172.2,4.9,2,5,92.9,19.5,2,1.56
P-000466,2025-09-01,9,171.6,10.0,1,5,90.4,20.7,2,1.77
P-000466,2025-10-01,10,168.0,1.5,0,6,100.4,11.9,2,1.34
P-000466,2025-11-01,11,167.6,7.7,0,4,88.0,17.3,2,2.1
P-000466,2025-12-01,12,169.5,6.1,2,5,97.3,17.2,2,1.18
P-000467,2025-01-01,1,171.7,4.9,2,3,91.2,17.3,2,1.18
P-000467,2025-02-01,2,167.3,7.3,4,4,88.2,20.9,2,1.0
P-000467,2025-03-01,3,173.7,0.0,4,5,95.1,19.5,2,1.02
P-000467,2025-04-01,4,165.7,3.7,1,5,98.0,13.3,2,1.25
P-000467,2025-05-01,5,172.3,10.5,2,3,92.4,20.7,2,1.6
P-000467,2025-06-01,6,175.0,6.0,2,5,92.2,21.1,2,1.58
P-000467,2025-07-01,7,172.2,9.4,3,5,90.6,23.1,2,1.4
P-000467,2025-08-01,8,179.0,7.9,3,3,90.4,23.9,2,1.55
P-000467,2025-09-01,9,172.6,8.3,2,3,85.8,21.6,2,1.79
P-000467,2025-10-01,10,178.3,0.3,1,5,96.9,17.7,2,1.75
P-000467,2025-11-01,11,173.8,2.4,1,4,91.0,16.8,2,1.48
P-000467,2025-12-01,12,171.5,5.7,3,4,91.8,20.0,2,1.26
P-000468,2025-01-01,1,172.6,12.9,5,4,76.8,33.2,3,2.73
P-000468,2025-02-01,2,177.1,14.4,1,4,76.3,25.8,3,1.5
P-000468,2025-03-01,3,171.7,20.8,4,5,73.7,33.4,3,1.78
P-000468,2025-04-01,4,232.5,43.7,8,12,40.8,89.3,5,4.81
P-000468,2025-05-01,5,214.1,40.0,8,11,46.2,79.2,5,4.63
P-000468,2025-06-01,6,227.8,46.2,9,11,46.3,87.2,5,4.22
P-000468,2025-07-01,7,230.7,44.8,14,11,37.5,97.1,5,4.02
P-000468,2025-08-01,8,238.2,50.6,12,10,38.1,98.0,5,4.96
P-000468,2025-09-01,9,246.6,53.9,11,9,37.5,98.0,5,5.0
P-000468,2025-10-01,10,246.8,53.8,14,13,38.3,98.0,5,4.49
P-000468,2025-11-01,11,254.3,45.8,8,10,34.1,97.4,5,4.67
P-000468,2025-12-01,12,251.7,52.9,10,8,32.8,98.0,5,5.0
P-000469,2025-01-01,1,186.4,8.1,3,5,92.5,27.6,2,1.58
P-000469,2025-02-01,2,179.7,9.1,3,6,89.2,26.5,2,1.43
P-000469,2025-03-01,3,187.1,5.2,1,4,94.1,22.4,2,1.6
P-000469,2025-04-01,4,184.4,6.4,1,4,95.8,22.1,2,1.79
P-000469,2025-05-01,5,182.9,5.4,2,4,93.6,22.0,3,1.3
P-000469,2025-06-01,6,190.4,5.0,1,3,90.2,23.7,2,1.69
P-000469,2025-07-01,7,180.3,8.7,3,4,90.5,24.3,2,1.17
P-000469,2025-08-01,8,182.9,2.2,4,4,95.4,24.5,2,1.63
P-000469,2025-09-01,9,180.4,13.2,1,5,88.0,25.3,2,1.66
P-000469,2025-10-01,10,179.4,9.5,2,5,97.6,22.0,2,1.14
P-000469,2025-11-01,11,183.8,7.3,2,5,92.3,24.4,2,1.47
P-000469,2025-12-01,12,190.2,1.6,1,5,91.6,22.1,2,1.23
P-000470,2025-01-01,1,177.2,6.8,2,5,89.3,22.6,2,1.53
P-000470,2025-02-01,2,175.5,3.7,2,4,90.5,19.5,2,1.43
P-000470,2025-03-01,3,174.3,3.5,4,4,90.6,22.6,2,1.5
P-000470,2025-04-01,4,178.7,3.8,0,5,90.5,17.3,2,1.11
P-000470,2025-05-01,5,169.2,7.8,3,4,88.9,22.0,2,1.82
P-000470,2025-06-01,6,217.2,19.9,7,5,64.0,57.5,4,2.49
P-000470,2025-07-01,7,213.8,27.8,3,8,61.7,55.9,4,2.68
P-000470,2025-08-01,8,174.2,4.3,2,3,90.3,19.5,2,1.72
P-000470,2025-09-01,9,170.8,10.3,1,3,87.9,17.9,2,1.05
P-000470,2025-10-01,10,178.7,12.0,3,6,87.2,27.6,2,1.35
P-000470,2025-11-01,11,172.8,7.6,2,4,89.0,21.3,2,1.73
P-000470,2025-12-01,12,188.7,8.3,1,3,88.7,25.7,2,2.06
P-000471,2025-01-01,1,178.9,4.9,3,5,90.8,23.3,2,1.34
P-000471,2025-02-01,2,171.0,9.5,2,3,93.3,20.1,2,1.79
P-000471,2025-03-01,3,174.7,7.9,1,4,94.8,18.6,2,1.45
P-000471,2025-04-01,4,178.7,4.7,2,6,96.4,22.2,2,1.76
P-000471,2025-05-01,5,176.3,7.7,4,5,95.5,25.7,2,1.87
P-000471,2025-06-01,6,185.3,5.8,4,4,88.7,28.1,2,1.63
P-000471,2025-07-01,7,173.0,9.3,2,6,90.7,22.2,2,1.37
P-000471,2025-08-01,8,176.7,12.6,2,4,86.9,24.3,2,1.38
P-000471,2025-09-01,9,176.4,10.3,2,5,96.7,24.2,2,2.24
P-000471,2025-10-01,10,178.0,3.3,4,3,95.0,22.6,2,1.65
P-000471,2025-11-01,11,171.6,7.8,1,6,90.9,20.1,2,1.68
P-000471,2025-12-01,12,178.9,4.6,3,5,91.9,22.1,2,1.0
P-000472,2025-01-01,1,173.6,5.0,1,4,90.0,17.8,2,1.42
P-000472,2025-02-01,2,180.6,12.3,1,4,87.1,23.9,2,1.45
P-000472,2025-03-01,3,176.8,11.1,0,4,87.6,20.7,2,1.58
P-000472,2025-04-01,4,165.7,3.3,3,3,90.7,15.9,2,1.0
P-000472,2025-05-01,5,174.3,5.7,2,5,89.7,20.9,2,1.49
P-000472,2025-06-01,6,206.8,25.7,8,8,62.3,61.0,4,2.77
P-000472,2025-07-01,7,207.0,25.0,4,6,62.5,52.4,4,2.63
P-000472,2025-08-01,8,173.9,5.8,2,4,89.7,21.1,2,1.86
P-000472,2025-09-01,9,174.8,7.5,4,3,89.0,23.3,2,1.21
P-000472,2025-10-01,10,172.7,6.9,4,5,89.3,24.5,2,1.58
P-000472,2025-11-01,11,171.6,10.3,1,5,87.9,22.1,2,2.08
P-000472,2025-12-01,12,176.3,6.4,1,4,89.4,19.6,2,1.48
P-000473,2025-01-01,1,174.1,6.0,1,5,89.3,19.6,2,1.57
P-000473,2025-02-01,2,183.4,6.1,0,5,89.5,19.8,2,1.0
P-000473,2025-03-01,3,184.9,6.5,1,3,88.4,21.7,2,1.27
P-000473,2025-04-01,4,174.6,2.8,4,7,100.2,22.8,3,1.62
P-000473,2025-05-01,5,183.2,6.4,0,4,90.4,19.8,2,1.33
P-000473,2025-06-01,6,181.4,6.6,1,4,92.5,21.6,2,1.73
P-000473,2025-07-01,7,174.2,6.1,1,4,92.1,18.5,2,1.56
P-000473,2025-08-01,8,178.7,9.6,0,6,85.9,21.0,2,1.02
P-000473,2025-09-01,9,172.9,10.2,1,4,88.3,19.8,2,1.28
P-000473,2025-10-01,10,170.7,13.0,3,4,90.2,25.1,2,2.09
P-000473,2025-11-01,11,173.0,0.2,1,5,94.8,14.8,2,1.16
P-000473,2025-12-01,12,178.6,8.4,0,6,84.7,22.6,2,1.78
P-000474,2025-01-01,1,168.4,3.2,1,5,96.7,15.0,1,1.56
P-000474,2025-02-01,2,227.2,41.0,6,9,45.7,75.6,4,3.04
P-000474,2025-03-01,3,231.8,23.7,5,6,50.9,67.1,4,3.72
P-000474,2025-04-01,4,217.3,35.4,9,8,47.4,76.7,4,4.18
P-000474,2025-05-01,5,218.2,37.6,4,10,46.7,70.4,4,3.93
P-000474,2025-06-01,6,122.0,0.0,0,3,120.0,5.0,1,1.0
P-000474,2025-07-01,7,175.5,4.6,2,5,96.2,19.2,1,1.28
P-000474,2025-08-01,8,180.8,7.2,1,5,95.1,20.9,1,1.37
P-000474,2025-09-01,9,173.6,5.7,2,4,95.7,19.0,1,1.55
P-000474,2025-10-01,10,173.3,6.8,0,3,95.3,15.3,1,1.46
P-000474,2025-11-01,11,167.2,4.7,0,5,96.1,13.2,1,1.37
P-000474,2025-12-01,12,178.6,3.2,1,6,96.7,19.5,1,1.65
P-000475,2025-01-01,1,188.1,13.3,1,3,84.7,28.1,2,1.96
P-000475,2025-02-01,2,181.9,10.6,2,3,85.8,23.9,2,1.04
P-000475,2025-03-01,3,182.5,6.4,1,6,87.5,24.1,2,1.74
P-000475,2025-04-01,4,220.3,31.7,7,7,50.1,73.4,4,4.84
P-000475,2025-05-01,5,216.7,19.7,8,8,51.1,66.3,4,3.64
P-000475,2025-06-01,6,220.6,25.5,6,7,53.6,67.8,4,4.51
P-000475,2025-07-01,7,217.3,28.5,6,11,49.4,69.2,4,3.71
P-000475,2025-08-01,8,221.1,30.8,10,9,53.5,76.5,3,3.86
P-000475,2025-09-01,9,179.2,7.0,2,3,87.2,23.2,2,1.85
P-000475,2025-10-01,10,180.5,4.1,4,4,88.4,24.9,2,1.32
P-000475,2025-11-01,11,185.4,7.3,1,4,87.1,25.4,2,2.2
P-000475,2025-12-01,12,181.5,6.8,2,3,87.3,24.7,2,2.13
P-000476,2025-01-01,1,172.9,9.4,0,3,88.2,19.0,2,2.05
P-000476,2025-02-01,2,169.6,3.2,3,5,90.7,19.8,2,1.51
P-000476,2025-03-01,3,175.3,6.3,1,4,89.5,20.0,2,1.8
P-000476,2025-04-01,4,171.2,9.5,3,5,88.2,23.2,2,1.41
P-000476,2025-05-01,5,169.8,3.6,2,5,90.6,19.1,2,1.79
P-000476,2025-06-01,6,204.3,22.6,8,5,63.2,57.8,4,3.25
P-000476,2025-07-01,7,197.0,20.5,6,6,63.8,51.2,4,3.09
P-000476,2025-08-01,8,167.8,4.7,2,3,90.1,16.5,2,1.37
P-000476,2025-09-01,9,166.5,11.2,0,5,87.5,16.4,2,1.03
P-000476,2025-10-01,10,168.7,2.1,0,4,91.2,12.2,2,1.1
P-000476,2025-11-01,11,174.1,6.1,0,5,89.5,19.1,2,2.04
P-000476,2025-12-01,12,178.7,4.7,1,4,90.1,19.3,2,1.35
P-000477,2025-01-01,1,162.3,5.3,3,6,89.6,17.8,2,1.05
P-000477,2025-02-01,2,167.9,7.4,3,7,91.0,21.0,2,1.0
P-000477,2025-03-01,3,170.5,2.6,2,4,94.5,16.8,2,1.53
P-000477,2025-04-01,4,171.2,2.4,1,5,92.6,16.0,2,1.37
P-000477,2025-05-01,5,171.3,6.4,3,3,89.4,20.5,2,1.46
P-000477,2025-06-01,6,164.5,7.5,1,5,90.2,16.4,2,1.43
P-000477,2025-07-01,7,168.7,0.7,0,5,98.5,11.5,2,1.32
P-000477,2025-08-01,8,176.0,7.4,2,4,92.3,21.8,2,1.79
P-000477,2025-09-01,9,165.7,11.7,3,5,92.8,21.8,2,1.61
P-000477,2025-10-01,10,171.2,4.2,3,4,93.6,20.1,2,1.74
P-000477,2025-11-01,11,168.2,4.9,2,4,96.0,16.4,2,1.4
P-000477,2025-12-01,12,165.5,5.7,3,5,93.0,19.2,2,1.59
P-000478,2025-01-01,1,178.5,7.7,1,5,86.9,22.5,2,1.64
P-000478,2025-02-01,2,188.3,6.2,3,3,87.5,26.3,2,1.3
P-000478,2025-03-01,3,180.2,12.1,3,6,85.1,30.1,2,1.97
P-000478,2025-04-01,4,216.7,28.5,7,8,44.3,70.6,4,4.06
P-000478,2025-05-01,5,232.0,38.3,6,8,46.9,78.4,4,4.27
P-000478,2025-06-01,6,218.5,35.1,6,9,41.4,72.3,4,3.55
P-000478,2025-07-01,7,217.7,25.9,4,9,44.7,65.4,4,4.07
P-000478,2025-08-01,8,211.8,37.3,10,9,42.6,77.4,3,3.62
P-000478,2025-09-01,9,191.7,10.7,2,6,85.7,30.6,2,1.5
P-000478,2025-10-01,10,181.4,10.3,4,5,85.9,29.5,2,1.5
P-000478,2025-11-01,11,185.4,4.3,2,5,88.3,23.7,2,1.17
P-000478,2025-12-01,12,190.7,12.0,4,5,85.2,34.1,2,1.73
P-000479,2025-01-01,1,175.7,9.1,1,4,88.4,20.6,2,1.42
P-000479,2025-02-01,2,175.2,4.9,0,4,90.0,16.4,2,1.3
P-000479,2025-03-01,3,175.7,9.9,1,4,88.0,20.9,2,1.38
P-000479,2025-04-01,4,171.6,8.2,2,4,88.7,20.2,2,1.35
P-000479,2025-05-01,5,176.7,6.7,2,6,89.3,23.6,2,1.73
P-000479,2025-06-01,6,207.5,28.1,8,6,61.6,61.5,4,2.94
P-000479,2025-07-01,7,204.7,23.1,4,7,63.1,52.5,4,3.08
P-000479,2025-08-01,8,172.0,8.6,2,3,88.6,19.0,2,1.0
P-000479,2025-09-01,9,171.4,11.1,0,6,87.6,20.2,2,1.58
P-000479,2025-10-01,10,177.4,7.6,0,4,88.9,20.3,2,2.03
P-000479,2025-11-01,11,165.7,11.1,2,4,87.6,21.6,2,2.16
P-000479,2025-12-01,12,170.5,3.6,4,5,90.5,21.9,2,1.48
P-000480,2025-01-01,1,189.7,14.8,2,4,84.1,30.5,2,1.47
P-000480,2025-02-01,2,186.4,14.2,4,5,84.3,34.1,2,1.89
P-000480,2025-03-01,3,190.2,10.2,3,3,85.9,30.0,2,1.71
P-000480,2025-04-01,4,230.1,33.0,4,9,48.9,71.8,3,3.99
P-000480,2025-05-01,5,225.2,23.6,7,10,52.0,70.3,3,3.64
P-000480,2025-06-01,6,220.9,35.4,4,7,47.3,68.2,4,3.87
P-000480,2025-07-01,7,234.7,23.3,4,10,53.7,69.9,4,4.29
P-000480,2025-08-01,8,227.0,39.0,5,8,40.0,74.6,3,3.5
P-000480,2025-09-01,9,191.1,5.8,1,4,87.7,25.2,2,1.59
P-000480,2025-10-01,10,190.0,7.7,2,3,86.9,27.3,2,1.83
P-000480,2025-11-01,11,189.6,5.6,2,5,87.7,27.2,2,1.69
P-000480,2025-12-01,12,185.5,20.0,4,4,82.0,36.1,2,1.95
P-000481,2025-01-01,1,182.5,9.9,1,4,86.0,23.5,2,1.32
P-000481,2025-02-01,2,181.0,7.1,3,5,87.1,26.6,2,1.7
P-000481,2025-03-01,3,181.0,18.8,1,3,82.5,28.1,2,1.87
P-000481,2025-04-01,4,216.0,27.1,4,12,45.5,67.2,4,4.08
P-000481,2025-05-01,5,220.3,37.6,6,7,47.6,72.1,4,3.84
P-000481,2025-06-01,6,229.0,38.9,7,10,47.8,78.9,4,3.67
P-000481,2025-07-01,7,221.6,36.7,4,8,40.6,70.2,4,3.6
P-000481,2025-08-01,8,211.6,25.0,5,6,57.1,58.6,3,3.4
P-000481,2025-09-01,9,180.7,10.9,1,3,85.7,25.8,2,2.55
P-000481,2025-10-01,10,183.3,12.6,4,6,85.0,32.6,2,1.78
P-000481,2025-11-01,11,184.9,12.4,3,5,85.0,31.7,2,2.15
P-000481,2025-12-01,12,175.4,10.6,4,4,85.8,27.8,2,1.87
P-000482,2025-01-01,1,174.5,3.7,4,5,90.5,24.3,2,1.87
P-000482,2025-02-01,2,178.7,11.1,0,3,87.5,22.1,2,2.12
P-000482,2025-03-01,3,224.2,38.7,4,7,43.4,71.2,3,3.77
P-000482,2025-04-01,4,222.5,38.1,11,11,43.6,84.4,3,3.67
P-000482,2025-05-01,5,233.2,38.7,8,10,43.4,83.7,4,4.03
P-000482,2025-06-01,6,221.8,42.0,4,9,42.4,74.0,4,4.06
P-000482,2025-07-01,7,226.5,33.0,8,7,45.1,76.4,4,3.93
P-000482,2025-08-01,8,227.2,41.0,6,10,42.7,77.2,3,3.18
P-000482,2025-09-01,9,228.7,43.1,6,8,42.1,79.1,3,3.86
P-000482,2025-10-01,10,172.8,9.1,1,3,88.3,19.9,2,1.78
P-000482,2025-11-01,11,178.4,6.5,2,4,89.4,22.6,2,1.71
P-000482,2025-12-01,12,178.0,2.9,2,5,90.9,22.2,2,2.05
P-000483,2025-01-01,1,184.3,7.5,1,3,92.0,22.2,2,1.65
P-000483,2025-02-01,2,186.6,8.8,0,5,95.0,22.8,2,1.71
P-000483,2025-03-01,3,188.7,2.5,1,4,103.2,20.5,2,1.76
P-000483,2025-04-01,4,188.8,8.9,3,5,93.6,29.3,2,1.89
P-000483,2025-05-01,5,187.9,5.6,1,5,93.0,23.9,2,1.71
P-000483,2025-06-01,6,189.1,13.2,3,6,86.5,32.4,2,1.58
P-000483,2025-07-01,7,181.5,6.4,1,3,89.0,21.1,2,1.58
P-000483,2025-08-01,8,186.2,6.1,1,5,97.1,22.8,2,1.7
P-000483,2025-09-01,9,184.2,5.0,1,4,93.7,21.1,2,1.51
P-000483,2025-10-01,10,184.9,7.2,4,5,89.2,28.0,2,1.2
P-000483,2025-11-01,11,187.1,2.8,2,4,91.6,23.5,2,1.6
P-000483,2025-12-01,12,181.4,4.0,2,4,92.9,23.3,2,2.23
P-000484,2025-01-01,1,185.8,4.8,2,4,88.1,24.6,2,1.64
P-000484,2025-02-01,2,187.5,14.2,2,4,84.3,30.2,2,1.81
P-000484,2025-03-01,3,185.1,18.4,2,3,82.6,30.0,2,1.47
P-000484,2025-04-01,4,226.7,25.8,8,7,53.1,70.1,4,3.21
P-000484,2025-05-01,5,235.2,27.1,8,13,53.5,79.2,3,3.86
P-000484,2025-06-01,6,223.7,26.5,10,6,47.0,75.1,4,3.99
P-000484,2025-07-01,7,221.2,37.2,9,12,42.0,81.0,3,3.58
P-000484,2025-08-01,8,217.7,31.6,4,8,45.7,68.6,4,4.7
P-000484,2025-09-01,9,185.4,15.1,4,4,84.0,33.6,2,1.93
P-000484,2025-10-01,10,184.0,12.5,2,3,85.0,27.2,2,1.7
P-000484,2025-11-01,11,187.9,8.7,1,4,86.5,25.5,2,1.6
P-000484,2025-12-01,12,187.7,6.2,3,5,87.5,29.5,2,2.11
P-000485,2025-01-01,1,181.8,1.8,2,5,89.3,23.3,2,2.0
P-000485,2025-02-01,2,183.3,5.0,2,5,88.0,23.8,2,1.35
P-000485,2025-03-01,3,185.7,11.5,2,5,85.4,29.5,2,2.03
P-000485,2025-04-01,4,217.7,37.0,4,12,41.5,72.2,3,3.88
P-000485,2025-05-01,5,226.6,27.5,9,7,42.4,76.9,4,4.15
P-000485,2025-06-01,6,217.6,44.7,7,9,41.4,78.6,4,3.95
P-000485,2025-07-01,7,226.8,27.0,4,7,52.3,66.7,3,4.22
P-000485,2025-08-01,8,222.8,44.1,7,8,40.0,79.9,3,4.03
P-000485,2025-09-01,9,179.6,13.4,2,5,84.6,28.0,2,1.91
P-000485,2025-10-01,10,176.1,12.9,4,4,84.8,29.3,2,1.95
P-000485,2025-11-01,11,177.0,8.8,2,5,86.5,24.7,2,1.85
P-000485,2025-12-01,12,178.8,15.2,3,4,83.9,30.5,2,2.24
P-000486,2025-01-01,1,162.6,9.9,0,3,94.1,13.0,1,1.45
P-000486,2025-02-01,2,211.2,32.0,4,8,48.4,62.5,4,3.34
P-000486,2025-03-01,3,211.3,32.9,4,6,48.1,64.0,4,4.29
P-000486,2025-04-01,4,209.0,32.6,6,8,48.2,66.4,4,3.74
P-000486,2025-05-01,5,215.6,35.7,6,11,47.3,71.5,4,3.51
P-000486,2025-06-01,6,113.8,0.0,0,3,120.0,5.0,1,1.0
P-000486,2025-07-01,7,168.6,6.1,1,5,95.6,16.5,1,1.57
P-000486,2025-08-01,8,162.2,5.2,1,4,95.9,12.8,1,1.42
P-000486,2025-09-01,9,167.8,9.3,0,4,94.3,15.8,1,1.69
P-000486,2025-10-01,10,172.3,2.2,0,6,97.1,13.9,1,1.16
P-000486,2025-11-01,11,170.6,4.8,1,4,96.1,15.3,1,1.3
P-000486,2025-12-01,12,170.5,2.5,1,6,97.0,15.9,1,1.47
P-000487,2025-01-01,1,169.6,7.1,0,5,95.1,16.1,2,1.72
P-000487,2025-02-01,2,167.3,7.9,4,5,90.2,23.1,2,1.67
P-000487,2025-03-01,3,170.6,8.6,4,5,89.8,24.3,2,1.54
P-000487,2025-04-01,4,164.5,6.0,2,5,94.1,16.8,2,1.49
P-000487,2025-05-01,5,166.2,5.5,1,6,95.1,15.9,2,1.45
P-000487,2025-06-01,6,171.2,4.3,1,6,93.0,17.5,2,1.42
P-000487,2025-07-01,7,173.1,8.7,1,5,92.3,20.4,2,1.79
P-000487,2025-08-01,8,162.7,6.7,4,4,95.4,18.4,2,1.29
P-000487,2025-09-01,9,165.6,7.1,3,5,96.4,18.3,2,1.25
P-000487,2025-10-01,10,172.5,6.0,1,4,94.3,16.6,2,1.23
P-000487,2025-11-01,11,169.5,6.3,1,6,89.2,20.4,2,2.21
P-000487,2025-12-01,12,163.9,7.3,1,4,89.9,15.7,2,1.52
P-000488,2025-01-01,1,175.4,5.3,4,5,92.6,24.6,2,1.75
P-000488,2025-02-01,2,168.9,7.3,4,6,89.6,23.2,2,1.25
P-000488,2025-03-01,3,176.8,2.6,0,4,89.5,16.7,2,1.54
P-000488,2025-04-01,4,170.2,6.4,0,5,88.4,17.1,2,1.64
P-000488,2025-05-01,5,169.6,6.1,1,5,93.1,16.3,2,1.15
P-000488,2025-06-01,6,177.3,3.4,4,6,94.4,24.5,2,1.66
P-000488,2025-07-01,7,169.2,12.2,2,3,91.7,20.2,2,1.51
P-000488,2025-08-01,8,173.3,4.4,2,4,93.3,19.0,2,1.6
P-000488,2025-09-01,9,174.4,10.1,2,5,92.4,22.9,2,1.74
P-000488,2025-10-01,10,171.3,7.0,1,7,86.5,20.6,2,1.46
P-000488,2025-11-01,11,171.2,6.1,4,3,87.2,22.0,2,1.3
P-000488,2025-12-01,12,172.0,5.9,4,3,93.1,21.3,2,1.38
P-000489,2025-01-01,1,171.3,4.1,2,4,90.3,18.5,2,1.52
P-000489,2025-02-01,2,174.1,2.4,0,5,91.0,15.7,2,1.4
P-000489,2025-03-01,3,167.6,8.7,3,4,88.5,19.8,2,1.0
P-000489,2025-04-01,4,168.8,8.4,3,5,88.7,22.8,2,1.83
P-000489,2025-05-01,5,168.3,7.7,4,5,88.9,23.7,2,1.7
P-000489,2025-06-01,6,208.6,24.6,5,7,62.6,56.7,4,3.28
P-000489,2025-07-01,7,200.3,25.6,8,9,62.3,59.2,4,2.71
P-000489,2025-08-01,8,169.7,7.4,1,5,89.0,19.2,2,1.77
P-000489,2025-09-01,9,170.8,3.6,3,5,90.6,20.5,2,1.56
P-000489,2025-10-01,10,173.1,7.9,1,5,88.8,19.1,2,1.16
P-000489,2025-11-01,11,173.0,7.3,4,4,89.1,24.0,2,1.5
P-000489,2025-12-01,12,173.1,4.9,3,3,90.0,21.3,2,1.83
P-000490,2025-01-01,1,170.5,8.3,3,5,94.7,20.2,1,1.03
P-000490,2025-02-01,2,221.3,31.2,7,8,48.6,72.0,4,3.86
P-000490,2025-03-01,3,221.8,45.5,7,13,44.3,82.8,4,4.07
P-000490,2025-04-01,4,232.4,31.4,6,8,48.6,74.3,4,3.85
P-000490,2025-05-01,5,223.9,34.6,4,9,47.6,70.7,4,4.05
P-000490,2025-06-01,6,122.7,0.0,0,3,120.0,5.0,1,1.0
P-000490,2025-07-01,7,172.0,6.2,3,6,95.5,21.1,1,1.29
P-000490,2025-08-01,8,177.1,3.9,0,4,96.4,15.1,1,1.15
P-000490,2025-09-01,9,173.7,3.3,0,4,96.7,14.5,1,1.52
P-000490,2025-10-01,10,176.9,3.5,0,3,96.6,14.6,1,1.36
P-000490,2025-11-01,11,174.1,4.8,2,4,96.1,17.9,1,1.22
P-000490,2025-12-01,12,168.0,3.6,0,4,96.6,12.3,1,1.38
P-000491,2025-01-01,1,177.0,4.4,2,6,94.6,20.8,2,1.38
P-000491,2025-02-01,2,174.2,4.0,2,7,93.1,21.5,2,1.71
P-000491,2025-03-01,3,177.4,5.3,0,5,96.9,17.7,2,1.7
P-000491,2025-04-01,4,172.4,5.9,1,4,91.0,18.4,3,1.73
P-000491,2025-05-01,5,173.1,5.0,0,4,97.0,15.3,2,1.64
P-000491,2025-06-01,6,170.7,7.2,3,4,87.9,22.5,2,1.83
P-000491,2025-07-01,7,172.0,4.3,2,5,88.5,20.0,2,1.58
P-000491,2025-08-01,8,174.9,7.8,2,5,86.2,22.0,2,1.21
P-000491,2025-09-01,9,176.6,0.0,3,4,93.8,20.3,2,1.76
P-000491,2025-10-01,10,168.0,5.7,1,5,89.1,17.8,2,1.73
P-000491,2025-11-01,11,175.2,3.6,4,4,91.9,22.7,2,1.53
P-000491,2025-12-01,12,183.8,2.5,4,6,95.3,25.5,2,1.32
P-000492,2025-01-01,1,180.2,15.0,2,5,84.0,28.9,2,1.86
P-000492,2025-02-01,2,176.6,4.2,2,4,88.3,21.8,2,1.91
P-000492,2025-03-01,3,170.2,7.5,1,5,87.0,19.1,2,1.49
P-000492,2025-04-01,4,206.8,29.4,9,8,51.1,67.9,4,3.39
P-000492,2025-05-01,5,217.0,30.1,6,8,44.1,68.1,3,3.43
P-000492,2025-06-01,6,206.4,42.1,5,9,41.3,68.7,4,3.34
P-000492,2025-07-01,7,210.3,30.7,5,8,54.4,62.0,4,3.25
P-000492,2025-08-01,8,213.6,27.8,5,6,54.5,63.1,3,4.27
P-000492,2025-09-01,9,180.2,8.1,4,4,86.7,26.9,2,1.34
P-000492,2025-10-01,10,175.9,10.4,2,5,85.8,24.3,2,1.53
P-000492,2025-11-01,11,181.5,13.9,1,4,84.5,26.2,2,1.74
P-000492,2025-12-01,12,172.3,11.1,1,4,85.6,21.5,2,1.73
P-000493,2025-01-01,1,180.9,14.3,2,5,85.5,27.7,2,1.52
P-000493,2025-02-01,2,189.3,7.5,4,4,81.8,31.2,2,1.53
P-000493,2025-03-01,3,188.9,4.7,1,5,94.3,23.3,2,1.58
P-000493,2025-04-01,4,179.0,4.3,1,4,89.7,19.5,2,1.44
P-000493,2025-05-01,5,183.7,10.2,3,4,84.3,29.0,2,1.83
P-000493,2025-06-01,6,179.4,10.3,2,6,88.3,25.8,2,1.57
P-000493,2025-07-01,7,184.8,5.5,2,4,91.5,24.1,2,1.71
P-000493,2025-08-01,8,179.2,8.0,2,3,96.1,20.5,2,1.26
P-000493,2025-09-01,9,173.4,7.4,0,4,93.2,15.6,2,1.05
P-000493,2025-10-01,10,174.9,11.4,1,7,86.3,22.7,2,1.05
P-000493,2025-11-01,11,189.8,5.3,4,5,92.1,29.4,2,1.6
P-000493,2025-12-01,12,182.7,7.4,2,4,89.3,24.4,2,1.65
P-000494,2025-01-01,1,174.8,12.0,4,6,91.3,26.9,2,1.25
P-000494,2025-02-01,2,175.3,8.1,3,5,90.1,24.6,2,1.76
P-000494,2025-03-01,3,176.5,5.2,0,5,94.8,18.1,2,1.84
P-000494,2025-04-01,4,174.8,2.0,0,6,97.3,16.7,2,1.98
P-000494,2025-05-01,5,176.3,11.5,2,4,88.7,22.5,2,1.05
P-000494,2025-06-01,6,179.5,4.8,1,3,92.5,18.9,2,1.48
P-000494,2025-07-01,7,173.4,10.7,2,5,91.5,22.9,2,1.69
P-000494,2025-08-01,8,186.6,6.8,3,5,89.0,26.9,2,1.21
P-000494,2025-09-01,9,173.9,1.1,0,6,93.2,15.1,2,1.31
P-000494,2025-10-01,10,174.7,3.7,0,4,92.9,15.5,2,1.41
P-000494,2025-11-01,11,172.2,2.9,0,4,88.3,14.6,2,1.2
P-000494,2025-12-01,12,176.5,0.5,1,5,97.0,16.0,2,1.3
P-000495,2025-01-01,1,166.0,2.5,2,3,99.3,14.9,2,2.01
P-000495,2025-02-01,2,171.3,0.8,0,6,90.1,15.1,2,1.48
P-000495,2025-03-01,3,173.3,6.2,1,4,94.0,18.8,2,1.92
P-000495,2025-04-01,4,167.1,7.0,1,3,92.0,14.3,2,1.0
P-000495,2025-05-01,5,167.8,1.9,3,5,90.3,19.1,2,1.69
P-000495,2025-06-01,6,177.2,0.6,3,3,90.2,20.9,2,1.83
P-000495,2025-07-01,7,164.1,6.1,3,3,92.3,17.8,2,1.64
P-000495,2025-08-01,8,163.5,4.6,1,5,90.0,14.0,2,1.07
P-000495,2025-09-01,9,172.5,5.4,3,4,91.4,21.1,2,1.57
P-000495,2025-10-01,10,171.1,4.9,2,4,98.2,17.2,2,1.47
P-000495,2025-11-01,11,169.2,5.8,1,5,93.6,17.6,2,1.81
P-000495,2025-12-01,12,161.4,12.7,4,5,89.0,22.6,2,1.39
P-000496,2025-01-01,1,171.3,8.4,3,5,92.7,22.7,2,1.72
P-000496,2025-02-01,2,172.6,4.1,4,4,96.1,21.2,2,1.52
P-000496,2025-03-01,3,173.6,8.6,1,5,91.5,18.8,2,1.08
P-000496,2025-04-01,4,182.7,6.1,2,5,93.3,22.2,2,1.0
P-000496,2025-05-01,5,176.6,2.2,1,5,97.5,16.6,2,1.25
P-000496,2025-06-01,6,173.8,9.0,2,4,89.0,22.3,2,1.78
P-000496,2025-07-01,7,183.2,5.2,4,5,90.5,26.2,2,1.17
P-000496,2025-08-01,8,173.8,8.4,2,3,94.4,20.5,2,1.82
P-000496,2025-09-01,9,177.0,4.0,1,5,97.5,17.5,2,1.27
P-000496,2025-10-01,10,176.8,3.7,2,5,93.5,21.4,2,1.94
P-000496,2025-11-01,11,181.8,12.0,4,3,94.0,28.0,2,1.75
P-000496,2025-12-01,12,184.6,10.5,0,5,87.6,22.7,2,1.13
P-000497,2025-01-01,1,186.9,4.2,3,5,88.3,27.2,2,1.68
P-000497,2025-02-01,2,186.6,13.8,1,6,84.5,29.0,2,1.65
P-000497,2025-03-01,3,185.1,6.7,2,4,87.3,24.8,2,1.44
P-000497,2025-04-01,4,216.5,32.5,4,7,42.4,62.9,3,2.5
P-000497,2025-05-01,5,222.7,35.4,4,6,46.3,70.6,3,4.76
P-000497,2025-06-01,6,228.8,34.3,10,6,49.1,79.4,4,3.84
P-000497,2025-07-01,7,224.0,30.7,5,9,45.6,71.7,4,4.26
P-000497,2025-08-01,8,216.9,37.7,5,8,45.0,71.4,4,4.2
P-000497,2025-09-01,9,182.9,12.2,2,5,85.1,27.6,2,1.5
P-000497,2025-10-01,10,184.5,8.7,4,4,86.5,28.7,2,1.37
P-000497,2025-11-01,11,191.9,7.3,3,3,87.1,28.8,2,1.57
P-000497,2025-12-01,12,182.5,13.1,1,6,84.8,29.0,2,2.36
P-000498,2025-01-01,1,179.7,2.3,4,5,92.5,24.2,2,1.45
P-000498,2025-02-01,2,174.9,6.7,1,3,93.8,17.1,2,1.22
P-000498,2025-03-01,3,168.7,9.6,2,5,89.2,21.2,2,1.67
P-000498,2025-04-01,4,169.7,9.2,2,5,91.7,20.1,2,1.35
P-000498,2025-05-01,5,181.5,2.9,1,5,92.1,20.4,2,1.57
P-000498,2025-06-01,6,174.7,6.0,1,4,93.6,19.9,2,2.17
P-000498,2025-07-01,7,176.5,9.5,2,5,90.3,23.6,2,1.64
P-000498,2025-08-01,8,172.4,7.1,4,5,90.4,23.8,2,1.38
P-000498,2025-09-01,9,176.6,7.8,2,6,90.7,22.8,2,1.35
P-000498,2025-10-01,10,180.2,6.1,1,5,91.0,22.1,2,1.83
P-000498,2025-11-01,11,174.1,4.8,2,5,93.0,20.1,2,1.59
P-000498,2025-12-01,12,175.7,4.1,2,7,92.1,21.9,2,1.59
P-000499,2025-01-01,1,175.2,5.3,2,4,89.9,22.1,2,2.19
P-000499,2025-02-01,2,176.8,8.0,1,3,88.8,20.0,2,1.52
P-000499,2025-03-01,3,175.1,9.8,3,5,88.1,26.9,2,2.29
P-000499,2025-04-01,4,172.9,8.5,2,4,88.6,20.3,2,1.14
P-000499,2025-05-01,5,182.2,9.4,2,3,88.3,24.1,2,1.44
P-000499,2025-06-01,6,203.1,32.8,8,8,60.2,64.0,4,3.15
P-000499,2025-07-01,7,204.4,27.3,5,7,61.8,55.9,4,3.04
P-000499,2025-08-01,8,180.0,5.2,4,4,89.9,25.7,2,1.61
P-000499,2025-09-01,9,177.7,12.5,3,3,87.0,25.9,2,1.5
P-000499,2025-10-01,10,178.1,4.2,1,5,90.3,19.3,2,1.26
P-000499,2025-11-01,11,174.6,4.5,4,4,90.2,23.3,2,1.57
P-000499,2025-12-01,12,175.6,9.8,2,6,88.1,23.8,2,1.37
P-000500,2025-01-01,1,174.1,7.6,0,5,89.0,18.9,2,1.67
P-000500,2025-02-01,2,173.9,10.6,1,4,87.8,20.6,2,1.4
P-000500,2025-03-01,3,173.9,4.0,2,5,90.4,19.9,2,1.48
P-000500,2025-04-01,4,177.5,7.4,0,3,89.0,18.0,2,1.4
P-000500,2025-05-01,5,175.3,7.1,0,4,89.2,18.3,2,1.6
P-000500,2025-06-01,6,211.6,24.6,5,8,62.6,58.2,4,3.2
P-000500,2025-07-01,7,210.5,28.5,7,8,61.5,61.5,4,2.59
P-000500,2025-08-01,8,173.7,4.6,3,4,90.2,20.8,2,1.33
P-000500,2025-09-01,9,171.5,2.2,2,5,91.1,17.6,2,1.24
P-000500,2025-10-01,10,175.4,8.3,2,4,88.7,21.9,2,1.45
P-000500,2025-11-01,11,180.5,9.1,1,6,88.4,23.9,2,1.55
P-000500,2025-12-01,12,171.9,5.9,4,7,89.7,25.5,2,1.75
P-000501,2025-01-01,1,175.6,6.4,1,4,89.4,20.5,2,1.91
P-000501,2025-02-01,2,171.3,8.8,4,4,88.5,24.4,2,1.59
P-000501,2025-03-01,3,226.0,37.9,8,8,43.6,78.7,4,3.71
P-000501,2025-04-01,4,225.0,35.9,4,9,44.2,71.9,3,3.92
P-000501,2025-05-01,5,227.3,41.2,7,8,42.7,78.4,3,3.48
P-000501,2025-06-01,6,222.9,40.1,11,9,43.0,85.1,3,4.04
P-000501,2025-07-01,7,233.1,30.9,4,10,45.7,74.4,4,4.46
P-000501,2025-08-01,8,232.2,40.4,4,10,42.9,77.3,3,3.96
P-000501,2025-09-01,9,224.7,35.2,11,10,44.4,83.2,3,3.69
P-000501,2025-10-01,10,171.7,11.9,2,5,87.2,23.1,2,1.49
P-000501,2025-11-01,11,176.3,11.0,1,5,87.6,24.3,2,2.18
P-000501,2025-12-01,12,172.3,11.5,0,4,87.4,19.5,2,1.66
P-000502,2025-01-01,1,186.1,13.4,4,4,84.6,32.7,2,1.8
P-000502,2025-02-01,2,185.9,9.2,3,4,86.3,30.3,2,2.35
P-000502,2025-03-01,3,179.7,4.7,1,5,88.1,22.2,2,1.96
P-000502,2025-04-01,4,223.8,30.9,6,13,45.1,74.1,3,3.46
P-000502,2025-05-01,5,219.1,37.3,5,10,45.0,71.1,4,3.33
P-000502,2025-06-01,6,217.5,30.2,8,9,50.8,71.5,4,3.6
P-000502,2025-07-01,7,212.3,36.4,8,7,48.2,72.1,3,3.86
P-000502,2025-08-01,8,223.0,28.3,4,11,48.1,68.5,4,3.87
P-000502,2025-09-01,9,185.1,10.9,3,4,85.7,28.6,2,1.45
P-000502,2025-10-01,10,186.4,10.8,2,4,85.7,28.1,2,1.76
P-000502,2025-11-01,11,188.0,5.1,2,4,88.0,26.7,2,2.12
P-000502,2025-12-01,12,183.2,7.6,1,5,86.9,24.6,2,1.85
P-000503,2025-01-01,1,181.5,2.7,2,4,93.9,21.6,2,1.83
P-000503,2025-02-01,2,174.6,6.9,1,4,90.8,18.5,2,1.3
P-000503,2025-03-01,3,185.4,7.0,1,5,94.0,21.7,2,1.0
P-000503,2025-04-01,4,180.4,4.0,0,4,96.8,17.3,2,1.58
P-000503,2025-05-01,5,175.9,1.4,2,4,89.1,20.0,2,1.8
P-000503,2025-06-01,6,183.6,4.3,4,5,91.4,27.6,2,1.86
P-000503,2025-07-01,7,178.0,3.7,4,3,95.3,21.9,2,1.31
P-000503,2025-08-01,8,185.5,6.8,3,5,96.3,25.5,2,1.37
P-000503,2025-09-01,9,175.9,10.8,3,3,87.0,26.4,2,2.26
P-000503,2025-10-01,10,179.6,4.2,2,5,94.3,21.6,2,1.61
P-000503,2025-11-01,11,176.9,10.3,4,3,88.4,26.5,2,1.69
P-000503,2025-12-01,12,178.2,4.4,2,5,90.1,21.5,2,1.4
P-000504,2025-01-01,1,188.0,18.9,3,5,74.5,38.8,3,2.72
P-000504,2025-02-01,2,190.2,13.5,1,8,76.6,35.6,3,2.72
P-000504,2025-03-01,3,182.7,17.1,2,5,75.2,32.3,3,1.86
P-000504,2025-04-01,4,243.2,50.9,11,12,42.2,98.0,5,4.85
P-000504,2025-05-01,5,245.6,50.6,5,13,43.6,91.1,5,4.46
P-000504,2025-06-01,6,243.4,47.6,13,12,40.2,98.0,5,4.71
P-000504,2025-07-01,7,251.8,44.7,7,10,41.4,93.3,5,4.76
P-000504,2025-08-01,8,254.0,47.9,14,11,32.7,98.0,5,4.98
P-000504,2025-09-01,9,251.7,54.4,13,8,39.3,98.0,5,4.31
P-000504,2025-10-01,10,264.3,56.0,9,10,39.4,98.0,5,4.1
P-000504,2025-11-01,11,267.1,62.9,7,15,45.6,98.0,5,4.24
P-000504,2025-12-01,12,268.9,53.9,11,12,41.9,98.0,5,4.23
P-000505,2025-01-01,1,174.6,11.6,2,6,87.3,25.8,2,1.93
P-000505,2025-02-01,2,176.4,10.3,2,4,87.9,25.3,2,2.29
P-000505,2025-03-01,3,220.4,39.4,6,9,43.2,74.3,4,3.54
P-000505,2025-04-01,4,221.3,34.3,8,12,44.7,77.7,3,3.63
P-000505,2025-05-01,5,224.1,39.5,4,8,43.2,72.2,3,3.75
P-000505,2025-06-01,6,224.7,34.9,6,10,44.5,74.4,4,3.56
P-000505,2025-07-01,7,214.6,44.3,4,12,41.7,74.3,3,3.96
P-000505,2025-08-01,8,227.5,37.2,11,7,43.8,82.0,3,3.25
P-000505,2025-09-01,9,216.9,35.3,5,10,44.4,73.4,4,4.84
P-000505,2025-10-01,10,175.2,12.0,1,5,87.2,23.7,2,1.91
P-000505,2025-11-01,11,175.0,7.1,2,5,89.2,22.2,2,1.62
P-000505,2025-12-01,12,173.1,7.7,2,4,88.9,20.8,2,1.47
P-000506,2025-01-01,1,166.0,1.9,1,4,97.2,13.5,2,1.79
P-000506,2025-02-01,2,174.2,3.5,3,3,96.8,19.3,2,1.61
P-000506,2025-03-01,3,167.7,8.9,1,5,88.8,18.9,2,1.65
P-000506,2025-04-01,4,170.4,4.4,2,3,96.2,16.2,2,1.36
P-000506,2025-05-01,5,162.9,10.9,0,7,86.2,17.6,2,1.42
P-000506,2025-06-01,6,167.6,6.9,4,4,91.9,21.6,2,1.57
P-000506,2025-07-01,7,169.5,6.4,1,5,88.8,18.1,2,1.5
P-000506,2025-08-01,8,173.7,3.4,2,6,93.0,19.2,2,1.22
P-000506,2025-09-01,9,162.2,0.1,4,4,92.2,17.9,2,2.0
P-000506,2025-10-01,10,168.5,8.2,1,4,86.3,18.7,2,1.66
P-000506,2025-11-01,11,166.9,9.0,2,4,93.1,18.2,2,1.41
P-000506,2025-12-01,12,168.0,3.0,2,4,91.1,15.7,2,1.09
P-000507,2025-01-01,1,176.2,4.5,2,4,96.2,19.3,1,1.51
P-000507,2025-02-01,2,216.7,36.7,10,7,47.0,78.3,4,4.26
P-000507,2025-03-01,3,222.0,43.3,7,8,45.0,79.1,4,4.33
P-000507,2025-04-01,4,223.9,26.8,8,7,50.0,71.5,4,3.73
P-000507,2025-05-01,5,218.8,32.4,4,10,48.3,68.0,4,3.86
P-000507,2025-06-01,6,123.2,0.0,0,3,120.0,5.0,1,1.0
P-000507,2025-07-01,7,170.5,2.4,3,3,97.0,16.0,1,1.0
P-000507,2025-08-01,8,183.1,5.6,3,5,95.8,24.6,1,1.52
P-000507,2025-09-01,9,168.6,3.9,1,5,96.4,15.2,1,1.43
P-000507,2025-10-01,10,171.3,6.2,2,3,95.5,16.5,1,1.0
P-000507,2025-11-01,11,177.3,3.4,2,5,96.6,19.0,1,1.18
P-000507,2025-12-01,12,179.1,3.9,1,4,96.4,17.3,1,1.1
P-000508,2025-01-01,1,197.0,22.2,5,7,73.1,49.1,3,3.04
P-000508,2025-02-01,2,185.5,19.2,1,5,74.3,34.1,3,2.46
P-000508,2025-03-01,3,196.4,14.8,3,4,76.1,38.4,3,2.43
P-000508,2025-04-01,4,239.7,29.9,8,13,51.3,83.6,5,4.33
P-000508,2025-05-01,5,256.0,48.4,8,10,41.5,97.2,5,4.5
P-000508,2025-06-01,6,251.2,51.1,8,12,44.3,97.4,5,4.46
P-000508,2025-07-01,7,240.7,52.3,8,7,38.6,91.7,5,4.37
P-000508,2025-08-01,8,259.4,51.5,11,14,40.2,98.0,5,4.01
P-000508,2025-09-01,9,263.7,47.8,14,11,39.1,98.0,5,4.33
P-000508,2025-10-01,10,268.5,51.1,13,9,33.2,98.0,5,4.45
P-000508,2025-11-01,11,268.0,49.0,8,11,36.0,98.0,5,4.12
P-000508,2025-12-01,12,265.8,40.4,8,15,35.5,98.0,5,4.19
P-000509,2025-01-01,1,168.5,7.9,3,4,94.8,18.8,1,1.06
P-000509,2025-02-01,2,214.4,38.7,4,8,46.4,68.2,4,3.89
P-000509,2025-03-01,3,222.6,32.8,4,11,48.1,70.0,4,3.77
P-000509,2025-04-01,4,227.9,35.6,4,10,47.3,72.7,4,3.86
P-000509,2025-05-01,5,222.1,35.8,8,7,47.3,74.7,4,3.55
P-000509,2025-06-01,6,121.8,0.0,0,3,120.0,5.0,1,1.0
P-000509,2025-07-01,7,171.2,4.3,1,6,96.3,17.1,1,1.5
P-000509,2025-08-01,8,164.8,3.9,2,5,96.4,15.7,1,1.51
P-000509,2025-09-01,9,179.3,4.2,1,6,96.3,18.7,1,1.02
P-000509,2025-10-01,10,179.5,4.4,3,6,96.2,22.9,1,1.32
P-000509,2025-11-01,11,173.9,0.1,2,4,98.0,16.7,1,1.67
P-000509,2025-12-01,12,170.5,6.7,0,5,95.3,15.4,1,1.37
P-000510,2025-01-01,1,177.9,8.8,1,5,88.5,21.5,2,1.26
P-000510,2025-02-01,2,177.3,9.3,2,3,88.3,23.7,2,2.03
P-000510,2025-03-01,3,217.4,43.2,4,14,42.0,74.9,4,3.48
P-000510,2025-04-01,4,227.6,36.8,9,9,44.0,82.3,3,4.22
P-000510,2025-05-01,5,232.0,40.5,8,13,42.8,85.6,3,3.84
P-000510,2025-06-01,6,218.4,37.0,8,8,43.9,76.4,3,4.04
P-000510,2025-07-01,7,211.8,47.8,6,9,40.7,76.3,4,3.97
P-000510,2025-08-01,8,229.6,51.0,5,11,39.7,82.2,3,3.36
P-000510,2025-09-01,9,217.3,33.9,7,11,44.8,74.7,4,3.97
P-000510,2025-10-01,10,176.4,11.5,1,4,87.4,22.9,2,1.76
P-000510,2025-11-01,11,174.2,12.8,3,6,86.9,27.1,2,1.62
P-000510,2025-12-01,12,180.1,11.7,2,4,87.3,25.6,2,1.65
P-000511,2025-01-01,1,189.5,11.8,3,3,85.3,30.7,2,1.77
P-000511,2025-02-01,2,191.9,15.8,1,6,83.7,31.3,2,1.45
P-000511,2025-03-01,3,194.3,14.0,4,3,84.4,35.4,2,1.9
P-000511,2025-04-01,4,222.7,28.3,4,12,49.7,68.5,4,3.77
P-000511,2025-05-01,5,222.5,23.9,7,11,46.4,70.9,3,3.49
P-000511,2025-06-01,6,220.8,28.1,4,11,45.8,67.3,4,3.56
P-000511,2025-07-01,7,222.7,39.0,6,6,51.4,73.3,3,4.29
P-000511,2025-08-01,8,217.6,30.6,5,10,50.0,69.5,4,4.38
P-000511,2025-09-01,9,188.1,20.0,3,7,82.0,37.4,2,1.98
P-000511,2025-10-01,10,188.3,8.5,3,5,86.6,30.4,2,1.95
P-000511,2025-11-01,11,196.5,5.1,2,3,88.0,28.2,2,1.78
P-000511,2025-12-01,12,188.6,7.6,1,4,87.0,25.6,2,1.76
P-000512,2025-01-01,1,183.3,5.5,4,5,89.2,27.3,2,1.44
P-000512,2025-02-01,2,181.5,12.6,1,6,91.4,25.2,2,1.55
P-000512,2025-03-01,3,178.1,5.9,2,4,92.6,21.0,2,1.42
P-000512,2025-04-01,4,176.6,5.8,3,5,94.9,21.5,3,1.1
P-000512,2025-05-01,5,170.9,3.3,2,6,95.6,18.2,2,1.43
P-000512,2025-06-01,6,178.8,4.3,3,5,86.1,24.3,2,1.49
P-000512,2025-07-01,7,187.7,4.0,4,3,94.2,26.7,2,1.74
P-000512,2025-08-01,8,175.1,6.7,0,4,91.3,17.6,2,1.57
P-000512,2025-09-01,9,176.6,3.2,3,3,90.7,20.8,2,1.46
P-000512,2025-10-01,10,180.3,9.0,1,4,96.9,20.6,2,1.44
P-000512,2025-11-01,11,184.2,8.5,4,4,91.6,27.5,2,1.33
P-000512,2025-12-01,12,188.4,4.7,4,5,88.4,30.4,2,2.02
P-000513,2025-01-01,1,177.4,6.4,0,6,95.5,18.9,1,1.64
P-000513,2025-02-01,2,220.6,27.8,6,8,49.7,67.9,4,3.63
P-000513,2025-03-01,3,219.7,33.8,6,10,47.9,72.0,4,3.71
P-000513,2025-04-01,4,224.5,33.2,6,6,48.0,71.6,4,4.1
P-000513,2025-05-01,5,225.5,39.1,7,10,46.3,77.9,4,3.6
P-000513,2025-06-01,6,125.3,0.0,0,3,120.0,5.0,1,1.0
P-000513,2025-07-01,7,180.8,7.9,0,5,94.8,19.5,1,1.34
P-000513,2025-08-01,8,178.4,0.0,1,6,98.0,16.9,1,1.27
P-000513,2025-09-01,9,169.3,6.6,1,4,95.4,16.2,1,1.48
P-000513,2025-10-01,10,174.6,5.2,1,4,95.9,17.8,1,1.65
P-000513,2025-11-01,11,180.9,8.4,0,3,94.6,18.3,1,1.31
P-000513,2025-12-01,12,177.3,3.5,0,6,96.6,17.0,1,1.43
P-000514,2025-01-01,1,194.0,20.9,4,6,73.6,44.4,3,2.78
P-000514,2025-02-01,2,197.6,15.4,2,8,75.8,42.4,3,3.35
P-000514,2025-03-01,3,189.9,13.7,1,6,76.5,34.6,3,2.84
P-000514,2025-04-01,4,240.2,50.7,8,11,45.2,93.0,5,4.64
P-000514,2025-05-01,5,232.6,48.7,5,8,40.3,82.6,5,4.3
P-000514,2025-06-01,6,239.6,58.9,11,13,41.9,98.0,5,4.7
P-000514,2025-07-01,7,253.4,50.5,9,8,40.1,98.0,5,4.59
P-000514,2025-08-01,8,251.9,59.4,11,11,39.2,98.0,5,4.66
P-000514,2025-09-01,9,261.4,53.2,7,12,33.4,98.0,5,4.21
P-000514,2025-10-01,10,262.0,46.1,5,13,35.3,96.2,5,4.35
P-000514,2025-11-01,11,260.3,60.2,12,8,37.4,98.0,5,4.44
P-000514,2025-12-01,12,262.6,59.0,14,11,36.5,98.0,5,4.11
P-000515,2025-01-01,1,177.2,7.5,2,6,97.2,23.4,2,2.05
P-000515,2025-02-01,2,173.6,9.0,2,6,91.8,22.8,2,1.68
P-000515,2025-03-01,3,173.9,2.0,2,5,90.5,20.6,2,2.06
P-000515,2025-04-01,4,180.3,5.3,2,5,94.4,23.1,3,1.92
P-000515,2025-05-01,5,172.1,2.3,1,3,91.1,16.4,2,1.85
P-000515,2025-06-01,6,176.7,11.1,1,5,89.5,21.9,2,1.31
P-000515,2025-07-01,7,180.1,13.6,1,4,89.2,24.9,2,1.85
P-000515,2025-08-01,8,179.4,4.8,2,5,92.0,22.5,2,1.69
P-000515,2025-09-01,9,166.8,15.0,1,5,89.1,19.4,2,1.0
P-000515,2025-10-01,10,179.4,4.8,4,5,91.4,24.2,2,1.03
P-000515,2025-11-01,11,182.2,4.7,3,5,86.2,24.7,2,1.1
P-000515,2025-12-01,12,174.8,5.2,1,3,94.6,16.9,2,1.44
P-000516,2025-01-01,1,179.1,7.7,4,4,89.7,25.8,2,1.35
P-000516,2025-02-01,2,179.1,9.5,3,4,88.3,26.0,2,1.71
P-000516,2025-03-01,3,180.4,13.7,1,5,83.6,26.3,2,1.65
P-000516,2025-04-01,4,178.0,2.1,3,5,94.4,20.8,2,1.2
P-000516,2025-05-01,5,185.7,8.5,0,4,88.8,23.4,2,1.94
P-000516,2025-06-01,6,183.7,8.9,0,3,90.1,21.1,2,1.59
P-000516,2025-07-01,7,179.4,4.7,2,6,91.7,22.4,2,1.42
P-000516,2025-08-01,8,183.0,10.9,2,5,89.8,26.4,2,1.6
P-000516,2025-09-01,9,180.6,2.5,3,4,93.6,21.4,2,1.22
P-000516,2025-10-01,10,183.0,0.0,2,4,95.0,19.9,2,1.46
P-000516,2025-11-01,11,178.3,9.6,1,3,85.6,22.7,2,1.86
P-000516,2025-12-01,12,174.6,4.4,0,3,91.7,15.1,2,1.35
P-000517,2025-01-01,1,175.1,6.1,4,4,94.5,23.0,2,1.42
P-000517,2025-02-01,2,174.2,2.8,1,4,95.3,16.4,2,1.52
P-000517,2025-03-01,3,175.0,0.2,4,5,98.8,20.5,2,1.48
P-000517,2025-04-01,4,179.5,3.7,1,4,87.1,20.3,2,1.56
P-000517,2025-05-01,5,177.9,8.2,4,5,89.8,27.0,2,1.66
P-000517,2025-06-01,6,171.2,4.3,2,6,93.4,18.9,2,1.33
P-000517,2025-07-01,7,176.5,9.6,2,4,87.5,23.2,2,1.54
P-000517,2025-08-01,8,180.2,7.5,2,4,89.2,23.5,2,1.61
P-000517,2025-09-01,9,172.7,3.8,4,3,91.5,20.9,2,1.32
P-000517,2025-10-01,10,167.8,10.2,1,3,94.6,16.9,2,1.6
P-000517,2025-11-01,11,184.5,9.0,1,6,95.6,23.0,2,1.18
P-000517,2025-12-01,12,173.6,8.6,1,6,90.7,21.8,2,1.94
P-000518,2025-01-01,1,184.6,20.0,4,6,74.0,41.0,3,2.9
P-000518,2025-02-01,2,185.3,12.4,1,6,77.0,31.3,3,2.41
P-000518,2025-03-01,3,186.1,14.5,2,5,76.2,34.9,3,2.94
P-000518,2025-04-01,4,237.2,40.8,6,8,43.7,83.0,5,4.71
P-000518,2025-05-01,5,232.1,59.0,5,11,42.4,88.9,5,4.55
P-000518,2025-06-01,6,250.6,50.7,8,11,42.4,97.2,5,4.67
P-000518,2025-07-01,7,252.0,43.6,7,10,41.4,92.7,5,4.68
P-000518,2025-08-01,8,235.3,55.0,6,12,42.1,89.8,5,4.15
P-000518,2025-09-01,9,244.0,60.3,10,12,39.5,98.0,5,4.62
P-000518,2025-10-01,10,256.7,64.2,9,10,40.2,98.0,5,4.11
P-000518,2025-11-01,11,252.2,54.7,6,9,36.8,95.4,5,4.48
P-000518,2025-12-01,12,261.5,56.7,8,13,34.6,98.0,5,4.4
P-000519,2025-01-01,1,173.9,1.9,2,4,91.2,18.1,2,1.41
P-000519,2025-02-01,2,180.4,6.9,1,7,89.2,23.2,2,1.43
P-000519,2025-03-01,3,180.7,8.7,0,5,88.5,21.2,2,1.44
P-000519,2025-04-01,4,182.0,7.8,1,5,88.9,22.7,2,1.38
P-000519,2025-05-01,5,175.8,4.9,4,5,90.0,24.7,2,1.59
P-000519,2025-06-01,6,207.8,33.7,3,7,59.9,56.2,4,2.8
P-000519,2025-07-01,7,216.5,32.6,3,5,60.2,58.9,4,3.4
P-000519,2025-08-01,8,177.2,3.8,1,7,90.5,19.7,2,1.11
P-000519,2025-09-01,9,173.0,7.1,4,4,89.2,24.0,2,1.57
P-000519,2025-10-01,10,170.1,5.7,1,5,89.7,16.7,2,1.03
P-000519,2025-11-01,11,171.9,7.4,4,5,89.0,25.5,2,1.97
P-000519,2025-12-01,12,176.5,7.5,4,5,89.0,26.3,2,1.64
P-000520,2025-01-01,1,180.7,5.6,0,5,93.3,19.3,2,1.55
P-000520,2025-02-01,2,181.4,5.0,1,4,95.7,20.0,2,1.62
P-000520,2025-03-01,3,180.0,5.5,2,5,99.8,20.6,2,1.35
P-000520,2025-04-01,4,172.7,0.9,4,3,93.9,19.8,2,1.57
P-000520,2025-05-01,5,179.8,12.1,3,5,85.9,28.2,2,1.61
P-000520,2025-06-01,6,181.2,6.5,2,6,89.5,25.0,2,1.75
P-000520,2025-07-01,7,177.7,5.4,4,4,92.9,25.2,2,1.95
P-000520,2025-08-01,8,175.0,4.5,2,5,91.3,20.1,2,1.38
P-000520,2025-09-01,9,173.4,5.3,1,6,90.0,18.9,2,1.27
P-000520,2025-10-01,10,179.0,8.9,1,3,95.5,20.5,2,1.77
P-000520,2025-11-01,11,175.9,4.2,1,4,93.7,17.9,2,1.52
P-000520,2025-12-01,12,172.3,12.9,2,5,87.1,22.6,2,1.05
P-000521,2025-01-01,1,181.0,7.3,2,3,87.1,24.1,2,1.87
P-000521,2025-02-01,2,182.0,9.8,3,6,86.1,28.7,2,1.65
P-000521,2025-03-01,3,184.1,16.9,4,5,83.2,33.5,2,1.43
P-000521,2025-04-01,4,224.8,36.3,4,8,42.5,70.5,3,3.48
P-000521,2025-05-01,5,215.1,36.9,9,8,40.0,78.1,3,4.26
P-000521,2025-06-01,6,226.4,24.6,4,7,44.0,65.7,3,3.65
P-000521,2025-07-01,7,224.4,26.9,5,7,57.3,65.1,4,3.65
P-000521,2025-08-01,8,218.0,18.0,6,9,55.0,63.4,3,3.94
P-000521,2025-09-01,9,181.6,10.3,1,4,85.9,23.9,2,1.5
P-000521,2025-10-01,10,180.9,11.8,2,5,85.3,27.4,2,1.81
P-000521,2025-11-01,11,181.9,10.8,4,4,85.7,30.5,2,2.03
P-000521,2025-12-01,12,178.1,12.3,3,5,85.1,29.9,2,2.43
P-000522,2025-01-01,1,180.4,5.7,3,4,94.1,22.5,2,1.17
P-000522,2025-02-01,2,177.5,10.6,2,6,88.6,24.8,2,1.43
P-000522,2025-03-01,3,176.3,7.9,1,5,91.4,20.0,2,1.25
P-000522,2025-04-01,4,170.8,9.8,4,4,89.9,24.2,2,1.53
P-000522,2025-05-01,5,172.9,11.6,0,3,89.9,17.6,3,1.25
P-000522,2025-06-01,6,171.5,1.7,1,6,98.3,15.3,2,1.33
P-000522,2025-07-01,7,175.6,4.8,4,4,86.2,25.2,2,1.84
P-000522,2025-08-01,8,173.7,2.0,2,5,98.6,17.6,2,1.53
P-000522,2025-09-01,9,178.5,2.4,1,3,92.5,17.8,2,1.62
P-000522,2025-10-01,10,173.7,3.8,0,5,93.4,15.6,2,1.34
P-000522,2025-11-01,11,170.1,4.8,2,5,89.2,20.9,2,2.19
P-000522,2025-12-01,12,176.0,7.6,1,3,95.2,19.3,2,1.88
P-000523,2025-01-01,1,170.1,3.8,3,5,90.5,20.1,2,1.47
P-000523,2025-02-01,2,179.5,8.6,4,5,88.5,27.9,2,1.65
P-000523,2025-03-01,3,171.0,8.9,0,6,88.4,18.1,2,1.24
P-000523,2025-04-01,4,183.9,8.1,0,6,88.8,24.0,2,1.96
P-000523,2025-05-01,5,177.9,9.7,2,5,88.1,24.8,2,1.72
P-000523,2025-06-01,6,204.7,29.2,6,8,61.2,58.0,4,2.52
P-000523,2025-07-01,7,206.8,25.9,7,7,62.2,59.3,4,2.99
P-000523,2025-08-01,8,186.5,7.6,2,4,89.0,26.6,2,1.96
P-000523,2025-09-01,9,178.6,7.4,3,6,89.0,24.9,2,1.2
P-000523,2025-10-01,10,181.9,8.5,0,6,88.6,22.2,2,1.44
P-000523,2025-11-01,11,178.0,8.7,1,5,88.5,22.2,2,1.54
P-000523,2025-12-01,12,187.6,4.9,1,3,90.0,21.9,2,1.39
P-000524,2025-01-01,1,182.5,15.7,4,6,75.7,36.5,3,2.26
P-000524,2025-02-01,2,186.5,23.0,5,6,72.8,43.9,3,2.55
P-000524,2025-03-01,3,173.5,18.3,2,5,74.7,31.3,3,2.51
P-000524,2025-04-01,4,232.0,53.2,5,9,44.6,85.1,5,4.72
P-000524,2025-05-01,5,239.3,41.0,5,12,43.1,85.3,5,4.88
P-000524,2025-06-01,6,240.5,38.0,10,12,37.6,93.8,5,4.89
P-000524,2025-07-01,7,246.5,51.3,7,11,36.9,94.2,5,4.21
P-000524,2025-08-01,8,247.1,48.5,13,11,37.7,98.0,5,4.78
P-000524,2025-09-01,9,262.7,42.5,7,9,40.5,94.0,5,4.13
P-000524,2025-10-01,10,252.7,59.9,13,10,32.7,98.0,5,4.71
P-000524,2025-11-01,11,260.0,52.4,6,10,35.1,96.4,5,3.78
P-000524,2025-12-01,12,250.5,58.2,10,10,32.0,98.0,5,4.31
P-000525,2025-01-01,1,186.8,10.8,1,6,77.7,31.6,3,2.65
P-000525,2025-02-01,2,188.2,17.3,3,6,75.1,37.6,3,2.24
P-000525,2025-03-01,3,185.0,12.3,3,6,77.1,35.4,3,2.8
P-000525,2025-04-01,4,238.5,38.7,12,9,43.5,92.2,5,4.3
P-000525,2025-05-01,5,241.1,46.4,5,10,45.2,85.3,5,4.43
P-000525,2025-06-01,6,240.8,46.7,5,14,39.2,89.6,5,4.63
P-000525,2025-07-01,7,237.0,44.5,8,8,40.3,87.9,5,4.54
P-000525,2025-08-01,8,246.1,57.6,9,12,45.4,98.0,5,4.36
P-000525,2025-09-01,9,249.8,43.9,9,12,41.9,95.2,5,4.13
P-000525,2025-10-01,10,269.2,51.7,6,9,34.1,98.0,5,3.89
P-000525,2025-11-01,11,263.3,43.7,10,12,38.9,98.0,5,4.56
P-000525,2025-12-01,12,260.3,46.0,11,10,37.1,98.0,5,3.84
P-000526,2025-01-01,1,175.1,3.1,2,4,96.2,18.0,2,1.37
P-000526,2025-02-01,2,192.0,8.4,0,5,92.7,24.5,2,1.56
P-000526,2025-03-01,3,184.8,6.0,2,5,97.1,23.1,2,1.4
P-000526,2025-04-01,4,179.0,1.9,2,3,96.7,18.5,3,1.53
P-000526,2025-05-01,5,183.3,5.7,2,4,92.3,22.8,2,1.44
P-000526,2025-06-01,6,176.2,2.3,2,5,90.3,20.5,2,1.67
P-000526,2025-07-01,7,176.9,2.9,3,4,98.6,18.8,2,1.02
P-000526,2025-08-01,8,181.1,2.8,1,5,96.5,17.9,2,1.0
P-000526,2025-09-01,9,176.9,6.1,4,5,90.2,26.8,2,2.11
P-000526,2025-10-01,10,176.8,3.0,2,4,94.7,18.8,2,1.39
P-000526,2025-11-01,11,182.5,3.7,3,6,91.8,24.3,2,1.24
P-000526,2025-12-01,12,175.8,8.0,1,4,89.3,20.4,2,1.58
P-000527,2025-01-01,1,181.9,0.0,4,5,94.7,23.6,2,1.47
P-000527,2025-02-01,2,182.8,5.8,1,3,90.9,21.6,2,1.82
P-000527,2025-03-01,3,182.9,10.1,0,5,90.3,22.2,2,1.42
P-000527,2025-04-01,4,172.4,4.6,2,5,96.9,17.8,3,1.22
P-000527,2025-05-01,5,184.9,4.3,0,6,91.9,21.2,3,1.56
P-000527,2025-06-01,6,174.8,5.1,3,7,91.0,22.9,2,1.21
P-000527,2025-07-01,7,185.6,1.0,0,6,99.6,18.0,2,1.31
P-000527,2025-08-01,8,180.4,10.4,0,7,88.2,23.1,2,1.39
P-000527,2025-09-01,9,175.9,8.4,2,4,92.1,21.8,2,1.6
P-000527,2025-10-01,10,180.9,0.9,2,4,94.0,19.4,2,1.33
P-000527,2025-11-01,11,185.5,0.5,2,3,99.3,21.7,2,2.36
P-000527,2025-12-01,12,182.8,9.4,1,5,95.1,23.3,2,1.69
P-000528,2025-01-01,1,175.8,13.5,1,5,84.4,24.3,2,1.57
P-000528,2025-02-01,2,166.2,2.8,0,5,93.9,12.8,2,1.48
P-000528,2025-03-01,3,172.0,10.7,1,5,87.5,19.8,2,1.0
P-000528,2025-04-01,4,174.7,5.1,4,6,97.1,23.9,2,1.66
P-000528,2025-05-01,5,174.3,5.5,2,5,97.2,18.9,2,1.27
P-000528,2025-06-01,6,180.3,7.5,2,5,92.8,22.5,2,1.21
P-000528,2025-07-01,7,166.5,7.2,2,4,93.9,17.8,2,1.67
P-000528,2025-08-01,8,179.8,8.2,1,5,89.1,23.1,2,1.77
P-000528,2025-09-01,9,182.0,6.6,0,5,96.3,20.8,2,2.04
P-000528,2025-10-01,10,171.6,5.9,0,4,93.1,15.5,2,1.5
P-000528,2025-11-01,11,175.2,4.1,3,3,92.6,19.8,2,1.28
P-000528,2025-12-01,12,172.7,6.9,0,6,89.4,18.8,2,1.7
P-000529,2025-01-01,1,164.8,5.2,1,3,94.0,14.0,2,1.64
P-000529,2025-02-01,2,166.7,3.7,0,3,95.6,11.9,2,1.57
P-000529,2025-03-01,3,165.6,8.1,2,3,83.6,19.6,2,1.85
P-000529,2025-04-01,4,170.0,8.3,1,6,95.5,19.0,2,1.71
P-000529,2025-05-01,5,160.9,0.4,1,4,94.8,10.8,3,1.51
P-000529,2025-06-01,6,170.1,11.6,3,5,87.1,24.1,2,1.49
P-000529,2025-07-01,7,169.0,8.1,3,4,91.9,21.4,2,1.77
P-000529,2025-08-01,8,170.9,8.4,4,4,86.9,23.2,2,1.16
P-000529,2025-09-01,9,172.7,2.9,0,5,96.1,15.4,2,1.76
P-000529,2025-10-01,10,166.9,0.0,3,6,94.2,18.4,2,1.86
P-000529,2025-11-01,11,161.8,8.2,4,3,87.8,19.6,2,1.35
P-000529,2025-12-01,12,171.6,6.9,0,4,89.1,17.0,2,1.64
P-000530,2025-01-01,1,192.0,21.9,3,5,73.2,40.1,3,2.07
P-000530,2025-02-01,2,184.3,8.5,1,4,78.6,28.3,3,2.65
P-000530,2025-03-01,3,188.2,12.2,2,6,77.1,34.3,3,2.6
P-000530,2025-04-01,4,237.5,44.3,10,12,41.3,93.0,5,4.21
P-000530,2025-05-01,5,246.7,50.6,9,13,44.6,98.0,5,4.61
P-000530,2025-06-01,6,246.9,46.9,5,9,46.5,87.6,5,4.79
P-000530,2025-07-01,7,241.1,44.3,10,10,32.4,95.5,5,4.56
P-000530,2025-08-01,8,251.9,45.4,14,10,41.0,98.0,5,4.21
P-000530,2025-09-01,9,258.4,45.9,8,8,37.9,96.4,5,4.53
P-000530,2025-10-01,10,265.0,46.9,11,12,35.3,98.0,5,4.82
P-000530,2025-11-01,11,265.4,63.7,10,13,38.8,98.0,5,4.36
P-000530,2025-12-01,12,268.5,52.9,14,8,39.6,98.0,5,4.11
P-000531,2025-01-01,1,191.2,14.5,3,5,76.2,34.9,3,1.55
P-000531,2025-02-01,2,196.8,16.8,4,7,75.3,44.2,3,2.87
P-000531,2025-03-01,3,199.0,20.2,2,6,73.9,41.8,3,2.48
P-000531,2025-04-01,4,236.9,39.1,7,9,41.2,84.6,5,4.58
P-000531,2025-05-01,5,244.6,47.0,10,11,37.9,96.8,5,4.3
P-000531,2025-06-01,6,243.4,42.3,8,10,42.3,89.4,5,4.21
P-000531,2025-07-01,7,253.4,47.0,11,11,35.6,98.0,5,4.57
P-000531,2025-08-01,8,261.6,53.2,5,13,40.8,98.0,5,4.38
P-000531,2025-09-01,9,251.4,56.5,10,10,41.4,98.0,5,4.56
P-000531,2025-10-01,10,260.2,53.7,8,13,39.8,98.0,5,4.91
P-000531,2025-11-01,11,269.3,56.1,9,11,33.8,98.0,5,4.53
P-000531,2025-12-01,12,264.0,65.0,12,13,34.8,98.0,5,4.58
P-000532,2025-01-01,1,173.1,9.5,2,6,88.2,22.3,2,1.17
P-000532,2025-02-01,2,178.7,10.4,1,6,87.9,22.8,2,1.09
P-000532,2025-03-01,3,172.4,1.1,3,4,91.6,19.6,2,1.71
P-000532,2025-04-01,4,176.2,3.4,0,5,90.7,16.4,2,1.18
P-000532,2025-05-01,5,169.7,4.7,3,4,90.1,19.4,2,1.29
P-000532,2025-06-01,6,214.2,23.8,3,9,62.9,54.9,4,2.7
P-000532,2025-07-01,7,208.4,23.9,6,8,62.8,58.6,4,3.25
P-000532,2025-08-01,8,175.1,3.6,1,5,90.6,18.6,2,1.52
P-000532,2025-09-01,9,168.4,9.3,2,3,88.3,18.1,2,1.0
P-000532,2025-10-01,10,171.7,4.4,2,3,90.3,17.4,2,1.23
P-000532,2025-11-01,11,178.6,8.1,4,5,88.8,26.9,2,1.45
P-000532,2025-12-01,12,174.8,6.9,1,5,89.2,20.5,2,1.66
P-000533,2025-01-01,1,173.1,7.6,0,7,89.0,21.3,2,2.23
P-000533,2025-02-01,2,167.2,4.1,3,3,90.4,17.4,2,1.23
P-000533,2025-03-01,3,177.5,10.6,3,5,87.7,26.4,2,1.57
P-000533,2025-04-01,4,173.1,7.7,1,5,88.9,20.7,2,1.85
P-000533,2025-05-01,5,167.3,8.4,2,5,88.6,19.9,2,1.5
P-000533,2025-06-01,6,200.5,23.2,4,8,63.0,51.8,4,3.12
P-000533,2025-07-01,7,208.5,25.5,5,6,62.4,56.6,4,3.34
P-000533,2025-08-01,8,175.4,7.8,2,4,88.9,20.5,2,1.0
P-000533,2025-09-01,9,166.2,5.9,4,3,89.6,21.8,2,2.13
P-000533,2025-10-01,10,169.4,15.0,2,3,86.0,21.2,2,1.0
P-000533,2025-11-01,11,175.3,7.6,4,5,89.0,26.6,2,1.89
P-000533,2025-12-01,12,176.8,3.9,3,4,90.4,22.1,2,1.54
P-000534,2025-01-01,1,173.8,7.0,4,5,87.2,26.6,2,2.09
P-000534,2025-02-01,2,178.6,20.0,4,4,82.0,32.3,2,1.39
P-000534,2025-03-01,3,174.6,10.9,4,5,85.6,27.9,2,1.72
P-000534,2025-04-01,4,206.4,36.8,4,7,47.8,62.9,3,3.57
P-000534,2025-05-01,5,206.7,30.3,6,8,48.0,64.6,3,3.72
P-000534,2025-06-01,6,211.9,19.2,4,10,47.9,59.6,3,3.66
P-000534,2025-07-01,7,221.1,32.5,4,9,40.5,69.8,4,3.91
P-000534,2025-08-01,8,198.8,29.1,8,10,44.8,67.3,4,4.02
P-000534,2025-09-01,9,176.4,3.0,2,4,88.8,22.1,2,2.3
P-000534,2025-10-01,10,168.3,17.6,1,6,83.0,25.8,2,2.18
P-000534,2025-11-01,11,171.9,10.4,3,4,85.9,23.1,2,1.22
P-000534,2025-12-01,12,174.8,13.0,1,4,84.8,23.6,2,1.83
P-000535,2025-01-01,1,176.9,2.1,2,3,91.1,19.0,2,1.57
P-000535,2025-02-01,2,176.8,1.4,2,6,91.5,22.2,2,2.22
P-000535,2025-03-01,3,229.0,36.6,7,10,44.0,79.3,3,3.92
P-000535,2025-04-01,4,221.4,43.6,4,12,41.9,77.0,3,4.22
P-000535,2025-05-01,5,223.2,37.2,4,10,43.8,72.3,4,3.83
P-000535,2025-06-01,6,231.9,41.7,7,8,42.5,81.6,3,4.01
P-000535,2025-07-01,7,222.4,34.3,6,11,44.7,73.6,4,3.4
P-000535,2025-08-01,8,224.8,28.9,6,10,46.3,72.4,3,3.87
P-000535,2025-09-01,9,224.7,34.3,9,9,44.7,79.7,3,4.06
P-000535,2025-10-01,10,174.7,14.0,3,4,86.4,27.3,2,1.94
P-000535,2025-11-01,11,181.6,4.6,0,5,90.1,20.5,2,1.84
P-000535,2025-12-01,12,175.0,9.5,2,4,88.2,23.4,2,1.91
P-000536,2025-01-01,1,167.4,8.8,1,5,94.5,16.4,1,1.14
P-000536,2025-02-01,2,221.6,30.6,5,8,48.8,67.8,4,3.61
P-000536,2025-03-01,3,223.3,37.1,9,7,46.9,78.4,4,3.96
P-000536,2025-04-01,4,222.2,40.8,5,8,45.8,72.9,4,3.62
P-000536,2025-05-01,5,218.1,28.5,7,10,49.5,72.2,4,4.36
P-000536,2025-06-01,6,124.3,0.0,0,3,120.0,5.0,1,1.0
P-000536,2025-07-01,7,176.2,6.3,2,4,95.5,19.5,1,1.24
P-000536,2025-08-01,8,177.6,4.7,0,3,96.1,15.1,1,1.21
P-000536,2025-09-01,9,174.8,0.6,0,4,97.8,13.5,1,1.49
P-000536,2025-10-01,10,185.7,4.5,1,5,96.2,21.9,1,1.64
P-000536,2025-11-01,11,171.0,3.1,0,4,96.7,13.3,1,1.46
P-000536,2025-12-01,12,171.5,1.2,3,4,97.5,17.4,1,1.4
P-000537,2025-01-01,1,194.0,20.0,3,6,74.0,43.8,3,3.35
P-000537,2025-02-01,2,207.2,20.4,4,6,73.8,45.9,3,1.62
P-000537,2025-03-01,3,195.1,8.5,2,6,78.6,34.8,3,2.57
P-000537,2025-04-01,4,244.6,42.8,13,10,45.2,98.0,5,4.73
P-000537,2025-05-01,5,242.8,50.7,5,8,42.8,88.2,5,5.0
P-000537,2025-06-01,6,250.2,49.7,9,10,41.8,97.1,5,4.41
P-000537,2025-07-01,7,260.3,51.1,9,10,33.3,98.0,5,4.34
P-000537,2025-08-01,8,258.8,47.4,8,8,40.2,96.7,5,4.5
P-000537,2025-09-01,9,258.0,51.3,6,9,40.8,94.7,5,4.26
P-000537,2025-10-01,10,260.0,59.0,7,11,36.9,98.0,5,4.38
P-000537,2025-11-01,11,270.3,48.1,13,11,39.2,98.0,5,4.01
P-000537,2025-12-01,12,267.5,55.9,7,10,40.8,98.0,5,4.53
P-000538,2025-01-01,1,176.5,9.5,2,5,90.0,24.1,2,1.84
P-000538,2025-02-01,2,181.2,8.4,4,4,91.5,28.2,2,2.03
P-000538,2025-03-01,3,174.4,4.7,4,4,90.6,24.6,2,2.1
P-000538,2025-04-01,4,173.1,7.2,1,6,94.3,19.4,2,1.53
P-000538,2025-05-01,5,169.3,3.8,1,4,93.0,15.5,2,1.5
P-000538,2025-06-01,6,181.5,10.9,2,4,89.5,24.8,2,1.42
P-000538,2025-07-01,7,178.5,5.1,4,4,92.4,24.6,2,1.62
P-000538,2025-08-01,8,167.9,7.5,1,3,85.9,17.8,2,1.72
P-000538,2025-09-01,9,177.8,3.3,4,6,93.5,23.4,2,1.07
P-000538,2025-10-01,10,175.0,5.7,0,5,89.8,17.2,2,1.23
P-000538,2025-11-01,11,172.1,4.4,4,5,93.1,22.3,2,1.49
P-000538,2025-12-01,12,177.7,6.2,1,5,97.1,18.1,2,1.01
P-000539,2025-01-01,1,183.1,4.3,3,3,90.3,24.0,2,1.61
P-000539,2025-02-01,2,177.2,3.2,3,6,100.0,21.3,2,1.5
P-000539,2025-03-01,3,177.3,8.3,4,3,92.1,23.4,2,1.0
P-000539,2025-04-01,4,188.6,6.6,1,4,92.8,22.6,2,1.17
P-000539,2025-05-01,5,194.1,4.8,2,3,87.8,26.9,2,1.64
P-000539,2025-06-01,6,179.3,10.1,3,6,86.3,28.2,2,1.75
P-000539,2025-07-01,7,181.6,4.1,1,5,94.0,20.8,2,1.69
P-000539,2025-08-01,8,177.6,0.8,2,5,93.8,19.4,2,1.53
P-000539,2025-09-01,9,183.8,5.6,2,4,93.8,22.6,2,1.42
P-000539,2025-10-01,10,174.0,3.0,0,5,93.5,14.9,2,1.17
P-000539,2025-11-01,11,176.8,1.2,1,4,96.6,16.2,2,1.43
P-000539,2025-12-01,12,179.8,11.7,3,4,90.8,26.7,2,1.68
P-000540,2025-01-01,1,183.0,11.7,1,5,87.5,25.7,2,1.7
P-000540,2025-02-01,2,180.5,5.2,1,3,91.0,20.0,2,1.61
P-000540,2025-03-01,3,175.2,5.1,3,5,91.9,22.4,2,1.56
P-000540,2025-04-01,4,174.2,5.8,3,5,94.4,22.1,2,1.63
P-000540,2025-05-01,5,181.7,8.3,1,5,91.5,23.2,2,1.7
P-000540,2025-06-01,6,180.3,4.3,4,4,95.3,23.3,2,1.15
P-000540,2025-07-01,7,177.7,7.8,4,6,91.8,26.6,2,1.5
P-000540,2025-08-01,8,174.0,8.3,1,5,91.9,20.5,2,1.73
P-000540,2025-09-01,9,174.8,5.8,2,4,89.8,21.1,2,1.73
P-000540,2025-10-01,10,169.5,7.4,4,6,86.4,25.0,2,1.67
P-000540,2025-11-01,11,177.0,7.3,1,6,91.5,20.7,2,1.29
P-000540,2025-12-01,12,177.1,9.5,2,4,91.4,23.5,2,1.86
P-000541,2025-01-01,1,172.4,5.4,3,4,89.8,21.4,2,1.59
P-000541,2025-02-01,2,185.1,8.3,4,5,88.7,28.1,2,1.0
P-000541,2025-03-01,3,191.2,7.7,2,5,88.9,28.6,2,1.8
P-000541,2025-04-01,4,181.5,11.1,2,6,87.6,27.5,2,1.79
P-000541,2025-05-01,5,185.2,10.8,3,6,87.7,30.7,2,1.91
P-000541,2025-06-01,6,209.6,24.0,5,7,62.8,55.8,4,2.92
P-000541,2025-07-01,7,219.2,24.7,3,7,62.6,56.6,4,3.07
P-000541,2025-08-01,8,173.4,2.4,3,4,91.0,20.7,2,1.78
P-000541,2025-09-01,9,182.0,7.1,4,3,89.2,26.1,2,1.4
P-000541,2025-10-01,10,181.6,9.0,1,5,88.4,22.3,2,1.0
P-000541,2025-11-01,11,185.4,4.4,2,4,90.2,23.5,2,1.48
P-000541,2025-12-01,12,175.1,8.8,2,6,88.5,22.8,2,1.26
P-000542,2025-01-01,1,177.7,13.6,3,4,84.6,29.2,2,2.21
P-000542,2025-02-01,2,175.8,4.4,3,5,88.3,23.4,2,1.71
P-000542,2025-03-01,3,171.6,8.9,2,6,86.4,23.8,2,1.98
P-000542,2025-04-01,4,225.0,24.9,6,8,46.0,69.5,3,3.88
P-000542,2025-05-01,5,222.4,37.5,7,6,40.0,76.2,4,4.26
P-000542,2025-06-01,6,216.5,38.0,6,10,42.6,72.8,3,3.42
P-000542,2025-07-01,7,213.7,38.3,8,10,46.5,76.7,4,4.26
P-000542,2025-08-01,8,217.8,30.9,9,7,44.0,74.1,4,3.82
P-000542,2025-09-01,9,173.7,8.9,2,5,86.5,24.7,2,2.31
P-000542,2025-10-01,10,179.4,10.9,2,5,85.6,27.7,2,2.3
P-000542,2025-11-01,11,174.8,19.2,1,4,82.3,26.0,2,1.57
P-000542,2025-12-01,12,176.9,17.3,4,5,83.1,31.9,2,1.75
P-000543,2025-01-01,1,163.1,8.7,1,6,94.5,16.9,2,1.7
P-000543,2025-02-01,2,172.2,3.9,1,6,93.2,17.5,2,1.36
P-000543,2025-03-01,3,171.8,3.8,3,3,92.3,18.7,2,1.32
P-000543,2025-04-01,4,175.1,8.8,4,6,84.7,27.7,2,1.6
P-000543,2025-05-01,5,176.2,6.1,2,4,95.9,20.6,2,1.74
P-000543,2025-06-01,6,170.6,5.2,0,6,89.9,17.0,2,1.59
P-000543,2025-07-01,7,173.2,6.8,3,6,91.3,23.7,2,1.75
P-000543,2025-08-01,8,172.9,1.5,1,3,94.4,15.3,2,1.7
P-000543,2025-09-01,9,171.7,5.8,4,3,98.2,20.0,2,1.28
P-000543,2025-10-01,10,163.9,5.8,4,7,92.1,20.7,2,1.15
P-000543,2025-11-01,11,157.9,8.9,2,4,93.9,15.1,2,1.5
P-000543,2025-12-01,12,165.4,0.4,3,5,94.5,16.1,2,1.37
P-000544,2025-01-01,1,174.8,7.7,2,4,88.9,22.0,2,1.73
P-000544,2025-02-01,2,174.1,3.6,0,3,90.6,17.3,2,2.32
P-000544,2025-03-01,3,218.8,37.7,11,13,43.7,86.4,4,4.53
P-000544,2025-04-01,4,213.9,37.3,6,13,43.8,75.6,4,4.29
P-000544,2025-05-01,5,224.9,44.2,4,12,41.7,79.0,3,4.4
P-000544,2025-06-01,6,225.0,44.0,6,9,41.8,79.0,3,3.9
P-000544,2025-07-01,7,223.2,33.1,6,11,45.1,74.9,3,4.05
P-000544,2025-08-01,8,219.2,29.8,4,9,46.1,67.6,4,4.19
P-000544,2025-09-01,9,221.7,36.1,5,9,44.2,73.7,4,4.4
P-000544,2025-10-01,10,173.8,13.6,4,5,86.6,29.0,2,1.9
P-000544,2025-11-01,11,185.0,12.8,2,6,86.9,30.8,2,2.27
P-000544,2025-12-01,12,173.0,6.4,4,6,89.5,26.1,2,1.98
P-000545,2025-01-01,1,174.1,20.0,1,5,82.0,27.4,2,1.79
P-000545,2025-02-01,2,174.4,10.7,4,4,85.7,25.9,2,1.24
P-000545,2025-03-01,3,177.2,14.1,2,5,84.3,28.6,2,2.33
P-000545,2025-04-01,4,211.4,30.0,8,7,48.7,69.1,3,3.9
P-000545,2025-05-01,5,214.5,28.7,5,10,52.4,64.7,3,3.39
P-000545,2025-06-01,6,212.9,35.6,8,9,42.6,74.4,4,3.9
P-000545,2025-07-01,7,205.9,35.9,8,10,46.9,71.4,3,3.65
P-000545,2025-08-01,8,210.0,34.2,5,8,48.6,65.6,3,3.7
P-000545,2025-09-01,9,180.6,16.4,1,4,83.4,26.7,2,1.59
P-000545,2025-10-01,10,169.1,9.6,1,5,86.2,20.8,2,1.89
P-000545,2025-11-01,11,171.3,7.6,3,3,87.0,21.6,2,1.5
P-000545,2025-12-01,12,172.1,12.5,1,4,85.0,21.9,2,1.62
P-000546,2025-01-01,1,173.3,3.5,2,6,95.1,20.0,2,1.73
P-000546,2025-02-01,2,180.1,2.3,1,4,91.9,17.6,2,1.0
P-000546,2025-03-01,3,175.6,4.4,1,6,96.4,19.0,2,1.64
P-000546,2025-04-01,4,178.6,7.6,2,4,93.1,21.7,2,1.39
P-000546,2025-05-01,5,172.2,1.7,1,5,89.0,16.5,2,1.29
P-000546,2025-06-01,6,181.4,12.0,0,5,92.1,22.3,2,1.51
P-000546,2025-07-01,7,175.9,2.3,2,5,95.4,19.3,2,1.61
P-000546,2025-08-01,8,172.6,2.4,3,6,94.4,19.2,2,1.0
P-000546,2025-09-01,9,184.5,6.7,0,6,86.9,23.3,2,1.7
P-000546,2025-10-01,10,171.5,10.6,3,4,88.2,23.6,2,1.62
P-000546,2025-11-01,11,175.1,5.2,4,4,96.4,21.5,2,1.12
P-000546,2025-12-01,12,171.4,1.5,0,3,98.0,11.5,2,1.34
P-000547,2025-01-01,1,168.3,9.2,3,5,90.5,21.2,2,1.23
P-000547,2025-02-01,2,156.9,9.6,0,4,91.1,12.2,2,1.5
P-000547,2025-03-01,3,164.1,0.8,2,6,96.4,15.8,2,1.9
P-000547,2025-04-01,4,167.3,6.7,2,4,93.0,18.6,3,1.89
P-000547,2025-05-01,5,167.4,2.7,2,4,93.9,14.7,2,1.04
P-000547,2025-06-01,6,169.5,9.7,2,4,90.6,18.9,2,1.0
P-000547,2025-07-01,7,167.1,9.0,2,5,83.9,20.6,2,1.36
P-000547,2025-08-01,8,168.2,3.4,3,4,93.3,17.3,2,1.11
P-000547,2025-09-01,9,163.8,11.1,1,4,90.1,17.7,2,1.71
P-000547,2025-10-01,10,171.8,9.9,1,7,94.0,20.3,2,1.33
P-000547,2025-11-01,11,158.8,5.7,1,5,92.3,12.1,2,1.0
P-000547,2025-12-01,12,167.3,6.2,3,5,96.5,20.6,2,2.08
P-000548,2025-01-01,1,166.8,11.3,2,5,87.5,20.6,2,1.32
P-000548,2025-02-01,2,179.0,6.0,4,6,89.6,28.2,2,2.08
P-000548,2025-03-01,3,225.9,39.7,4,10,43.1,74.1,4,3.69
P-000548,2025-04-01,4,219.6,33.9,4,9,44.8,69.8,3,4.21
P-000548,2025-05-01,5,233.3,33.9,11,9,44.8,85.8,3,4.04
P-000548,2025-06-01,6,224.3,39.1,7,9,43.3,79.6,3,4.51
P-000548,2025-07-01,7,220.7,38.5,6,11,43.5,76.1,3,3.83
P-000548,2025-08-01,8,221.5,35.4,5,11,44.4,73.8,3,4.06
P-000548,2025-09-01,9,220.2,44.4,6,7,41.7,76.1,4,3.87
P-000548,2025-10-01,10,175.7,10.6,3,4,87.8,25.5,2,1.73
P-000548,2025-11-01,11,173.3,8.2,2,5,88.7,23.1,2,2.0
P-000548,2025-12-01,12,177.2,7.4,0,5,89.0,20.9,2,2.06
P-000549,2025-01-01,1,182.8,9.7,3,4,86.1,28.3,2,1.9
P-000549,2025-02-01,2,179.9,7.7,3,5,86.9,27.6,2,2.15
P-000549,2025-03-01,3,181.7,13.8,1,4,84.5,25.9,2,1.62
P-000549,2025-04-01,4,230.0,24.5,6,10,53.1,72.6,4,4.45
P-000549,2025-05-01,5,213.3,25.6,5,10,50.7,64.0,3,3.66
P-000549,2025-06-01,6,220.8,38.5,5,8,43.2,71.2,3,3.32
P-000549,2025-07-01,7,208.8,42.2,5,6,43.5,67.5,4,3.47
P-000549,2025-08-01,8,212.9,44.4,7,7,41.0,74.2,3,3.42
P-000549,2025-09-01,9,172.0,16.7,2,5,83.3,27.6,2,2.16
P-000549,2025-10-01,10,179.3,10.7,2,4,85.7,25.8,2,1.87
P-000549,2025-11-01,11,175.4,16.2,2,3,83.5,25.9,2,1.62
P-000549,2025-12-01,12,176.1,4.7,3,4,88.1,23.9,2,2.05
P-000550,2025-01-01,1,186.0,14.9,4,6,76.0,38.9,3,2.88
P-000550,2025-02-01,2,185.2,20.5,1,5,73.8,34.7,3,2.47
P-000550,2025-03-01,3,193.5,18.5,2,6,74.6,37.7,3,1.97
P-000550,2025-04-01,4,229.4,44.8,6,14,41.1,85.6,5,4.4
P-000550,2025-05-01,5,231.6,49.2,6,12,42.7,87.2,5,4.66
P-000550,2025-06-01,6,249.0,54.0,14,10,49.4,98.0,5,4.79
P-000550,2025-07-01,7,254.3,45.8,7,12,41.5,94.5,5,4.2
P-000550,2025-08-01,8,258.9,56.3,7,8,32.4,98.0,5,4.23
P-000550,2025-09-01,9,264.1,51.3,10,10,34.2,98.0,5,4.34
P-000550,2025-10-01,10,252.9,55.9,11,15,34.4,98.0,5,3.5
P-000550,2025-11-01,11,256.7,48.5,13,11,37.5,98.0,5,4.22
P-000550,2025-12-01,12,273.1,51.4,11,11,35.6,98.0,5,5.0
P-000551,2025-01-01,1,179.2,19.6,1,3,82.1,26.9,2,1.5
P-000551,2025-02-01,2,166.9,15.8,2,5,83.7,23.5,2,1.44
P-000551,2025-03-01,3,170.3,11.4,2,5,85.4,22.9,2,1.56
P-000551,2025-04-01,4,217.5,27.8,6,8,50.0,66.4,3,3.52
P-000551,2025-05-01,5,205.9,33.2,5,8,52.2,62.7,4,3.58
P-000551,2025-06-01,6,209.7,30.7,6,10,51.2,67.5,4,4.12
P-000551,2025-07-01,7,200.5,33.4,8,11,41.3,71.8,3,4.32
P-000551,2025-08-01,8,218.4,30.6,6,7,56.3,68.0,3,4.26
P-000551,2025-09-01,9,178.5,11.7,1,5,85.3,24.9,2,1.81
P-000551,2025-10-01,10,173.8,9.3,1,3,86.3,20.0,2,1.51
P-000551,2025-11-01,11,171.8,10.8,3,3,85.7,25.0,2,2.19
P-000551,2025-12-01,12,178.4,10.8,4,3,85.7,29.6,2,2.41
P-000552,2025-01-01,1,185.9,14.1,3,6,76.4,35.7,3,2.43
P-000552,2025-02-01,2,197.7,10.3,4,4,77.9,39.2,3,2.79
P-000552,2025-03-01,3,193.5,19.9,3,6,74.0,41.9,3,2.71
P-000552,2025-04-01,4,225.5,42.3,12,11,37.9,92.1,5,4.53
P-000552,2025-05-01,5,234.8,48.3,8,9,45.0,89.1,5,4.78
P-000552,2025-06-01,6,245.3,53.5,7,16,39.7,98.0,5,4.46
P-000552,2025-07-01,7,234.1,48.4,9,8,40.8,89.9,5,4.45
P-000552,2025-08-01,8,249.3,51.7,13,9,38.3,98.0,5,4.45
P-000552,2025-09-01,9,258.7,55.1,11,10,35.4,98.0,5,4.41
P-000552,2025-10-01,10,261.8,52.6,14,11,33.2,98.0,5,4.29
P-000552,2025-11-01,11,250.7,54.6,9,13,35.8,98.0,5,4.45
P-000552,2025-12-01,12,259.3,52.8,14,11,36.1,98.0,5,4.3
P-000553,2025-01-01,1,175.5,10.6,3,4,85.7,26.4,2,1.98
P-000553,2025-02-01,2,176.0,9.2,2,4,86.3,23.3,2,1.64
P-000553,2025-03-01,3,178.8,5.6,2,4,87.8,23.3,2,1.92
P-000553,2025-04-01,4,220.3,29.5,10,7,48.0,72.9,4,2.88
P-000553,2025-05-01,5,206.8,30.7,4,9,50.1,61.8,3,3.75
P-000553,2025-06-01,6,214.1,30.9,4,8,48.2,64.1,4,3.72
P-000553,2025-07-01,7,207.9,33.0,4,8,48.0,63.0,3,3.77
P-000553,2025-08-01,8,221.5,28.5,9,6,40.0,75.3,3,4.15
P-000553,2025-09-01,9,177.5,4.6,1,4,88.2,18.7,2,1.15
P-000553,2025-10-01,10,172.8,16.5,4,3,83.4,29.7,2,2.15
P-000553,2025-11-01,11,178.3,8.0,1,3,86.8,22.5,2,2.15
P-000553,2025-12-01,12,183.3,13.6,1,4,84.5,27.3,2,2.01
P-000554,2025-01-01,1,189.0,10.8,1,4,85.7,27.6,2,1.88
P-000554,2025-02-01,2,192.0,15.6,4,5,83.8,36.2,2,1.68
P-000554,2025-03-01,3,186.9,3.2,4,5,88.7,28.5,2,1.76
P-000554,2025-04-01,4,222.4,41.6,6,9,44.8,77.5,4,4.27
P-000554,2025-05-01,5,215.9,28.3,10,10,51.1,72.5,3,2.93
P-000554,2025-06-01,6,220.8,30.5,8,7,54.1,70.7,4,3.55
P-000554,2025-07-01,7,226.8,38.0,7,11,44.7,80.0,4,4.07
P-000554,2025-08-01,8,225.2,41.3,5,7,44.8,73.4,4,3.48
P-000554,2025-09-01,9,183.0,9.4,1,3,86.2,24.1,2,1.86
P-000554,2025-10-01,10,180.1,7.3,2,6,87.1,25.9,2,1.93
P-000554,2025-11-01,11,187.0,11.8,1,3,85.3,26.9,2,1.94
P-000554,2025-12-01,12,185.0,11.9,3,5,85.3,30.7,2,1.85
P-000555,2025-01-01,1,168.5,6.0,2,6,95.6,19.0,1,1.64
P-000555,2025-02-01,2,222.6,29.8,5,10,49.0,68.7,4,3.43
P-000555,2025-03-01,3,211.7,35.4,4,6,47.4,64.6,4,3.97
P-000555,2025-04-01,4,218.2,40.8,8,11,45.8,76.2,4,2.69
P-000555,2025-05-01,5,215.3,40.8,5,8,45.8,71.2,4,3.92
P-000555,2025-06-01,6,113.6,0.0,0,3,120.0,5.0,1,1.0
P-000555,2025-07-01,7,162.8,9.4,0,5,94.2,14.1,1,1.42
P-000555,2025-08-01,8,161.0,3.3,2,5,96.7,13.8,1,1.39
P-000555,2025-09-01,9,170.4,4.6,1,6,96.2,16.3,1,1.24
P-000555,2025-10-01,10,166.4,4.3,2,5,96.3,15.8,1,1.25
P-000555,2025-11-01,11,166.6,3.9,0,6,96.4,12.8,1,1.18
P-000555,2025-12-01,12,162.0,8.2,0,4,94.7,12.2,1,1.3
P-000556,2025-01-01,1,175.1,5.8,2,4,92.6,20.0,2,1.47
P-000556,2025-02-01,2,178.6,4.7,1,4,91.4,20.1,2,1.8
P-000556,2025-03-01,3,170.2,8.0,4,5,91.2,23.8,2,1.59
P-000556,2025-04-01,4,174.9,7.5,3,5,90.1,23.7,2,1.58
P-000556,2025-05-01,5,175.4,4.6,2,4,94.2,19.5,2,1.53
P-000556,2025-06-01,6,165.6,5.2,4,5,88.9,21.9,2,1.8
P-000556,2025-07-01,7,174.5,7.9,1,3,89.8,17.7,2,1.0
P-000556,2025-08-01,8,172.3,8.7,0,3,95.2,16.1,2,1.59
P-000556,2025-09-01,9,173.9,4.3,1,6,95.1,19.0,2,1.81
P-000556,2025-10-01,10,179.9,4.9,1,4,93.7,19.8,2,1.6
P-000556,2025-11-01,11,168.9,9.7,4,5,89.8,23.4,2,1.24
P-000556,2025-12-01,12,175.4,4.2,3,5,92.3,22.1,2,1.58
P-000557,2025-01-01,1,180.9,5.5,2,4,92.2,22.4,2,1.62
P-000557,2025-02-01,2,179.5,3.8,2,4,93.5,21.0,2,1.66
P-000557,2025-03-01,3,172.0,3.5,1,7,90.0,20.4,2,2.1
P-000557,2025-04-01,4,183.7,3.9,1,4,90.5,20.9,2,1.46
P-000557,2025-05-01,5,179.3,8.6,2,4,89.2,22.1,2,1.0
P-000557,2025-06-01,6,173.5,2.1,2,4,90.4,18.0,2,1.31
P-000557,2025-07-01,7,179.1,7.9,3,5,91.2,25.0,2,1.54
P-000557,2025-08-01,8,184.9,6.2,3,3,89.6,26.1,2,1.85
P-000557,2025-09-01,9,172.7,3.7,2,5,91.1,19.2,2,1.43
P-000557,2025-10-01,10,180.9,6.7,2,5,88.3,22.7,2,1.0
P-000557,2025-11-01,11,179.6,10.4,2,7,90.4,26.2,2,1.56
P-000557,2025-12-01,12,182.9,8.4,1,5,91.5,22.5,2,1.24
P-000558,2025-01-01,1,172.7,7.2,1,6,89.6,19.6,2,1.33
P-000558,2025-02-01,2,172.0,4.0,3,5,93.2,20.7,2,1.58
P-000558,2025-03-01,3,171.9,3.3,1,5,86.5,17.3,2,1.18
P-000558,2025-04-01,4,176.1,2.9,1,7,97.8,17.4,2,1.02
P-000558,2025-05-01,5,172.6,8.3,3,5,93.3,23.9,3,2.07
P-000558,2025-06-01,6,179.2,9.9,0,4,91.4,20.7,2,1.72
P-000558,2025-07-01,7,176.9,3.7,1,3,91.9,17.7,2,1.51
P-000558,2025-08-01,8,176.1,10.2,3,6,88.7,26.5,2,1.69
P-000558,2025-09-01,9,173.4,4.3,4,5,93.3,23.2,2,1.7
P-000558,2025-10-01,10,170.9,5.2,1,4,95.5,16.0,2,1.41
P-000558,2025-11-01,11,172.4,5.0,1,6,90.5,19.1,2,1.61
P-000558,2025-12-01,12,170.5,0.0,0,4,99.0,11.2,2,1.37
P-000559,2025-01-01,1,187.2,4.3,0,5,90.3,21.7,2,1.6
P-000559,2025-02-01,2,185.5,3.6,1,5,90.5,23.1,2,1.86
P-000559,2025-03-01,3,226.7,34.1,11,10,44.8,83.1,4,3.57
P-000559,2025-04-01,4,225.8,34.6,7,10,44.6,77.5,3,4.05
P-000559,2025-05-01,5,226.9,33.2,6,9,45.0,75.5,4,4.3
P-000559,2025-06-01,6,225.6,37.0,7,13,43.9,80.2,4,3.9
P-000559,2025-07-01,7,225.5,36.5,11,10,44.1,84.7,4,3.94
P-000559,2025-08-01,8,221.8,45.7,5,7,41.3,75.9,3,3.98
P-000559,2025-09-01,9,224.1,45.1,9,10,41.5,87.0,4,4.76
P-000559,2025-10-01,10,180.2,7.9,1,4,88.8,21.4,2,1.32
P-000559,2025-11-01,11,180.5,10.6,0,6,87.7,24.1,2,2.0
P-000559,2025-12-01,12,182.3,6.6,1,7,89.4,25.2,2,2.02
P-000560,2025-01-01,1,179.4,10.9,2,3,85.7,25.3,2,1.88
P-000560,2025-02-01,2,183.1,9.9,1,3,86.0,23.4,2,1.46
P-000560,2025-03-01,3,177.7,5.3,3,5,87.9,24.7,2,1.75
P-000560,2025-04-01,4,220.6,28.0,4,9,52.3,63.3,3,3.01
P-000560,2025-05-01,5,213.5,32.5,5,7,43.8,65.0,3,3.17
P-000560,2025-06-01,6,201.4,29.0,4,8,45.9,58.6,4,3.45
P-000560,2025-07-01,7,208.1,25.1,8,9,44.2,69.8,4,4.59
P-000560,2025-08-01,8,217.5,27.1,7,10,47.6,70.3,3,3.8
P-000560,2025-09-01,9,185.3,15.3,2,4,83.9,30.5,2,1.98
P-000560,2025-10-01,10,180.1,9.4,3,3,86.2,26.6,2,1.93
P-000560,2025-11-01,11,184.6,10.3,1,4,85.9,25.6,2,1.78
P-000560,2025-12-01,12,180.7,12.2,1,5,85.1,25.8,2,1.76
P-000561,2025-01-01,1,169.8,6.2,2,3,89.5,19.2,2,1.86
P-000561,2025-02-01,2,168.1,11.5,1,4,87.4,22.0,2,2.58
P-000561,2025-03-01,3,223.6,40.9,6,9,42.7,77.4,3,4.02
P-000561,2025-04-01,4,221.2,44.5,11,9,41.7,87.3,3,4.32
P-000561,2025-05-01,5,218.4,42.1,8,8,42.4,79.6,4,4.35
P-000561,2025-06-01,6,223.8,43.5,4,10,42.0,75.7,4,3.9
P-000561,2025-07-01,7,222.4,34.8,7,12,44.6,78.0,3,4.15
P-000561,2025-08-01,8,220.4,38.7,6,7,43.4,74.4,3,4.23
P-000561,2025-09-01,9,223.3,38.1,4,7,43.6,71.6,4,4.16
P-000561,2025-10-01,10,171.9,6.4,0,4,89.4,17.2,2,1.8
P-000561,2025-11-01,11,170.2,9.9,3,4,88.0,23.1,2,1.71
P-000561,2025-12-01,12,168.9,5.1,4,5,90.0,22.8,2,1.76
P-000562,2025-01-01,1,177.8,9.6,2,5,91.2,24.2,2,1.77
P-000562,2025-02-01,2,164.5,7.3,3,5,90.5,20.6,2,1.84
P-000562,2025-03-01,3,171.0,9.6,3,4,88.3,22.8,2,1.54
P-000562,2025-04-01,4,166.7,5.1,0,6,93.8,15.2,2,1.71
P-000562,2025-05-01,5,177.0,3.9,0,3,94.0,15.9,2,1.57
P-000562,2025-06-01,6,169.0,1.1,4,4,98.2,18.9,2,1.75
P-000562,2025-07-01,7,172.7,4.3,1,4,92.1,16.5,2,1.28
P-000562,2025-08-01,8,166.9,8.4,1,5,91.7,17.5,2,1.52
P-000562,2025-09-01,9,175.4,3.8,2,4,94.4,20.2,2,1.98
P-000562,2025-10-01,10,175.5,7.6,0,5,85.8,20.4,2,1.82
P-000562,2025-11-01,11,180.1,6.6,3,5,89.7,24.8,2,1.43
P-000562,2025-12-01,12,173.2,4.6,0,4,95.2,15.5,2,1.64
P-000563,2025-01-01,1,180.2,5.1,4,4,90.7,24.8,2,1.32
P-000563,2025-02-01,2,178.6,4.5,1,5,93.4,20.2,2,1.72
P-000563,2025-03-01,3,179.2,3.9,2,3,98.8,19.5,2,1.72
P-000563,2025-04-01,4,172.4,3.8,3,4,92.4,20.3,2,1.63
P-000563,2025-05-01,5,175.2,2.2,2,4,93.6,18.2,2,1.4
P-000563,2025-06-01,6,177.8,10.8,4,6,89.2,28.9,2,1.71
P-000563,2025-07-01,7,185.1,3.7,2,4,93.2,23.3,2,1.78
P-000563,2025-08-01,8,176.0,8.9,2,5,87.6,22.1,2,1.01
P-000563,2025-09-01,9,177.6,6.8,1,5,88.7,22.6,2,2.1
P-000563,2025-10-01,10,177.3,11.0,0,6,86.6,22.5,2,1.64
P-000563,2025-11-01,11,183.7,6.2,2,4,90.4,24.0,2,1.63
P-000563,2025-12-01,12,179.4,8.7,3,4,95.8,23.9,2,1.52
P-000564,2025-01-01,1,175.4,8.1,1,4,91.7,20.0,2,1.62
P-000564,2025-02-01,2,163.3,4.9,0,4,90.2,13.8,2,1.94
P-000564,2025-03-01,3,164.1,7.7,1,3,92.0,14.0,2,1.19
P-000564,2025-04-01,4,170.8,3.3,0,5,91.1,15.9,2,1.79
P-000564,2025-05-01,5,169.2,2.2,2,4,93.1,16.6,2,1.56
P-000564,2025-06-01,6,167.4,6.8,0,3,95.5,13.6,2,1.6
P-000564,2025-07-01,7,166.5,12.3,1,6,88.7,19.4,2,1.17
P-000564,2025-08-01,8,165.4,5.5,4,4,97.1,20.7,2,2.15
P-000564,2025-09-01,9,175.6,7.2,0,5,97.5,17.8,2,1.73
P-000564,2025-10-01,10,170.7,7.4,3,6,88.9,23.9,2,1.91
P-000564,2025-11-01,11,176.5,4.1,1,6,98.1,17.2,2,1.0
P-000564,2025-12-01,12,167.0,8.1,1,3,93.0,14.9,2,1.15
P-000565,2025-01-01,1,178.5,5.6,3,5,91.1,23.4,2,1.32
P-000565,2025-02-01,2,176.7,11.6,3,4,93.8,24.8,2,1.61
P-000565,2025-03-01,3,185.5,9.2,2,4,92.8,25.1,2,1.51
P-000565,2025-04-01,4,184.2,0.9,1,4,97.6,19.0,2,1.65
P-000565,2025-05-01,5,180.6,5.8,3,6,89.4,25.4,2,1.4
P-000565,2025-06-01,6,177.8,11.0,3,5,92.8,27.2,2,2.18
P-000565,2025-07-01,7,186.2,9.3,2,6,89.7,28.1,2,1.82
P-000565,2025-08-01,8,185.0,9.6,3,5,92.2,26.9,2,1.23
P-000565,2025-09-01,9,179.2,10.6,2,4,95.5,23.7,2,1.8
P-000565,2025-10-01,10,185.6,6.0,3,6,93.3,27.4,2,1.78
P-000565,2025-11-01,11,187.5,6.6,1,5,96.9,23.1,2,1.57
P-000565,2025-12-01,12,185.7,11.8,1,4,92.0,25.1,2,1.63
P-000566,2025-01-01,1,176.3,12.1,1,5,85.2,24.5,2,1.9
P-000566,2025-02-01,2,176.0,8.3,2,3,86.7,24.2,2,2.44
P-000566,2025-03-01,3,182.2,13.0,2,5,84.8,27.9,2,1.58
P-000566,2025-04-01,4,222.9,22.3,10,7,56.0,70.4,3,3.3
P-000566,2025-05-01,5,207.7,23.6,4,6,51.2,57.8,4,4.09
P-000566,2025-06-01,6,211.2,29.9,9,7,44.9,70.9,4,3.7
P-000566,2025-07-01,7,212.4,37.6,4,8,43.2,67.6,4,3.9
P-000566,2025-08-01,8,211.5,30.0,4,6,51.4,61.0,3,3.78
P-000566,2025-09-01,9,166.4,9.2,3,5,86.3,23.0,2,1.93
P-000566,2025-10-01,10,172.5,8.4,2,5,86.6,22.1,2,1.5
P-000566,2025-11-01,11,179.5,6.1,1,4,87.6,21.4,2,1.65
P-000566,2025-12-01,12,182.4,14.3,2,4,84.3,28.5,2,1.79
P-000567,2025-01-01,1,182.8,6.8,1,4,93.7,22.9,2,2.12
P-000567,2025-02-01,2,187.9,7.6,1,5,92.3,23.5,2,1.16
P-000567,2025-03-01,3,188.4,2.6,2,7,92.0,25.8,2,1.61
P-000567,2025-04-01,4,184.2,2.1,1,4,91.4,20.7,2,1.64
P-000567,2025-05-01,5,186.1,7.6,0,6,96.2,20.8,2,1.0
P-000567,2025-06-01,6,177.9,7.2,4,4,92.2,24.6,2,1.32
P-000567,2025-07-01,7,174.5,6.0,1,5,88.4,20.6,2,1.85
P-000567,2025-08-01,8,183.2,6.8,1,5,90.0,22.8,2,1.49
P-000567,2025-09-01,9,179.3,0.6,1,6,90.8,20.0,2,1.77
P-000567,2025-10-01,10,185.5,8.5,3,5,88.9,27.6,2,1.39
P-000567,2025-11-01,11,174.0,4.8,2,6,94.6,19.2,2,1.06
P-000567,2025-12-01,12,182.3,6.5,1,5,90.8,22.0,2,1.4
P-000568,2025-01-01,1,176.6,13.3,1,4,89.6,21.6,2,1.09
P-000568,2025-02-01,2,164.2,6.4,0,4,91.2,14.3,2,1.85
P-000568,2025-03-01,3,171.9,2.9,2,4,94.8,17.4,2,1.53
P-000568,2025-04-01,4,177.9,2.6,0,3,90.9,16.0,2,1.49
P-000568,2025-05-01,5,168.3,9.2,3,4,93.4,20.1,3,1.28
P-000568,2025-06-01,6,179.9,2.7,3,5,91.6,22.6,2,1.34
P-000568,2025-07-01,7,179.1,5.3,4,4,92.7,26.1,2,2.12
P-000568,2025-08-01,8,172.3,1.1,1,5,100.6,14.3,2,1.36
P-000568,2025-09-01,9,167.8,5.6,1,5,92.3,17.3,2,1.83
P-000568,2025-10-01,10,178.7,7.9,4,3,94.5,24.6,2,1.53
P-000568,2025-11-01,11,180.3,4.4,3,5,92.0,25.4,2,2.13
P-000568,2025-12-01,12,176.8,3.9,1,4,97.4,17.5,2,1.57
P-000569,2025-01-01,1,173.0,5.3,0,4,95.9,14.7,1,1.29
P-000569,2025-02-01,2,212.8,39.2,6,7,46.2,70.1,4,3.71
P-000569,2025-03-01,3,219.9,34.8,7,12,47.6,75.4,4,3.66
P-000569,2025-04-01,4,217.3,39.8,5,10,46.1,71.9,4,3.56
P-000569,2025-05-01,5,215.1,32.1,7,6,48.4,69.6,4,4.14
P-000569,2025-06-01,6,118.3,0.0,0,3,120.0,5.0,1,1.0
P-000569,2025-07-01,7,166.8,1.4,1,3,97.4,11.0,1,1.07
P-000569,2025-08-01,8,172.0,5.5,1,3,95.8,16.0,1,1.54
P-000569,2025-09-01,9,167.3,5.0,1,4,96.0,14.0,1,1.22
P-000569,2025-10-01,10,160.5,5.1,0,5,95.9,11.0,1,1.35
P-000569,2025-11-01,11,170.2,1.0,1,5,97.6,14.3,1,1.47
P-000569,2025-12-01,12,163.7,8.6,2,5,94.6,16.5,1,1.06
P-000570,2025-01-01,1,168.3,0.8,1,5,94.3,13.5,2,1.18
P-000570,2025-02-01,2,158.2,5.0,3,5,92.3,15.6,2,1.25
P-000570,2025-03-01,3,170.4,1.6,2,4,94.5,15.7,2,1.25
P-000570,2025-04-01,4,171.8,5.3,4,3,92.9,21.6,2,1.6
P-000570,2025-05-01,5,161.1,9.9,1,6,91.4,16.6,2,1.43
P-000570,2025-06-01,6,174.5,5.6,3,3,94.0,19.8,2,1.2
P-000570,2025-07-01,7,171.2,7.8,4,3,88.6,22.2,2,1.2
P-000570,2025-08-01,8,171.0,6.1,2,5,94.7,19.3,2,1.61
P-000570,2025-09-01,9,168.9,8.5,1,5,93.3,17.4,2,1.3
P-000570,2025-10-01,10,168.4,4.3,4,3,96.7,19.6,2,1.73
P-000570,2025-11-01,11,166.3,5.3,0,5,90.3,13.7,2,1.14
P-000570,2025-12-01,12,169.3,0.0,2,3,97.2,14.3,2,1.58
P-000571,2025-01-01,1,174.9,15.9,3,5,83.6,29.4,2,1.96
P-000571,2025-02-01,2,178.2,12.8,2,5,84.9,27.6,2,2.06
P-000571,2025-03-01,3,180.6,14.1,3,4,84.4,30.9,2,2.39
P-000571,2025-04-01,4,210.8,28.5,4,9,47.1,61.8,4,3.31
P-000571,2025-05-01,5,206.4,40.0,4,9,41.8,66.6,3,3.56
P-000571,2025-06-01,6,217.2,27.8,7,10,57.5,70.6,3,4.59
P-000571,2025-07-01,7,216.1,27.3,7,10,49.8,68.7,3,3.46
P-000571,2025-08-01,8,218.9,19.3,8,6,54.4,65.1,3,3.7
P-000571,2025-09-01,9,176.5,9.6,2,5,86.2,24.1,2,1.53
P-000571,2025-10-01,10,181.0,8.2,2,5,86.7,25.3,2,1.66
P-000571,2025-11-01,11,177.8,5.1,1,5,88.0,21.2,2,1.72
P-000571,2025-12-01,12,187.9,8.1,2,4,86.8,28.1,2,2.07
P-000572,2025-01-01,1,187.0,13.3,3,7,76.7,36.2,3,2.35
P-000572,2025-02-01,2,185.4,12.6,3,5,77.0,33.4,3,2.14
P-000572,2025-03-01,3,193.8,17.0,1,6,75.2,37.5,3,2.82
P-000572,2025-04-01,4,228.1,48.5,10,8,39.0,89.6,5,4.36
P-000572,2025-05-01,5,233.3,43.5,6,10,43.7,82.8,5,4.21
P-000572,2025-06-01,6,248.3,42.8,5,10,40.9,86.4,5,4.15
P-000572,2025-07-01,7,253.1,51.5,11,7,39.5,98.0,5,4.42
P-000572,2025-08-01,8,250.7,44.3,10,10,37.0,98.0,5,4.96
P-000572,2025-09-01,9,258.4,40.7,14,8,34.2,98.0,5,4.56
P-000572,2025-10-01,10,266.1,50.4,12,8,37.0,98.0,5,5.0
P-000572,2025-11-01,11,265.4,58.8,9,10,35.6,98.0,5,4.25
P-000572,2025-12-01,12,256.9,53.5,6,10,34.2,97.9,5,4.57
P-000573,2025-01-01,1,171.4,8.2,3,4,91.2,21.3,2,1.32
P-000573,2025-02-01,2,175.9,1.4,2,5,90.1,18.8,2,1.16
P-000573,2025-03-01,3,181.0,5.2,2,4,90.8,21.5,2,1.22
P-000573,2025-04-01,4,172.3,4.2,3,4,91.2,21.4,2,1.91
P-000573,2025-05-01,5,174.8,1.4,2,5,96.3,17.3,3,1.16
P-000573,2025-06-01,6,179.5,6.2,2,5,90.5,22.5,2,1.36
P-000573,2025-07-01,7,165.6,6.2,0,4,93.1,12.7,2,1.19
P-000573,2025-08-01,8,173.7,10.4,3,5,91.7,23.9,2,1.45
P-000573,2025-09-01,9,167.3,3.9,4,3,90.7,20.1,2,1.73
P-000573,2025-10-01,10,174.9,4.2,3,4,89.2,21.6,2,1.47
P-000573,2025-11-01,11,177.1,11.1,3,5,91.7,25.3,2,1.41
P-000573,2025-12-01,12,166.5,9.1,2,5,92.1,19.0,2,1.42
P-000574,2025-01-01,1,175.4,14.9,3,5,84.0,29.1,2,1.96
P-000574,2025-02-01,2,179.7,13.2,1,4,84.7,25.3,2,1.76
P-000574,2025-03-01,3,184.2,11.8,3,5,85.3,28.5,2,1.12
P-000574,2025-04-01,4,215.0,35.9,10,7,44.0,77.8,3,4.21
P-000574,2025-05-01,5,214.0,44.6,7,8,40.0,75.8,3,3.51
P-000574,2025-06-01,6,212.7,35.7,5,10,41.1,72.0,4,4.54
P-000574,2025-07-01,7,213.1,26.8,4,10,50.2,62.4,4,3.47
P-000574,2025-08-01,8,204.2,29.1,4,8,47.5,60.2,3,3.78
P-000574,2025-09-01,9,171.1,12.4,4,3,85.0,24.4,2,1.05
P-000574,2025-10-01,10,187.2,11.3,1,3,85.5,25.8,2,1.57
P-000574,2025-11-01,11,175.4,8.8,1,3,86.5,22.2,2,2.28
P-000574,2025-12-01,12,184.8,7.8,2,5,86.9,27.3,2,1.99
P-000575,2025-01-01,1,194.9,10.5,3,4,77.8,34.5,3,1.93
P-000575,2025-02-01,2,187.7,8.8,2,7,78.5,32.5,3,2.36
P-000575,2025-03-01,3,183.8,15.6,1,5,75.8,31.8,3,2.45
P-000575,2025-04-01,4,244.7,45.8,5,10,46.7,86.4,5,4.57
P-000575,2025-05-01,5,238.2,43.8,7,10,40.2,87.3,5,4.34
P-000575,2025-06-01,6,249.1,40.8,10,11,39.4,94.9,5,4.03
P-000575,2025-07-01,7,247.2,42.4,13,13,42.5,98.0,5,4.1
P-000575,2025-08-01,8,253.1,50.0,11,11,37.3,98.0,5,4.34
P-000575,2025-09-01,9,257.2,50.8,6,12,34.3,97.1,5,4.14
P-000575,2025-10-01,10,257.3,55.4,8,8,35.1,98.0,5,4.59
P-000575,2025-11-01,11,252.2,54.2,13,12,40.2,98.0,5,4.14
P-000575,2025-12-01,12,262.5,52.0,14,9,33.7,98.0,5,4.76
P-000576,2025-01-01,1,179.3,6.9,3,3,95.2,21.7,1,1.19
P-000576,2025-02-01,2,225.3,41.5,4,12,45.5,76.8,4,4.21
P-000576,2025-03-01,3,219.7,41.2,8,8,45.6,78.0,4,3.95
P-000576,2025-04-01,4,225.0,35.9,4,8,47.2,70.2,4,3.76
P-000576,2025-05-01,5,225.7,41.8,5,10,45.5,76.0,4,3.65
P-000576,2025-06-01,6,122.1,0.0,0,3,120.0,5.0,1,1.0
P-000576,2025-07-01,7,174.5,1.6,1,5,97.3,15.5,1,1.2
P-000576,2025-08-01,8,176.6,5.2,2,5,95.9,20.4,1,1.5
P-000576,2025-09-01,9,170.8,2.3,0,6,97.1,13.4,1,1.13
P-000576,2025-10-01,10,173.7,3.1,2,5,96.7,17.3,1,1.08
P-000576,2025-11-01,11,175.1,6.1,2,5,95.6,19.1,1,1.0
P-000576,2025-12-01,12,176.8,2.2,1,4,97.1,16.6,1,1.45
P-000577,2025-01-01,1,175.5,2.5,3,6,93.4,21.0,2,1.21
P-000577,2025-02-01,2,176.2,6.6,4,3,93.5,23.2,2,1.48
P-000577,2025-03-01,3,179.6,1.3,3,6,94.1,22.3,2,1.42
P-000577,2025-04-01,4,174.4,10.2,1,4,86.1,22.3,2,1.94
P-000577,2025-05-01,5,171.4,6.1,1,3,92.9,15.9,2,1.24
P-000577,2025-06-01,6,175.5,7.7,3,4,94.2,22.2,2,1.43
P-000577,2025-07-01,7,174.5,9.3,2,4,89.0,23.2,2,1.97
P-000577,2025-08-01,8,178.3,5.2,1,4,89.8,20.7,2,1.84
P-000577,2025-09-01,9,183.6,8.9,2,4,98.2,24.0,2,1.8
P-000577,2025-10-01,10,183.0,4.2,4,5,93.4,26.1,2,1.53
P-000577,2025-11-01,11,179.2,6.2,2,6,95.5,23.3,2,1.83
P-000577,2025-12-01,12,182.8,7.4,0,5,93.4,21.7,2,1.92
P-000578,2025-01-01,1,170.9,5.4,0,4,95.8,14.5,1,1.49
P-000578,2025-02-01,2,221.3,30.9,8,6,48.7,72.5,4,3.99
P-000578,2025-03-01,3,227.4,27.3,6,9,49.8,70.8,4,3.69
P-000578,2025-04-01,4,211.5,27.4,10,9,49.8,72.4,4,3.85
P-000578,2025-05-01,5,217.7,46.3,10,7,44.1,81.0,4,3.37
P-000578,2025-06-01,6,119.0,0.0,0,3,120.0,5.0,1,1.0
P-000578,2025-07-01,7,161.5,6.6,0,6,95.4,13.2,1,1.54
P-000578,2025-08-01,8,169.9,2.0,0,4,97.2,12.8,1,1.61
P-000578,2025-09-01,9,172.0,2.1,2,4,97.1,16.4,1,1.43
P-000578,2025-10-01,10,165.7,7.5,0,4,95.0,13.4,1,1.38
P-000578,2025-11-01,11,170.6,1.0,3,4,97.6,16.6,1,1.24
P-000578,2025-12-01,12,174.2,1.6,3,6,97.3,20.0,1,1.45
P-000579,2025-01-01,1,172.2,2.4,1,5,93.1,17.9,2,2.03
P-000579,2025-02-01,2,168.8,3.8,2,3,94.5,15.5,2,1.28
P-000579,2025-03-01,3,176.8,1.2,3,3,98.2,19.5,2,1.83
P-000579,2025-04-01,4,172.3,4.5,3,3,98.4,19.2,3,1.78
P-000579,2025-05-01,5,176.8,4.2,1,6,94.3,18.4,2,1.12
P-000579,2025-06-01,6,171.9,9.6,4,4,88.4,23.6,2,1.05
P-000579,2025-07-01,7,172.6,4.2,2,4,93.8,18.1,2,1.43
P-000579,2025-08-01,8,177.3,10.5,2,4,96.0,23.3,2,1.96
P-000579,2025-09-01,9,175.5,4.3,3,5,93.3,21.2,2,1.27
P-000579,2025-10-01,10,177.3,0.1,4,6,99.4,21.4,2,1.32
P-000579,2025-11-01,11,172.4,3.4,2,7,93.7,20.3,2,1.64
P-000579,2025-12-01,12,178.3,12.3,1,4,90.2,23.3,2,1.74
P-000580,2025-01-01,1,177.2,2.1,1,4,95.1,19.3,2,2.38
P-000580,2025-02-01,2,183.6,7.2,3,4,90.9,25.5,2,1.47
P-000580,2025-03-01,3,176.4,14.1,1,5,81.3,25.3,2,1.57
P-000580,2025-04-01,4,177.4,7.5,2,5,90.8,22.2,2,1.35
P-000580,2025-05-01,5,180.2,5.6,2,5,96.0,21.7,2,1.44
P-000580,2025-06-01,6,183.8,5.9,1,3,95.3,19.4,2,1.13
P-000580,2025-07-01,7,176.3,6.3,4,6,98.0,25.9,2,2.11
P-000580,2025-08-01,8,170.2,7.8,0,4,92.6,16.4,2,1.7
P-000580,2025-09-01,9,183.0,4.4,1,5,87.6,22.9,2,1.79
P-000580,2025-10-01,10,181.4,6.6,1,5,97.5,19.8,2,1.15
P-000580,2025-11-01,11,177.7,9.3,0,4,92.5,19.0,2,1.44
P-000580,2025-12-01,12,185.4,3.1,2,6,91.8,23.6,2,1.33
P-000581,2025-01-01,1,175.7,2.8,0,4,96.5,13.8,2,1.0
P-000581,2025-02-01,2,167.9,3.9,1,5,86.9,15.7,2,1.06
P-000581,2025-03-01,3,172.5,2.6,4,4,92.4,20.0,2,1.0
P-000581,2025-04-01,4,174.7,8.1,4,4,92.9,23.2,3,1.12
P-000581,2025-05-01,5,169.1,7.7,4,4,86.1,23.4,3,1.54
P-000581,2025-06-01,6,165.0,9.6,1,3,89.9,17.5,2,2.0
P-000581,2025-07-01,7,168.6,8.4,0,3,94.5,13.3,2,1.0
P-000581,2025-08-01,8,167.8,15.5,2,5,87.8,24.2,2,1.9
P-000581,2025-09-01,9,172.8,9.4,1,5,91.5,20.1,2,1.56
P-000581,2025-10-01,10,169.6,3.9,1,4,90.2,16.7,2,1.7
P-000581,2025-11-01,11,168.9,7.4,2,4,89.1,19.8,2,1.71
P-000581,2025-12-01,12,168.8,9.5,3,5,89.2,21.5,2,1.15
P-000582,2025-01-01,1,181.0,8.6,2,3,88.6,23.1,2,1.4
P-000582,2025-02-01,2,178.5,5.6,4,6,89.8,26.5,2,1.55
P-000582,2025-03-01,3,172.3,9.8,2,5,88.1,22.5,2,1.59
P-000582,2025-04-01,4,177.9,9.2,4,3,88.3,26.8,2,1.83
P-000582,2025-05-01,5,180.4,5.7,1,5,89.7,21.5,2,1.5
P-000582,2025-06-01,6,203.6,26.1,3,8,62.2,51.9,4,2.82
P-000582,2025-07-01,7,210.4,27.2,7,7,61.9,62.6,4,3.56
P-000582,2025-08-01,8,171.2,8.5,1,5,88.6,20.1,2,1.7
P-000582,2025-09-01,9,176.1,14.0,3,5,86.4,27.6,2,1.62
P-000582,2025-10-01,10,174.1,2.6,1,5,91.0,17.1,2,1.26
P-000582,2025-11-01,11,176.3,5.0,3,5,90.0,22.6,2,1.32
P-000582,2025-12-01,12,181.6,2.2,1,5,91.1,20.6,2,1.66
P-000583,2025-01-01,1,188.1,4.7,1,6,96.4,22.2,2,1.14
P-000583,2025-02-01,2,178.8,8.2,2,4,85.7,24.4,2,1.77
P-000583,2025-03-01,3,178.1,8.4,1,4,93.0,19.5,2,1.1
P-000583,2025-04-01,4,181.9,4.8,2,6,95.7,22.4,2,1.36
P-000583,2025-05-01,5,181.6,5.6,3,5,88.4,25.2,2,1.42
P-000583,2025-06-01,6,176.1,3.4,0,5,90.5,17.6,2,1.66
P-000583,2025-07-01,7,180.4,6.9,1,3,90.2,20.5,2,1.49
P-000583,2025-08-01,8,174.3,8.7,1,4,93.1,19.4,2,1.57
P-000583,2025-09-01,9,181.0,2.3,1,4,96.8,19.2,2,1.88
P-000583,2025-10-01,10,180.0,5.0,1,5,92.5,22.2,2,2.21
P-000583,2025-11-01,11,181.8,3.1,0,3,92.3,16.3,2,1.07
P-000583,2025-12-01,12,184.0,7.4,2,6,94.1,23.8,2,1.07
P-000584,2025-01-01,1,171.7,10.5,3,4,87.8,24.6,2,1.98
P-000584,2025-02-01,2,173.2,5.3,3,7,93.1,23.5,2,1.8
P-000584,2025-03-01,3,174.7,8.6,3,5,89.8,24.2,2,1.61
P-000584,2025-04-01,4,180.1,9.2,4,3,93.3,25.5,3,1.38
P-000584,2025-05-01,5,175.8,0.0,0,4,90.2,15.3,2,1.6
P-000584,2025-06-01,6,173.7,4.4,0,3,88.1,16.2,2,1.64
P-000584,2025-07-01,7,179.0,3.4,2,5,92.7,21.9,2,1.82
P-000584,2025-08-01,8,170.1,6.1,4,4,96.7,22.2,2,1.96
P-000584,2025-09-01,9,173.6,8.5,2,5,93.5,21.2,2,1.51
P-000584,2025-10-01,10,173.4,1.9,2,6,91.7,20.7,2,2.03
P-000584,2025-11-01,11,176.6,7.5,0,4,93.8,19.2,2,2.07
P-000584,2025-12-01,12,173.5,9.8,1,5,86.6,21.7,2,1.65
P-000585,2025-01-01,1,182.2,9.9,4,5,86.0,30.2,2,1.78
P-000585,2025-02-01,2,179.6,7.2,3,4,87.1,25.2,2,1.6
P-000585,2025-03-01,3,181.1,11.7,1,6,85.3,27.0,2,2.03
P-000585,2025-04-01,4,219.0,25.1,4,9,45.8,65.4,4,4.11
P-000585,2025-05-01,5,226.6,40.4,8,9,44.3,80.5,4,3.72
P-000585,2025-06-01,6,222.6,32.7,4,10,42.5,70.0,4,3.64
P-000585,2025-07-01,7,219.4,40.2,4,8,42.6,69.7,3,3.27
P-000585,2025-08-01,8,219.9,24.5,6,7,48.4,68.0,3,4.48
P-000585,2025-09-01,9,179.9,4.6,2,5,88.1,24.5,2,2.19
P-000585,2025-10-01,10,183.4,9.8,1,5,86.1,25.4,2,1.71
P-000585,2025-11-01,11,183.6,13.2,3,3,84.7,28.9,2,1.61
P-000585,2025-12-01,12,188.3,7.7,2,4,86.9,25.8,2,1.18
P-000586,2025-01-01,1,173.8,13.6,2,6,88.2,25.0,2,1.47
P-000586,2025-02-01,2,185.3,12.4,2,5,87.8,29.2,2,1.98
P-000586,2025-03-01,3,178.9,7.1,1,3,94.3,19.9,2,1.74
P-000586,2025-04-01,4,185.6,5.7,2,4,90.0,23.9,2,1.39
P-000586,2025-05-01,5,180.9,2.3,3,5,93.7,21.8,2,1.09
P-000586,2025-06-01,6,176.6,2.5,2,6,95.2,19.7,2,1.34
P-000586,2025-07-01,7,181.6,9.3,3,5,94.8,24.6,2,1.03
P-000586,2025-08-01,8,180.8,11.9,1,3,90.3,22.2,2,1.28
P-000586,2025-09-01,9,176.8,2.6,2,6,92.1,20.0,2,1.19
P-000586,2025-10-01,10,185.9,6.4,3,4,100.5,24.6,2,1.63
P-000586,2025-11-01,11,170.9,1.6,0,7,93.2,14.8,2,1.26
P-000586,2025-12-01,12,180.1,7.0,4,3,84.8,26.3,2,1.44
P-000587,2025-01-01,1,179.5,5.7,0,7,82.8,22.8,2,1.8
P-000587,2025-02-01,2,175.6,7.9,1,3,86.6,19.4,2,1.3
P-000587,2025-03-01,3,174.0,3.7,2,3,86.4,20.6,2,2.01
P-000587,2025-04-01,4,177.9,5.6,3,5,88.6,24.0,2,1.47
P-000587,2025-05-01,5,174.0,8.4,0,4,89.8,19.4,2,2.07
P-000587,2025-06-01,6,170.5,11.2,1,6,89.1,22.3,2,1.99
P-000587,2025-07-01,7,171.8,3.3,3,4,88.1,19.4,2,1.12
P-000587,2025-08-01,8,178.6,8.6,3,4,88.2,24.3,2,1.22
P-000587,2025-09-01,9,165.2,5.4,2,4,90.0,15.8,2,1.06
P-000587,2025-10-01,10,180.4,3.8,1,4,92.7,20.5,2,1.92
P-000587,2025-11-01,11,182.4,9.6,4,5,90.2,29.4,2,1.79
P-000587,2025-12-01,12,171.0,7.8,1,5,93.5,17.6,2,1.21
P-000588,2025-01-01,1,183.6,0.9,3,4,96.9,22.0,2,1.55
P-000588,2025-02-01,2,179.2,8.4,1,5,92.1,21.4,2,1.38
P-000588,2025-03-01,3,172.7,3.2,1,5,94.0,16.9,2,1.48
P-000588,2025-04-01,4,179.5,4.7,4,3,95.0,23.1,3,1.39
P-000588,2025-05-01,5,180.8,9.3,2,3,90.3,23.8,2,1.69
P-000588,2025-06-01,6,178.9,6.4,3,4,92.0,23.4,2,1.47
P-000588,2025-07-01,7,176.4,5.3,1,5,95.2,19.7,2,1.84
P-000588,2025-08-01,8,181.9,7.0,1,4,96.0,19.7,2,1.13
P-000588,2025-09-01,9,177.0,10.3,2,4,90.1,22.2,2,1.14
P-000588,2025-10-01,10,179.4,4.4,3,5,89.8,24.4,2,1.7
P-000588,2025-11-01,11,180.8,2.5,1,4,98.3,17.1,2,1.12
P-000588,2025-12-01,12,190.2,2.1,0,5,93.5,21.4,2,1.64
P-000589,2025-01-01,1,168.5,6.3,2,4,91.0,18.9,2,1.74
P-000589,2025-02-01,2,168.7,3.9,1,4,94.0,15.0,2,1.44
P-000589,2025-03-01,3,172.3,6.8,3,5,90.6,22.5,2,1.59
P-000589,2025-04-01,4,173.0,1.0,1,5,97.5,16.6,2,1.95
P-000589,2025-05-01,5,174.2,5.2,0,4,90.8,16.6,2,1.54
P-000589,2025-06-01,6,173.9,6.4,2,3,87.3,20.5,2,1.62
P-000589,2025-07-01,7,169.1,9.7,2,5,87.9,21.9,2,1.8
P-000589,2025-08-01,8,169.0,8.7,2,4,90.3,19.8,2,1.57
P-000589,2025-09-01,9,171.6,8.1,1,6,87.9,20.2,2,1.42
P-000589,2025-10-01,10,172.5,10.6,2,4,89.4,22.0,2,1.57
P-000589,2025-11-01,11,172.3,4.4,3,4,88.1,21.4,2,1.64
P-000589,2025-12-01,12,173.4,6.7,2,4,87.3,21.5,2,1.77
P-000590,2025-01-01,1,177.8,4.8,0,6,95.6,18.6,2,1.73
P-000590,2025-02-01,2,179.0,7.1,2,5,91.7,22.5,2,1.37
P-000590,2025-03-01,3,169.9,7.7,2,5,92.6,20.8,2,1.93
P-000590,2025-04-01,4,174.4,9.3,2,3,90.9,21.3,3,1.66
P-000590,2025-05-01,5,173.7,4.1,3,7,93.4,21.4,3,1.1
P-000590,2025-06-01,6,173.5,0.0,4,5,96.9,20.2,2,1.44
P-000590,2025-07-01,7,178.5,5.0,2,6,94.0,21.8,2,1.42
P-000590,2025-08-01,8,184.0,10.0,2,5,88.2,26.8,2,1.62
P-000590,2025-09-01,9,177.6,0.9,2,5,97.3,19.4,2,1.75
P-000590,2025-10-01,10,181.8,0.0,1,4,95.2,18.5,2,1.77
P-000590,2025-11-01,11,180.4,3.2,1,7,94.9,20.0,2,1.2
P-000590,2025-12-01,12,185.1,4.8,1,4,93.6,20.5,2,1.19
P-000591,2025-01-01,1,159.6,5.1,0,4,91.8,11.7,2,1.68
P-000591,2025-02-01,2,167.3,6.4,2,4,87.1,18.7,2,1.5
P-000591,2025-03-01,3,168.0,6.1,1,6,89.2,17.9,2,1.43
P-000591,2025-04-01,4,172.2,5.7,1,3,93.0,15.6,2,1.06
P-000591,2025-05-01,5,169.5,4.0,4,5,91.9,21.7,2,1.59
P-000591,2025-06-01,6,171.2,3.3,3,3,89.6,19.5,2,1.62
P-000591,2025-07-01,7,164.2,10.3,0,6,94.6,15.4,2,1.34
P-000591,2025-08-01,8,166.3,10.9,1,6,91.2,18.9,2,1.44
P-000591,2025-09-01,9,170.1,6.8,2,4,91.8,18.0,2,1.14
P-000591,2025-10-01,10,165.1,8.0,1,4,96.2,14.5,2,1.24
P-000591,2025-11-01,11,170.7,1.1,2,4,95.0,15.4,2,1.2
P-000591,2025-12-01,12,173.1,8.3,0,4,93.6,18.2,2,2.01
P-000592,2025-01-01,1,173.2,6.7,2,3,87.3,21.7,2,2.15
P-000592,2025-02-01,2,176.7,9.3,3,5,86.3,26.1,2,1.7
P-000592,2025-03-01,3,175.9,10.6,2,4,85.8,25.6,2,2.27
P-000592,2025-04-01,4,209.5,31.2,10,11,47.1,75.4,4,3.99
P-000592,2025-05-01,5,220.1,42.3,4,10,45.8,75.5,3,4.84
P-000592,2025-06-01,6,215.1,31.6,6,8,49.9,66.8,4,3.35
P-000592,2025-07-01,7,223.1,21.8,4,8,53.5,63.3,3,4.08
P-000592,2025-08-01,8,209.2,36.2,4,6,46.8,64.4,4,4.08
P-000592,2025-09-01,9,179.1,11.9,4,3,85.3,28.5,2,1.68
P-000592,2025-10-01,10,179.8,5.3,3,4,87.9,25.6,2,2.1
P-000592,2025-11-01,11,178.1,16.6,2,3,83.3,27.8,2,1.93
P-000592,2025-12-01,12,179.6,11.5,1,5,85.4,24.9,2,1.71
P-000593,2025-01-01,1,177.0,0.0,1,3,92.1,16.6,2,1.69
P-000593,2025-02-01,2,175.0,8.0,1,4,91.5,19.6,2,1.53
P-000593,2025-03-01,3,171.9,2.1,2,4,96.8,15.5,2,1.03
P-000593,2025-04-01,4,173.5,2.3,0,5,96.1,15.4,2,1.78
P-000593,2025-05-01,5,177.3,5.9,3,3,93.1,21.8,2,1.49
P-000593,2025-06-01,6,177.8,7.1,4,6,97.4,25.6,2,1.59
P-000593,2025-07-01,7,172.7,7.6,3,4,90.1,22.7,2,1.71
P-000593,2025-08-01,8,177.9,4.9,3,4,88.6,23.4,2,1.63
P-000593,2025-09-01,9,170.9,3.0,2,6,91.0,18.5,2,1.29
P-000593,2025-10-01,10,177.8,3.5,3,4,97.4,20.9,2,1.5
P-000593,2025-11-01,11,166.9,0.3,1,3,96.0,10.8,2,1.02
P-000593,2025-12-01,12,169.5,3.3,1,4,90.7,17.3,2,2.1
P-000594,2025-01-01,1,175.4,7.1,4,4,89.1,23.5,2,1.0
P-000594,2025-02-01,2,177.3,5.7,2,5,94.0,20.0,2,1.02
P-000594,2025-03-01,3,179.9,5.9,1,4,95.6,19.6,2,1.49
P-000594,2025-04-01,4,177.2,4.9,1,4,93.7,17.3,2,1.0
P-000594,2025-05-01,5,183.7,5.7,2,4,93.6,22.6,2,1.4
P-000594,2025-06-01,6,177.2,10.3,3,3,91.9,23.7,2,1.43
P-000594,2025-07-01,7,186.5,7.4,1,4,91.3,23.6,2,1.6
P-000594,2025-08-01,8,176.0,6.7,2,4,87.2,20.9,2,1.13
P-000594,2025-09-01,9,172.2,8.7,2,5,90.6,21.3,2,1.49
P-000594,2025-10-01,10,182.2,4.7,1,6,94.8,21.6,2,1.59
P-000594,2025-11-01,11,179.4,8.1,1,3,88.9,21.2,2,1.63
P-000594,2025-12-01,12,178.5,11.5,3,4,85.4,26.9,2,1.59
P-000595,2025-01-01,1,173.6,2.4,0,5,97.0,14.2,1,1.33
P-000595,2025-02-01,2,227.1,40.7,4,8,45.8,72.3,4,3.39
P-000595,2025-03-01,3,211.2,42.5,10,6,45.3,76.4,4,3.45
P-000595,2025-04-01,4,226.0,34.0,5,9,47.8,71.4,4,3.51
P-000595,2025-05-01,5,225.0,35.2,9,10,47.4,80.3,4,4.06
P-000595,2025-06-01,6,120.3,0.0,0,3,120.0,5.0,1,1.0
P-000595,2025-07-01,7,170.4,3.5,1,5,96.6,15.7,1,1.48
P-000595,2025-08-01,8,173.0,0.3,2,4,97.9,15.2,1,1.14
P-000595,2025-09-01,9,162.4,6.5,0,4,95.4,11.7,1,1.34
P-000595,2025-10-01,10,178.5,4.1,0,5,96.3,16.8,1,1.32
P-000595,2025-11-01,11,167.4,4.8,0,4,96.1,12.8,1,1.42
P-000595,2025-12-01,12,169.6,7.7,1,5,94.9,17.4,1,1.44
P-000596,2025-01-01,1,177.8,9.3,0,5,94.2,19.4,2,1.46
P-000596,2025-02-01,2,175.6,5.6,4,4,91.9,24.1,2,1.7
P-000596,2025-03-01,3,174.7,8.3,1,4,92.1,18.7,2,1.23
P-000596,2025-04-01,4,173.5,11.5,4,4,99.0,22.8,2,1.0
P-000596,2025-05-01,5,179.6,3.5,3,6,93.7,23.7,2,1.59
P-000596,2025-06-01,6,178.1,15.1,0,3,89.5,22.4,2,1.82
P-000596,2025-07-01,7,179.6,4.3,3,5,98.8,23.0,2,1.8
P-000596,2025-08-01,8,169.4,7.3,3,6,88.9,22.6,2,1.56
P-000596,2025-09-01,9,168.7,0.2,3,6,100.7,16.3,2,1.21
P-000596,2025-10-01,10,176.3,7.6,4,6,85.3,28.0,2,1.8
P-000596,2025-11-01,11,177.0,10.6,0,5,87.2,20.6,2,1.3
P-000596,2025-12-01,12,182.9,8.5,2,4,88.9,25.1,2,1.69
P-000597,2025-01-01,1,178.3,11.0,2,3,87.6,24.0,2,1.66
P-000597,2025-02-01,2,178.0,8.4,2,4,88.6,24.0,2,1.93
P-000597,2025-03-01,3,222.2,32.4,7,7,45.3,73.8,3,4.25
P-000597,2025-04-01,4,231.4,35.9,9,11,44.2,83.9,3,3.96
P-000597,2025-05-01,5,219.9,44.1,4,10,41.8,74.2,4,3.74
P-000597,2025-06-01,6,225.0,33.8,11,11,44.9,83.9,4,3.92
P-000597,2025-07-01,7,225.3,31.4,4,11,45.6,70.7,3,3.73
P-000597,2025-08-01,8,224.5,34.0,9,8,44.8,77.7,3,3.6
P-000597,2025-09-01,9,222.5,43.6,6,10,41.9,78.5,3,3.84
P-000597,2025-10-01,10,177.9,11.6,3,3,87.3,26.2,2,1.81
P-000597,2025-11-01,11,173.2,6.3,2,6,89.5,22.0,2,1.69
P-000597,2025-12-01,12,176.5,10.2,1,5,87.9,23.0,2,1.79
P-000598,2025-01-01,1,164.2,3.1,2,4,94.9,13.9,2,1.17
P-000598,2025-02-01,2,164.6,1.9,0,5,95.4,10.7,2,1.13
P-000598,2025-03-01,3,156.4,13.2,4,6,88.4,22.9,2,1.81
P-000598,2025-04-01,4,161.9,4.6,1,5,91.5,14.2,3,1.5
P-000598,2025-05-01,5,168.7,1.0,3,5,92.2,17.3,2,1.12
P-000598,2025-06-01,6,163.2,4.7,4,5,91.0,20.3,2,1.7
P-000598,2025-07-01,7,158.6,2.1,3,6,97.1,14.6,2,1.36
P-000598,2025-08-01,8,166.4,2.0,3,3,96.9,15.3,2,1.34
P-000598,2025-09-01,9,161.2,5.2,2,4,90.7,15.2,2,1.45
P-000598,2025-10-01,10,167.6,0.0,3,5,100.0,16.0,2,1.51
P-000598,2025-11-01,11,161.5,7.1,3,4,93.5,18.2,2,1.83
P-000598,2025-12-01,12,164.9,7.9,2,5,94.0,17.8,2,1.49
P-000599,2025-01-01,1,179.3,0.0,0,4,96.6,14.9,2,1.41
P-000599,2025-02-01,2,175.6,7.0,3,6,95.3,22.3,2,1.1
P-000599,2025-03-01,3,182.9,9.1,4,6,93.4,28.0,2,1.22
P-000599,2025-04-01,4,180.5,4.2,1,4,88.5,20.8,2,1.64
P-000599,2025-05-01,5,180.2,3.2,1,5,90.8,21.1,2,1.88
P-000599,2025-06-01,6,179.1,8.8,0,5,94.6,19.4,2,1.4
P-000599,2025-07-01,7,174.6,2.0,4,3,89.2,22.0,2,1.65
P-000599,2025-08-01,8,174.2,13.9,2,5,88.8,25.4,2,1.83
P-000599,2025-09-01,9,178.8,5.7,0,4,88.8,19.2,2,1.69
P-000599,2025-10-01,10,181.3,2.5,0,3,93.2,15.7,2,1.06
P-000599,2025-11-01,11,179.3,6.1,1,4,88.4,21.0,2,1.59
P-000599,2025-12-01,12,181.9,9.6,1,3,91.7,21.9,2,1.51
P-000600,2025-01-01,1,183.2,7.6,1,6,89.8,24.1,2,1.58
P-000600,2025-02-01,2,170.0,2.4,4,4,94.0,20.1,2,1.53
P-000600,2025-03-01,3,174.2,10.5,4,3,86.7,24.4,2,1.05
P-000600,2025-04-01,4,179.0,8.3,3,5,93.1,24.2,2,1.3
P-000600,2025-05-01,5,169.5,5.7,3,4,88.1,19.8,2,1.16
P-000600,2025-06-01,6,173.9,6.2,1,7,86.9,21.4,2,1.55
P-000600,2025-07-01,7,175.5,9.2,0,4,90.4,18.5,2,1.39
P-000600,2025-08-01,8,180.3,10.2,4,5,88.9,28.8,2,1.66
P-000600,2025-09-01,9,183.6,1.1,1,4,92.5,18.2,2,1.0
P-000600,2025-10-01,10,171.2,5.3,4,5,94.3,22.4,2,1.57
P-000600,2025-11-01,11,173.6,10.6,3,4,89.8,23.5,2,1.4
P-000600,2025-12-01,12,183.4,5.3,4,4,96.3,24.6,2,1.19
P-000601,2025-01-01,1,175.1,5.4,3,4,92.2,21.8,2,1.55
P-000601,2025-02-01,2,167.5,3.6,2,6,97.7,16.0,2,1.16
P-000601,2025-03-01,3,173.1,6.1,2,4,92.8,21.2,2,2.21
P-000601,2025-04-01,4,178.5,4.7,1,4,93.6,18.5,2,1.33
P-000601,2025-05-01,5,176.8,8.2,3,3,92.9,22.2,2,1.3
P-000601,2025-06-01,6,168.4,10.8,3,4,94.5,21.2,2,1.5
P-000601,2025-07-01,7,170.5,14.9,4,5,91.5,27.2,2,1.78
P-000601,2025-08-01,8,174.9,7.9,3,5,93.4,21.8,2,1.0
P-000601,2025-09-01,9,181.5,0.7,0,5,96.3,18.7,2,2.22
P-000601,2025-10-01,10,176.9,0.0,3,6,94.4,20.6,2,1.34
P-000601,2025-11-01,11,174.7,3.4,1,3,90.1,16.8,2,1.39
P-000601,2025-12-01,12,172.1,6.4,2,4,89.3,19.7,2,1.42
P-000602,2025-01-01,1,179.4,0.7,0,3,95.5,14.5,2,1.33
P-000602,2025-02-01,2,177.2,6.9,1,4,96.5,19.1,2,1.57
P-000602,2025-03-01,3,172.4,12.5,4,5,87.0,27.1,2,1.53
P-000602,2025-04-01,4,176.9,3.9,4,3,94.5,22.3,2,1.54
P-000602,2025-05-01,5,177.1,4.2,1,4,94.9,18.8,2,1.78
P-000602,2025-06-01,6,169.6,1.6,0,3,92.5,13.2,2,1.79
P-000602,2025-07-01,7,182.3,5.8,1,5,94.2,21.1,2,1.41
P-000602,2025-08-01,8,175.4,4.0,4,4,89.0,23.6,2,1.56
P-000602,2025-09-01,9,171.2,3.9,4,4,95.2,20.0,2,1.21
P-000602,2025-10-01,10,172.4,5.1,1,6,90.7,18.2,2,1.21
P-000602,2025-11-01,11,175.3,8.0,2,4,89.9,22.3,2,1.8
P-000602,2025-12-01,12,183.9,12.7,3,3,88.0,28.7,2,1.84
P-000603,2025-01-01,1,179.5,2.3,0,5,98.0,16.9,2,1.68
P-000603,2025-02-01,2,169.9,9.8,2,3,92.0,19.5,2,1.56
P-000603,2025-03-01,3,185.0,9.1,0,5,89.5,23.0,2,1.56
P-000603,2025-04-01,4,175.1,0.0,2,4,95.1,18.3,2,1.95
P-000603,2025-05-01,5,176.3,5.4,1,4,86.0,20.2,3,1.62
P-000603,2025-06-01,6,177.8,11.5,2,3,82.0,25.3,2,1.74
P-000603,2025-07-01,7,169.3,9.0,1,6,84.5,20.4,2,1.44
P-000603,2025-08-01,8,178.0,4.5,1,4,91.5,19.8,2,1.8
P-000603,2025-09-01,9,173.7,11.5,1,5,90.3,21.7,2,1.61
P-000603,2025-10-01,10,171.8,6.6,3,4,91.6,21.9,2,1.82
P-000603,2025-11-01,11,175.5,6.1,3,3,94.7,21.5,2,1.7
P-000603,2025-12-01,12,174.5,2.2,4,4,93.0,21.7,2,1.53
P-000604,2025-01-01,1,179.0,7.7,3,3,98.9,22.6,2,1.7
P-000604,2025-02-01,2,182.1,2.6,4,5,87.2,26.3,2,1.55
P-000604,2025-03-01,3,178.4,8.1,1,5,95.0,20.7,2,1.51
P-000604,2025-04-01,4,182.6,6.3,1,4,97.7,20.3,2,1.5
P-000604,2025-05-01,5,185.3,6.7,3,4,88.5,26.4,2,1.46
P-000604,2025-06-01,6,180.2,7.2,1,3,94.6,20.2,2,1.68
P-000604,2025-07-01,7,179.2,6.1,3,7,91.2,24.5,2,1.07
P-000604,2025-08-01,8,185.7,11.3,0,4,89.2,23.4,2,1.5
P-000604,2025-09-01,9,176.3,5.1,2,4,95.9,19.4,2,1.43
P-000604,2025-10-01,10,186.0,11.6,1,5,85.6,27.2,2,1.74
P-000604,2025-11-01,11,177.0,7.8,3,5,92.7,23.3,2,1.26
P-000604,2025-12-01,12,187.9,2.8,4,5,94.6,25.8,2,1.04
P-000605,2025-01-01,1,185.8,6.6,2,4,97.9,22.6,2,1.26
P-000605,2025-02-01,2,191.7,4.3,1,5,92.8,24.9,2,1.77
P-000605,2025-03-01,3,183.6,6.3,2,4,92.3,22.3,2,1.09
P-000605,2025-04-01,4,182.0,7.8,0,3,92.1,19.6,2,1.59
P-000605,2025-05-01,5,188.6,8.9,2,5,91.0,26.6,2,1.34
P-000605,2025-06-01,6,185.8,4.4,3,5,93.8,24.5,2,1.18
P-000605,2025-07-01,7,185.1,6.2,1,4,87.2,23.1,2,1.51
P-000605,2025-08-01,8,193.3,9.6,3,5,90.2,31.1,2,1.61
P-000605,2025-09-01,9,181.6,10.2,4,6,90.9,32.4,2,2.77
P-000605,2025-10-01,10,184.1,1.5,0,4,92.5,17.6,2,1.31
P-000605,2025-11-01,11,186.2,11.8,4,4,87.9,31.8,2,1.93
P-000605,2025-12-01,12,185.7,10.3,1,4,95.1,24.3,2,1.83
P-000606,2025-01-01,1,169.4,6.2,3,4,93.8,19.7,2,1.53
P-000606,2025-02-01,2,172.4,11.0,3,5,82.3,26.3,2,1.77
P-000606,2025-03-01,3,176.4,8.9,1,4,90.7,19.4,2,1.03
P-000606,2025-04-01,4,172.1,5.1,3,3,89.9,21.8,2,2.09
P-000606,2025-05-01,5,171.5,9.6,2,6,94.8,22.1,2,1.79
P-000606,2025-06-01,6,177.9,0.0,0,5,96.7,15.5,2,1.6
P-000606,2025-07-01,7,166.2,4.9,1,4,93.5,14.6,2,1.44
P-000606,2025-08-01,8,168.4,8.2,2,5,95.0,17.7,2,1.0
P-000606,2025-09-01,9,173.2,8.6,2,5,91.6,20.9,2,1.3
P-000606,2025-10-01,10,168.4,8.4,1,5,96.3,16.8,2,1.36
P-000606,2025-11-01,11,166.0,11.6,2,4,87.4,20.2,2,1.44
P-000606,2025-12-01,12,176.3,6.6,1,6,86.7,21.1,2,1.31
P-000607,2025-01-01,1,170.6,8.3,2,5,91.5,21.0,2,1.72
P-000607,2025-02-01,2,173.9,5.3,4,5,96.4,22.4,2,1.37
P-000607,2025-03-01,3,169.6,4.8,3,6,95.4,20.4,2,1.57
P-000607,2025-04-01,4,176.6,8.0,1,4,93.4,18.7,2,1.1
P-000607,2025-05-01,5,177.3,2.8,3,4,98.1,19.6,3,1.25
P-000607,2025-06-01,6,175.7,8.4,2,5,89.5,23.4,2,1.8
P-000607,2025-07-01,7,168.7,1.8,3,6,92.2,18.6,2,1.22
P-000607,2025-08-01,8,172.8,8.7,3,4,89.0,22.7,2,1.44
P-000607,2025-09-01,9,177.4,8.7,4,4,89.1,26.1,2,1.53
P-000607,2025-10-01,10,179.0,3.6,2,4,93.7,20.0,2,1.39
P-000607,2025-11-01,11,179.6,2.3,2,5,95.8,20.5,2,1.6
P-000607,2025-12-01,12,172.5,4.4,3,3,95.7,20.7,2,2.17
P-000608,2025-01-01,1,187.4,6.8,2,4,95.2,23.1,2,1.03
P-000608,2025-02-01,2,188.8,5.5,1,6,93.2,24.1,2,1.44
P-000608,2025-03-01,3,188.2,5.8,2,6,89.2,27.6,2,1.89
P-000608,2025-04-01,4,193.3,6.0,1,5,94.1,24.0,2,1.0
P-000608,2025-05-01,5,186.9,4.3,1,6,97.2,21.2,2,1.0
P-000608,2025-06-01,6,186.8,10.6,1,4,89.7,24.7,2,1.37
P-000608,2025-07-01,7,190.2,13.7,4,3,92.3,30.7,2,1.23
P-000608,2025-08-01,8,195.5,4.3,0,3,92.5,23.8,2,1.94
P-000608,2025-09-01,9,188.4,7.1,2,4,92.3,25.1,2,1.41
P-000608,2025-10-01,10,182.2,8.2,2,4,99.1,21.4,2,1.13
P-000608,2025-11-01,11,187.8,5.4,3,4,92.3,26.1,2,1.5
P-000608,2025-12-01,12,188.6,6.2,1,5,93.5,23.5,2,1.4
P-000609,2025-01-01,1,186.7,8.0,1,4,86.8,26.6,2,2.37
P-000609,2025-02-01,2,187.7,11.9,1,3,85.2,27.6,2,2.1
P-000609,2025-03-01,3,186.3,9.8,1,4,86.1,26.1,2,1.84
P-000609,2025-04-01,4,231.9,34.5,7,6,40.0,78.2,3,4.18
P-000609,2025-05-01,5,221.2,28.7,5,9,44.9,69.3,3,4.0
P-000609,2025-06-01,6,226.1,25.9,6,8,54.4,67.8,4,3.47
P-000609,2025-07-01,7,225.8,25.0,7,6,49.7,68.2,4,3.35
P-000609,2025-08-01,8,222.4,36.2,4,8,46.0,69.0,4,3.5
P-000609,2025-09-01,9,184.2,7.8,2,5,86.9,26.2,2,1.63
P-000609,2025-10-01,10,187.3,8.5,1,4,86.6,26.1,2,1.96
P-000609,2025-11-01,11,182.9,10.6,2,5,85.7,28.1,2,2.03
P-000609,2025-12-01,12,192.4,9.6,2,4,86.2,30.0,2,1.92
P-000610,2025-01-01,1,182.0,12.3,4,4,87.1,29.6,2,1.5
P-000610,2025-02-01,2,185.8,13.6,4,4,86.5,32.1,2,1.72
P-000610,2025-03-01,3,230.5,35.5,6,7,44.4,76.0,4,4.06
P-000610,2025-04-01,4,235.8,37.5,8,11,43.8,83.7,4,3.64
P-000610,2025-05-01,5,224.0,27.2,6,8,46.9,69.6,3,3.75
P-000610,2025-06-01,6,231.7,40.2,4,9,43.0,77.9,4,4.59
P-000610,2025-07-01,7,227.9,36.6,4,9,44.0,72.6,4,3.65
P-000610,2025-08-01,8,232.6,38.8,9,12,43.4,87.1,3,4.27
P-000610,2025-09-01,9,226.3,44.9,7,9,41.5,82.8,3,4.4
P-000610,2025-10-01,10,183.0,6.2,0,3,89.5,19.7,2,1.55
P-000610,2025-11-01,11,191.0,8.8,1,4,88.5,26.6,2,1.74
P-000610,2025-12-01,12,185.3,9.5,0,4,88.2,23.7,2,1.89
P-000611,2025-01-01,1,170.9,2.4,1,3,95.9,15.2,2,1.9
P-000611,2025-02-01,2,187.2,13.4,1,6,88.0,27.8,2,1.41
P-000611,2025-03-01,3,178.1,6.6,1,4,91.3,20.4,2,1.63
P-000611,2025-04-01,4,179.7,6.5,3,5,88.7,24.6,2,1.33
P-000611,2025-05-01,5,188.7,9.2,2,3,87.4,25.7,3,1.15
P-000611,2025-06-01,6,174.8,2.1,0,4,96.8,14.3,2,1.48
P-000611,2025-07-01,7,175.8,8.7,2,4,92.6,21.9,2,1.64
P-000611,2025-08-01,8,175.8,0.5,3,6,94.9,21.4,2,1.78
P-000611,2025-09-01,9,180.6,1.2,2,6,94.0,21.5,2,1.61
P-000611,2025-10-01,10,176.4,8.1,3,4,92.2,22.7,2,1.27
P-000611,2025-11-01,11,181.9,9.4,3,3,93.9,24.1,2,1.25
P-000611,2025-12-01,12,177.5,6.6,1,4,93.6,20.7,2,2.03
P-000612,2025-01-01,1,184.4,18.1,1,7,74.7,34.9,3,2.59
P-000612,2025-02-01,2,178.9,21.5,4,6,73.4,40.5,3,3.22
P-000612,2025-03-01,3,184.6,16.6,2,4,75.4,33.7,3,2.51
P-000612,2025-04-01,4,230.9,43.7,8,10,44.3,86.4,5,4.67
P-000612,2025-05-01,5,237.4,40.4,14,14,42.6,98.0,5,4.96
P-000612,2025-06-01,6,241.7,47.8,11,11,46.3,96.2,5,4.26
P-000612,2025-07-01,7,231.5,54.9,14,10,43.7,98.0,5,4.35
P-000612,2025-08-01,8,245.2,50.2,9,10,40.9,96.7,5,4.78
P-000612,2025-09-01,9,246.2,61.8,5,9,35.9,95.6,5,4.83
P-000612,2025-10-01,10,253.6,65.0,7,7,38.9,98.0,5,4.17
P-000612,2025-11-01,11,256.3,65.0,14,10,31.1,98.0,5,4.7
P-000612,2025-12-01,12,263.5,57.1,13,10,36.7,98.0,5,4.25
P-000613,2025-01-01,1,172.4,13.4,4,6,84.7,29.2,2,1.81
P-000613,2025-02-01,2,174.8,15.2,1,4,83.9,25.8,2,2.26
P-000613,2025-03-01,3,168.9,11.3,3,3,85.5,22.9,2,1.65
P-000613,2025-04-01,4,210.4,40.2,4,9,43.1,70.1,4,4.45
P-000613,2025-05-01,5,207.9,30.2,4,10,50.4,62.9,3,3.88
P-000613,2025-06-01,6,214.2,29.9,6,13,40.2,72.3,3,3.89
P-000613,2025-07-01,7,199.6,36.1,5,8,45.6,63.1,4,3.66
P-000613,2025-08-01,8,209.5,25.8,7,11,55.1,65.5,3,3.52
P-000613,2025-09-01,9,171.1,9.3,1,6,86.3,22.6,2,2.12
P-000613,2025-10-01,10,170.8,10.2,2,5,85.9,24.1,2,2.21
P-000613,2025-11-01,11,170.7,9.9,1,7,86.1,21.5,2,1.37
P-000613,2025-12-01,12,171.4,3.7,1,5,88.5,18.2,2,1.69
P-000614,2025-01-01,1,187.6,1.7,1,5,104.2,20.4,2,1.82
P-000614,2025-02-01,2,182.4,6.9,2,6,96.0,23.7,2,1.45
P-000614,2025-03-01,3,192.2,3.1,2,4,94.3,24.3,2,1.38
P-000614,2025-04-01,4,186.3,5.0,2,3,91.0,23.6,3,1.64
P-000614,2025-05-01,5,194.0,4.8,3,5,97.3,26.5,3,1.0
P-000614,2025-06-01,6,192.1,12.0,2,4,89.4,28.9,2,1.38
P-000614,2025-07-01,7,183.9,8.9,0,4,88.1,21.7,2,1.39
P-000614,2025-08-01,8,182.6,8.5,1,5,94.0,21.3,2,1.0
P-000614,2025-09-01,9,188.6,3.5,3,5,91.3,25.2,2,1.0
P-000614,2025-10-01,10,188.3,9.3,4,3,87.6,30.6,2,1.84
P-000614,2025-11-01,11,181.9,3.4,1,4,89.0,19.2,2,1.0
P-000614,2025-12-01,12,181.9,10.3,2,6,87.0,26.7,2,1.48
P-000615,2025-01-01,1,171.1,4.3,0,3,96.3,12.7,1,1.25
P-000615,2025-02-01,2,217.2,37.4,8,9,46.8,76.3,4,4.07
P-000615,2025-03-01,3,220.0,37.7,5,6,46.7,69.9,4,3.83
P-000615,2025-04-01,4,212.8,35.8,8,11,47.3,75.4,4,4.09
P-000615,2025-05-01,5,226.5,31.9,4,9,48.4,68.7,4,3.4
P-000615,2025-06-01,6,116.3,0.0,0,3,120.0,5.0,1,1.0
P-000615,2025-07-01,7,166.1,3.5,0,5,96.6,11.5,1,1.08
P-000615,2025-08-01,8,171.6,6.9,1,4,95.2,17.1,1,1.48
P-000615,2025-09-01,9,164.1,4.9,1,5,96.0,13.8,1,1.32
P-000615,2025-10-01,10,165.7,7.7,1,5,94.9,16.3,1,1.56
P-000615,2025-11-01,11,173.7,7.3,0,5,95.1,16.3,1,1.19
P-000615,2025-12-01,12,168.6,6.4,0,4,95.5,15.1,1,1.87
P-000616,2025-01-01,1,175.5,7.5,0,6,95.0,18.0,1,1.3
P-000616,2025-02-01,2,215.3,31.2,4,9,48.6,66.3,4,4.14
P-000616,2025-03-01,3,221.8,38.3,7,10,46.5,75.8,4,3.45
P-000616,2025-04-01,4,227.0,33.1,9,8,48.1,76.7,4,3.27
P-000616,2025-05-01,5,229.3,27.1,8,10,49.9,76.3,4,4.01
P-000616,2025-06-01,6,122.4,0.0,0,3,120.0,5.0,1,1.0
P-000616,2025-07-01,7,176.8,4.8,1,5,96.1,18.7,1,1.55
P-000616,2025-08-01,8,164.4,6.8,0,4,95.3,12.5,1,1.34
P-000616,2025-09-01,9,174.1,4.5,1,4,96.2,16.7,1,1.43
P-000616,2025-10-01,10,171.0,5.8,0,5,95.7,15.0,1,1.34
P-000616,2025-11-01,11,180.9,3.7,1,6,96.5,19.7,1,1.29
P-000616,2025-12-01,12,181.5,7.2,3,5,95.1,24.1,1,1.23
P-000617,2025-01-01,1,173.3,9.3,3,5,86.3,24.4,2,1.48
P-000617,2025-02-01,2,173.8,2.2,2,5,100.3,16.9,2,1.32
P-000617,2025-03-01,3,172.6,3.2,1,4,91.2,17.1,2,1.64
P-000617,2025-04-01,4,170.5,12.4,2,6,93.8,22.7,2,1.63
P-000617,2025-05-01,5,161.9,8.8,3,4,86.8,19.8,3,1.63
P-000617,2025-06-01,6,175.2,6.6,1,3,89.7,19.1,2,1.66
P-000617,2025-07-01,7,169.6,8.4,3,4,87.8,21.3,2,1.3
P-000617,2025-08-01,8,170.3,5.7,1,3,89.6,16.5,2,1.45
P-000617,2025-09-01,9,178.0,2.2,1,5,91.0,18.6,2,1.38
P-000617,2025-10-01,10,173.1,5.8,3,3,95.9,20.2,2,1.67
P-000617,2025-11-01,11,167.2,3.0,1,4,92.4,13.4,2,1.07
P-000617,2025-12-01,12,172.3,4.3,3,4,89.9,19.7,2,1.12
P-000618,2025-01-01,1,179.0,0.0,2,4,93.2,18.3,2,1.23
P-000618,2025-02-01,2,182.0,6.1,3,4,89.2,26.1,2,1.98
P-000618,2025-03-01,3,183.8,6.2,2,6,91.3,23.8,2,1.07
P-000618,2025-04-01,4,176.9,4.7,1,6,96.0,19.5,3,1.58
P-000618,2025-05-01,5,179.6,8.2,0,5,90.4,20.6,3,1.59
P-000618,2025-06-01,6,172.9,6.6,4,6,95.3,24.7,2,1.85
P-000618,2025-07-01,7,175.2,0.6,4,3,99.5,20.3,2,1.9
P-000618,2025-08-01,8,176.8,5.9,2,3,89.9,19.7,2,1.16
P-000618,2025-09-01,9,178.8,5.4,1,4,86.6,21.2,2,1.7
P-000618,2025-10-01,10,172.8,5.2,4,5,95.4,23.2,2,1.76
P-000618,2025-11-01,11,184.4,7.3,1,5,90.0,23.9,2,1.67
P-000618,2025-12-01,12,172.6,6.6,4,5,85.9,24.8,2,1.49
P-000619,2025-01-01,1,178.2,14.0,3,7,76.4,33.4,3,2.35
P-000619,2025-02-01,2,178.9,14.2,2,5,76.3,33.3,3,3.37
P-000619,2025-03-01,3,172.7,11.2,3,4,77.5,29.5,3,2.89
P-000619,2025-04-01,4,227.7,45.5,5,14,41.0,84.3,5,4.65
P-000619,2025-05-01,5,233.1,44.9,5,14,42.9,86.4,5,5.0
P-000619,2025-06-01,6,240.6,48.0,6,11,44.8,88.3,5,4.48
P-000619,2025-07-01,7,241.1,53.3,6,9,38.4,90.3,5,4.36
P-000619,2025-08-01,8,242.8,37.3,8,10,33.8,89.4,5,4.5
P-000619,2025-09-01,9,247.7,43.5,7,9,42.1,89.7,5,4.43
P-000619,2025-10-01,10,251.8,53.9,14,10,41.7,98.0,5,3.83
P-000619,2025-11-01,11,253.4,54.8,14,12,35.5,98.0,5,4.47
P-000619,2025-12-01,12,252.8,48.5,13,11,38.4,98.0,5,4.38
P-000620,2025-01-01,1,180.8,9.5,0,5,88.2,23.2,2,2.05
P-000620,2025-02-01,2,179.7,13.6,1,5,86.6,25.1,2,1.5
P-000620,2025-03-01,3,232.1,34.9,10,11,44.5,87.4,4,4.8
P-000620,2025-04-01,4,227.4,47.5,7,9,40.7,83.5,4,4.04
P-000620,2025-05-01,5,230.6,35.0,10,8,44.5,83.7,4,4.28
P-000620,2025-06-01,6,230.7,41.0,7,7,42.7,80.4,4,4.11
P-000620,2025-07-01,7,224.1,37.6,5,7,43.7,73.0,3,4.05
P-000620,2025-08-01,8,218.8,42.6,9,8,42.2,80.2,3,3.76
P-000620,2025-09-01,9,230.7,42.1,6,8,42.4,79.4,4,3.89
P-000620,2025-10-01,10,180.2,12.2,0,5,87.1,23.4,2,1.71
P-000620,2025-11-01,11,179.3,8.1,3,5,88.8,27.3,2,2.19
P-000620,2025-12-01,12,173.4,11.0,0,5,87.6,21.4,2,2.1
P-000621,2025-01-01,1,180.1,7.1,2,4,94.1,23.1,2,1.89
P-000621,2025-02-01,2,173.2,1.8,3,3,99.8,18.0,2,1.75
P-000621,2025-03-01,3,177.7,9.3,2,5,90.8,23.1,2,1.38
P-000621,2025-04-01,4,179.5,4.0,2,5,93.2,22.1,3,1.77
P-000621,2025-05-01,5,174.6,6.5,3,6,90.6,23.4,3,1.42
P-000621,2025-06-01,6,176.9,3.3,3,5,92.0,22.7,2,1.72
P-000621,2025-07-01,7,176.4,5.0,4,4,93.2,22.5,2,1.1
P-000621,2025-08-01,8,176.4,5.0,2,4,93.9,19.6,2,1.36
P-000621,2025-09-01,9,178.3,3.5,1,7,88.6,20.7,2,1.25
P-000621,2025-10-01,10,177.0,7.3,0,4,94.7,18.1,2,1.67
P-000621,2025-11-01,11,173.3,9.4,1,5,89.7,19.3,2,1.0
P-000621,2025-12-01,12,171.1,10.3,1,5,90.0,20.3,2,1.58
P-000622,2025-01-01,1,186.2,2.9,3,5,98.3,26.6,2,2.51
P-000622,2025-02-01,2,182.0,4.4,3,7,90.1,27.2,2,1.96
P-000622,2025-03-01,3,183.6,6.6,0,6,90.6,21.2,2,1.29
P-000622,2025-04-01,4,184.9,1.2,0,5,93.0,19.0,2,1.58
P-000622,2025-05-01,5,180.5,2.9,2,5,94.9,21.6,3,1.76
P-000622,2025-06-01,6,185.9,4.9,2,4,94.2,23.9,2,1.76
P-000622,2025-07-01,7,182.8,3.6,2,4,90.0,21.6,2,1.2
P-000622,2025-08-01,8,179.6,10.3,2,4,90.0,22.8,2,1.0
P-000622,2025-09-01,9,186.8,1.9,2,6,92.4,24.1,2,1.57
P-000622,2025-10-01,10,184.2,4.8,4,4,88.7,27.9,2,1.91
P-000622,2025-11-01,11,180.6,4.9,1,4,91.6,20.0,2,1.42
P-000622,2025-12-01,12,179.5,4.2,2,4,98.1,20.7,2,1.81
P-000623,2025-01-01,1,170.9,10.3,2,4,91.1,22.8,2,2.32
P-000623,2025-02-01,2,179.0,8.7,2,4,88.4,23.3,2,1.45
P-000623,2025-03-01,3,173.9,3.4,0,3,94.3,15.0,2,1.77
P-000623,2025-04-01,4,170.7,11.0,1,5,89.5,20.0,2,1.38
P-000623,2025-05-01,5,172.6,9.1,3,4,92.2,22.7,2,1.65
P-000623,2025-06-01,6,172.4,7.9,3,4,93.7,22.0,2,1.71
P-000623,2025-07-01,7,175.9,9.0,3,3,91.8,23.7,2,1.84
P-000623,2025-08-01,8,173.2,1.2,0,7,95.8,16.0,2,1.67
P-000623,2025-09-01,9,168.4,2.8,1,4,97.4,13.3,2,1.24
P-000623,2025-10-01,10,175.1,5.5,2,6,96.2,21.6,2,1.91
P-000623,2025-11-01,11,174.1,3.2,2,5,91.1,19.7,2,1.56
P-000623,2025-12-01,12,170.6,5.9,0,5,90.3,16.9,2,1.71
P-000624,2025-01-01,1,167.4,4.2,1,5,91.1,15.8,2,1.4
P-000624,2025-02-01,2,169.4,10.1,4,4,90.5,23.3,2,1.37
P-000624,2025-03-01,3,172.0,6.4,3,3,90.9,20.5,2,1.47
P-000624,2025-04-01,4,166.4,9.1,2,4,91.0,18.9,2,1.55
P-000624,2025-05-01,5,169.1,2.8,4,5,90.0,21.7,2,1.71
P-000624,2025-06-01,6,173.7,4.4,3,4,94.0,20.7,2,1.62
P-000624,2025-07-01,7,170.4,7.2,0,6,93.9,16.3,2,1.31
P-000624,2025-08-01,8,171.1,8.3,2,4,92.9,20.3,2,1.75
P-000624,2025-09-01,9,165.8,2.6,2,3,90.5,15.6,2,1.68
P-000624,2025-10-01,10,175.0,6.1,2,5,94.1,20.4,2,1.41
P-000624,2025-11-01,11,162.0,3.8,1,4,92.9,13.3,2,1.66
P-000624,2025-12-01,12,166.0,7.5,1,4,90.9,17.1,2,1.82
P-000625,2025-01-01,1,179.0,14.6,3,4,84.2,28.2,2,1.44
P-000625,2025-02-01,2,180.9,9.7,3,3,86.1,25.9,2,1.47
P-000625,2025-03-01,3,175.6,12.4,2,5,85.0,26.5,2,2.08
P-000625,2025-04-01,4,218.6,31.8,5,9,50.7,67.4,3,3.52
P-000625,2025-05-01,5,215.0,20.3,9,11,44.1,71.6,4,3.92
P-000625,2025-06-01,6,214.7,37.0,4,6,45.4,66.5,4,3.91
P-000625,2025-07-01,7,205.2,19.8,7,7,55.5,62.3,4,4.93
P-000625,2025-08-01,8,202.4,34.3,5,13,40.0,69.3,4,4.27
P-000625,2025-09-01,9,176.6,2.3,2,5,89.1,21.8,2,2.02
P-000625,2025-10-01,10,179.8,8.2,3,5,86.7,26.3,2,1.53
P-000625,2025-11-01,11,171.3,8.1,1,5,86.7,21.5,2,2.18
P-000625,2025-12-01,12,188.0,8.4,2,3,86.6,27.0,2,1.86
P-000626,2025-01-01,1,170.0,5.7,2,3,92.9,16.4,2,1.05
P-000626,2025-02-01,2,164.5,7.8,2,5,89.5,18.2,2,1.4
P-000626,2025-03-01,3,176.8,7.0,0,4,97.2,17.4,2,1.68
P-000626,2025-04-01,4,164.0,3.1,1,4,93.1,12.8,2,1.27
P-000626,2025-05-01,5,170.0,5.2,3,3,95.1,18.3,2,1.38
P-000626,2025-06-01,6,160.3,4.5,2,5,92.1,15.6,2,1.69
P-000626,2025-07-01,7,161.4,0.6,2,4,95.4,11.9,2,1.23
P-000626,2025-08-01,8,167.8,2.8,3,4,90.1,18.5,2,1.52
P-000626,2025-09-01,9,171.7,6.1,1,3,91.9,16.2,2,1.23
P-000626,2025-10-01,10,163.4,1.3,2,5,90.5,15.7,2,1.71
P-000626,2025-11-01,11,173.6,6.1,2,6,88.3,21.2,2,1.24
P-000626,2025-12-01,12,170.6,3.0,0,5,94.5,14.2,2,1.45
P-000627,2025-01-01,1,177.9,12.8,1,5,90.4,24.1,2,1.78
P-000627,2025-02-01,2,175.7,6.1,1,5,90.7,20.5,2,1.81
P-000627,2025-03-01,3,172.1,4.3,3,3,91.1,20.1,2,1.68
P-000627,2025-04-01,4,180.2,5.0,1,5,94.4,20.0,2,1.43
P-000627,2025-05-01,5,172.0,9.5,0,5,93.7,17.7,3,1.5
P-000627,2025-06-01,6,180.4,5.2,1,6,99.3,20.7,2,1.73
P-000627,2025-07-01,7,177.7,2.6,3,5,90.2,21.3,2,1.05
P-000627,2025-08-01,8,183.3,4.7,1,6,98.9,20.8,2,1.4
P-000627,2025-09-01,9,178.4,7.5,1,4,93.6,20.7,2,1.74
P-000627,2025-10-01,10,186.4,4.1,1,3,92.3,21.2,2,1.56
P-000627,2025-11-01,11,179.1,2.5,0,4,94.2,16.5,2,1.49
P-000627,2025-12-01,12,179.7,9.0,2,5,91.2,24.2,2,1.59
P-000628,2025-01-01,1,175.3,5.3,2,5,89.9,21.9,2,1.8
P-000628,2025-02-01,2,179.5,7.1,1,4,89.1,21.9,2,1.78
P-000628,2025-03-01,3,223.7,30.2,9,8,45.9,75.8,4,3.67
P-000628,2025-04-01,4,223.0,35.8,4,9,44.3,70.8,3,3.76
P-000628,2025-05-01,5,227.1,35.5,4,7,44.3,72.4,4,4.43
P-000628,2025-06-01,6,230.9,38.8,10,7,43.4,83.8,4,3.82
P-000628,2025-07-01,7,217.2,42.3,5,10,42.3,74.9,4,4.08
P-000628,2025-08-01,8,228.8,36.3,4,7,44.1,72.2,4,3.96
P-000628,2025-09-01,9,218.8,36.1,7,10,44.2,75.5,3,3.92
P-000628,2025-10-01,10,177.0,14.6,0,4,86.2,21.8,2,1.33
P-000628,2025-11-01,11,177.1,9.1,0,4,88.3,19.9,2,1.6
P-000628,2025-12-01,12,172.4,13.4,2,5,86.7,24.5,2,1.68
P-000629,2025-01-01,1,175.5,4.7,4,4,91.3,23.9,2,1.72
P-000629,2025-02-01,2,178.8,7.8,2,4,90.7,23.9,2,2.01
P-000629,2025-03-01,3,179.4,11.9,1,4,86.0,23.7,2,1.52
P-000629,2025-04-01,4,179.1,7.7,3,4,85.5,25.2,2,1.48
P-000629,2025-05-01,5,174.1,7.8,3,5,87.6,23.4,3,1.32
P-000629,2025-06-01,6,176.1,6.7,4,3,87.9,23.6,2,1.18
P-000629,2025-07-01,7,177.4,9.3,3,5,88.1,25.6,2,1.54
P-000629,2025-08-01,8,177.5,7.3,1,4,90.0,20.7,2,1.65
P-000629,2025-09-01,9,179.8,4.0,3,5,92.5,23.8,2,1.69
P-000629,2025-10-01,10,185.3,2.5,3,6,99.0,23.1,2,1.13
P-000629,2025-11-01,11,176.1,9.1,0,4,89.4,19.3,2,1.59
P-000629,2025-12-01,12,183.9,8.8,3,4,86.1,26.4,2,1.14
P-000630,2025-01-01,1,177.8,7.0,1,5,85.1,22.6,2,1.76
P-000630,2025-02-01,2,165.9,2.5,1,5,94.0,13.7,2,1.3
P-000630,2025-03-01,3,164.3,8.0,3,4,87.4,19.5,2,1.38
P-000630,2025-04-01,4,173.2,2.8,1,4,90.3,16.5,3,1.34
P-000630,2025-05-01,5,173.4,2.1,4,5,92.0,22.0,2,1.47
P-000630,2025-06-01,6,171.4,9.5,2,5,94.3,21.5,2,1.81
P-000630,2025-07-01,7,170.0,11.0,1,4,95.7,18.4,2,1.58
P-000630,2025-08-01,8,161.0,8.9,4,4,83.8,22.4,2,1.9
P-000630,2025-09-01,9,171.5,0.6,1,5,95.9,15.9,2,1.85
P-000630,2025-10-01,10,176.5,5.4,2,7,91.9,22.1,2,1.31
P-000630,2025-11-01,11,176.4,7.6,0,6,88.9,20.5,2,1.69
P-000630,2025-12-01,12,171.9,10.6,4,5,89.4,26.5,2,1.86
P-000631,2025-01-01,1,173.0,7.5,2,3,89.0,19.9,2,1.44
P-000631,2025-02-01,2,169.5,8.4,2,5,88.6,21.3,2,1.79
P-000631,2025-03-01,3,221.2,44.2,8,12,41.7,84.1,4,4.3
P-000631,2025-04-01,4,221.7,36.0,6,9,44.2,73.4,4,3.62
P-000631,2025-05-01,5,216.2,45.9,4,9,41.2,73.1,3,3.76
P-000631,2025-06-01,6,221.4,37.9,11,7,43.6,81.8,4,3.88
P-000631,2025-07-01,7,211.4,32.9,11,8,45.1,77.5,3,4.22
P-000631,2025-08-01,8,226.8,41.1,8,14,42.7,84.5,4,3.71
P-000631,2025-09-01,9,220.1,38.3,6,9,43.5,74.4,3,3.82
P-000631,2025-10-01,10,175.4,7.3,3,3,89.1,24.2,2,2.2
P-000631,2025-11-01,11,176.3,7.4,3,4,89.0,24.0,2,1.7
P-000631,2025-12-01,12,171.5,10.6,2,6,87.8,23.1,2,1.49
P-000632,2025-01-01,1,168.4,1.2,1,3,97.5,11.6,1,1.13
P-000632,2025-02-01,2,218.3,37.6,4,8,46.7,70.0,4,4.27
P-000632,2025-03-01,3,218.4,31.3,8,8,48.6,72.6,4,3.81
P-000632,2025-04-01,4,211.1,33.4,5,10,48.0,66.6,4,3.52
P-000632,2025-05-01,5,214.9,32.2,9,7,48.3,72.0,4,3.52
P-000632,2025-06-01,6,118.3,0.0,0,3,120.0,5.0,1,1.0
P-000632,2025-07-01,7,164.6,5.2,0,6,95.9,12.6,1,1.12
P-000632,2025-08-01,8,170.5,7.3,1,5,95.1,16.9,1,1.22
P-000632,2025-09-01,9,171.8,5.0,0,4,96.0,14.2,1,1.31
P-000632,2025-10-01,10,172.5,2.6,1,4,97.0,14.6,1,1.2
P-000632,2025-11-01,11,168.3,7.3,0,4,95.1,14.2,1,1.37
P-000632,2025-12-01,12,175.4,3.7,1,4,96.5,17.3,1,1.64
P-000633,2025-01-01,1,177.4,10.0,1,6,86.0,25.4,2,2.23
P-000633,2025-02-01,2,182.3,14.4,1,5,84.2,27.7,2,1.89
P-000633,2025-03-01,3,173.2,9.2,1,4,86.3,21.7,2,2.02
P-000633,2025-04-01,4,220.2,46.4,4,8,42.7,75.1,3,4.26
P-000633,2025-05-01,5,215.0,45.4,10,7,40.0,82.2,3,4.08
P-000633,2025-06-01,6,207.0,33.7,5,8,42.9,66.1,4,4.01
P-000633,2025-07-01,7,215.3,32.8,10,8,50.6,73.4,3,3.13
P-000633,2025-08-01,8,210.1,26.1,7,6,46.6,66.4,3,4.42
P-000633,2025-09-01,9,171.2,10.2,1,6,85.9,23.0,2,2.13
P-000633,2025-10-01,10,177.2,9.1,1,4,86.4,22.6,2,1.87
P-000633,2025-11-01,11,170.1,7.6,2,5,86.9,21.9,2,1.91
P-000633,2025-12-01,12,182.4,14.8,2,3,84.1,29.5,2,2.34
P-000634,2025-01-01,1,181.9,6.2,1,3,87.5,22.4,2,1.96
P-000634,2025-02-01,2,186.8,2.8,2,5,88.9,26.2,2,2.24
P-000634,2025-03-01,3,179.6,18.3,1,5,82.7,28.8,2,1.94
P-000634,2025-04-01,4,218.1,33.2,6,6,40.2,70.5,4,3.97
P-000634,2025-05-01,5,222.3,37.7,10,6,46.6,80.0,3,4.22
P-000634,2025-06-01,6,214.7,35.2,6,7,47.8,71.6,3,4.85
P-000634,2025-07-01,7,217.1,32.3,5,10,41.5,70.4,3,3.89
P-000634,2025-08-01,8,216.5,32.7,9,8,43.2,76.2,3,4.21
P-000634,2025-09-01,9,178.6,3.4,2,4,88.6,21.8,2,1.8
P-000634,2025-10-01,10,188.4,6.5,1,5,87.4,25.2,2,1.59
P-000634,2025-11-01,11,178.4,1.9,4,4,89.3,23.9,2,1.63
P-000634,2025-12-01,12,179.5,15.5,3,6,83.8,31.5,2,1.99
P-000635,2025-01-01,1,173.6,8.7,3,6,90.3,24.8,2,1.72
P-000635,2025-02-01,2,173.9,6.2,1,5,89.2,19.2,2,1.38
P-000635,2025-03-01,3,169.7,2.5,4,4,95.9,20.3,2,1.82
P-000635,2025-04-01,4,171.4,4.5,3,4,91.3,21.4,2,2.0
P-000635,2025-05-01,5,173.9,7.7,1,6,88.2,21.5,2,1.73
P-000635,2025-06-01,6,173.9,7.6,2,5,91.4,21.9,2,1.74
P-000635,2025-07-01,7,169.1,4.5,2,4,92.4,17.3,2,1.45
P-000635,2025-08-01,8,175.2,7.3,2,5,92.9,21.0,2,1.33
P-000635,2025-09-01,9,175.3,8.1,3,3,93.9,21.9,2,1.48
P-000635,2025-10-01,10,165.6,1.7,0,5,99.5,12.3,2,1.99
P-000635,2025-11-01,11,174.0,7.4,4,4,90.7,24.0,2,1.47
P-000635,2025-12-01,12,171.5,8.1,1,6,91.0,19.6,2,1.44
P-000636,2025-01-01,1,174.6,2.8,1,5,95.2,17.3,2,1.55
P-000636,2025-02-01,2,179.1,3.3,3,5,90.3,23.4,2,1.59
P-000636,2025-03-01,3,176.4,5.9,4,6,102.4,24.2,2,1.84
P-000636,2025-04-01,4,183.4,1.7,1,5,88.7,21.7,2,1.78
P-000636,2025-05-01,5,182.8,0.0,3,3,91.9,21.3,3,1.41
P-000636,2025-06-01,6,174.1,6.4,2,5,88.4,20.9,2,1.3
P-000636,2025-07-01,7,174.3,8.1,1,6,93.8,20.7,2,1.68
P-000636,2025-08-01,8,174.2,7.6,1,3,93.3,17.7,2,1.36
P-000636,2025-09-01,9,177.3,5.5,1,3,94.4,17.6,2,1.32
P-000636,2025-10-01,10,163.3,6.8,0,6,94.9,13.4,2,1.29
P-000636,2025-11-01,11,173.6,11.4,1,5,88.1,21.7,2,1.5
P-000636,2025-12-01,12,178.5,7.9,1,3,90.0,20.4,2,1.54
P-000637,2025-01-01,1,192.5,8.9,1,6,86.4,28.7,2,1.63
P-000637,2025-02-01,2,175.9,5.1,2,5,88.0,21.2,2,1.31
P-000637,2025-03-01,3,178.2,12.0,2,7,85.2,28.4,2,2.0
P-000637,2025-04-01,4,210.0,24.1,4,12,56.8,62.3,4,4.29
P-000637,2025-05-01,5,220.6,23.0,5,10,49.0,67.0,4,4.17
P-000637,2025-06-01,6,207.5,39.5,4,11,49.7,68.1,3,4.12
P-000637,2025-07-01,7,217.1,31.7,8,9,47.8,72.6,3,3.59
P-000637,2025-08-01,8,216.0,29.8,8,8,46.8,69.9,3,3.18
P-000637,2025-09-01,9,172.7,4.6,4,4,88.1,24.5,2,2.14
P-000637,2025-10-01,10,178.7,13.2,1,5,84.7,25.5,2,1.76
P-000637,2025-11-01,11,174.5,11.6,3,4,85.4,26.5,2,1.98
P-000637,2025-12-01,12,182.9,9.1,1,5,86.4,25.5,2,1.98
P-000638,2025-01-01,1,179.7,7.7,0,4,90.4,20.8,2,1.99
P-000638,2025-02-01,2,169.7,14.6,1,4,88.4,19.9,2,1.05
P-000638,2025-03-01,3,175.0,5.8,4,5,96.9,23.2,2,1.5
P-000638,2025-04-01,4,177.8,1.0,3,6,95.0,21.5,2,1.46
P-000638,2025-05-01,5,178.3,6.1,2,4,92.0,21.3,3,1.44
P-000638,2025-06-01,6,179.7,5.7,2,4,87.1,22.1,2,1.28
P-000638,2025-07-01,7,176.9,9.4,4,5,88.9,26.4,2,1.29
P-000638,2025-08-01,8,172.7,7.6,2,5,91.7,22.0,2,1.96
P-000638,2025-09-01,9,175.2,6.0,2,4,89.3,21.2,2,1.65
P-000638,2025-10-01,10,176.6,5.0,1,4,91.1,18.4,2,1.3
P-000638,2025-11-01,11,173.5,7.4,0,4,92.8,16.3,2,1.28
P-000638,2025-12-01,12,178.2,8.2,3,5,89.6,24.7,2,1.34
P-000639,2025-01-01,1,177.2,0.0,2,4,94.4,17.7,2,1.35
P-000639,2025-02-01,2,183.4,6.1,2,4,88.8,24.2,2,1.66
P-000639,2025-03-01,3,171.9,5.4,4,5,94.0,22.3,2,1.41
P-000639,2025-04-01,4,177.2,8.4,1,3,89.4,20.9,2,1.8
P-000639,2025-05-01,5,176.9,9.9,4,5,89.2,27.2,2,1.56
P-000639,2025-06-01,6,170.9,3.4,0,4,88.6,15.0,2,1.47
P-000639,2025-07-01,7,175.8,4.2,1,3,96.5,17.7,2,1.96
P-000639,2025-08-01,8,174.3,4.4,0,4,97.5,13.7,2,1.0
P-000639,2025-09-01,9,175.9,6.3,3,3,92.2,21.7,2,1.53
P-000639,2025-10-01,10,175.7,5.8,2,6,91.4,21.0,2,1.17
P-000639,2025-11-01,11,179.4,2.7,1,3,91.0,19.2,2,1.85
P-000639,2025-12-01,12,183.1,3.1,0,5,96.9,17.6,2,1.23
P-000640,2025-01-01,1,171.3,3.2,3,5,97.6,18.9,2,1.42
P-000640,2025-02-01,2,168.9,5.3,0,4,92.9,14.6,2,1.62
P-000640,2025-03-01,3,178.8,0.2,0,4,90.8,14.8,2,1.0
P-000640,2025-04-01,4,176.8,7.0,4,5,93.2,24.7,2,1.33
P-000640,2025-05-01,5,177.9,10.4,1,7,94.2,23.2,2,1.59
P-000640,2025-06-01,6,171.7,4.2,2,5,92.0,20.0,2,1.89
P-000640,2025-07-01,7,176.4,9.4,1,5,91.5,22.3,2,1.93
P-000640,2025-08-01,8,175.1,6.8,4,6,87.7,25.6,2,1.31
P-000640,2025-09-01,9,176.1,12.6,1,4,94.1,21.4,2,1.54
P-000640,2025-10-01,10,179.5,9.0,3,4,92.4,23.4,2,1.0
P-000640,2025-11-01,11,169.8,4.3,1,3,92.6,15.2,2,1.46
P-000640,2025-12-01,12,179.2,2.2,1,5,90.9,19.7,2,1.63
P-000641,2025-01-01,1,176.6,6.0,3,5,91.6,23.1,2,1.46
P-000641,2025-02-01,2,172.6,5.9,4,4,91.4,22.4,2,1.34
P-000641,2025-03-01,3,172.5,1.4,3,5,97.2,18.0,2,1.16
P-000641,2025-04-01,4,173.3,9.6,4,6,91.7,27.0,2,1.98
P-000641,2025-05-01,5,171.3,3.2,0,3,95.4,14.1,2,1.87
P-000641,2025-06-01,6,168.4,7.8,2,4,82.1,21.2,2,1.76
P-000641,2025-07-01,7,174.3,8.9,0,3,86.3,19.7,2,2.06
P-000641,2025-08-01,8,171.3,9.9,3,4,84.3,24.1,2,1.65
P-000641,2025-09-01,9,180.5,5.4,0,5,88.9,19.3,2,1.27
P-000641,2025-10-01,10,173.4,4.1,3,7,93.1,21.3,2,1.08
P-000641,2025-11-01,11,170.5,4.8,3,4,92.1,19.5,2,1.39
P-000641,2025-12-01,12,175.7,3.1,4,7,92.6,23.5,2,1.11
P-000642,2025-01-01,1,164.9,3.4,2,4,91.2,15.4,2,1.37
P-000642,2025-02-01,2,172.9,6.0,3,4,84.9,23.5,2,1.93
P-000642,2025-03-01,3,168.5,5.2,3,5,95.2,20.0,2,1.75
P-000642,2025-04-01,4,171.5,6.0,4,4,86.8,22.8,2,1.28
P-000642,2025-05-01,5,169.5,4.3,2,5,93.1,18.8,3,1.79
P-000642,2025-06-01,6,167.9,7.2,1,4,90.8,16.7,2,1.46
P-000642,2025-07-01,7,167.3,11.2,4,4,88.4,23.3,2,1.33
P-000642,2025-08-01,8,170.9,5.1,2,5,90.3,19.0,2,1.34
P-000642,2025-09-01,9,174.1,9.2,3,5,90.1,24.7,2,1.8
P-000642,2025-10-01,10,166.5,7.5,0,6,88.4,16.6,2,1.49
P-000642,2025-11-01,11,173.8,13.1,2,4,88.5,23.3,2,1.46
P-000642,2025-12-01,12,167.4,5.0,2,5,94.5,16.6,2,1.19
P-000643,2025-01-01,1,183.5,8.9,1,4,93.8,23.7,2,2.0
P-000643,2025-02-01,2,182.3,3.1,4,3,87.1,26.0,2,1.82
P-000643,2025-03-01,3,180.0,5.1,1,5,90.9,20.0,2,1.18
P-000643,2025-04-01,4,179.6,11.4,4,6,91.9,27.5,2,1.0
P-000643,2025-05-01,5,185.2,6.6,0,4,95.7,20.8,2,1.8
P-000643,2025-06-01,6,186.1,2.7,1,4,94.4,19.9,2,1.23
P-000643,2025-07-01,7,173.0,3.9,2,3,90.8,18.7,2,1.68
P-000643,2025-08-01,8,184.3,6.0,3,5,94.0,25.9,2,1.67
P-000643,2025-09-01,9,182.9,4.2,1,4,99.0,18.8,2,1.31
P-000643,2025-10-01,10,176.9,7.4,4,4,88.6,25.5,2,1.53
P-000643,2025-11-01,11,175.4,5.2,0,4,90.4,17.1,2,1.52
P-000643,2025-12-01,12,181.8,3.1,3,5,86.7,25.0,2,1.6
P-000644,2025-01-01,1,168.2,3.7,3,3,99.1,16.3,2,1.39
P-000644,2025-02-01,2,169.1,13.4,2,5,88.6,21.9,2,1.24
P-000644,2025-03-01,3,171.1,9.8,1,4,85.3,20.2,2,1.56
P-000644,2025-04-01,4,179.0,9.1,2,3,93.9,23.0,2,1.94
P-000644,2025-05-01,5,175.1,8.8,1,6,91.5,20.4,2,1.19
P-000644,2025-06-01,6,168.6,4.5,0,6,95.5,15.8,2,1.92
P-000644,2025-07-01,7,173.7,5.0,1,7,89.5,19.6,2,1.25
P-000644,2025-08-01,8,172.2,6.7,1,5,89.0,18.0,2,1.04
P-000644,2025-09-01,9,168.0,6.6,4,5,94.6,22.2,2,1.74
P-000644,2025-10-01,10,173.5,6.4,1,6,90.5,19.0,2,1.14
P-000644,2025-11-01,11,182.3,5.7,3,4,91.9,23.7,2,1.22
P-000644,2025-12-01,12,163.6,6.5,1,5,93.5,15.5,2,1.62
P-000645,2025-01-01,1,174.7,0.6,1,5,94.5,16.6,2,1.59
P-000645,2025-02-01,2,173.1,1.0,1,4,91.8,15.8,2,1.47
P-000645,2025-03-01,3,176.8,6.4,2,4,90.6,21.4,2,1.54
P-000645,2025-04-01,4,178.1,5.8,1,6,92.0,21.2,2,1.6
P-000645,2025-05-01,5,178.4,4.6,2,5,96.2,20.4,3,1.35
P-000645,2025-06-01,6,174.0,2.2,4,3,94.6,20.8,2,1.61
P-000645,2025-07-01,7,179.4,2.1,4,6,93.8,24.2,2,1.39
P-000645,2025-08-01,8,181.9,9.0,4,4,90.7,26.6,2,1.15
P-000645,2025-09-01,9,178.2,2.1,1,4,93.1,17.6,2,1.37
P-000645,2025-10-01,10,177.7,4.8,1,6,93.4,19.0,2,1.05
P-000645,2025-11-01,11,177.5,4.8,1,5,90.9,20.2,2,1.66
P-000645,2025-12-01,12,174.3,7.5,2,5,89.5,21.2,2,1.29
P-000646,2025-01-01,1,163.2,4.5,0,4,96.2,11.0,1,1.36
P-000646,2025-02-01,2,211.6,44.1,4,7,44.8,68.7,4,3.72
P-000646,2025-03-01,3,209.2,31.5,7,10,48.6,70.7,4,4.43
P-000646,2025-04-01,4,204.2,38.3,8,9,46.5,73.6,4,4.64
P-000646,2025-05-01,5,209.6,28.3,9,12,49.5,70.2,4,2.92
P-000646,2025-06-01,6,114.7,0.0,0,3,120.0,5.0,1,1.0
P-000646,2025-07-01,7,163.2,7.2,1,5,95.1,14.3,1,1.22
P-000646,2025-08-01,8,167.6,7.7,0,3,94.9,13.0,1,1.19
P-000646,2025-09-01,9,165.5,1.6,0,4,97.4,10.3,1,1.32
P-000646,2025-10-01,10,167.8,6.1,0,5,95.6,13.4,1,1.07
P-000646,2025-11-01,11,163.7,3.3,0,6,96.7,11.5,1,1.17
P-000646,2025-12-01,12,166.0,4.2,2,5,96.3,15.6,1,1.26
P-000647,2025-01-01,1,185.6,4.1,2,6,88.4,24.7,2,1.3
P-000647,2025-02-01,2,183.9,12.1,1,5,85.1,27.2,2,1.92
P-000647,2025-03-01,3,188.2,10.6,2,5,85.8,28.3,2,1.38
P-000647,2025-04-01,4,220.0,34.7,10,8,46.5,77.4,4,3.48
P-000647,2025-05-01,5,214.4,32.9,5,9,46.6,67.4,4,3.63
P-000647,2025-06-01,6,222.2,26.5,5,6,45.1,67.3,4,4.24
P-000647,2025-07-01,7,206.2,42.2,7,11,40.0,75.1,4,3.93
P-000647,2025-08-01,8,223.6,33.1,4,6,46.4,67.2,3,3.68
P-000647,2025-09-01,9,183.8,9.0,2,5,86.4,27.9,2,2.15
P-000647,2025-10-01,10,184.2,7.8,1,4,86.9,24.1,2,1.73
P-000647,2025-11-01,11,188.8,9.7,2,3,86.1,28.2,2,1.95
P-000647,2025-12-01,12,189.0,4.1,2,5,88.4,27.7,2,2.3
P-000648,2025-01-01,1,185.0,9.6,4,4,88.2,30.3,2,1.9
P-000648,2025-02-01,2,176.2,4.4,3,6,90.2,24.8,2,2.06
P-000648,2025-03-01,3,225.5,36.5,4,11,44.0,73.8,4,3.95
P-000648,2025-04-01,4,231.6,36.5,9,10,44.1,83.8,3,4.04
P-000648,2025-05-01,5,229.0,42.6,4,13,42.2,78.3,3,3.59
P-000648,2025-06-01,6,226.6,34.4,8,7,44.7,77.6,4,4.12
P-000648,2025-07-01,7,229.8,36.5,6,9,44.0,76.7,3,3.72
P-000648,2025-08-01,8,233.9,41.5,6,7,42.5,79.9,4,3.99
P-000648,2025-09-01,9,231.5,42.3,5,8,42.3,78.1,3,3.91
P-000648,2025-10-01,10,176.6,5.8,1,4,89.7,19.6,2,1.55
P-000648,2025-11-01,11,176.0,10.9,2,6,87.7,25.8,2,1.89
P-000648,2025-12-01,12,181.6,8.8,4,5,88.5,28.8,2,1.65
P-000649,2025-01-01,1,183.0,7.7,5,6,78.9,35.3,3,2.61
P-000649,2025-02-01,2,186.5,5.3,1,4,79.9,26.8,3,2.39
P-000649,2025-03-01,3,184.8,17.2,3,5,75.1,37.7,3,3.04
P-000649,2025-04-01,4,236.4,45.3,11,9,41.6,93.9,5,4.68
P-000649,2025-05-01,5,243.6,44.6,6,7,45.7,85.6,5,4.67
P-000649,2025-06-01,6,244.7,51.3,7,12,44.9,94.1,5,4.73
P-000649,2025-07-01,7,251.7,45.2,5,11,39.4,91.7,5,5.0
P-000649,2025-08-01,8,248.8,48.7,14,9,40.8,98.0,5,4.83
P-000649,2025-09-01,9,255.0,47.9,9,12,37.6,98.0,5,4.3
P-000649,2025-10-01,10,255.2,46.1,8,9,34.4,96.3,5,4.34
P-000649,2025-11-01,11,257.3,56.9,9,10,37.4,98.0,5,4.27
P-000649,2025-12-01,12,259.8,58.8,9,8,43.0,98.0,5,4.15
P-000650,2025-01-01,1,188.5,6.9,2,3,90.9,24.8,2,1.45
P-000650,2025-02-01,2,179.4,8.7,4,4,87.8,25.9,2,1.06
P-000650,2025-03-01,3,182.4,4.3,2,5,90.7,21.9,2,1.05
P-000650,2025-04-01,4,185.6,3.1,3,4,96.9,23.7,2,1.59
P-000650,2025-05-01,5,179.8,7.7,3,6,91.8,25.4,2,1.4
P-000650,2025-06-01,6,174.6,0.0,3,6,97.7,19.2,2,1.35
P-000650,2025-07-01,7,176.5,5.8,4,3,87.5,24.6,2,1.65
P-000650,2025-08-01,8,172.5,2.3,1,3,97.3,14.5,2,1.51
P-000650,2025-09-01,9,178.0,7.6,1,6,91.6,22.4,2,1.76
P-000650,2025-10-01,10,175.4,10.3,4,5,85.7,26.1,2,1.0
P-000650,2025-11-01,11,171.5,4.3,0,5,88.2,16.3,2,1.45
P-000650,2025-12-01,12,177.8,2.7,3,4,100.1,19.6,2,1.33
P-000651,2025-01-01,1,174.1,5.5,3,6,88.8,22.3,2,1.11
P-000651,2025-02-01,2,179.2,6.3,4,4,91.8,26.1,2,1.84
P-000651,2025-03-01,3,177.9,8.7,0,4,91.1,20.2,2,1.9
P-000651,2025-04-01,4,181.1,7.9,4,4,94.4,26.7,2,1.77
P-000651,2025-05-01,5,175.0,7.9,4,5,89.8,25.0,3,1.32
P-000651,2025-06-01,6,172.8,2.2,3,3,89.8,18.9,2,1.33
P-000651,2025-07-01,7,177.0,6.3,3,4,92.5,22.7,2,1.5
P-000651,2025-08-01,8,171.0,7.2,4,4,94.9,23.0,2,1.84
P-000651,2025-09-01,9,174.0,2.0,1,5,96.4,17.0,2,1.72
P-000651,2025-10-01,10,174.3,7.0,2,3,89.8,21.2,2,1.91
P-000651,2025-11-01,11,173.7,6.6,4,3,86.4,24.3,2,1.72
P-000651,2025-12-01,12,183.3,9.4,2,5,90.0,24.4,2,1.02
P-000652,2025-01-01,1,173.7,12.9,2,5,84.8,25.5,2,1.81
P-000652,2025-02-01,2,177.4,6.2,1,4,87.5,21.9,2,2.13
P-000652,2025-03-01,3,176.2,11.9,2,4,85.2,25.0,2,1.76
P-000652,2025-04-01,4,215.1,25.0,6,8,42.3,68.7,4,4.65
P-000652,2025-05-01,5,206.4,24.4,6,7,43.5,60.3,3,2.97
P-000652,2025-06-01,6,210.9,33.3,6,8,41.7,68.3,4,3.63
P-000652,2025-07-01,7,212.4,24.6,4,6,48.4,59.9,4,3.9
P-000652,2025-08-01,8,205.8,38.5,4,7,44.9,65.2,4,4.1
P-000652,2025-09-01,9,177.5,5.8,2,4,87.7,23.1,2,1.99
P-000652,2025-10-01,10,175.8,3.7,1,3,88.5,18.7,2,1.81
P-000652,2025-11-01,11,173.5,5.1,1,4,88.0,19.3,2,1.86
P-000652,2025-12-01,12,177.1,11.7,2,5,85.3,24.5,2,1.21
P-000653,2025-01-01,1,186.4,12.6,4,4,85.0,32.2,2,1.73
P-000653,2025-02-01,2,187.8,19.0,1,6,82.4,31.6,2,1.52
P-000653,2025-03-01,3,186.0,7.6,3,3,86.9,27.3,2,1.72
P-000653,2025-04-01,4,218.8,25.8,10,7,54.7,72.8,3,4.13
P-000653,2025-05-01,5,208.1,30.3,10,8,49.8,71.2,3,3.62
P-000653,2025-06-01,6,214.1,21.6,7,10,46.1,65.6,3,3.21
P-000653,2025-07-01,7,208.9,35.0,6,12,48.2,71.1,3,4.18
P-000653,2025-08-01,8,222.8,34.0,8,13,50.7,79.1,3,4.17
P-000653,2025-09-01,9,193.8,5.5,1,5,87.8,26.4,2,1.5
P-000653,2025-10-01,10,191.4,7.6,4,4,87.0,32.1,2,1.96
P-000653,2025-11-01,11,190.9,9.8,1,5,86.1,28.1,2,1.75
P-000653,2025-12-01,12,182.8,7.9,1,4,86.8,22.4,2,1.24
P-000654,2025-01-01,1,184.8,7.2,2,4,89.1,24.5,2,1.4
P-000654,2025-02-01,2,181.6,10.8,2,6,87.7,27.5,2,1.81
P-000654,2025-03-01,3,232.3,38.5,5,8,43.5,76.4,3,3.8
P-000654,2025-04-01,4,231.1,40.0,11,10,43.0,87.4,3,3.55
P-000654,2025-05-01,5,228.0,36.3,4,8,44.1,74.6,3,4.76
P-000654,2025-06-01,6,227.0,33.6,10,8,44.9,80.8,3,3.9
P-000654,2025-07-01,7,233.2,46.1,6,9,41.2,82.4,4,3.72
P-000654,2025-08-01,8,227.8,31.0,4,8,45.7,70.0,3,3.98
P-000654,2025-09-01,9,231.4,40.6,9,11,42.8,86.1,4,3.96
P-000654,2025-10-01,10,186.7,5.4,1,5,89.8,25.0,2,2.1
P-000654,2025-11-01,11,182.1,10.6,4,4,87.8,29.3,2,1.72
P-000654,2025-12-01,12,188.9,10.2,1,5,87.9,28.8,2,2.37
P-000655,2025-01-01,1,175.5,6.0,4,3,91.0,23.5,2,1.6
P-000655,2025-02-01,2,178.5,6.4,1,5,87.7,20.8,2,1.21
P-000655,2025-03-01,3,177.2,7.8,0,5,92.2,17.8,2,1.0
P-000655,2025-04-01,4,182.6,0.9,1,6,95.1,20.8,3,1.86
P-000655,2025-05-01,5,172.6,0.8,3,4,97.0,17.3,3,1.22
P-000655,2025-06-01,6,178.7,12.0,1,4,86.0,23.6,2,1.55
P-000655,2025-07-01,7,174.1,3.4,3,5,93.9,20.3,2,1.27
P-000655,2025-08-01,8,178.9,8.7,2,4,92.0,23.6,2,1.84
P-000655,2025-09-01,9,181.7,3.8,2,3,99.9,19.8,2,1.61
P-000655,2025-10-01,10,178.5,3.3,1,5,89.1,20.4,2,1.72
P-000655,2025-11-01,11,180.1,2.3,2,4,95.5,18.6,2,1.0
P-000655,2025-12-01,12,177.0,5.0,0,3,87.7,17.6,2,1.63
P-000656,2025-01-01,1,175.9,6.3,1,5,90.3,19.6,2,1.34
P-000656,2025-02-01,2,173.1,5.9,1,3,94.3,17.1,2,1.64
P-000656,2025-03-01,3,168.9,6.0,3,5,86.2,22.2,2,1.76
P-000656,2025-04-01,4,179.7,9.6,2,4,87.4,23.7,2,1.28
P-000656,2025-05-01,5,180.4,6.0,0,4,89.4,19.2,3,1.46
P-000656,2025-06-01,6,176.9,6.6,2,3,92.7,19.6,2,1.19
P-000656,2025-07-01,7,178.8,12.8,3,6,91.1,28.9,2,2.02
P-000656,2025-08-01,8,178.1,6.3,2,4,88.4,22.2,2,1.5
P-000656,2025-09-01,9,173.5,4.5,1,4,91.2,17.4,2,1.44
P-000656,2025-10-01,10,177.6,6.4,1,5,91.5,21.8,2,2.05
P-000656,2025-11-01,11,171.8,4.4,0,4,90.2,15.2,2,1.38
P-000656,2025-12-01,12,172.0,1.5,1,6,96.7,16.8,2,1.77
P-000657,2025-01-01,1,173.0,5.7,2,4,90.6,18.4,2,1.0
P-000657,2025-02-01,2,170.9,0.8,2,3,94.1,16.7,2,1.96
P-000657,2025-03-01,3,173.3,5.3,2,6,89.3,23.0,2,2.2
P-000657,2025-04-01,4,169.6,7.1,4,5,89.8,23.0,2,1.41
P-000657,2025-05-01,5,170.3,12.7,1,4,96.5,18.0,2,1.15
P-000657,2025-06-01,6,172.9,2.8,1,3,90.6,16.1,2,1.5
P-000657,2025-07-01,7,172.2,1.7,0,5,93.2,14.4,2,1.42
P-000657,2025-08-01,8,172.8,9.5,2,4,93.1,21.2,2,1.69
P-000657,2025-09-01,9,173.2,8.4,2,4,88.1,21.6,2,1.59
P-000657,2025-10-01,10,169.8,4.2,4,5,95.1,21.4,2,1.61
P-000657,2025-11-01,11,169.3,10.8,2,5,86.6,22.2,2,1.61
P-000657,2025-12-01,12,170.6,6.8,1,6,88.2,19.3,2,1.47
P-000658,2025-01-01,1,183.0,12.0,2,3,91.4,25.0,2,1.49
P-000658,2025-02-01,2,175.6,3.6,1,5,95.0,19.1,2,1.96
P-000658,2025-03-01,3,175.5,0.0,1,5,99.2,15.4,2,1.42
P-000658,2025-04-01,4,178.0,2.7,3,5,95.3,21.4,2,1.39
P-000658,2025-05-01,5,174.7,5.9,2,5,86.6,21.7,2,1.49
P-000658,2025-06-01,6,177.3,4.9,3,4,91.0,22.6,2,1.56
P-000658,2025-07-01,7,176.8,6.7,2,4,86.9,21.7,2,1.33
P-000658,2025-08-01,8,172.1,4.6,4,6,89.8,25.2,2,2.08
P-000658,2025-09-01,9,178.7,8.6,0,3,88.0,19.3,2,1.47
P-000658,2025-10-01,10,173.5,4.8,0,6,95.7,16.0,2,1.32
P-000658,2025-11-01,11,182.4,9.6,4,4,91.9,28.4,2,1.78
P-000658,2025-12-01,12,176.8,6.6,2,6,91.2,23.1,2,1.71
P-000659,2025-01-01,1,180.6,8.8,3,3,86.5,25.8,2,1.67
P-000659,2025-02-01,2,186.7,15.7,1,4,83.7,29.6,2,2.02
P-000659,2025-03-01,3,178.2,10.6,2,3,85.7,24.0,2,1.59
P-000659,2025-04-01,4,210.2,36.5,4,8,43.1,66.1,4,3.74
P-000659,2025-05-01,5,226.8,24.5,4,10,51.6,66.3,4,3.63
P-000659,2025-06-01,6,216.9,35.5,5,8,49.9,69.2,3,4.08
P-000659,2025-07-01,7,219.9,26.9,4,11,49.4,66.2,3,3.72
P-000659,2025-08-01,8,201.1,42.3,4,10,40.0,66.3,3,3.38
P-000659,2025-09-01,9,179.8,7.9,1,4,86.8,22.0,2,1.5
P-000659,2025-10-01,10,182.7,11.9,2,4,85.2,26.8,2,1.56
P-000659,2025-11-01,11,188.5,8.7,4,5,86.5,31.8,2,1.77
P-000659,2025-12-01,12,183.0,6.8,2,7,87.3,26.0,2,1.37
P-000660,2025-01-01,1,172.0,13.5,3,3,84.6,25.4,2,1.79
P-000660,2025-02-01,2,175.7,11.8,1,4,85.3,24.5,2,2.28
P-000660,2025-03-01,3,171.6,5.5,3,3,87.8,21.3,2,1.76
P-000660,2025-04-01,4,210.0,28.7,5,10,44.2,65.6,3,3.77
P-000660,2025-05-01,5,204.5,36.7,7,6,40.0,68.6,4,3.84
P-000660,2025-06-01,6,216.8,22.6,8,7,51.6,66.6,4,3.58
P-000660,2025-07-01,7,212.2,34.0,8,8,43.9,74.6,4,4.71
P-000660,2025-08-01,8,208.1,36.1,10,10,44.6,77.8,3,4.36
P-000660,2025-09-01,9,171.3,7.8,3,6,86.9,25.2,2,2.09
P-000660,2025-10-01,10,168.1,8.3,4,5,86.7,25.5,2,2.2
P-000660,2025-11-01,11,183.3,5.2,1,6,87.9,24.2,2,1.87
P-000660,2025-12-01,12,170.3,9.0,1,5,86.4,20.1,2,1.57
P-000661,2025-01-01,1,180.7,4.5,0,5,93.9,19.4,2,1.82
P-000661,2025-02-01,2,183.2,9.7,4,5,93.1,28.1,2,1.39
P-000661,2025-03-01,3,181.0,3.4,3,5,88.4,25.2,2,1.88
P-000661,2025-04-01,4,184.8,6.5,4,3,89.4,26.2,3,1.18
P-000661,2025-05-01,5,182.6,7.9,0,4,87.9,22.1,2,1.88
P-000661,2025-06-01,6,181.5,4.1,1,6,89.7,21.6,2,1.41
P-000661,2025-07-01,7,177.5,1.0,2,5,91.3,18.6,2,1.01
P-000661,2025-08-01,8,181.6,8.1,2,4,91.4,24.7,2,1.96
P-000661,2025-09-01,9,179.1,7.5,2,4,87.4,22.8,2,1.36
P-000661,2025-10-01,10,172.9,9.4,3,4,87.3,23.1,2,1.34
P-000661,2025-11-01,11,189.6,5.8,3,5,96.8,27.2,2,1.68
P-000661,2025-12-01,12,180.2,9.2,4,7,92.7,30.0,2,2.04
P-000662,2025-01-01,1,177.8,4.8,1,4,90.1,19.6,2,1.59
P-000662,2025-02-01,2,173.3,4.4,1,3,90.2,15.8,2,1.0
P-000662,2025-03-01,3,166.4,7.8,3,4,88.9,20.5,2,1.58
P-000662,2025-04-01,4,173.0,2.4,4,5,91.0,22.8,2,1.74
P-000662,2025-05-01,5,175.7,4.6,2,4,90.1,20.5,2,1.58
P-000662,2025-06-01,6,208.8,23.8,6,7,62.9,57.1,4,2.87
P-000662,2025-07-01,7,215.0,24.8,6,5,62.6,59.3,4,3.26
P-000662,2025-08-01,8,173.9,3.0,1,5,90.8,18.1,2,1.6
P-000662,2025-09-01,9,171.3,10.6,3,4,87.8,24.0,2,1.79
P-000662,2025-10-01,10,168.5,2.5,0,5,91.0,13.5,2,1.28
P-000662,2025-11-01,11,177.8,8.3,1,4,88.7,21.9,2,1.8
P-000662,2025-12-01,12,168.6,1.6,2,4,91.3,15.3,2,1.11
P-000663,2025-01-01,1,180.3,3.8,1,6,88.5,22.4,2,1.84
P-000663,2025-02-01,2,182.7,4.4,4,4,88.2,25.8,2,1.28
P-000663,2025-03-01,3,178.4,6.2,2,5,87.5,22.7,2,1.4
P-000663,2025-04-01,4,218.1,32.7,4,7,48.8,62.9,3,2.71
P-000663,2025-05-01,5,217.6,34.2,4,10,45.5,68.8,4,3.83
P-000663,2025-06-01,6,218.3,36.6,4,6,45.8,66.6,4,3.56
P-000663,2025-07-01,7,216.7,24.3,5,7,50.7,62.1,4,3.45
P-000663,2025-08-01,8,216.4,36.4,7,8,48.1,72.0,4,3.66
P-000663,2025-09-01,9,181.5,15.2,2,5,83.9,30.3,2,2.22
P-000663,2025-10-01,10,177.7,10.6,2,5,85.8,25.4,2,1.7
P-000663,2025-11-01,11,184.5,10.3,1,6,85.9,26.9,2,1.78
P-000663,2025-12-01,12,186.6,12.9,4,5,84.8,33.8,2,2.02
P-000664,2025-01-01,1,184.1,2.3,2,4,91.6,22.5,2,1.7
P-000664,2025-02-01,2,171.4,7.9,2,4,96.9,19.6,2,1.78
P-000664,2025-03-01,3,172.9,10.2,4,4,89.8,24.4,2,1.25
P-000664,2025-04-01,4,172.9,6.8,4,5,88.7,24.9,2,1.67
P-000664,2025-05-01,5,179.4,9.4,2,5,88.1,24.9,2,1.6
P-000664,2025-06-01,6,173.5,2.5,2,5,92.4,18.8,2,1.46
P-000664,2025-07-01,7,175.1,8.8,0,4,94.6,17.6,2,1.49
P-000664,2025-08-01,8,173.8,3.1,2,4,92.1,19.2,2,1.75
P-000664,2025-09-01,9,174.1,4.1,1,4,96.8,17.1,2,1.73
P-000664,2025-10-01,10,176.3,9.6,0,5,92.2,20.3,2,1.8
P-000664,2025-11-01,11,166.4,6.6,0,3,90.9,15.0,2,2.03
P-000664,2025-12-01,12,174.2,3.9,1,5,93.4,17.9,2,1.52
P-000665,2025-01-01,1,179.4,3.6,2,7,95.0,22.4,2,1.58
P-000665,2025-02-01,2,178.2,11.7,3,4,92.6,25.4,2,1.55
P-000665,2025-03-01,3,177.1,5.9,3,5,94.1,22.4,2,1.31
P-000665,2025-04-01,4,171.1,3.2,3,4,90.3,19.0,2,1.24
P-000665,2025-05-01,5,177.9,2.0,1,5,97.9,18.0,3,1.72
P-000665,2025-06-01,6,178.2,6.2,0,3,94.1,16.7,2,1.34
P-000665,2025-07-01,7,171.3,6.1,3,4,84.9,23.7,2,2.17
P-000665,2025-08-01,8,179.8,8.1,0,4,88.8,20.2,2,1.54
P-000665,2025-09-01,9,186.0,8.2,1,4,92.3,23.2,2,1.48
P-000665,2025-10-01,10,182.8,5.0,2,5,90.6,24.0,2,1.69
P-000665,2025-11-01,11,177.9,0.5,3,4,93.0,20.6,2,1.54
P-000665,2025-12-01,12,174.6,7.3,4,4,89.6,24.6,2,1.57
P-000666,2025-01-01,1,174.4,7.7,3,4,89.9,23.1,2,1.6
P-000666,2025-02-01,2,178.2,7.9,4,3,88.8,25.6,2,1.55
P-000666,2025-03-01,3,178.7,4.8,2,5,96.0,20.8,2,1.44
P-000666,2025-04-01,4,177.9,5.0,2,6,95.3,22.0,3,1.68
P-000666,2025-05-01,5,180.2,5.4,3,5,95.0,24.4,2,1.8
P-000666,2025-06-01,6,176.9,1.4,4,6,98.0,22.6,2,1.53
P-000666,2025-07-01,7,179.3,7.8,1,5,91.1,20.9,2,1.18
P-000666,2025-08-01,8,176.2,10.0,1,6,88.8,21.7,2,1.13
P-000666,2025-09-01,9,176.6,8.2,1,5,91.5,19.6,2,1.0
P-000666,2025-10-01,10,182.5,7.2,1,5,93.6,21.7,2,1.37
P-000666,2025-11-01,11,176.2,4.1,2,4,93.4,19.6,2,1.49
P-000666,2025-12-01,12,186.5,10.4,4,4,89.4,30.5,2,1.71
P-000667,2025-01-01,1,180.2,5.9,1,5,88.6,21.7,2,1.5
P-000667,2025-02-01,2,177.2,3.7,0,5,94.6,18.1,2,1.97
P-000667,2025-03-01,3,178.2,4.4,2,5,91.4,20.2,2,1.0
P-000667,2025-04-01,4,174.7,0.0,4,5,102.0,19.3,3,1.32
P-000667,2025-05-01,5,184.9,7.2,0,4,89.4,21.5,2,1.58
P-000667,2025-06-01,6,179.5,10.6,4,6,87.2,28.9,2,1.33
P-000667,2025-07-01,7,176.0,5.5,3,5,91.1,22.3,2,1.26
P-000667,2025-08-01,8,185.6,5.1,3,6,92.2,27.8,2,1.99
P-000667,2025-09-01,9,177.8,8.4,1,5,91.2,22.9,2,2.11
P-000667,2025-10-01,10,176.2,8.8,1,4,88.3,21.7,2,1.84
P-000667,2025-11-01,11,178.1,6.9,0,6,91.3,20.1,2,1.59
P-000667,2025-12-01,12,175.9,1.7,2,5,100.2,18.1,2,1.59
P-000668,2025-01-01,1,178.7,8.2,2,4,91.6,23.7,2,1.94
P-000668,2025-02-01,2,165.7,3.2,2,4,93.3,15.7,2,1.56
P-000668,2025-03-01,3,180.3,5.4,2,4,89.5,22.5,2,1.58
P-000668,2025-04-01,4,174.3,4.8,3,6,84.6,24.3,2,1.66
P-000668,2025-05-01,5,175.9,0.7,2,6,95.7,19.1,3,1.53
P-000668,2025-06-01,6,171.7,12.3,1,3,90.7,19.1,2,1.27
P-000668,2025-07-01,7,175.1,6.3,1,4,89.3,19.7,2,1.67
P-000668,2025-08-01,8,174.3,9.4,1,5,93.9,19.9,2,1.41
P-000668,2025-09-01,9,177.0,6.5,1,3,94.4,17.7,2,1.22
P-000668,2025-10-01,10,175.0,0.0,1,5,97.6,15.8,2,1.54
P-000668,2025-11-01,11,178.8,8.8,4,6,92.1,27.1,2,1.4
P-000668,2025-12-01,12,176.4,6.4,0,4,93.2,17.5,2,1.56
P-000669,2025-01-01,1,167.3,1.2,3,4,93.7,16.5,2,1.34
P-000669,2025-02-01,2,168.2,6.1,1,5,92.5,16.3,2,1.29
P-000669,2025-03-01,3,168.5,1.3,3,5,95.1,17.2,2,1.28
P-000669,2025-04-01,4,171.6,7.9,1,4,89.5,19.3,3,1.76
P-000669,2025-05-01,5,168.5,2.4,2,3,88.9,16.5,2,1.55
P-000669,2025-06-01,6,174.1,6.4,1,5,95.1,19.7,2,1.97
P-000669,2025-07-01,7,172.0,5.3,1,3,90.2,16.5,2,1.34
P-000669,2025-08-01,8,168.6,4.2,1,4,95.8,15.6,2,1.81
P-000669,2025-09-01,9,160.7,9.4,0,5,87.7,14.9,2,1.55
P-000669,2025-10-01,10,162.9,1.6,0,4,88.4,12.5,2,1.88
P-000669,2025-11-01,11,166.8,4.4,3,4,90.0,18.4,2,1.39
P-000669,2025-12-01,12,166.8,11.2,4,6,90.7,24.2,2,1.38
P-000670,2025-01-01,1,180.9,1.5,1,4,93.0,19.6,2,1.9
P-000670,2025-02-01,2,186.2,5.2,1,4,84.4,24.3,2,1.8
P-000670,2025-03-01,3,176.9,6.8,2,4,89.9,21.2,2,1.3
P-000670,2025-04-01,4,184.2,9.8,3,4,85.5,29.7,2,2.2
P-000670,2025-05-01,5,193.3,6.6,4,3,90.9,28.8,2,1.12
P-000670,2025-06-01,6,177.3,7.2,2,4,86.0,24.0,2,2.01
P-000670,2025-07-01,7,189.6,6.4,1,4,89.3,23.7,2,1.22
P-000670,2025-08-01,8,183.0,9.7,0,4,85.6,21.3,2,1.01
P-000670,2025-09-01,9,181.3,4.0,0,4,95.8,18.2,2,1.76
P-000670,2025-10-01,10,184.4,7.1,1,3,91.9,21.5,2,1.43
P-000670,2025-11-01,11,183.5,2.3,0,4,96.9,17.8,2,1.65
P-000670,2025-12-01,12,176.7,4.0,1,4,91.8,18.7,2,1.62
P-000671,2025-01-01,1,178.8,7.2,1,4,90.1,21.2,2,1.67
P-000671,2025-02-01,2,178.1,2.0,0,6,97.7,16.3,2,1.37
P-000671,2025-03-01,3,180.3,9.2,4,4,88.8,27.6,2,1.61
P-000671,2025-04-01,4,176.8,3.9,3,4,97.6,20.2,2,1.35
P-000671,2025-05-01,5,177.6,10.0,2,5,90.8,23.3,2,1.34
P-000671,2025-06-01,6,185.2,6.4,3,5,90.6,26.5,2,1.49
P-000671,2025-07-01,7,177.1,1.6,0,4,98.8,14.9,2,1.66
P-000671,2025-08-01,8,185.8,6.7,3,5,86.1,28.6,2,1.81
P-000671,2025-09-01,9,179.6,12.9,3,6,92.3,26.4,2,1.0
P-000671,2025-10-01,10,181.5,5.9,2,3,95.6,19.9,2,1.0
P-000671,2025-11-01,11,172.6,10.9,2,4,92.4,22.1,2,1.77
P-000671,2025-12-01,12,179.8,10.9,2,4,86.4,25.5,2,1.68
P-000672,2025-01-01,1,171.9,7.9,0,3,94.8,14.7,1,1.19
P-000672,2025-02-01,2,219.5,34.1,10,9,47.8,79.2,4,4.19
P-000672,2025-03-01,3,221.7,33.0,10,8,48.1,75.6,4,2.9
P-000672,2025-04-01,4,217.1,27.4,6,11,49.8,68.5,4,3.65
P-000672,2025-05-01,5,213.7,32.4,8,9,48.3,72.6,4,3.98
P-000672,2025-06-01,6,120.1,0.0,0,3,120.0,5.0,1,1.0
P-000672,2025-07-01,7,172.9,7.5,2,5,95.0,20.0,1,1.4
P-000672,2025-08-01,8,165.5,4.5,0,5,96.2,12.2,1,1.25
P-000672,2025-09-01,9,177.8,5.7,2,4,95.7,19.5,1,1.14
P-000672,2025-10-01,10,182.2,4.8,1,6,96.1,21.4,1,1.6
P-000672,2025-11-01,11,171.0,5.5,2,4,95.8,17.5,1,1.34
P-000672,2025-12-01,12,174.1,4.7,0,4,96.1,14.0,1,1.0
P-000673,2025-01-01,1,167.6,7.3,4,5,88.5,23.6,2,1.81
P-000673,2025-02-01,2,168.4,8.2,1,4,90.4,17.7,2,1.61
P-000673,2025-03-01,3,173.1,9.3,1,5,92.2,20.2,2,1.63
P-000673,2025-04-01,4,172.2,6.0,0,4,88.3,16.5,2,1.43
P-000673,2025-05-01,5,171.9,4.7,3,5,90.2,23.1,2,2.21
P-000673,2025-06-01,6,167.8,0.0,2,6,94.0,16.6,2,1.65
P-000673,2025-07-01,7,173.6,5.4,4,5,94.8,24.0,2,1.9
P-000673,2025-08-01,8,178.5,9.6,0,4,91.5,19.5,2,1.42
P-000673,2025-09-01,9,178.7,4.3,3,3,92.8,21.2,2,1.32
P-000673,2025-10-01,10,169.2,7.7,2,3,96.1,17.6,2,1.53
P-000673,2025-11-01,11,177.3,7.9,0,4,88.4,18.5,2,1.24
P-000673,2025-12-01,12,167.6,5.6,2,5,93.3,17.9,2,1.48
P-000674,2025-01-01,1,185.9,11.3,3,5,85.5,30.8,2,1.91
P-000674,2025-02-01,2,182.7,6.6,2,5,87.4,25.2,2,1.69
P-000674,2025-03-01,3,181.0,12.9,2,3,84.9,26.8,2,1.86
P-000674,2025-04-01,4,220.0,18.0,9,11,59.6,69.7,3,4.0
P-000674,2025-05-01,5,231.6,22.3,4,10,55.8,67.7,4,4.18
P-000674,2025-06-01,6,220.5,38.6,4,7,40.0,70.1,4,3.6
P-000674,2025-07-01,7,228.7,20.9,7,9,53.2,70.6,3,4.05
P-000674,2025-08-01,8,224.8,38.6,4,9,40.6,71.5,3,3.08
P-000674,2025-09-01,9,185.2,8.7,3,3,86.5,27.1,2,1.55
P-000674,2025-10-01,10,192.6,13.6,4,7,84.5,36.3,2,1.47
P-000674,2025-11-01,11,184.3,9.3,1,5,86.3,25.8,2,1.83
P-000674,2025-12-01,12,190.5,10.0,2,4,86.0,30.3,2,2.22
P-000675,2025-01-01,1,183.5,5.6,4,5,85.7,28.1,2,1.46
P-000675,2025-02-01,2,183.7,7.5,1,3,94.4,21.1,2,1.5
P-000675,2025-03-01,3,181.1,1.0,0,4,93.5,17.0,2,1.63
P-000675,2025-04-01,4,185.7,9.3,0,5,92.3,22.5,2,1.43
P-000675,2025-05-01,5,186.9,9.0,3,4,97.1,26.3,2,1.47
P-000675,2025-06-01,6,188.8,10.7,2,5,90.2,28.3,2,1.59
P-000675,2025-07-01,7,175.4,2.3,3,3,89.8,21.1,2,1.82
P-000675,2025-08-01,8,186.1,5.1,0,4,94.5,19.6,2,1.37
P-000675,2025-09-01,9,187.5,11.7,2,5,87.1,28.3,2,1.4
P-000675,2025-10-01,10,189.4,9.3,2,4,94.8,25.2,2,1.12
P-000675,2025-11-01,11,188.7,2.6,1,5,88.0,23.1,2,1.37
P-000675,2025-12-01,12,183.8,10.1,4,5,88.9,28.9,2,1.22
P-000676,2025-01-01,1,180.3,7.6,2,4,89.0,23.0,2,1.36
P-000676,2025-02-01,2,171.4,4.0,2,4,90.4,19.1,2,1.76
P-000676,2025-03-01,3,170.7,13.4,3,5,86.7,24.6,2,1.28
P-000676,2025-04-01,4,172.9,4.1,3,4,90.4,20.0,2,1.24
P-000676,2025-05-01,5,171.2,5.0,4,5,90.0,23.3,2,1.68
P-000676,2025-06-01,6,209.1,29.6,3,7,61.1,54.5,4,2.72
P-000676,2025-07-01,7,208.3,30.1,3,8,61.0,57.0,4,3.45
P-000676,2025-08-01,8,174.3,6.9,2,6,89.3,22.3,2,1.51
P-000676,2025-09-01,9,166.4,7.3,4,4,89.1,21.6,2,1.47
P-000676,2025-10-01,10,166.9,6.3,1,4,89.5,17.0,2,1.76
P-000676,2025-11-01,11,171.8,6.7,2,3,89.3,19.6,2,1.62
P-000676,2025-12-01,12,171.6,6.6,1,4,89.4,17.6,2,1.29
P-000677,2025-01-01,1,177.1,8.4,0,4,89.3,19.3,2,1.57
P-000677,2025-02-01,2,172.4,7.7,3,5,93.8,21.9,2,1.46
P-000677,2025-03-01,3,167.1,5.0,2,5,91.8,17.5,2,1.39
P-000677,2025-04-01,4,179.5,2.5,4,4,97.4,21.6,2,1.06
P-000677,2025-05-01,5,172.5,3.6,0,3,95.1,12.6,2,1.02
P-000677,2025-06-01,6,177.2,9.8,2,4,94.3,22.9,2,1.78
P-000677,2025-07-01,7,184.2,3.4,4,3,93.8,24.4,2,1.38
P-000677,2025-08-01,8,168.3,3.0,1,5,89.3,16.2,2,1.53
P-000677,2025-09-01,9,176.3,7.8,1,5,91.3,20.3,2,1.4
P-000677,2025-10-01,10,168.9,0.7,2,4,100.3,14.5,2,1.55
P-000677,2025-11-01,11,178.8,6.4,2,3,89.6,22.4,2,1.86
P-000677,2025-12-01,12,175.0,6.5,2,5,95.1,20.8,2,1.61
P-000678,2025-01-01,1,182.2,4.1,3,6,90.3,26.3,2,1.92
P-000678,2025-02-01,2,178.9,4.8,2,6,89.3,22.4,2,1.27
P-000678,2025-03-01,3,180.0,6.0,3,6,89.2,25.7,2,1.58
P-000678,2025-04-01,4,177.1,7.2,4,5,91.8,25.1,3,1.33
P-000678,2025-05-01,5,184.7,1.6,3,5,93.4,23.0,2,1.16
P-000678,2025-06-01,6,174.2,5.1,2,3,92.5,18.0,2,1.15
P-000678,2025-07-01,7,174.9,6.7,4,4,93.9,24.0,2,1.72
P-000678,2025-08-01,8,180.0,4.1,4,5,88.6,26.1,2,1.61
P-000678,2025-09-01,9,181.9,4.5,4,4,95.2,25.5,2,1.8
P-000678,2025-10-01,10,176.5,7.1,1,6,95.2,20.5,2,1.57
P-000678,2025-11-01,11,178.2,8.6,2,7,86.6,24.4,2,1.06
P-000678,2025-12-01,12,181.1,2.4,3,4,92.9,22.1,2,1.4
P-000679,2025-01-01,1,173.7,5.1,3,4,90.0,22.4,2,1.88
P-000679,2025-02-01,2,176.9,5.4,0,5,89.8,17.2,2,1.0
P-000679,2025-03-01,3,182.1,13.3,1,4,86.7,25.7,2,1.73
P-000679,2025-04-01,4,175.6,4.3,2,4,90.3,19.6,2,1.29
P-000679,2025-05-01,5,171.8,11.9,3,4,87.2,24.7,2,1.73
P-000679,2025-06-01,6,213.8,26.6,3,8,62.0,56.3,4,3.08
P-000679,2025-07-01,7,215.6,20.6,6,8,63.8,59.0,4,3.05
P-000679,2025-08-01,8,176.6,14.4,2,4,86.2,24.7,2,1.24
P-000679,2025-09-01,9,172.8,10.2,1,3,87.9,19.6,2,1.48
P-000679,2025-10-01,10,173.5,4.4,2,5,90.2,19.5,2,1.29
P-000679,2025-11-01,11,179.9,6.4,2,5,89.5,23.9,2,1.78
P-000679,2025-12-01,12,166.7,5.2,3,4,89.9,19.1,2,1.49
P-000680,2025-01-01,1,194.4,16.0,3,6,75.6,40.9,3,2.94
P-000680,2025-02-01,2,201.7,11.1,2,6,77.6,38.0,3,2.43
P-000680,2025-03-01,3,190.8,22.1,2,4,73.2,39.0,3,2.7
P-000680,2025-04-01,4,235.8,39.5,5,7,44.1,79.8,5,4.85
P-000680,2025-05-01,5,251.7,45.6,5,10,46.7,88.2,5,4.34
P-000680,2025-06-01,6,246.7,42.4,8,11,38.2,93.7,5,4.87
P-000680,2025-07-01,7,248.8,47.2,11,13,40.3,98.0,5,4.87
P-000680,2025-08-01,8,247.9,47.6,11,13,42.3,98.0,5,4.54
P-000680,2025-09-01,9,263.0,48.5,10,11,36.0,98.0,5,4.73
P-000680,2025-10-01,10,270.0,49.7,8,11,34.5,98.0,5,4.51
P-000680,2025-11-01,11,266.2,64.7,8,13,36.2,98.0,5,4.91
P-000680,2025-12-01,12,262.9,57.1,9,15,38.0,98.0,5,4.2
P-000681,2025-01-01,1,192.2,15.7,2,6,75.7,36.5,3,2.21
P-000681,2025-02-01,2,189.5,21.1,3,6,73.6,40.4,3,2.43
P-000681,2025-03-01,3,203.3,12.8,1,5,76.9,37.2,3,2.46
P-000681,2025-04-01,4,243.1,47.7,12,9,49.7,98.0,5,5.0
P-000681,2025-05-01,5,242.8,51.5,13,12,43.9,98.0,5,4.86
P-000681,2025-06-01,6,253.9,53.1,13,7,42.4,98.0,5,4.96
P-000681,2025-07-01,7,251.2,42.5,9,12,40.4,96.3,5,4.5
P-000681,2025-08-01,8,261.8,53.3,8,13,36.0,98.0,5,4.58
P-000681,2025-09-01,9,269.9,53.0,14,14,38.5,98.0,5,4.86
P-000681,2025-10-01,10,266.6,45.2,10,13,37.2,98.0,5,4.24
P-000681,2025-11-01,11,271.7,56.1,9,11,36.4,98.0,5,4.81
P-000681,2025-12-01,12,268.1,61.2,6,12,31.0,98.0,5,4.29
P-000682,2025-01-01,1,173.0,9.7,1,6,85.5,22.3,2,1.61
P-000682,2025-02-01,2,169.2,8.3,1,4,87.2,18.0,2,1.35
P-000682,2025-03-01,3,172.8,9.1,2,3,90.5,21.3,2,1.89
P-000682,2025-04-01,4,167.7,10.1,2,4,89.8,21.0,2,1.97
P-000682,2025-05-01,5,171.9,6.9,2,6,88.3,21.9,2,1.64
P-000682,2025-06-01,6,174.1,2.6,0,4,90.5,15.7,2,1.59
P-000682,2025-07-01,7,179.3,2.5,2,5,95.3,21.5,2,1.94
P-000682,2025-08-01,8,173.6,3.2,3,5,102.2,19.9,2,1.84
P-000682,2025-09-01,9,173.9,1.7,2,5,93.4,19.1,2,1.78
P-000682,2025-10-01,10,175.7,4.2,2,4,93.8,19.7,2,1.63
P-000682,2025-11-01,11,177.7,7.0,4,4,92.8,26.1,2,2.03
P-000682,2025-12-01,12,173.5,12.3,1,3,90.0,21.0,2,1.73
P-000683,2025-01-01,1,179.9,7.7,4,5,88.6,27.9,2,1.74
P-000683,2025-02-01,2,177.4,5.4,1,5,88.7,20.5,2,1.49
P-000683,2025-03-01,3,179.5,4.9,1,3,94.6,17.3,2,1.02
P-000683,2025-04-01,4,177.7,4.7,0,5,97.2,17.7,2,1.76
P-000683,2025-05-01,5,180.8,0.0,4,4,95.2,24.4,2,2.26
P-000683,2025-06-01,6,178.4,6.3,1,4,95.6,19.1,2,1.47
P-000683,2025-07-01,7,176.6,4.4,0,3,90.7,16.1,2,1.38
P-000683,2025-08-01,8,177.6,5.5,1,4,90.7,20.5,2,1.86
P-000683,2025-09-01,9,177.3,5.0,1,5,95.7,19.2,2,1.59
P-000683,2025-10-01,10,177.3,6.1,2,5,93.0,22.0,2,1.67
P-000683,2025-11-01,11,174.5,11.0,3,4,94.7,24.0,2,1.76
P-000683,2025-12-01,12,184.5,9.2,4,5,88.7,29.5,2,1.46
P-000684,2025-01-01,1,183.8,9.2,1,5,88.3,25.1,2,1.8
P-000684,2025-02-01,2,179.6,8.4,0,6,88.6,22.9,2,2.05
P-000684,2025-03-01,3,224.4,35.9,7,12,44.2,78.4,4,3.81
P-000684,2025-04-01,4,225.9,37.4,4,9,43.8,72.8,3,3.86
P-000684,2025-05-01,5,217.1,38.1,9,10,43.6,80.2,4,4.35
P-000684,2025-06-01,6,232.1,43.0,7,13,42.1,86.2,3,4.24
P-000684,2025-07-01,7,229.8,36.3,9,10,44.1,83.0,3,4.0
P-000684,2025-08-01,8,225.8,35.6,4,7,44.3,70.7,4,3.92
P-000684,2025-09-01,9,226.3,38.0,11,9,43.6,85.0,4,3.93
P-000684,2025-10-01,10,179.8,9.3,2,3,88.3,22.4,2,1.14
P-000684,2025-11-01,11,180.9,7.2,0,5,89.1,20.4,2,1.38
P-000684,2025-12-01,12,181.9,6.2,0,5,89.5,20.8,2,1.6
P-000685,2025-01-01,1,169.7,3.1,0,3,96.7,11.5,1,1.18
P-000685,2025-02-01,2,230.8,37.0,5,9,46.9,74.2,4,3.38
P-000685,2025-03-01,3,226.0,41.0,10,7,45.7,82.5,4,3.82
P-000685,2025-04-01,4,222.3,40.5,4,10,45.9,72.6,4,3.67
P-000685,2025-05-01,5,236.4,41.7,6,7,45.5,77.2,4,2.78
P-000685,2025-06-01,6,126.1,0.0,0,3,120.0,5.0,1,1.0
P-000685,2025-07-01,7,181.4,4.8,0,5,96.1,17.6,1,1.13
P-000685,2025-08-01,8,176.7,6.4,1,4,95.4,17.9,1,1.19
P-000685,2025-09-01,9,177.0,4.3,3,3,96.3,20.7,1,1.59
P-000685,2025-10-01,10,174.1,5.5,0,4,95.8,15.0,1,1.24
P-000685,2025-11-01,11,178.5,3.7,2,6,96.5,19.9,1,1.04
P-000685,2025-12-01,12,180.3,6.8,2,3,95.3,20.6,1,1.27
P-000686,2025-01-01,1,184.8,9.6,1,5,86.1,25.1,2,1.41
P-000686,2025-02-01,2,188.4,12.3,2,5,85.1,30.7,2,1.95
P-000686,2025-03-01,3,183.5,6.7,1,5,87.3,23.5,2,1.54
P-000686,2025-04-01,4,213.3,31.8,5,9,45.7,66.3,4,3.46
P-000686,2025-05-01,5,206.7,33.4,5,11,47.5,65.9,3,3.58
P-000686,2025-06-01,6,223.1,30.7,4,9,51.1,66.1,4,3.24
P-000686,2025-07-01,7,218.6,35.5,4,9,43.4,70.0,3,4.05
P-000686,2025-08-01,8,217.7,24.0,8,12,46.0,73.4,4,4.2
P-000686,2025-09-01,9,179.7,9.6,1,4,86.2,23.8,2,1.91
P-000686,2025-10-01,10,180.6,4.2,3,4,88.3,23.3,2,1.29
P-000686,2025-11-01,11,183.3,13.4,3,5,84.6,30.5,2,1.74
P-000686,2025-12-01,12,175.6,9.9,1,5,86.0,22.0,2,1.42
P-000687,2025-01-01,1,171.4,13.4,1,7,84.6,23.9,2,1.52
P-000687,2025-02-01,2,170.4,14.7,4,5,84.1,27.8,2,1.51
P-000687,2025-03-01,3,169.3,9.6,1,6,86.1,21.1,2,1.73
P-000687,2025-04-01,4,199.3,33.7,5,9,46.4,63.4,4,3.99
P-000687,2025-05-01,5,199.3,41.7,8,11,40.0,75.3,3,4.41
P-000687,2025-06-01,6,195.9,29.6,4,10,52.4,58.3,3,3.96
P-000687,2025-07-01,7,203.8,30.3,5,11,44.4,64.7,4,3.76
P-000687,2025-08-01,8,205.1,30.7,4,10,45.3,62.8,3,3.74
P-000687,2025-09-01,9,164.3,12.4,1,5,85.0,19.5,2,1.51
P-000687,2025-10-01,10,167.0,9.0,1,5,86.4,18.9,2,1.58
P-000687,2025-11-01,11,173.0,8.9,4,5,86.5,25.8,2,1.51
P-000687,2025-12-01,12,174.1,10.5,2,3,85.8,23.4,2,1.95
P-000688,2025-01-01,1,179.7,8.8,3,5,94.1,23.8,2,1.05
P-000688,2025-02-01,2,184.8,8.6,3,3,87.2,26.0,2,1.24
P-000688,2025-03-01,3,182.0,5.1,4,5,87.8,26.9,2,1.41
P-000688,2025-04-01,4,177.3,4.9,0,4,93.3,16.6,2,1.33
P-000688,2025-05-01,5,177.5,3.4,4,4,94.4,23.3,2,1.63
P-000688,2025-06-01,6,177.0,7.1,1,4,88.3,20.7,2,1.64
P-000688,2025-07-01,7,177.3,9.8,2,4,95.5,21.5,2,1.32
P-000688,2025-08-01,8,179.1,6.9,0,5,89.1,19.5,2,1.31
P-000688,2025-09-01,9,185.3,4.0,1,3,92.5,21.5,2,1.85
P-000688,2025-10-01,10,184.5,10.5,2,5,89.2,26.2,2,1.31
P-000688,2025-11-01,11,183.3,3.3,3,5,94.1,23.7,2,1.4
P-000688,2025-12-01,12,172.5,9.4,2,7,88.8,23.8,2,1.66
P-000689,2025-01-01,1,173.8,6.2,2,5,89.5,20.4,2,1.24
P-000689,2025-02-01,2,176.4,6.7,1,4,89.3,20.3,2,1.67
P-000689,2025-03-01,3,230.6,42.9,6,11,42.1,81.7,4,3.87
P-000689,2025-04-01,4,225.4,24.5,8,9,47.7,74.6,4,4.46
P-000689,2025-05-01,5,222.2,33.2,5,10,45.0,72.6,3,4.18
P-000689,2025-06-01,6,213.9,42.6,4,11,42.2,72.6,3,3.95
P-000689,2025-07-01,7,223.7,41.5,9,9,42.6,83.7,3,4.42
P-000689,2025-08-01,8,222.5,45.9,4,10,41.2,76.7,3,4.03
P-000689,2025-09-01,9,215.3,40.4,10,9,42.9,79.9,3,3.63
P-000689,2025-10-01,10,172.2,11.3,0,7,87.5,21.4,2,1.67
P-000689,2025-11-01,11,174.2,5.1,0,5,90.0,18.3,2,1.91
P-000689,2025-12-01,12,181.3,5.8,2,6,89.7,24.5,2,1.64
P-000690,2025-01-01,1,178.2,5.8,3,4,96.0,21.3,2,1.15
P-000690,2025-02-01,2,177.1,7.5,2,6,92.0,22.5,2,1.32
P-000690,2025-03-01,3,185.7,8.8,3,4,88.6,26.2,2,1.0
P-000690,2025-04-01,4,175.5,1.5,4,4,94.5,21.3,2,1.47
P-000690,2025-05-01,5,183.8,5.4,3,5,95.9,24.6,2,1.46
P-000690,2025-06-01,6,181.3,5.3,2,3,91.0,21.6,2,1.47
P-000690,2025-07-01,7,175.9,4.7,0,5,91.3,18.9,2,2.06
P-000690,2025-08-01,8,174.2,5.9,0,5,89.0,17.4,2,1.32
P-000690,2025-09-01,9,180.5,7.9,2,6,96.4,23.8,2,1.65
P-000690,2025-10-01,10,178.6,6.3,1,5,86.7,21.3,2,1.37
P-000690,2025-11-01,11,179.1,3.2,2,6,90.7,22.5,2,1.67
P-000690,2025-12-01,12,176.6,18.0,3,6,84.6,30.4,2,1.58
P-000691,2025-01-01,1,177.9,4.2,2,3,86.3,20.9,2,1.49
P-000691,2025-02-01,2,169.0,0.0,1,5,96.2,12.6,2,1.0
P-000691,2025-03-01,3,168.7,3.3,2,4,94.6,16.6,2,1.54
P-000691,2025-04-01,4,169.4,12.9,0,5,93.3,17.4,2,1.16
P-000691,2025-05-01,5,172.7,5.6,4,3,85.1,24.8,2,2.12
P-000691,2025-06-01,6,168.4,6.3,4,4,93.0,20.6,2,1.27
P-000691,2025-07-01,7,178.4,9.3,2,3,97.6,21.6,2,1.7
P-000691,2025-08-01,8,173.6,4.2,1,4,90.9,18.0,2,1.67
P-000691,2025-09-01,9,175.8,7.5,3,3,91.3,21.9,2,1.34
P-000691,2025-10-01,10,174.2,5.7,4,4,93.7,22.6,2,1.39
P-000691,2025-11-01,11,176.5,4.0,2,5,86.7,22.6,2,1.88
P-000691,2025-12-01,12,166.1,5.2,0,6,91.4,14.8,2,1.44
P-000692,2025-01-01,1,178.8,9.5,0,5,90.1,22.0,2,2.01
P-000692,2025-02-01,2,177.3,5.8,2,5,90.6,21.9,2,1.49
P-000692,2025-03-01,3,176.4,0.0,2,6,91.6,20.3,2,1.78
P-000692,2025-04-01,4,183.7,3.8,0,4,95.1,17.6,2,1.16
P-000692,2025-05-01,5,186.7,7.0,3,4,88.2,27.9,2,1.81
P-000692,2025-06-01,6,179.6,11.4,1,4,86.7,24.3,2,1.84
P-000692,2025-07-01,7,175.9,10.4,3,5,87.5,25.5,2,1.46
P-000692,2025-08-01,8,176.8,6.1,1,3,93.3,18.7,2,1.65
P-000692,2025-09-01,9,180.6,9.7,0,4,90.2,20.0,2,1.21
P-000692,2025-10-01,10,180.0,4.1,2,5,94.4,20.8,2,1.25
P-000692,2025-11-01,11,177.9,6.9,1,5,83.5,22.3,2,1.54
P-000692,2025-12-01,12,184.1,7.4,0,3,86.4,20.9,2,1.43
P-000693,2025-01-01,1,190.3,14.4,1,4,84.2,30.1,2,1.99
P-000693,2025-02-01,2,184.4,8.3,1,4,86.7,24.0,2,1.57
P-000693,2025-03-01,3,184.9,11.7,2,4,85.3,28.3,2,1.89
P-000693,2025-04-01,4,214.7,34.7,4,10,44.1,70.4,4,4.7
P-000693,2025-05-01,5,213.0,25.3,4,9,55.5,61.8,3,4.17
P-000693,2025-06-01,6,215.0,25.4,4,10,52.7,63.0,3,3.87
P-000693,2025-07-01,7,213.4,23.4,6,6,46.9,64.8,4,4.45
P-000693,2025-08-01,8,221.3,33.5,6,8,47.7,71.8,3,4.02
P-000693,2025-09-01,9,187.1,6.0,4,6,87.6,30.0,2,1.52
P-000693,2025-10-01,10,182.4,10.1,2,4,86.0,25.7,2,1.51
P-000693,2025-11-01,11,182.1,9.2,2,4,86.3,25.9,2,1.8
P-000693,2025-12-01,12,185.5,6.9,1,4,87.3,24.6,2,1.94
P-000694,2025-01-01,1,176.3,7.6,4,5,88.9,27.1,2,1.95
P-000694,2025-02-01,2,176.7,8.2,1,3,86.8,21.4,2,1.91
P-000694,2025-03-01,3,174.0,8.0,3,5,96.3,22.1,2,1.44
P-000694,2025-04-01,4,179.3,0.2,1,5,99.4,16.5,2,1.33
P-000694,2025-05-01,5,172.4,7.3,4,5,89.9,23.0,2,1.0
P-000694,2025-06-01,6,172.2,8.5,1,4,92.9,19.9,2,2.05
P-000694,2025-07-01,7,176.4,7.8,2,3,87.8,20.3,2,1.0
P-000694,2025-08-01,8,171.8,2.7,4,5,93.0,22.4,2,1.84
P-000694,2025-09-01,9,178.7,4.2,3,4,93.9,22.6,2,1.69
P-000694,2025-10-01,10,179.0,10.4,2,4,87.8,24.4,2,1.55
P-000694,2025-11-01,11,179.8,6.8,2,4,91.2,23.3,2,1.86
P-000694,2025-12-01,12,172.4,4.7,4,6,91.5,24.5,2,1.88
P-000695,2025-01-01,1,183.5,6.2,3,5,95.6,24.0,2,1.12
P-000695,2025-02-01,2,187.2,10.5,0,5,84.7,25.0,2,1.47
P-000695,2025-03-01,3,189.1,3.2,2,5,96.6,22.9,2,1.14
P-000695,2025-04-01,4,186.4,3.8,0,4,96.1,19.2,2,1.5
P-000695,2025-05-01,5,194.8,8.5,3,4,84.1,30.2,2,1.04
P-000695,2025-06-01,6,186.4,5.7,0,5,86.7,22.2,2,1.4
P-000695,2025-07-01,7,187.9,5.7,2,4,90.8,24.9,2,1.51
P-000695,2025-08-01,8,189.3,7.5,0,6,89.9,23.8,2,1.3
P-000695,2025-09-01,9,184.4,1.0,2,4,89.3,21.8,2,1.46
P-000695,2025-10-01,10,184.0,3.1,2,3,92.3,21.2,2,1.37
P-000695,2025-11-01,11,182.4,0.0,4,4,93.4,24.2,2,1.8
P-000695,2025-12-01,12,191.3,12.9,1,5,90.2,27.9,2,1.37
P-000696,2025-01-01,1,183.1,7.6,1,3,87.0,23.1,2,1.79
P-000696,2025-02-01,2,181.1,14.4,2,4,84.3,28.0,2,1.78
P-000696,2025-03-01,3,184.8,8.1,3,5,86.8,28.1,2,1.59
P-000696,2025-04-01,4,226.8,49.1,6,8,40.0,80.1,3,3.38
P-000696,2025-05-01,5,221.1,32.7,6,9,46.7,73.2,3,4.38
P-000696,2025-06-01,6,217.6,30.1,6,9,46.5,70.0,3,4.01
P-000696,2025-07-01,7,218.6,28.4,5,8,52.4,64.4,4,3.31
P-000696,2025-08-01,8,223.0,32.5,7,11,40.0,77.2,3,4.03
P-000696,2025-09-01,9,176.0,9.5,3,6,86.2,27.3,2,1.96
P-000696,2025-10-01,10,179.1,10.5,3,6,85.8,28.7,2,1.89
P-000696,2025-11-01,11,182.5,9.3,1,4,86.3,25.0,2,2.03
P-000696,2025-12-01,12,180.0,5.8,1,5,87.7,22.8,2,1.94
P-000697,2025-01-01,1,182.8,2.8,2,6,94.2,22.9,2,1.63
P-000697,2025-02-01,2,179.3,1.7,3,4,91.4,22.8,2,1.94
P-000697,2025-03-01,3,179.3,7.5,0,5,91.5,19.4,2,1.32
P-000697,2025-04-01,4,179.7,7.1,1,6,86.1,23.1,2,1.48
P-000697,2025-05-01,5,166.8,5.3,1,5,87.5,16.5,2,1.31
P-000697,2025-06-01,6,176.1,2.1,1,3,88.9,16.8,2,1.34
P-000697,2025-07-01,7,171.4,1.5,1,4,96.1,15.0,2,1.62
P-000697,2025-08-01,8,176.4,7.9,4,4,88.1,26.9,2,2.03
P-000697,2025-09-01,9,179.2,6.4,1,5,92.8,21.0,2,1.62
P-000697,2025-10-01,10,182.2,4.1,1,4,92.0,20.4,2,1.55
P-000697,2025-11-01,11,174.6,9.9,1,3,92.1,18.4,2,1.13
P-000697,2025-12-01,12,181.2,4.1,2,5,92.1,21.1,2,1.01
P-000698,2025-01-01,1,178.1,14.6,2,3,84.2,25.3,2,1.33
P-000698,2025-02-01,2,179.4,10.5,4,4,85.8,27.9,2,1.39
P-000698,2025-03-01,3,181.3,4.9,2,6,88.0,24.4,2,1.63
P-000698,2025-04-01,4,209.6,35.6,6,11,50.3,70.2,4,4.03
P-000698,2025-05-01,5,204.2,33.2,7,9,47.1,66.5,4,3.35
P-000698,2025-06-01,6,205.1,30.1,5,7,46.1,61.1,4,3.34
P-000698,2025-07-01,7,212.1,26.5,10,10,57.8,71.2,3,3.78
P-000698,2025-08-01,8,218.1,34.9,7,9,50.6,73.8,4,4.32
P-000698,2025-09-01,9,171.9,7.7,1,5,86.9,18.6,2,1.0
P-000698,2025-10-01,10,175.2,12.2,4,5,85.1,29.0,2,1.82
P-000698,2025-11-01,11,183.4,9.8,2,6,86.1,28.2,2,1.91
P-000698,2025-12-01,12,165.9,11.4,1,5,85.4,20.9,2,2.04
P-000699,2025-01-01,1,178.2,7.0,3,6,93.3,24.9,2,1.66
P-000699,2025-02-01,2,178.7,10.6,0,3,89.3,21.5,2,2.12
P-000699,2025-03-01,3,182.6,3.7,4,5,93.2,25.3,2,1.34
P-000699,2025-04-01,4,178.8,5.7,1,7,88.0,22.4,3,1.43
P-000699,2025-05-01,5,176.8,3.1,2,5,90.1,19.6,2,1.04
P-000699,2025-06-01,6,175.1,5.3,4,5,90.8,24.0,2,1.43
P-000699,2025-07-01,7,176.2,3.9,2,4,92.4,20.7,2,1.89
P-000699,2025-08-01,8,173.0,2.5,0,4,94.5,15.1,2,1.81
P-000699,2025-09-01,9,179.2,5.8,4,6,89.5,26.7,2,1.48
P-000699,2025-10-01,10,181.7,6.9,3,4,92.8,24.1,2,1.35
P-000699,2025-11-01,11,179.5,7.4,1,6,90.0,22.5,2,1.52
P-000699,2025-12-01,12,175.4,1.4,4,4,95.5,20.6,2,1.29
P-000700,2025-01-01,1,174.7,4.2,2,4,90.7,19.6,2,1.49
P-000700,2025-02-01,2,175.3,7.4,3,5,89.9,24.4,2,1.78
P-000700,2025-03-01,3,172.2,8.7,4,4,92.7,23.6,2,1.5
P-000700,2025-04-01,4,170.6,8.5,1,4,94.0,19.1,2,2.05
P-000700,2025-05-01,5,178.7,2.5,3,5,95.1,22.9,2,1.91
P-000700,2025-06-01,6,171.2,11.3,1,6,90.1,21.0,2,1.42
P-000700,2025-07-01,7,170.9,10.2,2,5,89.6,22.5,2,1.83
P-000700,2025-08-01,8,169.1,6.6,1,6,90.4,19.2,2,1.8
P-000700,2025-09-01,9,176.8,6.3,1,4,92.0,19.8,2,1.67
P-000700,2025-10-01,10,180.1,0.0,1,3,95.2,16.6,2,1.49
P-000700,2025-11-01,11,175.1,7.0,3,5,89.2,23.6,2,1.52
P-000700,2025-12-01,12,173.9,10.1,3,6,88.8,25.3,2,1.54
P-000701,2025-01-01,1,180.7,13.0,4,6,84.8,30.7,2,1.3
P-000701,2025-02-01,2,176.6,7.9,1,4,86.9,21.4,2,1.68
P-000701,2025-03-01,3,179.1,10.2,1,5,85.9,24.5,2,1.87
P-000701,2025-04-01,4,205.8,19.5,10,9,49.6,67.4,3,3.94
P-000701,2025-05-01,5,212.3,30.4,9,8,40.0,74.6,3,4.3
P-000701,2025-06-01,6,203.2,41.5,4,10,40.3,67.4,3,3.68
P-000701,2025-07-01,7,214.7,21.6,8,7,55.5,65.4,4,3.86
P-000701,2025-08-01,8,206.2,31.6,4,6,46.8,61.7,3,4.2
P-000701,2025-09-01,9,173.3,11.3,2,4,85.5,26.1,2,2.7
P-000701,2025-10-01,10,172.6,12.6,1,7,85.0,24.1,2,1.59
P-000701,2025-11-01,11,178.5,14.3,3,4,84.3,29.1,2,1.93
P-000701,2025-12-01,12,175.0,12.7,1,4,84.9,24.1,2,2.04
P-000702,2025-01-01,1,170.9,2.1,4,3,95.6,20.0,2,1.81
P-000702,2025-02-01,2,175.7,9.2,3,6,93.3,25.9,2,2.03
P-000702,2025-03-01,3,179.6,5.3,1,5,96.9,19.7,2,1.54
P-000702,2025-04-01,4,175.7,11.7,3,4,91.6,23.8,2,1.15
P-000702,2025-05-01,5,177.3,12.7,1,5,85.0,24.7,2,1.71
P-000702,2025-06-01,6,172.2,2.6,1,6,91.4,17.7,2,1.54
P-000702,2025-07-01,7,179.3,6.7,0,4,95.1,17.9,2,1.41
P-000702,2025-08-01,8,170.7,0.1,1,6,99.3,14.5,2,1.48
P-000702,2025-09-01,9,182.5,0.3,4,5,94.2,25.0,2,1.84
P-000702,2025-10-01,10,179.5,7.0,0,3,98.7,17.7,2,1.81
P-000702,2025-11-01,11,172.8,4.7,2,5,94.1,18.9,2,1.37
P-000702,2025-12-01,12,175.5,7.0,4,4,91.1,24.6,2,1.61
P-000703,2025-01-01,1,169.9,7.6,2,3,92.2,18.1,2,1.37
P-000703,2025-02-01,2,171.3,9.4,0,7,94.3,18.6,2,1.48
P-000703,2025-03-01,3,169.2,2.5,2,5,92.1,17.4,2,1.52
P-000703,2025-04-01,4,161.3,7.1,2,5,90.8,16.9,2,1.52
P-000703,2025-05-01,5,172.7,12.4,1,4,86.1,22.0,2,1.69
P-000703,2025-06-01,6,173.8,6.7,1,4,91.9,18.7,2,1.58
P-000703,2025-07-01,7,175.7,11.3,2,5,93.3,22.7,2,1.34
P-000703,2025-08-01,8,165.5,1.8,3,4,95.1,16.7,2,1.67
P-000703,2025-09-01,9,170.1,2.8,1,5,91.4,16.7,2,1.68
P-000703,2025-10-01,10,176.5,7.4,0,5,91.9,19.7,2,1.89
P-000703,2025-11-01,11,174.8,5.9,2,4,92.9,19.6,2,1.37
P-000703,2025-12-01,12,174.4,0.8,4,4,91.5,21.6,2,1.63
P-000704,2025-01-01,1,172.5,5.7,2,5,93.2,18.9,2,1.2
P-000704,2025-02-01,2,163.1,4.8,1,4,85.8,16.3,2,1.99
P-000704,2025-03-01,3,168.1,9.4,3,4,91.3,21.8,2,1.8
P-000704,2025-04-01,4,176.0,4.3,2,6,102.3,18.1,2,1.03
P-000704,2025-05-01,5,168.5,12.3,4,5,92.3,24.3,3,1.39
P-000704,2025-06-01,6,175.8,5.0,3,3,93.1,20.7,2,1.4
P-000704,2025-07-01,7,169.2,3.8,2,5,93.3,18.2,2,1.68
P-000704,2025-08-01,8,170.4,3.8,0,4,92.3,14.8,2,1.67
P-000704,2025-09-01,9,173.4,5.9,1,4,92.8,17.6,2,1.4
P-000704,2025-10-01,10,175.9,0.1,4,6,98.1,21.3,2,1.36
P-000704,2025-11-01,11,167.4,6.9,2,4,91.5,17.1,2,1.1
P-000704,2025-12-01,12,174.2,5.8,0,3,93.4,16.3,2,1.75
P-000705,2025-01-01,1,167.6,8.0,4,5,95.6,22.2,2,1.66
P-000705,2025-02-01,2,171.2,0.0,4,5,92.8,20.5,2,1.61
P-000705,2025-03-01,3,167.1,1.3,1,5,88.0,14.7,2,1.28
P-000705,2025-04-01,4,166.1,9.9,0,5,88.6,17.2,3,1.68
P-000705,2025-05-01,5,167.3,7.4,2,5,96.0,18.0,3,1.47
P-000705,2025-06-01,6,171.7,4.1,0,3,96.8,12.6,2,1.16
P-000705,2025-07-01,7,177.1,11.4,3,6,91.0,26.5,2,1.53
P-000705,2025-08-01,8,179.3,9.7,4,4,89.4,25.8,2,1.0
P-000705,2025-09-01,9,172.7,3.2,3,4,93.4,19.8,2,1.56
P-000705,2025-10-01,10,165.1,3.4,0,4,90.2,13.8,2,1.94
P-000705,2025-11-01,11,172.6,7.4,3,5,89.2,22.5,2,1.36
P-000705,2025-12-01,12,167.3,7.4,1,4,92.4,15.4,2,1.12
P-000706,2025-01-01,1,188.2,4.3,2,4,90.3,25.4,2,1.86
P-000706,2025-02-01,2,181.3,2.5,3,6,91.0,24.4,2,1.58
P-000706,2025-03-01,3,174.6,6.4,1,4,89.4,19.3,2,1.57
P-000706,2025-04-01,4,183.2,12.6,3,5,86.9,29.0,2,1.43
P-000706,2025-05-01,5,180.3,4.9,2,4,90.1,20.8,2,1.0
P-000706,2025-06-01,6,223.7,23.1,5,7,63.1,59.6,4,2.61
P-000706,2025-07-01,7,221.6,25.4,7,8,62.4,64.5,4,2.8
P-000706,2025-08-01,8,178.7,7.1,1,6,89.1,21.8,2,1.33
P-000706,2025-09-01,9,178.9,6.1,2,4,89.6,22.0,2,1.47
P-000706,2025-10-01,10,183.3,7.3,2,6,89.1,25.1,2,1.31
P-000706,2025-11-01,11,176.6,11.6,1,3,87.3,22.3,2,1.74
P-000706,2025-12-01,12,182.3,13.3,1,5,86.7,25.1,2,1.2
P-000707,2025-01-01,1,176.7,6.1,2,5,89.7,21.7,2,1.4
P-000707,2025-02-01,2,169.4,6.3,2,4,92.4,17.1,2,1.0
P-000707,2025-03-01,3,177.4,11.4,3,5,89.6,26.4,2,1.62
P-000707,2025-04-01,4,183.5,7.9,3,5,87.3,26.2,2,1.09
P-000707,2025-05-01,5,166.9,6.7,2,6,93.3,18.2,3,1.25
P-000707,2025-06-01,6,180.0,5.6,2,4,93.8,20.4,2,1.08
P-000707,2025-07-01,7,182.7,0.0,4,6,95.6,25.0,2,1.75
P-000707,2025-08-01,8,169.1,1.5,1,3,94.7,13.0,2,1.3
P-000707,2025-09-01,9,176.5,5.2,1,5,96.5,18.8,2,1.58
P-000707,2025-10-01,10,178.1,7.3,3,3,87.3,22.5,2,1.0
P-000707,2025-11-01,11,179.2,5.1,2,4,92.1,21.8,2,1.68
P-000707,2025-12-01,12,177.0,8.4,2,3,93.3,19.8,2,1.0
P-000708,2025-01-01,1,179.1,15.2,2,5,75.9,32.3,3,2.74
P-000708,2025-02-01,2,191.9,18.7,4,5,74.5,40.8,3,2.31
P-000708,2025-03-01,3,180.6,11.8,2,7,77.3,31.8,3,2.45
P-000708,2025-04-01,4,230.3,43.4,8,9,45.0,85.4,5,4.73
P-000708,2025-05-01,5,235.3,45.7,6,13,43.2,88.4,5,4.97
P-000708,2025-06-01,6,236.5,46.2,8,9,43.0,88.9,5,4.64
P-000708,2025-07-01,7,237.8,44.8,8,8,39.9,89.6,5,5.0
P-000708,2025-08-01,8,247.4,44.0,12,11,37.2,98.0,5,4.75
P-000708,2025-09-01,9,252.5,49.1,9,7,38.0,96.5,5,4.45
P-000708,2025-10-01,10,245.2,55.8,10,11,41.8,98.0,5,4.73
P-000708,2025-11-01,11,249.2,63.7,11,12,34.1,98.0,5,4.28
P-000708,2025-12-01,12,254.3,54.9,7,12,36.3,98.0,5,3.93
P-000709,2025-01-01,1,177.1,9.2,1,5,87.7,22.6,2,1.68
P-000709,2025-02-01,2,172.7,3.7,2,5,96.6,19.9,2,2.15
P-000709,2025-03-01,3,173.8,7.6,3,5,91.2,24.0,2,1.88
P-000709,2025-04-01,4,181.1,3.5,3,6,95.9,22.8,2,1.15
P-000709,2025-05-01,5,174.3,10.8,2,5,93.3,22.8,2,1.66
P-000709,2025-06-01,6,179.3,9.3,0,4,87.1,21.6,2,1.83
P-000709,2025-07-01,7,173.0,7.4,2,3,95.2,17.6,2,1.0
P-000709,2025-08-01,8,178.2,3.6,3,5,92.8,22.2,2,1.37
P-000709,2025-09-01,9,177.6,7.1,3,4,93.7,22.0,2,1.12
P-000709,2025-10-01,10,173.3,1.4,0,5,94.6,14.5,2,1.48
P-000709,2025-11-01,11,173.4,7.1,4,4,90.4,23.3,2,1.28
P-000709,2025-12-01,12,172.5,1.4,4,4,91.5,21.2,2,1.64
P-000710,2025-01-01,1,172.0,1.8,2,6,91.3,20.3,2,2.07
P-000710,2025-02-01,2,175.9,7.3,3,5,89.1,24.7,2,1.78
P-000710,2025-03-01,3,219.0,39.4,9,7,43.2,78.6,3,3.99
P-000710,2025-04-01,4,238.4,43.2,11,9,42.0,91.5,3,3.83
P-000710,2025-05-01,5,224.1,36.1,5,8,44.2,72.3,4,3.79
P-000710,2025-06-01,6,228.7,37.8,10,10,43.6,85.4,4,4.17
P-000710,2025-07-01,7,224.5,36.7,4,10,44.0,72.3,4,3.74
P-000710,2025-08-01,8,223.1,45.1,6,7,41.5,77.2,4,3.75
P-000710,2025-09-01,9,231.5,39.3,6,10,43.2,81.2,3,4.52
P-000710,2025-10-01,10,185.1,12.3,2,6,87.1,28.7,2,1.5
P-000710,2025-11-01,11,173.2,4.0,4,4,90.4,24.4,2,2.28
P-000710,2025-12-01,12,177.2,6.8,1,3,89.3,21.1,2,2.11
P-000711,2025-01-01,1,172.7,5.0,3,4,90.0,21.9,2,1.83
P-000711,2025-02-01,2,177.5,7.2,2,5,89.1,24.1,2,2.03
P-000711,2025-03-01,3,229.8,37.7,11,8,43.7,85.5,3,3.95
P-000711,2025-04-01,4,224.5,34.3,4,11,44.7,72.3,4,3.93
P-000711,2025-05-01,5,219.1,40.3,7,11,42.9,78.7,3,4.13
P-000711,2025-06-01,6,221.0,32.8,8,9,45.2,75.2,3,3.74
P-000711,2025-07-01,7,219.8,47.5,6,9,40.7,79.3,4,4.09
P-000711,2025-08-01,8,230.4,32.8,10,8,45.2,82.4,4,4.22
P-000711,2025-09-01,9,234.3,51.2,8,9,39.6,89.1,3,3.94
P-000711,2025-10-01,10,175.1,6.5,3,5,89.4,23.6,2,1.63
P-000711,2025-11-01,11,185.2,2.3,4,6,91.1,27.2,2,1.52
P-000711,2025-12-01,12,184.9,10.8,2,5,87.7,28.4,2,1.99
P-000712,2025-01-01,1,182.2,9.7,1,7,86.1,25.3,2,1.32
P-000712,2025-02-01,2,182.7,10.2,1,4,85.9,26.3,2,2.35
P-000712,2025-03-01,3,187.4,10.4,4,5,85.8,32.6,2,1.91
P-000712,2025-04-01,4,215.1,34.1,10,10,43.5,78.6,3,3.98
P-000712,2025-05-01,5,211.8,27.6,4,9,55.7,62.6,4,4.29
P-000712,2025-06-01,6,239.0,29.9,5,10,48.6,75.9,3,3.97
P-000712,2025-07-01,7,212.2,27.0,10,8,52.1,70.8,4,3.61
P-000712,2025-08-01,8,216.2,40.0,5,6,42.9,68.2,3,3.04
P-000712,2025-09-01,9,191.3,15.2,2,4,83.9,32.6,2,2.01
P-000712,2025-10-01,10,180.5,5.2,1,4,87.9,22.4,2,2.09
P-000712,2025-11-01,11,182.7,15.1,1,4,84.0,26.4,2,1.42
P-000712,2025-12-01,12,182.2,6.2,3,3,87.5,26.2,2,2.08
P-000713,2025-01-01,1,176.9,6.1,0,6,94.6,19.4,2,1.87
P-000713,2025-02-01,2,178.4,10.0,1,6,86.4,23.5,2,1.37
P-000713,2025-03-01,3,174.6,11.9,0,5,89.5,21.1,2,1.8
P-000713,2025-04-01,4,184.1,5.4,2,5,90.0,24.7,2,1.68
P-000713,2025-05-01,5,173.6,5.7,1,5,96.5,17.1,2,1.24
P-000713,2025-06-01,6,175.0,5.0,2,5,91.6,20.4,2,1.43
P-000713,2025-07-01,7,183.9,0.1,2,4,96.7,20.3,2,1.62
P-000713,2025-08-01,8,179.2,5.1,3,3,91.6,22.4,2,1.5
P-000713,2025-09-01,9,174.7,7.8,2,3,91.0,20.8,2,1.67
P-000713,2025-10-01,10,175.0,5.0,1,5,91.6,19.1,2,1.58
P-000713,2025-11-01,11,180.5,3.5,0,3,96.1,16.4,2,1.48
P-000713,2025-12-01,12,173.1,10.8,1,4,89.3,20.8,2,1.64
P-000714,2025-01-01,1,183.2,6.0,4,3,98.5,23.7,2,1.17
P-000714,2025-02-01,2,176.7,5.5,3,3,95.0,21.8,2,1.8
P-000714,2025-03-01,3,174.6,0.0,0,4,94.7,14.1,2,1.63
P-000714,2025-04-01,4,175.9,4.4,0,7,98.2,16.7,3,1.24
P-000714,2025-05-01,5,172.6,9.2,4,4,97.1,23.8,2,1.78
P-000714,2025-06-01,6,175.2,5.8,2,5,95.1,20.5,2,1.56
P-000714,2025-07-01,7,181.8,6.9,3,3,88.8,24.6,2,1.51
P-000714,2025-08-01,8,170.9,10.0,1,4,95.6,18.5,2,1.66
P-000714,2025-09-01,9,174.6,0.0,1,4,92.4,15.9,2,1.52
P-000714,2025-10-01,10,177.0,11.4,2,4,91.8,22.7,2,1.3
P-000714,2025-11-01,11,176.9,6.7,1,4,92.4,19.2,2,1.39
P-000714,2025-12-01,12,176.9,10.0,2,4,88.1,22.8,2,1.31
P-000715,2025-01-01,1,187.9,7.7,1,5,91.5,24.8,2,1.61
P-000715,2025-02-01,2,190.6,1.1,4,4,95.2,25.8,2,1.26
P-000715,2025-03-01,3,187.0,10.1,3,3,94.4,27.0,2,1.63
P-000715,2025-04-01,4,181.1,3.9,4,5,96.6,25.5,3,1.83
P-000715,2025-05-01,5,190.7,11.6,4,5,86.6,33.5,2,1.68
P-000715,2025-06-01,6,188.7,6.6,1,3,97.6,21.3,2,1.28
P-000715,2025-07-01,7,182.8,5.7,1,3,90.6,19.9,2,1.15
P-000715,2025-08-01,8,185.4,8.3,1,5,90.2,25.5,2,2.01
P-000715,2025-09-01,9,188.1,15.6,4,4,87.8,33.4,2,1.68
P-000715,2025-10-01,10,189.5,10.1,3,5,85.7,31.2,2,1.75
P-000715,2025-11-01,11,190.1,3.6,1,6,90.8,24.3,2,1.47
P-000715,2025-12-01,12,192.7,4.0,3,5,92.8,26.7,2,1.05
P-000716,2025-01-01,1,170.1,5.3,0,5,95.9,13.6,1,1.0
P-000716,2025-02-01,2,223.6,42.6,7,11,45.2,80.5,4,3.99
P-000716,2025-03-01,3,221.6,34.4,8,8,47.7,76.8,4,4.47
P-000716,2025-04-01,4,218.9,35.6,9,7,47.3,74.4,4,3.26
P-000716,2025-05-01,5,212.5,39.4,8,10,46.2,76.0,4,3.93
P-000716,2025-06-01,6,122.4,0.0,0,3,120.0,5.0,1,1.0
P-000716,2025-07-01,7,176.1,4.0,1,4,96.4,17.0,1,1.35
P-000716,2025-08-01,8,177.9,7.4,1,5,95.0,19.6,1,1.22
P-000716,2025-09-01,9,172.3,6.0,0,6,95.6,15.5,1,1.04
P-000716,2025-10-01,10,176.8,7.5,1,4,95.0,18.8,1,1.32
P-000716,2025-11-01,11,172.7,4.8,0,5,96.1,15.0,1,1.28
P-000716,2025-12-01,12,181.0,6.2,0,4,95.5,17.5,1,1.1
P-000717,2025-01-01,1,195.3,10.8,5,7,77.7,40.7,3,2.16
P-000717,2025-02-01,2,192.0,14.2,3,6,76.3,37.9,3,2.46
P-000717,2025-03-01,3,197.0,14.9,3,6,76.0,40.8,3,2.74
P-000717,2025-04-01,4,239.9,43.5,9,12,40.4,92.7,5,4.46
P-000717,2025-05-01,5,236.8,48.7,5,12,40.6,87.7,5,4.74
P-000717,2025-06-01,6,243.9,52.7,5,12,41.1,92.5,5,5.0
P-000717,2025-07-01,7,244.7,46.7,6,10,34.2,90.0,5,4.27
P-000717,2025-08-01,8,245.6,45.3,14,12,34.0,98.0,5,5.0
P-000717,2025-09-01,9,255.7,55.5,12,12,34.6,98.0,5,4.18
P-000717,2025-10-01,10,262.5,54.7,12,9,34.0,98.0,5,4.83
P-000717,2025-11-01,11,264.1,54.1,5,12,36.4,98.0,5,4.6
P-000717,2025-12-01,12,256.2,55.2,8,7,31.5,98.0,5,4.24
P-000718,2025-01-01,1,172.8,5.8,1,5,89.7,17.9,2,1.12
P-000718,2025-02-01,2,173.3,8.0,3,5,88.8,22.2,2,1.0
P-000718,2025-03-01,3,171.8,11.3,1,5,87.5,21.0,2,1.43
P-000718,2025-04-01,4,167.8,11.7,4,3,87.3,25.4,2,2.19
P-000718,2025-05-01,5,171.4,5.9,3,5,89.7,21.9,2,1.59
P-000718,2025-06-01,6,203.6,28.0,7,7,61.6,58.7,4,2.81
P-000718,2025-07-01,7,201.1,24.6,5,8,62.6,53.7,4,2.86
P-000718,2025-08-01,8,168.2,8.4,2,4,88.7,19.9,2,1.68
P-000718,2025-09-01,9,166.6,3.6,4,4,90.6,19.5,2,1.32
P-000718,2025-10-01,10,167.2,5.1,2,4,90.0,18.1,2,1.74
P-000718,2025-11-01,11,171.3,2.4,1,5,91.0,16.6,2,1.46
P-000718,2025-12-01,12,171.1,2.8,3,3,90.9,19.1,2,1.61
P-000719,2025-01-01,1,180.9,4.5,2,5,98.4,21.0,2,1.43
P-000719,2025-02-01,2,181.0,4.9,1,4,89.3,20.9,2,1.57
P-000719,2025-03-01,3,179.3,8.3,1,4,93.9,21.4,2,1.79
P-000719,2025-04-01,4,181.4,8.3,1,3,90.1,21.8,3,1.62
P-000719,2025-05-01,5,184.9,3.9,4,4,93.2,26.4,2,1.71
P-000719,2025-06-01,6,180.7,6.8,1,5,95.0,20.3,2,1.19
P-000719,2025-07-01,7,176.5,2.9,1,6,88.9,19.7,2,1.48
P-000719,2025-08-01,8,182.4,7.1,1,5,95.0,21.3,2,1.35
P-000719,2025-09-01,9,177.8,7.5,2,3,87.2,21.9,2,1.43
P-000719,2025-10-01,10,183.1,9.2,2,5,89.4,25.5,2,1.48
P-000719,2025-11-01,11,191.2,3.7,2,3,90.2,24.6,2,1.47
P-000719,2025-12-01,12,180.8,4.8,2,6,93.4,23.3,2,1.68
P-000720,2025-01-01,1,182.3,3.8,0,6,90.5,21.3,2,1.97
P-000720,2025-02-01,2,182.0,8.8,1,4,88.5,23.2,2,1.62
P-000720,2025-03-01,3,229.0,35.0,6,8,44.5,76.4,3,4.26
P-000720,2025-04-01,4,232.0,44.0,10,9,41.8,88.4,3,4.03
P-000720,2025-05-01,5,227.2,33.6,11,7,44.9,82.6,3,4.19
P-000720,2025-06-01,6,232.9,32.3,6,10,45.3,76.6,4,3.77
P-000720,2025-07-01,7,230.1,40.2,4,9,42.9,76.4,4,4.19
P-000720,2025-08-01,8,222.1,48.2,10,7,40.5,84.2,4,3.44
P-000720,2025-09-01,9,228.7,32.7,6,7,45.2,73.6,3,3.91
P-000720,2025-10-01,10,180.0,8.8,1,4,88.5,23.7,2,2.14
P-000720,2025-11-01,11,189.2,9.0,1,3,88.4,24.2,2,1.24
P-000720,2025-12-01,12,175.8,9.0,4,4,88.4,27.0,2,1.99
P-000721,2025-01-01,1,172.8,8.1,1,3,94.7,17.4,1,1.45
P-000721,2025-02-01,2,219.3,39.6,9,6,46.1,78.8,4,4.46
P-000721,2025-03-01,3,213.9,30.3,4,10,48.9,63.9,4,3.29
P-000721,2025-04-01,4,227.9,29.5,9,9,49.2,78.7,4,4.35
P-000721,2025-05-01,5,218.2,34.5,6,8,47.6,71.6,4,4.17
P-000721,2025-06-01,6,119.7,0.0,0,3,120.0,5.0,1,1.0
P-000721,2025-07-01,7,169.8,5.2,0,5,95.9,14.8,1,1.55
P-000721,2025-08-01,8,164.2,7.3,2,5,95.1,16.2,1,1.14
P-000721,2025-09-01,9,170.7,3.9,0,4,96.4,13.3,1,1.35
P-000721,2025-10-01,10,170.5,3.9,0,3,96.4,12.8,1,1.42
P-000721,2025-11-01,11,172.2,6.8,0,4,95.3,14.8,1,1.18
P-000721,2025-12-01,12,169.7,1.9,1,3,97.2,13.2,1,1.41
P-000722,2025-01-01,1,176.6,8.6,2,3,89.9,20.3,2,1.0
P-000722,2025-02-01,2,169.9,2.7,1,4,89.6,16.7,2,1.82
P-000722,2025-03-01,3,168.0,4.4,2,4,91.9,17.3,2,1.56
P-000722,2025-04-01,4,176.3,0.0,4,5,104.1,20.6,3,1.77
P-000722,2025-05-01,5,169.9,7.0,0,6,93.6,15.7,2,1.18
P-000722,2025-06-01,6,172.1,7.9,2,6,94.0,21.5,2,1.71
P-000722,2025-07-01,7,174.2,9.4,4,5,93.5,24.5,2,1.26
P-000722,2025-08-01,8,165.6,1.1,2,4,101.2,12.4,2,1.21
P-000722,2025-09-01,9,174.0,4.8,1,6,91.1,20.3,2,1.92
P-000722,2025-10-01,10,174.5,9.1,2,3,90.9,20.8,2,1.48
P-000722,2025-11-01,11,182.1,7.4,2,5,89.7,23.6,2,1.19
P-000722,2025-12-01,12,173.0,6.9,0,6,93.7,17.8,2,1.57
P-000723,2025-01-01,1,177.5,6.2,1,4,91.1,18.9,2,1.17
P-000723,2025-02-01,2,173.2,4.2,2,7,93.0,22.2,2,2.12
P-000723,2025-03-01,3,164.8,1.8,3,5,99.2,16.0,2,1.56
P-000723,2025-04-01,4,169.5,7.7,2,5,90.4,19.3,2,1.23
P-000723,2025-05-01,5,172.6,6.1,1,5,97.5,18.2,2,1.81
P-000723,2025-06-01,6,169.8,6.9,2,6,87.5,21.3,2,1.64
P-000723,2025-07-01,7,178.9,3.0,2,5,89.6,21.2,2,1.4
P-000723,2025-08-01,8,168.4,3.1,1,3,89.1,15.2,2,1.61
P-000723,2025-09-01,9,168.3,11.6,3,6,87.4,23.3,2,1.16
P-000723,2025-10-01,10,165.8,4.0,3,4,94.1,17.2,2,1.4
P-000723,2025-11-01,11,170.2,7.8,1,3,91.4,16.9,2,1.4
P-000723,2025-12-01,12,174.0,1.6,3,5,97.5,19.2,2,1.43
P-000724,2025-01-01,1,190.1,5.8,2,4,89.7,26.1,2,1.61
P-000724,2025-02-01,2,184.2,4.9,1,3,90.0,22.8,2,2.18
P-000724,2025-03-01,3,228.5,40.4,6,7,42.9,77.3,3,3.95
P-000724,2025-04-01,4,231.8,36.8,10,11,44.0,84.7,4,3.39
P-000724,2025-05-01,5,237.7,44.2,7,12,41.7,86.1,3,3.48
P-000724,2025-06-01,6,240.2,37.9,6,9,43.6,82.6,3,4.37
P-000724,2025-07-01,7,229.9,36.8,4,10,43.9,76.4,4,4.6
P-000724,2025-08-01,8,227.0,40.3,8,10,42.9,83.6,4,4.55
P-000724,2025-09-01,9,234.1,39.0,9,11,43.3,86.4,4,4.01
P-000724,2025-10-01,10,184.4,7.8,2,6,88.9,27.7,2,2.1
P-000724,2025-11-01,11,179.4,7.7,3,4,88.9,25.5,2,1.83
P-000724,2025-12-01,12,190.6,3.4,1,4,90.6,24.7,2,2.08
P-000725,2025-01-01,1,183.4,7.9,1,4,86.8,22.8,2,1.29
P-000725,2025-02-01,2,184.8,2.8,1,3,88.9,20.2,2,1.35
P-000725,2025-03-01,3,185.2,20.0,1,5,82.0,31.3,2,1.82
P-000725,2025-04-01,4,217.6,33.0,8,10,44.9,73.3,3,3.14
P-000725,2025-05-01,5,231.1,34.0,5,11,47.6,76.3,3,4.2
P-000725,2025-06-01,6,223.5,23.8,7,6,52.7,66.7,3,3.51
P-000725,2025-07-01,7,221.0,30.2,4,6,52.2,64.0,4,3.66
P-000725,2025-08-01,8,228.7,34.4,6,10,48.9,73.9,3,3.19
P-000725,2025-09-01,9,177.7,12.7,4,4,84.9,28.0,2,1.26
P-000725,2025-10-01,10,195.8,7.3,2,5,87.1,30.7,2,1.9
P-000725,2025-11-01,11,192.0,11.9,2,4,85.2,30.5,2,1.7
P-000725,2025-12-01,12,182.8,14.8,3,5,84.1,31.9,2,2.09
P-000726,2025-01-01,1,179.2,10.7,4,6,77.7,32.7,3,2.17
P-000726,2025-02-01,2,184.7,18.4,4,5,74.6,40.9,3,3.44
P-000726,2025-03-01,3,187.0,14.8,4,6,76.1,37.8,3,2.3
P-000726,2025-04-01,4,221.4,39.6,5,9,42.0,76.9,5,5.0
P-000726,2025-05-01,5,225.5,49.3,11,10,38.9,92.7,5,4.61
P-000726,2025-06-01,6,247.3,56.5,5,11,40.6,93.1,5,4.38
P-000726,2025-07-01,7,239.5,42.4,7,10,37.8,89.0,5,4.9
P-000726,2025-08-01,8,236.7,44.3,14,11,36.1,98.0,5,4.81
P-000726,2025-09-01,9,251.9,50.4,10,10,35.4,98.0,5,4.42
P-000726,2025-10-01,10,259.2,51.7,9,9,39.9,98.0,5,4.38
P-000726,2025-11-01,11,257.4,53.1,9,9,39.1,98.0,5,4.83
P-000726,2025-12-01,12,256.7,50.0,5,13,39.6,95.4,5,4.45
P-000727,2025-01-01,1,173.8,6.5,0,4,92.3,16.9,2,1.59
P-000727,2025-02-01,2,178.1,6.0,0,4,94.7,18.3,2,1.84
P-000727,2025-03-01,3,174.0,3.5,1,4,94.4,16.2,2,1.28
P-000727,2025-04-01,4,177.5,10.5,4,5,95.3,25.8,2,1.24
P-000727,2025-05-01,5,177.3,7.1,2,5,89.6,21.9,2,1.19
P-000727,2025-06-01,6,175.5,9.8,3,5,91.8,25.6,2,1.98
P-000727,2025-07-01,7,172.4,6.9,2,3,91.3,18.7,2,1.33
P-000727,2025-08-01,8,177.7,3.6,3,6,91.8,23.2,2,1.49
P-000727,2025-09-01,9,175.1,6.9,3,6,92.0,24.0,2,1.65
P-000727,2025-10-01,10,171.7,6.2,0,4,89.1,16.0,2,1.35
P-000727,2025-11-01,11,177.7,9.6,2,5,90.1,25.2,2,2.1
P-000727,2025-12-01,12,176.5,3.6,3,4,90.9,20.8,2,1.16
P-000728,2025-01-01,1,177.5,18.1,2,6,74.8,34.1,3,2.88
P-000728,2025-02-01,2,184.3,18.0,5,4,74.8,37.2,3,1.68
P-000728,2025-03-01,3,176.5,20.6,3,5,73.7,33.2,3,1.74
P-000728,2025-04-01,4,221.0,53.9,10,12,46.2,91.3,5,4.61
P-000728,2025-05-01,5,231.2,50.4,6,13,38.0,87.3,5,3.95
P-000728,2025-06-01,6,228.5,43.4,9,7,38.5,84.6,5,4.03
P-000728,2025-07-01,7,232.6,57.4,12,14,41.6,98.0,5,4.79
P-000728,2025-08-01,8,239.3,47.4,13,13,40.9,98.0,5,4.93
P-000728,2025-09-01,9,249.7,49.8,10,9,38.5,98.0,5,4.37
P-000728,2025-10-01,10,249.2,52.9,7,12,33.9,98.0,5,4.63
P-000728,2025-11-01,11,248.6,54.3,9,13,33.5,98.0,5,3.96
P-000728,2025-12-01,12,243.5,47.8,11,7,36.1,96.1,5,4.3
P-000729,2025-01-01,1,182.3,7.7,2,3,92.1,22.7,2,1.44
P-000729,2025-02-01,2,179.0,4.3,4,4,89.5,23.5,2,1.0
P-000729,2025-03-01,3,173.6,9.3,1,6,92.3,22.0,2,2.01
P-000729,2025-04-01,4,177.5,7.8,2,4,90.6,22.2,2,1.5
P-000729,2025-05-01,5,186.7,0.4,2,4,94.6,20.6,2,1.14
P-000729,2025-06-01,6,182.8,7.4,1,4,93.4,22.2,2,1.74
P-000729,2025-07-01,7,185.1,5.8,4,4,91.7,27.7,2,1.73
P-000729,2025-08-01,8,178.7,4.7,2,4,96.3,21.1,2,1.86
P-000729,2025-09-01,9,177.7,7.5,1,5,87.2,23.2,2,2.09
P-000729,2025-10-01,10,174.1,7.5,1,5,89.9,20.4,2,1.67
P-000729,2025-11-01,11,181.6,4.6,4,5,89.9,25.4,2,1.11
P-000729,2025-12-01,12,183.0,7.3,2,4,92.1,23.9,2,1.62
P-000730,2025-01-01,1,178.3,8.0,0,5,92.9,18.8,2,1.25
P-000730,2025-02-01,2,183.1,3.5,4,5,93.3,25.2,2,1.26
P-000730,2025-03-01,3,178.8,5.9,3,4,96.3,22.9,2,1.69
P-000730,2025-04-01,4,178.1,6.4,1,5,92.9,19.1,2,1.0
P-000730,2025-05-01,5,178.7,9.7,1,4,86.9,23.8,2,2.05
P-000730,2025-06-01,6,185.7,7.2,2,4,99.3,22.9,2,1.43
P-000730,2025-07-01,7,181.1,6.0,2,6,88.1,26.0,2,2.12
P-000730,2025-08-01,8,182.9,4.2,3,4,96.7,23.5,2,1.68
P-000730,2025-09-01,9,180.1,9.0,2,5,92.6,23.0,2,1.16
P-000730,2025-10-01,10,181.7,5.8,2,3,95.7,20.6,2,1.28
P-000730,2025-11-01,11,179.0,9.3,2,5,90.3,24.1,2,1.54
P-000730,2025-12-01,12,184.2,11.8,0,5,85.5,24.6,2,1.55
P-000731,2025-01-01,1,176.1,8.3,0,6,92.1,20.3,2,1.8
P-000731,2025-02-01,2,173.9,6.4,2,5,95.8,19.8,2,1.42
P-000731,2025-03-01,3,172.5,0.4,2,3,95.5,15.7,2,1.48
P-000731,2025-04-01,4,182.3,2.4,1,4,90.5,19.5,2,1.33
P-000731,2025-05-01,5,170.5,1.0,4,4,95.3,19.4,2,1.54
P-000731,2025-06-01,6,180.0,5.8,2,4,90.6,22.2,2,1.52
P-000731,2025-07-01,7,178.5,0.6,3,5,95.5,19.8,2,1.07
P-000731,2025-08-01,8,175.8,5.5,1,5,94.2,18.6,2,1.37
P-000731,2025-09-01,9,175.5,3.3,3,4,91.7,20.6,2,1.34
P-000731,2025-10-01,10,172.1,6.0,0,4,92.1,15.1,2,1.18
P-000731,2025-11-01,11,175.2,3.3,2,4,95.6,17.3,2,1.0
P-000731,2025-12-01,12,169.4,6.6,2,3,89.0,20.2,2,2.19
P-000732,2025-01-01,1,197.3,14.3,2,5,76.3,37.1,3,2.27
P-000732,2025-02-01,2,183.9,19.4,4,6,74.3,39.7,3,2.59
P-000732,2025-03-01,3,178.8,16.8,5,5,75.3,37.4,3,2.51
P-000732,2025-04-01,4,233.2,48.2,8,13,44.8,90.4,5,4.45
P-000732,2025-05-01,5,244.6,35.0,9,12,43.1,90.6,5,4.59
P-000732,2025-06-01,6,233.2,38.5,5,9,36.1,79.1,5,3.95
P-000732,2025-07-01,7,240.7,37.1,10,8,38.9,88.6,5,4.08
P-000732,2025-08-01,8,243.3,49.8,13,7,38.0,98.0,5,4.02
P-000732,2025-09-01,9,253.1,49.3,7,13,37.1,98.0,5,4.74
P-000732,2025-10-01,10,264.1,52.2,8,8,37.1,98.0,5,4.6
P-000732,2025-11-01,11,265.7,59.1,9,14,40.9,98.0,5,3.87
P-000732,2025-12-01,12,264.5,51.6,14,9,34.7,98.0,5,4.44
P-000733,2025-01-01,1,179.9,10.0,1,3,88.0,23.8,2,2.18
P-000733,2025-02-01,2,176.5,10.6,0,4,87.7,20.7,2,1.71
P-000733,2025-03-01,3,219.7,46.2,7,10,41.2,80.4,4,3.89
P-000733,2025-04-01,4,226.2,41.5,8,8,42.5,81.3,4,4.06
P-000733,2025-05-01,5,222.4,34.8,6,10,44.5,74.2,4,3.81
P-000733,2025-06-01,6,220.6,34.0,5,11,44.8,72.8,3,4.05
P-000733,2025-07-01,7,226.4,26.9,5,11,46.9,70.0,4,3.47
P-000733,2025-08-01,8,219.1,38.1,5,10,43.6,72.8,3,3.78
P-000733,2025-09-01,9,226.1,44.3,10,9,41.7,86.5,4,4.02
P-000733,2025-10-01,10,169.3,7.8,0,6,88.9,18.0,2,1.67
P-000733,2025-11-01,11,178.0,10.9,0,6,87.7,23.1,2,1.9
P-000733,2025-12-01,12,175.0,2.6,0,5,91.0,18.1,2,2.18
P-000734,2025-01-01,1,174.2,5.4,3,4,87.9,22.1,2,1.49
P-000734,2025-02-01,2,167.3,6.8,1,5,87.3,18.5,2,1.77
P-000734,2025-03-01,3,169.2,10.2,2,4,85.9,22.0,2,1.87
P-000734,2025-04-01,4,193.3,25.5,4,8,52.3,55.6,4,4.45
P-000734,2025-05-01,5,211.0,24.5,5,10,53.3,62.3,4,3.68
P-000734,2025-06-01,6,201.5,37.5,8,10,48.5,71.7,4,4.26
P-000734,2025-07-01,7,208.4,33.0,10,7,48.5,74.2,4,4.52
P-000734,2025-08-01,8,202.3,32.2,7,6,46.5,64.7,3,3.84
P-000734,2025-09-01,9,162.6,14.2,3,5,84.3,23.8,2,1.78
P-000734,2025-10-01,10,173.2,4.5,4,4,88.2,22.9,2,1.46
P-000734,2025-11-01,11,170.9,11.6,1,4,85.4,21.5,2,1.83
P-000734,2025-12-01,12,165.0,15.1,3,5,84.0,26.3,2,2.27
P-000735,2025-01-01,1,173.9,2.2,2,5,92.8,19.6,2,1.81
P-000735,2025-02-01,2,170.2,7.7,1,5,92.1,18.0,2,1.4
P-000735,2025-03-01,3,173.4,7.3,2,4,88.9,20.7,2,1.47
P-000735,2025-04-01,4,168.5,6.4,3,5,85.8,22.9,3,2.03
P-000735,2025-05-01,5,169.0,11.6,4,5,88.7,25.1,2,1.5
P-000735,2025-06-01,6,169.5,9.1,0,5,89.7,17.0,2,1.33
P-000735,2025-07-01,7,174.3,6.5,2,3,89.3,20.2,2,1.58
P-000735,2025-08-01,8,171.9,5.2,3,5,95.2,19.9,2,1.24
P-000735,2025-09-01,9,175.1,1.5,4,3,97.6,19.8,2,1.42
P-000735,2025-10-01,10,164.4,4.5,1,5,91.7,15.9,2,1.87
P-000735,2025-11-01,11,164.9,6.5,2,5,91.1,17.8,2,1.52
P-000735,2025-12-01,12,168.1,3.6,2,7,88.6,19.5,2,1.51
P-000736,2025-01-01,1,177.5,8.1,0,5,94.8,18.4,1,1.32
P-000736,2025-02-01,2,218.8,35.7,5,8,47.3,69.0,4,3.48
P-000736,2025-03-01,3,217.2,40.4,6,12,45.9,74.6,4,3.33
P-000736,2025-04-01,4,212.9,39.3,7,10,46.2,75.7,4,4.43
P-000736,2025-05-01,5,219.2,39.7,4,9,46.1,70.7,4,3.77
P-000736,2025-06-01,6,117.1,0.0,0,3,120.0,5.0,1,1.0
P-000736,2025-07-01,7,178.1,5.5,2,6,95.8,21.2,1,1.29
P-000736,2025-08-01,8,177.1,5.5,0,4,95.8,16.3,1,1.33
P-000736,2025-09-01,9,169.5,9.0,1,5,94.4,17.8,1,1.38
P-000736,2025-10-01,10,177.4,6.0,0,6,95.6,17.8,1,1.27
P-000736,2025-11-01,11,170.5,4.2,3,5,96.3,19.1,1,1.37
P-000736,2025-12-01,12,165.6,4.9,0,5,96.1,12.5,1,1.26
P-000737,2025-01-01,1,170.2,10.9,0,5,84.9,18.3,2,1.12
P-000737,2025-02-01,2,170.1,6.2,2,4,87.6,19.3,2,1.45
P-000737,2025-03-01,3,174.2,7.0,1,5,91.2,20.0,2,1.66
P-000737,2025-04-01,4,173.1,4.5,3,4,97.0,19.9,2,1.58
P-000737,2025-05-01,5,180.3,3.8,4,6,90.3,25.5,2,1.25
P-000737,2025-06-01,6,169.7,2.8,2,3,95.0,17.5,2,2.17
P-000737,2025-07-01,7,177.4,5.4,0,5,92.3,18.3,2,1.58
P-000737,2025-08-01,8,176.3,9.4,2,5,88.6,23.0,2,1.32
P-000737,2025-09-01,9,175.7,4.0,1,4,90.5,18.2,2,1.45
P-000737,2025-10-01,10,175.3,7.6,3,5,90.6,23.6,2,1.48
P-000737,2025-11-01,11,171.7,7.6,2,5,89.2,21.8,2,1.85
P-000737,2025-12-01,12,166.5,3.7,0,4,94.9,13.8,2,2.03
P-000738,2025-01-01,1,192.3,17.9,2,6,74.8,39.0,3,2.76
P-000738,2025-02-01,2,192.2,14.7,5,5,76.1,42.3,3,2.99
P-000738,2025-03-01,3,196.0,16.8,4,5,75.3,42.9,3,2.96
P-000738,2025-04-01,4,243.3,41.4,7,13,46.9,89.8,5,4.72
P-000738,2025-05-01,5,251.3,50.5,6,9,46.4,91.7,5,4.54
P-000738,2025-06-01,6,241.9,46.2,9,10,41.3,92.6,5,4.29
P-000738,2025-07-01,7,245.8,50.9,9,9,38.9,96.1,5,4.44
P-000738,2025-08-01,8,250.8,42.5,8,12,40.8,93.9,5,4.29
P-000738,2025-09-01,9,260.5,50.2,10,13,36.5,98.0,5,4.61
P-000738,2025-10-01,10,258.1,47.2,11,13,39.7,98.0,5,4.43
P-000738,2025-11-01,11,268.4,49.2,12,12,36.9,98.0,5,5.0
P-000738,2025-12-01,12,262.0,59.4,8,14,36.8,98.0,5,4.11
P-000739,2025-01-01,1,183.7,8.3,2,5,89.4,26.5,2,1.92
P-000739,2025-02-01,2,175.3,1.0,2,4,94.0,17.2,2,1.23
P-000739,2025-03-01,3,177.1,7.9,2,5,89.7,22.9,2,1.52
P-000739,2025-04-01,4,175.4,4.5,3,4,97.2,21.0,2,1.69
P-000739,2025-05-01,5,179.4,3.8,1,5,92.3,18.6,2,1.0
P-000739,2025-06-01,6,179.8,9.8,2,7,90.0,25.4,2,1.33
P-000739,2025-07-01,7,175.5,7.8,0,5,93.1,19.0,2,1.78
P-000739,2025-08-01,8,183.5,8.8,0,6,92.9,22.7,2,1.69
P-000739,2025-09-01,9,168.1,4.0,0,4,97.8,12.4,2,1.41
P-000739,2025-10-01,10,175.2,9.2,1,5,91.3,21.1,2,1.64
P-000739,2025-11-01,11,178.4,3.6,1,4,93.1,19.7,2,1.94
P-000739,2025-12-01,12,184.1,5.1,1,3,94.4,20.7,2,1.67
P-000740,2025-01-01,1,188.0,6.8,2,5,92.2,25.7,2,1.5
P-000740,2025-02-01,2,188.3,4.0,2,5,93.2,24.9,2,1.63
P-000740,2025-03-01,3,178.2,5.0,2,3,93.4,19.3,2,1.19
P-000740,2025-04-01,4,180.1,10.0,0,4,88.0,20.1,2,1.09
P-000740,2025-05-01,5,180.9,5.6,1,6,90.8,22.4,3,1.66
P-000740,2025-06-01,6,179.0,3.2,2,3,86.3,22.1,2,1.99
P-000740,2025-07-01,7,169.7,6.1,0,5,94.3,15.3,2,1.48
P-000740,2025-08-01,8,174.4,4.4,1,3,94.9,16.0,2,1.3
P-000740,2025-09-01,9,184.6,5.1,0,6,88.5,22.1,2,1.61
P-000740,2025-10-01,10,171.7,6.4,1,4,91.3,18.4,2,1.76
P-000740,2025-11-01,11,179.5,3.1,0,5,91.8,18.5,2,1.72
P-000740,2025-12-01,12,181.1,7.1,2,5,90.1,23.7,2,1.45
P-000741,2025-01-01,1,180.9,8.4,2,5,93.0,23.3,2,1.29
P-000741,2025-02-01,2,180.7,6.6,3,4,89.4,25.6,2,1.89
P-000741,2025-03-01,3,179.2,5.1,4,4,90.5,25.4,2,1.67
P-000741,2025-04-01,4,180.0,5.6,4,6,91.7,26.8,2,1.57
P-000741,2025-05-01,5,177.2,10.6,0,5,94.6,18.9,2,1.17
P-000741,2025-06-01,6,185.7,4.9,2,5,96.7,24.7,2,2.04
P-000741,2025-07-01,7,178.1,7.6,0,5,86.7,20.1,2,1.4
P-000741,2025-08-01,8,182.9,0.6,4,3,93.4,24.1,2,1.87
P-000741,2025-09-01,9,180.2,7.1,1,6,98.1,20.6,2,1.32
P-000741,2025-10-01,10,173.6,6.1,1,4,89.7,18.6,2,1.51
P-000741,2025-11-01,11,187.3,0.0,1,4,96.2,20.2,2,1.73
P-000741,2025-12-01,12,176.6,8.1,2,4,85.1,21.7,2,1.0
P-000742,2025-01-01,1,177.7,1.8,2,5,95.4,19.5,2,1.52
P-000742,2025-02-01,2,180.0,5.8,3,4,92.5,24.0,2,1.7
P-000742,2025-03-01,3,182.3,5.1,4,4,84.5,26.7,2,1.32
P-000742,2025-04-01,4,176.7,4.0,3,3,91.7,20.0,2,1.07
P-000742,2025-05-01,5,171.0,6.5,4,3,92.4,21.8,2,1.57
P-000742,2025-06-01,6,170.2,5.6,3,4,94.1,18.6,2,1.07
P-000742,2025-07-01,7,174.6,9.6,1,4,85.8,20.6,2,1.32
P-000742,2025-08-01,8,179.3,6.3,2,5,100.2,20.3,2,1.24
P-000742,2025-09-01,9,175.6,4.3,2,3,88.6,18.7,2,1.08
P-000742,2025-10-01,10,172.0,7.1,0,5,90.1,18.3,2,1.88
P-000742,2025-11-01,11,175.6,4.2,1,3,95.1,15.6,2,1.0
P-000742,2025-12-01,12,173.1,0.0,2,5,94.6,17.3,2,1.51
P-000743,2025-01-01,1,170.3,5.8,1,4,89.7,17.6,2,1.61
P-000743,2025-02-01,2,175.5,13.3,2,5,86.7,26.2,2,1.92
P-000743,2025-03-01,3,220.1,36.5,8,10,44.0,77.4,4,3.76
P-000743,2025-04-01,4,219.8,41.3,6,7,42.6,76.1,4,4.51
P-000743,2025-05-01,5,215.7,35.2,7,9,44.4,73.8,4,4.13
P-000743,2025-06-01,6,218.5,38.7,4,9,43.4,68.9,4,3.09
P-000743,2025-07-01,7,217.9,40.4,5,9,42.9,72.2,4,3.53
P-000743,2025-08-01,8,220.4,41.6,11,9,42.5,83.7,3,3.57
P-000743,2025-09-01,9,213.8,38.1,11,13,43.6,84.0,4,4.19
P-000743,2025-10-01,10,174.7,12.5,2,6,87.0,26.4,2,2.03
P-000743,2025-11-01,11,173.8,14.3,4,4,86.3,28.3,2,1.75
P-000743,2025-12-01,12,173.5,11.4,2,7,87.4,24.8,2,1.49
P-000744,2025-01-01,1,178.8,14.2,1,4,84.3,27.5,2,2.6
P-000744,2025-02-01,2,177.8,4.1,1,5,88.4,21.0,2,1.85
P-000744,2025-03-01,3,176.8,12.3,2,5,85.1,25.4,2,1.47
P-000744,2025-04-01,4,217.6,38.2,5,11,44.2,71.8,3,3.33
P-000744,2025-05-01,5,220.8,30.7,4,7,44.0,67.5,3,4.15
P-000744,2025-06-01,6,227.4,37.2,7,10,45.7,78.8,4,3.99
P-000744,2025-07-01,7,207.7,27.1,8,7,49.3,65.5,3,3.53
P-000744,2025-08-01,8,215.4,27.6,6,8,49.7,65.3,3,3.36
P-000744,2025-09-01,9,180.1,12.1,1,6,85.2,25.4,2,1.46
P-000744,2025-10-01,10,181.2,6.8,2,5,87.3,26.2,2,2.26
P-000744,2025-11-01,11,182.0,8.5,3,5,86.6,26.4,2,1.22
P-000744,2025-12-01,12,181.9,1.5,1,5,89.4,20.8,2,1.74
P-000745,2025-01-01,1,181.2,7.3,3,5,88.1,25.8,2,1.42
P-000745,2025-02-01,2,166.3,6.2,3,6,94.8,19.1,2,1.24
P-000745,2025-03-01,3,173.3,8.6,4,5,91.0,24.8,2,1.46
P-000745,2025-04-01,4,175.1,0.0,3,4,96.2,19.0,2,1.61
P-000745,2025-05-01,5,171.1,9.0,2,3,88.7,20.2,2,1.54
P-000745,2025-06-01,6,173.1,9.6,4,5,90.9,25.0,2,1.39
P-000745,2025-07-01,7,174.8,1.3,1,3,93.4,15.5,2,1.45
P-000745,2025-08-01,8,173.5,4.9,1,4,91.4,17.4,2,1.37
P-000745,2025-09-01,9,172.9,3.5,1,6,95.3,17.3,2,1.4
P-000745,2025-10-01,10,170.1,3.7,0,4,87.6,14.6,2,1.3
P-000745,2025-11-01,11,174.8,7.3,1,4,92.8,19.4,2,1.67
P-000745,2025-12-01,12,183.2,9.0,4,6,89.5,29.7,2,1.57
P-000746,2025-01-01,1,172.8,8.7,2,4,94.5,18.9,1,1.0
P-000746,2025-02-01,2,209.1,34.2,7,6,47.7,67.9,4,3.91
P-000746,2025-03-01,3,213.1,45.9,8,7,44.2,77.5,4,4.04
P-000746,2025-04-01,4,211.6,40.6,4,8,45.8,66.8,4,3.37
P-000746,2025-05-01,5,228.6,30.8,6,6,48.8,70.1,4,3.36
P-000746,2025-06-01,6,118.2,0.0,0,3,120.0,5.0,1,1.0
P-000746,2025-07-01,7,171.6,2.6,1,5,97.0,14.9,1,1.17
P-000746,2025-08-01,8,172.7,3.6,1,3,96.6,14.5,1,1.22
P-000746,2025-09-01,9,175.5,6.0,1,4,95.6,17.3,1,1.19
P-000746,2025-10-01,10,167.2,8.3,0,5,94.7,15.6,1,1.63
P-000746,2025-11-01,11,173.3,7.6,1,4,95.0,17.9,1,1.43
P-000746,2025-12-01,12,168.9,3.7,0,3,96.5,11.7,1,1.23
P-000747,2025-01-01,1,189.6,9.1,1,6,88.1,26.4,2,1.25
P-000747,2025-02-01,2,185.6,2.8,1,6,93.0,22.7,2,1.73
P-000747,2025-03-01,3,179.2,0.8,4,4,95.6,21.2,2,1.11
P-000747,2025-04-01,4,169.1,10.2,1,5,93.8,18.0,2,1.26
P-000747,2025-05-01,5,182.3,7.6,2,4,92.7,24.5,2,1.97
P-000747,2025-06-01,6,172.8,4.9,2,3,88.1,19.5,2,1.67
P-000747,2025-07-01,7,169.8,7.2,0,5,88.3,16.6,2,1.36
P-000747,2025-08-01,8,180.5,6.4,4,6,94.2,26.0,2,1.27
P-000747,2025-09-01,9,180.5,9.1,0,3,86.1,21.5,2,1.9
P-000747,2025-10-01,10,180.6,1.6,2,7,95.5,21.9,2,1.58
P-000747,2025-11-01,11,179.5,2.9,4,4,97.3,22.6,2,1.38
P-000747,2025-12-01,12,182.0,10.2,2,5,88.5,26.1,2,1.62
P-000748,2025-01-01,1,176.0,14.7,1,5,84.1,26.6,2,2.24
P-000748,2025-02-01,2,178.3,5.6,2,5,87.7,23.0,2,1.61
P-000748,2025-03-01,3,168.4,12.3,1,6,85.1,20.5,2,1.1
P-000748,2025-04-01,4,225.1,29.5,10,6,45.6,76.9,3,3.91
P-000748,2025-05-01,5,205.4,29.2,5,8,51.1,60.5,4,3.35
P-000748,2025-06-01,6,211.5,41.5,5,11,41.3,71.8,3,3.41
P-000748,2025-07-01,7,211.1,32.7,7,6,43.2,68.2,3,3.63
P-000748,2025-08-01,8,213.0,40.1,9,7,42.9,77.4,4,4.23
P-000748,2025-09-01,9,172.4,4.0,1,3,88.4,17.8,2,1.87
P-000748,2025-10-01,10,181.7,11.2,3,4,85.5,27.3,2,1.36
P-000748,2025-11-01,11,183.2,11.3,3,3,85.5,28.2,2,1.73
P-000748,2025-12-01,12,183.2,12.2,1,5,85.1,26.1,2,1.54
P-000749,2025-01-01,1,156.3,2.0,1,5,97.2,9.7,1,1.34
P-000749,2025-02-01,2,209.9,32.5,6,9,48.2,67.6,4,3.86
P-000749,2025-03-01,3,210.5,25.5,7,9,50.4,67.8,4,4.51
P-000749,2025-04-01,4,200.7,42.5,7,8,45.3,68.6,4,3.24
P-000749,2025-05-01,5,205.5,35.7,7,11,47.3,70.4,4,3.77
P-000749,2025-06-01,6,105.8,0.0,0,3,120.0,5.0,1,1.0
P-000749,2025-07-01,7,163.5,4.1,1,6,96.4,13.4,1,1.17
P-000749,2025-08-01,8,158.0,1.2,0,4,97.5,7.4,1,1.3
P-000749,2025-09-01,9,156.5,6.0,1,6,95.6,12.5,1,1.39
P-000749,2025-10-01,10,160.5,2.2,0,4,97.1,9.7,1,1.65
P-000749,2025-11-01,11,162.1,4.6,2,5,96.2,14.8,1,1.4
P-000749,2025-12-01,12,157.2,4.0,0,6,96.4,9.5,1,1.16
P-000750,2025-01-01,1,178.4,9.0,1,3,86.4,22.7,2,2.01
P-000750,2025-02-01,2,182.5,17.9,3,6,82.9,33.0,2,1.7
P-000750,2025-03-01,3,174.6,14.0,1,6,84.4,25.2,2,1.76
P-000750,2025-04-01,4,215.8,20.6,6,8,51.9,63.7,3,3.97
P-000750,2025-05-01,5,215.9,26.2,9,9,46.6,72.5,3,3.89
P-000750,2025-06-01,6,203.1,39.7,6,10,46.3,71.4,3,4.75
P-000750,2025-07-01,7,221.8,34.4,6,10,41.0,73.8,3,3.55
P-000750,2025-08-01,8,212.1,29.0,8,6,51.7,67.0,3,3.6
P-000750,2025-09-01,9,174.3,4.3,1,3,88.3,18.3,2,1.77
P-000750,2025-10-01,10,174.1,16.9,1,5,83.2,24.9,2,1.42
P-000750,2025-11-01,11,178.6,12.8,2,5,84.9,28.1,2,2.23
P-000750,2025-12-01,12,178.8,8.6,4,4,86.6,27.9,2,1.87
P-000751,2025-01-01,1,182.2,5.1,3,3,97.0,23.7,2,2.01
P-000751,2025-02-01,2,185.9,9.3,2,6,87.4,27.6,2,1.49
P-000751,2025-03-01,3,181.7,4.6,3,5,95.2,25.0,2,2.01
P-000751,2025-04-01,4,184.5,6.0,1,4,92.8,21.3,2,1.31
P-000751,2025-05-01,5,174.8,4.2,2,4,92.3,20.1,2,1.78
P-000751,2025-06-01,6,185.6,4.6,4,5,89.9,27.1,2,1.22
P-000751,2025-07-01,7,180.5,7.9,4,6,94.1,26.7,2,1.31
P-000751,2025-08-01,8,177.4,0.0,3,5,94.7,19.3,2,1.06
P-000751,2025-09-01,9,178.8,4.3,4,5,92.3,25.0,2,1.57
P-000751,2025-10-01,10,174.6,7.6,3,5,92.2,22.2,2,1.14
P-000751,2025-11-01,11,171.9,5.1,2,4,95.0,17.4,2,1.16
P-000751,2025-12-01,12,181.2,3.3,2,5,91.3,21.0,2,1.07
P-000752,2025-01-01,1,176.9,6.2,3,5,95.5,22.1,1,1.29
P-000752,2025-02-01,2,220.4,34.8,9,9,47.6,76.9,4,3.69
P-000752,2025-03-01,3,228.4,33.8,6,8,47.9,74.6,4,4.08
P-000752,2025-04-01,4,217.2,39.2,4,6,46.2,67.3,4,3.59
P-000752,2025-05-01,5,224.0,44.0,6,11,44.8,79.4,4,3.9
P-000752,2025-06-01,6,123.4,0.0,0,3,120.0,5.0,1,1.0
P-000752,2025-07-01,7,180.4,0.2,1,5,97.9,17.2,1,1.32
P-000752,2025-08-01,8,170.9,5.1,1,4,95.9,16.1,1,1.52
P-000752,2025-09-01,9,172.5,1.5,0,6,97.4,14.7,1,1.59
P-000752,2025-10-01,10,172.6,2.7,1,5,96.9,16.5,1,1.64
P-000752,2025-11-01,11,171.0,6.4,1,4,95.5,15.4,1,1.0
P-000752,2025-12-01,12,182.8,4.5,2,5,96.2,21.5,1,1.23
P-000753,2025-01-01,1,173.3,11.6,1,5,85.4,23.0,2,1.8
P-000753,2025-02-01,2,171.4,11.1,3,6,85.6,25.6,2,1.61
P-000753,2025-03-01,3,178.2,4.7,2,5,88.1,22.8,2,1.75
P-000753,2025-04-01,4,220.8,29.6,8,9,47.2,73.5,4,3.76
P-000753,2025-05-01,5,212.7,31.9,6,6,44.9,65.9,3,3.43
P-000753,2025-06-01,6,222.6,26.2,5,9,40.5,68.8,4,3.68
P-000753,2025-07-01,7,211.8,32.7,4,8,46.6,64.5,4,3.77
P-000753,2025-08-01,8,211.7,34.8,4,8,48.1,65.6,3,4.02
P-000753,2025-09-01,9,177.7,12.8,1,6,84.9,25.5,2,1.7
P-000753,2025-10-01,10,179.2,16.8,2,5,83.3,29.6,2,1.92
P-000753,2025-11-01,11,180.8,6.5,1,5,87.4,23.2,2,1.83
P-000753,2025-12-01,12,177.5,6.0,1,5,87.6,22.4,2,2.1
P-000754,2025-01-01,1,174.5,0.3,4,5,96.6,20.5,2,1.38
P-000754,2025-02-01,2,173.3,10.5,2,4,90.1,22.2,2,1.6
P-000754,2025-03-01,3,176.7,2.8,0,7,91.0,17.9,2,1.33
P-000754,2025-04-01,4,170.7,7.7,3,3,87.9,21.2,2,1.49
P-000754,2025-05-01,5,171.1,10.5,2,4,86.5,22.6,2,1.82
P-000754,2025-06-01,6,173.2,5.1,3,5,98.0,19.3,2,1.05
P-000754,2025-07-01,7,168.5,7.3,4,4,86.4,23.1,2,1.58
P-000754,2025-08-01,8,169.6,6.6,0,5,99.3,13.8,2,1.18
P-000754,2025-09-01,9,177.0,2.0,2,4,96.1,18.7,2,1.59
P-000754,2025-10-01,10,175.7,7.5,1,3,94.5,18.3,2,1.47
P-000754,2025-11-01,11,162.2,3.8,2,5,87.5,16.7,2,1.65
P-000754,2025-12-01,12,178.5,5.9,3,7,96.2,24.7,2,1.65
P-000755,2025-01-01,1,177.7,5.0,2,4,89.9,22.1,2,1.88
P-000755,2025-02-01,2,178.7,3.7,1,4,94.4,17.5,2,1.11
P-000755,2025-03-01,3,182.4,5.0,4,3,87.8,26.1,2,1.6
P-000755,2025-04-01,4,184.1,7.7,4,3,94.9,27.5,2,2.01
P-000755,2025-05-01,5,175.3,9.2,1,3,96.6,19.4,3,1.87
P-000755,2025-06-01,6,177.1,4.9,2,5,91.3,20.7,2,1.23
P-000755,2025-07-01,7,174.4,1.4,2,3,95.3,17.0,2,1.58
P-000755,2025-08-01,8,175.7,3.8,3,4,92.6,21.1,2,1.47
P-000755,2025-09-01,9,177.8,5.7,2,5,88.0,21.3,2,1.01
P-000755,2025-10-01,10,178.6,5.8,1,6,93.8,20.0,2,1.21
P-000755,2025-11-01,11,170.7,5.3,1,4,88.9,16.1,2,1.0
P-000755,2025-12-01,12,171.2,3.5,3,5,89.6,21.5,2,1.85
P-000756,2025-01-01,1,187.3,18.1,1,7,74.8,35.2,3,2.3
P-000756,2025-02-01,2,184.0,11.4,3,6,77.5,32.3,3,1.88
P-000756,2025-03-01,3,183.5,14.0,4,6,76.4,36.1,3,2.27
P-000756,2025-04-01,4,224.0,51.6,7,10,43.5,85.2,5,4.47
P-000756,2025-05-01,5,234.0,42.5,11,12,43.6,93.2,5,4.56
P-000756,2025-06-01,6,239.2,44.9,13,9,41.4,97.7,5,4.54
P-000756,2025-07-01,7,233.3,49.6,8,10,39.6,91.4,5,5.0
P-000756,2025-08-01,8,243.1,55.7,7,12,39.9,96.3,5,4.75
P-000756,2025-09-01,9,250.7,56.6,7,11,37.6,98.0,5,5.0
P-000756,2025-10-01,10,251.7,53.2,7,15,39.4,98.0,5,4.38
P-000756,2025-11-01,11,259.1,57.9,14,11,34.4,98.0,5,4.04
P-000756,2025-12-01,12,258.6,44.9,6,13,36.8,95.5,5,4.19
P-000757,2025-01-01,1,179.4,9.0,2,5,86.4,24.5,2,1.42
P-000757,2025-02-01,2,183.4,14.4,1,3,84.2,25.1,2,1.2
P-000757,2025-03-01,3,182.8,10.2,3,6,85.9,29.8,2,1.85
P-000757,2025-04-01,4,218.4,35.3,5,6,45.8,69.3,3,4.19
P-000757,2025-05-01,5,216.0,34.3,7,8,51.9,69.3,4,3.27
P-000757,2025-06-01,6,215.5,23.5,4,9,51.9,61.9,4,3.89
P-000757,2025-07-01,7,222.6,39.7,4,9,40.0,71.8,4,3.27
P-000757,2025-08-01,8,228.5,37.1,8,12,49.9,81.3,3,3.97
P-000757,2025-09-01,9,181.7,12.4,2,3,85.0,26.1,2,1.56
P-000757,2025-10-01,10,178.3,13.0,3,4,84.8,28.5,2,1.96
P-000757,2025-11-01,11,185.0,1.0,3,4,89.6,24.4,2,1.74
P-000757,2025-12-01,12,180.5,14.9,3,5,84.1,30.1,2,1.68
P-000758,2025-01-01,1,174.3,12.5,2,4,85.0,22.8,2,1.0
P-000758,2025-02-01,2,177.4,12.8,2,4,84.9,25.5,2,1.6
P-000758,2025-03-01,3,170.8,8.2,1,4,86.7,19.0,2,1.47
P-000758,2025-04-01,4,208.5,41.5,7,11,40.0,74.4,4,3.44
P-000758,2025-05-01,5,202.4,24.6,4,9,44.0,58.2,3,3.49
P-000758,2025-06-01,6,205.5,24.4,9,8,47.0,67.1,3,3.77
P-000758,2025-07-01,7,209.4,31.8,7,6,48.9,67.2,3,4.07
P-000758,2025-08-01,8,202.2,31.7,4,7,52.7,58.8,4,3.73
P-000758,2025-09-01,9,173.0,13.2,1,6,84.7,23.7,2,1.56
P-000758,2025-10-01,10,176.3,11.1,1,3,85.6,22.7,2,1.88
P-000758,2025-11-01,11,167.3,8.4,2,6,86.7,21.9,2,1.93
P-000758,2025-12-01,12,175.3,9.1,2,4,86.3,23.9,2,1.96
P-000759,2025-01-01,1,167.0,7.7,1,6,94.9,17.4,1,1.52
P-000759,2025-02-01,2,205.0,28.1,9,10,49.6,69.1,4,3.71
P-000759,2025-03-01,3,216.0,42.8,7,6,45.2,74.5,4,3.94
P-000759,2025-04-01,4,227.7,39.0,5,11,46.3,76.6,4,3.86
P-000759,2025-05-01,5,223.0,43.7,8,12,44.9,82.0,4,3.51
P-000759,2025-06-01,6,114.5,0.0,0,3,120.0,5.0,1,1.0
P-000759,2025-07-01,7,171.6,6.1,0,5,95.6,15.6,1,1.43
P-000759,2025-08-01,8,167.8,5.1,2,3,96.0,15.0,1,1.12
P-000759,2025-09-01,9,165.5,6.7,0,4,95.3,13.0,1,1.38
P-000759,2025-10-01,10,164.0,4.0,1,4,96.4,12.0,1,1.09
P-000759,2025-11-01,11,169.0,3.1,2,4,96.8,16.1,1,1.54
P-000759,2025-12-01,12,168.3,6.9,2,4,95.3,16.4,1,1.0
P-000760,2025-01-01,1,189.8,11.2,3,6,77.5,35.8,3,2.5
P-000760,2025-02-01,2,191.9,14.2,3,5,76.3,36.7,3,2.23
P-000760,2025-03-01,3,186.5,17.9,2,5,74.9,35.0,3,2.25
P-000760,2025-04-01,4,243.0,49.0,10,8,49.1,93.9,5,4.63
P-000760,2025-05-01,5,239.7,42.0,5,8,44.4,83.2,5,4.99
P-000760,2025-06-01,6,246.7,46.1,5,10,36.5,88.5,5,4.32
P-000760,2025-07-01,7,249.8,40.9,9,10,37.3,95.0,5,4.73
P-000760,2025-08-01,8,254.4,54.7,11,11,37.2,98.0,5,4.65
P-000760,2025-09-01,9,263.6,46.4,11,10,35.8,98.0,5,4.65
P-000760,2025-10-01,10,264.1,45.6,13,10,41.6,98.0,5,4.64
P-000760,2025-11-01,11,262.8,53.3,7,7,36.6,98.0,5,4.8
P-000760,2025-12-01,12,259.7,56.3,7,10,37.7,98.0,5,4.34
P-000761,2025-01-01,1,167.0,9.8,3,4,88.2,21.2,2,1.42
P-000761,2025-02-01,2,169.4,7.8,0,3,94.3,13.6,2,1.11
P-000761,2025-03-01,3,171.1,4.9,4,3,90.4,20.2,2,1.0
P-000761,2025-04-01,4,171.9,1.6,2,3,95.8,16.7,3,1.79
P-000761,2025-05-01,5,171.1,13.5,4,5,85.5,26.7,2,1.29
P-000761,2025-06-01,6,170.2,0.0,4,7,100.4,19.8,2,1.49
P-000761,2025-07-01,7,169.3,9.5,1,4,88.4,17.6,2,1.06
P-000761,2025-08-01,8,171.1,8.9,2,6,91.1,21.2,2,1.38
P-000761,2025-09-01,9,173.2,6.7,2,4,94.7,18.8,2,1.26
P-000761,2025-10-01,10,166.1,6.5,4,4,90.2,20.6,2,1.32
P-000761,2025-11-01,11,165.8,3.9,0,4,96.0,11.5,2,1.28
P-000761,2025-12-01,12,174.1,9.9,2,4,90.1,22.1,2,1.58
P-000762,2025-01-01,1,169.9,4.8,0,5,93.0,15.7,2,1.74
P-000762,2025-02-01,2,173.7,3.0,1,5,98.1,15.8,2,1.26
P-000762,2025-03-01,3,173.6,6.9,2,6,90.1,21.7,2,1.43
P-000762,2025-04-01,4,165.5,10.1,3,3,85.3,20.1,2,1.21
P-000762,2025-05-01,5,177.4,2.8,3,4,91.5,21.7,2,1.59
P-000762,2025-06-01,6,161.4,6.5,1,5,93.1,14.4,2,1.46
P-000762,2025-07-01,7,170.4,8.1,1,4,89.3,18.2,2,1.45
P-000762,2025-08-01,8,168.3,6.2,2,4,91.4,19.1,2,1.92
P-000762,2025-09-01,9,168.5,8.8,2,4,88.7,18.7,2,1.07
P-000762,2025-10-01,10,171.2,5.5,3,6,91.2,22.4,2,1.72
P-000762,2025-11-01,11,171.6,6.5,1,6,90.9,19.3,2,1.57
P-000762,2025-12-01,12,171.6,10.7,2,4,92.0,22.4,2,2.07
P-000763,2025-01-01,1,169.6,4.7,4,5,87.5,21.4,2,1.0
P-000763,2025-02-01,2,171.4,6.7,0,4,91.3,15.7,2,1.35
P-000763,2025-03-01,3,168.0,0.9,3,6,94.1,18.4,2,1.55
P-000763,2025-04-01,4,164.3,9.3,3,4,89.7,19.8,2,1.43
P-000763,2025-05-01,5,166.9,5.0,3,4,90.0,18.6,2,1.32
P-000763,2025-06-01,6,171.8,6.4,3,4,89.2,22.1,2,1.75
P-000763,2025-07-01,7,174.6,2.3,1,3,93.3,15.9,2,1.47
P-000763,2025-08-01,8,163.7,6.0,1,5,92.0,16.2,2,1.85
P-000763,2025-09-01,9,169.6,6.6,3,3,87.9,20.6,2,1.56
P-000763,2025-10-01,10,169.2,5.5,2,6,93.7,18.6,2,1.33
P-000763,2025-11-01,11,170.8,3.4,1,4,98.5,15.9,2,1.94
P-000763,2025-12-01,12,170.0,2.3,2,4,95.0,16.0,2,1.35
P-000764,2025-01-01,1,184.8,10.7,1,3,87.7,24.2,2,1.53
P-000764,2025-02-01,2,184.1,6.1,3,3,89.5,26.3,2,2.02
P-000764,2025-03-01,3,229.3,26.8,9,11,47.0,79.3,4,4.16
P-000764,2025-04-01,4,226.5,35.7,5,9,44.3,73.2,4,3.59
P-000764,2025-05-01,5,231.7,31.4,5,14,45.6,78.6,3,4.53
P-000764,2025-06-01,6,228.9,33.6,6,10,44.9,77.1,4,4.32
P-000764,2025-07-01,7,227.3,45.2,8,8,41.4,83.7,4,4.17
P-000764,2025-08-01,8,228.3,30.2,4,7,45.9,68.8,4,3.82
P-000764,2025-09-01,9,220.9,46.1,8,10,41.2,84.1,3,4.53
P-000764,2025-10-01,10,190.1,6.0,1,5,89.6,24.5,2,1.3
P-000764,2025-11-01,11,177.5,7.2,2,3,89.1,21.7,2,1.57
P-000764,2025-12-01,12,181.7,9.4,3,4,88.2,27.6,2,1.97
P-000765,2025-01-01,1,172.4,6.9,0,5,95.3,18.1,2,2.15
P-000765,2025-02-01,2,170.1,6.4,1,3,89.3,15.6,2,1.0
P-000765,2025-03-01,3,176.0,4.7,2,5,89.9,21.0,2,1.46
P-000765,2025-04-01,4,167.0,12.2,4,6,90.0,24.4,2,1.23
P-000765,2025-05-01,5,177.5,4.4,4,3,96.3,22.5,2,1.59
P-000765,2025-06-01,6,165.0,4.3,1,4,92.9,13.5,2,1.21
P-000765,2025-07-01,7,175.7,8.2,3,4,89.3,23.9,2,1.62
P-000765,2025-08-01,8,174.9,4.6,1,4,92.3,17.8,2,1.47
P-000765,2025-09-01,9,168.5,13.6,2,5,89.1,22.7,2,1.66
P-000765,2025-10-01,10,171.6,3.2,2,4,99.0,17.0,2,1.68
P-000765,2025-11-01,11,170.7,8.8,0,5,85.2,17.8,2,1.21
P-000765,2025-12-01,12,168.5,4.9,4,6,95.2,21.0,2,1.27
P-000766,2025-01-01,1,168.0,11.8,4,4,85.3,25.6,2,1.82
P-000766,2025-02-01,2,174.6,7.6,4,5,87.0,27.0,2,2.03
P-000766,2025-03-01,3,171.6,8.1,2,5,86.8,22.1,2,1.7
P-000766,2025-04-01,4,208.2,43.0,6,7,42.2,71.9,3,4.15
P-000766,2025-05-01,5,208.0,29.3,4,6,46.7,60.9,3,3.97
P-000766,2025-06-01,6,202.7,21.5,5,7,44.6,58.2,3,3.88
P-000766,2025-07-01,7,207.4,43.3,8,7,41.3,73.8,3,3.59
P-000766,2025-08-01,8,204.2,33.8,4,6,45.9,60.8,3,3.68
P-000766,2025-09-01,9,173.2,9.3,1,5,86.3,21.7,2,1.77
P-000766,2025-10-01,10,170.8,11.2,3,5,85.5,25.9,2,2.04
P-000766,2025-11-01,11,170.9,5.0,1,4,88.0,17.3,2,1.41
P-000766,2025-12-01,12,179.3,11.2,1,4,85.5,24.5,2,1.93
P-000767,2025-01-01,1,181.6,5.5,0,3,89.8,18.9,2,1.54
P-000767,2025-02-01,2,179.5,8.8,3,4,88.5,25.1,2,1.41
P-000767,2025-03-01,3,226.2,31.2,7,11,45.6,75.8,3,3.66
P-000767,2025-04-01,4,224.0,37.1,10,11,43.9,82.6,4,3.59
P-000767,2025-05-01,5,233.6,32.6,7,12,45.2,81.3,3,4.33
P-000767,2025-06-01,6,220.7,44.5,7,10,41.6,80.5,4,4.08
P-000767,2025-07-01,7,226.1,39.1,4,10,43.3,75.2,4,4.23
P-000767,2025-08-01,8,229.7,27.9,4,10,46.6,70.8,4,4.1
P-000767,2025-09-01,9,230.1,32.4,6,9,45.3,76.1,4,4.23
P-000767,2025-10-01,10,174.6,6.3,4,5,89.5,25.3,2,1.75
P-000767,2025-11-01,11,171.3,9.8,4,3,88.1,25.4,2,2.1
P-000767,2025-12-01,12,180.2,8.1,3,6,88.8,26.8,2,1.61
P-000768,2025-01-01,1,168.3,3.2,1,5,96.7,14.0,1,1.17
P-000768,2025-02-01,2,216.5,41.3,5,6,45.6,70.0,4,3.69
P-000768,2025-03-01,3,217.6,41.7,5,8,45.5,72.2,4,3.8
P-000768,2025-04-01,4,220.2,28.9,6,8,49.3,69.2,4,3.98
P-000768,2025-05-01,5,217.1,35.3,4,10,47.4,67.9,4,3.51
P-000768,2025-06-01,6,118.4,0.0,0,3,120.0,5.0,1,1.0
P-000768,2025-07-01,7,164.9,5.4,1,4,95.9,13.2,1,1.17
P-000768,2025-08-01,8,168.1,1.7,3,4,97.3,15.7,1,1.12
P-000768,2025-09-01,9,178.4,6.0,1,6,95.6,20.1,1,1.35
P-000768,2025-10-01,10,174.0,3.5,1,3,96.6,15.0,1,1.23
P-000768,2025-11-01,11,172.8,3.2,1,5,96.7,15.7,1,1.21
P-000768,2025-12-01,12,176.3,4.1,0,5,96.3,16.0,1,1.31
P-000769,2025-01-01,1,171.9,7.1,3,4,89.4,21.5,2,1.4
P-000769,2025-02-01,2,169.7,9.3,2,4,87.3,21.3,2,1.74
P-000769,2025-03-01,3,175.8,5.7,1,4,94.2,18.5,2,1.59
P-000769,2025-04-01,4,171.2,2.7,3,4,91.9,18.5,3,1.23
P-000769,2025-05-01,5,169.3,9.4,2,5,86.0,22.1,2,1.76
P-000769,2025-06-01,6,180.9,8.0,4,6,85.4,28.0,2,1.08
P-000769,2025-07-01,7,158.2,2.7,2,5,95.8,14.4,2,2.05
P-000769,2025-08-01,8,170.7,10.7,0,4,88.9,19.2,2,2.01
P-000769,2025-09-01,9,172.8,4.5,3,5,90.3,21.7,2,1.57
P-000769,2025-10-01,10,175.1,5.8,0,5,95.5,16.7,2,1.42
P-000769,2025-11-01,11,168.2,7.8,3,6,89.4,21.6,2,1.29
P-000769,2025-12-01,12,178.1,6.2,3,4,94.5,22.5,2,1.46
P-000770,2025-01-01,1,189.2,18.7,1,6,74.5,36.4,3,2.67
P-000770,2025-02-01,2,180.2,18.3,5,6,74.7,39.2,3,2.48
P-000770,2025-03-01,3,190.9,10.1,5,6,78.0,37.9,3,2.09
P-000770,2025-04-01,4,240.0,36.2,8,11,43.5,86.5,5,4.36
P-000770,2025-05-01,5,230.6,45.4,6,7,43.0,82.1,5,4.76
P-000770,2025-06-01,6,246.0,47.9,6,9,37.5,89.3,5,4.12
P-000770,2025-07-01,7,242.3,42.6,7,8,36.9,88.8,5,4.85
P-000770,2025-08-01,8,242.2,43.7,5,12,37.3,86.2,5,3.95
P-000770,2025-09-01,9,248.1,61.7,14,8,35.7,98.0,5,4.42
P-000770,2025-10-01,10,252.2,57.6,11,10,36.3,98.0,5,5.0
P-000770,2025-11-01,11,257.7,50.7,10,12,30.0,98.0,5,4.58
P-000770,2025-12-01,12,245.8,58.3,12,10,39.6,98.0,5,4.58
P-000771,2025-01-01,1,177.9,3.7,4,5,95.1,22.5,2,1.0
P-000771,2025-02-01,2,179.4,6.0,3,5,88.1,24.0,2,1.15
P-000771,2025-03-01,3,183.7,4.0,2,3,87.8,23.5,2,1.87
P-000771,2025-04-01,4,179.5,4.4,3,5,92.4,23.6,2,1.59
P-000771,2025-05-01,5,175.0,6.3,0,4,92.4,17.0,2,1.5
P-000771,2025-06-01,6,178.3,7.3,1,6,91.0,22.8,2,1.91
P-000771,2025-07-01,7,169.8,7.9,2,4,89.8,19.1,2,1.29
P-000771,2025-08-01,8,175.4,10.1,2,6,95.2,23.1,2,1.6
P-000771,2025-09-01,9,172.7,7.7,0,3,92.6,15.9,2,1.42
P-000771,2025-10-01,10,178.5,2.8,2,4,91.5,20.3,2,1.55
P-000771,2025-11-01,11,177.3,1.6,3,3,94.0,19.6,2,1.42
P-000771,2025-12-01,12,173.2,2.6,4,5,94.0,21.8,2,1.49
P-000772,2025-01-01,1,182.5,8.4,4,6,78.6,34.2,3,2.76
P-000772,2025-02-01,2,181.5,8.0,3,6,78.8,31.5,3,2.56
P-000772,2025-03-01,3,184.9,5.7,1,6,79.7,29.6,3,3.12
P-000772,2025-04-01,4,222.2,40.4,8,8,46.4,81.1,5,5.0
P-000772,2025-05-01,5,241.3,38.6,10,9,45.2,90.2,5,4.59
P-000772,2025-06-01,6,245.8,43.6,9,14,40.1,96.2,5,4.49
P-000772,2025-07-01,7,249.7,51.3,11,11,42.5,98.0,5,4.21
P-000772,2025-08-01,8,241.3,51.0,5,12,42.0,89.4,5,4.51
P-000772,2025-09-01,9,251.2,62.0,10,9,33.9,98.0,5,4.66
P-000772,2025-10-01,10,251.3,60.8,11,9,36.9,98.0,5,4.08
P-000772,2025-11-01,11,254.4,59.3,11,13,35.5,98.0,5,4.53
P-000772,2025-12-01,12,252.7,49.6,13,11,35.5,98.0,5,4.58
P-000773,2025-01-01,1,179.5,9.0,2,4,88.0,24.6,2,1.83
P-000773,2025-02-01,2,174.4,7.5,0,4,92.3,17.5,2,1.56
P-000773,2025-03-01,3,176.5,0.0,0,4,92.8,15.1,2,1.62
P-000773,2025-04-01,4,183.2,10.1,0,3,92.2,21.4,2,1.75
P-000773,2025-05-01,5,174.9,7.5,1,4,89.9,19.6,3,1.51
P-000773,2025-06-01,6,182.0,7.3,3,4,87.2,26.3,2,1.71
P-000773,2025-07-01,7,175.7,4.7,3,4,92.9,21.8,2,1.63
P-000773,2025-08-01,8,173.4,6.3,3,4,91.4,22.1,2,1.7
P-000773,2025-09-01,9,175.5,6.7,3,4,89.6,23.0,2,1.56
P-000773,2025-10-01,10,182.3,5.1,1,6,88.5,22.8,2,1.52
P-000773,2025-11-01,11,170.0,6.4,3,6,92.0,21.1,2,1.3
P-000773,2025-12-01,12,177.8,1.5,1,5,95.8,17.4,2,1.38
P-000774,2025-01-01,1,174.1,9.5,3,3,93.0,22.7,2,1.69
P-000774,2025-02-01,2,184.1,4.0,2,4,95.9,20.8,2,1.08
P-000774,2025-03-01,3,181.9,6.7,2,3,91.3,22.3,2,1.43
P-000774,2025-04-01,4,177.4,6.8,0,4,89.7,17.3,2,1.0
P-000774,2025-05-01,5,183.6,3.6,1,4,97.2,18.4,2,1.01
P-000774,2025-06-01,6,187.0,3.6,2,5,91.5,24.3,2,1.54
P-000774,2025-07-01,7,185.0,4.1,1,5,90.7,22.3,2,1.53
P-000774,2025-08-01,8,186.9,9.7,2,4,91.8,26.2,2,1.58
P-000774,2025-09-01,9,184.6,3.5,1,4,86.2,20.7,2,1.0
P-000774,2025-10-01,10,182.1,10.5,4,5,94.8,28.1,2,1.52
P-000774,2025-11-01,11,185.1,5.4,1,4,94.4,20.7,2,1.23
P-000774,2025-12-01,12,175.2,8.6,0,5,88.2,20.9,2,2.07
P-000775,2025-01-01,1,193.9,16.9,5,5,75.2,42.3,3,2.33
P-000775,2025-02-01,2,188.4,18.1,3,7,74.8,38.3,3,2.06
P-000775,2025-03-01,3,184.0,19.8,3,6,74.1,39.2,3,3.0
P-000775,2025-04-01,4,240.7,39.4,11,12,46.3,93.9,5,4.62
P-000775,2025-05-01,5,244.8,45.4,5,8,41.2,85.0,5,4.17
P-000775,2025-06-01,6,242.6,41.3,6,10,45.7,86.1,5,4.76
P-000775,2025-07-01,7,243.8,50.8,6,10,40.0,90.1,5,4.18
P-000775,2025-08-01,8,246.6,52.7,9,14,37.9,98.0,5,4.4
P-000775,2025-09-01,9,255.4,50.8,14,13,41.1,98.0,5,4.31
P-000775,2025-10-01,10,264.2,52.5,11,13,29.2,98.0,5,4.86
P-000775,2025-11-01,11,254.7,60.7,12,8,37.6,98.0,5,4.93
P-000775,2025-12-01,12,263.7,64.7,14,13,33.6,98.0,5,4.63
P-000776,2025-01-01,1,172.6,4.2,0,5,92.8,16.2,2,1.66
P-000776,2025-02-01,2,181.2,4.6,4,5,92.8,24.4,2,1.0
P-000776,2025-03-01,3,184.9,6.0,4,5,91.4,27.9,2,1.52
P-000776,2025-04-01,4,183.4,13.7,0,3,89.6,23.1,2,1.59
P-000776,2025-05-01,5,180.2,7.3,4,4,89.5,25.9,2,1.27
P-000776,2025-06-01,6,186.2,10.1,3,4,87.8,28.0,2,1.35
P-000776,2025-07-01,7,172.1,0.0,1,6,95.2,16.3,2,1.69
P-000776,2025-08-01,8,184.1,10.4,1,4,92.4,23.6,2,1.54
P-000776,2025-09-01,9,177.6,9.8,1,4,87.2,23.6,2,2.14
P-000776,2025-10-01,10,181.9,1.1,0,5,92.7,16.6,2,1.0
P-000776,2025-11-01,11,183.9,10.0,2,7,92.5,25.8,2,1.03
P-000776,2025-12-01,12,176.0,6.1,0,4,94.7,17.2,2,1.67
P-000777,2025-01-01,1,175.6,7.4,3,6,94.2,23.1,2,1.27
P-000777,2025-02-01,2,173.7,6.1,4,5,92.6,23.6,2,1.43
P-000777,2025-03-01,3,177.0,6.6,1,5,89.6,20.8,2,1.55
P-000777,2025-04-01,4,179.0,9.8,2,3,88.5,22.8,2,1.3
P-000777,2025-05-01,5,160.2,5.1,3,4,86.7,16.9,2,1.31
P-000777,2025-06-01,6,173.3,4.7,1,4,95.3,15.5,2,1.0
P-000777,2025-07-01,7,164.6,6.2,1,3,91.5,13.6,2,1.13
P-000777,2025-08-01,8,168.0,9.3,3,5,88.4,22.0,2,1.41
P-000777,2025-09-01,9,181.8,4.3,3,5,91.3,25.7,2,2.04
P-000777,2025-10-01,10,169.1,8.2,2,6,85.5,21.6,2,1.47
P-000777,2025-11-01,11,168.7,7.7,3,5,90.5,21.3,2,1.5
P-000777,2025-12-01,12,175.4,9.8,2,6,88.5,24.9,2,1.88
P-000778,2025-01-01,1,175.3,8.9,4,3,88.4,25.0,2,1.54
P-000778,2025-02-01,2,177.0,3.4,3,5,90.6,23.0,2,1.74
P-000778,2025-03-01,3,227.0,42.5,4,7,42.3,74.7,3,4.08
P-000778,2025-04-01,4,218.2,38.2,11,11,43.5,83.9,3,4.03
P-000778,2025-05-01,5,231.6,44.4,11,13,41.7,92.6,4,3.95
P-000778,2025-06-01,6,229.5,45.8,6,8,41.3,81.6,3,4.24
P-000778,2025-07-01,7,213.7,23.8,7,10,47.9,67.9,3,3.95
P-000778,2025-08-01,8,223.7,45.9,8,11,41.2,83.6,3,3.69
P-000778,2025-09-01,9,220.3,36.5,5,8,44.1,73.4,3,4.67
P-000778,2025-10-01,10,170.5,7.7,4,5,88.9,24.5,2,1.75
P-000778,2025-11-01,11,175.2,7.4,2,3,89.0,22.2,2,2.06
P-000778,2025-12-01,12,177.2,9.2,4,5,88.3,28.0,2,1.9
P-000779,2025-01-01,1,182.1,12.6,2,5,87.0,28.9,2,2.22
P-000779,2025-02-01,2,174.7,6.8,0,4,89.3,18.0,2,1.63
P-000779,2025-03-01,3,230.9,34.2,7,10,44.7,80.3,4,4.53
P-000779,2025-04-01,4,236.0,39.7,9,10,43.1,86.0,3,3.71
P-000779,2025-05-01,5,213.0,44.0,9,13,41.8,82.1,3,3.76
P-000779,2025-06-01,6,229.7,42.4,4,8,42.3,77.6,3,4.58
P-000779,2025-07-01,7,225.3,33.3,9,14,45.0,83.6,4,4.39
P-000779,2025-08-01,8,232.5,44.2,6,12,41.7,84.1,3,4.06
P-000779,2025-09-01,9,228.9,39.9,9,10,43.0,84.7,3,4.13
P-000779,2025-10-01,10,185.6,4.7,0,3,90.1,20.8,2,1.9
P-000779,2025-11-01,11,182.3,6.4,0,3,89.4,20.5,2,1.9
P-000779,2025-12-01,12,181.9,8.2,0,4,88.7,21.6,2,1.81
P-000780,2025-01-01,1,174.5,2.5,2,4,89.0,20.0,2,1.82
P-000780,2025-02-01,2,182.8,12.0,1,4,85.2,25.2,2,1.57
P-000780,2025-03-01,3,168.1,11.7,2,4,85.3,21.8,2,1.61
P-000780,2025-04-01,4,210.0,30.8,7,6,45.9,66.4,4,3.6
P-000780,2025-05-01,5,222.5,36.2,5,11,40.4,73.7,4,3.47
P-000780,2025-06-01,6,212.4,40.7,6,8,43.1,72.0,3,3.79
P-000780,2025-07-01,7,222.0,28.9,5,7,43.5,68.0,4,3.77
P-000780,2025-08-01,8,205.8,24.0,4,8,55.7,57.1,4,3.81
P-000780,2025-09-01,9,176.3,12.4,2,5,85.0,25.9,2,1.74
P-000780,2025-10-01,10,184.3,8.8,3,5,86.5,29.0,2,1.89
P-000780,2025-11-01,11,173.4,3.8,2,4,88.5,20.7,2,2.02
P-000780,2025-12-01,12,183.0,13.0,1,5,84.8,27.0,2,1.78
P-000781,2025-01-01,1,180.0,7.4,2,6,89.0,25.4,2,1.88
P-000781,2025-02-01,2,180.1,9.4,3,4,88.2,25.7,2,1.47
P-000781,2025-03-01,3,220.9,52.1,9,9,39.4,87.5,4,4.34
P-000781,2025-04-01,4,205.2,38.0,5,7,43.6,67.1,4,4.25
P-000781,2025-05-01,5,226.0,30.2,5,8,45.9,71.7,4,4.39
P-000781,2025-06-01,6,224.3,35.4,4,8,44.4,70.8,3,3.93
P-000781,2025-07-01,7,225.9,41.0,9,12,42.7,85.1,3,3.99
P-000781,2025-08-01,8,226.5,28.0,7,11,46.6,75.5,3,4.09
P-000781,2025-09-01,9,222.2,40.9,11,11,42.7,86.0,3,3.82
P-000781,2025-10-01,10,169.9,7.9,2,5,88.8,19.8,2,1.22
P-000781,2025-11-01,11,181.9,6.9,3,5,89.3,27.1,2,1.97
P-000781,2025-12-01,12,178.0,3.0,1,4,90.8,18.4,2,1.43
P-000782,2025-01-01,1,184.6,10.0,3,3,86.0,28.0,2,1.71
P-000782,2025-02-01,2,174.5,12.1,2,4,85.1,24.6,2,1.75
P-000782,2025-03-01,3,183.3,4.5,1,5,88.2,22.9,2,1.75
P-000782,2025-04-01,4,213.2,35.8,5,9,41.9,69.7,4,3.89
P-000782,2025-05-01,5,213.0,37.6,7,10,40.0,73.8,3,3.51
P-000782,2025-06-01,6,212.5,36.0,4,12,48.9,66.8,3,3.16
P-000782,2025-07-01,7,208.2,29.5,4,6,42.4,62.6,4,4.31
P-000782,2025-08-01,8,222.6,31.0,8,6,49.4,71.4,3,3.42
P-000782,2025-09-01,9,180.7,14.8,1,3,84.1,26.0,2,1.9
P-000782,2025-10-01,10,183.7,9.6,2,4,86.1,26.8,2,1.86
P-000782,2025-11-01,11,179.0,11.7,3,5,85.3,28.9,2,2.02
P-000782,2025-12-01,12,180.6,13.0,1,5,84.8,27.5,2,2.29
P-000783,2025-01-01,1,185.9,6.0,2,5,91.3,23.6,2,1.0
P-000783,2025-02-01,2,182.8,8.1,4,4,86.7,27.7,2,1.3
P-000783,2025-03-01,3,189.5,11.9,1,5,82.8,27.5,2,1.1
P-000783,2025-04-01,4,182.4,4.7,1,5,94.4,21.4,2,1.71
P-000783,2025-05-01,5,184.1,5.5,1,4,94.5,22.0,2,1.86
P-000783,2025-06-01,6,184.3,8.8,0,6,91.6,21.5,2,1.0
P-000783,2025-07-01,7,183.6,2.7,1,5,93.6,21.7,2,1.94
P-000783,2025-08-01,8,179.0,5.5,0,5,94.6,18.8,2,1.73
P-000783,2025-09-01,9,185.4,3.6,2,4,96.2,22.3,2,1.59
P-000783,2025-10-01,10,188.6,8.7,1,3,88.3,24.2,2,1.39
P-000783,2025-11-01,11,185.5,6.5,2,5,91.4,24.3,2,1.27
P-000783,2025-12-01,12,186.8,3.7,4,5,88.9,28.3,2,1.63
P-000784,2025-01-01,1,172.1,4.6,1,5,94.7,15.9,2,1.0
P-000784,2025-02-01,2,169.4,3.8,1,6,94.5,16.3,2,1.37
P-000784,2025-03-01,3,172.8,3.5,1,4,96.2,16.5,2,1.69
P-000784,2025-04-01,4,174.5,12.8,1,3,81.0,22.7,2,1.53
P-000784,2025-05-01,5,172.8,6.7,1,4,91.3,17.0,2,1.0
P-000784,2025-06-01,6,176.6,7.3,3,4,92.1,22.1,2,1.15
P-000784,2025-07-01,7,176.6,6.1,3,5,87.2,22.8,2,1.0
P-000784,2025-08-01,8,170.2,9.7,2,3,91.3,19.9,2,1.64
P-000784,2025-09-01,9,167.0,7.5,1,7,92.9,18.7,2,1.68
P-000784,2025-10-01,10,178.2,8.5,1,3,88.0,20.0,2,1.18
P-000784,2025-11-01,11,173.7,3.4,3,3,96.3,19.7,2,1.81
P-000784,2025-12-01,12,175.3,2.7,2,4,89.2,19.8,2,1.6
P-000785,2025-01-01,1,178.9,5.6,3,5,93.5,23.2,2,1.38
P-000785,2025-02-01,2,175.4,4.6,3,5,94.0,22.4,2,1.77
P-000785,2025-03-01,3,181.6,6.1,3,4,92.8,23.0,2,1.05
P-000785,2025-04-01,4,182.5,5.4,0,5,92.2,19.8,2,1.43
P-000785,2025-05-01,5,182.9,6.9,1,4,89.9,22.4,2,1.62
P-000785,2025-06-01,6,182.9,0.1,0,6,95.1,17.7,2,1.39
P-000785,2025-07-01,7,177.5,3.9,2,3,95.3,19.6,2,1.76
P-000785,2025-08-01,8,174.1,8.4,3,3,91.4,22.7,2,1.77
P-000785,2025-09-01,9,184.3,4.0,0,5,89.3,20.4,2,1.44
P-000785,2025-10-01,10,175.8,2.3,0,4,94.7,14.4,2,1.21
P-000785,2025-11-01,11,180.4,5.7,1,3,92.0,19.0,2,1.21
P-000785,2025-12-01,12,177.8,5.7,3,3,87.2,23.9,2,1.87
P-000786,2025-01-01,1,168.8,1.9,1,4,97.2,12.8,1,1.14
P-000786,2025-02-01,2,225.5,34.7,8,10,47.6,75.8,4,2.93
P-000786,2025-03-01,3,223.6,31.2,6,8,48.6,72.0,4,4.23
P-000786,2025-04-01,4,220.8,34.5,7,9,47.6,74.8,4,4.15
P-000786,2025-05-01,5,213.5,37.9,8,10,46.6,74.1,4,3.35
P-000786,2025-06-01,6,118.2,0.0,0,3,120.0,5.0,1,1.0
P-000786,2025-07-01,7,170.1,4.2,2,4,96.3,17.2,1,1.56
P-000786,2025-08-01,8,169.0,6.6,1,5,95.4,16.0,1,1.21
P-000786,2025-09-01,9,171.4,4.7,0,5,96.1,14.6,1,1.32
P-000786,2025-10-01,10,175.1,2.0,1,4,97.2,15.8,1,1.44
P-000786,2025-11-01,11,165.8,5.5,2,6,95.8,16.6,1,1.15
P-000786,2025-12-01,12,173.7,3.3,0,6,96.7,15.5,1,1.37
P-000787,2025-01-01,1,182.4,14.1,2,6,84.3,28.2,2,1.18
P-000787,2025-02-01,2,178.6,10.9,2,3,85.6,25.7,2,2.16
P-000787,2025-03-01,3,184.8,10.7,1,4,85.7,25.4,2,1.59
P-000787,2025-04-01,4,228.4,39.4,8,7,46.5,78.5,3,3.56
P-000787,2025-05-01,5,223.9,37.0,4,7,40.5,72.3,4,4.31
P-000787,2025-06-01,6,217.8,36.0,8,7,45.7,73.4,4,3.51
P-000787,2025-07-01,7,211.9,31.1,4,12,52.4,65.8,4,3.94
P-000787,2025-08-01,8,218.2,35.6,10,7,53.0,76.0,4,3.75
P-000787,2025-09-01,9,178.2,6.8,3,5,87.3,25.0,2,1.52
P-000787,2025-10-01,10,183.2,4.9,1,6,88.0,25.6,2,2.5
P-000787,2025-11-01,11,181.0,6.3,1,4,87.5,21.9,2,1.59
P-000787,2025-12-01,12,178.1,13.7,2,4,84.5,26.4,2,1.67
P-000788,2025-01-01,1,181.4,6.3,3,5,93.9,23.9,2,1.24
P-000788,2025-02-01,2,182.1,0.5,4,5,93.0,23.2,2,1.08
P-000788,2025-03-01,3,182.4,5.9,0,3,95.2,19.2,2,1.9
P-000788,2025-04-01,4,182.2,3.6,3,5,92.1,24.1,2,1.49
P-000788,2025-05-01,5,174.7,5.0,0,3,88.4,15.7,2,1.21
P-000788,2025-06-01,6,181.2,6.7,0,3,97.6,19.1,2,2.06
P-000788,2025-07-01,7,183.8,11.7,2,4,92.0,25.8,2,1.53
P-000788,2025-08-01,8,183.3,6.1,0,5,91.8,20.2,2,1.34
P-000788,2025-09-01,9,183.2,7.1,4,4,93.9,25.3,2,1.0
P-000788,2025-10-01,10,180.3,8.9,4,6,88.9,28.5,2,1.5
P-000788,2025-11-01,11,181.3,10.6,2,6,89.6,25.6,2,1.3
P-000788,2025-12-01,12,174.0,10.3,1,3,90.3,19.6,2,1.49
P-000789,2025-01-01,1,164.5,7.7,1,5,91.4,16.7,2,1.62
P-000789,2025-02-01,2,164.1,7.6,3,5,91.8,20.5,2,1.9
P-000789,2025-03-01,3,161.3,1.7,1,4,97.0,10.7,2,1.37
P-000789,2025-04-01,4,165.1,7.1,4,6,92.3,22.8,2,1.88
P-000789,2025-05-01,5,160.7,3.8,1,4,90.5,13.1,2,1.58
P-000789,2025-06-01,6,163.0,9.3,3,4,87.7,19.9,2,1.51
P-000789,2025-07-01,7,166.9,8.7,4,4,90.0,22.8,2,1.7
P-000789,2025-08-01,8,156.6,3.8,4,4,88.9,18.0,2,1.98
P-000789,2025-09-01,9,167.3,6.0,2,4,92.4,17.9,2,1.65
P-000789,2025-10-01,10,168.1,2.0,1,6,92.7,15.7,2,1.48
P-000789,2025-11-01,11,167.3,0.0,4,6,94.6,19.4,2,1.58
P-000789,2025-12-01,12,166.9,5.8,0,5,92.0,14.3,2,1.36
P-000790,2025-01-01,1,172.7,4.9,1,4,96.1,16.7,1,1.55
P-000790,2025-02-01,2,230.6,35.5,8,9,47.3,79.9,4,3.96
P-000790,2025-03-01,3,219.4,30.4,5,8,48.9,67.6,4,3.87
P-000790,2025-04-01,4,214.5,36.4,4,8,47.1,66.0,4,3.43
P-000790,2025-05-01,5,225.7,31.6,5,9,48.5,71.7,4,4.12
P-000790,2025-06-01,6,123.9,0.0,0,3,120.0,5.0,1,1.0
P-000790,2025-07-01,7,172.5,8.5,2,3,94.6,19.3,1,1.5
P-000790,2025-08-01,8,184.1,6.6,0,5,95.4,20.6,1,1.59
P-000790,2025-09-01,9,169.4,6.4,2,4,95.4,17.7,1,1.44
P-000790,2025-10-01,10,172.9,5.6,2,3,95.8,18.2,1,1.59
P-000790,2025-11-01,11,175.3,6.7,0,4,95.3,16.6,1,1.46
P-000790,2025-12-01,12,174.8,6.4,0,5,95.4,16.6,1,1.31
P-000791,2025-01-01,1,185.5,7.0,4,4,97.8,27.2,2,1.75
P-000791,2025-02-01,2,184.3,3.6,0,6,89.3,22.5,2,2.1
P-000791,2025-03-01,3,184.0,1.8,2,3,95.1,21.5,2,1.95
P-000791,2025-04-01,4,185.1,9.2,4,5,94.5,27.4,3,1.0
P-000791,2025-05-01,5,182.1,1.8,4,6,100.2,24.9,3,1.8
P-000791,2025-06-01,6,179.3,1.7,2,3,95.1,17.5,2,1.03
P-000791,2025-07-01,7,172.8,8.3,0,4,94.0,16.5,2,1.42
P-000791,2025-08-01,8,182.5,8.5,1,5,87.5,24.2,2,1.7
P-000791,2025-09-01,9,187.2,9.4,4,5,91.9,30.6,2,1.76
P-000791,2025-10-01,10,180.2,2.6,4,4,97.4,24.8,2,2.21
P-000791,2025-11-01,11,193.8,4.7,1,6,90.4,27.1,2,1.84
P-000791,2025-12-01,12,183.1,8.2,2,4,85.5,26.7,2,2.07
P-000792,2025-01-01,1,178.0,7.8,3,5,86.9,26.0,2,1.75
P-000792,2025-02-01,2,186.5,8.1,2,3,86.8,26.5,2,1.91
P-000792,2025-03-01,3,181.2,7.7,4,3,86.9,27.2,2,1.7
P-000792,2025-04-01,4,218.2,27.8,6,10,40.0,69.4,3,3.32
P-000792,2025-05-01,5,211.6,33.6,4,9,49.1,65.7,4,4.08
P-000792,2025-06-01,6,216.3,30.5,10,8,44.1,77.6,4,4.57
P-000792,2025-07-01,7,213.2,36.6,9,8,43.3,75.8,4,3.9
P-000792,2025-08-01,8,224.7,29.4,4,8,48.5,67.6,3,3.94
P-000792,2025-09-01,9,189.3,7.5,4,6,87.0,33.1,2,2.15
P-000792,2025-10-01,10,179.3,13.0,4,3,84.8,30.5,2,2.24
P-000792,2025-11-01,11,185.3,12.8,2,4,84.9,27.0,2,1.11
P-000792,2025-12-01,12,182.3,15.7,3,6,83.7,31.6,2,1.58
P-000793,2025-01-01,1,181.0,13.4,1,5,84.7,26.3,2,1.7
P-000793,2025-02-01,2,185.0,7.9,1,5,86.9,24.5,2,1.5
P-000793,2025-03-01,3,179.9,9.8,3,5,86.1,27.4,2,1.67
P-000793,2025-04-01,4,217.2,34.5,5,7,43.2,68.7,4,3.76
P-000793,2025-05-01,5,215.1,35.4,5,9,40.0,71.3,3,4.19
P-000793,2025-06-01,6,219.1,27.6,9,8,43.8,72.7,4,3.39
P-000793,2025-07-01,7,210.8,18.0,5,7,52.6,57.2,4,3.53
P-000793,2025-08-01,8,223.3,31.7,5,6,47.4,68.5,4,3.87
P-000793,2025-09-01,9,180.6,15.2,2,5,83.9,27.9,2,1.35
P-000793,2025-10-01,10,183.5,12.9,1,4,84.8,27.4,2,2.14
P-000793,2025-11-01,11,178.5,14.9,2,6,84.0,29.9,2,2.26
P-000793,2025-12-01,12,184.9,9.4,2,3,86.2,25.8,2,1.6
P-000794,2025-01-01,1,180.2,10.2,1,4,85.9,23.3,2,1.52
P-000794,2025-02-01,2,185.2,3.5,3,6,88.6,27.5,2,1.95
P-000794,2025-03-01,3,169.9,8.6,1,3,86.6,19.5,2,1.99
P-000794,2025-04-01,4,209.1,28.2,5,11,46.9,64.9,3,3.63
P-000794,2025-05-01,5,216.5,32.6,7,6,40.0,71.3,4,3.91
P-000794,2025-06-01,6,215.9,32.1,5,7,49.8,65.9,4,3.71
P-000794,2025-07-01,7,202.3,30.1,6,8,40.0,63.6,4,3.36
P-000794,2025-08-01,8,210.8,32.8,7,6,48.6,68.5,3,4.19
P-000794,2025-09-01,9,185.3,5.9,1,6,87.6,23.6,2,1.21
P-000794,2025-10-01,10,180.0,6.3,3,5,87.5,26.0,2,1.79
P-000794,2025-11-01,11,178.0,3.2,2,4,88.7,20.9,2,1.58
P-000794,2025-12-01,12,179.8,7.9,4,5,86.8,27.7,2,1.49
P-000795,2025-01-01,1,177.3,9.2,2,4,88.2,22.8,2,1.36
P-000795,2025-02-01,2,184.2,4.5,4,4,92.1,27.0,2,1.85
P-000795,2025-03-01,3,184.7,6.1,3,6,92.3,25.4,2,1.0
P-000795,2025-04-01,4,180.9,9.3,1,4,90.4,21.1,2,1.0
P-000795,2025-05-01,5,178.4,7.1,3,5,91.2,23.9,2,1.3
P-000795,2025-06-01,6,186.4,4.9,1,5,91.2,23.8,2,1.85
P-000795,2025-07-01,7,181.9,10.1,4,5,88.9,28.7,2,1.41
P-000795,2025-08-01,8,171.9,1.0,3,7,97.2,18.6,2,1.04
P-000795,2025-09-01,9,179.3,6.7,2,5,92.5,22.4,2,1.43
P-000795,2025-10-01,10,179.0,9.7,4,5,92.8,27.2,2,1.57
P-000795,2025-11-01,11,180.6,5.1,2,3,92.8,20.6,2,1.34
P-000795,2025-12-01,12,180.3,6.1,4,5,88.5,27.5,2,1.78
P-000796,2025-01-01,1,169.7,6.0,1,5,95.6,16.3,1,1.32
P-000796,2025-02-01,2,227.2,36.1,8,11,47.2,78.2,4,3.13
P-000796,2025-03-01,3,217.1,29.1,5,7,49.3,64.7,4,3.53
P-000796,2025-04-01,4,218.5,35.9,7,10,47.2,75.5,4,4.23
P-000796,2025-05-01,5,221.3,39.2,4,9,46.2,70.2,4,3.37
P-000796,2025-06-01,6,117.9,0.0,0,3,120.0,5.0,1,1.0
P-000796,2025-07-01,7,167.4,5.8,1,3,95.7,13.6,1,1.17
P-000796,2025-08-01,8,174.8,5.9,0,4,95.6,15.6,1,1.29
P-000796,2025-09-01,9,169.0,4.0,1,6,96.4,15.6,1,1.29
P-000796,2025-10-01,10,169.1,5.2,0,4,95.9,12.9,1,1.15
P-000796,2025-11-01,11,169.4,1.9,0,5,97.2,11.9,1,1.06
P-000796,2025-12-01,12,165.0,5.9,2,3,95.6,14.4,1,1.12
P-000797,2025-01-01,1,173.5,4.3,1,3,96.3,15.0,1,1.16
P-000797,2025-02-01,2,213.9,42.3,4,6,45.3,66.3,4,3.07
P-000797,2025-03-01,3,220.5,40.0,7,7,46.0,75.5,4,3.99
P-000797,2025-04-01,4,223.7,30.5,4,8,48.8,68.3,4,4.2
P-000797,2025-05-01,5,219.0,38.3,7,7,46.5,74.4,4,4.09
P-000797,2025-06-01,6,120.8,0.0,0,3,120.0,5.0,1,1.0
P-000797,2025-07-01,7,167.0,6.2,0,3,95.5,12.1,1,1.2
P-000797,2025-08-01,8,170.1,5.6,0,5,95.8,14.5,1,1.32
P-000797,2025-09-01,9,177.4,4.9,1,5,96.0,18.9,1,1.51
P-000797,2025-10-01,10,165.5,5.3,2,5,95.9,17.3,1,1.8
P-000797,2025-11-01,11,166.8,2.8,0,4,96.9,11.1,1,1.2
P-000797,2025-12-01,12,170.7,6.4,0,4,95.4,14.2,1,1.21
P-000798,2025-01-01,1,181.0,4.0,2,5,88.4,23.8,2,1.88
P-000798,2025-02-01,2,177.8,13.3,1,5,84.7,25.6,2,1.87
P-000798,2025-03-01,3,176.4,8.5,3,4,86.6,26.1,2,2.16
P-000798,2025-04-01,4,235.6,40.7,7,10,44.3,82.8,3,3.75
P-000798,2025-05-01,5,220.9,30.0,8,8,44.6,71.6,4,2.99
P-000798,2025-06-01,6,214.5,37.3,4,6,42.1,65.6,4,3.26
P-000798,2025-07-01,7,218.5,30.8,5,8,46.8,66.9,4,3.49
P-000798,2025-08-01,8,211.4,36.7,4,10,46.5,68.2,3,4.15
P-000798,2025-09-01,9,180.6,9.5,1,4,86.2,23.0,2,1.45
P-000798,2025-10-01,10,184.3,13.8,2,3,84.5,28.3,2,1.84
P-000798,2025-11-01,11,179.0,9.8,4,4,86.1,28.1,2,1.64
P-000798,2025-12-01,12,183.3,18.9,3,5,82.4,33.4,2,1.8
P-000799,2025-01-01,1,178.6,6.5,0,4,89.4,18.2,2,1.24
P-000799,2025-02-01,2,176.2,6.5,1,5,89.4,20.4,2,1.54
P-000799,2025-03-01,3,224.2,38.2,6,11,43.5,77.6,3,4.0
P-000799,2025-04-01,4,225.1,41.9,7,8,42.4,78.9,3,3.85
P-000799,2025-05-01,5,223.0,34.2,9,8,44.7,77.5,4,3.69
P-000799,2025-06-01,6,225.7,45.5,8,11,41.3,83.9,4,3.63
P-000799,2025-07-01,7,215.8,41.9,4,12,42.4,75.0,3,4.51
P-000799,2025-08-01,8,219.3,37.3,8,9,43.8,77.2,4,3.93
P-000799,2025-09-01,9,223.9,31.3,7,11,45.6,76.6,4,4.3
P-000799,2025-10-01,10,175.3,11.9,2,4,87.2,23.5,2,1.42
P-000799,2025-11-01,11,172.6,9.6,3,3,88.2,22.3,2,1.37
P-000799,2025-12-01,12,178.0,10.1,3,5,88.0,27.2,2,1.94
P-000800,2025-01-01,1,170.7,3.4,1,6,96.6,16.9,1,1.66
P-000800,2025-02-01,2,208.5,46.6,4,8,44.0,69.4,4,3.7
P-000800,2025-03-01,3,219.9,38.2,7,11,46.5,78.8,4,4.63
P-000800,2025-04-01,4,213.5,33.3,6,9,48.0,68.0,4,3.38
P-000800,2025-05-01,5,212.1,36.9,4,12,46.9,69.0,4,3.81
P-000800,2025-06-01,6,114.9,0.0,0,3,120.0,5.0,1,1.0
P-000800,2025-07-01,7,175.8,4.7,0,6,96.1,17.0,1,1.44
P-000800,2025-08-01,8,167.8,6.1,3,5,95.5,19.2,1,1.38
P-000800,2025-09-01,9,156.9,7.6,2,5,95.0,14.2,1,1.3
P-000800,2025-10-01,10,166.5,7.7,0,6,94.9,14.6,1,1.17
P-000800,2025-11-01,11,169.0,3.6,0,4,96.6,12.3,1,1.25
P-000800,2025-12-01,12,161.2,2.9,0,5,96.9,9.3,1,1.0
P-000801,2025-01-01,1,186.3,5.0,1,4,90.0,23.3,2,1.81
P-000801,2025-02-01,2,189.2,9.8,4,5,88.1,31.2,2,1.37
P-000801,2025-03-01,3,242.0,25.6,6,10,47.3,76.1,3,3.59
P-000801,2025-04-01,4,252.2,39.0,11,9,43.3,94.6,4,3.93
P-000801,2025-05-01,5,239.0,35.1,7,9,44.5,81.0,4,3.76
P-000801,2025-06-01,6,243.9,38.2,8,8,43.5,85.9,3,4.07
P-000801,2025-07-01,7,245.3,31.2,11,9,45.6,88.5,3,3.94
P-000801,2025-08-01,8,241.1,36.8,4,7,44.0,77.2,3,4.16
P-000801,2025-09-01,9,242.0,34.1,4,9,44.8,77.2,3,4.02
P-000801,2025-10-01,10,194.4,8.8,1,5,88.5,28.8,2,1.88
P-000801,2025-11-01,11,183.4,8.9,1,3,88.4,24.3,2,2.14
P-000801,2025-12-01,12,189.6,5.8,1,5,89.7,25.0,2,1.61
P-000802,2025-01-01,1,173.9,10.8,1,3,89.1,19.6,2,1.3
P-000802,2025-02-01,2,168.5,9.3,2,3,91.8,18.1,2,1.25
P-000802,2025-03-01,3,177.0,1.0,4,5,95.9,22.6,2,1.7
P-000802,2025-04-01,4,174.0,7.7,0,3,91.6,15.6,2,1.09
P-000802,2025-05-01,5,172.9,7.0,1,5,88.1,20.6,2,1.88
P-000802,2025-06-01,6,171.8,8.1,4,4,90.7,23.3,2,1.38
P-000802,2025-07-01,7,170.2,3.8,3,4,94.0,17.7,2,1.0
P-000802,2025-08-01,8,174.4,9.3,4,4,88.5,25.9,2,1.7
P-000802,2025-09-01,9,170.9,13.8,4,7,88.0,27.4,2,1.21
P-000802,2025-10-01,10,178.1,9.9,4,5,86.2,27.9,2,1.45
P-000802,2025-11-01,11,175.7,0.7,4,5,96.7,21.1,2,1.39
P-000802,2025-12-01,12,177.4,7.2,1,4,91.6,19.9,2,1.47
P-000803,2025-01-01,1,174.8,4.2,2,3,88.3,20.7,2,1.99
P-000803,2025-02-01,2,181.9,14.6,1,3,84.1,24.8,2,1.25
P-000803,2025-03-01,3,176.2,11.1,4,4,85.5,29.3,2,2.3
P-000803,2025-04-01,4,213.4,40.8,4,10,48.7,70.3,4,4.17
P-000803,2025-05-01,5,211.8,29.9,6,8,43.9,67.6,3,3.97
P-000803,2025-06-01,6,228.7,36.4,8,10,44.6,80.7,4,3.94
P-000803,2025-07-01,7,212.1,32.1,7,11,46.5,70.2,4,3.35
P-000803,2025-08-01,8,204.5,31.9,4,11,45.7,64.2,4,3.97
P-000803,2025-09-01,9,180.7,16.5,2,3,83.4,28.9,2,2.04
P-000803,2025-10-01,10,180.6,13.2,4,5,84.7,30.7,2,1.56
P-000803,2025-11-01,11,181.2,5.6,2,4,87.7,23.9,2,1.84
P-000803,2025-12-01,12,180.7,12.2,2,3,85.1,26.3,2,1.84
P-000804,2025-01-01,1,182.9,15.0,4,5,84.0,32.0,2,1.38
P-000804,2025-02-01,2,186.3,9.8,2,5,86.1,28.1,2,1.71
P-000804,2025-03-01,3,183.7,10.2,3,3,85.9,27.9,2,1.8
P-000804,2025-04-01,4,216.6,31.7,8,9,50.8,71.3,3,3.39
P-000804,2025-05-01,5,215.4,30.3,6,10,48.6,68.0,4,3.37
P-000804,2025-06-01,6,217.3,29.8,10,11,45.3,78.0,4,3.99
P-000804,2025-07-01,7,214.0,33.2,7,7,45.2,70.0,4,3.77
P-000804,2025-08-01,8,224.1,33.8,4,6,45.5,66.8,4,3.24
P-000804,2025-09-01,9,179.6,9.8,1,6,86.1,24.8,2,1.75
P-000804,2025-10-01,10,181.3,13.2,1,3,84.7,25.0,2,1.7
P-000804,2025-11-01,11,181.6,7.6,4,4,86.9,28.8,2,2.01
P-000804,2025-12-01,12,183.3,14.1,2,3,84.4,27.8,2,1.71
P-000805,2025-01-01,1,183.2,7.3,3,5,92.6,26.6,2,1.79
P-000805,2025-02-01,2,171.8,7.0,3,4,94.8,20.3,2,1.34
P-000805,2025-03-01,3,183.0,4.8,1,5,92.0,20.3,2,1.0
P-000805,2025-04-01,4,173.7,8.4,1,4,88.4,19.4,2,1.33
P-000805,2025-05-01,5,180.8,8.5,1,3,88.6,22.2,2,1.74
P-000805,2025-06-01,6,185.1,3.0,1,4,93.1,20.4,2,1.39
P-000805,2025-07-01,7,182.6,10.1,0,4,91.1,22.0,2,1.71
P-000805,2025-08-01,8,178.5,7.0,1,5,91.1,19.9,2,1.06
P-000805,2025-09-01,9,171.7,4.2,0,5,91.4,16.6,2,1.82
P-000805,2025-10-01,10,177.8,5.5,3,4,91.0,22.7,2,1.43
P-000805,2025-11-01,11,183.2,4.5,2,5,91.7,23.6,2,1.65
P-000805,2025-12-01,12,178.1,3.5,3,7,94.6,22.9,2,1.25
P-000806,2025-01-01,1,170.5,10.6,0,5,87.8,18.9,2,1.56
P-000806,2025-02-01,2,174.3,10.8,1,4,87.7,22.8,2,2.17
P-000806,2025-03-01,3,216.9,34.1,4,10,44.8,68.0,3,3.6
P-000806,2025-04-01,4,232.8,40.2,5,11,42.9,79.5,3,3.86
P-000806,2025-05-01,5,224.4,34.9,7,12,44.5,79.0,3,4.24
P-000806,2025-06-01,6,219.0,36.7,7,7,44.0,75.7,3,4.67
P-000806,2025-07-01,7,221.4,29.9,10,11,46.0,79.7,3,4.15
P-000806,2025-08-01,8,222.4,29.1,4,9,46.3,68.9,3,4.39
P-000806,2025-09-01,9,212.4,36.8,10,7,44.0,76.6,3,3.94
P-000806,2025-10-01,10,174.8,3.8,2,5,90.5,21.1,2,1.84
P-000806,2025-11-01,11,167.5,10.3,2,4,87.9,20.4,2,1.59
P-000806,2025-12-01,12,173.2,5.8,1,4,89.7,19.1,2,1.82
P-000807,2025-01-01,1,167.8,4.1,0,3,96.4,11.8,1,1.37
P-000807,2025-02-01,2,214.7,37.8,5,8,46.7,69.7,4,3.95
P-000807,2025-03-01,3,211.3,23.5,6,6,51.0,63.1,4,4.34
P-000807,2025-04-01,4,210.9,40.3,4,8,45.9,68.9,4,4.34
P-000807,2025-05-01,5,212.6,42.0,4,9,45.4,70.6,4,4.23
P-000807,2025-06-01,6,115.3,0.0,0,3,120.0,5.0,1,1.0
P-000807,2025-07-01,7,162.1,2.2,0,4,97.1,9.2,1,1.23
P-000807,2025-08-01,8,170.1,4.9,1,5,96.0,15.7,1,1.26
P-000807,2025-09-01,9,168.7,0.0,1,3,98.0,11.5,1,1.24
P-000807,2025-10-01,10,157.5,4.7,2,6,96.1,13.5,1,1.23
P-000807,2025-11-01,11,166.4,1.2,1,6,97.5,13.6,1,1.39
P-000807,2025-12-01,12,163.3,6.0,0,6,95.6,12.4,1,1.07
P-000808,2025-01-01,1,180.5,4.2,2,4,96.3,20.5,1,1.45
P-000808,2025-02-01,2,233.0,43.0,5,8,45.1,78.9,4,4.06
P-000808,2025-03-01,3,220.1,33.9,4,6,47.8,65.5,4,3.44
P-000808,2025-04-01,4,233.7,37.9,7,7,46.6,79.4,4,4.07
P-000808,2025-05-01,5,227.0,32.1,6,9,48.4,74.2,4,4.17
P-000808,2025-06-01,6,128.9,0.0,0,3,120.0,5.0,1,1.0
P-000808,2025-07-01,7,178.1,5.5,1,5,95.8,18.7,1,1.22
P-000808,2025-08-01,8,178.3,4.8,1,5,96.1,19.2,1,1.51
P-000808,2025-09-01,9,182.9,3.2,3,3,96.7,21.7,1,1.38
P-000808,2025-10-01,10,178.8,5.9,1,5,95.7,19.2,1,1.23
P-000808,2025-11-01,11,179.3,4.5,0,4,96.2,16.8,1,1.43
P-000808,2025-12-01,12,177.3,6.0,0,4,95.6,16.3,1,1.19
P-000809,2025-01-01,1,179.7,6.4,4,3,93.0,24.2,2,1.37
P-000809,2025-02-01,2,180.6,6.0,4,3,96.0,24.2,2,1.52
P-000809,2025-03-01,3,176.7,6.2,4,5,92.5,26.4,2,2.11
P-000809,2025-04-01,4,174.2,6.9,2,3,101.5,16.6,2,1.0
P-000809,2025-05-01,5,173.3,3.7,1,4,90.7,18.1,3,1.83
P-000809,2025-06-01,6,178.2,4.9,1,5,97.6,17.9,2,1.09
P-000809,2025-07-01,7,178.8,0.6,1,6,88.5,19.6,2,1.47
P-000809,2025-08-01,8,175.2,4.0,2,4,93.2,19.2,2,1.48
P-000809,2025-09-01,9,169.1,13.6,2,6,90.1,22.9,2,1.43
P-000809,2025-10-01,10,178.5,5.3,2,5,92.5,21.5,2,1.4
P-000809,2025-11-01,11,166.8,7.8,3,5,92.6,19.1,2,1.01
P-000809,2025-12-01,12,182.1,8.3,3,3,89.9,25.3,2,1.6
P-000810,2025-01-01,1,179.9,9.5,1,5,84.8,25.1,2,2.02
P-000810,2025-02-01,2,175.9,12.5,1,5,88.1,22.0,2,1.1
P-000810,2025-03-01,3,179.9,6.2,3,4,92.3,23.9,2,1.62
P-000810,2025-04-01,4,168.1,8.2,4,3,91.3,20.9,3,1.24
P-000810,2025-05-01,5,171.7,8.4,0,4,93.0,16.4,2,1.44
P-000810,2025-06-01,6,177.6,7.9,0,5,90.5,19.5,2,1.47
P-000810,2025-07-01,7,175.8,10.2,1,6,89.2,22.1,2,1.34
P-000810,2025-08-01,8,170.9,9.6,3,6,88.6,23.9,2,1.49
P-000810,2025-09-01,9,177.2,6.3,4,3,92.5,23.1,2,1.26
P-000810,2025-10-01,10,170.4,6.7,1,6,95.8,18.5,2,1.74
P-000810,2025-11-01,11,178.3,2.0,1,4,95.9,18.3,2,1.87
P-000810,2025-12-01,12,178.0,15.0,3,6,92.1,29.3,2,1.99
P-000811,2025-01-01,1,184.4,8.6,1,5,88.6,24.0,2,1.41
P-000811,2025-02-01,2,178.8,9.2,1,4,88.3,21.3,2,1.22
P-000811,2025-03-01,3,189.0,7.2,2,4,89.1,27.0,2,1.81
P-000811,2025-04-01,4,179.3,6.6,0,4,89.3,19.6,2,1.68
P-000811,2025-05-01,5,181.6,10.6,4,3,87.8,28.8,2,1.87
P-000811,2025-06-01,6,220.6,31.2,5,10,60.6,65.1,4,2.91
P-000811,2025-07-01,7,216.7,27.8,4,8,61.7,58.8,4,2.77
P-000811,2025-08-01,8,187.9,1.2,0,4,91.5,19.6,2,1.53
P-000811,2025-09-01,9,179.6,4.9,1,3,90.1,19.2,2,1.41
P-000811,2025-10-01,10,188.6,10.2,2,5,87.9,28.5,2,1.65
P-000811,2025-11-01,11,183.8,13.8,3,4,86.5,29.3,2,1.51
P-000811,2025-12-01,12,180.3,6.0,2,5,89.6,25.6,2,2.46
P-000812,2025-01-01,1,177.2,14.8,5,6,76.1,36.4,3,2.48
P-000812,2025-02-01,2,190.3,14.7,3,6,76.1,35.9,3,1.79
P-000812,2025-03-01,3,186.1,15.9,5,5,75.6,38.5,3,2.09
P-000812,2025-04-01,4,228.5,43.5,5,9,40.7,80.3,5,4.59
P-000812,2025-05-01,5,230.9,51.7,9,8,39.8,89.1,5,3.96
P-000812,2025-06-01,6,244.2,47.2,9,10,45.9,92.1,5,3.98
P-000812,2025-07-01,7,245.6,41.3,9,9,39.4,92.1,5,4.51
P-000812,2025-08-01,8,248.8,59.0,5,9,41.1,93.5,5,4.48
P-000812,2025-09-01,9,257.0,47.7,11,9,35.7,98.0,5,4.76
P-000812,2025-10-01,10,262.6,52.6,12,10,40.3,98.0,5,4.1
P-000812,2025-11-01,11,263.0,50.4,12,12,36.0,98.0,5,4.51
P-000812,2025-12-01,12,258.8,52.2,11,13,30.5,98.0,5,4.42
P-000813,2025-01-01,1,183.7,11.1,1,5,86.8,24.6,2,1.16
P-000813,2025-02-01,2,181.9,11.1,2,4,93.0,25.4,2,1.83
P-000813,2025-03-01,3,175.6,3.5,2,5,92.6,20.5,2,1.71
P-000813,2025-04-01,4,178.3,7.4,1,3,93.1,20.5,2,1.91
P-000813,2025-05-01,5,173.0,1.7,1,4,93.7,17.4,2,2.13
P-000813,2025-06-01,6,177.9,4.6,1,3,93.2,17.9,2,1.41
P-000813,2025-07-01,7,175.1,6.2,4,6,96.4,25.0,2,1.8
P-000813,2025-08-01,8,174.6,3.5,0,5,93.4,14.9,2,1.0
P-000813,2025-09-01,9,178.3,4.2,2,4,88.2,20.8,2,1.27
P-000813,2025-10-01,10,177.8,3.8,4,5,87.0,24.5,2,1.22
P-000813,2025-11-01,11,170.3,6.3,2,5,92.0,19.0,2,1.36
P-000813,2025-12-01,12,181.6,6.2,3,5,95.5,24.1,2,1.4
P-000814,2025-01-01,1,169.8,5.5,1,5,95.8,15.8,1,1.19
P-000814,2025-02-01,2,217.6,42.1,8,8,45.4,75.6,4,3.1
P-000814,2025-03-01,3,203.8,33.4,8,13,48.0,73.3,4,4.4
P-000814,2025-04-01,4,215.7,34.8,5,8,47.6,67.5,4,3.51
P-000814,2025-05-01,5,213.8,28.0,8,9,49.6,71.8,4,4.51
P-000814,2025-06-01,6,117.9,0.0,0,3,120.0,5.0,1,1.0
P-000814,2025-07-01,7,171.3,6.4,1,4,95.4,16.5,1,1.36
P-000814,2025-08-01,8,168.5,6.5,2,3,95.4,16.6,1,1.4
P-000814,2025-09-01,9,166.2,6.2,1,5,95.5,15.5,1,1.45
P-000814,2025-10-01,10,160.3,8.1,0,5,94.7,12.3,1,1.31
P-000814,2025-11-01,11,169.3,5.5,2,3,95.8,16.1,1,1.26
P-000814,2025-12-01,12,168.2,4.8,1,4,96.1,14.3,1,1.26
P-000815,2025-01-01,1,187.8,13.9,5,5,76.4,40.3,3,2.96
P-000815,2025-02-01,2,183.6,10.1,1,4,77.9,28.1,3,2.36
P-000815,2025-03-01,3,183.1,13.4,4,5,76.6,35.6,3,2.5
P-000815,2025-04-01,4,225.1,50.7,8,12,41.3,88.8,5,4.52
P-000815,2025-05-01,5,236.6,38.6,10,11,41.6,90.4,5,4.52
P-000815,2025-06-01,6,236.8,47.2,12,7,45.1,92.1,5,3.74
P-000815,2025-07-01,7,238.3,42.8,11,11,39.3,95.1,5,4.6
P-000815,2025-08-01,8,250.4,50.5,6,10,31.6,95.3,5,4.76
P-000815,2025-09-01,9,247.1,55.2,14,10,39.5,98.0,5,4.42
P-000815,2025-10-01,10,258.6,54.7,5,11,38.1,96.8,5,4.38
P-000815,2025-11-01,11,256.6,55.5,10,10,34.4,98.0,5,4.76
P-000815,2025-12-01,12,250.7,58.0,14,12,33.8,98.0,5,4.7
P-000816,2025-01-01,1,184.3,2.8,2,5,88.9,23.2,2,1.43
P-000816,2025-02-01,2,182.7,16.2,1,5,83.5,29.6,2,2.21
P-000816,2025-03-01,3,181.2,9.4,2,6,86.2,25.0,2,1.0
P-000816,2025-04-01,4,218.4,28.7,8,10,55.2,70.2,3,3.28
P-000816,2025-05-01,5,209.2,41.4,5,8,50.5,68.4,3,3.88
P-000816,2025-06-01,6,200.5,35.4,4,9,49.9,60.8,3,3.41
P-000816,2025-07-01,7,209.8,20.1,10,6,50.8,67.2,4,4.12
P-000816,2025-08-01,8,209.6,27.0,6,11,48.4,66.7,4,3.92
P-000816,2025-09-01,9,183.4,9.4,1,5,86.3,26.2,2,2.1
P-000816,2025-10-01,10,184.9,11.1,2,3,85.5,26.9,2,1.7
P-000816,2025-11-01,11,176.0,7.5,2,5,87.0,22.7,2,1.46
P-000816,2025-12-01,12,179.8,7.2,4,4,87.1,26.9,2,1.59
P-000817,2025-01-01,1,178.3,10.1,3,5,86.0,27.1,2,1.71
P-000817,2025-02-01,2,181.3,8.9,1,6,86.4,24.8,2,1.68
P-000817,2025-03-01,3,184.2,8.6,2,4,86.5,26.3,2,1.79
P-000817,2025-04-01,4,224.0,33.1,9,8,51.0,76.8,4,3.93
P-000817,2025-05-01,5,220.2,40.9,10,7,50.4,77.4,4,2.96
P-000817,2025-06-01,6,217.6,25.9,5,9,53.7,65.4,3,4.08
P-000817,2025-07-01,7,224.1,31.4,4,10,42.4,69.7,4,3.53
P-000817,2025-08-01,8,221.6,24.9,7,10,51.5,70.4,3,3.93
P-000817,2025-09-01,9,177.0,9.9,2,5,86.0,24.3,2,1.47
P-000817,2025-10-01,10,174.3,7.3,2,3,87.1,21.1,2,1.62
P-000817,2025-11-01,11,182.5,3.8,4,5,88.5,28.5,2,2.27
P-000817,2025-12-01,12,186.0,8.6,1,5,86.6,24.7,2,1.3
P-000818,2025-01-01,1,183.7,7.3,1,7,87.4,26.1,2,1.93
P-000818,2025-02-01,2,176.8,6.2,3,5,89.4,23.2,2,1.27
P-000818,2025-03-01,3,183.8,5.4,1,4,89.0,23.0,2,1.92
P-000818,2025-04-01,4,180.9,8.4,1,4,89.3,22.1,2,1.46
P-000818,2025-05-01,5,181.0,7.0,1,5,88.6,22.9,2,1.68
P-000818,2025-06-01,6,183.6,4.7,3,6,96.7,26.6,2,2.21
P-000818,2025-07-01,7,178.8,6.1,0,5,94.1,18.7,2,1.57
P-000818,2025-08-01,8,177.8,6.9,4,6,92.3,26.9,2,1.77
P-000818,2025-09-01,9,183.4,5.9,2,5,97.1,21.6,2,1.0
P-000818,2025-10-01,10,173.1,8.0,1,4,93.4,17.6,2,1.17
P-000818,2025-11-01,11,178.6,8.9,1,4,91.5,20.2,2,1.14
P-000818,2025-12-01,12,172.8,6.4,1,5,91.7,17.5,2,1.01
P-000819,2025-01-01,1,173.8,1.5,2,3,92.0,16.9,2,1.35
P-000819,2025-02-01,2,182.2,6.8,4,7,90.3,28.3,2,1.29
P-000819,2025-03-01,3,183.0,2.7,2,3,93.2,19.9,2,1.14
P-000819,2025-04-01,4,180.0,5.0,1,4,93.8,20.7,3,1.96
P-000819,2025-05-01,5,178.8,3.5,2,4,89.6,21.3,3,1.62
P-000819,2025-06-01,6,178.7,7.5,1,5,90.9,22.7,2,2.02
P-000819,2025-07-01,7,178.2,10.0,0,4,88.7,19.1,2,1.0
P-000819,2025-08-01,8,179.3,2.5,1,4,92.6,18.6,2,1.55
P-000819,2025-09-01,9,174.7,4.5,3,4,93.5,21.3,2,1.67
P-000819,2025-10-01,10,175.5,7.3,3,4,94.9,22.2,2,1.54
P-000819,2025-11-01,11,179.2,7.0,2,6,92.9,22.5,2,1.2
P-000819,2025-12-01,12,177.4,7.6,2,5,93.6,22.3,2,1.57
P-000820,2025-01-01,1,178.7,6.2,4,4,92.4,25.6,2,1.78
P-000820,2025-02-01,2,183.2,8.4,4,3,96.2,26.5,2,1.7
P-000820,2025-03-01,3,180.8,5.2,1,6,97.3,20.5,2,1.45
P-000820,2025-04-01,4,186.5,8.2,3,4,94.2,26.4,2,1.49
P-000820,2025-05-01,5,184.0,7.1,2,6,92.7,26.2,2,1.95
P-000820,2025-06-01,6,180.4,5.7,2,4,93.2,21.4,2,1.35
P-000820,2025-07-01,7,180.3,6.2,3,5,87.8,24.9,2,1.34
P-000820,2025-08-01,8,184.0,5.2,3,4,94.3,24.0,2,1.38
P-000820,2025-09-01,9,175.2,6.7,4,4,95.6,23.3,2,1.54
P-000820,2025-10-01,10,184.0,3.8,4,5,89.8,26.0,2,1.14
P-000820,2025-11-01,11,174.0,4.5,4,4,85.9,23.5,2,1.4
P-000820,2025-12-01,12,180.0,9.2,0,5,92.0,19.9,2,1.21
P-000821,2025-01-01,1,192.8,22.3,2,8,73.1,41.0,3,2.12
P-000821,2025-02-01,2,187.8,15.5,2,6,75.8,36.4,3,2.84
P-000821,2025-03-01,3,191.5,18.8,4,6,74.5,40.7,3,2.04
P-000821,2025-04-01,4,229.1,52.0,11,8,47.4,92.3,5,4.68
P-000821,2025-05-01,5,235.6,39.1,9,10,36.0,88.8,5,4.45
P-000821,2025-06-01,6,238.5,53.6,9,13,43.2,97.0,5,4.68
P-000821,2025-07-01,7,235.9,45.5,14,7,35.0,98.0,5,4.58
P-000821,2025-08-01,8,253.0,52.8,13,12,33.1,98.0,5,4.27
P-000821,2025-09-01,9,250.2,52.9,5,7,37.4,89.9,5,4.13
P-000821,2025-10-01,10,262.6,49.9,5,10,34.7,97.7,5,5.0
P-000821,2025-11-01,11,255.6,54.5,8,11,40.7,98.0,5,4.49
P-000821,2025-12-01,12,262.0,55.5,11,7,32.0,98.0,5,4.42
P-000822,2025-01-01,1,171.7,8.0,1,6,89.9,20.7,2,1.77
P-000822,2025-02-01,2,168.1,5.3,4,4,90.7,22.3,2,1.98
P-000822,2025-03-01,3,170.1,7.2,1,4,90.9,16.6,2,1.12
P-000822,2025-04-01,4,167.2,10.5,2,4,96.0,17.9,2,1.21
P-000822,2025-05-01,5,173.7,7.6,4,3,86.9,23.6,2,1.29
P-000822,2025-06-01,6,172.7,7.5,1,3,90.0,17.8,2,1.39
P-000822,2025-07-01,7,175.1,1.6,0,4,91.9,16.1,2,1.89
P-000822,2025-08-01,8,176.0,7.3,1,5,89.2,22.1,2,2.08
P-000822,2025-09-01,9,179.7,10.8,3,4,87.0,25.3,2,1.0
P-000822,2025-10-01,10,172.9,4.2,3,5,93.8,21.8,2,1.92
P-000822,2025-11-01,11,170.5,2.2,1,4,94.9,15.4,2,1.69
P-000822,2025-12-01,12,175.7,6.1,3,5,91.4,23.1,2,1.56
P-000823,2025-01-01,1,172.5,10.0,4,5,88.8,24.7,2,1.11
P-000823,2025-02-01,2,179.3,7.0,1,5,87.5,22.6,2,1.74
P-000823,2025-03-01,3,180.9,6.2,1,5,89.8,20.6,2,1.03
P-000823,2025-04-01,4,187.3,10.3,0,6,89.8,25.4,3,1.75
P-000823,2025-05-01,5,181.1,8.0,1,4,89.8,22.9,2,1.88
P-000823,2025-06-01,6,174.6,5.0,2,3,95.7,18.0,2,1.37
P-000823,2025-07-01,7,177.9,10.3,2,5,86.3,23.7,2,1.08
P-000823,2025-08-01,8,178.5,8.0,2,4,93.4,21.1,2,1.13
P-000823,2025-09-01,9,178.8,3.9,2,6,92.9,21.9,2,1.51
P-000823,2025-10-01,10,181.7,11.3,1,6,90.7,23.5,2,1.01
P-000823,2025-11-01,11,187.8,10.4,3,3,90.9,29.3,2,2.11
P-000823,2025-12-01,12,186.1,4.1,0,5,96.2,19.1,2,1.17
P-000824,2025-01-01,1,167.0,4.9,2,3,90.9,17.9,2,2.06
P-000824,2025-02-01,2,175.8,5.6,4,4,86.8,25.1,2,1.68
P-000824,2025-03-01,3,167.4,7.8,2,4,88.2,20.7,2,2.17
P-000824,2025-04-01,4,173.3,4.3,1,6,96.0,17.9,3,1.49
P-000824,2025-05-01,5,173.6,6.4,0,6,87.9,20.3,2,2.11
P-000824,2025-06-01,6,168.9,10.2,1,3,88.7,18.1,2,1.49
P-000824,2025-07-01,7,166.0,2.2,2,5,92.5,14.9,2,1.04
P-000824,2025-08-01,8,177.0,9.7,2,3,89.7,21.9,2,1.35
P-000824,2025-09-01,9,176.7,7.0,2,4,95.2,20.0,2,1.25
P-000824,2025-10-01,10,168.8,3.4,2,6,92.4,17.3,2,1.1
P-000824,2025-11-01,11,162.7,6.0,2,6,95.3,16.0,2,1.22
P-000824,2025-12-01,12,166.7,8.6,0,4,92.2,13.8,2,1.02
P-000825,2025-01-01,1,173.0,5.1,4,5,88.0,24.9,2,1.89
P-000825,2025-02-01,2,175.4,6.8,1,3,87.3,18.0,2,1.0
P-000825,2025-03-01,3,176.4,7.2,1,3,87.1,20.4,2,1.71
P-000825,2025-04-01,4,206.5,26.8,7,13,46.6,67.6,4,3.43
P-000825,2025-05-01,5,212.1,34.4,5,9,45.9,67.1,3,3.54
P-000825,2025-06-01,6,213.8,32.2,7,8,43.5,70.4,4,3.72
P-000825,2025-07-01,7,216.4,20.7,6,7,57.3,61.0,4,3.49
P-000825,2025-08-01,8,217.0,37.3,8,6,49.1,72.9,4,3.73
P-000825,2025-09-01,9,177.1,12.6,2,3,84.9,25.9,2,2.11
P-000825,2025-10-01,10,180.9,13.8,1,3,84.5,24.3,2,1.36
P-000825,2025-11-01,11,174.9,9.2,1,5,86.3,23.7,2,2.33
P-000825,2025-12-01,12,177.9,8.0,1,4,86.8,21.9,2,1.71
P-000826,2025-01-01,1,166.4,6.7,0,5,95.3,14.2,1,1.47
P-000826,2025-02-01,2,214.3,36.8,8,7,47.0,74.4,4,4.36
P-000826,2025-03-01,3,226.3,37.0,4,9,46.9,71.7,4,3.69
P-000826,2025-04-01,4,221.8,27.9,8,6,49.6,70.8,4,3.81
P-000826,2025-05-01,5,220.5,42.3,4,9,45.3,72.0,4,3.6
P-000826,2025-06-01,6,119.6,0.0,0,3,120.0,5.0,1,1.0
P-000826,2025-07-01,7,166.8,3.6,0,4,96.5,11.6,1,1.25
P-000826,2025-08-01,8,172.0,4.8,1,5,96.1,16.8,1,1.44
P-000826,2025-09-01,9,173.1,5.1,0,6,96.0,15.8,1,1.26
P-000826,2025-10-01,10,163.2,3.3,0,5,96.7,10.9,1,1.26
P-000826,2025-11-01,11,173.7,2.0,0,6,97.2,14.9,1,1.39
P-000826,2025-12-01,12,168.0,4.7,2,4,96.1,16.2,1,1.38
P-000827,2025-01-01,1,172.6,9.8,2,4,89.9,21.4,2,1.53
P-000827,2025-02-01,2,177.3,4.8,3,6,99.0,23.0,2,1.78
P-000827,2025-03-01,3,176.4,4.4,1,4,93.1,17.8,2,1.35
P-000827,2025-04-01,4,172.9,4.8,1,5,96.5,17.1,2,1.48
P-000827,2025-05-01,5,170.0,10.5,1,4,88.0,19.1,2,1.37
P-000827,2025-06-01,6,183.8,11.4,2,4,89.3,25.0,2,1.05
P-000827,2025-07-01,7,178.1,6.8,3,3,92.6,21.7,2,1.17
P-000827,2025-08-01,8,172.1,3.2,0,5,97.5,13.1,2,1.0
P-000827,2025-09-01,9,179.2,6.1,3,5,90.1,24.8,2,1.65
P-000827,2025-10-01,10,176.9,5.8,2,5,92.8,21.8,2,1.69
P-000827,2025-11-01,11,173.0,13.2,1,6,90.3,22.6,2,1.52
P-000827,2025-12-01,12,180.0,8.5,2,3,93.3,21.6,2,1.28
P-000828,2025-01-01,1,178.0,5.3,2,4,95.2,19.7,2,1.23
P-000828,2025-02-01,2,173.3,0.0,3,7,87.4,21.6,2,1.48
P-000828,2025-03-01,3,173.0,2.1,2,5,99.8,17.5,2,1.66
P-000828,2025-04-01,4,177.7,6.8,2,4,92.3,22.0,2,1.72
P-000828,2025-05-01,5,171.6,11.1,1,7,87.6,23.5,2,1.94
P-000828,2025-06-01,6,175.8,6.8,4,5,89.4,25.3,2,1.47
P-000828,2025-07-01,7,179.3,7.8,2,5,86.8,23.9,2,1.42
P-000828,2025-08-01,8,178.1,7.7,2,5,88.5,22.8,2,1.28
P-000828,2025-09-01,9,176.3,2.6,3,5,95.9,20.2,2,1.21
P-000828,2025-10-01,10,177.2,4.4,1,4,89.4,20.4,2,1.99
P-000828,2025-11-01,11,171.1,10.6,2,4,89.9,21.3,2,1.53
P-000828,2025-12-01,12,179.4,0.0,4,5,92.9,23.7,2,1.73
P-000829,2025-01-01,1,184.0,0.0,2,4,92.0,21.8,2,1.84
P-000829,2025-02-01,2,181.3,10.8,2,5,87.7,26.1,2,1.58
P-000829,2025-03-01,3,232.4,30.5,11,9,45.9,82.6,4,3.53
P-000829,2025-04-01,4,230.8,34.7,8,11,44.6,82.4,3,4.33
P-000829,2025-05-01,5,229.3,36.2,11,12,44.1,88.2,3,4.32
P-000829,2025-06-01,6,227.5,38.9,9,11,43.3,84.4,3,4.17
P-000829,2025-07-01,7,227.7,40.8,7,10,42.8,80.5,3,3.81
P-000829,2025-08-01,8,232.7,43.4,7,12,42.0,84.1,4,3.53
P-000829,2025-09-01,9,231.1,37.6,6,11,43.7,80.6,4,4.36
P-000829,2025-10-01,10,175.2,10.8,4,5,87.7,26.6,2,1.29
P-000829,2025-11-01,11,183.3,3.9,2,5,90.4,24.2,2,1.89
P-000829,2025-12-01,12,192.2,11.9,3,5,87.3,32.3,2,1.65
P-000830,2025-01-01,1,168.6,3.8,1,5,96.9,14.3,2,1.15
P-000830,2025-02-01,2,171.9,7.6,4,4,93.6,23.1,2,1.57
P-000830,2025-03-01,3,165.0,3.9,4,3,90.3,18.8,2,1.46
P-000830,2025-04-01,4,163.9,6.4,3,5,91.6,19.2,2,1.61
P-000830,2025-05-01,5,164.5,5.9,2,5,91.7,18.3,2,1.93
P-000830,2025-06-01,6,166.1,5.5,0,5,95.3,14.2,2,1.74
P-000830,2025-07-01,7,166.1,3.0,1,3,93.5,13.8,2,1.7
P-000830,2025-08-01,8,167.2,5.7,2,3,90.9,17.3,2,1.64
P-000830,2025-09-01,9,167.7,8.0,4,4,90.3,22.3,2,1.56
P-000830,2025-10-01,10,166.4,9.4,1,3,86.8,17.7,2,1.66
P-000830,2025-11-01,11,162.6,5.1,1,5,97.2,14.2,2,1.78
P-000830,2025-12-01,12,168.8,6.4,4,6,92.1,21.9,2,1.11
P-000831,2025-01-01,1,182.9,8.9,2,3,92.6,23.3,2,1.44
P-000831,2025-02-01,2,172.7,2.8,4,5,92.5,21.1,2,1.12
P-000831,2025-03-01,3,179.1,3.8,1,6,91.5,21.2,2,1.75
P-000831,2025-04-01,4,177.7,8.3,2,4,85.8,23.0,3,1.38
P-000831,2025-05-01,5,182.1,2.5,2,4,99.8,19.4,2,1.32
P-000831,2025-06-01,6,179.7,9.2,1,5,91.5,22.6,2,1.62
P-000831,2025-07-01,7,178.4,8.6,3,5,88.5,26.1,2,1.76
P-000831,2025-08-01,8,178.4,8.9,2,4,91.4,22.1,2,1.25
P-000831,2025-09-01,9,176.7,2.3,0,5,94.6,16.7,2,1.72
P-000831,2025-10-01,10,183.0,0.0,0,4,91.6,18.6,2,2.03
P-000831,2025-11-01,11,179.6,8.1,2,3,86.6,23.7,2,1.72
P-000831,2025-12-01,12,174.8,10.8,4,5,88.0,27.0,2,1.52
P-000832,2025-01-01,1,155.9,3.4,2,5,95.2,11.9,2,1.22
P-000832,2025-02-01,2,165.3,0.0,2,5,96.2,13.9,2,1.37
P-000832,2025-03-01,3,167.1,2.3,2,5,97.6,15.5,2,1.49
P-000832,2025-04-01,4,168.0,4.2,4,5,96.9,20.8,3,1.75
P-000832,2025-05-01,5,167.9,5.7,4,3,96.3,18.5,2,1.09
P-000832,2025-06-01,6,161.4,7.1,1,5,91.3,15.5,2,1.67
P-000832,2025-07-01,7,166.6,6.4,1,5,94.6,15.6,2,1.35
P-000832,2025-08-01,8,172.0,5.4,4,3,88.6,21.0,2,1.0
P-000832,2025-09-01,9,162.9,4.0,1,4,96.3,13.4,2,1.79
P-000832,2025-10-01,10,165.0,2.0,1,4,93.6,13.1,2,1.48
P-000832,2025-11-01,11,166.7,12.0,2,3,86.0,20.0,2,1.39
P-000832,2025-12-01,12,168.5,4.3,2,4,91.8,16.6,2,1.2
P-000833,2025-01-01,1,175.2,6.2,2,5,86.0,21.9,2,1.4
P-000833,2025-02-01,2,173.2,5.0,1,4,95.7,17.5,2,1.78
P-000833,2025-03-01,3,175.2,2.6,3,4,94.3,19.3,2,1.19
P-000833,2025-04-01,4,166.9,8.6,4,4,88.9,21.7,2,1.23
P-000833,2025-05-01,5,177.0,8.1,2,6,86.1,24.2,2,1.48
P-000833,2025-06-01,6,171.6,10.0,1,4,89.8,19.4,2,1.5
P-000833,2025-07-01,7,166.7,4.8,1,5,97.4,13.7,2,1.04
P-000833,2025-08-01,8,171.8,4.0,4,3,94.6,20.0,2,1.3
P-000833,2025-09-01,9,176.9,7.9,3,4,95.2,21.7,2,1.06
P-000833,2025-10-01,10,180.7,5.1,2,5,90.6,22.0,2,1.19
P-000833,2025-11-01,11,167.2,2.2,2,4,93.2,15.6,2,1.48
P-000833,2025-12-01,12,175.9,12.2,0,4,88.8,19.7,2,1.23
P-000834,2025-01-01,1,159.4,6.8,4,3,91.3,17.1,2,1.16
P-000834,2025-02-01,2,159.1,6.0,4,5,99.1,18.0,2,1.78
P-000834,2025-03-01,3,155.4,8.4,0,6,87.4,12.7,2,1.27
P-000834,2025-04-01,4,162.1,3.1,3,3,98.6,15.0,3,1.79
P-000834,2025-05-01,5,160.4,10.6,2,4,92.1,16.6,2,1.33
P-000834,2025-06-01,6,160.8,2.2,4,4,94.3,16.6,2,1.49
P-000834,2025-07-01,7,174.0,8.1,3,3,93.4,21.4,2,1.45
P-000834,2025-08-01,8,156.4,5.6,2,5,93.0,14.2,2,1.55
P-000834,2025-09-01,9,164.3,7.0,3,4,89.3,19.3,2,1.58
P-000834,2025-10-01,10,162.5,6.1,1,5,89.6,15.6,2,1.59
P-000834,2025-11-01,11,162.9,4.0,4,5,95.2,19.0,2,1.66
P-000834,2025-12-01,12,160.3,5.4,2,4,95.2,15.8,2,2.13
P-000835,2025-01-01,1,173.1,10.5,3,5,92.2,23.4,2,1.36
P-000835,2025-02-01,2,168.3,7.7,4,5,90.6,23.9,2,1.92
P-000835,2025-03-01,3,171.6,5.2,1,4,94.4,17.1,2,1.7
P-000835,2025-04-01,4,176.2,1.4,0,7,95.5,16.7,2,1.47
P-000835,2025-05-01,5,171.3,2.7,3,5,88.9,20.3,3,1.43
P-000835,2025-06-01,6,172.8,7.2,1,4,93.1,17.0,2,1.05
P-000835,2025-07-01,7,175.6,3.6,1,3,91.6,16.9,2,1.4
P-000835,2025-08-01,8,167.4,2.5,4,3,92.0,18.2,2,1.27
P-000835,2025-09-01,9,174.4,8.4,2,6,90.1,23.3,2,1.74
P-000835,2025-10-01,10,175.5,10.5,4,3,80.9,26.8,2,1.41
P-000835,2025-11-01,11,177.8,6.5,1,4,92.0,20.5,2,1.8
P-000835,2025-12-01,12,171.2,4.3,2,6,93.5,18.9,2,1.34
P-000836,2025-01-01,1,177.2,0.3,1,3,94.5,15.6,2,1.4
P-000836,2025-02-01,2,171.9,4.6,1,4,95.4,15.0,2,1.0
P-000836,2025-03-01,3,183.7,7.9,1,3,88.0,22.4,2,1.44
P-000836,2025-04-01,4,177.4,4.3,2,5,96.1,20.0,2,1.38
P-000836,2025-05-01,5,179.8,8.4,4,4,95.9,25.7,3,1.57
P-000836,2025-06-01,6,181.3,9.7,1,3,87.1,21.9,2,1.23
P-000836,2025-07-01,7,183.2,5.5,0,5,94.8,19.1,2,1.24
P-000836,2025-08-01,8,179.8,3.3,0,4,93.3,16.6,2,1.24
P-000836,2025-09-01,9,174.7,6.1,4,4,95.0,22.9,2,1.48
P-000836,2025-10-01,10,174.0,4.0,2,5,99.1,17.1,2,1.0
P-000836,2025-11-01,11,179.0,6.6,0,4,87.9,18.3,2,1.06
P-000836,2025-12-01,12,186.0,0.1,0,6,98.6,19.0,2,1.75
P-000837,2025-01-01,1,169.4,3.7,2,4,96.5,16.0,1,1.32
P-000837,2025-02-01,2,216.9,49.2,10,11,43.2,86.1,4,3.92
P-000837,2025-03-01,3,208.7,23.2,6,6,51.1,61.5,4,4.14
P-000837,2025-04-01,4,210.2,37.4,5,7,46.8,66.8,4,3.78
P-000837,2025-05-01,5,219.7,32.7,7,9,48.2,73.7,4,4.21
P-000837,2025-06-01,6,116.7,0.0,0,3,120.0,5.0,1,1.0
P-000837,2025-07-01,7,166.1,4.3,0,4,96.3,11.5,1,1.18
P-000837,2025-08-01,8,168.9,5.6,1,6,95.7,16.9,1,1.5
P-000837,2025-09-01,9,171.9,1.9,2,4,97.3,15.8,1,1.23
P-000837,2025-10-01,10,172.2,6.9,0,5,95.2,16.3,1,1.46
P-000837,2025-11-01,11,168.0,8.7,1,5,94.5,16.9,1,1.29
P-000837,2025-12-01,12,171.1,3.5,3,4,96.6,17.8,1,1.18
P-000838,2025-01-01,1,178.6,12.8,2,6,87.9,27.6,2,1.96
P-000838,2025-02-01,2,178.6,2.4,2,6,92.7,21.1,2,1.46
P-000838,2025-03-01,3,175.7,6.3,4,4,92.0,23.4,2,1.28
P-000838,2025-04-01,4,178.6,0.0,2,5,102.9,17.4,2,1.41
P-000838,2025-05-01,5,175.5,3.1,0,4,96.5,15.2,3,1.58
P-000838,2025-06-01,6,175.2,4.1,2,4,90.5,20.6,2,1.8
P-000838,2025-07-01,7,181.4,2.9,4,4,95.0,22.7,2,1.0
P-000838,2025-08-01,8,175.6,7.9,4,3,91.9,24.7,2,1.8
P-000838,2025-09-01,9,180.8,7.3,2,3,85.5,23.4,2,1.51
P-000838,2025-10-01,10,184.4,2.8,0,3,94.1,17.9,2,1.52
P-000838,2025-11-01,11,172.5,9.6,0,3,90.1,16.2,2,1.08
P-000838,2025-12-01,12,178.4,3.8,1,4,97.9,17.5,2,1.38
P-000839,2025-01-01,1,175.1,6.0,2,6,87.6,22.1,2,1.37
P-000839,2025-02-01,2,174.2,10.5,3,6,85.8,25.8,2,1.44
P-000839,2025-03-01,3,177.1,10.5,4,4,85.8,28.1,2,1.81
P-000839,2025-04-01,4,214.3,30.4,5,8,44.9,68.3,3,4.56
P-000839,2025-05-01,5,217.9,26.0,4,6,48.2,61.9,4,3.67
P-000839,2025-06-01,6,206.1,28.0,4,10,47.7,61.8,3,3.85
P-000839,2025-07-01,7,200.3,18.2,10,9,56.0,62.3,4,3.39
P-000839,2025-08-01,8,209.0,25.9,6,10,48.4,66.9,3,4.54
P-000839,2025-09-01,9,176.2,7.4,3,5,87.0,24.7,2,1.59
P-000839,2025-10-01,10,176.2,9.5,4,4,86.2,27.6,2,1.9
P-000839,2025-11-01,11,175.0,12.8,2,4,84.9,25.5,2,1.92
P-000839,2025-12-01,12,177.5,4.6,1,4,88.2,20.5,2,1.86
P-000840,2025-01-01,1,175.6,8.1,4,3,86.8,25.5,2,1.71
P-000840,2025-02-01,2,167.2,11.8,1,4,85.3,19.8,2,1.59
P-000840,2025-03-01,3,166.7,9.5,3,5,86.2,23.3,2,1.91
P-000840,2025-04-01,4,202.1,28.8,5,7,43.4,60.0,3,3.36
P-000840,2025-05-01,5,204.1,31.4,4,7,50.8,60.6,4,4.09
P-000840,2025-06-01,6,209.7,43.8,7,9,45.2,74.9,3,4.01
P-000840,2025-07-01,7,213.1,33.2,6,7,45.0,66.1,4,3.01
P-000840,2025-08-01,8,213.3,37.2,10,11,48.4,77.9,3,3.53
P-000840,2025-09-01,9,179.9,12.3,4,4,85.1,29.9,2,1.75
P-000840,2025-10-01,10,176.9,11.8,2,5,85.3,26.3,2,1.91
P-000840,2025-11-01,11,168.9,8.7,1,6,86.5,20.9,2,1.87
P-000840,2025-12-01,12,171.6,7.2,3,5,87.1,23.8,2,1.88
P-000841,2025-01-01,1,176.6,0.0,1,3,92.1,15.2,2,1.19
P-000841,2025-02-01,2,181.1,11.3,3,6,91.4,27.4,2,1.39
P-000841,2025-03-01,3,180.7,4.3,4,5,97.9,24.8,2,1.65
P-000841,2025-04-01,4,177.4,5.4,4,5,90.2,26.2,3,1.91
P-000841,2025-05-01,5,181.4,9.2,3,3,93.9,24.8,3,1.64
P-000841,2025-06-01,6,171.3,6.3,4,4,94.3,20.7,2,1.0
P-000841,2025-07-01,7,177.7,4.3,1,7,92.2,20.6,2,1.43
P-000841,2025-08-01,8,172.3,8.4,1,7,89.5,21.8,2,1.78
P-000841,2025-09-01,9,177.9,7.8,2,5,95.7,21.8,2,1.41
P-000841,2025-10-01,10,179.2,8.8,1,4,96.4,19.8,2,1.26
P-000841,2025-11-01,11,177.2,9.3,2,4,95.1,21.3,2,1.29
P-000841,2025-12-01,12,172.9,1.7,3,4,91.9,19.7,2,1.62
P-000842,2025-01-01,1,188.8,6.9,2,7,89.2,28.1,2,1.53
P-000842,2025-02-01,2,181.1,9.3,0,4,88.3,22.4,2,2.01
P-000842,2025-03-01,3,222.1,27.9,6,12,46.6,71.2,3,3.43
P-000842,2025-04-01,4,229.3,42.7,7,10,42.2,82.5,4,3.99
P-000842,2025-05-01,5,226.4,35.5,8,8,44.3,79.2,3,4.33
P-000842,2025-06-01,6,221.8,35.3,5,11,44.4,73.8,3,4.04
P-000842,2025-07-01,7,234.7,32.7,10,10,45.2,84.6,4,3.99
P-000842,2025-08-01,8,223.7,35.9,5,10,44.2,73.9,3,3.98
P-000842,2025-09-01,9,230.9,33.6,10,10,44.9,82.1,3,3.38
P-000842,2025-10-01,10,175.5,9.6,2,5,88.1,25.1,2,2.2
P-000842,2025-11-01,11,182.6,4.5,2,6,90.2,24.7,2,1.82
P-000842,2025-12-01,12,189.0,8.5,0,5,88.6,25.3,2,1.96
P-000843,2025-01-01,1,173.6,13.7,1,5,88.1,22.0,2,1.24
P-000843,2025-02-01,2,176.0,7.2,2,5,85.5,22.8,2,1.43
P-000843,2025-03-01,3,180.7,7.4,4,3,93.1,24.0,2,1.0
P-000843,2025-04-01,4,184.9,7.1,1,4,89.8,23.9,2,1.89
P-000843,2025-05-01,5,173.8,4.6,0,5,91.5,17.9,2,1.97
P-000843,2025-06-01,6,178.7,6.2,2,6,92.5,23.3,2,1.67
P-000843,2025-07-01,7,179.9,8.7,0,6,91.8,21.5,2,1.62
P-000843,2025-08-01,8,180.6,3.6,2,3,94.1,19.1,2,1.1
P-000843,2025-09-01,9,173.7,4.4,0,3,93.5,14.6,2,1.4
P-000843,2025-10-01,10,175.1,6.8,3,4,88.8,21.7,2,1.05
P-000843,2025-11-01,11,174.3,7.6,2,3,90.9,19.9,2,1.36
P-000843,2025-12-01,12,178.9,9.2,1,3,90.6,20.7,2,1.43
P-000844,2025-01-01,1,160.2,5.8,4,7,89.7,19.8,2,1.13
P-000844,2025-02-01,2,164.3,8.1,3,6,88.8,20.3,2,1.25
P-000844,2025-03-01,3,159.8,8.0,0,6,88.8,13.7,2,1.23
P-000844,2025-04-01,4,169.8,3.0,3,6,90.8,19.5,2,1.16
P-000844,2025-05-01,5,166.5,12.5,1,4,87.0,19.7,2,1.69
P-000844,2025-06-01,6,201.8,28.8,4,8,61.4,54.1,4,2.8
P-000844,2025-07-01,7,194.3,22.5,7,7,63.3,52.4,4,2.63
P-000844,2025-08-01,8,165.3,8.1,1,4,88.8,15.8,2,1.15
P-000844,2025-09-01,9,165.6,10.1,1,4,88.0,18.0,2,1.58
P-000844,2025-10-01,10,165.6,7.6,3,4,89.0,20.2,2,1.62
P-000844,2025-11-01,11,163.5,3.2,4,5,90.7,18.5,2,1.18
P-000844,2025-12-01,12,165.9,8.5,1,6,88.6,19.4,2,1.88
P-000845,2025-01-01,1,167.5,9.8,3,4,93.8,19.3,2,1.0
P-000845,2025-02-01,2,170.0,5.0,2,4,90.8,18.5,2,1.58
P-000845,2025-03-01,3,170.3,5.2,2,4,93.6,16.9,2,1.1
P-000845,2025-04-01,4,170.6,9.5,3,4,86.9,24.4,2,2.15
P-000845,2025-05-01,5,167.7,3.2,3,5,94.7,19.3,2,1.87
P-000845,2025-06-01,6,176.8,2.0,3,4,99.5,20.4,2,1.88
P-000845,2025-07-01,7,175.4,0.1,1,3,95.6,15.2,2,1.6
P-000845,2025-08-01,8,176.3,6.7,1,4,92.2,19.8,2,1.7
P-000845,2025-09-01,9,174.2,4.7,2,4,97.7,18.5,2,1.54
P-000845,2025-10-01,10,182.6,0.5,3,4,96.9,22.4,2,1.92
P-000845,2025-11-01,11,174.5,6.3,0,5,93.2,17.8,2,1.69
P-000845,2025-12-01,12,172.6,1.2,2,4,96.3,15.6,2,1.09
P-000846,2025-01-01,1,181.1,8.3,3,5,87.8,26.7,2,1.6
P-000846,2025-02-01,2,177.8,3.2,3,6,92.2,23.7,2,1.77
P-000846,2025-03-01,3,181.7,6.4,1,7,90.2,23.4,2,1.49
P-000846,2025-04-01,4,171.6,3.4,4,4,94.5,20.7,2,1.45
P-000846,2025-05-01,5,175.3,7.2,1,5,89.1,20.4,3,1.49
P-000846,2025-06-01,6,177.0,1.6,3,4,95.3,20.8,2,1.77
P-000846,2025-07-01,7,177.2,3.7,0,5,91.9,17.7,2,1.63
P-000846,2025-08-01,8,175.7,1.7,2,4,98.5,18.1,2,1.76
P-000846,2025-09-01,9,174.3,3.4,2,3,94.6,18.2,2,1.69
P-000846,2025-10-01,10,174.8,5.6,1,4,94.2,16.9,2,1.1
P-000846,2025-11-01,11,170.7,1.6,0,5,97.4,13.5,2,1.62
P-000846,2025-12-01,12,178.6,6.4,3,4,98.8,21.7,2,1.36
P-000847,2025-01-01,1,177.0,10.2,0,5,89.9,21.6,2,1.96
P-000847,2025-02-01,2,173.3,10.6,3,3,89.1,23.3,2,1.56
P-000847,2025-03-01,3,183.6,4.5,3,5,93.5,26.1,2,2.05
P-000847,2025-04-01,4,168.2,6.8,2,3,85.2,19.4,3,1.74
P-000847,2025-05-01,5,168.8,8.2,4,3,88.7,22.4,3,1.55
P-000847,2025-06-01,6,170.7,6.4,0,6,94.0,17.1,2,1.71
P-000847,2025-07-01,7,181.7,9.1,2,5,89.1,24.9,2,1.41
P-000847,2025-08-01,8,171.6,2.8,2,4,94.7,16.0,2,1.0
P-000847,2025-09-01,9,177.1,7.6,0,3,92.8,17.0,2,1.3
P-000847,2025-10-01,10,180.6,5.0,2,3,94.2,20.4,2,1.37
P-000847,2025-11-01,11,180.2,7.4,2,4,88.2,23.4,2,1.52
P-000847,2025-12-01,12,174.1,4.5,3,5,89.3,22.0,2,1.46
P-000848,2025-01-01,1,167.9,6.0,1,3,89.6,16.4,2,1.7
P-000848,2025-02-01,2,175.4,7.8,1,6,88.9,20.9,2,1.29
P-000848,2025-03-01,3,168.2,4.4,2,4,90.3,16.9,2,1.27
P-000848,2025-04-01,4,181.4,4.7,0,5,90.1,19.1,2,1.28
P-000848,2025-05-01,5,176.9,2.0,2,4,91.2,18.6,2,1.19
P-000848,2025-06-01,6,201.8,25.0,4,6,62.5,50.6,4,2.64
P-000848,2025-07-01,7,207.2,27.1,3,8,61.9,53.3,4,2.7
P-000848,2025-08-01,8,171.0,5.7,3,6,89.7,22.8,2,1.78
P-000848,2025-09-01,9,165.0,6.1,1,5,89.6,15.0,2,1.0
P-000848,2025-10-01,10,171.2,6.8,4,6,89.3,23.8,2,1.23
P-000848,2025-11-01,11,172.0,12.0,4,4,87.2,27.5,2,2.12
P-000848,2025-12-01,12,168.4,4.7,1,4,90.1,15.5,2,1.28
P-000849,2025-01-01,1,183.2,8.3,1,4,86.7,24.0,2,1.71
P-000849,2025-02-01,2,179.1,4.9,2,4,88.0,22.4,2,1.68
P-000849,2025-03-01,3,183.3,4.7,1,5,88.1,23.4,2,1.91
P-000849,2025-04-01,4,228.3,33.3,4,9,42.7,72.0,3,3.81
P-000849,2025-05-01,5,224.1,32.7,7,10,51.6,74.8,4,4.05
P-000849,2025-06-01,6,235.2,25.1,8,13,45.5,80.3,4,4.02
P-000849,2025-07-01,7,219.0,42.5,6,9,42.3,75.6,3,3.67
P-000849,2025-08-01,8,222.8,41.4,7,10,47.1,77.9,4,3.66
P-000849,2025-09-01,9,188.5,6.7,2,5,87.3,26.6,2,1.44
P-000849,2025-10-01,10,192.6,3.4,1,4,88.7,24.6,2,1.62
P-000849,2025-11-01,11,188.2,8.6,1,6,86.6,27.3,2,1.77
P-000849,2025-12-01,12,189.2,6.5,3,5,87.4,28.0,2,1.25
P-000850,2025-01-01,1,187.3,4.0,1,5,88.4,25.3,2,2.29
P-000850,2025-02-01,2,188.1,14.5,1,4,84.2,28.0,2,1.4
P-000850,2025-03-01,3,188.3,15.9,1,4,83.6,29.5,2,1.71
P-000850,2025-04-01,4,221.5,38.3,5,9,47.4,69.2,4,2.5
P-000850,2025-05-01,5,217.6,38.2,7,13,40.0,78.9,4,4.01
P-000850,2025-06-01,6,209.5,38.8,7,8,41.8,72.1,3,3.79
P-000850,2025-07-01,7,208.0,34.7,4,6,40.0,64.8,3,4.16
P-000850,2025-08-01,8,224.1,26.6,8,8,47.0,71.8,4,3.37
P-000850,2025-09-01,9,184.3,10.1,2,5,86.0,28.0,2,1.89
P-000850,2025-10-01,10,182.0,0.6,2,3,89.7,21.8,2,2.15
P-000850,2025-11-01,11,183.9,7.6,3,3,87.0,27.3,2,2.02
P-000850,2025-12-01,12,185.0,8.2,1,4,86.7,25.3,2,2.04
P-000851,2025-01-01,1,176.2,3.2,0,3,97.3,15.6,2,1.92
P-000851,2025-02-01,2,182.8,13.2,0,5,88.9,25.1,2,1.98
P-000851,2025-03-01,3,180.7,9.6,1,5,92.6,23.6,2,1.89
P-000851,2025-04-01,4,180.6,9.4,0,4,87.8,20.8,2,1.37
P-000851,2025-05-01,5,179.1,7.2,0,3,92.0,19.3,2,1.96
P-000851,2025-06-01,6,176.5,6.3,1,5,93.9,18.3,2,1.0
P-000851,2025-07-01,7,181.5,10.2,0,7,96.3,22.3,2,1.56
P-000851,2025-08-01,8,184.0,7.1,0,4,90.9,21.3,2,1.74
P-000851,2025-09-01,9,167.1,9.8,4,5,88.2,23.5,2,1.37
P-000851,2025-10-01,10,178.6,3.7,0,5,95.0,16.0,2,1.0
P-000851,2025-11-01,11,180.2,6.0,0,5,92.0,18.6,2,1.18
P-000851,2025-12-01,12,193.8,8.2,1,4,90.0,27.7,2,2.0
P-000852,2025-01-01,1,179.5,5.8,1,5,89.7,21.4,2,1.59
P-000852,2025-02-01,2,184.3,9.4,2,5,88.2,26.9,2,1.75
P-000852,2025-03-01,3,227.7,37.9,8,14,43.6,83.5,3,3.82
P-000852,2025-04-01,4,228.1,36.3,7,9,44.1,77.3,3,3.61
P-000852,2025-05-01,5,233.8,33.8,5,8,44.8,76.0,3,4.33
P-000852,2025-06-01,6,232.3,41.3,6,9,42.6,82.0,4,4.58
P-000852,2025-07-01,7,226.0,41.2,4,9,42.6,75.1,4,4.05
P-000852,2025-08-01,8,223.1,38.8,8,12,43.4,81.4,3,4.0
P-000852,2025-09-01,9,230.9,33.4,4,7,45.0,73.4,4,4.72
P-000852,2025-10-01,10,174.8,7.2,3,5,89.1,25.2,2,2.16
P-000852,2025-11-01,11,174.6,10.9,2,5,87.7,24.9,2,2.03
P-000852,2025-12-01,12,176.5,9.3,2,5,88.3,23.9,2,1.66
P-000853,2025-01-01,1,180.9,5.1,1,5,93.0,21.0,2,1.61
P-000853,2025-02-01,2,167.9,0.1,2,5,96.2,14.3,2,1.14
P-000853,2025-03-01,3,184.7,5.3,3,3,89.4,23.6,2,1.0
P-000853,2025-04-01,4,182.4,11.4,2,6,89.4,25.8,2,1.07
P-000853,2025-05-01,5,181.4,8.1,2,4,87.4,24.4,2,1.56
P-000853,2025-06-01,6,188.1,6.2,1,4,88.6,23.6,2,1.41
P-000853,2025-07-01,7,185.6,7.9,1,6,86.7,24.9,2,1.31
P-000853,2025-08-01,8,178.6,10.5,4,3,88.9,25.6,2,1.1
P-000853,2025-09-01,9,184.3,0.7,1,5,89.8,20.1,2,1.25
P-000853,2025-10-01,10,179.3,5.4,4,4,92.6,24.2,2,1.29
P-000853,2025-11-01,11,186.5,2.8,0,4,85.9,22.8,2,2.31
P-000853,2025-12-01,12,174.9,3.3,2,3,94.6,19.0,2,1.94
P-000854,2025-01-01,1,161.5,7.4,0,4,95.0,11.0,1,1.03
P-000854,2025-02-01,2,207.6,37.2,8,13,46.8,76.4,4,4.38
P-000854,2025-03-01,3,205.4,31.8,9,11,48.5,72.1,4,3.88
P-000854,2025-04-01,4,207.7,35.7,4,6,47.3,63.9,4,4.23
P-000854,2025-05-01,5,211.6,37.9,9,6,46.6,73.9,4,3.9
P-000854,2025-06-01,6,110.6,0.0,0,3,120.0,5.0,1,1.0
P-000854,2025-07-01,7,163.2,3.1,0,3,96.7,8.8,1,1.0
P-000854,2025-08-01,8,162.5,5.4,0,5,95.8,12.2,1,1.49
P-000854,2025-09-01,9,164.5,7.4,1,4,95.1,14.5,1,1.34
P-000854,2025-10-01,10,158.0,3.7,0,6,96.5,10.5,1,1.51
P-000854,2025-11-01,11,167.0,6.7,1,4,95.3,14.2,1,1.0
P-000854,2025-12-01,12,163.9,10.3,0,4,93.9,14.7,1,1.58
P-000855,2025-01-01,1,174.9,7.0,4,3,92.5,22.6,2,1.25
P-000855,2025-02-01,2,171.9,4.2,1,5,97.9,16.3,2,1.5
P-000855,2025-03-01,3,177.8,7.9,2,3,89.7,21.1,2,1.22
P-000855,2025-04-01,4,179.9,6.2,3,3,88.6,24.3,2,1.75
P-000855,2025-05-01,5,177.9,5.1,4,4,98.4,22.1,2,1.12
P-000855,2025-06-01,6,179.8,9.2,4,4,90.4,26.0,2,1.13
P-000855,2025-07-01,7,181.6,3.2,4,5,90.8,25.4,2,1.39
P-000855,2025-08-01,8,178.6,7.0,3,6,87.7,25.6,2,1.46
P-000855,2025-09-01,9,176.4,1.8,2,4,91.1,18.5,2,1.25
P-000855,2025-10-01,10,186.5,4.7,0,5,91.8,22.5,2,2.07
P-000855,2025-11-01,11,177.9,10.9,0,5,87.8,21.5,2,1.52
P-000855,2025-12-01,12,179.9,6.6,2,3,93.2,21.5,2,1.58
P-000856,2025-01-01,1,178.3,5.4,1,6,95.3,19.7,2,1.31
P-000856,2025-02-01,2,180.9,0.6,2,4,95.0,18.8,2,1.19
P-000856,2025-03-01,3,182.0,7.0,4,5,87.8,29.1,2,2.01
P-000856,2025-04-01,4,177.0,8.3,0,5,95.8,18.9,2,1.65
P-000856,2025-05-01,5,183.7,0.5,4,4,93.5,24.8,2,1.81
P-000856,2025-06-01,6,183.8,7.9,0,4,83.1,22.4,2,1.46
P-000856,2025-07-01,7,185.2,10.1,2,6,90.0,27.5,2,1.6
P-000856,2025-08-01,8,186.5,1.7,4,6,91.5,26.8,2,1.33
P-000856,2025-09-01,9,181.6,8.0,0,4,93.8,18.5,2,1.0
P-000856,2025-10-01,10,176.9,5.8,2,3,90.9,19.3,2,1.05
P-000856,2025-11-01,11,177.6,4.0,1,6,93.4,20.1,2,1.67
P-000856,2025-12-01,12,179.0,6.6,1,3,87.7,19.3,2,1.05
P-000857,2025-01-01,1,168.4,7.6,1,4,89.9,17.9,2,1.71
P-000857,2025-02-01,2,175.2,9.6,1,5,94.5,20.3,2,1.51
P-000857,2025-03-01,3,166.8,5.6,2,5,96.6,16.3,2,1.21
P-000857,2025-04-01,4,177.6,5.5,4,5,92.1,24.5,2,1.3
P-000857,2025-05-01,5,178.0,5.2,1,5,96.2,19.1,3,1.45
P-000857,2025-06-01,6,178.5,8.1,2,4,82.6,24.1,2,1.5
P-000857,2025-07-01,7,177.6,6.5,0,6,87.9,20.9,2,1.81
P-000857,2025-08-01,8,175.5,0.0,3,6,93.5,21.7,2,1.91
P-000857,2025-09-01,9,177.6,5.6,2,5,85.8,23.5,2,1.78
P-000857,2025-10-01,10,173.3,2.5,2,4,89.1,17.5,2,1.03
P-000857,2025-11-01,11,174.1,3.2,2,4,95.2,17.5,2,1.22
P-000857,2025-12-01,12,177.5,4.6,2,5,96.9,19.9,2,1.32
P-000858,2025-01-01,1,176.9,7.6,1,4,91.8,20.2,2,1.59
P-000858,2025-02-01,2,176.0,6.4,3,3,93.1,20.8,2,1.19
P-000858,2025-03-01,3,181.6,7.7,2,4,88.3,23.3,2,1.24
P-000858,2025-04-01,4,175.8,3.3,0,3,94.4,15.5,2,1.71
P-000858,2025-05-01,5,174.2,4.5,4,5,91.3,23.7,2,1.56
P-000858,2025-06-01,6,176.9,0.0,2,4,96.6,19.3,2,2.18
P-000858,2025-07-01,7,178.3,6.0,1,5,89.8,20.0,2,1.16
P-000858,2025-08-01,8,185.7,7.0,2,6,88.1,25.7,2,1.22
P-000858,2025-09-01,9,170.2,0.0,2,5,98.1,15.6,2,1.5
P-000858,2025-10-01,10,184.6,6.7,1,4,92.6,22.6,2,1.72
P-000858,2025-11-01,11,182.6,8.6,2,3,88.4,23.5,2,1.29
P-000858,2025-12-01,12,175.5,6.4,1,5,90.8,19.7,2,1.47
P-000859,2025-01-01,1,180.8,11.6,4,5,85.3,30.2,2,1.61
P-000859,2025-02-01,2,177.5,9.4,3,4,86.2,26.7,2,2.05
P-000859,2025-03-01,3,177.9,6.0,1,4,87.6,20.5,2,1.56
P-000859,2025-04-01,4,222.7,39.4,5,13,44.1,75.1,3,3.19
P-000859,2025-05-01,5,208.1,33.0,10,9,46.1,72.2,4,3.04
P-000859,2025-06-01,6,216.1,27.5,4,10,45.9,64.3,3,3.39
P-000859,2025-07-01,7,208.7,43.6,10,8,40.0,81.1,4,4.57
P-000859,2025-08-01,8,206.4,38.2,5,6,47.5,64.3,3,3.51
P-000859,2025-09-01,9,180.5,7.5,3,3,87.0,26.1,2,2.02
P-000859,2025-10-01,10,171.3,12.0,4,3,85.2,26.1,2,1.78
P-000859,2025-11-01,11,184.5,9.1,1,7,86.3,27.7,2,2.07
P-000859,2025-12-01,12,174.2,4.9,3,4,88.0,22.6,2,1.74
P-000860,2025-01-01,1,186.1,6.2,0,3,90.4,19.4,2,1.08
P-000860,2025-02-01,2,175.4,4.6,2,6,88.4,22.1,2,1.59
P-000860,2025-03-01,3,179.5,3.3,2,5,96.1,19.7,2,1.12
P-000860,2025-04-01,4,179.3,8.0,3,6,90.5,27.2,2,2.02
P-000860,2025-05-01,5,178.2,5.2,2,5,96.9,21.1,2,1.64
P-000860,2025-06-01,6,174.5,4.3,1,5,94.2,18.0,2,1.55
P-000860,2025-07-01,7,179.2,11.1,1,3,89.3,22.4,2,1.64
P-000860,2025-08-01,8,171.6,2.2,2,5,97.1,17.8,2,1.71
P-000860,2025-09-01,9,180.6,4.0,3,5,95.5,22.9,2,1.44
P-000860,2025-10-01,10,183.0,5.5,3,5,93.2,25.5,2,1.7
P-000860,2025-11-01,11,182.1,7.9,2,5,92.6,25.0,2,1.87
P-000860,2025-12-01,12,173.2,6.0,3,5,93.6,22.3,2,1.77
P-000861,2025-01-01,1,188.7,17.5,1,4,75.0,33.3,3,2.27
P-000861,2025-02-01,2,185.4,21.8,4,5,73.3,40.5,3,2.52
P-000861,2025-03-01,3,173.6,16.5,2,5,75.4,30.9,3,2.69
P-000861,2025-04-01,4,229.8,30.7,8,13,41.6,83.4,5,4.79
P-000861,2025-05-01,5,239.4,50.5,6,12,40.8,90.5,5,4.53
P-000861,2025-06-01,6,242.4,49.2,6,8,44.9,88.8,5,5.0
P-000861,2025-07-01,7,244.8,48.4,13,13,42.3,98.0,5,4.38
P-000861,2025-08-01,8,242.4,54.9,8,13,38.1,98.0,5,4.72
P-000861,2025-09-01,9,257.4,52.9,10,12,40.3,98.0,5,4.84
P-000861,2025-10-01,10,254.5,62.2,14,7,42.9,98.0,5,4.85
P-000861,2025-11-01,11,254.2,54.1,10,10,36.4,98.0,5,4.31
P-000861,2025-12-01,12,276.6,49.0,13,13,34.5,98.0,5,4.57
P-000862,2025-01-01,1,175.9,4.8,4,4,94.0,22.5,2,1.29
P-000862,2025-02-01,2,172.3,4.2,2,5,90.5,19.1,2,1.34
P-000862,2025-03-01,3,173.0,10.3,3,5,85.3,24.7,2,1.41
P-000862,2025-04-01,4,179.7,5.6,0,5,93.7,17.9,2,1.18
P-000862,2025-05-01,5,177.3,6.9,4,4,94.9,26.1,3,2.24
P-000862,2025-06-01,6,170.8,6.8,4,3,93.8,21.8,2,1.65
P-000862,2025-07-01,7,174.2,9.5,2,4,90.1,22.2,2,1.66
P-000862,2025-08-01,8,175.4,1.3,1,3,94.9,15.5,2,1.48
P-000862,2025-09-01,9,174.3,10.3,2,5,87.0,23.6,2,1.55
P-000862,2025-10-01,10,180.6,5.2,2,3,87.7,22.7,2,1.79
P-000862,2025-11-01,11,175.9,9.7,2,4,91.3,21.9,2,1.37
P-000862,2025-12-01,12,166.8,1.8,2,4,93.2,14.8,2,1.26
P-000863,2025-01-01,1,172.0,7.9,2,6,86.8,22.9,2,1.73
P-000863,2025-02-01,2,172.6,15.8,3,6,83.7,29.1,2,1.91
P-000863,2025-03-01,3,176.2,14.0,2,4,84.4,27.2,2,2.22
P-000863,2025-04-01,4,211.7,22.5,5,7,46.5,61.9,4,4.07
P-000863,2025-05-01,5,207.8,24.8,7,9,50.3,64.7,4,3.78
P-000863,2025-06-01,6,203.2,30.5,4,10,49.4,59.8,4,3.18
P-000863,2025-07-01,7,213.3,35.5,4,7,51.2,62.4,3,2.87
P-000863,2025-08-01,8,218.5,33.4,5,8,44.8,68.6,3,3.58
P-000863,2025-09-01,9,176.9,15.5,1,4,83.8,26.2,2,2.07
P-000863,2025-10-01,10,174.5,19.4,4,6,82.2,32.7,2,1.73
P-000863,2025-11-01,11,182.5,13.5,2,6,84.6,29.9,2,1.99
P-000863,2025-12-01,12,171.8,1.6,3,5,89.3,20.9,2,1.8
P-000864,2025-01-01,1,174.2,0.6,4,4,92.4,21.4,2,1.68
P-000864,2025-02-01,2,176.2,4.8,1,4,96.8,17.5,2,1.46
P-000864,2025-03-01,3,181.9,0.0,0,4,95.3,17.2,2,1.91
P-000864,2025-04-01,4,179.0,2.6,4,5,94.8,23.8,2,1.53
P-000864,2025-05-01,5,180.4,4.8,1,5,86.9,21.7,2,1.51
P-000864,2025-06-01,6,181.2,5.7,0,5,89.8,20.3,2,1.61
P-000864,2025-07-01,7,178.9,6.5,4,4,96.2,24.4,2,1.52
P-000864,2025-08-01,8,172.6,10.2,1,7,90.8,21.6,2,1.45
P-000864,2025-09-01,9,176.7,2.9,3,5,94.4,21.7,2,1.6
P-000864,2025-10-01,10,182.5,6.2,2,5,92.7,23.6,2,1.55
P-000864,2025-11-01,11,175.0,12.3,0,6,90.5,21.2,2,1.53
P-000864,2025-12-01,12,175.0,7.3,1,3,90.3,18.5,2,1.39
P-000865,2025-01-01,1,185.4,9.0,2,3,89.4,24.7,2,1.42
P-000865,2025-02-01,2,179.0,7.8,2,6,86.2,25.5,2,1.76
P-000865,2025-03-01,3,183.3,5.2,1,6,90.5,22.5,2,1.4
P-000865,2025-04-01,4,182.0,8.3,2,5,94.0,25.2,3,1.99
P-000865,2025-05-01,5,176.5,9.1,2,5,90.1,22.6,3,1.31
P-000865,2025-06-01,6,178.0,8.6,1,4,89.1,21.9,2,1.73
P-000865,2025-07-01,7,177.8,8.2,3,5,87.4,25.2,2,1.45
P-000865,2025-08-01,8,172.3,8.6,4,3,89.3,24.7,2,1.97
P-000865,2025-09-01,9,177.2,2.1,4,5,98.9,22.0,2,1.45
P-000865,2025-10-01,10,180.0,11.5,4,6,95.0,28.9,2,1.72
P-000865,2025-11-01,11,177.4,3.4,4,4,86.5,24.2,2,1.42
P-000865,2025-12-01,12,174.3,6.2,1,3,91.9,18.3,2,1.69
P-000866,2025-01-01,1,179.2,11.4,1,4,85.4,24.8,2,2.0
P-000866,2025-02-01,2,183.0,7.8,4,7,86.9,29.3,2,1.2
P-000866,2025-03-01,3,178.0,15.1,2,6,84.0,29.4,2,2.1
P-000866,2025-04-01,4,209.1,31.6,4,8,43.7,62.8,3,3.45
P-000866,2025-05-01,5,208.4,28.8,7,10,47.9,67.5,4,3.67
P-000866,2025-06-01,6,211.4,36.1,7,9,44.7,72.3,3,4.0
P-000866,2025-07-01,7,208.2,31.1,9,9,41.0,71.4,3,3.3
P-000866,2025-08-01,8,211.9,32.9,7,9,46.6,68.1,3,2.93
P-000866,2025-09-01,9,166.9,7.2,1,4,87.1,18.5,2,2.03
P-000866,2025-10-01,10,179.9,13.3,1,4,84.7,26.3,2,2.14
P-000866,2025-11-01,11,177.8,15.0,4,3,84.0,29.2,2,1.51
P-000866,2025-12-01,12,181.9,7.9,2,5,86.8,26.7,2,2.14
P-000867,2025-01-01,1,178.9,8.1,3,4,91.0,24.4,2,1.53
P-000867,2025-02-01,2,181.0,5.7,0,3,88.0,19.1,2,1.56
P-000867,2025-03-01,3,181.9,9.3,4,4,91.0,27.4,2,1.45
P-000867,2025-04-01,4,185.2,3.7,2,3,97.4,21.3,2,1.55
P-000867,2025-05-01,5,187.1,6.1,1,4,89.7,23.0,2,1.38
P-000867,2025-06-01,6,178.9,14.1,1,3,86.6,22.7,2,1.1
P-000867,2025-07-01,7,177.0,8.2,1,5,88.5,21.2,2,1.38
P-000867,2025-08-01,8,186.2,8.8,2,5,90.6,25.6,2,1.26
P-000867,2025-09-01,9,177.5,2.4,2,5,97.2,19.4,2,1.55
P-000867,2025-10-01,10,179.1,3.9,1,4,92.6,19.4,2,1.64
P-000867,2025-11-01,11,180.7,7.9,1,5,91.5,22.0,2,1.42
P-000867,2025-12-01,12,187.7,4.4,4,4,86.6,29.5,2,1.93
P-000868,2025-01-01,1,176.6,7.7,4,3,90.6,25.2,2,1.8
P-000868,2025-02-01,2,173.4,11.8,2,3,89.4,21.7,2,1.41
P-000868,2025-03-01,3,168.3,2.0,3,3,92.0,16.8,2,1.32
P-000868,2025-04-01,4,172.2,6.4,0,6,87.7,18.1,2,1.46
P-000868,2025-05-01,5,173.2,5.1,3,5,92.3,20.8,2,1.19
P-000868,2025-06-01,6,172.2,5.5,2,5,91.7,19.4,2,1.36
P-000868,2025-07-01,7,170.3,10.3,2,5,95.2,21.3,2,1.85
P-000868,2025-08-01,8,168.5,9.2,3,5,92.5,21.9,2,1.63
P-000868,2025-09-01,9,174.1,3.8,2,6,88.4,22.2,2,1.95
P-000868,2025-10-01,10,172.3,6.9,1,5,95.6,19.4,2,2.05
P-000868,2025-11-01,11,173.1,10.8,4,3,85.1,24.4,2,1.04
P-000868,2025-12-01,12,175.0,9.7,1,5,87.4,21.7,2,1.51
P-000869,2025-01-01,1,188.3,13.1,4,5,76.8,37.8,3,2.72
P-000869,2025-02-01,2,194.4,18.6,1,5,74.6,36.6,3,2.35
P-000869,2025-03-01,3,187.9,10.2,1,5,77.9,28.5,3,1.65
P-000869,2025-04-01,4,239.6,38.8,8,10,45.1,86.0,5,4.17
P-000869,2025-05-01,5,233.8,48.2,8,8,45.5,87.1,5,4.41
P-000869,2025-06-01,6,246.9,46.5,13,12,48.1,98.0,5,4.24
P-000869,2025-07-01,7,242.4,54.2,6,11,40.2,93.5,5,4.91
P-000869,2025-08-01,8,249.2,40.9,9,8,32.0,94.1,5,4.63
P-000869,2025-09-01,9,260.2,48.6,8,13,39.5,98.0,5,3.66
P-000869,2025-10-01,10,258.7,55.4,9,11,38.4,98.0,5,4.65
P-000869,2025-11-01,11,271.7,56.8,10,12,37.4,98.0,5,4.92
P-000869,2025-12-01,12,268.8,56.2,11,11,37.4,98.0,5,3.73
P-000870,2025-01-01,1,165.1,1.8,2,4,97.3,13.8,1,1.39
P-000870,2025-02-01,2,214.1,29.4,10,10,49.2,76.3,4,4.41
P-000870,2025-03-01,3,202.9,43.7,4,6,44.9,65.3,4,3.93
P-000870,2025-04-01,4,217.5,24.0,8,8,50.8,67.8,4,3.42
P-000870,2025-05-01,5,213.7,30.8,4,11,48.8,65.1,4,3.46
P-000870,2025-06-01,6,114.9,0.0,0,3,120.0,5.0,1,1.0
P-000870,2025-07-01,7,171.5,6.2,1,4,95.5,15.5,1,1.02
P-000870,2025-08-01,8,166.9,2.9,3,5,96.8,17.2,1,1.35
P-000870,2025-09-01,9,163.3,6.5,2,4,95.4,15.1,1,1.25
P-000870,2025-10-01,10,169.6,4.7,3,4,96.1,19.2,1,1.68
P-000870,2025-11-01,11,166.4,4.2,1,5,96.3,14.3,1,1.34
P-000870,2025-12-01,12,169.4,8.2,1,5,94.7,17.7,1,1.49
P-000871,2025-01-01,1,172.8,3.0,1,3,93.9,15.2,2,1.36
P-000871,2025-02-01,2,180.7,6.6,2,6,96.2,22.7,2,1.36
P-000871,2025-03-01,3,178.2,0.0,2,3,95.4,18.2,2,1.77
P-000871,2025-04-01,4,181.0,4.6,2,5,93.3,21.2,2,1.1
P-000871,2025-05-01,5,181.1,2.3,0,4,94.2,17.3,2,1.59
P-000871,2025-06-01,6,176.0,12.3,0,5,91.1,20.5,2,1.4
P-000871,2025-07-01,7,181.1,3.1,4,6,93.4,26.9,2,2.01
P-000871,2025-08-01,8,180.5,5.3,1,6,89.7,21.3,2,1.22
P-000871,2025-09-01,9,178.6,8.1,3,4,85.1,24.2,2,1.03
P-000871,2025-10-01,10,176.7,6.7,1,6,89.9,21.8,2,1.73
P-000871,2025-11-01,11,184.4,3.2,4,6,91.1,28.3,2,1.96
P-000871,2025-12-01,12,176.5,2.0,0,3,92.8,13.8,2,1.03
P-000872,2025-01-01,1,181.8,5.5,1,6,94.3,21.3,2,1.37
P-000872,2025-02-01,2,178.7,4.5,1,5,89.2,20.3,2,1.44
P-000872,2025-03-01,3,179.8,0.0,4,5,94.7,23.3,2,1.64
P-000872,2025-04-01,4,179.8,10.0,3,4,88.3,24.9,2,1.06
P-000872,2025-05-01,5,174.0,4.9,1,5,87.8,18.6,2,1.23
P-000872,2025-06-01,6,181.0,4.8,3,5,90.4,23.3,2,1.04
P-000872,2025-07-01,7,177.1,5.1,1,4,93.9,18.0,2,1.24
P-000872,2025-08-01,8,177.8,4.3,4,5,92.7,23.4,2,1.13
P-000872,2025-09-01,9,179.2,4.2,3,4,94.8,20.8,2,1.0
P-000872,2025-10-01,10,182.1,12.5,4,5,86.3,30.4,2,1.46
P-000872,2025-11-01,11,178.6,6.9,2,5,89.0,23.7,2,1.72
P-000872,2025-12-01,12,179.5,7.8,3,5,92.0,23.7,2,1.0
P-000873,2025-01-01,1,182.5,13.1,1,3,84.8,25.3,2,1.67
P-000873,2025-02-01,2,184.1,8.8,2,6,86.5,27.4,2,1.65
P-000873,2025-03-01,3,187.0,13.2,2,5,84.7,30.1,2,1.76
P-000873,2025-04-01,4,220.1,33.1,7,9,46.1,74.1,4,4.11
P-000873,2025-05-01,5,215.3,28.8,8,8,45.1,70.6,4,3.6
P-000873,2025-06-01,6,225.0,26.9,9,11,52.3,75.7,3,3.68
P-000873,2025-07-01,7,212.1,26.2,4,8,51.7,61.0,3,3.8
P-000873,2025-08-01,8,217.0,32.6,10,11,46.1,77.1,4,3.3
P-000873,2025-09-01,9,185.3,6.8,2,5,87.3,26.7,2,1.89
P-000873,2025-10-01,10,179.3,5.2,1,6,87.9,22.5,2,1.75
P-000873,2025-11-01,11,188.5,11.1,1,5,85.6,27.8,2,1.69
P-000873,2025-12-01,12,187.2,8.4,4,6,86.6,32.0,2,1.83
P-000874,2025-01-01,1,176.8,7.8,0,4,93.7,18.9,2,1.86
P-000874,2025-02-01,2,178.7,9.0,2,5,88.9,24.6,2,1.75
P-000874,2025-03-01,3,179.3,8.8,2,5,92.8,23.5,2,1.54
P-000874,2025-04-01,4,185.0,6.2,2,5,90.5,24.4,2,1.35
P-000874,2025-05-01,5,189.4,6.0,3,5,94.2,27.4,3,1.55
P-000874,2025-06-01,6,186.6,6.9,4,3,92.6,28.2,2,1.89
P-000874,2025-07-01,7,180.2,3.9,2,6,92.4,23.5,2,1.92
P-000874,2025-08-01,8,182.3,2.2,3,3,98.0,20.9,2,1.44
P-000874,2025-09-01,9,180.4,4.7,2,4,88.6,22.0,2,1.4
P-000874,2025-10-01,10,182.0,5.2,2,6,96.3,21.9,2,1.11
P-000874,2025-11-01,11,178.6,3.8,1,4,93.9,18.2,2,1.37
P-000874,2025-12-01,12,184.7,0.0,2,4,94.2,20.0,2,1.22
P-000875,2025-01-01,1,181.4,8.8,2,4,90.6,24.4,2,1.7
P-000875,2025-02-01,2,175.7,3.3,2,5,95.5,19.1,2,1.41
P-000875,2025-03-01,3,176.8,8.2,0,5,92.4,19.5,2,1.68
P-000875,2025-04-01,4,173.6,7.6,3,4,92.3,23.3,3,2.02
P-000875,2025-05-01,5,177.5,4.1,4,6,94.1,24.3,2,1.37
P-000875,2025-06-01,6,177.6,9.8,4,4,92.0,26.2,2,1.58
P-000875,2025-07-01,7,179.5,8.1,2,4,91.7,21.6,2,1.02
P-000875,2025-08-01,8,184.0,5.3,3,4,93.9,26.1,2,2.17
P-000875,2025-09-01,9,176.6,3.5,2,4,98.7,19.3,2,1.82
P-000875,2025-10-01,10,178.6,6.5,1,6,86.6,23.4,2,1.89
P-000875,2025-11-01,11,171.7,5.1,0,3,93.4,15.3,2,1.84
P-000875,2025-12-01,12,182.5,6.3,2,5,89.9,25.3,2,2.02
P-000876,2025-01-01,1,166.3,6.2,3,4,95.7,18.9,2,1.79
P-000876,2025-02-01,2,172.6,10.4,0,4,87.7,17.7,2,1.11
P-000876,2025-03-01,3,167.8,5.5,1,5,90.7,16.5,2,1.39
P-000876,2025-04-01,4,162.9,1.7,3,5,97.8,16.6,2,1.94
P-000876,2025-05-01,5,171.9,10.4,0,4,91.0,18.0,2,1.58
P-000876,2025-06-01,6,174.8,6.2,4,5,88.3,25.0,2,1.53
P-000876,2025-07-01,7,169.1,9.0,2,6,92.0,20.5,2,1.42
P-000876,2025-08-01,8,167.6,5.1,1,3,90.1,15.5,2,1.59
P-000876,2025-09-01,9,170.9,4.4,4,5,94.1,21.1,2,1.23
P-000876,2025-10-01,10,164.9,4.0,2,4,93.0,15.9,2,1.58
P-000876,2025-11-01,11,164.7,3.4,2,4,92.7,15.2,2,1.41
P-000876,2025-12-01,12,172.7,8.0,0,7,90.6,19.1,2,1.47
P-000877,2025-01-01,1,187.2,9.3,0,3,88.3,23.6,2,1.9
P-000877,2025-02-01,2,183.3,4.6,1,4,90.2,22.1,2,1.85
P-000877,2025-03-01,3,235.8,46.0,11,12,41.2,94.8,4,4.19
P-000877,2025-04-01,4,230.5,39.1,9,8,43.3,82.6,4,3.78
P-000877,2025-05-01,5,225.2,39.3,8,8,43.2,79.0,3,3.71
P-000877,2025-06-01,6,226.1,33.6,4,12,44.9,73.6,3,4.1
P-000877,2025-07-01,7,225.4,39.5,4,13,43.2,76.3,4,3.9
P-000877,2025-08-01,8,223.3,40.5,7,11,42.9,79.6,4,3.85
P-000877,2025-09-01,9,224.9,35.7,8,11,44.3,79.1,4,3.66
P-000877,2025-10-01,10,182.3,11.5,4,5,87.4,31.3,2,2.02
P-000877,2025-11-01,11,180.0,4.4,3,5,90.2,24.3,2,1.62
P-000877,2025-12-01,12,177.7,11.8,4,3,87.3,28.2,2,1.92
P-000878,2025-01-01,1,179.1,10.3,1,5,87.9,24.2,2,1.91
P-000878,2025-02-01,2,186.2,4.1,2,5,90.4,24.6,2,1.59
P-000878,2025-03-01,3,229.5,40.7,7,7,42.8,79.7,4,4.02
P-000878,2025-04-01,4,236.9,36.9,5,8,43.9,78.1,4,4.14
P-000878,2025-05-01,5,222.3,41.7,6,7,42.5,75.5,4,3.83
P-000878,2025-06-01,6,213.9,37.3,7,7,43.8,71.2,3,3.48
P-000878,2025-07-01,7,223.1,41.6,4,9,42.5,74.2,3,4.03
P-000878,2025-08-01,8,223.8,39.2,7,8,43.2,77.5,3,4.0
P-000878,2025-09-01,9,222.5,39.2,8,14,43.2,83.1,4,4.14
P-000878,2025-10-01,10,179.7,8.0,4,5,88.8,28.7,2,2.06
P-000878,2025-11-01,11,181.0,6.2,2,5,89.5,23.3,2,1.39
P-000878,2025-12-01,12,180.7,8.1,1,3,88.7,21.3,2,1.44
P-000879,2025-01-01,1,170.2,4.5,4,6,92.2,22.3,2,1.39
P-000879,2025-02-01,2,175.1,5.1,4,5,93.4,23.9,2,1.62
P-000879,2025-03-01,3,166.4,4.7,3,5,94.4,19.0,2,1.67
P-000879,2025-04-01,4,173.1,3.1,2,5,94.4,18.7,2,1.55
P-000879,2025-05-01,5,174.9,8.7,1,6,95.0,21.3,2,1.85
P-000879,2025-06-01,6,169.2,4.8,1,5,93.2,17.3,2,1.8
P-000879,2025-07-01,7,180.4,5.8,3,3,90.4,23.6,2,1.59
P-000879,2025-08-01,8,172.0,3.8,1,4,94.6,16.2,2,1.54
P-000879,2025-09-01,9,174.2,8.4,0,5,94.6,18.0,2,1.58
P-000879,2025-10-01,10,177.8,5.6,2,5,92.2,21.9,2,1.6
P-000879,2025-11-01,11,175.8,4.1,0,4,88.7,18.0,2,1.91
P-000879,2025-12-01,12,174.9,7.0,1,6,88.6,21.3,2,1.65
P-000880,2025-01-01,1,185.5,1.5,2,5,89.8,23.3,2,1.58
P-000880,2025-02-01,2,182.4,8.4,4,3,95.6,26.1,2,1.6
P-000880,2025-03-01,3,182.9,5.0,1,4,89.8,22.4,2,1.91
P-000880,2025-04-01,4,186.9,8.9,2,4,90.5,25.7,2,1.42
P-000880,2025-05-01,5,184.4,4.5,3,4,96.3,24.4,2,1.73
P-000880,2025-06-01,6,183.7,3.9,3,6,89.5,26.4,2,1.72
P-000880,2025-07-01,7,183.5,9.5,1,5,90.4,23.8,2,1.46
P-000880,2025-08-01,8,180.3,4.2,1,4,92.5,20.1,2,1.7
P-000880,2025-09-01,9,183.2,5.9,1,5,88.4,22.2,2,1.3
P-000880,2025-10-01,10,183.8,4.2,2,4,94.5,22.1,2,1.49
P-000880,2025-11-01,11,182.5,0.9,3,4,95.7,22.0,2,1.61
P-000880,2025-12-01,12,194.0,9.5,1,6,95.9,26.2,2,1.04
P-000881,2025-01-01,1,187.6,5.4,0,4,93.6,20.1,2,1.23
P-000881,2025-02-01,2,181.9,8.2,2,6,86.4,27.0,2,1.93
P-000881,2025-03-01,3,177.8,6.2,1,3,96.8,18.4,2,1.63
P-000881,2025-04-01,4,177.3,6.5,2,5,91.6,22.5,2,1.67
P-000881,2025-05-01,5,193.0,10.7,4,5,91.5,33.9,2,2.02
P-000881,2025-06-01,6,183.0,9.4,4,3,83.8,29.6,2,1.84
P-000881,2025-07-01,7,182.1,6.1,4,4,92.9,26.0,2,1.51
P-000881,2025-08-01,8,180.6,4.5,4,3,95.3,24.3,2,1.78
P-000881,2025-09-01,9,179.2,12.0,3,5,86.3,27.7,2,1.53
P-000881,2025-10-01,10,189.2,4.3,0,4,94.5,20.0,2,1.22
P-000881,2025-11-01,11,185.6,8.8,1,5,95.2,24.6,2,1.95
P-000881,2025-12-01,12,183.4,8.0,2,6,85.9,26.9,2,1.65
P-000882,2025-01-01,1,185.9,8.7,0,4,88.5,23.4,2,1.86
P-000882,2025-02-01,2,181.1,10.5,1,5,87.8,24.5,2,1.69
P-000882,2025-03-01,3,232.6,40.0,6,13,43.0,82.5,3,3.91
P-000882,2025-04-01,4,238.4,40.1,5,11,43.0,81.5,4,3.91
P-000882,2025-05-01,5,222.7,27.1,4,12,46.9,69.4,3,4.11
P-000882,2025-06-01,6,228.8,40.2,11,7,42.9,86.3,3,4.2
P-000882,2025-07-01,7,229.2,37.8,4,10,43.7,74.4,3,3.7
P-000882,2025-08-01,8,225.9,36.8,4,10,43.9,74.3,3,4.31
P-000882,2025-09-01,9,222.4,41.7,6,9,42.5,78.0,3,4.29
P-000882,2025-10-01,10,188.0,4.8,2,6,90.1,27.3,2,2.02
P-000882,2025-11-01,11,180.0,9.5,2,3,88.2,24.2,2,1.78
P-000882,2025-12-01,12,186.8,12.5,3,4,87.0,31.1,2,2.05
P-000883,2025-01-01,1,169.0,3.0,2,5,92.9,17.1,2,1.38
P-000883,2025-02-01,2,161.6,9.8,3,6,92.8,19.7,2,1.37
P-000883,2025-03-01,3,167.4,3.2,1,4,97.8,13.4,2,1.41
P-000883,2025-04-01,4,166.3,6.2,2,3,93.8,17.2,3,1.86
P-000883,2025-05-01,5,165.0,3.3,0,4,92.8,12.9,2,1.81
P-000883,2025-06-01,6,172.3,5.9,4,4,93.3,22.4,2,1.5
P-000883,2025-07-01,7,159.3,3.0,0,5,87.0,10.5,2,1.0
P-000883,2025-08-01,8,166.9,5.5,1,4,89.3,15.4,2,1.25
P-000883,2025-09-01,9,158.0,1.6,1,5,94.8,10.0,2,1.11
P-000883,2025-10-01,10,172.7,1.0,0,6,89.9,17.2,2,2.07
P-000883,2025-11-01,11,166.5,8.2,1,4,87.9,16.7,2,1.26
P-000883,2025-12-01,12,169.4,7.4,2,5,89.8,21.7,2,2.19
P-000884,2025-01-01,1,186.8,4.6,4,4,94.3,25.7,2,1.09
P-000884,2025-02-01,2,184.7,5.6,2,6,91.1,25.4,2,1.67
P-000884,2025-03-01,3,179.2,4.4,1,5,94.7,18.9,2,1.25
P-000884,2025-04-01,4,180.8,5.2,0,5,94.8,18.5,3,1.41
P-000884,2025-05-01,5,181.3,8.0,4,3,89.4,26.9,2,1.67
P-000884,2025-06-01,6,181.4,8.6,4,3,86.7,26.6,2,1.27
P-000884,2025-07-01,7,180.2,10.5,0,3,91.0,20.8,2,1.74
P-000884,2025-08-01,8,176.3,9.3,1,5,86.4,21.7,2,1.33
P-000884,2025-09-01,9,188.5,6.7,1,4,94.8,21.8,2,1.0
P-000884,2025-10-01,10,179.6,3.9,3,5,96.4,22.1,2,1.32
P-000884,2025-11-01,11,183.7,9.6,2,4,87.0,24.7,2,1.11
P-000884,2025-12-01,12,190.1,0.9,0,3,91.7,19.1,2,1.37
P-000885,2025-01-01,1,179.1,11.6,3,6,77.4,32.8,3,2.7
P-000885,2025-02-01,2,185.9,17.9,2,5,74.9,35.6,3,2.57
P-000885,2025-03-01,3,188.7,11.1,3,7,77.5,36.2,3,2.57
P-000885,2025-04-01,4,233.0,43.6,14,10,45.6,95.7,5,4.23
P-000885,2025-05-01,5,236.3,53.4,11,12,38.2,98.0,5,4.11
P-000885,2025-06-01,6,245.7,43.4,12,13,38.8,98.0,5,4.0
P-000885,2025-07-01,7,242.5,59.5,12,9,40.5,98.0,5,3.99
P-000885,2025-08-01,8,242.0,51.7,9,12,40.7,95.7,5,4.03
P-000885,2025-09-01,9,263.1,50.6,14,11,40.8,98.0,5,4.83
P-000885,2025-10-01,10,259.1,51.6,12,10,37.5,98.0,5,4.83
P-000885,2025-11-01,11,258.0,51.6,14,11,42.1,98.0,5,4.39
P-000885,2025-12-01,12,268.9,56.4,11,9,33.9,98.0,5,4.91
P-000886,2025-01-01,1,172.6,7.5,2,4,88.9,19.4,2,1.0
P-000886,2025-02-01,2,183.7,4.7,2,3,93.2,22.1,2,1.6
P-000886,2025-03-01,3,173.9,8.6,2,6,97.1,21.7,2,1.65
P-000886,2025-04-01,4,178.2,9.7,1,4,95.6,20.1,2,1.32
P-000886,2025-05-01,5,172.6,5.3,3,3,95.2,20.0,2,1.67
P-000886,2025-06-01,6,169.1,7.0,4,4,91.7,21.4,2,1.24
P-000886,2025-07-01,7,175.8,7.6,0,5,89.7,17.9,2,1.07
P-000886,2025-08-01,8,165.3,7.3,1,4,88.3,15.5,2,1.12
P-000886,2025-09-01,9,177.8,0.6,3,4,93.4,21.7,2,2.02
P-000886,2025-10-01,10,177.7,8.3,1,5,89.9,21.8,2,1.6
P-000886,2025-11-01,11,175.7,4.4,1,5,93.6,18.4,2,1.43
P-000886,2025-12-01,12,181.0,7.3,2,4,91.3,22.5,2,1.27
P-000887,2025-01-01,1,175.2,7.1,1,6,89.2,23.2,2,2.38
P-000887,2025-02-01,2,173.4,14.0,0,4,86.4,22.2,2,2.1
P-000887,2025-03-01,3,213.7,45.4,9,11,41.4,81.4,3,3.67
P-000887,2025-04-01,4,226.5,41.8,11,11,42.5,89.0,3,4.27
P-000887,2025-05-01,5,217.0,42.7,8,12,42.2,81.6,4,4.17
P-000887,2025-06-01,6,215.7,34.6,7,9,44.6,72.5,4,3.74
P-000887,2025-07-01,7,229.3,38.7,6,14,43.4,82.6,4,4.43
P-000887,2025-08-01,8,219.0,34.8,7,10,44.5,74.9,3,3.89
P-000887,2025-09-01,9,225.6,31.8,11,8,45.5,81.6,3,4.12
P-000887,2025-10-01,10,170.8,7.1,2,5,89.2,19.2,2,1.0
P-000887,2025-11-01,11,172.9,4.9,1,5,90.0,19.9,2,2.09
P-000887,2025-12-01,12,176.7,7.7,1,3,88.9,20.4,2,1.75
P-000888,2025-01-01,1,177.4,8.6,2,5,93.4,23.8,2,1.99
P-000888,2025-02-01,2,173.8,11.0,1,6,92.2,21.7,2,1.58
P-000888,2025-03-01,3,172.0,6.2,4,5,93.1,23.6,2,1.72
P-000888,2025-04-01,4,176.7,6.5,1,5,86.9,22.3,2,2.01
P-000888,2025-05-01,5,180.0,5.1,0,4,88.4,17.7,2,1.0
P-000888,2025-06-01,6,176.6,6.4,1,5,87.2,20.0,2,1.14
P-000888,2025-07-01,7,183.4,9.0,1,5,89.7,23.5,2,1.36
P-000888,2025-08-01,8,175.5,7.2,3,4,90.2,23.5,2,1.73
P-000888,2025-09-01,9,169.5,6.2,2,3,92.3,17.9,2,1.58
P-000888,2025-10-01,10,174.5,3.7,0,4,94.5,14.9,2,1.35
P-000888,2025-11-01,11,170.8,7.3,1,4,92.5,16.3,2,1.0
P-000888,2025-12-01,12,172.1,6.3,0,5,94.7,15.6,2,1.28
P-000889,2025-01-01,1,172.3,5.9,2,6,93.9,19.9,2,1.34
P-000889,2025-02-01,2,170.2,9.3,3,6,92.0,22.6,2,1.37
P-000889,2025-03-01,3,168.7,8.8,1,4,90.0,18.0,2,1.51
P-000889,2025-04-01,4,170.7,8.5,1,4,90.1,18.8,2,1.6
P-000889,2025-05-01,5,172.1,4.3,2,3,92.5,17.4,2,1.36
P-000889,2025-06-01,6,169.3,3.8,3,4,90.8,19.7,2,1.68
P-000889,2025-07-01,7,170.0,4.0,1,6,92.3,16.9,2,1.35
P-000889,2025-08-01,8,169.8,7.8,4,4,86.0,23.9,2,1.62
P-000889,2025-09-01,9,164.7,3.3,2,6,93.4,17.1,2,1.71
P-000889,2025-10-01,10,170.1,7.7,1,5,85.6,20.0,2,1.73
P-000889,2025-11-01,11,174.1,5.0,4,4,92.3,22.9,2,1.53
P-000889,2025-12-01,12,163.6,6.3,4,4,91.6,19.0,2,1.19
P-000890,2025-01-01,1,167.4,6.3,3,5,91.7,18.9,2,1.0
P-000890,2025-02-01,2,163.2,4.5,3,4,94.1,15.5,2,1.0
P-000890,2025-03-01,3,168.5,10.6,1,5,85.1,19.8,2,1.36
P-000890,2025-04-01,4,163.8,8.6,2,5,88.0,18.9,2,1.55
P-000890,2025-05-01,5,166.9,5.3,0,5,87.7,15.5,2,1.59
P-000890,2025-06-01,6,158.6,5.9,1,3,87.8,12.2,2,1.19
P-000890,2025-07-01,7,163.9,8.1,4,5,91.2,22.0,2,1.73
P-000890,2025-08-01,8,167.7,10.5,0,3,90.1,16.7,2,1.8
P-000890,2025-09-01,9,168.4,3.6,3,5,91.0,21.3,2,2.22
P-000890,2025-10-01,10,165.1,5.8,0,4,87.9,12.9,2,1.0
P-000890,2025-11-01,11,156.4,5.4,2,4,90.1,13.6,2,1.4
P-000890,2025-12-01,12,169.6,9.6,1,5,90.0,18.7,2,1.3
P-000891,2025-01-01,1,173.7,7.6,4,3,89.0,23.8,2,1.52
P-000891,2025-02-01,2,170.2,1.7,1,3,91.3,15.2,2,1.74
P-000891,2025-03-01,3,218.9,34.8,11,9,44.5,82.3,4,4.47
P-000891,2025-04-01,4,220.9,41.5,9,11,42.6,81.6,3,3.47
P-000891,2025-05-01,5,217.3,49.0,8,10,40.3,82.7,3,3.92
P-000891,2025-06-01,6,216.7,26.0,11,8,47.2,75.3,3,3.92
P-000891,2025-07-01,7,220.1,44.1,4,7,41.8,73.6,3,4.27
P-000891,2025-08-01,8,214.1,43.3,11,9,42.0,82.7,4,3.72
P-000891,2025-09-01,9,218.6,29.5,6,7,46.1,70.4,3,4.62
P-000891,2025-10-01,10,175.8,6.5,3,6,89.4,26.3,2,2.34
P-000891,2025-11-01,11,167.1,1.5,0,3,91.4,12.8,2,1.93
P-000891,2025-12-01,12,175.2,8.1,2,6,88.8,23.8,2,1.79
P-000892,2025-01-01,1,194.4,15.5,3,6,75.8,39.4,3,2.46
P-000892,2025-02-01,2,199.3,13.1,3,6,76.8,40.3,3,2.6
P-000892,2025-03-01,3,193.8,15.1,4,7,76.0,40.7,3,2.2
P-000892,2025-04-01,4,246.6,39.9,10,9,44.6,92.5,5,4.5
P-000892,2025-05-01,5,243.6,50.0,12,11,44.6,98.0,5,4.72
P-000892,2025-06-01,6,252.7,45.6,11,12,44.9,98.0,5,3.67
P-000892,2025-07-01,7,252.8,47.9,5,10,39.7,91.1,5,4.43
P-000892,2025-08-01,8,259.0,51.6,11,11,43.1,98.0,5,4.85
P-000892,2025-09-01,9,266.8,55.4,7,12,35.9,98.0,5,4.04
P-000892,2025-10-01,10,262.2,51.5,14,7,36.6,98.0,5,4.92
P-000892,2025-11-01,11,271.0,60.3,9,10,33.2,98.0,5,4.22
P-000892,2025-12-01,12,269.4,49.9,13,7,41.8,98.0,5,4.56
P-000893,2025-01-01,1,193.4,16.5,2,5,75.4,37.1,3,2.41
P-000893,2025-02-01,2,190.0,17.8,2,5,74.9,35.4,3,1.95
P-000893,2025-03-01,3,195.8,11.4,2,5,77.4,34.4,3,1.99
P-000893,2025-04-01,4,238.8,40.8,6,9,38.7,83.8,5,4.19
P-000893,2025-05-01,5,246.3,49.3,9,8,39.9,94.6,5,4.38
P-000893,2025-06-01,6,250.9,45.1,14,11,35.3,98.0,5,4.18
P-000893,2025-07-01,7,250.0,40.4,7,10,37.8,90.8,5,4.48
P-000893,2025-08-01,8,259.3,44.3,5,7,44.9,89.2,5,4.58
P-000893,2025-09-01,9,258.7,59.1,13,9,34.4,98.0,5,4.46
P-000893,2025-10-01,10,264.2,59.0,10,10,37.0,98.0,5,4.9
P-000893,2025-11-01,11,261.3,53.1,8,8,32.0,98.0,5,4.88
P-000893,2025-12-01,12,263.6,54.9,13,10,38.6,98.0,5,4.13
P-000894,2025-01-01,1,175.7,4.3,2,6,93.5,21.7,2,1.83
P-000894,2025-02-01,2,178.7,6.9,2,3,85.7,23.5,2,1.92
P-000894,2025-03-01,3,172.5,3.3,1,4,97.5,15.4,2,1.42
P-000894,2025-04-01,4,184.0,6.4,2,5,84.4,25.7,2,1.51
P-000894,2025-05-01,5,182.2,3.4,2,6,94.3,22.5,3,1.43
P-000894,2025-06-01,6,184.0,2.7,3,6,92.5,25.7,2,1.82
P-000894,2025-07-01,7,185.3,3.4,3,4,93.2,24.3,2,1.53
P-000894,2025-08-01,8,172.0,9.4,2,5,89.9,21.1,2,1.28
P-000894,2025-09-01,9,176.6,3.3,4,4,97.0,20.8,2,1.0
P-000894,2025-10-01,10,178.4,5.5,3,5,92.8,23.6,2,1.56
P-000894,2025-11-01,11,180.7,5.1,2,4,92.9,21.5,2,1.4
P-000894,2025-12-01,12,184.5,3.1,2,4,88.3,23.0,2,1.47
P-000895,2025-01-01,1,179.0,3.5,3,4,90.6,22.5,2,1.49
P-000895,2025-02-01,2,182.9,9.7,0,4,88.1,22.5,2,1.73
P-000895,2025-03-01,3,229.5,31.0,7,11,45.7,77.5,3,3.95
P-000895,2025-04-01,4,237.2,34.0,11,7,44.8,87.2,3,4.56
P-000895,2025-05-01,5,230.3,27.2,9,11,46.8,79.8,4,4.12
P-000895,2025-06-01,6,224.6,38.6,10,8,43.4,82.8,4,4.08
P-000895,2025-07-01,7,231.0,31.0,5,10,45.7,73.8,4,3.83
P-000895,2025-08-01,8,233.3,30.6,6,7,45.8,74.2,3,3.89
P-000895,2025-09-01,9,227.7,48.2,5,11,40.5,81.3,4,3.78
P-000895,2025-10-01,10,181.9,15.2,1,7,85.9,29.4,2,2.06
P-000895,2025-11-01,11,183.2,10.5,3,3,87.8,28.5,2,2.21
P-000895,2025-12-01,12,179.4,9.1,2,3,88.3,25.3,2,2.38
P-000896,2025-01-01,1,183.3,4.8,2,5,92.7,23.1,2,1.45
P-000896,2025-02-01,2,181.0,5.9,3,5,83.7,25.0,2,1.02
P-000896,2025-03-01,3,179.0,11.1,1,5,88.6,23.3,2,1.46
P-000896,2025-04-01,4,180.5,1.3,1,3,98.7,16.8,2,1.56
P-000896,2025-05-01,5,177.5,7.2,3,3,92.4,22.2,2,1.37
P-000896,2025-06-01,6,181.3,6.6,1,5,98.8,20.7,2,1.62
P-000896,2025-07-01,7,185.6,7.7,1,5,87.1,23.8,2,1.18
P-000896,2025-08-01,8,185.2,7.8,3,4,91.0,26.4,2,1.51
P-000896,2025-09-01,9,185.0,2.8,0,5,90.7,20.2,2,1.56
P-000896,2025-10-01,10,177.7,4.8,3,5,92.6,22.3,2,1.23
P-000896,2025-11-01,11,185.9,8.0,1,3,92.2,21.9,2,1.24
P-000896,2025-12-01,12,187.4,5.4,1,5,91.4,22.4,2,1.08
P-000897,2025-01-01,1,178.4,8.5,1,5,90.8,21.1,2,1.26
P-000897,2025-02-01,2,178.5,3.3,1,4,92.2,18.6,2,1.48
P-000897,2025-03-01,3,175.0,7.6,1,3,91.4,17.9,2,1.17
P-000897,2025-04-01,4,177.9,8.1,0,5,93.2,19.3,2,1.51
P-000897,2025-05-01,5,188.7,9.5,4,4,94.7,30.2,2,1.84
P-000897,2025-06-01,6,183.6,10.1,3,5,89.0,27.9,2,1.51
P-000897,2025-07-01,7,175.9,2.7,2,6,91.2,20.6,2,1.46
P-000897,2025-08-01,8,173.8,5.4,2,3,91.8,18.0,2,1.13
P-000897,2025-09-01,9,181.7,8.3,3,7,88.5,28.3,2,1.66
P-000897,2025-10-01,10,178.7,3.7,2,4,86.0,21.7,2,1.47
P-000897,2025-11-01,11,180.0,12.6,4,6,89.1,29.6,2,1.34
P-000897,2025-12-01,12,188.1,6.6,1,6,88.3,25.1,2,1.37
P-000898,2025-01-01,1,174.5,4.9,2,6,96.1,20.1,1,1.45
P-000898,2025-02-01,2,222.7,30.7,10,9,48.8,79.2,4,4.36
P-000898,2025-03-01,3,221.2,30.7,5,7,48.8,68.1,4,4.0
P-000898,2025-04-01,4,227.4,42.3,10,6,45.3,81.7,4,3.31
P-000898,2025-05-01,5,225.9,34.9,6,8,47.5,72.8,4,3.49
P-000898,2025-06-01,6,126.4,0.0,0,3,120.0,5.0,1,1.0
P-000898,2025-07-01,7,180.7,3.1,1,4,96.8,18.3,1,1.44
P-000898,2025-08-01,8,178.6,0.0,1,3,98.0,16.1,1,1.72
P-000898,2025-09-01,9,167.6,7.1,0,3,95.2,13.4,1,1.44
P-000898,2025-10-01,10,173.3,1.5,0,4,97.4,12.7,1,1.22
P-000898,2025-11-01,11,190.5,5.8,0,5,95.7,21.7,1,1.3
P-000898,2025-12-01,12,169.9,6.2,0,5,95.5,14.2,1,1.08
P-000899,2025-01-01,1,176.6,6.3,1,6,90.6,21.6,2,1.79
P-000899,2025-02-01,2,176.6,5.7,1,4,90.0,19.7,2,1.6
P-000899,2025-03-01,3,172.2,3.6,4,6,97.9,20.6,2,1.0
P-000899,2025-04-01,4,181.0,9.2,1,3,86.4,21.7,2,1.2
P-000899,2025-05-01,5,179.3,9.2,1,6,93.9,22.4,3,1.51
P-000899,2025-06-01,6,164.9,9.2,2,4,87.9,18.8,2,1.5
P-000899,2025-07-01,7,186.0,4.8,1,5,91.2,23.6,2,1.82
P-000899,2025-08-01,8,171.6,7.7,0,5,87.0,17.5,2,1.27
P-000899,2025-09-01,9,180.7,12.6,0,5,85.9,24.2,2,1.8
P-000899,2025-10-01,10,167.3,8.1,1,3,92.6,15.6,2,1.35
P-000899,2025-11-01,11,173.8,2.4,1,5,92.2,16.6,2,1.24
P-000899,2025-12-01,12,177.4,3.0,0,4,90.8,17.6,2,1.87
P-000900,2025-01-01,1,178.8,6.5,3,4,90.8,25.1,2,2.09
P-000900,2025-02-01,2,181.9,6.9,1,5,91.0,22.2,2,1.48
P-000900,2025-03-01,3,183.0,6.1,2,5,96.4,22.6,2,1.37
P-000900,2025-04-01,4,176.4,4.8,4,5,91.7,23.6,2,1.24
P-000900,2025-05-01,5,174.4,7.9,2,5,90.2,21.9,2,1.52
P-000900,2025-06-01,6,182.8,5.7,2,5,99.5,22.1,2,1.48
P-000900,2025-07-01,7,181.1,9.7,4,4,95.3,26.5,2,1.46
P-000900,2025-08-01,8,168.4,9.3,2,3,88.4,18.7,2,1.25
P-000900,2025-09-01,9,177.4,6.7,2,4,85.3,23.2,2,1.72
P-000900,2025-10-01,10,177.7,7.0,1,5,95.5,20.4,2,1.69
P-000900,2025-11-01,11,179.4,11.2,1,5,92.0,24.5,2,2.11
P-000900,2025-12-01,12,171.7,1.9,0,4,91.5,14.2,2,1.53
P-000901,2025-01-01,1,177.0,1.6,1,5,93.4,16.7,2,1.04
P-000901,2025-02-01,2,175.3,3.8,4,3,94.1,22.0,2,1.64
P-000901,2025-03-01,3,174.6,9.9,0,5,90.8,19.0,2,1.39
P-000901,2025-04-01,4,172.9,7.8,1,4,89.4,19.0,2,1.48
P-000901,2025-05-01,5,174.9,3.8,2,3,95.0,18.7,2,1.75
P-000901,2025-06-01,6,173.6,7.7,3,4,91.2,22.5,2,1.57
P-000901,2025-07-01,7,170.6,1.6,0,4,97.4,12.9,2,1.66
P-000901,2025-08-01,8,173.3,7.9,3,6,97.4,21.2,2,1.0
P-000901,2025-09-01,9,170.1,0.4,2,5,96.1,16.7,2,1.74
P-000901,2025-10-01,10,169.6,6.6,3,5,91.0,20.5,2,1.25
P-000901,2025-11-01,11,178.7,7.0,2,4,91.6,21.9,2,1.44
P-000901,2025-12-01,12,170.4,4.3,4,5,93.8,21.6,2,1.52
P-000902,2025-01-01,1,180.4,6.0,0,5,92.9,19.4,2,1.52
P-000902,2025-02-01,2,167.2,0.8,1,6,95.4,13.7,2,1.21
P-000902,2025-03-01,3,176.4,3.3,1,5,90.1,18.3,2,1.21
P-000902,2025-04-01,4,179.7,1.6,2,3,100.8,18.9,2,1.98
P-000902,2025-05-01,5,176.8,3.7,1,4,92.6,18.7,2,1.74
P-000902,2025-06-01,6,177.4,11.1,2,5,91.4,24.7,2,1.78
P-000902,2025-07-01,7,180.0,5.3,2,4,91.9,23.2,2,2.11
P-000902,2025-08-01,8,176.4,10.5,2,6,88.9,25.3,2,1.82
P-000902,2025-09-01,9,174.1,3.6,1,5,92.3,18.3,2,1.67
P-000902,2025-10-01,10,172.6,5.2,2,4,93.6,19.6,2,1.83
P-000902,2025-11-01,11,171.2,3.0,1,5,95.4,16.6,2,1.72
P-000902,2025-12-01,12,174.5,2.4,1,4,96.6,16.3,2,1.58
P-000903,2025-01-01,1,178.5,8.6,1,4,90.5,21.0,2,1.41
P-000903,2025-02-01,2,168.0,8.3,2,5,92.8,19.6,2,1.62
P-000903,2025-03-01,3,173.5,5.4,4,4,92.5,22.7,2,1.52
P-000903,2025-04-01,4,171.6,9.3,1,5,92.1,20.7,2,2.01
P-000903,2025-05-01,5,168.2,5.5,0,6,90.6,15.5,2,1.35
P-000903,2025-06-01,6,174.5,5.4,2,4,85.9,21.0,2,1.52
P-000903,2025-07-01,7,177.2,6.9,2,3,88.7,21.1,2,1.4
P-000903,2025-08-01,8,177.0,5.1,4,4,91.6,23.2,2,1.2
P-000903,2025-09-01,9,177.9,8.0,0,4,93.3,18.9,2,1.65
P-000903,2025-10-01,10,175.0,1.8,1,5,93.6,17.9,2,1.79
P-000903,2025-11-01,11,172.2,8.4,0,6,89.9,18.8,2,1.59
P-000903,2025-12-01,12,175.7,10.2,1,4,92.9,19.9,2,1.31
P-000904,2025-01-01,1,170.8,6.4,3,3,87.5,22.0,2,1.98
P-000904,2025-02-01,2,172.5,10.7,1,4,85.7,20.1,2,1.21
P-000904,2025-03-01,3,173.4,12.5,1,6,85.0,24.3,2,1.87
P-000904,2025-04-01,4,203.9,21.1,6,10,54.8,60.1,3,3.8
P-000904,2025-05-01,5,211.7,28.8,4,9,51.3,62.3,4,3.68
P-000904,2025-06-01,6,207.4,34.2,9,9,43.4,71.9,4,3.3
P-000904,2025-07-01,7,207.4,28.0,4,10,50.0,62.3,3,4.03
P-000904,2025-08-01,8,198.8,28.7,10,13,53.5,71.3,3,4.19
P-000904,2025-09-01,9,170.2,13.4,1,5,84.6,23.1,2,1.94
P-000904,2025-10-01,10,173.1,15.6,2,5,83.8,25.5,2,1.39
P-000904,2025-11-01,11,169.0,7.4,1,7,87.1,20.4,2,1.67
P-000904,2025-12-01,12,170.3,12.4,2,4,85.1,24.2,2,2.16
P-000905,2025-01-01,1,169.8,5.1,0,4,91.7,14.7,2,1.48
P-000905,2025-02-01,2,178.6,8.2,1,5,91.7,21.4,2,1.46
P-000905,2025-03-01,3,177.0,5.0,0,4,96.2,16.5,2,1.55
P-000905,2025-04-01,4,180.7,4.2,4,3,92.0,24.6,2,1.67
P-000905,2025-05-01,5,168.1,6.5,4,6,89.1,23.0,2,1.39
P-000905,2025-06-01,6,176.3,4.3,2,5,91.6,20.3,2,1.31
P-000905,2025-07-01,7,172.1,4.9,1,5,90.3,18.0,2,1.45
P-000905,2025-08-01,8,173.9,3.7,4,5,99.1,20.7,2,1.13
P-000905,2025-09-01,9,167.0,3.6,1,5,92.0,15.2,2,1.4
P-000905,2025-10-01,10,176.7,3.1,3,5,99.6,19.8,2,1.2
P-000905,2025-11-01,11,174.5,6.6,2,6,91.6,21.8,2,1.53
P-000905,2025-12-01,12,176.5,5.6,0,3,89.3,17.3,2,1.57
P-000906,2025-01-01,1,172.8,5.6,1,5,95.7,17.4,1,1.42
P-000906,2025-02-01,2,214.8,28.1,6,9,49.6,65.7,4,3.21
P-000906,2025-03-01,3,211.5,37.7,7,12,46.7,72.4,4,3.1
P-000906,2025-04-01,4,212.4,36.4,4,7,47.1,66.0,4,3.99
P-000906,2025-05-01,5,219.1,36.4,9,10,47.1,76.8,4,3.27
P-000906,2025-06-01,6,118.2,0.0,0,3,120.0,5.0,1,1.0
P-000906,2025-07-01,7,171.5,6.3,0,4,95.5,14.3,1,1.18
P-000906,2025-08-01,8,173.9,5.5,0,5,95.8,16.1,1,1.45
P-000906,2025-09-01,9,168.5,3.3,0,5,96.7,13.0,1,1.36
P-000906,2025-10-01,10,170.6,4.5,1,5,96.2,15.2,1,1.06
P-000906,2025-11-01,11,174.4,5.8,3,4,95.7,20.7,1,1.39
P-000906,2025-12-01,12,162.1,1.1,0,4,97.5,8.4,1,1.14
P-000907,2025-01-01,1,182.1,11.6,3,5,77.4,32.7,3,2.53
P-000907,2025-02-01,2,183.5,11.9,5,6,77.2,35.3,3,1.69
P-000907,2025-03-01,3,189.9,17.1,4,4,75.1,40.4,3,3.02
P-000907,2025-04-01,4,230.4,42.2,5,10,48.0,79.9,5,4.69
P-000907,2025-05-01,5,246.5,52.6,11,8,42.3,98.0,5,4.13
P-000907,2025-06-01,6,244.1,40.8,10,11,37.5,94.0,5,4.24
P-000907,2025-07-01,7,241.6,43.5,10,10,38.5,94.1,5,4.52
P-000907,2025-08-01,8,250.9,44.3,9,7,42.2,92.5,5,4.18
P-000907,2025-09-01,9,253.0,49.1,13,10,31.8,98.0,5,5.0
P-000907,2025-10-01,10,252.5,57.2,10,12,37.7,98.0,5,4.77
P-000907,2025-11-01,11,263.2,49.4,10,12,40.2,98.0,5,4.31
P-000907,2025-12-01,12,259.3,49.5,13,11,34.2,98.0,5,4.97
P-000908,2025-01-01,1,180.5,2.8,4,3,91.0,25.4,2,2.17
P-000908,2025-02-01,2,185.3,4.8,0,5,94.7,21.7,2,2.12
P-000908,2025-03-01,3,179.0,9.1,2,3,89.9,22.4,2,1.38
P-000908,2025-04-01,4,187.1,9.2,2,3,95.1,24.4,2,1.42
P-000908,2025-05-01,5,186.0,8.8,2,4,87.6,27.5,2,2.04
P-000908,2025-06-01,6,186.4,5.4,2,6,92.9,25.8,2,1.79
P-000908,2025-07-01,7,181.5,1.6,1,5,99.0,18.4,2,1.5
P-000908,2025-08-01,8,170.9,6.1,3,4,93.4,19.3,2,1.12
P-000908,2025-09-01,9,185.1,2.9,1,3,98.5,18.8,2,1.46
P-000908,2025-10-01,10,177.4,5.5,0,3,91.6,15.7,2,1.0
P-000908,2025-11-01,11,187.4,8.2,2,5,90.5,26.0,2,1.3
P-000908,2025-12-01,12,182.6,2.4,0,3,88.8,17.2,2,1.17
P-000909,2025-01-01,1,174.3,3.8,2,5,91.1,19.3,2,1.27
P-000909,2025-02-01,2,173.8,3.4,4,4,94.8,21.0,2,1.28
P-000909,2025-03-01,3,169.8,5.8,1,6,92.4,17.0,2,1.11
P-000909,2025-04-01,4,179.8,7.0,3,4,93.8,23.2,2,1.3
P-000909,2025-05-01,5,176.7,3.2,3,4,92.6,21.0,2,1.42
P-000909,2025-06-01,6,179.3,5.5,2,3,100.7,19.0,2,1.4
P-000909,2025-07-01,7,177.1,10.3,2,5,91.9,23.5,2,1.51
P-000909,2025-08-01,8,176.1,0.0,4,4,97.2,21.4,2,1.87
P-000909,2025-09-01,9,176.6,2.7,2,4,96.5,18.4,2,1.43
P-000909,2025-10-01,10,181.1,8.6,0,4,91.2,22.0,2,2.18
P-000909,2025-11-01,11,175.0,4.5,3,5,93.7,20.9,2,1.19
P-000909,2025-12-01,12,179.6,6.1,3,5,92.3,23.3,2,1.12
P-000910,2025-01-01,1,175.5,9.7,2,5,88.7,23.9,2,1.74
P-000910,2025-02-01,2,170.5,8.0,4,6,87.1,24.5,2,1.26
P-000910,2025-03-01,3,165.4,4.8,1,4,97.3,13.7,2,1.49
P-000910,2025-04-01,4,169.9,0.1,2,3,95.2,14.6,2,1.42
P-000910,2025-05-01,5,167.6,8.2,3,6,91.9,22.0,2,1.66
P-000910,2025-06-01,6,170.7,3.1,1,4,91.7,15.0,2,1.14
P-000910,2025-07-01,7,166.0,8.0,0,5,87.8,14.8,2,1.0
P-000910,2025-08-01,8,176.1,6.6,0,5,88.6,19.5,2,1.76
P-000910,2025-09-01,9,175.6,8.5,3,4,91.0,22.5,2,1.14
P-000910,2025-10-01,10,168.5,5.6,1,4,95.0,14.5,2,1.06
P-000910,2025-11-01,11,167.7,9.2,2,4,92.1,20.1,2,1.94
P-000910,2025-12-01,12,165.0,9.3,2,3,89.8,18.1,2,1.58
P-000911,2025-01-01,1,185.9,10.7,4,5,85.7,32.0,2,1.84
P-000911,2025-02-01,2,178.6,13.5,1,3,84.6,25.6,2,2.28
P-000911,2025-03-01,3,185.3,7.8,1,3,86.9,24.0,2,1.82
P-000911,2025-04-01,4,216.6,33.5,5,13,40.0,73.5,3,4.1
P-000911,2025-05-01,5,217.6,26.8,7,7,51.3,67.8,4,3.92
P-000911,2025-06-01,6,217.1,33.8,4,10,47.9,70.2,3,4.7
P-000911,2025-07-01,7,219.4,32.5,7,10,54.7,70.6,3,3.29
P-000911,2025-08-01,8,215.3,32.9,8,8,51.7,71.8,3,3.91
P-000911,2025-09-01,9,189.7,9.7,1,4,86.1,27.2,2,1.83
P-000911,2025-10-01,10,176.8,5.9,4,5,87.6,27.1,2,2.08
P-000911,2025-11-01,11,190.4,6.5,2,7,87.4,29.2,2,1.69
P-000911,2025-12-01,12,184.2,15.2,1,6,83.9,29.2,2,1.79
P-000912,2025-01-01,1,175.7,0.0,4,4,89.9,22.3,2,1.71
P-000912,2025-02-01,2,171.8,12.2,4,6,87.4,27.3,2,1.52
P-000912,2025-03-01,3,174.1,7.0,2,6,83.9,23.3,2,1.55
P-000912,2025-04-01,4,175.4,6.2,4,3,89.5,22.8,2,1.17
P-000912,2025-05-01,5,171.9,10.9,2,4,92.4,20.6,2,1.3
P-000912,2025-06-01,6,173.3,2.3,4,5,92.7,22.1,2,1.54
P-000912,2025-07-01,7,179.4,8.0,1,4,90.1,22.0,2,1.75
P-000912,2025-08-01,8,170.0,10.0,3,4,90.4,22.6,2,1.71
P-000912,2025-09-01,9,170.0,3.5,1,6,93.7,16.4,2,1.35
P-000912,2025-10-01,10,182.7,6.7,3,5,91.7,26.2,2,1.75
P-000912,2025-11-01,11,176.2,5.3,2,6,88.4,22.5,2,1.56
P-000912,2025-12-01,12,170.9,7.5,4,4,90.3,22.8,2,1.39
P-000913,2025-01-01,1,189.8,11.8,1,4,85.3,28.5,2,1.9
P-000913,2025-02-01,2,183.4,10.9,1,3,85.7,23.3,2,1.21
P-000913,2025-03-01,3,182.6,11.0,1,4,85.6,25.1,2,1.72
P-000913,2025-04-01,4,219.2,40.2,5,7,40.0,73.3,4,4.11
P-000913,2025-05-01,5,227.1,25.7,7,11,49.0,73.8,4,3.92
P-000913,2025-06-01,6,213.0,28.7,4,6,44.4,60.8,4,3.19
P-000913,2025-07-01,7,221.4,20.5,4,9,44.3,64.6,3,4.07
P-000913,2025-08-01,8,226.0,37.4,8,6,40.0,77.8,3,3.73
P-000913,2025-09-01,9,182.9,11.6,4,4,85.4,30.8,2,1.85
P-000913,2025-10-01,10,188.3,10.7,1,6,85.7,27.9,2,1.58
P-000913,2025-11-01,11,189.4,16.9,1,6,83.3,32.7,2,2.15
P-000913,2025-12-01,12,179.9,14.4,1,4,84.2,26.3,2,1.9
P-000914,2025-01-01,1,159.6,9.1,2,4,90.2,16.6,2,1.55
P-000914,2025-02-01,2,162.6,8.6,2,3,88.6,16.0,2,1.12
P-000914,2025-03-01,3,162.4,6.9,2,5,91.4,18.0,2,1.92
P-000914,2025-04-01,4,153.7,6.4,1,6,93.6,11.9,2,1.35
P-000914,2025-05-01,5,160.7,3.1,2,7,92.0,14.9,2,1.04
P-000914,2025-06-01,6,151.2,5.8,1,5,93.1,10.6,2,1.51
P-000914,2025-07-01,7,157.7,5.2,4,5,92.8,18.1,2,1.66
P-000914,2025-08-01,8,165.0,7.1,2,4,90.2,17.6,2,1.53
P-000914,2025-09-01,9,166.1,12.0,2,4,94.0,20.2,2,1.87
P-000914,2025-10-01,10,157.4,10.1,1,5,87.2,16.2,2,1.68
P-000914,2025-11-01,11,172.2,3.6,1,5,93.0,17.4,2,1.64
P-000914,2025-12-01,12,158.5,8.1,1,5,89.0,15.1,2,1.58
P-000915,2025-01-01,1,176.2,4.1,1,3,88.4,19.9,2,2.18
P-000915,2025-02-01,2,182.9,12.3,3,6,85.1,30.9,2,1.91
P-000915,2025-03-01,3,175.8,5.8,1,6,87.7,21.0,2,1.55
P-000915,2025-04-01,4,211.9,33.0,9,9,48.6,74.5,4,4.28
P-000915,2025-05-01,5,217.1,36.2,7,8,43.9,74.0,3,4.06
P-000915,2025-06-01,6,216.9,35.1,9,7,41.7,75.0,4,3.44
P-000915,2025-07-01,7,216.8,32.4,4,10,43.3,67.8,3,3.69
P-000915,2025-08-01,8,218.8,21.1,6,9,52.2,63.9,4,3.34
P-000915,2025-09-01,9,177.8,14.6,1,6,84.1,26.4,2,1.67
P-000915,2025-10-01,10,178.1,7.6,1,3,86.9,21.9,2,2.0
P-000915,2025-11-01,11,178.4,15.9,3,5,83.7,31.4,2,2.28
P-000915,2025-12-01,12,174.9,3.0,1,5,88.8,19.1,2,1.71
P-000916,2025-01-01,1,176.4,6.4,3,4,99.6,22.1,2,1.89
P-000916,2025-02-01,2,178.1,10.1,1,5,90.8,21.9,2,1.37
P-000916,2025-03-01,3,186.6,8.0,1,5,89.4,23.7,2,1.15
P-000916,2025-04-01,4,186.0,1.6,1,4,92.0,19.6,2,1.09
P-000916,2025-05-01,5,186.3,4.1,2,5,94.1,23.2,2,1.31
P-000916,2025-06-01,6,177.8,4.7,1,4,94.3,17.9,2,1.22
P-000916,2025-07-01,7,173.7,3.2,1,3,90.3,16.7,2,1.53
P-000916,2025-08-01,8,189.1,1.8,3,3,97.8,22.5,2,1.17
P-000916,2025-09-01,9,179.5,10.6,2,5,87.0,25.7,2,1.65
P-000916,2025-10-01,10,183.7,3.3,4,4,91.2,25.7,2,1.53
P-000916,2025-11-01,11,178.2,7.4,0,6,92.6,20.0,2,1.55
P-000916,2025-12-01,12,187.3,6.6,1,6,88.4,26.3,2,1.97
P-000917,2025-01-01,1,174.3,2.3,3,3,97.1,19.8,2,2.03
P-000917,2025-02-01,2,181.7,4.4,1,4,96.0,19.5,2,1.48
P-000917,2025-03-01,3,175.7,6.4,2,5,93.7,20.6,2,1.31
P-000917,2025-04-01,4,171.8,2.8,1,5,91.8,17.3,2,1.7
P-000917,2025-05-01,5,175.0,3.7,1,4,94.6,17.8,2,1.78
P-000917,2025-06-01,6,174.3,8.0,0,3,91.7,17.3,2,1.68
P-000917,2025-07-01,7,178.5,8.2,2,3,87.5,23.0,2,1.67
P-000917,2025-08-01,8,174.2,5.8,0,4,90.5,16.1,2,1.21
P-000917,2025-09-01,9,183.3,1.1,1,4,98.1,17.1,2,1.0
P-000917,2025-10-01,10,173.3,5.5,1,4,88.4,17.6,2,1.15
P-000917,2025-11-01,11,180.0,9.0,2,5,92.1,24.5,2,1.74
P-000917,2025-12-01,12,176.8,1.8,4,5,95.6,23.3,2,1.82
P-000918,2025-01-01,1,170.4,3.3,1,3,96.7,13.5,1,1.17
P-000918,2025-02-01,2,214.4,36.6,10,8,47.0,77.8,4,4.11
P-000918,2025-03-01,3,211.9,36.3,5,6,47.1,65.6,4,3.54
P-000918,2025-04-01,4,209.9,33.2,10,10,48.0,73.6,4,3.2
P-000918,2025-05-01,5,221.2,34.1,5,10,47.8,71.2,4,3.79
P-000918,2025-06-01,6,114.2,0.0,0,3,120.0,5.0,1,1.0
P-000918,2025-07-01,7,169.2,7.1,0,5,95.2,15.1,1,1.38
P-000918,2025-08-01,8,163.9,4.0,3,4,96.4,15.8,1,1.29
P-000918,2025-09-01,9,163.1,3.5,0,5,96.6,11.4,1,1.45
P-000918,2025-10-01,10,171.1,3.0,0,4,96.8,13.4,1,1.5
P-000918,2025-11-01,11,164.9,7.0,2,4,95.2,17.0,1,1.69
P-000918,2025-12-01,12,168.7,5.1,0,4,96.0,12.6,1,1.11
P-000919,2025-01-01,1,175.5,7.4,0,3,89.1,17.0,2,1.28
P-000919,2025-02-01,2,181.5,4.0,2,5,90.4,23.3,2,1.75
P-000919,2025-03-01,3,217.9,38.7,10,12,43.4,82.8,3,3.95
P-000919,2025-04-01,4,226.5,31.2,10,9,45.6,81.3,3,4.36
P-000919,2025-05-01,5,225.2,38.4,7,11,43.5,79.0,3,3.71
P-000919,2025-06-01,6,229.4,35.4,9,12,44.4,83.9,3,4.08
P-000919,2025-07-01,7,223.2,41.8,8,9,42.5,79.7,3,3.53
P-000919,2025-08-01,8,226.8,40.6,10,12,42.8,85.6,4,3.46
P-000919,2025-09-01,9,235.2,43.2,11,9,42.0,90.7,3,3.99
P-000919,2025-10-01,10,177.0,8.0,0,6,88.8,20.2,2,1.43
P-000919,2025-11-01,11,178.7,9.5,1,4,88.2,23.2,2,1.95
P-000919,2025-12-01,12,176.3,4.8,2,5,90.1,24.2,2,2.68
P-000920,2025-01-01,1,173.9,7.8,1,3,90.4,17.8,2,1.18
P-000920,2025-02-01,2,176.2,12.4,2,4,90.3,22.4,2,1.0
P-000920,2025-03-01,3,176.4,6.3,3,7,89.6,25.4,2,1.67
P-000920,2025-04-01,4,179.0,9.3,2,5,85.0,24.9,2,1.47
P-000920,2025-05-01,5,182.0,4.8,0,6,89.2,20.8,2,1.52
P-000920,2025-06-01,6,174.4,7.7,2,6,92.2,20.8,2,1.0
P-000920,2025-07-01,7,177.2,1.3,2,6,92.0,21.5,2,1.96
P-000920,2025-08-01,8,179.3,10.1,2,5,92.5,25.1,2,1.92
P-000920,2025-09-01,9,170.6,7.7,1,6,94.0,18.5,2,1.44
P-000920,2025-10-01,10,170.7,10.6,0,6,91.2,18.6,2,1.44
P-000920,2025-11-01,11,174.3,7.0,2,5,92.4,20.0,2,1.11
P-000920,2025-12-01,12,177.7,7.2,1,4,91.6,20.8,2,1.78
P-000921,2025-01-01,1,184.0,16.1,1,6,75.6,31.2,3,1.84
P-000921,2025-02-01,2,191.0,15.5,2,5,75.8,36.0,3,2.5
P-000921,2025-03-01,3,200.4,11.4,5,5,77.5,42.7,3,2.68
P-000921,2025-04-01,4,224.4,43.5,9,11,44.1,85.1,5,4.16
P-000921,2025-05-01,5,237.7,41.9,9,11,50.1,89.6,5,4.8
P-000921,2025-06-01,6,250.1,41.5,11,12,45.1,98.0,5,4.53
P-000921,2025-07-01,7,242.3,51.9,9,15,42.7,98.0,5,4.63
P-000921,2025-08-01,8,259.4,52.6,11,11,39.9,98.0,5,4.71
P-000921,2025-09-01,9,252.2,48.3,13,11,41.3,98.0,5,4.41
P-000921,2025-10-01,10,255.8,49.6,8,11,37.8,98.0,5,4.85
P-000921,2025-11-01,11,258.9,53.6,8,10,37.6,98.0,5,3.76
P-000921,2025-12-01,12,265.9,58.9,13,14,32.5,98.0,5,4.62
P-000922,2025-01-01,1,174.2,9.8,2,4,90.6,22.0,2,1.58
P-000922,2025-02-01,2,176.1,12.4,3,5,90.4,24.9,2,1.08
P-000922,2025-03-01,3,175.1,11.7,3,4,86.4,25.3,2,1.49
P-000922,2025-04-01,4,169.6,9.4,3,5,89.7,22.9,2,1.64
P-000922,2025-05-01,5,165.0,5.2,3,4,94.2,17.8,2,1.54
P-000922,2025-06-01,6,169.2,8.2,1,4,91.6,17.9,2,1.63
P-000922,2025-07-01,7,170.9,6.3,2,5,91.9,19.7,2,1.51
P-000922,2025-08-01,8,178.6,9.3,1,4,89.2,22.8,2,1.9
P-000922,2025-09-01,9,171.3,8.1,3,4,95.6,22.4,2,2.12
P-000922,2025-10-01,10,172.3,8.9,3,4,92.5,21.8,2,1.39
P-000922,2025-11-01,11,172.8,2.0,1,7,84.7,19.7,2,1.55
P-000922,2025-12-01,12,173.5,4.2,3,4,93.0,20.2,2,1.39
P-000923,2025-01-01,1,180.3,4.1,2,4,96.4,19.3,1,1.02
P-000923,2025-02-01,2,221.2,30.6,10,7,48.8,76.6,4,4.08
P-000923,2025-03-01,3,227.2,38.4,5,8,46.5,73.3,4,3.52
P-000923,2025-04-01,4,232.5,40.0,5,8,46.0,76.6,4,3.79
P-000923,2025-05-01,5,227.2,30.8,6,12,48.8,73.8,4,3.43
P-000923,2025-06-01,6,124.8,0.0,0,3,120.0,5.0,1,1.0
P-000923,2025-07-01,7,178.1,3.1,0,6,96.8,16.3,1,1.12
P-000923,2025-08-01,8,172.1,6.0,1,3,95.6,15.0,1,1.01
P-000923,2025-09-01,9,182.0,4.4,0,6,96.3,18.6,1,1.23
P-000923,2025-10-01,10,179.1,5.0,3,3,96.0,20.3,1,1.0
P-000923,2025-11-01,11,175.2,3.6,1,5,96.6,17.4,1,1.48
P-000923,2025-12-01,12,176.2,2.9,0,5,96.9,15.1,1,1.22
P-000924,2025-01-01,1,183.4,17.3,5,8,75.1,41.5,3,2.59
P-000924,2025-02-01,2,186.1,21.4,5,6,73.4,41.9,3,2.1
P-000924,2025-03-01,3,187.7,23.9,5,6,72.4,44.3,3,2.36
P-000924,2025-04-01,4,226.8,50.9,5,12,42.7,83.2,5,4.11
P-000924,2025-05-01,5,231.5,47.5,13,13,41.2,97.4,5,3.97
P-000924,2025-06-01,6,244.2,54.0,10,10,41.8,98.0,5,5.0
P-000924,2025-07-01,7,240.5,40.8,9,12,41.3,91.6,5,4.47
P-000924,2025-08-01,8,246.0,63.0,10,16,43.5,98.0,5,4.16
P-000924,2025-09-01,9,251.6,51.8,12,7,40.9,98.0,5,4.66
P-000924,2025-10-01,10,261.1,39.8,9,11,35.5,98.0,5,4.68
P-000924,2025-11-01,11,260.8,46.4,10,8,39.5,98.0,5,5.0
P-000924,2025-12-01,12,258.5,52.0,13,10,39.7,98.0,5,4.71
P-000925,2025-01-01,1,184.2,7.8,1,7,92.6,24.3,2,1.44
P-000925,2025-02-01,2,180.0,9.8,4,4,91.9,27.8,2,1.86
P-000925,2025-03-01,3,181.5,5.5,4,3,90.9,24.1,2,1.06
P-000925,2025-04-01,4,169.3,3.0,1,5,93.6,18.0,2,2.41
P-000925,2025-05-01,5,172.2,9.0,3,4,90.5,21.8,2,1.25
P-000925,2025-06-01,6,178.7,0.2,0,3,93.9,15.3,2,1.7
P-000925,2025-07-01,7,174.8,14.8,1,3,88.1,22.1,2,1.45
P-000925,2025-08-01,8,167.6,7.3,1,6,91.3,16.7,2,1.0
P-000925,2025-09-01,9,166.0,9.0,4,4,94.4,21.2,2,1.47
P-000925,2025-10-01,10,171.9,15.4,2,5,86.0,25.2,2,1.62
P-000925,2025-11-01,11,171.3,3.8,2,4,94.2,18.7,2,1.92
P-000925,2025-12-01,12,174.3,4.1,1,4,95.5,17.6,2,1.78
P-000926,2025-01-01,1,173.4,0.0,2,5,92.7,18.1,2,1.64
P-000926,2025-02-01,2,176.3,8.8,2,5,87.3,24.0,2,1.73
P-000926,2025-03-01,3,172.7,7.0,2,5,89.9,21.2,2,1.59
P-000926,2025-04-01,4,186.0,9.0,1,6,93.3,23.7,2,1.09
P-000926,2025-05-01,5,172.7,3.7,1,3,96.7,15.4,2,1.55
P-000926,2025-06-01,6,184.3,8.6,2,3,88.9,24.2,2,1.38
P-000926,2025-07-01,7,174.8,8.8,1,3,92.3,19.0,2,1.53
P-000926,2025-08-01,8,181.2,3.9,2,5,92.1,21.8,2,1.37
P-000926,2025-09-01,9,173.8,7.6,2,5,96.9,21.5,2,2.01
P-000926,2025-10-01,10,182.3,5.2,4,4,93.0,25.7,2,1.51
P-000926,2025-11-01,11,176.8,6.5,2,4,90.9,21.1,2,1.4
P-000926,2025-12-01,12,182.9,8.9,2,5,90.7,25.0,2,1.44
P-000927,2025-01-01,1,184.6,6.6,4,3,90.7,26.3,2,1.3
P-000927,2025-02-01,2,180.2,5.5,0,4,94.2,18.1,2,1.5
P-000927,2025-03-01,3,177.4,8.8,1,3,86.8,20.7,2,1.42
P-000927,2025-04-01,4,171.5,1.9,1,4,91.9,15.6,2,1.46
P-000927,2025-05-01,5,179.2,6.8,1,6,99.3,19.3,2,1.1
P-000927,2025-06-01,6,180.2,5.0,3,5,95.5,24.0,2,1.76
P-000927,2025-07-01,7,180.4,2.4,2,5,92.4,20.7,2,1.28
P-000927,2025-08-01,8,180.3,10.1,1,4,88.4,23.1,2,1.61
P-000927,2025-09-01,9,186.0,0.4,2,5,93.9,23.2,2,1.96
P-000927,2025-10-01,10,181.8,5.5,0,6,92.8,19.9,2,1.35
P-000927,2025-11-01,11,172.9,9.9,2,5,88.8,22.4,2,1.52
P-000927,2025-12-01,12,171.9,7.1,2,5,93.1,19.8,2,1.36
P-000928,2025-01-01,1,178.8,10.5,3,6,85.8,28.2,2,1.73
P-000928,2025-02-01,2,179.1,8.0,4,4,86.8,27.9,2,1.93
P-000928,2025-03-01,3,181.9,9.5,1,6,86.2,24.9,2,1.54
P-000928,2025-04-01,4,220.3,34.0,6,9,49.0,72.2,3,4.05
P-000928,2025-05-01,5,217.5,38.1,7,8,44.2,71.8,3,2.83
P-000928,2025-06-01,6,213.9,41.9,5,7,41.6,70.8,4,3.72
P-000928,2025-07-01,7,212.3,31.9,4,9,50.5,64.7,3,3.96
P-000928,2025-08-01,8,223.3,32.4,4,11,48.0,70.1,3,3.79
P-000928,2025-09-01,9,178.2,14.7,1,5,84.1,27.3,2,2.21
P-000928,2025-10-01,10,175.4,13.2,4,4,84.7,28.5,2,1.65
P-000928,2025-11-01,11,180.3,16.1,3,5,83.6,31.5,2,2.02
P-000928,2025-12-01,12,184.3,8.4,3,4,86.7,27.7,2,1.73
P-000929,2025-01-01,1,197.9,8.9,1,5,86.4,29.0,2,1.31
P-000929,2025-02-01,2,192.5,14.9,3,4,84.0,34.1,2,1.85
P-000929,2025-03-01,3,191.6,10.8,2,5,85.7,31.5,2,2.13
P-000929,2025-04-01,4,214.7,35.2,7,7,44.2,73.2,3,4.52
P-000929,2025-05-01,5,221.6,23.2,7,11,48.0,71.4,4,4.08
P-000929,2025-06-01,6,233.1,18.1,6,10,58.1,69.6,4,4.29
P-000929,2025-07-01,7,230.0,31.8,9,6,41.1,78.3,3,3.68
P-000929,2025-08-01,8,229.0,35.9,10,8,51.5,80.2,4,3.49
P-000929,2025-09-01,9,188.0,14.0,1,7,84.4,30.3,2,1.68
P-000929,2025-10-01,10,187.4,8.4,3,3,86.6,28.6,2,1.89
P-000929,2025-11-01,11,188.6,11.5,3,4,85.4,30.5,2,1.65
P-000929,2025-12-01,12,184.5,6.6,1,5,87.4,24.1,2,1.67
P-000930,2025-01-01,1,183.1,5.2,1,4,97.4,20.2,2,1.55
P-000930,2025-02-01,2,186.9,5.8,0,4,92.5,20.8,2,1.48
P-000930,2025-03-01,3,184.0,5.3,1,5,92.5,23.2,2,1.98
P-000930,2025-04-01,4,184.0,8.3,1,3,88.8,23.0,3,1.66
P-000930,2025-05-01,5,177.2,10.2,2,4,93.0,21.5,3,1.04
P-000930,2025-06-01,6,180.9,3.6,2,5,92.0,21.6,2,1.36
P-000930,2025-07-01,7,181.2,6.6,1,4,86.8,20.8,2,1.04
P-000930,2025-08-01,8,177.7,4.9,3,4,93.5,22.6,2,1.69
P-000930,2025-09-01,9,184.6,11.7,3,4,90.7,28.0,2,1.52
P-000930,2025-10-01,10,179.5,2.1,1,6,95.6,18.6,2,1.25
P-000930,2025-11-01,11,180.1,12.0,1,5,91.2,22.7,2,1.13
P-000930,2025-12-01,12,182.8,5.0,1,6,99.5,19.8,2,1.09
P-000931,2025-01-01,1,173.8,7.7,1,4,97.7,19.7,2,2.25
P-000931,2025-02-01,2,170.4,5.7,3,4,87.7,21.5,2,1.7
P-000931,2025-03-01,3,172.3,9.9,3,5,91.1,24.6,2,1.97
P-000931,2025-04-01,4,168.3,10.6,4,4,91.5,23.3,3,1.5
P-000931,2025-05-01,5,163.3,6.2,2,4,93.3,16.1,3,1.55
P-000931,2025-06-01,6,168.5,8.0,4,3,97.1,20.9,2,1.67
P-000931,2025-07-01,7,164.0,6.0,2,4,87.7,16.6,2,1.24
P-000931,2025-08-01,8,175.3,5.0,1,7,91.2,20.4,2,1.47
P-000931,2025-09-01,9,172.7,7.0,1,3,90.7,18.0,2,1.6
P-000931,2025-10-01,10,167.8,9.0,3,5,90.8,22.7,2,1.95
P-000931,2025-11-01,11,170.4,5.8,2,6,91.8,21.2,2,1.99
P-000931,2025-12-01,12,159.2,7.6,0,3,93.7,10.9,2,1.46
P-000932,2025-01-01,1,172.5,22.7,1,6,72.9,31.0,3,2.05
P-000932,2025-02-01,2,181.5,14.3,3,5,76.3,33.1,3,2.25
P-000932,2025-03-01,3,185.3,16.2,1,6,75.5,34.2,3,2.8
P-000932,2025-04-01,4,230.1,40.5,5,10,44.0,78.9,5,4.31
P-000932,2025-05-01,5,240.8,44.4,7,11,38.6,89.9,5,4.56
P-000932,2025-06-01,6,247.4,46.6,6,9,43.6,88.0,5,4.09
P-000932,2025-07-01,7,250.2,60.4,8,12,38.4,98.0,5,4.29
P-000932,2025-08-01,8,248.1,52.9,6,9,34.6,94.8,5,5.0
P-000932,2025-09-01,9,249.9,65.0,14,9,39.2,98.0,5,4.6
P-000932,2025-10-01,10,251.6,52.8,11,10,40.0,98.0,5,4.78
P-000932,2025-11-01,11,257.2,45.5,7,15,33.0,98.0,5,4.81
P-000932,2025-12-01,12,258.5,48.9,8,11,33.0,98.0,5,4.83
P-000933,2025-01-01,1,181.7,5.9,0,4,89.6,18.7,2,1.1
P-000933,2025-02-01,2,185.1,8.0,0,5,88.8,21.3,2,1.0
P-000933,2025-03-01,3,187.9,9.6,2,5,88.2,26.6,2,1.09
P-000933,2025-04-01,4,183.3,15.0,1,4,86.0,26.7,2,1.64
P-000933,2025-05-01,5,189.4,6.7,2,4,89.3,25.9,2,1.44
P-000933,2025-06-01,6,220.8,21.8,8,8,63.4,65.7,4,3.42
P-000933,2025-07-01,7,214.6,27.3,3,8,61.8,56.0,4,2.7
P-000933,2025-08-01,8,184.0,5.0,1,4,90.0,21.2,2,1.32
P-000933,2025-09-01,9,181.4,4.1,1,6,90.4,21.9,2,1.58
P-000933,2025-10-01,10,192.2,8.3,4,3,88.7,30.8,2,1.63
P-000933,2025-11-01,11,183.0,4.8,1,6,90.1,23.2,2,1.73
P-000933,2025-12-01,12,181.8,3.7,2,4,90.5,23.5,2,2.12
P-000934,2025-01-01,1,175.0,8.8,1,4,86.5,21.3,2,1.71
P-000934,2025-02-01,2,178.3,8.5,1,5,86.6,21.4,2,1.1
P-000934,2025-03-01,3,171.5,9.1,2,5,86.4,21.1,2,1.13
P-000934,2025-04-01,4,203.4,31.6,4,6,52.0,57.5,3,3.3
P-000934,2025-05-01,5,200.9,23.9,8,8,53.2,62.4,4,3.77
P-000934,2025-06-01,6,210.4,32.1,4,6,47.1,62.0,4,3.68
P-000934,2025-07-01,7,211.8,31.7,5,6,42.5,64.6,4,3.55
P-000934,2025-08-01,8,214.5,36.0,10,11,52.6,79.3,3,4.44
P-000934,2025-09-01,9,169.8,8.8,4,6,86.5,26.7,2,2.05
P-000934,2025-10-01,10,173.3,10.3,4,6,85.9,29.3,2,2.33
P-000934,2025-11-01,11,176.2,8.7,2,4,86.5,24.0,2,1.97
P-000934,2025-12-01,12,176.2,5.4,1,6,87.8,21.8,2,1.86
P-000935,2025-01-01,1,184.9,6.9,4,4,89.8,27.8,2,1.48
P-000935,2025-02-01,2,178.0,2.7,1,5,90.1,18.2,2,1.08
P-000935,2025-03-01,3,184.3,9.1,3,3,86.7,26.2,2,1.28
P-000935,2025-04-01,4,180.5,4.3,3,4,90.8,23.1,2,1.42
P-000935,2025-05-01,5,180.0,5.1,3,4,90.5,22.9,2,1.26
P-000935,2025-06-01,6,180.6,6.7,2,4,91.7,21.3,2,1.0
P-000935,2025-07-01,7,189.2,6.6,0,4,92.2,23.4,2,2.03
P-000935,2025-08-01,8,191.3,8.7,2,5,90.5,27.6,2,1.32
P-000935,2025-09-01,9,183.6,6.0,0,5,95.2,20.4,2,1.65
P-000935,2025-10-01,10,185.7,9.7,1,4,90.4,26.3,2,2.34
P-000935,2025-11-01,11,186.5,1.0,1,5,99.5,19.2,2,1.25
P-000935,2025-12-01,12,188.6,5.6,0,4,96.3,20.1,2,1.26
P-000936,2025-01-01,1,158.0,3.9,0,4,96.4,9.5,2,1.59
P-000936,2025-02-01,2,173.0,10.2,4,4,81.9,25.3,2,1.02
P-000936,2025-03-01,3,168.3,12.4,3,5,94.3,21.2,2,1.0
P-000936,2025-04-01,4,176.4,1.3,1,5,96.5,16.8,2,1.42
P-000936,2025-05-01,5,174.0,8.2,1,7,93.2,19.8,3,1.05
P-000936,2025-06-01,6,169.9,3.6,3,4,91.6,20.3,2,1.95
P-000936,2025-07-01,7,167.3,3.9,0,5,93.0,14.2,2,1.65
P-000936,2025-08-01,8,171.7,6.6,4,5,92.9,23.5,2,1.62
P-000936,2025-09-01,9,169.5,8.3,2,5,95.7,18.7,2,1.25
P-000936,2025-10-01,10,167.9,7.8,4,4,90.1,21.8,2,1.35
P-000936,2025-11-01,11,170.1,3.9,2,6,95.4,18.2,2,1.46
P-000936,2025-12-01,12,167.0,7.7,4,5,88.5,22.4,2,1.33
P-000937,2025-01-01,1,182.8,3.0,2,5,96.2,21.4,2,1.43
P-000937,2025-02-01,2,179.0,11.0,1,3,88.4,21.8,2,1.37
P-000937,2025-03-01,3,176.4,9.3,2,4,89.0,22.0,2,1.25
P-000937,2025-04-01,4,179.1,2.5,0,4,92.8,16.2,2,1.3
P-000937,2025-05-01,5,188.6,13.6,1,5,94.0,27.3,3,1.7
P-000937,2025-06-01,6,167.9,4.8,2,3,90.7,16.9,2,1.5
P-000937,2025-07-01,7,174.7,6.9,1,6,92.7,20.1,2,1.54
P-000937,2025-08-01,8,179.4,9.7,0,6,87.0,21.1,2,1.04
P-000937,2025-09-01,9,175.6,7.9,1,4,94.5,18.6,2,1.3
P-000937,2025-10-01,10,181.6,3.5,3,5,92.4,24.0,2,1.61
P-000937,2025-11-01,11,176.8,9.3,1,5,92.4,21.4,2,1.57
P-000937,2025-12-01,12,179.2,1.6,2,4,93.5,18.6,2,1.09
P-000938,2025-01-01,1,176.4,5.0,0,5,96.0,16.2,1,1.23
P-000938,2025-02-01,2,212.3,36.6,4,9,47.0,66.8,4,3.78
P-000938,2025-03-01,3,208.9,37.7,5,10,46.7,68.3,4,3.68
P-000938,2025-04-01,4,209.7,34.3,7,6,47.7,67.5,4,3.66
P-000938,2025-05-01,5,223.6,34.6,5,9,47.6,71.6,4,3.81
P-000938,2025-06-01,6,114.9,0.0,0,3,120.0,5.0,1,1.0
P-000938,2025-07-01,7,162.6,7.4,0,4,95.0,11.6,1,1.11
P-000938,2025-08-01,8,161.3,4.0,2,4,96.4,13.8,1,1.51
P-000938,2025-09-01,9,168.9,4.9,1,4,96.0,14.7,1,1.28
P-000938,2025-10-01,10,171.3,5.7,2,5,95.7,18.9,1,1.53
P-000938,2025-11-01,11,170.6,10.9,1,6,93.7,20.1,1,1.52
P-000938,2025-12-01,12,164.0,7.3,3,5,95.1,18.0,1,1.22
P-000939,2025-01-01,1,183.9,12.1,2,4,89.8,25.1,2,1.0
P-000939,2025-02-01,2,189.4,6.1,2,4,93.8,25.3,2,1.61
P-000939,2025-03-01,3,176.7,6.8,3,6,89.1,25.5,2,1.82
P-000939,2025-04-01,4,190.1,10.1,0,4,83.7,26.7,2,1.99
P-000939,2025-05-01,5,181.6,5.6,2,6,95.2,22.8,2,1.37
P-000939,2025-06-01,6,184.7,10.8,4,3,89.0,29.1,2,1.6
P-000939,2025-07-01,7,180.6,6.2,4,3,93.9,24.5,2,1.46
P-000939,2025-08-01,8,188.3,7.3,4,3,89.1,28.3,2,1.36
P-000939,2025-09-01,9,184.3,4.8,0,5,89.1,20.9,2,1.51
P-000939,2025-10-01,10,185.0,3.6,1,4,97.8,20.3,2,1.62
P-000939,2025-11-01,11,184.9,10.7,3,6,87.8,30.4,2,1.87
P-000939,2025-12-01,12,185.7,6.7,2,4,95.4,23.4,2,1.41
P-000940,2025-01-01,1,189.3,2.5,1,6,89.0,24.8,2,1.78
P-000940,2025-02-01,2,175.4,2.0,3,6,89.2,23.4,2,1.96
P-000940,2025-03-01,3,183.0,9.7,2,4,86.1,26.8,2,1.91
P-000940,2025-04-01,4,205.3,32.0,7,10,52.4,66.9,4,3.66
P-000940,2025-05-01,5,221.0,38.9,10,8,45.8,79.7,3,3.51
P-000940,2025-06-01,6,231.0,28.5,7,6,47.9,74.2,3,4.32
P-000940,2025-07-01,7,227.2,30.4,6,9,44.3,73.2,4,3.72
P-000940,2025-08-01,8,209.6,30.4,8,9,45.6,69.9,3,3.65
P-000940,2025-09-01,9,181.5,4.9,2,4,88.0,24.2,2,2.06
P-000940,2025-10-01,10,185.5,11.2,4,6,85.5,32.0,2,1.49
P-000940,2025-11-01,11,179.7,6.4,3,4,87.5,25.4,2,1.83
P-000940,2025-12-01,12,189.9,10.2,2,4,85.9,27.3,2,1.1
P-000941,2025-01-01,1,186.9,3.3,2,3,92.3,22.5,2,1.49
P-000941,2025-02-01,2,179.8,5.1,2,4,93.8,20.3,2,1.13
P-000941,2025-03-01,3,184.2,0.8,1,5,94.7,20.4,2,1.75
P-000941,2025-04-01,4,180.5,5.4,1,6,90.8,21.5,3,1.36
P-000941,2025-05-01,5,178.4,2.3,3,4,94.4,20.2,2,1.13
P-000941,2025-06-01,6,182.6,10.6,3,6,92.1,27.1,2,1.2
P-000941,2025-07-01,7,179.4,5.4,3,3,95.9,21.9,2,1.55
P-000941,2025-08-01,8,183.5,4.2,3,5,93.5,23.6,2,1.13
P-000941,2025-09-01,9,171.0,2.6,2,4,91.7,18.2,2,1.8
P-000941,2025-10-01,10,190.3,7.9,2,6,87.4,28.2,2,1.35
P-000941,2025-11-01,11,179.0,5.0,4,3,90.5,24.8,2,1.76
P-000941,2025-12-01,12,178.7,5.3,3,5,94.6,24.7,2,2.14
P-000942,2025-01-01,1,185.8,12.8,2,5,84.9,30.0,2,1.95
P-000942,2025-02-01,2,176.2,12.1,1,4,85.2,24.4,2,2.14
P-000942,2025-03-01,3,177.9,7.5,1,4,87.0,22.1,2,1.88
P-000942,2025-04-01,4,219.8,39.5,4,9,46.1,71.3,3,3.96
P-000942,2025-05-01,5,210.2,32.0,6,8,42.0,68.3,4,3.97
P-000942,2025-06-01,6,205.8,35.5,8,6,48.0,69.4,4,4.09
P-000942,2025-07-01,7,224.1,43.8,10,7,47.8,82.5,3,3.77
P-000942,2025-08-01,8,216.2,26.7,4,9,47.9,64.9,3,4.15
P-000942,2025-09-01,9,189.5,13.1,4,7,84.7,34.7,2,1.4
P-000942,2025-10-01,10,184.6,6.6,2,3,87.4,24.2,2,1.56
P-000942,2025-11-01,11,183.9,11.1,2,7,85.5,30.1,2,2.06
P-000942,2025-12-01,12,179.1,19.9,4,5,82.0,33.4,2,1.53
P-000943,2025-01-01,1,178.3,3.8,3,6,90.5,24.9,2,1.94
P-000943,2025-02-01,2,178.2,8.3,4,4,88.7,26.7,2,1.68
P-000943,2025-03-01,3,225.9,30.8,10,13,45.8,83.4,3,4.32
P-000943,2025-04-01,4,227.2,38.1,5,11,43.6,77.1,3,4.07
P-000943,2025-05-01,5,235.8,28.9,11,12,46.3,86.0,3,3.93
P-000943,2025-06-01,6,233.5,41.9,10,11,42.4,88.4,4,3.68
P-000943,2025-07-01,7,226.3,34.9,9,7,44.5,78.8,3,3.9
P-000943,2025-08-01,8,224.7,40.8,8,10,42.7,81.8,4,4.04
P-000943,2025-09-01,9,229.2,32.4,7,8,45.3,75.8,4,3.84
P-000943,2025-10-01,10,178.3,10.1,0,4,88.0,22.0,2,2.1
P-000943,2025-11-01,11,179.3,14.2,1,4,86.3,26.7,2,2.36
P-000943,2025-12-01,12,179.1,2.0,2,5,91.2,20.7,2,1.48
P-000944,2025-01-01,1,202.4,12.8,1,5,76.9,37.5,3,2.7
P-000944,2025-02-01,2,186.5,11.2,3,6,77.5,34.3,3,2.35
P-000944,2025-03-01,3,189.7,8.8,4,5,78.5,34.5,3,2.06
P-000944,2025-04-01,4,236.1,36.0,8,12,42.6,86.8,5,4.71
P-000944,2025-05-01,5,238.3,33.4,10,10,43.6,87.2,5,4.28
P-000944,2025-06-01,6,243.2,45.7,12,12,45.2,98.0,5,4.28
P-000944,2025-07-01,7,240.2,52.3,12,13,40.0,98.0,5,5.0
P-000944,2025-08-01,8,249.5,50.2,9,12,38.7,97.8,5,3.92
P-000944,2025-09-01,9,248.8,46.4,8,11,39.7,93.9,5,4.1
P-000944,2025-10-01,10,253.8,56.0,10,9,32.4,98.0,5,4.44
P-000944,2025-11-01,11,261.4,45.0,11,7,36.2,98.0,5,4.68
P-000944,2025-12-01,12,257.2,54.1,11,9,33.3,98.0,5,4.63
P-000945,2025-01-01,1,178.4,4.9,2,5,89.9,20.9,2,1.07
P-000945,2025-02-01,2,182.6,6.5,1,3,94.2,20.4,2,1.52
P-000945,2025-03-01,3,180.8,6.7,1,4,90.8,21.8,2,1.77
P-000945,2025-04-01,4,177.2,4.3,4,5,93.0,24.7,2,1.71
P-000945,2025-05-01,5,182.3,2.4,1,6,97.6,20.7,2,1.81
P-000945,2025-06-01,6,183.7,8.4,3,5,87.8,26.7,2,1.22
P-000945,2025-07-01,7,180.4,8.8,0,3,85.3,21.4,2,1.86
P-000945,2025-08-01,8,177.6,3.5,1,4,93.9,17.6,2,1.29
P-000945,2025-09-01,9,180.2,4.1,1,4,90.1,20.7,2,1.79
P-000945,2025-10-01,10,181.2,3.7,3,6,95.1,23.0,2,1.15
P-000945,2025-11-01,11,178.8,3.2,1,4,92.9,18.4,2,1.42
P-000945,2025-12-01,12,183.4,14.3,2,5,83.6,29.8,2,1.89
P-000946,2025-01-01,1,195.2,3.9,2,3,93.0,24.5,2,1.08
P-000946,2025-02-01,2,188.1,7.8,3,5,96.3,28.4,2,2.01
P-000946,2025-03-01,3,184.2,9.4,1,5,90.4,24.5,2,1.61
P-000946,2025-04-01,4,184.5,4.8,1,5,93.5,21.9,3,1.56
P-000946,2025-05-01,5,177.2,10.3,1,3,89.0,21.2,2,1.55
P-000946,2025-06-01,6,184.4,5.8,2,6,86.9,26.2,2,1.69
P-000946,2025-07-01,7,173.7,4.8,0,6,90.1,17.7,2,1.53
P-000946,2025-08-01,8,188.5,9.5,2,4,89.0,26.3,2,1.24
P-000946,2025-09-01,9,179.3,3.8,3,6,89.9,24.9,2,1.76
P-000946,2025-10-01,10,179.9,7.4,0,4,93.0,18.0,2,1.1
P-000946,2025-11-01,11,189.2,6.3,0,4,89.5,23.1,2,1.77
P-000946,2025-12-01,12,183.2,4.3,2,5,95.1,22.5,2,1.49
P-000947,2025-01-01,1,178.1,3.7,1,5,97.1,18.5,2,1.53
P-000947,2025-02-01,2,179.0,7.7,4,3,94.5,24.8,2,1.59
P-000947,2025-03-01,3,169.3,0.9,3,5,95.2,17.8,2,1.48
P-000947,2025-04-01,4,174.8,8.5,1,5,98.6,18.5,2,1.32
P-000947,2025-05-01,5,174.6,11.0,2,3,89.9,20.7,2,1.0
P-000947,2025-06-01,6,164.2,3.6,1,5,86.8,15.3,2,1.44
P-000947,2025-07-01,7,171.9,6.9,2,3,93.0,18.6,2,1.47
P-000947,2025-08-01,8,166.8,9.1,3,4,88.4,21.9,2,1.85
P-000947,2025-09-01,9,167.5,1.7,2,4,94.6,15.8,2,1.68
P-000947,2025-10-01,10,174.2,9.4,1,3,87.2,20.4,2,1.69
P-000947,2025-11-01,11,175.7,3.1,3,5,96.5,20.3,2,1.33
P-000947,2025-12-01,12,177.4,10.2,2,4,89.6,22.8,2,1.3
P-000948,2025-01-01,1,174.8,6.1,1,5,95.6,18.2,1,1.37
P-000948,2025-02-01,2,219.1,36.9,4,9,46.9,69.5,4,3.82
P-000948,2025-03-01,3,217.8,29.5,5,7,49.2,65.8,4,3.81
P-000948,2025-04-01,4,217.5,24.5,7,6,50.7,65.1,4,3.43
P-000948,2025-05-01,5,212.4,33.0,5,8,48.1,66.1,4,3.74
P-000948,2025-06-01,6,121.3,0.0,0,3,120.0,5.0,1,1.0
P-000948,2025-07-01,7,173.3,4.5,1,4,96.2,16.4,1,1.43
P-000948,2025-08-01,8,169.8,3.6,0,4,96.6,12.8,1,1.3
P-000948,2025-09-01,9,171.9,3.0,1,4,96.8,14.6,1,1.18
P-000948,2025-10-01,10,170.0,5.8,0,3,95.7,13.8,1,1.54
P-000948,2025-11-01,11,166.2,4.7,1,6,96.1,15.8,1,1.61
P-000948,2025-12-01,12,171.2,6.4,1,5,95.5,16.7,1,1.21
P-000949,2025-01-01,1,176.1,6.1,0,4,95.6,16.3,1,1.37
P-000949,2025-02-01,2,219.9,40.4,6,8,45.9,74.8,4,4.11
P-000949,2025-03-01,3,219.3,43.4,6,8,45.0,74.9,4,3.66
P-000949,2025-04-01,4,213.2,23.0,4,11,51.1,62.2,4,3.83
P-000949,2025-05-01,5,220.3,41.8,5,12,45.5,76.2,4,3.97
P-000949,2025-06-01,6,120.2,0.0,0,3,120.0,5.0,1,1.0
P-000949,2025-07-01,7,172.6,6.7,1,4,95.3,16.5,1,1.14
P-000949,2025-08-01,8,178.2,4.4,0,5,96.2,16.1,1,1.05
P-000949,2025-09-01,9,167.1,3.5,2,5,96.6,16.6,1,1.64
P-000949,2025-10-01,10,168.9,4.2,0,4,96.3,13.3,1,1.52
P-000949,2025-11-01,11,170.4,4.5,0,4,96.2,13.6,1,1.37
P-000949,2025-12-01,12,170.3,6.3,1,6,95.5,16.8,1,1.13
P-000950,2025-01-01,1,181.0,6.2,1,4,87.5,23.0,2,2.05
P-000950,2025-02-01,2,175.7,8.9,4,3,86.4,25.6,2,1.58
P-000950,2025-03-01,3,174.7,4.7,2,6,88.1,22.5,2,1.82
P-000950,2025-04-01,4,212.0,22.5,6,10,45.7,64.8,3,3.64
P-000950,2025-05-01,5,206.7,24.0,7,9,54.8,62.3,3,3.44
P-000950,2025-06-01,6,213.4,40.3,4,11,42.0,72.9,4,4.53
P-000950,2025-07-01,7,206.3,21.4,7,10,50.7,65.9,4,4.77
P-000950,2025-08-01,8,220.9,22.8,8,9,50.5,71.8,3,4.44
P-000950,2025-09-01,9,174.6,7.1,1,4,87.1,20.8,2,1.89
P-000950,2025-10-01,10,176.5,12.9,4,3,84.8,29.1,2,2.06
P-000950,2025-11-01,11,177.4,6.4,1,5,87.4,20.7,2,1.33
P-000950,2025-12-01,12,177.2,10.9,3,4,85.6,27.4,2,2.08
P-000951,2025-01-01,1,174.1,5.9,1,4,87.6,18.2,2,1.17
P-000951,2025-02-01,2,175.0,7.6,2,5,87.0,24.1,2,2.14
P-000951,2025-03-01,3,175.5,11.4,3,6,85.4,28.3,2,2.08
P-000951,2025-04-01,4,204.6,32.2,4,9,48.4,62.0,4,3.73
P-000951,2025-05-01,5,211.8,32.5,5,7,43.8,66.5,3,4.03
P-000951,2025-06-01,6,202.8,24.6,7,9,49.6,62.0,4,3.37
P-000951,2025-07-01,7,216.7,30.8,9,9,41.9,76.8,4,4.4
P-000951,2025-08-01,8,207.7,28.7,4,7,50.6,62.0,3,4.59
P-000951,2025-09-01,9,178.7,1.4,1,4,89.4,19.4,2,1.87
P-000951,2025-10-01,10,181.2,6.3,4,5,87.5,27.3,2,1.47
P-000951,2025-11-01,11,174.6,15.3,1,3,83.9,24.1,2,1.85
P-000951,2025-12-01,12,177.4,12.1,2,3,85.1,25.5,2,1.98
P-000952,2025-01-01,1,166.7,6.7,4,4,89.3,21.3,2,1.43
P-000952,2025-02-01,2,169.9,5.2,2,4,89.9,19.1,2,1.75
P-000952,2025-03-01,3,217.1,39.7,7,12,43.1,78.1,4,4.0
P-000952,2025-04-01,4,222.9,36.0,7,13,44.2,78.8,4,3.91
P-000952,2025-05-01,5,208.9,38.1,9,13,43.6,79.1,3,4.23
P-000952,2025-06-01,6,215.2,36.7,7,10,44.0,73.4,3,3.49
P-000952,2025-07-01,7,217.2,35.6,9,11,44.3,78.2,3,3.72
P-000952,2025-08-01,8,209.0,43.4,4,7,42.0,69.1,4,4.16
P-000952,2025-09-01,9,216.7,42.1,9,7,42.4,78.9,3,3.92
P-000952,2025-10-01,10,174.1,4.0,4,3,90.4,25.0,2,2.7
P-000952,2025-11-01,11,166.2,1.8,3,6,91.3,19.6,2,1.91
P-000952,2025-12-01,12,165.7,11.8,0,4,87.3,18.1,2,1.95
P-000953,2025-01-01,1,186.0,8.1,2,4,91.6,24.6,2,1.32
P-000953,2025-02-01,2,183.7,3.8,0,4,91.8,18.6,2,1.32
P-000953,2025-03-01,3,178.0,6.5,2,3,92.8,21.0,2,1.62
P-000953,2025-04-01,4,186.5,7.7,1,3,91.7,23.3,2,1.74
P-000953,2025-05-01,5,185.2,5.8,4,5,94.4,26.2,2,1.07
P-000953,2025-06-01,6,184.8,8.0,4,6,91.2,30.1,2,1.81
P-000953,2025-07-01,7,178.6,11.4,1,3,92.6,21.4,2,1.52
P-000953,2025-08-01,8,178.6,9.0,0,6,89.5,22.8,2,2.11
P-000953,2025-09-01,9,181.9,9.3,4,4,88.4,28.4,2,1.64
P-000953,2025-10-01,10,188.6,7.3,2,4,92.4,26.1,2,1.76
P-000953,2025-11-01,11,180.1,3.1,0,5,92.8,17.2,2,1.16
P-000953,2025-12-01,12,174.2,8.2,4,4,90.7,24.3,2,1.45
P-000954,2025-01-01,1,162.2,4.1,0,5,96.3,11.1,1,1.33
P-000954,2025-02-01,2,207.1,38.4,7,10,46.5,73.9,4,4.71
P-000954,2025-03-01,3,217.4,32.0,4,8,48.4,64.4,4,3.22
P-000954,2025-04-01,4,200.0,21.1,8,11,51.7,63.1,4,3.72
P-000954,2025-05-01,5,209.2,30.2,7,10,48.9,67.5,4,3.42
P-000954,2025-06-01,6,111.8,0.0,0,3,120.0,5.0,1,1.0
P-000954,2025-07-01,7,159.1,7.2,0,5,95.1,11.7,1,1.42
P-000954,2025-08-01,8,167.0,6.9,0,3,95.2,13.2,1,1.49
P-000954,2025-09-01,9,168.3,6.3,1,4,95.5,14.6,1,1.06
P-000954,2025-10-01,10,170.1,5.5,1,6,95.8,16.4,1,1.14
P-000954,2025-11-01,11,161.5,1.9,0,5,97.2,10.1,1,1.49
P-000954,2025-12-01,12,164.9,7.9,2,5,94.8,17.0,1,1.25
P-000955,2025-01-01,1,176.3,7.0,1,4,87.9,19.4,2,1.15
P-000955,2025-02-01,2,177.5,6.5,2,5,91.5,22.2,2,1.56
P-000955,2025-03-01,3,181.3,0.8,3,4,93.2,21.9,2,1.57
P-000955,2025-04-01,4,181.0,4.0,2,4,93.8,19.9,2,1.0
P-000955,2025-05-01,5,174.5,2.6,3,5,100.4,18.2,2,1.0
P-000955,2025-06-01,6,175.2,7.5,0,4,90.7,17.8,2,1.48
P-000955,2025-07-01,7,170.3,11.6,2,5,89.6,20.8,2,1.0
P-000955,2025-08-01,8,178.7,7.1,1,5,89.7,22.3,2,1.83
P-000955,2025-09-01,9,171.7,5.3,2,4,96.2,18.4,2,1.65
P-000955,2025-10-01,10,177.2,8.2,1,5,89.9,20.9,2,1.34
P-000955,2025-11-01,11,177.3,9.7,0,5,95.0,19.5,2,1.56
P-000955,2025-12-01,12,176.6,6.3,2,5,90.2,21.8,2,1.46
P-000956,2025-01-01,1,175.2,3.0,3,6,98.9,20.4,2,1.33
P-000956,2025-02-01,2,172.6,10.5,4,4,85.6,26.2,2,1.63
P-000956,2025-03-01,3,170.3,4.1,0,4,90.4,15.3,2,1.74
P-000956,2025-04-01,4,170.1,0.0,2,3,95.3,15.2,2,1.67
P-000956,2025-05-01,5,173.5,0.0,3,4,97.1,16.7,3,1.0
P-000956,2025-06-01,6,175.4,7.6,1,5,90.9,19.3,2,1.13
P-000956,2025-07-01,7,168.4,7.3,0,4,90.0,15.1,2,1.33
P-000956,2025-08-01,8,167.3,9.7,1,4,89.0,18.3,2,1.63
P-000956,2025-09-01,9,181.4,9.6,4,5,93.1,27.0,2,1.17
P-000956,2025-10-01,10,173.1,1.8,4,3,95.6,20.7,2,1.84
P-000956,2025-11-01,11,174.8,2.6,3,6,95.6,20.4,2,1.22
P-000956,2025-12-01,12,177.9,2.9,4,4,94.9,22.3,2,1.3
P-000957,2025-01-01,1,168.1,19.2,2,5,82.3,25.7,2,1.47
P-000957,2025-02-01,2,177.8,13.3,2,5,84.7,26.2,2,1.47
P-000957,2025-03-01,3,175.3,9.5,4,3,86.2,27.0,2,2.08
P-000957,2025-04-01,4,203.5,22.4,8,7,49.9,62.5,4,3.73
P-000957,2025-05-01,5,217.0,31.1,10,7,42.0,76.6,4,4.08
P-000957,2025-06-01,6,210.1,30.7,10,7,40.0,72.9,3,3.48
P-000957,2025-07-01,7,218.7,31.7,8,6,44.3,70.9,4,3.26
P-000957,2025-08-01,8,205.3,27.9,7,9,43.9,66.3,3,3.74
P-000957,2025-09-01,9,177.8,11.1,4,5,85.6,29.3,2,1.8
P-000957,2025-10-01,10,171.5,4.1,1,5,88.4,19.6,2,2.2
P-000957,2025-11-01,11,169.8,12.4,1,6,85.0,21.8,2,1.39
P-000957,2025-12-01,12,169.5,5.9,3,5,87.6,22.7,2,1.99
P-000958,2025-01-01,1,185.3,4.0,3,5,95.8,25.8,2,1.96
P-000958,2025-02-01,2,185.8,6.9,1,4,85.8,24.0,2,1.53
P-000958,2025-03-01,3,180.1,4.2,4,5,91.8,24.5,2,1.17
P-000958,2025-04-01,4,187.3,8.5,0,5,89.5,24.2,2,1.81
P-000958,2025-05-01,5,187.7,9.4,0,4,94.2,22.7,2,1.66
P-000958,2025-06-01,6,179.2,8.1,1,5,92.9,20.4,2,1.07
P-000958,2025-07-01,7,180.0,8.2,1,3,86.3,20.4,2,1.0
P-000958,2025-08-01,8,181.4,7.4,2,4,97.0,21.0,2,1.07
P-000958,2025-09-01,9,179.3,7.2,4,5,91.2,27.5,2,1.92
P-000958,2025-10-01,10,182.5,4.7,3,4,91.9,24.3,2,1.62
P-000958,2025-11-01,11,176.0,9.6,2,6,87.6,24.7,2,1.67
P-000958,2025-12-01,12,179.9,5.0,3,3,90.4,21.6,2,1.0
P-000959,2025-01-01,1,176.4,5.7,4,4,97.2,23.0,2,1.51
P-000959,2025-02-01,2,173.0,0.0,4,3,92.5,20.3,2,1.77
P-000959,2025-03-01,3,180.7,0.0,2,5,96.8,19.2,2,1.36
P-000959,2025-04-01,4,181.2,4.1,4,4,96.2,24.6,2,1.66
P-000959,2025-05-01,5,182.3,14.0,1,4,85.5,26.6,2,1.87
P-000959,2025-06-01,6,182.3,2.9,2,3,91.4,21.0,2,1.52
P-000959,2025-07-01,7,173.3,9.7,2,4,86.0,22.5,2,1.57
P-000959,2025-08-01,8,181.8,10.9,1,7,87.2,26.0,2,1.56
P-000959,2025-09-01,9,179.1,9.1,3,3,86.7,24.9,2,1.46
P-000959,2025-10-01,10,170.5,3.2,3,5,96.0,19.1,2,1.51
P-000959,2025-11-01,11,184.4,3.9,2,4,90.2,23.0,2,1.5
P-000959,2025-12-01,12,178.8,6.7,2,4,92.7,22.0,2,1.59
P-000960,2025-01-01,1,169.3,9.6,4,5,88.1,25.6,2,1.95
P-000960,2025-02-01,2,162.5,7.4,4,4,89.0,22.1,2,2.19
P-000960,2025-03-01,3,208.6,43.0,7,7,42.1,73.6,3,4.11
P-000960,2025-04-01,4,222.4,36.6,8,10,44.0,78.8,3,3.97
P-000960,2025-05-01,5,216.1,33.6,4,7,44.9,67.7,3,4.46
P-000960,2025-06-01,6,221.2,32.8,6,7,45.2,70.5,4,3.69
P-000960,2025-07-01,7,223.0,31.8,5,10,45.5,72.5,3,4.29
P-000960,2025-08-01,8,219.8,31.9,7,11,45.4,75.0,3,4.1
P-000960,2025-09-01,9,212.0,45.6,4,8,41.3,72.0,3,4.21
P-000960,2025-10-01,10,176.1,8.3,2,6,88.7,25.5,2,2.28
P-000960,2025-11-01,11,169.1,8.7,2,5,88.5,20.9,2,1.6
P-000960,2025-12-01,12,178.0,11.4,3,5,87.4,27.4,2,1.77
P-000961,2025-01-01,1,183.3,12.3,1,4,91.6,24.5,2,1.63
P-000961,2025-02-01,2,175.6,7.7,3,5,90.4,25.0,2,1.98
P-000961,2025-03-01,3,169.9,5.2,1,5,96.6,15.6,2,1.25
P-000961,2025-04-01,4,177.8,9.5,1,4,90.1,22.1,2,1.77
P-000961,2025-05-01,5,179.6,6.3,1,4,88.0,21.2,2,1.55
P-000961,2025-06-01,6,172.6,7.8,2,5,90.9,21.5,2,1.7
P-000961,2025-07-01,7,178.8,4.5,4,3,91.0,24.1,2,1.62
P-000961,2025-08-01,8,179.8,3.4,2,5,92.1,21.5,2,1.5
P-000961,2025-09-01,9,171.9,9.3,3,5,91.5,22.0,2,1.12
P-000961,2025-10-01,10,174.4,8.5,0,4,84.2,18.8,2,1.33
P-000961,2025-11-01,11,181.1,6.0,2,4,88.9,22.9,2,1.49
P-000961,2025-12-01,12,186.3,1.6,2,4,96.2,21.2,2,1.34
P-000962,2025-01-01,1,170.1,10.4,4,5,85.8,25.7,2,1.58
P-000962,2025-02-01,2,173.6,7.2,2,3,87.1,21.4,2,1.82
P-000962,2025-03-01,3,177.4,6.2,1,4,87.5,21.6,2,1.98
P-000962,2025-04-01,4,206.0,35.0,7,8,48.4,68.1,3,3.81
P-000962,2025-05-01,5,195.7,29.7,8,10,51.0,65.5,3,4.09
P-000962,2025-06-01,6,192.3,36.2,4,7,41.1,59.3,4,3.74
P-000962,2025-07-01,7,207.2,37.8,8,9,45.2,72.1,3,3.58
P-000962,2025-08-01,8,203.1,24.3,9,9,42.2,67.3,4,3.6
P-000962,2025-09-01,9,170.9,0.2,1,4,89.9,13.9,2,1.0
P-000962,2025-10-01,10,179.1,6.8,4,6,87.3,28.0,2,1.68
P-000962,2025-11-01,11,169.2,3.8,2,4,88.5,18.2,2,1.58
P-000962,2025-12-01,12,171.3,8.3,4,3,86.7,25.9,2,2.44
P-000963,2025-01-01,1,169.4,8.9,1,4,90.9,17.5,2,1.31
P-000963,2025-02-01,2,172.1,6.5,2,3,97.3,18.1,2,1.61
P-000963,2025-03-01,3,166.3,8.5,4,6,92.8,23.1,2,1.65
P-000963,2025-04-01,4,170.6,7.1,2,3,94.0,17.8,2,1.36
P-000963,2025-05-01,5,171.1,3.7,3,5,89.5,19.4,2,1.0
P-000963,2025-06-01,6,176.1,2.7,2,4,93.6,17.7,2,1.0
P-000963,2025-07-01,7,173.8,4.7,1,5,97.1,17.3,2,1.5
P-000963,2025-08-01,8,175.9,4.5,3,5,90.7,22.4,2,1.44
P-000963,2025-09-01,9,168.1,10.9,3,5,89.3,22.9,2,1.58
P-000963,2025-10-01,10,172.2,8.6,0,4,88.5,18.0,2,1.62
P-000963,2025-11-01,11,165.0,4.3,1,6,93.1,15.0,2,1.28
P-000963,2025-12-01,12,174.2,3.7,1,3,94.1,15.6,2,1.24
P-000964,2025-01-01,1,171.6,4.6,0,3,94.6,15.4,2,2.07
P-000964,2025-02-01,2,173.6,6.7,3,3,87.2,21.6,2,1.34
P-000964,2025-03-01,3,168.0,5.3,2,5,93.1,18.3,2,1.62
P-000964,2025-04-01,4,169.6,10.6,3,6,88.1,24.0,2,1.48
P-000964,2025-05-01,5,170.9,8.1,1,5,97.5,16.4,2,1.0
P-000964,2025-06-01,6,173.7,6.8,2,4,88.6,20.8,2,1.53
P-000964,2025-07-01,7,174.7,6.0,2,4,91.3,21.4,2,1.94
P-000964,2025-08-01,8,173.4,10.2,2,3,88.4,21.0,2,1.33
P-000964,2025-09-01,9,178.6,8.2,2,6,90.8,23.7,2,1.4
P-000964,2025-10-01,10,183.4,5.9,0,4,86.8,21.6,2,1.84
P-000964,2025-11-01,11,169.7,11.6,2,4,90.3,20.3,2,1.21
P-000964,2025-12-01,12,174.2,5.8,4,4,94.7,21.9,2,1.17
P-000965,2025-01-01,1,174.5,9.9,1,4,86.4,21.9,2,1.81
P-000965,2025-02-01,2,166.7,2.4,1,3,98.1,12.0,2,1.34
P-000965,2025-03-01,3,173.6,5.4,3,4,94.6,22.0,2,2.01
P-000965,2025-04-01,4,166.7,6.6,1,3,95.8,15.0,3,1.67
P-000965,2025-05-01,5,166.9,4.8,0,4,96.6,12.3,2,1.31
P-000965,2025-06-01,6,166.9,10.3,0,6,87.4,18.5,2,1.65
P-000965,2025-07-01,7,166.9,8.3,2,5,90.4,18.3,2,1.09
P-000965,2025-08-01,8,172.5,5.8,3,5,93.7,21.3,2,1.52
P-000965,2025-09-01,9,174.7,5.1,2,6,93.9,22.2,2,2.08
P-000965,2025-10-01,10,173.1,3.6,1,4,87.7,17.4,2,1.36
P-000965,2025-11-01,11,168.2,3.6,0,4,95.0,13.4,2,1.65
P-000965,2025-12-01,12,171.3,5.3,3,7,90.3,22.9,2,1.58
P-000966,2025-01-01,1,176.2,3.1,0,5,97.1,17.1,2,2.0
P-000966,2025-02-01,2,168.9,7.0,2,6,87.6,20.2,2,1.31
P-000966,2025-03-01,3,168.9,5.8,1,5,95.2,17.5,2,1.95
P-000966,2025-04-01,4,171.5,2.7,0,5,90.5,16.0,2,1.78
P-000966,2025-05-01,5,177.0,6.7,0,4,91.2,19.3,2,1.98
P-000966,2025-06-01,6,170.8,5.7,1,3,87.9,16.9,2,1.42
P-000966,2025-07-01,7,169.5,4.3,1,6,92.4,17.4,2,1.56
P-000966,2025-08-01,8,173.0,6.3,1,5,96.4,17.0,2,1.16
P-000966,2025-09-01,9,177.4,13.7,0,4,87.2,23.1,2,1.97
P-000966,2025-10-01,10,172.4,10.2,2,5,86.5,23.0,2,1.6
P-000966,2025-11-01,11,172.8,10.0,3,6,84.7,26.5,2,1.9
P-000966,2025-12-01,12,165.0,7.3,2,5,86.2,18.5,2,1.3
P-000967,2025-01-01,1,167.1,10.2,2,5,87.9,21.6,2,1.84
P-000967,2025-02-01,2,171.1,3.3,1,4,90.7,18.6,2,2.4
P-000967,2025-03-01,3,214.1,40.7,5,9,42.8,72.6,3,4.17
P-000967,2025-04-01,4,225.5,36.3,5,14,44.1,76.8,4,3.72
P-000967,2025-05-01,5,217.8,44.5,7,10,41.6,80.8,3,4.58
P-000967,2025-06-01,6,218.2,34.3,6,10,44.7,73.3,3,4.13
P-000967,2025-07-01,7,214.8,39.5,11,9,43.2,79.8,4,3.15
P-000967,2025-08-01,8,212.8,47.8,4,10,40.7,73.8,4,3.87
P-000967,2025-09-01,9,218.3,42.7,5,8,42.2,73.9,3,3.98
P-000967,2025-10-01,10,170.9,8.7,4,7,88.5,26.6,2,1.78
P-000967,2025-11-01,11,173.8,4.3,4,6,90.3,24.6,2,1.68
P-000967,2025-12-01,12,178.0,5.5,4,5,89.8,25.5,2,1.49
P-000968,2025-01-01,1,176.1,8.7,0,4,95.4,18.2,2,1.68
P-000968,2025-02-01,2,182.2,5.4,4,4,88.4,27.1,2,1.7
P-000968,2025-03-01,3,185.9,2.9,1,6,94.9,22.4,2,1.67
P-000968,2025-04-01,4,177.0,9.6,0,5,94.9,18.9,2,1.37
P-000968,2025-05-01,5,183.7,5.3,3,5,90.5,28.1,2,2.49
P-000968,2025-06-01,6,174.8,4.6,0,4,90.0,17.0,2,1.66
P-000968,2025-07-01,7,181.0,10.4,2,4,90.2,25.8,2,2.02
P-000968,2025-08-01,8,184.0,3.2,1,3,95.1,18.9,2,1.35
P-000968,2025-09-01,9,178.8,3.0,2,5,91.4,19.9,2,1.0
P-000968,2025-10-01,10,170.9,6.2,2,4,90.9,19.6,2,1.69
P-000968,2025-11-01,11,178.0,8.1,3,4,95.1,23.2,2,1.47
P-000968,2025-12-01,12,181.3,8.7,4,4,93.6,26.8,2,1.59
P-000969,2025-01-01,1,176.5,8.6,2,5,86.6,24.0,2,1.7
P-000969,2025-02-01,2,174.4,0.6,3,3,89.8,20.1,2,1.86
P-000969,2025-03-01,3,189.5,20.0,1,4,82.0,32.0,2,1.75
P-000969,2025-04-01,4,221.0,31.6,8,6,54.0,71.6,3,3.98
P-000969,2025-05-01,5,220.4,18.8,7,8,48.3,66.5,4,3.83
P-000969,2025-06-01,6,207.7,32.5,7,6,45.7,67.3,3,3.99
P-000969,2025-07-01,7,220.2,31.7,6,11,52.7,70.8,3,3.65
P-000969,2025-08-01,8,212.5,31.0,7,8,51.2,68.9,3,4.09
P-000969,2025-09-01,9,176.7,13.6,3,4,84.6,27.4,2,1.65
P-000969,2025-10-01,10,178.3,14.4,3,5,84.3,29.8,2,1.94
P-000969,2025-11-01,11,182.9,13.7,1,4,84.5,25.9,2,1.5
P-000969,2025-12-01,12,182.2,3.4,1,5,88.7,21.4,2,1.55
P-000970,2025-01-01,1,174.7,4.2,2,6,98.5,19.9,2,1.67
P-000970,2025-02-01,2,173.6,3.5,3,5,93.9,20.2,2,1.3
P-000970,2025-03-01,3,171.3,8.4,2,6,90.5,22.0,2,1.65
P-000970,2025-04-01,4,181.5,1.2,0,5,93.7,17.9,2,1.65
P-000970,2025-05-01,5,176.2,5.7,0,5,91.5,17.6,3,1.33
P-000970,2025-06-01,6,166.7,6.4,1,4,97.2,15.1,2,1.58
P-000970,2025-07-01,7,163.7,5.6,1,4,94.2,14.5,2,1.66
P-000970,2025-08-01,8,171.6,3.2,2,5,93.5,17.5,2,1.21
P-000970,2025-09-01,9,169.6,2.3,1,4,94.3,14.8,2,1.55
P-000970,2025-10-01,10,171.3,7.9,3,4,93.0,21.9,2,1.78
P-000970,2025-11-01,11,166.6,2.3,1,4,92.5,13.5,2,1.29
P-000970,2025-12-01,12,168.3,0.0,0,5,94.6,12.1,2,1.43
P-000971,2025-01-01,1,184.4,6.1,1,4,89.6,23.5,2,1.95
P-000971,2025-02-01,2,174.0,10.6,1,5,87.7,22.4,2,1.82
P-000971,2025-03-01,3,225.6,42.8,4,10,42.2,77.5,3,4.49
P-000971,2025-04-01,4,220.6,46.0,4,7,41.2,73.5,3,3.78
P-000971,2025-05-01,5,228.9,36.0,4,9,44.2,73.0,4,3.83
P-000971,2025-06-01,6,216.6,37.6,7,9,43.7,75.1,4,4.08
P-000971,2025-07-01,7,225.7,41.9,4,7,42.4,74.2,4,4.15
P-000971,2025-08-01,8,234.1,43.0,4,11,42.1,79.4,3,3.79
P-000971,2025-09-01,9,217.1,34.5,5,9,44.7,70.5,4,4.07
P-000971,2025-10-01,10,173.5,7.7,3,5,88.9,24.6,2,2.01
P-000971,2025-11-01,11,183.5,4.1,2,4,90.3,23.2,2,1.67
P-000971,2025-12-01,12,177.6,8.9,2,5,88.4,24.7,2,1.87
P-000972,2025-01-01,1,165.0,8.6,0,3,94.6,12.5,1,1.17
P-000972,2025-02-01,2,225.9,31.5,5,6,48.5,70.1,4,4.28
P-000972,2025-03-01,3,213.8,38.2,4,6,46.5,66.4,4,3.88
P-000972,2025-04-01,4,208.6,40.7,4,8,45.8,66.4,4,3.62
P-000972,2025-05-01,5,228.9,38.1,6,7,46.6,75.4,4,3.77
P-000972,2025-06-01,6,118.6,0.0,0,3,120.0,5.0,1,1.0
P-000972,2025-07-01,7,169.1,2.3,0,3,97.1,11.2,1,1.29
P-000972,2025-08-01,8,169.4,4.1,3,4,96.4,17.2,1,1.04
P-000972,2025-09-01,9,170.5,3.4,1,3,96.7,13.8,1,1.26
P-000972,2025-10-01,10,169.3,3.1,3,4,96.8,17.6,1,1.4
P-000972,2025-11-01,11,170.4,3.7,2,6,96.5,17.9,1,1.38
P-000972,2025-12-01,12,174.8,5.8,1,4,95.7,17.7,1,1.51
P-000973,2025-01-01,1,179.1,6.3,2,4,89.5,24.1,2,2.22
P-000973,2025-02-01,2,171.7,7.9,2,4,88.8,21.2,2,1.78
P-000973,2025-03-01,3,224.0,41.0,5,12,42.7,77.4,3,3.84
P-000973,2025-04-01,4,217.0,37.0,8,10,43.9,76.1,3,3.57
P-000973,2025-05-01,5,222.5,35.3,7,12,44.4,77.5,4,3.83
P-000973,2025-06-01,6,223.6,37.7,6,9,43.7,76.1,3,4.14
P-000973,2025-07-01,7,222.1,31.0,6,8,45.7,70.7,4,3.72
P-000973,2025-08-01,8,221.7,37.2,4,9,43.8,71.5,4,3.97
P-000973,2025-09-01,9,225.0,43.1,5,10,42.1,77.8,3,4.0
P-000973,2025-10-01,10,176.8,9.6,4,4,88.2,27.3,2,1.86
P-000973,2025-11-01,11,174.0,3.4,1,4,90.7,17.9,2,1.71
P-000973,2025-12-01,12,172.8,9.3,1,4,88.3,20.9,2,1.9
P-000974,2025-01-01,1,176.5,2.6,1,4,99.7,16.4,2,1.56
P-000974,2025-02-01,2,169.6,3.6,0,4,91.0,14.9,2,1.77
P-000974,2025-03-01,3,177.5,6.2,2,5,86.2,22.6,2,1.33
P-000974,2025-04-01,4,174.5,9.6,2,4,89.2,20.9,2,1.0
P-000974,2025-05-01,5,176.6,6.5,2,5,92.0,22.0,2,1.62
P-000974,2025-06-01,6,178.8,7.8,2,6,95.0,22.3,2,1.17
P-000974,2025-07-01,7,182.5,6.8,1,5,87.3,24.1,2,1.89
P-000974,2025-08-01,8,169.9,1.6,0,4,90.2,13.4,2,1.39
P-000974,2025-09-01,9,173.0,6.9,3,6,90.5,22.7,2,1.28
P-000974,2025-10-01,10,173.3,4.7,2,4,93.0,19.4,2,1.7
P-000974,2025-11-01,11,175.6,7.0,3,3,84.1,23.6,2,1.58
P-000974,2025-12-01,12,183.3,6.4,1,3,88.9,22.9,2,2.03
P-000975,2025-01-01,1,168.8,8.6,1,6,89.7,19.9,2,1.73
P-000975,2025-02-01,2,176.5,1.1,1,5,97.1,16.1,2,1.22
P-000975,2025-03-01,3,178.9,4.7,1,5,94.0,20.4,2,1.78
P-000975,2025-04-01,4,176.7,3.5,0,5,92.0,17.8,2,1.75
P-000975,2025-05-01,5,178.4,5.4,4,4,92.4,24.4,2,1.46
P-000975,2025-06-01,6,175.1,2.6,3,3,93.0,19.5,2,1.43
P-000975,2025-07-01,7,182.5,4.2,4,6,92.3,26.4,2,1.37
P-000975,2025-08-01,8,174.3,5.2,0,4,93.7,15.9,2,1.45
P-000975,2025-09-01,9,174.9,7.0,1,5,86.5,21.2,2,1.73
P-000975,2025-10-01,10,173.4,4.5,1,6,94.6,17.0,2,1.0
P-000975,2025-11-01,11,177.4,5.7,3,3,88.3,22.5,2,1.43
P-000975,2025-12-01,12,183.1,8.8,2,3,94.0,24.4,2,1.99
P-000976,2025-01-01,1,167.4,8.6,0,5,90.3,15.7,2,1.27
P-000976,2025-02-01,2,172.7,4.4,1,4,93.3,16.4,2,1.32
P-000976,2025-03-01,3,167.2,5.1,3,4,96.8,18.0,2,1.55
P-000976,2025-04-01,4,173.3,6.1,1,6,90.5,19.7,3,1.52
P-000976,2025-05-01,5,171.4,12.0,2,3,84.8,21.1,3,1.05
P-000976,2025-06-01,6,170.0,11.1,2,5,89.7,21.7,2,1.51
P-000976,2025-07-01,7,176.4,7.4,1,4,92.3,19.9,2,1.64
P-000976,2025-08-01,8,171.9,9.4,0,3,87.0,17.2,2,1.36
P-000976,2025-09-01,9,171.5,3.9,1,5,95.2,17.8,2,2.0
P-000976,2025-10-01,10,168.4,4.7,2,5,95.2,17.5,2,1.52
P-000976,2025-11-01,11,176.7,6.7,0,6,94.1,18.6,2,1.45
P-000976,2025-12-01,12,164.8,7.1,2,4,89.8,17.8,2,1.6
P-000977,2025-01-01,1,172.1,11.9,1,5,85.2,22.8,2,1.82
P-000977,2025-02-01,2,181.4,3.9,3,4,88.4,24.9,2,1.88
P-000977,2025-03-01,3,178.2,12.8,3,4,84.9,27.2,2,1.51
P-000977,2025-04-01,4,210.5,31.9,10,8,48.9,73.6,3,3.93
P-000977,2025-05-01,5,212.5,36.0,4,6,45.9,64.7,3,3.72
P-000977,2025-06-01,6,210.8,47.2,5,11,42.0,74.8,4,3.83
P-000977,2025-07-01,7,211.2,38.6,10,12,46.4,80.2,4,4.08
P-000977,2025-08-01,8,211.6,25.9,6,8,40.7,65.5,3,3.58
P-000977,2025-09-01,9,187.3,6.3,4,3,87.5,30.0,2,2.24
P-000977,2025-10-01,10,177.3,6.1,1,4,87.6,20.4,2,1.55
P-000977,2025-11-01,11,179.4,3.9,1,4,88.4,19.7,2,1.4
P-000977,2025-12-01,12,178.2,12.0,1,4,85.2,23.6,2,1.57
P-000978,2025-01-01,1,183.4,7.4,2,4,88.3,24.7,2,1.58
P-000978,2025-02-01,2,185.4,8.6,1,5,91.2,25.0,2,1.86
P-000978,2025-03-01,3,186.8,1.7,2,6,94.4,23.8,2,1.65
P-000978,2025-04-01,4,180.7,6.7,2,4,92.1,22.7,2,1.57
P-000978,2025-05-01,5,182.9,2.7,4,4,91.5,24.3,2,1.19
P-000978,2025-06-01,6,185.5,0.0,0,4,92.4,17.5,2,1.3
P-000978,2025-07-01,7,179.8,0.0,4,5,92.2,23.1,2,1.38
P-000978,2025-08-01,8,183.8,3.6,2,5,96.6,22.1,2,1.5
P-000978,2025-09-01,9,178.7,6.9,1,5,92.0,20.8,2,1.47
P-000978,2025-10-01,10,188.8,11.9,0,5,84.9,25.5,2,1.24
P-000978,2025-11-01,11,178.3,6.1,2,5,93.5,21.3,2,1.3
P-000978,2025-12-01,12,185.6,7.2,0,5,95.7,21.6,2,1.68
P-000979,2025-01-01,1,179.3,5.2,4,3,89.7,25.1,2,1.73
P-000979,2025-02-01,2,183.2,9.5,1,4,88.3,24.5,2,1.85
P-000979,2025-03-01,3,171.4,1.0,1,5,96.5,14.4,2,1.23
P-000979,2025-04-01,4,179.9,4.5,0,4,95.7,17.5,2,1.57
P-000979,2025-05-01,5,174.8,3.5,1,3,85.6,18.9,2,1.85
P-000979,2025-06-01,6,171.5,3.1,4,5,94.7,21.3,2,1.51
P-000979,2025-07-01,7,175.5,5.7,4,3,89.8,22.7,2,1.23
P-000979,2025-08-01,8,171.8,10.8,0,5,92.1,19.0,2,1.71
P-000979,2025-09-01,9,175.6,5.1,1,3,97.4,17.5,2,1.8
P-000979,2025-10-01,10,164.9,5.0,2,4,94.9,15.1,2,1.25
P-000979,2025-11-01,11,174.4,5.5,3,5,90.4,23.3,2,1.82
P-000979,2025-12-01,12,176.6,5.3,2,6,91.8,22.4,2,1.68
P-000980,2025-01-01,1,179.3,7.1,2,5,87.1,25.5,2,2.18
P-000980,2025-02-01,2,178.3,7.2,1,7,87.1,23.5,2,1.63
P-000980,2025-03-01,3,173.6,8.7,1,4,86.5,20.6,2,1.64
P-000980,2025-04-01,4,212.2,20.1,10,13,47.0,70.8,3,3.07
P-000980,2025-05-01,5,215.0,36.5,5,6,43.8,67.5,4,3.55
P-000980,2025-06-01,6,214.9,37.4,6,10,43.6,73.8,4,4.18
P-000980,2025-07-01,7,203.5,42.5,4,10,40.0,68.5,3,3.91
P-000980,2025-08-01,8,207.4,34.0,6,9,49.1,68.2,4,4.25
P-000980,2025-09-01,9,177.3,7.8,2,5,86.9,24.1,2,1.76
P-000980,2025-10-01,10,178.7,9.0,1,5,86.4,22.3,2,1.29
P-000980,2025-11-01,11,176.5,6.4,1,3,87.4,21.1,2,2.17
P-000980,2025-12-01,12,169.7,12.7,3,5,84.9,25.7,2,1.85
P-000981,2025-01-01,1,186.5,7.8,2,6,86.7,27.4,2,1.5
P-000981,2025-02-01,2,179.4,3.0,1,3,89.5,19.0,2,1.63
P-000981,2025-03-01,3,182.9,1.0,0,3,93.1,17.6,2,1.83
P-000981,2025-04-01,4,177.6,4.7,0,5,89.2,18.8,2,1.63
P-000981,2025-05-01,5,184.9,16.0,0,5,87.2,26.2,2,1.53
P-000981,2025-06-01,6,182.9,9.9,2,5,85.0,27.8,2,1.96
P-000981,2025-07-01,7,173.8,3.3,2,4,95.0,18.1,2,1.47
P-000981,2025-08-01,8,181.0,12.1,1,4,87.9,23.5,2,1.31
P-000981,2025-09-01,9,184.0,6.6,1,5,94.5,22.1,2,1.44
P-000981,2025-10-01,10,170.2,5.8,2,6,92.5,20.3,2,1.74
P-000981,2025-11-01,11,181.5,4.0,0,5,93.1,17.5,2,1.0
P-000981,2025-12-01,12,184.4,2.4,2,3,92.0,20.9,2,1.3
P-000982,2025-01-01,1,191.0,11.1,4,4,77.6,36.9,3,2.68
P-000982,2025-02-01,2,190.3,17.9,2,6,74.9,38.2,3,2.73
P-000982,2025-03-01,3,193.4,11.6,4,5,77.4,37.0,3,2.0
P-000982,2025-04-01,4,232.8,35.2,12,12,42.2,92.3,5,4.85
P-000982,2025-05-01,5,237.9,43.3,7,12,37.9,89.3,5,4.56
P-000982,2025-06-01,6,252.3,44.8,11,14,39.0,98.0,5,4.61
P-000982,2025-07-01,7,252.3,47.4,12,10,37.2,98.0,5,4.47
P-000982,2025-08-01,8,251.9,48.6,8,8,38.7,94.3,5,4.18
P-000982,2025-09-01,9,253.8,51.6,12,13,39.2,98.0,5,4.98
P-000982,2025-10-01,10,260.8,55.8,8,11,38.7,98.0,5,4.12
P-000982,2025-11-01,11,261.2,46.7,7,9,36.2,98.0,5,4.93
P-000982,2025-12-01,12,267.8,47.3,8,11,32.1,98.0,5,4.48
P-000983,2025-01-01,1,167.5,6.7,4,5,91.4,22.7,2,1.78
P-000983,2025-02-01,2,167.2,10.3,2,5,91.8,18.7,2,1.0
P-000983,2025-03-01,3,178.1,4.5,3,4,90.2,21.4,2,1.0
P-000983,2025-04-01,4,162.7,0.0,4,5,97.8,15.6,2,1.2
P-000983,2025-05-01,5,170.7,4.4,0,4,90.3,16.0,3,1.87
P-000983,2025-06-01,6,176.4,5.0,3,4,90.4,22.0,2,1.38
P-000983,2025-07-01,7,175.4,12.1,2,4,90.8,23.1,2,1.49
P-000983,2025-08-01,8,168.1,5.4,1,5,95.8,17.4,2,2.12
P-000983,2025-09-01,9,173.3,3.7,0,4,95.0,14.4,2,1.34
P-000983,2025-10-01,10,172.7,2.3,0,4,87.9,15.9,2,1.7
P-000983,2025-11-01,11,169.1,3.2,4,5,91.3,21.0,2,1.42
P-000983,2025-12-01,12,175.3,8.9,1,3,89.5,19.7,2,1.5
P-000984,2025-01-01,1,174.6,10.1,4,4,92.1,25.0,2,1.45
P-000984,2025-02-01,2,174.0,2.6,2,4,91.5,19.2,2,1.75
P-000984,2025-03-01,3,171.3,3.4,3,5,94.0,20.8,2,1.88
P-000984,2025-04-01,4,173.4,8.3,4,4,94.4,23.4,3,1.45
P-000984,2025-05-01,5,175.4,3.4,1,4,95.2,17.6,2,1.73
P-000984,2025-06-01,6,179.3,4.8,3,5,91.2,23.4,2,1.38
P-000984,2025-07-01,7,177.5,1.5,0,4,94.8,16.0,2,1.74
P-000984,2025-08-01,8,178.0,9.4,2,4,91.3,22.5,2,1.35
P-000984,2025-09-01,9,179.2,12.0,1,5,91.0,22.9,2,1.32
P-000984,2025-10-01,10,175.3,4.2,2,5,90.3,20.4,2,1.42
P-000984,2025-11-01,11,168.7,4.4,1,3,93.8,15.0,2,1.6
P-000984,2025-12-01,12,187.1,3.7,3,3,93.5,23.3,2,1.13
P-000985,2025-01-01,1,177.4,11.7,2,5,87.3,27.1,2,2.33
P-000985,2025-02-01,2,176.6,5.5,1,3,89.8,18.9,2,1.6
P-000985,2025-03-01,3,234.5,34.8,4,8,44.6,74.7,3,4.2
P-000985,2025-04-01,4,229.1,35.8,8,13,44.3,81.9,4,3.62
P-000985,2025-05-01,5,233.0,41.2,7,9,42.6,81.6,3,3.7
P-000985,2025-06-01,6,230.0,34.9,8,13,44.5,81.9,3,3.68
P-000985,2025-07-01,7,240.9,34.1,4,11,44.8,78.0,4,3.93
P-000985,2025-08-01,8,231.0,33.5,7,11,44.9,79.7,3,4.12
P-000985,2025-09-01,9,227.6,38.9,5,7,43.3,75.1,3,4.14
P-000985,2025-10-01,10,185.1,9.2,1,4,88.3,24.1,2,1.49
P-000985,2025-11-01,11,178.6,8.2,4,5,88.7,26.4,2,1.22
P-000985,2025-12-01,12,180.5,6.2,2,4,89.5,24.0,2,2.0
P-000986,2025-01-01,1,171.3,3.4,2,4,97.5,17.5,2,1.74
P-000986,2025-02-01,2,164.4,6.0,1,4,89.2,15.1,2,1.38
P-000986,2025-03-01,3,164.6,3.1,2,4,96.4,16.1,2,2.09
P-000986,2025-04-01,4,167.3,3.4,3,7,96.8,19.1,3,1.43
P-000986,2025-05-01,5,172.3,6.9,1,3,92.7,17.5,2,1.62
P-000986,2025-06-01,6,170.9,2.9,0,6,93.0,15.1,2,1.4
P-000986,2025-07-01,7,168.6,1.2,3,3,94.9,15.2,2,1.0
P-000986,2025-08-01,8,166.7,4.7,4,5,95.1,20.4,2,1.56
P-000986,2025-09-01,9,169.4,5.0,1,4,91.9,16.0,2,1.42
P-000986,2025-10-01,10,168.7,4.2,2,4,87.5,18.6,2,1.7
P-000986,2025-11-01,11,160.2,4.3,1,5,93.1,13.5,2,1.64
P-000986,2025-12-01,12,175.4,6.1,3,5,90.6,23.9,2,1.84
P-000987,2025-01-01,1,177.5,11.2,2,4,87.5,25.4,2,1.99
P-000987,2025-02-01,2,173.5,7.9,3,6,88.8,25.3,2,1.97
P-000987,2025-03-01,3,224.2,30.6,7,11,45.8,74.9,4,3.73
P-000987,2025-04-01,4,220.4,45.3,11,8,41.4,83.9,4,3.21
P-000987,2025-05-01,5,221.6,39.2,4,11,43.2,74.5,3,4.3
P-000987,2025-06-01,6,225.7,40.0,5,7,43.0,74.5,3,3.96
P-000987,2025-07-01,7,217.6,39.1,6,13,43.3,76.5,4,3.8
P-000987,2025-08-01,8,231.7,44.0,5,13,41.8,82.9,4,4.11
P-000987,2025-09-01,9,215.3,37.3,4,10,43.8,70.8,3,4.3
P-000987,2025-10-01,10,171.4,4.8,3,4,90.1,21.0,2,1.69
P-000987,2025-11-01,11,171.3,10.3,2,5,87.9,22.7,2,1.7
P-000987,2025-12-01,12,168.9,12.7,3,5,86.9,25.6,2,2.06
P-000988,2025-01-01,1,175.1,3.2,1,5,90.2,19.0,2,1.71
P-000988,2025-02-01,2,173.7,8.2,2,4,91.7,20.6,2,1.44
P-000988,2025-03-01,3,169.1,0.9,2,5,96.0,16.1,2,1.58
P-000988,2025-04-01,4,174.0,2.5,4,3,91.5,22.9,2,2.16
P-000988,2025-05-01,5,164.9,2.1,0,4,96.4,9.7,2,1.0
P-000988,2025-06-01,6,177.1,7.8,1,5,93.6,21.9,2,2.08
P-000988,2025-07-01,7,166.8,4.9,3,3,92.5,19.2,2,2.05
P-000988,2025-08-01,8,171.0,5.7,2,4,91.8,18.9,2,1.55
P-000988,2025-09-01,9,174.4,4.2,3,5,99.9,20.6,2,1.67
P-000988,2025-10-01,10,168.3,4.5,2,4,96.5,15.8,2,1.26
P-000988,2025-11-01,11,172.6,3.7,1,4,94.7,16.6,2,1.61
P-000988,2025-12-01,12,170.4,1.7,2,4,98.9,15.7,2,1.55
P-000989,2025-01-01,1,187.8,1.0,4,6,90.5,26.8,2,1.18
P-000989,2025-02-01,2,183.4,10.6,2,6,89.0,27.5,2,1.7
P-000989,2025-03-01,3,178.3,7.9,4,6,86.8,27.6,2,1.42
P-000989,2025-04-01,4,182.0,10.7,3,4,90.9,25.8,3,1.2
P-000989,2025-05-01,5,173.9,10.4,2,5,91.1,22.5,3,1.46
P-000989,2025-06-01,6,176.0,0.5,1,3,94.8,16.7,2,2.01
P-000989,2025-07-01,7,179.8,7.6,1,4,92.9,19.5,2,1.0
P-000989,2025-08-01,8,183.4,0.0,4,3,94.7,23.9,2,1.91
P-000989,2025-09-01,9,178.2,3.9,3,5,88.0,23.9,2,1.62
P-000989,2025-10-01,10,182.9,11.3,2,7,89.1,26.7,2,1.08
P-000989,2025-11-01,11,183.3,2.7,0,6,89.4,20.7,2,1.7
P-000989,2025-12-01,12,182.8,2.5,1,5,90.0,21.2,2,1.62
P-000990,2025-01-01,1,192.3,14.4,4,5,76.2,37.0,3,1.58
P-000990,2025-02-01,2,189.9,9.5,4,5,78.2,36.8,3,2.82
P-000990,2025-03-01,3,189.9,16.7,4,7,75.3,40.4,3,2.3
P-000990,2025-04-01,4,232.5,41.6,5,9,49.1,77.6,5,3.92
P-000990,2025-05-01,5,245.9,34.7,6,11,48.6,85.2,5,5.0
P-000990,2025-06-01,6,247.4,46.1,5,13,39.6,89.5,5,4.05
P-000990,2025-07-01,7,248.3,51.6,11,13,40.0,98.0,5,3.96
P-000990,2025-08-01,8,256.8,42.2,14,10,35.4,98.0,5,4.54
P-000990,2025-09-01,9,264.5,57.8,11,8,36.5,98.0,5,4.16
P-000990,2025-10-01,10,258.7,57.6,8,9,39.8,98.0,5,4.53
P-000990,2025-11-01,11,260.5,55.1,8,13,37.6,98.0,5,4.73
P-000990,2025-12-01,12,269.5,65.0,6,8,32.2,98.0,5,3.9
P-000991,2025-01-01,1,192.3,11.8,3,6,77.3,39.2,3,3.38
P-000991,2025-02-01,2,184.1,18.9,1,6,74.4,34.9,3,2.76
P-000991,2025-03-01,3,191.2,12.3,1,6,77.1,33.2,3,2.38
P-000991,2025-04-01,4,238.4,38.0,14,7,43.5,94.6,5,4.6
P-000991,2025-05-01,5,224.6,50.2,5,12,35.4,85.3,5,4.86
P-000991,2025-06-01,6,244.5,44.4,7,8,36.8,90.6,5,4.97
P-000991,2025-07-01,7,250.6,42.6,12,11,39.4,98.0,5,4.25
P-000991,2025-08-01,8,251.1,46.7,7,11,40.2,95.0,5,4.86
P-000991,2025-09-01,9,261.5,63.4,12,7,38.4,98.0,5,4.59
P-000991,2025-10-01,10,259.9,58.3,6,10,35.3,98.0,5,5.0
P-000991,2025-11-01,11,257.4,52.5,7,8,39.1,95.3,5,3.87
P-000991,2025-12-01,12,259.7,54.2,12,12,43.7,98.0,5,4.09
P-000992,2025-01-01,1,175.7,10.2,4,5,87.9,28.2,2,1.99
P-000992,2025-02-01,2,174.4,4.9,1,5,90.0,18.7,2,1.39
P-000992,2025-03-01,3,221.5,29.7,8,11,46.1,76.4,3,4.17
P-000992,2025-04-01,4,216.6,50.4,11,11,39.9,87.6,3,3.44
P-000992,2025-05-01,5,226.8,35.4,8,10,44.4,80.2,4,4.15
P-000992,2025-06-01,6,231.8,28.6,11,13,46.4,85.1,3,3.91
P-000992,2025-07-01,7,222.4,36.3,7,7,44.1,74.9,3,3.94
P-000992,2025-08-01,8,213.8,40.3,6,12,42.9,75.7,3,4.05
P-000992,2025-09-01,9,226.4,43.1,7,8,42.1,80.5,3,4.06
P-000992,2025-10-01,10,179.0,12.1,2,6,87.2,27.9,2,2.1
P-000992,2025-11-01,11,170.7,7.4,3,3,89.1,22.3,2,2.06
P-000992,2025-12-01,12,179.1,8.8,1,4,88.5,22.5,2,1.76
P-000993,2025-01-01,1,178.3,4.1,1,4,96.6,18.3,2,1.57
P-000993,2025-02-01,2,177.4,5.3,4,6,95.8,24.6,2,1.44
P-000993,2025-03-01,3,177.4,2.0,3,4,94.1,21.0,2,1.61
P-000993,2025-04-01,4,180.7,0.7,1,3,101.2,14.7,3,1.0
P-000993,2025-05-01,5,177.1,6.4,3,5,93.8,23.8,2,1.76
P-000993,2025-06-01,6,183.2,4.6,3,6,86.9,26.6,2,1.55
P-000993,2025-07-01,7,179.9,14.7,2,5,88.6,26.2,2,1.2
P-000993,2025-08-01,8,172.7,4.4,1,3,97.3,16.0,2,1.73
P-000993,2025-09-01,9,175.6,3.2,1,4,96.0,18.3,2,2.05
P-000993,2025-10-01,10,173.7,10.9,2,5,93.3,21.6,2,1.25
P-000993,2025-11-01,11,175.9,0.6,1,4,94.6,16.7,2,1.71
P-000993,2025-12-01,12,177.4,4.2,2,5,92.9,20.9,2,1.56
P-000994,2025-01-01,1,189.8,9.2,1,4,86.3,26.1,2,1.48
P-000994,2025-02-01,2,180.8,17.8,1,6,82.9,27.7,2,1.13
P-000994,2025-03-01,3,181.8,16.3,1,4,83.5,27.6,2,1.8
P-000994,2025-04-01,4,210.7,30.0,8,7,51.8,67.7,3,3.66
P-000994,2025-05-01,5,220.0,31.7,5,10,44.8,70.9,4,4.02
P-000994,2025-06-01,6,219.8,47.3,8,6,41.2,80.0,4,3.9
P-000994,2025-07-01,7,219.5,36.8,4,10,48.8,70.9,3,4.22
P-000994,2025-08-01,8,235.4,34.0,4,6,49.1,71.8,3,3.91
P-000994,2025-09-01,9,191.7,16.5,1,5,83.4,32.1,2,1.92
P-000994,2025-10-01,10,184.6,13.2,2,5,84.7,30.2,2,2.12
P-000994,2025-11-01,11,183.3,10.5,1,3,85.8,24.2,2,1.65
P-000994,2025-12-01,12,185.9,13.3,2,5,84.7,28.7,2,1.31
P-000995,2025-01-01,1,180.0,8.7,2,5,94.2,22.9,2,1.33
P-000995,2025-02-01,2,180.2,9.6,0,6,89.0,22.8,2,1.79
P-000995,2025-03-01,3,179.9,5.7,2,5,96.1,20.5,2,1.0
P-000995,2025-04-01,4,178.6,8.4,2,6,89.5,24.0,2,1.4
P-000995,2025-05-01,5,177.7,7.3,0,6,96.6,19.1,3,1.59
P-000995,2025-06-01,6,179.7,8.3,1,5,91.1,21.8,2,1.41
P-000995,2025-07-01,7,177.5,8.7,1,3,93.2,20.5,2,1.82
P-000995,2025-08-01,8,170.5,6.1,2,5,86.5,19.3,2,1.05
P-000995,2025-09-01,9,177.4,7.1,2,5,89.0,22.5,2,1.4
P-000995,2025-10-01,10,171.3,7.3,2,6,87.5,21.5,2,1.41
P-000995,2025-11-01,11,177.1,8.5,1,7,92.0,21.6,2,1.2
P-000995,2025-12-01,12,180.7,6.4,2,3,87.5,23.4,2,1.83
P-000996,2025-01-01,1,173.6,2.3,4,3,93.3,22.0,2,2.06
P-000996,2025-02-01,2,174.0,7.0,3,3,86.5,22.6,2,1.61
P-000996,2025-03-01,3,178.4,11.6,3,4,88.2,26.2,2,1.5
P-000996,2025-04-01,4,177.0,10.5,3,6,91.4,26.6,2,1.74
P-000996,2025-05-01,5,171.9,11.7,2,5,87.2,22.4,2,1.24
P-000996,2025-06-01,6,172.7,3.0,0,6,88.4,17.1,2,1.58
P-000996,2025-07-01,7,179.5,14.0,0,3,94.4,21.4,2,1.77
P-000996,2025-08-01,8,174.7,2.0,4,4,95.1,21.3,2,1.52
P-000996,2025-09-01,9,172.7,4.5,1,5,94.6,17.6,2,1.61
P-000996,2025-10-01,10,174.5,7.1,1,5,91.6,19.6,2,1.51
P-000996,2025-11-01,11,178.0,9.6,2,6,91.3,24.9,2,1.77
P-000996,2025-12-01,12,175.5,3.8,1,4,93.0,19.2,2,2.11
P-000997,2025-01-01,1,173.1,2.5,1,3,97.0,14.5,1,1.36
P-000997,2025-02-01,2,219.8,36.3,9,8,47.1,78.8,4,4.47
P-000997,2025-03-01,3,220.8,37.2,6,6,46.8,70.0,4,3.21
P-000997,2025-04-01,4,214.4,44.0,4,8,44.8,70.1,4,3.67
P-000997,2025-05-01,5,215.0,34.4,7,10,47.7,72.1,4,3.64
P-000997,2025-06-01,6,117.9,0.0,0,3,120.0,5.0,1,1.0
P-000997,2025-07-01,7,171.0,4.3,1,4,96.3,15.1,1,1.29
P-000997,2025-08-01,8,164.3,1.7,2,4,97.3,13.5,1,1.42
P-000997,2025-09-01,9,164.9,9.1,2,6,94.4,17.9,1,1.1
P-000997,2025-10-01,10,167.5,5.4,2,6,95.8,17.8,1,1.41
P-000997,2025-11-01,11,171.4,1.1,2,3,97.6,15.6,1,1.62
P-000997,2025-12-01,12,166.3,2.6,2,3,96.9,13.5,1,1.21
P-000998,2025-01-01,1,177.2,2.2,2,5,84.5,21.1,2,1.35
P-000998,2025-02-01,2,180.3,3.9,2,5,92.9,21.8,2,1.54
P-000998,2025-03-01,3,180.0,2.7,2,5,91.4,21.4,2,1.47
P-000998,2025-04-01,4,178.9,5.0,3,6,92.0,24.1,2,1.45
P-000998,2025-05-01,5,179.4,5.0,4,4,92.0,23.9,2,1.19
P-000998,2025-06-01,6,172.3,4.4,1,5,93.9,16.9,2,1.35
P-000998,2025-07-01,7,168.7,3.3,2,4,96.3,16.4,2,1.59
P-000998,2025-08-01,8,183.7,4.8,4,5,92.3,26.1,2,1.23
P-000998,2025-09-01,9,180.7,3.6,1,4,92.3,19.5,2,1.5
P-000998,2025-10-01,10,179.6,0.0,0,5,94.7,16.3,2,1.55
P-000998,2025-11-01,11,175.9,3.0,2,5,95.2,19.2,2,1.43
P-000998,2025-12-01,12,178.6,3.6,0,4,91.8,16.0,2,1.0
P-000999,2025-01-01,1,178.7,4.2,1,6,90.3,20.8,2,1.52
P-000999,2025-02-01,2,171.4,9.1,3,7,88.4,24.1,2,1.27
P-000999,2025-03-01,3,175.0,2.6,4,4,91.0,21.1,2,1.0
P-000999,2025-04-01,4,174.2,11.5,1,4,87.4,21.8,2,1.64
P-000999,2025-05-01,5,182.5,6.2,1,5,89.5,21.8,2,1.24
P-000999,2025-06-01,6,203.8,29.2,3,8,61.2,54.9,4,3.4
P-000999,2025-07-01,7,206.2,24.4,3,7,62.7,51.5,4,2.91
P-000999,2025-08-01,8,170.4,10.6,3,5,87.8,23.4,2,1.41
P-000999,2025-09-01,9,171.5,9.6,0,5,88.2,19.3,2,1.8
P-000999,2025-10-01,10,170.0,0.4,1,5,91.8,16.4,2,1.99
P-000999,2025-11-01,11,175.9,9.4,0,4,88.3,19.8,2,1.69
P-000999,2025-12-01,12,175.5,7.3,1,4,89.1,20.3,2,1.67
P-001000,2025-01-01,1,174.2,2.3,1,6,99.9,17.3,2,1.77
P-001000,2025-02-01,2,176.0,4.8,0,4,90.1,16.7,2,1.33
P-001000,2025-03-01,3,176.5,2.3,1,5,94.3,19.1,2,2.02
P-001000,2025-04-01,4,180.6,4.3,2,3,92.5,20.9,2,1.57
P-001000,2025-05-01,5,181.7,4.2,3,5,91.4,23.9,3,1.35
P-001000,2025-06-01,6,182.4,3.3,2,4,94.6,21.3,2,1.56
P-001000,2025-07-01,7,177.4,7.9,2,6,88.1,24.4,2,1.67
P-001000,2025-08-01,8,174.7,3.3,3,5,94.4,21.3,2,1.68
P-001000,2025-09-01,9,178.1,5.1,2,5,92.9,21.8,2,1.64
P-001000,2025-10-01,10,179.6,5.8,2,6,90.7,23.4,2,1.52
P-001000,2025-11-01,11,168.7,8.1,1,5,90.1,17.2,2,1.07
P-001000,2025-12-01,12,181.8,3.5,4,7,96.7,27.0,2,1.86
P-001001,2025-01-01,1,159.1,10.8,2,4,89.6,16.2,2,1.12
P-001001,2025-02-01,2,170.6,6.5,2,6,90.3,20.1,2,1.32
P-001001,2025-03-01,3,169.1,8.1,1,3,92.3,16.0,2,1.23
P-001001,2025-04-01,4,171.6,1.7,4,5,96.4,20.0,3,1.33
P-001001,2025-05-01,5,170.9,9.0,3,5,87.4,22.5,2,1.18
P-001001,2025-06-01,6,168.1,7.4,2,5,87.5,20.3,2,1.62
P-001001,2025-07-01,7,172.5,4.8,2,4,89.2,20.9,2,2.12
P-001001,2025-08-01,8,174.0,9.4,4,4,89.0,25.7,2,1.71
P-001001,2025-09-01,9,168.4,10.6,1,4,88.7,18.6,2,1.42
P-001001,2025-10-01,10,163.7,8.3,1,4,93.3,15.7,2,1.63
P-001001,2025-11-01,11,171.1,6.8,0,6,89.8,17.2,2,1.33
P-001001,2025-12-01,12,176.1,5.0,0,4,96.1,16.1,2,1.5
P-001002,2025-01-01,1,185.4,1.4,1,4,89.4,21.3,2,1.7
P-001002,2025-02-01,2,178.7,9.6,3,4,86.2,26.4,2,1.75
P-001002,2025-03-01,3,180.3,10.4,2,7,85.8,27.0,2,1.47
P-001002,2025-04-01,4,207.0,28.6,4,8,40.0,60.3,4,2.96
P-001002,2025-05-01,5,213.6,27.5,4,11,52.1,65.0,3,4.23
P-001002,2025-06-01,6,220.9,43.8,6,8,42.2,76.1,3,3.66
P-001002,2025-07-01,7,210.2,33.0,6,13,50.3,70.6,4,4.03
P-001002,2025-08-01,8,237.0,41.4,5,6,40.0,77.9,3,3.54
P-001002,2025-09-01,9,178.0,6.9,1,4,87.3,21.6,2,1.78
P-001002,2025-10-01,10,185.5,11.7,3,5,85.3,30.2,2,1.65
P-001002,2025-11-01,11,184.3,14.0,1,4,84.4,27.0,2,1.67
P-001002,2025-12-01,12,174.5,9.1,1,4,86.4,21.7,2,1.86
P-001003,2025-01-01,1,170.6,6.9,2,3,95.3,17.9,1,1.52
P-001003,2025-02-01,2,225.5,46.3,7,6,44.1,79.2,4,3.85
P-001003,2025-03-01,3,225.3,25.8,7,6,50.3,68.6,4,3.51
P-001003,2025-04-01,4,219.8,42.0,7,10,45.4,77.2,4,3.58
P-001003,2025-05-01,5,225.3,40.7,9,8,45.8,81.8,4,4.09
P-001003,2025-06-01,6,122.0,0.0,0,3,120.0,5.0,1,1.0
P-001003,2025-07-01,7,171.6,3.6,1,5,96.6,16.1,1,1.45
P-001003,2025-08-01,8,168.2,5.5,3,5,95.8,18.5,1,1.17
P-001003,2025-09-01,9,170.7,6.8,0,5,95.3,15.4,1,1.32
P-001003,2025-10-01,10,172.1,3.0,1,4,96.8,14.4,1,1.09
P-001003,2025-11-01,11,173.1,4.5,3,3,96.2,19.0,1,1.44
P-001003,2025-12-01,12,171.6,5.9,1,5,95.6,17.0,1,1.37
P-001004,2025-01-01,1,180.1,2.7,0,4,90.9,18.5,2,1.89
P-001004,2025-02-01,2,179.9,11.0,4,5,87.6,30.1,2,1.97
P-001004,2025-03-01,3,230.2,44.0,11,12,41.8,91.0,4,3.84
P-001004,2025-04-01,4,225.0,39.6,8,8,43.1,80.7,4,4.34
P-001004,2025-05-01,5,224.8,35.4,6,10,44.4,75.5,3,3.9
P-001004,2025-06-01,6,221.6,35.5,7,12,44.3,77.3,4,3.84
P-001004,2025-07-01,7,226.6,41.1,8,7,42.7,79.8,3,3.76
P-001004,2025-08-01,8,218.0,36.4,10,14,44.1,82.6,3,3.77
P-001004,2025-09-01,9,215.8,38.1,5,7,43.6,69.9,4,3.87
P-001004,2025-10-01,10,174.2,7.5,4,4,89.0,25.1,2,1.76
P-001004,2025-11-01,11,182.1,7.9,0,5,88.8,21.9,2,1.66
P-001004,2025-12-01,12,177.0,10.6,1,5,87.8,22.7,2,1.53
P-001005,2025-01-01,1,190.3,7.8,1,7,78.9,31.9,3,2.61
P-001005,2025-02-01,2,186.1,9.7,1,6,78.1,30.3,3,2.46
P-001005,2025-03-01,3,189.9,17.5,2,7,75.0,36.4,3,1.89
P-001005,2025-04-01,4,232.2,34.7,13,12,49.2,90.8,5,4.23
P-001005,2025-05-01,5,244.3,43.9,11,10,42.7,95.7,5,4.38
P-001005,2025-06-01,6,252.7,58.6,9,13,40.2,98.0,5,4.73
P-001005,2025-07-01,7,259.8,45.4,12,9,41.9,98.0,5,4.31
P-001005,2025-08-01,8,239.0,48.1,12,7,43.7,94.6,5,4.19
P-001005,2025-09-01,9,255.7,59.6,10,14,37.5,98.0,5,4.91
P-001005,2025-10-01,10,265.4,58.0,9,14,39.9,98.0,5,5.0
P-001005,2025-11-01,11,259.4,49.0,14,14,35.0,98.0,5,4.63
P-001005,2025-12-01,12,269.0,61.7,10,12,36.5,98.0,5,4.44
P-001006,2025-01-01,1,181.6,9.0,4,4,88.4,28.7,2,1.85
P-001006,2025-02-01,2,181.1,2.4,1,5,91.0,20.3,2,1.59
P-001006,2025-03-01,3,230.6,32.0,8,11,45.4,80.4,4,4.09
P-001006,2025-04-01,4,220.3,22.6,6,7,48.2,66.6,3,4.18
P-001006,2025-05-01,5,225.4,34.4,4,9,44.7,72.2,3,4.3
P-001006,2025-06-01,6,227.8,36.4,9,8,44.1,81.4,3,4.16
P-001006,2025-07-01,7,228.2,48.4,8,11,40.5,86.4,3,3.71
P-001006,2025-08-01,8,228.1,42.7,6,9,42.2,80.3,4,4.23
P-001006,2025-09-01,9,223.9,44.3,4,11,41.7,76.4,4,3.75
P-001006,2025-10-01,10,176.3,10.8,0,4,87.7,21.4,2,1.98
P-001006,2025-11-01,11,172.4,10.5,1,5,87.8,22.2,2,1.97
P-001006,2025-12-01,12,177.2,9.0,1,3,88.4,21.3,2,1.78
P-001007,2025-01-01,1,182.6,1.0,0,5,91.6,18.8,2,1.72
P-001007,2025-02-01,2,181.4,9.1,4,5,88.4,28.0,2,1.29
P-001007,2025-03-01,3,230.7,50.6,11,8,39.8,89.9,4,3.14
P-001007,2025-04-01,4,221.4,30.9,4,9,45.7,67.9,4,3.79
P-001007,2025-05-01,5,227.9,41.1,5,10,42.7,77.5,4,3.84
P-001007,2025-06-01,6,225.3,34.7,5,8,44.6,72.9,4,4.12
P-001007,2025-07-01,7,226.1,40.3,4,7,42.9,73.1,3,3.94
P-001007,2025-08-01,8,236.9,40.1,6,10,43.0,82.3,4,4.02
P-001007,2025-09-01,9,231.3,42.9,4,9,42.1,78.0,4,4.17
P-001007,2025-10-01,10,181.0,10.2,2,6,87.9,28.5,2,2.43
P-001007,2025-11-01,11,188.5,11.1,3,4,87.5,30.1,2,1.7
P-001007,2025-12-01,12,179.0,7.0,2,6,89.2,24.1,2,1.58
P-001008,2025-01-01,1,180.4,6.3,5,6,79.5,34.1,3,2.76
P-001008,2025-02-01,2,181.8,13.1,5,6,76.8,36.6,3,2.24
P-001008,2025-03-01,3,182.9,12.1,2,7,77.2,32.6,3,2.41
P-001008,2025-04-01,4,230.9,41.1,7,11,40.4,84.7,5,4.53
P-001008,2025-05-01,5,229.3,55.1,10,9,47.7,91.3,5,4.15
P-001008,2025-06-01,6,236.5,41.1,6,10,43.3,83.4,5,4.36
P-001008,2025-07-01,7,245.4,55.8,5,11,38.3,92.9,5,4.5
P-001008,2025-08-01,8,242.5,44.0,6,12,39.0,89.3,5,4.54
P-001008,2025-09-01,9,244.9,42.5,10,13,40.4,96.2,5,4.4
P-001008,2025-10-01,10,255.8,57.9,7,9,37.7,98.0,5,4.16
P-001008,2025-11-01,11,253.6,49.3,11,13,36.6,98.0,5,4.67
P-001008,2025-12-01,12,253.0,55.5,11,8,30.9,98.0,5,4.02
P-001009,2025-01-01,1,177.2,9.3,3,6,86.8,27.0,2,1.74
P-001009,2025-02-01,2,174.1,6.6,3,4,96.6,21.9,2,1.85
P-001009,2025-03-01,3,183.7,6.9,1,5,85.0,22.7,2,1.0
P-001009,2025-04-01,4,174.1,3.9,4,4,94.7,21.2,2,1.21
P-001009,2025-05-01,5,181.4,5.6,3,5,90.2,25.5,2,1.71
P-001009,2025-06-01,6,177.4,8.1,1,5,91.1,21.5,2,1.62
P-001009,2025-07-01,7,174.3,5.6,4,5,90.4,24.3,2,1.55
P-001009,2025-08-01,8,175.4,0.3,1,5,94.9,16.2,2,1.39
P-001009,2025-09-01,9,180.6,2.4,2,6,93.0,21.8,2,1.5
P-001009,2025-10-01,10,183.3,6.0,0,4,88.9,21.3,2,1.88
P-001009,2025-11-01,11,174.8,6.1,0,5,93.1,17.4,2,1.51
P-001009,2025-12-01,12,171.7,5.3,4,4,97.6,21.0,2,1.47
P-001010,2025-01-01,1,169.7,8.2,2,4,85.6,20.8,2,1.61
P-001010,2025-02-01,2,171.7,2.0,4,3,101.4,18.5,2,1.59
P-001010,2025-03-01,3,173.0,8.4,2,3,92.0,20.1,2,1.6
P-001010,2025-04-01,4,167.4,3.8,2,4,93.3,17.7,2,2.0
P-001010,2025-05-01,5,167.8,7.5,3,5,95.8,19.5,2,1.32
P-001010,2025-06-01,6,175.2,1.9,3,3,95.7,19.5,2,1.74
P-001010,2025-07-01,7,168.1,4.7,4,5,92.2,22.1,2,1.83
P-001010,2025-08-01,8,171.9,7.3,3,5,92.9,22.5,2,1.74
P-001010,2025-09-01,9,168.4,1.3,1,5,92.4,15.4,2,1.68
P-001010,2025-10-01,10,173.6,11.3,3,5,86.2,24.1,2,1.0
P-001010,2025-11-01,11,175.0,7.5,1,3,90.2,19.3,2,1.69
P-001010,2025-12-01,12,177.2,6.4,1,4,98.4,17.7,2,1.25
P-001011,2025-01-01,1,170.8,9.1,4,5,89.4,25.4,2,1.86
P-001011,2025-02-01,2,169.5,7.9,0,4,88.6,16.6,2,1.58
P-001011,2025-03-01,3,173.5,8.9,1,3,93.4,19.3,2,1.89
P-001011,2025-04-01,4,169.4,11.7,4,6,89.4,25.4,2,1.36
P-001011,2025-05-01,5,165.5,5.0,4,6,97.1,19.4,2,1.19
P-001011,2025-06-01,6,163.0,4.6,2,4,90.1,17.6,2,2.19
P-001011,2025-07-01,7,169.5,12.7,2,3,91.0,20.7,2,1.52
P-001011,2025-08-01,8,163.3,8.1,0,4,94.4,14.3,2,1.92
P-001011,2025-09-01,9,164.3,4.7,2,5,93.5,15.9,2,1.29
P-001011,2025-10-01,10,169.0,8.0,4,5,87.9,22.8,2,1.14
P-001011,2025-11-01,11,163.4,9.4,0,4,90.3,13.4,2,1.05
P-001011,2025-12-01,12,170.2,0.0,4,7,93.0,20.7,2,1.31
P-001012,2025-01-01,1,167.3,2.7,1,3,90.9,12.9,2,1.03
P-001012,2025-02-01,2,168.2,10.9,2,4,87.6,21.6,2,1.87
P-001012,2025-03-01,3,161.5,8.3,3,5,88.7,19.3,2,1.45
P-001012,2025-04-01,4,166.7,6.3,3,4,89.5,19.8,2,1.57
P-001012,2025-05-01,5,173.0,4.4,2,4,90.2,19.8,2,1.74
P-001012,2025-06-01,6,202.6,24.5,8,9,62.6,60.0,4,2.9
P-001012,2025-07-01,7,204.8,21.9,5,8,63.4,53.6,4,2.79
P-001012,2025-08-01,8,168.2,11.4,2,3,87.5,20.9,2,1.75
P-001012,2025-09-01,9,160.6,9.3,2,6,88.3,17.4,2,1.0
P-001012,2025-10-01,10,164.4,3.0,2,4,90.8,15.6,2,1.52
P-001012,2025-11-01,11,172.0,6.7,3,5,89.3,24.2,2,2.26
P-001012,2025-12-01,12,167.4,11.7,3,3,87.3,21.6,2,1.39
P-001013,2025-01-01,1,171.9,6.3,0,5,95.5,15.5,1,1.31
P-001013,2025-02-01,2,212.4,35.5,9,9,47.4,73.8,4,3.41
P-001013,2025-03-01,3,216.6,34.6,7,9,47.6,71.6,4,3.46
P-001013,2025-04-01,4,222.6,43.7,7,8,44.9,77.8,4,3.64
P-001013,2025-05-01,5,224.9,29.2,4,8,49.2,67.5,4,3.95
P-001013,2025-06-01,6,117.3,0.0,0,3,120.0,5.0,1,1.0
P-001013,2025-07-01,7,174.4,3.4,2,3,96.6,16.4,1,1.09
P-001013,2025-08-01,8,168.0,4.2,2,6,96.3,16.4,1,1.03
P-001013,2025-09-01,9,164.3,6.4,1,5,95.4,13.8,1,1.0
P-001013,2025-10-01,10,172.5,5.5,2,3,95.8,17.3,1,1.3
P-001013,2025-11-01,11,164.2,2.6,0,5,97.0,10.6,1,1.16
P-001013,2025-12-01,12,173.4,5.8,2,4,95.7,18.8,1,1.44
P-001014,2025-01-01,1,189.6,2.2,1,7,95.1,23.3,2,1.42
P-001014,2025-02-01,2,184.5,3.9,4,5,93.9,26.9,2,1.71
P-001014,2025-03-01,3,181.3,4.3,4,6,91.3,28.3,2,2.21
P-001014,2025-04-01,4,183.7,12.0,1,5,92.0,23.5,2,1.0
P-001014,2025-05-01,5,182.7,6.6,3,5,88.4,25.5,3,1.24
P-001014,2025-06-01,6,187.7,9.2,2,6,87.6,28.9,2,1.77
P-001014,2025-07-01,7,185.3,8.8,3,3,87.2,26.1,2,1.19
P-001014,2025-08-01,8,183.0,3.4,2,4,91.6,20.8,2,1.0
P-001014,2025-09-01,9,186.5,3.9,0,5,93.1,21.0,2,1.67
P-001014,2025-10-01,10,181.1,7.9,0,3,90.6,18.2,2,1.0
P-001014,2025-11-01,11,185.3,2.3,0,6,93.2,21.5,2,2.08
P-001014,2025-12-01,12,192.1,5.9,2,3,93.7,25.2,2,1.51
P-001015,2025-01-01,1,171.9,6.6,2,6,89.4,22.3,2,1.92
P-001015,2025-02-01,2,172.7,3.6,1,5,90.6,16.5,2,1.0
P-001015,2025-03-01,3,208.0,39.5,10,10,43.2,77.7,4,3.69
P-001015,2025-04-01,4,214.1,42.7,7,10,42.2,77.3,3,4.05
P-001015,2025-05-01,5,230.7,32.1,4,8,45.4,72.2,3,4.21
P-001015,2025-06-01,6,215.1,42.7,7,8,42.2,75.6,3,3.77
P-001015,2025-07-01,7,211.5,40.4,8,9,42.9,76.0,3,3.91
P-001015,2025-08-01,8,219.6,41.1,5,10,42.7,74.2,4,3.69
P-001015,2025-09-01,9,217.0,41.0,9,11,42.7,81.7,4,4.13
P-001015,2025-10-01,10,179.7,12.4,1,5,87.1,24.2,2,1.38
P-001015,2025-11-01,11,171.8,16.8,3,4,85.3,29.1,2,2.51
P-001015,2025-12-01,12,170.5,15.7,3,6,85.7,27.4,2,1.68
P-001016,2025-01-01,1,171.6,3.6,1,6,96.5,16.3,1,1.25
P-001016,2025-02-01,2,221.4,35.3,6,9,47.4,72.3,4,3.59
P-001016,2025-03-01,3,229.1,32.0,6,9,48.4,74.5,4,4.01
P-001016,2025-04-01,4,218.8,33.0,8,11,48.1,74.5,4,3.41
P-001016,2025-05-01,5,218.6,39.9,5,7,46.0,71.1,4,3.86
P-001016,2025-06-01,6,118.9,0.0,0,3,120.0,5.0,1,1.0
P-001016,2025-07-01,7,164.7,4.1,1,4,96.4,13.7,1,1.64
P-001016,2025-08-01,8,170.7,2.4,0,5,97.0,12.9,1,1.2
P-001016,2025-09-01,9,162.4,3.8,2,4,96.5,13.1,1,1.11
P-001016,2025-10-01,10,171.1,8.6,1,3,94.6,16.0,1,1.04
P-001016,2025-11-01,11,171.8,2.3,2,4,97.1,16.3,1,1.37
P-001016,2025-12-01,12,167.1,5.0,1,4,96.0,14.4,1,1.38
P-001017,2025-01-01,1,180.4,5.5,3,5,92.3,25.5,2,2.04
P-001017,2025-02-01,2,184.3,9.9,1,5,89.3,24.5,2,1.44
P-001017,2025-03-01,3,187.0,3.1,3,5,88.0,25.5,2,1.18
P-001017,2025-04-01,4,177.0,4.1,2,4,92.2,20.9,2,1.82
P-001017,2025-05-01,5,183.0,5.3,1,3,97.9,18.1,2,1.0
P-001017,2025-06-01,6,185.1,4.5,0,5,93.2,20.6,2,1.64
P-001017,2025-07-01,7,188.3,5.4,2,6,92.4,26.5,2,1.72
P-001017,2025-08-01,8,177.1,3.9,1,3,89.0,17.9,2,1.33
P-001017,2025-09-01,9,184.4,9.7,2,6,83.5,27.0,2,1.08
P-001017,2025-10-01,10,179.6,7.2,0,6,95.3,19.2,2,1.3
P-001017,2025-11-01,11,179.5,8.9,3,5,91.9,26.2,2,1.84
P-001017,2025-12-01,12,180.9,4.8,1,5,94.8,21.5,2,1.97
P-001018,2025-01-01,1,180.3,13.7,4,5,84.5,31.5,2,1.83
P-001018,2025-02-01,2,178.0,10.8,2,4,85.7,25.6,2,1.96
P-001018,2025-03-01,3,179.6,8.4,1,5,86.7,21.8,2,1.09
P-001018,2025-04-01,4,218.2,29.4,4,7,47.7,63.4,4,3.34
P-001018,2025-05-01,5,219.4,34.1,4,12,47.6,69.7,4,3.58
P-001018,2025-06-01,6,210.2,43.5,4,6,40.6,68.3,4,3.8
P-001018,2025-07-01,7,217.2,23.6,8,9,45.8,69.2,4,3.44
P-001018,2025-08-01,8,218.1,29.3,7,13,48.3,72.8,3,3.58
P-001018,2025-09-01,9,178.8,0.7,2,3,89.7,19.6,2,1.7
P-001018,2025-10-01,10,179.4,15.8,1,6,83.7,26.9,2,1.41
P-001018,2025-11-01,11,175.5,6.3,1,4,87.5,21.2,2,2.12
P-001018,2025-12-01,12,178.9,14.4,1,5,84.3,26.3,2,1.81
P-001019,2025-01-01,1,172.5,5.4,2,5,95.8,18.8,1,1.4
P-001019,2025-02-01,2,231.1,38.1,4,10,46.6,75.5,4,4.07
P-001019,2025-03-01,3,223.0,27.6,6,9,49.7,68.0,4,3.12
P-001019,2025-04-01,4,226.8,38.0,4,8,46.6,71.2,4,3.47
P-001019,2025-05-01,5,230.7,43.9,7,13,44.8,85.5,4,4.21
P-001019,2025-06-01,6,122.9,0.0,0,3,120.0,5.0,1,1.0
P-001019,2025-07-01,7,178.2,0.4,2,4,97.8,18.0,1,1.53
P-001019,2025-08-01,8,176.0,3.8,0,6,96.5,16.4,1,1.32
P-001019,2025-09-01,9,168.9,5.3,0,4,95.9,13.9,1,1.53
P-001019,2025-10-01,10,179.5,4.7,1,5,96.1,19.1,1,1.34
P-001019,2025-11-01,11,174.0,5.3,0,4,95.9,15.9,1,1.64
P-001019,2025-12-01,12,175.5,7.3,1,3,95.1,17.6,1,1.31
P-001020,2025-01-01,1,178.3,3.2,1,5,89.6,19.9,2,1.6
P-001020,2025-02-01,2,184.8,4.7,1,6,93.0,23.1,2,1.67
P-001020,2025-03-01,3,180.2,11.6,3,5,87.9,27.7,2,1.56
P-001020,2025-04-01,4,182.7,9.5,2,4,89.4,24.6,2,1.36
P-001020,2025-05-01,5,186.6,3.4,2,6,92.7,23.6,2,1.17
P-001020,2025-06-01,6,174.1,4.8,4,5,94.8,22.9,2,1.47
P-001020,2025-07-01,7,180.9,7.4,1,5,92.6,22.6,2,1.81
P-001020,2025-08-01,8,182.6,8.2,2,5,91.4,25.1,2,1.69
P-001020,2025-09-01,9,182.6,0.7,3,4,90.5,24.0,2,2.02
P-001020,2025-10-01,10,180.7,4.4,4,4,95.0,25.2,2,1.83
P-001020,2025-11-01,11,178.5,8.3,1,7,90.7,22.2,2,1.17
P-001020,2025-12-01,12,178.5,11.2,2,4,90.5,24.4,2,1.7
P-001021,2025-01-01,1,184.7,4.2,1,5,90.3,22.7,2,1.68
P-001021,2025-02-01,2,190.9,6.8,2,4,89.3,27.9,2,2.0
P-001021,2025-03-01,3,234.6,34.8,4,7,44.6,72.4,4,3.54
P-001021,2025-04-01,4,232.8,46.7,5,11,41.0,84.1,3,4.48
P-001021,2025-05-01,5,248.0,32.9,9,8,45.1,88.0,4,4.65
P-001021,2025-06-01,6,232.8,36.7,5,8,44.0,75.5,4,3.74
P-001021,2025-07-01,7,236.3,46.4,4,7,41.1,80.0,4,4.11
P-001021,2025-08-01,8,224.4,37.1,7,7,43.9,74.4,3,3.29
P-001021,2025-09-01,9,230.0,35.1,4,7,44.5,72.8,3,4.26
P-001021,2025-10-01,10,187.0,11.8,1,5,87.3,27.6,2,1.83
P-001021,2025-11-01,11,193.8,3.4,1,5,90.7,26.6,2,2.13
P-001021,2025-12-01,12,188.2,15.5,1,6,85.8,28.9,2,1.18
P-001022,2025-01-01,1,186.6,4.2,1,5,91.5,21.7,2,1.1
P-001022,2025-02-01,2,174.0,4.6,2,7,96.3,19.9,2,1.24
P-001022,2025-03-01,3,187.5,2.7,1,3,97.7,20.1,2,1.61
P-001022,2025-04-01,4,171.4,10.5,1,4,86.7,19.0,3,1.0
P-001022,2025-05-01,5,174.0,1.5,2,5,92.4,19.1,3,1.69
P-001022,2025-06-01,6,178.5,6.0,3,4,91.2,24.4,2,1.95
P-001022,2025-07-01,7,171.6,1.1,0,4,92.6,12.8,2,1.19
P-001022,2025-08-01,8,170.2,4.0,0,3,94.5,12.4,2,1.15
P-001022,2025-09-01,9,177.9,6.9,2,3,92.9,20.4,2,1.36
P-001022,2025-10-01,10,176.6,6.7,3,4,87.7,24.6,2,1.93
P-001022,2025-11-01,11,180.9,10.3,3,5,91.9,27.5,2,1.93
P-001022,2025-12-01,12,178.4,5.5,1,3,93.9,18.1,2,1.31
P-001023,2025-01-01,1,177.0,5.5,0,4,95.8,16.0,1,1.24
P-001023,2025-02-01,2,228.9,34.2,6,6,47.7,71.8,4,3.36
P-001023,2025-03-01,3,225.7,29.1,4,8,49.3,67.2,4,3.71
P-001023,2025-04-01,4,222.6,31.7,9,11,48.5,77.9,4,3.83
P-001023,2025-05-01,5,224.5,38.1,4,10,46.6,71.4,4,3.35
P-001023,2025-06-01,6,122.9,0.0,0,3,120.0,5.0,1,1.0
P-001023,2025-07-01,7,182.6,8.9,0,6,94.4,20.5,1,1.02
P-001023,2025-08-01,8,181.2,3.1,1,6,96.8,18.9,1,1.09
P-001023,2025-09-01,9,167.3,7.0,0,5,95.2,13.9,1,1.19
P-001023,2025-10-01,10,179.0,5.0,3,6,96.0,22.6,1,1.17
P-001023,2025-11-01,11,175.3,8.0,0,5,94.8,17.8,1,1.41
P-001023,2025-12-01,12,173.4,3.9,2,5,96.5,18.1,1,1.28
P-001024,2025-01-01,1,180.6,7.5,2,5,89.0,22.8,2,1.0
P-001024,2025-02-01,2,175.0,6.7,0,3,89.3,18.9,2,2.24
P-001024,2025-03-01,3,171.6,2.5,4,5,91.0,21.2,2,1.27
P-001024,2025-04-01,4,183.0,4.7,1,4,90.1,21.6,2,1.65
P-001024,2025-05-01,5,170.3,7.5,2,4,89.0,19.7,2,1.49
P-001024,2025-06-01,6,210.5,30.8,5,8,60.8,60.9,4,3.26
P-001024,2025-07-01,7,205.5,24.7,5,7,62.6,55.4,4,3.18
P-001024,2025-08-01,8,175.2,7.7,1,6,88.9,21.4,2,1.57
P-001024,2025-09-01,9,179.5,9.9,2,4,88.0,25.6,2,2.05
P-001024,2025-10-01,10,181.1,7.8,2,4,88.9,23.4,2,1.4
P-001024,2025-11-01,11,173.4,4.1,3,5,90.4,21.2,2,1.37
P-001024,2025-12-01,12,174.5,5.1,1,4,90.0,19.4,2,1.87
P-001025,2025-01-01,1,188.2,6.3,1,5,95.5,23.1,1,1.38
P-001025,2025-02-01,2,229.7,41.6,7,13,45.5,84.3,4,4.31
P-001025,2025-03-01,3,224.1,39.0,10,6,46.3,79.7,4,3.62
P-001025,2025-04-01,4,213.5,39.2,5,6,46.2,69.6,4,4.33
P-001025,2025-05-01,5,223.7,33.2,7,7,48.0,72.6,4,3.65
P-001025,2025-06-01,6,124.3,0.0,0,3,120.0,5.0,1,1.0
P-001025,2025-07-01,7,175.9,7.3,3,3,95.1,20.5,1,1.07
P-001025,2025-08-01,8,174.7,5.8,1,4,95.7,17.1,1,1.26
P-001025,2025-09-01,9,173.5,4.6,1,4,96.2,16.0,1,1.21
P-001025,2025-10-01,10,181.5,5.7,1,6,95.7,20.2,1,1.02
P-001025,2025-11-01,11,170.1,3.5,0,4,96.6,12.9,1,1.36
P-001025,2025-12-01,12,175.3,5.7,2,5,95.7,19.2,1,1.12
P-001026,2025-01-01,1,186.0,10.1,3,4,89.4,28.2,2,1.59
P-001026,2025-02-01,2,178.8,4.7,0,3,93.5,16.8,2,1.52
P-001026,2025-03-01,3,181.7,8.8,3,6,89.4,27.5,2,1.62
P-001026,2025-04-01,4,179.7,6.7,2,3,89.6,20.7,2,1.0
P-001026,2025-05-01,5,180.4,4.7,4,4,90.6,25.7,2,1.71
P-001026,2025-06-01,6,172.3,3.5,4,4,94.9,21.5,2,1.7
P-001026,2025-07-01,7,183.4,8.4,4,5,87.9,29.0,2,1.5
P-001026,2025-08-01,8,173.6,8.0,0,5,92.6,18.9,2,1.93
P-001026,2025-09-01,9,178.8,2.8,0,3,95.3,14.6,2,1.08
P-001026,2025-10-01,10,177.4,3.7,1,5,94.9,17.9,2,1.24
P-001026,2025-11-01,11,173.1,4.1,1,4,100.4,15.4,2,1.44
P-001026,2025-12-01,12,174.4,8.5,1,4,88.4,19.9,2,1.45
P-001027,2025-01-01,1,191.3,21.5,3,6,73.4,39.6,3,1.79
P-001027,2025-02-01,2,182.4,12.7,3,4,76.9,32.8,3,2.54
P-001027,2025-03-01,3,181.4,15.5,2,6,75.8,32.7,3,2.24
P-001027,2025-04-01,4,228.1,49.6,7,14,44.2,87.9,5,4.27
P-001027,2025-05-01,5,234.4,47.4,6,10,38.2,85.5,5,4.06
P-001027,2025-06-01,6,245.9,49.7,9,10,40.3,95.0,5,4.05
P-001027,2025-07-01,7,249.0,56.0,6,12,44.8,95.1,5,4.4
P-001027,2025-08-01,8,244.5,48.8,6,8,40.2,89.3,5,4.65
P-001027,2025-09-01,9,247.4,51.8,8,8,41.0,94.2,5,4.4
P-001027,2025-10-01,10,250.7,48.3,9,9,39.3,97.6,5,4.84
P-001027,2025-11-01,11,253.2,62.4,13,10,41.7,98.0,5,4.58
P-001027,2025-12-01,12,261.2,47.9,10,13,37.1,98.0,5,4.64
P-001028,2025-01-01,1,184.4,18.4,1,4,74.6,34.0,3,2.97
P-001028,2025-02-01,2,186.6,16.3,1,4,75.5,35.1,3,3.5
P-001028,2025-03-01,3,192.1,20.3,5,5,73.9,45.3,3,3.14
P-001028,2025-04-01,4,231.1,48.4,7,14,45.0,88.0,5,4.15
P-001028,2025-05-01,5,245.9,39.1,11,12,38.3,97.2,5,4.67
P-001028,2025-06-01,6,240.7,44.4,8,10,35.7,91.8,5,4.7
P-001028,2025-07-01,7,255.4,47.8,7,11,41.8,96.3,5,4.71
P-001028,2025-08-01,8,252.2,48.3,10,9,36.0,98.0,5,4.82
P-001028,2025-09-01,9,256.1,51.3,9,10,35.6,98.0,5,4.61
P-001028,2025-10-01,10,265.1,52.9,5,10,37.7,98.0,5,4.58
P-001028,2025-11-01,11,264.4,65.0,10,11,37.8,98.0,5,4.17
P-001028,2025-12-01,12,254.1,56.0,14,14,33.8,98.0,5,3.99
P-001029,2025-01-01,1,172.4,8.2,1,6,89.3,21.5,2,1.95
P-001029,2025-02-01,2,176.2,6.2,3,3,95.6,19.8,2,1.0
P-001029,2025-03-01,3,173.0,9.6,4,4,88.1,23.8,2,1.0
P-001029,2025-04-01,4,174.6,6.8,1,6,91.4,21.0,2,1.81
P-001029,2025-05-01,5,172.6,9.7,3,3,88.0,23.5,2,1.82
P-001029,2025-06-01,6,177.3,3.9,3,5,96.0,22.2,2,1.67
P-001029,2025-07-01,7,169.7,3.7,4,5,94.5,21.2,2,1.58
P-001029,2025-08-01,8,171.0,6.4,0,4,92.0,16.1,2,1.65
P-001029,2025-09-01,9,166.0,0.9,2,3,97.8,12.3,2,1.13
P-001029,2025-10-01,10,173.5,12.0,1,6,88.9,21.9,2,1.27
P-001029,2025-11-01,11,165.1,9.8,1,5,87.2,20.0,2,2.21
P-001029,2025-12-01,12,174.6,6.4,1,5,90.8,19.2,2,1.37
P-001030,2025-01-01,1,188.0,11.6,1,7,77.3,31.5,3,2.0
P-001030,2025-02-01,2,189.6,14.7,5,4,76.1,39.8,3,2.64
P-001030,2025-03-01,3,189.3,13.5,3,5,76.6,34.1,3,1.72
P-001030,2025-04-01,4,236.7,45.9,5,7,44.5,81.1,5,4.18
P-001030,2025-05-01,5,238.2,37.5,9,13,38.6,90.9,5,4.6
P-001030,2025-06-01,6,246.8,48.2,8,8,38.4,93.6,5,4.69
P-001030,2025-07-01,7,240.7,45.8,9,12,40.2,94.2,5,4.54
P-001030,2025-08-01,8,262.2,52.5,10,12,37.0,98.0,5,4.25
P-001030,2025-09-01,9,261.4,58.0,9,10,35.5,98.0,5,4.63
P-001030,2025-10-01,10,257.8,47.7,14,13,32.9,98.0,5,4.22
P-001030,2025-11-01,11,262.0,58.5,14,11,33.6,98.0,5,4.23
P-001030,2025-12-01,12,264.3,52.0,14,9,36.1,98.0,5,4.72
P-001031,2025-01-01,1,173.6,4.9,4,3,90.4,22.8,2,1.7
P-001031,2025-02-01,2,169.6,5.9,1,4,93.2,16.9,2,1.69
P-001031,2025-03-01,3,175.0,1.8,0,5,92.2,15.9,2,1.53
P-001031,2025-04-01,4,169.2,6.2,2,5,93.3,19.1,2,1.64
P-001031,2025-05-01,5,176.6,5.9,2,3,95.5,20.1,2,1.75
P-001031,2025-06-01,6,170.4,8.8,1,3,87.6,17.1,2,1.01
P-001031,2025-07-01,7,176.2,5.0,1,5,87.5,19.4,2,1.23
P-001031,2025-08-01,8,172.4,7.1,4,5,98.4,22.2,2,1.35
P-001031,2025-09-01,9,172.3,5.4,1,3,96.5,15.5,2,1.37
P-001031,2025-10-01,10,177.6,8.4,3,4,91.2,22.8,2,1.0
P-001031,2025-11-01,11,172.8,4.8,2,6,90.2,19.7,2,1.12
P-001031,2025-12-01,12,172.7,2.3,0,6,94.4,16.2,2,1.82
P-001032,2025-01-01,1,183.7,9.1,4,4,86.4,30.2,2,2.01
P-001032,2025-02-01,2,185.1,11.3,2,5,85.5,29.7,2,2.24
P-001032,2025-03-01,3,179.2,10.1,1,6,85.9,23.0,2,1.01
P-001032,2025-04-01,4,209.9,29.4,4,10,52.2,63.0,3,3.89
P-001032,2025-05-01,5,210.0,44.1,5,6,47.1,68.0,3,3.45
P-001032,2025-06-01,6,231.5,37.3,9,9,46.8,80.7,4,3.18
P-001032,2025-07-01,7,221.9,43.0,7,9,49.0,77.0,3,3.57
P-001032,2025-08-01,8,226.3,30.4,6,10,55.3,70.8,3,3.44
P-001032,2025-09-01,9,175.7,16.1,3,5,83.6,28.7,2,1.55
P-001032,2025-10-01,10,180.6,12.2,4,6,85.1,31.0,2,1.59
P-001032,2025-11-01,11,182.6,10.4,1,6,85.8,26.4,2,1.82
P-001032,2025-12-01,12,178.6,15.1,2,5,84.0,27.7,2,1.58
P-001033,2025-01-01,1,177.4,9.2,1,6,87.6,22.7,2,1.42
P-001033,2025-02-01,2,180.1,5.4,1,5,90.7,20.1,2,1.11
P-001033,2025-03-01,3,176.2,5.2,1,3,94.6,18.5,2,1.89
P-001033,2025-04-01,4,178.1,8.7,1,5,88.1,21.9,3,1.36
P-001033,2025-05-01,5,172.8,4.5,3,4,93.6,20.5,2,1.6
P-001033,2025-06-01,6,168.1,3.6,3,3,91.1,18.4,2,1.67
P-001033,2025-07-01,7,173.1,4.2,4,4,94.2,21.6,2,1.42
P-001033,2025-08-01,8,177.9,9.8,2,5,93.6,22.8,2,1.33
P-001033,2025-09-01,9,176.3,1.4,3,5,94.9,20.8,2,1.61
P-001033,2025-10-01,10,170.0,2.5,2,4,93.2,17.3,2,1.67
P-001033,2025-11-01,11,178.5,9.8,2,6,93.0,24.3,2,1.55
P-001033,2025-12-01,12,174.5,8.2,3,4,87.5,24.5,2,1.89
P-001034,2025-01-01,1,172.1,4.9,4,6,86.7,24.5,2,1.51
P-001034,2025-02-01,2,170.3,3.2,2,6,96.1,18.2,2,1.6
P-001034,2025-03-01,3,173.8,0.0,2,5,93.3,17.9,2,1.55
P-001034,2025-04-01,4,176.1,6.3,0,5,95.2,17.9,2,1.66
P-001034,2025-05-01,5,173.5,4.1,4,5,95.8,21.0,2,1.01
P-001034,2025-06-01,6,172.8,8.1,1,3,92.7,18.1,2,1.59
P-001034,2025-07-01,7,164.9,6.8,1,4,86.4,16.3,2,1.44
P-001034,2025-08-01,8,175.6,4.7,4,4,91.3,23.6,2,1.59
P-001034,2025-09-01,9,176.7,8.9,2,5,93.3,22.9,2,1.69
P-001034,2025-10-01,10,174.6,2.6,2,5,93.9,18.5,2,1.3
P-001034,2025-11-01,11,174.1,2.7,3,3,91.9,20.3,2,1.77
P-001034,2025-12-01,12,169.1,6.2,1,4,90.9,18.8,2,2.3
P-001035,2025-01-01,1,175.6,6.7,1,5,94.4,18.5,2,1.17
P-001035,2025-02-01,2,183.3,3.8,2,5,93.3,22.1,2,1.29
P-001035,2025-03-01,3,181.7,9.6,4,4,90.1,27.7,2,1.48
P-001035,2025-04-01,4,182.5,8.3,2,4,91.9,22.9,3,1.13
P-001035,2025-05-01,5,181.3,7.7,1,5,90.7,22.2,2,1.43
P-001035,2025-06-01,6,181.4,6.1,2,5,98.0,22.3,2,1.57
P-001035,2025-07-01,7,188.8,6.6,4,5,98.3,28.2,2,1.53
P-001035,2025-08-01,8,184.7,8.9,2,5,95.6,26.2,2,2.05
P-001035,2025-09-01,9,183.1,6.4,4,4,88.3,27.5,2,1.58
P-001035,2025-10-01,10,184.7,9.4,1,5,85.4,24.5,2,1.19
P-001035,2025-11-01,11,182.4,8.5,4,7,91.0,30.1,2,1.78
P-001035,2025-12-01,12,183.5,2.7,2,5,91.5,22.9,2,1.63
P-001036,2025-01-01,1,179.3,10.7,3,4,87.7,27.3,2,1.95
P-001036,2025-02-01,2,181.0,3.3,1,3,90.7,19.1,2,1.49
P-001036,2025-03-01,3,222.7,31.8,6,7,45.4,71.3,4,3.97
P-001036,2025-04-01,4,224.7,42.0,7,11,42.4,81.6,4,4.15
P-001036,2025-05-01,5,216.9,33.0,7,12,45.1,74.1,3,3.69
P-001036,2025-06-01,6,228.6,38.2,6,9,43.5,77.8,3,4.02
P-001036,2025-07-01,7,226.2,37.8,7,7,43.7,77.6,4,4.22
P-001036,2025-08-01,8,221.0,36.8,10,11,43.9,82.6,4,4.06
P-001036,2025-09-01,9,227.8,42.1,9,10,42.4,84.5,4,3.8
P-001036,2025-10-01,10,179.0,12.1,2,6,87.2,27.2,2,1.82
P-001036,2025-11-01,11,177.5,8.6,3,5,88.6,25.2,2,1.52
P-001036,2025-12-01,12,173.6,6.1,1,4,89.6,19.2,2,1.75
P-001037,2025-01-01,1,169.6,1.4,2,3,92.3,15.6,2,1.47
P-001037,2025-02-01,2,176.9,2.8,2,3,95.0,18.0,2,1.37
P-001037,2025-03-01,3,178.3,6.7,1,3,96.3,19.0,2,1.68
P-001037,2025-04-01,4,174.7,3.5,4,4,91.8,23.2,2,1.76
P-001037,2025-05-01,5,177.1,7.9,0,3,88.5,18.3,2,1.43
P-001037,2025-06-01,6,184.3,6.7,2,4,94.3,23.2,2,1.46
P-001037,2025-07-01,7,187.4,0.0,2,6,93.1,22.5,2,1.21
P-001037,2025-08-01,8,181.9,13.8,4,5,90.7,29.5,2,1.25
P-001037,2025-09-01,9,174.1,5.8,1,4,93.2,18.2,2,1.6
P-001037,2025-10-01,10,185.2,10.5,3,4,88.4,27.8,2,1.41
P-001037,2025-11-01,11,177.6,6.2,4,5,89.6,27.3,2,2.14
P-001037,2025-12-01,12,190.8,7.0,0,4,89.3,23.7,2,1.6
P-001038,2025-01-01,1,175.8,13.5,3,6,86.6,27.3,2,1.33
P-001038,2025-02-01,2,176.4,9.2,0,7,88.3,21.7,2,1.6
P-001038,2025-03-01,3,232.5,39.9,4,11,43.0,77.0,4,3.61
P-001038,2025-04-01,4,226.7,47.0,8,9,40.9,84.4,3,3.91
P-001038,2025-05-01,5,227.7,36.0,8,9,44.2,79.0,3,3.68
P-001038,2025-06-01,6,207.9,36.5,4,11,44.1,67.2,3,3.81
P-001038,2025-07-01,7,228.8,40.6,10,11,42.8,86.3,4,3.73
P-001038,2025-08-01,8,220.5,42.0,10,11,42.4,84.7,3,4.0
P-001038,2025-09-01,9,221.5,41.9,11,10,42.4,85.7,3,3.87
P-001038,2025-10-01,10,174.5,10.1,2,3,88.0,22.9,2,1.9
P-001038,2025-11-01,11,178.0,8.1,1,6,88.8,23.5,2,1.93
P-001038,2025-12-01,12,180.4,8.6,0,4,88.6,21.8,2,2.0
P-001039,2025-01-01,1,173.6,6.7,0,5,90.3,18.3,2,1.75
P-001039,2025-02-01,2,176.8,6.1,2,4,86.4,21.3,2,1.22
P-001039,2025-03-01,3,173.6,2.0,4,4,92.0,21.6,2,1.57
P-001039,2025-04-01,4,179.2,4.3,2,5,92.3,21.3,2,1.39
P-001039,2025-05-01,5,181.8,6.2,2,5,87.9,23.8,3,1.35
P-001039,2025-06-01,6,181.0,1.3,0,5,95.7,17.3,2,1.6
P-001039,2025-07-01,7,172.4,6.3,3,4,95.3,21.8,2,2.03
P-001039,2025-08-01,8,176.6,1.6,2,5,93.5,18.7,2,1.23
P-001039,2025-09-01,9,175.1,5.0,3,5,87.8,23.1,2,1.57
P-001039,2025-10-01,10,188.5,4.2,4,5,93.4,27.4,2,1.27
P-001039,2025-11-01,11,184.9,7.4,1,6,90.4,24.7,2,1.69
P-001039,2025-12-01,12,177.2,4.4,0,7,89.3,19.2,2,1.37
P-001040,2025-01-01,1,169.2,3.7,4,5,90.7,22.4,2,1.83
P-001040,2025-02-01,2,171.4,1.5,3,6,92.4,19.4,2,1.23
P-001040,2025-03-01,3,167.5,5.1,3,5,92.7,19.0,2,1.34
P-001040,2025-04-01,4,176.3,8.1,3,5,89.2,23.6,3,1.17
P-001040,2025-05-01,5,171.7,10.0,4,5,87.7,25.2,3,1.36
P-001040,2025-06-01,6,167.1,5.2,2,4,89.5,18.2,2,1.71
P-001040,2025-07-01,7,170.6,2.1,2,5,92.1,18.5,2,1.79
P-001040,2025-08-01,8,169.1,6.3,3,6,89.5,20.9,2,1.15
P-001040,2025-09-01,9,171.9,7.5,0,4,91.9,18.4,2,2.28
P-001040,2025-10-01,10,168.0,3.3,1,5,95.6,14.6,2,1.35
P-001040,2025-11-01,11,171.1,5.1,3,6,98.0,19.7,2,1.22
P-001040,2025-12-01,12,168.4,8.1,1,6,92.0,18.3,2,1.43
P-001041,2025-01-01,1,171.8,18.7,2,5,82.5,27.6,2,1.79
P-001041,2025-02-01,2,166.5,14.4,4,3,84.2,25.8,2,1.84
P-001041,2025-03-01,3,170.7,12.1,4,3,85.2,26.2,2,1.89
P-001041,2025-04-01,4,216.8,37.4,4,7,47.8,68.0,3,4.04
P-001041,2025-05-01,5,201.2,33.9,6,6,40.5,64.9,4,3.99
P-001041,2025-06-01,6,198.9,26.0,4,7,47.0,58.3,4,4.54
P-001041,2025-07-01,7,198.4,38.4,4,10,40.0,65.2,3,4.0
P-001041,2025-08-01,8,196.2,33.1,7,10,52.6,65.6,4,4.26
P-001041,2025-09-01,9,169.4,3.2,2,4,88.7,18.0,2,1.59
P-001041,2025-10-01,10,163.8,2.7,4,5,88.9,21.1,2,2.13
P-001041,2025-11-01,11,174.1,10.2,3,5,85.9,26.1,2,1.88
P-001041,2025-12-01,12,178.1,4.3,1,5,88.3,21.1,2,1.79
P-001042,2025-01-01,1,190.9,14.6,2,5,76.2,34.5,3,2.07
P-001042,2025-02-01,2,180.1,17.0,1,5,75.2,32.2,3,2.89
P-001042,2025-03-01,3,201.5,11.1,5,5,77.6,41.6,3,2.12
P-001042,2025-04-01,4,230.1,48.7,10,11,39.9,92.4,5,4.43
P-001042,2025-05-01,5,240.4,53.1,9,9,44.8,92.4,5,3.8
P-001042,2025-06-01,6,238.3,52.9,9,12,44.6,95.2,5,4.47
P-001042,2025-07-01,7,249.6,48.6,5,12,38.1,93.3,5,5.0
P-001042,2025-08-01,8,249.3,50.6,11,12,42.3,98.0,5,4.2
P-001042,2025-09-01,9,252.8,56.6,12,9,41.1,98.0,5,4.77
P-001042,2025-10-01,10,255.4,52.6,10,12,38.0,98.0,5,4.47
P-001042,2025-11-01,11,260.1,49.4,10,13,32.7,98.0,5,4.77
P-001042,2025-12-01,12,257.8,48.2,12,13,38.8,98.0,5,4.15
P-001043,2025-01-01,1,189.8,5.3,1,4,92.3,23.8,2,1.64
P-001043,2025-02-01,2,185.8,12.2,3,5,87.6,29.0,2,1.18
P-001043,2025-03-01,3,189.2,6.5,2,6,94.5,27.5,2,1.96
P-001043,2025-04-01,4,185.5,5.1,2,5,93.7,24.2,2,1.61
P-001043,2025-05-01,5,195.2,7.7,2,3,89.7,26.6,2,1.02
P-001043,2025-06-01,6,182.0,4.6,2,3,94.8,22.1,2,1.95
P-001043,2025-07-01,7,182.5,7.2,0,6,95.3,21.6,2,1.81
P-001043,2025-08-01,8,186.6,6.2,4,4,90.5,27.6,2,1.37
P-001043,2025-09-01,9,185.4,6.9,2,5,93.7,24.4,2,1.41
P-001043,2025-10-01,10,187.6,6.7,2,5,88.1,26.7,2,1.64
P-001043,2025-11-01,11,186.5,8.9,1,5,91.3,24.6,2,1.52
P-001043,2025-12-01,12,192.8,5.1,4,3,86.2,29.9,2,1.53
P-001044,2025-01-01,1,176.0,6.8,1,4,87.3,20.6,2,1.69
P-001044,2025-02-01,2,165.0,8.5,1,6,86.6,18.7,2,1.61
P-001044,2025-03-01,3,176.7,10.2,1,4,85.9,23.4,2,2.03
P-001044,2025-04-01,4,214.7,26.0,5,6,53.3,61.4,3,3.65
P-001044,2025-05-01,5,200.3,32.6,5,7,42.8,62.6,3,3.96
P-001044,2025-06-01,6,202.6,29.2,4,10,47.5,60.5,3,3.59
P-001044,2025-07-01,7,206.9,35.1,10,11,44.2,76.4,3,3.87
P-001044,2025-08-01,8,205.3,34.3,4,10,43.3,64.3,3,3.57
P-001044,2025-09-01,9,165.6,10.4,3,4,85.8,21.9,2,1.62
P-001044,2025-10-01,10,160.5,8.3,1,3,86.7,15.8,2,1.91
P-001044,2025-11-01,11,164.5,7.5,1,5,87.0,18.8,2,2.16
P-001044,2025-12-01,12,168.2,14.1,3,3,84.3,24.3,2,1.75
P-001045,2025-01-01,1,179.6,9.2,2,5,94.3,23.2,1,1.41
P-001045,2025-02-01,2,222.2,35.4,7,8,47.4,73.9,4,3.7
P-001045,2025-03-01,3,224.2,37.6,7,6,46.7,75.0,4,3.98
P-001045,2025-04-01,4,227.8,33.9,4,11,47.8,71.7,4,3.52
P-001045,2025-05-01,5,223.6,42.1,4,7,45.4,71.7,4,3.61
P-001045,2025-06-01,6,124.7,0.0,0,3,120.0,5.0,1,1.0
P-001045,2025-07-01,7,171.4,3.9,1,6,96.4,16.4,1,1.28
P-001045,2025-08-01,8,180.3,7.8,1,6,94.9,21.4,1,1.28
P-001045,2025-09-01,9,171.6,0.9,0,4,97.6,11.5,1,1.07
P-001045,2025-10-01,10,177.0,2.1,2,3,97.2,17.2,1,1.31
P-001045,2025-11-01,11,177.6,4.0,0,6,96.4,16.2,1,1.0
P-001045,2025-12-01,12,175.8,4.6,1,4,96.2,17.9,1,1.66
P-001046,2025-01-01,1,169.6,13.1,2,4,84.7,23.0,2,1.62
P-001046,2025-02-01,2,167.9,2.2,3,6,89.1,20.1,2,1.64
P-001046,2025-03-01,3,179.0,6.5,2,4,87.4,23.2,2,1.68
P-001046,2025-04-01,4,220.2,42.8,5,8,40.5,76.8,3,4.73
P-001046,2025-05-01,5,204.2,23.0,6,12,49.7,63.3,3,3.84
P-001046,2025-06-01,6,210.2,36.2,4,7,46.0,66.1,4,4.3
P-001046,2025-07-01,7,210.2,31.9,4,6,44.0,60.6,3,2.92
P-001046,2025-08-01,8,207.9,35.8,5,8,43.8,64.2,3,2.85
P-001046,2025-09-01,9,170.1,9.9,2,3,86.0,21.4,2,1.83
P-001046,2025-10-01,10,174.3,12.6,2,4,84.9,23.6,2,1.29
P-001046,2025-11-01,11,171.0,6.8,3,5,87.3,22.4,2,1.52
P-001046,2025-12-01,12,175.8,9.1,2,5,86.4,23.1,2,1.35
P-001047,2025-01-01,1,176.5,2.4,0,5,91.7,16.7,2,1.51
P-001047,2025-02-01,2,181.7,3.1,0,3,94.9,17.7,2,1.82
P-001047,2025-03-01,3,185.6,6.2,1,5,92.0,23.6,2,1.73
P-001047,2025-04-01,4,182.5,5.2,1,6,90.7,22.1,3,1.37
P-001047,2025-05-01,5,180.6,4.2,3,5,98.6,21.3,2,1.0
P-001047,2025-06-01,6,177.0,3.0,2,5,94.2,19.9,2,1.48
P-001047,2025-07-01,7,170.7,7.1,0,4,92.1,17.3,2,2.06
P-001047,2025-08-01,8,181.6,7.3,3,5,88.2,25.3,2,1.16
P-001047,2025-09-01,9,178.0,11.4,1,6,89.6,24.6,2,1.88
P-001047,2025-10-01,10,180.4,7.4,2,4,92.2,22.9,2,1.58
P-001047,2025-11-01,11,182.0,8.5,4,3,91.6,25.7,2,1.2
P-001047,2025-12-01,12,172.0,7.3,2,6,90.9,20.0,2,1.0
P-001048,2025-01-01,1,173.9,3.7,4,6,93.5,23.7,2,1.68
P-001048,2025-02-01,2,172.6,6.9,2,4,95.7,18.8,2,1.39
P-001048,2025-03-01,3,167.7,13.5,4,7,87.9,26.2,2,1.23
P-001048,2025-04-01,4,166.4,2.7,0,5,95.5,11.3,2,1.0
P-001048,2025-05-01,5,172.1,8.4,2,6,91.5,21.2,2,1.32
P-001048,2025-06-01,6,169.9,9.3,2,4,90.9,20.8,2,1.79
P-001048,2025-07-01,7,171.3,1.2,1,5,94.3,15.2,2,1.39
P-001048,2025-08-01,8,176.7,7.2,1,3,89.1,19.1,2,1.31
P-001048,2025-09-01,9,171.1,11.3,2,5,91.7,21.4,2,1.34
P-001048,2025-10-01,10,169.7,8.9,1,3,88.8,17.3,2,1.27
P-001048,2025-11-01,11,169.9,11.2,4,4,89.1,24.2,2,1.36
P-001048,2025-12-01,12,171.0,1.6,2,5,96.4,16.7,2,1.45
P-001049,2025-01-01,1,169.1,3.6,1,3,96.6,13.3,1,1.23
P-001049,2025-02-01,2,222.0,34.7,5,6,47.6,68.7,4,3.66
P-001049,2025-03-01,3,214.3,40.3,4,6,45.9,66.4,4,3.43
P-001049,2025-04-01,4,218.3,34.0,4,8,47.8,67.9,4,4.12
P-001049,2025-05-01,5,218.4,34.9,5,8,47.5,68.5,4,3.5
P-001049,2025-06-01,6,119.8,0.0,0,3,120.0,5.0,1,1.0
P-001049,2025-07-01,7,165.4,9.7,1,5,94.1,17.1,1,1.53
P-001049,2025-08-01,8,176.4,2.3,1,3,97.1,15.4,1,1.3
P-001049,2025-09-01,9,171.8,3.7,1,4,96.5,16.6,1,1.89
P-001049,2025-10-01,10,168.2,6.0,2,4,95.6,17.3,1,1.54
P-001049,2025-11-01,11,168.7,7.8,2,3,94.9,17.3,1,1.37
P-001049,2025-12-01,12,174.0,2.4,0,3,97.0,14.2,1,1.8
P-001050,2025-01-01,1,175.7,6.2,3,3,94.6,22.4,2,2.01
P-001050,2025-02-01,2,179.1,6.1,2,5,94.6,21.1,2,1.19
P-001050,2025-03-01,3,179.3,8.1,1,6,90.0,22.5,2,1.42
P-001050,2025-04-01,4,172.8,8.2,4,5,89.4,24.6,2,1.41
P-001050,2025-05-01,5,173.8,7.5,2,3,88.8,20.7,2,1.64
P-001050,2025-06-01,6,178.9,5.4,0,4,89.7,18.1,2,1.38
P-001050,2025-07-01,7,174.0,8.2,0,5,93.8,18.9,2,1.92
P-001050,2025-08-01,8,178.6,6.4,2,4,89.4,21.6,2,1.29
P-001050,2025-09-01,9,178.5,0.0,2,4,97.0,17.2,2,1.16
P-001050,2025-10-01,10,174.1,6.7,3,5,90.5,23.4,2,1.72
P-001050,2025-11-01,11,179.5,8.2,1,5,87.6,22.6,2,1.53
P-001050,2025-12-01,12,173.5,5.7,0,5,91.4,16.2,2,1.17
P-001051,2025-01-01,1,183.4,5.8,1,6,95.7,21.3,1,1.2
P-001051,2025-02-01,2,228.1,36.5,6,8,47.0,74.3,4,3.49
P-001051,2025-03-01,3,229.6,31.5,5,7,48.6,71.2,4,3.96
P-001051,2025-04-01,4,224.6,37.8,10,7,46.7,80.3,4,3.75
P-001051,2025-05-01,5,215.9,39.1,4,6,46.3,67.2,4,3.74
P-001051,2025-06-01,6,124.1,0.0,0,3,120.0,5.0,1,1.0
P-001051,2025-07-01,7,181.7,3.7,2,3,96.5,20.0,1,1.44
P-001051,2025-08-01,8,178.1,2.8,0,3,96.9,14.5,1,1.25
P-001051,2025-09-01,9,175.7,4.8,2,5,96.1,19.8,1,1.45
P-001051,2025-10-01,10,178.6,7.7,2,5,94.9,21.6,1,1.22
P-001051,2025-11-01,11,178.5,7.5,2,4,95.0,21.6,1,1.52
P-001051,2025-12-01,12,182.3,5.5,2,5,95.8,21.6,1,1.15
P-001052,2025-01-01,1,185.2,14.3,1,4,84.3,27.8,2,1.79
P-001052,2025-02-01,2,186.7,4.2,1,4,88.3,24.0,2,2.07
P-001052,2025-03-01,3,187.9,6.2,3,6,87.5,28.9,2,1.58
P-001052,2025-04-01,4,231.7,31.3,8,9,53.0,75.8,3,3.31
P-001052,2025-05-01,5,222.5,35.2,4,9,46.7,70.8,3,4.15
P-001052,2025-06-01,6,220.6,24.5,8,9,49.7,69.6,3,3.27
P-001052,2025-07-01,7,213.2,30.4,4,7,41.4,65.4,4,4.22
P-001052,2025-08-01,8,216.4,37.7,5,12,40.0,75.1,3,4.33
P-001052,2025-09-01,9,178.0,4.6,2,5,88.2,23.7,2,2.14
P-001052,2025-10-01,10,184.7,8.3,1,4,86.7,24.7,2,1.8
P-001052,2025-11-01,11,186.1,8.5,2,5,86.6,28.4,2,2.1
P-001052,2025-12-01,12,182.5,6.6,1,5,87.4,24.5,2,2.11
P-001053,2025-01-01,1,168.3,5.2,1,6,95.9,16.1,1,1.35
P-001053,2025-02-01,2,217.8,36.6,8,9,47.0,74.8,4,3.53
P-001053,2025-03-01,3,216.7,32.6,7,7,48.2,70.0,4,3.72
P-001053,2025-04-01,4,211.2,30.9,7,10,48.7,69.4,4,3.74
P-001053,2025-05-01,5,216.3,39.6,10,10,46.1,80.6,4,3.88
P-001053,2025-06-01,6,118.0,0.0,0,3,120.0,5.0,1,1.0
P-001053,2025-07-01,7,166.5,6.9,1,6,95.2,16.7,1,1.5
P-001053,2025-08-01,8,167.6,3.7,0,3,96.5,10.6,1,1.0
P-001053,2025-09-01,9,171.2,6.0,0,3,95.6,13.2,1,1.05
P-001053,2025-10-01,10,167.3,4.4,2,5,96.2,17.0,1,1.6
P-001053,2025-11-01,11,161.7,4.9,1,3,96.1,11.9,1,1.44
P-001053,2025-12-01,12,169.8,9.5,2,5,94.2,19.7,1,1.33
P-001054,2025-01-01,1,185.5,10.7,2,6,77.7,31.8,3,2.26
P-001054,2025-02-01,2,199.8,17.5,1,5,75.0,40.9,3,3.5
P-001054,2025-03-01,3,186.7,6.4,5,5,79.4,34.9,3,2.46
P-001054,2025-04-01,4,242.4,53.9,8,10,46.5,94.9,5,4.89
P-001054,2025-05-01,5,248.4,48.4,5,9,45.2,87.8,5,4.34
P-001054,2025-06-01,6,257.1,40.7,12,9,37.8,98.0,5,4.19
P-001054,2025-07-01,7,250.0,44.5,9,10,38.4,96.1,5,4.62
P-001054,2025-08-01,8,250.2,43.4,14,10,37.1,98.0,5,4.4
P-001054,2025-09-01,9,258.5,57.5,12,7,35.5,98.0,5,5.0
P-001054,2025-10-01,10,261.5,53.1,14,7,33.9,98.0,5,4.75
P-001054,2025-11-01,11,266.2,50.9,14,12,35.4,98.0,5,4.97
P-001054,2025-12-01,12,262.7,51.0,14,10,34.6,98.0,5,3.78
P-001055,2025-01-01,1,188.5,9.2,3,4,88.3,28.4,2,1.4
P-001055,2025-02-01,2,190.3,5.6,1,5,89.7,24.7,2,1.41
P-001055,2025-03-01,3,182.3,7.4,3,5,89.1,25.5,2,1.19
P-001055,2025-04-01,4,177.2,3.8,3,3,90.5,21.3,2,1.47
P-001055,2025-05-01,5,181.0,8.1,1,5,88.8,22.0,2,1.19
P-001055,2025-06-01,6,225.0,22.0,5,8,63.4,61.3,4,3.04
P-001055,2025-07-01,7,222.8,28.0,5,9,61.6,64.8,4,3.33
P-001055,2025-08-01,8,185.9,2.3,3,4,91.1,25.1,2,1.78
P-001055,2025-09-01,9,182.6,8.8,3,6,88.5,27.3,2,1.31
P-001055,2025-10-01,10,184.4,7.5,1,3,89.0,22.1,2,1.38
P-001055,2025-11-01,11,179.9,6.2,0,3,89.5,18.0,2,1.3
P-001055,2025-12-01,12,184.1,10.5,3,4,87.8,26.9,2,1.13
P-001056,2025-01-01,1,171.1,4.6,0,5,96.4,13.9,2,1.15
P-001056,2025-02-01,2,161.6,6.5,3,5,95.2,17.5,2,1.52
P-001056,2025-03-01,3,178.0,7.1,3,6,90.9,24.3,2,1.23
P-001056,2025-04-01,4,171.4,9.4,4,4,85.3,25.6,2,1.73
P-001056,2025-05-01,5,168.8,7.1,2,6,88.1,21.3,3,1.78
P-001056,2025-06-01,6,172.8,3.5,3,5,97.7,18.4,2,1.0
P-001056,2025-07-01,7,169.7,5.6,2,5,95.9,17.8,2,1.36
P-001056,2025-08-01,8,170.2,0.0,2,4,90.3,15.4,2,1.1
P-001056,2025-09-01,9,173.3,4.1,1,5,91.0,18.6,2,1.71
P-001056,2025-10-01,10,168.9,2.8,1,5,98.6,15.2,2,1.77
P-001056,2025-11-01,11,178.6,9.7,3,5,91.7,25.9,2,1.66
P-001056,2025-12-01,12,174.5,4.5,2,6,94.9,20.1,2,1.45
P-001057,2025-01-01,1,180.7,11.9,0,4,87.3,22.9,2,1.78
P-001057,2025-02-01,2,177.4,10.4,3,5,87.9,26.8,2,1.81
P-001057,2025-03-01,3,220.1,35.5,10,7,44.4,79.5,4,4.25
P-001057,2025-04-01,4,218.8,35.4,6,9,44.4,75.2,3,4.86
P-001057,2025-05-01,5,219.2,38.9,9,8,43.3,80.5,4,4.56
P-001057,2025-06-01,6,228.4,30.8,11,9,45.8,82.8,3,4.12
P-001057,2025-07-01,7,226.3,36.7,7,8,44.0,77.7,4,4.18
P-001057,2025-08-01,8,222.5,31.0,8,9,45.7,75.4,4,3.94
P-001057,2025-09-01,9,222.9,42.9,10,9,42.1,85.1,3,4.16
P-001057,2025-10-01,10,181.1,9.5,2,5,88.2,26.9,2,2.18
P-001057,2025-11-01,11,179.8,6.5,2,4,89.4,22.9,2,1.63
P-001057,2025-12-01,12,187.4,5.5,2,4,89.8,26.2,2,2.04
P-001058,2025-01-01,1,174.5,6.8,1,5,88.9,19.7,2,1.37
P-001058,2025-02-01,2,171.8,6.4,4,5,95.0,23.1,2,1.63
P-001058,2025-03-01,3,171.7,7.8,1,4,89.9,19.5,2,1.87
P-001058,2025-04-01,4,174.1,8.4,4,5,90.5,26.4,2,1.97
P-001058,2025-05-01,5,179.6,4.0,1,5,89.5,20.2,2,1.41
P-001058,2025-06-01,6,175.8,7.3,2,5,91.3,22.9,2,1.89
P-001058,2025-07-01,7,181.0,9.4,2,4,94.1,23.4,2,1.51
P-001058,2025-08-01,8,174.8,7.8,1,4,93.8,18.3,2,1.25
P-001058,2025-09-01,9,175.9,1.7,0,4,97.1,13.9,2,1.29
P-001058,2025-10-01,10,173.3,10.9,0,4,90.5,19.1,2,1.7
P-001058,2025-11-01,11,173.7,1.8,1,6,96.5,17.5,2,1.75
P-001058,2025-12-01,12,179.2,6.4,3,3,96.2,22.3,2,1.57
P-001059,2025-01-01,1,180.7,7.7,3,5,88.9,27.2,2,2.05
P-001059,2025-02-01,2,178.8,2.8,4,4,92.6,26.1,2,2.54
P-001059,2025-03-01,3,174.2,3.5,2,4,94.5,17.7,2,1.2
P-001059,2025-04-01,4,174.8,10.4,0,4,93.6,18.8,2,1.67
P-001059,2025-05-01,5,178.8,7.3,4,3,83.7,27.0,2,1.78
P-001059,2025-06-01,6,180.4,0.5,3,4,92.3,22.4,2,1.9
P-001059,2025-07-01,7,182.0,2.6,2,4,88.8,21.7,2,1.42
P-001059,2025-08-01,8,180.0,9.5,0,3,90.8,20.0,2,1.65
P-001059,2025-09-01,9,177.8,5.0,1,3,87.5,19.2,2,1.45
P-001059,2025-10-01,10,171.5,5.0,4,6,92.8,22.6,2,1.3
P-001059,2025-11-01,11,179.3,7.5,0,4,93.1,19.1,2,1.63
P-001059,2025-12-01,12,182.9,5.9,2,4,93.7,21.6,2,1.09
P-001060,2025-01-01,1,176.3,8.8,2,4,86.5,24.4,2,2.08
P-001060,2025-02-01,2,181.7,1.6,1,4,89.4,20.0,2,1.68
P-001060,2025-03-01,3,176.6,8.1,2,4,86.8,24.4,2,2.21
P-001060,2025-04-01,4,208.1,30.2,8,10,45.3,71.0,4,4.01
P-001060,2025-05-01,5,209.4,34.6,10,8,41.4,74.9,4,3.57
P-001060,2025-06-01,6,211.5,45.0,9,7,40.0,79.8,3,4.33
P-001060,2025-07-01,7,208.3,27.4,4,8,47.5,61.5,3,4.03
P-001060,2025-08-01,8,214.5,34.4,4,7,48.8,64.5,4,3.57
P-001060,2025-09-01,9,180.7,15.4,3,4,83.9,29.9,2,1.71
P-001060,2025-10-01,10,183.9,9.6,4,5,86.2,30.8,2,1.85
P-001060,2025-11-01,11,177.5,7.5,1,4,87.0,21.8,2,1.84
P-001060,2025-12-01,12,185.8,12.9,3,4,84.9,30.4,2,1.7
P-001061,2025-01-01,1,177.1,5.0,3,5,96.0,21.4,1,1.2
P-001061,2025-02-01,2,228.2,48.7,10,6,43.4,86.0,4,3.72
P-001061,2025-03-01,3,221.4,46.1,7,8,44.2,78.6,4,3.67
P-001061,2025-04-01,4,220.8,33.2,6,10,48.1,71.7,4,3.58
P-001061,2025-05-01,5,221.1,30.0,6,10,49.0,71.4,4,4.01
P-001061,2025-06-01,6,121.7,0.0,0,3,120.0,5.0,1,1.0
P-001061,2025-07-01,7,169.9,2.5,0,6,97.0,14.5,1,1.65
P-001061,2025-08-01,8,175.2,6.2,1,5,95.5,17.6,1,1.02
P-001061,2025-09-01,9,179.6,3.3,1,5,96.7,19.5,1,1.75
P-001061,2025-10-01,10,172.9,5.1,1,4,96.0,16.4,1,1.38
P-001061,2025-11-01,11,177.0,1.5,0,6,97.4,15.5,1,1.28
P-001061,2025-12-01,12,180.4,2.4,1,6,97.0,18.3,1,1.09
P-001062,2025-01-01,1,171.9,7.6,3,4,89.0,21.3,2,1.19
P-001062,2025-02-01,2,166.2,4.9,0,3,90.1,12.4,2,1.22
P-001062,2025-03-01,3,164.6,8.9,3,6,88.4,21.4,2,1.47
P-001062,2025-04-01,4,176.9,9.6,4,4,88.2,26.4,2,1.47
P-001062,2025-05-01,5,174.0,11.8,2,6,87.3,24.6,2,1.51
P-001062,2025-06-01,6,210.2,19.9,7,8,64.0,57.9,4,2.8
P-001062,2025-07-01,7,210.3,20.5,6,10,63.9,57.6,4,2.72
P-001062,2025-08-01,8,168.0,5.3,2,5,89.9,17.3,2,1.0
P-001062,2025-09-01,9,173.8,3.3,3,5,90.7,20.4,2,1.16
P-001062,2025-10-01,10,170.5,5.8,4,5,89.7,22.7,2,1.37
P-001062,2025-11-01,11,164.0,14.4,2,5,86.2,21.7,2,1.52
P-001062,2025-12-01,12,172.3,7.1,3,5,89.1,22.9,2,1.58
P-001063,2025-01-01,1,182.0,5.8,2,6,89.7,24.3,2,1.45
P-001063,2025-02-01,2,177.6,7.3,1,3,89.1,20.3,2,1.65
P-001063,2025-03-01,3,229.4,36.6,7,7,44.0,77.6,3,4.0
P-001063,2025-04-01,4,227.2,32.3,4,10,45.3,72.8,3,4.38
P-001063,2025-05-01,5,227.8,38.3,6,10,43.5,79.0,4,4.3
P-001063,2025-06-01,6,228.7,42.4,5,7,42.3,77.6,3,4.34
P-001063,2025-07-01,7,222.6,38.0,7,8,43.6,77.5,3,4.37
P-001063,2025-08-01,8,221.0,44.2,6,9,41.8,78.4,4,4.2
P-001063,2025-09-01,9,224.9,39.6,8,11,43.1,81.2,3,3.76
P-001063,2025-10-01,10,176.1,5.4,0,4,89.9,18.5,2,1.92
P-001063,2025-11-01,11,180.5,6.1,3,5,89.6,26.3,2,2.0
P-001063,2025-12-01,12,181.1,6.3,1,4,89.5,22.3,2,1.89
P-001064,2025-01-01,1,177.3,7.5,1,5,95.3,19.6,2,1.31
P-001064,2025-02-01,2,176.6,1.5,1,5,94.2,18.2,2,1.79
P-001064,2025-03-01,3,176.7,5.9,2,3,93.4,19.8,2,1.46
P-001064,2025-04-01,4,169.7,6.2,1,5,87.1,17.5,2,1.12
P-001064,2025-05-01,5,185.2,9.1,3,4,86.2,28.2,2,1.64
P-001064,2025-06-01,6,181.5,7.0,0,4,93.0,20.1,2,1.76
P-001064,2025-07-01,7,180.5,3.2,2,6,94.7,21.1,2,1.19
P-001064,2025-08-01,8,181.7,7.6,1,5,94.0,20.6,2,1.0
P-001064,2025-09-01,9,171.5,0.3,4,6,92.3,23.6,2,2.44
P-001064,2025-10-01,10,176.6,1.8,0,4,93.6,14.2,2,1.0
P-001064,2025-11-01,11,173.0,0.0,1,3,95.8,14.6,2,1.71
P-001064,2025-12-01,12,184.3,8.8,1,5,90.0,23.3,2,1.22
P-001065,2025-01-01,1,174.4,5.8,3,4,91.2,20.7,2,1.08
P-001065,2025-02-01,2,171.9,10.5,1,6,91.4,20.3,2,1.26
P-001065,2025-03-01,3,178.9,4.1,2,4,94.4,20.3,2,1.45
P-001065,2025-04-01,4,175.1,6.2,2,6,97.7,20.6,2,1.51
P-001065,2025-05-01,5,175.7,3.7,1,6,95.5,18.9,2,1.63
P-001065,2025-06-01,6,181.5,15.2,3,3,89.2,28.9,2,1.91
P-001065,2025-07-01,7,177.8,9.3,1,5,88.9,22.0,2,1.45
P-001065,2025-08-01,8,180.6,7.3,3,3,95.8,23.5,2,1.71
P-001065,2025-09-01,9,174.6,4.5,1,5,96.7,18.6,2,1.89
P-001065,2025-10-01,10,183.6,7.7,1,4,89.0,22.0,2,1.17
P-001065,2025-11-01,11,175.3,6.2,1,5,92.7,19.1,2,1.4
P-001065,2025-12-01,12,175.1,2.2,2,4,92.4,19.0,2,1.66
P-001066,2025-01-01,1,184.7,5.1,1,3,90.0,21.5,2,1.59
P-001066,2025-02-01,2,196.2,3.4,4,3,90.6,30.2,2,1.79
P-001066,2025-03-01,3,234.5,45.2,4,10,41.4,81.3,3,4.33
P-001066,2025-04-01,4,239.3,41.5,7,12,42.5,88.1,3,4.53
P-001066,2025-05-01,5,234.0,45.6,7,13,41.3,87.8,3,4.14
P-001066,2025-06-01,6,244.3,49.7,6,8,40.1,88.4,4,4.14
P-001066,2025-07-01,7,230.8,44.2,6,7,41.7,78.9,3,3.55
P-001066,2025-08-01,8,230.9,44.3,7,11,41.7,83.2,4,3.49
P-001066,2025-09-01,9,237.0,31.2,11,13,45.6,89.1,3,4.3
P-001066,2025-10-01,10,180.1,4.6,1,5,90.2,21.4,2,1.74
P-001066,2025-11-01,11,187.1,9.6,1,6,88.2,27.6,2,1.99
P-001066,2025-12-01,12,186.6,5.9,2,4,89.6,25.4,2,1.78
P-001067,2025-01-01,1,165.7,7.7,4,6,94.8,21.4,2,1.34
P-001067,2025-02-01,2,169.0,13.0,2,4,90.1,21.4,2,1.5
P-001067,2025-03-01,3,166.8,6.4,3,5,84.1,21.4,2,1.52
P-001067,2025-04-01,4,177.4,8.0,2,6,94.4,23.8,2,1.91
P-001067,2025-05-01,5,168.2,2.9,1,5,92.2,15.9,2,1.63
P-001067,2025-06-01,6,172.9,6.9,1,3,85.0,17.7,2,1.01
P-001067,2025-07-01,7,174.0,9.5,4,5,87.2,27.8,2,2.12
P-001067,2025-08-01,8,170.3,7.2,2,5,89.3,20.5,2,1.6
P-001067,2025-09-01,9,167.1,8.9,0,6,89.9,16.8,2,1.4
P-001067,2025-10-01,10,173.9,6.6,1,3,87.0,19.2,2,1.68
P-001067,2025-11-01,11,173.8,2.4,2,6,89.7,19.9,2,1.42
P-001067,2025-12-01,12,173.3,6.1,3,3,94.0,20.7,2,1.66
P-001068,2025-01-01,1,181.4,6.5,2,4,91.8,22.5,2,1.42
P-001068,2025-02-01,2,183.8,1.9,3,5,90.7,23.0,2,1.0
P-001068,2025-03-01,3,178.8,2.3,0,3,96.0,15.0,2,1.38
P-001068,2025-04-01,4,185.1,7.3,2,6,88.9,25.2,2,1.09
P-001068,2025-05-01,5,173.9,8.8,2,4,91.6,22.4,2,2.02
P-001068,2025-06-01,6,176.8,5.5,1,5,91.9,19.9,2,1.59
P-001068,2025-07-01,7,187.2,1.9,3,6,92.2,25.2,2,1.29
P-001068,2025-08-01,8,179.7,1.3,0,4,94.4,16.1,2,1.48
P-001068,2025-09-01,9,173.7,6.4,1,4,90.1,18.4,2,1.41
P-001068,2025-10-01,10,177.9,3.6,4,6,92.5,25.4,2,1.7
P-001068,2025-11-01,11,185.9,5.1,1,3,94.6,20.8,2,1.49
P-001068,2025-12-01,12,176.7,4.4,2,5,92.3,21.5,2,1.77
P-001069,2025-01-01,1,164.5,10.7,1,4,87.7,18.0,2,1.66
P-001069,2025-02-01,2,175.2,3.4,3,5,93.3,21.2,2,1.45
P-001069,2025-03-01,3,165.0,7.8,0,5,89.0,16.2,2,1.81
P-001069,2025-04-01,4,171.8,8.2,4,4,92.8,23.4,3,1.55
P-001069,2025-05-01,5,167.8,9.3,3,4,94.4,20.0,2,1.38
P-001069,2025-06-01,6,163.3,7.0,1,6,91.2,17.4,2,1.9
P-001069,2025-07-01,7,168.4,7.4,4,3,92.9,20.8,2,1.41
P-001069,2025-08-01,8,173.0,4.7,4,4,94.0,22.5,2,1.73
P-001069,2025-09-01,9,168.1,0.2,3,7,100.8,16.9,2,1.29
P-001069,2025-10-01,10,163.5,6.5,1,5,96.3,13.7,2,1.11
P-001069,2025-11-01,11,177.2,12.5,1,3,84.8,21.7,2,1.06
P-001069,2025-12-01,12,176.6,2.0,1,5,93.2,17.9,2,1.52
P-001070,2025-01-01,1,177.6,5.6,0,5,89.6,17.5,2,1.0
P-001070,2025-02-01,2,174.0,9.0,4,5,90.4,25.9,2,1.68
P-001070,2025-03-01,3,180.1,8.8,3,3,89.1,25.9,2,1.94
P-001070,2025-04-01,4,177.5,7.5,4,4,95.7,23.3,2,1.08
P-001070,2025-05-01,5,184.1,5.1,1,4,91.2,21.6,2,1.51
P-001070,2025-06-01,6,176.5,5.0,3,4,90.4,21.4,2,1.12
P-001070,2025-07-01,7,174.8,7.6,2,3,95.8,19.6,2,1.55
P-001070,2025-08-01,8,181.3,5.5,3,5,94.0,25.2,2,1.9
P-001070,2025-09-01,9,179.4,3.9,2,5,92.3,23.3,2,2.22
P-001070,2025-10-01,10,188.4,6.8,2,5,97.1,25.3,2,1.63
P-001070,2025-11-01,11,177.7,6.0,3,5,83.7,24.5,2,1.29
P-001070,2025-12-01,12,174.1,9.6,1,4,89.4,20.4,2,1.58
P-001071,2025-01-01,1,167.7,6.2,1,4,93.2,16.3,2,1.68
P-001071,2025-02-01,2,162.0,7.5,2,5,91.3,16.7,2,1.36
P-001071,2025-03-01,3,172.0,3.2,2,4,94.0,16.4,2,1.0
P-001071,2025-04-01,4,173.7,3.7,2,4,95.7,17.4,3,1.19
P-001071,2025-05-01,5,165.0,4.7,1,5,92.9,15.7,2,1.78
P-001071,2025-06-01,6,172.4,8.1,1,3,88.2,18.8,2,1.61
P-001071,2025-07-01,7,172.8,1.3,2,4,95.0,17.5,2,1.7
P-001071,2025-08-01,8,158.6,8.3,1,3,92.3,13.6,2,1.71
P-001071,2025-09-01,9,161.4,10.7,2,5,90.8,19.9,2,2.13
P-001071,2025-10-01,10,170.3,5.6,4,4,90.7,22.1,2,1.52
P-001071,2025-11-01,11,175.8,1.9,2,6,94.2,19.7,2,1.47
P-001071,2025-12-01,12,169.8,7.8,4,4,88.7,22.7,2,1.33
P-001072,2025-01-01,1,183.5,5.4,2,7,96.8,25.2,2,1.93
P-001072,2025-02-01,2,175.5,6.5,2,5,88.0,21.7,2,1.35
P-001072,2025-03-01,3,183.8,4.6,1,3,92.8,19.0,2,1.0
P-001072,2025-04-01,4,174.9,7.1,1,5,89.7,19.2,2,1.12
P-001072,2025-05-01,5,178.7,7.5,2,4,88.6,23.6,2,1.83
P-001072,2025-06-01,6,179.4,2.9,0,4,94.5,16.8,2,1.55
P-001072,2025-07-01,7,171.9,6.3,4,6,95.6,22.9,2,1.37
P-001072,2025-08-01,8,188.2,3.6,2,3,93.7,21.9,2,1.12
P-001072,2025-09-01,9,179.6,4.6,0,4,92.8,17.2,2,1.25
P-001072,2025-10-01,10,178.6,7.1,1,4,92.1,20.8,2,1.72
P-001072,2025-11-01,11,170.9,1.3,4,4,95.6,18.7,2,1.17
P-001072,2025-12-01,12,180.0,1.9,2,5,93.3,19.5,2,1.0
P-001073,2025-01-01,1,166.5,4.5,1,6,90.1,17.0,2,1.61
P-001073,2025-02-01,2,169.4,4.5,4,3,90.1,20.6,2,1.48
P-001073,2025-03-01,3,176.1,1.8,4,3,96.9,19.4,2,1.0
P-001073,2025-04-01,4,169.2,5.8,0,4,90.9,14.0,2,1.08
P-001073,2025-05-01,5,171.8,5.2,1,4,97.4,17.6,2,2.09
P-001073,2025-06-01,6,176.5,4.0,4,6,93.2,24.9,2,1.69
P-001073,2025-07-01,7,167.0,5.6,1,4,93.2,16.5,2,1.95
P-001073,2025-08-01,8,164.3,0.4,2,5,98.5,14.1,2,1.67
P-001073,2025-09-01,9,171.7,3.1,3,6,89.2,21.3,2,1.44
P-001073,2025-10-01,10,170.2,2.3,0,3,91.0,12.1,2,1.06
P-001073,2025-11-01,11,172.5,8.0,3,4,90.2,22.3,2,1.55
P-001073,2025-12-01,12,170.7,4.4,4,4,87.8,22.7,2,1.72
P-001074,2025-01-01,1,172.2,6.9,1,3,87.3,18.0,2,1.44
P-001074,2025-02-01,2,170.5,5.3,4,6,92.2,22.7,2,1.37
P-001074,2025-03-01,3,166.6,5.6,1,5,90.1,16.5,2,1.5
P-001074,2025-04-01,4,171.1,5.7,1,3,91.4,16.3,3,1.4
P-001074,2025-05-01,5,172.6,6.6,2,3,90.8,19.1,3,1.46
P-001074,2025-06-01,6,172.6,5.3,1,4,91.6,17.4,2,1.43
P-001074,2025-07-01,7,176.6,3.5,3,5,96.5,20.9,2,1.36
P-001074,2025-08-01,8,177.9,3.4,1,5,95.2,19.4,2,1.81
P-001074,2025-09-01,9,169.7,1.4,3,4,91.4,18.0,2,1.39
P-001074,2025-10-01,10,176.6,9.5,1,5,93.8,20.8,2,1.46
P-001074,2025-11-01,11,176.9,3.7,3,3,97.2,19.6,2,1.35
P-001074,2025-12-01,12,166.7,4.9,3,5,91.7,19.2,2,1.48
P-001075,2025-01-01,1,188.0,6.3,1,3,89.5,24.1,2,1.93
P-001075,2025-02-01,2,190.4,6.7,0,5,89.3,24.2,2,1.7
P-001075,2025-03-01,3,184.5,4.5,1,5,90.2,23.6,2,2.04
P-001075,2025-04-01,4,188.5,3.8,1,3,90.5,21.9,2,1.47
P-001075,2025-05-01,5,180.2,2.8,3,4,90.9,22.5,2,1.43
P-001075,2025-06-01,6,221.1,30.0,3,10,61.0,62.4,4,3.32
P-001075,2025-07-01,7,217.3,25.4,5,8,62.4,60.2,4,3.05
P-001075,2025-08-01,8,184.9,5.9,1,4,89.7,22.0,2,1.34
P-001075,2025-09-01,9,185.3,6.9,3,4,89.2,25.9,2,1.31
P-001075,2025-10-01,10,181.3,3.4,3,5,90.6,24.3,2,1.62
P-001075,2025-11-01,11,189.5,5.2,1,5,89.9,24.8,2,1.65
P-001075,2025-12-01,12,186.2,4.1,1,4,90.4,21.0,2,1.09
P-001076,2025-01-01,1,170.0,6.2,0,5,91.5,15.0,2,1.1
P-001076,2025-02-01,2,173.3,11.6,0,3,86.7,18.1,2,1.14
P-001076,2025-03-01,3,175.8,7.8,4,3,89.3,24.2,2,1.38
P-001076,2025-04-01,4,173.2,1.8,1,5,94.0,17.2,2,1.76
P-001076,2025-05-01,5,180.0,1.0,0,3,94.5,14.2,3,1.0
P-001076,2025-06-01,6,172.3,5.0,4,4,91.4,22.9,2,1.74
P-001076,2025-07-01,7,168.8,0.5,3,6,99.9,16.7,2,1.24
P-001076,2025-08-01,8,176.5,6.7,2,4,87.2,20.9,2,1.08
P-001076,2025-09-01,9,175.2,7.6,2,4,93.9,20.7,2,1.52
P-001076,2025-10-01,10,173.4,6.1,2,4,89.7,19.7,2,1.31
P-001076,2025-11-01,11,176.1,3.6,1,5,91.9,18.9,2,1.59
P-001076,2025-12-01,12,173.8,8.1,2,4,93.2,21.5,2,1.92
P-001077,2025-01-01,1,174.7,0.0,4,4,96.1,20.6,2,1.67
P-001077,2025-02-01,2,177.3,8.4,1,5,92.5,22.7,2,2.2
P-001077,2025-03-01,3,169.1,6.9,1,6,88.4,18.1,2,1.19
P-001077,2025-04-01,4,182.1,11.9,2,7,90.7,27.5,2,1.52
P-001077,2025-05-01,5,178.8,2.3,1,5,93.2,18.6,2,1.39
P-001077,2025-06-01,6,172.6,7.1,1,5,91.7,18.0,2,1.12
P-001077,2025-07-01,7,175.7,7.7,4,3,89.4,23.1,2,1.0
P-001077,2025-08-01,8,179.6,5.2,2,6,91.0,23.5,2,1.66
P-001077,2025-09-01,9,177.7,7.5,2,3,92.7,21.3,2,1.6
P-001077,2025-10-01,10,175.4,7.8,2,5,89.2,21.9,2,1.34
P-001077,2025-11-01,11,181.6,9.9,4,3,89.5,26.8,2,1.3
P-001077,2025-12-01,12,172.3,6.5,2,4,91.7,20.4,2,1.83
P-001078,2025-01-01,1,172.7,11.3,1,6,87.5,24.2,2,2.3
P-001078,2025-02-01,2,174.1,7.3,2,4,89.1,20.9,2,1.44
P-001078,2025-03-01,3,222.4,44.0,9,10,41.8,83.5,4,3.81
P-001078,2025-04-01,4,218.0,45.0,10,10,41.5,84.1,4,3.8
P-001078,2025-05-01,5,222.8,34.4,9,7,44.7,78.9,4,4.54
P-001078,2025-06-01,6,226.6,40.9,4,14,42.7,78.7,3,4.15
P-001078,2025-07-01,7,223.7,41.2,4,12,42.7,76.3,3,4.07
P-001078,2025-08-01,8,217.2,31.1,4,13,45.7,70.5,3,4.31
P-001078,2025-09-01,9,220.0,34.6,7,12,44.6,76.9,4,4.08
P-001078,2025-10-01,10,177.4,6.5,2,3,89.4,21.8,2,1.77
P-001078,2025-11-01,11,177.9,9.5,0,4,88.2,21.1,2,1.88
P-001078,2025-12-01,12,172.5,5.9,1,5,89.6,19.0,2,1.6
P-001079,2025-01-01,1,185.2,0.0,1,4,93.1,18.8,2,1.25
P-001079,2025-02-01,2,176.9,4.8,1,4,93.1,18.9,2,1.63
P-001079,2025-03-01,3,193.6,5.9,4,4,93.3,30.0,2,1.58
P-001079,2025-04-01,4,183.7,5.7,3,3,88.2,26.2,2,2.04
P-001079,2025-05-01,5,180.4,1.7,4,5,92.8,24.2,2,1.5
P-001079,2025-06-01,6,189.4,1.5,0,4,91.8,21.5,2,2.06
P-001079,2025-07-01,7,186.1,8.8,2,4,94.3,24.7,2,1.44
P-001079,2025-08-01,8,185.4,5.7,4,6,92.4,29.6,2,2.0
P-001079,2025-09-01,9,184.0,8.3,4,4,89.4,28.1,2,1.46
P-001079,2025-10-01,10,178.2,2.4,1,5,95.9,18.0,2,1.43
P-001079,2025-11-01,11,176.4,4.5,3,5,95.4,20.6,2,1.0
P-001079,2025-12-01,12,186.6,8.2,1,5,96.8,22.4,2,1.13
P-001080,2025-01-01,1,166.4,6.9,1,3,95.2,14.9,1,1.59
P-001080,2025-02-01,2,223.5,37.7,10,7,46.7,78.9,4,3.37
P-001080,2025-03-01,3,223.4,40.1,4,10,46.0,72.9,4,3.72
P-001080,2025-04-01,4,221.7,35.8,4,13,47.3,73.0,4,4.02
P-001080,2025-05-01,5,216.1,39.7,6,7,46.1,72.1,4,3.95
P-001080,2025-06-01,6,121.8,0.0,0,3,120.0,5.0,1,1.0
P-001080,2025-07-01,7,177.0,4.1,3,6,96.4,22.6,1,1.6
P-001080,2025-08-01,8,180.3,4.6,1,3,96.1,17.2,1,1.0
P-001080,2025-09-01,9,179.2,6.2,0,5,95.5,18.4,1,1.47
P-001080,2025-10-01,10,173.4,5.4,1,3,95.8,16.3,1,1.46
P-001080,2025-11-01,11,175.4,4.1,0,5,96.4,16.1,1,1.49
P-001080,2025-12-01,12,168.9,7.2,1,4,95.1,16.0,1,1.34
P-001081,2025-01-01,1,186.4,16.1,3,6,75.6,35.3,3,1.83
P-001081,2025-02-01,2,193.1,5.3,5,4,79.9,36.2,3,2.54
P-001081,2025-03-01,3,194.0,10.1,5,6,78.0,41.2,3,2.95
P-001081,2025-04-01,4,235.3,47.4,5,13,48.3,86.2,5,4.88
P-001081,2025-05-01,5,236.4,39.6,6,12,39.7,84.8,5,4.42
P-001081,2025-06-01,6,246.7,43.0,10,11,42.1,95.2,5,4.34
P-001081,2025-07-01,7,246.7,56.6,9,13,34.4,98.0,5,4.53
P-001081,2025-08-01,8,243.6,53.2,13,12,37.4,98.0,5,4.64
P-001081,2025-09-01,9,248.3,53.5,6,13,38.5,95.9,5,4.49
P-001081,2025-10-01,10,260.1,47.1,8,12,36.5,98.0,5,4.64
P-001081,2025-11-01,11,269.8,51.5,12,11,35.6,98.0,5,4.62
P-001081,2025-12-01,12,262.1,54.5,11,11,32.9,98.0,5,4.63
P-001082,2025-01-01,1,163.4,1.9,4,3,94.6,17.4,2,1.81
P-001082,2025-02-01,2,152.0,9.0,3,6,94.4,16.1,2,1.55
P-001082,2025-03-01,3,165.8,4.4,1,5,93.9,14.7,2,1.38
P-001082,2025-04-01,4,165.0,5.6,1,4,93.7,15.3,2,1.81
P-001082,2025-05-01,5,167.2,2.0,2,4,96.0,15.1,2,1.49
P-001082,2025-06-01,6,161.5,9.4,1,3,89.1,15.3,2,1.54
P-001082,2025-07-01,7,161.2,4.3,2,5,92.3,14.1,2,1.0
P-001082,2025-08-01,8,161.8,3.6,2,6,91.9,16.5,2,1.72
P-001082,2025-09-01,9,162.3,7.6,3,4,88.3,19.1,2,1.61
P-001082,2025-10-01,10,162.5,4.9,3,4,93.5,15.9,2,1.13
P-001082,2025-11-01,11,155.0,7.2,3,5,95.4,14.7,2,1.2
P-001082,2025-12-01,12,164.4,5.2,0,5,96.1,12.1,2,1.21
P-001083,2025-01-01,1,173.4,9.0,3,5,93.3,24.4,2,2.05
P-001083,2025-02-01,2,167.5,5.2,2,4,92.4,17.5,2,1.63
P-001083,2025-03-01,3,180.1,5.5,2,3,94.0,21.7,2,1.86
P-001083,2025-04-01,4,179.8,7.4,4,6,87.6,27.9,3,1.46
P-001083,2025-05-01,5,180.4,4.6,2,6,94.4,21.9,2,1.29
P-001083,2025-06-01,6,176.5,7.6,2,4,93.9,20.3,2,1.18
P-001083,2025-07-01,7,174.8,6.8,1,4,95.1,18.6,2,1.62
P-001083,2025-08-01,8,177.6,9.7,1,5,89.1,22.0,2,1.39
P-001083,2025-09-01,9,178.9,5.0,1,5,92.5,21.6,2,2.08
P-001083,2025-10-01,10,181.6,8.3,4,3,92.1,26.4,2,1.6
P-001083,2025-11-01,11,177.4,4.6,3,3,94.5,21.5,2,1.69
P-001083,2025-12-01,12,179.1,5.0,1,5,94.4,18.7,2,1.05
P-001084,2025-01-01,1,171.0,3.8,0,4,96.5,13.0,1,1.17
P-001084,2025-02-01,2,222.4,38.6,5,7,46.4,73.4,4,4.49
P-001084,2025-03-01,3,217.7,29.9,6,6,49.0,67.2,4,3.87
P-001084,2025-04-01,4,219.2,37.5,8,10,46.8,76.2,4,3.44
P-001084,2025-05-01,5,226.6,32.5,7,9,48.3,75.9,4,4.18
P-001084,2025-06-01,6,124.8,0.0,0,3,120.0,5.0,1,1.0
P-001084,2025-07-01,7,173.2,0.9,2,3,97.6,15.5,1,1.38
P-001084,2025-08-01,8,172.8,6.2,0,3,95.5,14.4,1,1.3
P-001084,2025-09-01,9,166.0,6.6,0,4,95.4,12.5,1,1.16
P-001084,2025-10-01,10,184.0,7.4,1,3,95.1,20.7,1,1.33
P-001084,2025-11-01,11,181.0,3.9,0,4,96.4,16.7,1,1.25
P-001084,2025-12-01,12,185.5,5.5,3,4,95.8,23.4,1,1.0
P-001085,2025-01-01,1,179.5,7.4,2,5,95.0,22.3,1,1.42
P-001085,2025-02-01,2,228.7,43.1,6,10,45.1,79.3,4,3.63
P-001085,2025-03-01,3,218.5,27.0,7,9,49.9,69.7,4,3.87
P-001085,2025-04-01,4,223.9,44.3,4,9,44.7,74.3,4,3.68
P-001085,2025-05-01,5,222.0,31.9,9,8,48.4,75.2,4,3.58
P-001085,2025-06-01,6,123.1,0.0,0,3,120.0,5.0,1,1.0
P-001085,2025-07-01,7,182.1,1.2,0,5,97.5,15.9,1,1.06
P-001085,2025-08-01,8,175.6,2.4,1,5,97.0,16.4,1,1.23
P-001085,2025-09-01,9,167.2,6.0,2,5,95.6,16.9,1,1.25
P-001085,2025-10-01,10,175.6,3.1,1,6,96.7,17.6,1,1.33
P-001085,2025-11-01,11,169.3,5.5,0,4,95.8,13.3,1,1.22
P-001085,2025-12-01,12,175.0,3.8,0,3,96.5,14.1,1,1.35
P-001086,2025-01-01,1,182.2,7.0,0,6,91.6,23.0,2,2.21
P-001086,2025-02-01,2,178.0,9.3,4,4,96.7,25.4,2,1.58
P-001086,2025-03-01,3,180.4,0.2,1,3,100.0,16.2,2,1.64
P-001086,2025-04-01,4,177.1,2.3,4,5,89.6,24.5,2,1.74
P-001086,2025-05-01,5,173.5,5.6,3,4,91.7,22.2,2,1.86
P-001086,2025-06-01,6,178.1,8.5,1,5,91.1,21.5,2,1.46
P-001086,2025-07-01,7,185.4,5.9,1,3,95.6,20.1,2,1.18
P-001086,2025-08-01,8,178.3,3.9,4,5,85.1,25.5,2,1.37
P-001086,2025-09-01,9,179.3,5.4,4,3,93.7,24.1,2,1.62
P-001086,2025-10-01,10,182.0,6.9,1,4,87.1,21.7,2,1.26
P-001086,2025-11-01,11,181.6,6.7,1,6,91.5,22.1,2,1.31
P-001086,2025-12-01,12,184.4,5.2,4,4,92.1,26.4,2,1.45
P-001087,2025-01-01,1,174.6,13.6,1,6,84.5,25.4,2,1.9
P-001087,2025-02-01,2,180.4,4.9,1,4,88.0,22.2,2,2.08
P-001087,2025-03-01,3,178.1,8.9,2,5,86.4,24.8,2,1.71
P-001087,2025-04-01,4,209.6,24.9,5,12,51.1,63.4,4,3.57
P-001087,2025-05-01,5,223.8,38.7,10,9,40.9,83.0,3,3.83
P-001087,2025-06-01,6,210.7,28.9,4,9,45.3,64.1,4,4.04
P-001087,2025-07-01,7,220.8,18.0,4,11,55.1,59.8,3,2.93
P-001087,2025-08-01,8,225.1,33.4,4,12,43.5,73.1,3,3.95
P-001087,2025-09-01,9,177.5,9.0,2,4,86.4,23.7,2,1.62
P-001087,2025-10-01,10,180.6,5.3,1,5,87.9,23.5,2,2.22
P-001087,2025-11-01,11,175.5,11.0,1,4,85.6,23.0,2,1.86
P-001087,2025-12-01,12,178.6,20.0,2,4,82.0,30.9,2,2.16
P-001088,2025-01-01,1,170.8,2.1,1,3,96.7,14.9,2,1.89
P-001088,2025-02-01,2,176.6,5.4,4,3,88.3,23.5,2,1.34
P-001088,2025-03-01,3,165.2,12.3,0,4,92.7,15.4,2,1.27
P-001088,2025-04-01,4,173.2,0.7,3,5,96.9,19.5,3,1.75
P-001088,2025-05-01,5,174.9,8.2,1,4,97.9,18.1,2,1.39
P-001088,2025-06-01,6,169.0,9.6,0,5,90.2,16.1,2,1.0
P-001088,2025-07-01,7,174.1,6.0,1,6,94.6,18.4,2,1.22
P-001088,2025-08-01,8,169.9,3.1,0,4,94.0,12.9,2,1.27
P-001088,2025-09-01,9,175.8,5.9,2,4,100.0,19.1,2,1.54
P-001088,2025-10-01,10,167.4,6.2,2,5,91.2,18.2,2,1.37
P-001088,2025-11-01,11,170.7,5.0,4,4,95.1,20.2,2,1.14
P-001088,2025-12-01,12,172.7,1.7,1,4,97.5,14.1,2,1.14
P-001089,2025-01-01,1,188.5,9.4,2,5,88.2,27.2,2,1.28
P-001089,2025-02-01,2,180.2,6.0,0,5,89.6,18.6,2,1.0
P-001089,2025-03-01,3,182.4,7.2,4,4,89.1,27.8,2,1.72
P-001089,2025-04-01,4,180.4,3.6,2,5,90.6,20.8,2,1.0
P-001089,2025-05-01,5,181.5,4.7,2,5,90.1,23.9,2,1.83
P-001089,2025-06-01,6,214.4,30.4,4,8,60.9,60.4,4,3.24
P-001089,2025-07-01,7,207.6,27.5,4,7,61.7,55.4,4,3.02
P-001089,2025-08-01,8,183.6,6.7,2,5,89.3,23.5,2,1.0
P-001089,2025-09-01,9,189.8,7.4,1,3,89.0,24.1,2,1.44
P-001089,2025-10-01,10,184.1,1.9,2,5,91.2,21.6,2,1.12
P-001089,2025-11-01,11,181.2,13.2,1,6,86.7,25.9,2,1.42
P-001089,2025-12-01,12,186.9,6.9,4,4,89.2,29.4,2,1.8
P-001090,2025-01-01,1,169.3,5.6,1,6,92.7,17.0,2,1.25
P-001090,2025-02-01,2,170.0,10.8,1,7,91.8,20.8,2,1.45
P-001090,2025-03-01,3,170.4,5.9,0,7,87.3,18.9,2,1.79
P-001090,2025-04-01,4,172.7,3.3,1,3,94.5,15.9,2,1.67
P-001090,2025-05-01,5,173.4,5.7,4,3,93.2,21.6,3,1.33
P-001090,2025-06-01,6,175.6,6.9,1,5,95.1,19.2,2,1.48
P-001090,2025-07-01,7,169.9,8.1,1,6,88.6,19.1,2,1.3
P-001090,2025-08-01,8,171.1,6.2,2,4,89.8,20.2,2,1.81
P-001090,2025-09-01,9,174.0,5.5,4,4,88.7,23.9,2,1.58
P-001090,2025-10-01,10,170.0,4.9,2,4,89.3,18.6,2,1.52
P-001090,2025-11-01,11,165.7,6.3,2,3,99.6,15.6,2,1.72
P-001090,2025-12-01,12,174.6,14.9,0,4,86.4,20.3,2,1.0
P-001091,2025-01-01,1,177.0,5.0,1,3,96.0,16.2,1,1.0
P-001091,2025-02-01,2,219.0,30.4,10,12,48.9,78.1,4,3.7
P-001091,2025-03-01,3,222.6,43.4,4,10,45.0,74.0,4,3.63
P-001091,2025-04-01,4,230.1,39.1,4,12,46.3,78.2,4,4.54
P-001091,2025-05-01,5,227.6,34.8,10,8,47.5,82.0,4,4.28
P-001091,2025-06-01,6,119.3,0.0,0,3,120.0,5.0,1,1.0
P-001091,2025-07-01,7,166.2,9.9,0,4,94.1,13.9,1,1.06
P-001091,2025-08-01,8,166.4,3.7,1,3,96.5,12.5,1,1.24
P-001091,2025-09-01,9,173.3,3.4,1,4,96.6,14.8,1,1.0
P-001091,2025-10-01,10,170.3,5.9,0,3,95.6,12.7,1,1.01
P-001091,2025-11-01,11,167.1,2.1,1,4,97.2,12.6,1,1.27
P-001091,2025-12-01,12,172.6,5.5,1,5,95.8,16.5,1,1.1
P-001092,2025-01-01,1,182.3,13.1,2,4,84.7,26.6,2,1.29
P-001092,2025-02-01,2,181.4,15.0,1,5,84.0,27.3,2,1.71
P-001092,2025-03-01,3,180.4,8.7,4,3,86.5,27.1,2,1.55
P-001092,2025-04-01,4,221.8,32.6,7,11,42.4,75.4,3,3.65
P-001092,2025-05-01,5,218.6,20.6,4,9,49.3,62.2,3,3.89
P-001092,2025-06-01,6,212.8,40.7,10,8,40.0,78.8,3,3.55
P-001092,2025-07-01,7,226.3,32.6,5,8,47.6,73.1,4,4.64
P-001092,2025-08-01,8,220.5,35.4,8,6,46.6,73.8,3,3.71
P-001092,2025-09-01,9,183.0,8.9,4,6,86.5,30.5,2,1.72
P-001092,2025-10-01,10,182.6,7.7,1,5,86.9,24.0,2,1.69
P-001092,2025-11-01,11,183.8,10.8,1,7,85.7,27.0,2,1.56
P-001092,2025-12-01,12,182.7,11.8,3,3,85.3,28.6,2,1.89
P-001093,2025-01-01,1,181.0,6.3,1,3,87.5,21.3,2,1.62
P-001093,2025-02-01,2,174.7,12.4,1,5,85.0,23.5,2,1.65
P-001093,2025-03-01,3,165.1,9.6,1,4,86.2,18.2,2,1.71
P-001093,2025-04-01,4,209.4,26.1,9,7,49.7,68.8,4,4.1
P-001093,2025-05-01,5,220.5,22.7,6,6,50.8,65.2,3,4.04
P-001093,2025-06-01,6,202.5,32.0,4,6,48.4,58.5,4,3.47
P-001093,2025-07-01,7,222.1,36.9,7,8,45.5,74.1,4,3.44
P-001093,2025-08-01,8,210.8,44.9,8,8,40.0,76.2,3,3.41
P-001093,2025-09-01,9,173.2,6.8,1,5,87.3,19.8,2,1.49
P-001093,2025-10-01,10,180.1,11.0,1,5,85.6,25.0,2,1.78
P-001093,2025-11-01,11,179.0,13.4,3,5,84.6,27.4,2,1.08
P-001093,2025-12-01,12,173.1,14.2,2,4,84.3,26.6,2,2.37
P-001094,2025-01-01,1,183.5,13.0,1,4,84.8,25.9,2,1.53
P-001094,2025-02-01,2,182.7,9.0,1,4,86.4,23.6,2,1.52
P-001094,2025-03-01,3,183.5,11.4,3,3,85.4,29.3,2,2.14
P-001094,2025-04-01,4,216.1,30.6,6,7,52.1,67.4,4,4.03
P-001094,2025-05-01,5,204.5,36.6,4,8,44.8,65.5,4,4.46
P-001094,2025-06-01,6,216.9,18.0,9,11,56.7,69.2,3,4.01
P-001094,2025-07-01,7,224.5,32.4,6,11,47.8,75.4,4,4.36
P-001094,2025-08-01,8,213.9,40.4,10,9,47.0,79.8,3,4.09
P-001094,2025-09-01,9,182.5,7.4,1,5,87.0,24.6,2,1.97
P-001094,2025-10-01,10,177.2,14.1,2,3,84.4,25.0,2,1.46
P-001094,2025-11-01,11,183.1,11.7,1,5,85.3,27.6,2,2.25
P-001094,2025-12-01,12,177.7,14.0,1,4,84.4,24.9,2,1.74
P-001095,2025-01-01,1,176.5,5.9,1,6,94.8,20.2,2,1.62
P-001095,2025-02-01,2,170.1,8.8,1,5,92.0,18.6,2,1.49
P-001095,2025-03-01,3,169.3,10.2,2,4,91.6,20.5,2,1.67
P-001095,2025-04-01,4,176.0,5.3,4,3,90.3,23.4,2,1.55
P-001095,2025-05-01,5,171.8,7.7,2,3,91.7,19.9,2,1.78
P-001095,2025-06-01,6,178.7,10.5,2,5,91.0,23.7,2,1.25
P-001095,2025-07-01,7,173.7,10.2,0,5,89.5,19.8,2,1.69
P-001095,2025-08-01,8,169.1,9.1,3,4,93.7,21.6,2,1.83
P-001095,2025-09-01,9,168.1,1.7,2,3,94.9,16.4,2,2.11
P-001095,2025-10-01,10,162.8,0.0,1,5,99.8,11.3,2,1.63
P-001095,2025-11-01,11,173.9,1.7,1,3,97.1,15.0,2,1.6
P-001095,2025-12-01,12,166.4,6.2,3,5,89.7,20.1,2,1.51
P-001096,2025-01-01,1,171.5,1.8,3,5,95.9,19.4,2,1.71
P-001096,2025-02-01,2,175.1,0.0,2,4,91.5,17.1,2,1.17
P-001096,2025-03-01,3,170.4,1.8,0,4,96.3,11.9,2,1.14
P-001096,2025-04-01,4,174.6,6.5,2,4,85.3,21.4,3,1.45
P-001096,2025-05-01,5,169.8,3.8,1,5,86.4,18.5,2,1.86
P-001096,2025-06-01,6,167.0,4.2,3,3,92.0,18.2,2,1.69
P-001096,2025-07-01,7,170.8,10.8,3,4,91.3,21.7,2,1.16
P-001096,2025-08-01,8,172.6,9.2,1,4,89.0,19.1,2,1.29
P-001096,2025-09-01,9,172.9,8.3,2,3,89.3,20.0,2,1.36
P-001096,2025-10-01,10,169.4,3.0,1,5,95.0,15.2,2,1.37
P-001096,2025-11-01,11,167.4,5.0,2,5,88.9,18.1,2,1.36
P-001096,2025-12-01,12,173.4,4.3,3,3,92.2,19.4,2,1.27
P-001097,2025-01-01,1,169.2,7.2,1,5,91.2,17.2,2,1.21
P-001097,2025-02-01,2,172.2,7.6,0,5,90.6,17.7,2,1.56
P-001097,2025-03-01,3,174.8,8.4,3,5,92.9,23.0,2,1.38
P-001097,2025-04-01,4,174.1,6.9,1,5,93.0,19.4,2,1.61
P-001097,2025-05-01,5,174.9,3.6,3,4,91.6,20.0,2,1.09
P-001097,2025-06-01,6,177.2,6.9,2,4,95.8,21.1,2,1.65
P-001097,2025-07-01,7,180.0,0.0,3,7,94.9,22.3,2,1.37
P-001097,2025-08-01,8,165.7,5.0,2,5,96.7,16.4,2,1.52
P-001097,2025-09-01,9,175.2,0.1,2,3,90.8,17.2,2,1.4
P-001097,2025-10-01,10,174.4,3.2,1,3,95.7,15.7,2,1.43
P-001097,2025-11-01,11,170.8,7.4,2,4,95.1,17.5,2,1.0
P-001097,2025-12-01,12,178.9,7.6,2,5,90.9,23.1,2,1.45
P-001098,2025-01-01,1,179.1,6.1,2,3,87.6,22.4,2,1.69
P-001098,2025-02-01,2,173.2,10.7,1,7,87.0,21.6,2,1.0
P-001098,2025-03-01,3,177.5,8.1,2,4,91.9,21.9,2,1.45
P-001098,2025-04-01,4,177.3,9.8,1,6,89.4,22.1,2,1.23
P-001098,2025-05-01,5,181.6,6.6,0,4,92.2,20.5,2,1.92
P-001098,2025-06-01,6,179.1,2.6,4,7,95.6,26.1,2,1.95
P-001098,2025-07-01,7,174.4,10.7,2,4,91.8,22.6,2,1.74
P-001098,2025-08-01,8,180.7,0.0,3,5,95.6,20.4,2,1.08
P-001098,2025-09-01,9,177.3,4.6,2,4,90.4,19.5,2,1.0
P-001098,2025-10-01,10,178.8,6.6,4,6,94.7,25.9,2,1.47
P-001098,2025-11-01,11,171.9,7.8,3,3,91.7,20.7,2,1.39
P-001098,2025-12-01,12,178.2,4.4,3,6,93.2,24.2,2,1.79
P-001099,2025-01-01,1,181.9,14.1,2,6,76.4,31.3,3,1.91
P-001099,2025-02-01,2,176.7,15.2,4,4,75.9,33.3,3,2.39
P-001099,2025-03-01,3,172.2,9.4,4,5,78.2,32.0,3,3.39
P-001099,2025-04-01,4,216.2,41.4,8,10,43.6,80.5,5,4.71
P-001099,2025-05-01,5,224.1,37.8,13,11,41.8,89.4,5,4.03
P-001099,2025-06-01,6,234.9,51.1,13,10,44.2,97.8,5,4.1
P-001099,2025-07-01,7,230.6,52.1,9,11,40.5,90.7,5,3.82
P-001099,2025-08-01,8,235.7,50.4,9,7,34.3,91.4,5,4.29
P-001099,2025-09-01,9,243.6,51.3,9,7,34.8,94.5,5,4.29
P-001099,2025-10-01,10,250.7,56.9,5,10,34.1,94.8,5,4.3
P-001099,2025-11-01,11,239.3,48.4,7,11,36.2,89.9,5,3.9
P-001099,2025-12-01,12,245.5,49.4,12,11,36.5,98.0,5,4.91
P-001100,2025-01-01,1,176.9,5.0,2,5,94.4,20.6,2,1.46
P-001100,2025-02-01,2,172.5,8.1,4,4,87.6,24.6,2,1.58
P-001100,2025-03-01,3,171.5,8.2,3,5,86.8,23.2,2,1.49
P-001100,2025-04-01,4,167.6,5.5,1,5,91.1,16.6,2,1.5
P-001100,2025-05-01,5,175.9,5.3,1,6,92.4,19.8,3,1.47
P-001100,2025-06-01,6,177.2,13.9,3,5,89.2,27.2,2,1.53
P-001100,2025-07-01,7,170.1,10.8,2,4,86.3,21.6,2,1.51
P-001100,2025-08-01,8,163.3,1.8,3,6,97.4,16.4,2,1.52
P-001100,2025-09-01,9,172.6,6.1,4,5,88.7,24.0,2,1.45
P-001100,2025-10-01,10,166.9,12.6,4,3,93.7,22.3,2,1.43
P-001100,2025-11-01,11,172.5,6.8,2,5,95.8,19.4,2,1.41
P-001100,2025-12-01,12,171.4,5.8,3,4,94.7,21.8,2,2.21
P-001101,2025-01-01,1,174.2,2.1,1,6,100.0,15.3,2,1.0
P-001101,2025-02-01,2,177.0,7.1,2,5,92.6,22.6,2,1.74
P-001101,2025-03-01,3,189.0,2.6,4,6,99.8,26.5,2,1.34
P-001101,2025-04-01,4,176.5,5.4,3,5,90.3,23.7,2,1.71
P-001101,2025-05-01,5,185.4,8.6,4,3,86.3,29.4,2,1.8
P-001101,2025-06-01,6,180.4,7.1,2,4,90.0,23.2,2,1.61
P-001101,2025-07-01,7,173.0,6.4,3,4,96.4,20.0,2,1.29
P-001101,2025-08-01,8,184.4,5.7,0,5,93.3,19.3,2,1.02
P-001101,2025-09-01,9,174.6,3.1,3,4,84.1,21.4,2,1.24
P-001101,2025-10-01,10,181.2,2.4,2,6,92.1,22.1,2,1.44
P-001101,2025-11-01,11,191.1,4.0,0,5,92.9,22.9,2,1.75
P-001101,2025-12-01,12,181.0,7.8,1,3,88.9,20.4,2,1.11
P-001102,2025-01-01,1,189.0,3.8,0,4,90.5,22.6,2,2.05
P-001102,2025-02-01,2,179.2,7.8,3,4,88.9,24.9,2,1.56
P-001102,2025-03-01,3,184.7,8.5,0,4,88.6,21.9,2,1.46
P-001102,2025-04-01,4,176.2,5.1,1,5,90.0,19.9,2,1.6
P-001102,2025-05-01,5,185.6,6.3,3,4,89.5,25.0,2,1.0
P-001102,2025-06-01,6,222.5,20.2,4,7,63.9,57.5,4,3.14
P-001102,2025-07-01,7,219.3,29.5,3,7,61.1,57.6,4,2.55
P-001102,2025-08-01,8,174.3,9.1,2,4,88.4,21.7,2,1.41
P-001102,2025-09-01,9,182.3,7.6,0,5,89.0,20.2,2,1.05
P-001102,2025-10-01,10,182.1,10.2,2,4,87.9,26.6,2,2.06
P-001102,2025-11-01,11,173.0,2.5,0,4,91.0,15.0,2,1.53
P-001102,2025-12-01,12,184.7,7.3,1,4,89.1,22.4,2,1.22
P-001103,2025-01-01,1,175.3,1.1,1,4,97.5,14.4,1,1.0
P-001103,2025-02-01,2,223.0,34.1,4,12,47.8,72.1,4,4.08
P-001103,2025-03-01,3,218.2,38.8,4,12,46.4,73.0,4,4.21
P-001103,2025-04-01,4,224.4,36.1,6,10,47.2,75.6,4,4.07
P-001103,2025-05-01,5,218.8,39.1,5,8,46.3,71.2,4,3.75
P-001103,2025-06-01,6,125.8,0.0,0,3,120.0,5.0,1,1.0
P-001103,2025-07-01,7,169.3,6.5,1,4,95.4,16.6,1,1.67
P-001103,2025-08-01,8,177.7,4.7,2,5,96.1,20.0,1,1.25
P-001103,2025-09-01,9,184.6,6.5,0,6,95.4,20.5,1,1.23
P-001103,2025-10-01,10,181.4,5.8,1,4,95.7,19.9,1,1.44
P-001103,2025-11-01,11,178.6,3.8,0,4,96.5,16.3,1,1.45
P-001103,2025-12-01,12,183.3,5.0,0,4,96.0,18.4,1,1.39
P-001104,2025-01-01,1,173.9,5.1,2,5,96.0,19.7,1,1.61
P-001104,2025-02-01,2,222.5,34.9,8,9,47.5,73.2,4,2.52
P-001104,2025-03-01,3,231.9,33.3,5,9,48.0,75.8,4,4.55
P-001104,2025-04-01,4,225.5,36.6,5,10,47.0,73.4,4,3.63
P-001104,2025-05-01,5,228.7,26.9,5,11,49.9,71.3,4,3.9
P-001104,2025-06-01,6,123.1,0.0,0,3,120.0,5.0,1,1.0
P-001104,2025-07-01,7,171.9,6.6,1,3,95.4,15.2,1,1.0
P-001104,2025-08-01,8,173.3,4.4,1,4,96.2,15.8,1,1.2
P-001104,2025-09-01,9,173.3,2.4,2,4,97.0,17.3,1,1.52
P-001104,2025-10-01,10,173.9,4.7,1,3,96.1,15.1,1,1.08
P-001104,2025-11-01,11,181.0,7.9,3,4,94.9,24.1,1,1.42
P-001104,2025-12-01,12,176.2,4.3,1,4,96.3,17.2,1,1.36
P-001105,2025-01-01,1,177.0,5.7,1,3,89.7,18.7,2,1.39
P-001105,2025-02-01,2,176.5,1.6,4,5,91.4,23.6,2,1.7
P-001105,2025-03-01,3,183.4,6.0,1,5,89.6,23.9,2,2.0
P-001105,2025-04-01,4,177.7,11.7,3,4,87.3,26.2,2,1.53
P-001105,2025-05-01,5,181.1,4.2,1,4,90.3,19.4,2,1.13
P-001105,2025-06-01,6,222.5,33.1,4,6,60.1,62.7,4,3.05
P-001105,2025-07-01,7,214.1,25.2,7,8,62.4,61.6,4,2.77
P-001105,2025-08-01,8,174.6,8.1,1,5,88.7,20.8,2,1.58
P-001105,2025-09-01,9,188.2,13.1,1,5,86.8,27.2,2,1.27
P-001105,2025-10-01,10,178.9,9.2,0,5,88.3,19.7,2,1.0
P-001105,2025-11-01,11,172.6,5.3,0,4,89.9,15.3,2,1.12
P-001105,2025-12-01,12,180.2,6.6,0,3,89.4,19.7,2,1.86
P-001106,2025-01-01,1,179.9,5.6,4,4,90.6,25.0,2,1.35
P-001106,2025-02-01,2,179.3,4.0,3,6,97.2,22.8,2,1.43
P-001106,2025-03-01,3,182.4,7.4,1,4,92.6,20.7,2,1.12
P-001106,2025-04-01,4,184.6,10.0,0,5,89.3,22.5,2,1.26
P-001106,2025-05-01,5,187.0,5.9,2,4,88.6,24.8,3,1.4
P-001106,2025-06-01,6,176.8,3.9,3,6,94.5,22.8,2,1.61
P-001106,2025-07-01,7,173.4,2.4,4,5,94.4,21.2,2,1.27
P-001106,2025-08-01,8,183.1,5.0,1,4,90.7,21.2,2,1.47
P-001106,2025-09-01,9,179.5,7.1,1,5,88.9,21.3,2,1.27
P-001106,2025-10-01,10,182.9,10.6,4,4,84.0,29.8,2,1.49
P-001106,2025-11-01,11,188.1,3.4,2,5,94.1,24.4,2,1.64
P-001106,2025-12-01,12,176.5,7.5,2,3,89.2,22.3,2,1.93
P-001107,2025-01-01,1,180.2,10.8,2,4,88.4,25.1,2,1.66
P-001107,2025-02-01,2,174.1,3.4,3,3,97.3,19.8,2,1.87
P-001107,2025-03-01,3,172.4,3.8,1,3,92.6,15.7,2,1.37
P-001107,2025-04-01,4,186.9,7.1,2,4,91.8,24.2,2,1.2
P-001107,2025-05-01,5,175.1,8.1,2,5,96.3,20.8,3,1.44
P-001107,2025-06-01,6,175.9,3.9,1,4,95.3,17.3,2,1.47
P-001107,2025-07-01,7,164.6,10.7,0,6,92.7,15.4,2,1.09
P-001107,2025-08-01,8,176.6,6.1,3,4,92.8,22.7,2,1.62
P-001107,2025-09-01,9,169.3,2.7,3,4,94.7,20.4,2,2.42
P-001107,2025-10-01,10,179.1,4.9,2,5,89.7,21.9,2,1.33
P-001107,2025-11-01,11,170.3,9.8,4,4,89.3,22.8,2,1.0
P-001107,2025-12-01,12,167.0,5.7,1,4,91.5,16.1,2,1.62
P-001108,2025-01-01,1,189.7,7.1,1,3,89.2,25.2,2,1.99
P-001108,2025-02-01,2,186.0,6.2,2,5,89.5,26.2,2,1.85
P-001108,2025-03-01,3,224.8,38.4,4,10,43.5,74.7,4,4.32
P-001108,2025-04-01,4,220.3,41.2,9,12,42.6,83.9,4,4.22
P-001108,2025-05-01,5,220.4,47.8,7,11,40.7,82.5,3,4.03
P-001108,2025-06-01,6,226.2,33.0,7,8,45.1,75.4,4,3.96
P-001108,2025-07-01,7,219.9,40.3,5,11,42.9,75.6,4,4.09
P-001108,2025-08-01,8,222.1,27.8,9,7,46.6,75.3,3,4.4
P-001108,2025-09-01,9,227.9,40.3,10,12,42.9,85.8,4,3.45
P-001108,2025-10-01,10,180.1,6.2,4,6,89.5,28.4,2,1.95
P-001108,2025-11-01,11,171.3,10.7,3,3,87.7,22.3,2,1.32
P-001108,2025-12-01,12,175.3,16.4,2,5,85.4,27.3,2,1.78
P-001109,2025-01-01,1,184.9,11.4,0,4,87.4,23.6,2,1.55
P-001109,2025-02-01,2,194.1,8.1,1,4,88.8,26.8,2,1.53
P-001109,2025-03-01,3,233.9,37.6,11,14,43.7,90.8,3,3.93
P-001109,2025-04-01,4,225.1,31.8,8,11,45.5,78.2,4,3.99
P-001109,2025-05-01,5,232.1,40.9,6,8,42.7,79.1,4,3.8
P-001109,2025-06-01,6,232.3,39.7,6,7,43.1,78.1,4,3.86
P-001109,2025-07-01,7,239.2,35.6,11,10,44.3,90.0,3,4.31
P-001109,2025-08-01,8,230.5,45.8,11,12,41.3,92.6,3,4.1
P-001109,2025-09-01,9,233.3,39.4,7,7,43.2,81.2,3,4.36
P-001109,2025-10-01,10,181.1,4.4,1,5,90.2,21.9,2,1.83
P-001109,2025-11-01,11,188.2,5.7,1,5,89.7,25.7,2,2.12
P-001109,2025-12-01,12,188.0,7.0,0,5,89.2,22.9,2,1.44
P-001110,2025-01-01,1,158.5,4.7,1,5,90.4,12.6,2,1.24
P-001110,2025-02-01,2,173.1,10.2,3,4,87.9,24.5,2,1.78
P-001110,2025-03-01,3,163.0,9.9,1,4,90.8,16.4,2,1.55
P-001110,2025-04-01,4,159.8,4.9,1,4,92.5,12.5,2,1.4
P-001110,2025-05-01,5,167.3,9.3,2,6,92.2,20.8,3,1.72
P-001110,2025-06-01,6,161.1,3.8,2,5,96.3,13.4,2,1.14
P-001110,2025-07-01,7,169.6,10.4,0,4,87.8,17.5,2,1.45
P-001110,2025-08-01,8,167.4,1.4,2,5,98.3,15.0,2,1.45
P-001110,2025-09-01,9,170.7,3.4,3,4,96.7,18.1,2,1.38
P-001110,2025-10-01,10,168.5,3.4,2,5,98.0,16.5,2,1.55
P-001110,2025-11-01,11,168.0,12.2,3,4,85.3,22.7,2,1.28
P-001110,2025-12-01,12,165.5,10.0,2,4,87.3,18.9,2,1.26
P-001111,2025-01-01,1,189.2,14.1,4,7,76.3,38.5,3,2.17
P-001111,2025-02-01,2,173.5,16.9,4,6,75.3,36.7,3,3.35
P-001111,2025-03-01,3,195.9,15.3,5,5,75.9,43.5,3,2.85
P-001111,2025-04-01,4,238.2,39.9,8,10,42.4,87.2,5,4.45
P-001111,2025-05-01,5,238.9,40.1,8,10,40.7,88.0,5,4.53
P-001111,2025-06-01,6,236.6,40.8,10,8,42.9,88.3,5,4.2
P-001111,2025-07-01,7,243.0,52.6,11,9,43.7,98.0,5,4.63
P-001111,2025-08-01,8,256.7,50.3,10,11,37.3,98.0,5,4.3
P-001111,2025-09-01,9,254.3,52.7,8,7,42.4,96.2,5,4.47
P-001111,2025-10-01,10,253.7,64.4,10,9,41.0,98.0,5,4.45
P-001111,2025-11-01,11,260.6,54.0,7,10,36.9,98.0,5,4.68
P-001111,2025-12-01,12,256.9,56.4,12,7,34.8,98.0,5,4.79
P-001112,2025-01-01,1,174.2,9.8,3,4,88.8,22.9,2,1.12
P-001112,2025-02-01,2,175.1,2.5,3,5,89.6,20.4,2,1.01
P-001112,2025-03-01,3,180.0,11.6,2,4,87.0,26.2,2,1.85
P-001112,2025-04-01,4,176.8,6.3,2,6,93.9,21.1,2,1.16
P-001112,2025-05-01,5,182.8,4.9,2,3,95.8,21.6,2,1.66
P-001112,2025-06-01,6,178.9,5.5,2,6,87.8,22.8,2,1.19
P-001112,2025-07-01,7,178.5,2.3,0,3,91.4,16.9,2,1.86
P-001112,2025-08-01,8,178.7,11.3,1,3,86.5,22.6,2,1.56
P-001112,2025-09-01,9,169.4,3.8,1,3,94.3,13.9,2,1.22
P-001112,2025-10-01,10,170.4,6.0,1,5,87.5,19.6,2,1.94
P-001112,2025-11-01,11,170.5,5.7,4,4,92.0,21.4,2,1.33
P-001112,2025-12-01,12,177.9,5.1,3,6,92.2,24.0,2,1.57
P-001113,2025-01-01,1,172.7,3.2,3,3,92.1,19.1,2,1.47
P-001113,2025-02-01,2,177.6,3.0,1,5,94.9,17.6,2,1.21
P-001113,2025-03-01,3,175.6,8.9,1,5,94.5,20.6,2,1.65
P-001113,2025-04-01,4,179.2,2.6,3,5,96.7,20.5,2,1.0
P-001113,2025-05-01,5,170.7,6.7,3,7,92.6,22.4,2,1.45
P-001113,2025-06-01,6,171.1,3.9,0,4,90.7,14.9,2,1.48
P-001113,2025-07-01,7,174.2,6.6,4,4,86.8,24.4,2,1.45
P-001113,2025-08-01,8,170.7,5.9,2,7,92.2,20.6,2,1.46
P-001113,2025-09-01,9,174.2,0.0,2,5,96.1,16.4,2,1.12
P-001113,2025-10-01,10,179.1,5.6,1,5,88.7,21.1,2,1.47
P-001113,2025-11-01,11,175.0,6.8,3,5,92.5,21.6,2,1.0
P-001113,2025-12-01,12,181.2,4.7,1,6,87.8,22.0,2,1.36
P-001114,2025-01-01,1,175.9,13.3,1,4,84.7,23.5,2,1.56
P-001114,2025-02-01,2,179.6,18.2,2,6,82.7,31.6,2,2.15
P-001114,2025-03-01,3,179.2,16.3,4,6,83.5,32.9,2,1.73
P-001114,2025-04-01,4,201.3,44.9,9,9,43.5,76.5,4,4.19
P-001114,2025-05-01,5,209.8,35.3,6,9,47.0,68.2,4,3.54
P-001114,2025-06-01,6,214.1,33.2,4,11,44.4,68.7,4,4.1
P-001114,2025-07-01,7,219.7,24.5,6,10,58.7,65.8,4,3.59
P-001114,2025-08-01,8,203.3,29.2,7,11,45.8,66.7,3,3.58
P-001114,2025-09-01,9,180.5,15.2,2,4,83.9,27.7,2,1.57
P-001114,2025-10-01,10,180.3,9.9,1,4,86.0,22.2,2,1.1
P-001114,2025-11-01,11,172.2,6.4,1,4,87.4,18.8,2,1.55
P-001114,2025-12-01,12,181.4,12.0,1,4,85.2,23.6,2,1.11
P-001115,2025-01-01,1,175.6,7.1,4,4,87.2,24.5,2,1.23
P-001115,2025-02-01,2,177.4,11.6,4,5,85.4,29.3,2,1.74
P-001115,2025-03-01,3,183.0,14.9,1,3,84.1,27.0,2,1.93
P-001115,2025-04-01,4,217.6,35.2,7,11,43.5,77.0,3,4.54
P-001115,2025-05-01,5,211.0,35.3,6,7,43.9,68.6,3,3.84
P-001115,2025-06-01,6,210.6,27.6,9,7,51.9,68.2,3,3.63
P-001115,2025-07-01,7,202.9,25.5,7,9,49.9,63.9,4,3.96
P-001115,2025-08-01,8,220.7,33.2,4,9,44.5,70.0,3,4.22
P-001115,2025-09-01,9,180.5,13.5,3,3,84.6,28.4,2,1.78
P-001115,2025-10-01,10,182.8,10.6,4,4,85.8,31.3,2,2.25
P-001115,2025-11-01,11,187.0,7.5,3,4,87.0,29.4,2,2.17
P-001115,2025-12-01,12,181.3,1.9,2,5,89.2,22.5,2,1.74
P-001116,2025-01-01,1,183.0,8.6,2,4,86.5,26.0,2,1.81
P-001116,2025-02-01,2,186.1,5.9,4,5,87.6,29.4,2,1.67
P-001116,2025-03-01,3,190.7,9.4,4,6,86.2,34.0,2,1.93
P-001116,2025-04-01,4,237.4,31.7,4,9,50.1,74.2,3,4.25
P-001116,2025-05-01,5,221.5,38.7,8,11,51.7,77.7,4,3.65
P-001116,2025-06-01,6,214.7,18.9,9,9,51.8,67.2,4,3.58
P-001116,2025-07-01,7,208.4,34.1,4,11,44.0,66.1,4,3.67
P-001116,2025-08-01,8,211.7,35.3,4,9,41.5,65.0,3,2.91
P-001116,2025-09-01,9,184.2,9.5,3,4,86.2,28.1,2,1.66
P-001116,2025-10-01,10,182.8,9.5,3,3,86.2,27.6,2,1.94
P-001116,2025-11-01,11,183.6,11.4,1,5,85.5,26.4,2,1.78
P-001116,2025-12-01,12,185.4,9.4,2,4,86.3,26.0,2,1.36
P-001117,2025-01-01,1,174.2,7.9,2,6,91.8,22.6,2,1.68
P-001117,2025-02-01,2,166.4,6.0,3,3,90.1,18.4,2,1.41
P-001117,2025-03-01,3,173.3,5.2,0,6,93.8,15.9,2,1.07
P-001117,2025-04-01,4,171.1,8.1,1,5,88.1,20.4,2,1.86
P-001117,2025-05-01,5,175.3,6.0,2,5,96.7,20.0,2,1.45
P-001117,2025-06-01,6,172.6,5.4,2,6,83.5,21.6,2,1.31
P-001117,2025-07-01,7,176.1,9.0,1,6,89.7,21.2,2,1.17
P-001117,2025-08-01,8,172.3,8.9,1,5,93.1,19.6,2,1.64
P-001117,2025-09-01,9,173.4,8.1,0,4,93.2,18.2,2,1.97
P-001117,2025-10-01,10,180.6,10.1,0,4,87.5,21.9,2,1.68
P-001117,2025-11-01,11,173.2,10.5,1,6,90.7,20.5,2,1.12
P-001117,2025-12-01,12,163.2,3.3,1,5,93.5,14.4,2,1.75
P-001118,2025-01-01,1,166.8,3.9,1,5,96.5,13.8,1,1.17
P-001118,2025-02-01,2,220.8,36.6,6,9,47.0,75.0,4,4.5
P-001118,2025-03-01,3,215.8,38.8,6,9,46.4,71.6,4,3.43
P-001118,2025-04-01,4,218.0,30.4,5,9,48.9,67.5,4,3.77
P-001118,2025-05-01,5,218.9,30.3,6,7,48.9,68.0,4,3.69
P-001118,2025-06-01,6,116.5,0.0,0,3,120.0,5.0,1,1.0
P-001118,2025-07-01,7,170.2,5.7,0,5,95.7,14.2,1,1.16
P-001118,2025-08-01,8,169.3,5.9,2,3,95.6,16.0,1,1.17
P-001118,2025-09-01,9,171.0,3.4,1,5,96.6,15.3,1,1.27
P-001118,2025-10-01,10,166.7,5.4,0,5,95.8,14.1,1,1.63
P-001118,2025-11-01,11,174.7,2.4,2,5,97.0,18.1,1,1.39
P-001118,2025-12-01,12,169.5,6.5,2,4,95.4,17.3,1,1.26
P-001119,2025-01-01,1,178.6,8.1,1,4,91.4,21.8,2,1.86
P-001119,2025-02-01,2,170.1,7.7,2,4,89.1,20.5,2,1.77
P-001119,2025-03-01,3,178.3,4.2,2,5,91.7,21.3,2,1.45
P-001119,2025-04-01,4,169.8,4.5,1,3,89.6,14.9,2,1.08
P-001119,2025-05-01,5,177.7,5.1,1,5,99.6,19.8,2,2.05
P-001119,2025-06-01,6,173.9,8.1,3,5,90.3,23.4,2,1.51
P-001119,2025-07-01,7,184.0,4.3,3,4,89.2,23.9,2,1.12
P-001119,2025-08-01,8,182.0,3.7,3,4,93.8,22.3,2,1.18
P-001119,2025-09-01,9,180.4,4.0,1,3,88.7,19.0,2,1.28
P-001119,2025-10-01,10,177.2,8.2,4,5,85.6,28.0,2,1.84
P-001119,2025-11-01,11,178.9,3.0,0,3,92.7,16.3,2,1.53
P-001119,2025-12-01,12,178.9,7.1,1,5,91.3,21.1,2,1.46
P-001120,2025-01-01,1,172.2,5.9,1,4,87.8,18.8,2,1.66
P-001120,2025-02-01,2,163.4,3.8,2,6,93.0,15.8,2,1.25
P-001120,2025-03-01,3,166.8,0.0,0,4,97.7,10.7,2,1.57
P-001120,2025-04-01,4,170.9,6.1,3,3,97.4,18.0,2,1.18
P-001120,2025-05-01,5,161.1,10.7,4,5,91.5,20.2,2,1.0
P-001120,2025-06-01,6,163.4,9.9,4,3,86.1,21.2,2,1.34
P-001120,2025-07-01,7,170.8,6.2,3,3,90.6,21.4,2,2.02
P-001120,2025-08-01,8,166.9,3.7,1,3,92.8,13.4,2,1.29
P-001120,2025-09-01,9,168.9,3.7,4,4,91.3,20.6,2,1.51
P-001120,2025-10-01,10,166.4,4.6,0,5,92.6,15.2,2,2.01
P-001120,2025-11-01,11,166.2,4.9,3,3,95.2,16.5,2,1.25
P-001120,2025-12-01,12,166.0,2.2,4,3,95.6,17.6,2,1.55
P-001121,2025-01-01,1,172.0,4.4,2,6,96.2,18.8,1,1.38
P-001121,2025-02-01,2,225.7,38.5,10,7,46.5,81.7,4,4.01
P-001121,2025-03-01,3,231.2,31.6,10,6,48.5,78.7,4,3.61
P-001121,2025-04-01,4,225.5,35.5,6,10,47.4,75.3,4,3.91
P-001121,2025-05-01,5,224.9,35.4,5,7,47.4,72.5,4,4.36
P-001121,2025-06-01,6,122.4,0.0,0,3,120.0,5.0,1,1.0
P-001121,2025-07-01,7,169.7,8.5,0,6,94.6,15.7,1,1.0
P-001121,2025-08-01,8,170.7,5.5,1,5,95.8,16.3,1,1.28
P-001121,2025-09-01,9,175.3,4.7,1,5,96.1,18.0,1,1.46
P-001121,2025-10-01,10,172.5,7.2,0,4,95.1,16.1,1,1.55
P-001121,2025-11-01,11,177.2,6.5,2,5,95.4,20.4,1,1.15
P-001121,2025-12-01,12,170.6,3.6,0,4,96.5,13.1,1,1.33
P-001122,2025-01-01,1,167.8,6.2,4,5,89.5,21.8,2,1.33
P-001122,2025-02-01,2,179.2,8.4,3,5,88.7,25.8,2,1.56
P-001122,2025-03-01,3,170.3,7.7,4,6,88.9,23.5,2,1.07
P-001122,2025-04-01,4,177.5,6.3,3,4,89.5,22.5,2,1.14
P-001122,2025-05-01,5,172.3,5.3,0,5,89.9,18.6,2,2.24
P-001122,2025-06-01,6,203.4,19.7,7,7,64.1,53.6,4,2.34
P-001122,2025-07-01,7,211.0,33.2,5,8,60.0,61.8,4,3.09
P-001122,2025-08-01,8,178.3,4.7,4,3,90.1,23.9,2,1.51
P-001122,2025-09-01,9,168.1,9.1,0,6,88.4,16.7,2,1.08
P-001122,2025-10-01,10,174.3,4.6,3,3,90.2,20.8,2,1.54
P-001122,2025-11-01,11,167.1,14.0,3,3,86.4,22.7,2,1.41
P-001122,2025-12-01,12,167.0,5.6,3,5,89.8,20.3,2,1.6
P-001123,2025-01-01,1,193.0,10.1,5,6,78.0,40.0,3,2.61
P-001123,2025-02-01,2,192.2,5.0,5,4,80.0,35.0,3,2.24
P-001123,2025-03-01,3,191.6,22.6,1,5,73.0,37.2,3,2.18
P-001123,2025-04-01,4,239.2,44.6,11,12,45.6,94.9,5,4.32
P-001123,2025-05-01,5,240.6,41.4,10,9,36.9,92.3,5,4.46
P-001123,2025-06-01,6,240.3,44.3,13,7,45.1,96.1,5,4.64
P-001123,2025-07-01,7,244.4,53.6,8,10,41.9,95.4,5,4.58
P-001123,2025-08-01,8,246.3,50.0,10,11,39.9,98.0,5,4.55
P-001123,2025-09-01,9,258.5,45.9,10,12,46.7,98.0,5,4.67
P-001123,2025-10-01,10,250.9,61.8,8,10,41.8,98.0,5,4.31
P-001123,2025-11-01,11,253.9,47.0,13,12,30.9,98.0,5,4.3
P-001123,2025-12-01,12,251.6,53.9,11,9,36.2,98.0,5,4.38
P-001124,2025-01-01,1,183.5,12.6,5,6,77.0,36.5,3,2.06
P-001124,2025-02-01,2,190.6,12.5,1,4,77.0,33.6,3,3.11
P-001124,2025-03-01,3,186.7,12.9,2,6,76.8,34.2,3,2.63
P-001124,2025-04-01,4,231.6,41.7,10,9,44.4,88.7,5,4.75
P-001124,2025-05-01,5,232.8,43.1,6,12,39.9,84.4,5,4.15
P-001124,2025-06-01,6,244.5,44.2,7,13,47.3,91.5,5,4.82
P-001124,2025-07-01,7,238.8,40.6,6,11,43.9,85.5,5,4.76
P-001124,2025-08-01,8,244.9,46.8,6,12,42.9,89.7,5,4.24
P-001124,2025-09-01,9,245.8,53.1,7,12,37.7,95.7,5,4.37
P-001124,2025-10-01,10,246.9,60.3,12,9,43.2,98.0,5,4.58
P-001124,2025-11-01,11,268.8,53.7,9,10,37.7,98.0,5,4.12
P-001124,2025-12-01,12,256.0,55.1,11,9,37.8,98.0,5,4.75
P-001125,2025-01-01,1,180.2,12.1,3,5,87.2,29.2,2,2.04
P-001125,2025-02-01,2,179.8,12.8,4,3,86.9,29.3,2,1.86
P-001125,2025-03-01,3,235.0,38.9,7,12,43.3,84.1,4,4.05
P-001125,2025-04-01,4,226.7,41.3,8,11,42.6,82.7,3,3.8
P-001125,2025-05-01,5,228.5,42.5,4,10,42.3,77.0,4,3.95
P-001125,2025-06-01,6,223.3,34.9,7,10,44.5,78.4,3,4.69
P-001125,2025-07-01,7,224.1,32.8,8,11,45.2,76.6,4,3.32
P-001125,2025-08-01,8,228.0,46.8,8,13,41.0,88.3,3,4.29
P-001125,2025-09-01,9,223.3,38.0,4,9,43.6,72.7,3,4.08
P-001125,2025-10-01,10,184.5,7.5,0,6,89.0,24.8,2,2.32
P-001125,2025-11-01,11,184.3,12.8,2,5,86.9,28.0,2,1.51
P-001125,2025-12-01,12,176.8,8.1,3,6,88.7,24.1,2,1.0
P-001126,2025-01-01,1,180.6,12.7,2,6,84.9,26.8,2,1.15
P-001126,2025-02-01,2,180.9,9.0,2,4,86.4,24.7,2,1.55
P-001126,2025-03-01,3,177.8,8.5,2,3,86.6,23.3,2,1.74
P-001126,2025-04-01,4,209.4,34.9,4,7,44.1,64.9,4,4.01
P-001126,2025-05-01,5,222.2,43.5,6,8,41.4,77.8,3,4.12
P-001126,2025-06-01,6,225.6,36.8,4,6,44.9,69.3,3,3.51
P-001126,2025-07-01,7,216.1,27.5,5,7,43.2,64.7,4,3.49
P-001126,2025-08-01,8,213.1,33.4,9,12,50.3,75.4,4,3.72
P-001126,2025-09-01,9,180.6,7.6,1,4,87.0,22.5,2,1.65
P-001126,2025-10-01,10,188.9,15.4,1,5,83.8,30.2,2,1.73
P-001126,2025-11-01,11,172.0,7.0,1,3,87.2,19.5,2,2.03
P-001126,2025-12-01,12,183.3,14.3,4,5,84.3,33.2,2,1.96
P-001127,2025-01-01,1,178.6,4.6,2,5,92.2,21.3,2,1.39
P-001127,2025-02-01,2,180.7,6.9,2,5,93.1,23.6,2,1.69
P-001127,2025-03-01,3,178.1,2.2,4,4,97.6,21.3,2,1.21
P-001127,2025-04-01,4,185.6,6.0,3,7,94.1,26.0,2,1.0
P-001127,2025-05-01,5,179.4,2.7,1,3,96.2,17.8,2,1.71
P-001127,2025-06-01,6,172.2,10.9,1,4,87.4,20.5,2,1.49
P-001127,2025-07-01,7,186.0,3.8,2,3,92.9,21.1,2,1.01
P-001127,2025-08-01,8,174.1,4.4,3,3,89.2,20.9,2,1.54
P-001127,2025-09-01,9,177.3,5.9,1,3,93.7,19.8,2,2.06
P-001127,2025-10-01,10,177.8,8.8,2,3,92.6,21.8,2,1.6
P-001127,2025-11-01,11,178.5,17.3,2,5,88.1,26.8,2,1.19
P-001127,2025-12-01,12,178.8,0.6,2,4,91.1,18.3,2,1.0
P-001128,2025-01-01,1,183.5,6.2,4,3,86.2,27.2,2,1.53
P-001128,2025-02-01,2,182.7,9.4,4,5,91.0,28.5,2,1.5
P-001128,2025-03-01,3,186.6,1.4,1,5,90.1,21.2,2,1.27
P-001128,2025-04-01,4,181.5,4.7,1,3,91.9,19.4,2,1.37
P-001128,2025-05-01,5,184.9,0.0,3,4,95.2,22.2,2,1.46
P-001128,2025-06-01,6,185.9,8.6,2,4,91.4,25.5,2,1.59
P-001128,2025-07-01,7,180.3,15.3,3,6,86.5,30.2,2,1.58
P-001128,2025-08-01,8,185.4,3.5,3,5,94.2,24.4,2,1.37
P-001128,2025-09-01,9,190.1,7.8,2,5,88.2,26.9,2,1.18
P-001128,2025-10-01,10,180.9,7.9,3,4,93.7,24.7,2,1.59
P-001128,2025-11-01,11,177.6,2.9,0,4,96.1,15.7,2,1.46
P-001128,2025-12-01,12,181.3,5.1,4,3,92.4,24.4,2,1.38
P-001129,2025-01-01,1,176.1,5.1,4,4,89.9,24.3,2,1.64
P-001129,2025-02-01,2,180.6,6.7,1,5,93.1,21.5,2,1.56
P-001129,2025-03-01,3,177.2,9.6,1,4,86.3,23.3,2,2.07
P-001129,2025-04-01,4,178.6,5.9,1,5,91.7,19.7,2,1.18
P-001129,2025-05-01,5,181.1,8.8,4,7,93.1,29.9,2,1.97
P-001129,2025-06-01,6,182.7,7.0,2,4,94.2,23.5,2,1.7
P-001129,2025-07-01,7,178.0,5.0,2,6,92.0,22.8,2,1.73
P-001129,2025-08-01,8,179.6,2.5,1,4,96.4,18.8,2,1.86
P-001129,2025-09-01,9,181.6,6.0,3,5,96.7,25.3,2,2.0
P-001129,2025-10-01,10,179.3,7.6,1,5,94.4,20.4,2,1.27
P-001129,2025-11-01,11,181.2,7.9,0,5,91.3,21.3,2,1.73
P-001129,2025-12-01,12,181.3,5.9,4,5,93.1,24.9,2,1.0
P-001130,2025-01-01,1,167.9,6.2,0,4,92.9,13.1,2,1.0
P-001130,2025-02-01,2,163.0,5.1,1,5,87.5,15.2,2,1.35
P-001130,2025-03-01,3,172.6,5.5,4,5,96.2,23.5,2,1.93
P-001130,2025-04-01,4,168.8,7.4,2,5,89.1,19.7,2,1.42
P-001130,2025-05-01,5,172.8,9.7,0,4,92.6,18.1,2,1.69
P-001130,2025-06-01,6,180.5,8.5,0,6,90.4,22.0,2,1.69
P-001130,2025-07-01,7,169.3,5.1,1,3,87.2,17.0,2,1.73
P-001130,2025-08-01,8,175.1,6.1,2,6,88.1,21.7,2,1.19
P-001130,2025-09-01,9,165.4,6.3,3,5,92.0,20.0,2,1.76
P-001130,2025-10-01,10,167.8,4.1,1,5,97.0,14.5,2,1.29
P-001130,2025-11-01,11,167.7,13.4,2,5,90.5,21.1,2,1.25
P-001130,2025-12-01,12,170.9,3.0,1,3,99.0,14.1,2,1.58
P-001131,2025-01-01,1,176.1,6.6,1,4,89.3,18.7,2,1.07
P-001131,2025-02-01,2,176.0,7.8,4,4,88.9,26.7,2,2.09
P-001131,2025-03-01,3,216.9,32.7,9,9,45.2,75.5,4,3.8
P-001131,2025-04-01,4,215.6,35.9,4,11,44.2,69.6,3,3.8
P-001131,2025-05-01,5,222.8,48.2,11,12,40.5,91.0,3,4.07
P-001131,2025-06-01,6,218.6,45.3,4,9,41.4,74.6,4,4.12
P-001131,2025-07-01,7,220.8,41.4,9,7,42.6,80.9,4,4.28
P-001131,2025-08-01,8,222.4,39.0,5,9,43.3,74.4,4,4.04
P-001131,2025-09-01,9,223.0,39.1,5,14,43.3,77.1,3,3.67
P-001131,2025-10-01,10,177.0,2.4,0,6,91.0,18.1,2,1.67
P-001131,2025-11-01,11,181.4,7.4,1,5,89.0,23.3,2,1.77
P-001131,2025-12-01,12,180.8,5.6,2,4,89.8,23.6,2,1.92
P-001132,2025-01-01,1,178.9,9.3,4,6,93.3,27.0,2,1.33
P-001132,2025-02-01,2,177.5,8.4,3,5,93.2,23.0,2,1.0
P-001132,2025-03-01,3,171.2,9.6,2,4,89.9,21.2,2,1.64
P-001132,2025-04-01,4,175.4,10.0,1,5,99.3,20.1,2,1.69
P-001132,2025-05-01,5,174.1,2.1,1,4,88.1,17.5,3,1.55
P-001132,2025-06-01,6,175.3,4.9,4,5,92.2,24.9,2,1.92
P-001132,2025-07-01,7,171.7,4.4,2,5,94.7,18.6,2,1.52
P-001132,2025-08-01,8,178.0,6.3,3,4,94.6,23.0,2,1.66
P-001132,2025-09-01,9,175.8,7.4,4,5,95.3,25.2,2,1.76
P-001132,2025-10-01,10,181.0,9.6,4,6,93.2,28.2,2,1.47
P-001132,2025-11-01,11,181.5,5.4,1,4,88.8,20.3,2,1.15
P-001132,2025-12-01,12,172.2,5.7,4,4,89.4,21.7,2,1.0
P-001133,2025-01-01,1,175.7,4.8,3,5,88.7,21.7,2,1.0
P-001133,2025-02-01,2,179.4,7.7,0,3,87.8,20.1,2,1.8
P-001133,2025-03-01,3,177.7,7.4,0,5,86.5,21.0,2,1.83
P-001133,2025-04-01,4,170.0,0.3,0,3,93.1,11.8,2,1.47
P-001133,2025-05-01,5,174.6,10.3,1,6,92.1,22.1,3,1.71
P-001133,2025-06-01,6,178.3,8.1,3,3,91.6,23.0,2,1.34
P-001133,2025-07-01,7,179.5,12.7,2,5,89.9,25.0,2,1.21
P-001133,2025-08-01,8,176.1,8.7,0,5,90.2,20.7,2,2.02
P-001133,2025-09-01,9,166.8,0.6,2,4,99.0,12.8,2,1.11
P-001133,2025-10-01,10,171.0,4.2,3,6,93.8,20.7,2,1.49
P-001133,2025-11-01,11,179.1,12.6,3,5,82.2,28.7,2,1.53
P-001133,2025-12-01,12,166.9,1.2,2,5,98.0,16.5,2,2.11
P-001134,2025-01-01,1,175.0,8.0,3,4,92.9,22.5,2,1.46
P-001134,2025-02-01,2,169.2,1.7,1,4,92.0,15.3,2,1.7
P-001134,2025-03-01,3,166.4,7.5,2,5,92.4,20.0,2,2.11
P-001134,2025-04-01,4,171.8,9.5,1,5,94.3,19.2,2,1.54
P-001134,2025-05-01,5,167.9,3.2,1,4,95.4,14.7,2,1.68
P-001134,2025-06-01,6,169.3,8.3,1,4,94.4,16.9,2,1.4
P-001134,2025-07-01,7,171.1,2.0,2,3,91.4,16.3,2,1.35
P-001134,2025-08-01,8,172.0,6.0,0,6,87.7,16.8,2,1.02
P-001134,2025-09-01,9,177.6,4.5,3,5,96.2,21.8,2,1.36
P-001134,2025-10-01,10,173.0,7.6,2,4,97.3,18.3,2,1.14
P-001134,2025-11-01,11,166.2,9.1,3,4,83.5,21.6,2,1.47
P-001134,2025-12-01,12,172.2,3.1,1,5,89.9,16.2,2,1.0
P-001135,2025-01-01,1,180.5,6.9,3,3,89.3,24.3,2,1.58
P-001135,2025-02-01,2,180.7,11.2,2,6,87.5,26.6,2,1.53
P-001135,2025-03-01,3,219.9,31.1,6,10,45.7,71.8,3,3.92
P-001135,2025-04-01,4,229.8,41.1,4,8,42.7,74.2,4,3.44
P-001135,2025-05-01,5,229.5,39.8,5,11,43.1,79.2,4,4.29
P-001135,2025-06-01,6,222.1,38.6,6,8,43.4,75.3,4,4.11
P-001135,2025-07-01,7,220.2,40.0,4,10,43.0,72.7,4,3.89
P-001135,2025-08-01,8,226.0,34.6,6,7,44.6,73.4,4,3.83
P-001135,2025-09-01,9,221.5,31.2,7,8,45.6,74.2,3,4.47
P-001135,2025-10-01,10,189.1,11.5,3,5,87.4,31.8,2,1.95
P-001135,2025-11-01,11,180.1,9.7,1,5,88.1,23.4,2,1.52
P-001135,2025-12-01,12,181.8,5.9,1,3,89.6,21.0,2,1.6
P-001136,2025-01-01,1,177.7,10.8,2,4,90.6,24.0,2,1.72
P-001136,2025-02-01,2,177.0,5.0,2,3,95.4,18.0,2,1.0
P-001136,2025-03-01,3,184.7,6.8,2,6,91.2,25.6,2,1.55
P-001136,2025-04-01,4,176.3,3.5,2,3,91.6,20.0,2,1.87
P-001136,2025-05-01,5,184.4,11.4,1,6,92.5,25.5,2,1.54
P-001136,2025-06-01,6,175.5,6.2,1,5,92.7,20.7,2,2.04
P-001136,2025-07-01,7,182.2,6.9,2,3,89.6,23.7,2,1.83
P-001136,2025-08-01,8,176.2,4.1,1,4,91.2,18.2,2,1.45
P-001136,2025-09-01,9,179.1,2.9,3,5,85.3,23.3,2,1.23
P-001136,2025-10-01,10,178.3,10.0,2,4,86.3,23.5,2,1.25
P-001136,2025-11-01,11,182.1,5.6,2,6,96.8,22.6,2,1.34
P-001136,2025-12-01,12,172.2,6.6,1,5,89.9,18.6,2,1.38
P-001137,2025-01-01,1,188.2,13.3,3,6,76.7,35.3,3,2.11
P-001137,2025-02-01,2,198.7,17.7,5,5,74.9,44.6,3,2.39
P-001137,2025-03-01,3,186.7,15.1,3,5,76.0,36.0,3,2.49
P-001137,2025-04-01,4,239.1,35.2,5,10,47.1,80.4,5,4.78
P-001137,2025-05-01,5,242.1,42.2,5,13,43.6,87.1,5,4.78
P-001137,2025-06-01,6,248.7,46.0,7,9,39.2,91.1,5,4.24
P-001137,2025-07-01,7,258.7,50.9,12,7,42.2,98.0,5,4.73
P-001137,2025-08-01,8,257.1,42.0,12,12,37.5,98.0,5,4.28
P-001137,2025-09-01,9,267.2,59.7,9,9,38.3,98.0,5,4.79
P-001137,2025-10-01,10,271.6,53.2,7,12,37.2,98.0,5,4.36
P-001137,2025-11-01,11,269.9,53.1,14,13,38.6,98.0,5,4.68
P-001137,2025-12-01,12,278.4,52.7,14,10,33.9,98.0,5,3.72
P-001138,2025-01-01,1,177.4,0.7,2,5,92.6,19.8,2,1.64
P-001138,2025-02-01,2,176.7,9.5,1,6,90.3,22.7,2,1.67
P-001138,2025-03-01,3,181.7,5.8,4,5,93.0,25.8,2,1.28
P-001138,2025-04-01,4,181.7,6.4,2,3,93.9,21.6,2,1.43
P-001138,2025-05-01,5,178.5,6.7,1,3,90.7,19.2,2,1.32
P-001138,2025-06-01,6,180.6,7.9,2,4,91.8,22.7,2,1.36
P-001138,2025-07-01,7,180.2,7.1,0,5,92.9,19.5,2,1.43
P-001138,2025-08-01,8,178.3,5.9,4,5,96.0,25.3,2,1.77
P-001138,2025-09-01,9,174.5,8.8,1,5,89.5,21.4,2,1.77
P-001138,2025-10-01,10,178.0,8.5,2,5,89.8,23.4,2,1.5
P-001138,2025-11-01,11,177.1,6.6,1,4,92.0,20.5,2,1.88
P-001138,2025-12-01,12,179.9,4.1,3,4,91.7,21.9,2,1.11
P-001139,2025-01-01,1,175.3,7.5,4,6,97.0,25.8,2,1.94
P-001139,2025-02-01,2,175.4,4.7,1,3,97.7,17.1,2,1.77
P-001139,2025-03-01,3,183.8,5.1,2,6,87.2,26.7,2,2.08
P-001139,2025-04-01,4,178.8,2.6,2,4,95.2,18.3,2,1.0
P-001139,2025-05-01,5,173.2,8.0,1,6,90.9,20.2,2,1.45
P-001139,2025-06-01,6,178.6,4.0,1,5,97.0,19.1,2,1.66
P-001139,2025-07-01,7,176.2,0.1,0,4,95.4,14.2,2,1.49
P-001139,2025-08-01,8,174.5,11.3,4,5,90.6,25.5,2,1.08
P-001139,2025-09-01,9,175.4,8.1,1,5,95.3,19.8,2,1.55
P-001139,2025-10-01,10,176.7,5.2,3,4,91.7,22.4,2,1.58
P-001139,2025-11-01,11,180.8,9.2,1,6,93.1,22.8,2,1.39
P-001139,2025-12-01,12,179.0,7.8,3,5,88.4,25.2,2,1.42
P-001140,2025-01-01,1,183.8,12.3,4,5,85.1,31.8,2,1.71
P-001140,2025-02-01,2,177.9,15.7,2,3,83.7,27.5,2,2.0
P-001140,2025-03-01,3,173.2,11.0,1,4,85.6,22.9,2,2.18
P-001140,2025-04-01,4,206.6,38.2,4,6,43.4,63.2,3,3.35
P-001140,2025-05-01,5,216.9,29.8,10,7,47.2,75.9,4,4.43
P-001140,2025-06-01,6,219.7,18.0,4,8,52.6,62.9,3,4.94
P-001140,2025-07-01,7,214.9,30.1,7,9,42.4,70.5,3,3.61
P-001140,2025-08-01,8,217.3,26.7,5,9,52.9,66.4,3,4.32
P-001140,2025-09-01,9,177.3,12.9,3,3,84.8,26.7,2,1.65
P-001140,2025-10-01,10,175.2,6.5,4,6,87.4,26.6,2,1.7
P-001140,2025-11-01,11,175.3,11.3,2,5,85.5,25.5,2,1.91
P-001140,2025-12-01,12,186.7,8.6,1,4,86.6,26.8,2,2.29
P-001141,2025-01-01,1,185.7,12.7,1,5,76.9,30.2,3,2.14
P-001141,2025-02-01,2,188.5,18.3,4,6,74.7,40.3,3,2.41
P-001141,2025-03-01,3,178.2,13.5,3,4,76.6,29.7,3,1.74
P-001141,2025-04-01,4,233.3,46.2,7,11,43.0,87.6,5,4.69
P-001141,2025-05-01,5,236.7,48.2,5,11,44.3,84.9,5,4.22
P-001141,2025-06-01,6,234.9,51.4,14,7,48.3,98.0,5,4.68
P-001141,2025-07-01,7,254.0,55.2,10,7,36.0,98.0,5,4.16
P-001141,2025-08-01,8,247.6,61.1,12,7,42.9,98.0,5,4.08
P-001141,2025-09-01,9,260.0,46.3,12,9,36.1,98.0,5,4.22
P-001141,2025-10-01,10,249.9,55.2,7,14,38.4,98.0,5,4.22
P-001141,2025-11-01,11,247.4,49.8,10,10,34.0,98.0,5,4.48
P-001141,2025-12-01,12,264.3,58.9,8,11,37.8,98.0,5,5.0
P-001142,2025-01-01,1,177.3,8.0,4,4,91.9,24.8,2,1.32
P-001142,2025-02-01,2,169.4,9.0,1,3,90.1,17.4,2,1.41
P-001142,2025-03-01,3,162.2,6.4,2,6,89.0,17.3,2,1.3
P-001142,2025-04-01,4,170.9,10.3,0,3,94.5,15.7,2,1.31
P-001142,2025-05-01,5,173.7,2.8,1,4,95.7,15.3,2,1.18
P-001142,2025-06-01,6,164.1,4.6,3,7,88.0,19.0,2,1.0
P-001142,2025-07-01,7,169.7,1.7,4,5,99.4,20.2,2,1.89
P-001142,2025-08-01,8,163.0,7.2,1,6,91.3,16.5,2,1.56
P-001142,2025-09-01,9,163.9,1.7,2,4,93.7,15.0,2,1.81
P-001142,2025-10-01,10,170.5,3.4,0,6,94.0,15.7,2,1.68
P-001142,2025-11-01,11,173.3,4.9,2,6,90.4,21.9,2,1.93
P-001142,2025-12-01,12,167.8,5.7,1,5,94.9,15.4,2,1.25
P-001143,2025-01-01,1,180.6,6.7,3,3,89.3,24.8,2,1.8
P-001143,2025-02-01,2,185.4,3.6,1,4,90.6,21.1,2,1.35
P-001143,2025-03-01,3,229.9,36.7,8,8,44.0,81.0,4,4.35
P-001143,2025-04-01,4,228.5,44.7,5,9,41.6,79.3,4,4.09
P-001143,2025-05-01,5,228.1,36.9,9,7,43.9,81.6,3,4.37
P-001143,2025-06-01,6,231.2,38.0,7,9,43.6,79.9,3,3.85
P-001143,2025-07-01,7,223.5,48.6,5,9,40.4,80.0,4,4.31
P-001143,2025-08-01,8,225.2,43.0,9,13,42.1,85.5,4,3.59
P-001143,2025-09-01,9,230.6,30.0,7,8,46.0,77.4,4,4.74
P-001143,2025-10-01,10,175.7,7.5,1,4,89.0,21.4,2,2.05
P-001143,2025-11-01,11,186.6,7.5,0,6,89.0,24.7,2,1.98
P-001143,2025-12-01,12,190.0,8.1,3,4,88.8,29.9,2,2.01
P-001144,2025-01-01,1,163.3,12.1,2,4,85.1,19.8,2,1.43
P-001144,2025-02-01,2,173.5,1.8,1,4,89.3,17.2,2,1.65
P-001144,2025-03-01,3,183.6,5.8,1,5,87.7,23.0,2,1.51
P-001144,2025-04-01,4,208.2,33.1,4,13,50.1,66.1,3,3.8
P-001144,2025-05-01,5,213.0,32.7,6,6,48.0,67.3,4,4.05
P-001144,2025-06-01,6,206.2,31.8,4,10,47.6,64.2,3,4.15
P-001144,2025-07-01,7,216.4,40.1,8,11,40.8,81.8,3,4.94
P-001144,2025-08-01,8,200.4,30.1,8,6,43.5,64.7,4,3.53
P-001144,2025-09-01,9,182.3,16.8,3,6,83.3,34.4,2,2.47
P-001144,2025-10-01,10,177.4,17.5,2,5,83.0,29.6,2,2.06
P-001144,2025-11-01,11,177.7,9.9,1,4,86.1,24.1,2,2.22
P-001144,2025-12-01,12,175.0,18.9,4,6,82.5,33.7,2,2.15
P-001145,2025-01-01,1,170.3,2.1,0,6,94.1,14.0,2,1.28
P-001145,2025-02-01,2,177.3,3.7,2,6,95.0,20.4,2,1.31
P-001145,2025-03-01,3,172.6,5.3,2,4,93.3,18.6,2,1.39
P-001145,2025-04-01,4,175.6,6.2,1,5,88.9,20.1,2,1.47
P-001145,2025-05-01,5,167.7,12.2,1,4,89.8,19.7,2,1.75
P-001145,2025-06-01,6,174.4,4.2,1,4,85.1,18.2,2,1.22
P-001145,2025-07-01,7,173.9,5.8,2,5,94.9,20.8,2,1.86
P-001145,2025-08-01,8,170.3,7.4,3,3,94.4,20.8,2,1.95
P-001145,2025-09-01,9,173.9,6.9,1,3,91.8,19.6,2,2.17
P-001145,2025-10-01,10,176.3,7.8,2,5,89.1,23.3,2,1.76
P-001145,2025-11-01,11,175.2,2.7,3,4,92.8,20.8,2,1.62
P-001145,2025-12-01,12,179.9,7.7,2,5,89.9,24.3,2,1.73
P-001146,2025-01-01,1,167.3,2.8,0,5,96.9,11.4,1,1.0
P-001146,2025-02-01,2,215.5,30.2,8,6,48.9,70.4,4,4.09
P-001146,2025-03-01,3,214.0,32.2,4,11,48.3,67.5,4,4.09
P-001146,2025-04-01,4,203.0,37.3,4,6,46.8,62.3,4,3.94
P-001146,2025-05-01,5,214.1,39.9,10,8,46.0,78.1,4,3.67
P-001146,2025-06-01,6,111.0,0.0,0,3,120.0,5.0,1,1.0
P-001146,2025-07-01,7,167.2,5.2,2,5,95.9,16.1,1,1.07
P-001146,2025-08-01,8,157.5,2.9,0,3,96.8,7.5,1,1.3
P-001146,2025-09-01,9,159.8,2.9,1,4,96.8,11.0,1,1.48
P-001146,2025-10-01,10,160.3,5.4,1,5,95.9,13.0,1,1.45
P-001146,2025-11-01,11,165.7,2.7,3,3,96.9,15.2,1,1.28
P-001146,2025-12-01,12,162.5,5.5,1,5,95.8,13.5,1,1.32
P-001147,2025-01-01,1,192.1,12.7,2,6,76.9,35.2,3,2.3
P-001147,2025-02-01,2,186.1,7.5,3,5,79.0,33.2,3,2.94
P-001147,2025-03-01,3,185.3,13.6,3,4,76.6,35.1,3,2.92
P-001147,2025-04-01,4,230.9,45.9,11,11,45.9,93.5,5,4.98
P-001147,2025-05-01,5,240.2,41.7,7,11,43.8,88.8,5,5.0
P-001147,2025-06-01,6,233.8,44.3,6,12,44.6,84.3,5,4.16
P-001147,2025-07-01,7,236.6,45.8,5,15,38.0,88.5,5,4.56
P-001147,2025-08-01,8,241.8,49.3,11,10,41.1,97.8,5,4.54
P-001147,2025-09-01,9,252.1,47.9,11,13,37.7,98.0,5,5.0
P-001147,2025-10-01,10,263.6,51.1,13,12,40.1,98.0,5,4.24
P-001147,2025-11-01,11,264.2,64.8,10,9,31.5,98.0,5,4.09
P-001147,2025-12-01,12,247.6,50.6,13,10,37.9,98.0,5,4.53
P-001148,2025-01-01,1,178.1,11.5,2,5,87.4,25.3,2,1.55
P-001148,2025-02-01,2,176.9,8.9,1,4,88.5,22.0,2,1.86
P-001148,2025-03-01,3,217.2,39.6,9,13,43.1,82.5,4,4.18
P-001148,2025-04-01,4,226.2,39.1,9,10,43.3,83.4,4,4.15
P-001148,2025-05-01,5,226.1,45.2,4,7,41.5,75.2,4,3.89
P-001148,2025-06-01,6,231.5,38.7,7,7,43.4,79.6,3,4.11
P-001148,2025-07-01,7,231.3,38.3,6,8,43.5,78.1,3,4.02
P-001148,2025-08-01,8,222.4,36.4,6,13,44.1,77.2,3,3.92
P-001148,2025-09-01,9,222.9,33.7,7,10,44.9,76.6,4,4.25
P-001148,2025-10-01,10,174.2,8.1,4,5,88.8,26.0,2,1.74
P-001148,2025-11-01,11,178.1,11.4,0,4,87.4,22.0,2,1.88
P-001148,2025-12-01,12,174.9,12.5,3,5,87.0,26.8,2,1.75
P-001149,2025-01-01,1,201.0,15.4,1,7,75.9,38.4,3,2.21
P-001149,2025-02-01,2,190.1,15.5,4,5,75.8,38.4,3,2.25
P-001149,2025-03-01,3,189.6,14.9,2,4,76.0,33.2,3,1.96
P-001149,2025-04-01,4,242.4,39.1,6,15,38.5,89.7,5,4.74
P-001149,2025-05-01,5,239.3,52.2,8,12,46.2,93.0,5,4.34
P-001149,2025-06-01,6,255.7,52.4,14,16,41.1,98.0,5,4.72
P-001149,2025-07-01,7,251.1,39.8,13,11,37.3,98.0,5,4.35
P-001149,2025-08-01,8,251.1,52.3,14,15,36.2,98.0,5,4.88
P-001149,2025-09-01,9,261.6,50.3,11,9,40.6,98.0,5,4.68
P-001149,2025-10-01,10,264.3,54.0,6,11,38.1,98.0,5,4.42
P-001149,2025-11-01,11,265.0,59.1,14,11,39.1,98.0,5,4.5
P-001149,2025-12-01,12,262.1,44.5,14,7,33.7,98.0,5,4.47
P-001150,2025-01-01,1,180.8,13.3,5,5,76.7,38.0,3,3.16
P-001150,2025-02-01,2,186.0,19.1,1,6,74.3,35.8,3,2.79
P-001150,2025-03-01,3,186.6,5.0,1,4,80.0,27.6,3,2.73
P-001150,2025-04-01,4,233.0,47.2,5,12,41.9,84.3,5,4.24
P-001150,2025-05-01,5,229.7,52.4,11,12,47.7,93.7,5,4.04
P-001150,2025-06-01,6,228.8,44.1,14,11,45.0,95.1,5,4.15
P-001150,2025-07-01,7,239.2,47.6,10,11,41.5,95.9,5,4.87
P-001150,2025-08-01,8,237.3,49.2,11,11,39.2,97.2,5,4.52
P-001150,2025-09-01,9,247.8,54.5,11,12,37.2,98.0,5,4.33
P-001150,2025-10-01,10,249.0,56.0,13,8,34.8,98.0,5,4.81
P-001150,2025-11-01,11,259.3,46.5,14,8,43.8,98.0,5,4.13
P-001150,2025-12-01,12,264.2,54.3,5,9,37.3,96.7,5,4.11
P-001151,2025-01-01,1,185.3,10.9,0,5,87.6,25.1,2,1.92
P-001151,2025-02-01,2,179.9,9.7,1,5,88.1,24.0,2,1.78
P-001151,2025-03-01,3,233.2,41.1,8,10,42.7,84.3,4,3.82
P-001151,2025-04-01,4,224.1,39.1,4,7,43.3,71.9,4,4.01
P-001151,2025-05-01,5,237.0,32.1,7,7,45.4,78.2,3,4.04
P-001151,2025-06-01,6,244.1,35.0,4,11,44.5,78.9,4,3.68
P-001151,2025-07-01,7,221.8,35.4,9,7,44.4,77.9,4,4.07
P-001151,2025-08-01,8,227.9,34.3,8,10,44.7,79.5,4,3.94
P-001151,2025-09-01,9,229.9,44.6,10,9,41.6,87.9,4,3.98
P-001151,2025-10-01,10,183.2,8.0,3,4,88.8,27.2,2,1.87
P-001151,2025-11-01,11,173.4,8.5,0,4,88.6,18.5,2,1.68
P-001151,2025-12-01,12,182.2,5.2,2,6,89.9,25.2,2,1.92
P-001152,2025-01-01,1,184.1,15.4,1,4,75.9,30.2,3,2.09
P-001152,2025-02-01,2,187.3,18.4,1,5,74.6,35.3,3,2.84
P-001152,2025-03-01,3,189.3,21.6,3,6,73.4,41.0,3,2.61
P-001152,2025-04-01,4,227.3,40.8,7,11,44.1,81.9,5,4.26
P-001152,2025-05-01,5,241.6,48.3,7,7,37.8,89.5,5,4.62
P-001152,2025-06-01,6,247.6,45.6,7,11,37.8,92.3,5,4.31
P-001152,2025-07-01,7,249.1,49.6,9,12,39.0,98.0,5,4.3
P-001152,2025-08-01,8,256.8,51.0,12,10,40.2,98.0,5,5.0
P-001152,2025-09-01,9,261.0,56.2,5,9,34.9,97.4,5,4.34
P-001152,2025-10-01,10,252.6,52.0,13,13,44.1,98.0,5,5.0
P-001152,2025-11-01,11,253.5,54.3,12,7,34.8,98.0,5,4.03
P-001152,2025-12-01,12,250.9,57.6,14,9,33.4,98.0,5,4.53
P-001153,2025-01-01,1,181.0,3.4,1,5,90.6,21.0,2,1.71
P-001153,2025-02-01,2,183.9,11.3,1,3,87.5,26.0,2,2.27
P-001153,2025-03-01,3,227.0,36.9,7,8,43.9,77.5,3,3.98
P-001153,2025-04-01,4,230.8,37.0,11,11,43.9,87.8,4,4.09
P-001153,2025-05-01,5,223.0,31.0,6,9,45.7,71.3,4,3.57
P-001153,2025-06-01,6,231.5,30.2,11,10,45.9,85.1,3,4.44
P-001153,2025-07-01,7,232.2,40.5,4,8,42.9,75.5,4,3.77
P-001153,2025-08-01,8,234.3,37.7,11,9,43.7,87.3,3,3.8
P-001153,2025-09-01,9,234.5,40.0,8,10,43.0,86.9,4,4.89
P-001153,2025-10-01,10,184.6,11.5,0,7,87.4,25.1,2,1.37
P-001153,2025-11-01,11,177.8,8.2,3,4,88.7,25.5,2,1.95
P-001153,2025-12-01,12,182.2,7.4,1,5,89.0,23.9,2,1.91
P-001154,2025-01-01,1,188.1,7.5,1,4,89.0,25.0,2,1.79
P-001154,2025-02-01,2,184.2,4.3,3,3,90.3,24.6,2,1.72
P-001154,2025-03-01,3,231.8,36.7,7,7,44.0,78.6,4,4.04
P-001154,2025-04-01,4,234.2,33.7,4,10,44.9,73.7,3,3.53
P-001154,2025-05-01,5,225.6,40.4,6,9,42.9,79.2,3,4.57
P-001154,2025-06-01,6,230.4,39.5,4,9,43.2,76.1,4,4.16
P-001154,2025-07-01,7,229.1,42.6,8,11,42.2,85.4,4,4.3
P-001154,2025-08-01,8,229.6,37.3,8,9,43.8,81.4,4,4.17
P-001154,2025-09-01,9,229.7,44.5,5,12,41.6,80.4,3,3.58
P-001154,2025-10-01,10,180.7,5.2,3,4,89.9,24.8,2,1.83
P-001154,2025-11-01,11,183.6,8.5,0,5,88.6,23.0,2,1.77
P-001154,2025-12-01,12,175.8,5.1,4,5,90.0,25.3,2,1.83
P-001155,2025-01-01,1,184.9,12.3,3,5,85.1,30.8,2,1.84
P-001155,2025-02-01,2,192.8,3.1,2,5,88.8,27.9,2,2.04
P-001155,2025-03-01,3,182.6,10.0,1,5,86.0,25.8,2,1.93
P-001155,2025-04-01,4,224.9,41.1,4,8,46.4,74.6,4,4.59
P-001155,2025-05-01,5,213.7,35.0,7,12,50.4,75.0,4,4.54
P-001155,2025-06-01,6,226.1,23.0,8,9,52.3,72.2,4,3.97
P-001155,2025-07-01,7,223.6,38.3,4,12,48.3,73.4,3,3.85
P-001155,2025-08-01,8,223.1,27.1,4,10,48.0,67.5,3,3.93
P-001155,2025-09-01,9,187.5,13.7,1,3,84.5,27.7,2,1.81
P-001155,2025-10-01,10,183.5,6.5,2,4,87.4,24.6,2,1.62
P-001155,2025-11-01,11,188.5,5.4,3,5,87.8,28.3,2,1.7
P-001155,2025-12-01,12,181.8,10.7,2,5,85.7,26.6,2,1.56
P-001156,2025-01-01,1,182.6,6.9,1,4,89.2,23.7,2,2.14
P-001156,2025-02-01,2,182.1,8.5,1,3,88.6,23.2,2,1.96
P-001156,2025-03-01,3,227.3,34.0,9,10,44.8,80.8,3,3.95
P-001156,2025-04-01,4,237.8,31.5,4,8,45.5,74.4,4,4.24
P-001156,2025-05-01,5,234.0,38.8,6,8,43.4,80.3,3,4.4
P-001156,2025-06-01,6,229.6,23.3,5,13,48.0,72.6,4,4.21
P-001156,2025-07-01,7,233.5,36.7,7,9,44.0,81.5,3,4.45
P-001156,2025-08-01,8,228.4,37.7,7,7,43.7,77.6,3,3.92
P-001156,2025-09-01,9,223.9,30.9,10,7,45.7,78.0,3,4.01
P-001156,2025-10-01,10,185.0,7.9,3,6,88.8,28.7,2,1.73
P-001156,2025-11-01,11,184.8,11.1,1,4,87.6,24.1,2,1.15
P-001156,2025-12-01,12,182.5,3.4,1,5,90.6,21.1,2,1.51
P-001157,2025-01-01,1,173.9,4.8,1,3,94.5,17.5,2,1.9
P-001157,2025-02-01,2,181.5,1.8,3,4,95.8,21.9,2,1.57
P-001157,2025-03-01,3,181.9,5.3,2,4,90.3,22.3,2,1.34
P-001157,2025-04-01,4,174.1,2.4,3,4,97.4,18.7,2,1.33
P-001157,2025-05-01,5,182.1,9.8,1,5,84.3,25.2,2,1.68
P-001157,2025-06-01,6,180.6,1.4,2,3,91.5,19.0,2,1.21
P-001157,2025-07-01,7,192.0,8.6,2,5,91.7,27.9,2,1.43
P-001157,2025-08-01,8,177.7,7.1,1,4,91.0,21.0,2,1.81
P-001157,2025-09-01,9,170.3,9.4,0,4,92.6,16.2,2,1.33
P-001157,2025-10-01,10,185.5,9.5,4,5,88.2,29.9,2,1.4
P-001157,2025-11-01,11,182.4,8.8,0,5,87.5,22.1,2,1.46
P-001157,2025-12-01,12,175.8,8.1,0,4,95.7,17.8,2,1.67
P-001158,2025-01-01,1,177.9,0.9,3,6,97.7,20.6,1,1.29
P-001158,2025-02-01,2,225.3,31.0,4,8,48.7,68.8,4,4.07
P-001158,2025-03-01,3,224.8,42.0,5,9,45.4,76.8,4,4.31
P-001158,2025-04-01,4,217.3,38.5,8,9,46.4,74.1,4,2.94
P-001158,2025-05-01,5,221.9,41.9,5,8,45.4,71.7,4,2.95
P-001158,2025-06-01,6,123.7,0.0,0,3,120.0,5.0,1,1.0
P-001158,2025-07-01,7,175.4,5.9,2,3,95.6,18.9,1,1.47
P-001158,2025-08-01,8,174.7,6.9,2,4,95.3,20.0,1,1.52
P-001158,2025-09-01,9,169.5,8.4,1,5,94.6,17.4,1,1.34
P-001158,2025-10-01,10,175.6,3.3,1,4,96.7,16.0,1,1.19
P-001158,2025-11-01,11,180.1,4.9,0,4,96.0,17.1,1,1.34
P-001158,2025-12-01,12,170.4,3.8,1,3,96.5,13.8,1,1.2
P-001159,2025-01-01,1,172.9,2.8,1,4,96.9,15.8,1,1.59
P-001159,2025-02-01,2,228.6,33.3,7,10,48.0,76.2,4,3.62
P-001159,2025-03-01,3,218.8,32.2,5,6,48.4,66.5,4,3.72
P-001159,2025-04-01,4,219.7,34.1,4,11,47.8,69.4,4,3.71
P-001159,2025-05-01,5,222.7,34.9,8,6,47.5,75.4,4,4.2
P-001159,2025-06-01,6,119.7,0.0,0,3,120.0,5.0,1,1.0
P-001159,2025-07-01,7,166.7,6.9,1,5,95.2,15.6,1,1.29
P-001159,2025-08-01,8,168.6,5.5,2,6,95.8,17.5,1,1.11
P-001159,2025-09-01,9,169.2,3.1,2,4,96.7,14.9,1,1.02
P-001159,2025-10-01,10,167.6,8.8,0,5,94.5,14.8,1,1.14
P-001159,2025-11-01,11,175.1,5.7,0,5,95.7,16.4,1,1.35
P-001159,2025-12-01,12,176.2,5.8,0,4,95.7,15.6,1,1.12
P-001160,2025-01-01,1,162.6,5.7,2,3,89.1,14.5,2,1.03
P-001160,2025-02-01,2,163.9,3.9,3,3,90.0,15.6,2,1.0
P-001160,2025-03-01,3,164.5,9.6,0,6,90.1,15.7,2,1.23
P-001160,2025-04-01,4,164.0,5.8,3,4,87.2,18.1,2,1.2
P-001160,2025-05-01,5,169.1,1.5,1,4,93.2,14.7,2,1.62
P-001160,2025-06-01,6,160.8,5.1,3,4,97.1,15.2,2,1.33
P-001160,2025-07-01,7,165.2,6.0,4,3,91.4,20.5,2,1.84
P-001160,2025-08-01,8,162.8,5.7,1,5,91.9,15.8,2,1.88
P-001160,2025-09-01,9,165.8,6.1,2,5,92.4,17.7,2,1.53
P-001160,2025-10-01,10,165.0,8.1,1,6,87.9,18.2,2,1.56
P-001160,2025-11-01,11,157.4,4.3,2,3,91.6,11.7,2,1.08
P-001160,2025-12-01,12,162.1,3.4,1,5,88.1,15.5,2,1.94
P-001161,2025-01-01,1,180.1,19.7,2,4,74.1,34.2,3,2.75
P-001161,2025-02-01,2,185.9,17.0,3,5,75.2,36.7,3,2.53
P-001161,2025-03-01,3,181.6,21.9,3,6,73.2,37.6,3,2.24
P-001161,2025-04-01,4,238.9,44.5,11,12,44.6,96.3,5,4.86
P-001161,2025-05-01,5,226.7,42.2,5,9,46.2,77.8,5,4.45
P-001161,2025-06-01,6,232.4,54.1,7,15,37.9,94.2,5,4.71
P-001161,2025-07-01,7,236.1,50.8,5,10,37.4,86.4,5,4.25
P-001161,2025-08-01,8,259.9,55.9,8,13,37.0,98.0,5,4.57
P-001161,2025-09-01,9,243.2,53.9,14,7,43.2,98.0,5,4.64
P-001161,2025-10-01,10,251.4,57.1,6,11,35.1,97.5,5,4.36
P-001161,2025-11-01,11,252.3,51.8,9,13,32.6,98.0,5,4.2
P-001161,2025-12-01,12,257.3,52.5,10,9,34.0,98.0,5,4.42
P-001162,2025-01-01,1,182.6,13.0,3,3,84.7,28.9,2,1.76
P-001162,2025-02-01,2,185.4,2.6,2,4,95.7,21.5,2,1.39
P-001162,2025-03-01,3,183.1,9.2,1,4,94.0,22.2,2,1.44
P-001162,2025-04-01,4,177.1,7.5,1,4,91.0,19.3,3,1.15
P-001162,2025-05-01,5,174.9,4.9,3,4,94.4,21.1,2,1.55
P-001162,2025-06-01,6,172.1,8.2,4,3,94.4,22.3,2,1.5
P-001162,2025-07-01,7,180.6,8.5,0,5,92.1,21.5,2,1.86
P-001162,2025-08-01,8,179.2,5.4,0,5,98.0,17.9,2,1.6
P-001162,2025-09-01,9,182.1,9.1,3,3,91.4,24.4,2,1.21
P-001162,2025-10-01,10,178.4,4.6,2,4,96.2,21.0,2,1.87
P-001162,2025-11-01,11,194.2,7.2,3,5,88.3,30.6,2,1.52
P-001162,2025-12-01,12,183.5,8.9,2,3,94.1,23.6,2,1.58
P-001163,2025-01-01,1,182.2,2.2,2,7,92.5,22.4,2,1.24
P-001163,2025-02-01,2,181.0,1.8,4,6,92.6,24.3,2,1.16
P-001163,2025-03-01,3,183.1,1.6,1,4,92.9,20.0,2,1.72
P-001163,2025-04-01,4,179.2,6.7,4,4,96.7,23.8,3,1.25
P-001163,2025-05-01,5,177.8,13.3,1,4,90.3,24.0,2,1.92
P-001163,2025-06-01,6,176.1,8.1,3,4,88.7,24.6,2,1.82
P-001163,2025-07-01,7,180.5,9.7,4,5,85.7,29.2,2,1.62
P-001163,2025-08-01,8,173.9,7.9,2,6,93.4,21.4,2,1.37
P-001163,2025-09-01,9,184.3,7.2,2,4,92.6,23.9,2,1.51
P-001163,2025-10-01,10,185.3,7.4,0,3,87.3,21.3,2,1.5
P-001163,2025-11-01,11,185.6,6.3,3,3,91.1,25.7,2,1.66
P-001163,2025-12-01,12,182.2,5.6,1,4,99.6,19.5,2,1.48
P-001164,2025-01-01,1,183.5,11.9,0,5,87.3,25.0,2,1.93
P-001164,2025-02-01,2,185.4,7.3,1,5,89.1,24.7,2,1.8
P-001164,2025-03-01,3,232.1,33.0,11,11,45.1,85.9,3,3.88
P-001164,2025-04-01,4,236.5,38.1,6,13,43.6,84.2,4,4.44
P-001164,2025-05-01,5,227.9,34.5,10,8,44.7,81.9,4,4.06
P-001164,2025-06-01,6,230.6,29.2,6,8,46.2,73.6,3,4.0
P-001164,2025-07-01,7,240.0,47.0,8,9,40.9,87.9,4,3.47
P-001164,2025-08-01,8,236.2,37.2,4,8,43.8,75.7,4,3.89
P-001164,2025-09-01,9,230.8,39.1,7,10,43.3,82.0,3,4.3
P-001164,2025-10-01,10,178.2,14.4,1,6,86.3,26.4,2,1.82
P-001164,2025-11-01,11,184.8,10.7,1,4,87.7,26.7,2,2.25
P-001164,2025-12-01,12,178.6,3.5,4,5,90.6,24.2,2,1.3
P-001165,2025-01-01,1,169.3,7.8,3,4,90.1,21.3,2,1.63
P-001165,2025-02-01,2,165.4,2.7,1,3,98.2,12.6,2,1.74
P-001165,2025-03-01,3,173.3,3.8,4,4,94.7,21.0,2,1.26
P-001165,2025-04-01,4,166.9,11.2,4,6,92.2,24.3,2,1.54
P-001165,2025-05-01,5,168.3,6.3,1,5,90.9,16.0,2,1.0
P-001165,2025-06-01,6,174.7,4.9,2,4,86.0,21.4,2,1.72
P-001165,2025-07-01,7,175.8,2.7,4,5,94.4,22.4,2,1.39
P-001165,2025-08-01,8,175.0,7.1,2,5,88.1,21.9,2,1.42
P-001165,2025-09-01,9,166.5,4.8,1,4,88.5,17.3,2,2.13
P-001165,2025-10-01,10,172.2,5.3,1,3,91.0,17.4,2,1.72
P-001165,2025-11-01,11,169.1,3.5,2,5,90.9,18.4,2,1.65
P-001165,2025-12-01,12,170.8,6.4,1,5,92.9,17.7,2,1.49
P-001166,2025-01-01,1,179.0,12.2,2,5,77.1,30.7,3,2.69
P-001166,2025-02-01,2,181.9,14.4,5,5,76.3,37.7,3,2.66
P-001166,2025-03-01,3,174.6,18.6,1,4,74.6,28.6,3,2.16
P-001166,2025-04-01,4,224.0,49.5,11,11,47.4,90.9,5,4.42
P-001166,2025-05-01,5,226.8,50.5,5,11,42.7,83.7,5,4.67
P-001166,2025-06-01,6,239.9,46.5,10,11,38.8,94.6,5,4.22
P-001166,2025-07-01,7,238.4,48.5,6,15,38.5,93.0,5,5.0
P-001166,2025-08-01,8,238.7,47.1,9,11,39.1,93.7,5,4.63
P-001166,2025-09-01,9,241.7,47.1,12,13,31.5,98.0,5,5.0
P-001166,2025-10-01,10,257.4,52.3,7,12,34.9,98.0,5,4.74
P-001166,2025-11-01,11,254.5,58.5,11,12,40.0,98.0,5,4.89
P-001166,2025-12-01,12,253.0,55.8,14,7,36.3,98.0,5,4.55
P-001167,2025-01-01,1,186.3,19.5,3,5,74.2,36.8,3,2.01
P-001167,2025-02-01,2,187.9,20.3,4,4,73.9,39.4,3,2.3
P-001167,2025-03-01,3,191.0,8.1,5,5,78.8,36.8,3,2.27
P-001167,2025-04-01,4,234.5,45.5,5,8,44.0,82.4,5,4.77
P-001167,2025-05-01,5,233.5,45.7,10,13,39.2,93.3,5,4.23
P-001167,2025-06-01,6,240.7,47.9,7,10,39.1,90.4,5,4.48
P-001167,2025-07-01,7,252.9,53.2,11,10,41.7,98.0,5,4.2
P-001167,2025-08-01,8,258.4,54.5,6,11,42.1,96.9,5,4.13
P-001167,2025-09-01,9,253.0,62.0,12,8,40.7,98.0,5,3.75
P-001167,2025-10-01,10,256.9,50.2,9,11,35.2,98.0,5,4.29
P-001167,2025-11-01,11,267.5,48.5,10,14,33.9,98.0,5,4.55
P-001167,2025-12-01,12,262.9,57.9,10,13,31.3,98.0,5,4.38
P-001168,2025-01-01,1,182.3,9.3,2,7,86.3,28.9,2,2.13
P-001168,2025-02-01,2,176.7,8.7,4,4,86.5,27.2,2,1.83
P-001168,2025-03-01,3,179.9,8.1,1,4,86.8,22.4,2,1.62
P-001168,2025-04-01,4,225.2,34.8,10,11,40.0,82.9,3,3.64
P-001168,2025-05-01,5,222.2,34.2,7,12,51.1,75.0,3,3.55
P-001168,2025-06-01,6,217.1,37.0,9,9,41.1,79.8,4,4.46
P-001168,2025-07-01,7,233.5,37.2,9,8,41.9,83.9,3,4.07
P-001168,2025-08-01,8,223.6,32.7,6,9,44.7,72.4,4,3.55
P-001168,2025-09-01,9,176.2,7.2,4,6,87.1,28.2,2,2.08
P-001168,2025-10-01,10,180.2,7.2,1,6,87.1,22.8,2,1.36
P-001168,2025-11-01,11,185.4,8.2,1,5,86.7,26.5,2,2.17
P-001168,2025-12-01,12,183.8,10.8,1,5,85.7,26.6,2,1.91
P-001169,2025-01-01,1,180.3,2.1,4,5,96.4,24.1,2,1.7
P-001169,2025-02-01,2,167.3,3.2,4,4,93.7,18.3,2,1.04
P-001169,2025-03-01,3,171.3,7.3,1,3,89.5,17.5,2,1.46
P-001169,2025-04-01,4,171.3,6.2,2,3,91.4,18.7,2,1.58
P-001169,2025-05-01,5,166.0,7.2,2,4,89.3,18.0,2,1.46
P-001169,2025-06-01,6,178.1,7.2,0,4,87.9,19.8,2,1.7
P-001169,2025-07-01,7,172.9,6.3,1,5,90.5,18.7,2,1.39
P-001169,2025-08-01,8,178.5,6.6,1,5,92.6,20.2,2,1.35
P-001169,2025-09-01,9,171.3,5.6,2,4,94.5,18.5,2,1.58
P-001169,2025-10-01,10,171.4,10.3,1,3,90.3,19.4,2,1.76
P-001169,2025-11-01,11,172.1,5.1,2,5,90.4,19.9,2,1.53
P-001169,2025-12-01,12,179.5,8.2,4,6,92.8,28.9,2,2.18
P-001170,2025-01-01,1,174.2,6.8,4,5,89.8,25.2,2,1.69
P-001170,2025-02-01,2,174.3,4.0,1,6,87.9,19.7,2,1.55
P-001170,2025-03-01,3,178.6,0.0,4,5,92.0,22.2,2,1.17
P-001170,2025-04-01,4,169.6,2.2,4,5,90.2,20.4,3,1.2
P-001170,2025-05-01,5,186.4,13.6,3,5,88.6,30.0,2,1.37
P-001170,2025-06-01,6,176.8,10.1,4,3,88.4,25.4,2,1.27
P-001170,2025-07-01,7,172.9,10.1,2,7,87.4,25.5,2,2.07
P-001170,2025-08-01,8,177.6,5.1,2,6,93.0,21.4,2,1.29
P-001170,2025-09-01,9,176.4,8.3,0,4,90.1,18.3,2,1.34
P-001170,2025-10-01,10,182.9,10.3,2,3,93.4,23.4,2,1.3
P-001170,2025-11-01,11,176.3,6.3,4,6,89.1,26.3,2,1.59
P-001170,2025-12-01,12,174.4,1.7,1,6,93.9,17.5,2,1.48
P-001171,2025-01-01,1,187.3,12.4,3,4,85.0,30.1,2,1.46
P-001171,2025-02-01,2,177.2,8.0,4,3,86.8,26.1,2,1.75
P-001171,2025-03-01,3,184.4,13.1,2,6,84.8,29.1,2,1.48
P-001171,2025-04-01,4,223.7,42.7,4,8,44.9,72.5,4,3.53
P-001171,2025-05-01,5,219.6,31.8,4,8,42.2,67.1,3,3.54
P-001171,2025-06-01,6,216.1,37.7,5,13,47.9,72.7,4,3.72
P-001171,2025-07-01,7,199.4,32.9,8,10,52.8,67.1,4,3.81
P-001171,2025-08-01,8,212.4,34.0,4,9,46.7,63.5,4,2.82
P-001171,2025-09-01,9,179.5,7.4,4,6,87.0,29.1,2,1.92
P-001171,2025-10-01,10,184.0,9.3,3,3,86.3,28.0,2,1.95
P-001171,2025-11-01,11,186.2,10.4,3,4,85.8,29.1,2,1.6
P-001171,2025-12-01,12,181.7,11.2,1,3,85.5,25.1,2,2.1
P-001172,2025-01-01,1,174.8,5.5,2,5,89.8,21.1,2,1.54
P-001172,2025-02-01,2,179.3,8.9,4,3,88.4,26.2,2,1.46
P-001172,2025-03-01,3,176.3,7.5,2,3,89.0,20.6,2,1.26
P-001172,2025-04-01,4,171.4,5.8,3,7,89.7,22.9,2,1.47
P-001172,2025-05-01,5,177.4,7.0,4,4,89.2,25.5,2,1.56
P-001172,2025-06-01,6,211.7,28.5,6,7,61.4,61.5,4,3.37
P-001172,2025-07-01,7,212.9,24.8,5,8,62.5,59.1,4,3.3
P-001172,2025-08-01,8,176.8,4.5,3,4,90.2,24.1,2,2.25
P-001172,2025-09-01,9,173.0,4.2,2,5,90.3,18.5,2,1.0
P-001172,2025-10-01,10,169.8,6.6,4,6,89.3,23.1,2,1.19
P-001172,2025-11-01,11,181.3,4.8,4,4,90.1,26.3,2,1.78
P-001172,2025-12-01,12,169.4,5.8,3,4,89.7,21.0,2,1.78
P-001173,2025-01-01,1,173.8,9.7,2,4,86.1,22.3,2,1.41
P-001173,2025-02-01,2,172.3,7.1,1,5,87.1,18.8,2,1.17
P-001173,2025-03-01,3,177.7,11.0,2,6,85.6,28.0,2,2.39
P-001173,2025-04-01,4,217.9,32.2,7,9,55.3,70.0,4,3.6
P-001173,2025-05-01,5,218.0,38.2,8,6,49.9,73.9,4,3.9
P-001173,2025-06-01,6,212.0,34.4,4,6,47.4,64.0,4,3.88
P-001173,2025-07-01,7,212.2,20.7,5,10,45.5,63.2,3,3.92
P-001173,2025-08-01,8,221.4,33.3,9,7,40.0,77.1,4,3.81
P-001173,2025-09-01,9,173.0,12.0,2,4,85.2,23.6,2,1.62
P-001173,2025-10-01,10,175.7,6.3,1,4,87.5,20.1,2,1.61
P-001173,2025-11-01,11,179.2,12.9,2,5,84.9,28.0,2,2.07
P-001173,2025-12-01,12,176.9,13.1,4,5,84.8,30.7,2,2.08
P-001174,2025-01-01,1,169.1,2.5,1,4,89.9,15.6,2,1.54
P-001174,2025-02-01,2,172.0,8.1,2,5,90.5,20.9,2,1.47
P-001174,2025-03-01,3,171.6,10.7,2,5,87.9,22.1,2,1.37
P-001174,2025-04-01,4,169.7,10.9,2,4,87.5,21.2,3,1.46
P-001174,2025-05-01,5,164.8,0.0,1,3,96.1,10.4,2,1.23
P-001174,2025-06-01,6,166.4,2.5,3,3,97.1,16.4,2,1.72
P-001174,2025-07-01,7,176.0,8.3,1,4,91.7,19.4,2,1.3
P-001174,2025-08-01,8,168.2,8.2,4,5,90.6,23.2,2,1.55
P-001174,2025-09-01,9,171.0,9.9,3,4,90.7,22.2,2,1.42
P-001174,2025-10-01,10,175.7,4.6,1,4,92.2,18.7,2,1.71
P-001174,2025-11-01,11,175.8,3.2,1,6,91.5,20.3,2,1.99
P-001174,2025-12-01,12,172.2,4.3,1,5,93.8,16.1,2,1.05
P-001175,2025-01-01,1,179.0,4.8,4,4,88.1,25.5,2,1.63
P-001175,2025-02-01,2,172.3,3.3,2,3,88.7,19.6,2,2.08
P-001175,2025-03-01,3,180.0,11.7,1,3,85.3,24.2,2,1.87
P-001175,2025-04-01,4,205.1,27.4,7,11,51.3,65.3,4,3.49
P-001175,2025-05-01,5,203.6,33.6,6,8,48.7,65.7,3,4.08
P-001175,2025-06-01,6,202.1,38.5,4,9,42.6,66.2,4,4.28
P-001175,2025-07-01,7,205.7,30.0,4,7,50.2,59.7,3,3.71
P-001175,2025-08-01,8,216.0,35.3,4,8,46.9,65.4,3,3.16
P-001175,2025-09-01,9,173.0,5.7,1,6,87.7,20.2,2,1.63
P-001175,2025-10-01,10,174.4,12.3,1,5,85.1,24.3,2,2.05
P-001175,2025-11-01,11,184.1,9.4,2,4,86.2,26.8,2,1.85
P-001175,2025-12-01,12,171.5,7.1,1,5,87.2,20.5,2,1.96
P-001176,2025-01-01,1,173.1,8.6,1,4,86.6,21.1,2,1.92
P-001176,2025-02-01,2,181.0,8.8,1,5,86.5,23.9,2,1.62
P-001176,2025-03-01,3,173.3,8.3,1,6,86.7,22.8,2,2.11
P-001176,2025-04-01,4,226.7,38.5,7,8,47.9,75.2,3,3.13
P-001176,2025-05-01,5,209.2,36.3,5,9,46.4,68.4,4,4.2
P-001176,2025-06-01,6,212.6,34.8,4,6,50.2,63.9,3,3.9
P-001176,2025-07-01,7,212.2,35.6,4,9,45.8,65.8,3,3.47
P-001176,2025-08-01,8,212.0,35.3,4,7,40.0,65.7,3,3.58
P-001176,2025-09-01,9,174.4,9.8,1,3,86.1,22.3,2,2.26
P-001176,2025-10-01,10,172.3,7.7,3,4,86.9,23.8,2,1.97
P-001176,2025-11-01,11,175.8,5.9,1,4,87.6,20.4,2,1.8
P-001176,2025-12-01,12,175.2,6.5,2,5,87.4,23.2,2,1.94
P-001177,2025-01-01,1,191.9,11.9,3,6,77.2,37.0,3,2.54
P-001177,2025-02-01,2,185.4,18.8,3,6,74.5,37.1,3,2.14
P-001177,2025-03-01,3,181.9,9.9,5,6,78.1,35.2,3,2.28
P-001177,2025-04-01,4,230.9,41.1,6,10,43.5,82.2,5,4.71
P-001177,2025-05-01,5,239.6,42.3,8,10,43.4,88.8,5,4.57
P-001177,2025-06-01,6,239.1,41.7,9,11,44.9,89.8,5,4.33
P-001177,2025-07-01,7,240.6,51.7,5,13,44.2,89.1,5,4.26
P-001177,2025-08-01,8,249.7,53.8,9,11,37.8,98.0,5,4.52
P-001177,2025-09-01,9,246.7,38.6,14,10,41.1,98.0,5,4.18
P-001177,2025-10-01,10,251.4,58.8,5,12,35.3,97.3,5,4.43
P-001177,2025-11-01,11,251.4,58.6,7,11,34.4,98.0,5,4.25
P-001177,2025-12-01,12,254.5,56.8,12,12,37.4,98.0,5,4.89
P-001178,2025-01-01,1,169.9,4.2,3,3,92.3,18.9,2,1.62
P-001178,2025-02-01,2,170.4,10.0,0,4,89.8,17.8,2,1.68
P-001178,2025-03-01,3,171.3,10.1,1,6,90.3,20.2,2,1.32
P-001178,2025-04-01,4,166.3,7.1,1,3,90.7,15.3,2,1.38
P-001178,2025-05-01,5,172.9,9.8,1,3,86.5,20.1,3,1.63
P-001178,2025-06-01,6,169.2,4.8,2,3,95.7,15.6,2,1.19
P-001178,2025-07-01,7,164.2,6.0,4,3,89.2,19.2,2,1.3
P-001178,2025-08-01,8,170.6,8.4,1,5,92.6,19.1,2,1.69
P-001178,2025-09-01,9,170.1,6.8,0,5,91.3,16.0,2,1.37
P-001178,2025-10-01,10,173.3,9.0,1,7,90.2,22.5,2,1.86
P-001178,2025-11-01,11,168.7,5.9,0,5,89.1,16.2,2,1.63
P-001178,2025-12-01,12,170.7,1.3,1,4,93.4,14.8,2,1.47
P-001179,2025-01-01,1,173.3,8.3,3,6,88.7,25.0,2,1.8
P-001179,2025-02-01,2,176.7,12.1,4,6,87.2,30.7,2,2.2
P-001179,2025-03-01,3,225.0,42.7,9,7,42.2,83.2,4,4.36
P-001179,2025-04-01,4,219.2,49.6,7,8,40.1,80.7,3,3.95
P-001179,2025-05-01,5,226.3,26.9,8,11,46.9,74.8,4,3.42
P-001179,2025-06-01,6,221.9,33.5,6,14,45.0,75.7,4,3.68
P-001179,2025-07-01,7,219.4,33.3,5,12,45.0,73.2,3,4.25
P-001179,2025-08-01,8,221.0,38.6,8,12,43.4,79.6,4,3.59
P-001179,2025-09-01,9,223.7,35.8,10,7,44.2,79.3,3,3.61
P-001179,2025-10-01,10,172.2,8.1,0,4,88.8,17.6,2,1.58
P-001179,2025-11-01,11,168.1,10.9,3,5,87.6,23.7,2,1.78
P-001179,2025-12-01,12,172.9,12.8,0,3,86.9,20.2,2,1.87
P-001180,2025-01-01,1,183.3,8.6,2,3,86.6,25.5,2,1.86
P-001180,2025-02-01,2,183.3,11.4,1,4,85.4,23.7,2,1.01
P-001180,2025-03-01,3,185.1,11.7,3,3,85.3,30.0,2,2.13
P-001180,2025-04-01,4,224.3,21.6,9,11,43.9,73.7,4,3.24
P-001180,2025-05-01,5,225.0,40.1,4,10,40.0,74.6,4,3.72
P-001180,2025-06-01,6,224.2,44.4,4,10,42.9,75.2,4,3.6
P-001180,2025-07-01,7,209.4,38.9,9,9,40.0,76.7,3,3.86
P-001180,2025-08-01,8,212.5,28.6,9,10,41.4,74.9,4,4.28
P-001180,2025-09-01,9,187.5,7.1,2,4,87.1,26.5,2,1.7
P-001180,2025-10-01,10,190.2,10.3,2,3,85.9,28.7,2,1.84
P-001180,2025-11-01,11,193.7,9.5,1,6,86.2,29.4,2,1.66
P-001180,2025-12-01,12,186.6,9.8,2,3,86.1,27.2,2,1.84
P-001181,2025-01-01,1,159.5,9.5,1,4,88.2,14.9,2,1.34
P-001181,2025-02-01,2,169.8,5.1,4,6,90.0,23.6,2,1.71
P-001181,2025-03-01,3,167.0,4.6,2,5,90.2,18.1,2,1.61
P-001181,2025-04-01,4,167.9,7.8,1,4,88.9,19.3,2,2.25
P-001181,2025-05-01,5,165.2,8.1,1,5,88.8,17.6,2,1.61
P-001181,2025-06-01,6,194.7,21.3,6,9,63.6,54.0,4,3.56
P-001181,2025-07-01,7,198.3,27.5,7,7,61.8,58.2,4,3.44
P-001181,2025-08-01,8,170.0,6.0,1,3,89.6,17.0,2,1.67
P-001181,2025-09-01,9,171.1,13.3,0,4,86.7,19.8,2,1.59
P-001181,2025-10-01,10,167.7,2.5,4,3,91.0,19.6,2,1.72
P-001181,2025-11-01,11,164.4,6.9,1,5,89.2,15.5,2,1.12
P-001181,2025-12-01,12,165.8,13.1,2,5,86.8,21.0,2,1.28
P-001182,2025-01-01,1,177.4,8.1,3,3,89.9,23.7,2,1.62
P-001182,2025-02-01,2,175.8,7.5,2,4,86.3,22.6,2,1.66
P-001182,2025-03-01,3,170.9,7.8,4,5,87.5,23.5,2,1.12
P-001182,2025-04-01,4,181.2,7.5,0,4,93.1,20.4,2,1.85
P-001182,2025-05-01,5,173.6,5.0,4,5,93.6,24.0,2,1.88
P-001182,2025-06-01,6,172.9,5.9,3,5,90.3,21.8,2,1.37
P-001182,2025-07-01,7,177.3,2.4,4,4,92.1,22.2,2,1.25
P-001182,2025-08-01,8,176.3,5.5,0,3,96.4,15.6,2,1.49
P-001182,2025-09-01,9,172.3,4.8,0,6,96.7,16.7,2,1.8
P-001182,2025-10-01,10,172.3,3.0,3,5,93.8,20.2,2,1.55
P-001182,2025-11-01,11,172.6,9.3,3,3,92.2,22.4,2,1.75
P-001182,2025-12-01,12,173.5,9.4,4,5,87.7,25.5,2,1.29
P-001183,2025-01-01,1,174.4,18.8,1,3,82.5,25.8,2,1.88
P-001183,2025-02-01,2,180.8,7.2,4,5,87.1,27.7,2,1.48
P-001183,2025-03-01,3,179.4,15.2,1,5,83.9,26.2,2,1.52
P-001183,2025-04-01,4,201.8,30.2,4,10,43.9,61.6,3,3.73
P-001183,2025-05-01,5,207.4,23.2,8,10,57.5,62.0,4,2.61
P-001183,2025-06-01,6,212.2,37.4,4,8,45.1,65.8,4,3.36
P-001183,2025-07-01,7,209.2,27.5,7,6,53.1,63.7,3,3.74
P-001183,2025-08-01,8,214.6,18.0,6,11,52.4,64.3,4,4.06
P-001183,2025-09-01,9,169.8,9.2,2,4,86.3,20.4,2,1.36
P-001183,2025-10-01,10,176.2,5.2,2,4,87.9,21.7,2,1.75
P-001183,2025-11-01,11,177.8,10.2,2,7,85.9,26.8,2,1.77
P-001183,2025-12-01,12,177.6,9.1,2,5,86.4,25.0,2,1.82
P-001184,2025-01-01,1,176.1,4.7,2,5,96.1,19.5,1,1.32
P-001184,2025-02-01,2,224.5,37.3,8,11,46.8,78.8,4,3.53
P-001184,2025-03-01,3,224.7,38.9,4,8,46.3,72.5,4,4.14
P-001184,2025-04-01,4,230.6,33.6,7,11,47.9,79.1,4,4.13
P-001184,2025-05-01,5,226.0,37.8,4,6,46.7,70.7,4,3.95
P-001184,2025-06-01,6,124.7,0.0,0,3,120.0,5.0,1,1.0
P-001184,2025-07-01,7,170.7,5.7,1,6,95.7,17.7,1,1.54
P-001184,2025-08-01,8,177.0,4.1,1,5,96.4,17.7,1,1.26
P-001184,2025-09-01,9,180.4,7.7,0,6,94.9,20.2,1,1.45
P-001184,2025-10-01,10,179.9,3.9,1,5,96.4,18.7,1,1.26
P-001184,2025-11-01,11,181.7,4.5,2,6,96.2,22.3,1,1.41
P-001184,2025-12-01,12,183.4,5.1,0,3,96.0,17.3,1,1.21
P-001185,2025-01-01,1,177.7,5.6,1,6,94.0,20.8,2,1.68
P-001185,2025-02-01,2,170.7,4.9,4,7,97.4,22.4,2,1.41
P-001185,2025-03-01,3,169.1,7.1,4,4,88.6,23.9,2,2.01
P-001185,2025-04-01,4,177.2,0.3,1,4,90.5,17.3,2,1.49
P-001185,2025-05-01,5,177.0,8.2,3,4,87.0,24.0,2,1.32
P-001185,2025-06-01,6,174.3,5.3,3,5,89.8,24.3,2,2.24
P-001185,2025-07-01,7,179.0,3.5,0,4,94.3,18.1,2,1.99
P-001185,2025-08-01,8,170.9,7.2,1,3,89.5,17.7,2,1.61
P-001185,2025-09-01,9,169.3,2.6,0,5,90.9,14.4,2,1.52
P-001185,2025-10-01,10,177.4,4.9,1,4,90.8,19.1,2,1.48
P-001185,2025-11-01,11,182.4,9.2,2,4,91.2,24.0,2,1.38
P-001185,2025-12-01,12,172.7,9.2,1,5,90.3,19.4,2,1.23
P-001186,2025-01-01,1,171.9,3.8,0,4,96.5,13.4,1,1.23
P-001186,2025-02-01,2,227.0,44.2,6,7,44.7,77.5,4,3.75
P-001186,2025-03-01,3,221.9,25.5,6,6,50.4,67.0,4,4.07
P-001186,2025-04-01,4,226.2,35.7,7,12,47.3,80.5,4,4.65
P-001186,2025-05-01,5,221.3,37.8,4,10,46.7,72.9,4,4.43
P-001186,2025-06-01,6,119.0,0.0,0,3,120.0,5.0,1,1.0
P-001186,2025-07-01,7,172.5,5.2,0,4,95.9,14.4,1,1.26
P-001186,2025-08-01,8,167.5,4.6,3,3,96.2,17.4,1,1.56
P-001186,2025-09-01,9,174.6,4.3,1,6,96.3,17.6,1,1.21
P-001186,2025-10-01,10,163.7,4.2,2,3,96.3,13.4,1,1.24
P-001186,2025-11-01,11,179.3,7.3,2,4,95.1,21.5,1,1.41
P-001186,2025-12-01,12,164.3,4.9,0,5,96.0,12.3,1,1.36
P-001187,2025-01-01,1,187.6,13.1,4,3,86.7,30.9,2,1.33
P-001187,2025-02-01,2,182.9,9.0,3,5,88.4,27.0,2,1.4
P-001187,2025-03-01,3,231.5,41.9,11,12,42.4,90.4,3,3.83
P-001187,2025-04-01,4,238.3,39.6,10,8,43.1,87.1,4,3.69
P-001187,2025-05-01,5,233.8,31.1,6,10,45.7,77.4,3,4.22
P-001187,2025-06-01,6,226.6,40.0,11,9,43.0,85.4,4,3.67
P-001187,2025-07-01,7,235.8,38.4,10,7,43.5,85.1,3,3.77
P-001187,2025-08-01,8,229.3,35.9,4,10,44.2,74.4,3,4.06
P-001187,2025-09-01,9,227.3,43.2,8,8,42.0,83.3,4,4.39
P-001187,2025-10-01,10,192.5,11.8,0,6,87.3,28.9,2,2.01
P-001187,2025-11-01,11,190.0,10.5,1,3,87.8,27.0,2,1.97
P-001187,2025-12-01,12,185.5,6.8,1,3,89.3,22.1,2,1.38
P-001188,2025-01-01,1,179.3,8.3,4,5,92.2,26.7,2,1.5
P-001188,2025-02-01,2,182.9,6.1,3,5,94.2,24.5,2,1.32
P-001188,2025-03-01,3,178.2,9.6,1,4,91.0,22.4,2,1.91
P-001188,2025-04-01,4,170.9,2.3,4,5,89.4,22.8,2,1.93
P-001188,2025-05-01,5,182.8,6.9,3,4,91.1,26.2,2,1.9
P-001188,2025-06-01,6,177.0,7.4,3,3,87.2,23.9,2,1.7
P-001188,2025-07-01,7,180.3,7.2,4,7,90.6,27.7,2,1.3
P-001188,2025-08-01,8,174.1,5.7,3,5,90.4,22.6,2,1.57
P-001188,2025-09-01,9,179.7,7.0,0,4,94.5,19.0,2,1.68
P-001188,2025-10-01,10,177.7,6.9,2,4,90.7,21.1,2,1.2
P-001188,2025-11-01,11,176.6,4.9,3,4,92.0,21.3,2,1.21
P-001188,2025-12-01,12,171.4,5.9,4,5,89.0,23.1,2,1.35
P-001189,2025-01-01,1,171.5,3.8,4,5,95.5,21.9,2,1.66
P-001189,2025-02-01,2,164.6,6.9,2,5,89.9,18.5,2,1.7
P-001189,2025-03-01,3,167.8,9.3,4,5,91.3,22.7,2,1.3
P-001189,2025-04-01,4,165.4,6.2,3,5,90.3,19.3,2,1.37
P-001189,2025-05-01,5,168.4,10.2,2,4,89.5,19.6,2,1.29
P-001189,2025-06-01,6,166.8,4.3,0,3,96.8,11.8,2,1.51
P-001189,2025-07-01,7,173.4,7.3,1,3,90.6,18.0,2,1.43
P-001189,2025-08-01,8,165.8,3.0,1,6,94.4,16.2,2,1.99
P-001189,2025-09-01,9,173.6,4.9,4,5,85.4,24.2,2,1.36
P-001189,2025-10-01,10,168.5,11.6,0,4,84.4,19.1,2,1.79
P-001189,2025-11-01,11,171.9,13.3,2,5,85.2,24.4,2,1.6
P-001189,2025-12-01,12,164.0,7.9,1,4,93.8,14.6,2,1.26
P-001190,2025-01-01,1,174.2,9.6,1,5,88.2,21.1,2,1.48
P-001190,2025-02-01,2,173.9,6.7,1,6,89.3,21.2,2,1.85
P-001190,2025-03-01,3,237.8,36.8,8,9,44.0,83.4,3,3.89
P-001190,2025-04-01,4,225.9,42.2,8,9,42.4,80.6,3,3.44
P-001190,2025-05-01,5,227.3,37.9,7,11,43.6,80.3,3,4.06
P-001190,2025-06-01,6,234.7,35.1,11,10,44.5,87.1,3,3.84
P-001190,2025-07-01,7,226.0,42.3,7,9,42.3,80.6,4,4.05
P-001190,2025-08-01,8,227.0,39.4,7,9,43.2,78.7,4,3.69
P-001190,2025-09-01,9,234.1,28.3,6,7,46.5,73.5,4,3.94
P-001190,2025-10-01,10,177.2,5.4,3,5,89.9,24.4,2,1.86
P-001190,2025-11-01,11,182.2,6.5,1,4,89.4,23.0,2,1.97
P-001190,2025-12-01,12,182.8,4.0,0,4,90.4,19.1,2,1.51
P-001191,2025-01-01,1,169.9,8.3,1,4,84.6,18.8,2,1.38
P-001191,2025-02-01,2,174.7,10.1,1,6,86.4,21.8,2,1.18
P-001191,2025-03-01,3,172.8,8.0,2,5,90.2,22.1,2,1.84
P-001191,2025-04-01,4,172.3,7.3,3,5,94.5,21.7,2,1.51
P-001191,2025-05-01,5,170.4,10.2,1,4,90.6,20.4,2,2.04
P-001191,2025-06-01,6,171.3,6.2,2,3,91.8,18.6,2,1.56
P-001191,2025-07-01,7,167.7,3.8,3,4,94.8,18.2,2,1.62
P-001191,2025-08-01,8,170.0,6.6,1,5,86.6,19.9,2,1.96
P-001191,2025-09-01,9,177.0,9.2,0,5,92.0,18.9,2,1.22
P-001191,2025-10-01,10,171.8,0.0,0,6,91.3,15.3,2,1.73
P-001191,2025-11-01,11,169.8,8.3,2,4,94.3,18.9,2,1.46
P-001191,2025-12-01,12,178.7,9.2,1,5,86.6,22.6,2,1.37
P-001192,2025-01-01,1,181.6,14.8,3,5,84.1,30.8,2,1.81
P-001192,2025-02-01,2,184.9,8.9,3,6,86.4,30.9,2,2.27
P-001192,2025-03-01,3,184.6,9.4,1,5,86.2,25.6,2,1.68
P-001192,2025-04-01,4,226.2,29.2,5,11,51.3,71.2,4,3.94
P-001192,2025-05-01,5,230.0,30.6,6,9,44.4,75.1,4,4.07
P-001192,2025-06-01,6,217.1,33.0,9,12,43.9,78.1,3,3.83
P-001192,2025-07-01,7,213.0,28.1,7,10,44.6,70.2,3,4.0
P-001192,2025-08-01,8,214.9,28.4,4,6,53.0,62.1,3,4.11
P-001192,2025-09-01,9,186.5,7.9,2,4,86.9,27.2,2,1.98
P-001192,2025-10-01,10,182.9,8.4,3,4,86.6,27.6,2,1.85
P-001192,2025-11-01,11,191.7,7.8,1,5,86.9,27.6,2,1.81
P-001192,2025-12-01,12,188.2,14.4,3,4,84.2,32.9,2,2.07
P-001193,2025-01-01,1,179.2,4.2,3,6,94.9,24.6,2,1.95
P-001193,2025-02-01,2,177.9,8.2,1,6,87.0,21.5,2,1.0
P-001193,2025-03-01,3,182.0,2.7,4,5,95.0,25.5,2,1.77
P-001193,2025-04-01,4,179.4,11.6,1,3,91.5,21.2,2,1.24
P-001193,2025-05-01,5,177.2,7.0,0,5,92.0,18.0,2,1.21
P-001193,2025-06-01,6,181.4,6.0,1,4,93.1,19.5,2,1.04
P-001193,2025-07-01,7,185.1,2.4,4,6,103.2,25.3,2,1.68
P-001193,2025-08-01,8,175.8,6.0,0,5,92.5,16.7,2,1.07
P-001193,2025-09-01,9,171.6,5.7,3,5,93.4,20.5,2,1.28
P-001193,2025-10-01,10,183.8,4.9,2,4,88.6,24.1,2,1.72
P-001193,2025-11-01,11,175.6,5.3,1,6,97.7,18.0,2,1.17
P-001193,2025-12-01,12,180.7,7.4,1,6,92.1,22.5,2,1.52
P-001194,2025-01-01,1,171.6,7.5,4,5,87.0,26.3,2,2.16
P-001194,2025-02-01,2,177.0,12.6,2,6,85.0,26.7,2,1.63
P-001194,2025-03-01,3,174.7,14.4,1,4,84.3,22.3,2,1.07
P-001194,2025-04-01,4,200.4,42.5,7,9,40.0,73.6,4,4.63
P-001194,2025-05-01,5,205.1,23.7,6,12,45.2,65.3,3,4.03
P-001194,2025-06-01,6,214.5,22.5,5,9,61.5,61.1,4,3.95
P-001194,2025-07-01,7,211.6,37.6,4,9,49.9,68.3,4,4.52
P-001194,2025-08-01,8,213.5,43.8,4,9,46.1,69.9,3,3.54
P-001194,2025-09-01,9,176.6,5.9,1,4,87.6,20.1,2,1.57
P-001194,2025-10-01,10,174.0,13.1,4,3,84.8,27.3,2,1.65
P-001194,2025-11-01,11,167.9,9.0,1,4,86.4,18.5,2,1.54
P-001194,2025-12-01,12,169.6,13.9,1,6,84.4,23.2,2,1.69
P-001195,2025-01-01,1,177.6,10.0,4,5,91.1,26.8,2,1.41
P-001195,2025-02-01,2,188.6,0.8,1,3,94.0,20.1,2,1.46
P-001195,2025-03-01,3,184.3,3.8,3,6,93.9,25.5,2,1.58
P-001195,2025-04-01,4,184.1,7.1,1,4,90.2,22.1,3,1.33
P-001195,2025-05-01,5,182.0,7.5,2,3,91.5,23.1,2,1.65
P-001195,2025-06-01,6,184.9,3.1,1,4,93.0,21.5,2,1.85
P-001195,2025-07-01,7,183.2,2.8,3,3,88.2,24.1,2,1.74
P-001195,2025-08-01,8,182.9,3.4,4,4,97.4,23.2,2,1.07
P-001195,2025-09-01,9,183.8,8.0,4,5,93.5,28.4,2,1.72
P-001195,2025-10-01,10,184.4,6.5,1,4,93.1,21.8,2,1.48
P-001195,2025-11-01,11,183.3,5.1,3,5,91.0,24.1,2,1.03
P-001195,2025-12-01,12,188.7,7.5,0,5,93.8,23.1,2,1.65
P-001196,2025-01-01,1,179.0,6.9,1,6,95.2,21.3,1,1.58
P-001196,2025-02-01,2,213.3,32.3,4,6,48.3,64.0,4,4.09
P-001196,2025-03-01,3,229.0,31.2,4,10,48.7,69.8,4,3.36
P-001196,2025-04-01,4,228.6,36.8,5,10,47.0,75.6,4,4.03
P-001196,2025-05-01,5,221.2,30.8,8,9,48.8,74.2,4,3.92
P-001196,2025-06-01,6,121.9,0.0,0,3,120.0,5.0,1,1.0
P-001196,2025-07-01,7,178.3,5.5,1,4,95.8,18.4,1,1.31
P-001196,2025-08-01,8,176.8,2.7,1,4,96.9,15.9,1,1.08
P-001196,2025-09-01,9,175.6,4.2,0,4,96.3,15.3,1,1.42
P-001196,2025-10-01,10,172.8,6.3,0,3,95.5,14.8,1,1.44
P-001196,2025-11-01,11,174.0,8.6,0,5,94.5,17.5,1,1.37
P-001196,2025-12-01,12,173.5,3.8,2,5,96.5,18.9,1,1.62
P-001197,2025-01-01,1,179.9,9.2,4,4,88.3,26.1,2,1.0
P-001197,2025-02-01,2,170.7,9.9,3,6,88.0,23.8,2,1.36
P-001197,2025-03-01,3,173.2,9.9,4,5,88.0,25.2,2,1.17
P-001197,2025-04-01,4,178.3,7.3,0,4,89.1,18.9,2,1.4
P-001197,2025-05-01,5,174.5,4.7,1,3,90.1,16.3,2,1.0
P-001197,2025-06-01,6,210.2,28.4,5,8,61.5,59.6,4,3.23
P-001197,2025-07-01,7,203.3,23.1,6,6,63.1,54.6,4,3.07
P-001197,2025-08-01,8,177.7,4.7,1,3,90.1,17.7,2,1.1
P-001197,2025-09-01,9,175.9,8.8,0,4,88.5,19.9,2,1.82
P-001197,2025-10-01,10,168.8,7.8,4,5,88.9,23.5,2,1.53
P-001197,2025-11-01,11,179.6,10.0,1,5,88.0,22.8,2,1.32
P-001197,2025-12-01,12,175.1,2.6,1,4,91.0,17.8,2,1.65
P-001198,2025-01-01,1,189.9,8.4,4,5,88.6,31.0,2,1.47
P-001198,2025-02-01,2,176.8,9.1,1,5,88.3,21.4,2,1.31
P-001198,2025-03-01,3,187.9,10.1,3,4,87.9,28.5,2,1.34
P-001198,2025-04-01,4,182.6,7.2,0,4,89.1,21.3,2,1.79
P-001198,2025-05-01,5,180.9,13.0,0,4,86.8,23.1,2,1.6
P-001198,2025-06-01,6,214.4,24.6,7,6,62.6,61.0,4,3.13
P-001198,2025-07-01,7,215.8,23.7,4,7,62.9,55.6,4,2.65
P-001198,2025-08-01,8,182.6,9.7,0,4,88.1,20.6,2,1.0
P-001198,2025-09-01,9,181.7,1.4,1,5,91.4,19.5,2,1.37
P-001198,2025-10-01,10,179.2,10.1,2,4,88.0,24.0,2,1.44
P-001198,2025-11-01,11,177.4,7.8,3,6,88.9,26.4,2,1.89
P-001198,2025-12-01,12,181.3,7.8,1,5,88.9,24.3,2,2.09
P-001199,2025-01-01,1,177.8,7.4,4,6,89.0,27.4,2,1.65
P-001199,2025-02-01,2,177.5,3.8,3,5,90.5,24.0,2,1.99
P-001199,2025-03-01,3,227.9,42.3,7,10,42.3,82.6,4,4.31
P-001199,2025-04-01,4,226.7,42.8,6,8,42.2,78.8,3,4.09
P-001199,2025-05-01,5,218.8,35.3,11,10,44.4,82.3,3,4.12
P-001199,2025-06-01,6,218.2,42.8,9,9,42.1,80.8,4,3.8
P-001199,2025-07-01,7,227.9,38.3,6,12,43.5,80.3,4,4.31
P-001199,2025-08-01,8,229.7,35.3,6,7,44.4,77.0,4,4.6
P-001199,2025-09-01,9,220.3,39.1,4,10,43.3,72.4,3,3.93
P-001199,2025-10-01,10,178.0,6.6,0,6,89.4,21.6,2,2.11
P-001199,2025-11-01,11,178.5,7.8,4,6,88.9,27.8,2,1.65
P-001199,2025-12-01,12,178.8,13.9,3,5,86.4,28.7,2,1.69
P-001200,2025-01-01,1,173.1,7.6,1,5,89.1,19.5,2,1.4
P-001200,2025-02-01,2,175.9,5.8,4,5,88.9,24.8,2,1.4
P-001200,2025-03-01,3,179.9,5.8,3,4,99.3,23.1,2,1.87
P-001200,2025-04-01,4,176.5,1.7,2,5,96.7,19.3,2,1.69
P-001200,2025-05-01,5,173.4,8.6,3,5,89.8,22.9,3,1.27
P-001200,2025-06-01,6,176.4,12.8,2,5,85.6,25.9,2,1.69
P-001200,2025-07-01,7,180.2,10.3,1,3,91.0,21.9,2,1.55
P-001200,2025-08-01,8,181.7,9.2,2,5,87.5,24.2,2,1.0
P-001200,2025-09-01,9,173.7,5.4,4,5,91.5,25.1,2,2.1
P-001200,2025-10-01,10,181.8,7.2,1,5,92.5,21.1,2,1.13
P-001200,2025-11-01,11,176.2,0.2,2,6,94.3,19.2,2,1.52
P-001200,2025-12-01,12,173.4,9.0,2,5,87.5,21.4,2,1.09
P-001201,2025-01-01,1,180.9,4.9,3,5,90.0,25.4,2,1.83
P-001201,2025-02-01,2,186.7,11.5,1,5,87.4,28.2,2,2.18
P-001201,2025-03-01,3,233.3,35.3,10,7,44.4,84.1,4,4.27
P-001201,2025-04-01,4,228.1,46.6,9,10,41.0,87.9,4,4.25
P-001201,2025-05-01,5,237.3,40.0,10,10,43.0,89.4,4,4.19
P-001201,2025-06-01,6,224.6,41.1,10,10,42.7,85.5,3,4.15
P-001201,2025-07-01,7,238.4,48.2,4,10,40.5,82.9,4,3.87
P-001201,2025-08-01,8,229.5,35.4,6,8,44.4,75.4,4,3.73
P-001201,2025-09-01,9,232.1,44.1,9,10,41.8,87.0,3,3.8
P-001201,2025-10-01,10,185.8,8.2,4,6,88.7,30.4,2,1.58
P-001201,2025-11-01,11,180.5,10.0,0,5,88.0,21.6,2,1.36
P-001201,2025-12-01,12,179.2,2.9,0,5,90.8,19.5,2,2.12
P-001202,2025-01-01,1,174.3,1.9,1,5,97.2,16.3,2,1.49
P-001202,2025-02-01,2,180.0,9.5,4,5,89.3,28.6,2,1.75
P-001202,2025-03-01,3,180.9,7.6,2,5,91.1,23.9,2,1.52
P-001202,2025-04-01,4,174.4,11.0,2,4,87.1,24.6,2,2.13
P-001202,2025-05-01,5,174.8,7.9,2,4,91.7,20.9,2,1.45
P-001202,2025-06-01,6,173.0,6.8,1,3,87.7,17.9,2,1.32
P-001202,2025-07-01,7,176.8,7.0,1,4,90.1,19.3,2,1.23
P-001202,2025-08-01,8,178.6,7.2,3,5,89.9,25.1,2,1.65
P-001202,2025-09-01,9,174.0,1.5,0,5,98.3,13.8,2,1.34
P-001202,2025-10-01,10,166.4,8.2,2,4,93.1,18.3,2,1.62
P-001202,2025-11-01,11,182.5,3.9,1,4,99.4,18.1,2,1.18
P-001202,2025-12-01,12,177.0,3.5,2,4,95.5,19.7,2,1.67
P-001203,2025-01-01,1,166.8,6.4,3,4,94.3,19.0,2,1.57
P-001203,2025-02-01,2,173.7,3.0,3,4,97.3,18.9,2,1.37
P-001203,2025-03-01,3,171.1,6.6,0,6,91.5,16.5,2,1.2
P-001203,2025-04-01,4,178.4,12.5,3,4,91.1,26.2,2,1.6
P-001203,2025-05-01,5,171.8,4.9,2,6,92.9,18.6,2,1.0
P-001203,2025-06-01,6,169.5,5.7,2,5,90.4,18.4,2,1.17
P-001203,2025-07-01,7,175.6,5.5,2,5,86.6,21.0,2,1.13
P-001203,2025-08-01,8,173.2,9.6,4,3,91.7,24.3,2,1.68
P-001203,2025-09-01,9,171.1,3.7,1,6,93.8,17.2,2,1.49
P-001203,2025-10-01,10,176.7,3.9,0,6,93.1,18.1,2,1.61
P-001203,2025-11-01,11,171.9,5.2,4,5,90.2,23.3,2,1.54
P-001203,2025-12-01,12,174.6,8.1,0,5,88.7,18.5,2,1.34
P-001204,2025-01-01,1,179.4,7.5,3,5,95.5,24.2,2,1.56
P-001204,2025-02-01,2,175.2,2.1,0,4,100.4,14.5,2,1.8
P-001204,2025-03-01,3,173.4,0.9,0,3,90.2,13.3,2,1.28
P-001204,2025-04-01,4,177.5,1.9,1,5,93.5,17.8,2,1.38
P-001204,2025-05-01,5,181.4,9.0,2,5,95.0,23.7,2,1.44
P-001204,2025-06-01,6,176.4,3.8,4,3,93.8,21.9,2,1.41
P-001204,2025-07-01,7,180.7,7.8,2,3,95.8,20.4,2,1.0
P-001204,2025-08-01,8,173.4,5.8,3,4,94.6,20.3,2,1.31
P-001204,2025-09-01,9,173.0,3.8,1,6,92.0,18.7,2,1.68
P-001204,2025-10-01,10,183.0,5.3,2,4,94.1,21.1,2,1.0
P-001204,2025-11-01,11,171.1,8.8,2,5,92.9,21.1,2,1.7
P-001204,2025-12-01,12,173.1,10.7,4,4,86.7,26.0,2,1.56
P-001205,2025-01-01,1,166.1,8.1,2,4,90.6,19.6,2,2.04
P-001205,2025-02-01,2,172.2,3.5,1,4,97.2,17.9,2,2.42
P-001205,2025-03-01,3,177.8,2.5,2,6,92.8,21.7,2,1.78
P-001205,2025-04-01,4,172.4,5.1,2,3,94.7,16.5,2,1.0
P-001205,2025-05-01,5,176.0,6.8,4,6,92.6,24.3,2,1.03
P-001205,2025-06-01,6,170.1,3.0,2,6,93.8,17.0,2,1.0
P-001205,2025-07-01,7,175.6,6.3,3,5,91.8,22.7,2,1.4
P-001205,2025-08-01,8,168.1,10.0,0,4,87.5,16.9,2,1.43
P-001205,2025-09-01,9,170.2,2.4,2,5,91.4,20.3,2,2.47
P-001205,2025-10-01,10,178.1,6.8,0,5,90.0,19.0,2,1.36
P-001205,2025-11-01,11,170.0,5.3,3,5,90.0,21.2,2,1.64
P-001205,2025-12-01,12,175.4,4.7,2,5,89.4,21.3,2,1.63
P-001206,2025-01-01,1,182.0,17.4,1,5,75.0,33.1,3,2.9
P-001206,2025-02-01,2,195.2,14.8,2,4,76.1,37.4,3,2.87
P-001206,2025-03-01,3,187.9,20.4,3,7,73.8,39.6,3,2.19
P-001206,2025-04-01,4,229.2,43.3,10,9,42.9,89.0,5,4.85
P-001206,2025-05-01,5,238.2,48.1,8,8,44.4,89.7,5,4.77
P-001206,2025-06-01,6,240.3,42.1,10,9,45.2,90.3,5,4.21
P-001206,2025-07-01,7,242.7,44.8,5,11,37.5,86.7,5,4.17
P-001206,2025-08-01,8,242.0,58.7,13,12,38.8,98.0,5,4.26
P-001206,2025-09-01,9,255.0,51.3,6,9,38.1,93.5,5,4.01
P-001206,2025-10-01,10,259.3,52.6,6,9,39.9,95.9,5,4.3
P-001206,2025-11-01,11,259.7,58.1,6,10,38.3,98.0,5,4.37
P-001206,2025-12-01,12,274.9,60.0,14,10,33.5,98.0,5,4.63
P-001207,2025-01-01,1,182.0,4.7,3,5,90.1,25.5,2,1.76
P-001207,2025-02-01,2,180.0,4.1,0,5,90.4,17.8,2,1.07
P-001207,2025-03-01,3,232.6,29.2,9,11,46.3,80.5,4,3.7
P-001207,2025-04-01,4,219.9,28.9,4,7,46.3,64.4,3,3.49
P-001207,2025-05-01,5,240.0,38.3,10,11,43.5,89.6,3,3.94
P-001207,2025-06-01,6,227.8,28.5,8,7,46.5,75.2,3,4.11
P-001207,2025-07-01,7,229.2,35.5,7,9,44.4,79.6,3,4.51
P-001207,2025-08-01,8,236.0,33.4,11,7,45.0,85.5,4,4.17
P-001207,2025-09-01,9,225.1,36.9,5,7,43.9,73.5,3,4.22
P-001207,2025-10-01,10,184.6,6.0,1,4,89.6,24.0,2,2.15
P-001207,2025-11-01,11,180.5,2.8,4,5,90.9,26.8,2,2.22
P-001207,2025-12-01,12,180.1,7.9,2,5,88.8,26.2,2,2.35
P-001208,2025-01-01,1,164.9,3.1,2,6,93.8,17.2,2,1.78
P-001208,2025-02-01,2,167.5,7.1,2,5,92.2,19.5,2,1.82
P-001208,2025-03-01,3,166.3,9.0,1,4,92.4,16.3,2,1.33
P-001208,2025-04-01,4,168.1,5.3,0,4,93.4,13.2,2,1.19
P-001208,2025-05-01,5,168.8,7.3,2,6,93.5,21.2,2,2.12
P-001208,2025-06-01,6,164.9,6.3,2,5,91.9,17.6,2,1.53
P-001208,2025-07-01,7,169.2,3.2,4,5,93.5,22.5,2,2.18
P-001208,2025-08-01,8,157.8,3.0,2,5,87.9,14.3,2,1.47
P-001208,2025-09-01,9,165.9,6.0,1,5,92.9,15.0,2,1.14
P-001208,2025-10-01,10,167.8,9.4,1,4,90.7,17.8,2,1.52
P-001208,2025-11-01,11,168.9,7.7,1,5,88.7,17.8,2,1.23
P-001208,2025-12-01,12,173.4,5.1,2,7,87.1,23.3,2,1.95
P-001209,2025-01-01,1,173.0,4.2,2,6,90.7,20.3,2,1.48
P-001209,2025-02-01,2,171.2,9.2,3,6,89.4,23.7,2,1.5
P-001209,2025-03-01,3,174.9,2.4,1,6,89.1,18.3,2,1.24
P-001209,2025-04-01,4,184.9,2.6,2,4,87.5,22.9,2,1.43
P-001209,2025-05-01,5,167.6,8.0,0,4,89.8,16.4,2,1.82
P-001209,2025-06-01,6,175.9,7.5,4,5,89.8,25.9,2,1.62
P-001209,2025-07-01,7,181.3,4.8,1,5,98.7,20.4,2,1.8
P-001209,2025-08-01,8,178.0,5.6,2,4,84.6,22.8,2,1.62
P-001209,2025-09-01,9,175.4,5.5,2,4,91.8,20.1,2,1.46
P-001209,2025-10-01,10,177.4,11.0,4,5,88.3,27.8,2,1.46
P-001209,2025-11-01,11,176.1,6.1,2,3,93.9,20.7,2,1.91
P-001209,2025-12-01,12,173.0,6.6,1,5,91.8,18.4,2,1.35
P-001210,2025-01-01,1,180.4,4.4,3,5,90.2,24.0,2,1.45
P-001210,2025-02-01,2,184.6,6.5,3,7,89.4,28.0,2,1.5
P-001210,2025-03-01,3,174.7,9.4,4,3,88.3,24.9,2,1.51
P-001210,2025-04-01,4,177.3,9.9,3,4,88.0,25.2,2,1.54
P-001210,2025-05-01,5,180.0,11.8,2,5,87.3,24.7,2,1.0
P-001210,2025-06-01,6,213.9,30.1,6,9,61.0,63.8,4,3.12
P-001210,2025-07-01,7,215.9,19.0,7,7,64.3,58.6,4,2.73
P-001210,2025-08-01,8,181.9,8.1,2,4,88.8,25.8,2,2.14
P-001210,2025-09-01,9,180.9,4.2,1,5,90.3,22.5,2,2.14
P-001210,2025-10-01,10,171.8,6.2,3,5,89.5,21.1,2,1.13
P-001210,2025-11-01,11,174.4,4.3,1,5,90.3,18.0,2,1.25
P-001210,2025-12-01,12,178.4,14.2,1,6,86.3,25.0,2,1.25
P-001211,2025-01-01,1,170.0,5.5,2,5,88.5,20.0,2,1.64
P-001211,2025-02-01,2,179.7,7.8,2,6,89.8,25.6,2,1.99
P-001211,2025-03-01,3,179.1,6.5,1,5,94.1,19.8,2,1.23
P-001211,2025-04-01,4,185.2,9.0,1,4,93.0,22.9,3,1.36
P-001211,2025-05-01,5,175.3,0.0,4,4,99.8,20.7,2,1.88
P-001211,2025-06-01,6,174.7,10.4,3,6,90.6,25.5,2,1.59
P-001211,2025-07-01,7,176.5,4.3,2,4,89.5,20.1,2,1.32
P-001211,2025-08-01,8,186.8,5.7,1,5,88.9,24.7,2,1.83
P-001211,2025-09-01,9,186.0,3.8,2,7,94.5,24.8,2,1.53
P-001211,2025-10-01,10,171.7,5.5,4,6,91.7,23.7,2,1.52
P-001211,2025-11-01,11,175.4,3.1,2,4,93.1,18.4,2,1.3
P-001211,2025-12-01,12,178.7,4.4,2,3,96.6,19.6,2,1.59
P-001212,2025-01-01,1,174.7,6.1,1,5,91.0,19.9,2,1.69
P-001212,2025-02-01,2,175.2,5.1,0,3,90.0,15.8,2,1.29
P-001212,2025-03-01,3,175.8,10.6,3,5,90.5,26.8,2,2.2
P-001212,2025-04-01,4,166.8,8.0,3,6,91.6,21.0,3,1.4
P-001212,2025-05-01,5,168.3,12.2,4,3,89.0,23.5,2,1.41
P-001212,2025-06-01,6,177.7,3.1,0,4,90.4,16.5,2,1.33
P-001212,2025-07-01,7,174.8,8.5,4,5,86.2,26.9,2,1.71
P-001212,2025-08-01,8,179.0,9.1,4,5,98.0,26.5,2,1.79
P-001212,2025-09-01,9,168.1,9.4,1,7,91.3,19.3,2,1.36
P-001212,2025-10-01,10,170.2,6.6,0,6,88.9,18.6,2,1.97
P-001212,2025-11-01,11,176.5,4.0,1,6,90.4,21.8,2,2.26
P-001212,2025-12-01,12,176.4,12.8,1,4,92.6,21.0,2,1.18
P-001213,2025-01-01,1,184.2,6.7,2,6,92.5,24.5,2,1.29
P-001213,2025-02-01,2,180.6,6.9,1,5,91.4,21.1,2,1.24
P-001213,2025-03-01,3,182.7,1.8,2,4,92.5,21.6,2,1.71
P-001213,2025-04-01,4,179.2,11.9,0,4,88.6,22.2,2,1.79
P-001213,2025-05-01,5,178.9,0.0,1,5,95.3,17.8,2,1.64
P-001213,2025-06-01,6,182.7,1.9,3,4,94.8,22.7,2,1.63
P-001213,2025-07-01,7,176.0,0.0,2,3,95.8,16.3,2,1.32
P-001213,2025-08-01,8,173.1,5.4,1,4,96.6,17.3,2,1.7
P-001213,2025-09-01,9,173.6,5.0,1,4,87.4,17.9,2,1.26
P-001213,2025-10-01,10,184.4,1.0,2,4,95.4,20.5,2,1.39
P-001213,2025-11-01,11,179.9,2.0,4,3,96.6,21.9,2,1.43
P-001213,2025-12-01,12,185.9,8.1,2,6,95.6,24.5,2,1.05
P-001214,2025-01-01,1,186.4,12.4,2,6,77.0,35.0,3,3.09
P-001214,2025-02-01,2,183.0,14.9,4,6,76.0,35.8,3,2.06
P-001214,2025-03-01,3,196.6,19.9,3,5,74.0,42.5,3,2.78
P-001214,2025-04-01,4,230.6,45.5,8,12,46.0,87.7,5,4.54
P-001214,2025-05-01,5,227.6,47.6,7,9,43.6,83.8,5,4.31
P-001214,2025-06-01,6,243.2,53.1,10,12,43.5,98.0,5,4.54
P-001214,2025-07-01,7,247.3,46.7,11,9,40.4,96.2,5,3.8
P-001214,2025-08-01,8,243.9,45.8,13,11,40.3,98.0,5,4.87
P-001214,2025-09-01,9,260.0,50.3,8,13,41.3,98.0,5,4.14
P-001214,2025-10-01,10,252.2,51.3,8,11,40.4,98.0,5,4.56
P-001214,2025-11-01,11,251.5,51.5,6,9,40.1,93.5,5,4.64
P-001214,2025-12-01,12,253.3,60.5,14,12,33.5,98.0,5,4.32
P-001215,2025-01-01,1,182.2,4.5,1,3,90.2,21.9,2,2.22
P-001215,2025-02-01,2,174.5,12.8,3,5,86.9,27.6,2,2.07
P-001215,2025-03-01,3,229.1,42.0,7,10,42.4,82.0,3,3.98
P-001215,2025-04-01,4,226.8,40.4,4,11,42.9,75.0,3,3.53
P-001215,2025-05-01,5,228.8,36.2,4,9,44.1,74.3,3,4.28
P-001215,2025-06-01,6,237.9,39.2,4,8,43.3,77.2,3,3.91
P-001215,2025-07-01,7,218.6,38.9,6,7,43.3,73.2,3,3.98
P-001215,2025-08-01,8,228.3,37.3,8,11,43.8,82.4,4,4.18
P-001215,2025-09-01,9,225.2,40.3,6,9,42.9,76.7,4,3.64
P-001215,2025-10-01,10,181.8,7.9,4,5,88.8,28.1,2,1.52
P-001215,2025-11-01,11,183.8,3.9,2,5,90.4,25.1,2,2.16
P-001215,2025-12-01,12,175.8,4.7,2,5,90.1,23.4,2,2.45
P-001216,2025-01-01,1,179.0,3.9,2,4,93.0,19.4,2,1.04
P-001216,2025-02-01,2,183.0,7.8,0,5,89.6,20.8,2,1.17
P-001216,2025-03-01,3,183.1,7.2,2,6,94.6,24.7,2,1.62
P-001216,2025-04-01,4,180.0,10.0,2,7,95.1,26.5,2,2.07
P-001216,2025-05-01,5,177.0,7.6,2,4,90.1,22.2,2,1.59
P-001216,2025-06-01,6,177.6,11.8,2,4,89.0,23.4,2,1.2
P-001216,2025-07-01,7,169.7,12.4,3,3,86.4,22.5,2,1.24
P-001216,2025-08-01,8,178.8,6.0,2,4,93.7,20.8,2,1.32
P-001216,2025-09-01,9,178.2,8.0,4,5,89.0,25.5,2,1.0
P-001216,2025-10-01,10,177.2,5.9,3,3,91.1,23.6,2,2.09
P-001216,2025-11-01,11,179.0,6.4,1,4,95.1,19.6,2,1.51
P-001216,2025-12-01,12,180.2,4.3,1,4,91.0,20.6,2,1.8
P-001217,2025-01-01,1,175.9,7.5,1,6,93.6,21.1,2,1.73
P-001217,2025-02-01,2,173.2,4.0,4,3,96.4,19.4,2,1.0
P-001217,2025-03-01,3,178.3,5.3,2,4,95.8,19.7,2,1.23
P-001217,2025-04-01,4,170.8,7.0,0,5,92.6,17.5,2,1.93
P-001217,2025-05-01,5,177.9,7.2,2,5,91.1,23.0,2,1.67
P-001217,2025-06-01,6,178.5,9.2,0,4,84.9,21.2,2,1.63
P-001217,2025-07-01,7,186.3,4.3,2,3,89.4,23.8,2,1.69
P-001217,2025-08-01,8,174.9,3.9,2,4,98.6,17.8,2,1.38
P-001217,2025-09-01,9,177.5,4.5,4,4,94.5,23.2,2,1.42
P-001217,2025-10-01,10,176.9,6.6,3,3,92.2,21.8,2,1.36
P-001217,2025-11-01,11,176.2,0.0,4,3,92.9,19.4,2,1.0
P-001217,2025-12-01,12,176.0,4.1,2,6,92.8,20.9,2,1.47
P-001218,2025-01-01,1,181.8,7.3,1,3,89.1,21.1,2,1.41
P-001218,2025-02-01,2,171.6,3.0,3,4,90.8,20.1,2,1.65
P-001218,2025-03-01,3,220.0,37.6,10,10,43.7,81.9,3,4.04
P-001218,2025-04-01,4,215.4,40.2,4,13,42.9,74.3,3,4.38
P-001218,2025-05-01,5,223.4,32.9,5,11,45.1,72.2,4,3.63
P-001218,2025-06-01,6,217.4,33.8,4,7,44.9,67.9,3,4.31
P-001218,2025-07-01,7,224.3,45.6,11,9,41.3,89.5,4,4.56
P-001218,2025-08-01,8,227.9,32.4,8,7,45.3,77.5,3,4.29
P-001218,2025-09-01,9,229.6,32.8,8,11,45.2,79.9,4,3.87
P-001218,2025-10-01,10,178.9,9.3,1,7,88.3,25.0,2,1.88
P-001218,2025-11-01,11,176.2,7.6,3,4,88.9,24.8,2,2.0
P-001218,2025-12-01,12,181.8,8.5,4,3,88.6,27.6,2,1.76
P-001219,2025-01-01,1,174.4,7.0,2,7,89.2,23.1,2,1.55
P-001219,2025-02-01,2,177.7,11.6,3,4,87.3,27.9,2,2.24
P-001219,2025-03-01,3,224.2,41.6,10,7,42.5,82.0,3,3.54
P-001219,2025-04-01,4,228.0,37.4,10,7,43.8,82.7,3,4.05
P-001219,2025-05-01,5,227.6,40.5,4,11,42.8,76.6,3,4.05
P-001219,2025-06-01,6,229.2,35.8,9,9,44.3,82.1,3,4.1
P-001219,2025-07-01,7,229.3,36.3,7,10,44.1,80.6,4,4.45
P-001219,2025-08-01,8,223.2,43.6,11,10,41.9,87.8,4,4.17
P-001219,2025-09-01,9,226.6,24.7,10,8,47.6,76.1,4,3.77
P-001219,2025-10-01,10,187.9,10.0,3,5,88.0,31.5,2,2.31
P-001219,2025-11-01,11,187.8,8.5,1,5,88.6,26.1,2,1.77
P-001219,2025-12-01,12,183.2,1.4,2,4,91.4,21.5,2,1.58
P-001220,2025-01-01,1,178.2,12.1,1,5,90.4,24.2,2,1.9
P-001220,2025-02-01,2,177.3,7.1,4,4,98.3,24.6,2,1.86
P-001220,2025-03-01,3,169.0,6.0,1,4,92.5,16.6,2,1.58
P-001220,2025-04-01,4,179.1,6.5,4,5,88.9,26.2,3,1.39
P-001220,2025-05-01,5,174.1,7.1,1,4,91.0,18.9,2,1.5
P-001220,2025-06-01,6,177.1,4.2,1,3,90.1,18.6,2,1.62
P-001220,2025-07-01,7,169.9,10.9,4,3,90.3,22.4,2,1.07
P-001220,2025-08-01,8,175.1,10.2,1,5,89.6,22.8,2,2.02
P-001220,2025-09-01,9,175.0,1.1,4,6,93.9,22.6,2,1.53
P-001220,2025-10-01,10,169.8,6.3,0,5,89.7,16.2,2,1.42
P-001220,2025-11-01,11,176.8,5.3,1,4,89.9,20.2,2,1.86
P-001220,2025-12-01,12,172.5,4.1,1,5,97.9,17.7,2,1.99
P-001221,2025-01-01,1,183.9,4.3,3,5,90.3,26.3,2,1.88
P-001221,2025-02-01,2,182.4,3.6,3,4,90.6,24.4,2,1.73
P-001221,2025-03-01,3,189.7,7.7,2,3,88.9,26.5,2,1.67
P-001221,2025-04-01,4,182.1,6.9,3,4,89.3,24.1,2,1.02
P-001221,2025-05-01,5,181.1,11.9,2,5,87.2,25.7,2,1.21
P-001221,2025-06-01,6,218.3,28.0,4,9,61.6,60.3,4,2.83
P-001221,2025-07-01,7,223.3,17.1,4,6,64.9,54.8,4,2.82
P-001221,2025-08-01,8,178.5,7.3,0,4,89.1,19.1,2,1.46
P-001221,2025-09-01,9,178.7,5.6,3,3,89.8,23.8,2,1.91
P-001221,2025-10-01,10,181.6,9.0,2,4,88.4,24.1,2,1.36
P-001221,2025-11-01,11,185.1,6.9,0,5,89.2,22.3,2,1.63
P-001221,2025-12-01,12,189.7,5.9,3,5,89.7,28.0,2,1.46
P-001222,2025-01-01,1,177.4,5.0,3,4,96.4,21.0,2,1.29
P-001222,2025-02-01,2,170.4,6.0,1,4,93.3,17.0,2,1.62
P-001222,2025-03-01,3,175.9,8.5,4,6,93.2,27.6,2,2.13
P-001222,2025-04-01,4,167.8,1.6,4,6,94.9,21.4,3,2.04
P-001222,2025-05-01,5,173.2,3.5,2,4,96.6,19.3,2,2.11
P-001222,2025-06-01,6,171.7,6.5,3,7,93.9,23.7,2,1.93
P-001222,2025-07-01,7,167.2,0.5,2,6,97.4,14.7,2,1.19
P-001222,2025-08-01,8,169.9,4.1,1,5,91.4,16.2,2,1.27
P-001222,2025-09-01,9,169.0,12.3,1,3,89.8,19.8,2,1.89
P-001222,2025-10-01,10,170.9,10.7,2,5,90.2,21.8,2,1.49
P-001222,2025-11-01,11,173.5,6.1,2,6,94.2,21.2,2,1.7
P-001222,2025-12-01,12,168.9,5.9,1,5,93.0,16.2,2,1.25
P-001223,2025-01-01,1,182.4,3.2,1,4,96.5,18.8,2,1.35
P-001223,2025-02-01,2,178.5,6.4,2,5,86.1,22.9,2,1.28
P-001223,2025-03-01,3,183.0,11.3,2,6,94.3,26.4,2,1.58
P-001223,2025-04-01,4,173.9,7.0,1,4,92.4,18.7,2,1.57
P-001223,2025-05-01,5,172.7,4.2,0,5,89.1,17.2,2,1.78
P-001223,2025-06-01,6,173.5,8.7,1,6,89.6,22.2,2,2.01
P-001223,2025-07-01,7,177.6,9.5,1,6,92.0,23.2,2,1.86
P-001223,2025-08-01,8,181.8,3.3,2,5,92.7,21.3,2,1.2
P-001223,2025-09-01,9,177.7,9.1,2,6,87.6,25.6,2,1.87
P-001223,2025-10-01,10,177.4,10.2,3,4,92.4,24.9,2,1.68
P-001223,2025-11-01,11,169.9,9.9,1,4,91.2,19.6,2,1.9
P-001223,2025-12-01,12,175.8,3.9,1,5,96.8,18.1,2,1.65
P-001224,2025-01-01,1,160.1,5.3,1,6,95.9,13.2,1,1.3
P-001224,2025-02-01,2,215.5,36.5,5,10,47.0,69.9,4,3.64
P-001224,2025-03-01,3,222.2,36.8,7,6,46.9,72.6,4,3.43
P-001224,2025-04-01,4,226.7,30.2,5,8,48.9,70.9,4,4.19
P-001224,2025-05-01,5,228.7,26.7,7,12,50.0,73.4,4,3.17
P-001224,2025-06-01,6,118.3,0.0,0,3,120.0,5.0,1,1.0
P-001224,2025-07-01,7,171.4,2.0,1,6,97.2,15.5,1,1.29
P-001224,2025-08-01,8,161.2,3.3,2,4,96.7,12.7,1,1.2
P-001224,2025-09-01,9,163.8,2.2,0,4,97.1,9.7,1,1.18
P-001224,2025-10-01,10,166.7,6.4,1,4,95.4,14.8,1,1.34
P-001224,2025-11-01,11,172.9,6.2,0,5,95.5,15.7,1,1.26
P-001224,2025-12-01,12,171.0,3.5,0,6,96.6,14.8,1,1.42
P-001225,2025-01-01,1,185.6,5.3,0,4,93.6,20.0,2,1.47
P-001225,2025-02-01,2,186.0,4.2,4,5,91.7,28.1,2,1.77
P-001225,2025-03-01,3,184.8,8.2,3,3,91.9,26.9,2,2.01
P-001225,2025-04-01,4,180.4,2.6,0,4,96.8,16.6,2,1.55
P-001225,2025-05-01,5,179.7,6.4,4,4,93.0,25.1,2,1.48
P-001225,2025-06-01,6,178.5,7.4,4,4,92.5,24.0,2,1.0
P-001225,2025-07-01,7,176.8,8.9,2,5,90.3,23.0,2,1.44
P-001225,2025-08-01,8,180.3,2.5,1,6,92.7,20.3,2,1.53
P-001225,2025-09-01,9,180.3,5.9,1,5,95.6,20.2,2,1.43
P-001225,2025-10-01,10,185.9,7.7,0,5,88.8,22.0,2,1.22
P-001225,2025-11-01,11,176.0,8.3,2,4,88.8,23.1,2,1.87
P-001225,2025-12-01,12,176.6,3.2,1,5,94.9,18.5,2,1.67
P-001226,2025-01-01,1,178.2,6.5,1,5,87.4,21.6,2,1.56
P-001226,2025-02-01,2,178.4,5.6,4,6,87.8,27.9,2,1.99
P-001226,2025-03-01,3,178.9,8.5,4,5,86.6,28.8,2,1.96
P-001226,2025-04-01,4,226.2,37.9,7,8,44.4,77.6,4,3.97
P-001226,2025-05-01,5,205.9,25.6,7,7,52.4,62.6,3,3.76
P-001226,2025-06-01,6,215.6,34.8,7,11,49.7,74.2,3,4.24
P-001226,2025-07-01,7,213.4,34.5,5,7,48.7,65.9,4,3.6
P-001226,2025-08-01,8,222.4,22.9,7,8,43.6,70.4,3,4.07
P-001226,2025-09-01,9,175.8,15.3,1,3,83.9,24.9,2,2.0
P-001226,2025-10-01,10,177.7,8.7,2,6,86.5,25.6,2,1.88
P-001226,2025-11-01,11,176.4,5.9,2,5,87.6,22.7,2,1.7
P-001226,2025-12-01,12,177.0,14.7,1,3,84.1,25.5,2,2.21
P-001227,2025-01-01,1,170.2,10.0,1,3,97.2,15.7,2,1.0
P-001227,2025-02-01,2,169.7,4.9,3,4,98.2,17.8,2,1.25
P-001227,2025-03-01,3,173.2,6.1,2,6,89.8,21.0,2,1.33
P-001227,2025-04-01,4,180.0,7.9,1,4,90.1,21.6,2,1.54
P-001227,2025-05-01,5,161.4,5.4,4,5,92.5,20.0,2,1.85
P-001227,2025-06-01,6,173.3,5.4,4,4,89.1,24.4,2,1.93
P-001227,2025-07-01,7,174.2,3.5,2,3,100.7,16.1,2,1.28
P-001227,2025-08-01,8,170.3,13.6,1,3,85.7,20.3,2,1.38
P-001227,2025-09-01,9,170.8,3.3,4,4,94.3,21.2,2,1.76
P-001227,2025-10-01,10,170.3,1.6,3,5,92.3,19.1,2,1.51
P-001227,2025-11-01,11,165.6,4.4,2,4,88.6,17.6,2,1.78
P-001227,2025-12-01,12,175.9,4.0,1,5,86.6,19.7,2,1.48
P-001228,2025-01-01,1,175.0,7.6,1,4,93.0,18.1,2,1.11
P-001228,2025-02-01,2,185.3,6.1,1,5,90.2,24.1,2,1.85
P-001228,2025-03-01,3,181.9,4.7,1,5,89.5,21.8,2,1.6
P-001228,2025-04-01,4,173.8,3.9,1,5,95.7,18.3,3,1.92
P-001228,2025-05-01,5,176.7,10.6,4,4,84.0,27.5,2,1.46
P-001228,2025-06-01,6,183.0,5.5,2,5,93.4,24.0,2,1.82
P-001228,2025-07-01,7,184.6,4.1,3,5,91.4,25.6,2,1.63
P-001228,2025-08-01,8,175.8,5.1,2,3,87.0,19.4,2,1.1
P-001228,2025-09-01,9,175.7,6.2,1,5,93.8,18.8,2,1.31
P-001228,2025-10-01,10,174.1,10.2,2,4,91.7,21.6,2,1.43
P-001228,2025-11-01,11,175.7,5.4,4,6,93.5,24.5,2,1.44
P-001228,2025-12-01,12,178.6,0.0,3,3,90.7,19.6,2,1.24
P-001229,2025-01-01,1,176.6,1.4,3,3,91.4,20.6,2,1.73
P-001229,2025-02-01,2,173.9,8.2,2,5,88.7,21.6,2,1.31
P-001229,2025-03-01,3,168.9,10.3,1,5,87.9,19.5,2,1.42
P-001229,2025-04-01,4,179.5,8.9,3,4,88.4,26.9,2,2.1
P-001229,2025-05-01,5,174.3,6.6,4,5,89.4,24.9,2,1.55
P-001229,2025-06-01,6,201.3,25.6,6,9,62.3,57.3,4,3.16
P-001229,2025-07-01,7,204.5,31.7,4,8,60.5,57.2,4,3.11
P-001229,2025-08-01,8,174.3,6.4,1,4,89.5,17.7,2,1.0
P-001229,2025-09-01,9,175.0,8.6,4,6,88.6,27.0,2,1.64
P-001229,2025-10-01,10,169.7,8.7,2,4,88.5,20.3,2,1.57
P-001229,2025-11-01,11,177.6,6.3,1,5,89.5,21.0,2,1.6
P-001229,2025-12-01,12,180.8,8.2,2,4,88.7,22.6,2,1.0
P-001230,2025-01-01,1,178.6,4.7,0,6,92.6,17.7,2,1.05
P-001230,2025-02-01,2,176.0,5.2,4,5,89.2,24.0,2,1.17
P-001230,2025-03-01,3,175.5,8.9,3,4,89.9,23.1,2,1.28
P-001230,2025-04-01,4,174.8,5.1,2,6,94.3,20.6,2,1.46
P-001230,2025-05-01,5,175.4,2.7,0,5,93.3,16.3,3,1.57
P-001230,2025-06-01,6,179.9,8.6,4,3,89.7,27.2,2,1.92
P-001230,2025-07-01,7,172.0,5.9,2,3,90.9,18.3,2,1.35
P-001230,2025-08-01,8,166.4,3.7,3,4,96.4,17.3,2,1.59
P-001230,2025-09-01,9,176.1,4.9,4,4,90.6,23.9,2,1.57
P-001230,2025-10-01,10,174.3,4.5,0,5,90.4,17.5,2,1.68
P-001230,2025-11-01,11,171.1,10.3,1,5,87.8,20.4,2,1.46
P-001230,2025-12-01,12,183.5,4.0,3,6,95.6,25.0,2,1.6
P-001231,2025-01-01,1,175.7,7.8,1,5,94.9,19.4,1,1.36
P-001231,2025-02-01,2,223.7,30.4,4,8,48.9,67.7,4,3.98
P-001231,2025-03-01,3,219.0,28.0,4,9,49.6,65.3,4,3.85
P-001231,2025-04-01,4,220.6,24.5,4,8,50.6,62.3,4,3.37
P-001231,2025-05-01,5,223.7,27.9,6,10,49.6,70.8,4,3.79
P-001231,2025-06-01,6,119.6,0.0,0,3,120.0,5.0,1,1.0
P-001231,2025-07-01,7,169.9,5.1,0,5,96.0,14.1,1,1.26
P-001231,2025-08-01,8,171.1,2.9,0,4,96.8,12.7,1,1.24
P-001231,2025-09-01,9,171.1,5.6,0,5,95.8,15.6,1,1.62
P-001231,2025-10-01,10,177.6,4.9,1,5,96.1,18.3,1,1.24
P-001231,2025-11-01,11,166.9,2.7,1,4,96.9,13.4,1,1.47
P-001231,2025-12-01,12,174.8,3.9,1,4,96.4,16.8,1,1.5
P-001232,2025-01-01,1,176.6,9.5,2,4,89.2,23.2,2,1.66
P-001232,2025-02-01,2,182.1,4.6,1,5,92.8,20.8,2,1.42
P-001232,2025-03-01,3,173.0,4.9,1,4,89.0,18.3,2,1.61
P-001232,2025-04-01,4,177.8,14.1,3,5,88.0,28.5,2,1.85
P-001232,2025-05-01,5,187.1,7.8,4,6,89.7,29.1,2,1.0
P-001232,2025-06-01,6,177.9,4.9,1,5,90.6,20.7,2,1.74
P-001232,2025-07-01,7,175.2,8.1,2,3,90.2,21.4,2,1.7
P-001232,2025-08-01,8,184.9,5.4,4,5,92.6,26.7,2,1.22
P-001232,2025-09-01,9,174.8,2.8,3,3,96.1,21.6,2,2.5
P-001232,2025-10-01,10,167.7,5.0,2,6,94.4,18.1,2,1.48
P-001232,2025-11-01,11,178.0,2.2,3,5,94.6,21.8,2,1.6
P-001232,2025-12-01,12,178.7,0.9,0,6,97.0,17.0,2,1.72
P-001233,2025-01-01,1,175.4,6.6,3,5,91.8,23.1,2,1.52
P-001233,2025-02-01,2,171.5,2.5,3,4,99.4,18.2,2,1.64
P-001233,2025-03-01,3,173.3,2.0,2,3,88.5,17.5,2,1.33
P-001233,2025-04-01,4,175.1,9.7,1,5,86.2,21.9,2,1.5
P-001233,2025-05-01,5,171.4,10.8,4,5,87.8,25.9,3,1.54
P-001233,2025-06-01,6,177.8,5.6,0,4,89.6,17.6,2,1.27
P-001233,2025-07-01,7,174.9,2.9,3,3,94.4,20.3,2,1.85
P-001233,2025-08-01,8,171.9,6.4,2,3,85.9,20.6,2,1.82
P-001233,2025-09-01,9,173.6,8.9,2,5,90.9,21.8,2,1.48
P-001233,2025-10-01,10,169.6,11.9,3,5,84.7,24.0,2,1.3
P-001233,2025-11-01,11,169.5,9.9,4,5,88.0,24.1,2,1.28
P-001233,2025-12-01,12,174.4,10.4,3,5,91.5,23.9,2,1.33
P-001234,2025-01-01,1,173.8,8.5,1,6,95.6,20.1,2,1.61
P-001234,2025-02-01,2,174.9,4.3,3,6,100.0,20.4,2,1.25
P-001234,2025-03-01,3,176.2,0.4,4,3,96.0,20.7,2,1.69
P-001234,2025-04-01,4,169.5,3.4,1,4,97.1,15.8,2,1.98
P-001234,2025-05-01,5,169.8,6.6,4,5,92.8,22.6,2,1.54
P-001234,2025-06-01,6,165.1,6.0,3,5,92.0,19.3,2,1.59
P-001234,2025-07-01,7,170.6,7.5,0,3,89.9,17.2,2,2.07
P-001234,2025-08-01,8,174.5,1.1,3,4,96.7,19.7,2,1.85
P-001234,2025-09-01,9,172.0,12.4,3,4,85.0,26.0,2,1.94
P-001234,2025-10-01,10,177.8,7.2,1,4,93.2,20.7,2,1.85
P-001234,2025-11-01,11,174.9,3.1,3,6,92.2,21.9,2,1.5
P-001234,2025-12-01,12,168.7,3.6,1,4,91.5,15.6,2,1.57
P-001235,2025-01-01,1,196.7,7.0,2,5,89.2,29.0,2,1.32
P-001235,2025-02-01,2,178.0,5.8,4,5,89.7,25.4,2,1.4
P-001235,2025-03-01,3,230.1,36.6,7,10,44.0,79.8,3,3.97
P-001235,2025-04-01,4,223.1,39.1,7,11,43.3,78.8,4,3.8
P-001235,2025-05-01,5,231.6,32.6,7,9,45.2,77.6,4,3.88
P-001235,2025-06-01,6,234.5,44.2,8,8,41.7,84.8,3,3.77
P-001235,2025-07-01,7,215.7,42.7,4,7,42.2,71.1,4,4.15
P-001235,2025-08-01,8,226.6,37.4,11,9,43.8,85.3,4,4.12
P-001235,2025-09-01,9,229.0,45.0,8,8,41.5,82.8,3,3.61
P-001235,2025-10-01,10,181.8,5.7,3,6,89.7,26.4,2,1.7
P-001235,2025-11-01,11,179.9,6.5,3,4,89.4,25.3,2,1.88
P-001235,2025-12-01,12,183.3,4.4,1,5,90.2,23.4,2,2.12
P-001236,2025-01-01,1,171.7,3.2,3,5,90.7,21.2,2,1.78
P-001236,2025-02-01,2,179.8,2.9,1,5,96.7,18.2,2,1.28
P-001236,2025-03-01,3,174.7,0.0,1,3,95.1,14.3,2,1.31
P-001236,2025-04-01,4,180.8,8.3,2,4,95.6,23.0,2,1.67
P-001236,2025-05-01,5,176.3,6.3,1,3,97.9,17.0,2,1.32
P-001236,2025-06-01,6,175.5,2.3,2,3,95.4,17.2,2,1.36
P-001236,2025-07-01,7,176.9,6.6,3,5,92.6,23.6,2,1.61
P-001236,2025-08-01,8,171.9,13.6,2,4,93.6,21.2,2,1.18
P-001236,2025-09-01,9,176.4,3.3,4,4,93.9,22.7,2,1.57
P-001236,2025-10-01,10,177.6,7.4,1,4,89.6,19.8,2,1.24
P-001236,2025-11-01,11,180.7,2.1,4,6,97.3,23.7,2,1.25
P-001236,2025-12-01,12,173.6,8.7,4,4,92.2,24.7,2,1.69
P-001237,2025-01-01,1,188.4,12.2,1,5,77.1,30.9,3,2.13
P-001237,2025-02-01,2,188.0,15.8,3,5,75.7,38.4,3,3.16
P-001237,2025-03-01,3,183.7,15.9,2,4,75.7,30.7,3,1.58
P-001237,2025-04-01,4,230.1,41.1,10,8,40.7,87.4,5,4.55
P-001237,2025-05-01,5,238.8,32.5,10,8,47.6,86.1,5,4.77
P-001237,2025-06-01,6,245.4,49.9,10,13,38.9,98.0,5,4.67
P-001237,2025-07-01,7,253.4,47.5,13,8,36.4,98.0,5,4.54
P-001237,2025-08-01,8,246.9,60.3,10,10,34.1,98.0,5,4.18
P-001237,2025-09-01,9,252.5,48.2,11,11,35.8,98.0,5,3.65
P-001237,2025-10-01,10,249.9,62.3,13,10,33.1,98.0,5,4.86
P-001237,2025-11-01,11,258.2,56.1,10,9,41.2,98.0,5,4.47
P-001237,2025-12-01,12,249.5,55.4,11,11,31.8,98.0,5,3.88
P-001238,2025-01-01,1,173.1,2.6,1,4,93.9,15.9,2,1.4
P-001238,2025-02-01,2,168.1,4.2,1,5,91.2,17.5,2,2.02
P-001238,2025-03-01,3,171.6,5.4,0,4,96.5,14.2,2,1.31
P-001238,2025-04-01,4,168.1,6.9,4,5,96.0,21.8,2,1.63
P-001238,2025-05-01,5,167.0,6.0,2,5,93.7,17.6,3,1.41
P-001238,2025-06-01,6,171.1,5.4,4,5,90.8,23.0,2,1.56
P-001238,2025-07-01,7,173.3,4.3,1,3,91.4,17.5,2,1.82
P-001238,2025-08-01,8,168.8,6.6,2,5,93.7,17.8,2,1.15
P-001238,2025-09-01,9,170.1,3.8,0,5,87.3,14.9,2,1.11
P-001238,2025-10-01,10,164.0,6.1,1,4,91.3,15.0,2,1.54
P-001238,2025-11-01,11,165.7,8.2,2,4,93.4,16.4,2,1.0
P-001238,2025-12-01,12,171.8,5.2,4,4,91.4,23.3,2,1.94
P-001239,2025-01-01,1,164.8,5.9,0,5,89.6,15.2,2,1.8
P-001239,2025-02-01,2,165.6,7.3,1,4,89.1,16.2,2,1.44
P-001239,2025-03-01,3,168.8,9.7,1,4,88.1,18.3,2,1.34
P-001239,2025-04-01,4,166.0,10.1,4,5,88.0,23.1,2,1.31
P-001239,2025-05-01,5,169.3,10.0,1,4,88.0,18.7,2,1.37
P-001239,2025-06-01,6,193.9,24.9,5,8,62.5,51.7,4,2.99
P-001239,2025-07-01,7,205.6,27.8,4,6,61.7,53.5,4,2.72
P-001239,2025-08-01,8,171.6,5.5,2,4,89.8,19.8,2,1.73
P-001239,2025-09-01,9,171.5,8.4,3,4,88.6,22.9,2,1.73
P-001239,2025-10-01,10,166.0,11.5,4,5,87.4,24.0,2,1.4
P-001239,2025-11-01,11,163.4,5.5,1,6,89.8,15.2,2,1.16
P-001239,2025-12-01,12,166.4,4.1,1,3,90.4,14.9,2,1.69
P-001240,2025-01-01,1,175.5,7.1,1,5,90.7,19.4,2,1.21
P-001240,2025-02-01,2,168.8,12.3,1,5,92.1,19.7,2,1.53
P-001240,2025-03-01,3,171.1,4.8,1,5,91.6,17.2,2,1.42
P-001240,2025-04-01,4,171.4,11.5,0,4,88.9,18.1,2,1.32
P-001240,2025-05-01,5,170.3,2.9,4,5,94.8,21.2,2,1.67
P-001240,2025-06-01,6,172.0,6.6,2,4,90.4,19.2,2,1.28
P-001240,2025-07-01,7,172.8,7.2,2,5,92.5,19.8,2,1.17
P-001240,2025-08-01,8,175.9,2.8,1,4,90.8,16.8,2,1.13
P-001240,2025-09-01,9,159.7,7.0,1,5,92.9,13.5,2,1.26
P-001240,2025-10-01,10,170.0,7.1,4,4,93.9,22.1,2,1.55
P-001240,2025-11-01,11,174.1,7.2,2,3,90.9,19.1,2,1.16
P-001240,2025-12-01,12,170.0,5.9,2,4,94.9,18.9,2,1.9
P-001241,2025-01-01,1,181.2,12.8,2,5,76.9,31.5,3,2.59
P-001241,2025-02-01,2,183.5,18.0,5,7,74.8,42.0,3,2.91
P-001241,2025-03-01,3,182.4,22.6,3,5,73.0,37.9,3,2.41
P-001241,2025-04-01,4,231.9,41.5,13,9,41.2,93.7,5,4.51
P-001241,2025-05-01,5,231.3,51.8,8,12,37.3,92.3,5,4.6
P-001241,2025-06-01,6,227.9,39.1,10,11,39.0,88.2,5,4.57
P-001241,2025-07-01,7,248.5,56.5,9,8,38.5,98.0,5,4.13
P-001241,2025-08-01,8,243.5,44.2,11,9,41.1,95.6,5,4.53
P-001241,2025-09-01,9,247.3,47.7,9,13,40.1,98.0,5,4.74
P-001241,2025-10-01,10,254.7,53.5,5,8,32.8,94.1,5,4.43
P-001241,2025-11-01,11,268.6,46.7,14,11,34.9,98.0,5,4.83
P-001241,2025-12-01,12,260.4,51.4,10,11,30.9,98.0,5,4.27
P-001242,2025-01-01,1,189.6,14.6,1,5,76.1,33.8,3,2.65
P-001242,2025-02-01,2,188.1,17.9,2,6,74.8,37.9,3,2.92
P-001242,2025-03-01,3,187.3,16.9,4,5,75.3,39.9,3,2.96
P-001242,2025-04-01,4,226.2,43.3,6,10,46.3,80.1,5,4.37
P-001242,2025-05-01,5,231.6,47.8,5,8,40.1,81.8,5,4.26
P-001242,2025-06-01,6,239.8,36.5,10,15,45.6,93.8,5,5.0
P-001242,2025-07-01,7,250.3,47.4,8,7,39.1,94.0,5,4.77
P-001242,2025-08-01,8,251.8,57.4,13,9,36.2,98.0,5,4.98
P-001242,2025-09-01,9,260.7,51.5,8,11,37.6,98.0,5,4.37
P-001242,2025-10-01,10,260.3,55.3,11,11,38.2,98.0,5,4.67
P-001242,2025-11-01,11,266.5,46.3,5,11,35.0,96.2,5,4.2
P-001242,2025-12-01,12,259.2,52.4,10,13,40.1,98.0,5,4.39
P-001243,2025-01-01,1,185.6,14.2,3,6,76.3,33.4,3,1.5
P-001243,2025-02-01,2,179.2,13.1,4,5,76.7,34.2,3,2.56
P-001243,2025-03-01,3,189.7,15.3,3,6,75.9,38.3,3,2.73
P-001243,2025-04-01,4,224.2,46.0,10,12,41.0,90.0,5,4.53
P-001243,2025-05-01,5,236.2,41.7,10,11,54.2,89.2,5,4.51
P-001243,2025-06-01,6,242.7,48.6,9,10,34.5,96.1,5,4.69
P-001243,2025-07-01,7,251.0,48.8,9,9,40.1,96.3,5,4.24
P-001243,2025-08-01,8,245.9,45.6,11,13,41.4,98.0,5,4.11
P-001243,2025-09-01,9,256.5,58.4,7,9,42.0,98.0,5,4.76
P-001243,2025-10-01,10,261.4,54.8,7,11,38.9,98.0,5,5.0
P-001243,2025-11-01,11,253.6,55.1,10,11,37.8,98.0,5,4.39
P-001243,2025-12-01,12,258.3,54.0,11,13,35.0,98.0,5,4.61
P-001244,2025-01-01,1,176.6,10.4,3,4,77.8,31.3,3,3.22
P-001244,2025-02-01,2,187.2,17.6,1,4,75.0,30.9,3,1.5
P-001244,2025-03-01,3,181.2,12.5,2,5,77.0,32.1,3,2.91
P-001244,2025-04-01,4,228.8,42.5,9,9,46.7,85.8,5,4.73
P-001244,2025-05-01,5,229.7,50.9,8,13,40.4,92.5,5,5.0
P-001244,2025-06-01,6,239.8,48.8,10,10,39.5,94.8,5,4.27
P-001244,2025-07-01,7,237.3,55.4,14,12,42.8,98.0,5,4.43
P-001244,2025-08-01,8,246.9,54.4,8,8,41.3,95.4,5,4.56
P-001244,2025-09-01,9,253.6,53.3,7,12,40.6,97.4,5,4.16
P-001244,2025-10-01,10,266.0,61.7,10,10,35.3,98.0,5,4.15
P-001244,2025-11-01,11,258.2,51.2,7,9,35.7,96.9,5,4.08
P-001244,2025-12-01,12,248.7,60.6,12,11,39.5,98.0,5,4.53
P-001245,2025-01-01,1,167.9,6.9,3,6,89.2,21.2,2,1.32
P-001245,2025-02-01,2,180.6,10.1,4,5,87.9,28.9,2,1.56
P-001245,2025-03-01,3,221.8,42.2,7,8,42.3,79.0,4,4.3
P-001245,2025-04-01,4,228.0,44.1,6,10,41.8,80.5,3,3.82
P-001245,2025-05-01,5,217.9,42.0,4,9,42.4,71.6,4,3.63
P-001245,2025-06-01,6,217.0,35.3,6,7,44.4,70.6,3,3.83
P-001245,2025-07-01,7,219.0,44.5,5,7,41.6,75.0,3,4.26
P-001245,2025-08-01,8,220.8,40.0,8,9,43.0,79.1,4,3.95
P-001245,2025-09-01,9,222.4,35.3,7,7,44.4,75.0,3,4.18
P-001245,2025-10-01,10,177.6,6.6,1,5,89.4,22.5,2,2.13
P-001245,2025-11-01,11,176.2,7.2,1,5,89.1,20.8,2,1.55
P-001245,2025-12-01,12,161.9,12.1,1,4,87.2,18.3,2,1.84
P-001246,2025-01-01,1,178.7,0.2,2,5,89.9,22.3,2,2.35
P-001246,2025-02-01,2,177.9,12.8,1,4,84.9,24.9,2,1.94
P-001246,2025-03-01,3,181.1,7.9,2,4,86.8,24.9,2,1.79
P-001246,2025-04-01,4,222.5,21.4,6,8,55.4,64.9,4,3.67
P-001246,2025-05-01,5,207.1,29.7,6,7,49.7,62.7,4,3.4
P-001246,2025-06-01,6,212.0,32.4,10,10,41.3,77.4,3,4.04
P-001246,2025-07-01,7,210.6,35.5,6,13,40.0,72.8,3,3.63
P-001246,2025-08-01,8,207.5,29.2,10,6,47.7,68.4,4,3.15
P-001246,2025-09-01,9,179.3,13.0,3,5,84.8,29.0,2,1.75
P-001246,2025-10-01,10,166.2,6.2,2,7,87.5,20.2,2,1.52
P-001246,2025-11-01,11,179.4,3.9,2,6,88.4,25.4,2,2.49
P-001246,2025-12-01,12,174.9,12.4,2,4,85.1,25.5,2,2.02
P-001247,2025-01-01,1,189.0,1.6,2,4,94.2,23.1,2,1.59
P-001247,2025-02-01,2,191.3,3.7,3,6,92.5,28.8,2,1.83
P-001247,2025-03-01,3,182.9,4.5,2,3,96.9,20.8,2,1.49
P-001247,2025-04-01,4,186.0,0.0,1,4,93.1,20.2,2,1.69
P-001247,2025-05-01,5,190.5,1.8,3,4,97.5,23.9,2,1.21
P-001247,2025-06-01,6,184.5,6.5,3,4,94.1,25.1,2,1.5
P-001247,2025-07-01,7,189.5,9.8,1,4,87.7,25.8,2,1.41
P-001247,2025-08-01,8,188.8,5.7,4,5,90.0,29.6,2,1.61
P-001247,2025-09-01,9,184.4,2.6,4,5,95.1,25.9,2,1.64
P-001247,2025-10-01,10,183.9,6.7,0,6,93.2,21.8,2,1.63
P-001247,2025-11-01,11,187.8,6.4,3,4,96.4,25.4,2,1.36
P-001247,2025-12-01,12,185.5,3.7,2,3,90.9,24.0,2,2.07
P-001248,2025-01-01,1,173.2,4.3,3,3,89.2,20.5,2,1.55
P-001248,2025-02-01,2,181.1,8.6,1,4,96.9,21.2,2,1.62
P-001248,2025-03-01,3,186.1,5.0,0,4,95.3,19.5,2,1.4
P-001248,2025-04-01,4,179.7,10.7,1,5,90.6,22.3,2,1.18
P-001248,2025-05-01,5,175.5,3.9,0,4,94.0,15.7,2,1.47
P-001248,2025-06-01,6,183.5,9.8,0,4,88.5,20.9,2,1.03
P-001248,2025-07-01,7,178.9,7.2,1,5,94.3,21.9,2,1.98
P-001248,2025-08-01,8,166.8,9.9,1,4,93.6,16.7,2,1.38
P-001248,2025-09-01,9,176.5,10.5,0,5,89.9,20.5,2,1.54
P-001248,2025-10-01,10,175.8,0.9,1,4,90.7,17.8,2,1.81
P-001248,2025-11-01,11,180.3,9.4,4,5,85.6,28.5,2,1.42
P-001248,2025-12-01,12,181.2,4.9,2,5,91.4,23.0,2,1.6
P-001249,2025-01-01,1,172.1,7.4,0,5,95.0,15.3,1,1.0
P-001249,2025-02-01,2,223.8,40.2,7,7,45.9,75.9,4,3.64
P-001249,2025-03-01,3,216.8,33.2,6,10,48.0,70.5,4,3.66
P-001249,2025-04-01,4,222.0,28.4,5,9,49.5,69.6,4,4.41
P-001249,2025-05-01,5,225.9,29.3,4,7,49.2,67.4,4,4.03
P-001249,2025-06-01,6,120.0,0.0,0,3,120.0,5.0,1,1.0
P-001249,2025-07-01,7,176.6,1.4,2,5,97.4,18.0,1,1.29
P-001249,2025-08-01,8,170.4,9.2,0,5,94.3,17.2,1,1.64
P-001249,2025-09-01,9,170.1,7.4,2,6,95.0,19.1,1,1.16
P-001249,2025-10-01,10,167.8,3.5,1,5,96.6,15.2,1,1.64
P-001249,2025-11-01,11,171.5,4.2,0,6,96.3,14.2,1,1.0
P-001249,2025-12-01,12,166.8,8.4,1,5,94.6,16.1,1,1.2
P-001250,2025-01-01,1,188.7,5.5,2,3,87.8,26.4,2,2.05
P-001250,2025-02-01,2,181.8,10.7,4,5,85.7,30.9,2,1.95
P-001250,2025-03-01,3,180.4,7.7,1,3,86.9,21.3,2,1.42
P-001250,2025-04-01,4,213.4,39.2,7,7,47.9,72.0,4,3.84
P-001250,2025-05-01,5,224.9,26.0,9,11,49.4,76.7,4,4.04
P-001250,2025-06-01,6,220.9,31.7,5,7,48.2,68.3,3,3.95
P-001250,2025-07-01,7,215.4,33.7,7,9,44.9,72.8,3,4.04
P-001250,2025-08-01,8,213.2,31.4,10,7,47.7,73.7,4,3.85
P-001250,2025-09-01,9,191.3,14.4,1,6,84.3,31.6,2,1.92
P-001250,2025-10-01,10,189.0,8.8,1,5,86.5,26.6,2,1.62
P-001250,2025-11-01,11,183.8,4.7,1,4,88.1,21.4,2,1.31
P-001250,2025-12-01,12,185.4,6.8,3,4,87.3,28.4,2,2.17
P-001251,2025-01-01,1,189.2,16.9,5,4,75.2,39.3,3,2.08
P-001251,2025-02-01,2,177.8,16.6,1,6,75.4,31.2,3,2.6
P-001251,2025-03-01,3,182.5,11.8,2,5,77.3,31.6,3,2.64
P-001251,2025-04-01,4,222.0,47.1,5,10,43.3,79.3,5,4.44
P-001251,2025-05-01,5,238.2,53.7,9,8,43.6,94.1,5,4.87
P-001251,2025-06-01,6,244.3,46.4,8,8,45.7,88.5,5,3.85
P-001251,2025-07-01,7,253.9,58.8,8,14,39.7,98.0,5,4.38
P-001251,2025-08-01,8,247.1,49.8,14,13,43.4,98.0,5,4.2
P-001251,2025-09-01,9,256.9,50.6,13,8,36.0,98.0,5,4.38
P-001251,2025-10-01,10,250.2,54.5,12,9,34.7,98.0,5,4.68
P-001251,2025-11-01,11,263.0,58.3,6,11,31.6,98.0,5,4.59
P-001251,2025-12-01,12,260.8,57.1,13,13,38.3,98.0,5,4.22
P-001252,2025-01-01,1,171.8,5.7,3,5,91.4,22.2,2,1.79
P-001252,2025-02-01,2,173.2,0.9,1,4,94.5,14.8,2,1.27
P-001252,2025-03-01,3,177.4,8.5,4,6,91.8,26.4,2,1.35
P-001252,2025-04-01,4,170.3,0.0,2,3,96.4,14.8,2,1.56
P-001252,2025-05-01,5,172.7,6.7,1,3,90.6,18.4,2,1.8
P-001252,2025-06-01,6,174.5,5.6,0,3,93.2,15.2,2,1.3
P-001252,2025-07-01,7,177.5,4.1,3,6,90.7,23.4,2,1.42
P-001252,2025-08-01,8,175.5,3.6,3,5,90.9,22.9,2,1.89
P-001252,2025-09-01,9,176.3,8.5,1,6,87.8,21.2,2,1.07
P-001252,2025-10-01,10,175.9,8.9,3,5,85.1,25.2,2,1.42
P-001252,2025-11-01,11,178.6,7.3,4,6,93.8,27.2,2,1.84
P-001252,2025-12-01,12,182.6,8.6,1,4,93.1,22.3,2,1.57
P-001253,2025-01-01,1,175.2,5.0,1,5,90.6,19.9,2,1.8
P-001253,2025-02-01,2,177.4,5.1,2,4,91.4,20.0,2,1.15
P-001253,2025-03-01,3,172.0,3.0,1,4,94.8,16.5,2,1.78
P-001253,2025-04-01,4,173.4,0.8,1,5,92.2,15.3,2,1.04
P-001253,2025-05-01,5,171.8,8.3,4,5,91.2,23.2,2,1.07
P-001253,2025-06-01,6,173.7,6.2,2,4,96.9,19.2,2,1.58
P-001253,2025-07-01,7,171.8,2.4,2,5,96.4,16.7,2,1.18
P-001253,2025-08-01,8,175.0,5.3,2,4,94.8,19.4,2,1.48
P-001253,2025-09-01,9,176.2,11.0,0,5,84.9,21.7,2,1.59
P-001253,2025-10-01,10,171.9,7.1,1,5,90.6,21.0,2,2.33
P-001253,2025-11-01,11,172.8,8.7,2,4,88.4,21.9,2,1.73
P-001253,2025-12-01,12,171.6,6.8,3,4,91.4,20.1,2,1.05
P-001254,2025-01-01,1,169.7,4.9,1,5,92.5,17.1,2,1.63
P-001254,2025-02-01,2,170.3,6.0,4,4,89.6,21.5,2,1.14
P-001254,2025-03-01,3,173.2,7.3,3,5,87.0,24.8,2,2.04
P-001254,2025-04-01,4,170.4,2.1,2,4,90.6,17.6,3,1.64
P-001254,2025-05-01,5,172.7,8.2,3,5,91.7,23.3,3,1.74
P-001254,2025-06-01,6,171.0,2.4,2,6,99.0,17.4,2,1.51
P-001254,2025-07-01,7,174.6,4.8,2,4,92.0,19.1,2,1.32
P-001254,2025-08-01,8,176.3,3.9,1,5,92.4,19.1,2,1.63
P-001254,2025-09-01,9,174.3,1.4,1,4,98.5,15.2,2,1.5
P-001254,2025-10-01,10,174.3,9.2,2,4,91.1,22.5,2,1.91
P-001254,2025-11-01,11,169.2,6.9,2,6,94.4,21.5,2,2.31
P-001254,2025-12-01,12,173.2,7.5,0,5,91.1,16.9,2,1.17
P-001255,2025-01-01,1,181.6,6.2,3,5,89.5,26.3,2,1.84
P-001255,2025-02-01,2,178.2,9.1,2,3,88.3,23.1,2,1.67
P-001255,2025-03-01,3,223.1,35.4,10,9,44.4,80.7,4,3.8
P-001255,2025-04-01,4,223.0,42.3,6,11,42.3,79.1,4,3.99
P-001255,2025-05-01,5,220.9,38.3,5,10,43.5,74.4,3,4.09
P-001255,2025-06-01,6,220.0,40.6,8,10,42.8,79.8,3,3.96
P-001255,2025-07-01,7,221.3,31.5,8,12,45.5,76.8,3,3.76
P-001255,2025-08-01,8,221.5,36.5,11,7,44.0,80.9,3,3.78
P-001255,2025-09-01,9,229.4,37.5,4,11,43.8,74.6,3,3.57
P-001255,2025-10-01,10,180.8,12.0,4,4,87.2,29.9,2,1.85
P-001255,2025-11-01,11,171.6,8.1,0,4,88.8,18.2,2,1.89
P-001255,2025-12-01,12,179.6,6.2,2,5,89.5,23.4,2,1.62
P-001256,2025-01-01,1,183.1,8.0,4,4,92.1,27.6,2,1.65
P-001256,2025-02-01,2,181.3,4.2,2,3,92.3,21.0,2,1.53
P-001256,2025-03-01,3,177.0,6.4,3,4,92.5,22.7,2,1.5
P-001256,2025-04-01,4,176.7,7.7,2,5,89.0,23.2,3,1.69
P-001256,2025-05-01,5,187.0,9.5,2,3,95.0,24.9,2,1.58
P-001256,2025-06-01,6,183.7,6.1,1,5,89.7,22.2,2,1.28
P-001256,2025-07-01,7,183.1,14.7,1,5,85.8,27.8,2,1.87
P-001256,2025-08-01,8,187.0,5.2,2,4,97.3,23.2,2,1.55
P-001256,2025-09-01,9,181.0,12.6,2,3,86.0,25.6,2,1.52
P-001256,2025-10-01,10,176.5,8.9,3,3,85.6,23.4,2,1.19
P-001256,2025-11-01,11,178.2,6.2,1,3,95.2,18.6,2,1.54
P-001256,2025-12-01,12,181.6,7.5,4,3,89.3,25.6,2,1.19
P-001257,2025-01-01,1,178.8,4.8,1,4,92.6,19.8,2,1.7
P-001257,2025-02-01,2,184.3,6.6,4,5,89.1,29.1,2,1.82
P-001257,2025-03-01,3,180.6,3.1,0,4,93.8,17.8,2,1.68
P-001257,2025-04-01,4,188.5,3.7,2,3,92.1,23.7,3,1.65
P-001257,2025-05-01,5,185.8,6.5,3,4,94.3,26.6,2,1.96
P-001257,2025-06-01,6,179.8,3.6,3,5,90.7,23.8,2,1.61
P-001257,2025-07-01,7,168.0,7.3,2,4,90.5,17.5,2,1.04
P-001257,2025-08-01,8,177.6,6.0,0,5,92.7,18.7,2,1.64
P-001257,2025-09-01,9,181.8,8.4,2,5,85.8,24.5,2,1.13
P-001257,2025-10-01,10,175.7,4.1,2,5,86.8,20.3,2,1.08
P-001257,2025-11-01,11,187.1,1.2,1,3,91.9,20.3,2,1.54
P-001257,2025-12-01,12,171.6,0.9,1,4,93.4,14.7,2,1.38
P-001258,2025-01-01,1,183.3,7.6,1,5,89.0,24.3,2,1.87
P-001258,2025-02-01,2,180.7,3.0,3,5,93.0,21.9,2,1.0
P-001258,2025-03-01,3,178.3,4.0,2,3,89.1,20.2,2,1.39
P-001258,2025-04-01,4,188.3,5.8,2,4,98.4,24.3,2,1.79
P-001258,2025-05-01,5,185.6,5.4,1,4,89.2,22.7,3,1.55
P-001258,2025-06-01,6,178.6,5.6,1,5,90.7,20.6,2,1.51
P-001258,2025-07-01,7,179.6,8.2,1,3,93.1,20.2,2,1.46
P-001258,2025-08-01,8,178.9,10.6,2,4,91.3,24.1,2,1.67
P-001258,2025-09-01,9,182.3,5.0,0,4,94.1,18.7,2,1.52
P-001258,2025-10-01,10,182.8,4.7,1,5,95.1,21.3,2,1.69
P-001258,2025-11-01,11,177.8,7.0,0,3,92.9,17.8,2,1.64
P-001258,2025-12-01,12,177.0,1.5,1,5,91.1,18.4,2,1.56
P-001259,2025-01-01,1,178.7,8.6,2,4,89.1,23.2,2,1.5
P-001259,2025-02-01,2,185.5,5.8,3,5,95.0,25.7,2,1.54
P-001259,2025-03-01,3,183.0,5.7,4,4,91.2,26.4,2,1.5
P-001259,2025-04-01,4,170.9,4.3,1,3,93.2,17.9,2,2.45
P-001259,2025-05-01,5,178.2,3.1,0,4,90.0,16.7,2,1.32
P-001259,2025-06-01,6,179.9,5.4,1,4,87.1,20.9,2,1.47
P-001259,2025-07-01,7,180.3,5.8,4,4,90.2,26.7,2,1.89
P-001259,2025-08-01,8,179.4,12.5,2,5,95.2,23.6,2,1.12
P-001259,2025-09-01,9,172.8,3.5,3,5,96.6,18.7,2,1.0
P-001259,2025-10-01,10,182.2,0.8,4,3,93.0,23.8,2,1.79
P-001259,2025-11-01,11,172.5,6.3,2,4,93.7,18.3,2,1.16
P-001259,2025-12-01,12,181.7,8.3,2,3,92.3,23.3,2,1.7
P-001260,2025-01-01,1,180.0,9.2,4,4,86.3,28.8,2,1.91
P-001260,2025-02-01,2,183.0,10.7,1,6,85.7,26.0,2,1.56
P-001260,2025-03-01,3,181.9,11.7,1,3,85.3,23.1,2,1.15
P-001260,2025-04-01,4,219.7,24.3,4,9,56.7,62.3,3,3.69
P-001260,2025-05-01,5,215.3,34.4,7,10,45.8,72.3,4,3.57
P-001260,2025-06-01,6,221.1,26.8,5,8,50.6,67.3,3,4.22
P-001260,2025-07-01,7,222.1,29.4,4,8,42.5,68.1,3,4.05
P-001260,2025-08-01,8,222.3,39.0,5,11,40.0,77.2,3,4.38
P-001260,2025-09-01,9,183.6,17.2,4,5,83.1,34.2,2,1.77
P-001260,2025-10-01,10,180.5,9.2,1,5,86.3,23.7,2,1.54
P-001260,2025-11-01,11,178.2,16.8,2,5,83.3,29.6,2,2.08
P-001260,2025-12-01,12,190.1,10.9,3,4,85.6,31.3,2,1.84
P-001261,2025-01-01,1,181.3,4.2,1,3,95.5,18.3,2,1.34
P-001261,2025-02-01,2,166.7,4.2,2,4,90.5,18.6,2,2.22
P-001261,2025-03-01,3,170.0,8.2,3,4,92.7,20.9,2,1.48
P-001261,2025-04-01,4,166.8,2.3,2,5,88.6,16.9,2,1.41
P-001261,2025-05-01,5,163.5,3.8,1,4,95.9,12.5,2,1.31
P-001261,2025-06-01,6,168.4,7.3,3,7,87.2,23.4,2,1.64
P-001261,2025-07-01,7,176.7,2.5,2,3,99.8,17.3,2,1.51
P-001261,2025-08-01,8,164.0,2.7,0,4,98.6,11.1,2,1.75
P-001261,2025-09-01,9,174.1,7.9,4,5,90.1,24.9,2,1.43
P-001261,2025-10-01,10,174.1,5.9,2,6,91.7,22.0,2,1.79
P-001261,2025-11-01,11,170.6,8.1,0,5,90.6,16.1,2,1.07
P-001261,2025-12-01,12,171.7,8.0,3,4,87.2,23.4,2,1.87
P-001262,2025-01-01,1,183.4,13.9,5,7,76.4,40.2,3,3.01
P-001262,2025-02-01,2,186.0,13.8,3,6,76.5,37.7,3,3.26
P-001262,2025-03-01,3,190.2,7.6,5,6,79.0,37.5,3,2.47
P-001262,2025-04-01,4,234.1,44.6,7,9,46.5,84.3,5,4.32
P-001262,2025-05-01,5,237.5,46.4,6,12,38.3,88.2,5,4.36
P-001262,2025-06-01,6,247.1,48.7,12,8,40.7,98.0,5,4.05
P-001262,2025-07-01,7,254.1,59.4,10,10,36.2,98.0,5,4.41
P-001262,2025-08-01,8,244.8,41.9,9,9,44.0,92.4,5,5.0
P-001262,2025-09-01,9,261.3,50.9,11,10,38.4,98.0,5,4.77
P-001262,2025-10-01,10,256.8,49.8,6,12,37.9,96.2,5,4.28
P-001262,2025-11-01,11,263.5,57.7,14,10,30.5,98.0,5,4.85
P-001262,2025-12-01,12,258.2,56.6,5,7,38.2,93.7,5,3.94
P-001263,2025-01-01,1,179.5,5.7,1,4,91.6,19.4,2,1.2
P-001263,2025-02-01,2,186.9,1.2,1,5,95.6,22.2,2,2.08
P-001263,2025-03-01,3,172.5,1.3,2,5,91.0,17.0,2,1.02
P-001263,2025-04-01,4,173.3,1.4,3,4,96.1,18.6,2,1.49
P-001263,2025-05-01,5,170.7,2.6,4,4,91.4,21.0,2,1.59
P-001263,2025-06-01,6,180.4,9.8,0,5,88.7,20.8,2,1.16
P-001263,2025-07-01,7,173.9,6.0,4,5,91.2,24.6,2,1.71
P-001263,2025-08-01,8,175.7,6.6,1,4,96.3,19.4,2,1.93
P-001263,2025-09-01,9,181.1,3.9,2,5,94.3,20.9,2,1.15
P-001263,2025-10-01,10,177.0,3.1,2,4,94.5,18.5,2,1.19
P-001263,2025-11-01,11,185.3,7.3,3,3,89.1,26.2,2,1.6
P-001263,2025-12-01,12,182.6,7.8,3,4,92.3,25.5,2,1.59
P-001264,2025-01-01,1,179.9,13.4,3,4,90.9,27.6,2,1.79
P-001264,2025-02-01,2,181.8,11.1,1,4,91.7,22.6,2,1.27
P-001264,2025-03-01,3,177.5,5.1,2,4,90.4,21.4,2,1.66
P-001264,2025-04-01,4,173.8,8.6,2,5,88.8,22.0,2,1.43
P-001264,2025-05-01,5,172.5,2.6,1,5,96.4,14.9,2,1.0
P-001264,2025-06-01,6,175.1,7.3,3,4,94.2,21.8,2,1.38
P-001264,2025-07-01,7,178.5,4.1,1,5,90.1,21.1,2,1.9
P-001264,2025-08-01,8,173.6,5.3,0,5,93.0,16.7,2,1.52
P-001264,2025-09-01,9,172.8,7.4,4,6,92.8,24.6,2,1.49
P-001264,2025-10-01,10,178.3,11.4,2,4,90.3,23.2,2,1.2
P-001264,2025-11-01,11,177.1,5.2,3,4,92.1,22.2,2,1.46
P-001264,2025-12-01,12,177.8,10.8,2,5,87.6,24.5,2,1.4
P-001265,2025-01-01,1,171.6,2.2,3,3,90.7,21.1,2,2.45
P-001265,2025-02-01,2,178.5,0.7,1,4,94.8,15.9,2,1.04
P-001265,2025-03-01,3,181.7,3.1,1,3,91.0,18.4,2,1.17
P-001265,2025-04-01,4,174.5,7.1,2,5,89.5,21.3,2,1.34
P-001265,2025-05-01,5,178.7,4.3,1,6,95.1,21.1,2,1.98
P-001265,2025-06-01,6,185.8,5.9,2,5,94.4,25.1,2,1.85
P-001265,2025-07-01,7,179.7,2.5,1,4,87.2,20.6,2,1.89
P-001265,2025-08-01,8,176.6,8.1,2,4,92.4,20.7,2,1.15
P-001265,2025-09-01,9,175.6,2.5,0,3,95.9,13.0,2,1.01
P-001265,2025-10-01,10,181.1,4.0,4,3,92.5,24.8,2,1.76
P-001265,2025-11-01,11,175.9,4.0,4,4,92.1,23.4,2,1.66
P-001265,2025-12-01,12,188.3,9.4,2,5,88.7,26.6,2,1.1
P-001266,2025-01-01,1,170.0,5.8,1,5,92.1,17.4,2,1.52
P-001266,2025-02-01,2,174.2,8.6,2,4,91.0,21.7,2,1.67
P-001266,2025-03-01,3,168.4,2.0,1,4,92.4,14.1,2,1.34
P-001266,2025-04-01,4,172.8,4.5,4,4,92.4,22.7,2,1.73
P-001266,2025-05-01,5,168.6,10.9,0,3,84.3,16.6,2,1.15
P-001266,2025-06-01,6,170.7,6.3,1,6,87.8,18.1,2,1.0
P-001266,2025-07-01,7,168.8,4.3,3,5,88.7,21.2,2,1.83
P-001266,2025-08-01,8,172.5,10.8,3,6,88.4,24.4,2,1.24
P-001266,2025-09-01,9,168.4,5.9,1,5,97.2,16.7,2,1.79
P-001266,2025-10-01,10,169.1,5.5,4,4,95.9,20.5,2,1.46
P-001266,2025-11-01,11,166.3,8.2,3,5,94.3,21.6,2,2.15
P-001266,2025-12-01,12,166.4,14.5,1,5,89.3,20.5,2,1.58
P-001267,2025-01-01,1,170.6,6.2,1,6,93.0,18.0,2,1.4
P-001267,2025-02-01,2,182.2,5.0,0,5,89.9,19.9,2,1.42
P-001267,2025-03-01,3,175.3,12.9,4,3,90.6,26.9,2,1.8
P-001267,2025-04-01,4,174.8,4.6,1,4,86.4,18.4,3,1.25
P-001267,2025-05-01,5,168.9,8.8,2,4,91.5,18.5,2,1.15
P-001267,2025-06-01,6,168.2,7.0,1,6,91.1,18.1,2,1.47
P-001267,2025-07-01,7,169.1,15.3,2,6,85.5,24.6,2,1.52
P-001267,2025-08-01,8,177.9,5.8,4,4,89.5,24.3,2,1.23
P-001267,2025-09-01,9,166.2,9.3,4,3,86.7,21.9,2,1.36
P-001267,2025-10-01,10,172.3,0.4,1,5,95.1,16.1,2,1.8
P-001267,2025-11-01,11,181.2,4.4,2,4,98.5,19.3,2,1.0
P-001267,2025-12-01,12,181.6,4.3,1,4,93.1,19.1,2,1.17
P-001268,2025-01-01,1,178.4,5.4,1,3,90.3,20.0,2,1.82
P-001268,2025-02-01,2,173.9,9.7,1,4,91.1,20.1,2,1.6
P-001268,2025-03-01,3,180.7,10.0,1,4,86.5,22.5,2,1.21
P-001268,2025-04-01,4,176.5,2.2,4,4,91.9,22.4,2,1.42
P-001268,2025-05-01,5,175.7,5.6,3,6,90.8,22.9,2,1.23
P-001268,2025-06-01,6,182.4,3.0,4,4,92.4,25.4,2,1.72
P-001268,2025-07-01,7,172.7,10.8,1,5,87.0,21.1,2,1.37
P-001268,2025-08-01,8,172.2,13.4,2,6,86.3,25.4,2,1.73
P-001268,2025-09-01,9,179.5,9.1,1,3,89.8,21.4,2,1.59
P-001268,2025-10-01,10,178.3,8.2,2,4,93.4,20.8,2,1.02
P-001268,2025-11-01,11,174.2,3.2,0,3,90.5,14.8,2,1.37
P-001268,2025-12-01,12,176.5,2.1,1,6,92.5,19.1,2,1.66
P-001269,2025-01-01,1,184.2,9.2,2,6,86.3,28.8,2,2.12
P-001269,2025-02-01,2,177.7,8.5,2,4,86.6,25.4,2,2.37
P-001269,2025-03-01,3,184.4,16.1,1,4,83.5,28.7,2,1.9
P-001269,2025-04-01,4,217.2,30.3,4,6,47.9,63.9,4,3.85
P-001269,2025-05-01,5,217.9,34.0,7,8,48.4,72.4,4,4.03
P-001269,2025-06-01,6,215.1,38.4,8,12,45.5,76.2,4,3.26
P-001269,2025-07-01,7,219.7,34.0,4,9,47.4,68.1,4,3.69
P-001269,2025-08-01,8,215.3,26.5,6,11,54.2,68.0,4,4.19
P-001269,2025-09-01,9,185.1,13.1,2,7,84.8,30.4,2,1.61
P-001269,2025-10-01,10,178.8,8.4,1,3,86.6,22.2,2,1.89
P-001269,2025-11-01,11,184.0,9.0,2,4,86.4,26.6,2,1.88
P-001269,2025-12-01,12,185.7,12.7,1,4,84.9,26.7,2,1.59
P-001270,2025-01-01,1,176.6,5.7,0,7,92.6,19.0,2,1.42
P-001270,2025-02-01,2,169.5,6.3,1,5,92.8,16.5,2,1.19
P-001270,2025-03-01,3,178.4,8.5,2,3,90.7,21.6,2,1.3
P-001270,2025-04-01,4,175.1,3.1,1,5,97.6,18.0,2,1.88
P-001270,2025-05-01,5,173.3,4.7,1,6,95.1,18.2,2,1.52
P-001270,2025-06-01,6,168.8,7.4,1,3,90.0,16.1,2,1.28
P-001270,2025-07-01,7,176.7,4.1,1,4,96.6,17.6,2,1.51
P-001270,2025-08-01,8,185.6,6.2,4,4,97.0,25.4,2,1.06
P-001270,2025-09-01,9,172.3,4.4,1,4,94.7,15.8,2,1.24
P-001270,2025-10-01,10,171.1,1.6,1,5,94.1,14.4,2,1.0
P-001270,2025-11-01,11,179.1,7.3,0,4,90.4,18.5,2,1.24
P-001270,2025-12-01,12,176.3,6.8,1,3,87.7,20.3,2,1.81
P-001271,2025-01-01,1,177.1,2.2,1,4,91.1,18.5,2,1.73
P-001271,2025-02-01,2,177.6,4.1,1,5,90.4,20.9,2,2.01
P-001271,2025-03-01,3,224.5,31.8,11,10,45.5,82.6,3,4.1
P-001271,2025-04-01,4,213.7,43.1,6,8,42.1,73.6,4,3.77
P-001271,2025-05-01,5,224.5,50.7,6,13,39.8,82.7,4,3.14
P-001271,2025-06-01,6,217.7,38.9,8,9,43.3,78.2,4,4.25
P-001271,2025-07-01,7,223.8,45.2,10,10,41.4,87.2,3,4.17
P-001271,2025-08-01,8,227.9,34.1,6,10,44.8,76.3,3,4.03
P-001271,2025-09-01,9,219.7,43.8,6,10,41.8,78.6,4,4.27
P-001271,2025-10-01,10,171.0,7.5,4,7,89.0,25.0,2,1.37
P-001271,2025-11-01,11,177.3,9.7,3,4,88.1,26.0,2,1.92
P-001271,2025-12-01,12,176.8,11.1,2,4,87.6,25.1,2,1.99
P-001272,2025-01-01,1,197.0,13.9,5,6,76.4,43.5,3,2.71
P-001272,2025-02-01,2,194.1,13.5,3,4,76.6,35.9,3,2.0
P-001272,2025-03-01,3,194.8,12.4,3,6,77.0,36.6,3,1.88
P-001272,2025-04-01,4,238.4,43.6,6,12,44.9,86.2,5,4.39
P-001272,2025-05-01,5,240.8,46.4,9,9,40.8,92.1,5,4.47
P-001272,2025-06-01,6,254.7,39.9,11,8,40.3,97.8,5,4.77
P-001272,2025-07-01,7,254.5,46.8,9,10,41.3,97.5,5,4.41
P-001272,2025-08-01,8,270.3,50.5,14,10,38.4,98.0,5,4.59
P-001272,2025-09-01,9,258.2,59.3,5,14,36.1,98.0,5,4.93
P-001272,2025-10-01,10,266.6,49.9,13,11,37.4,98.0,5,4.33
P-001272,2025-11-01,11,269.7,51.1,13,10,34.9,98.0,5,5.0
P-001272,2025-12-01,12,268.5,48.8,10,13,36.6,98.0,5,4.19
P-001273,2025-01-01,1,190.7,16.2,1,5,75.5,34.4,3,2.42
P-001273,2025-02-01,2,182.3,17.0,2,6,75.2,33.9,3,2.33
P-001273,2025-03-01,3,187.1,19.0,5,6,74.4,43.6,3,3.13
P-001273,2025-04-01,4,232.8,43.6,8,11,50.2,86.1,5,4.49
P-001273,2025-05-01,5,235.1,49.6,7,15,37.1,92.3,5,4.26
P-001273,2025-06-01,6,251.9,44.3,5,8,40.9,89.1,5,5.0
P-001273,2025-07-01,7,243.4,45.5,10,11,37.9,95.9,5,4.34
P-001273,2025-08-01,8,250.2,51.3,9,10,37.3,96.6,5,3.58
P-001273,2025-09-01,9,259.1,53.1,11,8,41.1,98.0,5,4.17
P-001273,2025-10-01,10,253.2,51.4,7,11,41.0,95.5,5,4.09
P-001273,2025-11-01,11,252.8,52.8,13,11,33.5,98.0,5,4.46
P-001273,2025-12-01,12,260.8,48.1,10,7,34.6,98.0,5,4.23
P-001274,2025-01-01,1,172.6,6.2,2,3,93.1,17.5,2,1.03
P-001274,2025-02-01,2,178.2,8.1,1,5,86.8,21.9,2,1.37
P-001274,2025-03-01,3,180.8,7.8,1,5,92.3,22.4,2,1.69
P-001274,2025-04-01,4,178.5,3.9,2,4,91.2,20.8,2,1.5
P-001274,2025-05-01,5,175.5,0.0,1,5,91.2,16.8,2,1.38
P-001274,2025-06-01,6,178.0,11.1,2,3,89.2,23.1,2,1.4
P-001274,2025-07-01,7,173.1,2.6,3,5,92.8,20.7,2,1.65
P-001274,2025-08-01,8,171.7,4.4,2,4,95.9,17.7,2,1.5
P-001274,2025-09-01,9,175.8,2.8,1,5,93.4,18.1,2,1.55
P-001274,2025-10-01,10,180.5,9.6,1,5,94.9,21.9,2,1.4
P-001274,2025-11-01,11,172.3,8.3,1,5,92.5,19.2,2,1.5
P-001274,2025-12-01,12,175.0,5.1,1,5,93.3,17.4,2,1.0
P-001275,2025-01-01,1,183.5,5.8,3,5,91.5,25.3,2,1.4
P-001275,2025-02-01,2,176.8,5.4,3,4,84.5,23.8,2,1.55
P-001275,2025-03-01,3,181.2,7.7,2,3,96.4,22.6,2,1.88
P-001275,2025-04-01,4,184.8,8.1,3,5,86.6,27.9,2,1.49
P-001275,2025-05-01,5,172.3,7.6,3,5,95.2,22.0,3,1.62
P-001275,2025-06-01,6,176.8,6.0,1,4,95.3,18.3,2,1.38
P-001275,2025-07-01,7,170.8,3.4,1,4,94.6,16.0,2,1.7
P-001275,2025-08-01,8,184.1,6.9,0,5,89.9,21.3,2,1.43
P-001275,2025-09-01,9,180.2,5.5,3,5,93.2,23.5,2,1.31
P-001275,2025-10-01,10,180.5,6.2,1,6,90.6,22.5,2,1.63
P-001275,2025-11-01,11,192.4,2.3,3,5,96.6,26.1,2,1.42
P-001275,2025-12-01,12,177.1,9.3,2,4,88.7,22.1,2,1.14
P-001276,2025-01-01,1,196.6,6.8,2,3,88.9,28.6,2,1.74
P-001276,2025-02-01,2,188.1,5.0,1,3,92.2,21.2,2,1.16
P-001276,2025-03-01,3,185.5,6.0,1,3,89.8,21.5,2,1.3
P-001276,2025-04-01,4,188.4,6.9,1,6,86.3,25.1,3,1.13
P-001276,2025-05-01,5,189.0,3.8,3,5,93.0,27.4,2,1.91
P-001276,2025-06-01,6,189.2,12.6,4,4,90.2,32.4,2,1.83
P-001276,2025-07-01,7,195.8,2.5,2,3,96.2,24.9,2,1.62
P-001276,2025-08-01,8,187.0,4.9,3,6,98.3,24.6,2,1.0
P-001276,2025-09-01,9,188.8,3.0,1,4,99.8,19.5,2,1.0
P-001276,2025-10-01,10,190.6,2.4,2,4,94.4,23.4,2,1.34
P-001276,2025-11-01,11,189.8,5.5,1,5,95.9,23.1,2,1.36
P-001276,2025-12-01,12,189.9,7.6,0,5,97.3,22.8,2,1.65
P-001277,2025-01-01,1,181.8,5.7,1,5,97.9,20.9,2,1.72
P-001277,2025-02-01,2,181.4,3.2,1,7,92.8,20.6,2,1.14
P-001277,2025-03-01,3,176.2,2.7,1,6,95.9,17.5,2,1.22
P-001277,2025-04-01,4,176.3,3.4,3,4,93.8,20.1,2,1.17
P-001277,2025-05-01,5,175.9,9.3,0,4,90.8,17.6,2,1.0
P-001277,2025-06-01,6,178.7,3.8,0,5,93.9,17.6,2,1.51
P-001277,2025-07-01,7,180.1,3.0,0,3,89.7,16.0,2,1.0
P-001277,2025-08-01,8,183.0,4.0,3,3,93.5,23.7,2,1.81
P-001277,2025-09-01,9,181.6,3.7,3,5,97.9,22.5,2,1.37
P-001277,2025-10-01,10,180.1,6.1,1,4,91.2,20.4,2,1.42
P-001277,2025-11-01,11,177.5,9.8,0,5,89.2,21.1,2,1.71
P-001277,2025-12-01,12,180.3,1.5,2,4,97.2,20.2,2,1.86
P-001278,2025-01-01,1,184.9,6.5,1,3,89.4,21.0,2,1.06
P-001278,2025-02-01,2,183.6,8.2,3,4,88.7,25.2,2,1.0
P-001278,2025-03-01,3,178.2,5.3,1,4,89.9,20.4,2,1.75
P-001278,2025-04-01,4,173.1,7.7,3,4,88.9,22.1,2,1.32
P-001278,2025-05-01,5,176.9,4.1,1,5,90.4,20.2,2,1.82
P-001278,2025-06-01,6,209.8,25.0,6,8,62.5,59.8,4,3.33
P-001278,2025-07-01,7,210.0,22.6,5,9,63.2,55.7,4,2.51
P-001278,2025-08-01,8,181.1,2.5,2,4,91.0,21.9,2,1.83
P-001278,2025-09-01,9,178.3,5.8,2,4,89.7,20.9,2,1.17
P-001278,2025-10-01,10,191.2,4.1,3,3,90.4,27.0,2,1.72
P-001278,2025-11-01,11,177.7,8.6,3,4,88.6,24.0,2,1.27
P-001278,2025-12-01,12,178.1,7.8,2,6,88.9,24.2,2,1.59
P-001279,2025-01-01,1,173.6,7.2,1,6,90.3,19.4,2,1.16
P-001279,2025-02-01,2,175.0,4.7,1,3,95.7,16.2,2,1.3
P-001279,2025-03-01,3,168.6,12.9,1,5,93.7,18.6,2,1.14
P-001279,2025-04-01,4,175.2,4.0,0,5,98.8,14.3,2,1.0
P-001279,2025-05-01,5,171.0,10.8,0,3,89.9,16.8,2,1.3
P-001279,2025-06-01,6,175.6,5.7,0,6,88.1,19.6,2,1.7
P-001279,2025-07-01,7,171.9,10.3,0,5,87.8,19.0,2,1.48
P-001279,2025-08-01,8,172.1,7.3,4,3,91.9,21.5,2,1.1
P-001279,2025-09-01,9,176.2,7.8,1,5,89.2,21.0,2,1.54
P-001279,2025-10-01,10,175.8,5.6,2,5,95.4,19.7,2,1.23
P-001279,2025-11-01,11,167.1,4.9,4,4,91.1,20.5,2,1.48
P-001279,2025-12-01,12,171.5,2.4,3,4,92.9,18.5,2,1.26
P-001280,2025-01-01,1,175.0,9.1,1,3,91.3,18.1,2,1.0
P-001280,2025-02-01,2,177.4,4.4,1,4,92.6,18.6,2,1.5
P-001280,2025-03-01,3,185.9,7.5,4,4,91.8,26.8,2,1.0
P-001280,2025-04-01,4,184.9,4.6,4,5,90.5,27.6,2,1.57
P-001280,2025-05-01,5,177.2,11.5,3,5,91.1,25.4,2,1.33
P-001280,2025-06-01,6,182.4,8.8,4,4,92.6,27.7,2,1.71
P-001280,2025-07-01,7,171.3,5.5,1,5,92.0,16.8,2,1.11
P-001280,2025-08-01,8,173.8,6.7,4,4,95.3,22.8,2,1.48
P-001280,2025-09-01,9,180.8,5.2,4,3,90.3,24.3,2,1.24
P-001280,2025-10-01,10,174.1,8.1,0,6,91.5,19.5,2,1.74
P-001280,2025-11-01,11,175.2,7.6,1,4,84.3,19.7,2,1.08
P-001280,2025-12-01,12,178.7,9.8,0,6,92.1,21.5,2,1.65
P-001281,2025-01-01,1,178.6,0.0,3,4,90.0,20.4,2,1.24
P-001281,2025-02-01,2,177.9,9.9,1,5,86.1,24.0,2,1.92
P-001281,2025-03-01,3,188.3,15.7,1,5,83.7,30.1,2,1.73
P-001281,2025-04-01,4,221.3,32.7,4,9,47.0,68.8,3,3.94
P-001281,2025-05-01,5,213.9,40.7,4,9,40.0,69.7,4,3.48
P-001281,2025-06-01,6,214.4,39.4,5,9,45.2,70.6,4,3.71
P-001281,2025-07-01,7,212.6,36.1,6,10,46.2,70.8,3,3.72
P-001281,2025-08-01,8,216.1,32.5,7,9,42.6,72.9,3,4.01
P-001281,2025-09-01,9,176.7,1.4,2,6,89.4,21.2,2,1.66
P-001281,2025-10-01,10,179.2,16.1,1,6,83.6,27.3,2,1.56
P-001281,2025-11-01,11,181.4,8.3,4,4,86.7,27.5,2,1.4
P-001281,2025-12-01,12,177.3,14.0,1,3,84.4,24.5,2,1.91
P-001282,2025-01-01,1,165.8,7.4,1,5,89.0,16.9,2,1.4
P-001282,2025-02-01,2,173.1,7.7,2,4,88.9,21.2,2,1.65
P-001282,2025-03-01,3,221.4,35.1,10,11,44.5,81.5,3,3.89
P-001282,2025-04-01,4,214.0,38.8,8,12,43.3,78.6,3,4.11
P-001282,2025-05-01,5,224.2,33.3,6,9,45.0,74.6,4,4.28
P-001282,2025-06-01,6,212.4,30.5,9,10,45.9,73.2,4,3.65
P-001282,2025-07-01,7,223.2,34.9,11,7,44.5,80.8,4,3.78
P-001282,2025-08-01,8,217.8,35.4,7,8,44.4,73.6,4,3.98
P-001282,2025-09-01,9,212.4,42.1,6,9,42.4,73.2,3,3.69
P-001282,2025-10-01,10,170.3,6.2,3,5,89.5,21.4,2,1.47
P-001282,2025-11-01,11,174.7,6.8,2,3,89.3,22.3,2,2.27
P-001282,2025-12-01,12,168.7,8.4,3,5,88.6,22.8,2,1.82
P-001283,2025-01-01,1,190.1,10.0,1,3,86.0,25.6,2,1.37
P-001283,2025-02-01,2,182.6,10.0,1,3,86.0,24.2,2,1.83
P-001283,2025-03-01,3,183.2,10.8,2,5,85.7,27.5,2,1.71
P-001283,2025-04-01,4,224.5,44.8,5,11,41.0,77.3,3,3.23
P-001283,2025-05-01,5,220.1,30.1,6,8,47.6,68.9,4,3.55
P-001283,2025-06-01,6,219.0,39.3,7,7,47.9,76.5,4,4.83
P-001283,2025-07-01,7,225.9,41.7,6,12,40.0,80.1,3,3.67
P-001283,2025-08-01,8,220.6,32.8,8,9,41.6,75.2,3,3.5
P-001283,2025-09-01,9,189.5,10.8,3,4,85.7,30.8,2,1.73
P-001283,2025-10-01,10,185.5,11.9,2,4,85.2,28.1,2,1.68
P-001283,2025-11-01,11,187.0,18.0,3,5,82.8,34.2,2,1.78
P-001283,2025-12-01,12,186.9,9.7,1,3,86.1,25.6,2,1.83
P-001284,2025-01-01,1,169.9,5.5,2,4,89.4,17.6,2,1.06
P-001284,2025-02-01,2,181.8,5.6,4,5,91.1,28.0,2,2.08
P-001284,2025-03-01,3,180.1,8.5,1,5,86.7,23.9,2,1.83
P-001284,2025-04-01,4,179.7,6.5,4,3,93.2,25.1,2,1.71
P-001284,2025-05-01,5,173.2,5.6,2,4,91.5,19.0,2,1.27
P-001284,2025-06-01,6,172.3,1.5,3,4,96.4,18.2,2,1.45
P-001284,2025-07-01,7,177.5,8.5,3,5,85.7,25.0,2,1.22
P-001284,2025-08-01,8,175.6,3.5,3,5,95.0,21.0,2,1.45
P-001284,2025-09-01,9,174.5,5.5,1,4,90.5,18.2,2,1.38
P-001284,2025-10-01,10,185.1,4.4,3,3,88.8,23.6,2,1.04
P-001284,2025-11-01,11,170.6,6.0,1,3,87.1,17.3,2,1.51
P-001284,2025-12-01,12,171.9,0.0,3,5,100.5,17.4,2,1.5
P-001285,2025-01-01,1,177.6,8.9,2,4,90.0,22.1,2,1.24
P-001285,2025-02-01,2,175.3,10.6,3,4,87.0,26.4,2,2.13
P-001285,2025-03-01,3,173.6,7.6,0,4,91.4,16.1,2,1.07
P-001285,2025-04-01,4,178.4,2.6,1,3,95.8,16.1,2,1.14
P-001285,2025-05-01,5,174.9,7.0,2,5,92.0,21.4,2,1.54
P-001285,2025-06-01,6,176.4,4.6,4,3,88.1,23.2,2,1.36
P-001285,2025-07-01,7,177.2,7.3,2,5,91.8,21.4,2,1.15
P-001285,2025-08-01,8,180.3,3.1,1,3,95.9,18.5,2,1.75
P-001285,2025-09-01,9,180.8,3.7,1,3,92.5,20.0,2,1.91
P-001285,2025-10-01,10,181.6,4.3,0,4,96.6,16.6,2,1.06
P-001285,2025-11-01,11,184.4,1.1,1,4,99.0,18.3,2,1.42
P-001285,2025-12-01,12,175.3,5.3,2,4,90.7,20.5,2,1.6
P-001286,2025-01-01,1,188.1,12.9,3,4,84.9,31.6,2,1.86
P-001286,2025-02-01,2,172.1,9.8,1,7,86.1,23.8,2,2.12
P-001286,2025-03-01,3,172.8,12.9,3,4,84.9,25.0,2,1.35
P-001286,2025-04-01,4,218.0,27.1,4,7,48.0,64.1,4,4.05
P-001286,2025-05-01,5,206.8,30.5,5,12,40.0,69.3,4,4.55
P-001286,2025-06-01,6,214.8,40.0,5,9,52.2,68.8,4,3.38
P-001286,2025-07-01,7,212.6,43.5,8,8,40.0,75.7,3,3.19
P-001286,2025-08-01,8,219.2,25.1,6,8,61.4,65.2,4,4.07
P-001286,2025-09-01,9,176.6,7.3,1,4,87.1,22.0,2,2.05
P-001286,2025-10-01,10,166.8,10.9,1,4,85.6,20.3,2,2.03
P-001286,2025-11-01,11,178.6,6.4,1,7,87.4,23.7,2,1.81
P-001286,2025-12-01,12,175.9,3.0,2,5,88.8,19.3,2,1.0
P-001287,2025-01-01,1,178.1,1.6,2,5,92.3,21.1,2,1.92
P-001287,2025-02-01,2,175.8,0.3,0,4,94.2,14.8,2,1.65
P-001287,2025-03-01,3,169.2,8.3,1,3,91.3,17.7,2,1.8
P-001287,2025-04-01,4,186.0,6.9,2,5,94.4,24.0,2,1.2
P-001287,2025-05-01,5,182.2,7.3,1,4,90.9,22.0,2,1.55
P-001287,2025-06-01,6,178.9,5.3,2,5,94.7,21.0,2,1.3
P-001287,2025-07-01,7,187.1,2.0,0,4,92.6,19.0,2,1.34
P-001287,2025-08-01,8,181.4,0.3,1,4,92.5,17.9,2,1.3
P-001287,2025-09-01,9,179.1,7.2,1,6,92.4,21.8,2,1.49
P-001287,2025-10-01,10,181.9,5.6,0,5,95.8,18.7,2,1.32
P-001287,2025-11-01,11,185.2,10.4,0,5,89.4,23.9,2,1.67
P-001287,2025-12-01,12,182.9,7.0,2,4,87.7,25.0,2,1.79
P-001288,2025-01-01,1,169.5,8.2,2,5,93.4,20.1,2,1.69
P-001288,2025-02-01,2,168.8,8.8,0,5,91.3,16.1,2,1.25
P-001288,2025-03-01,3,160.5,8.2,1,3,93.3,14.9,2,2.06
P-001288,2025-04-01,4,168.1,7.4,1,5,93.1,16.5,2,1.23
P-001288,2025-05-01,5,163.5,6.3,4,5,95.1,20.0,2,1.61
P-001288,2025-06-01,6,162.3,14.1,0,3,90.7,15.0,2,1.34
P-001288,2025-07-01,7,163.0,1.2,1,5,91.7,12.5,2,1.26
P-001288,2025-08-01,8,167.5,7.1,1,5,92.0,17.0,2,1.48
P-001288,2025-09-01,9,158.2,5.8,3,6,92.6,16.4,2,1.17
P-001288,2025-10-01,10,165.1,7.4,3,4,93.5,19.0,2,1.62
P-001288,2025-11-01,11,169.2,7.1,1,4,93.0,18.0,2,1.97
P-001288,2025-12-01,12,168.1,2.3,2,4,95.7,15.4,2,1.44
P-001289,2025-01-01,1,179.3,7.2,4,5,92.9,25.3,2,1.17
P-001289,2025-02-01,2,180.2,7.3,1,4,87.3,22.0,2,1.58
P-001289,2025-03-01,3,178.2,7.2,2,4,92.0,20.7,2,1.05
P-001289,2025-04-01,4,176.5,9.0,1,6,91.0,21.9,2,1.49
P-001289,2025-05-01,5,176.1,0.0,3,6,97.9,20.5,2,1.68
P-001289,2025-06-01,6,172.6,6.4,2,3,95.2,18.2,2,1.46
P-001289,2025-07-01,7,181.1,7.9,2,5,94.6,23.5,2,1.57
P-001289,2025-08-01,8,177.7,3.4,0,4,88.3,17.4,2,1.47
P-001289,2025-09-01,9,174.8,7.7,0,4,90.7,18.8,2,1.92
P-001289,2025-10-01,10,185.9,4.7,2,4,94.7,23.5,2,1.68
P-001289,2025-11-01,11,180.2,8.5,0,6,93.0,20.0,2,1.13
P-001289,2025-12-01,12,180.4,3.8,1,5,91.2,20.6,2,1.58
P-001290,2025-01-01,1,177.1,0.0,3,4,94.6,19.7,2,1.52
P-001290,2025-02-01,2,178.6,8.9,2,5,87.9,23.4,2,1.19
P-001290,2025-03-01,3,180.7,0.1,1,5,95.4,18.8,2,1.77
P-001290,2025-04-01,4,186.4,8.5,2,4,89.4,24.7,3,1.09
P-001290,2025-05-01,5,172.7,5.7,2,4,91.0,19.1,2,1.34
P-001290,2025-06-01,6,174.3,6.4,4,4,95.5,23.2,2,1.63
P-001290,2025-07-01,7,177.6,7.7,3,6,87.8,26.3,2,1.76
P-001290,2025-08-01,8,181.6,11.8,3,3,88.2,27.5,2,1.82
P-001290,2025-09-01,9,175.3,4.0,0,5,99.4,16.4,2,1.88
P-001290,2025-10-01,10,176.7,5.2,1,4,94.0,19.3,2,1.82
P-001290,2025-11-01,11,180.3,7.3,4,5,91.3,27.6,2,1.81
P-001290,2025-12-01,12,179.2,7.3,2,6,89.1,24.2,2,1.54
P-001291,2025-01-01,1,176.2,7.6,2,3,92.1,19.6,2,1.06
P-001291,2025-02-01,2,178.9,7.7,1,4,94.6,19.8,2,1.36
P-001291,2025-03-01,3,167.8,7.4,0,4,91.2,14.6,2,1.27
P-001291,2025-04-01,4,174.3,9.3,2,5,96.2,21.1,2,1.45
P-001291,2025-05-01,5,173.9,5.7,4,4,87.9,23.1,2,1.22
P-001291,2025-06-01,6,173.4,5.2,0,5,91.2,17.1,2,1.59
P-001291,2025-07-01,7,169.4,6.7,2,4,94.9,17.3,2,1.2
P-001291,2025-08-01,8,175.6,8.4,3,5,91.5,24.4,2,1.69
P-001291,2025-09-01,9,172.0,3.6,2,6,89.6,19.7,2,1.4
P-001291,2025-10-01,10,169.7,8.3,1,4,91.8,19.0,2,2.0
P-001291,2025-11-01,11,176.4,3.7,0,5,93.6,16.3,2,1.28
P-001291,2025-12-01,12,168.6,2.7,2,4,92.4,16.4,2,1.44
P-001292,2025-01-01,1,171.4,5.3,1,5,93.8,17.1,2,1.41
P-001292,2025-02-01,2,187.8,10.1,3,4,90.7,27.1,2,1.0
P-001292,2025-03-01,3,171.1,3.2,3,4,91.4,20.5,2,1.91
P-001292,2025-04-01,4,175.6,8.6,1,4,93.3,20.7,3,1.91
P-001292,2025-05-01,5,178.0,10.0,1,4,84.2,22.4,2,1.36
P-001292,2025-06-01,6,188.6,6.9,4,5,93.9,29.0,2,1.51
P-001292,2025-07-01,7,177.9,4.2,3,5,90.4,24.6,2,2.1
P-001292,2025-08-01,8,185.0,5.3,1,4,89.3,21.8,2,1.31
P-001292,2025-09-01,9,176.3,9.1,1,4,95.1,19.4,2,1.34
P-001292,2025-10-01,10,177.9,3.9,0,6,92.4,17.3,2,1.1
P-001292,2025-11-01,11,174.0,4.8,0,4,95.8,15.7,2,1.62
P-001292,2025-12-01,12,181.7,11.6,2,5,85.5,26.5,2,1.38
P-001293,2025-01-01,1,179.1,11.0,1,6,85.6,24.9,2,1.6
P-001293,2025-02-01,2,181.3,7.2,3,4,87.1,26.9,2,2.06
P-001293,2025-03-01,3,178.7,11.3,1,4,85.5,24.7,2,2.06
P-001293,2025-04-01,4,205.6,25.9,6,11,53.7,63.0,3,3.62
P-001293,2025-05-01,5,207.2,27.2,4,8,50.7,59.6,3,3.71
P-001293,2025-06-01,6,212.9,37.9,8,8,46.9,72.9,4,3.47
P-001293,2025-07-01,7,212.1,26.6,6,8,41.1,66.1,3,3.66
P-001293,2025-08-01,8,207.6,24.6,10,10,47.9,73.5,4,4.9
P-001293,2025-09-01,9,178.6,12.5,1,5,85.0,25.4,2,1.83
P-001293,2025-10-01,10,181.8,8.4,1,4,86.6,23.9,2,1.88
P-001293,2025-11-01,11,175.4,8.5,1,4,86.6,20.9,2,1.56
P-001293,2025-12-01,12,170.5,9.4,2,4,86.2,21.6,2,1.65
P-001294,2025-01-01,1,180.8,3.5,0,4,90.6,19.6,2,2.08
P-001294,2025-02-01,2,178.8,6.4,2,4,89.4,22.9,2,1.77
P-001294,2025-03-01,3,219.8,36.2,11,12,44.1,84.1,4,3.99
P-001294,2025-04-01,4,228.5,39.6,11,12,43.1,89.3,4,4.25
P-001294,2025-05-01,5,223.9,31.4,10,9,45.6,79.7,4,4.04
P-001294,2025-06-01,6,232.7,35.3,6,13,44.4,80.6,3,4.03
P-001294,2025-07-01,7,236.5,40.8,5,10,42.8,80.3,3,3.81
P-001294,2025-08-01,8,224.6,29.5,11,14,46.2,83.5,4,3.84
P-001294,2025-09-01,9,223.8,34.4,6,10,44.7,75.6,3,4.25
P-001294,2025-10-01,10,184.6,12.2,1,3,87.1,24.4,2,1.35
P-001294,2025-11-01,11,185.9,6.8,4,4,89.3,28.7,2,1.69
P-001294,2025-12-01,12,183.2,7.5,4,5,89.0,29.1,2,1.82
P-001295,2025-01-01,1,185.1,14.6,2,5,76.2,34.2,3,2.81
P-001295,2025-02-01,2,174.3,11.9,3,6,77.2,31.4,3,2.77
P-001295,2025-03-01,3,181.3,13.5,1,5,76.6,30.5,3,2.73
P-001295,2025-04-01,4,239.7,40.3,9,11,42.2,90.6,5,4.58
P-001295,2025-05-01,5,232.8,52.5,6,8,43.8,85.5,5,4.42
P-001295,2025-06-01,6,247.8,47.9,11,10,38.0,98.0,5,4.29
P-001295,2025-07-01,7,251.2,39.9,14,10,38.6,98.0,5,4.31
P-001295,2025-08-01,8,242.4,44.2,11,13,40.6,98.0,5,4.91
P-001295,2025-09-01,9,248.7,55.7,12,11,32.3,98.0,5,4.28
P-001295,2025-10-01,10,256.5,48.9,11,8,32.0,98.0,5,3.97
P-001295,2025-11-01,11,261.4,37.5,10,9,35.2,98.0,5,4.77
P-001295,2025-12-01,12,259.5,53.8,10,9,37.7,98.0,5,4.66
P-001296,2025-01-01,1,180.5,6.5,1,5,89.3,22.3,2,1.67
P-001296,2025-02-01,2,177.7,5.0,3,5,92.4,24.2,2,1.96
P-001296,2025-03-01,3,172.0,3.1,0,4,94.7,13.5,2,1.22
P-001296,2025-04-01,4,173.4,8.8,4,4,91.9,24.1,2,1.45
P-001296,2025-05-01,5,176.1,5.7,4,4,91.7,23.8,2,1.45
P-001296,2025-06-01,6,174.0,9.2,4,5,89.1,25.9,2,1.57
P-001296,2025-07-01,7,174.4,5.3,2,5,90.4,20.5,2,1.39
P-001296,2025-08-01,8,181.2,4.4,2,5,91.4,21.9,2,1.25
P-001296,2025-09-01,9,174.0,3.9,4,4,93.4,22.1,2,1.52
P-001296,2025-10-01,10,168.1,3.4,1,5,93.9,15.9,2,1.7
P-001296,2025-11-01,11,174.5,5.5,2,6,91.1,20.2,2,1.04
P-001296,2025-12-01,12,180.8,1.9,2,3,95.1,20.8,2,2.09
P-001297,2025-01-01,1,180.4,8.1,4,3,89.0,25.7,2,1.26
P-001297,2025-02-01,2,181.8,6.9,3,5,93.7,25.1,2,1.53
P-001297,2025-03-01,3,179.7,5.6,4,5,89.5,25.8,2,1.35
P-001297,2025-04-01,4,184.9,10.8,2,5,87.5,27.3,3,1.52
P-001297,2025-05-01,5,186.0,0.0,4,3,97.9,23.2,3,1.52
P-001297,2025-06-01,6,183.8,6.6,1,3,90.1,22.3,2,1.77
P-001297,2025-07-01,7,187.1,6.4,1,5,91.3,24.9,2,1.96
P-001297,2025-08-01,8,188.6,11.0,2,6,88.5,30.6,2,2.09
P-001297,2025-09-01,9,185.5,3.4,0,4,93.3,18.9,2,1.36
P-001297,2025-10-01,10,179.2,5.9,2,5,93.2,21.2,2,1.14
P-001297,2025-11-01,11,179.2,1.3,1,5,93.7,18.3,2,1.44
P-001297,2025-12-01,12,186.9,11.8,4,5,93.1,29.7,2,1.14
P-001298,2025-01-01,1,181.8,4.6,1,4,95.8,20.7,2,1.91
P-001298,2025-02-01,2,180.3,1.8,0,5,90.6,17.6,2,1.37
P-001298,2025-03-01,3,178.0,8.4,2,4,92.7,22.6,2,1.68
P-001298,2025-04-01,4,180.4,6.7,3,5,92.8,25.0,2,1.64
P-001298,2025-05-01,5,174.4,13.4,2,6,85.0,26.2,2,1.66
P-001298,2025-06-01,6,189.3,4.7,3,5,91.7,26.6,2,1.32
P-001298,2025-07-01,7,179.7,9.1,3,4,86.5,26.5,2,1.72
P-001298,2025-08-01,8,185.5,7.4,3,4,90.3,27.0,2,1.69
P-001298,2025-09-01,9,177.4,10.9,1,3,92.9,20.7,2,1.52
P-001298,2025-10-01,10,183.3,8.3,1,5,91.0,22.4,2,1.13
P-001298,2025-11-01,11,182.4,5.5,4,4,90.0,25.4,2,1.11
P-001298,2025-12-01,12,180.7,2.7,3,4,89.8,23.6,2,1.75
P-001299,2025-01-01,1,183.2,10.3,4,5,85.9,31.0,2,1.86
P-001299,2025-02-01,2,178.1,11.8,4,4,85.3,28.1,2,1.43
P-001299,2025-03-01,3,187.5,7.2,4,6,87.1,31.8,2,1.93
P-001299,2025-04-01,4,215.3,42.3,4,8,42.9,68.6,4,3.08
P-001299,2025-05-01,5,215.1,21.2,4,7,53.9,59.6,3,4.11
P-001299,2025-06-01,6,215.3,40.3,4,11,44.0,71.1,4,3.69
P-001299,2025-07-01,7,218.9,39.7,9,6,51.9,76.3,3,3.96
P-001299,2025-08-01,8,225.3,29.4,5,6,49.0,65.2,3,2.8
P-001299,2025-09-01,9,180.1,4.3,2,6,88.3,23.6,2,1.59
P-001299,2025-10-01,10,180.7,15.9,1,6,83.7,28.7,2,1.92
P-001299,2025-11-01,11,176.7,13.7,1,3,84.5,22.4,2,1.21
P-001299,2025-12-01,12,175.9,6.8,1,5,87.3,23.3,2,2.51
P-001300,2025-01-01,1,173.4,11.1,3,3,87.6,24.2,2,1.74
P-001300,2025-02-01,2,164.8,11.2,1,5,87.5,18.7,2,1.51
P-001300,2025-03-01,3,206.7,37.7,6,9,43.7,70.1,4,4.1
P-001300,2025-04-01,4,215.4,38.0,11,10,43.6,82.1,3,4.03
P-001300,2025-05-01,5,210.5,41.1,7,14,42.7,76.6,4,3.51
P-001300,2025-06-01,6,216.1,34.6,11,9,44.6,78.4,3,3.35
P-001300,2025-07-01,7,212.1,39.5,8,12,43.2,78.4,4,4.19
P-001300,2025-08-01,8,201.2,32.2,9,9,45.4,71.6,3,4.51
P-001300,2025-09-01,9,221.9,39.0,9,14,43.3,83.7,4,3.83
P-001300,2025-10-01,10,163.8,9.3,1,5,88.3,18.1,2,1.78
P-001300,2025-11-01,11,159.1,5.9,1,5,89.7,15.1,2,1.93
P-001300,2025-12-01,12,160.1,13.3,2,3,86.7,20.1,2,2.19
P-001301,2025-01-01,1,176.5,4.6,2,5,93.3,20.2,2,1.33
P-001301,2025-02-01,2,178.9,3.9,1,3,93.9,17.6,2,1.32
P-001301,2025-03-01,3,173.5,7.2,4,4,90.1,25.4,2,2.11
P-001301,2025-04-01,4,170.1,4.0,1,3,92.9,15.5,2,1.63
P-001301,2025-05-01,5,175.6,6.1,2,5,94.9,19.7,2,1.12
P-001301,2025-06-01,6,171.7,6.0,4,5,88.9,23.8,2,1.57
P-001301,2025-07-01,7,175.9,8.7,0,3,88.4,19.2,2,1.84
P-001301,2025-08-01,8,170.9,3.8,2,5,93.9,18.9,2,1.77
P-001301,2025-09-01,9,165.0,0.0,0,4,92.1,12.5,2,2.13
P-001301,2025-10-01,10,176.7,3.7,1,4,94.9,17.2,2,1.32
P-001301,2025-11-01,11,172.2,8.8,0,5,94.2,17.1,2,1.39
P-001301,2025-12-01,12,175.5,3.0,2,4,97.1,18.1,2,1.44
P-001302,2025-01-01,1,173.4,7.6,1,5,95.0,18.6,1,1.41
P-001302,2025-02-01,2,210.0,29.0,8,10,49.3,70.2,4,3.96
P-001302,2025-03-01,3,219.7,37.5,4,7,46.7,69.3,4,4.07
P-001302,2025-04-01,4,219.9,27.8,5,8,49.6,66.5,4,3.83
P-001302,2025-05-01,5,208.0,35.7,7,7,47.3,68.0,4,3.54
P-001302,2025-06-01,6,114.8,0.0,0,3,120.0,5.0,1,1.0
P-001302,2025-07-01,7,166.5,7.2,0,4,95.1,13.4,1,1.31
P-001302,2025-08-01,8,162.5,4.6,0,6,96.2,12.3,1,1.4
P-001302,2025-09-01,9,163.2,4.2,0,3,96.3,10.0,1,1.29
P-001302,2025-10-01,10,164.4,5.2,1,4,95.9,12.8,1,1.09
P-001302,2025-11-01,11,167.4,4.1,1,3,96.3,13.1,1,1.27
P-001302,2025-12-01,12,161.2,5.2,0,6,95.9,12.2,1,1.46
P-001303,2025-01-01,1,174.4,5.9,1,4,97.1,17.1,2,1.4
P-001303,2025-02-01,2,181.7,6.8,1,4,88.8,22.0,2,1.54
P-001303,2025-03-01,3,180.6,7.7,0,4,94.0,19.3,2,1.53
P-001303,2025-04-01,4,175.6,3.6,3,3,88.9,22.3,2,2.01
P-001303,2025-05-01,5,178.7,6.7,0,3,93.2,18.1,2,1.71
P-001303,2025-06-01,6,178.2,9.3,2,3,87.1,23.4,2,1.66
P-001303,2025-07-01,7,174.8,10.3,2,3,89.4,20.6,2,1.0
P-001303,2025-08-01,8,177.7,8.9,3,4,89.4,24.3,2,1.38
P-001303,2025-09-01,9,183.2,5.5,1,5,91.5,22.4,2,1.65
P-001303,2025-10-01,10,181.0,3.3,2,4,94.1,21.9,2,1.93
P-001303,2025-11-01,11,184.5,7.3,2,4,91.0,23.9,2,1.32
P-001303,2025-12-01,12,180.6,5.6,0,7,92.6,19.9,2,1.21
P-001304,2025-01-01,1,176.6,7.3,1,5,87.1,22.2,2,1.85
P-001304,2025-02-01,2,177.3,4.1,1,4,88.3,19.5,2,1.6
P-001304,2025-03-01,3,179.1,9.5,2,3,86.2,23.5,2,1.47
P-001304,2025-04-01,4,203.5,27.8,9,9,48.5,68.5,3,3.94
P-001304,2025-05-01,5,213.1,36.4,6,9,47.4,69.7,3,3.51
P-001304,2025-06-01,6,221.9,45.8,9,8,40.0,83.3,4,3.87
P-001304,2025-07-01,7,207.3,38.5,8,8,45.8,72.3,4,3.85
P-001304,2025-08-01,8,214.4,35.9,7,12,49.9,74.1,4,3.89
P-001304,2025-09-01,9,171.6,13.2,2,5,84.7,23.7,2,1.34
P-001304,2025-10-01,10,173.1,9.0,2,5,86.4,24.4,2,2.25
P-001304,2025-11-01,11,176.7,19.6,3,4,82.2,32.0,2,2.28
P-001304,2025-12-01,12,175.0,9.5,3,4,86.2,25.5,2,1.93
P-001305,2025-01-01,1,181.1,9.9,2,4,88.0,26.6,2,2.26
P-001305,2025-02-01,2,190.6,7.2,1,4,89.1,25.0,2,1.47
P-001305,2025-03-01,3,235.5,35.6,10,9,44.3,84.6,4,3.61
P-001305,2025-04-01,4,233.5,33.0,4,9,45.1,72.7,4,3.62
P-001305,2025-05-01,5,234.1,33.5,6,8,44.9,78.2,4,4.55
P-001305,2025-06-01,6,235.1,32.7,6,14,45.2,80.9,4,4.06
P-001305,2025-07-01,7,236.5,34.7,11,12,44.6,90.7,3,4.6
P-001305,2025-08-01,8,231.4,41.8,6,11,42.5,81.9,3,4.05
P-001305,2025-09-01,9,234.9,45.0,6,10,41.5,84.7,3,4.35
P-001305,2025-10-01,10,180.2,11.3,1,5,87.5,24.5,2,1.67
P-001305,2025-11-01,11,179.1,13.3,2,3,86.7,26.0,2,1.88
P-001305,2025-12-01,12,182.3,6.5,0,5,89.4,21.6,2,1.81
P-001306,2025-01-01,1,157.0,4.6,1,6,96.2,11.5,1,1.2
P-001306,2025-02-01,2,205.6,34.3,5,9,47.7,64.9,4,3.7
P-001306,2025-03-01,3,212.5,33.2,8,7,48.0,70.6,4,3.75
P-001306,2025-04-01,4,197.8,35.0,5,7,47.5,59.9,4,3.22
P-001306,2025-05-01,5,212.1,33.7,8,7,47.9,70.4,4,3.65
P-001306,2025-06-01,6,108.2,0.0,0,3,120.0,5.0,1,1.0
P-001306,2025-07-01,7,166.2,5.4,1,6,95.8,14.8,1,1.06
P-001306,2025-08-01,8,159.0,5.9,0,4,95.6,9.4,1,1.0
P-001306,2025-09-01,9,154.9,2.7,3,4,96.9,11.6,1,1.11
P-001306,2025-10-01,10,162.0,4.3,0,4,96.3,9.7,1,1.05
P-001306,2025-11-01,11,160.5,3.4,1,5,96.6,11.9,1,1.36
P-001306,2025-12-01,12,162.3,3.1,0,3,96.7,9.4,1,1.35
P-001307,2025-01-01,1,180.0,8.8,3,5,88.5,26.0,2,1.43
P-001307,2025-02-01,2,178.3,6.3,2,4,89.5,22.8,2,1.83
P-001307,2025-03-01,3,229.2,35.1,11,10,44.5,85.4,3,3.96
P-001307,2025-04-01,4,224.5,31.6,8,9,45.5,76.3,3,3.91
P-001307,2025-05-01,5,233.0,43.0,9,12,42.1,87.7,4,3.67
P-001307,2025-06-01,6,218.4,37.4,5,10,43.8,72.0,3,3.68
P-001307,2025-07-01,7,227.6,38.9,6,7,43.3,76.1,3,3.88
P-001307,2025-08-01,8,227.0,37.3,6,13,43.8,78.3,4,3.54
P-001307,2025-09-01,9,219.0,40.6,9,10,42.8,81.2,3,3.99
P-001307,2025-10-01,10,172.3,6.6,1,5,89.4,19.6,2,1.73
P-001307,2025-11-01,11,183.1,6.9,3,5,89.2,26.1,2,1.41
P-001307,2025-12-01,12,174.1,8.6,1,5,88.6,22.1,2,2.08
P-001308,2025-01-01,1,196.0,11.5,5,5,77.4,40.5,3,2.37
P-001308,2025-02-01,2,187.9,12.1,1,5,77.2,30.9,3,2.21
P-001308,2025-03-01,3,184.9,11.8,2,6,77.3,33.0,3,2.6
P-001308,2025-04-01,4,228.3,42.7,8,8,43.4,83.0,5,4.31
P-001308,2025-05-01,5,239.9,41.2,5,11,39.9,84.7,5,4.55
P-001308,2025-06-01,6,241.8,45.2,12,10,35.4,97.9,5,4.15
P-001308,2025-07-01,7,245.6,53.4,13,15,39.8,98.0,5,4.71
P-001308,2025-08-01,8,238.1,54.8,12,14,36.2,98.0,5,4.79
P-001308,2025-09-01,9,255.8,46.6,8,9,36.6,96.8,5,4.55
P-001308,2025-10-01,10,255.8,54.4,8,13,39.2,98.0,5,4.35
P-001308,2025-11-01,11,259.1,57.7,11,12,34.7,98.0,5,4.51
P-001308,2025-12-01,12,263.5,53.1,14,10,39.1,98.0,5,4.71
P-001309,2025-01-01,1,186.9,7.3,4,5,94.7,28.0,2,1.3
P-001309,2025-02-01,2,183.0,8.0,2,4,101.0,22.2,2,1.49
P-001309,2025-03-01,3,180.1,7.6,1,5,93.1,21.8,2,1.61
P-001309,2025-04-01,4,177.0,3.8,1,5,91.2,19.4,2,1.6
P-001309,2025-05-01,5,181.7,2.9,1,5,91.6,20.9,2,1.7
P-001309,2025-06-01,6,183.1,9.0,4,4,89.3,27.8,2,1.34
P-001309,2025-07-01,7,178.5,2.0,1,6,94.1,19.1,2,1.51
P-001309,2025-08-01,8,180.4,3.8,2,4,92.9,20.9,2,1.43
P-001309,2025-09-01,9,185.6,4.9,4,5,90.9,27.5,2,1.41
P-001309,2025-10-01,10,181.3,7.5,0,3,94.2,18.8,2,1.54
P-001309,2025-11-01,11,187.3,6.8,3,6,96.5,27.3,2,1.59
P-001309,2025-12-01,12,185.5,10.6,2,4,94.9,25.1,2,1.4
P-001310,2025-01-01,1,189.0,18.3,3,5,74.7,38.2,3,2.43
P-001310,2025-02-01,2,204.8,17.2,2,7,75.1,42.3,3,2.21
P-001310,2025-03-01,3,206.0,14.2,2,6,76.3,39.6,3,1.81
P-001310,2025-04-01,4,248.2,48.0,9,12,47.1,97.5,5,5.0
P-001310,2025-05-01,5,249.9,48.4,10,9,47.3,96.6,5,4.45
P-001310,2025-06-01,6,251.9,54.2,5,10,37.3,95.2,5,4.96
P-001310,2025-07-01,7,255.8,40.5,6,9,41.3,89.6,5,4.39
P-001310,2025-08-01,8,262.1,52.6,14,9,37.9,98.0,5,4.92
P-001310,2025-09-01,9,257.4,47.8,10,10,37.2,98.0,5,4.85
P-001310,2025-10-01,10,262.0,52.4,8,8,35.1,98.0,5,4.7
P-001310,2025-11-01,11,269.0,53.1,11,10,38.6,98.0,5,4.52
P-001310,2025-12-01,12,267.9,54.7,14,8,40.5,98.0,5,4.55
P-001311,2025-01-01,1,166.0,6.8,3,5,91.0,20.7,2,1.77
P-001311,2025-02-01,2,173.0,10.6,2,5,90.9,21.9,2,1.34
P-001311,2025-03-01,3,164.2,7.9,2,4,89.0,18.4,2,1.73
P-001311,2025-04-01,4,164.0,6.5,1,6,89.3,17.2,2,1.66
P-001311,2025-05-01,5,167.5,3.0,2,4,94.6,18.1,3,2.39
P-001311,2025-06-01,6,166.5,4.3,2,5,91.3,17.0,2,1.37
P-001311,2025-07-01,7,167.1,0.0,2,6,96.4,16.2,2,1.77
P-001311,2025-08-01,8,163.7,7.4,3,4,95.7,18.6,2,1.83
P-001311,2025-09-01,9,162.7,2.8,4,5,94.5,18.3,2,1.56
P-001311,2025-10-01,10,165.9,2.9,4,3,94.8,18.3,2,1.66
P-001311,2025-11-01,11,155.1,5.2,2,4,95.8,12.4,2,1.55
P-001311,2025-12-01,12,168.1,4.4,2,5,94.0,17.6,2,1.54
P-001312,2025-01-01,1,178.2,3.5,1,5,96.6,17.9,1,1.3
P-001312,2025-02-01,2,234.9,26.8,4,10,50.0,69.4,4,3.24
P-001312,2025-03-01,3,221.3,30.2,5,8,48.9,66.5,4,3.19
P-001312,2025-04-01,4,236.8,44.5,4,8,44.6,78.4,4,3.74
P-001312,2025-05-01,5,228.9,26.1,8,9,50.2,75.8,4,4.35
P-001312,2025-06-01,6,126.7,0.0,0,3,120.0,5.0,1,1.0
P-001312,2025-07-01,7,183.0,5.8,0,5,95.7,18.9,1,1.22
P-001312,2025-08-01,8,174.8,0.8,1,5,97.7,15.3,1,1.23
P-001312,2025-09-01,9,180.4,5.3,0,4,95.9,16.5,1,1.0
P-001312,2025-10-01,10,181.4,6.9,1,6,95.3,20.8,1,1.06
P-001312,2025-11-01,11,180.2,4.4,0,5,96.2,17.1,1,1.19
P-001312,2025-12-01,12,183.9,10.1,2,4,94.0,24.5,1,1.41
P-001313,2025-01-01,1,177.6,8.0,4,4,86.8,27.4,2,1.95
P-001313,2025-02-01,2,177.5,12.1,1,4,85.2,25.3,2,2.31
P-001313,2025-03-01,3,172.9,3.8,1,4,88.5,18.0,2,1.64
P-001313,2025-04-01,4,206.8,26.6,9,8,51.1,66.4,4,3.29
P-001313,2025-05-01,5,208.4,38.8,10,8,43.8,75.6,4,3.47
P-001313,2025-06-01,6,209.1,23.5,7,9,52.2,64.2,3,3.74
P-001313,2025-07-01,7,207.0,28.1,10,9,43.7,72.2,3,3.85
P-001313,2025-08-01,8,221.5,29.3,4,9,51.7,64.7,3,3.18
P-001313,2025-09-01,9,176.0,10.4,2,4,85.8,23.4,2,1.43
P-001313,2025-10-01,10,174.6,12.3,1,3,85.1,22.3,2,1.74
P-001313,2025-11-01,11,179.2,13.8,2,3,84.5,27.5,2,2.21
P-001313,2025-12-01,12,173.9,7.0,4,4,87.2,24.2,2,1.37
P-001314,2025-01-01,1,180.8,16.0,5,6,75.6,37.6,3,2.22
P-001314,2025-02-01,2,183.2,11.2,1,6,77.5,30.9,3,2.78
P-001314,2025-03-01,3,185.4,15.5,1,5,75.8,33.4,3,2.91
P-001314,2025-04-01,4,231.4,33.8,9,12,38.4,84.7,5,3.94
P-001314,2025-05-01,5,241.9,39.4,5,9,36.1,84.5,5,4.73
P-001314,2025-06-01,6,235.7,55.5,13,10,40.1,98.0,5,4.5
P-001314,2025-07-01,7,250.6,54.0,8,10,43.2,96.1,5,3.98
P-001314,2025-08-01,8,248.8,51.2,10,7,36.3,98.0,5,4.8
P-001314,2025-09-01,9,253.0,57.8,7,11,35.0,98.0,5,4.39
P-001314,2025-10-01,10,270.4,45.1,13,10,37.8,98.0,5,4.26
P-001314,2025-11-01,11,263.0,52.5,13,13,34.2,98.0,5,4.56
P-001314,2025-12-01,12,267.2,57.0,5,10,35.7,98.0,5,4.32
P-001315,2025-01-01,1,176.2,0.0,3,5,89.0,20.6,2,1.32
P-001315,2025-02-01,2,175.5,7.9,0,4,95.1,18.1,2,1.82
P-001315,2025-03-01,3,177.7,1.9,2,4,91.9,19.4,2,1.47
P-001315,2025-04-01,4,175.6,5.6,1,5,96.0,19.1,2,1.74
P-001315,2025-05-01,5,183.7,3.3,1,4,93.1,19.9,2,1.36
P-001315,2025-06-01,6,170.4,7.7,1,3,83.9,18.7,2,1.57
P-001315,2025-07-01,7,175.9,4.9,1,4,92.8,17.2,2,1.03
P-001315,2025-08-01,8,178.9,3.7,3,4,94.5,21.6,2,1.38
P-001315,2025-09-01,9,184.2,0.0,2,4,94.2,20.0,2,1.26
P-001315,2025-10-01,10,170.8,7.6,0,4,88.4,16.9,2,1.54
P-001315,2025-11-01,11,180.1,8.8,0,4,89.3,20.3,2,1.48
P-001315,2025-12-01,12,171.2,6.7,3,4,93.5,20.3,2,1.41
P-001316,2025-01-01,1,179.3,9.4,2,6,86.3,26.2,2,1.78
P-001316,2025-02-01,2,183.3,8.7,1,5,86.5,24.6,2,1.61
P-001316,2025-03-01,3,179.1,9.7,1,3,86.1,22.9,2,1.84
P-001316,2025-04-01,4,225.4,30.3,8,8,47.5,74.9,3,3.85
P-001316,2025-05-01,5,212.8,31.7,4,11,48.0,65.7,4,3.62
P-001316,2025-06-01,6,217.3,33.2,6,9,42.2,71.2,3,3.7
P-001316,2025-07-01,7,214.0,21.5,6,11,49.2,65.1,4,3.66
P-001316,2025-08-01,8,229.5,33.5,4,6,44.2,69.1,3,3.38
P-001316,2025-09-01,9,183.1,3.7,2,6,88.5,24.4,2,1.63
P-001316,2025-10-01,10,186.1,4.9,3,5,88.1,27.6,2,1.85
P-001316,2025-11-01,11,175.5,13.0,1,3,84.8,23.0,2,1.74
P-001316,2025-12-01,12,179.3,10.4,4,5,85.8,30.2,2,2.07
P-001317,2025-01-01,1,168.6,11.1,4,4,85.6,26.2,2,2.1
P-001317,2025-02-01,2,182.5,10.7,2,4,85.7,26.8,2,1.83
P-001317,2025-03-01,3,176.1,8.6,1,3,86.6,21.3,2,1.84
P-001317,2025-04-01,4,207.8,22.6,4,12,48.4,61.0,3,3.72
P-001317,2025-05-01,5,205.8,27.7,4,7,44.5,60.1,4,3.82
P-001317,2025-06-01,6,200.7,32.3,6,8,40.0,65.1,4,3.84
P-001317,2025-07-01,7,224.2,34.4,7,9,46.5,77.3,4,4.61
P-001317,2025-08-01,8,211.5,26.3,4,8,53.8,60.4,3,3.8
P-001317,2025-09-01,9,170.9,6.8,3,5,87.3,22.7,2,1.65
P-001317,2025-10-01,10,175.2,9.0,1,4,86.4,21.7,2,1.79
P-001317,2025-11-01,11,182.8,7.3,1,4,87.1,23.9,2,1.96
P-001317,2025-12-01,12,178.8,16.5,3,6,83.4,32.1,2,2.13
P-001318,2025-01-01,1,179.4,10.6,1,6,87.8,25.9,2,2.19
P-001318,2025-02-01,2,177.6,7.9,0,5,88.8,20.1,2,1.61
P-001318,2025-03-01,3,225.3,34.7,11,11,44.6,84.5,4,3.96
P-001318,2025-04-01,4,229.8,38.8,6,12,43.4,81.2,3,4.31
P-001318,2025-05-01,5,227.3,35.8,6,11,44.3,77.1,3,3.84
P-001318,2025-06-01,6,226.8,38.0,5,10,43.6,75.7,3,3.86
P-001318,2025-07-01,7,229.9,42.2,4,7,42.3,75.6,4,4.08
P-001318,2025-08-01,8,222.0,39.6,4,7,43.1,70.4,3,3.58
P-001318,2025-09-01,9,233.2,45.1,5,10,41.5,81.1,3,3.78
P-001318,2025-10-01,10,177.9,5.7,2,5,89.7,22.3,2,1.51
P-001318,2025-11-01,11,180.8,10.9,3,3,87.6,26.4,2,1.6
P-001318,2025-12-01,12,184.7,4.3,2,6,90.3,24.5,2,1.45
P-001319,2025-01-01,1,171.3,8.3,1,4,90.0,18.1,2,1.26
P-001319,2025-02-01,2,175.0,5.9,4,6,94.9,24.4,2,1.54
P-001319,2025-03-01,3,170.9,4.6,1,5,98.3,16.4,2,1.63
P-001319,2025-04-01,4,174.0,9.3,2,3,86.2,22.4,2,1.79
P-001319,2025-05-01,5,174.5,3.8,3,3,94.7,21.1,2,2.06
P-001319,2025-06-01,6,172.6,1.3,2,4,93.4,17.0,2,1.42
P-001319,2025-07-01,7,171.4,2.3,3,4,91.0,19.9,2,1.75
P-001319,2025-08-01,8,169.6,0.0,0,3,94.9,10.8,2,1.3
P-001319,2025-09-01,9,176.6,3.1,2,5,96.1,18.4,2,1.07
P-001319,2025-10-01,10,167.5,3.6,4,5,90.2,19.7,2,1.0
P-001319,2025-11-01,11,168.3,4.2,0,6,93.2,14.9,2,1.49
P-001319,2025-12-01,12,176.6,4.4,0,6,92.7,17.2,2,1.18
P-001320,2025-01-01,1,175.4,5.7,0,5,90.5,18.0,2,1.55
P-001320,2025-02-01,2,179.9,3.4,3,6,95.1,22.1,2,1.0
P-001320,2025-03-01,3,168.5,4.0,4,6,91.0,21.7,2,1.39
P-001320,2025-04-01,4,176.2,3.9,2,3,92.7,19.0,2,1.5
P-001320,2025-05-01,5,179.5,11.1,4,4,91.4,28.4,3,1.88
P-001320,2025-06-01,6,180.3,8.0,4,5,88.1,26.9,2,1.19
P-001320,2025-07-01,7,183.2,0.0,2,5,101.6,19.6,2,1.53
P-001320,2025-08-01,8,176.8,6.4,0,5,94.9,17.5,2,1.37
P-001320,2025-09-01,9,174.3,9.5,4,5,91.2,25.0,2,1.28
P-001320,2025-10-01,10,174.6,6.4,0,3,92.2,17.0,2,1.8
P-001320,2025-11-01,11,176.2,7.6,2,5,85.0,23.7,2,1.66
P-001320,2025-12-01,12,174.5,3.9,3,6,88.0,21.9,2,1.09
P-001321,2025-01-01,1,171.1,11.5,0,3,89.2,18.1,2,1.65
P-001321,2025-02-01,2,177.8,2.3,1,4,88.6,18.5,2,1.44
P-001321,2025-03-01,3,177.1,6.8,1,5,93.7,19.8,2,1.44
P-001321,2025-04-01,4,174.2,8.1,1,4,93.7,17.9,2,1.12
P-001321,2025-05-01,5,169.1,6.1,3,5,88.5,21.5,2,1.61
P-001321,2025-06-01,6,165.1,5.2,2,5,88.5,16.9,2,1.15
P-001321,2025-07-01,7,176.6,3.4,3,5,93.9,22.1,2,1.64
P-001321,2025-08-01,8,176.8,6.0,3,3,88.1,21.3,2,1.0
P-001321,2025-09-01,9,176.6,5.3,4,4,92.7,24.0,2,1.59
P-001321,2025-10-01,10,181.3,10.5,2,7,90.4,26.7,2,1.51
P-001321,2025-11-01,11,178.9,12.9,3,3,86.9,26.6,2,1.56
P-001321,2025-12-01,12,176.9,1.6,3,3,95.1,19.8,2,1.6
P-001322,2025-01-01,1,180.1,7.8,1,5,87.1,22.3,2,1.33
P-001322,2025-02-01,2,173.8,2.7,1,6,95.8,18.4,2,1.89
P-001322,2025-03-01,3,172.4,5.1,3,5,93.7,21.4,2,1.66
P-001322,2025-04-01,4,177.8,5.3,3,6,90.9,23.4,2,1.23
P-001322,2025-05-01,5,180.3,4.5,4,4,98.3,23.8,2,1.57
P-001322,2025-06-01,6,178.4,12.5,0,4,93.7,19.2,2,1.0
P-001322,2025-07-01,7,177.1,6.3,2,5,94.1,22.1,2,1.77
P-001322,2025-08-01,8,172.3,2.8,2,5,96.8,16.9,2,1.18
P-001322,2025-09-01,9,178.6,6.6,3,4,93.0,24.3,2,1.95
P-001322,2025-10-01,10,176.6,5.5,0,4,94.1,17.3,2,1.65
P-001322,2025-11-01,11,181.2,10.4,1,5,91.0,24.3,2,1.85
P-001322,2025-12-01,12,181.2,0.0,2,4,95.4,18.4,2,1.16
P-001323,2025-01-01,1,162.3,4.7,1,5,96.1,13.3,1,1.41
P-001323,2025-02-01,2,216.8,41.2,6,9,45.7,73.7,4,3.7
P-001323,2025-03-01,3,211.1,27.8,10,8,49.7,73.4,4,4.5
P-001323,2025-04-01,4,215.6,34.3,7,10,47.7,73.1,4,3.98
P-001323,2025-05-01,5,209.8,38.1,9,10,46.6,76.5,4,4.09
P-001323,2025-06-01,6,111.6,0.0,0,3,120.0,5.0,1,1.0
P-001323,2025-07-01,7,165.2,8.1,1,3,94.8,14.3,1,1.3
P-001323,2025-08-01,8,157.0,6.7,1,3,95.3,11.0,1,1.37
P-001323,2025-09-01,9,167.7,4.3,3,4,96.3,17.2,1,1.24
P-001323,2025-10-01,10,158.1,0.6,1,3,97.8,7.4,1,1.0
P-001323,2025-11-01,11,160.3,6.9,3,3,95.2,15.8,1,1.48
P-001323,2025-12-01,12,165.6,3.6,1,6,96.5,14.4,1,1.33
P-001324,2025-01-01,1,181.9,6.4,4,3,86.1,26.9,2,1.62
P-001324,2025-02-01,2,186.4,2.3,2,4,95.4,21.8,2,1.37
P-001324,2025-03-01,3,179.4,10.2,3,4,89.5,25.4,2,1.39
P-001324,2025-04-01,4,174.9,4.4,4,5,92.4,23.4,2,1.45
P-001324,2025-05-01,5,176.8,7.6,1,4,87.7,21.3,2,1.76
P-001324,2025-06-01,6,182.5,4.1,2,5,94.2,22.4,2,1.54
P-001324,2025-07-01,7,182.0,6.8,1,3,95.1,19.9,2,1.42
P-001324,2025-08-01,8,191.8,7.5,4,3,87.2,30.8,2,1.69
P-001324,2025-09-01,9,179.6,3.6,3,5,94.6,22.8,2,1.55
P-001324,2025-10-01,10,180.0,6.2,2,3,86.3,23.6,2,1.96
P-001324,2025-11-01,11,178.0,6.8,3,6,92.8,25.2,2,1.77
P-001324,2025-12-01,12,182.1,8.1,1,3,87.1,21.0,2,1.0
P-001325,2025-01-01,1,172.4,4.6,1,5,90.2,17.4,2,1.21
P-001325,2025-02-01,2,162.7,10.4,3,5,87.9,21.8,2,1.88
P-001325,2025-03-01,3,170.1,8.8,2,5,88.5,21.3,2,1.61
P-001325,2025-04-01,4,175.8,4.7,2,3,90.1,19.9,2,1.58
P-001325,2025-05-01,5,171.8,5.4,4,4,89.9,23.4,2,1.82
P-001325,2025-06-01,6,209.9,15.0,5,5,65.5,51.0,4,3.17
P-001325,2025-07-01,7,202.2,25.9,5,6,62.2,53.5,4,2.92
P-001325,2025-08-01,8,173.3,10.3,3,6,87.9,25.1,2,1.46
P-001325,2025-09-01,9,173.3,7.1,3,5,89.2,23.6,2,1.74
P-001325,2025-10-01,10,167.0,7.7,1,3,88.9,15.6,2,1.19
P-001325,2025-11-01,11,163.1,11.3,1,6,87.5,18.5,2,1.35
P-001325,2025-12-01,12,166.7,12.1,2,4,87.2,20.6,2,1.44
P-001326,2025-01-01,1,169.9,9.2,1,6,91.2,20.4,2,1.8
P-001326,2025-02-01,2,176.4,6.9,1,5,88.5,21.5,2,1.81
P-001326,2025-03-01,3,166.6,5.9,0,5,94.0,14.6,2,1.65
P-001326,2025-04-01,4,173.8,7.0,3,4,89.8,21.1,2,1.01
P-001326,2025-05-01,5,164.0,6.7,2,5,84.3,17.9,2,1.14
P-001326,2025-06-01,6,177.4,1.6,3,4,90.3,22.0,2,1.81
P-001326,2025-07-01,7,173.6,1.7,3,3,98.2,18.2,2,1.64
P-001326,2025-08-01,8,171.7,1.1,0,6,93.1,15.6,2,1.8
P-001326,2025-09-01,9,171.7,3.9,4,3,93.3,21.7,2,1.93
P-001326,2025-10-01,10,167.5,1.9,2,6,96.0,18.1,2,2.14
P-001326,2025-11-01,11,181.4,2.8,2,7,96.3,22.1,2,1.42
P-001326,2025-12-01,12,169.6,4.8,2,5,94.8,17.5,2,1.3
P-001327,2025-01-01,1,160.4,9.2,0,5,88.3,13.7,2,1.17
P-001327,2025-02-01,2,167.6,5.8,0,5,91.9,14.2,2,1.2
P-001327,2025-03-01,3,171.3,8.2,4,7,91.2,25.1,2,1.4
P-001327,2025-04-01,4,160.2,9.3,0,5,91.0,14.6,2,1.74
P-001327,2025-05-01,5,166.0,3.9,2,4,93.4,15.4,3,1.28
P-001327,2025-06-01,6,170.7,10.4,2,5,84.2,22.6,2,1.45
P-001327,2025-07-01,7,167.9,1.5,2,6,95.2,15.4,2,1.03
P-001327,2025-08-01,8,168.0,4.7,1,5,96.0,15.3,2,1.41
P-001327,2025-09-01,9,163.4,6.1,1,4,91.8,13.6,2,1.11
P-001327,2025-10-01,10,162.9,8.1,0,6,87.1,15.3,2,1.31
P-001327,2025-11-01,11,168.5,6.9,3,5,90.6,20.9,2,1.47
P-001327,2025-12-01,12,169.2,5.3,3,5,90.6,20.0,2,1.29
P-001328,2025-01-01,1,190.9,18.5,2,5,74.6,37.5,3,2.51
P-001328,2025-02-01,2,195.5,15.5,4,4,75.8,38.8,3,1.92
P-001328,2025-03-01,3,191.1,10.1,1,6,78.0,31.8,3,2.27
P-001328,2025-04-01,4,240.1,45.6,11,10,48.3,93.5,5,4.19
P-001328,2025-05-01,5,235.1,36.8,9,12,36.1,89.5,5,4.66
P-001328,2025-06-01,6,246.6,43.3,11,10,38.7,97.0,5,4.36
P-001328,2025-07-01,7,244.8,43.7,10,13,43.3,96.1,5,4.41
P-001328,2025-08-01,8,253.6,49.6,14,10,41.8,98.0,5,4.25
P-001328,2025-09-01,9,252.3,53.2,14,12,33.7,98.0,5,5.0
P-001328,2025-10-01,10,258.4,60.2,6,10,37.6,98.0,5,3.86
P-001328,2025-11-01,11,264.9,53.3,14,11,31.7,98.0,5,4.78
P-001328,2025-12-01,12,258.8,49.0,14,10,35.9,98.0,5,4.31
P-001329,2025-01-01,1,183.6,12.6,1,3,87.0,25.7,2,1.93
P-001329,2025-02-01,2,183.1,12.8,3,3,86.9,28.8,2,1.85
P-001329,2025-03-01,3,230.7,37.6,11,8,43.7,86.2,4,4.13
P-001329,2025-04-01,4,232.6,35.8,8,9,44.2,81.8,4,4.17
P-001329,2025-05-01,5,236.1,38.5,4,11,43.5,78.6,4,4.04
P-001329,2025-06-01,6,228.8,41.5,7,8,42.6,79.5,4,3.64
P-001329,2025-07-01,7,239.2,37.6,5,11,43.7,80.6,4,3.9
P-001329,2025-08-01,8,222.2,32.1,4,10,45.4,69.3,3,3.75
P-001329,2025-09-01,9,224.9,37.1,11,7,43.9,83.9,4,4.38
P-001329,2025-10-01,10,182.6,9.3,1,5,88.3,23.4,2,1.29
P-001329,2025-11-01,11,174.5,12.2,3,5,87.1,26.5,2,1.74
P-001329,2025-12-01,12,186.2,3.6,4,5,90.6,28.5,2,1.94
P-001330,2025-01-01,1,175.9,4.4,0,3,91.4,15.8,2,1.41
P-001330,2025-02-01,2,177.9,9.4,2,4,89.4,21.9,2,1.0
P-001330,2025-03-01,3,174.2,11.7,3,4,92.5,24.7,2,1.82
P-001330,2025-04-01,4,183.6,9.5,0,3,90.9,21.7,2,1.83
P-001330,2025-05-01,5,177.0,5.5,2,4,87.8,21.9,2,1.66
P-001330,2025-06-01,6,176.0,4.9,3,4,87.2,22.6,2,1.44
P-001330,2025-07-01,7,174.9,8.1,4,6,90.9,26.5,2,1.7
P-001330,2025-08-01,8,180.5,8.7,2,4,88.5,23.0,2,1.12
P-001330,2025-09-01,9,177.4,8.1,3,7,92.9,25.5,2,1.51
P-001330,2025-10-01,10,184.0,5.5,4,5,90.7,28.2,2,1.83
P-001330,2025-11-01,11,173.7,8.2,2,4,90.4,20.9,2,1.45
P-001330,2025-12-01,12,173.2,8.6,3,3,93.3,20.2,2,1.0
P-001331,2025-01-01,1,178.3,10.9,2,6,85.6,26.2,2,1.57
P-001331,2025-02-01,2,176.7,9.4,1,4,86.2,23.8,2,2.35
P-001331,2025-03-01,3,172.0,14.0,1,6,84.4,25.1,2,2.06
P-001331,2025-04-01,4,216.5,39.9,4,8,46.3,70.2,3,4.21
P-001331,2025-05-01,5,211.5,33.7,7,6,54.6,68.1,4,4.23
P-001331,2025-06-01,6,218.5,29.4,4,9,43.5,66.7,3,3.8
P-001331,2025-07-01,7,206.5,36.5,9,8,47.0,72.6,3,3.85
P-001331,2025-08-01,8,210.3,32.6,7,11,49.1,70.5,4,3.8
P-001331,2025-09-01,9,180.1,2.8,1,5,88.9,21.3,2,1.9
P-001331,2025-10-01,10,176.1,10.8,2,6,85.7,26.9,2,2.2
P-001331,2025-11-01,11,176.5,7.8,4,3,86.9,26.2,2,1.92
P-001331,2025-12-01,12,179.4,11.6,3,5,85.4,27.9,2,1.57
P-001332,2025-01-01,1,180.9,11.2,1,5,87.5,24.0,2,1.38
P-001332,2025-02-01,2,177.1,15.0,1,4,86.0,25.2,2,1.88
P-001332,2025-03-01,3,232.4,34.4,4,9,44.7,74.0,4,4.03
P-001332,2025-04-01,4,231.1,30.8,4,7,45.8,70.1,3,3.84
P-001332,2025-05-01,5,222.6,32.2,7,12,45.3,78.2,3,4.66
P-001332,2025-06-01,6,220.7,30.6,7,8,45.8,71.8,3,3.75
P-001332,2025-07-01,7,231.3,36.6,5,11,44.0,77.2,4,3.86
P-001332,2025-08-01,8,233.8,36.4,8,12,44.1,83.2,4,3.66
P-001332,2025-09-01,9,229.2,35.1,6,7,44.5,74.8,3,3.85
P-001332,2025-10-01,10,179.9,8.5,4,5,88.6,28.9,2,2.0
P-001332,2025-11-01,11,184.8,9.0,1,4,88.4,25.4,2,2.07
P-001332,2025-12-01,12,180.8,6.4,2,5,89.4,23.8,2,1.59
P-001333,2025-01-01,1,169.1,8.2,2,4,89.8,19.4,2,1.46
P-001333,2025-02-01,2,175.6,5.0,4,3,91.3,22.3,2,1.27
P-001333,2025-03-01,3,173.3,7.2,3,3,92.5,20.8,2,1.39
P-001333,2025-04-01,4,171.4,8.0,1,3,94.9,16.9,2,1.48
P-001333,2025-05-01,5,164.5,2.5,0,3,88.4,11.7,2,1.47
P-001333,2025-06-01,6,171.8,12.0,1,5,88.4,21.0,2,1.39
P-001333,2025-07-01,7,172.1,11.5,0,3,91.4,17.4,2,1.41
P-001333,2025-08-01,8,179.1,1.2,0,3,96.7,15.0,2,1.56
P-001333,2025-09-01,9,176.2,5.3,3,4,94.8,22.2,2,1.77
P-001333,2025-10-01,10,177.2,6.4,1,4,90.8,19.7,2,1.48
P-001333,2025-11-01,11,180.9,2.0,1,3,95.8,18.9,2,2.0
P-001333,2025-12-01,12,173.3,8.5,2,4,95.4,19.0,2,1.07
P-001334,2025-01-01,1,173.3,5.3,4,5,89.9,22.6,2,1.04
P-001334,2025-02-01,2,174.9,12.7,3,4,86.9,26.5,2,1.84
P-001334,2025-03-01,3,179.2,11.2,4,5,87.5,29.5,2,1.81
P-001334,2025-04-01,4,176.6,7.5,1,5,89.0,21.2,2,1.59
P-001334,2025-05-01,5,177.6,8.1,2,6,88.8,25.4,2,2.05
P-001334,2025-06-01,6,213.8,28.1,7,9,61.6,64.2,4,3.0
P-001334,2025-07-01,7,202.8,26.6,3,8,62.0,52.0,4,2.87
P-001334,2025-08-01,8,173.7,9.5,2,3,88.2,20.0,2,1.0
P-001334,2025-09-01,9,175.4,5.6,0,4,89.7,17.6,2,1.6
P-001334,2025-10-01,10,175.6,8.7,2,5,88.5,24.0,2,1.94
P-001334,2025-11-01,11,180.9,6.0,3,6,89.6,24.5,2,1.0
P-001334,2025-12-01,12,174.6,6.9,2,4,89.2,20.4,2,1.28
P-001335,2025-01-01,1,187.9,7.0,2,4,89.2,26.1,2,1.64
P-001335,2025-02-01,2,183.0,3.1,4,5,90.8,25.7,2,1.36
P-001335,2025-03-01,3,180.0,4.2,2,5,90.3,22.8,2,1.72
P-001335,2025-04-01,4,182.9,5.8,4,6,89.7,29.2,2,1.99
P-001335,2025-05-01,5,184.1,7.2,3,6,89.1,27.6,2,1.56
P-001335,2025-06-01,6,216.4,26.0,6,8,62.2,59.6,4,2.13
P-001335,2025-07-01,7,219.3,32.8,6,7,60.2,65.9,4,3.26
P-001335,2025-08-01,8,184.8,5.6,0,4,89.8,21.5,2,1.88
P-001335,2025-09-01,9,180.1,7.0,0,5,89.2,20.3,2,1.5
P-001335,2025-10-01,10,179.8,5.1,2,6,90.0,23.5,2,1.57
P-001335,2025-11-01,11,185.8,2.9,1,4,90.9,20.4,2,1.14
P-001335,2025-12-01,12,178.6,8.4,2,4,88.6,24.5,2,2.03
P-001336,2025-01-01,1,178.2,8.4,0,6,88.7,21.5,2,1.72
P-001336,2025-02-01,2,178.9,6.3,4,4,89.5,27.1,2,2.12
P-001336,2025-03-01,3,228.8,47.6,5,7,40.7,79.2,4,3.97
P-001336,2025-04-01,4,225.2,35.3,9,8,44.4,78.4,4,3.56
P-001336,2025-05-01,5,224.7,36.7,8,11,44.0,80.0,3,3.85
P-001336,2025-06-01,6,228.1,37.1,7,10,43.9,78.5,4,3.66
P-001336,2025-07-01,7,224.3,35.6,6,11,44.3,77.0,4,4.23
P-001336,2025-08-01,8,229.8,42.7,10,9,42.2,88.0,3,4.42
P-001336,2025-09-01,9,230.8,44.1,5,11,41.8,82.1,3,4.44
P-001336,2025-10-01,10,184.4,3.8,2,6,90.5,25.3,2,1.9
P-001336,2025-11-01,11,183.4,1.2,2,3,91.5,22.4,2,2.23
P-001336,2025-12-01,12,180.0,7.9,1,7,88.9,22.4,2,1.0
P-001337,2025-01-01,1,176.6,5.1,3,6,91.8,25.5,2,2.31
P-001337,2025-02-01,2,169.2,9.3,3,5,91.4,21.9,2,1.45
P-001337,2025-03-01,3,166.1,6.5,3,4,89.8,19.9,2,1.68
P-001337,2025-04-01,4,178.5,3.0,1,4,92.4,18.0,2,1.33
P-001337,2025-05-01,5,168.0,6.2,2,3,88.2,18.2,2,1.6
P-001337,2025-06-01,6,174.0,8.5,2,5,88.9,22.6,2,1.67
P-001337,2025-07-01,7,173.1,7.3,0,5,97.1,15.7,2,1.18
P-001337,2025-08-01,8,171.5,3.4,2,5,90.6,18.2,2,1.23
P-001337,2025-09-01,9,176.5,0.0,3,5,93.9,19.4,2,1.14
P-001337,2025-10-01,10,168.3,1.8,2,4,97.8,15.6,2,1.7
P-001337,2025-11-01,11,174.1,8.5,2,4,92.2,20.2,2,1.2
P-001337,2025-12-01,12,173.7,1.5,2,3,97.0,16.9,2,1.72
P-001338,2025-01-01,1,182.8,11.0,2,4,87.6,26.9,2,1.9
P-001338,2025-02-01,2,179.2,4.3,2,4,90.3,21.5,2,1.57
P-001338,2025-03-01,3,229.1,38.4,10,11,43.5,86.2,3,4.06
P-001338,2025-04-01,4,225.3,30.2,5,9,45.9,70.2,3,3.62
P-001338,2025-05-01,5,237.8,30.6,11,10,45.8,86.8,4,4.16
P-001338,2025-06-01,6,231.0,37.1,4,9,43.9,74.5,3,3.91
P-001338,2025-07-01,7,225.5,35.1,5,9,44.5,74.0,3,4.2
P-001338,2025-08-01,8,228.7,25.4,5,13,47.4,72.0,3,3.69
P-001338,2025-09-01,9,222.3,29.8,7,12,46.1,73.6,3,3.32
P-001338,2025-10-01,10,189.0,17.5,4,4,85.0,35.0,2,1.66
P-001338,2025-11-01,11,178.4,7.0,2,7,89.2,25.4,2,1.93
P-001338,2025-12-01,12,186.5,9.4,0,4,88.2,23.6,2,1.69
P-001339,2025-01-01,1,186.7,0.3,3,4,98.3,23.1,2,1.75
P-001339,2025-02-01,2,179.2,3.3,1,4,89.1,18.9,2,1.28
P-001339,2025-03-01,3,183.9,4.7,0,4,95.2,18.4,2,1.29
P-001339,2025-04-01,4,191.9,8.0,2,4,87.8,27.5,2,1.38
P-001339,2025-05-01,5,184.5,8.5,2,4,89.1,24.4,2,1.18
P-001339,2025-06-01,6,181.2,9.1,1,3,88.3,22.6,2,1.73
P-001339,2025-07-01,7,186.3,8.6,3,5,90.5,26.6,2,1.0
P-001339,2025-08-01,8,185.1,3.6,0,5,99.5,17.5,2,1.0
P-001339,2025-09-01,9,185.9,8.2,3,3,93.3,25.1,2,1.23
P-001339,2025-10-01,10,188.9,5.4,3,4,92.2,25.3,2,1.01
P-001339,2025-11-01,11,185.8,5.8,1,5,87.3,23.8,2,1.47
P-001339,2025-12-01,12,183.9,5.0,0,6,90.6,20.0,2,1.0
P-001340,2025-01-01,1,173.0,5.6,0,5,89.8,18.5,2,2.08
P-001340,2025-02-01,2,165.1,13.1,4,5,94.4,23.7,2,1.64
P-001340,2025-03-01,3,174.4,3.3,4,4,92.8,21.0,2,1.07
P-001340,2025-04-01,4,170.1,8.1,1,5,91.0,17.3,2,1.0
P-001340,2025-05-01,5,169.9,3.4,0,5,90.9,14.2,2,1.22
P-001340,2025-06-01,6,170.6,6.8,4,4,88.0,22.7,2,1.34
P-001340,2025-07-01,7,175.3,8.8,1,6,89.3,20.7,2,1.11
P-001340,2025-08-01,8,166.1,4.5,1,5,89.7,16.5,2,1.71
P-001340,2025-09-01,9,176.9,6.5,1,3,95.2,19.8,2,2.15
P-001340,2025-10-01,10,176.6,5.3,1,4,97.6,17.9,2,1.53
P-001340,2025-11-01,11,169.7,6.1,2,5,85.6,20.6,2,1.6
P-001340,2025-12-01,12,175.9,6.7,2,4,92.6,20.9,2,1.58
P-001341,2025-01-01,1,180.9,0.2,1,4,98.2,17.9,2,1.83
P-001341,2025-02-01,2,176.4,9.2,0,5,91.7,20.2,2,1.79
P-001341,2025-03-01,3,176.3,4.4,1,6,96.6,18.9,2,1.53
P-001341,2025-04-01,4,179.6,8.5,0,3,92.5,18.5,3,1.39
P-001341,2025-05-01,5,175.2,2.6,0,6,99.4,15.8,3,1.62
P-001341,2025-06-01,6,176.6,7.3,3,3,91.4,24.4,2,2.28
P-001341,2025-07-01,7,182.0,6.0,1,4,89.4,20.5,2,1.1
P-001341,2025-08-01,8,177.5,9.2,2,3,92.4,23.1,2,2.06
P-001341,2025-09-01,9,167.4,7.9,3,5,91.7,20.6,2,1.43
P-001341,2025-10-01,10,173.7,5.3,1,5,97.3,18.4,2,1.86
P-001341,2025-11-01,11,182.0,6.8,2,4,89.9,23.8,2,1.66
P-001341,2025-12-01,12,173.4,7.4,4,4,87.2,24.7,2,1.57
P-001342,2025-01-01,1,183.3,12.8,1,4,92.1,23.9,2,1.34
P-001342,2025-02-01,2,185.8,5.7,2,4,93.5,23.2,2,1.33
P-001342,2025-03-01,3,178.5,2.5,3,5,97.9,21.6,2,1.65
P-001342,2025-04-01,4,172.8,5.9,1,6,94.9,18.0,2,1.27
P-001342,2025-05-01,5,179.1,3.6,1,5,94.9,18.4,2,1.21
P-001342,2025-06-01,6,179.7,9.0,1,5,88.2,22.9,2,1.51
P-001342,2025-07-01,7,178.2,4.0,4,4,94.4,24.9,2,2.07
P-001342,2025-08-01,8,174.7,5.6,2,5,98.6,19.8,2,1.67
P-001342,2025-09-01,9,178.6,6.4,2,5,90.7,22.9,2,1.62
P-001342,2025-10-01,10,174.0,5.9,3,3,84.7,22.7,2,1.67
P-001342,2025-11-01,11,176.2,10.3,3,4,88.6,24.3,2,1.29
P-001342,2025-12-01,12,175.5,5.9,0,6,92.2,18.7,2,1.65
P-001343,2025-01-01,1,187.2,12.1,2,5,77.2,30.8,3,1.63
P-001343,2025-02-01,2,186.5,14.9,3,6,76.0,36.6,3,2.56
P-001343,2025-03-01,3,194.6,14.8,3,5,76.1,38.7,3,2.56
P-001343,2025-04-01,4,232.1,35.7,10,13,42.7,89.1,5,4.68
P-001343,2025-05-01,5,250.1,45.6,8,12,45.7,95.4,5,4.82
P-001343,2025-06-01,6,242.9,44.5,12,10,35.8,98.0,5,4.43
P-001343,2025-07-01,7,242.1,43.3,7,12,30.9,92.3,5,4.65
P-001343,2025-08-01,8,248.4,49.3,10,10,43.2,97.5,5,4.32
P-001343,2025-09-01,9,251.5,43.8,9,11,38.3,95.7,5,4.1
P-001343,2025-10-01,10,264.4,54.7,7,9,39.4,98.0,5,4.35
P-001343,2025-11-01,11,269.1,52.3,14,13,34.0,98.0,5,4.78
P-001343,2025-12-01,12,265.4,56.8,10,9,39.5,98.0,5,4.7
P-001344,2025-01-01,1,188.5,7.7,0,4,88.9,25.5,2,2.51
P-001344,2025-02-01,2,194.2,10.1,0,5,88.0,27.8,2,1.91
P-001344,2025-03-01,3,242.1,36.1,11,11,44.2,89.9,4,3.48
P-001344,2025-04-01,4,239.5,36.6,8,12,44.0,85.7,3,3.82
P-001344,2025-05-01,5,236.1,39.2,5,12,43.3,81.9,3,4.29
P-001344,2025-06-01,6,236.4,37.0,4,11,43.9,76.6,3,3.45
P-001344,2025-07-01,7,236.8,37.3,5,12,43.8,82.0,4,4.58
P-001344,2025-08-01,8,244.0,43.6,6,9,41.9,84.4,3,3.47
P-001344,2025-09-01,9,241.8,38.9,4,7,43.3,76.9,4,3.52
P-001344,2025-10-01,10,198.2,10.1,1,4,88.0,31.3,2,2.36
P-001344,2025-11-01,11,192.2,8.1,4,4,88.8,31.6,2,1.73
P-001344,2025-12-01,12,197.4,6.0,1,5,89.6,28.3,2,1.78
P-001345,2025-01-01,1,158.6,4.3,2,5,90.3,16.2,2,2.04
P-001345,2025-02-01,2,159.2,6.0,2,4,89.6,16.6,2,2.07
P-001345,2025-03-01,3,220.4,34.5,11,7,44.6,79.9,4,3.9
P-001345,2025-04-01,4,219.4,45.5,4,8,41.3,73.6,4,3.84
P-001345,2025-05-01,5,205.9,42.7,11,10,42.2,80.9,4,3.99
P-001345,2025-06-01,6,216.9,35.8,7,12,44.2,76.3,4,4.01
P-001345,2025-07-01,7,213.6,45.7,6,13,41.3,78.5,4,3.92
P-001345,2025-08-01,8,205.1,47.4,8,7,40.8,76.2,4,4.14
P-001345,2025-09-01,9,221.1,49.0,5,7,40.3,77.3,3,4.05
P-001345,2025-10-01,10,168.6,5.3,1,4,89.9,16.2,2,1.4
P-001345,2025-11-01,11,171.2,8.8,0,6,88.5,19.4,2,1.76
P-001345,2025-12-01,12,159.0,11.2,2,5,87.5,18.3,2,1.5
P-001346,2025-01-01,1,179.7,2.2,2,7,90.6,22.1,2,1.3
P-001346,2025-02-01,2,172.0,3.2,1,6,95.4,18.0,2,1.88
P-001346,2025-03-01,3,172.3,6.9,4,5,92.9,22.8,2,1.2
P-001346,2025-04-01,4,170.4,2.9,2,4,89.2,17.3,2,1.3
P-001346,2025-05-01,5,178.3,7.5,1,4,90.9,19.3,2,1.0
P-001346,2025-06-01,6,172.0,5.4,2,6,92.0,20.5,2,1.6
P-001346,2025-07-01,7,177.8,9.8,1,5,96.9,21.9,2,1.89
P-001346,2025-08-01,8,175.1,4.9,1,4,95.9,16.9,2,1.28
P-001346,2025-09-01,9,176.9,8.8,3,4,89.8,24.8,2,1.76
P-001346,2025-10-01,10,179.3,6.2,1,4,93.4,19.9,2,1.48
P-001346,2025-11-01,11,179.0,6.3,2,4,92.2,22.3,2,1.73
P-001346,2025-12-01,12,175.8,4.4,3,5,95.2,22.6,2,1.91
P-001347,2025-01-01,1,175.4,3.3,2,6,88.0,22.0,2,1.75
P-001347,2025-02-01,2,179.3,1.9,3,5,91.5,23.3,2,1.81
P-001347,2025-03-01,3,173.0,8.2,2,3,92.3,21.2,2,2.07
P-001347,2025-04-01,4,167.7,7.0,4,4,91.7,21.4,2,1.45
P-001347,2025-05-01,5,172.3,8.5,3,3,86.8,23.8,2,2.07
P-001347,2025-06-01,6,175.2,7.2,1,4,96.6,18.8,2,1.68
P-001347,2025-07-01,7,174.1,4.5,4,4,92.5,23.5,2,1.86
P-001347,2025-08-01,8,171.8,4.6,2,4,92.6,18.1,2,1.36
P-001347,2025-09-01,9,180.5,7.5,1,6,94.0,22.2,2,1.53
P-001347,2025-10-01,10,172.0,2.5,2,4,89.8,19.1,2,1.88
P-001347,2025-11-01,11,171.9,5.5,4,4,96.6,21.2,2,1.4
P-001347,2025-12-01,12,167.8,8.2,0,4,91.8,15.6,2,1.6
P-001348,2025-01-01,1,173.5,7.2,4,4,91.9,24.0,2,1.66
P-001348,2025-02-01,2,176.0,6.9,2,5,86.5,21.7,2,1.11
P-001348,2025-03-01,3,169.9,2.6,2,5,89.1,19.1,2,1.84
P-001348,2025-04-01,4,185.3,7.3,0,4,89.6,21.2,2,1.38
P-001348,2025-05-01,5,167.9,4.0,4,5,94.7,21.4,2,1.88
P-001348,2025-06-01,6,176.8,9.2,0,5,84.0,22.3,2,2.01
P-001348,2025-07-01,7,177.4,12.5,1,4,93.2,23.0,2,1.95
P-001348,2025-08-01,8,172.7,2.6,1,5,93.7,17.2,2,1.7
P-001348,2025-09-01,9,177.0,4.8,3,4,95.5,21.8,2,1.62
P-001348,2025-10-01,10,171.4,5.1,0,4,94.1,14.6,2,1.37
P-001348,2025-11-01,11,178.2,7.8,2,6,91.1,22.3,2,1.0
P-001348,2025-12-01,12,176.9,3.0,4,4,91.0,22.2,2,1.13
P-001349,2025-01-01,1,176.2,2.0,2,5,91.2,21.8,2,2.31
P-001349,2025-02-01,2,173.0,7.6,4,3,88.9,23.8,2,1.65
P-001349,2025-03-01,3,176.5,7.0,2,4,89.2,22.3,2,1.75
P-001349,2025-04-01,4,180.6,4.5,0,5,90.2,19.7,2,1.69
P-001349,2025-05-01,5,168.3,7.9,0,4,88.9,15.6,2,1.35
P-001349,2025-06-01,6,207.1,26.6,3,6,62.0,51.3,4,2.53
P-001349,2025-07-01,7,207.1,20.4,5,8,63.9,53.8,4,2.87
P-001349,2025-08-01,8,173.7,10.6,4,4,87.8,26.3,2,1.69
P-001349,2025-09-01,9,178.8,9.0,4,5,88.4,27.8,2,1.62
P-001349,2025-10-01,10,175.8,7.4,0,6,89.0,19.8,2,1.53
P-001349,2025-11-01,11,181.3,9.3,4,5,88.3,28.0,2,1.28
P-001349,2025-12-01,12,187.4,8.3,2,4,88.7,26.4,2,1.6
P-001350,2025-01-01,1,180.6,7.9,0,3,92.8,18.7,2,1.45
P-001350,2025-02-01,2,177.4,5.7,1,4,92.1,19.9,2,1.73
P-001350,2025-03-01,3,178.1,5.3,4,5,92.3,25.5,2,1.73
P-001350,2025-04-01,4,184.7,8.9,3,6,87.2,27.5,3,1.0
P-001350,2025-05-01,5,171.7,8.7,4,4,93.4,23.7,2,1.65
P-001350,2025-06-01,6,177.0,4.7,2,5,87.7,22.8,2,1.86
P-001350,2025-07-01,7,178.2,8.3,2,3,90.2,21.4,2,1.25
P-001350,2025-08-01,8,165.6,2.5,3,3,94.7,17.1,2,1.93
P-001350,2025-09-01,9,177.8,11.2,3,6,88.4,27.0,2,1.48
P-001350,2025-10-01,10,174.6,10.6,1,6,91.7,21.3,2,1.33
P-001350,2025-11-01,11,171.1,3.1,2,4,93.4,16.6,2,1.17
P-001350,2025-12-01,12,174.9,6.2,4,4,92.6,23.4,2,1.44
P-001351,2025-01-01,1,187.8,7.6,2,4,78.9,30.7,3,2.65
P-001351,2025-02-01,2,187.9,17.0,1,6,75.2,34.6,3,2.46
P-001351,2025-03-01,3,173.3,12.6,4,6,76.9,32.0,3,2.34
P-001351,2025-04-01,4,239.1,42.7,10,11,42.8,92.6,5,4.45
P-001351,2025-05-01,5,229.4,42.6,10,10,43.4,87.9,5,4.26
P-001351,2025-06-01,6,236.5,45.1,7,11,42.8,87.6,5,4.43
P-001351,2025-07-01,7,251.5,45.5,5,7,37.3,87.7,5,4.27
P-001351,2025-08-01,8,250.1,48.1,13,12,33.9,98.0,5,4.34
P-001351,2025-09-01,9,238.3,56.8,8,9,38.6,93.7,5,4.19
P-001351,2025-10-01,10,251.1,60.4,14,8,38.7,98.0,5,4.35
P-001351,2025-11-01,11,264.6,59.2,8,16,38.0,98.0,5,4.67
P-001351,2025-12-01,12,270.4,56.4,11,11,35.1,98.0,5,4.26
P-001352,2025-01-01,1,178.1,10.7,3,6,85.7,27.4,2,1.46
P-001352,2025-02-01,2,179.7,12.1,3,4,85.2,28.6,2,1.97
P-001352,2025-03-01,3,177.0,14.3,1,5,84.3,26.0,2,1.96
P-001352,2025-04-01,4,215.9,28.4,4,8,45.5,64.5,4,3.83
P-001352,2025-05-01,5,209.9,25.7,4,8,45.6,63.7,3,4.83
P-001352,2025-06-01,6,217.9,23.5,4,8,53.0,62.3,3,4.05
P-001352,2025-07-01,7,218.1,28.6,5,6,52.0,64.2,3,3.75
P-001352,2025-08-01,8,211.9,25.4,7,9,53.4,65.6,3,3.66
P-001352,2025-09-01,9,175.1,16.9,3,6,83.3,30.0,2,1.71
P-001352,2025-10-01,10,171.2,13.7,3,6,84.5,27.3,2,1.83
P-001352,2025-11-01,11,177.1,5.0,1,3,88.0,19.6,2,1.76
P-001352,2025-12-01,12,179.9,14.4,4,4,84.2,31.9,2,2.15
P-001353,2025-01-01,1,181.9,6.6,0,4,87.4,19.2,2,1.0
P-001353,2025-02-01,2,186.5,10.4,1,4,92.4,24.2,2,1.42
P-001353,2025-03-01,3,189.9,7.0,1,6,94.3,25.6,2,1.7
P-001353,2025-04-01,4,187.3,2.6,3,4,93.2,25.2,2,1.74
P-001353,2025-05-01,5,178.8,2.7,0,5,98.2,15.7,3,1.21
P-001353,2025-06-01,6,178.8,9.9,3,5,84.2,25.7,2,1.0
P-001353,2025-07-01,7,185.9,10.6,3,4,85.9,29.6,2,1.85
P-001353,2025-08-01,8,185.6,1.6,2,5,94.9,21.5,2,1.19
P-001353,2025-09-01,9,191.7,10.5,3,6,90.7,30.8,2,1.36
P-001353,2025-10-01,10,187.2,4.2,4,4,99.1,26.0,2,1.58
P-001353,2025-11-01,11,178.5,6.3,0,6,86.0,19.6,2,1.06
P-001353,2025-12-01,12,185.0,4.3,4,3,89.7,25.4,2,1.19
P-001354,2025-01-01,1,193.0,11.3,0,5,87.5,28.3,2,2.07
P-001354,2025-02-01,2,182.7,5.2,1,3,89.9,21.4,2,1.81
P-001354,2025-03-01,3,217.2,43.0,8,8,42.1,77.4,3,3.48
P-001354,2025-04-01,4,223.7,37.4,7,10,43.8,78.2,3,4.07
P-001354,2025-05-01,5,229.9,39.5,6,7,43.2,78.3,4,4.34
P-001354,2025-06-01,6,236.0,36.7,4,7,44.0,73.9,3,3.56
P-001354,2025-07-01,7,235.1,31.2,8,10,45.6,80.6,4,3.93
P-001354,2025-08-01,8,228.6,31.3,6,12,45.6,76.4,4,3.97
P-001354,2025-09-01,9,242.0,39.6,5,12,43.1,83.7,4,4.09
P-001354,2025-10-01,10,180.9,9.1,0,5,88.4,21.8,2,1.56
P-001354,2025-11-01,11,191.1,8.6,2,4,88.5,29.0,2,2.04
P-001354,2025-12-01,12,181.9,9.2,0,6,88.3,25.4,2,2.61
P-001355,2025-01-01,1,174.8,3.8,3,6,92.1,23.5,2,2.01
P-001355,2025-02-01,2,171.5,6.7,2,5,87.1,20.1,2,1.18
P-001355,2025-03-01,3,183.9,4.8,3,3,93.9,22.3,2,1.01
P-001355,2025-04-01,4,174.1,9.7,3,3,92.4,21.1,2,1.0
P-001355,2025-05-01,5,173.3,10.5,2,5,86.4,23.0,2,1.41
P-001355,2025-06-01,6,182.6,10.2,3,5,95.0,25.7,2,1.2
P-001355,2025-07-01,7,173.8,12.0,1,3,86.8,19.7,2,1.0
P-001355,2025-08-01,8,176.4,8.4,2,6,90.2,24.0,2,1.73
P-001355,2025-09-01,9,176.0,3.5,2,3,96.7,18.4,2,1.64
P-001355,2025-10-01,10,170.5,2.1,4,5,94.7,20.0,2,1.3
P-001355,2025-11-01,11,179.8,5.7,0,4,90.4,17.5,2,1.0
P-001355,2025-12-01,12,178.0,4.1,0,5,95.9,18.2,2,1.93
P-001356,2025-01-01,1,185.9,2.8,2,4,96.9,21.0,1,1.16
P-001356,2025-02-01,2,224.9,27.3,8,6,49.8,71.2,4,3.64
P-001356,2025-03-01,3,223.0,24.8,4,11,50.6,65.7,4,3.5
P-001356,2025-04-01,4,223.3,37.8,4,9,46.7,70.5,4,3.48
P-001356,2025-05-01,5,228.5,34.9,6,10,47.5,76.3,4,4.01
P-001356,2025-06-01,6,123.5,0.0,0,3,120.0,5.0,1,1.0
P-001356,2025-07-01,7,186.3,5.3,0,5,95.9,19.7,1,1.17
P-001356,2025-08-01,8,176.3,1.7,2,5,97.3,18.0,1,1.27
P-001356,2025-09-01,9,174.6,5.5,0,5,95.8,15.8,1,1.22
P-001356,2025-10-01,10,176.9,2.8,1,5,96.9,17.0,1,1.23
P-001356,2025-11-01,11,173.1,3.3,3,5,96.7,19.3,1,1.26
P-001356,2025-12-01,12,177.7,5.3,1,6,95.9,19.8,1,1.49
P-001357,2025-01-01,1,173.0,2.6,0,3,96.9,12.7,1,1.27
P-001357,2025-02-01,2,218.7,41.8,7,8,45.5,75.4,4,3.58
P-001357,2025-03-01,3,219.1,28.5,5,8,49.4,65.5,4,3.43
P-001357,2025-04-01,4,211.4,36.5,5,7,47.0,66.5,4,3.63
P-001357,2025-05-01,5,216.7,28.9,5,6,49.3,65.0,4,4.03
P-001357,2025-06-01,6,118.5,0.0,0,3,120.0,5.0,1,1.0
P-001357,2025-07-01,7,173.4,6.2,1,3,95.5,16.5,1,1.38
P-001357,2025-08-01,8,167.8,3.5,0,4,96.6,12.0,1,1.31
P-001357,2025-09-01,9,171.6,6.1,0,3,95.6,13.4,1,1.09
P-001357,2025-10-01,10,170.5,6.1,1,4,95.6,16.0,1,1.34
P-001357,2025-11-01,11,170.0,5.5,0,5,95.8,14.2,1,1.22
P-001357,2025-12-01,12,174.2,3.3,0,6,96.7,15.5,1,1.28
P-001358,2025-01-01,1,176.0,4.3,4,3,93.4,21.6,2,1.22
P-001358,2025-02-01,2,176.4,1.5,4,4,94.0,23.3,2,2.08
P-001358,2025-03-01,3,169.7,3.5,2,4,89.5,19.1,2,2.02
P-001358,2025-04-01,4,184.2,6.2,2,6,92.2,25.1,3,1.58
P-001358,2025-05-01,5,173.9,2.9,1,3,92.7,15.2,2,1.11
P-001358,2025-06-01,6,178.6,8.8,1,5,88.7,21.8,2,1.3
P-001358,2025-07-01,7,177.8,7.0,0,4,90.0,18.2,2,1.3
P-001358,2025-08-01,8,170.9,0.0,1,4,97.1,13.2,2,1.32
P-001358,2025-09-01,9,180.1,1.7,2,3,94.4,18.9,2,1.42
P-001358,2025-10-01,10,172.7,6.3,0,4,89.5,17.5,2,1.84
P-001358,2025-11-01,11,186.8,2.9,3,5,96.1,24.9,2,1.59
P-001358,2025-12-01,12,180.6,3.0,2,5,87.9,21.1,2,1.0
P-001359,2025-01-01,1,174.2,9.4,4,3,84.0,25.3,2,1.41
P-001359,2025-02-01,2,174.5,12.4,1,3,88.3,20.3,2,1.17
P-001359,2025-03-01,3,174.4,4.6,4,5,92.2,23.5,2,1.53
P-001359,2025-04-01,4,175.6,9.5,4,5,88.9,26.9,3,1.68
P-001359,2025-05-01,5,172.6,8.0,1,5,88.6,21.3,2,2.07
P-001359,2025-06-01,6,173.1,4.2,1,4,95.1,16.8,2,1.56
P-001359,2025-07-01,7,179.1,10.8,4,6,89.9,29.2,2,1.7
P-001359,2025-08-01,8,172.8,5.1,4,5,89.2,22.4,2,1.0
P-001359,2025-09-01,9,174.7,2.4,4,4,98.0,21.6,2,1.79
P-001359,2025-10-01,10,167.4,9.2,1,5,87.1,19.2,2,1.65
P-001359,2025-11-01,11,168.7,7.7,1,5,87.5,19.3,2,1.77
P-001359,2025-12-01,12,170.3,4.2,1,3,93.8,13.9,2,1.0
P-001360,2025-01-01,1,182.8,6.7,4,4,87.3,28.1,2,1.75
P-001360,2025-02-01,2,184.5,15.1,1,5,83.9,27.9,2,1.53
P-001360,2025-03-01,3,183.3,12.8,2,4,84.9,27.0,2,1.37
P-001360,2025-04-01,4,229.0,28.1,5,12,57.5,70.8,3,3.77
P-001360,2025-05-01,5,209.0,25.5,5,7,47.2,61.0,3,3.64
P-001360,2025-06-01,6,230.5,33.6,9,11,50.0,79.2,3,3.03
P-001360,2025-07-01,7,224.2,31.9,5,13,44.6,74.1,3,3.86
P-001360,2025-08-01,8,233.2,24.5,4,9,44.8,69.4,3,3.72
P-001360,2025-09-01,9,187.2,11.7,2,5,85.3,28.6,2,1.42
P-001360,2025-10-01,10,182.2,6.0,1,5,87.6,23.4,2,1.83
P-001360,2025-11-01,11,178.3,9.9,1,3,86.0,22.5,2,1.77
P-001360,2025-12-01,12,189.8,9.7,1,6,86.1,27.1,2,1.25
P-001361,2025-01-01,1,183.6,3.0,1,6,96.8,20.1,1,1.25
P-001361,2025-02-01,2,223.8,37.7,7,6,46.7,72.7,4,3.1
P-001361,2025-03-01,3,222.4,28.0,7,12,49.6,75.4,4,4.61
P-001361,2025-04-01,4,227.6,36.6,5,6,47.0,73.3,4,4.37
P-001361,2025-05-01,5,214.9,31.2,5,10,48.6,66.2,4,3.25
P-001361,2025-06-01,6,123.0,0.0,0,3,120.0,5.0,1,1.0
P-001361,2025-07-01,7,176.1,4.5,3,5,96.2,20.3,1,1.01
P-001361,2025-08-01,8,170.3,4.6,3,4,96.2,18.3,1,1.27
P-001361,2025-09-01,9,176.9,2.5,0,3,97.0,13.6,1,1.11
P-001361,2025-10-01,10,175.9,5.8,1,6,95.7,19.2,1,1.39
P-001361,2025-11-01,11,179.3,6.5,2,3,95.4,20.3,1,1.35
P-001361,2025-12-01,12,177.7,4.5,1,5,96.2,17.9,1,1.15
P-001362,2025-01-01,1,171.7,4.3,2,4,94.0,19.0,2,1.9
P-001362,2025-02-01,2,175.4,4.3,3,4,91.9,21.2,2,1.42
P-001362,2025-03-01,3,173.7,10.2,2,6,88.2,24.4,2,1.84
P-001362,2025-04-01,4,161.9,8.4,3,5,87.8,19.5,2,1.41
P-001362,2025-05-01,5,164.8,5.2,3,5,99.2,18.4,2,1.91
P-001362,2025-06-01,6,169.8,6.2,2,5,89.5,19.6,2,1.48
P-001362,2025-07-01,7,171.7,3.7,4,5,92.0,22.2,2,1.54
P-001362,2025-08-01,8,171.3,7.0,1,4,94.4,18.3,2,1.91
P-001362,2025-09-01,9,167.5,5.4,1,5,95.0,14.6,2,1.0
P-001362,2025-10-01,10,164.0,10.1,2,5,92.1,20.0,2,2.01
P-001362,2025-11-01,11,170.0,6.0,3,6,91.6,22.9,2,2.01
P-001362,2025-12-01,12,171.9,2.4,1,4,95.5,15.6,2,1.59
P-001363,2025-01-01,1,175.1,14.3,4,3,84.3,29.1,2,1.98
P-001363,2025-02-01,2,180.9,8.5,4,5,86.6,28.9,2,1.7
P-001363,2025-03-01,3,177.9,10.7,2,4,85.7,26.1,2,2.18
P-001363,2025-04-01,4,201.1,34.4,4,10,50.4,61.4,4,3.52
P-001363,2025-05-01,5,214.5,35.1,8,7,41.9,74.4,3,4.22
P-001363,2025-06-01,6,222.0,33.3,4,9,40.0,70.1,3,3.75
P-001363,2025-07-01,7,204.9,25.9,4,10,50.9,61.2,3,4.37
P-001363,2025-08-01,8,209.8,37.4,4,9,52.4,64.9,3,3.63
P-001363,2025-09-01,9,180.3,8.6,2,6,86.6,26.0,2,1.7
P-001363,2025-10-01,10,178.0,4.8,4,6,88.1,27.4,2,2.01
P-001363,2025-11-01,11,177.1,5.5,2,5,87.8,22.1,2,1.45
P-001363,2025-12-01,12,175.2,12.1,3,4,85.2,26.8,2,1.9
P-001364,2025-01-01,1,168.0,7.4,1,5,87.1,18.2,2,1.45
P-001364,2025-02-01,2,179.5,7.3,3,3,87.1,25.2,2,1.84
P-001364,2025-03-01,3,179.1,16.4,3,4,83.5,29.6,2,1.62
P-001364,2025-04-01,4,217.6,30.7,4,6,42.5,66.4,4,4.27
P-001364,2025-05-01,5,205.7,28.3,4,11,44.7,62.5,4,3.64
P-001364,2025-06-01,6,214.6,41.0,4,10,40.0,72.1,3,4.03
P-001364,2025-07-01,7,214.5,25.2,4,7,45.9,62.0,3,3.89
P-001364,2025-08-01,8,213.4,26.3,5,10,40.0,66.7,4,3.81
P-001364,2025-09-01,9,170.9,8.5,1,5,86.6,20.1,2,1.59
P-001364,2025-10-01,10,179.4,6.3,2,3,87.5,23.2,2,1.94
P-001364,2025-11-01,11,173.9,6.1,3,6,87.6,24.4,2,1.78
P-001364,2025-12-01,12,174.5,4.3,3,6,88.3,24.5,2,2.07
P-001365,2025-01-01,1,182.1,5.5,2,4,89.8,24.5,2,2.11
P-001365,2025-02-01,2,183.2,7.9,0,3,88.9,21.6,2,1.96
P-001365,2025-03-01,3,234.6,43.9,8,12,41.8,88.2,4,4.14
P-001365,2025-04-01,4,229.6,39.1,6,12,43.3,79.8,3,3.71
P-001365,2025-05-01,5,237.8,37.7,11,11,43.7,89.4,4,3.61
P-001365,2025-06-01,6,232.5,41.5,4,10,42.5,77.8,4,3.9
P-001365,2025-07-01,7,229.1,40.6,10,9,42.8,85.0,3,3.72
P-001365,2025-08-01,8,225.9,37.7,4,8,43.7,72.5,3,3.99
P-001365,2025-09-01,9,232.6,38.8,7,10,43.3,80.7,4,3.55
P-001365,2025-10-01,10,186.2,10.0,4,3,88.0,31.1,2,2.22
P-001365,2025-11-01,11,185.5,9.7,4,5,88.1,30.5,2,1.62
P-001365,2025-12-01,12,181.2,5.6,4,6,89.8,27.9,2,1.72
P-001366,2025-01-01,1,174.9,2.2,2,5,96.7,17.3,2,1.03
P-001366,2025-02-01,2,173.3,7.8,2,4,96.4,19.4,2,1.41
P-001366,2025-03-01,3,178.1,7.3,2,6,87.3,23.8,2,1.36
P-001366,2025-04-01,4,175.4,5.6,3,3,92.2,21.5,2,1.64
P-001366,2025-05-01,5,179.9,0.0,3,6,95.3,23.0,3,1.95
P-001366,2025-06-01,6,181.5,8.9,0,5,94.2,21.5,2,1.84
P-001366,2025-07-01,7,182.1,6.1,1,5,87.0,23.8,2,1.94
P-001366,2025-08-01,8,179.3,12.0,1,3,87.5,21.9,2,1.16
P-001366,2025-09-01,9,183.8,1.5,0,5,90.0,19.9,2,1.79
P-001366,2025-10-01,10,175.6,3.2,1,5,94.2,18.9,2,1.9
P-001366,2025-11-01,11,178.9,2.5,1,5,95.6,18.9,2,1.67
P-001366,2025-12-01,12,179.0,5.8,2,3,84.4,22.4,2,1.53
P-001367,2025-01-01,1,185.7,9.9,1,3,88.0,24.5,2,1.67
P-001367,2025-02-01,2,190.2,0.0,4,5,92.0,27.2,2,1.55
P-001367,2025-03-01,3,240.1,43.9,6,12,41.8,87.5,4,4.42
P-001367,2025-04-01,4,234.0,46.6,4,9,41.0,80.5,4,4.08
P-001367,2025-05-01,5,225.3,38.8,9,8,43.4,82.2,4,4.4
P-001367,2025-06-01,6,231.8,39.5,6,11,43.2,80.2,4,3.74
P-001367,2025-07-01,7,236.0,28.5,10,11,46.4,83.2,3,3.76
P-001367,2025-08-01,8,232.1,33.7,8,7,44.9,78.7,4,3.94
P-001367,2025-09-01,9,233.4,30.6,8,7,45.8,78.1,4,4.08
P-001367,2025-10-01,10,185.0,6.8,2,6,89.3,26.2,2,1.59
P-001367,2025-11-01,11,189.7,12.6,2,5,87.0,30.7,2,1.89
P-001367,2025-12-01,12,188.7,10.2,2,5,87.9,28.3,2,1.54
P-001368,2025-01-01,1,191.0,4.7,1,4,96.1,22.3,1,1.27
P-001368,2025-02-01,2,234.6,35.4,8,6,47.4,76.8,4,3.01
P-001368,2025-03-01,3,237.8,36.7,5,8,47.0,77.7,4,4.12
P-001368,2025-04-01,4,223.6,41.5,4,8,45.5,71.7,4,3.47
P-001368,2025-05-01,5,237.6,37.4,6,8,46.8,79.0,4,3.87
P-001368,2025-06-01,6,133.5,0.0,0,3,120.0,5.0,1,1.0
P-001368,2025-07-01,7,181.9,3.7,1,6,96.5,19.6,1,1.13
P-001368,2025-08-01,8,180.9,4.9,0,5,96.0,18.9,1,1.69
P-001368,2025-09-01,9,192.0,5.5,0,4,95.8,21.3,1,1.24
P-001368,2025-10-01,10,188.0,3.6,1,4,96.6,20.2,1,1.09
P-001368,2025-11-01,11,184.0,5.9,0,4,95.6,18.9,1,1.31
P-001368,2025-12-01,12,187.0,5.1,2,5,96.0,24.2,1,1.58
P-001369,2025-01-01,1,165.3,4.7,0,5,87.7,13.5,2,1.13
P-001369,2025-02-01,2,173.0,7.4,3,3,90.8,21.2,2,1.45
P-001369,2025-03-01,3,168.8,0.0,2,4,96.9,14.8,2,1.55
P-001369,2025-04-01,4,165.9,11.9,4,5,87.2,25.2,2,1.8
P-001369,2025-05-01,5,174.0,2.3,4,3,94.9,20.1,2,1.36
P-001369,2025-06-01,6,164.1,6.8,3,5,90.0,19.8,2,1.61
P-001369,2025-07-01,7,164.7,9.8,2,3,93.0,17.7,2,1.64
P-001369,2025-08-01,8,170.5,0.5,2,4,90.7,17.1,2,1.69
P-001369,2025-09-01,9,169.7,8.4,1,6,94.5,18.0,2,1.26
P-001369,2025-10-01,10,163.8,9.4,0,6,89.1,15.0,2,1.0
P-001369,2025-11-01,11,171.8,11.7,1,4,94.4,18.2,2,1.01
P-001369,2025-12-01,12,160.3,3.2,2,4,91.1,14.0,2,1.43
P-001370,2025-01-01,1,185.1,0.7,2,6,92.2,22.9,2,1.51
P-001370,2025-02-01,2,197.6,7.4,1,5,87.3,28.7,2,1.52
P-001370,2025-03-01,3,185.6,11.2,1,4,88.6,23.8,2,1.0
P-001370,2025-04-01,4,185.2,11.3,2,4,88.2,25.9,2,1.15
P-001370,2025-05-01,5,192.0,6.2,3,4,94.5,27.4,2,1.48
P-001370,2025-06-01,6,186.9,5.0,1,4,96.9,23.1,2,2.2
P-001370,2025-07-01,7,183.2,4.4,0,6,92.8,20.9,2,1.75
P-001370,2025-08-01,8,188.2,1.0,3,5,91.9,23.9,2,1.0
P-001370,2025-09-01,9,184.3,4.9,1,5,96.4,22.3,2,1.91
P-001370,2025-10-01,10,183.4,4.9,1,3,94.2,19.1,2,1.16
P-001370,2025-11-01,11,186.2,6.7,2,5,93.6,25.2,2,1.64
P-001370,2025-12-01,12,187.0,5.6,2,5,89.9,25.5,2,1.57
P-001371,2025-01-01,1,183.0,6.6,1,3,89.3,20.8,2,1.25
P-001371,2025-02-01,2,186.0,2.7,1,5,90.9,23.3,2,2.06
P-001371,2025-03-01,3,182.4,8.7,4,4,88.5,27.9,2,1.47
P-001371,2025-04-01,4,182.2,10.1,1,5,88.0,23.9,2,1.37
P-001371,2025-05-01,5,180.0,2.6,4,5,91.0,23.5,2,1.0
P-001371,2025-06-01,6,228.6,30.4,4,8,60.9,64.6,4,2.92
P-001371,2025-07-01,7,213.2,31.4,7,7,60.6,65.0,4,3.33
P-001371,2025-08-01,8,182.4,6.3,4,5,89.5,28.8,2,2.04
P-001371,2025-09-01,9,180.3,8.6,2,5,88.6,24.0,2,1.3
P-001371,2025-10-01,10,185.0,3.2,2,5,90.7,24.1,2,1.73
P-001371,2025-11-01,11,185.9,7.5,2,5,89.0,25.0,2,1.14
P-001371,2025-12-01,12,178.4,10.4,3,4,87.8,26.2,2,1.67
P-001372,2025-01-01,1,181.6,11.1,0,3,94.8,20.4,2,1.6
P-001372,2025-02-01,2,169.4,8.8,1,5,84.8,18.6,2,1.01
P-001372,2025-03-01,3,179.9,8.7,2,5,89.8,24.0,2,1.42
P-001372,2025-04-01,4,175.3,2.8,2,6,94.2,19.5,2,1.32
P-001372,2025-05-01,5,168.9,13.7,3,6,81.6,26.3,2,1.54
P-001372,2025-06-01,6,179.7,7.5,2,6,93.1,24.3,2,1.75
P-001372,2025-07-01,7,168.6,7.0,1,5,93.7,16.4,2,1.21
P-001372,2025-08-01,8,175.8,4.6,2,6,90.1,21.1,2,1.3
P-001372,2025-09-01,9,172.0,7.9,4,4,90.8,24.8,2,2.0
P-001372,2025-10-01,10,178.0,4.1,2,6,90.8,22.4,2,1.64
P-001372,2025-11-01,11,177.3,3.8,1,3,87.5,19.5,2,1.85
P-001372,2025-12-01,12,173.3,6.1,4,5,93.3,24.6,2,1.97
P-001373,2025-01-01,1,177.5,19.9,4,7,74.0,38.8,3,2.78
P-001373,2025-02-01,2,183.1,12.5,2,5,77.0,30.5,3,1.98
P-001373,2025-03-01,3,175.8,14.0,4,6,76.4,34.6,3,2.76
P-001373,2025-04-01,4,230.9,44.2,10,10,40.2,91.2,5,4.86
P-001373,2025-05-01,5,231.7,52.1,10,9,40.6,92.9,5,4.4
P-001373,2025-06-01,6,243.4,47.3,8,15,45.7,93.6,5,3.98
P-001373,2025-07-01,7,240.0,49.6,5,10,39.6,87.1,5,4.33
P-001373,2025-08-01,8,250.3,51.2,14,9,39.1,98.0,5,4.11
P-001373,2025-09-01,9,246.7,51.6,14,10,41.1,98.0,5,4.9
P-001373,2025-10-01,10,255.3,56.2,9,9,37.8,98.0,5,4.52
P-001373,2025-11-01,11,256.9,51.1,11,11,40.2,98.0,5,4.58
P-001373,2025-12-01,12,255.8,46.0,9,9,32.8,97.8,5,4.13
P-001374,2025-01-01,1,167.1,5.0,2,4,91.5,15.9,2,1.0
P-001374,2025-02-01,2,174.5,4.7,2,3,92.5,19.2,2,1.66
P-001374,2025-03-01,3,174.2,8.1,4,5,93.9,25.3,2,1.83
P-001374,2025-04-01,4,168.4,8.3,4,5,92.3,22.7,3,1.42
P-001374,2025-05-01,5,165.8,7.9,0,3,91.0,13.9,2,1.46
P-001374,2025-06-01,6,170.6,8.4,3,3,92.5,20.3,2,1.39
P-001374,2025-07-01,7,168.4,2.8,4,5,97.4,18.3,2,1.0
P-001374,2025-08-01,8,179.2,3.1,4,3,94.0,23.2,2,1.67
P-001374,2025-09-01,9,169.9,4.0,3,6,94.6,21.0,2,1.85
P-001374,2025-10-01,10,168.1,5.9,3,5,88.6,20.7,2,1.45
P-001374,2025-11-01,11,174.7,5.4,4,5,90.0,24.5,2,1.61
P-001374,2025-12-01,12,173.5,8.7,3,6,87.8,24.6,2,1.51
P-001375,2025-01-01,1,178.1,8.6,2,5,93.6,22.7,2,1.46
P-001375,2025-02-01,2,188.5,4.8,3,6,98.0,26.0,2,1.35
P-001375,2025-03-01,3,176.6,3.4,4,3,91.7,22.0,2,1.33
P-001375,2025-04-01,4,173.6,6.5,4,5,90.2,24.7,2,1.66
P-001375,2025-05-01,5,166.0,9.3,4,5,86.9,23.6,2,1.57
P-001375,2025-06-01,6,173.4,8.3,2,6,86.5,23.2,2,1.59
P-001375,2025-07-01,7,185.8,9.4,2,5,87.6,26.9,2,1.49
P-001375,2025-08-01,8,176.9,10.1,2,5,94.3,22.0,2,1.16
P-001375,2025-09-01,9,187.6,2.3,1,6,89.9,23.0,2,1.42
P-001375,2025-10-01,10,169.1,9.0,3,5,89.5,22.6,2,1.63
P-001375,2025-11-01,11,174.2,5.9,4,5,96.9,21.8,2,1.02
P-001375,2025-12-01,12,170.0,5.3,2,5,93.5,19.6,2,1.89
P-001376,2025-01-01,1,170.8,7.2,1,4,95.1,16.1,1,1.13
P-001376,2025-02-01,2,222.2,28.5,4,7,49.5,63.9,4,3.28
P-001376,2025-03-01,3,221.5,35.0,5,8,47.5,70.6,4,3.9
P-001376,2025-04-01,4,228.8,32.9,6,6,48.1,72.3,4,3.81
P-001376,2025-05-01,5,221.6,26.1,7,9,50.2,68.3,4,3.02
P-001376,2025-06-01,6,122.1,0.0,0,3,120.0,5.0,1,1.0
P-001376,2025-07-01,7,174.4,6.6,0,5,95.3,16.9,1,1.48
P-001376,2025-08-01,8,173.9,3.9,0,4,96.4,14.1,1,1.21
P-001376,2025-09-01,9,177.2,5.1,1,4,96.0,17.0,1,1.0
P-001376,2025-10-01,10,172.7,6.9,3,4,95.2,20.6,1,1.37
P-001376,2025-11-01,11,172.3,5.5,0,4,95.8,14.1,1,1.13
P-001376,2025-12-01,12,174.5,7.5,3,4,95.0,21.3,1,1.29
P-001377,2025-01-01,1,179.5,4.3,1,3,92.6,20.5,2,2.21
P-001377,2025-02-01,2,172.0,5.0,3,4,92.0,21.0,2,1.73
P-001377,2025-03-01,3,179.9,8.7,1,5,92.3,22.9,2,1.87
P-001377,2025-04-01,4,176.0,7.8,4,6,90.9,25.3,2,1.1
P-001377,2025-05-01,5,179.8,2.5,0,6,93.3,17.5,2,1.21
P-001377,2025-06-01,6,171.3,8.1,4,5,92.5,24.9,2,1.99
P-001377,2025-07-01,7,174.3,9.6,1,4,94.5,18.1,2,1.0
P-001377,2025-08-01,8,176.2,4.3,0,5,89.4,17.2,2,1.27
P-001377,2025-09-01,9,179.7,8.8,3,6,90.8,26.1,2,1.42
P-001377,2025-10-01,10,173.9,1.1,2,5,85.7,19.9,2,1.61
P-001377,2025-11-01,11,175.1,4.0,1,5,92.0,18.5,2,1.54
P-001377,2025-12-01,12,175.7,4.3,1,5,88.6,19.2,2,1.4
P-001378,2025-01-01,1,182.1,7.4,1,7,87.1,25.4,2,1.83
P-001378,2025-02-01,2,171.6,4.4,3,3,88.3,21.1,2,1.92
P-001378,2025-03-01,3,170.9,15.3,1,4,83.9,23.7,2,1.97
P-001378,2025-04-01,4,216.6,35.3,10,9,44.8,78.0,4,3.69
P-001378,2025-05-01,5,204.8,35.9,8,6,40.3,70.4,3,3.98
P-001378,2025-06-01,6,211.3,29.9,4,7,41.2,63.4,3,3.74
P-001378,2025-07-01,7,206.0,39.1,8,9,51.1,71.7,3,3.83
P-001378,2025-08-01,8,208.5,32.0,4,10,48.0,63.3,4,3.46
P-001378,2025-09-01,9,178.9,5.2,2,5,87.9,23.8,2,1.95
P-001378,2025-10-01,10,181.1,13.3,2,3,84.7,27.2,2,1.94
P-001378,2025-11-01,11,175.3,2.1,2,5,89.1,20.4,2,1.69
P-001378,2025-12-01,12,174.2,8.2,2,4,86.7,22.1,2,1.59
P-001379,2025-01-01,1,170.0,7.9,4,5,85.1,23.3,2,1.0
P-001379,2025-02-01,2,181.1,0.8,2,5,99.7,19.3,2,1.43
P-001379,2025-03-01,3,179.2,7.1,1,3,93.2,20.5,2,1.85
P-001379,2025-04-01,4,172.1,6.0,1,6,87.7,19.7,3,1.49
P-001379,2025-05-01,5,175.1,5.7,2,3,91.5,19.3,2,1.37
P-001379,2025-06-01,6,175.2,5.5,2,5,90.7,19.8,2,1.0
P-001379,2025-07-01,7,165.7,5.3,3,5,92.6,18.0,2,1.11
P-001379,2025-08-01,8,174.2,6.6,3,3,92.1,20.7,2,1.3
P-001379,2025-09-01,9,172.0,3.9,3,5,95.7,19.6,2,1.35
P-001379,2025-10-01,10,173.7,4.0,2,6,86.4,20.8,2,1.28
P-001379,2025-11-01,11,167.0,3.3,3,5,98.3,18.1,2,1.75
P-001379,2025-12-01,12,176.4,3.7,1,6,91.5,19.2,2,1.37
P-001380,2025-01-01,1,186.0,20.0,2,7,82.0,35.1,2,2.0
P-001380,2025-02-01,2,182.2,9.2,2,5,86.3,25.9,2,1.53
P-001380,2025-03-01,3,183.7,16.3,1,6,83.5,30.0,2,1.95
P-001380,2025-04-01,4,217.2,26.9,4,7,41.1,64.2,3,3.72
P-001380,2025-05-01,5,224.1,34.4,7,9,49.2,73.2,3,3.18
P-001380,2025-06-01,6,227.7,30.4,5,8,50.4,69.2,4,3.43
P-001380,2025-07-01,7,212.0,36.9,6,8,43.6,69.5,4,3.51
P-001380,2025-08-01,8,215.5,23.8,4,11,49.0,63.0,4,3.56
P-001380,2025-09-01,9,196.2,11.0,4,5,85.6,36.7,2,2.19
P-001380,2025-10-01,10,194.7,10.7,4,5,85.7,35.4,2,1.95
P-001380,2025-11-01,11,182.9,16.5,3,6,83.4,32.8,2,1.8
P-001380,2025-12-01,12,184.4,7.5,3,5,87.0,27.4,2,1.5
P-001381,2025-01-01,1,185.9,2.5,3,5,92.7,24.2,2,1.23
P-001381,2025-02-01,2,189.9,9.7,0,6,90.8,24.8,2,1.32
P-001381,2025-03-01,3,184.4,2.6,0,3,94.0,17.2,2,1.29
P-001381,2025-04-01,4,189.4,3.1,4,4,93.6,27.9,2,1.8
P-001381,2025-05-01,5,183.6,2.0,1,6,89.5,21.2,3,1.29
P-001381,2025-06-01,6,179.4,3.4,3,5,92.9,22.0,2,1.14
P-001381,2025-07-01,7,183.2,4.8,2,6,94.6,23.6,2,1.56
P-001381,2025-08-01,8,185.5,5.7,1,4,92.8,21.3,2,1.23
P-001381,2025-09-01,9,186.0,6.1,1,5,90.0,24.1,2,1.72
P-001381,2025-10-01,10,189.5,8.4,0,4,89.4,23.1,2,1.34
P-001381,2025-11-01,11,179.3,3.7,1,5,93.0,20.9,2,2.03
P-001381,2025-12-01,12,186.1,6.8,3,4,94.0,25.7,2,1.48
P-001382,2025-01-01,1,171.2,10.0,1,4,90.7,19.5,2,1.63
P-001382,2025-02-01,2,174.2,8.9,0,5,94.8,16.7,2,1.0
P-001382,2025-03-01,3,171.0,5.2,4,4,94.8,20.6,2,1.23
P-001382,2025-04-01,4,172.9,7.9,4,5,91.1,24.0,2,1.3
P-001382,2025-05-01,5,173.9,3.3,2,6,92.5,21.1,2,1.94
P-001382,2025-06-01,6,174.3,10.3,2,4,89.3,22.0,2,1.37
P-001382,2025-07-01,7,171.5,3.7,1,5,91.7,17.6,2,1.72
P-001382,2025-08-01,8,174.8,2.6,3,5,99.0,20.0,2,1.58
P-001382,2025-09-01,9,170.3,7.8,2,5,96.4,19.8,2,1.75
P-001382,2025-10-01,10,172.9,6.6,3,5,97.1,21.1,2,1.47
P-001382,2025-11-01,11,167.6,9.2,2,4,88.9,18.4,2,1.0
P-001382,2025-12-01,12,165.6,5.5,2,4,92.2,16.2,2,1.3
P-001383,2025-01-01,1,166.9,9.7,3,6,88.1,21.4,2,1.0
P-001383,2025-02-01,2,161.2,15.0,2,3,86.0,19.7,2,1.51
P-001383,2025-03-01,3,162.0,8.8,2,4,88.5,17.3,2,1.41
P-001383,2025-04-01,4,167.0,2.6,1,5,90.9,14.9,2,1.38
P-001383,2025-05-01,5,160.0,10.0,1,4,88.0,16.4,2,1.75
P-001383,2025-06-01,6,202.5,23.5,4,8,62.9,51.9,4,2.83
P-001383,2025-07-01,7,199.8,27.7,6,5,61.7,55.1,4,3.14
P-001383,2025-08-01,8,163.3,7.3,1,5,89.1,16.2,2,1.49
P-001383,2025-09-01,9,162.5,9.6,3,4,88.2,19.4,2,1.37
P-001383,2025-10-01,10,163.7,8.1,0,5,88.8,15.5,2,1.67
P-001383,2025-11-01,11,164.1,13.7,0,4,86.5,16.9,2,1.32
P-001383,2025-12-01,12,153.3,6.1,1,3,89.5,10.9,2,1.53
P-001384,2025-01-01,1,165.7,8.1,0,3,89.1,14.5,2,1.52
P-001384,2025-02-01,2,166.1,9.6,3,4,95.4,19.1,2,1.28
P-001384,2025-03-01,3,175.5,6.5,0,5,88.8,18.7,2,1.57
P-001384,2025-04-01,4,174.0,5.8,3,4,96.6,20.4,3,1.41
P-001384,2025-05-01,5,169.0,7.2,2,6,86.9,20.0,2,1.11
P-001384,2025-06-01,6,162.9,6.1,3,4,94.9,16.8,2,1.37
P-001384,2025-07-01,7,166.8,1.8,0,4,93.9,11.5,2,1.31
P-001384,2025-08-01,8,167.4,3.1,2,4,86.5,17.8,2,1.65
P-001384,2025-09-01,9,171.4,4.9,1,5,97.5,16.1,2,1.32
P-001384,2025-10-01,10,165.7,6.2,2,5,96.8,17.5,2,1.78
P-001384,2025-11-01,11,168.1,9.4,3,5,89.3,23.0,2,1.85
P-001384,2025-12-01,12,164.9,6.6,1,4,95.1,13.7,2,1.09
P-001385,2025-01-01,1,171.7,11.9,1,5,87.3,22.2,2,1.79
P-001385,2025-02-01,2,169.3,10.5,2,4,87.8,21.9,2,1.89
P-001385,2025-03-01,3,219.0,43.8,11,8,41.9,84.7,4,3.99
P-001385,2025-04-01,4,222.4,38.5,5,11,43.4,75.3,3,3.96
P-001385,2025-05-01,5,213.4,36.6,6,9,44.0,72.0,4,4.1
P-001385,2025-06-01,6,212.8,36.4,4,11,44.1,69.2,3,3.95
P-001385,2025-07-01,7,216.6,29.2,6,8,46.2,69.4,4,4.31
P-001385,2025-08-01,8,224.6,37.7,11,7,43.7,84.1,4,4.39
P-001385,2025-09-01,9,212.0,37.7,11,12,43.7,81.4,4,3.73
P-001385,2025-10-01,10,176.9,7.1,3,3,89.2,23.4,2,1.72
P-001385,2025-11-01,11,181.6,13.7,1,5,86.5,27.3,2,2.1
P-001385,2025-12-01,12,169.5,11.2,1,4,87.5,20.3,2,1.76
P-001386,2025-01-01,1,163.4,5.4,4,4,90.6,19.5,2,1.49
P-001386,2025-02-01,2,161.6,4.2,1,4,92.1,12.0,2,1.07
P-001386,2025-03-01,3,161.1,4.6,2,7,93.5,16.6,2,1.53
P-001386,2025-04-01,4,164.8,6.3,0,3,92.6,12.0,2,1.21
P-001386,2025-05-01,5,162.1,5.3,4,4,96.9,17.6,3,1.37
P-001386,2025-06-01,6,174.1,7.2,2,6,91.8,20.6,2,1.0
P-001386,2025-07-01,7,169.4,4.5,4,3,88.0,20.4,2,1.22
P-001386,2025-08-01,8,162.0,7.5,1,6,87.7,15.6,2,1.0
P-001386,2025-09-01,9,163.8,3.4,3,5,95.6,16.0,2,1.12
P-001386,2025-10-01,10,166.9,6.6,0,5,84.7,16.0,2,1.34
P-001386,2025-11-01,11,166.1,8.7,4,3,93.2,19.5,2,1.02
P-001386,2025-12-01,12,161.6,4.9,3,5,90.2,17.9,2,1.55
P-001387,2025-01-01,1,175.0,11.4,5,4,77.4,31.2,3,1.9
P-001387,2025-02-01,2,182.7,17.1,2,6,75.2,35.1,3,2.72
P-001387,2025-03-01,3,175.0,9.5,2,6,78.2,27.8,3,2.37
P-001387,2025-04-01,4,228.4,45.3,13,8,45.0,92.2,5,4.35
P-001387,2025-05-01,5,235.0,41.9,9,15,42.9,91.8,5,4.44
P-001387,2025-06-01,6,241.6,46.7,8,12,38.6,93.6,5,4.61
P-001387,2025-07-01,7,244.5,43.2,5,13,35.4,89.7,5,4.7
P-001387,2025-08-01,8,244.5,49.4,10,10,39.8,98.0,5,4.96
P-001387,2025-09-01,9,259.1,53.1,10,10,32.3,98.0,5,4.28
P-001387,2025-10-01,10,258.2,56.6,5,11,38.0,98.0,5,4.67
P-001387,2025-11-01,11,259.1,45.2,13,7,33.7,98.0,5,4.76
P-001387,2025-12-01,12,257.6,56.6,7,9,37.1,98.0,5,3.99
P-001388,2025-01-01,1,163.0,4.8,3,6,90.8,19.6,2,1.83
P-001388,2025-02-01,2,164.2,1.2,0,5,92.5,11.4,2,1.37
P-001388,2025-03-01,3,167.7,8.8,2,6,91.4,20.9,2,1.74
P-001388,2025-04-01,4,168.4,5.6,2,3,91.6,16.6,2,1.28
P-001388,2025-05-01,5,171.5,4.7,4,3,94.6,22.0,3,2.05
P-001388,2025-06-01,6,172.9,3.5,1,4,91.2,15.7,2,1.0
P-001388,2025-07-01,7,177.4,3.1,4,6,93.4,24.5,2,1.59
P-001388,2025-08-01,8,162.8,4.7,0,3,88.7,12.1,2,1.54
P-001388,2025-09-01,9,172.6,8.3,3,3,95.1,20.4,2,1.35
P-001388,2025-10-01,10,170.9,6.7,1,4,94.5,15.9,2,1.05
P-001388,2025-11-01,11,170.8,5.5,3,6,95.1,21.4,2,1.65
P-001388,2025-12-01,12,166.3,7.4,4,5,91.1,22.1,2,1.53
P-001389,2025-01-01,1,175.8,9.0,2,4,88.4,23.1,2,1.76
P-001389,2025-02-01,2,180.2,13.8,2,4,86.5,27.4,2,1.91
P-001389,2025-03-01,3,174.1,9.7,2,7,88.1,24.4,2,1.58
P-001389,2025-04-01,4,179.9,11.8,0,5,87.3,22.7,2,1.56
P-001389,2025-05-01,5,170.3,11.7,2,4,87.3,22.0,2,1.55
P-001389,2025-06-01,6,211.2,22.3,6,9,63.3,59.4,4,3.23
P-001389,2025-07-01,7,216.5,22.6,6,8,63.2,59.3,4,2.67
P-001389,2025-08-01,8,178.7,10.5,2,3,87.8,23.7,2,1.56
P-001389,2025-09-01,9,175.2,8.9,3,4,88.4,23.6,2,1.38
P-001389,2025-10-01,10,178.0,7.4,2,5,89.1,22.7,2,1.35
P-001389,2025-11-01,11,175.0,5.4,2,5,89.8,20.7,2,1.33
P-001389,2025-12-01,12,173.3,5.0,1,5,90.0,19.4,2,1.84
P-001390,2025-01-01,1,168.1,7.9,1,3,88.5,15.7,2,1.0
P-001390,2025-02-01,2,175.5,0.0,4,6,93.5,22.5,2,1.57
P-001390,2025-03-01,3,171.4,7.2,3,3,93.9,20.1,2,1.51
P-001390,2025-04-01,4,174.4,9.5,3,4,84.3,24.8,2,1.55
P-001390,2025-05-01,5,166.8,5.8,1,4,100.5,14.0,3,1.47
P-001390,2025-06-01,6,163.8,7.0,0,5,97.5,14.1,2,1.92
P-001390,2025-07-01,7,170.9,4.7,1,5,94.7,15.5,2,1.0
P-001390,2025-08-01,8,163.4,6.1,2,4,92.3,14.9,2,1.0
P-001390,2025-09-01,9,176.9,9.7,1,5,93.1,20.3,2,1.12
P-001390,2025-10-01,10,174.4,3.0,3,6,89.4,22.2,2,1.45
P-001390,2025-11-01,11,169.5,7.4,1,5,93.7,16.9,2,1.22
P-001390,2025-12-01,12,161.2,6.1,2,3,89.8,15.5,2,1.6
P-001391,2025-01-01,1,169.4,3.1,2,4,93.6,16.5,2,1.38
P-001391,2025-02-01,2,165.0,3.7,4,5,95.2,18.3,2,1.14
P-001391,2025-03-01,3,171.3,4.2,2,4,95.0,17.5,2,1.42
P-001391,2025-04-01,4,168.9,7.7,0,4,89.4,17.0,2,1.93
P-001391,2025-05-01,5,162.8,7.3,1,6,95.6,15.8,2,1.63
P-001391,2025-06-01,6,162.0,3.9,3,4,94.8,16.6,2,1.76
P-001391,2025-07-01,7,168.3,9.3,1,5,90.4,19.0,2,1.65
P-001391,2025-08-01,8,175.5,7.9,1,4,91.2,19.6,2,1.45
P-001391,2025-09-01,9,167.2,9.4,3,4,90.1,20.0,2,1.13
P-001391,2025-10-01,10,168.2,5.2,2,3,86.8,17.6,2,1.42
P-001391,2025-11-01,11,172.6,4.2,2,5,93.3,19.0,2,1.49
P-001391,2025-12-01,12,172.6,4.5,4,3,93.0,21.9,2,1.75
P-001392,2025-01-01,1,170.2,8.6,4,3,88.3,22.4,2,1.25
P-001392,2025-02-01,2,175.2,6.4,1,4,91.3,19.8,2,1.84
P-001392,2025-03-01,3,179.7,6.7,1,4,91.3,21.4,2,1.79
P-001392,2025-04-01,4,170.3,0.0,1,3,92.4,13.3,2,1.34
P-001392,2025-05-01,5,179.3,11.3,4,6,87.8,29.3,2,1.45
P-001392,2025-06-01,6,180.9,5.6,0,3,94.4,16.9,2,1.2
P-001392,2025-07-01,7,172.3,7.4,1,4,92.7,17.8,2,1.38
P-001392,2025-08-01,8,166.7,5.7,2,4,97.9,15.9,2,1.44
P-001392,2025-09-01,9,176.3,12.3,4,3,89.3,26.5,2,1.49
P-001392,2025-10-01,10,172.5,1.6,3,3,96.3,16.5,2,1.0
P-001392,2025-11-01,11,177.7,7.3,4,6,93.1,26.2,2,1.52
P-001392,2025-12-01,12,174.0,3.9,1,4,87.9,18.1,2,1.5
P-001393,2025-01-01,1,185.9,3.6,1,4,92.4,21.9,2,1.74
P-001393,2025-02-01,2,180.0,6.7,2,4,87.4,23.1,2,1.47
P-001393,2025-03-01,3,178.9,7.5,1,4,88.7,21.5,2,1.64
P-001393,2025-04-01,4,180.5,7.7,1,3,88.6,20.8,2,1.35
P-001393,2025-05-01,5,180.0,3.2,2,6,98.3,20.7,2,1.36
P-001393,2025-06-01,6,178.3,4.1,0,5,88.3,19.3,2,1.77
P-001393,2025-07-01,7,181.4,10.4,1,3,91.8,22.5,2,1.67
P-001393,2025-08-01,8,178.7,3.3,1,6,90.4,19.6,2,1.19
P-001393,2025-09-01,9,183.3,6.6,2,5,89.4,25.3,2,1.78
P-001393,2025-10-01,10,175.1,4.6,2,3,91.7,19.6,2,1.72
P-001393,2025-11-01,11,174.2,3.6,2,5,91.7,19.3,2,1.37
P-001393,2025-12-01,12,172.3,5.2,3,4,92.9,20.6,2,1.56
P-001394,2025-01-01,1,169.4,13.5,1,5,84.6,22.3,2,1.69
P-001394,2025-02-01,2,181.0,4.4,1,4,88.3,22.0,2,2.02
P-001394,2025-03-01,3,180.7,12.6,2,5,85.0,27.3,2,1.63
P-001394,2025-04-01,4,219.9,39.3,10,11,44.3,82.8,3,3.89
P-001394,2025-05-01,5,211.8,31.5,6,7,51.2,64.6,4,3.32
P-001394,2025-06-01,6,212.2,20.7,4,9,49.7,58.4,4,3.24
P-001394,2025-07-01,7,214.8,30.6,5,8,49.8,67.0,3,4.31
P-001394,2025-08-01,8,213.4,22.6,4,9,54.7,60.0,4,3.8
P-001394,2025-09-01,9,186.3,10.1,1,5,86.0,25.9,2,1.43
P-001394,2025-10-01,10,177.0,14.4,4,4,84.2,28.1,2,1.05
P-001394,2025-11-01,11,174.4,10.0,1,6,86.0,22.8,2,1.64
P-001394,2025-12-01,12,172.0,13.7,1,3,84.5,21.7,2,1.58
P-001395,2025-01-01,1,185.5,7.3,2,4,93.2,25.5,2,2.02
P-001395,2025-02-01,2,178.8,3.9,0,4,95.2,16.3,2,1.31
P-001395,2025-03-01,3,173.4,4.8,3,5,95.0,20.5,2,1.29
P-001395,2025-04-01,4,167.7,2.8,2,5,92.0,17.7,2,1.76
P-001395,2025-05-01,5,172.3,7.0,3,4,94.9,21.2,3,1.63
P-001395,2025-06-01,6,178.2,7.1,3,4,94.1,24.6,2,2.09
P-001395,2025-07-01,7,173.8,7.1,4,3,94.1,21.7,2,1.16
P-001395,2025-08-01,8,184.7,1.5,3,3,96.2,20.7,2,1.0
P-001395,2025-09-01,9,176.3,8.7,4,4,91.9,26.6,2,2.09
P-001395,2025-10-01,10,174.0,2.3,1,4,102.0,15.8,2,1.89
P-001395,2025-11-01,11,179.3,6.0,1,3,89.2,20.0,2,1.52
P-001395,2025-12-01,12,182.0,9.8,1,4,94.5,22.5,2,1.65
P-001396,2025-01-01,1,185.3,13.8,1,5,76.5,32.1,3,2.75
P-001396,2025-02-01,2,189.8,21.5,1,6,73.4,38.7,3,2.96
P-001396,2025-03-01,3,187.4,15.3,2,5,75.9,32.7,3,1.72
P-001396,2025-04-01,4,229.8,45.2,8,7,45.2,82.5,5,3.88
P-001396,2025-05-01,5,240.3,48.6,5,9,40.5,87.4,5,4.91
P-001396,2025-06-01,6,235.9,52.8,5,10,44.7,85.6,5,4.16
P-001396,2025-07-01,7,241.0,51.6,7,9,38.3,90.9,5,4.23
P-001396,2025-08-01,8,245.7,56.3,13,12,36.5,98.0,5,3.73
P-001396,2025-09-01,9,256.5,51.1,11,11,39.8,98.0,5,4.62
P-001396,2025-10-01,10,255.2,46.1,9,12,32.3,98.0,5,4.58
P-001396,2025-11-01,11,267.6,62.7,5,8,39.0,98.0,5,4.38
P-001396,2025-12-01,12,270.2,49.0,14,11,34.9,98.0,5,4.76
P-001397,2025-01-01,1,183.0,6.4,2,4,94.3,22.0,2,1.18
P-001397,2025-02-01,2,180.1,4.2,1,6,90.1,23.3,2,2.3
P-001397,2025-03-01,3,179.2,9.1,4,4,89.8,28.2,2,2.08
P-001397,2025-04-01,4,175.7,3.9,4,3,93.7,22.4,2,1.66
P-001397,2025-05-01,5,180.2,4.6,2,4,95.3,22.0,2,1.96
P-001397,2025-06-01,6,173.2,5.2,2,6,91.6,21.7,2,1.91
P-001397,2025-07-01,7,182.7,6.5,1,4,91.5,20.8,2,1.19
P-001397,2025-08-01,8,180.3,4.6,3,4,90.0,24.7,2,1.96
P-001397,2025-09-01,9,183.2,7.3,0,3,89.6,21.3,2,1.96
P-001397,2025-10-01,10,175.4,11.3,1,5,84.3,23.2,2,1.54
P-001397,2025-11-01,11,177.1,11.1,1,4,89.0,22.0,2,1.51
P-001397,2025-12-01,12,179.3,9.6,4,5,85.4,29.5,2,1.91
P-001398,2025-01-01,1,177.4,2.3,2,4,87.2,20.0,2,1.33
P-001398,2025-02-01,2,178.8,1.3,2,5,92.5,20.2,2,1.51
P-001398,2025-03-01,3,175.4,8.1,1,5,88.8,20.7,2,1.45
P-001398,2025-04-01,4,176.1,7.6,1,4,93.1,19.6,3,1.58
P-001398,2025-05-01,5,173.9,8.3,2,3,89.0,21.0,3,1.62
P-001398,2025-06-01,6,181.1,8.2,2,4,95.0,23.5,2,1.78
P-001398,2025-07-01,7,170.3,3.7,1,4,88.3,17.1,2,1.68
P-001398,2025-08-01,8,172.4,7.9,0,3,91.5,15.7,2,1.27
P-001398,2025-09-01,9,182.9,12.0,4,6,84.7,31.9,2,1.62
P-001398,2025-10-01,10,176.4,11.2,3,5,87.0,25.8,2,1.35
P-001398,2025-11-01,11,176.5,8.7,1,5,82.0,22.6,2,1.41
P-001398,2025-12-01,12,180.0,3.6,2,5,94.7,21.7,2,1.7
P-001399,2025-01-01,1,186.4,18.6,1,6,82.6,31.3,2,1.66
P-001399,2025-02-01,2,185.8,9.5,2,4,86.2,26.9,2,1.62
P-001399,2025-03-01,3,182.3,6.5,1,4,87.4,23.0,2,1.82
P-001399,2025-04-01,4,225.6,24.9,6,6,48.3,66.8,4,3.41
P-001399,2025-05-01,5,220.0,38.7,4,7,45.3,70.0,3,4.02
P-001399,2025-06-01,6,212.4,37.1,4,6,44.4,66.1,4,4.0
P-001399,2025-07-01,7,216.0,34.5,5,12,49.8,69.6,3,3.46
P-001399,2025-08-01,8,224.9,38.8,4,9,46.5,73.0,3,4.05
P-001399,2025-09-01,9,182.1,20.0,1,4,82.0,29.0,2,1.59
P-001399,2025-10-01,10,189.4,17.2,1,6,83.1,32.8,2,2.1
P-001399,2025-11-01,11,186.8,11.5,1,5,85.4,26.7,2,1.42
P-001399,2025-12-01,12,186.3,12.5,4,4,85.0,31.3,2,1.41
P-001400,2025-01-01,1,165.1,5.3,4,5,89.9,20.9,2,1.51
P-001400,2025-02-01,2,170.6,7.3,1,6,89.1,20.2,2,1.8
P-001400,2025-03-01,3,219.7,44.3,6,9,41.7,79.5,4,4.77
P-001400,2025-04-01,4,224.5,39.6,8,13,43.1,83.5,4,4.2
P-001400,2025-05-01,5,216.5,31.5,10,11,45.6,79.3,4,4.38
P-001400,2025-06-01,6,229.3,36.8,8,10,44.0,81.3,3,3.98
P-001400,2025-07-01,7,214.2,36.4,8,12,44.1,77.0,3,3.91
P-001400,2025-08-01,8,220.3,30.4,11,11,45.9,82.3,3,4.58
P-001400,2025-09-01,9,213.0,35.6,8,7,44.3,72.9,4,3.95
P-001400,2025-10-01,10,173.2,8.8,1,4,88.5,20.7,2,1.87
P-001400,2025-11-01,11,166.1,10.7,4,5,87.7,24.8,2,1.89
P-001400,2025-12-01,12,170.5,10.1,2,4,88.0,21.8,2,1.76
P-001401,2025-01-01,1,163.7,3.3,0,5,94.6,11.4,2,1.24
P-001401,2025-02-01,2,160.2,6.1,4,5,88.9,20.4,2,1.76
P-001401,2025-03-01,3,164.3,5.1,0,4,93.0,11.7,2,1.14
P-001401,2025-04-01,4,166.5,4.4,1,4,95.3,14.5,2,1.59
P-001401,2025-05-01,5,166.4,11.0,2,5,88.8,19.3,2,1.0
P-001401,2025-06-01,6,162.3,4.8,1,5,89.5,15.6,2,1.83
P-001401,2025-07-01,7,166.5,7.8,0,4,88.5,15.4,2,1.5
P-001401,2025-08-01,8,166.2,1.9,0,4,94.2,12.0,2,1.6
P-001401,2025-09-01,9,162.7,9.1,0,3,86.3,13.9,2,1.32
P-001401,2025-10-01,10,160.6,6.0,2,5,93.0,17.0,2,2.04
P-001401,2025-11-01,11,161.6,1.2,0,3,88.6,10.4,2,1.59
P-001401,2025-12-01,12,167.0,6.7,3,4,97.6,17.9,2,1.33
P-001402,2025-01-01,1,168.4,8.5,0,6,93.1,16.3,2,1.31
P-001402,2025-02-01,2,173.3,2.6,2,5,97.7,18.7,2,1.86
P-001402,2025-03-01,3,176.5,0.5,1,6,96.2,16.7,2,1.23
P-001402,2025-04-01,4,173.4,6.4,3,5,92.1,22.3,2,1.58
P-001402,2025-05-01,5,177.5,6.3,1,5,95.6,20.0,2,1.67
P-001402,2025-06-01,6,173.4,7.1,0,3,87.9,18.5,2,2.13
P-001402,2025-07-01,7,180.2,4.3,1,5,92.8,19.3,2,1.16
P-001402,2025-08-01,8,179.8,3.0,0,5,90.1,18.4,2,1.5
P-001402,2025-09-01,9,170.1,11.0,2,6,92.3,21.4,2,1.33
P-001402,2025-10-01,10,168.6,8.9,0,5,90.9,17.1,2,1.63
P-001402,2025-11-01,11,170.9,2.8,2,4,94.5,16.5,2,1.29
P-001402,2025-12-01,12,177.0,3.3,3,6,94.3,22.2,2,1.44
P-001403,2025-01-01,1,177.2,2.6,2,6,91.6,19.9,2,1.07
P-001403,2025-02-01,2,179.4,4.1,0,4,96.0,17.6,2,1.77
P-001403,2025-03-01,3,169.8,3.9,3,6,88.3,21.3,2,1.54
P-001403,2025-04-01,4,174.3,4.7,1,4,91.8,16.6,2,1.0
P-001403,2025-05-01,5,172.8,6.1,3,6,93.4,22.3,2,1.54
P-001403,2025-06-01,6,175.2,1.6,4,4,99.8,19.5,2,1.16
P-001403,2025-07-01,7,175.4,6.0,4,6,92.3,25.1,2,1.53
P-001403,2025-08-01,8,172.3,5.4,1,3,91.9,17.7,2,1.88
P-001403,2025-09-01,9,180.3,9.2,2,4,87.7,24.2,2,1.47
P-001403,2025-10-01,10,182.4,5.5,3,4,96.5,22.8,2,1.22
P-001403,2025-11-01,11,177.8,3.7,2,5,92.6,20.4,2,1.31
P-001403,2025-12-01,12,169.0,8.5,4,5,89.0,25.1,2,2.04
P-001404,2025-01-01,1,166.7,6.5,4,5,89.4,23.7,2,2.18
P-001404,2025-02-01,2,182.1,8.1,4,4,88.8,27.9,2,1.64
P-001404,2025-03-01,3,227.5,38.1,6,8,43.6,76.2,3,3.82
P-001404,2025-04-01,4,223.5,43.5,8,11,41.9,83.0,4,3.94
P-001404,2025-05-01,5,221.8,44.2,6,10,41.7,77.9,3,3.6
P-001404,2025-06-01,6,214.9,33.9,5,8,44.8,70.1,4,4.6
P-001404,2025-07-01,7,220.3,45.9,8,12,41.2,83.9,3,4.03
P-001404,2025-08-01,8,230.5,41.4,10,11,42.6,88.4,3,4.16
P-001404,2025-09-01,9,222.3,37.8,8,14,43.6,82.1,3,4.0
P-001404,2025-10-01,10,177.6,7.7,2,5,88.9,23.6,2,1.7
P-001404,2025-11-01,11,174.2,7.4,4,4,89.0,26.3,2,2.23
P-001404,2025-12-01,12,170.0,7.3,0,5,89.1,17.0,2,1.53
P-001405,2025-01-01,1,168.2,8.7,0,4,88.5,17.7,2,2.05
P-001405,2025-02-01,2,173.0,10.2,1,6,87.9,23.6,2,2.24
P-001405,2025-03-01,3,225.9,45.7,5,10,41.3,79.5,4,4.05
P-001405,2025-04-01,4,221.9,32.5,7,7,45.2,72.5,4,3.77
P-001405,2025-05-01,5,220.1,49.9,6,11,40.0,81.6,4,3.97
P-001405,2025-06-01,6,220.3,37.6,8,7,43.7,77.8,4,4.47
P-001405,2025-07-01,7,225.4,39.5,5,9,43.1,74.9,4,3.7
P-001405,2025-08-01,8,221.8,37.4,4,7,43.8,70.4,3,4.03
P-001405,2025-09-01,9,220.2,36.1,5,13,44.2,74.2,3,3.75
P-001405,2025-10-01,10,169.4,8.7,3,6,88.5,24.4,2,2.03
P-001405,2025-11-01,11,173.2,9.6,3,5,88.2,24.2,2,1.53
P-001405,2025-12-01,12,171.7,5.9,2,4,89.6,21.7,2,2.38
P-001406,2025-01-01,1,175.7,5.1,2,5,93.4,21.4,2,1.85
P-001406,2025-02-01,2,186.3,8.6,0,4,87.3,22.4,2,1.31
P-001406,2025-03-01,3,178.7,9.2,2,4,86.9,23.3,2,1.28
P-001406,2025-04-01,4,177.2,8.1,1,6,93.1,20.7,2,1.24
P-001406,2025-05-01,5,173.4,6.5,1,3,93.1,17.7,2,1.63
P-001406,2025-06-01,6,175.9,5.8,2,3,92.2,20.2,2,1.68
P-001406,2025-07-01,7,172.9,4.7,1,3,101.9,13.5,2,1.0
P-001406,2025-08-01,8,178.1,8.9,1,5,93.7,24.1,2,2.63
P-001406,2025-09-01,9,176.8,5.6,4,4,89.6,25.6,2,1.94
P-001406,2025-10-01,10,183.3,9.8,1,5,91.8,25.1,2,2.04
P-001406,2025-11-01,11,178.5,5.7,3,3,97.6,21.4,2,1.55
P-001406,2025-12-01,12,178.9,3.8,0,4,91.3,17.7,2,1.58
P-001407,2025-01-01,1,178.5,7.8,2,4,78.9,28.3,3,2.92
P-001407,2025-02-01,2,185.2,21.3,5,5,73.5,41.9,3,2.51
P-001407,2025-03-01,3,183.2,17.7,2,7,74.9,35.0,3,2.2
P-001407,2025-04-01,4,240.0,54.5,7,9,41.6,93.0,5,4.96
P-001407,2025-05-01,5,232.9,51.2,12,11,41.1,98.0,5,4.85
P-001407,2025-06-01,6,240.9,47.7,8,9,44.9,90.1,5,4.41
P-001407,2025-07-01,7,246.0,54.9,5,7,43.7,89.7,5,4.76
P-001407,2025-08-01,8,248.8,56.0,6,11,43.0,94.6,5,4.36
P-001407,2025-09-01,9,254.6,50.7,5,11,32.9,94.6,5,4.33
P-001407,2025-10-01,10,264.8,50.7,9,8,37.3,98.0,5,4.39
P-001407,2025-11-01,11,253.4,40.9,11,10,38.1,98.0,5,4.59
P-001407,2025-12-01,12,259.4,54.4,7,11,36.4,98.0,5,4.69
P-001408,2025-01-01,1,187.2,16.9,3,8,75.2,39.6,3,2.71
P-001408,2025-02-01,2,181.9,12.9,4,6,76.8,35.3,3,2.41
P-001408,2025-03-01,3,187.1,18.1,1,5,74.7,33.3,3,2.13
P-001408,2025-04-01,4,234.4,48.9,8,12,43.1,90.7,5,4.41
P-001408,2025-05-01,5,227.9,45.4,10,12,42.3,90.3,5,4.35
P-001408,2025-06-01,6,233.3,41.8,6,12,40.1,85.6,5,4.82
P-001408,2025-07-01,7,241.5,48.8,14,8,40.3,98.0,5,4.31
P-001408,2025-08-01,8,247.6,44.6,12,10,37.8,98.0,5,4.72
P-001408,2025-09-01,9,250.1,51.4,7,9,40.1,94.4,5,4.54
P-001408,2025-10-01,10,260.4,44.5,14,9,33.7,98.0,5,4.07
P-001408,2025-11-01,11,264.4,45.2,14,10,41.1,98.0,5,4.39
P-001408,2025-12-01,12,261.5,59.5,9,12,38.9,98.0,5,4.56
P-001409,2025-01-01,1,175.4,6.2,1,5,87.5,21.4,2,1.93
P-001409,2025-02-01,2,180.1,10.2,4,4,85.9,29.8,2,2.11
P-001409,2025-03-01,3,179.8,7.3,1,5,87.1,23.9,2,2.1
P-001409,2025-04-01,4,215.9,39.1,4,6,41.8,68.8,4,4.03
P-001409,2025-05-01,5,215.6,30.4,7,11,49.7,70.2,3,3.35
P-001409,2025-06-01,6,219.4,27.5,4,9,54.3,64.4,4,3.88
P-001409,2025-07-01,7,212.1,32.7,10,8,45.7,75.5,4,4.07
P-001409,2025-08-01,8,214.3,32.5,8,8,45.9,74.4,3,4.7
P-001409,2025-09-01,9,176.1,10.8,3,6,85.7,26.7,2,1.44
P-001409,2025-10-01,10,182.7,8.5,4,5,86.6,29.0,2,1.5
P-001409,2025-11-01,11,170.2,13.2,2,4,84.7,23.5,2,1.72
P-001409,2025-12-01,12,179.0,6.6,4,4,87.4,26.6,2,1.71
P-001410,2025-01-01,1,180.7,12.2,4,6,77.1,34.9,3,2.52
P-001410,2025-02-01,2,190.5,15.2,2,5,75.9,35.5,3,2.42
P-001410,2025-03-01,3,186.5,10.6,2,6,77.8,32.4,3,2.37
P-001410,2025-04-01,4,234.8,43.8,11,8,48.2,90.0,5,4.38
P-001410,2025-05-01,5,235.8,47.6,6,10,48.3,85.2,5,4.5
P-001410,2025-06-01,6,242.3,41.1,6,11,40.8,86.2,5,4.25
P-001410,2025-07-01,7,239.6,38.5,8,11,38.3,89.1,5,4.68
P-001410,2025-08-01,8,247.7,51.8,14,12,41.4,98.0,5,4.99
P-001410,2025-09-01,9,251.3,48.5,7,9,36.6,93.3,5,4.14
P-001410,2025-10-01,10,255.9,45.9,7,14,33.8,98.0,5,4.39
P-001410,2025-11-01,11,258.4,52.5,14,13,35.3,98.0,5,4.12
P-001410,2025-12-01,12,258.4,54.1,12,11,34.0,98.0,5,4.52
P-001411,2025-01-01,1,177.1,5.8,2,5,91.5,22.6,2,1.87
P-001411,2025-02-01,2,174.1,4.3,3,3,90.0,19.7,2,1.15
P-001411,2025-03-01,3,171.3,3.3,0,5,97.5,13.1,2,1.08
P-001411,2025-04-01,4,167.3,9.1,0,6,83.1,18.9,2,1.65
P-001411,2025-05-01,5,182.5,5.6,4,5,97.6,26.4,2,1.79
P-001411,2025-06-01,6,169.2,5.0,3,4,92.9,19.1,2,1.41
P-001411,2025-07-01,7,166.3,3.7,4,6,95.0,19.8,2,1.27
P-001411,2025-08-01,8,176.6,7.3,1,6,87.7,22.3,2,1.7
P-001411,2025-09-01,9,175.8,5.3,4,4,92.4,24.3,2,1.84
P-001411,2025-10-01,10,176.9,8.7,4,3,88.7,24.4,2,1.1
P-001411,2025-11-01,11,176.0,11.5,2,5,94.3,23.1,2,1.48
P-001411,2025-12-01,12,170.1,7.9,1,3,91.6,17.4,2,1.65
P-001412,2025-01-01,1,183.2,6.0,4,5,87.1,27.1,2,1.12
P-001412,2025-02-01,2,172.1,1.6,1,5,95.1,15.4,2,1.34
P-001412,2025-03-01,3,174.8,6.0,2,4,95.5,18.9,2,1.25
P-001412,2025-04-01,4,170.0,2.0,1,4,91.8,16.3,2,1.94
P-001412,2025-05-01,5,173.6,10.1,3,3,90.0,21.6,2,1.0
P-001412,2025-06-01,6,181.7,4.9,4,5,95.8,25.8,2,1.68
P-001412,2025-07-01,7,171.7,4.2,2,5,93.3,18.9,2,1.56
P-001412,2025-08-01,8,172.3,11.2,4,5,87.2,26.5,2,1.53
P-001412,2025-09-01,9,169.7,9.1,0,5,92.5,15.7,2,1.0
P-001412,2025-10-01,10,174.1,4.3,1,4,90.1,18.7,2,1.81
P-001412,2025-11-01,11,176.4,10.6,4,5,90.0,27.1,2,1.53
P-001412,2025-12-01,12,178.2,6.0,2,5,84.1,22.9,2,1.27
P-001413,2025-01-01,1,159.1,7.0,2,3,98.1,13.2,2,1.46
P-001413,2025-02-01,2,158.6,8.5,4,5,88.2,19.5,2,1.22
P-001413,2025-03-01,3,160.7,5.1,1,4,91.8,13.8,2,1.71
P-001413,2025-04-01,4,156.2,5.4,2,4,88.9,13.6,2,1.34
P-001413,2025-05-01,5,159.6,6.7,0,5,94.8,11.6,2,1.36
P-001413,2025-06-01,6,161.0,11.7,3,3,91.0,20.6,2,2.2
P-001413,2025-07-01,7,164.6,5.4,3,4,94.0,16.7,2,1.13
P-001413,2025-08-01,8,155.3,6.6,3,5,99.6,15.3,2,1.81
P-001413,2025-09-01,9,159.0,6.1,2,5,94.6,15.1,2,1.58
P-001413,2025-10-01,10,161.1,0.3,3,6,92.0,16.5,2,1.71
P-001413,2025-11-01,11,159.0,10.0,0,4,89.3,13.4,2,1.45
P-001413,2025-12-01,12,151.4,1.5,0,4,92.1,5.8,2,1.14
P-001414,2025-01-01,1,179.3,7.9,2,4,93.7,21.9,2,1.39
P-001414,2025-02-01,2,176.1,8.8,2,4,96.9,20.0,2,1.14
P-001414,2025-03-01,3,175.3,3.8,1,5,90.4,18.7,2,1.49
P-001414,2025-04-01,4,173.2,8.7,0,4,90.9,18.6,2,1.89
P-001414,2025-05-01,5,186.4,6.3,1,4,94.4,21.2,2,1.09
P-001414,2025-06-01,6,172.7,5.5,4,4,97.1,20.4,2,1.0
P-001414,2025-07-01,7,172.7,0.0,3,3,94.3,17.4,2,1.44
P-001414,2025-08-01,8,176.0,7.2,3,4,93.7,21.2,2,1.02
P-001414,2025-09-01,9,179.0,7.6,2,4,87.2,22.7,2,1.29
P-001414,2025-10-01,10,178.6,9.3,1,5,87.1,23.5,2,1.8
P-001414,2025-11-01,11,179.3,4.0,1,5,96.9,19.7,2,1.79
P-001414,2025-12-01,12,179.8,3.8,2,4,92.9,21.3,2,1.66
P-001415,2025-01-01,1,178.9,6.4,4,5,87.5,27.3,2,1.76
P-001415,2025-02-01,2,174.5,7.9,3,5,86.8,25.1,2,1.86
P-001415,2025-03-01,3,175.1,10.5,4,6,85.8,28.3,2,1.62
P-001415,2025-04-01,4,202.5,36.1,7,10,40.9,71.0,4,4.18
P-001415,2025-05-01,5,202.3,33.5,6,7,41.0,65.6,4,3.94
P-001415,2025-06-01,6,213.1,38.4,5,9,40.0,69.6,3,3.28
P-001415,2025-07-01,7,208.3,41.8,7,8,44.3,72.1,4,3.63
P-001415,2025-08-01,8,211.7,29.6,10,10,48.7,74.8,4,4.07
P-001415,2025-09-01,9,179.2,12.4,3,7,85.0,31.3,2,2.27
P-001415,2025-10-01,10,175.9,11.7,1,6,85.3,25.4,2,2.13
P-001415,2025-11-01,11,175.8,8.1,1,5,86.7,23.3,2,2.25
P-001415,2025-12-01,12,180.9,15.7,1,4,83.7,27.4,2,1.97
P-001416,2025-01-01,1,177.5,6.6,0,6,95.4,17.9,1,1.16
P-001416,2025-02-01,2,219.0,36.7,6,10,47.0,74.9,4,4.44
P-001416,2025-03-01,3,216.0,33.4,5,11,48.0,69.0,4,3.5
P-001416,2025-04-01,4,219.5,37.3,9,8,46.8,77.9,4,3.97
P-001416,2025-05-01,5,224.1,40.7,4,7,45.8,69.8,4,3.08
P-001416,2025-06-01,6,121.0,0.0,0,3,120.0,5.0,1,1.0
P-001416,2025-07-01,7,167.1,0.0,1,6,98.0,13.0,1,1.31
P-001416,2025-08-01,8,176.7,4.5,1,6,96.2,19.0,1,1.46
P-001416,2025-09-01,9,180.2,5.3,1,6,95.9,20.6,1,1.44
P-001416,2025-10-01,10,175.8,5.3,1,4,95.9,17.2,1,1.27
P-001416,2025-11-01,11,167.0,4.7,1,4,96.1,13.6,1,1.15
P-001416,2025-12-01,12,172.3,7.7,1,5,94.9,18.7,1,1.57
P-001417,2025-01-01,1,178.6,7.8,2,4,93.9,22.8,2,1.86
P-001417,2025-02-01,2,175.4,4.4,2,6,91.5,21.7,2,1.71
P-001417,2025-03-01,3,178.6,5.0,2,5,89.5,22.6,2,1.65
P-001417,2025-04-01,4,176.8,2.3,2,4,97.3,18.3,2,1.47
P-001417,2025-05-01,5,174.2,5.3,0,4,93.4,15.2,2,1.15
P-001417,2025-06-01,6,167.4,2.1,1,3,99.5,13.2,2,1.9
P-001417,2025-07-01,7,173.3,3.4,1,5,94.0,17.0,2,1.41
P-001417,2025-08-01,8,181.2,9.0,3,4,88.1,25.5,2,1.27
P-001417,2025-09-01,9,174.0,6.9,3,5,92.0,22.9,2,1.61
P-001417,2025-10-01,10,182.8,5.3,2,6,90.2,23.5,2,1.16
P-001417,2025-11-01,11,174.4,4.6,0,5,93.1,18.1,2,2.11
P-001417,2025-12-01,12,181.1,7.9,3,4,90.8,25.3,2,1.6
P-001418,2025-01-01,1,173.6,3.4,1,5,95.1,17.2,2,1.56
P-001418,2025-02-01,2,169.4,8.8,1,4,93.4,16.5,2,1.08
P-001418,2025-03-01,3,172.6,6.1,3,4,92.0,21.4,2,1.6
P-001418,2025-04-01,4,179.2,2.9,3,4,93.3,21.3,2,1.29
P-001418,2025-05-01,5,176.2,6.3,2,5,93.9,20.7,2,1.34
P-001418,2025-06-01,6,179.5,1.0,0,4,92.9,16.3,2,1.51
P-001418,2025-07-01,7,173.6,9.0,1,3,91.6,18.9,2,1.57
P-001418,2025-08-01,8,171.7,7.6,1,4,92.0,18.5,2,1.67
P-001418,2025-09-01,9,173.6,6.6,2,4,92.5,20.2,2,1.62
P-001418,2025-10-01,10,177.1,9.0,0,5,86.6,20.9,2,1.62
P-001418,2025-11-01,11,172.7,6.8,1,3,92.8,16.9,2,1.35
P-001418,2025-12-01,12,183.4,2.1,1,4,94.8,18.1,2,1.0
P-001419,2025-01-01,1,170.3,8.7,4,4,90.5,23.3,2,1.47
P-001419,2025-02-01,2,169.8,3.3,2,5,91.7,18.5,2,1.68
P-001419,2025-03-01,3,176.4,7.2,4,5,92.0,25.0,2,1.4
P-001419,2025-04-01,4,170.9,11.7,4,3,88.6,23.8,2,1.23
P-001419,2025-05-01,5,162.8,1.4,3,5,98.3,14.0,2,1.0
P-001419,2025-06-01,6,166.4,4.8,2,3,92.1,17.2,2,1.94
P-001419,2025-07-01,7,180.0,1.1,4,5,92.9,24.0,2,1.58
P-001419,2025-08-01,8,166.4,0.0,2,4,96.6,14.6,2,1.81
P-001419,2025-09-01,9,168.9,5.7,1,6,93.3,17.0,2,1.32
P-001419,2025-10-01,10,171.6,2.5,2,5,96.5,17.6,2,1.6
P-001419,2025-11-01,11,175.2,5.1,2,5,91.1,21.8,2,1.92
P-001419,2025-12-01,12,167.9,6.9,2,5,92.6,18.3,2,1.36
P-001420,2025-01-01,1,160.9,6.9,0,4,95.2,12.4,1,1.76
P-001420,2025-02-01,2,230.2,34.8,7,6,47.5,76.1,4,4.09
P-001420,2025-03-01,3,225.9,31.0,4,9,48.7,69.0,4,3.81
P-001420,2025-04-01,4,218.4,32.4,4,8,48.3,67.5,4,4.23
P-001420,2025-05-01,5,217.7,40.7,7,9,45.8,77.3,4,4.42
P-001420,2025-06-01,6,120.6,0.0,0,3,120.0,5.0,1,1.0
P-001420,2025-07-01,7,175.0,5.3,1,6,95.9,18.5,1,1.34
P-001420,2025-08-01,8,175.9,7.3,0,3,95.1,16.7,1,1.56
P-001420,2025-09-01,9,179.5,7.4,2,3,95.0,21.2,1,1.52
P-001420,2025-10-01,10,174.8,1.3,0,4,97.5,13.2,1,1.25
P-001420,2025-11-01,11,173.1,7.3,1,3,95.1,16.8,1,1.34
P-001420,2025-12-01,12,172.6,4.5,0,4,96.2,14.4,1,1.37
P-001421,2025-01-01,1,175.4,6.3,3,6,91.5,23.5,2,1.48
P-001421,2025-02-01,2,189.9,5.4,1,4,88.2,23.8,2,1.3
P-001421,2025-03-01,3,189.0,3.6,0,3,90.7,20.8,2,1.67
P-001421,2025-04-01,4,191.6,1.5,2,5,99.0,23.5,2,1.47
P-001421,2025-05-01,5,182.5,5.8,4,4,87.6,27.3,2,1.62
P-001421,2025-06-01,6,184.2,5.4,1,4,94.5,20.9,2,1.42
P-001421,2025-07-01,7,182.1,1.6,2,5,101.3,20.1,2,1.61
P-001421,2025-08-01,8,187.7,7.4,0,3,93.2,23.2,2,2.34
P-001421,2025-09-01,9,184.8,10.4,2,5,92.2,25.5,2,1.25
P-001421,2025-10-01,10,176.2,7.3,1,5,91.4,20.5,2,1.56
P-001421,2025-11-01,11,183.8,6.6,3,5,92.4,26.2,2,1.62
P-001421,2025-12-01,12,182.1,10.2,2,4,86.2,25.7,2,1.54
P-001422,2025-01-01,1,174.9,18.1,2,5,82.8,26.9,2,1.19
P-001422,2025-02-01,2,173.4,10.7,1,6,85.7,23.7,2,1.97
P-001422,2025-03-01,3,173.2,12.0,4,4,85.2,27.5,2,1.81
P-001422,2025-04-01,4,210.2,31.5,4,8,52.7,63.0,4,4.06
P-001422,2025-05-01,5,203.8,34.2,6,9,50.3,65.1,3,3.59
P-001422,2025-06-01,6,213.0,31.1,5,7,43.8,65.4,4,3.65
P-001422,2025-07-01,7,211.0,38.4,4,11,40.0,69.2,3,3.55
P-001422,2025-08-01,8,208.7,40.9,9,9,40.0,76.5,4,3.55
P-001422,2025-09-01,9,180.1,9.5,2,4,86.2,24.1,2,1.31
P-001422,2025-10-01,10,176.1,3.8,4,3,88.5,24.2,2,1.97
P-001422,2025-11-01,11,178.8,6.4,1,6,87.4,23.7,2,2.06
P-001422,2025-12-01,12,179.8,15.9,3,4,83.6,30.4,2,1.95
P-001423,2025-01-01,1,191.4,7.5,3,4,91.2,28.2,2,1.42
P-001423,2025-02-01,2,188.9,4.3,3,5,94.5,26.4,2,1.58
P-001423,2025-03-01,3,192.4,8.5,1,5,91.4,25.6,2,1.16
P-001423,2025-04-01,4,187.9,10.1,1,4,87.0,24.6,3,1.04
P-001423,2025-05-01,5,189.8,5.9,2,5,92.6,25.0,3,1.14
P-001423,2025-06-01,6,184.7,0.2,2,5,92.4,22.0,2,1.56
P-001423,2025-07-01,7,186.3,6.2,3,4,91.3,25.8,2,1.37
P-001423,2025-08-01,8,189.6,9.0,4,6,89.9,32.5,2,1.84
P-001423,2025-09-01,9,190.0,1.6,3,5,92.2,27.6,2,2.15
P-001423,2025-10-01,10,188.9,8.3,0,3,95.8,22.2,2,1.81
P-001423,2025-11-01,11,190.5,5.0,2,5,88.7,28.2,2,2.15
P-001423,2025-12-01,12,181.2,5.3,3,6,94.3,25.1,2,1.65
P-001424,2025-01-01,1,179.1,2.8,2,4,94.1,20.1,2,1.54
P-001424,2025-02-01,2,181.9,13.1,3,4,89.3,26.9,2,1.15
P-001424,2025-03-01,3,178.9,9.4,3,4,93.0,24.1,2,1.32
P-001424,2025-04-01,4,175.7,9.6,2,7,86.9,26.4,2,2.08
P-001424,2025-05-01,5,185.2,8.3,1,4,86.3,24.3,2,1.53
P-001424,2025-06-01,6,182.9,11.7,2,5,87.8,26.0,2,1.18
P-001424,2025-07-01,7,183.1,6.2,1,4,92.5,21.3,2,1.46
P-001424,2025-08-01,8,187.6,4.3,2,5,92.6,25.1,2,1.75
P-001424,2025-09-01,9,179.6,0.7,1,3,94.8,16.8,2,1.49
P-001424,2025-10-01,10,180.9,2.9,1,6,100.0,19.6,2,1.67
P-001424,2025-11-01,11,174.1,5.5,1,5,94.7,18.5,2,1.62
P-001424,2025-12-01,12,186.0,7.8,0,5,97.5,21.8,2,1.75
P-001425,2025-01-01,1,168.9,4.2,1,4,90.3,16.0,2,1.49
P-001425,2025-02-01,2,175.9,4.7,2,5,90.1,20.3,2,1.19
P-001425,2025-03-01,3,169.3,1.2,1,5,91.5,16.6,2,1.99
P-001425,2025-04-01,4,164.3,6.1,2,5,89.6,17.4,2,1.4
P-001425,2025-05-01,5,174.6,5.3,1,5,89.9,18.4,2,1.18
P-001425,2025-06-01,6,202.9,22.0,6,8,63.4,55.1,4,3.0
P-001425,2025-07-01,7,210.0,26.5,6,7,62.0,60.1,4,3.42
P-001425,2025-08-01,8,170.3,7.7,3,6,88.9,22.5,2,1.35
P-001425,2025-09-01,9,171.7,3.8,3,4,90.5,21.0,2,1.84
P-001425,2025-10-01,10,166.1,4.4,0,4,90.2,13.9,2,1.65
P-001425,2025-11-01,11,172.4,6.5,1,5,89.4,18.7,2,1.36
P-001425,2025-12-01,12,168.8,8.0,4,3,88.8,21.7,2,1.31
P-001426,2025-01-01,1,187.8,5.1,2,3,90.0,23.9,2,1.41
P-001426,2025-02-01,2,185.1,7.5,3,4,89.0,26.1,2,1.3
P-001426,2025-03-01,3,188.9,1.7,1,5,91.3,21.7,2,1.21
P-001426,2025-04-01,4,188.8,9.1,2,5,88.3,29.3,2,2.11
P-001426,2025-05-01,5,191.2,2.5,4,4,91.0,27.8,2,1.42
P-001426,2025-06-01,6,241.0,30.5,3,8,60.9,68.3,4,3.33
P-001426,2025-07-01,7,227.8,32.0,3,7,60.4,62.2,4,2.69
P-001426,2025-08-01,8,190.6,13.2,2,5,86.7,31.3,2,1.86
P-001426,2025-09-01,9,193.4,6.5,0,5,89.4,25.8,2,1.92
P-001426,2025-10-01,10,190.3,6.4,1,6,89.4,26.2,2,1.61
P-001426,2025-11-01,11,191.9,5.7,1,7,89.7,25.5,2,1.0
P-001426,2025-12-01,12,193.9,4.4,0,7,90.2,24.2,2,1.12
P-001427,2025-01-01,1,171.2,11.0,1,5,84.3,22.3,2,1.83
P-001427,2025-02-01,2,173.7,9.6,1,3,94.9,19.0,2,1.75
P-001427,2025-03-01,3,177.7,7.7,2,4,94.6,21.7,2,1.62
P-001427,2025-04-01,4,170.3,2.8,1,4,93.5,15.2,2,1.46
P-001427,2025-05-01,5,173.4,13.8,4,5,90.2,27.5,2,1.58
P-001427,2025-06-01,6,178.9,3.8,2,5,94.0,20.4,2,1.26
P-001427,2025-07-01,7,170.2,7.7,1,4,94.7,15.9,2,1.0
P-001427,2025-08-01,8,167.1,5.2,2,6,96.8,19.1,2,2.11
P-001427,2025-09-01,9,173.2,6.4,1,3,93.2,16.5,2,1.2
P-001427,2025-10-01,10,176.7,3.0,0,4,92.8,16.0,2,1.47
P-001427,2025-11-01,11,168.5,6.6,3,5,90.7,22.7,2,2.27
P-001427,2025-12-01,12,175.0,0.6,1,5,93.3,17.0,2,1.6
P-001428,2025-01-01,1,176.4,9.3,2,3,88.3,22.1,2,1.49
P-001428,2025-02-01,2,181.7,11.3,0,5,87.5,23.2,2,1.61
P-001428,2025-03-01,3,174.0,8.7,1,4,88.5,19.5,2,1.28
P-001428,2025-04-01,4,173.9,4.5,4,5,90.2,23.7,2,1.55
P-001428,2025-05-01,5,176.7,12.4,3,4,87.0,27.3,2,1.96
P-001428,2025-06-01,6,208.4,20.5,8,9,63.8,59.7,4,2.75
P-001428,2025-07-01,7,208.8,32.8,4,8,60.2,59.1,4,3.04
P-001428,2025-08-01,8,171.3,9.3,1,4,88.3,20.3,2,1.87
P-001428,2025-09-01,9,178.7,5.4,4,3,89.8,24.0,2,1.34
P-001428,2025-10-01,10,180.6,11.2,2,5,87.5,25.8,2,1.45
P-001428,2025-11-01,11,179.6,5.1,2,4,90.0,21.3,2,1.3
P-001428,2025-12-01,12,180.0,3.5,4,3,90.6,24.0,2,1.54
P-001429,2025-01-01,1,166.3,7.2,1,5,87.1,17.8,2,1.58
P-001429,2025-02-01,2,157.8,7.6,3,5,87.0,19.4,2,1.99
P-001429,2025-03-01,3,167.8,10.4,2,3,85.8,21.0,2,1.86
P-001429,2025-04-01,4,208.3,24.4,8,7,49.4,65.3,4,3.8
P-001429,2025-05-01,5,192.7,34.2,10,8,51.0,70.0,3,4.73
P-001429,2025-06-01,6,198.9,35.0,7,7,50.7,63.3,4,3.32
P-001429,2025-07-01,7,205.5,24.6,6,10,46.2,62.8,3,3.44
P-001429,2025-08-01,8,200.0,30.9,10,6,46.6,67.2,4,3.36
P-001429,2025-09-01,9,162.1,15.1,3,5,84.0,23.8,2,1.65
P-001429,2025-10-01,10,167.4,8.5,2,4,86.6,20.9,2,2.0
P-001429,2025-11-01,11,164.0,11.9,4,5,85.2,24.4,2,1.61
P-001429,2025-12-01,12,173.1,9.3,1,5,86.3,20.5,2,1.28
P-001430,2025-01-01,1,188.6,16.2,3,6,75.5,39.2,3,3.02
P-001430,2025-02-01,2,185.8,14.2,3,5,76.3,35.2,3,2.51
P-001430,2025-03-01,3,188.6,21.2,2,5,73.5,39.1,3,2.96
P-001430,2025-04-01,4,241.9,49.4,11,10,47.5,95.7,5,4.13
P-001430,2025-05-01,5,243.5,52.5,14,8,49.0,98.0,5,4.11
P-001430,2025-06-01,6,250.1,48.8,14,8,40.7,98.0,5,4.5
P-001430,2025-07-01,7,238.2,41.4,6,7,35.4,84.5,5,4.77
P-001430,2025-08-01,8,258.5,58.0,12,9,42.4,98.0,5,4.46
P-001430,2025-09-01,9,251.9,59.1,12,13,34.2,98.0,5,4.8
P-001430,2025-10-01,10,262.4,50.2,8,11,34.0,98.0,5,4.65
P-001430,2025-11-01,11,264.3,65.0,7,8,32.9,98.0,5,4.45
P-001430,2025-12-01,12,267.1,57.6,12,10,34.1,98.0,5,4.34
P-001431,2025-01-01,1,170.7,6.3,1,4,95.0,16.6,2,1.48
P-001431,2025-02-01,2,169.3,3.5,4,4,91.6,20.7,2,1.53
P-001431,2025-03-01,3,163.2,2.3,3,6,93.9,18.3,2,1.95
P-001431,2025-04-01,4,169.0,7.1,2,4,87.6,19.4,3,1.47
P-001431,2025-05-01,5,159.9,11.6,4,4,89.2,21.4,2,1.62
P-001431,2025-06-01,6,165.4,9.4,0,3,90.6,13.3,2,1.0
P-001431,2025-07-01,7,168.7,5.8,1,3,90.0,16.5,2,1.69
P-001431,2025-08-01,8,170.8,4.5,2,7,91.7,19.6,2,1.27
P-001431,2025-09-01,9,169.0,6.0,4,5,93.8,21.2,2,1.27
P-001431,2025-10-01,10,166.6,8.2,4,5,92.5,21.8,2,1.38
P-001431,2025-11-01,11,164.8,5.3,2,5,93.2,17.6,2,1.8
P-001431,2025-12-01,12,170.0,6.2,2,4,89.9,18.9,2,1.47
P-001432,2025-01-01,1,180.8,12.9,3,6,84.8,29.1,2,1.35
P-001432,2025-02-01,2,184.1,7.8,2,5,86.9,27.3,2,2.09
P-001432,2025-03-01,3,177.2,16.1,2,5,83.6,27.9,2,1.66
P-001432,2025-04-01,4,220.5,29.1,4,12,46.7,69.8,4,4.23
P-001432,2025-05-01,5,212.5,21.9,9,8,56.7,66.5,4,3.71
P-001432,2025-06-01,6,226.4,26.8,4,6,51.1,66.6,4,4.44
P-001432,2025-07-01,7,221.8,37.8,4,11,45.7,73.1,4,4.12
P-001432,2025-08-01,8,218.3,40.8,5,7,45.2,72.4,4,4.17
P-001432,2025-09-01,9,177.4,10.1,1,5,85.9,23.9,2,1.87
P-001432,2025-10-01,10,172.3,11.2,2,4,85.5,23.4,2,1.78
P-001432,2025-11-01,11,180.9,7.1,1,4,87.2,22.6,2,1.73
P-001432,2025-12-01,12,177.8,9.4,2,6,86.2,24.1,2,1.11
P-001433,2025-01-01,1,189.5,4.8,3,5,90.3,26.9,2,1.27
P-001433,2025-02-01,2,186.4,9.4,4,6,86.0,31.3,2,1.43
P-001433,2025-03-01,3,185.0,7.8,4,5,90.4,28.4,2,1.36
P-001433,2025-04-01,4,184.6,5.3,1,5,96.2,20.8,2,1.23
P-001433,2025-05-01,5,180.7,9.0,4,5,90.1,27.9,2,1.51
P-001433,2025-06-01,6,183.4,3.2,1,4,90.3,20.0,2,1.25
P-001433,2025-07-01,7,181.5,1.5,1,4,95.2,18.2,2,1.42
P-001433,2025-08-01,8,173.2,4.4,1,4,93.6,17.0,2,1.5
P-001433,2025-09-01,9,180.0,2.0,1,5,94.1,19.5,2,1.72
P-001433,2025-10-01,10,175.9,4.6,2,4,97.4,18.6,2,1.36
P-001433,2025-11-01,11,179.2,3.4,0,4,93.4,18.0,2,1.9
P-001433,2025-12-01,12,181.7,4.4,1,4,92.0,21.0,2,1.81
P-001434,2025-01-01,1,168.3,8.5,1,5,88.6,18.7,2,1.57
P-001434,2025-02-01,2,174.3,7.4,4,5,89.0,26.4,2,2.01
P-001434,2025-03-01,3,218.5,39.9,11,7,43.0,82.3,4,4.11
P-001434,2025-04-01,4,221.2,37.4,5,7,43.8,72.3,4,4.23
P-001434,2025-05-01,5,220.8,34.6,9,11,44.6,79.2,3,3.83
P-001434,2025-06-01,6,222.3,40.6,8,9,42.8,80.0,4,3.98
P-001434,2025-07-01,7,229.5,31.2,9,7,45.6,78.7,3,4.11
P-001434,2025-08-01,8,216.3,30.6,7,9,45.8,73.1,3,4.61
P-001434,2025-09-01,9,216.6,35.9,4,9,44.2,69.0,3,3.93
P-001434,2025-10-01,10,171.6,8.3,4,4,88.7,24.1,2,1.55
P-001434,2025-11-01,11,176.3,9.8,1,4,88.1,22.7,2,2.06
P-001434,2025-12-01,12,176.2,4.5,2,5,90.2,21.5,2,1.68
P-001435,2025-01-01,1,169.5,9.3,2,6,89.8,21.5,2,1.5
P-001435,2025-02-01,2,174.9,9.3,1,5,87.6,21.1,2,1.39
P-001435,2025-03-01,3,174.0,2.6,2,4,91.0,18.2,2,1.3
P-001435,2025-04-01,4,178.7,11.3,0,4,94.0,20.0,2,1.49
P-001435,2025-05-01,5,176.8,6.6,3,4,88.6,24.3,2,1.85
P-001435,2025-06-01,6,176.4,9.7,2,5,89.1,24.0,2,1.69
P-001435,2025-07-01,7,180.0,8.2,3,4,85.6,27.4,2,2.16
P-001435,2025-08-01,8,176.8,15.1,3,5,88.2,27.9,2,1.59
P-001435,2025-09-01,9,179.6,7.0,4,7,96.1,25.8,2,1.09
P-001435,2025-10-01,10,178.4,1.7,1,4,96.8,17.6,2,1.69
P-001435,2025-11-01,11,176.4,4.5,0,6,91.0,18.3,2,1.52
P-001435,2025-12-01,12,174.8,5.3,4,4,91.4,23.7,2,1.64
P-001436,2025-01-01,1,159.4,7.2,3,3,90.7,15.5,2,1.08
P-001436,2025-02-01,2,166.7,6.7,2,5,95.0,16.5,2,1.0
P-001436,2025-03-01,3,165.9,7.3,0,6,94.2,14.8,2,1.34
P-001436,2025-04-01,4,173.4,8.3,3,5,89.8,24.0,2,1.73
P-001436,2025-05-01,5,175.2,1.5,2,5,95.2,19.1,3,1.74
P-001436,2025-06-01,6,169.4,4.7,1,5,87.8,17.0,2,1.28
P-001436,2025-07-01,7,169.1,8.5,2,5,89.5,20.8,2,1.66
P-001436,2025-08-01,8,168.9,10.3,0,4,84.8,18.2,2,1.64
P-001436,2025-09-01,9,169.6,6.3,1,3,94.6,15.0,2,1.25
P-001436,2025-10-01,10,171.3,7.0,0,5,87.9,19.1,2,2.13
P-001436,2025-11-01,11,169.1,3.3,3,5,93.9,18.5,2,1.27
P-001436,2025-12-01,12,172.5,7.8,3,5,94.8,21.3,2,1.24
P-001437,2025-01-01,1,176.5,3.6,1,6,96.8,17.5,2,1.1
P-001437,2025-02-01,2,173.0,7.2,2,5,94.4,19.9,2,1.34
P-001437,2025-03-01,3,177.1,3.4,0,3,92.8,16.0,2,1.58
P-001437,2025-04-01,4,182.5,8.2,3,6,90.8,27.0,2,1.51
P-001437,2025-05-01,5,177.0,9.3,3,4,86.1,25.0,2,1.46
P-001437,2025-06-01,6,173.7,0.0,4,5,92.9,21.2,2,1.52
P-001437,2025-07-01,7,175.7,5.0,1,3,85.6,18.6,2,1.36
P-001437,2025-08-01,8,176.4,1.0,4,6,96.8,22.5,2,1.5
P-001437,2025-09-01,9,178.4,4.1,4,5,89.3,27.2,2,2.34
P-001437,2025-10-01,10,172.0,11.5,1,4,91.4,20.2,2,1.61
P-001437,2025-11-01,11,174.7,10.1,1,5,90.1,21.5,2,1.61
P-001437,2025-12-01,12,172.9,8.2,3,4,94.1,21.0,2,1.21
P-001438,2025-01-01,1,175.8,14.2,3,3,86.3,26.2,2,1.6
P-001438,2025-02-01,2,170.6,9.2,1,3,88.3,19.0,2,1.76
P-001438,2025-03-01,3,217.7,42.0,11,11,42.4,84.0,3,3.46
P-001438,2025-04-01,4,215.4,32.0,7,11,45.4,74.2,3,4.4
P-001438,2025-05-01,5,219.9,34.8,4,12,44.6,71.4,4,3.86
P-001438,2025-06-01,6,226.9,38.7,11,10,43.4,86.1,3,3.86
P-001438,2025-07-01,7,222.9,41.2,8,10,42.7,81.2,3,4.02
P-001438,2025-08-01,8,217.6,35.3,4,9,44.4,69.3,4,4.04
P-001438,2025-09-01,9,213.3,36.6,5,11,44.0,72.7,3,4.57
P-001438,2025-10-01,10,174.7,6.3,4,4,89.5,24.6,2,1.73
P-001438,2025-11-01,11,177.9,6.6,3,3,89.4,23.8,2,1.82
P-001438,2025-12-01,12,173.2,4.9,4,5,90.1,23.8,2,1.62
P-001439,2025-01-01,1,179.7,6.4,0,5,95.2,18.3,2,1.31
P-001439,2025-02-01,2,176.8,4.6,2,5,92.0,21.7,2,1.79
P-001439,2025-03-01,3,179.4,10.7,0,5,93.2,20.8,2,1.48
P-001439,2025-04-01,4,181.1,6.1,2,4,92.9,23.2,2,1.88
P-001439,2025-05-01,5,173.0,7.1,2,5,91.6,21.6,2,1.83
P-001439,2025-06-01,6,183.7,1.3,2,5,94.0,21.7,2,1.54
P-001439,2025-07-01,7,176.3,1.1,2,4,97.2,17.5,2,1.41
P-001439,2025-08-01,8,171.4,9.4,4,3,83.8,23.3,2,1.0
P-001439,2025-09-01,9,180.4,9.9,1,4,87.7,23.6,2,1.76
P-001439,2025-10-01,10,184.0,4.2,3,6,89.5,26.2,2,1.54
P-001439,2025-11-01,11,177.7,2.9,2,3,93.2,18.8,2,1.39
P-001439,2025-12-01,12,177.6,1.4,0,4,95.0,14.5,2,1.17
P-001440,2025-01-01,1,186.2,7.2,1,6,89.1,25.3,2,1.69
P-001440,2025-02-01,2,184.6,7.7,0,4,88.9,23.5,2,2.27
P-001440,2025-03-01,3,242.4,36.4,4,10,44.1,79.0,4,3.95
P-001440,2025-04-01,4,233.4,37.2,7,7,43.8,79.0,4,3.9
P-001440,2025-05-01,5,230.7,41.4,8,8,42.6,81.4,4,3.5
P-001440,2025-06-01,6,235.2,32.1,11,8,45.4,85.9,3,4.41
P-001440,2025-07-01,7,239.0,45.6,6,9,41.3,83.1,4,3.25
P-001440,2025-08-01,8,233.2,41.2,7,11,42.6,83.2,3,3.75
P-001440,2025-09-01,9,227.9,37.8,8,12,43.7,83.3,4,4.26
P-001440,2025-10-01,10,192.9,11.8,1,4,87.3,29.5,2,2.03
P-001440,2025-11-01,11,185.3,7.5,1,4,89.0,24.0,2,1.73
P-001440,2025-12-01,12,188.6,12.6,3,6,87.0,31.5,2,1.41
P-001441,2025-01-01,1,166.2,9.8,3,4,88.1,21.1,2,1.47
P-001441,2025-02-01,2,176.3,14.1,1,4,86.3,22.2,2,1.0
P-001441,2025-03-01,3,171.1,5.3,4,3,89.9,21.4,2,1.41
P-001441,2025-04-01,4,177.5,7.0,0,3,89.2,17.2,2,1.16
P-001441,2025-05-01,5,172.7,2.4,0,5,91.0,14.4,2,1.1
P-001441,2025-06-01,6,200.5,24.1,4,8,62.8,52.5,4,3.23
P-001441,2025-07-01,7,208.8,26.8,3,9,61.9,55.5,4,3.14
P-001441,2025-08-01,8,172.3,8.7,3,5,88.5,23.5,2,1.52
P-001441,2025-09-01,9,172.7,6.1,2,5,89.6,20.1,2,1.28
P-001441,2025-10-01,10,174.5,5.6,0,5,89.8,17.2,2,1.31
P-001441,2025-11-01,11,172.8,8.5,1,4,88.6,19.9,2,1.66
P-001441,2025-12-01,12,168.5,7.3,1,4,89.1,17.8,2,1.67
P-001442,2025-01-01,1,167.5,4.4,1,4,90.9,14.2,2,1.0
P-001442,2025-02-01,2,159.7,1.9,0,4,90.9,8.9,2,1.05
P-001442,2025-03-01,3,163.2,5.5,1,4,90.5,15.8,2,2.0
P-001442,2025-04-01,4,170.9,9.2,3,6,88.7,23.5,2,1.4
P-001442,2025-05-01,5,161.7,1.0,1,5,94.8,10.8,2,1.02
P-001442,2025-06-01,6,162.6,6.7,2,3,95.4,14.8,2,1.45
P-001442,2025-07-01,7,164.8,2.0,2,4,93.5,14.1,2,1.24
P-001442,2025-08-01,8,166.7,2.7,2,6,95.2,16.6,2,1.47
P-001442,2025-09-01,9,167.8,8.8,1,6,88.3,21.0,2,2.21
P-001442,2025-10-01,10,171.2,7.3,1,4,87.6,19.1,2,1.69
P-001442,2025-11-01,11,172.5,7.3,3,5,86.4,22.5,2,1.19
P-001442,2025-12-01,12,164.2,9.1,0,4,86.8,15.9,2,1.69
P-001443,2025-01-01,1,177.6,11.9,3,4,87.2,26.1,2,1.46
P-001443,2025-02-01,2,180.7,6.3,3,4,89.5,25.3,2,1.82
P-001443,2025-03-01,3,231.5,37.1,9,10,43.9,84.8,3,4.35
P-001443,2025-04-01,4,232.7,33.6,9,11,44.9,84.6,3,4.5
P-001443,2025-05-01,5,221.8,41.9,5,11,42.4,77.8,3,4.38
P-001443,2025-06-01,6,229.2,33.1,4,11,45.1,73.3,4,3.91
P-001443,2025-07-01,7,228.2,45.2,11,8,41.4,89.0,4,4.15
P-001443,2025-08-01,8,229.5,41.5,5,8,42.5,75.9,4,3.44
P-001443,2025-09-01,9,218.7,47.3,9,11,40.8,84.4,3,3.77
P-001443,2025-10-01,10,178.8,4.6,3,5,90.2,24.4,2,1.78
P-001443,2025-11-01,11,178.4,11.9,1,6,87.3,25.5,2,1.95
P-001443,2025-12-01,12,181.0,7.3,0,5,89.1,22.4,2,2.14
P-001444,2025-01-01,1,167.7,8.3,2,4,95.8,18.6,2,1.75
P-001444,2025-02-01,2,176.2,3.9,2,4,92.7,18.9,2,1.2
P-001444,2025-03-01,3,171.1,3.4,1,5,94.1,15.2,2,1.0
P-001444,2025-04-01,4,173.1,4.3,1,5,97.5,17.7,3,1.83
P-001444,2025-05-01,5,186.7,9.7,3,4,87.2,27.7,2,1.19
P-001444,2025-06-01,6,174.6,0.7,1,5,92.5,16.5,2,1.38
P-001444,2025-07-01,7,168.9,5.0,2,5,94.1,17.2,2,1.19
P-001444,2025-08-01,8,176.0,7.3,2,4,92.9,20.6,2,1.34
P-001444,2025-09-01,9,180.9,4.7,2,6,89.0,24.1,2,1.66
P-001444,2025-10-01,10,179.9,8.9,1,5,83.3,24.1,2,1.61
P-001444,2025-11-01,11,176.4,5.5,2,3,89.0,21.1,2,1.76
P-001444,2025-12-01,12,174.7,3.7,4,4,97.7,20.5,2,1.11
P-001445,2025-01-01,1,185.5,19.0,2,5,74.4,35.8,3,2.5
P-001445,2025-02-01,2,190.0,12.9,3,7,76.8,36.0,3,1.94
P-001445,2025-03-01,3,182.3,18.0,3,5,74.8,35.6,3,2.41
P-001445,2025-04-01,4,237.5,41.1,9,9,46.9,88.1,5,4.65
P-001445,2025-05-01,5,239.1,52.1,11,15,44.9,98.0,5,4.16
P-001445,2025-06-01,6,241.5,49.0,5,11,37.9,88.7,5,4.47
P-001445,2025-07-01,7,249.7,42.3,7,13,36.3,94.3,5,4.71
P-001445,2025-08-01,8,248.8,62.8,9,15,36.4,98.0,5,4.86
P-001445,2025-09-01,9,257.0,48.6,9,10,33.7,98.0,5,4.39
P-001445,2025-10-01,10,256.2,59.9,12,9,35.6,98.0,5,4.58
P-001445,2025-11-01,11,267.8,51.6,12,10,33.9,98.0,5,4.26
P-001445,2025-12-01,12,256.8,60.1,10,11,38.6,98.0,5,3.98
P-001446,2025-01-01,1,186.8,3.6,1,4,96.1,20.2,2,1.17
P-001446,2025-02-01,2,181.7,7.6,2,4,90.4,22.3,2,1.0
P-001446,2025-03-01,3,178.4,8.6,1,5,90.1,21.4,2,1.31
P-001446,2025-04-01,4,177.7,5.8,2,5,89.5,22.3,2,1.53
P-001446,2025-05-01,5,177.2,2.3,2,5,97.9,18.6,3,1.32
P-001446,2025-06-01,6,175.5,5.0,2,3,95.9,18.7,2,1.54
P-001446,2025-07-01,7,183.1,5.6,3,5,90.2,27.4,2,2.2
P-001446,2025-08-01,8,175.3,12.0,1,6,92.5,23.0,2,1.72
P-001446,2025-09-01,9,171.9,1.4,4,3,88.7,21.7,2,1.99
P-001446,2025-10-01,10,173.9,3.0,1,5,98.1,17.0,2,1.69
P-001446,2025-11-01,11,181.7,5.2,1,4,92.8,19.9,2,1.29
P-001446,2025-12-01,12,181.0,5.8,1,4,94.5,19.8,2,1.38
P-001447,2025-01-01,1,176.5,3.2,3,4,90.7,23.1,2,2.15
P-001447,2025-02-01,2,179.0,8.2,2,4,88.7,24.5,2,2.0
P-001447,2025-03-01,3,227.4,34.4,4,8,44.7,71.1,4,3.83
P-001447,2025-04-01,4,222.6,39.6,4,8,43.1,72.5,4,4.09
P-001447,2025-05-01,5,223.4,38.4,5,10,43.5,74.6,3,3.81
P-001447,2025-06-01,6,220.5,43.9,4,7,41.8,72.1,3,3.64
P-001447,2025-07-01,7,218.8,33.5,4,7,44.9,66.8,3,3.74
P-001447,2025-08-01,8,233.2,45.4,4,7,41.4,78.5,3,4.15
P-001447,2025-09-01,9,211.5,38.2,6,9,43.5,72.0,3,4.09
P-001447,2025-10-01,10,174.0,17.7,1,4,84.9,25.8,2,2.06
P-001447,2025-11-01,11,172.8,7.1,2,5,89.2,22.0,2,1.84
P-001447,2025-12-01,12,177.4,8.4,1,5,88.6,22.8,2,1.94
P-001448,2025-01-01,1,185.7,11.3,5,6,77.5,37.2,3,2.28
P-001448,2025-02-01,2,183.5,16.7,3,6,75.3,35.9,3,2.33
P-001448,2025-03-01,3,192.0,11.1,4,5,77.6,37.9,3,2.67
P-001448,2025-04-01,4,234.6,34.4,8,13,41.9,85.2,5,4.23
P-001448,2025-05-01,5,230.4,53.0,6,10,40.2,85.9,5,4.04
P-001448,2025-06-01,6,236.1,57.1,10,12,45.3,97.7,5,4.47
P-001448,2025-07-01,7,244.1,46.7,11,7,41.2,94.4,5,4.07
P-001448,2025-08-01,8,242.7,54.7,10,13,41.0,98.0,5,4.0
P-001448,2025-09-01,9,258.2,52.9,5,10,36.9,94.3,5,3.91
P-001448,2025-10-01,10,251.6,48.0,9,15,34.1,98.0,5,4.38
P-001448,2025-11-01,11,257.1,49.6,12,7,33.8,98.0,5,4.34
P-001448,2025-12-01,12,259.0,55.1,5,13,33.1,98.0,5,4.35
P-001449,2025-01-01,1,172.2,2.3,0,5,97.1,13.2,1,1.14
P-001449,2025-02-01,2,221.6,40.9,4,10,45.7,71.9,4,3.42
P-001449,2025-03-01,3,219.0,28.3,7,12,49.5,70.5,4,3.06
P-001449,2025-04-01,4,215.0,43.4,4,10,45.0,71.4,4,3.67
P-001449,2025-05-01,5,219.0,37.7,5,7,46.7,70.3,4,3.86
P-001449,2025-06-01,6,118.6,0.0,0,3,120.0,5.0,1,1.0
P-001449,2025-07-01,7,173.3,1.8,1,5,97.3,15.6,1,1.37
P-001449,2025-08-01,8,174.5,5.5,2,4,95.8,18.6,1,1.31
P-001449,2025-09-01,9,167.7,3.5,0,5,96.6,13.0,1,1.43
P-001449,2025-10-01,10,170.2,4.8,2,4,96.1,17.5,1,1.59
P-001449,2025-11-01,11,165.3,6.9,1,6,95.2,15.4,1,1.12
P-001449,2025-12-01,12,169.7,6.6,1,5,95.4,16.6,1,1.33
P-001450,2025-01-01,1,199.1,2.1,1,3,91.2,24.8,2,1.46
P-001450,2025-02-01,2,188.6,10.0,3,7,88.0,32.7,2,2.16
P-001450,2025-03-01,3,245.3,40.8,7,7,42.8,85.4,3,4.08
P-001450,2025-04-01,4,235.4,34.9,4,10,44.5,75.7,4,3.92
P-001450,2025-05-01,5,238.2,37.3,5,7,43.8,77.7,3,4.01
P-001450,2025-06-01,6,236.9,47.1,4,13,40.9,85.3,4,4.41
P-001450,2025-07-01,7,230.1,43.6,9,12,41.9,89.1,4,4.47
P-001450,2025-08-01,8,231.2,35.2,7,12,44.4,80.9,3,3.99
P-001450,2025-09-01,9,243.3,33.5,5,14,44.9,81.9,4,3.83
P-001450,2025-10-01,10,191.0,13.6,2,4,86.6,30.8,2,1.83
P-001450,2025-11-01,11,187.5,2.2,2,5,91.1,24.5,2,1.74
P-001450,2025-12-01,12,185.9,10.9,4,3,87.6,30.2,2,1.73
P-001451,2025-01-01,1,183.1,4.6,1,4,94.2,19.5,2,1.11
P-001451,2025-02-01,2,175.9,1.2,2,5,97.0,19.0,2,1.77
P-001451,2025-03-01,3,182.2,5.4,4,5,95.4,26.3,2,1.67
P-001451,2025-04-01,4,177.3,3.4,4,4,95.6,22.6,2,1.5
P-001451,2025-05-01,5,185.6,0.0,2,3,93.2,20.4,2,1.45
P-001451,2025-06-01,6,177.6,7.8,4,5,88.1,26.1,2,1.29
P-001451,2025-07-01,7,177.6,8.5,2,5,90.2,23.9,2,1.77
P-001451,2025-08-01,8,183.2,8.9,3,3,87.4,26.4,2,1.59
P-001451,2025-09-01,9,177.2,8.7,1,5,90.0,20.4,2,1.06
P-001451,2025-10-01,10,175.6,6.9,3,5,86.8,23.5,2,1.23
P-001451,2025-11-01,11,175.7,8.2,0,6,91.4,20.5,2,1.89
P-001451,2025-12-01,12,178.9,6.7,2,6,86.2,24.8,2,1.66
P-001452,2025-01-01,1,178.6,6.6,3,5,87.3,26.4,2,2.04
P-001452,2025-02-01,2,183.3,5.8,1,4,87.7,23.0,2,1.79
P-001452,2025-03-01,3,181.6,9.2,1,5,86.3,24.8,2,1.83
P-001452,2025-04-01,4,213.5,39.6,4,8,48.0,66.9,3,3.48
P-001452,2025-05-01,5,217.6,25.9,10,7,46.9,72.9,3,3.75
P-001452,2025-06-01,6,210.0,38.9,5,6,44.6,65.9,4,3.26
P-001452,2025-07-01,7,206.2,34.9,7,9,44.7,67.6,4,3.05
P-001452,2025-08-01,8,221.0,31.1,5,12,46.9,72.8,3,4.39
P-001452,2025-09-01,9,179.2,6.9,3,6,87.2,27.1,2,1.92
P-001452,2025-10-01,10,180.5,13.0,3,5,84.8,29.2,2,1.66
P-001452,2025-11-01,11,177.7,13.1,1,5,84.7,24.8,2,1.61
P-001452,2025-12-01,12,171.7,5.4,1,5,87.9,19.5,2,1.87
P-001453,2025-01-01,1,183.6,16.4,4,7,75.5,37.0,3,1.9
P-001453,2025-02-01,2,181.5,17.8,1,6,74.9,33.9,3,2.92
P-001453,2025-03-01,3,179.5,18.2,2,7,74.7,33.0,3,1.85
P-001453,2025-04-01,4,233.8,49.5,5,7,44.6,82.4,5,4.52
P-001453,2025-05-01,5,235.9,46.4,6,9,47.3,85.0,5,4.77
P-001453,2025-06-01,6,230.8,46.4,12,12,34.6,96.2,5,4.25
P-001453,2025-07-01,7,245.6,51.4,10,8,39.2,97.7,5,4.65
P-001453,2025-08-01,8,245.0,55.4,8,10,38.6,96.2,5,4.26
P-001453,2025-09-01,9,253.6,46.9,13,9,42.8,98.0,5,4.35
P-001453,2025-10-01,10,245.6,53.3,12,11,31.6,98.0,5,4.59
P-001453,2025-11-01,11,245.5,50.0,11,14,39.7,98.0,5,4.61
P-001453,2025-12-01,12,255.4,53.0,12,12,34.5,98.0,5,4.78
P-001454,2025-01-01,1,175.8,4.4,3,5,88.2,23.0,2,1.52
P-001454,2025-02-01,2,173.4,15.6,1,3,83.8,22.1,2,1.16
P-001454,2025-03-01,3,177.9,4.3,2,3,88.3,21.5,2,1.87
P-001454,2025-04-01,4,223.1,25.3,6,11,44.0,69.4,3,3.09
P-001454,2025-05-01,5,211.7,26.8,7,7,48.3,66.6,4,4.0
P-001454,2025-06-01,6,207.6,30.7,5,8,48.4,64.1,3,4.01
P-001454,2025-07-01,7,216.7,18.0,4,8,53.2,59.6,3,4.09
P-001454,2025-08-01,8,217.6,32.4,7,6,47.5,71.6,4,4.47
P-001454,2025-09-01,9,179.2,11.6,1,4,85.4,24.8,2,1.98
P-001454,2025-10-01,10,182.2,7.5,1,5,87.0,23.4,2,1.54
P-001454,2025-11-01,11,178.4,11.5,4,5,85.4,29.7,2,1.79
P-001454,2025-12-01,12,178.6,9.6,1,3,86.2,22.8,2,1.94
P-001455,2025-01-01,1,178.6,5.1,1,5,94.0,19.1,2,1.26
P-001455,2025-02-01,2,174.3,11.1,4,3,83.9,27.1,2,1.82
P-001455,2025-03-01,3,179.6,6.8,0,6,88.2,20.6,2,1.37
P-001455,2025-04-01,4,177.6,6.8,3,5,100.1,23.6,2,1.99
P-001455,2025-05-01,5,173.6,14.3,2,6,87.5,25.8,2,1.64
P-001455,2025-06-01,6,183.6,5.6,3,6,83.3,27.0,2,1.19
P-001455,2025-07-01,7,173.0,5.4,4,5,95.5,21.4,2,1.0
P-001455,2025-08-01,8,176.6,5.2,2,4,92.2,21.4,2,1.9
P-001455,2025-09-01,9,174.6,0.6,3,3,93.9,18.1,2,1.33
P-001455,2025-10-01,10,170.5,2.1,1,4,94.5,14.3,2,1.27
P-001455,2025-11-01,11,178.5,10.1,1,4,92.1,21.6,2,1.57
P-001455,2025-12-01,12,177.2,5.7,3,5,93.0,23.5,2,1.66
P-001456,2025-01-01,1,170.1,3.5,0,5,96.6,13.2,1,1.21
P-001456,2025-02-01,2,219.6,31.9,10,7,48.4,75.4,4,3.6
P-001456,2025-03-01,3,226.1,49.0,8,7,43.3,82.6,4,3.65
P-001456,2025-04-01,4,220.4,40.0,10,11,46.0,82.2,4,3.59
P-001456,2025-05-01,5,220.0,34.1,5,11,47.8,71.2,4,3.72
P-001456,2025-06-01,6,118.9,0.0,0,3,120.0,5.0,1,1.0
P-001456,2025-07-01,7,170.9,7.2,0,5,95.1,16.4,1,1.65
P-001456,2025-08-01,8,175.6,7.6,0,3,95.0,16.2,1,1.37
P-001456,2025-09-01,9,164.9,10.6,3,4,93.8,19.1,1,1.15
P-001456,2025-10-01,10,167.3,1.6,1,4,97.3,12.9,1,1.45
P-001456,2025-11-01,11,175.8,5.6,3,4,95.8,20.4,1,1.13
P-001456,2025-12-01,12,163.1,6.7,0,6,95.3,13.4,1,1.37
P-001457,2025-01-01,1,179.7,12.7,4,5,86.9,30.6,2,1.87
P-001457,2025-02-01,2,178.4,9.3,4,4,88.3,28.1,2,1.99
P-001457,2025-03-01,3,221.0,38.4,9,8,43.5,78.9,4,3.75
P-001457,2025-04-01,4,226.2,33.6,4,11,44.9,73.7,4,4.37
P-001457,2025-05-01,5,226.0,28.1,11,9,46.6,80.2,3,3.92
P-001457,2025-06-01,6,222.1,36.5,8,12,44.0,79.8,3,3.92
P-001457,2025-07-01,7,231.8,34.2,10,9,44.8,83.4,4,3.92
P-001457,2025-08-01,8,228.3,45.1,9,8,41.5,85.1,4,3.94
P-001457,2025-09-01,9,233.6,39.8,6,11,43.0,80.3,4,3.49
P-001457,2025-10-01,10,186.2,7.3,2,4,89.1,27.3,2,2.31
P-001457,2025-11-01,11,185.2,6.2,1,3,89.5,22.2,2,1.58
P-001457,2025-12-01,12,175.9,12.3,2,6,87.1,26.3,2,1.82
P-001458,2025-01-01,1,178.7,7.4,1,5,89.1,22.3,2,1.75
P-001458,2025-02-01,2,179.6,9.8,1,5,88.1,23.5,2,1.63
P-001458,2025-03-01,3,232.2,35.6,4,7,44.3,74.0,3,4.34
P-001458,2025-04-01,4,236.7,35.9,5,8,44.2,77.8,3,4.24
P-001458,2025-05-01,5,228.1,37.9,4,8,43.6,74.3,4,4.35
P-001458,2025-06-01,6,221.2,39.6,10,13,43.1,85.4,3,4.11
P-001458,2025-07-01,7,236.4,37.3,9,7,43.8,84.2,4,4.2
P-001458,2025-08-01,8,222.2,36.6,4,9,44.0,72.0,4,4.21
P-001458,2025-09-01,9,232.9,36.2,5,11,44.2,77.3,4,3.74
P-001458,2025-10-01,10,182.4,8.5,1,4,88.6,24.8,2,2.3
P-001458,2025-11-01,11,177.5,6.7,3,3,89.3,24.6,2,2.19
P-001458,2025-12-01,12,177.1,12.8,2,6,86.9,27.4,2,2.02
P-001459,2025-01-01,1,173.0,5.4,2,6,99.7,18.5,2,1.22
P-001459,2025-02-01,2,173.5,5.4,2,5,93.1,20.1,2,1.59
P-001459,2025-03-01,3,174.4,1.6,2,3,89.9,17.2,2,1.19
P-001459,2025-04-01,4,173.3,3.2,2,6,93.4,19.5,2,1.46
P-001459,2025-05-01,5,172.2,5.5,0,4,95.4,14.9,2,1.43
P-001459,2025-06-01,6,169.2,7.4,0,4,93.6,14.7,2,1.3
P-001459,2025-07-01,7,173.7,7.0,4,3,85.7,22.8,2,1.0
P-001459,2025-08-01,8,172.2,6.9,2,6,96.1,20.6,2,1.65
P-001459,2025-09-01,9,176.6,7.1,2,6,88.5,23.1,2,1.45
P-001459,2025-10-01,10,172.5,5.6,1,3,92.1,16.8,2,1.49
P-001459,2025-11-01,11,172.7,4.1,1,4,92.1,17.5,2,1.71
P-001459,2025-12-01,12,173.0,9.7,2,5,94.5,21.0,2,1.39
P-001460,2025-01-01,1,186.7,6.1,2,5,89.6,27.2,2,2.18
P-001460,2025-02-01,2,180.0,8.8,2,4,88.5,23.5,2,1.36
P-001460,2025-03-01,3,222.7,41.5,10,9,42.6,84.1,4,4.09
P-001460,2025-04-01,4,231.4,38.4,11,13,43.5,88.6,3,3.48
P-001460,2025-05-01,5,232.1,32.1,8,9,45.4,79.0,3,3.81
P-001460,2025-06-01,6,231.3,39.6,6,11,43.1,81.8,4,4.42
P-001460,2025-07-01,7,225.3,33.7,6,10,44.9,74.9,3,3.89
P-001460,2025-08-01,8,236.4,41.8,7,11,42.5,86.8,3,4.62
P-001460,2025-09-01,9,228.1,31.0,5,11,45.7,73.3,4,3.77
P-001460,2025-10-01,10,175.2,11.9,4,5,87.2,28.5,2,1.83
P-001460,2025-11-01,11,170.6,8.1,2,6,88.8,20.9,2,1.22
P-001460,2025-12-01,12,188.4,0.7,3,4,91.7,25.3,2,1.85
P-001461,2025-01-01,1,172.0,7.3,1,3,92.3,17.6,2,1.61
P-001461,2025-02-01,2,173.0,7.4,0,4,93.8,16.2,2,1.39
P-001461,2025-03-01,3,175.9,4.0,2,4,92.1,20.0,2,1.61
P-001461,2025-04-01,4,177.5,11.0,3,5,87.8,25.6,2,1.22
P-001461,2025-05-01,5,175.7,5.9,1,4,96.6,17.8,2,1.44
P-001461,2025-06-01,6,176.6,5.8,0,6,93.4,17.6,2,1.13
P-001461,2025-07-01,7,169.1,3.9,4,4,89.6,20.0,2,1.07
P-001461,2025-08-01,8,180.4,1.8,3,5,97.6,22.3,2,1.75
P-001461,2025-09-01,9,173.6,6.4,2,4,94.6,19.6,2,1.58
P-001461,2025-10-01,10,178.7,6.6,1,4,94.0,19.1,2,1.24
P-001461,2025-11-01,11,180.1,9.4,2,6,88.3,24.7,2,1.18
P-001461,2025-12-01,12,177.7,11.3,4,5,85.6,28.5,2,1.44
P-001462,2025-01-01,1,175.0,8.1,3,4,88.8,24.2,2,1.8
P-001462,2025-02-01,2,177.7,7.3,3,5,89.1,26.1,2,2.08
P-001462,2025-03-01,3,221.0,36.3,7,11,44.1,78.1,3,4.36
P-001462,2025-04-01,4,217.5,40.5,5,7,42.9,71.3,3,3.75
P-001462,2025-05-01,5,230.8,31.4,8,10,45.6,79.5,3,4.06
P-001462,2025-06-01,6,223.5,47.2,5,8,40.8,76.9,4,3.59
P-001462,2025-07-01,7,224.7,28.8,8,10,46.3,76.9,4,4.37
P-001462,2025-08-01,8,220.5,41.7,4,7,42.5,73.4,4,4.58
P-001462,2025-09-01,9,224.6,36.4,11,7,44.1,80.9,3,3.35
P-001462,2025-10-01,10,181.4,11.5,1,6,87.4,26.0,2,1.79
P-001462,2025-11-01,11,184.0,15.2,4,4,85.9,31.1,2,1.27
P-001462,2025-12-01,12,171.6,7.0,2,5,89.2,21.7,2,1.9
P-001463,2025-01-01,1,170.3,7.8,1,5,97.7,18.0,2,1.78
P-001463,2025-02-01,2,168.8,7.7,1,4,90.0,18.0,2,1.71
P-001463,2025-03-01,3,168.6,6.5,4,6,89.0,23.8,2,1.66
P-001463,2025-04-01,4,174.5,4.1,3,5,90.8,20.9,2,1.11
P-001463,2025-05-01,5,167.0,6.6,4,5,88.6,23.3,2,1.89
P-001463,2025-06-01,6,171.5,2.0,1,4,92.5,15.1,2,1.28
P-001463,2025-07-01,7,168.1,2.9,4,4,93.9,20.9,2,2.03
P-001463,2025-08-01,8,167.4,2.4,2,6,93.4,17.2,2,1.54
P-001463,2025-09-01,9,167.7,8.6,4,4,89.3,21.9,2,1.18
P-001463,2025-10-01,10,172.2,7.5,3,4,93.6,22.1,2,1.86
P-001463,2025-11-01,11,181.5,8.6,3,4,93.1,25.5,2,1.68
P-001463,2025-12-01,12,167.9,11.1,1,4,93.2,17.5,2,1.31
P-001464,2025-01-01,1,173.1,10.1,3,5,87.9,25.5,2,1.93
P-001464,2025-02-01,2,173.6,4.9,3,5,90.0,22.9,2,1.86
P-001464,2025-03-01,3,222.2,36.9,6,11,43.9,77.3,3,4.4
P-001464,2025-04-01,4,225.3,35.6,11,10,44.3,83.6,3,3.69
P-001464,2025-05-01,5,223.1,44.6,8,10,41.6,83.5,3,4.25
P-001464,2025-06-01,6,227.2,40.4,8,11,42.9,81.7,3,3.51
P-001464,2025-07-01,7,225.9,44.6,5,9,41.6,78.4,4,4.08
P-001464,2025-08-01,8,219.2,41.7,4,7,42.5,71.1,4,3.84
P-001464,2025-09-01,9,228.8,40.1,10,10,43.0,87.0,3,4.36
P-001464,2025-10-01,10,165.5,4.2,2,4,90.3,17.6,2,1.92
P-001464,2025-11-01,11,169.2,6.0,2,6,89.6,20.5,2,1.69
P-001464,2025-12-01,12,169.1,12.4,2,5,87.0,22.5,2,1.54
P-001465,2025-01-01,1,178.6,2.5,0,5,91.0,16.5,2,1.06
P-001465,2025-02-01,2,186.9,5.1,2,4,90.0,24.4,2,1.5
P-001465,2025-03-01,3,173.2,4.0,4,6,90.4,24.8,2,1.92
P-001465,2025-04-01,4,186.0,7.3,2,3,89.1,24.5,2,1.47
P-001465,2025-05-01,5,181.4,9.7,1,4,88.1,22.5,2,1.24
P-001465,2025-06-01,6,214.6,31.3,3,8,60.6,57.8,4,2.68
P-001465,2025-07-01,7,208.6,29.0,7,7,61.3,62.3,4,3.35
P-001465,2025-08-01,8,176.1,12.7,2,3,86.9,23.4,2,1.37
P-001465,2025-09-01,9,182.3,8.1,1,4,88.8,22.8,2,1.57
P-001465,2025-10-01,10,175.4,4.8,4,4,90.1,25.1,2,2.09
P-001465,2025-11-01,11,175.0,12.2,4,4,87.1,27.0,2,1.45
P-001465,2025-12-01,12,183.9,5.8,1,4,89.7,21.8,2,1.43
P-001466,2025-01-01,1,181.9,7.1,0,5,85.6,20.4,2,1.01
P-001466,2025-02-01,2,179.2,5.9,1,4,91.7,19.2,2,1.14
P-001466,2025-03-01,3,179.2,10.6,2,5,88.5,24.6,2,1.35
P-001466,2025-04-01,4,176.0,1.0,2,4,92.2,19.2,2,1.81
P-001466,2025-05-01,5,176.8,4.7,2,5,94.2,21.3,2,1.79
P-001466,2025-06-01,6,171.9,8.8,3,6,89.4,22.6,2,1.0
P-001466,2025-07-01,7,182.7,10.0,1,6,88.7,25.8,2,1.86
P-001466,2025-08-01,8,177.0,4.9,2,4,96.9,20.0,2,1.67
P-001466,2025-09-01,9,186.8,1.5,3,4,94.2,22.5,2,1.0
P-001466,2025-10-01,10,183.7,1.9,1,4,92.7,18.7,2,1.04
P-001466,2025-11-01,11,181.0,2.7,1,5,91.5,20.0,2,1.49
P-001466,2025-12-01,12,183.2,1.1,0,5,92.6,19.1,2,1.82
P-001467,2025-01-01,1,172.9,3.3,2,4,90.7,18.8,2,1.57
P-001467,2025-02-01,2,174.5,11.6,0,4,87.4,20.0,2,1.54
P-001467,2025-03-01,3,175.1,7.5,2,4,89.0,21.2,2,1.39
P-001467,2025-04-01,4,173.7,7.2,3,3,89.1,22.9,2,1.93
P-001467,2025-05-01,5,171.4,2.5,4,4,91.0,21.6,2,1.73
P-001467,2025-06-01,6,206.6,26.0,3,7,62.2,52.3,4,2.85
P-001467,2025-07-01,7,221.9,29.0,8,5,61.3,66.3,4,2.96
P-001467,2025-08-01,8,175.6,3.6,2,5,90.6,20.9,2,1.7
P-001467,2025-09-01,9,174.3,5.5,2,4,89.8,19.1,2,1.06
P-001467,2025-10-01,10,174.2,10.9,2,5,87.6,22.8,2,1.22
P-001467,2025-11-01,11,176.2,6.7,1,4,89.3,20.8,2,1.88
P-001467,2025-12-01,12,173.5,8.1,0,6,88.8,21.0,2,2.22
P-001468,2025-01-01,1,180.9,1.3,3,5,100.6,20.4,2,1.23
P-001468,2025-02-01,2,181.4,5.5,4,5,95.4,25.0,2,1.23
P-001468,2025-03-01,3,177.6,7.1,1,5,90.8,20.6,2,1.41
P-001468,2025-04-01,4,175.9,4.6,0,4,96.1,15.1,3,1.19
P-001468,2025-05-01,5,176.0,6.6,3,4,93.2,23.2,2,1.89
P-001468,2025-06-01,6,175.8,6.8,1,4,92.9,19.8,2,1.83
P-001468,2025-07-01,7,177.5,12.3,1,4,89.4,21.3,2,1.0
P-001468,2025-08-01,8,165.1,3.9,1,4,94.9,13.5,2,1.39
P-001468,2025-09-01,9,181.1,3.6,2,4,96.3,21.5,2,1.86
P-001468,2025-10-01,10,181.9,0.0,4,3,96.9,22.0,2,1.52
P-001468,2025-11-01,11,182.2,4.3,3,4,89.9,24.5,2,1.64
P-001468,2025-12-01,12,182.9,8.4,0,6,94.0,22.0,2,1.65
P-001469,2025-01-01,1,174.8,3.4,1,5,96.6,16.6,1,1.26
P-001469,2025-02-01,2,217.3,28.1,8,8,49.6,70.3,4,3.67
P-001469,2025-03-01,3,223.5,30.9,5,10,48.7,71.6,4,4.25
P-001469,2025-04-01,4,219.7,34.9,7,12,47.5,76.6,4,4.16
P-001469,2025-05-01,5,218.5,41.3,8,6,45.6,77.2,4,4.3
P-001469,2025-06-01,6,118.6,0.0,0,3,120.0,5.0,1,1.0
P-001469,2025-07-01,7,166.9,4.3,0,6,96.3,13.7,1,1.43
P-001469,2025-08-01,8,167.4,5.5,0,3,95.8,12.3,1,1.36
P-001469,2025-09-01,9,164.7,4.4,2,5,96.2,15.0,1,1.17
P-001469,2025-10-01,10,173.1,1.0,2,6,97.6,17.7,1,1.46
P-001469,2025-11-01,11,166.9,5.5,1,4,95.8,14.6,1,1.39
P-001469,2025-12-01,12,168.1,2.1,0,6,97.2,13.6,1,1.66
P-001470,2025-01-01,1,186.3,9.0,3,4,78.4,32.0,3,2.42
P-001470,2025-02-01,2,186.8,11.7,2,6,77.3,32.9,3,2.3
P-001470,2025-03-01,3,185.5,13.9,4,7,76.4,39.4,3,3.07
P-001470,2025-04-01,4,227.2,49.8,7,11,44.9,86.2,5,4.56
P-001470,2025-05-01,5,240.4,44.2,8,14,38.5,92.9,5,4.36
P-001470,2025-06-01,6,234.3,44.4,5,13,47.3,84.3,5,4.66
P-001470,2025-07-01,7,247.3,47.6,8,9,42.8,93.1,5,4.56
P-001470,2025-08-01,8,255.7,51.3,8,9,42.2,97.8,5,4.6
P-001470,2025-09-01,9,242.7,58.9,8,10,36.2,98.0,5,4.61
P-001470,2025-10-01,10,265.5,52.4,10,7,33.3,98.0,5,4.6
P-001470,2025-11-01,11,262.5,50.9,11,7,31.9,98.0,5,4.78
P-001470,2025-12-01,12,256.6,47.6,11,9,32.9,98.0,5,4.26
