personnel_id,leave_id,month_idx,date,leave_start_date,leave_end_date,duration_days,leave_type,days_since_previous_leave
P-000001,LV-V2-0000001,1,2025-01-01,2025-01-05,2025-01-18,13,Annual,97
P-000001,LV-V2-0000002,6,2025-06-01,2025-06-09,2025-06-22,13,Recovery,150
P-000001,LV-V2-0000003,9,2025-09-01,2025-09-09,2025-09-17,8,Medical/Authorized,90
P-000001,LV-V2-0000004,11,2025-11-01,2025-11-07,2025-11-16,9,Medical/Authorized,60
P-000002,LV-V2-0000005,4,2025-04-01,2025-04-10,2025-04-15,5,Casual,148
P-000002,LV-V2-0000006,10,2025-10-01,2025-10-05,2025-10-15,10,Casual,180
P-000002,LV-V2-0000007,12,2025-12-01,2025-12-09,2025-12-16,7,Casual,60
P-000003,LV-V2-0000008,2,2025-02-01,2025-02-10,2025-02-23,13,Annual,84
P-000003,LV-V2-0000009,8,2025-08-01,2025-08-05,2025-08-10,5,Casual,180
P-000003,LV-V2-0000010,11,2025-11-01,2025-11-06,2025-11-17,11,Annual,90
P-000005,LV-V2-0000011,2,2025-02-01,2025-02-09,2025-02-21,12,Casual,96
P-000005,LV-V2-0000012,7,2025-07-01,2025-07-09,2025-07-21,12,Annual,150
P-000005,LV-V2-0000013,9,2025-09-01,2025-09-10,2025-09-22,12,Casual,60
P-000006,LV-V2-0000014,5,2025-05-01,2025-05-09,2025-05-20,11,Casual,171
P-000006,LV-V2-0000015,12,2025-12-01,2025-12-07,2025-12-17,10,Casual,210
P-000007,LV-V2-0000016,9,2025-09-01,2025-09-06,2025-09-09,3,Casual,330
P-000008,LV-V2-0000017,6,2025-06-01,2025-06-07,2025-06-14,7,Medical/Authorized,213
P-000008,LV-V2-0000018,8,2025-08-01,2025-08-05,2025-08-18,13,Medical/Authorized,60
P-000008,LV-V2-0000019,10,2025-10-01,2025-10-10,2025-10-22,12,Casual,60
P-000009,LV-V2-0000020,1,2025-01-01,2025-01-09,2025-01-19,10,Annual,96
P-000009,LV-V2-0000021,3,2025-03-01,2025-03-09,2025-03-22,13,Medical/Authorized,60
P-000009,LV-V2-0000022,8,2025-08-01,2025-08-06,2025-08-15,9,Annual,150
P-000009,LV-V2-0000023,12,2025-12-01,2025-12-08,2025-12-19,11,Casual,120
P-000010,LV-V2-0000024,5,2025-05-01,2025-05-08,2025-05-11,3,Casual,180
P-000011,LV-V2-0000025,5,2025-05-01,2025-05-05,2025-05-10,5,Casual,210
P-000012,LV-V2-0000026,1,2025-01-01,2025-01-08,2025-01-16,8,Annual,84
P-000012,LV-V2-0000027,10,2025-10-01,2025-10-06,2025-10-14,8,Casual,270
P-000012,LV-V2-0000028,12,2025-12-01,2025-12-09,2025-12-21,12,Casual,60
P-000013,LV-V2-0000029,5,2025-05-01,2025-05-06,2025-05-17,11,Annual,206
P-000013,LV-V2-0000030,7,2025-07-01,2025-07-06,2025-07-16,10,Annual,60
P-000013,LV-V2-0000031,10,2025-10-01,2025-10-06,2025-10-17,11,Annual,90
P-000014,LV-V2-0000032,1,2025-01-01,2025-01-06,2025-01-19,13,Annual,70
P-000014,LV-V2-0000033,7,2025-07-01,2025-07-09,2025-07-18,9,Annual,180
P-000014,LV-V2-0000034,9,2025-09-01,2025-09-07,2025-09-17,10,Annual,60
P-000015,LV-V2-0000035,1,2025-01-01,2025-01-10,2025-01-22,12,Casual,71
P-000015,LV-V2-0000036,11,2025-11-01,2025-11-05,2025-11-17,12,Annual,300
P-000016,LV-V2-0000037,3,2025-03-01,2025-03-05,2025-03-08,3,Casual,124
P-000016,LV-V2-0000038,6,2025-06-01,2025-06-09,2025-06-23,14,Recovery,90
P-000016,LV-V2-0000039,10,2025-10-01,2025-10-05,2025-10-13,8,Annual,120
P-000017,LV-V2-0000040,2,2025-02-01,2025-02-06,2025-02-19,13,Annual,84
P-000017,LV-V2-0000041,12,2025-12-01,2025-12-06,2025-12-17,11,Annual,300
P-000018,LV-V2-0000042,1,2025-01-01,2025-01-05,2025-01-15,10,Annual,83
P-000018,LV-V2-0000043,4,2025-04-01,2025-04-08,2025-04-14,6,Casual,90
P-000019,LV-V2-0000044,3,2025-03-01,2025-03-08,2025-03-14,6,Annual,121
P-000019,LV-V2-0000045,10,2025-10-01,2025-10-08,2025-10-15,7,Medical/Authorized,210
P-000020,LV-V2-0000046,6,2025-06-01,2025-06-08,2025-06-13,5,Casual,209
P-000021,LV-V2-0000047,3,2025-03-01,2025-03-08,2025-03-12,4,Casual,156
P-000022,LV-V2-0000048,6,2025-06-01,2025-06-05,2025-06-17,12,Recovery,214
P-000022,LV-V2-0000049,9,2025-09-01,2025-09-09,2025-09-22,13,Annual,90
P-000023,LV-V2-0000050,3,2025-03-01,2025-03-06,2025-03-14,8,Annual,134
P-000023,LV-V2-0000051,5,2025-05-01,2025-05-07,2025-05-17,10,Casual,60
P-000023,LV-V2-0000052,7,2025-07-01,2025-07-06,2025-07-13,7,Annual,60
P-000023,LV-V2-0000053,9,2025-09-01,2025-09-10,2025-09-22,12,Annual,60
P-000023,LV-V2-0000054,11,2025-11-01,2025-11-10,2025-11-21,11,Casual,60
P-000024,LV-V2-0000055,2,2025-02-01,2025-02-05,2025-02-18,13,Annual,89
P-000024,LV-V2-0000056,6,2025-06-01,2025-06-08,2025-06-20,12,Casual,120
P-000024,LV-V2-0000057,9,2025-09-01,2025-09-06,2025-09-18,12,Annual,90
P-000024,LV-V2-0000058,11,2025-11-01,2025-11-10,2025-11-18,8,Annual,60
P-000026,LV-V2-0000059,1,2025-01-01,2025-01-10,2025-01-20,10,Annual,80
P-000026,LV-V2-0000060,3,2025-03-01,2025-03-09,2025-03-17,8,Annual,60
P-000026,LV-V2-0000061,11,2025-11-01,2025-11-06,2025-11-17,11,Annual,240
P-000027,LV-V2-0000062,10,2025-10-01,2025-10-05,2025-10-08,3,Casual,359
P-000028,LV-V2-0000063,1,2025-01-01,2025-01-09,2025-01-20,11,Annual,64
P-000029,LV-V2-0000064,5,2025-05-01,2025-05-06,2025-05-17,11,Annual,173
P-000029,LV-V2-0000065,7,2025-07-01,2025-07-10,2025-07-16,6,Annual,60
P-000029,LV-V2-0000066,9,2025-09-01,2025-09-09,2025-09-16,7,Annual,60
P-000029,LV-V2-0000067,12,2025-12-01,2025-12-05,2025-12-12,7,Annual,90
P-000030,LV-V2-0000068,3,2025-03-01,2025-03-07,2025-03-13,6,Annual,133
P-000030,LV-V2-0000069,9,2025-09-01,2025-09-06,2025-09-12,6,Casual,180
P-000030,LV-V2-0000070,12,2025-12-01,2025-12-07,2025-12-15,8,Annual,90
P-000031,LV-V2-0000071,4,2025-04-01,2025-04-07,2025-04-12,5,Casual,183
P-000031,LV-V2-0000072,9,2025-09-01,2025-09-10,2025-09-13,3,Casual,150
P-000032,LV-V2-0000073,2,2025-02-01,2025-02-08,2025-02-18,10,Annual,82
P-000032,LV-V2-0000074,10,2025-10-01,2025-10-06,2025-10-19,13,Casual,240
P-000033,LV-V2-0000075,1,2025-01-01,2025-01-09,2025-01-18,9,Annual,86
P-000033,LV-V2-0000076,7,2025-07-01,2025-07-09,2025-07-15,6,Casual,180
P-000033,LV-V2-0000077,12,2025-12-01,2025-12-09,2025-12-20,11,Casual,150
P-000034,LV-V2-0000078,1,2025-01-01,2025-01-06,2025-01-18,12,Casual,74
P-000034,LV-V2-0000079,7,2025-07-01,2025-07-08,2025-07-13,5,Casual,180
P-000034,LV-V2-0000080,9,2025-09-01,2025-09-07,2025-09-13,6,Annual,60
P-000034,LV-V2-0000081,12,2025-12-01,2025-12-05,2025-12-15,10,Casual,90
P-000035,LV-V2-0000082,1,2025-01-01,2025-01-05,2025-01-15,10,Annual,78
P-000035,LV-V2-0000083,8,2025-08-01,2025-08-09,2025-08-15,6,Annual,210
P-000036,LV-V2-0000084,1,2025-01-01,2025-01-09,2025-01-21,12,Casual,78
P-000036,LV-V2-0000085,7,2025-07-01,2025-07-09,2025-07-14,5,Casual,180
P-000036,LV-V2-0000086,10,2025-10-01,2025-10-06,2025-10-12,6,Annual,90
P-000037,LV-V2-0000087,1,2025-01-01,2025-01-05,2025-01-16,11,Annual,91
P-000037,LV-V2-0000088,6,2025-06-01,2025-06-05,2025-06-19,14,Recovery,150
P-000037,LV-V2-0000089,10,2025-10-01,2025-10-10,2025-10-17,7,Annual,120
P-000038,LV-V2-0000090,1,2025-01-01,2025-01-05,2025-01-14,9,Annual,97
P-000038,LV-V2-0000091,6,2025-06-01,2025-06-08,2025-06-22,14,Recovery,150
P-000038,LV-V2-0000092,10,2025-10-01,2025-10-07,2025-10-16,9,Annual,120
P-000039,LV-V2-0000093,6,2025-06-01,2025-06-07,2025-06-11,4,Casual,237
P-000040,LV-V2-0000094,2,2025-02-01,2025-02-05,2025-02-11,6,Annual,87
P-000040,LV-V2-0000095,4,2025-04-01,2025-04-06,2025-04-14,8,Casual,60
P-000040,LV-V2-0000096,7,2025-07-01,2025-07-05,2025-07-18,13,Annual,90
P-000040,LV-V2-0000097,9,2025-09-01,2025-09-06,2025-09-17,11,Annual,60
P-000040,LV-V2-0000098,12,2025-12-01,2025-12-06,2025-12-19,13,Annual,90
P-000041,LV-V2-0000099,1,2025-01-01,2025-01-08,2025-01-20,12,Casual,85
P-000041,LV-V2-0000100,6,2025-06-01,2025-06-06,2025-06-18,12,Annual,150
P-000041,LV-V2-0000101,9,2025-09-01,2025-09-07,2025-09-17,10,Casual,90
P-000042,LV-V2-0000102,1,2025-01-01,2025-01-05,2025-01-16,11,Casual,67
P-000042,LV-V2-0000103,6,2025-06-01,2025-06-05,2025-06-18,13,Recovery,150
P-000042,LV-V2-0000104,8,2025-08-01,2025-08-05,2025-08-12,7,Annual,60
P-000042,LV-V2-0000105,11,2025-11-01,2025-11-09,2025-11-19,10,Medical/Authorized,90
P-000043,LV-V2-0000106,6,2025-06-01,2025-06-05,2025-06-17,12,Recovery,226
P-000043,LV-V2-0000107,8,2025-08-01,2025-08-10,2025-08-16,6,Annual,60
P-000043,LV-V2-0000108,11,2025-11-01,2025-11-10,2025-11-17,7,Annual,90
P-000044,LV-V2-0000109,10,2025-10-01,2025-10-08,2025-10-17,9,Casual,323
P-000044,LV-V2-0000110,12,2025-12-01,2025-12-05,2025-12-17,12,Annual,60
P-000045,LV-V2-0000111,2,2025-02-01,2025-02-10,2025-02-17,7,Annual,87
P-000045,LV-V2-0000112,6,2025-06-01,2025-06-05,2025-06-16,11,Annual,120
P-000045,LV-V2-0000113,8,2025-08-01,2025-08-05,2025-08-14,9,Annual,60
P-000046,LV-V2-0000114,1,2025-01-01,2025-01-09,2025-01-21,12,Annual,67
P-000046,LV-V2-0000115,3,2025-03-01,2025-03-09,2025-03-16,7,Casual,60
P-000046,LV-V2-0000116,6,2025-06-01,2025-06-05,2025-06-16,11,Annual,90
P-000046,LV-V2-0000117,10,2025-10-01,2025-10-09,2025-10-15,6,Medical/Authorized,120
P-000047,LV-V2-0000118,1,2025-01-01,2025-01-07,2025-01-19,12,Annual,68
P-000047,LV-V2-0000119,6,2025-06-01,2025-06-07,2025-06-16,9,Casual,150
P-000047,LV-V2-0000120,11,2025-11-01,2025-11-08,2025-11-19,11,Annual,150
P-000048,LV-V2-0000121,2,2025-02-01,2025-02-07,2025-02-20,13,Annual,85
P-000048,LV-V2-0000122,8,2025-08-01,2025-08-06,2025-08-12,6,Casual,180
P-000048,LV-V2-0000123,11,2025-11-01,2025-11-08,2025-11-16,8,Annual,90
P-000049,LV-V2-0000124,9,2025-09-01,2025-09-06,2025-09-11,5,Casual,308
P-000050,LV-V2-0000125,1,2025-01-01,2025-01-07,2025-01-15,8,Casual,74
P-000050,LV-V2-0000126,5,2025-05-01,2025-05-10,2025-05-19,9,Annual,120
P-000050,LV-V2-0000127,7,2025-07-01,2025-07-09,2025-07-18,9,Casual,60
P-000051,LV-V2-0000128,2,2025-02-01,2025-02-09,2025-02-15,6,Casual,117
P-000051,LV-V2-0000129,12,2025-12-01,2025-12-09,2025-12-20,11,Annual,300
P-000052,LV-V2-0000130,1,2025-01-01,2025-01-08,2025-01-20,12,Annual,93
P-000052,LV-V2-0000131,7,2025-07-01,2025-07-08,2025-07-14,6,Annual,180
P-000052,LV-V2-0000132,9,2025-09-01,2025-09-07,2025-09-14,7,Casual,60
P-000052,LV-V2-0000133,11,2025-11-01,2025-11-07,2025-11-15,8,Annual,60
P-000053,LV-V2-0000134,3,2025-03-01,2025-03-09,2025-03-22,13,Annual,114
P-000054,LV-V2-0000135,1,2025-01-01,2025-01-06,2025-01-13,7,Annual,90
P-000054,LV-V2-0000136,3,2025-03-01,2025-03-08,2025-03-15,7,Annual,60
P-000054,LV-V2-0000137,7,2025-07-01,2025-07-07,2025-07-13,6,Annual,120
P-000054,LV-V2-0000138,12,2025-12-01,2025-12-10,2025-12-18,8,Annual,150
P-000055,LV-V2-0000139,1,2025-01-01,2025-01-07,2025-01-18,11,Casual,98
P-000055,LV-V2-0000140,5,2025-05-01,2025-05-05,2025-05-15,10,Annual,120
P-000055,LV-V2-0000141,10,2025-10-01,2025-10-07,2025-10-20,13,Annual,150
P-000056,LV-V2-0000142,2,2025-02-01,2025-02-09,2025-02-15,6,Medical/Authorized,120
P-000056,LV-V2-0000143,5,2025-05-01,2025-05-06,2025-05-19,13,Annual,90
P-000056,LV-V2-0000144,8,2025-08-01,2025-08-07,2025-08-19,12,Annual,90
P-000056,LV-V2-0000145,10,2025-10-01,2025-10-05,2025-10-17,12,Annual,60
P-000057,LV-V2-0000146,1,2025-01-01,2025-01-05,2025-01-11,6,Annual,61
P-000057,LV-V2-0000147,3,2025-03-01,2025-03-07,2025-03-15,8,Annual,60
P-000057,LV-V2-0000148,7,2025-07-01,2025-07-08,2025-07-18,10,Annual,120
P-000057,LV-V2-0000149,10,2025-10-01,2025-10-10,2025-10-20,10,Annual,90
P-000058,LV-V2-0000150,1,2025-01-01,2025-01-08,2025-01-14,6,Annual,93
P-000058,LV-V2-0000151,6,2025-06-01,2025-06-09,2025-06-17,8,Medical/Authorized,150
P-000058,LV-V2-0000152,8,2025-08-01,2025-08-10,2025-08-18,8,Casual,60
P-000059,LV-V2-0000153,1,2025-01-01,2025-01-06,2025-01-16,10,Annual,66
P-000059,LV-V2-0000154,9,2025-09-01,2025-09-05,2025-09-13,8,Annual,240
P-000059,LV-V2-0000155,11,2025-11-01,2025-11-08,2025-11-14,6,Annual,60
P-000060,LV-V2-0000156,6,2025-06-01,2025-06-05,2025-06-18,13,Recovery,225
P-000060,LV-V2-0000157,9,2025-09-01,2025-09-10,2025-09-18,8,Annual,90
P-000060,LV-V2-0000158,11,2025-11-01,2025-11-10,2025-11-20,10,Annual,60
P-000061,LV-V2-0000159,4,2025-04-01,2025-04-08,2025-04-11,3,Casual,155
P-000061,LV-V2-0000160,10,2025-10-01,2025-10-10,2025-10-22,12,Annual,180
P-000061,LV-V2-0000161,12,2025-12-01,2025-12-06,2025-12-18,12,Medical/Authorized,60
P-000062,LV-V2-0000162,1,2025-01-01,2025-01-08,2025-01-14,6,Casual,95
P-000062,LV-V2-0000163,3,2025-03-01,2025-03-05,2025-03-15,10,Annual,60
P-000062,LV-V2-0000164,9,2025-09-01,2025-09-07,2025-09-16,9,Annual,180
P-000062,LV-V2-0000165,12,2025-12-01,2025-12-05,2025-12-17,12,Annual,90
P-000063,LV-V2-0000166,3,2025-03-01,2025-03-05,2025-03-17,12,Casual,132
P-000063,LV-V2-0000167,5,2025-05-01,2025-05-10,2025-05-19,9,Annual,60
P-000063,LV-V2-0000168,7,2025-07-01,2025-07-10,2025-07-20,10,Annual,60
P-000063,LV-V2-0000169,9,2025-09-01,2025-09-06,2025-09-16,10,Casual,60
P-000065,LV-V2-0000170,6,2025-06-01,2025-06-06,2025-06-19,13,Annual,203
P-000065,LV-V2-0000171,9,2025-09-01,2025-09-06,2025-09-16,10,Annual,90
P-000065,LV-V2-0000172,11,2025-11-01,2025-11-08,2025-11-14,6,Annual,60
P-000066,LV-V2-0000173,1,2025-01-01,2025-01-09,2025-01-19,10,Annual,72
P-000066,LV-V2-0000174,8,2025-08-01,2025-08-06,2025-08-17,11,Annual,210
P-000067,LV-V2-0000175,2,2025-02-01,2025-02-05,2025-02-15,10,Casual,110
P-000067,LV-V2-0000176,4,2025-04-01,2025-04-05,2025-04-12,7,Annual,60
P-000067,LV-V2-0000177,6,2025-06-01,2025-06-09,2025-06-16,7,Annual,60
P-000067,LV-V2-0000178,9,2025-09-01,2025-09-10,2025-09-19,9,Casual,90
P-000067,LV-V2-0000179,11,2025-11-01,2025-11-07,2025-11-20,13,Annual,60
P-000068,LV-V2-0000180,2,2025-02-01,2025-02-07,2025-02-15,8,Casual,81
P-000068,LV-V2-0000181,7,2025-07-01,2025-07-06,2025-07-11,5,Casual,150
P-000069,LV-V2-0000182,2,2025-02-01,2025-02-07,2025-02-11,4,Casual,127
P-000069,LV-V2-0000183,6,2025-06-01,2025-06-08,2025-06-23,15,Recovery,120
P-000069,LV-V2-0000184,8,2025-08-01,2025-08-10,2025-08-18,8,Annual,60
P-000069,LV-V2-0000185,11,2025-11-01,2025-11-06,2025-11-16,10,Casual,90
P-000070,LV-V2-0000186,2,2025-02-01,2025-02-06,2025-02-18,12,Medical/Authorized,110
P-000070,LV-V2-0000187,8,2025-08-01,2025-08-07,2025-08-15,8,Casual,180
P-000070,LV-V2-0000188,12,2025-12-01,2025-12-08,2025-12-15,7,Casual,120
P-000071,LV-V2-0000189,10,2025-10-01,2025-10-05,2025-10-10,5,Casual,358
P-000072,LV-V2-0000190,1,2025-01-01,2025-01-06,2025-01-14,8,Annual,90
P-000072,LV-V2-0000191,10,2025-10-01,2025-10-09,2025-10-15,6,Annual,270
P-000072,LV-V2-0000192,12,2025-12-01,2025-12-07,2025-12-16,9,Annual,60
P-000073,LV-V2-0000193,6,2025-06-01,2025-06-06,2025-06-18,12,Annual,214
P-000073,LV-V2-0000194,8,2025-08-01,2025-08-05,2025-08-14,9,Annual,60
P-000073,LV-V2-0000195,10,2025-10-01,2025-10-06,2025-10-18,12,Annual,60
P-000074,LV-V2-0000196,1,2025-01-01,2025-01-09,2025-01-19,10,Annual,65
P-000074,LV-V2-0000197,3,2025-03-01,2025-03-10,2025-03-21,11,Annual,60
P-000074,LV-V2-0000198,9,2025-09-01,2025-09-06,2025-09-18,12,Annual,180
P-000074,LV-V2-0000199,11,2025-11-01,2025-11-08,2025-11-20,12,Annual,60
P-000075,LV-V2-0000200,2,2025-02-01,2025-02-09,2025-02-21,12,Casual,87
P-000075,LV-V2-0000201,6,2025-06-01,2025-06-10,2025-06-19,9,Annual,120
P-000075,LV-V2-0000202,9,2025-09-01,2025-09-09,2025-09-15,6,Casual,90
P-000075,LV-V2-0000203,11,2025-11-01,2025-11-07,2025-11-13,6,Annual,60
P-000077,LV-V2-0000204,1,2025-01-01,2025-01-10,2025-01-21,11,Casual,85
P-000077,LV-V2-0000205,7,2025-07-01,2025-07-10,2025-07-13,3,Casual,180
P-000077,LV-V2-0000206,9,2025-09-01,2025-09-08,2025-09-19,11,Annual,60
P-000078,LV-V2-0000207,7,2025-07-01,2025-07-06,2025-07-15,9,Casual,231
P-000079,LV-V2-0000208,4,2025-04-01,2025-04-05,2025-04-15,10,Annual,144
P-000079,LV-V2-0000209,7,2025-07-01,2025-07-07,2025-07-16,9,Annual,90
P-000080,LV-V2-0000210,6,2025-06-01,2025-06-05,2025-06-18,13,Recovery,230
P-000080,LV-V2-0000211,10,2025-10-01,2025-10-10,2025-10-17,7,Casual,120
P-000081,LV-V2-0000212,4,2025-04-01,2025-04-05,2025-04-11,6,Annual,162
P-000081,LV-V2-0000213,9,2025-09-01,2025-09-09,2025-09-21,12,Annual,150
P-000081,LV-V2-0000214,11,2025-11-01,2025-11-09,2025-11-19,10,Annual,60
P-000082,LV-V2-0000215,4,2025-04-01,2025-04-10,2025-04-16,6,Casual,165
P-000082,LV-V2-0000216,7,2025-07-01,2025-07-10,2025-07-22,12,Casual,90
P-000082,LV-V2-0000217,9,2025-09-01,2025-09-08,2025-09-15,7,Casual,60
P-000082,LV-V2-0000218,11,2025-11-01,2025-11-07,2025-11-14,7,Casual,60
P-000083,LV-V2-0000219,6,2025-06-01,2025-06-06,2025-06-10,4,Casual,217
P-000084,LV-V2-0000220,5,2025-05-01,2025-05-07,2025-05-15,8,Annual,198
P-000084,LV-V2-0000221,7,2025-07-01,2025-07-07,2025-07-18,11,Annual,60
P-000084,LV-V2-0000222,9,2025-09-01,2025-09-10,2025-09-17,7,Annual,60
P-000085,LV-V2-0000223,4,2025-04-01,2025-04-07,2025-04-10,3,Casual,178
P-000085,LV-V2-0000224,7,2025-07-01,2025-07-10,2025-07-21,11,Annual,90
P-000085,LV-V2-0000225,9,2025-09-01,2025-09-05,2025-09-18,13,Casual,60
P-000085,LV-V2-0000226,11,2025-11-01,2025-11-06,2025-11-16,10,Annual,60
P-000086,LV-V2-0000227,6,2025-06-01,2025-06-06,2025-06-22,16,Recovery,208
P-000086,LV-V2-0000228,8,2025-08-01,2025-08-09,2025-08-16,7,Annual,60
P-000086,LV-V2-0000229,10,2025-10-01,2025-10-10,2025-10-16,6,Annual,60
P-000087,LV-V2-0000230,2,2025-02-01,2025-02-10,2025-02-20,10,Annual,98
P-000087,LV-V2-0000231,8,2025-08-01,2025-08-10,2025-08-14,4,Casual,180
P-000088,LV-V2-0000232,3,2025-03-01,2025-03-10,2025-03-21,11,Annual,116
P-000088,LV-V2-0000233,6,2025-06-01,2025-06-06,2025-06-16,10,Medical/Authorized,90
P-000088,LV-V2-0000234,8,2025-08-01,2025-08-09,2025-08-17,8,Annual,60
P-000089,LV-V2-0000235,2,2025-02-01,2025-02-06,2025-02-15,9,Medical/Authorized,98
P-000090,LV-V2-0000236,2,2025-02-01,2025-02-10,2025-02-17,7,Annual,115
P-000090,LV-V2-0000237,11,2025-11-01,2025-11-06,2025-11-17,11,Annual,270
P-000091,LV-V2-0000238,2,2025-02-01,2025-02-05,2025-02-13,8,Annual,103
P-000091,LV-V2-0000239,4,2025-04-01,2025-04-05,2025-04-11,6,Casual,60
P-000091,LV-V2-0000240,7,2025-07-01,2025-07-08,2025-07-18,10,Annual,90
P-000091,LV-V2-0000241,10,2025-10-01,2025-10-05,2025-10-11,6,Casual,90
P-000091,LV-V2-0000242,12,2025-12-01,2025-12-05,2025-12-18,13,Casual,60
P-000092,LV-V2-0000243,6,2025-06-01,2025-06-05,2025-06-22,17,Recovery,245
P-000092,LV-V2-0000244,8,2025-08-01,2025-08-06,2025-08-13,7,Casual,60
P-000092,LV-V2-0000245,10,2025-10-01,2025-10-10,2025-10-20,10,Medical/Authorized,60
P-000093,LV-V2-0000246,6,2025-06-01,2025-06-05,2025-06-19,14,Recovery,224
P-000093,LV-V2-0000247,8,2025-08-01,2025-08-06,2025-08-19,13,Annual,60
P-000093,LV-V2-0000248,11,2025-11-01,2025-11-08,2025-11-21,13,Annual,90
P-000094,LV-V2-0000249,1,2025-01-01,2025-01-09,2025-01-22,13,Annual,81
P-000094,LV-V2-0000250,4,2025-04-01,2025-04-07,2025-04-13,6,Casual,90
P-000094,LV-V2-0000251,8,2025-08-01,2025-08-07,2025-08-20,13,Annual,120
P-000094,LV-V2-0000252,10,2025-10-01,2025-10-09,2025-10-16,7,Casual,60
P-000094,LV-V2-0000253,12,2025-12-01,2025-12-06,2025-12-18,12,Annual,60
P-000095,LV-V2-0000254,3,2025-03-01,2025-03-10,2025-03-18,8,Casual,116
P-000095,LV-V2-0000255,8,2025-08-01,2025-08-08,2025-08-14,6,Casual,150
P-000095,LV-V2-0000256,11,2025-11-01,2025-11-08,2025-11-19,11,Annual,90
P-000096,LV-V2-0000257,2,2025-02-01,2025-02-09,2025-02-22,13,Casual,89
P-000096,LV-V2-0000258,4,2025-04-01,2025-04-05,2025-04-14,9,Casual,60
P-000096,LV-V2-0000259,7,2025-07-01,2025-07-10,2025-07-18,8,Casual,90
P-000096,LV-V2-0000260,12,2025-12-01,2025-12-06,2025-12-15,9,Casual,150
P-000097,LV-V2-0000261,4,2025-04-01,2025-04-10,2025-04-17,7,Annual,169
P-000097,LV-V2-0000262,9,2025-09-01,2025-09-10,2025-09-19,9,Annual,150
P-000097,LV-V2-0000263,12,2025-12-01,2025-12-06,2025-12-19,13,Casual,90
P-000098,LV-V2-0000264,4,2025-04-01,2025-04-06,2025-04-14,8,Annual,151
P-000098,LV-V2-0000265,10,2025-10-01,2025-10-09,2025-10-15,6,Annual,180
P-000099,LV-V2-0000266,6,2025-06-01,2025-06-08,2025-06-23,15,Recovery,201
P-000100,LV-V2-0000267,8,2025-08-01,2025-08-10,2025-08-16,6,Casual,294
P-000100,LV-V2-0000268,10,2025-10-01,2025-10-09,2025-10-21,12,Medical/Authorized,60
P-000101,LV-V2-0000269,1,2025-01-01,2025-01-08,2025-01-17,9,Annual,79
P-000101,LV-V2-0000270,3,2025-03-01,2025-03-06,2025-03-15,9,Annual,60
P-000101,LV-V2-0000271,9,2025-09-01,2025-09-09,2025-09-19,10,Medical/Authorized,180
P-000101,LV-V2-0000272,11,2025-11-01,2025-11-09,2025-11-19,10,Annual,60
P-000102,LV-V2-0000273,3,2025-03-01,2025-03-09,2025-03-19,10,Casual,141
P-000102,LV-V2-0000274,8,2025-08-01,2025-08-07,2025-08-13,6,Casual,150
P-000102,LV-V2-0000275,10,2025-10-01,2025-10-08,2025-10-18,10,Annual,60
P-000102,LV-V2-0000276,12,2025-12-01,2025-12-05,2025-12-12,7,Annual,60
P-000103,LV-V2-0000277,2,2025-02-01,2025-02-05,2025-02-13,8,Annual,121
P-000103,LV-V2-0000278,7,2025-07-01,2025-07-09,2025-07-17,8,Annual,150
P-000103,LV-V2-0000279,9,2025-09-01,2025-09-07,2025-09-18,11,Annual,60
P-000103,LV-V2-0000280,12,2025-12-01,2025-12-07,2025-12-15,8,Casual,90
P-000104,LV-V2-0000281,4,2025-04-01,2025-04-05,2025-04-13,8,Annual,188
P-000105,LV-V2-0000282,1,2025-01-01,2025-01-06,2025-01-18,12,Annual,83
P-000105,LV-V2-0000283,9,2025-09-01,2025-09-10,2025-09-23,13,Annual,240
P-000105,LV-V2-0000284,11,2025-11-01,2025-11-08,2025-11-18,10,Casual,60
P-000106,LV-V2-0000285,1,2025-01-01,2025-01-10,2025-01-23,13,Casual,76
P-000106,LV-V2-0000286,3,2025-03-01,2025-03-06,2025-03-16,10,Medical/Authorized,60
P-000106,LV-V2-0000287,11,2025-11-01,2025-11-07,2025-11-15,8,Medical/Authorized,240
P-000107,LV-V2-0000288,2,2025-02-01,2025-02-05,2025-02-18,13,Medical/Authorized,98
P-000107,LV-V2-0000289,7,2025-07-01,2025-07-08,2025-07-16,8,Casual,150
P-000107,LV-V2-0000290,10,2025-10-01,2025-10-09,2025-10-15,6,Medical/Authorized,90
P-000107,LV-V2-0000291,12,2025-12-01,2025-12-05,2025-12-11,6,Annual,60
P-000108,LV-V2-0000292,6,2025-06-01,2025-06-09,2025-06-20,11,Casual,238
P-000108,LV-V2-0000293,9,2025-09-01,2025-09-05,2025-09-18,13,Annual,90
P-000108,LV-V2-0000294,11,2025-11-01,2025-11-08,2025-11-18,10,Annual,60
P-000109,LV-V2-0000295,4,2025-04-01,2025-04-05,2025-04-09,4,Casual,183
P-000109,LV-V2-0000296,12,2025-12-01,2025-12-06,2025-12-11,5,Casual,240
P-000110,LV-V2-0000297,2,2025-02-01,2025-02-10,2025-02-23,13,Medical/Authorized,126
P-000110,LV-V2-0000298,12,2025-12-01,2025-12-08,2025-12-19,11,Medical/Authorized,300
P-000111,LV-V2-0000299,1,2025-01-01,2025-01-08,2025-01-16,8,Annual,82
P-000111,LV-V2-0000300,9,2025-09-01,2025-09-07,2025-09-19,12,Annual,240
P-000111,LV-V2-0000301,11,2025-11-01,2025-11-06,2025-11-18,12,Annual,60
P-000112,LV-V2-0000302,1,2025-01-01,2025-01-05,2025-01-13,8,Annual,82
P-000112,LV-V2-0000303,9,2025-09-01,2025-09-09,2025-09-15,6,Casual,240
P-000113,LV-V2-0000304,2,2025-02-01,2025-02-05,2025-02-16,11,Casual,125
P-000113,LV-V2-0000305,10,2025-10-01,2025-10-08,2025-10-16,8,Annual,240
P-000113,LV-V2-0000306,12,2025-12-01,2025-12-08,2025-12-16,8,Annual,60
P-000114,LV-V2-0000307,3,2025-03-01,2025-03-05,2025-03-15,10,Medical/Authorized,134
P-000114,LV-V2-0000308,8,2025-08-01,2025-08-06,2025-08-14,8,Casual,150
P-000114,LV-V2-0000309,10,2025-10-01,2025-10-07,2025-10-15,8,Annual,60
P-000114,LV-V2-0000310,12,2025-12-01,2025-12-09,2025-12-18,9,Casual,60
P-000115,LV-V2-0000311,9,2025-09-01,2025-09-09,2025-09-20,11,Annual,308
P-000115,LV-V2-0000312,11,2025-11-01,2025-11-06,2025-11-17,11,Annual,60
P-000116,LV-V2-0000313,1,2025-01-01,2025-01-08,2025-01-16,8,Annual,60
P-000116,LV-V2-0000314,3,2025-03-01,2025-03-10,2025-03-18,8,Annual,60
P-000116,LV-V2-0000315,6,2025-06-01,2025-06-06,2025-06-16,10,Annual,90
P-000116,LV-V2-0000316,9,2025-09-01,2025-09-09,2025-09-20,11,Casual,90
P-000117,LV-V2-0000317,10,2025-10-01,2025-10-09,2025-10-12,3,Casual,358
P-000118,LV-V2-0000318,1,2025-01-01,2025-01-07,2025-01-18,11,Annual,92
P-000118,LV-V2-0000319,8,2025-08-01,2025-08-05,2025-08-08,3,Casual,210
P-000118,LV-V2-0000320,10,2025-10-01,2025-10-08,2025-10-15,7,Annual,60
P-000118,LV-V2-0000321,12,2025-12-01,2025-12-10,2025-12-18,8,Annual,60
P-000119,LV-V2-0000322,11,2025-11-01,2025-11-10,2025-11-17,7,Annual,365
P-000120,LV-V2-0000323,5,2025-05-01,2025-05-05,2025-05-10,5,Casual,217
P-000120,LV-V2-0000324,11,2025-11-01,2025-11-06,2025-11-10,4,Casual,180
P-000121,LV-V2-0000325,2,2025-02-01,2025-02-08,2025-02-17,9,Annual,86
P-000121,LV-V2-0000326,6,2025-06-01,2025-06-05,2025-06-16,11,Casual,120
P-000121,LV-V2-0000327,8,2025-08-01,2025-08-05,2025-08-12,7,Annual,60
P-000122,LV-V2-0000328,3,2025-03-01,2025-03-10,2025-03-17,7,Casual,111
P-000122,LV-V2-0000329,7,2025-07-01,2025-07-06,2025-07-12,6,Annual,120
P-000122,LV-V2-0000330,9,2025-09-01,2025-09-08,2025-09-21,13,Casual,60
P-000122,LV-V2-0000331,12,2025-12-01,2025-12-09,2025-12-15,6,Annual,90
P-000123,LV-V2-0000332,1,2025-01-01,2025-01-08,2025-01-19,11,Annual,90
P-000123,LV-V2-0000333,3,2025-03-01,2025-03-08,2025-03-20,12,Casual,60
P-000123,LV-V2-0000334,6,2025-06-01,2025-06-07,2025-06-18,11,Annual,90
P-000123,LV-V2-0000335,8,2025-08-01,2025-08-09,2025-08-18,9,Annual,60
P-000124,LV-V2-0000336,1,2025-01-01,2025-01-08,2025-01-14,6,Annual,88
P-000124,LV-V2-0000337,6,2025-06-01,2025-06-05,2025-06-20,15,Recovery,150
P-000124,LV-V2-0000338,8,2025-08-01,2025-08-07,2025-08-18,11,Annual,60
P-000124,LV-V2-0000339,10,2025-10-01,2025-10-09,2025-10-20,11,Casual,60
P-000124,LV-V2-0000340,12,2025-12-01,2025-12-08,2025-12-21,13,Medical/Authorized,60
P-000125,LV-V2-0000341,9,2025-09-01,2025-09-07,2025-09-10,3,Casual,295
P-000126,LV-V2-0000342,1,2025-01-01,2025-01-08,2025-01-19,11,Annual,82
P-000126,LV-V2-0000343,9,2025-09-01,2025-09-10,2025-09-21,11,Annual,240
P-000126,LV-V2-0000344,12,2025-12-01,2025-12-08,2025-12-20,12,Annual,90
P-000127,LV-V2-0000345,2,2025-02-01,2025-02-05,2025-02-18,13,Annual,87
P-000127,LV-V2-0000346,9,2025-09-01,2025-09-05,2025-09-10,5,Casual,210
P-000127,LV-V2-0000347,12,2025-12-01,2025-12-09,2025-12-17,8,Annual,90
P-000128,LV-V2-0000348,4,2025-04-01,2025-04-08,2025-04-17,9,Medical/Authorized,148
P-000128,LV-V2-0000349,11,2025-11-01,2025-11-06,2025-11-17,11,Casual,210
P-000129,LV-V2-0000350,3,2025-03-01,2025-03-08,2025-03-19,11,Medical/Authorized,150
P-000129,LV-V2-0000351,8,2025-08-01,2025-08-09,2025-08-16,7,Annual,150
P-000129,LV-V2-0000352,12,2025-12-01,2025-12-10,2025-12-17,7,Annual,120
P-000130,LV-V2-0000353,2,2025-02-01,2025-02-07,2025-02-15,8,Annual,108
P-000130,LV-V2-0000354,5,2025-05-01,2025-05-10,2025-05-21,11,Annual,90
P-000130,LV-V2-0000355,8,2025-08-01,2025-08-10,2025-08-19,9,Annual,90
P-000130,LV-V2-0000356,10,2025-10-01,2025-10-10,2025-10-18,8,Annual,60
P-000130,LV-V2-0000357,12,2025-12-01,2025-12-05,2025-12-15,10,Annual,60
P-000131,LV-V2-0000358,10,2025-10-01,2025-10-07,2025-10-15,8,Annual,321
P-000131,LV-V2-0000359,12,2025-12-01,2025-12-07,2025-12-13,6,Annual,60
P-000132,LV-V2-0000360,3,2025-03-01,2025-03-09,2025-03-18,9,Annual,136
P-000132,LV-V2-0000361,7,2025-07-01,2025-07-07,2025-07-14,7,Annual,120
P-000132,LV-V2-0000362,9,2025-09-01,2025-09-10,2025-09-19,9,Annual,60
P-000133,LV-V2-0000363,1,2025-01-01,2025-01-06,2025-01-15,9,Annual,71
P-000133,LV-V2-0000364,6,2025-06-01,2025-06-05,2025-06-21,16,Recovery,150
P-000133,LV-V2-0000365,9,2025-09-01,2025-09-06,2025-09-19,13,Annual,90
P-000134,LV-V2-0000366,4,2025-04-01,2025-04-06,2025-04-14,8,Casual,180
P-000134,LV-V2-0000367,7,2025-07-01,2025-07-07,2025-07-20,13,Medical/Authorized,90
P-000134,LV-V2-0000368,9,2025-09-01,2025-09-06,2025-09-18,12,Casual,60
P-000135,LV-V2-0000369,1,2025-01-01,2025-01-08,2025-01-19,11,Annual,87
P-000135,LV-V2-0000370,3,2025-03-01,2025-03-07,2025-03-13,6,Annual,60
P-000135,LV-V2-0000371,12,2025-12-01,2025-12-08,2025-12-14,6,Annual,270
P-000136,LV-V2-0000372,1,2025-01-01,2025-01-07,2025-01-13,6,Casual,71
P-000136,LV-V2-0000373,9,2025-09-01,2025-09-08,2025-09-12,4,Casual,240
P-000137,LV-V2-0000374,7,2025-07-01,2025-07-08,2025-07-14,6,Medical/Authorized,239
P-000138,LV-V2-0000375,1,2025-01-01,2025-01-09,2025-01-16,7,Casual,75
P-000138,LV-V2-0000376,8,2025-08-01,2025-08-09,2025-08-17,8,Annual,210
P-000138,LV-V2-0000377,10,2025-10-01,2025-10-09,2025-10-18,9,Casual,60
P-000138,LV-V2-0000378,12,2025-12-01,2025-12-08,2025-12-20,12,Annual,60
P-000139,LV-V2-0000379,9,2025-09-01,2025-09-09,2025-09-12,3,Casual,314
P-000140,LV-V2-0000380,1,2025-01-01,2025-01-06,2025-01-12,6,Annual,69
P-000140,LV-V2-0000381,3,2025-03-01,2025-03-05,2025-03-15,10,Medical/Authorized,60
P-000140,LV-V2-0000382,5,2025-05-01,2025-05-07,2025-05-15,8,Annual,60
P-000140,LV-V2-0000383,10,2025-10-01,2025-10-05,2025-10-11,6,Casual,150
P-000140,LV-V2-0000384,12,2025-12-01,2025-12-10,2025-12-19,9,Annual,60
P-000141,LV-V2-0000385,2,2025-02-01,2025-02-05,2025-02-16,11,Annual,113
P-000141,LV-V2-0000386,10,2025-10-01,2025-10-07,2025-10-20,13,Annual,240
P-000141,LV-V2-0000387,12,2025-12-01,2025-12-06,2025-12-16,10,Annual,60
P-000143,LV-V2-0000388,3,2025-03-01,2025-03-06,2025-03-09,3,Casual,124
P-000143,LV-V2-0000389,10,2025-10-01,2025-10-08,2025-10-21,13,Annual,210
P-000144,LV-V2-0000390,4,2025-04-01,2025-04-09,2025-04-16,7,Annual,147
P-000144,LV-V2-0000391,7,2025-07-01,2025-07-05,2025-07-12,7,Annual,90
P-000145,LV-V2-0000392,2,2025-02-01,2025-02-09,2025-02-20,11,Annual,80
P-000145,LV-V2-0000393,7,2025-07-01,2025-07-09,2025-07-21,12,Annual,150
P-000145,LV-V2-0000394,10,2025-10-01,2025-10-06,2025-10-14,8,Medical/Authorized,90
P-000145,LV-V2-0000395,12,2025-12-01,2025-12-05,2025-12-12,7,Casual,60
P-000146,LV-V2-0000396,2,2025-02-01,2025-02-09,2025-02-18,9,Annual,101
P-000146,LV-V2-0000397,6,2025-06-01,2025-06-05,2025-06-12,7,Annual,120
P-000146,LV-V2-0000398,11,2025-11-01,2025-11-07,2025-11-19,12,Annual,150
P-000147,LV-V2-0000399,1,2025-01-01,2025-01-09,2025-01-21,12,Medical/Authorized,92
P-000147,LV-V2-0000400,3,2025-03-01,2025-03-10,2025-03-22,12,Casual,60
P-000148,LV-V2-0000401,1,2025-01-01,2025-01-05,2025-01-18,13,Medical/Authorized,74
P-000148,LV-V2-0000402,9,2025-09-01,2025-09-07,2025-09-18,11,Casual,240
P-000148,LV-V2-0000403,12,2025-12-01,2025-12-09,2025-12-19,10,Annual,90
P-000149,LV-V2-0000404,6,2025-06-01,2025-06-09,2025-06-22,13,Recovery,217
P-000149,LV-V2-0000405,8,2025-08-01,2025-08-10,2025-08-18,8,Annual,60
P-000149,LV-V2-0000406,12,2025-12-01,2025-12-05,2025-12-14,9,Annual,120
P-000150,LV-V2-0000407,6,2025-06-01,2025-06-08,2025-06-13,5,Casual,227
P-000150,LV-V2-0000408,12,2025-12-01,2025-12-07,2025-12-10,3,Casual,180
P-000151,LV-V2-0000409,1,2025-01-01,2025-01-10,2025-01-19,9,Casual,94
P-000151,LV-V2-0000410,3,2025-03-01,2025-03-05,2025-03-15,10,Annual,60
P-000151,LV-V2-0000411,6,2025-06-01,2025-06-05,2025-06-18,13,Annual,90
P-000151,LV-V2-0000412,9,2025-09-01,2025-09-05,2025-09-13,8,Casual,90
P-000151,LV-V2-0000413,11,2025-11-01,2025-11-09,2025-11-18,9,Annual,60
P-000152,LV-V2-0000414,2,2025-02-01,2025-02-07,2025-02-13,6,Annual,90
P-000152,LV-V2-0000415,5,2025-05-01,2025-05-08,2025-05-15,7,Annual,90
P-000152,LV-V2-0000416,10,2025-10-01,2025-10-06,2025-10-12,6,Annual,150
P-000153,LV-V2-0000417,5,2025-05-01,2025-05-06,2025-05-10,4,Casual,195
P-000153,LV-V2-0000418,7,2025-07-01,2025-07-07,2025-07-16,9,Annual,60
P-000153,LV-V2-0000419,9,2025-09-01,2025-09-05,2025-09-13,8,Annual,60
P-000153,LV-V2-0000420,12,2025-12-01,2025-12-05,2025-12-17,12,Annual,90
P-000154,LV-V2-0000421,3,2025-03-01,2025-03-09,2025-03-22,13,Annual,115
P-000154,LV-V2-0000422,11,2025-11-01,2025-11-05,2025-11-16,11,Casual,240
P-000155,LV-V2-0000423,6,2025-06-01,2025-06-08,2025-06-13,5,Casual,202
P-000156,LV-V2-0000424,9,2025-09-01,2025-09-09,2025-09-12,3,Casual,327
P-000157,LV-V2-0000425,4,2025-04-01,2025-04-09,2025-04-15,6,Casual,157
P-000157,LV-V2-0000426,6,2025-06-01,2025-06-08,2025-06-21,13,Recovery,60
P-000157,LV-V2-0000427,10,2025-10-01,2025-10-10,2025-10-23,13,Casual,120
P-000157,LV-V2-0000428,12,2025-12-01,2025-12-10,2025-12-23,13,Casual,60
P-000158,LV-V2-0000429,3,2025-03-01,2025-03-06,2025-03-13,7,Casual,135
P-000158,LV-V2-0000430,7,2025-07-01,2025-07-05,2025-07-16,11,Annual,120
P-000158,LV-V2-0000431,11,2025-11-01,2025-11-05,2025-11-16,11,Annual,120
P-000159,LV-V2-0000432,1,2025-01-01,2025-01-08,2025-01-14,6,Casual,73
P-000159,LV-V2-0000433,7,2025-07-01,2025-07-10,2025-07-17,7,Medical/Authorized,180
P-000159,LV-V2-0000434,10,2025-10-01,2025-10-08,2025-10-20,12,Casual,90
P-000159,LV-V2-0000435,12,2025-12-01,2025-12-07,2025-12-13,6,Casual,60
P-000161,LV-V2-0000436,1,2025-01-01,2025-01-06,2025-01-16,10,Casual,98
P-000161,LV-V2-0000437,9,2025-09-01,2025-09-07,2025-09-16,9,Annual,240
P-000161,LV-V2-0000438,11,2025-11-01,2025-11-06,2025-11-14,8,Casual,60
P-000162,LV-V2-0000439,1,2025-01-01,2025-01-07,2025-01-18,11,Annual,86
P-000162,LV-V2-0000440,3,2025-03-01,2025-03-09,2025-03-16,7,Casual,60
P-000162,LV-V2-0000441,5,2025-05-01,2025-05-10,2025-05-18,8,Casual,60
P-000162,LV-V2-0000442,7,2025-07-01,2025-07-06,2025-07-13,7,Annual,60
P-000162,LV-V2-0000443,10,2025-10-01,2025-10-05,2025-10-18,13,Casual,90
P-000163,LV-V2-0000444,5,2025-05-01,2025-05-05,2025-05-10,5,Casual,207
P-000164,LV-V2-0000445,3,2025-03-01,2025-03-10,2025-03-16,6,Annual,146
P-000164,LV-V2-0000446,5,2025-05-01,2025-05-05,2025-05-11,6,Casual,60
P-000164,LV-V2-0000447,8,2025-08-01,2025-08-05,2025-08-11,6,Annual,90
P-000164,LV-V2-0000448,11,2025-11-01,2025-11-09,2025-11-22,13,Annual,90
P-000165,LV-V2-0000449,1,2025-01-01,2025-01-05,2025-01-18,13,Annual,90
P-000165,LV-V2-0000450,4,2025-04-01,2025-04-10,2025-04-20,10,Annual,90
P-000165,LV-V2-0000451,6,2025-06-01,2025-06-08,2025-06-16,8,Casual,60
P-000165,LV-V2-0000452,9,2025-09-01,2025-09-08,2025-09-18,10,Annual,90
P-000166,LV-V2-0000453,2,2025-02-01,2025-02-05,2025-02-13,8,Annual,90
P-000166,LV-V2-0000454,10,2025-10-01,2025-10-08,2025-10-17,9,Casual,240
P-000167,LV-V2-0000455,5,2025-05-01,2025-05-09,2025-05-16,7,Casual,212
P-000167,LV-V2-0000456,7,2025-07-01,2025-07-05,2025-07-11,6,Annual,60
P-000168,LV-V2-0000457,4,2025-04-01,2025-04-05,2025-04-10,5,Casual,171
P-000168,LV-V2-0000458,9,2025-09-01,2025-09-05,2025-09-15,10,Casual,150
P-000168,LV-V2-0000459,11,2025-11-01,2025-11-10,2025-11-21,11,Casual,60
P-000169,LV-V2-0000460,4,2025-04-01,2025-04-06,2025-04-19,13,Annual,149
P-000169,LV-V2-0000461,6,2025-06-01,2025-06-05,2025-06-13,8,Medical/Authorized,60
P-000169,LV-V2-0000462,8,2025-08-01,2025-08-05,2025-08-17,12,Annual,60
P-000169,LV-V2-0000463,10,2025-10-01,2025-10-06,2025-10-14,8,Annual,60
P-000170,LV-V2-0000464,5,2025-05-01,2025-05-05,2025-05-10,5,Casual,215
P-000171,LV-V2-0000465,1,2025-01-01,2025-01-08,2025-01-15,7,Medical/Authorized,76
P-000172,LV-V2-0000466,4,2025-04-01,2025-04-06,2025-04-09,3,Casual,156
P-000172,LV-V2-0000467,10,2025-10-01,2025-10-09,2025-10-19,10,Medical/Authorized,180
P-000173,LV-V2-0000468,2,2025-02-01,2025-02-10,2025-02-22,12,Medical/Authorized,83
P-000173,LV-V2-0000469,4,2025-04-01,2025-04-07,2025-04-15,8,Casual,60
P-000173,LV-V2-0000470,6,2025-06-01,2025-06-06,2025-06-14,8,Annual,60
P-000174,LV-V2-0000471,1,2025-01-01,2025-01-10,2025-01-22,12,Casual,80
P-000174,LV-V2-0000472,6,2025-06-01,2025-06-10,2025-06-19,9,Casual,150
P-000174,LV-V2-0000473,10,2025-10-01,2025-10-06,2025-10-17,11,Annual,120
P-000175,LV-V2-0000474,1,2025-01-01,2025-01-10,2025-01-17,7,Casual,79
P-000175,LV-V2-0000475,6,2025-06-01,2025-06-09,2025-06-21,12,Casual,150
P-000175,LV-V2-0000476,11,2025-11-01,2025-11-05,2025-11-17,12,Annual,150
P-000176,LV-V2-0000477,2,2025-02-01,2025-02-05,2025-02-13,8,Annual,119
P-000176,LV-V2-0000478,11,2025-11-01,2025-11-05,2025-11-18,13,Annual,270
P-000177,LV-V2-0000479,6,2025-06-01,2025-06-10,2025-06-26,16,Recovery,237
P-000177,LV-V2-0000480,9,2025-09-01,2025-09-05,2025-09-12,7,Annual,90
P-000177,LV-V2-0000481,11,2025-11-01,2025-11-06,2025-11-17,11,Annual,60
P-000178,LV-V2-0000482,1,2025-01-01,2025-01-06,2025-01-15,9,Annual,66
P-000178,LV-V2-0000483,8,2025-08-01,2025-08-09,2025-08-15,6,Casual,210
P-000178,LV-V2-0000484,11,2025-11-01,2025-11-06,2025-11-15,9,Medical/Authorized,90
P-000179,LV-V2-0000485,1,2025-01-01,2025-01-10,2025-01-19,9,Annual,72
P-000179,LV-V2-0000486,3,2025-03-01,2025-03-07,2025-03-19,12,Annual,60
P-000179,LV-V2-0000487,11,2025-11-01,2025-11-09,2025-11-19,10,Annual,240
P-000180,LV-V2-0000488,1,2025-01-01,2025-01-10,2025-01-19,9,Casual,78
P-000180,LV-V2-0000489,8,2025-08-01,2025-08-10,2025-08-17,7,Annual,210
P-000181,LV-V2-0000490,3,2025-03-01,2025-03-10,2025-03-20,10,Casual,128
P-000181,LV-V2-0000491,7,2025-07-01,2025-07-05,2025-07-17,12,Annual,120
P-000181,LV-V2-0000492,10,2025-10-01,2025-10-05,2025-10-17,12,Annual,90
P-000182,LV-V2-0000493,3,2025-03-01,2025-03-07,2025-03-18,11,Annual,111
P-000182,LV-V2-0000494,7,2025-07-01,2025-07-05,2025-07-14,9,Medical/Authorized,120
P-000182,LV-V2-0000495,10,2025-10-01,2025-10-10,2025-10-20,10,Medical/Authorized,90
P-000183,LV-V2-0000496,2,2025-02-01,2025-02-08,2025-02-18,10,Annual,100
P-000184,LV-V2-0000497,4,2025-04-01,2025-04-09,2025-04-12,3,Casual,168
P-000184,LV-V2-0000498,10,2025-10-01,2025-10-09,2025-10-19,10,Annual,180
P-000185,LV-V2-0000499,6,2025-06-01,2025-06-07,2025-06-22,15,Recovery,201
P-000185,LV-V2-0000500,8,2025-08-01,2025-08-05,2025-08-11,6,Annual,60
P-000185,LV-V2-0000501,10,2025-10-01,2025-10-10,2025-10-19,9,Casual,60
P-000186,LV-V2-0000502,1,2025-01-01,2025-01-06,2025-01-18,12,Annual,93
P-000186,LV-V2-0000503,3,2025-03-01,2025-03-07,2025-03-17,10,Annual,60
P-000186,LV-V2-0000504,5,2025-05-01,2025-05-10,2025-05-16,6,Annual,60
P-000186,LV-V2-0000505,11,2025-11-01,2025-11-09,2025-11-22,13,Annual,180
P-000187,LV-V2-0000506,4,2025-04-01,2025-04-05,2025-04-16,11,Annual,183
P-000187,LV-V2-0000507,11,2025-11-01,2025-11-09,2025-11-22,13,Annual,210
P-000188,LV-V2-0000508,1,2025-01-01,2025-01-05,2025-01-13,8,Annual,63
P-000188,LV-V2-0000509,6,2025-06-01,2025-06-07,2025-06-10,3,Casual,150
P-000188,LV-V2-0000510,9,2025-09-01,2025-09-07,2025-09-17,10,Casual,90
P-000189,LV-V2-0000511,4,2025-04-01,2025-04-05,2025-04-10,5,Casual,140
P-000190,LV-V2-0000512,1,2025-01-01,2025-01-10,2025-01-18,8,Casual,70
P-000190,LV-V2-0000513,3,2025-03-01,2025-03-05,2025-03-11,6,Annual,60
P-000190,LV-V2-0000514,6,2025-06-01,2025-06-05,2025-06-17,12,Medical/Authorized,90
P-000190,LV-V2-0000515,8,2025-08-01,2025-08-05,2025-08-17,12,Casual,60
P-000191,LV-V2-0000516,8,2025-08-01,2025-08-10,2025-08-13,3,Casual,300
P-000192,LV-V2-0000517,5,2025-05-01,2025-05-05,2025-05-18,13,Annual,208
P-000192,LV-V2-0000518,7,2025-07-01,2025-07-05,2025-07-14,9,Annual,60
P-000192,LV-V2-0000519,10,2025-10-01,2025-10-08,2025-10-17,9,Annual,90
P-000192,LV-V2-0000520,12,2025-12-01,2025-12-05,2025-12-11,6,Annual,60
P-000193,LV-V2-0000521,2,2025-02-01,2025-02-10,2025-02-18,8,Annual,86
P-000194,LV-V2-0000522,1,2025-01-01,2025-01-05,2025-01-17,12,Annual,80
P-000194,LV-V2-0000523,4,2025-04-01,2025-04-10,2025-04-20,10,Annual,90
P-000194,LV-V2-0000524,8,2025-08-01,2025-08-05,2025-08-16,11,Annual,120
P-000194,LV-V2-0000525,11,2025-11-01,2025-11-07,2025-11-20,13,Annual,90
P-000195,LV-V2-0000526,5,2025-05-01,2025-05-06,2025-05-12,6,Annual,177
P-000195,LV-V2-0000527,8,2025-08-01,2025-08-05,2025-08-13,8,Annual,90
P-000195,LV-V2-0000528,10,2025-10-01,2025-10-10,2025-10-19,9,Annual,60
P-000196,LV-V2-0000529,1,2025-01-01,2025-01-07,2025-01-18,11,Annual,84
P-000196,LV-V2-0000530,9,2025-09-01,2025-09-07,2025-09-19,12,Annual,240
P-000196,LV-V2-0000531,11,2025-11-01,2025-11-05,2025-11-18,13,Casual,60
P-000197,LV-V2-0000532,4,2025-04-01,2025-04-09,2025-04-14,5,Casual,154
P-000197,LV-V2-0000533,10,2025-10-01,2025-10-09,2025-10-14,5,Casual,180
P-000198,LV-V2-0000534,2,2025-02-01,2025-02-05,2025-02-11,6,Annual,117
P-000198,LV-V2-0000535,8,2025-08-01,2025-08-06,2025-08-12,6,Medical/Authorized,180
P-000198,LV-V2-0000536,10,2025-10-01,2025-10-06,2025-10-13,7,Annual,60
P-000198,LV-V2-0000537,12,2025-12-01,2025-12-10,2025-12-22,12,Casual,60
P-000199,LV-V2-0000538,1,2025-01-01,2025-01-10,2025-01-18,8,Casual,72
P-000199,LV-V2-0000539,8,2025-08-01,2025-08-10,2025-08-22,12,Annual,210
P-000199,LV-V2-0000540,10,2025-10-01,2025-10-08,2025-10-19,11,Annual,60
P-000200,LV-V2-0000541,5,2025-05-01,2025-05-07,2025-05-12,5,Casual,191
P-000200,LV-V2-0000542,11,2025-11-01,2025-11-07,2025-11-11,4,Casual,180
P-000201,LV-V2-0000543,2,2025-02-01,2025-02-09,2025-02-17,8,Casual,115
P-000201,LV-V2-0000544,5,2025-05-01,2025-05-10,2025-05-22,12,Annual,90
P-000201,LV-V2-0000545,7,2025-07-01,2025-07-10,2025-07-16,6,Annual,60
P-000201,LV-V2-0000546,10,2025-10-01,2025-10-10,2025-10-21,11,Annual,90
P-000202,LV-V2-0000547,1,2025-01-01,2025-01-05,2025-01-15,10,Annual,70
P-000202,LV-V2-0000548,4,2025-04-01,2025-04-06,2025-04-13,7,Casual,90
P-000202,LV-V2-0000549,7,2025-07-01,2025-07-09,2025-07-22,13,Casual,90
P-000202,LV-V2-0000550,10,2025-10-01,2025-10-07,2025-10-14,7,Casual,90
P-000203,LV-V2-0000551,4,2025-04-01,2025-04-05,2025-04-18,13,Annual,143
P-000203,LV-V2-0000552,6,2025-06-01,2025-06-07,2025-06-13,6,Casual,60
P-000203,LV-V2-0000553,8,2025-08-01,2025-08-08,2025-08-16,8,Casual,60
P-000203,LV-V2-0000554,10,2025-10-01,2025-10-08,2025-10-17,9,Annual,60
P-000203,LV-V2-0000555,12,2025-12-01,2025-12-10,2025-12-23,13,Annual,60
P-000204,LV-V2-0000556,1,2025-01-01,2025-01-07,2025-01-19,12,Annual,60
P-000204,LV-V2-0000557,3,2025-03-01,2025-03-07,2025-03-19,12,Annual,60
P-000204,LV-V2-0000558,6,2025-06-01,2025-06-09,2025-06-19,10,Annual,90
P-000205,LV-V2-0000559,1,2025-01-01,2025-01-10,2025-01-23,13,Annual,60
P-000205,LV-V2-0000560,5,2025-05-01,2025-05-07,2025-05-17,10,Casual,120
P-000205,LV-V2-0000561,7,2025-07-01,2025-07-05,2025-07-14,9,Annual,60
P-000205,LV-V2-0000562,11,2025-11-01,2025-11-06,2025-11-13,7,Annual,120
P-000206,LV-V2-0000563,1,2025-01-01,2025-01-10,2025-01-22,12,Medical/Authorized,64
P-000206,LV-V2-0000564,11,2025-11-01,2025-11-07,2025-11-15,8,Annual,300
P-000207,LV-V2-0000565,1,2025-01-01,2025-01-06,2025-01-17,11,Annual,93
P-000207,LV-V2-0000566,3,2025-03-01,2025-03-08,2025-03-18,10,Annual,60
P-000207,LV-V2-0000567,7,2025-07-01,2025-07-07,2025-07-13,6,Annual,120
P-000207,LV-V2-0000568,10,2025-10-01,2025-10-09,2025-10-17,8,Casual,90
P-000208,LV-V2-0000569,2,2025-02-01,2025-02-06,2025-02-17,11,Casual,86
P-000208,LV-V2-0000570,8,2025-08-01,2025-08-09,2025-08-12,3,Casual,180
P-000208,LV-V2-0000571,11,2025-11-01,2025-11-06,2025-11-13,7,Annual,90
P-000209,LV-V2-0000572,3,2025-03-01,2025-03-07,2025-03-14,7,Annual,140
P-000209,LV-V2-0000573,5,2025-05-01,2025-05-06,2025-05-17,11,Casual,60
P-000209,LV-V2-0000574,7,2025-07-01,2025-07-10,2025-07-16,6,Casual,60
P-000209,LV-V2-0000575,9,2025-09-01,2025-09-06,2025-09-15,9,Casual,60
P-000210,LV-V2-0000576,4,2025-04-01,2025-04-08,2025-04-17,9,Annual,163
P-000210,LV-V2-0000577,7,2025-07-01,2025-07-07,2025-07-15,8,Casual,90
P-000210,LV-V2-0000578,10,2025-10-01,2025-10-07,2025-10-19,12,Annual,90
P-000211,LV-V2-0000579,4,2025-04-01,2025-04-09,2025-04-17,8,Annual,162
P-000211,LV-V2-0000580,12,2025-12-01,2025-12-07,2025-12-18,11,Annual,240
P-000212,LV-V2-0000581,1,2025-01-01,2025-01-06,2025-01-12,6,Annual,93
P-000212,LV-V2-0000582,6,2025-06-01,2025-06-07,2025-06-15,8,Casual,150
P-000212,LV-V2-0000583,10,2025-10-01,2025-10-09,2025-10-16,7,Annual,120
P-000213,LV-V2-0000584,4,2025-04-01,2025-04-05,2025-04-09,4,Casual,157
P-000213,LV-V2-0000585,11,2025-11-01,2025-11-08,2025-11-17,9,Annual,210
P-000214,LV-V2-0000586,1,2025-01-01,2025-01-06,2025-01-19,13,Annual,83
P-000214,LV-V2-0000587,10,2025-10-01,2025-10-08,2025-10-15,7,Annual,270
P-000215,LV-V2-0000588,3,2025-03-01,2025-03-05,2025-03-18,13,Annual,136
P-000215,LV-V2-0000589,10,2025-10-01,2025-10-06,2025-10-13,7,Annual,210
P-000216,LV-V2-0000590,1,2025-01-01,2025-01-08,2025-01-17,9,Annual,74
P-000216,LV-V2-0000591,3,2025-03-01,2025-03-07,2025-03-18,11,Annual,60
P-000216,LV-V2-0000592,5,2025-05-01,2025-05-08,2025-05-18,10,Annual,60
P-000216,LV-V2-0000593,7,2025-07-01,2025-07-06,2025-07-15,9,Annual,60
P-000217,LV-V2-0000594,11,2025-11-01,2025-11-07,2025-11-15,8,Casual,363
P-000218,LV-V2-0000595,1,2025-01-01,2025-01-10,2025-01-22,12,Annual,92
P-000218,LV-V2-0000596,9,2025-09-01,2025-09-05,2025-09-10,5,Casual,240
P-000218,LV-V2-0000597,12,2025-12-01,2025-12-06,2025-12-17,11,Medical/Authorized,90
P-000219,LV-V2-0000598,2,2025-02-01,2025-02-09,2025-02-17,8,Annual,83
P-000219,LV-V2-0000599,8,2025-08-01,2025-08-06,2025-08-12,6,Casual,180
P-000219,LV-V2-0000600,12,2025-12-01,2025-12-05,2025-12-13,8,Annual,120
P-000220,LV-V2-0000601,6,2025-06-01,2025-06-07,2025-06-22,15,Recovery,231
P-000220,LV-V2-0000602,9,2025-09-01,2025-09-05,2025-09-13,8,Annual,90
P-000221,LV-V2-0000603,4,2025-04-01,2025-04-08,2025-04-17,9,Annual,169
P-000221,LV-V2-0000604,7,2025-07-01,2025-07-10,2025-07-17,7,Annual,90
P-000221,LV-V2-0000605,12,2025-12-01,2025-12-05,2025-12-15,10,Casual,150
P-000222,LV-V2-0000606,4,2025-04-01,2025-04-08,2025-04-11,3,Casual,164
P-000223,LV-V2-0000607,1,2025-01-01,2025-01-07,2025-01-20,13,Casual,64
P-000223,LV-V2-0000608,3,2025-03-01,2025-03-07,2025-03-16,9,Annual,60
P-000223,LV-V2-0000609,8,2025-08-01,2025-08-06,2025-08-13,7,Casual,150
P-000223,LV-V2-0000610,10,2025-10-01,2025-10-10,2025-10-18,8,Annual,60
P-000224,LV-V2-0000611,1,2025-01-01,2025-01-07,2025-01-16,9,Annual,74
P-000224,LV-V2-0000612,4,2025-04-01,2025-04-06,2025-04-18,12,Annual,90
P-000224,LV-V2-0000613,6,2025-06-01,2025-06-09,2025-06-17,8,Annual,60
P-000224,LV-V2-0000614,10,2025-10-01,2025-10-07,2025-10-20,13,Medical/Authorized,120
P-000224,LV-V2-0000615,12,2025-12-01,2025-12-10,2025-12-17,7,Annual,60
P-000225,LV-V2-0000616,2,2025-02-01,2025-02-05,2025-02-12,7,Casual,110
P-000225,LV-V2-0000617,8,2025-08-01,2025-08-08,2025-08-17,9,Annual,180
P-000226,LV-V2-0000618,3,2025-03-01,2025-03-05,2025-03-14,9,Annual,127
P-000226,LV-V2-0000619,9,2025-09-01,2025-09-07,2025-09-16,9,Annual,180
P-000226,LV-V2-0000620,11,2025-11-01,2025-11-10,2025-11-20,10,Casual,60
P-000227,LV-V2-0000621,5,2025-05-01,2025-05-09,2025-05-16,7,Annual,218
P-000227,LV-V2-0000622,10,2025-10-01,2025-10-09,2025-10-22,13,Annual,150
P-000228,LV-V2-0000623,2,2025-02-01,2025-02-10,2025-02-21,11,Annual,128
P-000228,LV-V2-0000624,8,2025-08-01,2025-08-08,2025-08-12,4,Casual,180
P-000229,LV-V2-0000625,1,2025-01-01,2025-01-05,2025-01-11,6,Annual,77
P-000229,LV-V2-0000626,3,2025-03-01,2025-03-06,2025-03-13,7,Annual,60
P-000229,LV-V2-0000627,10,2025-10-01,2025-10-09,2025-10-22,13,Annual,210
P-000229,LV-V2-0000628,12,2025-12-01,2025-12-09,2025-12-19,10,Casual,60
P-000230,LV-V2-0000629,5,2025-05-01,2025-05-05,2025-05-11,6,Casual,181
P-000230,LV-V2-0000630,10,2025-10-01,2025-10-10,2025-10-23,13,Casual,150
P-000231,LV-V2-0000631,4,2025-04-01,2025-04-09,2025-04-15,6,Casual,143
P-000231,LV-V2-0000632,6,2025-06-01,2025-06-08,2025-06-21,13,Annual,60
P-000231,LV-V2-0000633,8,2025-08-01,2025-08-05,2025-08-11,6,Casual,60
P-000232,LV-V2-0000634,10,2025-10-01,2025-10-09,2025-10-22,13,Annual,333
P-000232,LV-V2-0000635,12,2025-12-01,2025-12-08,2025-12-16,8,Annual,60
P-000233,LV-V2-0000636,3,2025-03-01,2025-03-09,2025-03-12,3,Casual,155
P-000233,LV-V2-0000637,12,2025-12-01,2025-12-10,2025-12-15,5,Casual,270
P-000234,LV-V2-0000638,1,2025-01-01,2025-01-10,2025-01-21,11,Annual,60
P-000234,LV-V2-0000639,10,2025-10-01,2025-10-09,2025-10-19,10,Annual,270
P-000234,LV-V2-0000640,12,2025-12-01,2025-12-08,2025-12-21,13,Casual,60
P-000235,LV-V2-0000641,4,2025-04-01,2025-04-10,2025-04-23,13,Annual,145
P-000235,LV-V2-0000642,9,2025-09-01,2025-09-06,2025-09-19,13,Annual,150
P-000235,LV-V2-0000643,12,2025-12-01,2025-12-10,2025-12-21,11,Annual,90
P-000236,LV-V2-0000644,3,2025-03-01,2025-03-09,2025-03-21,12,Annual,137
P-000236,LV-V2-0000645,8,2025-08-01,2025-08-06,2025-08-18,12,Casual,150
P-000236,LV-V2-0000646,10,2025-10-01,2025-10-09,2025-10-15,6,Annual,60
P-000237,LV-V2-0000647,3,2025-03-01,2025-03-10,2025-03-14,4,Casual,158
P-000237,LV-V2-0000648,9,2025-09-01,2025-09-09,2025-09-12,3,Casual,180
P-000238,LV-V2-0000649,1,2025-01-01,2025-01-05,2025-01-18,13,Medical/Authorized,87
P-000238,LV-V2-0000650,11,2025-11-01,2025-11-09,2025-11-16,7,Annual,300
P-000239,LV-V2-0000651,11,2025-11-01,2025-11-06,2025-11-15,9,Casual,357
P-000240,LV-V2-0000652,10,2025-10-01,2025-10-07,2025-10-19,12,Casual,335
P-000241,LV-V2-0000653,6,2025-06-01,2025-06-05,2025-06-11,6,Annual,235
P-000241,LV-V2-0000654,10,2025-10-01,2025-10-09,2025-10-17,8,Annual,120
P-000242,LV-V2-0000655,6,2025-06-01,2025-06-06,2025-06-10,4,Casual,211
P-000242,LV-V2-0000656,10,2025-10-01,2025-10-05,2025-10-16,11,Medical/Authorized,120
P-000242,LV-V2-0000657,12,2025-12-01,2025-12-10,2025-12-21,11,Annual,60
P-000243,LV-V2-0000658,1,2025-01-01,2025-01-07,2025-01-15,8,Medical/Authorized,90
P-000243,LV-V2-0000659,10,2025-10-01,2025-10-06,2025-10-16,10,Annual,270
P-000243,LV-V2-0000660,12,2025-12-01,2025-12-08,2025-12-15,7,Annual,60
P-000244,LV-V2-0000661,1,2025-01-01,2025-01-08,2025-01-21,13,Casual,64
P-000244,LV-V2-0000662,7,2025-07-01,2025-07-08,2025-07-15,7,Casual,180
P-000245,LV-V2-0000663,3,2025-03-01,2025-03-08,2025-03-21,13,Casual,131
P-000245,LV-V2-0000664,8,2025-08-01,2025-08-05,2025-08-17,12,Medical/Authorized,150
P-000245,LV-V2-0000665,11,2025-11-01,2025-11-08,2025-11-16,8,Annual,90
P-000246,LV-V2-0000666,2,2025-02-01,2025-02-05,2025-02-14,9,Casual,87
P-000246,LV-V2-0000667,10,2025-10-01,2025-10-07,2025-10-20,13,Annual,240
P-000246,LV-V2-0000668,12,2025-12-01,2025-12-07,2025-12-16,9,Casual,60
P-000247,LV-V2-0000669,3,2025-03-01,2025-03-10,2025-03-20,10,Annual,130
P-000247,LV-V2-0000670,5,2025-05-01,2025-05-09,2025-05-17,8,Casual,60
P-000247,LV-V2-0000671,7,2025-07-01,2025-07-07,2025-07-17,10,Annual,60
P-000248,LV-V2-0000672,1,2025-01-01,2025-01-09,2025-01-22,13,Annual,88
P-000248,LV-V2-0000673,3,2025-03-01,2025-03-09,2025-03-20,11,Annual,60
P-000248,LV-V2-0000674,7,2025-07-01,2025-07-05,2025-07-13,8,Annual,120
P-000248,LV-V2-0000675,12,2025-12-01,2025-12-08,2025-12-15,7,Casual,150
P-000249,LV-V2-0000676,1,2025-01-01,2025-01-10,2025-01-21,11,Annual,76
P-000249,LV-V2-0000677,3,2025-03-01,2025-03-10,2025-03-21,11,Annual,60
P-000249,LV-V2-0000678,7,2025-07-01,2025-07-09,2025-07-20,11,Medical/Authorized,120
P-000249,LV-V2-0000679,11,2025-11-01,2025-11-06,2025-11-19,13,Annual,120
P-000250,LV-V2-0000680,2,2025-02-01,2025-02-05,2025-02-14,9,Casual,124
P-000250,LV-V2-0000681,10,2025-10-01,2025-10-10,2025-10-20,10,Casual,240
P-000250,LV-V2-0000682,12,2025-12-01,2025-12-06,2025-12-18,12,Annual,60
P-000251,LV-V2-0000683,3,2025-03-01,2025-03-09,2025-03-17,8,Annual,139
P-000251,LV-V2-0000684,6,2025-06-01,2025-06-06,2025-06-14,8,Casual,90
P-000252,LV-V2-0000685,1,2025-01-01,2025-01-05,2025-01-17,12,Annual,65
P-000252,LV-V2-0000686,3,2025-03-01,2025-03-10,2025-03-22,12,Medical/Authorized,60
P-000252,LV-V2-0000687,10,2025-10-01,2025-10-05,2025-10-18,13,Annual,210
P-000252,LV-V2-0000688,12,2025-12-01,2025-12-07,2025-12-16,9,Casual,60
P-000253,LV-V2-0000689,3,2025-03-01,2025-03-08,2025-03-18,10,Casual,119
P-000253,LV-V2-0000690,6,2025-06-01,2025-06-06,2025-06-14,8,Medical/Authorized,90
P-000253,LV-V2-0000691,8,2025-08-01,2025-08-06,2025-08-18,12,Annual,60
P-000253,LV-V2-0000692,12,2025-12-01,2025-12-05,2025-12-16,11,Annual,120
P-000254,LV-V2-0000693,7,2025-07-01,2025-07-07,2025-07-10,3,Casual,270
P-000255,LV-V2-0000694,8,2025-08-01,2025-08-10,2025-08-23,13,Annual,289
P-000255,LV-V2-0000695,11,2025-11-01,2025-11-05,2025-11-14,9,Annual,90
P-000256,LV-V2-0000696,1,2025-01-01,2025-01-07,2025-01-19,12,Annual,75
P-000256,LV-V2-0000697,3,2025-03-01,2025-03-08,2025-03-18,10,Annual,60
P-000256,LV-V2-0000698,5,2025-05-01,2025-05-10,2025-05-23,13,Casual,60
P-000256,LV-V2-0000699,9,2025-09-01,2025-09-07,2025-09-16,9,Annual,120
P-000256,LV-V2-0000700,11,2025-11-01,2025-11-10,2025-11-21,11,Casual,60
P-000257,LV-V2-0000701,8,2025-08-01,2025-08-08,2025-08-14,6,Casual,287
P-000257,LV-V2-0000702,10,2025-10-01,2025-10-10,2025-10-23,13,Medical/Authorized,60
P-000257,LV-V2-0000703,12,2025-12-01,2025-12-07,2025-12-14,7,Annual,60
P-000258,LV-V2-0000704,2,2025-02-01,2025-02-06,2025-02-12,6,Annual,110
P-000258,LV-V2-0000705,6,2025-06-01,2025-06-06,2025-06-14,8,Casual,120
P-000258,LV-V2-0000706,9,2025-09-01,2025-09-10,2025-09-17,7,Annual,90
P-000258,LV-V2-0000707,11,2025-11-01,2025-11-08,2025-11-18,10,Casual,60
P-000259,LV-V2-0000708,5,2025-05-01,2025-05-08,2025-05-12,4,Casual,189
P-000259,LV-V2-0000709,10,2025-10-01,2025-10-07,2025-10-18,11,Annual,150
P-000260,LV-V2-0000710,1,2025-01-01,2025-01-10,2025-01-23,13,Medical/Authorized,61
P-000260,LV-V2-0000711,3,2025-03-01,2025-03-07,2025-03-20,13,Casual,60
P-000260,LV-V2-0000712,8,2025-08-01,2025-08-05,2025-08-18,13,Annual,150
P-000261,LV-V2-0000713,1,2025-01-01,2025-01-09,2025-01-18,9,Annual,76
P-000261,LV-V2-0000714,8,2025-08-01,2025-08-05,2025-08-11,6,Casual,210
P-000261,LV-V2-0000715,11,2025-11-01,2025-11-09,2025-11-15,6,Annual,90
P-000262,LV-V2-0000716,1,2025-01-01,2025-01-08,2025-01-20,12,Annual,76
P-000262,LV-V2-0000717,4,2025-04-01,2025-04-08,2025-04-17,9,Casual,90
P-000262,LV-V2-0000718,10,2025-10-01,2025-10-08,2025-10-16,8,Casual,180
P-000263,LV-V2-0000719,6,2025-06-01,2025-06-05,2025-06-08,3,Casual,223
P-000263,LV-V2-0000720,12,2025-12-01,2025-12-06,2025-12-18,12,Casual,180
P-000264,LV-V2-0000721,1,2025-01-01,2025-01-08,2025-01-14,6,Casual,98
P-000264,LV-V2-0000722,3,2025-03-01,2025-03-08,2025-03-18,10,Annual,60
P-000264,LV-V2-0000723,5,2025-05-01,2025-05-10,2025-05-20,10,Annual,60
P-000264,LV-V2-0000724,7,2025-07-01,2025-07-10,2025-07-19,9,Casual,60
P-000264,LV-V2-0000725,10,2025-10-01,2025-10-07,2025-10-18,11,Casual,90
P-000264,LV-V2-0000726,12,2025-12-01,2025-12-05,2025-12-18,13,Medical/Authorized,60
P-000265,LV-V2-0000727,4,2025-04-01,2025-04-07,2025-04-11,4,Casual,164
P-000265,LV-V2-0000728,8,2025-08-01,2025-08-06,2025-08-16,10,Annual,120
P-000265,LV-V2-0000729,11,2025-11-01,2025-11-08,2025-11-16,8,Medical/Authorized,90
P-000266,LV-V2-0000730,2,2025-02-01,2025-02-09,2025-02-15,6,Annual,112
P-000266,LV-V2-0000731,6,2025-06-01,2025-06-07,2025-06-17,10,Annual,120
P-000266,LV-V2-0000732,8,2025-08-01,2025-08-05,2025-08-12,7,Annual,60
P-000266,LV-V2-0000733,10,2025-10-01,2025-10-10,2025-10-20,10,Casual,60
P-000267,LV-V2-0000734,3,2025-03-01,2025-03-05,2025-03-16,11,Annual,154
P-000267,LV-V2-0000735,8,2025-08-01,2025-08-05,2025-08-11,6,Casual,150
P-000267,LV-V2-0000736,10,2025-10-01,2025-10-07,2025-10-15,8,Annual,60
P-000268,LV-V2-0000737,1,2025-01-01,2025-01-07,2025-01-13,6,Annual,83
P-000268,LV-V2-0000738,4,2025-04-01,2025-04-05,2025-04-11,6,Casual,90
P-000268,LV-V2-0000739,8,2025-08-01,2025-08-07,2025-08-18,11,Casual,120
P-000268,LV-V2-0000740,10,2025-10-01,2025-10-10,2025-10-22,12,Medical/Authorized,60
P-000269,LV-V2-0000741,2,2025-02-01,2025-02-07,2025-02-14,7,Annual,126
P-000269,LV-V2-0000742,6,2025-06-01,2025-06-10,2025-06-22,12,Annual,120
P-000269,LV-V2-0000743,8,2025-08-01,2025-08-08,2025-08-14,6,Casual,60
P-000269,LV-V2-0000744,10,2025-10-01,2025-10-08,2025-10-19,11,Annual,60
P-000270,LV-V2-0000745,2,2025-02-01,2025-02-09,2025-02-15,6,Casual,107
P-000270,LV-V2-0000746,12,2025-12-01,2025-12-08,2025-12-16,8,Annual,300
P-000271,LV-V2-0000747,8,2025-08-01,2025-08-08,2025-08-11,3,Casual,296
P-000272,LV-V2-0000748,3,2025-03-01,2025-03-09,2025-03-15,6,Annual,148
P-000272,LV-V2-0000749,5,2025-05-01,2025-05-08,2025-05-14,6,Medical/Authorized,60
P-000272,LV-V2-0000750,7,2025-07-01,2025-07-06,2025-07-14,8,Casual,60
P-000272,LV-V2-0000751,9,2025-09-01,2025-09-08,2025-09-19,11,Casual,60
P-000272,LV-V2-0000752,12,2025-12-01,2025-12-06,2025-12-13,7,Annual,90
P-000273,LV-V2-0000753,1,2025-01-01,2025-01-09,2025-01-17,8,Annual,75
P-000273,LV-V2-0000754,5,2025-05-01,2025-05-07,2025-05-13,6,Medical/Authorized,120
P-000273,LV-V2-0000755,10,2025-10-01,2025-10-07,2025-10-13,6,Medical/Authorized,150
P-000273,LV-V2-0000756,12,2025-12-01,2025-12-08,2025-12-18,10,Annual,60
P-000274,LV-V2-0000757,1,2025-01-01,2025-01-05,2025-01-17,12,Medical/Authorized,92
P-000274,LV-V2-0000758,10,2025-10-01,2025-10-08,2025-10-21,13,Annual,270
P-000275,LV-V2-0000759,2,2025-02-01,2025-02-07,2025-02-19,12,Annual,95
P-000275,LV-V2-0000760,4,2025-04-01,2025-04-10,2025-04-21,11,Annual,60
P-000275,LV-V2-0000761,8,2025-08-01,2025-08-06,2025-08-18,12,Casual,120
P-000275,LV-V2-0000762,11,2025-11-01,2025-11-10,2025-11-18,8,Annual,90
P-000276,LV-V2-0000763,2,2025-02-01,2025-02-08,2025-02-14,6,Annual,106
P-000276,LV-V2-0000764,4,2025-04-01,2025-04-09,2025-04-19,10,Casual,60
P-000276,LV-V2-0000765,8,2025-08-01,2025-08-08,2025-08-21,13,Annual,120
P-000276,LV-V2-0000766,11,2025-11-01,2025-11-06,2025-11-16,10,Casual,90
P-000277,LV-V2-0000767,3,2025-03-01,2025-03-05,2025-03-17,12,Annual,131
P-000277,LV-V2-0000768,5,2025-05-01,2025-05-07,2025-05-20,13,Casual,60
P-000277,LV-V2-0000769,10,2025-10-01,2025-10-05,2025-10-18,13,Annual,150
P-000277,LV-V2-0000770,12,2025-12-01,2025-12-07,2025-12-16,9,Annual,60
P-000278,LV-V2-0000771,6,2025-06-01,2025-06-08,2025-06-22,14,Recovery,225
P-000278,LV-V2-0000772,8,2025-08-01,2025-08-08,2025-08-19,11,Annual,60
P-000278,LV-V2-0000773,10,2025-10-01,2025-10-08,2025-10-17,9,Annual,60
P-000279,LV-V2-0000774,2,2025-02-01,2025-02-07,2025-02-13,6,Annual,113
P-000279,LV-V2-0000775,4,2025-04-01,2025-04-07,2025-04-20,13,Annual,60
P-000279,LV-V2-0000776,7,2025-07-01,2025-07-07,2025-07-13,6,Medical/Authorized,90
P-000279,LV-V2-0000777,12,2025-12-01,2025-12-10,2025-12-21,11,Casual,150
P-000280,LV-V2-0000778,1,2025-01-01,2025-01-07,2025-01-19,12,Annual,63
P-000280,LV-V2-0000779,3,2025-03-01,2025-03-05,2025-03-14,9,Annual,60
P-000280,LV-V2-0000780,9,2025-09-01,2025-09-05,2025-09-15,10,Annual,180
P-000280,LV-V2-0000781,12,2025-12-01,2025-12-06,2025-12-17,11,Annual,90
P-000281,LV-V2-0000782,11,2025-11-01,2025-11-10,2025-11-14,4,Casual,394
P-000282,LV-V2-0000783,3,2025-03-01,2025-03-07,2025-03-15,8,Annual,126
P-000282,LV-V2-0000784,8,2025-08-01,2025-08-08,2025-08-11,3,Casual,150
P-000282,LV-V2-0000785,12,2025-12-01,2025-12-07,2025-12-20,13,Casual,120
P-000283,LV-V2-0000786,1,2025-01-01,2025-01-07,2025-01-15,8,Annual,72
P-000283,LV-V2-0000787,6,2025-06-01,2025-06-10,2025-06-22,12,Recovery,150
P-000283,LV-V2-0000788,9,2025-09-01,2025-09-10,2025-09-16,6,Annual,90
P-000283,LV-V2-0000789,11,2025-11-01,2025-11-10,2025-11-22,12,Annual,60
P-000284,LV-V2-0000790,4,2025-04-01,2025-04-06,2025-04-09,3,Casual,176
P-000284,LV-V2-0000791,10,2025-10-01,2025-10-07,2025-10-12,5,Casual,180
P-000285,LV-V2-0000792,1,2025-01-01,2025-01-05,2025-01-16,11,Annual,63
P-000285,LV-V2-0000793,3,2025-03-01,2025-03-09,2025-03-18,9,Annual,60
P-000285,LV-V2-0000794,7,2025-07-01,2025-07-10,2025-07-21,11,Annual,120
P-000285,LV-V2-0000795,11,2025-11-01,2025-11-05,2025-11-15,10,Annual,120
P-000286,LV-V2-0000796,4,2025-04-01,2025-04-09,2025-04-22,13,Casual,146
P-000286,LV-V2-0000797,10,2025-10-01,2025-10-10,2025-10-16,6,Casual,180
P-000287,LV-V2-0000798,4,2025-04-01,2025-04-08,2025-04-14,6,Annual,181
P-000287,LV-V2-0000799,7,2025-07-01,2025-07-10,2025-07-21,11,Annual,90
P-000287,LV-V2-0000800,9,2025-09-01,2025-09-06,2025-09-17,11,Casual,60
P-000287,LV-V2-0000801,11,2025-11-01,2025-11-05,2025-11-16,11,Casual,60
P-000288,LV-V2-0000802,3,2025-03-01,2025-03-06,2025-03-16,10,Annual,128
P-000288,LV-V2-0000803,5,2025-05-01,2025-05-06,2025-05-14,8,Casual,60
P-000288,LV-V2-0000804,10,2025-10-01,2025-10-05,2025-10-16,11,Annual,150
P-000289,LV-V2-0000805,3,2025-03-01,2025-03-10,2025-03-16,6,Annual,141
P-000289,LV-V2-0000806,6,2025-06-01,2025-06-10,2025-06-20,10,Casual,90
P-000289,LV-V2-0000807,11,2025-11-01,2025-11-10,2025-11-22,12,Medical/Authorized,150
P-000290,LV-V2-0000808,2,2025-02-01,2025-02-07,2025-02-14,7,Annual,113
P-000290,LV-V2-0000809,8,2025-08-01,2025-08-10,2025-08-17,7,Annual,180
P-000291,LV-V2-0000810,8,2025-08-01,2025-08-08,2025-08-14,6,Casual,261
P-000291,LV-V2-0000811,11,2025-11-01,2025-11-08,2025-11-14,6,Casual,90
P-000292,LV-V2-0000812,1,2025-01-01,2025-01-06,2025-01-14,8,Annual,64
P-000292,LV-V2-0000813,5,2025-05-01,2025-05-09,2025-05-17,8,Annual,120
P-000292,LV-V2-0000814,8,2025-08-01,2025-08-06,2025-08-15,9,Casual,90
P-000292,LV-V2-0000815,12,2025-12-01,2025-12-05,2025-12-13,8,Annual,120
P-000293,LV-V2-0000816,5,2025-05-01,2025-05-10,2025-05-13,3,Casual,195
P-000293,LV-V2-0000817,6,2025-06-01,2025-06-06,2025-06-21,15,Recovery,30
P-000293,LV-V2-0000818,8,2025-08-01,2025-08-07,2025-08-19,12,Annual,60
P-000293,LV-V2-0000819,11,2025-11-01,2025-11-08,2025-11-18,10,Medical/Authorized,90
P-000294,LV-V2-0000820,10,2025-10-01,2025-10-10,2025-10-13,3,Casual,320
P-000295,LV-V2-0000821,1,2025-01-01,2025-01-07,2025-01-20,13,Casual,93
P-000295,LV-V2-0000822,3,2025-03-01,2025-03-10,2025-03-22,12,Annual,60
P-000295,LV-V2-0000823,8,2025-08-01,2025-08-05,2025-08-17,12,Casual,150
P-000295,LV-V2-0000824,10,2025-10-01,2025-10-10,2025-10-20,10,Annual,60
P-000296,LV-V2-0000825,1,2025-01-01,2025-01-08,2025-01-15,7,Casual,76
P-000296,LV-V2-0000826,6,2025-06-01,2025-06-06,2025-06-13,7,Annual,150
P-000296,LV-V2-0000827,12,2025-12-01,2025-12-06,2025-12-15,9,Casual,180
P-000297,LV-V2-0000828,2,2025-02-01,2025-02-09,2025-02-22,13,Annual,96
P-000297,LV-V2-0000829,6,2025-06-01,2025-06-10,2025-06-20,10,Casual,120
P-000298,LV-V2-0000830,3,2025-03-01,2025-03-08,2025-03-17,9,Annual,146
P-000298,LV-V2-0000831,6,2025-06-01,2025-06-08,2025-06-15,7,Annual,90
P-000298,LV-V2-0000832,8,2025-08-01,2025-08-07,2025-08-16,9,Medical/Authorized,60
P-000299,LV-V2-0000833,4,2025-04-01,2025-04-10,2025-04-15,5,Casual,178
P-000299,LV-V2-0000834,10,2025-10-01,2025-10-07,2025-10-16,9,Casual,180
P-000300,LV-V2-0000835,4,2025-04-01,2025-04-06,2025-04-19,13,Casual,188
P-000300,LV-V2-0000836,9,2025-09-01,2025-09-07,2025-09-18,11,Casual,150
P-000301,LV-V2-0000837,1,2025-01-01,2025-01-06,2025-01-14,8,Casual,78
P-000301,LV-V2-0000838,6,2025-06-01,2025-06-07,2025-06-18,11,Annual,150
P-000301,LV-V2-0000839,9,2025-09-01,2025-09-07,2025-09-16,9,Annual,90
P-000302,LV-V2-0000840,2,2025-02-01,2025-02-10,2025-02-17,7,Casual,84
P-000302,LV-V2-0000841,4,2025-04-01,2025-04-08,2025-04-19,11,Annual,60
P-000302,LV-V2-0000842,7,2025-07-01,2025-07-07,2025-07-13,6,Annual,90
P-000302,LV-V2-0000843,9,2025-09-01,2025-09-08,2025-09-19,11,Casual,60
P-000302,LV-V2-0000844,11,2025-11-01,2025-11-05,2025-11-15,10,Annual,60
P-000303,LV-V2-0000845,1,2025-01-01,2025-01-08,2025-01-15,7,Annual,78
P-000303,LV-V2-0000846,3,2025-03-01,2025-03-06,2025-03-12,6,Casual,60
P-000303,LV-V2-0000847,7,2025-07-01,2025-07-05,2025-07-15,10,Annual,120
P-000303,LV-V2-0000848,12,2025-12-01,2025-12-09,2025-12-18,9,Annual,150
P-000304,LV-V2-0000849,1,2025-01-01,2025-01-06,2025-01-13,7,Medical/Authorized,81
P-000304,LV-V2-0000850,3,2025-03-01,2025-03-06,2025-03-19,13,Annual,60
P-000304,LV-V2-0000851,9,2025-09-01,2025-09-07,2025-09-13,6,Annual,180
P-000304,LV-V2-0000852,11,2025-11-01,2025-11-09,2025-11-20,11,Casual,60
P-000305,LV-V2-0000853,1,2025-01-01,2025-01-06,2025-01-18,12,Annual,67
P-000305,LV-V2-0000854,3,2025-03-01,2025-03-08,2025-03-18,10,Annual,60
P-000305,LV-V2-0000855,9,2025-09-01,2025-09-09,2025-09-17,8,Annual,180
P-000305,LV-V2-0000856,11,2025-11-01,2025-11-09,2025-11-15,6,Medical/Authorized,60
P-000306,LV-V2-0000857,2,2025-02-01,2025-02-07,2025-02-16,9,Casual,120
P-000306,LV-V2-0000858,9,2025-09-01,2025-09-08,2025-09-16,8,Annual,210
P-000306,LV-V2-0000859,11,2025-11-01,2025-11-08,2025-11-17,9,Annual,60
P-000307,LV-V2-0000860,3,2025-03-01,2025-03-05,2025-03-16,11,Annual,125
P-000307,LV-V2-0000861,8,2025-08-01,2025-08-09,2025-08-16,7,Annual,150
P-000307,LV-V2-0000862,10,2025-10-01,2025-10-07,2025-10-17,10,Annual,60
P-000307,LV-V2-0000863,12,2025-12-01,2025-12-10,2025-12-18,8,Annual,60
P-000308,LV-V2-0000864,7,2025-07-01,2025-07-07,2025-07-15,8,Annual,261
P-000309,LV-V2-0000865,1,2025-01-01,2025-01-10,2025-01-18,8,Casual,68
P-000309,LV-V2-0000866,8,2025-08-01,2025-08-08,2025-08-13,5,Casual,210
P-000311,LV-V2-0000867,1,2025-01-01,2025-01-07,2025-01-15,8,Annual,66
P-000311,LV-V2-0000868,4,2025-04-01,2025-04-10,2025-04-20,10,Annual,90
P-000311,LV-V2-0000869,6,2025-06-01,2025-06-09,2025-06-15,6,Casual,60
P-000311,LV-V2-0000870,11,2025-11-01,2025-11-10,2025-11-16,6,Annual,150
P-000312,LV-V2-0000871,8,2025-08-01,2025-08-10,2025-08-17,7,Annual,262
P-000312,LV-V2-0000872,11,2025-11-01,2025-11-07,2025-11-15,8,Casual,90
P-000313,LV-V2-0000873,10,2025-10-01,2025-10-05,2025-10-08,3,Casual,340
P-000314,LV-V2-0000874,1,2025-01-01,2025-01-05,2025-01-13,8,Annual,81
P-000314,LV-V2-0000875,5,2025-05-01,2025-05-06,2025-05-14,8,Annual,120
P-000314,LV-V2-0000876,8,2025-08-01,2025-08-09,2025-08-18,9,Casual,90
P-000315,LV-V2-0000877,5,2025-05-01,2025-05-10,2025-05-16,6,Casual,176
P-000316,LV-V2-0000878,4,2025-04-01,2025-04-07,2025-04-17,10,Annual,141
P-000316,LV-V2-0000879,8,2025-08-01,2025-08-07,2025-08-17,10,Casual,120
P-000317,LV-V2-0000880,5,2025-05-01,2025-05-05,2025-05-10,5,Casual,215
P-000317,LV-V2-0000881,9,2025-09-01,2025-09-05,2025-09-18,13,Annual,120
P-000318,LV-V2-0000882,2,2025-02-01,2025-02-10,2025-02-21,11,Annual,126
P-000318,LV-V2-0000883,10,2025-10-01,2025-10-07,2025-10-18,11,Casual,240
P-000318,LV-V2-0000884,12,2025-12-01,2025-12-10,2025-12-20,10,Annual,60
P-000319,LV-V2-0000885,9,2025-09-01,2025-09-08,2025-09-14,6,Annual,299
P-000319,LV-V2-0000886,12,2025-12-01,2025-12-05,2025-12-17,12,Annual,90
P-000320,LV-V2-0000887,3,2025-03-01,2025-03-06,2025-03-13,7,Medical/Authorized,148
P-000320,LV-V2-0000888,5,2025-05-01,2025-05-06,2025-05-17,11,Medical/Authorized,60
P-000320,LV-V2-0000889,9,2025-09-01,2025-09-08,2025-09-18,10,Annual,120
P-000320,LV-V2-0000890,12,2025-12-01,2025-12-05,2025-12-16,11,Annual,90
P-000321,LV-V2-0000891,2,2025-02-01,2025-02-10,2025-02-19,9,Annual,93
P-000321,LV-V2-0000892,7,2025-07-01,2025-07-07,2025-07-13,6,Annual,150
P-000321,LV-V2-0000893,10,2025-10-01,2025-10-06,2025-10-13,7,Medical/Authorized,90
P-000322,LV-V2-0000894,2,2025-02-01,2025-02-08,2025-02-20,12,Annual,117
P-000322,LV-V2-0000895,7,2025-07-01,2025-07-08,2025-07-13,5,Casual,150
P-000322,LV-V2-0000896,9,2025-09-01,2025-09-09,2025-09-21,12,Casual,60
P-000322,LV-V2-0000897,12,2025-12-01,2025-12-07,2025-12-15,8,Annual,90
P-000323,LV-V2-0000898,8,2025-08-01,2025-08-07,2025-08-19,12,Casual,279
P-000323,LV-V2-0000899,11,2025-11-01,2025-11-07,2025-11-20,13,Casual,90
P-000324,LV-V2-0000900,6,2025-06-01,2025-06-07,2025-06-21,14,Recovery,214
P-000324,LV-V2-0000901,8,2025-08-01,2025-08-07,2025-08-20,13,Annual,60
P-000324,LV-V2-0000902,11,2025-11-01,2025-11-10,2025-11-22,12,Casual,90
P-000325,LV-V2-0000903,4,2025-04-01,2025-04-07,2025-04-11,4,Casual,180
P-000326,LV-V2-0000904,2,2025-02-01,2025-02-06,2025-02-12,6,Casual,128
P-000326,LV-V2-0000905,6,2025-06-01,2025-06-05,2025-06-17,12,Annual,120
P-000326,LV-V2-0000906,8,2025-08-01,2025-08-09,2025-08-15,6,Annual,60
P-000327,LV-V2-0000907,1,2025-01-01,2025-01-09,2025-01-20,11,Casual,61
P-000327,LV-V2-0000908,9,2025-09-01,2025-09-09,2025-09-16,7,Annual,240
P-000327,LV-V2-0000909,12,2025-12-01,2025-12-08,2025-12-17,9,Casual,90
P-000328,LV-V2-0000910,6,2025-06-01,2025-06-06,2025-06-13,7,Medical/Authorized,202
P-000328,LV-V2-0000911,10,2025-10-01,2025-10-05,2025-10-14,9,Annual,120
P-000328,LV-V2-0000912,12,2025-12-01,2025-12-07,2025-12-14,7,Annual,60
P-000329,LV-V2-0000913,1,2025-01-01,2025-01-07,2025-01-18,11,Annual,91
P-000329,LV-V2-0000914,3,2025-03-01,2025-03-06,2025-03-14,8,Casual,60
P-000329,LV-V2-0000915,8,2025-08-01,2025-08-08,2025-08-19,11,Annual,150
P-000329,LV-V2-0000916,11,2025-11-01,2025-11-05,2025-11-16,11,Casual,90
P-000330,LV-V2-0000917,1,2025-01-01,2025-01-07,2025-01-20,13,Annual,80
P-000331,LV-V2-0000918,2,2025-02-01,2025-02-09,2025-02-17,8,Casual,85
P-000331,LV-V2-0000919,5,2025-05-01,2025-05-06,2025-05-18,12,Annual,90
P-000331,LV-V2-0000920,10,2025-10-01,2025-10-08,2025-10-14,6,Medical/Authorized,150
P-000331,LV-V2-0000921,12,2025-12-01,2025-12-06,2025-12-14,8,Casual,60
P-000332,LV-V2-0000922,4,2025-04-01,2025-04-07,2025-04-19,12,Annual,172
P-000332,LV-V2-0000923,8,2025-08-01,2025-08-07,2025-08-16,9,Casual,120
P-000332,LV-V2-0000924,10,2025-10-01,2025-10-06,2025-10-19,13,Annual,60
P-000332,LV-V2-0000925,12,2025-12-01,2025-12-05,2025-12-18,13,Annual,60
P-000333,LV-V2-0000926,1,2025-01-01,2025-01-06,2025-01-18,12,Medical/Authorized,92
P-000334,LV-V2-0000927,5,2025-05-01,2025-05-08,2025-05-12,4,Casual,218
P-000335,LV-V2-0000928,1,2025-01-01,2025-01-06,2025-01-18,12,Casual,92
P-000335,LV-V2-0000929,6,2025-06-01,2025-06-05,2025-06-18,13,Recovery,150
P-000335,LV-V2-0000930,8,2025-08-01,2025-08-08,2025-08-15,7,Annual,60
P-000335,LV-V2-0000931,10,2025-10-01,2025-10-09,2025-10-15,6,Annual,60
P-000336,LV-V2-0000932,1,2025-01-01,2025-01-06,2025-01-16,10,Annual,60
P-000336,LV-V2-0000933,6,2025-06-01,2025-06-10,2025-06-22,12,Recovery,150
P-000336,LV-V2-0000934,10,2025-10-01,2025-10-06,2025-10-19,13,Annual,120
P-000336,LV-V2-0000935,12,2025-12-01,2025-12-09,2025-12-15,6,Casual,60
P-000337,LV-V2-0000936,1,2025-01-01,2025-01-08,2025-01-14,6,Casual,79
P-000337,LV-V2-0000937,5,2025-05-01,2025-05-07,2025-05-14,7,Medical/Authorized,120
P-000337,LV-V2-0000938,7,2025-07-01,2025-07-05,2025-07-14,9,Casual,60
P-000337,LV-V2-0000939,11,2025-11-01,2025-11-05,2025-11-18,13,Annual,120
P-000338,LV-V2-0000940,1,2025-01-01,2025-01-09,2025-01-21,12,Casual,77
P-000339,LV-V2-0000941,2,2025-02-01,2025-02-10,2025-02-19,9,Annual,118
P-000339,LV-V2-0000942,10,2025-10-01,2025-10-10,2025-10-22,12,Casual,240
P-000339,LV-V2-0000943,12,2025-12-01,2025-12-06,2025-12-18,12,Annual,60
P-000340,LV-V2-0000944,2,2025-02-01,2025-02-09,2025-02-19,10,Casual,111
P-000340,LV-V2-0000945,8,2025-08-01,2025-08-08,2025-08-21,13,Casual,180
P-000340,LV-V2-0000946,12,2025-12-01,2025-12-06,2025-12-18,12,Annual,120
P-000341,LV-V2-0000947,6,2025-06-01,2025-06-06,2025-06-19,13,Recovery,239
P-000341,LV-V2-0000948,8,2025-08-01,2025-08-06,2025-08-16,10,Medical/Authorized,60
P-000341,LV-V2-0000949,10,2025-10-01,2025-10-07,2025-10-16,9,Casual,60
P-000342,LV-V2-0000950,1,2025-01-01,2025-01-07,2025-01-17,10,Annual,95
P-000342,LV-V2-0000951,3,2025-03-01,2025-03-09,2025-03-16,7,Casual,60
P-000342,LV-V2-0000952,9,2025-09-01,2025-09-05,2025-09-17,12,Annual,180
P-000342,LV-V2-0000953,11,2025-11-01,2025-11-06,2025-11-19,13,Annual,60
P-000343,LV-V2-0000954,2,2025-02-01,2025-02-09,2025-02-22,13,Medical/Authorized,101
P-000343,LV-V2-0000955,4,2025-04-01,2025-04-10,2025-04-17,7,Casual,60
P-000344,LV-V2-0000956,3,2025-03-01,2025-03-05,2025-03-14,9,Casual,112
P-000344,LV-V2-0000957,10,2025-10-01,2025-10-08,2025-10-21,13,Annual,210
P-000344,LV-V2-0000958,12,2025-12-01,2025-12-07,2025-12-17,10,Annual,60
P-000345,LV-V2-0000959,8,2025-08-01,2025-08-06,2025-08-12,6,Casual,297
P-000346,LV-V2-0000960,4,2025-04-01,2025-04-08,2025-04-12,4,Casual,175
P-000346,LV-V2-0000961,6,2025-06-01,2025-06-05,2025-06-17,12,Recovery,60
P-000346,LV-V2-0000962,10,2025-10-01,2025-10-05,2025-10-12,7,Annual,120
P-000347,LV-V2-0000963,1,2025-01-01,2025-01-05,2025-01-14,9,Annual,82
P-000347,LV-V2-0000964,9,2025-09-01,2025-09-06,2025-09-14,8,Annual,240
P-000347,LV-V2-0000965,11,2025-11-01,2025-11-05,2025-11-17,12,Casual,60
P-000348,LV-V2-0000966,4,2025-04-01,2025-04-08,2025-04-19,11,Casual,189
P-000348,LV-V2-0000967,7,2025-07-01,2025-07-09,2025-07-22,13,Annual,90
P-000348,LV-V2-0000968,12,2025-12-01,2025-12-08,2025-12-19,11,Annual,150
P-000349,LV-V2-0000969,1,2025-01-01,2025-01-08,2025-01-15,7,Annual,85
P-000349,LV-V2-0000970,4,2025-04-01,2025-04-08,2025-04-18,10,Casual,90
P-000349,LV-V2-0000971,8,2025-08-01,2025-08-09,2025-08-21,12,Casual,120
P-000350,LV-V2-0000972,5,2025-05-01,2025-05-07,2025-05-12,5,Casual,193
P-000350,LV-V2-0000973,12,2025-12-01,2025-12-08,2025-12-12,4,Casual,210
P-000351,LV-V2-0000974,1,2025-01-01,2025-01-08,2025-01-19,11,Casual,83
P-000351,LV-V2-0000975,4,2025-04-01,2025-04-07,2025-04-16,9,Annual,90
P-000352,LV-V2-0000976,2,2025-02-01,2025-02-06,2025-02-12,6,Annual,86
P-000352,LV-V2-0000977,6,2025-06-01,2025-06-10,2025-06-16,6,Medical/Authorized,120
P-000352,LV-V2-0000978,8,2025-08-01,2025-08-08,2025-08-15,7,Annual,60
P-000352,LV-V2-0000979,10,2025-10-01,2025-10-10,2025-10-20,10,Casual,60
P-000352,LV-V2-0000980,12,2025-12-01,2025-12-08,2025-12-14,6,Annual,60
P-000353,LV-V2-0000981,7,2025-07-01,2025-07-08,2025-07-11,3,Casual,275
P-000354,LV-V2-0000982,3,2025-03-01,2025-03-05,2025-03-14,9,Annual,147
P-000354,LV-V2-0000983,8,2025-08-01,2025-08-06,2025-08-15,9,Casual,150
P-000355,LV-V2-0000984,3,2025-03-01,2025-03-10,2025-03-17,7,Annual,136
P-000355,LV-V2-0000985,10,2025-10-01,2025-10-05,2025-10-15,10,Casual,210
P-000356,LV-V2-0000986,2,2025-02-01,2025-02-07,2025-02-18,11,Annual,89
P-000356,LV-V2-0000987,8,2025-08-01,2025-08-05,2025-08-13,8,Annual,180
P-000356,LV-V2-0000988,11,2025-11-01,2025-11-05,2025-11-14,9,Annual,90
P-000357,LV-V2-0000989,1,2025-01-01,2025-01-06,2025-01-16,10,Medical/Authorized,80
P-000357,LV-V2-0000990,10,2025-10-01,2025-10-09,2025-10-20,11,Annual,270
P-000358,LV-V2-0000991,2,2025-02-01,2025-02-10,2025-02-16,6,Annual,116
P-000358,LV-V2-0000992,10,2025-10-01,2025-10-07,2025-10-19,12,Annual,240
P-000358,LV-V2-0000993,12,2025-12-01,2025-12-10,2025-12-23,13,Annual,60
P-000359,LV-V2-0000994,6,2025-06-01,2025-06-08,2025-06-13,5,Casual,230
P-000359,LV-V2-0000995,12,2025-12-01,2025-12-05,2025-12-09,4,Casual,180
P-000360,LV-V2-0000996,1,2025-01-01,2025-01-09,2025-01-16,7,Annual,81
P-000360,LV-V2-0000997,5,2025-05-01,2025-05-07,2025-05-14,7,Annual,120
P-000360,LV-V2-0000998,7,2025-07-01,2025-07-10,2025-07-22,12,Annual,60
P-000360,LV-V2-0000999,10,2025-10-01,2025-10-09,2025-10-16,7,Medical/Authorized,90
P-000360,LV-V2-0001000,12,2025-12-01,2025-12-09,2025-12-15,6,Annual,60
P-000361,LV-V2-0001001,5,2025-05-01,2025-05-07,2025-05-11,4,Casual,197
P-000361,LV-V2-0001002,11,2025-11-01,2025-11-06,2025-11-10,4,Casual,180
P-000362,LV-V2-0001003,2,2025-02-01,2025-02-05,2025-02-11,6,Annual,102
P-000362,LV-V2-0001004,10,2025-10-01,2025-10-06,2025-10-19,13,Annual,240
P-000363,LV-V2-0001005,2,2025-02-01,2025-02-10,2025-02-16,6,Annual,81
P-000363,LV-V2-0001006,6,2025-06-01,2025-06-07,2025-06-14,7,Medical/Authorized,120
P-000363,LV-V2-0001007,10,2025-10-01,2025-10-10,2025-10-17,7,Annual,120
P-000363,LV-V2-0001008,12,2025-12-01,2025-12-05,2025-12-16,11,Annual,60
P-000364,LV-V2-0001009,1,2025-01-01,2025-01-07,2025-01-15,8,Annual,84
P-000364,LV-V2-0001010,5,2025-05-01,2025-05-06,2025-05-15,9,Annual,120
P-000364,LV-V2-0001011,8,2025-08-01,2025-08-07,2025-08-19,12,Annual,90
P-000364,LV-V2-0001012,11,2025-11-01,2025-11-08,2025-11-17,9,Annual,90
P-000365,LV-V2-0001013,2,2025-02-01,2025-02-08,2025-02-15,7,Annual,97
P-000365,LV-V2-0001014,5,2025-05-01,2025-05-09,2025-05-18,9,Annual,90
P-000365,LV-V2-0001015,7,2025-07-01,2025-07-09,2025-07-20,11,Annual,60
P-000367,LV-V2-0001016,3,2025-03-01,2025-03-09,2025-03-17,8,Annual,123
P-000367,LV-V2-0001017,5,2025-05-01,2025-05-07,2025-05-16,9,Annual,60
P-000367,LV-V2-0001018,9,2025-09-01,2025-09-07,2025-09-16,9,Casual,120
P-000368,LV-V2-0001019,5,2025-05-01,2025-05-05,2025-05-16,11,Medical/Authorized,176
P-000368,LV-V2-0001020,10,2025-10-01,2025-10-05,2025-10-15,10,Annual,150
P-000369,LV-V2-0001021,10,2025-10-01,2025-10-09,2025-10-12,3,Casual,326
P-000370,LV-V2-0001022,2,2025-02-01,2025-02-09,2025-02-18,9,Annual,89
P-000370,LV-V2-0001023,7,2025-07-01,2025-07-09,2025-07-12,3,Casual,150
P-000370,LV-V2-0001024,12,2025-12-01,2025-12-07,2025-12-15,8,Casual,150
P-000371,LV-V2-0001025,2,2025-02-01,2025-02-08,2025-02-17,9,Annual,89
P-000371,LV-V2-0001026,7,2025-07-01,2025-07-07,2025-07-13,6,Casual,150
P-000371,LV-V2-0001027,10,2025-10-01,2025-10-09,2025-10-22,13,Casual,90
P-000372,LV-V2-0001028,1,2025-01-01,2025-01-07,2025-01-13,6,Annual,62
P-000372,LV-V2-0001029,7,2025-07-01,2025-07-08,2025-07-14,6,Casual,180
P-000373,LV-V2-0001030,1,2025-01-01,2025-01-06,2025-01-16,10,Annual,99
P-000373,LV-V2-0001031,10,2025-10-01,2025-10-07,2025-10-17,10,Annual,270
P-000374,LV-V2-0001032,11,2025-11-01,2025-11-09,2025-11-21,12,Annual,386
P-000375,LV-V2-0001033,1,2025-01-01,2025-01-07,2025-01-14,7,Casual,70
P-000375,LV-V2-0001034,10,2025-10-01,2025-10-09,2025-10-21,12,Casual,270
P-000375,LV-V2-0001035,12,2025-12-01,2025-12-05,2025-12-12,7,Annual,60
P-000376,LV-V2-0001036,5,2025-05-01,2025-05-08,2025-05-14,6,Annual,219
P-000376,LV-V2-0001037,9,2025-09-01,2025-09-08,2025-09-20,12,Annual,120
P-000376,LV-V2-0001038,11,2025-11-01,2025-11-06,2025-11-16,10,Annual,60
P-000377,LV-V2-0001039,2,2025-02-01,2025-02-07,2025-02-16,9,Casual,103
P-000377,LV-V2-0001040,6,2025-06-01,2025-06-08,2025-06-20,12,Casual,120
P-000377,LV-V2-0001041,8,2025-08-01,2025-08-05,2025-08-18,13,Casual,60
P-000377,LV-V2-0001042,12,2025-12-01,2025-12-07,2025-12-13,6,Casual,120
P-000379,LV-V2-0001043,3,2025-03-01,2025-03-09,2025-03-22,13,Annual,154
P-000379,LV-V2-0001044,8,2025-08-01,2025-08-10,2025-08-23,13,Annual,150
P-000379,LV-V2-0001045,11,2025-11-01,2025-11-10,2025-11-17,7,Annual,90
P-000380,LV-V2-0001046,1,2025-01-01,2025-01-07,2025-01-17,10,Annual,90
P-000380,LV-V2-0001047,6,2025-06-01,2025-06-06,2025-06-23,17,Recovery,150
P-000380,LV-V2-0001048,9,2025-09-01,2025-09-10,2025-09-23,13,Annual,90
P-000381,LV-V2-0001049,2,2025-02-01,2025-02-07,2025-02-13,6,Casual,98
P-000381,LV-V2-0001050,12,2025-12-01,2025-12-08,2025-12-20,12,Annual,300
P-000382,LV-V2-0001051,1,2025-01-01,2025-01-05,2025-01-15,10,Annual,89
P-000382,LV-V2-0001052,10,2025-10-01,2025-10-10,2025-10-16,6,Annual,270
P-000382,LV-V2-0001053,12,2025-12-01,2025-12-10,2025-12-19,9,Medical/Authorized,60
P-000384,LV-V2-0001054,6,2025-06-01,2025-06-10,2025-06-22,12,Annual,240
P-000385,LV-V2-0001055,6,2025-06-01,2025-06-06,2025-06-22,16,Recovery,240
P-000385,LV-V2-0001056,8,2025-08-01,2025-08-06,2025-08-17,11,Casual,60
P-000385,LV-V2-0001057,10,2025-10-01,2025-10-09,2025-10-17,8,Annual,60
P-000386,LV-V2-0001058,4,2025-04-01,2025-04-07,2025-04-19,12,Annual,162
P-000386,LV-V2-0001059,6,2025-06-01,2025-06-05,2025-06-13,8,Medical/Authorized,60
P-000386,LV-V2-0001060,10,2025-10-01,2025-10-05,2025-10-15,10,Casual,120
P-000387,LV-V2-0001061,1,2025-01-01,2025-01-07,2025-01-18,11,Annual,99
P-000387,LV-V2-0001062,6,2025-06-01,2025-06-10,2025-06-24,14,Recovery,150
P-000387,LV-V2-0001063,9,2025-09-01,2025-09-07,2025-09-16,9,Annual,90
P-000388,LV-V2-0001064,6,2025-06-01,2025-06-10,2025-06-24,14,Recovery,230
P-000388,LV-V2-0001065,9,2025-09-01,2025-09-07,2025-09-18,11,Annual,90
P-000388,LV-V2-0001066,12,2025-12-01,2025-12-07,2025-12-15,8,Casual,90
P-000389,LV-V2-0001067,1,2025-01-01,2025-01-07,2025-01-13,6,Annual,93
P-000389,LV-V2-0001068,7,2025-07-01,2025-07-09,2025-07-17,8,Annual,180
P-000389,LV-V2-0001069,10,2025-10-01,2025-10-10,2025-10-19,9,Casual,90
P-000389,LV-V2-0001070,12,2025-12-01,2025-12-06,2025-12-13,7,Casual,60
P-000390,LV-V2-0001071,2,2025-02-01,2025-02-07,2025-02-13,6,Casual,110
P-000390,LV-V2-0001072,11,2025-11-01,2025-11-10,2025-11-22,12,Annual,270
P-000391,LV-V2-0001073,2,2025-02-01,2025-02-07,2025-02-16,9,Casual,97
P-000391,LV-V2-0001074,7,2025-07-01,2025-07-05,2025-07-09,4,Casual,150
P-000391,LV-V2-0001075,11,2025-11-01,2025-11-07,2025-11-16,9,Annual,120
P-000392,LV-V2-0001076,1,2025-01-01,2025-01-05,2025-01-11,6,Casual,81
P-000392,LV-V2-0001077,9,2025-09-01,2025-09-05,2025-09-11,6,Annual,240
P-000393,LV-V2-0001078,1,2025-01-01,2025-01-06,2025-01-13,7,Annual,89
P-000393,LV-V2-0001079,4,2025-04-01,2025-04-06,2025-04-17,11,Annual,90
P-000393,LV-V2-0001080,8,2025-08-01,2025-08-10,2025-08-16,6,Annual,120
P-000393,LV-V2-0001081,10,2025-10-01,2025-10-06,2025-10-18,12,Annual,60
P-000394,LV-V2-0001082,1,2025-01-01,2025-01-07,2025-01-13,6,Casual,91
P-000394,LV-V2-0001083,3,2025-03-01,2025-03-07,2025-03-13,6,Annual,60
P-000394,LV-V2-0001084,7,2025-07-01,2025-07-05,2025-07-18,13,Medical/Authorized,120
P-000394,LV-V2-0001085,9,2025-09-01,2025-09-07,2025-09-19,12,Annual,60
P-000394,LV-V2-0001086,11,2025-11-01,2025-11-10,2025-11-23,13,Annual,60
P-000395,LV-V2-0001087,9,2025-09-01,2025-09-09,2025-09-18,9,Annual,292
P-000395,LV-V2-0001088,11,2025-11-01,2025-11-08,2025-11-18,10,Casual,60
P-000396,LV-V2-0001089,2,2025-02-01,2025-02-10,2025-02-16,6,Annual,80
P-000396,LV-V2-0001090,6,2025-06-01,2025-06-06,2025-06-19,13,Annual,120
P-000396,LV-V2-0001091,9,2025-09-01,2025-09-05,2025-09-11,6,Casual,90
P-000396,LV-V2-0001092,11,2025-11-01,2025-11-09,2025-11-18,9,Annual,60
P-000397,LV-V2-0001093,4,2025-04-01,2025-04-07,2025-04-10,3,Casual,153
P-000397,LV-V2-0001094,11,2025-11-01,2025-11-09,2025-11-14,5,Casual,210
P-000398,LV-V2-0001095,6,2025-06-01,2025-06-07,2025-06-24,17,Recovery,240
P-000398,LV-V2-0001096,9,2025-09-01,2025-09-06,2025-09-18,12,Medical/Authorized,90
P-000398,LV-V2-0001097,11,2025-11-01,2025-11-10,2025-11-21,11,Casual,60
P-000399,LV-V2-0001098,3,2025-03-01,2025-03-05,2025-03-18,13,Annual,120
P-000399,LV-V2-0001099,11,2025-11-01,2025-11-07,2025-11-15,8,Casual,240
P-000400,LV-V2-0001100,1,2025-01-01,2025-01-07,2025-01-20,13,Annual,77
P-000400,LV-V2-0001101,9,2025-09-01,2025-09-09,2025-09-17,8,Medical/Authorized,240
P-000400,LV-V2-0001102,11,2025-11-01,2025-11-07,2025-11-17,10,Annual,60
P-000401,LV-V2-0001103,1,2025-01-01,2025-01-05,2025-01-17,12,Annual,82
P-000401,LV-V2-0001104,4,2025-04-01,2025-04-07,2025-04-20,13,Medical/Authorized,90
P-000401,LV-V2-0001105,6,2025-06-01,2025-06-09,2025-06-15,6,Casual,60
P-000401,LV-V2-0001106,10,2025-10-01,2025-10-07,2025-10-14,7,Annual,120
P-000401,LV-V2-0001107,12,2025-12-01,2025-12-10,2025-12-21,11,Annual,60
P-000402,LV-V2-0001108,3,2025-03-01,2025-03-06,2025-03-19,13,Annual,141
P-000402,LV-V2-0001109,9,2025-09-01,2025-09-09,2025-09-21,12,Annual,180
P-000403,LV-V2-0001110,6,2025-06-01,2025-06-05,2025-06-10,5,Casual,220
P-000404,LV-V2-0001111,2,2025-02-01,2025-02-08,2025-02-20,12,Medical/Authorized,89
P-000404,LV-V2-0001112,7,2025-07-01,2025-07-06,2025-07-14,8,Annual,150
P-000404,LV-V2-0001113,9,2025-09-01,2025-09-09,2025-09-19,10,Annual,60
P-000404,LV-V2-0001114,11,2025-11-01,2025-11-07,2025-11-13,6,Casual,60
P-000405,LV-V2-0001115,1,2025-01-01,2025-01-09,2025-01-20,11,Annual,95
P-000405,LV-V2-0001116,3,2025-03-01,2025-03-05,2025-03-17,12,Annual,60
P-000405,LV-V2-0001117,9,2025-09-01,2025-09-05,2025-09-14,9,Medical/Authorized,180
P-000405,LV-V2-0001118,11,2025-11-01,2025-11-07,2025-11-18,11,Casual,60
P-000406,LV-V2-0001119,2,2025-02-01,2025-02-10,2025-02-22,12,Casual,89
P-000406,LV-V2-0001120,11,2025-11-01,2025-11-07,2025-11-17,10,Medical/Authorized,270
P-000407,LV-V2-0001121,1,2025-01-01,2025-01-09,2025-01-17,8,Annual,69
P-000407,LV-V2-0001122,3,2025-03-01,2025-03-08,2025-03-17,9,Annual,60
P-000407,LV-V2-0001123,8,2025-08-01,2025-08-06,2025-08-12,6,Casual,150
P-000407,LV-V2-0001124,11,2025-11-01,2025-11-10,2025-11-18,8,Annual,90
P-000408,LV-V2-0001125,4,2025-04-01,2025-04-06,2025-04-09,3,Casual,145
P-000408,LV-V2-0001126,6,2025-06-01,2025-06-10,2025-06-24,14,Recovery,60
P-000408,LV-V2-0001127,8,2025-08-01,2025-08-06,2025-08-14,8,Annual,60
P-000408,LV-V2-0001128,10,2025-10-01,2025-10-09,2025-10-20,11,Medical/Authorized,60
P-000408,LV-V2-0001129,12,2025-12-01,2025-12-07,2025-12-20,13,Annual,60
P-000409,LV-V2-0001130,5,2025-05-01,2025-05-08,2025-05-14,6,Casual,170
P-000409,LV-V2-0001131,7,2025-07-01,2025-07-07,2025-07-15,8,Annual,60
P-000409,LV-V2-0001132,11,2025-11-01,2025-11-10,2025-11-22,12,Casual,120
P-000410,LV-V2-0001133,4,2025-04-01,2025-04-08,2025-04-13,5,Casual,165
P-000411,LV-V2-0001134,6,2025-06-01,2025-06-08,2025-06-21,13,Recovery,216
P-000411,LV-V2-0001135,9,2025-09-01,2025-09-05,2025-09-14,9,Annual,90
P-000412,LV-V2-0001136,6,2025-06-01,2025-06-09,2025-06-14,5,Casual,214
P-000413,LV-V2-0001137,2,2025-02-01,2025-02-08,2025-02-21,13,Annual,97
P-000413,LV-V2-0001138,5,2025-05-01,2025-05-10,2025-05-21,11,Annual,90
P-000413,LV-V2-0001139,7,2025-07-01,2025-07-08,2025-07-20,12,Casual,60
P-000413,LV-V2-0001140,12,2025-12-01,2025-12-07,2025-12-17,10,Casual,150
P-000414,LV-V2-0001141,2,2025-02-01,2025-02-09,2025-02-15,6,Casual,122
P-000415,LV-V2-0001142,4,2025-04-01,2025-04-06,2025-04-10,4,Casual,174
P-000415,LV-V2-0001143,10,2025-10-01,2025-10-05,2025-10-08,3,Casual,180
P-000416,LV-V2-0001144,3,2025-03-01,2025-03-07,2025-03-16,9,Annual,118
P-000416,LV-V2-0001145,6,2025-06-01,2025-06-06,2025-06-15,9,Annual,90
P-000416,LV-V2-0001146,8,2025-08-01,2025-08-09,2025-08-17,8,Medical/Authorized,60
P-000416,LV-V2-0001147,10,2025-10-01,2025-10-06,2025-10-14,8,Annual,60
P-000416,LV-V2-0001148,12,2025-12-01,2025-12-09,2025-12-19,10,Casual,60
P-000417,LV-V2-0001149,5,2025-05-01,2025-05-06,2025-05-15,9,Annual,219
P-000417,LV-V2-0001150,8,2025-08-01,2025-08-08,2025-08-21,13,Medical/Authorized,90
P-000418,LV-V2-0001151,1,2025-01-01,2025-01-09,2025-01-15,6,Annual,60
P-000418,LV-V2-0001152,4,2025-04-01,2025-04-06,2025-04-18,12,Casual,90
P-000418,LV-V2-0001153,6,2025-06-01,2025-06-07,2025-06-16,9,Annual,60
P-000418,LV-V2-0001154,12,2025-12-01,2025-12-10,2025-12-23,13,Annual,180
P-000419,LV-V2-0001155,1,2025-01-01,2025-01-09,2025-01-19,10,Annual,82
P-000419,LV-V2-0001156,6,2025-06-01,2025-06-07,2025-06-20,13,Annual,150
P-000419,LV-V2-0001157,8,2025-08-01,2025-08-06,2025-08-17,11,Casual,60
P-000419,LV-V2-0001158,10,2025-10-01,2025-10-05,2025-10-17,12,Casual,60
P-000420,LV-V2-0001159,1,2025-01-01,2025-01-07,2025-01-19,12,Annual,73
P-000420,LV-V2-0001160,4,2025-04-01,2025-04-09,2025-04-17,8,Annual,90
P-000420,LV-V2-0001161,10,2025-10-01,2025-10-05,2025-10-18,13,Annual,180
P-000420,LV-V2-0001162,12,2025-12-01,2025-12-08,2025-12-15,7,Annual,60
P-000421,LV-V2-0001163,9,2025-09-01,2025-09-06,2025-09-11,5,Casual,312
P-000421,LV-V2-0001164,12,2025-12-01,2025-12-06,2025-12-15,9,Casual,90
P-000422,LV-V2-0001165,5,2025-05-01,2025-05-05,2025-05-12,7,Medical/Authorized,193
P-000422,LV-V2-0001166,9,2025-09-01,2025-09-08,2025-09-14,6,Annual,120
P-000423,LV-V2-0001167,3,2025-03-01,2025-03-09,2025-03-15,6,Casual,152
P-000423,LV-V2-0001168,11,2025-11-01,2025-11-08,2025-11-15,7,Medical/Authorized,240
P-000425,LV-V2-0001169,10,2025-10-01,2025-10-08,2025-10-19,11,Annual,328
P-000426,LV-V2-0001170,6,2025-06-01,2025-06-10,2025-06-18,8,Annual,208
P-000426,LV-V2-0001171,9,2025-09-01,2025-09-08,2025-09-19,11,Casual,90
P-000426,LV-V2-0001172,11,2025-11-01,2025-11-07,2025-11-20,13,Annual,60
P-000428,LV-V2-0001173,5,2025-05-01,2025-05-05,2025-05-10,5,Casual,195
P-000428,LV-V2-0001174,10,2025-10-01,2025-10-05,2025-10-11,6,Casual,150
P-000429,LV-V2-0001175,4,2025-04-01,2025-04-10,2025-04-15,5,Casual,167
P-000429,LV-V2-0001176,10,2025-10-01,2025-10-05,2025-10-09,4,Casual,180
P-000430,LV-V2-0001177,2,2025-02-01,2025-02-08,2025-02-17,9,Annual,117
P-000431,LV-V2-0001178,6,2025-06-01,2025-06-06,2025-06-10,4,Casual,246
P-000431,LV-V2-0001179,10,2025-10-01,2025-10-10,2025-10-18,8,Annual,120
P-000431,LV-V2-0001180,12,2025-12-01,2025-12-08,2025-12-20,12,Casual,60
P-000432,LV-V2-0001181,7,2025-07-01,2025-07-06,2025-07-10,4,Casual,248
P-000432,LV-V2-0001182,10,2025-10-01,2025-10-09,2025-10-19,10,Annual,90
P-000433,LV-V2-0001183,11,2025-11-01,2025-11-05,2025-11-15,10,Casual,386
P-000434,LV-V2-0001184,1,2025-01-01,2025-01-05,2025-01-14,9,Annual,94
P-000434,LV-V2-0001185,3,2025-03-01,2025-03-10,2025-03-20,10,Medical/Authorized,60
P-000434,LV-V2-0001186,10,2025-10-01,2025-10-06,2025-10-19,13,Annual,210
P-000435,LV-V2-0001187,2,2025-02-01,2025-02-06,2025-02-19,13,Casual,97
P-000435,LV-V2-0001188,9,2025-09-01,2025-09-10,2025-09-21,11,Casual,210
P-000435,LV-V2-0001189,12,2025-12-01,2025-12-10,2025-12-20,10,Casual,90
P-000436,LV-V2-0001190,1,2025-01-01,2025-01-06,2025-01-17,11,Annual,83
P-000436,LV-V2-0001191,6,2025-06-01,2025-06-08,2025-06-22,14,Recovery,150
P-000436,LV-V2-0001192,8,2025-08-01,2025-08-06,2025-08-13,7,Annual,60
P-000436,LV-V2-0001193,11,2025-11-01,2025-11-05,2025-11-13,8,Annual,90
P-000437,LV-V2-0001194,5,2025-05-01,2025-05-07,2025-05-12,5,Casual,170
P-000438,LV-V2-0001195,3,2025-03-01,2025-03-08,2025-03-12,4,Casual,131
P-000438,LV-V2-0001196,6,2025-06-01,2025-06-10,2025-06-25,15,Recovery,90
P-000438,LV-V2-0001197,12,2025-12-01,2025-12-10,2025-12-23,13,Medical/Authorized,180
P-000439,LV-V2-0001198,9,2025-09-01,2025-09-10,2025-09-14,4,Casual,307
P-000440,LV-V2-0001199,2,2025-02-01,2025-02-08,2025-02-15,7,Casual,89
P-000440,LV-V2-0001200,11,2025-11-01,2025-11-08,2025-11-20,12,Casual,270
P-000441,LV-V2-0001201,2,2025-02-01,2025-02-05,2025-02-16,11,Casual,115
P-000441,LV-V2-0001202,6,2025-06-01,2025-06-07,2025-06-15,8,Annual,120
P-000441,LV-V2-0001203,9,2025-09-01,2025-09-05,2025-09-15,10,Annual,90
P-000442,LV-V2-0001204,2,2025-02-01,2025-02-08,2025-02-20,12,Annual,128
P-000442,LV-V2-0001205,8,2025-08-01,2025-08-06,2025-08-10,4,Casual,180
P-000443,LV-V2-0001206,3,2025-03-01,2025-03-09,2025-03-19,10,Annual,110
P-000443,LV-V2-0001207,9,2025-09-01,2025-09-05,2025-09-13,8,Annual,180
P-000444,LV-V2-0001208,1,2025-01-01,2025-01-08,2025-01-18,10,Annual,70
P-000444,LV-V2-0001209,3,2025-03-01,2025-03-07,2025-03-18,11,Casual,60
P-000444,LV-V2-0001210,5,2025-05-01,2025-05-06,2025-05-13,7,Annual,60
P-000444,LV-V2-0001211,7,2025-07-01,2025-07-08,2025-07-15,7,Medical/Authorized,60
P-000444,LV-V2-0001212,10,2025-10-01,2025-10-10,2025-10-23,13,Medical/Authorized,90
P-000445,LV-V2-0001213,2,2025-02-01,2025-02-07,2025-02-15,8,Casual,108
P-000445,LV-V2-0001214,7,2025-07-01,2025-07-07,2025-07-17,10,Medical/Authorized,150
P-000446,LV-V2-0001215,5,2025-05-01,2025-05-07,2025-05-17,10,Annual,175
P-000446,LV-V2-0001216,8,2025-08-01,2025-08-06,2025-08-17,11,Annual,90
P-000446,LV-V2-0001217,10,2025-10-01,2025-10-08,2025-10-19,11,Annual,60
P-000446,LV-V2-0001218,12,2025-12-01,2025-12-07,2025-12-15,8,Annual,60
P-000447,LV-V2-0001219,5,2025-05-01,2025-05-07,2025-05-10,3,Casual,179
P-000448,LV-V2-0001220,7,2025-07-01,2025-07-10,2025-07-14,4,Casual,252
P-000448,LV-V2-0001221,11,2025-11-01,2025-11-05,2025-11-13,8,Annual,120
P-000449,LV-V2-0001222,7,2025-07-01,2025-07-07,2025-07-11,4,Casual,239
P-000449,LV-V2-0001223,9,2025-09-01,2025-09-10,2025-09-20,10,Casual,60
P-000450,LV-V2-0001224,4,2025-04-01,2025-04-06,2025-04-10,4,Casual,149
P-000450,LV-V2-0001225,10,2025-10-01,2025-10-05,2025-10-11,6,Casual,180
P-000451,LV-V2-0001226,2,2025-02-01,2025-02-09,2025-02-19,10,Casual,126
P-000451,LV-V2-0001227,7,2025-07-01,2025-07-09,2025-07-14,5,Casual,150
P-000451,LV-V2-0001228,9,2025-09-01,2025-09-05,2025-09-15,10,Casual,60
P-000452,LV-V2-0001229,2,2025-02-01,2025-02-09,2025-02-15,6,Annual,124
P-000452,LV-V2-0001230,12,2025-12-01,2025-12-06,2025-12-19,13,Casual,300
P-000453,LV-V2-0001231,1,2025-01-01,2025-01-07,2025-01-17,10,Casual,84
P-000453,LV-V2-0001232,6,2025-06-01,2025-06-09,2025-06-15,6,Casual,150
P-000453,LV-V2-0001233,12,2025-12-01,2025-12-09,2025-12-22,13,Annual,180
P-000454,LV-V2-0001234,11,2025-11-01,2025-11-06,2025-11-16,10,Annual,373
P-000456,LV-V2-0001235,1,2025-01-01,2025-01-05,2025-01-13,8,Annual,95
P-000456,LV-V2-0001236,3,2025-03-01,2025-03-06,2025-03-15,9,Annual,60
P-000457,LV-V2-0001237,2,2025-02-01,2025-02-08,2025-02-15,7,Annual,93
P-000457,LV-V2-0001238,10,2025-10-01,2025-10-07,2025-10-19,12,Annual,240
P-000458,LV-V2-0001239,2,2025-02-01,2025-02-05,2025-02-13,8,Annual,81
P-000458,LV-V2-0001240,4,2025-04-01,2025-04-08,2025-04-15,7,Annual,60
P-000458,LV-V2-0001241,6,2025-06-01,2025-06-06,2025-06-12,6,Annual,60
P-000458,LV-V2-0001242,10,2025-10-01,2025-10-08,2025-10-18,10,Casual,120
P-000459,LV-V2-0001243,3,2025-03-01,2025-03-09,2025-03-12,3,Casual,154
P-000459,LV-V2-0001244,11,2025-11-01,2025-11-06,2025-11-14,8,Casual,240
P-000460,LV-V2-0001245,6,2025-06-01,2025-06-08,2025-06-22,14,Recovery,221
P-000460,LV-V2-0001246,10,2025-10-01,2025-10-05,2025-10-17,12,Casual,120
P-000460,LV-V2-0001247,12,2025-12-01,2025-12-08,2025-12-21,13,Annual,60
P-000461,LV-V2-0001248,4,2025-04-01,2025-04-05,2025-04-10,5,Casual,163
P-000461,LV-V2-0001249,10,2025-10-01,2025-10-06,2025-10-11,5,Casual,180
P-000462,LV-V2-0001250,5,2025-05-01,2025-05-10,2025-05-15,5,Casual,184
P-000462,LV-V2-0001251,6,2025-06-01,2025-06-09,2025-06-25,16,Recovery,30
P-000462,LV-V2-0001252,8,2025-08-01,2025-08-05,2025-08-15,10,Annual,60
P-000463,LV-V2-0001253,1,2025-01-01,2025-01-09,2025-01-21,12,Casual,65
P-000463,LV-V2-0001254,3,2025-03-01,2025-03-10,2025-03-17,7,Annual,60
P-000463,LV-V2-0001255,8,2025-08-01,2025-08-05,2025-08-11,6,Casual,150
P-000463,LV-V2-0001256,12,2025-12-01,2025-12-05,2025-12-14,9,Annual,120
P-000464,LV-V2-0001257,1,2025-01-01,2025-01-05,2025-01-15,10,Annual,65
P-000464,LV-V2-0001258,3,2025-03-01,2025-03-08,2025-03-19,11,Annual,60
P-000464,LV-V2-0001259,6,2025-06-01,2025-06-07,2025-06-19,12,Annual,90
P-000464,LV-V2-0001260,8,2025-08-01,2025-08-05,2025-08-12,7,Medical/Authorized,60
P-000464,LV-V2-0001261,10,2025-10-01,2025-10-07,2025-10-18,11,Annual,60
P-000464,LV-V2-0001262,12,2025-12-01,2025-12-09,2025-12-15,6,Casual,60
P-000465,LV-V2-0001263,2,2025-02-01,2025-02-08,2025-02-19,11,Casual,119
P-000465,LV-V2-0001264,12,2025-12-01,2025-12-09,2025-12-18,9,Annual,300
P-000466,LV-V2-0001265,6,2025-06-01,2025-06-05,2025-06-19,14,Recovery,209
P-000466,LV-V2-0001266,8,2025-08-01,2025-08-06,2025-08-14,8,Annual,60
P-000466,LV-V2-0001267,11,2025-11-01,2025-11-08,2025-11-15,7,Casual,90
P-000467,LV-V2-0001268,5,2025-05-01,2025-05-09,2025-05-15,6,Annual,198
P-000467,LV-V2-0001269,8,2025-08-01,2025-08-05,2025-08-18,13,Casual,90
P-000467,LV-V2-0001270,11,2025-11-01,2025-11-05,2025-11-13,8,Casual,90
P-000468,LV-V2-0001271,2,2025-02-01,2025-02-07,2025-02-18,11,Medical/Authorized,84
P-000468,LV-V2-0001272,7,2025-07-01,2025-07-06,2025-07-13,7,Annual,150
P-000468,LV-V2-0001273,9,2025-09-01,2025-09-10,2025-09-21,11,Medical/Authorized,60
P-000468,LV-V2-0001274,11,2025-11-01,2025-11-08,2025-11-20,12,Annual,60
P-000469,LV-V2-0001275,4,2025-04-01,2025-04-05,2025-04-08,3,Casual,156
P-000470,LV-V2-0001276,6,2025-06-01,2025-06-07,2025-06-18,11,Annual,242
P-000470,LV-V2-0001277,9,2025-09-01,2025-09-09,2025-09-21,12,Annual,90
P-000471,LV-V2-0001278,1,2025-01-01,2025-01-10,2025-01-19,9,Casual,90
P-000471,LV-V2-0001279,6,2025-06-01,2025-06-10,2025-06-15,5,Casual,150
P-000471,LV-V2-0001280,10,2025-10-01,2025-10-06,2025-10-17,11,Casual,120
P-000472,LV-V2-0001281,1,2025-01-01,2025-01-05,2025-01-16,11,Casual,85
P-000472,LV-V2-0001282,3,2025-03-01,2025-03-05,2025-03-14,9,Annual,60
P-000472,LV-V2-0001283,11,2025-11-01,2025-11-05,2025-11-16,11,Annual,240
P-000473,LV-V2-0001284,3,2025-03-01,2025-03-09,2025-03-19,10,Medical/Authorized,130
P-000473,LV-V2-0001285,6,2025-06-01,2025-06-10,2025-06-18,8,Annual,90
P-000473,LV-V2-0001286,12,2025-12-01,2025-12-06,2025-12-15,9,Annual,180
P-000474,LV-V2-0001287,1,2025-01-01,2025-01-10,2025-01-20,10,Annual,86
P-000474,LV-V2-0001288,5,2025-05-01,2025-05-09,2025-05-17,8,Annual,120
P-000474,LV-V2-0001289,10,2025-10-01,2025-10-09,2025-10-22,13,Annual,150
P-000474,LV-V2-0001290,12,2025-12-01,2025-12-10,2025-12-16,6,Casual,60
P-000475,LV-V2-0001291,2,2025-02-01,2025-02-06,2025-02-13,7,Medical/Authorized,88
P-000475,LV-V2-0001292,8,2025-08-01,2025-08-05,2025-08-18,13,Casual,180
P-000475,LV-V2-0001293,10,2025-10-01,2025-10-08,2025-10-16,8,Annual,60
P-000476,LV-V2-0001294,4,2025-04-01,2025-04-06,2025-04-09,3,Casual,165
P-000477,LV-V2-0001295,2,2025-02-01,2025-02-06,2025-02-17,11,Annual,105
P-000477,LV-V2-0001296,8,2025-08-01,2025-08-07,2025-08-11,4,Casual,180
P-000477,LV-V2-0001297,10,2025-10-01,2025-10-09,2025-10-18,9,Annual,60
P-000478,LV-V2-0001298,7,2025-07-01,2025-07-09,2025-07-20,11,Casual,277
P-000478,LV-V2-0001299,9,2025-09-01,2025-09-09,2025-09-15,6,Annual,60
P-000479,LV-V2-0001300,4,2025-04-01,2025-04-05,2025-04-12,7,Annual,147
P-000479,LV-V2-0001301,9,2025-09-01,2025-09-10,2025-09-23,13,Annual,150
P-000479,LV-V2-0001302,11,2025-11-01,2025-11-10,2025-11-20,10,Annual,60
P-000480,LV-V2-0001303,4,2025-04-01,2025-04-06,2025-04-09,3,Casual,152
P-000480,LV-V2-0001304,11,2025-11-01,2025-11-05,2025-11-09,4,Casual,210
P-000481,LV-V2-0001305,1,2025-01-01,2025-01-08,2025-01-17,9,Annual,69
P-000481,LV-V2-0001306,4,2025-04-01,2025-04-09,2025-04-15,6,Annual,90
P-000481,LV-V2-0001307,8,2025-08-01,2025-08-06,2025-08-13,7,Annual,120
P-000481,LV-V2-0001308,10,2025-10-01,2025-10-08,2025-10-18,10,Annual,60
P-000481,LV-V2-0001309,12,2025-12-01,2025-12-07,2025-12-16,9,Annual,60
P-000482,LV-V2-0001310,3,2025-03-01,2025-03-08,2025-03-18,10,Annual,116
P-000482,LV-V2-0001311,11,2025-11-01,2025-11-10,2025-11-23,13,Annual,240
P-000483,LV-V2-0001312,2,2025-02-01,2025-02-05,2025-02-13,8,Annual,88
P-000483,LV-V2-0001313,8,2025-08-01,2025-08-06,2025-08-12,6,Casual,180
P-000483,LV-V2-0001314,10,2025-10-01,2025-10-09,2025-10-15,6,Annual,60
P-000484,LV-V2-0001315,1,2025-01-01,2025-01-07,2025-01-16,9,Annual,73
P-000484,LV-V2-0001316,3,2025-03-01,2025-03-05,2025-03-12,7,Medical/Authorized,60
P-000484,LV-V2-0001317,10,2025-10-01,2025-10-09,2025-10-19,10,Annual,210
P-000485,LV-V2-0001318,4,2025-04-01,2025-04-09,2025-04-12,3,Casual,187
P-000485,LV-V2-0001319,10,2025-10-01,2025-10-08,2025-10-12,4,Casual,180
P-000486,LV-V2-0001320,2,2025-02-01,2025-02-10,2025-02-21,11,Casual,113
P-000486,LV-V2-0001321,7,2025-07-01,2025-07-09,2025-07-14,5,Casual,150
P-000486,LV-V2-0001322,9,2025-09-01,2025-09-08,2025-09-18,10,Annual,60
P-000486,LV-V2-0001323,11,2025-11-01,2025-11-06,2025-11-13,7,Annual,60
P-000487,LV-V2-0001324,1,2025-01-01,2025-01-08,2025-01-21,13,Casual,68
P-000487,LV-V2-0001325,3,2025-03-01,2025-03-08,2025-03-17,9,Casual,60
P-000487,LV-V2-0001326,6,2025-06-01,2025-06-08,2025-06-20,12,Medical/Authorized,90
P-000487,LV-V2-0001327,8,2025-08-01,2025-08-08,2025-08-20,12,Annual,60
P-000487,LV-V2-0001328,11,2025-11-01,2025-11-06,2025-11-13,7,Annual,90
P-000488,LV-V2-0001329,1,2025-01-01,2025-01-07,2025-01-16,9,Casual,91
P-000488,LV-V2-0001330,9,2025-09-01,2025-09-05,2025-09-15,10,Medical/Authorized,240
P-000488,LV-V2-0001331,11,2025-11-01,2025-11-09,2025-11-15,6,Annual,60
P-000489,LV-V2-0001332,5,2025-05-01,2025-05-05,2025-05-08,3,Casual,215
P-000490,LV-V2-0001333,3,2025-03-01,2025-03-05,2025-03-13,8,Annual,142
P-000490,LV-V2-0001334,6,2025-06-01,2025-06-09,2025-06-18,9,Annual,90
P-000490,LV-V2-0001335,8,2025-08-01,2025-08-10,2025-08-18,8,Casual,60
P-000490,LV-V2-0001336,10,2025-10-01,2025-10-07,2025-10-17,10,Annual,60
P-000490,LV-V2-0001337,12,2025-12-01,2025-12-09,2025-12-20,11,Annual,60
P-000491,LV-V2-0001338,1,2025-01-01,2025-01-05,2025-01-18,13,Annual,68
P-000491,LV-V2-0001339,3,2025-03-01,2025-03-08,2025-03-16,8,Annual,60
P-000491,LV-V2-0001340,7,2025-07-01,2025-07-05,2025-07-17,12,Casual,120
P-000491,LV-V2-0001341,10,2025-10-01,2025-10-06,2025-10-17,11,Casual,90
P-000491,LV-V2-0001342,12,2025-12-01,2025-12-08,2025-12-14,6,Annual,60
P-000492,LV-V2-0001343,9,2025-09-01,2025-09-10,2025-09-16,6,Annual,320
P-000492,LV-V2-0001344,12,2025-12-01,2025-12-05,2025-12-18,13,Annual,90
P-000493,LV-V2-0001345,8,2025-08-01,2025-08-09,2025-08-13,4,Casual,263
P-000493,LV-V2-0001346,11,2025-11-01,2025-11-06,2025-11-15,9,Casual,90
P-000494,LV-V2-0001347,3,2025-03-01,2025-03-10,2025-03-18,8,Annual,124
P-000494,LV-V2-0001348,6,2025-06-01,2025-06-08,2025-06-16,8,Annual,90
P-000494,LV-V2-0001349,9,2025-09-01,2025-09-08,2025-09-17,9,Annual,90
P-000495,LV-V2-0001350,4,2025-04-01,2025-04-07,2025-04-12,5,Casual,153
P-000495,LV-V2-0001351,9,2025-09-01,2025-09-08,2025-09-14,6,Casual,150
P-000495,LV-V2-0001352,11,2025-11-01,2025-11-08,2025-11-17,9,Annual,60
P-000496,LV-V2-0001353,1,2025-01-01,2025-01-09,2025-01-21,12,Annual,63
P-000496,LV-V2-0001354,7,2025-07-01,2025-07-10,2025-07-20,10,Annual,180
P-000496,LV-V2-0001355,10,2025-10-01,2025-10-10,2025-10-16,6,Annual,90
P-000497,LV-V2-0001356,2,2025-02-01,2025-02-09,2025-02-18,9,Medical/Authorized,109
P-000498,LV-V2-0001357,3,2025-03-01,2025-03-06,2025-03-15,9,Casual,136
P-000498,LV-V2-0001358,5,2025-05-01,2025-05-08,2025-05-15,7,Casual,60
P-000498,LV-V2-0001359,10,2025-10-01,2025-10-06,2025-10-16,10,Annual,150
P-000499,LV-V2-0001360,1,2025-01-01,2025-01-06,2025-01-19,13,Casual,96
P-000499,LV-V2-0001361,9,2025-09-01,2025-09-06,2025-09-19,13,Annual,240
P-000499,LV-V2-0001362,11,2025-11-01,2025-11-07,2025-11-13,6,Medical/Authorized,60
P-000500,LV-V2-0001363,3,2025-03-01,2025-03-07,2025-03-16,9,Casual,131
P-000500,LV-V2-0001364,6,2025-06-01,2025-06-06,2025-06-15,9,Medical/Authorized,90
P-000500,LV-V2-0001365,8,2025-08-01,2025-08-07,2025-08-14,7,Medical/Authorized,60
P-000500,LV-V2-0001366,12,2025-12-01,2025-12-08,2025-12-15,7,Annual,120
P-000501,LV-V2-0001367,4,2025-04-01,2025-04-07,2025-04-12,5,Casual,173
P-000501,LV-V2-0001368,9,2025-09-01,2025-09-07,2025-09-12,5,Casual,150
P-000502,LV-V2-0001369,2,2025-02-01,2025-02-07,2025-02-19,12,Annual,107
P-000502,LV-V2-0001370,5,2025-05-01,2025-05-09,2025-05-15,6,Casual,90
P-000502,LV-V2-0001371,12,2025-12-01,2025-12-06,2025-12-15,9,Annual,210
P-000503,LV-V2-0001372,9,2025-09-01,2025-09-08,2025-09-13,5,Casual,298
P-000503,LV-V2-0001373,11,2025-11-01,2025-11-07,2025-11-16,9,Casual,60
P-000504,LV-V2-0001374,5,2025-05-01,2025-05-08,2025-05-14,6,Casual,183
P-000504,LV-V2-0001375,7,2025-07-01,2025-07-06,2025-07-13,7,Casual,60
P-000504,LV-V2-0001376,11,2025-11-01,2025-11-08,2025-11-16,8,Annual,120
P-000505,LV-V2-0001377,1,2025-01-01,2025-01-06,2025-01-18,12,Annual,79
P-000505,LV-V2-0001378,5,2025-05-01,2025-05-09,2025-05-20,11,Annual,120
P-000505,LV-V2-0001379,8,2025-08-01,2025-08-08,2025-08-17,9,Medical/Authorized,90
P-000505,LV-V2-0001380,12,2025-12-01,2025-12-05,2025-12-18,13,Annual,120
P-000506,LV-V2-0001381,6,2025-06-01,2025-06-08,2025-06-22,14,Recovery,209
P-000506,LV-V2-0001382,9,2025-09-01,2025-09-07,2025-09-15,8,Casual,90
P-000507,LV-V2-0001383,2,2025-02-01,2025-02-06,2025-02-12,6,Annual,91
P-000507,LV-V2-0001384,9,2025-09-01,2025-09-06,2025-09-12,6,Medical/Authorized,210
P-000507,LV-V2-0001385,11,2025-11-01,2025-11-06,2025-11-14,8,Casual,60
P-000508,LV-V2-0001386,11,2025-11-01,2025-11-09,2025-11-21,12,Medical/Authorized,361
P-000509,LV-V2-0001387,2,2025-02-01,2025-02-05,2025-02-17,12,Casual,125
P-000509,LV-V2-0001388,6,2025-06-01,2025-06-09,2025-06-19,10,Annual,120
P-000509,LV-V2-0001389,8,2025-08-01,2025-08-08,2025-08-20,12,Annual,60
P-000509,LV-V2-0001390,11,2025-11-01,2025-11-07,2025-11-15,8,Medical/Authorized,90
P-000510,LV-V2-0001391,10,2025-10-01,2025-10-10,2025-10-13,3,Casual,366
P-000511,LV-V2-0001392,6,2025-06-01,2025-06-09,2025-06-25,16,Recovery,208
P-000511,LV-V2-0001393,8,2025-08-01,2025-08-09,2025-08-19,10,Annual,60
P-000511,LV-V2-0001394,10,2025-10-01,2025-10-10,2025-10-23,13,Annual,60
P-000511,LV-V2-0001395,12,2025-12-01,2025-12-07,2025-12-16,9,Annual,60
P-000512,LV-V2-0001396,5,2025-05-01,2025-05-08,2025-05-13,5,Casual,191
P-000513,LV-V2-0001397,1,2025-01-01,2025-01-05,2025-01-12,7,Casual,73
P-000513,LV-V2-0001398,4,2025-04-01,2025-04-05,2025-04-15,10,Casual,90
P-000513,LV-V2-0001399,11,2025-11-01,2025-11-05,2025-11-18,13,Annual,210
P-000514,LV-V2-0001400,4,2025-04-01,2025-04-06,2025-04-09,3,Casual,171
P-000515,LV-V2-0001401,3,2025-03-01,2025-03-07,2025-03-17,10,Casual,151
P-000515,LV-V2-0001402,8,2025-08-01,2025-08-07,2025-08-17,10,Annual,150
P-000516,LV-V2-0001403,1,2025-01-01,2025-01-07,2025-01-20,13,Casual,88
P-000516,LV-V2-0001404,3,2025-03-01,2025-03-10,2025-03-17,7,Annual,60
P-000516,LV-V2-0001405,5,2025-05-01,2025-05-06,2025-05-16,10,Annual,60
P-000516,LV-V2-0001406,8,2025-08-01,2025-08-09,2025-08-19,10,Casual,90
P-000516,LV-V2-0001407,11,2025-11-01,2025-11-09,2025-11-18,9,Casual,90
P-000517,LV-V2-0001408,2,2025-02-01,2025-02-09,2025-02-17,8,Annual,86
P-000517,LV-V2-0001409,9,2025-09-01,2025-09-05,2025-09-16,11,Annual,210
P-000517,LV-V2-0001410,11,2025-11-01,2025-11-05,2025-11-14,9,Annual,60
P-000518,LV-V2-0001411,5,2025-05-01,2025-05-08,2025-05-12,4,Casual,216
P-000519,LV-V2-0001412,2,2025-02-01,2025-02-07,2025-02-15,8,Annual,85
P-000519,LV-V2-0001413,4,2025-04-01,2025-04-05,2025-04-14,9,Annual,60
P-000519,LV-V2-0001414,6,2025-06-01,2025-06-06,2025-06-12,6,Medical/Authorized,60
P-000519,LV-V2-0001415,10,2025-10-01,2025-10-10,2025-10-17,7,Annual,120
P-000519,LV-V2-0001416,12,2025-12-01,2025-12-09,2025-12-18,9,Annual,60
P-000520,LV-V2-0001417,4,2025-04-01,2025-04-07,2025-04-18,11,Annual,145
P-000520,LV-V2-0001418,8,2025-08-01,2025-08-07,2025-08-16,9,Medical/Authorized,120
P-000521,LV-V2-0001419,9,2025-09-01,2025-09-09,2025-09-12,3,Casual,313
P-000522,LV-V2-0001420,1,2025-01-01,2025-01-05,2025-01-13,8,Annual,75
P-000522,LV-V2-0001421,6,2025-06-01,2025-06-06,2025-06-12,6,Casual,150
P-000522,LV-V2-0001422,10,2025-10-01,2025-10-07,2025-10-14,7,Annual,120
P-000522,LV-V2-0001423,12,2025-12-01,2025-12-10,2025-12-23,13,Casual,60
P-000523,LV-V2-0001424,8,2025-08-01,2025-08-08,2025-08-12,4,Casual,270
P-000524,LV-V2-0001425,2,2025-02-01,2025-02-10,2025-02-23,13,Medical/Authorized,121
P-000524,LV-V2-0001426,4,2025-04-01,2025-04-10,2025-04-18,8,Annual,60
P-000524,LV-V2-0001427,6,2025-06-01,2025-06-09,2025-06-22,13,Annual,60
P-000524,LV-V2-0001428,9,2025-09-01,2025-09-06,2025-09-14,8,Annual,90
P-000524,LV-V2-0001429,12,2025-12-01,2025-12-05,2025-12-12,7,Casual,90
P-000525,LV-V2-0001430,2,2025-02-01,2025-02-08,2025-02-14,6,Casual,93
P-000525,LV-V2-0001431,5,2025-05-01,2025-05-05,2025-05-16,11,Annual,90
P-000525,LV-V2-0001432,7,2025-07-01,2025-07-06,2025-07-12,6,Annual,60
P-000525,LV-V2-0001433,9,2025-09-01,2025-09-05,2025-09-18,13,Casual,60
P-000525,LV-V2-0001434,11,2025-11-01,2025-11-06,2025-11-14,8,Annual,60
P-000526,LV-V2-0001435,4,2025-04-01,2025-04-06,2025-04-16,10,Annual,150
P-000526,LV-V2-0001436,6,2025-06-01,2025-06-10,2025-06-18,8,Casual,60
P-000526,LV-V2-0001437,11,2025-11-01,2025-11-05,2025-11-14,9,Annual,150
P-000527,LV-V2-0001438,9,2025-09-01,2025-09-08,2025-09-12,4,Casual,316
P-000528,LV-V2-0001439,2,2025-02-01,2025-02-06,2025-02-19,13,Casual,116
P-000529,LV-V2-0001440,4,2025-04-01,2025-04-10,2025-04-13,3,Casual,157
P-000529,LV-V2-0001441,11,2025-11-01,2025-11-07,2025-11-12,5,Casual,210
P-000530,LV-V2-0001442,1,2025-01-01,2025-01-06,2025-01-16,10,Annual,64
P-000530,LV-V2-0001443,4,2025-04-01,2025-04-06,2025-04-19,13,Annual,90
P-000530,LV-V2-0001444,6,2025-06-01,2025-06-07,2025-06-17,10,Annual,60
P-000530,LV-V2-0001445,8,2025-08-01,2025-08-05,2025-08-15,10,Annual,60
P-000530,LV-V2-0001446,10,2025-10-01,2025-10-08,2025-10-20,12,Annual,60
P-000530,LV-V2-0001447,12,2025-12-01,2025-12-08,2025-12-20,12,Medical/Authorized,60
P-000531,LV-V2-0001448,3,2025-03-01,2025-03-09,2025-03-18,9,Annual,157
P-000531,LV-V2-0001449,8,2025-08-01,2025-08-10,2025-08-13,3,Casual,150
P-000531,LV-V2-0001450,12,2025-12-01,2025-12-10,2025-12-23,13,Annual,120
P-000532,LV-V2-0001451,2,2025-02-01,2025-02-06,2025-02-15,9,Casual,125
P-000532,LV-V2-0001452,11,2025-11-01,2025-11-09,2025-11-15,6,Annual,270
P-000533,LV-V2-0001453,1,2025-01-01,2025-01-06,2025-01-19,13,Casual,96
P-000533,LV-V2-0001454,5,2025-05-01,2025-05-05,2025-05-18,13,Casual,120
P-000533,LV-V2-0001455,9,2025-09-01,2025-09-05,2025-09-15,10,Annual,120
P-000533,LV-V2-0001456,11,2025-11-01,2025-11-05,2025-11-17,12,Casual,60
P-000534,LV-V2-0001457,4,2025-04-01,2025-04-08,2025-04-19,11,Annual,187
P-000534,LV-V2-0001458,8,2025-08-01,2025-08-05,2025-08-12,7,Annual,120
P-000535,LV-V2-0001459,2,2025-02-01,2025-02-05,2025-02-15,10,Annual,98
P-000535,LV-V2-0001460,11,2025-11-01,2025-11-06,2025-11-14,8,Annual,270
P-000536,LV-V2-0001461,3,2025-03-01,2025-03-07,2025-03-19,12,Casual,154
P-000536,LV-V2-0001462,5,2025-05-01,2025-05-05,2025-05-13,8,Annual,60
P-000536,LV-V2-0001463,7,2025-07-01,2025-07-09,2025-07-17,8,Medical/Authorized,60
P-000536,LV-V2-0001464,10,2025-10-01,2025-10-10,2025-10-18,8,Annual,90
P-000536,LV-V2-0001465,12,2025-12-01,2025-12-10,2025-12-19,9,Casual,60
P-000538,LV-V2-0001466,2,2025-02-01,2025-02-10,2025-02-19,9,Casual,128
P-000538,LV-V2-0001467,7,2025-07-01,2025-07-06,2025-07-18,12,Annual,150
P-000538,LV-V2-0001468,9,2025-09-01,2025-09-06,2025-09-17,11,Annual,60
P-000538,LV-V2-0001469,12,2025-12-01,2025-12-06,2025-12-12,6,Annual,90
P-000539,LV-V2-0001470,1,2025-01-01,2025-01-09,2025-01-19,10,Casual,82
P-000539,LV-V2-0001471,6,2025-06-01,2025-06-06,2025-06-18,12,Recovery,150
P-000539,LV-V2-0001472,8,2025-08-01,2025-08-08,2025-08-20,12,Annual,60
P-000539,LV-V2-0001473,12,2025-12-01,2025-12-07,2025-12-20,13,Annual,120
P-000540,LV-V2-0001474,3,2025-03-01,2025-03-06,2025-03-17,11,Medical/Authorized,113
P-000540,LV-V2-0001475,10,2025-10-01,2025-10-06,2025-10-15,9,Annual,210
P-000540,LV-V2-0001476,12,2025-12-01,2025-12-05,2025-12-17,12,Casual,60
P-000541,LV-V2-0001477,6,2025-06-01,2025-06-09,2025-06-25,16,Recovery,247
P-000541,LV-V2-0001478,8,2025-08-01,2025-08-06,2025-08-17,11,Casual,60
P-000541,LV-V2-0001479,12,2025-12-01,2025-12-10,2025-12-22,12,Annual,120
P-000542,LV-V2-0001480,6,2025-06-01,2025-06-09,2025-06-26,17,Recovery,238
P-000542,LV-V2-0001481,8,2025-08-01,2025-08-06,2025-08-15,9,Casual,60
P-000542,LV-V2-0001482,10,2025-10-01,2025-10-05,2025-10-16,11,Annual,60
P-000542,LV-V2-0001483,12,2025-12-01,2025-12-09,2025-12-18,9,Annual,60
P-000543,LV-V2-0001484,2,2025-02-01,2025-02-05,2025-02-15,10,Annual,88
P-000543,LV-V2-0001485,5,2025-05-01,2025-05-09,2025-05-17,8,Casual,90
P-000543,LV-V2-0001486,7,2025-07-01,2025-07-08,2025-07-18,10,Annual,60
P-000543,LV-V2-0001487,9,2025-09-01,2025-09-10,2025-09-18,8,Casual,60
P-000543,LV-V2-0001488,11,2025-11-01,2025-11-09,2025-11-16,7,Medical/Authorized,60
P-000544,LV-V2-0001489,2,2025-02-01,2025-02-05,2025-02-11,6,Annual,114
P-000544,LV-V2-0001490,7,2025-07-01,2025-07-07,2025-07-16,9,Casual,150
P-000544,LV-V2-0001491,9,2025-09-01,2025-09-08,2025-09-19,11,Annual,60
P-000544,LV-V2-0001492,12,2025-12-01,2025-12-07,2025-12-15,8,Annual,90
P-000545,LV-V2-0001493,5,2025-05-01,2025-05-10,2025-05-14,4,Casual,190
P-000545,LV-V2-0001494,6,2025-06-01,2025-06-09,2025-06-21,12,Recovery,30
P-000545,LV-V2-0001495,10,2025-10-01,2025-10-07,2025-10-20,13,Medical/Authorized,120
P-000545,LV-V2-0001496,12,2025-12-01,2025-12-08,2025-12-21,13,Annual,60
P-000546,LV-V2-0001497,1,2025-01-01,2025-01-10,2025-01-22,12,Annual,71
P-000546,LV-V2-0001498,3,2025-03-01,2025-03-06,2025-03-13,7,Casual,60
P-000546,LV-V2-0001499,6,2025-06-01,2025-06-10,2025-06-19,9,Annual,90
P-000546,LV-V2-0001500,8,2025-08-01,2025-08-06,2025-08-14,8,Casual,60
P-000547,LV-V2-0001501,5,2025-05-01,2025-05-05,2025-05-09,4,Casual,178
P-000548,LV-V2-0001502,5,2025-05-01,2025-05-06,2025-05-13,7,Medical/Authorized,206
P-000548,LV-V2-0001503,7,2025-07-01,2025-07-07,2025-07-16,9,Annual,60
P-000548,LV-V2-0001504,12,2025-12-01,2025-12-09,2025-12-20,11,Casual,150
P-000549,LV-V2-0001505,5,2025-05-01,2025-05-06,2025-05-12,6,Casual,172
P-000549,LV-V2-0001506,7,2025-07-01,2025-07-06,2025-07-14,8,Medical/Authorized,60
P-000549,LV-V2-0001507,12,2025-12-01,2025-12-07,2025-12-19,12,Annual,150
P-000550,LV-V2-0001508,1,2025-01-01,2025-01-06,2025-01-12,6,Annual,73
P-000550,LV-V2-0001509,3,2025-03-01,2025-03-07,2025-03-19,12,Annual,60
P-000550,LV-V2-0001510,5,2025-05-01,2025-05-06,2025-05-14,8,Casual,60
P-000550,LV-V2-0001511,9,2025-09-01,2025-09-07,2025-09-15,8,Annual,120
P-000550,LV-V2-0001512,12,2025-12-01,2025-12-07,2025-12-19,12,Annual,90
P-000551,LV-V2-0001513,3,2025-03-01,2025-03-10,2025-03-21,11,Annual,125
P-000551,LV-V2-0001514,6,2025-06-01,2025-06-08,2025-06-15,7,Annual,90
P-000551,LV-V2-0001515,8,2025-08-01,2025-08-08,2025-08-20,12,Annual,60
P-000552,LV-V2-0001516,2,2025-02-01,2025-02-09,2025-02-15,6,Annual,119
P-000552,LV-V2-0001517,6,2025-06-01,2025-06-10,2025-06-16,6,Casual,120
P-000553,LV-V2-0001518,1,2025-01-01,2025-01-10,2025-01-18,8,Casual,78
P-000553,LV-V2-0001519,3,2025-03-01,2025-03-10,2025-03-21,11,Casual,60
P-000553,LV-V2-0001520,9,2025-09-01,2025-09-06,2025-09-17,11,Annual,180
P-000553,LV-V2-0001521,11,2025-11-01,2025-11-07,2025-11-14,7,Casual,60
P-000554,LV-V2-0001522,4,2025-04-01,2025-04-08,2025-04-13,5,Casual,173
P-000554,LV-V2-0001523,10,2025-10-01,2025-10-08,2025-10-12,4,Casual,180
P-000555,LV-V2-0001524,1,2025-01-01,2025-01-05,2025-01-14,9,Annual,95
P-000555,LV-V2-0001525,7,2025-07-01,2025-07-06,2025-07-18,12,Annual,180
P-000555,LV-V2-0001526,9,2025-09-01,2025-09-07,2025-09-18,11,Annual,60
P-000556,LV-V2-0001527,2,2025-02-01,2025-02-08,2025-02-17,9,Casual,101
P-000556,LV-V2-0001528,5,2025-05-01,2025-05-10,2025-05-19,9,Annual,90
P-000556,LV-V2-0001529,7,2025-07-01,2025-07-08,2025-07-18,10,Annual,60
P-000556,LV-V2-0001530,12,2025-12-01,2025-12-05,2025-12-16,11,Casual,150
P-000557,LV-V2-0001531,1,2025-01-01,2025-01-06,2025-01-19,13,Medical/Authorized,87
P-000557,LV-V2-0001532,5,2025-05-01,2025-05-05,2025-05-16,11,Annual,120
P-000557,LV-V2-0001533,10,2025-10-01,2025-10-07,2025-10-16,9,Annual,150
P-000557,LV-V2-0001534,12,2025-12-01,2025-12-07,2025-12-13,6,Casual,60
P-000558,LV-V2-0001535,2,2025-02-01,2025-02-08,2025-02-16,8,Annual,101
P-000558,LV-V2-0001536,10,2025-10-01,2025-10-07,2025-10-17,10,Casual,240
P-000559,LV-V2-0001537,1,2025-01-01,2025-01-10,2025-01-19,9,Casual,70
P-000559,LV-V2-0001538,4,2025-04-01,2025-04-05,2025-04-14,9,Annual,90
P-000559,LV-V2-0001539,11,2025-11-01,2025-11-05,2025-11-14,9,Casual,210
P-000560,LV-V2-0001540,2,2025-02-01,2025-02-08,2025-02-18,10,Casual,119
P-000560,LV-V2-0001541,5,2025-05-01,2025-05-06,2025-05-15,9,Casual,90
P-000561,LV-V2-0001542,3,2025-03-01,2025-03-05,2025-03-10,5,Casual,156
P-000561,LV-V2-0001543,9,2025-09-01,2025-09-08,2025-09-12,4,Casual,180
P-000562,LV-V2-0001544,7,2025-07-01,2025-07-06,2025-07-10,4,Casual,272
P-000562,LV-V2-0001545,11,2025-11-01,2025-11-07,2025-11-20,13,Annual,120
P-000563,LV-V2-0001546,4,2025-04-01,2025-04-05,2025-04-08,3,Casual,167
P-000564,LV-V2-0001547,5,2025-05-01,2025-05-06,2025-05-10,4,Casual,170
P-000564,LV-V2-0001548,11,2025-11-01,2025-11-05,2025-11-08,3,Casual,180
P-000565,LV-V2-0001549,1,2025-01-01,2025-01-08,2025-01-17,9,Annual,92
P-000565,LV-V2-0001550,7,2025-07-01,2025-07-10,2025-07-13,3,Casual,180
P-000565,LV-V2-0001551,10,2025-10-01,2025-10-09,2025-10-21,12,Casual,90
P-000565,LV-V2-0001552,12,2025-12-01,2025-12-08,2025-12-14,6,Annual,60
P-000566,LV-V2-0001553,1,2025-01-01,2025-01-05,2025-01-17,12,Medical/Authorized,99
P-000566,LV-V2-0001554,5,2025-05-01,2025-05-08,2025-05-17,9,Annual,120
P-000566,LV-V2-0001555,8,2025-08-01,2025-08-07,2025-08-13,6,Casual,90
P-000567,LV-V2-0001556,4,2025-04-01,2025-04-05,2025-04-08,3,Casual,150
P-000567,LV-V2-0001557,11,2025-11-01,2025-11-06,2025-11-16,10,Casual,210
P-000568,LV-V2-0001558,2,2025-02-01,2025-02-08,2025-02-14,6,Annual,129
P-000568,LV-V2-0001559,5,2025-05-01,2025-05-06,2025-05-17,11,Annual,90
P-000568,LV-V2-0001560,7,2025-07-01,2025-07-06,2025-07-13,7,Casual,60
P-000568,LV-V2-0001561,11,2025-11-01,2025-11-10,2025-11-20,10,Casual,120
P-000569,LV-V2-0001562,1,2025-01-01,2025-01-06,2025-01-15,9,Casual,71
P-000569,LV-V2-0001563,5,2025-05-01,2025-05-05,2025-05-13,8,Annual,120
P-000569,LV-V2-0001564,8,2025-08-01,2025-08-07,2025-08-20,13,Annual,90
P-000569,LV-V2-0001565,11,2025-11-01,2025-11-06,2025-11-12,6,Medical/Authorized,90
P-000570,LV-V2-0001566,4,2025-04-01,2025-04-06,2025-04-09,3,Casual,169
P-000570,LV-V2-0001567,11,2025-11-01,2025-11-05,2025-11-09,4,Casual,210
P-000571,LV-V2-0001568,4,2025-04-01,2025-04-05,2025-04-15,10,Annual,160
P-000571,LV-V2-0001569,9,2025-09-01,2025-09-05,2025-09-12,7,Annual,150
P-000572,LV-V2-0001570,10,2025-10-01,2025-10-10,2025-10-18,8,Casual,358
P-000572,LV-V2-0001571,12,2025-12-01,2025-12-05,2025-12-17,12,Medical/Authorized,60
P-000573,LV-V2-0001572,6,2025-06-01,2025-06-05,2025-06-20,15,Recovery,207
P-000573,LV-V2-0001573,11,2025-11-01,2025-11-10,2025-11-19,9,Annual,150
P-000574,LV-V2-0001574,7,2025-07-01,2025-07-06,2025-07-11,5,Casual,275
P-000575,LV-V2-0001575,1,2025-01-01,2025-01-09,2025-01-17,8,Medical/Authorized,61
P-000575,LV-V2-0001576,6,2025-06-01,2025-06-08,2025-06-20,12,Casual,150
P-000575,LV-V2-0001577,8,2025-08-01,2025-08-09,2025-08-16,7,Casual,60
P-000575,LV-V2-0001578,11,2025-11-01,2025-11-09,2025-11-22,13,Annual,90
P-000576,LV-V2-0001579,5,2025-05-01,2025-05-05,2025-05-10,5,Casual,180
P-000577,LV-V2-0001580,1,2025-01-01,2025-01-06,2025-01-16,10,Annual,86
P-000577,LV-V2-0001581,3,2025-03-01,2025-03-07,2025-03-19,12,Annual,60
P-000577,LV-V2-0001582,8,2025-08-01,2025-08-07,2025-08-19,12,Medical/Authorized,150
P-000578,LV-V2-0001583,3,2025-03-01,2025-03-06,2025-03-12,6,Casual,141
P-000578,LV-V2-0001584,6,2025-06-01,2025-06-07,2025-06-19,12,Casual,90
P-000578,LV-V2-0001585,10,2025-10-01,2025-10-08,2025-10-17,9,Annual,120
P-000579,LV-V2-0001586,2,2025-02-01,2025-02-07,2025-02-17,10,Annual,92
P-000579,LV-V2-0001587,4,2025-04-01,2025-04-05,2025-04-16,11,Annual,60
P-000579,LV-V2-0001588,9,2025-09-01,2025-09-09,2025-09-22,13,Annual,150
P-000579,LV-V2-0001589,12,2025-12-01,2025-12-06,2025-12-17,11,Casual,90
P-000580,LV-V2-0001590,4,2025-04-01,2025-04-05,2025-04-09,4,Casual,142
P-000580,LV-V2-0001591,6,2025-06-01,2025-06-06,2025-06-23,17,Recovery,60
P-000580,LV-V2-0001592,9,2025-09-01,2025-09-05,2025-09-15,10,Annual,90
P-000580,LV-V2-0001593,12,2025-12-01,2025-12-08,2025-12-16,8,Casual,90
P-000581,LV-V2-0001594,1,2025-01-01,2025-01-08,2025-01-15,7,Medical/Authorized,69
P-000581,LV-V2-0001595,7,2025-07-01,2025-07-07,2025-07-10,3,Casual,180
P-000581,LV-V2-0001596,10,2025-10-01,2025-10-10,2025-10-16,6,Annual,90
P-000581,LV-V2-0001597,12,2025-12-01,2025-12-07,2025-12-18,11,Annual,60
P-000582,LV-V2-0001598,2,2025-02-01,2025-02-07,2025-02-15,8,Annual,101
P-000582,LV-V2-0001599,10,2025-10-01,2025-10-09,2025-10-15,6,Casual,240
P-000583,LV-V2-0001600,6,2025-06-01,2025-06-09,2025-06-14,5,Casual,226
P-000584,LV-V2-0001601,4,2025-04-01,2025-04-07,2025-04-13,6,Casual,185
P-000584,LV-V2-0001602,6,2025-06-01,2025-06-07,2025-06-13,6,Annual,60
P-000584,LV-V2-0001603,8,2025-08-01,2025-08-06,2025-08-17,11,Annual,60
P-000584,LV-V2-0001604,10,2025-10-01,2025-10-06,2025-10-16,10,Annual,60
P-000584,LV-V2-0001605,12,2025-12-01,2025-12-06,2025-12-14,8,Annual,60
P-000585,LV-V2-0001606,6,2025-06-01,2025-06-07,2025-06-24,17,Recovery,207
P-000585,LV-V2-0001607,8,2025-08-01,2025-08-08,2025-08-14,6,Casual,60
P-000585,LV-V2-0001608,11,2025-11-01,2025-11-05,2025-11-16,11,Annual,90
P-000586,LV-V2-0001609,5,2025-05-01,2025-05-06,2025-05-11,5,Casual,197
P-000586,LV-V2-0001610,11,2025-11-01,2025-11-06,2025-11-09,3,Casual,180
P-000587,LV-V2-0001611,3,2025-03-01,2025-03-05,2025-03-14,9,Casual,155
P-000587,LV-V2-0001612,6,2025-06-01,2025-06-05,2025-06-14,9,Annual,90
P-000587,LV-V2-0001613,8,2025-08-01,2025-08-07,2025-08-15,8,Medical/Authorized,60
P-000588,LV-V2-0001614,4,2025-04-01,2025-04-07,2025-04-14,7,Annual,144
P-000588,LV-V2-0001615,6,2025-06-01,2025-06-08,2025-06-20,12,Casual,60
P-000588,LV-V2-0001616,10,2025-10-01,2025-10-08,2025-10-20,12,Annual,120
P-000589,LV-V2-0001617,2,2025-02-01,2025-02-08,2025-02-14,6,Annual,87
P-000589,LV-V2-0001618,9,2025-09-01,2025-09-07,2025-09-10,3,Casual,210
P-000590,LV-V2-0001619,8,2025-08-01,2025-08-08,2025-08-12,4,Casual,273
P-000591,LV-V2-0001620,3,2025-03-01,2025-03-10,2025-03-18,8,Medical/Authorized,122
P-000591,LV-V2-0001621,5,2025-05-01,2025-05-07,2025-05-20,13,Medical/Authorized,60
P-000591,LV-V2-0001622,7,2025-07-01,2025-07-06,2025-07-13,7,Casual,60
P-000591,LV-V2-0001623,9,2025-09-01,2025-09-06,2025-09-13,7,Annual,60
P-000592,LV-V2-0001624,1,2025-01-01,2025-01-09,2025-01-15,6,Annual,93
P-000592,LV-V2-0001625,10,2025-10-01,2025-10-06,2025-10-14,8,Annual,270
P-000593,LV-V2-0001626,5,2025-05-01,2025-05-07,2025-05-20,13,Casual,193
P-000593,LV-V2-0001627,8,2025-08-01,2025-08-07,2025-08-20,13,Annual,90
P-000593,LV-V2-0001628,10,2025-10-01,2025-10-10,2025-10-22,12,Annual,60
P-000593,LV-V2-0001629,12,2025-12-01,2025-12-08,2025-12-18,10,Casual,60
P-000594,LV-V2-0001630,1,2025-01-01,2025-01-06,2025-01-16,10,Annual,79
P-000594,LV-V2-0001631,3,2025-03-01,2025-03-09,2025-03-20,11,Annual,60
P-000594,LV-V2-0001632,8,2025-08-01,2025-08-05,2025-08-16,11,Casual,150
P-000594,LV-V2-0001633,10,2025-10-01,2025-10-10,2025-10-18,8,Casual,60
P-000594,LV-V2-0001634,12,2025-12-01,2025-12-09,2025-12-22,13,Annual,60
P-000595,LV-V2-0001635,2,2025-02-01,2025-02-07,2025-02-15,8,Medical/Authorized,118
P-000595,LV-V2-0001636,4,2025-04-01,2025-04-08,2025-04-16,8,Annual,60
P-000595,LV-V2-0001637,8,2025-08-01,2025-08-05,2025-08-17,12,Casual,120
P-000595,LV-V2-0001638,11,2025-11-01,2025-11-08,2025-11-14,6,Medical/Authorized,90
P-000596,LV-V2-0001639,11,2025-11-01,2025-11-08,2025-11-14,6,Annual,391
P-000597,LV-V2-0001640,1,2025-01-01,2025-01-06,2025-01-14,8,Annual,91
P-000597,LV-V2-0001641,10,2025-10-01,2025-10-09,2025-10-18,9,Casual,270
P-000597,LV-V2-0001642,12,2025-12-01,2025-12-10,2025-12-17,7,Casual,60
P-000598,LV-V2-0001643,1,2025-01-01,2025-01-05,2025-01-11,6,Annual,94
P-000598,LV-V2-0001644,3,2025-03-01,2025-03-07,2025-03-15,8,Annual,60
P-000598,LV-V2-0001645,6,2025-06-01,2025-06-05,2025-06-11,6,Annual,90
P-000599,LV-V2-0001646,5,2025-05-01,2025-05-06,2025-05-11,5,Casual,184
P-000600,LV-V2-0001647,2,2025-02-01,2025-02-07,2025-02-15,8,Casual,84
P-000600,LV-V2-0001648,12,2025-12-01,2025-12-07,2025-12-13,6,Casual,300
P-000601,LV-V2-0001649,1,2025-01-01,2025-01-07,2025-01-17,10,Annual,76
P-000601,LV-V2-0001650,11,2025-11-01,2025-11-09,2025-11-17,8,Annual,300
P-000602,LV-V2-0001651,2,2025-02-01,2025-02-06,2025-02-17,11,Casual,95
P-000602,LV-V2-0001652,12,2025-12-01,2025-12-06,2025-12-15,9,Annual,300
P-000603,LV-V2-0001653,1,2025-01-01,2025-01-07,2025-01-17,10,Medical/Authorized,62
P-000603,LV-V2-0001654,5,2025-05-01,2025-05-07,2025-05-18,11,Medical/Authorized,120
P-000603,LV-V2-0001655,7,2025-07-01,2025-07-07,2025-07-15,8,Annual,60
P-000604,LV-V2-0001656,7,2025-07-01,2025-07-08,2025-07-14,6,Casual,235
P-000604,LV-V2-0001657,11,2025-11-01,2025-11-10,2025-11-21,11,Annual,120
P-000605,LV-V2-0001658,1,2025-01-01,2025-01-07,2025-01-13,6,Casual,68
P-000605,LV-V2-0001659,8,2025-08-01,2025-08-05,2025-08-10,5,Casual,210
P-000605,LV-V2-0001660,11,2025-11-01,2025-11-05,2025-11-15,10,Annual,90
P-000606,LV-V2-0001661,4,2025-04-01,2025-04-06,2025-04-17,11,Annual,179
P-000606,LV-V2-0001662,8,2025-08-01,2025-08-10,2025-08-18,8,Casual,120
P-000606,LV-V2-0001663,10,2025-10-01,2025-10-10,2025-10-17,7,Annual,60
P-000607,LV-V2-0001664,3,2025-03-01,2025-03-09,2025-03-16,7,Annual,119
P-000607,LV-V2-0001665,5,2025-05-01,2025-05-09,2025-05-20,11,Casual,60
P-000607,LV-V2-0001666,8,2025-08-01,2025-08-05,2025-08-13,8,Annual,90
P-000607,LV-V2-0001667,11,2025-11-01,2025-11-06,2025-11-17,11,Casual,90
P-000608,LV-V2-0001668,2,2025-02-01,2025-02-09,2025-02-20,11,Annual,108
P-000608,LV-V2-0001669,5,2025-05-01,2025-05-07,2025-05-14,7,Annual,90
P-000608,LV-V2-0001670,7,2025-07-01,2025-07-06,2025-07-15,9,Medical/Authorized,60
P-000608,LV-V2-0001671,10,2025-10-01,2025-10-06,2025-10-12,6,Casual,90
P-000608,LV-V2-0001672,12,2025-12-01,2025-12-08,2025-12-15,7,Casual,60
P-000609,LV-V2-0001673,2,2025-02-01,2025-02-06,2025-02-17,11,Annual,103
P-000609,LV-V2-0001674,6,2025-06-01,2025-06-06,2025-06-12,6,Annual,120
P-000610,LV-V2-0001675,2,2025-02-01,2025-02-05,2025-02-15,10,Annual,103
P-000610,LV-V2-0001676,6,2025-06-01,2025-06-07,2025-06-16,9,Casual,120
P-000610,LV-V2-0001677,10,2025-10-01,2025-10-05,2025-10-16,11,Annual,120
P-000611,LV-V2-0001678,3,2025-03-01,2025-03-05,2025-03-15,10,Casual,155
P-000611,LV-V2-0001679,5,2025-05-01,2025-05-09,2025-05-21,12,Annual,60
P-000611,LV-V2-0001680,7,2025-07-01,2025-07-09,2025-07-15,6,Casual,60
P-000611,LV-V2-0001681,9,2025-09-01,2025-09-08,2025-09-19,11,Annual,60
P-000611,LV-V2-0001682,11,2025-11-01,2025-11-10,2025-11-21,11,Annual,60
P-000612,LV-V2-0001683,6,2025-06-01,2025-06-07,2025-06-16,9,Annual,232
P-000612,LV-V2-0001684,8,2025-08-01,2025-08-05,2025-08-17,12,Medical/Authorized,60
P-000612,LV-V2-0001685,10,2025-10-01,2025-10-08,2025-10-14,6,Annual,60
P-000613,LV-V2-0001686,1,2025-01-01,2025-01-08,2025-01-17,9,Casual,83
P-000613,LV-V2-0001687,3,2025-03-01,2025-03-05,2025-03-16,11,Medical/Authorized,60
P-000614,LV-V2-0001688,2,2025-02-01,2025-02-10,2025-02-22,12,Annual,122
P-000614,LV-V2-0001689,10,2025-10-01,2025-10-09,2025-10-18,9,Casual,240
P-000615,LV-V2-0001690,4,2025-04-01,2025-04-05,2025-04-10,5,Casual,163
P-000615,LV-V2-0001691,12,2025-12-01,2025-12-08,2025-12-13,5,Casual,240
P-000616,LV-V2-0001692,1,2025-01-01,2025-01-10,2025-01-16,6,Casual,60
P-000616,LV-V2-0001693,3,2025-03-01,2025-03-05,2025-03-13,8,Casual,60
P-000616,LV-V2-0001694,5,2025-05-01,2025-05-10,2025-05-20,10,Casual,60
P-000616,LV-V2-0001695,7,2025-07-01,2025-07-07,2025-07-15,8,Annual,60
P-000616,LV-V2-0001696,10,2025-10-01,2025-10-06,2025-10-14,8,Annual,90
P-000617,LV-V2-0001697,3,2025-03-01,2025-03-06,2025-03-14,8,Medical/Authorized,118
P-000617,LV-V2-0001698,9,2025-09-01,2025-09-06,2025-09-14,8,Medical/Authorized,180
P-000618,LV-V2-0001699,2,2025-02-01,2025-02-07,2025-02-20,13,Annual,88
P-000618,LV-V2-0001700,7,2025-07-01,2025-07-10,2025-07-18,8,Annual,150
P-000619,LV-V2-0001701,1,2025-01-01,2025-01-06,2025-01-14,8,Casual,85
P-000619,LV-V2-0001702,6,2025-06-01,2025-06-07,2025-06-21,14,Recovery,150
P-000619,LV-V2-0001703,8,2025-08-01,2025-08-08,2025-08-20,12,Annual,60
P-000619,LV-V2-0001704,11,2025-11-01,2025-11-10,2025-11-17,7,Annual,90
P-000620,LV-V2-0001705,5,2025-05-01,2025-05-05,2025-05-08,3,Casual,173
P-000620,LV-V2-0001706,12,2025-12-01,2025-12-08,2025-12-12,4,Casual,210
P-000621,LV-V2-0001707,10,2025-10-01,2025-10-09,2025-10-15,6,Annual,332
P-000622,LV-V2-0001708,2,2025-02-01,2025-02-05,2025-02-17,12,Casual,89
P-000622,LV-V2-0001709,12,2025-12-01,2025-12-09,2025-12-20,11,Casual,300
P-000623,LV-V2-0001710,1,2025-01-01,2025-01-10,2025-01-19,9,Medical/Authorized,82
P-000623,LV-V2-0001711,3,2025-03-01,2025-03-05,2025-03-14,9,Annual,60
P-000623,LV-V2-0001712,8,2025-08-01,2025-08-06,2025-08-15,9,Annual,150
P-000623,LV-V2-0001713,10,2025-10-01,2025-10-09,2025-10-22,13,Annual,60
P-000623,LV-V2-0001714,12,2025-12-01,2025-12-06,2025-12-13,7,Casual,60
P-000624,LV-V2-0001715,2,2025-02-01,2025-02-06,2025-02-17,11,Annual,86
P-000624,LV-V2-0001716,9,2025-09-01,2025-09-09,2025-09-18,9,Annual,210
P-000624,LV-V2-0001717,11,2025-11-01,2025-11-05,2025-11-13,8,Annual,60
P-000625,LV-V2-0001718,4,2025-04-01,2025-04-07,2025-04-14,7,Casual,176
P-000625,LV-V2-0001719,9,2025-09-01,2025-09-05,2025-09-13,8,Casual,150
P-000626,LV-V2-0001720,1,2025-01-01,2025-01-10,2025-01-19,9,Annual,68
P-000626,LV-V2-0001721,9,2025-09-01,2025-09-09,2025-09-18,9,Annual,240
P-000626,LV-V2-0001722,12,2025-12-01,2025-12-10,2025-12-21,11,Casual,90
P-000627,LV-V2-0001723,2,2025-02-01,2025-02-10,2025-02-16,6,Annual,88
P-000627,LV-V2-0001724,4,2025-04-01,2025-04-10,2025-04-18,8,Annual,60
P-000627,LV-V2-0001725,11,2025-11-01,2025-11-09,2025-11-21,12,Medical/Authorized,210
P-000628,LV-V2-0001726,1,2025-01-01,2025-01-05,2025-01-18,13,Annual,90
P-000628,LV-V2-0001727,12,2025-12-01,2025-12-09,2025-12-17,8,Annual,330
P-000629,LV-V2-0001728,9,2025-09-01,2025-09-06,2025-09-10,4,Casual,290
P-000629,LV-V2-0001729,11,2025-11-01,2025-11-05,2025-11-14,9,Casual,60
P-000630,LV-V2-0001730,2,2025-02-01,2025-02-08,2025-02-14,6,Annual,85
P-000630,LV-V2-0001731,4,2025-04-01,2025-04-06,2025-04-17,11,Medical/Authorized,60
P-000630,LV-V2-0001732,9,2025-09-01,2025-09-08,2025-09-15,7,Medical/Authorized,150
P-000631,LV-V2-0001733,4,2025-04-01,2025-04-08,2025-04-18,10,Medical/Authorized,155
P-000631,LV-V2-0001734,8,2025-08-01,2025-08-09,2025-08-17,8,Annual,120
P-000631,LV-V2-0001735,10,2025-10-01,2025-10-06,2025-10-14,8,Casual,60
P-000633,LV-V2-0001736,11,2025-11-01,2025-11-10,2025-11-15,5,Casual,375
P-000634,LV-V2-0001737,1,2025-01-01,2025-01-09,2025-01-19,10,Annual,64
P-000634,LV-V2-0001738,4,2025-04-01,2025-04-09,2025-04-17,8,Annual,90
P-000634,LV-V2-0001739,8,2025-08-01,2025-08-10,2025-08-16,6,Medical/Authorized,120
P-000634,LV-V2-0001740,11,2025-11-01,2025-11-05,2025-11-11,6,Annual,90
P-000635,LV-V2-0001741,6,2025-06-01,2025-06-06,2025-06-11,5,Casual,207
P-000635,LV-V2-0001742,12,2025-12-01,2025-12-06,2025-12-11,5,Casual,180
P-000636,LV-V2-0001743,1,2025-01-01,2025-01-10,2025-01-22,12,Annual,97
P-000636,LV-V2-0001744,8,2025-08-01,2025-08-07,2025-08-13,6,Casual,210
P-000637,LV-V2-0001745,1,2025-01-01,2025-01-10,2025-01-21,11,Annual,89
P-000637,LV-V2-0001746,8,2025-08-01,2025-08-06,2025-08-14,8,Annual,210
P-000638,LV-V2-0001747,6,2025-06-01,2025-06-10,2025-06-25,15,Recovery,200
P-000638,LV-V2-0001748,9,2025-09-01,2025-09-07,2025-09-13,6,Casual,90
P-000639,LV-V2-0001749,2,2025-02-01,2025-02-09,2025-02-19,10,Medical/Authorized,84
P-000639,LV-V2-0001750,4,2025-04-01,2025-04-09,2025-04-22,13,Annual,60
P-000639,LV-V2-0001751,6,2025-06-01,2025-06-08,2025-06-17,9,Casual,60
P-000639,LV-V2-0001752,9,2025-09-01,2025-09-10,2025-09-23,13,Casual,90
P-000639,LV-V2-0001753,11,2025-11-01,2025-11-05,2025-11-12,7,Casual,60
P-000640,LV-V2-0001754,1,2025-01-01,2025-01-09,2025-01-18,9,Medical/Authorized,80
P-000640,LV-V2-0001755,3,2025-03-01,2025-03-07,2025-03-14,7,Annual,60
P-000640,LV-V2-0001756,6,2025-06-01,2025-06-09,2025-06-15,6,Casual,90
P-000640,LV-V2-0001757,9,2025-09-01,2025-09-07,2025-09-20,13,Annual,90
P-000641,LV-V2-0001758,8,2025-08-01,2025-08-10,2025-08-16,6,Casual,291
P-000642,LV-V2-0001759,10,2025-10-01,2025-10-05,2025-10-18,13,Annual,357
P-000642,LV-V2-0001760,12,2025-12-01,2025-12-07,2025-12-16,9,Annual,60
P-000643,LV-V2-0001761,11,2025-11-01,2025-11-09,2025-11-18,9,Casual,399
P-000644,LV-V2-0001762,7,2025-07-01,2025-07-08,2025-07-17,9,Annual,236
P-000644,LV-V2-0001763,12,2025-12-01,2025-12-07,2025-12-15,8,Annual,150
P-000645,LV-V2-0001764,2,2025-02-01,2025-02-10,2025-02-23,13,Annual,108
P-000645,LV-V2-0001765,9,2025-09-01,2025-09-05,2025-09-12,7,Annual,210
P-000645,LV-V2-0001766,11,2025-11-01,2025-11-08,2025-11-17,9,Casual,60
P-000646,LV-V2-0001767,5,2025-05-01,2025-05-05,2025-05-13,8,Annual,191
P-000646,LV-V2-0001768,8,2025-08-01,2025-08-06,2025-08-12,6,Casual,90
P-000646,LV-V2-0001769,10,2025-10-01,2025-10-07,2025-10-14,7,Casual,60
P-000647,LV-V2-0001770,3,2025-03-01,2025-03-07,2025-03-14,7,Casual,139
P-000647,LV-V2-0001771,8,2025-08-01,2025-08-09,2025-08-16,7,Annual,150
P-000647,LV-V2-0001772,10,2025-10-01,2025-10-05,2025-10-13,8,Annual,60
P-000648,LV-V2-0001773,3,2025-03-01,2025-03-05,2025-03-11,6,Annual,132
P-000648,LV-V2-0001774,8,2025-08-01,2025-08-06,2025-08-15,9,Annual,150
P-000648,LV-V2-0001775,11,2025-11-01,2025-11-09,2025-11-15,6,Casual,90
P-000649,LV-V2-0001776,3,2025-03-01,2025-03-08,2025-03-20,12,Medical/Authorized,154
P-000649,LV-V2-0001777,6,2025-06-01,2025-06-06,2025-06-13,7,Annual,90
P-000649,LV-V2-0001778,9,2025-09-01,2025-09-09,2025-09-18,9,Annual,90
P-000649,LV-V2-0001779,11,2025-11-01,2025-11-09,2025-11-19,10,Annual,60
P-000650,LV-V2-0001780,2,2025-02-01,2025-02-07,2025-02-19,12,Casual,84
P-000650,LV-V2-0001781,6,2025-06-01,2025-06-09,2025-06-20,11,Annual,120
P-000650,LV-V2-0001782,9,2025-09-01,2025-09-10,2025-09-18,8,Medical/Authorized,90
P-000650,LV-V2-0001783,11,2025-11-01,2025-11-08,2025-11-16,8,Casual,60
P-000651,LV-V2-0001784,2,2025-02-01,2025-02-06,2025-02-17,11,Casual,102
P-000651,LV-V2-0001785,5,2025-05-01,2025-05-08,2025-05-18,10,Annual,90
P-000651,LV-V2-0001786,7,2025-07-01,2025-07-10,2025-07-20,10,Casual,60
P-000651,LV-V2-0001787,9,2025-09-01,2025-09-09,2025-09-20,11,Annual,60
P-000651,LV-V2-0001788,12,2025-12-01,2025-12-09,2025-12-20,11,Annual,90
P-000652,LV-V2-0001789,1,2025-01-01,2025-01-10,2025-01-16,6,Casual,93
P-000652,LV-V2-0001790,3,2025-03-01,2025-03-05,2025-03-17,12,Casual,60
P-000652,LV-V2-0001791,5,2025-05-01,2025-05-05,2025-05-18,13,Casual,60
P-000652,LV-V2-0001792,7,2025-07-01,2025-07-08,2025-07-15,7,Annual,60
P-000652,LV-V2-0001793,9,2025-09-01,2025-09-08,2025-09-17,9,Casual,60
P-000653,LV-V2-0001794,1,2025-01-01,2025-01-06,2025-01-12,6,Annual,66
P-000653,LV-V2-0001795,6,2025-06-01,2025-06-07,2025-06-20,13,Recovery,150
P-000653,LV-V2-0001796,11,2025-11-01,2025-11-08,2025-11-21,13,Annual,150
P-000654,LV-V2-0001797,2,2025-02-01,2025-02-07,2025-02-18,11,Annual,114
P-000654,LV-V2-0001798,6,2025-06-01,2025-06-10,2025-06-19,9,Annual,120
P-000654,LV-V2-0001799,8,2025-08-01,2025-08-09,2025-08-21,12,Casual,60
P-000655,LV-V2-0001800,2,2025-02-01,2025-02-09,2025-02-17,8,Annual,90
P-000655,LV-V2-0001801,6,2025-06-01,2025-06-06,2025-06-17,11,Casual,120
P-000655,LV-V2-0001802,10,2025-10-01,2025-10-10,2025-10-20,10,Annual,120
P-000656,LV-V2-0001803,1,2025-01-01,2025-01-05,2025-01-12,7,Annual,66
P-000656,LV-V2-0001804,3,2025-03-01,2025-03-05,2025-03-12,7,Annual,60
P-000656,LV-V2-0001805,6,2025-06-01,2025-06-05,2025-06-16,11,Medical/Authorized,90
P-000656,LV-V2-0001806,9,2025-09-01,2025-09-08,2025-09-14,6,Casual,90
P-000656,LV-V2-0001807,12,2025-12-01,2025-12-05,2025-12-11,6,Casual,90
P-000657,LV-V2-0001808,1,2025-01-01,2025-01-09,2025-01-18,9,Casual,89
P-000657,LV-V2-0001809,8,2025-08-01,2025-08-05,2025-08-15,10,Medical/Authorized,210
P-000657,LV-V2-0001810,12,2025-12-01,2025-12-06,2025-12-12,6,Casual,120
P-000658,LV-V2-0001811,3,2025-03-01,2025-03-05,2025-03-16,11,Annual,131
P-000658,LV-V2-0001812,9,2025-09-01,2025-09-05,2025-09-12,7,Annual,180
P-000658,LV-V2-0001813,11,2025-11-01,2025-11-09,2025-11-17,8,Annual,60
P-000659,LV-V2-0001814,1,2025-01-01,2025-01-07,2025-01-13,6,Medical/Authorized,60
P-000659,LV-V2-0001815,7,2025-07-01,2025-07-09,2025-07-15,6,Annual,180
P-000659,LV-V2-0001816,11,2025-11-01,2025-11-08,2025-11-16,8,Annual,120
P-000660,LV-V2-0001817,8,2025-08-01,2025-08-08,2025-08-12,4,Casual,305
P-000661,LV-V2-0001818,1,2025-01-01,2025-01-10,2025-01-20,10,Annual,99
P-000661,LV-V2-0001819,7,2025-07-01,2025-07-07,2025-07-14,7,Medical/Authorized,180
P-000661,LV-V2-0001820,9,2025-09-01,2025-09-10,2025-09-18,8,Casual,60
P-000661,LV-V2-0001821,12,2025-12-01,2025-12-06,2025-12-16,10,Annual,90
P-000662,LV-V2-0001822,6,2025-06-01,2025-06-05,2025-06-09,4,Casual,216
P-000663,LV-V2-0001823,1,2025-01-01,2025-01-10,2025-01-19,9,Casual,85
P-000663,LV-V2-0001824,7,2025-07-01,2025-07-05,2025-07-14,9,Annual,180
P-000663,LV-V2-0001825,12,2025-12-01,2025-12-07,2025-12-15,8,Annual,150
P-000664,LV-V2-0001826,4,2025-04-01,2025-04-06,2025-04-10,4,Casual,181
P-000665,LV-V2-0001827,1,2025-01-01,2025-01-08,2025-01-18,10,Annual,98
P-000665,LV-V2-0001828,3,2025-03-01,2025-03-06,2025-03-12,6,Annual,60
P-000665,LV-V2-0001829,5,2025-05-01,2025-05-08,2025-05-15,7,Medical/Authorized,60
P-000665,LV-V2-0001830,8,2025-08-01,2025-08-09,2025-08-20,11,Annual,90
P-000665,LV-V2-0001831,10,2025-10-01,2025-10-06,2025-10-14,8,Annual,60
P-000666,LV-V2-0001832,5,2025-05-01,2025-05-05,2025-05-09,4,Casual,188
P-000667,LV-V2-0001833,2,2025-02-01,2025-02-10,2025-02-22,12,Annual,107
P-000667,LV-V2-0001834,10,2025-10-01,2025-10-09,2025-10-22,13,Annual,240
P-000668,LV-V2-0001835,8,2025-08-01,2025-08-10,2025-08-14,4,Casual,309
P-000669,LV-V2-0001836,1,2025-01-01,2025-01-10,2025-01-16,6,Annual,74
P-000669,LV-V2-0001837,6,2025-06-01,2025-06-05,2025-06-18,13,Medical/Authorized,150
P-000669,LV-V2-0001838,11,2025-11-01,2025-11-06,2025-11-13,7,Annual,150
P-000670,LV-V2-0001839,6,2025-06-01,2025-06-10,2025-06-27,17,Recovery,237
P-000670,LV-V2-0001840,10,2025-10-01,2025-10-05,2025-10-12,7,Annual,120
P-000670,LV-V2-0001841,12,2025-12-01,2025-12-06,2025-12-17,11,Medical/Authorized,60
P-000671,LV-V2-0001842,6,2025-06-01,2025-06-08,2025-06-14,6,Casual,203
P-000671,LV-V2-0001843,12,2025-12-01,2025-12-09,2025-12-18,9,Annual,180
P-000672,LV-V2-0001844,2,2025-02-01,2025-02-07,2025-02-13,6,Casual,111
P-000672,LV-V2-0001845,10,2025-10-01,2025-10-07,2025-10-16,9,Casual,240
P-000672,LV-V2-0001846,12,2025-12-01,2025-12-08,2025-12-14,6,Annual,60
P-000673,LV-V2-0001847,2,2025-02-01,2025-02-09,2025-02-21,12,Casual,88
P-000673,LV-V2-0001848,9,2025-09-01,2025-09-09,2025-09-16,7,Casual,210
P-000674,LV-V2-0001849,2,2025-02-01,2025-02-06,2025-02-19,13,Annual,104
P-000674,LV-V2-0001850,4,2025-04-01,2025-04-10,2025-04-23,13,Annual,60
P-000674,LV-V2-0001851,9,2025-09-01,2025-09-07,2025-09-18,11,Annual,150
P-000674,LV-V2-0001852,11,2025-11-01,2025-11-10,2025-11-20,10,Annual,60
P-000675,LV-V2-0001853,2,2025-02-01,2025-02-08,2025-02-16,8,Casual,87
P-000675,LV-V2-0001854,4,2025-04-01,2025-04-08,2025-04-17,9,Medical/Authorized,60
P-000675,LV-V2-0001855,9,2025-09-01,2025-09-08,2025-09-19,11,Annual,150
P-000675,LV-V2-0001856,11,2025-11-01,2025-11-05,2025-11-15,10,Annual,60
P-000676,LV-V2-0001857,2,2025-02-01,2025-02-10,2025-02-17,7,Annual,111
P-000676,LV-V2-0001858,10,2025-10-01,2025-10-08,2025-10-15,7,Annual,240
P-000676,LV-V2-0001859,12,2025-12-01,2025-12-07,2025-12-20,13,Annual,60
P-000677,LV-V2-0001860,1,2025-01-01,2025-01-09,2025-01-16,7,Annual,76
P-000677,LV-V2-0001861,7,2025-07-01,2025-07-08,2025-07-20,12,Casual,180
P-000677,LV-V2-0001862,10,2025-10-01,2025-10-10,2025-10-17,7,Annual,90
P-000678,LV-V2-0001863,6,2025-06-01,2025-06-07,2025-06-19,12,Annual,243
P-000678,LV-V2-0001864,9,2025-09-01,2025-09-05,2025-09-16,11,Casual,90
P-000678,LV-V2-0001865,11,2025-11-01,2025-11-07,2025-11-17,10,Medical/Authorized,60
P-000679,LV-V2-0001866,3,2025-03-01,2025-03-07,2025-03-10,3,Casual,150
P-000679,LV-V2-0001867,12,2025-12-01,2025-12-05,2025-12-17,12,Annual,270
P-000680,LV-V2-0001868,10,2025-10-01,2025-10-06,2025-10-09,3,Casual,354
P-000681,LV-V2-0001869,4,2025-04-01,2025-04-05,2025-04-10,5,Casual,166
P-000681,LV-V2-0001870,12,2025-12-01,2025-12-06,2025-12-11,5,Casual,240
P-000682,LV-V2-0001871,7,2025-07-01,2025-07-05,2025-07-08,3,Casual,262
P-000683,LV-V2-0001872,1,2025-01-01,2025-01-06,2025-01-18,12,Annual,61
P-000683,LV-V2-0001873,9,2025-09-01,2025-09-08,2025-09-21,13,Medical/Authorized,240
P-000683,LV-V2-0001874,12,2025-12-01,2025-12-07,2025-12-15,8,Annual,90
P-000684,LV-V2-0001875,4,2025-04-01,2025-04-07,2025-04-10,3,Casual,188
P-000684,LV-V2-0001876,6,2025-06-01,2025-06-08,2025-06-14,6,Annual,60
P-000684,LV-V2-0001877,12,2025-12-01,2025-12-09,2025-12-19,10,Annual,180
P-000685,LV-V2-0001878,9,2025-09-01,2025-09-07,2025-09-19,12,Casual,328
P-000686,LV-V2-0001879,3,2025-03-01,2025-03-09,2025-03-16,7,Casual,110
P-000686,LV-V2-0001880,5,2025-05-01,2025-05-06,2025-05-18,12,Annual,60
P-000686,LV-V2-0001881,8,2025-08-01,2025-08-10,2025-08-22,12,Casual,90
P-000686,LV-V2-0001882,10,2025-10-01,2025-10-05,2025-10-12,7,Casual,60
P-000687,LV-V2-0001883,2,2025-02-01,2025-02-05,2025-02-14,9,Casual,97
P-000687,LV-V2-0001884,10,2025-10-01,2025-10-10,2025-10-23,13,Annual,240
P-000687,LV-V2-0001885,12,2025-12-01,2025-12-07,2025-12-18,11,Annual,60
P-000688,LV-V2-0001886,3,2025-03-01,2025-03-05,2025-03-16,11,Annual,159
P-000688,LV-V2-0001887,5,2025-05-01,2025-05-07,2025-05-16,9,Casual,60
P-000688,LV-V2-0001888,12,2025-12-01,2025-12-07,2025-12-13,6,Annual,210
P-000689,LV-V2-0001889,1,2025-01-01,2025-01-09,2025-01-19,10,Casual,78
P-000689,LV-V2-0001890,3,2025-03-01,2025-03-08,2025-03-21,13,Annual,60
P-000689,LV-V2-0001891,6,2025-06-01,2025-06-10,2025-06-18,8,Casual,90
P-000689,LV-V2-0001892,8,2025-08-01,2025-08-08,2025-08-18,10,Annual,60
P-000689,LV-V2-0001893,10,2025-10-01,2025-10-06,2025-10-18,12,Annual,60
P-000689,LV-V2-0001894,12,2025-12-01,2025-12-05,2025-12-12,7,Annual,60
P-000690,LV-V2-0001895,3,2025-03-01,2025-03-06,2025-03-14,8,Annual,156
P-000690,LV-V2-0001896,6,2025-06-01,2025-06-09,2025-06-15,6,Annual,90
P-000690,LV-V2-0001897,12,2025-12-01,2025-12-08,2025-12-14,6,Annual,180
P-000691,LV-V2-0001898,1,2025-01-01,2025-01-08,2025-01-20,12,Casual,82
P-000691,LV-V2-0001899,5,2025-05-01,2025-05-07,2025-05-18,11,Annual,120
P-000691,LV-V2-0001900,9,2025-09-01,2025-09-05,2025-09-12,7,Annual,120
P-000692,LV-V2-0001901,2,2025-02-01,2025-02-06,2025-02-19,13,Medical/Authorized,98
P-000693,LV-V2-0001902,6,2025-06-01,2025-06-06,2025-06-11,5,Casual,235
P-000694,LV-V2-0001903,3,2025-03-01,2025-03-09,2025-03-17,8,Medical/Authorized,144
P-000694,LV-V2-0001904,5,2025-05-01,2025-05-05,2025-05-12,7,Annual,60
P-000694,LV-V2-0001905,7,2025-07-01,2025-07-08,2025-07-20,12,Annual,60
P-000695,LV-V2-0001906,3,2025-03-01,2025-03-06,2025-03-12,6,Annual,126
P-000695,LV-V2-0001907,8,2025-08-01,2025-08-07,2025-08-17,10,Annual,150
P-000696,LV-V2-0001908,1,2025-01-01,2025-01-10,2025-01-23,13,Annual,91
P-000696,LV-V2-0001909,3,2025-03-01,2025-03-05,2025-03-14,9,Annual,60
P-000696,LV-V2-0001910,11,2025-11-01,2025-11-05,2025-11-16,11,Annual,240
P-000698,LV-V2-0001911,1,2025-01-01,2025-01-08,2025-01-16,8,Casual,63
P-000698,LV-V2-0001912,12,2025-12-01,2025-12-05,2025-12-12,7,Medical/Authorized,330
P-000699,LV-V2-0001913,7,2025-07-01,2025-07-09,2025-07-13,4,Casual,273
P-000699,LV-V2-0001914,12,2025-12-01,2025-12-09,2025-12-21,12,Casual,150
P-000700,LV-V2-0001915,1,2025-01-01,2025-01-08,2025-01-17,9,Annual,76
P-000700,LV-V2-0001916,8,2025-08-01,2025-08-06,2025-08-10,4,Casual,210
P-000700,LV-V2-0001917,11,2025-11-01,2025-11-10,2025-11-17,7,Annual,90
P-000701,LV-V2-0001918,1,2025-01-01,2025-01-07,2025-01-19,12,Casual,73
P-000701,LV-V2-0001919,3,2025-03-01,2025-03-05,2025-03-14,9,Annual,60
P-000701,LV-V2-0001920,8,2025-08-01,2025-08-09,2025-08-12,3,Casual,150
P-000701,LV-V2-0001921,10,2025-10-01,2025-10-09,2025-10-15,6,Annual,60
P-000702,LV-V2-0001922,2,2025-02-01,2025-02-06,2025-02-14,8,Annual,110
P-000702,LV-V2-0001923,6,2025-06-01,2025-06-05,2025-06-14,9,Annual,120
P-000702,LV-V2-0001924,8,2025-08-01,2025-08-05,2025-08-12,7,Casual,60
P-000702,LV-V2-0001925,11,2025-11-01,2025-11-09,2025-11-21,12,Annual,90
P-000703,LV-V2-0001926,2,2025-02-01,2025-02-06,2025-02-19,13,Annual,91
P-000703,LV-V2-0001927,9,2025-09-01,2025-09-10,2025-09-17,7,Annual,210
P-000704,LV-V2-0001928,3,2025-03-01,2025-03-07,2025-03-14,7,Casual,116
P-000704,LV-V2-0001929,6,2025-06-01,2025-06-06,2025-06-17,11,Annual,90
P-000705,LV-V2-0001930,3,2025-03-01,2025-03-06,2025-03-13,7,Annual,145
P-000705,LV-V2-0001931,5,2025-05-01,2025-05-05,2025-05-14,9,Annual,60
P-000705,LV-V2-0001932,7,2025-07-01,2025-07-05,2025-07-11,6,Annual,60
P-000705,LV-V2-0001933,9,2025-09-01,2025-09-05,2025-09-12,7,Medical/Authorized,60
P-000705,LV-V2-0001934,11,2025-11-01,2025-11-05,2025-11-12,7,Annual,60
P-000706,LV-V2-0001935,10,2025-10-01,2025-10-07,2025-10-16,9,Annual,326
P-000707,LV-V2-0001936,3,2025-03-01,2025-03-06,2025-03-16,10,Annual,151
P-000707,LV-V2-0001937,7,2025-07-01,2025-07-05,2025-07-17,12,Casual,120
P-000707,LV-V2-0001938,9,2025-09-01,2025-09-06,2025-09-14,8,Annual,60
P-000708,LV-V2-0001939,5,2025-05-01,2025-05-06,2025-05-11,5,Casual,182
P-000709,LV-V2-0001940,1,2025-01-01,2025-01-07,2025-01-19,12,Annual,97
P-000709,LV-V2-0001941,3,2025-03-01,2025-03-07,2025-03-14,7,Annual,60
P-000709,LV-V2-0001942,7,2025-07-01,2025-07-06,2025-07-12,6,Annual,120
P-000709,LV-V2-0001943,10,2025-10-01,2025-10-07,2025-10-14,7,Annual,90
P-000709,LV-V2-0001944,12,2025-12-01,2025-12-10,2025-12-16,6,Casual,60
P-000711,LV-V2-0001945,1,2025-01-01,2025-01-10,2025-01-19,9,Casual,83
P-000711,LV-V2-0001946,7,2025-07-01,2025-07-08,2025-07-15,7,Annual,180
P-000711,LV-V2-0001947,9,2025-09-01,2025-09-05,2025-09-15,10,Annual,60
P-000711,LV-V2-0001948,11,2025-11-01,2025-11-10,2025-11-18,8,Annual,60
P-000712,LV-V2-0001949,5,2025-05-01,2025-05-06,2025-05-10,4,Casual,215
P-000712,LV-V2-0001950,10,2025-10-01,2025-10-10,2025-10-21,11,Annual,150
P-000713,LV-V2-0001951,9,2025-09-01,2025-09-07,2025-09-15,8,Annual,296
P-000713,LV-V2-0001952,11,2025-11-01,2025-11-10,2025-11-22,12,Annual,60
P-000714,LV-V2-0001953,2,2025-02-01,2025-02-07,2025-02-16,9,Annual,111
P-000714,LV-V2-0001954,5,2025-05-01,2025-05-05,2025-05-15,10,Casual,90
P-000714,LV-V2-0001955,9,2025-09-01,2025-09-10,2025-09-20,10,Annual,120
P-000715,LV-V2-0001956,10,2025-10-01,2025-10-07,2025-10-18,11,Annual,324
P-000716,LV-V2-0001957,7,2025-07-01,2025-07-09,2025-07-12,3,Casual,232
P-000716,LV-V2-0001958,9,2025-09-01,2025-09-09,2025-09-20,11,Casual,60
P-000716,LV-V2-0001959,11,2025-11-01,2025-11-06,2025-11-17,11,Annual,60
P-000717,LV-V2-0001960,6,2025-06-01,2025-06-09,2025-06-17,8,Annual,201
P-000717,LV-V2-0001961,10,2025-10-01,2025-10-07,2025-10-19,12,Annual,120
P-000717,LV-V2-0001962,12,2025-12-01,2025-12-05,2025-12-18,13,Casual,60
P-000718,LV-V2-0001963,2,2025-02-01,2025-02-08,2025-02-20,12,Casual,115
P-000718,LV-V2-0001964,5,2025-05-01,2025-05-07,2025-05-19,12,Annual,90
P-000718,LV-V2-0001965,7,2025-07-01,2025-07-08,2025-07-20,12,Casual,60
P-000719,LV-V2-0001966,1,2025-01-01,2025-01-07,2025-01-17,10,Annual,92
P-000719,LV-V2-0001967,3,2025-03-01,2025-03-09,2025-03-20,11,Annual,60
P-000719,LV-V2-0001968,8,2025-08-01,2025-08-08,2025-08-13,5,Casual,150
P-000719,LV-V2-0001969,10,2025-10-01,2025-10-07,2025-10-18,11,Casual,60
P-000720,LV-V2-0001970,8,2025-08-01,2025-08-07,2025-08-15,8,Annual,296
P-000720,LV-V2-0001971,10,2025-10-01,2025-10-08,2025-10-16,8,Casual,60
P-000721,LV-V2-0001972,9,2025-09-01,2025-09-05,2025-09-11,6,Casual,318
P-000721,LV-V2-0001973,11,2025-11-01,2025-11-07,2025-11-13,6,Casual,60
P-000722,LV-V2-0001974,5,2025-05-01,2025-05-06,2025-05-11,5,Casual,206
P-000723,LV-V2-0001975,2,2025-02-01,2025-02-10,2025-02-21,11,Casual,81
P-000723,LV-V2-0001976,4,2025-04-01,2025-04-06,2025-04-15,9,Annual,60
P-000723,LV-V2-0001977,9,2025-09-01,2025-09-10,2025-09-22,12,Annual,150
P-000724,LV-V2-0001978,1,2025-01-01,2025-01-07,2025-01-18,11,Annual,71
P-000724,LV-V2-0001979,5,2025-05-01,2025-05-09,2025-05-15,6,Casual,120
P-000724,LV-V2-0001980,9,2025-09-01,2025-09-09,2025-09-17,8,Annual,120
P-000724,LV-V2-0001981,11,2025-11-01,2025-11-06,2025-11-17,11,Medical/Authorized,60
P-000725,LV-V2-0001982,3,2025-03-01,2025-03-07,2025-03-13,6,Casual,157
P-000725,LV-V2-0001983,9,2025-09-01,2025-09-05,2025-09-17,12,Annual,180
P-000726,LV-V2-0001984,2,2025-02-01,2025-02-09,2025-02-16,7,Annual,107
P-000726,LV-V2-0001985,8,2025-08-01,2025-08-05,2025-08-16,11,Annual,180
P-000726,LV-V2-0001986,12,2025-12-01,2025-12-08,2025-12-18,10,Casual,120
P-000727,LV-V2-0001987,6,2025-06-01,2025-06-06,2025-06-11,5,Casual,230
P-000727,LV-V2-0001988,12,2025-12-01,2025-12-10,2025-12-13,3,Casual,180
P-000728,LV-V2-0001989,1,2025-01-01,2025-01-09,2025-01-22,13,Annual,92
P-000728,LV-V2-0001990,8,2025-08-01,2025-08-08,2025-08-11,3,Casual,210
P-000728,LV-V2-0001991,10,2025-10-01,2025-10-09,2025-10-15,6,Annual,60
P-000728,LV-V2-0001992,12,2025-12-01,2025-12-10,2025-12-18,8,Annual,60
P-000729,LV-V2-0001993,2,2025-02-01,2025-02-08,2025-02-14,6,Casual,121
P-000729,LV-V2-0001994,6,2025-06-01,2025-06-05,2025-06-13,8,Annual,120
P-000729,LV-V2-0001995,8,2025-08-01,2025-08-07,2025-08-15,8,Annual,60
P-000729,LV-V2-0001996,12,2025-12-01,2025-12-06,2025-12-13,7,Casual,120
P-000730,LV-V2-0001997,2,2025-02-01,2025-02-05,2025-02-12,7,Annual,89
P-000730,LV-V2-0001998,8,2025-08-01,2025-08-05,2025-08-14,9,Annual,180
P-000730,LV-V2-0001999,10,2025-10-01,2025-10-08,2025-10-17,9,Annual,60
P-000731,LV-V2-0002000,3,2025-03-01,2025-03-05,2025-03-14,9,Casual,142
P-000731,LV-V2-0002001,11,2025-11-01,2025-11-05,2025-11-12,7,Medical/Authorized,240
P-000732,LV-V2-0002002,2,2025-02-01,2025-02-10,2025-02-18,8,Annual,118
P-000732,LV-V2-0002003,4,2025-04-01,2025-04-09,2025-04-20,11,Casual,60
P-000733,LV-V2-0002004,8,2025-08-01,2025-08-10,2025-08-16,6,Casual,261
P-000733,LV-V2-0002005,12,2025-12-01,2025-12-06,2025-12-17,11,Casual,120
P-000734,LV-V2-0002006,4,2025-04-01,2025-04-06,2025-04-10,4,Casual,169
P-000734,LV-V2-0002007,11,2025-11-01,2025-11-08,2025-11-13,5,Casual,210
P-000735,LV-V2-0002008,7,2025-07-01,2025-07-05,2025-07-15,10,Medical/Authorized,262
P-000735,LV-V2-0002009,10,2025-10-01,2025-10-09,2025-10-16,7,Annual,90
P-000735,LV-V2-0002010,12,2025-12-01,2025-12-10,2025-12-16,6,Annual,60
P-000736,LV-V2-0002011,1,2025-01-01,2025-01-05,2025-01-17,12,Annual,69
P-000736,LV-V2-0002012,9,2025-09-01,2025-09-05,2025-09-10,5,Casual,240
P-000737,LV-V2-0002013,3,2025-03-01,2025-03-05,2025-03-16,11,Casual,114
P-000737,LV-V2-0002014,7,2025-07-01,2025-07-06,2025-07-13,7,Casual,120
P-000737,LV-V2-0002015,10,2025-10-01,2025-10-05,2025-10-16,11,Casual,90
P-000738,LV-V2-0002016,7,2025-07-01,2025-07-10,2025-07-13,3,Casual,236
P-000738,LV-V2-0002017,9,2025-09-01,2025-09-05,2025-09-14,9,Annual,60
P-000738,LV-V2-0002018,12,2025-12-01,2025-12-08,2025-12-18,10,Annual,90
P-000739,LV-V2-0002019,4,2025-04-01,2025-04-08,2025-04-11,3,Casual,153
P-000740,LV-V2-0002020,4,2025-04-01,2025-04-09,2025-04-22,13,Annual,149
P-000740,LV-V2-0002021,6,2025-06-01,2025-06-05,2025-06-13,8,Annual,60
P-000740,LV-V2-0002022,8,2025-08-01,2025-08-10,2025-08-17,7,Medical/Authorized,60
P-000740,LV-V2-0002023,10,2025-10-01,2025-10-07,2025-10-18,11,Annual,60
P-000741,LV-V2-0002024,3,2025-03-01,2025-03-06,2025-03-17,11,Annual,136
P-000741,LV-V2-0002025,11,2025-11-01,2025-11-08,2025-11-17,9,Medical/Authorized,240
P-000742,LV-V2-0002026,6,2025-06-01,2025-06-09,2025-06-20,11,Annual,206
P-000742,LV-V2-0002027,8,2025-08-01,2025-08-06,2025-08-18,12,Casual,60
P-000742,LV-V2-0002028,10,2025-10-01,2025-10-09,2025-10-22,13,Annual,60
P-000742,LV-V2-0002029,12,2025-12-01,2025-12-05,2025-12-15,10,Casual,60
P-000743,LV-V2-0002030,1,2025-01-01,2025-01-09,2025-01-20,11,Casual,77
P-000743,LV-V2-0002031,9,2025-09-01,2025-09-09,2025-09-22,13,Casual,240
P-000743,LV-V2-0002032,12,2025-12-01,2025-12-06,2025-12-13,7,Annual,90
P-000744,LV-V2-0002033,1,2025-01-01,2025-01-10,2025-01-20,10,Casual,95
P-000744,LV-V2-0002034,5,2025-05-01,2025-05-09,2025-05-21,12,Annual,120
P-000744,LV-V2-0002035,10,2025-10-01,2025-10-08,2025-10-17,9,Annual,150
P-000745,LV-V2-0002036,4,2025-04-01,2025-04-10,2025-04-22,12,Annual,147
P-000745,LV-V2-0002037,9,2025-09-01,2025-09-09,2025-09-17,8,Annual,150
P-000745,LV-V2-0002038,11,2025-11-01,2025-11-07,2025-11-14,7,Casual,60
P-000746,LV-V2-0002039,9,2025-09-01,2025-09-06,2025-09-14,8,Annual,333
P-000746,LV-V2-0002040,12,2025-12-01,2025-12-05,2025-12-12,7,Annual,90
P-000747,LV-V2-0002041,6,2025-06-01,2025-06-06,2025-06-20,14,Recovery,207
P-000747,LV-V2-0002042,9,2025-09-01,2025-09-07,2025-09-17,10,Annual,90
P-000747,LV-V2-0002043,11,2025-11-01,2025-11-10,2025-11-20,10,Medical/Authorized,60
P-000748,LV-V2-0002044,4,2025-04-01,2025-04-07,2025-04-16,9,Annual,145
P-000748,LV-V2-0002045,6,2025-06-01,2025-06-10,2025-06-22,12,Annual,60
P-000748,LV-V2-0002046,12,2025-12-01,2025-12-05,2025-12-15,10,Medical/Authorized,180
P-000749,LV-V2-0002047,4,2025-04-01,2025-04-10,2025-04-20,10,Annual,147
P-000749,LV-V2-0002048,10,2025-10-01,2025-10-06,2025-10-13,7,Casual,180
P-000749,LV-V2-0002049,12,2025-12-01,2025-12-09,2025-12-19,10,Annual,60
P-000750,LV-V2-0002050,3,2025-03-01,2025-03-06,2025-03-18,12,Casual,136
P-000750,LV-V2-0002051,7,2025-07-01,2025-07-10,2025-07-22,12,Annual,120
P-000750,LV-V2-0002052,9,2025-09-01,2025-09-10,2025-09-20,10,Annual,60
P-000751,LV-V2-0002053,2,2025-02-01,2025-02-08,2025-02-19,11,Annual,99
P-000751,LV-V2-0002054,6,2025-06-01,2025-06-06,2025-06-18,12,Medical/Authorized,120
P-000751,LV-V2-0002055,8,2025-08-01,2025-08-09,2025-08-19,10,Annual,60
P-000752,LV-V2-0002056,2,2025-02-01,2025-02-10,2025-02-22,12,Casual,99
P-000752,LV-V2-0002057,9,2025-09-01,2025-09-05,2025-09-17,12,Annual,210
P-000753,LV-V2-0002058,10,2025-10-01,2025-10-09,2025-10-18,9,Casual,348
P-000754,LV-V2-0002059,7,2025-07-01,2025-07-10,2025-07-15,5,Casual,238
P-000755,LV-V2-0002060,1,2025-01-01,2025-01-07,2025-01-13,6,Casual,70
P-000755,LV-V2-0002061,6,2025-06-01,2025-06-08,2025-06-12,4,Casual,150
P-000755,LV-V2-0002062,9,2025-09-01,2025-09-10,2025-09-17,7,Annual,90
P-000755,LV-V2-0002063,11,2025-11-01,2025-11-06,2025-11-16,10,Medical/Authorized,60
P-000756,LV-V2-0002064,12,2025-12-01,2025-12-05,2025-12-18,13,Casual,413
P-000757,LV-V2-0002065,1,2025-01-01,2025-01-08,2025-01-21,13,Annual,90
P-000757,LV-V2-0002066,3,2025-03-01,2025-03-08,2025-03-16,8,Annual,60
P-000757,LV-V2-0002067,11,2025-11-01,2025-11-06,2025-11-19,13,Annual,240
P-000758,LV-V2-0002068,2,2025-02-01,2025-02-05,2025-02-11,6,Casual,87
P-000758,LV-V2-0002069,6,2025-06-01,2025-06-10,2025-06-18,8,Annual,120
P-000758,LV-V2-0002070,9,2025-09-01,2025-09-09,2025-09-19,10,Annual,90
P-000759,LV-V2-0002071,11,2025-11-01,2025-11-09,2025-11-20,11,Casual,359
P-000760,LV-V2-0002072,2,2025-02-01,2025-02-05,2025-02-11,6,Annual,115
P-000760,LV-V2-0002073,5,2025-05-01,2025-05-08,2025-05-21,13,Annual,90
P-000760,LV-V2-0002074,9,2025-09-01,2025-09-10,2025-09-16,6,Casual,120
P-000760,LV-V2-0002075,11,2025-11-01,2025-11-09,2025-11-22,13,Annual,60
P-000761,LV-V2-0002076,6,2025-06-01,2025-06-08,2025-06-25,17,Recovery,200
P-000761,LV-V2-0002077,12,2025-12-01,2025-12-09,2025-12-17,8,Annual,180
P-000763,LV-V2-0002078,4,2025-04-01,2025-04-08,2025-04-15,7,Annual,145
P-000763,LV-V2-0002079,6,2025-06-01,2025-06-06,2025-06-14,8,Annual,60
P-000763,LV-V2-0002080,8,2025-08-01,2025-08-07,2025-08-19,12,Annual,60
P-000764,LV-V2-0002081,1,2025-01-01,2025-01-07,2025-01-15,8,Annual,63
P-000764,LV-V2-0002082,3,2025-03-01,2025-03-07,2025-03-15,8,Annual,60
P-000764,LV-V2-0002083,5,2025-05-01,2025-05-05,2025-05-18,13,Medical/Authorized,60
P-000765,LV-V2-0002084,1,2025-01-01,2025-01-09,2025-01-17,8,Annual,67
P-000765,LV-V2-0002085,5,2025-05-01,2025-05-06,2025-05-18,12,Annual,120
P-000765,LV-V2-0002086,7,2025-07-01,2025-07-05,2025-07-16,11,Medical/Authorized,60
P-000765,LV-V2-0002087,9,2025-09-01,2025-09-10,2025-09-22,12,Casual,60
P-000765,LV-V2-0002088,11,2025-11-01,2025-11-07,2025-11-19,12,Casual,60
P-000766,LV-V2-0002089,2,2025-02-01,2025-02-09,2025-02-21,12,Annual,123
P-000766,LV-V2-0002090,8,2025-08-01,2025-08-09,2025-08-22,13,Annual,180
P-000766,LV-V2-0002091,10,2025-10-01,2025-10-10,2025-10-22,12,Casual,60
P-000766,LV-V2-0002092,12,2025-12-01,2025-12-06,2025-12-17,11,Annual,60
P-000767,LV-V2-0002093,2,2025-02-01,2025-02-06,2025-02-15,9,Annual,114
P-000767,LV-V2-0002094,7,2025-07-01,2025-07-07,2025-07-13,6,Annual,150
P-000767,LV-V2-0002095,11,2025-11-01,2025-11-05,2025-11-13,8,Casual,120
P-000768,LV-V2-0002096,6,2025-06-01,2025-06-10,2025-06-24,14,Recovery,248
P-000768,LV-V2-0002097,8,2025-08-01,2025-08-10,2025-08-18,8,Annual,60
P-000768,LV-V2-0002098,11,2025-11-01,2025-11-09,2025-11-19,10,Annual,90
P-000769,LV-V2-0002099,2,2025-02-01,2025-02-06,2025-02-15,9,Casual,94
P-000769,LV-V2-0002100,11,2025-11-01,2025-11-09,2025-11-15,6,Annual,270
P-000770,LV-V2-0002101,5,2025-05-01,2025-05-07,2025-05-11,4,Casual,189
P-000770,LV-V2-0002102,12,2025-12-01,2025-12-07,2025-12-11,4,Casual,210
P-000771,LV-V2-0002103,1,2025-01-01,2025-01-10,2025-01-17,7,Annual,68
P-000771,LV-V2-0002104,3,2025-03-01,2025-03-05,2025-03-18,13,Annual,60
P-000771,LV-V2-0002105,6,2025-06-01,2025-06-06,2025-06-15,9,Annual,90
P-000771,LV-V2-0002106,8,2025-08-01,2025-08-05,2025-08-17,12,Annual,60
P-000771,LV-V2-0002107,11,2025-11-01,2025-11-07,2025-11-17,10,Casual,90
P-000772,LV-V2-0002108,9,2025-09-01,2025-09-06,2025-09-17,11,Annual,290
P-000772,LV-V2-0002109,11,2025-11-01,2025-11-10,2025-11-19,9,Annual,60
P-000773,LV-V2-0002110,2,2025-02-01,2025-02-09,2025-02-15,6,Annual,96
P-000773,LV-V2-0002111,5,2025-05-01,2025-05-06,2025-05-14,8,Annual,90
P-000773,LV-V2-0002112,8,2025-08-01,2025-08-10,2025-08-20,10,Annual,90
P-000773,LV-V2-0002113,11,2025-11-01,2025-11-09,2025-11-18,9,Annual,90
P-000774,LV-V2-0002114,1,2025-01-01,2025-01-10,2025-01-22,12,Annual,75
P-000774,LV-V2-0002115,3,2025-03-01,2025-03-10,2025-03-21,11,Casual,60
P-000774,LV-V2-0002116,7,2025-07-01,2025-07-06,2025-07-13,7,Annual,120
P-000774,LV-V2-0002117,10,2025-10-01,2025-10-06,2025-10-16,10,Medical/Authorized,90
P-000775,LV-V2-0002118,1,2025-01-01,2025-01-05,2025-01-13,8,Annual,68
P-000775,LV-V2-0002119,3,2025-03-01,2025-03-08,2025-03-16,8,Annual,60
P-000775,LV-V2-0002120,5,2025-05-01,2025-05-09,2025-05-18,9,Annual,60
P-000775,LV-V2-0002121,12,2025-12-01,2025-12-08,2025-12-17,9,Annual,210
P-000776,LV-V2-0002122,9,2025-09-01,2025-09-08,2025-09-19,11,Annual,294
P-000777,LV-V2-0002123,2,2025-02-01,2025-02-10,2025-02-19,9,Casual,120
P-000777,LV-V2-0002124,12,2025-12-01,2025-12-06,2025-12-16,10,Annual,300
P-000778,LV-V2-0002125,4,2025-04-01,2025-04-09,2025-04-15,6,Casual,187
P-000778,LV-V2-0002126,8,2025-08-01,2025-08-05,2025-08-18,13,Annual,120
P-000778,LV-V2-0002127,10,2025-10-01,2025-10-10,2025-10-23,13,Casual,60
P-000778,LV-V2-0002128,12,2025-12-01,2025-12-06,2025-12-13,7,Annual,60
P-000779,LV-V2-0002129,5,2025-05-01,2025-05-05,2025-05-08,3,Casual,192
P-000780,LV-V2-0002130,5,2025-05-01,2025-05-05,2025-05-14,9,Casual,188
P-000780,LV-V2-0002131,11,2025-11-01,2025-11-09,2025-11-16,7,Annual,180
P-000781,LV-V2-0002132,3,2025-03-01,2025-03-06,2025-03-14,8,Annual,121
P-000781,LV-V2-0002133,11,2025-11-01,2025-11-06,2025-11-13,7,Annual,240
P-000782,LV-V2-0002134,1,2025-01-01,2025-01-05,2025-01-16,11,Casual,84
P-000782,LV-V2-0002135,6,2025-06-01,2025-06-06,2025-06-19,13,Recovery,150
P-000782,LV-V2-0002136,9,2025-09-01,2025-09-05,2025-09-17,12,Annual,90
P-000783,LV-V2-0002137,6,2025-06-01,2025-06-05,2025-06-21,16,Recovery,222
P-000783,LV-V2-0002138,9,2025-09-01,2025-09-10,2025-09-20,10,Casual,90
P-000783,LV-V2-0002139,11,2025-11-01,2025-11-06,2025-11-12,6,Annual,60
P-000784,LV-V2-0002140,1,2025-01-01,2025-01-05,2025-01-15,10,Annual,75
P-000784,LV-V2-0002141,4,2025-04-01,2025-04-08,2025-04-18,10,Annual,90
P-000784,LV-V2-0002142,9,2025-09-01,2025-09-08,2025-09-19,11,Casual,150
P-000785,LV-V2-0002143,1,2025-01-01,2025-01-08,2025-01-21,13,Annual,88
P-000785,LV-V2-0002144,8,2025-08-01,2025-08-06,2025-08-19,13,Medical/Authorized,210
P-000785,LV-V2-0002145,10,2025-10-01,2025-10-10,2025-10-17,7,Casual,60
P-000786,LV-V2-0002146,2,2025-02-01,2025-02-08,2025-02-14,6,Annual,129
P-000786,LV-V2-0002147,5,2025-05-01,2025-05-09,2025-05-21,12,Annual,90
P-000786,LV-V2-0002148,8,2025-08-01,2025-08-05,2025-08-17,12,Casual,90
P-000786,LV-V2-0002149,10,2025-10-01,2025-10-07,2025-10-16,9,Annual,60
P-000787,LV-V2-0002150,2,2025-02-01,2025-02-06,2025-02-13,7,Casual,92
P-000787,LV-V2-0002151,5,2025-05-01,2025-05-07,2025-05-13,6,Annual,90
P-000787,LV-V2-0002152,11,2025-11-01,2025-11-06,2025-11-19,13,Casual,180
P-000788,LV-V2-0002153,4,2025-04-01,2025-04-06,2025-04-09,3,Casual,170
P-000789,LV-V2-0002154,10,2025-10-01,2025-10-05,2025-10-09,4,Casual,340
P-000790,LV-V2-0002155,3,2025-03-01,2025-03-06,2025-03-13,7,Casual,140
P-000790,LV-V2-0002156,6,2025-06-01,2025-06-05,2025-06-15,10,Casual,90
P-000790,LV-V2-0002157,11,2025-11-01,2025-11-09,2025-11-20,11,Annual,150
P-000791,LV-V2-0002158,9,2025-09-01,2025-09-10,2025-09-19,9,Casual,291
P-000792,LV-V2-0002159,6,2025-06-01,2025-06-07,2025-06-10,3,Casual,223
P-000792,LV-V2-0002160,12,2025-12-01,2025-12-06,2025-12-13,7,Casual,180
P-000793,LV-V2-0002161,9,2025-09-01,2025-09-06,2025-09-09,3,Casual,333
P-000794,LV-V2-0002162,2,2025-02-01,2025-02-08,2025-02-16,8,Casual,111
P-000794,LV-V2-0002163,4,2025-04-01,2025-04-09,2025-04-17,8,Casual,60
P-000794,LV-V2-0002164,6,2025-06-01,2025-06-10,2025-06-20,10,Annual,60
P-000794,LV-V2-0002165,8,2025-08-01,2025-08-10,2025-08-20,10,Annual,60
P-000794,LV-V2-0002166,10,2025-10-01,2025-10-10,2025-10-21,11,Annual,60
P-000795,LV-V2-0002167,7,2025-07-01,2025-07-05,2025-07-08,3,Casual,253
P-000796,LV-V2-0002168,5,2025-05-01,2025-05-09,2025-05-17,8,Casual,182
P-000796,LV-V2-0002169,10,2025-10-01,2025-10-09,2025-10-16,7,Annual,150
P-000796,LV-V2-0002170,12,2025-12-01,2025-12-10,2025-12-19,9,Annual,60
P-000797,LV-V2-0002171,1,2025-01-01,2025-01-06,2025-01-18,12,Casual,88
P-000797,LV-V2-0002172,3,2025-03-01,2025-03-06,2025-03-13,7,Annual,60
P-000797,LV-V2-0002173,6,2025-06-01,2025-06-07,2025-06-14,7,Annual,90
P-000797,LV-V2-0002174,8,2025-08-01,2025-08-05,2025-08-15,10,Annual,60
P-000798,LV-V2-0002175,2,2025-02-01,2025-02-09,2025-02-19,10,Casual,115
P-000798,LV-V2-0002176,7,2025-07-01,2025-07-07,2025-07-13,6,Casual,150
P-000798,LV-V2-0002177,12,2025-12-01,2025-12-07,2025-12-16,9,Annual,150
P-000799,LV-V2-0002178,2,2025-02-01,2025-02-06,2025-02-16,10,Annual,89
P-000799,LV-V2-0002179,4,2025-04-01,2025-04-09,2025-04-15,6,Casual,60
P-000799,LV-V2-0002180,11,2025-11-01,2025-11-05,2025-11-12,7,Annual,210
P-000801,LV-V2-0002181,1,2025-01-01,2025-01-10,2025-01-17,7,Casual,76
P-000801,LV-V2-0002182,5,2025-05-01,2025-05-06,2025-05-13,7,Medical/Authorized,120
P-000801,LV-V2-0002183,11,2025-11-01,2025-11-09,2025-11-20,11,Annual,180
P-000802,LV-V2-0002184,1,2025-01-01,2025-01-07,2025-01-14,7,Casual,76
P-000802,LV-V2-0002185,9,2025-09-01,2025-09-05,2025-09-12,7,Casual,240
P-000803,LV-V2-0002186,1,2025-01-01,2025-01-09,2025-01-16,7,Medical/Authorized,63
P-000803,LV-V2-0002187,6,2025-06-01,2025-06-06,2025-06-10,4,Casual,150
P-000803,LV-V2-0002188,10,2025-10-01,2025-10-06,2025-10-19,13,Casual,120
P-000803,LV-V2-0002189,12,2025-12-01,2025-12-10,2025-12-20,10,Annual,60
P-000804,LV-V2-0002190,1,2025-01-01,2025-01-08,2025-01-15,7,Casual,61
P-000804,LV-V2-0002191,4,2025-04-01,2025-04-07,2025-04-13,6,Casual,90
P-000804,LV-V2-0002192,6,2025-06-01,2025-06-09,2025-06-15,6,Annual,60
P-000804,LV-V2-0002193,11,2025-11-01,2025-11-09,2025-11-19,10,Annual,150
P-000805,LV-V2-0002194,5,2025-05-01,2025-05-08,2025-05-11,3,Casual,210
P-000805,LV-V2-0002195,11,2025-11-01,2025-11-05,2025-11-08,3,Casual,180
P-000806,LV-V2-0002196,1,2025-01-01,2025-01-09,2025-01-16,7,Medical/Authorized,81
P-000806,LV-V2-0002197,3,2025-03-01,2025-03-08,2025-03-20,12,Annual,60
P-000807,LV-V2-0002198,5,2025-05-01,2025-05-07,2025-05-12,5,Casual,210
P-000807,LV-V2-0002199,10,2025-10-01,2025-10-10,2025-10-22,12,Annual,150
P-000807,LV-V2-0002200,12,2025-12-01,2025-12-07,2025-12-19,12,Medical/Authorized,60
P-000808,LV-V2-0002201,1,2025-01-01,2025-01-10,2025-01-21,11,Annual,92
P-000809,LV-V2-0002202,2,2025-02-01,2025-02-08,2025-02-19,11,Annual,110
P-000809,LV-V2-0002203,5,2025-05-01,2025-05-10,2025-05-19,9,Casual,90
P-000809,LV-V2-0002204,7,2025-07-01,2025-07-10,2025-07-20,10,Annual,60
P-000809,LV-V2-0002205,9,2025-09-01,2025-09-10,2025-09-21,11,Casual,60
P-000809,LV-V2-0002206,12,2025-12-01,2025-12-09,2025-12-18,9,Casual,90
P-000810,LV-V2-0002207,1,2025-01-01,2025-01-08,2025-01-14,6,Casual,95
P-000810,LV-V2-0002208,9,2025-09-01,2025-09-09,2025-09-19,10,Annual,240
P-000811,LV-V2-0002209,6,2025-06-01,2025-06-06,2025-06-15,9,Annual,207
P-000811,LV-V2-0002210,8,2025-08-01,2025-08-05,2025-08-13,8,Casual,60
P-000811,LV-V2-0002211,11,2025-11-01,2025-11-08,2025-11-21,13,Annual,90
P-000812,LV-V2-0002212,2,2025-02-01,2025-02-08,2025-02-17,9,Casual,88
P-000812,LV-V2-0002213,9,2025-09-01,2025-09-07,2025-09-18,11,Annual,210
P-000813,LV-V2-0002214,4,2025-04-01,2025-04-07,2025-04-19,12,Annual,176
P-000813,LV-V2-0002215,10,2025-10-01,2025-10-09,2025-10-18,9,Casual,180
P-000813,LV-V2-0002216,12,2025-12-01,2025-12-06,2025-12-18,12,Annual,60
P-000814,LV-V2-0002217,2,2025-02-01,2025-02-09,2025-02-20,11,Medical/Authorized,127
P-000814,LV-V2-0002218,5,2025-05-01,2025-05-09,2025-05-17,8,Annual,90
P-000816,LV-V2-0002219,4,2025-04-01,2025-04-09,2025-04-21,12,Casual,187
P-000816,LV-V2-0002220,7,2025-07-01,2025-07-08,2025-07-16,8,Casual,90
P-000816,LV-V2-0002221,9,2025-09-01,2025-09-08,2025-09-16,8,Medical/Authorized,60
P-000816,LV-V2-0002222,11,2025-11-01,2025-11-06,2025-11-19,13,Casual,60
P-000817,LV-V2-0002223,10,2025-10-01,2025-10-08,2025-10-18,10,Casual,345
P-000818,LV-V2-0002224,3,2025-03-01,2025-03-09,2025-03-12,3,Casual,158
P-000818,LV-V2-0002225,9,2025-09-01,2025-09-08,2025-09-13,5,Casual,180
P-000819,LV-V2-0002226,8,2025-08-01,2025-08-07,2025-08-12,5,Casual,274
P-000820,LV-V2-0002227,2,2025-02-01,2025-02-06,2025-02-15,9,Annual,93
P-000820,LV-V2-0002228,8,2025-08-01,2025-08-09,2025-08-15,6,Casual,180
P-000821,LV-V2-0002229,6,2025-06-01,2025-06-05,2025-06-08,3,Casual,211
P-000822,LV-V2-0002230,5,2025-05-01,2025-05-09,2025-05-19,10,Casual,174
P-000822,LV-V2-0002231,9,2025-09-01,2025-09-08,2025-09-17,9,Medical/Authorized,120
P-000822,LV-V2-0002232,11,2025-11-01,2025-11-07,2025-11-15,8,Annual,60
P-000823,LV-V2-0002233,5,2025-05-01,2025-05-07,2025-05-16,9,Annual,201
P-000823,LV-V2-0002234,7,2025-07-01,2025-07-05,2025-07-15,10,Casual,60
P-000823,LV-V2-0002235,9,2025-09-01,2025-09-07,2025-09-18,11,Annual,60
P-000823,LV-V2-0002236,11,2025-11-01,2025-11-07,2025-11-14,7,Annual,60
P-000824,LV-V2-0002237,1,2025-01-01,2025-01-08,2025-01-15,7,Casual,95
P-000824,LV-V2-0002238,9,2025-09-01,2025-09-05,2025-09-18,13,Casual,240
P-000824,LV-V2-0002239,12,2025-12-01,2025-12-05,2025-12-14,9,Annual,90
P-000825,LV-V2-0002240,8,2025-08-01,2025-08-05,2025-08-09,4,Casual,300
P-000825,LV-V2-0002241,12,2025-12-01,2025-12-09,2025-12-18,9,Casual,120
P-000826,LV-V2-0002242,1,2025-01-01,2025-01-08,2025-01-16,8,Annual,86
P-000826,LV-V2-0002243,3,2025-03-01,2025-03-05,2025-03-11,6,Annual,60
P-000826,LV-V2-0002244,5,2025-05-01,2025-05-05,2025-05-15,10,Annual,60
P-000827,LV-V2-0002245,2,2025-02-01,2025-02-06,2025-02-19,13,Casual,81
P-000827,LV-V2-0002246,5,2025-05-01,2025-05-05,2025-05-14,9,Annual,90
P-000827,LV-V2-0002247,9,2025-09-01,2025-09-09,2025-09-17,8,Annual,120
P-000827,LV-V2-0002248,11,2025-11-01,2025-11-08,2025-11-21,13,Annual,60
P-000828,LV-V2-0002249,1,2025-01-01,2025-01-09,2025-01-15,6,Annual,69
P-000828,LV-V2-0002250,3,2025-03-01,2025-03-09,2025-03-17,8,Annual,60
P-000828,LV-V2-0002251,6,2025-06-01,2025-06-07,2025-06-18,11,Casual,90
P-000828,LV-V2-0002252,10,2025-10-01,2025-10-06,2025-10-18,12,Annual,120
P-000829,LV-V2-0002253,2,2025-02-01,2025-02-05,2025-02-17,12,Medical/Authorized,84
P-000829,LV-V2-0002254,7,2025-07-01,2025-07-09,2025-07-21,12,Casual,150
P-000829,LV-V2-0002255,10,2025-10-01,2025-10-06,2025-10-17,11,Annual,90
P-000829,LV-V2-0002256,12,2025-12-01,2025-12-07,2025-12-17,10,Casual,60
P-000830,LV-V2-0002257,2,2025-02-01,2025-02-06,2025-02-12,6,Medical/Authorized,83
P-000830,LV-V2-0002258,4,2025-04-01,2025-04-09,2025-04-18,9,Annual,60
P-000830,LV-V2-0002259,6,2025-06-01,2025-06-08,2025-06-15,7,Casual,60
P-000830,LV-V2-0002260,8,2025-08-01,2025-08-10,2025-08-23,13,Casual,60
P-000830,LV-V2-0002261,12,2025-12-01,2025-12-09,2025-12-20,11,Casual,120
P-000831,LV-V2-0002262,6,2025-06-01,2025-06-07,2025-06-22,15,Recovery,204
P-000831,LV-V2-0002263,9,2025-09-01,2025-09-07,2025-09-13,6,Casual,90
P-000831,LV-V2-0002264,11,2025-11-01,2025-11-09,2025-11-21,12,Annual,60
P-000832,LV-V2-0002265,9,2025-09-01,2025-09-09,2025-09-15,6,Casual,299
P-000832,LV-V2-0002266,12,2025-12-01,2025-12-06,2025-12-14,8,Medical/Authorized,90
P-000833,LV-V2-0002267,5,2025-05-01,2025-05-06,2025-05-11,5,Casual,178
P-000834,LV-V2-0002268,1,2025-01-01,2025-01-06,2025-01-17,11,Casual,93
P-000834,LV-V2-0002269,3,2025-03-01,2025-03-10,2025-03-17,7,Casual,60
P-000834,LV-V2-0002270,7,2025-07-01,2025-07-05,2025-07-17,12,Annual,120
P-000834,LV-V2-0002271,9,2025-09-01,2025-09-08,2025-09-20,12,Annual,60
P-000834,LV-V2-0002272,11,2025-11-01,2025-11-08,2025-11-21,13,Casual,60
P-000835,LV-V2-0002273,2,2025-02-01,2025-02-07,2025-02-17,10,Casual,109
P-000835,LV-V2-0002274,4,2025-04-01,2025-04-09,2025-04-15,6,Casual,60
P-000835,LV-V2-0002275,8,2025-08-01,2025-08-07,2025-08-19,12,Annual,120
P-000836,LV-V2-0002276,6,2025-06-01,2025-06-08,2025-06-19,11,Casual,234
P-000836,LV-V2-0002277,10,2025-10-01,2025-10-08,2025-10-17,9,Casual,120
P-000836,LV-V2-0002278,12,2025-12-01,2025-12-07,2025-12-15,8,Casual,60
P-000837,LV-V2-0002279,3,2025-03-01,2025-03-10,2025-03-20,10,Annual,112
P-000837,LV-V2-0002280,8,2025-08-01,2025-08-06,2025-08-12,6,Casual,150
P-000837,LV-V2-0002281,12,2025-12-01,2025-12-08,2025-12-19,11,Annual,120
P-000838,LV-V2-0002282,2,2025-02-01,2025-02-10,2025-02-16,6,Casual,99
P-000838,LV-V2-0002283,5,2025-05-01,2025-05-08,2025-05-18,10,Annual,90
P-000838,LV-V2-0002284,8,2025-08-01,2025-08-05,2025-08-13,8,Annual,90
P-000839,LV-V2-0002285,1,2025-01-01,2025-01-09,2025-01-16,7,Annual,89
P-000840,LV-V2-0002286,1,2025-01-01,2025-01-07,2025-01-13,6,Casual,62
P-000840,LV-V2-0002287,6,2025-06-01,2025-06-10,2025-06-26,16,Recovery,150
P-000840,LV-V2-0002288,9,2025-09-01,2025-09-05,2025-09-15,10,Annual,90
P-000841,LV-V2-0002289,1,2025-01-01,2025-01-09,2025-01-19,10,Annual,61
P-000841,LV-V2-0002290,6,2025-06-01,2025-06-09,2025-06-16,7,Medical/Authorized,150
P-000841,LV-V2-0002291,11,2025-11-01,2025-11-05,2025-11-12,7,Annual,150
P-000843,LV-V2-0002292,3,2025-03-01,2025-03-09,2025-03-14,5,Casual,123
P-000844,LV-V2-0002293,3,2025-03-01,2025-03-08,2025-03-12,4,Casual,153
P-000844,LV-V2-0002294,9,2025-09-01,2025-09-09,2025-09-13,4,Casual,180
P-000845,LV-V2-0002295,1,2025-01-01,2025-01-10,2025-01-19,9,Annual,68
P-000845,LV-V2-0002296,6,2025-06-01,2025-06-08,2025-06-23,15,Recovery,150
P-000845,LV-V2-0002297,8,2025-08-01,2025-08-05,2025-08-18,13,Annual,60
P-000845,LV-V2-0002298,10,2025-10-01,2025-10-10,2025-10-21,11,Annual,60
P-000846,LV-V2-0002299,8,2025-08-01,2025-08-07,2025-08-11,4,Casual,262
P-000847,LV-V2-0002300,1,2025-01-01,2025-01-07,2025-01-13,6,Annual,99
P-000847,LV-V2-0002301,4,2025-04-01,2025-04-05,2025-04-18,13,Casual,90
P-000848,LV-V2-0002302,6,2025-06-01,2025-06-08,2025-06-24,16,Recovery,205
P-000848,LV-V2-0002303,9,2025-09-01,2025-09-06,2025-09-14,8,Annual,90
P-000848,LV-V2-0002304,11,2025-11-01,2025-11-10,2025-11-17,7,Casual,60
P-000850,LV-V2-0002305,7,2025-07-01,2025-07-05,2025-07-08,3,Casual,255
P-000851,LV-V2-0002306,1,2025-01-01,2025-01-07,2025-01-14,7,Casual,60
P-000851,LV-V2-0002307,3,2025-03-01,2025-03-06,2025-03-15,9,Annual,60
P-000851,LV-V2-0002308,5,2025-05-01,2025-05-06,2025-05-18,12,Annual,60
P-000851,LV-V2-0002309,8,2025-08-01,2025-08-10,2025-08-17,7,Medical/Authorized,90
P-000851,LV-V2-0002310,10,2025-10-01,2025-10-08,2025-10-18,10,Casual,60
P-000852,LV-V2-0002311,1,2025-01-01,2025-01-08,2025-01-14,6,Annual,76
P-000852,LV-V2-0002312,3,2025-03-01,2025-03-07,2025-03-13,6,Casual,60
P-000852,LV-V2-0002313,5,2025-05-01,2025-05-06,2025-05-14,8,Casual,60
P-000852,LV-V2-0002314,9,2025-09-01,2025-09-07,2025-09-18,11,Casual,120
P-000852,LV-V2-0002315,11,2025-11-01,2025-11-10,2025-11-16,6,Casual,60
P-000853,LV-V2-0002316,1,2025-01-01,2025-01-06,2025-01-12,6,Annual,94
P-000853,LV-V2-0002317,6,2025-06-01,2025-06-09,2025-06-22,13,Annual,150
P-000853,LV-V2-0002318,8,2025-08-01,2025-08-10,2025-08-18,8,Annual,60
P-000853,LV-V2-0002319,10,2025-10-01,2025-10-05,2025-10-11,6,Annual,60
P-000853,LV-V2-0002320,12,2025-12-01,2025-12-10,2025-12-16,6,Annual,60
P-000854,LV-V2-0002321,7,2025-07-01,2025-07-09,2025-07-17,8,Annual,277
P-000854,LV-V2-0002322,9,2025-09-01,2025-09-08,2025-09-15,7,Annual,60
P-000855,LV-V2-0002323,1,2025-01-01,2025-01-10,2025-01-22,12,Annual,61
P-000855,LV-V2-0002324,11,2025-11-01,2025-11-09,2025-11-17,8,Annual,300
P-000856,LV-V2-0002325,2,2025-02-01,2025-02-10,2025-02-17,7,Casual,84
P-000856,LV-V2-0002326,4,2025-04-01,2025-04-06,2025-04-12,6,Annual,60
P-000856,LV-V2-0002327,9,2025-09-01,2025-09-08,2025-09-18,10,Annual,150
P-000856,LV-V2-0002328,11,2025-11-01,2025-11-07,2025-11-16,9,Casual,60
P-000857,LV-V2-0002329,9,2025-09-01,2025-09-10,2025-09-16,6,Annual,309
P-000858,LV-V2-0002330,1,2025-01-01,2025-01-10,2025-01-17,7,Annual,98
P-000858,LV-V2-0002331,6,2025-06-01,2025-06-09,2025-06-15,6,Casual,150
P-000858,LV-V2-0002332,11,2025-11-01,2025-11-09,2025-11-19,10,Annual,150
P-000859,LV-V2-0002333,1,2025-01-01,2025-01-05,2025-01-16,11,Casual,72
P-000859,LV-V2-0002334,3,2025-03-01,2025-03-06,2025-03-12,6,Casual,60
P-000859,LV-V2-0002335,8,2025-08-01,2025-08-06,2025-08-17,11,Medical/Authorized,150
P-000859,LV-V2-0002336,10,2025-10-01,2025-10-07,2025-10-16,9,Casual,60
P-000860,LV-V2-0002337,2,2025-02-01,2025-02-10,2025-02-22,12,Casual,123
P-000860,LV-V2-0002338,6,2025-06-01,2025-06-10,2025-06-16,6,Annual,120
P-000860,LV-V2-0002339,8,2025-08-01,2025-08-10,2025-08-21,11,Casual,60
P-000860,LV-V2-0002340,11,2025-11-01,2025-11-05,2025-11-12,7,Casual,90
P-000861,LV-V2-0002341,1,2025-01-01,2025-01-08,2025-01-18,10,Medical/Authorized,71
P-000861,LV-V2-0002342,3,2025-03-01,2025-03-05,2025-03-18,13,Annual,60
P-000861,LV-V2-0002343,6,2025-06-01,2025-06-07,2025-06-20,13,Casual,90
P-000861,LV-V2-0002344,9,2025-09-01,2025-09-10,2025-09-22,12,Casual,90
P-000861,LV-V2-0002345,11,2025-11-01,2025-11-10,2025-11-16,6,Annual,60
P-000862,LV-V2-0002346,1,2025-01-01,2025-01-06,2025-01-19,13,Annual,65
P-000862,LV-V2-0002347,6,2025-06-01,2025-06-10,2025-06-23,13,Casual,150
P-000863,LV-V2-0002348,2,2025-02-01,2025-02-07,2025-02-19,12,Annual,129
P-000863,LV-V2-0002349,11,2025-11-01,2025-11-06,2025-11-13,7,Annual,270
P-000864,LV-V2-0002350,2,2025-02-01,2025-02-08,2025-02-14,6,Annual,121
P-000864,LV-V2-0002351,9,2025-09-01,2025-09-08,2025-09-20,12,Annual,210
P-000864,LV-V2-0002352,11,2025-11-01,2025-11-05,2025-11-17,12,Casual,60
P-000865,LV-V2-0002353,1,2025-01-01,2025-01-06,2025-01-19,13,Medical/Authorized,85
P-000865,LV-V2-0002354,3,2025-03-01,2025-03-09,2025-03-18,9,Casual,60
P-000865,LV-V2-0002355,8,2025-08-01,2025-08-06,2025-08-15,9,Annual,150
P-000865,LV-V2-0002356,11,2025-11-01,2025-11-06,2025-11-16,10,Annual,90
P-000866,LV-V2-0002357,3,2025-03-01,2025-03-10,2025-03-18,8,Casual,151
P-000866,LV-V2-0002358,6,2025-06-01,2025-06-10,2025-06-20,10,Annual,90
P-000866,LV-V2-0002359,10,2025-10-01,2025-10-10,2025-10-21,11,Casual,120
P-000867,LV-V2-0002360,2,2025-02-01,2025-02-05,2025-02-11,6,Casual,86
P-000867,LV-V2-0002361,10,2025-10-01,2025-10-06,2025-10-12,6,Casual,240
P-000868,LV-V2-0002362,1,2025-01-01,2025-01-06,2025-01-16,10,Casual,87
P-000868,LV-V2-0002363,5,2025-05-01,2025-05-06,2025-05-18,12,Annual,120
P-000868,LV-V2-0002364,8,2025-08-01,2025-08-05,2025-08-16,11,Annual,90
P-000868,LV-V2-0002365,10,2025-10-01,2025-10-06,2025-10-19,13,Annual,60
P-000869,LV-V2-0002366,2,2025-02-01,2025-02-07,2025-02-19,12,Casual,124
P-000869,LV-V2-0002367,5,2025-05-01,2025-05-06,2025-05-16,10,Casual,90
P-000869,LV-V2-0002368,8,2025-08-01,2025-08-08,2025-08-18,10,Annual,90
P-000870,LV-V2-0002369,3,2025-03-01,2025-03-05,2025-03-15,10,Casual,145
P-000870,LV-V2-0002370,9,2025-09-01,2025-09-10,2025-09-20,10,Annual,180
P-000871,LV-V2-0002371,5,2025-05-01,2025-05-10,2025-05-13,3,Casual,209
P-000871,LV-V2-0002372,11,2025-11-01,2025-11-08,2025-11-15,7,Annual,180
P-000872,LV-V2-0002373,4,2025-04-01,2025-04-06,2025-04-15,9,Casual,146
P-000873,LV-V2-0002374,8,2025-08-01,2025-08-09,2025-08-14,5,Casual,265
P-000873,LV-V2-0002375,11,2025-11-01,2025-11-05,2025-11-17,12,Annual,90
P-000874,LV-V2-0002376,2,2025-02-01,2025-02-08,2025-02-15,7,Annual,85
P-000874,LV-V2-0002377,10,2025-10-01,2025-10-06,2025-10-17,11,Annual,240
P-000875,LV-V2-0002378,1,2025-01-01,2025-01-05,2025-01-13,8,Annual,97
P-000875,LV-V2-0002379,5,2025-05-01,2025-05-08,2025-05-21,13,Annual,120
P-000875,LV-V2-0002380,8,2025-08-01,2025-08-07,2025-08-16,9,Casual,90
P-000876,LV-V2-0002381,2,2025-02-01,2025-02-10,2025-02-21,11,Annual,96
P-000876,LV-V2-0002382,4,2025-04-01,2025-04-07,2025-04-14,7,Medical/Authorized,60
P-000876,LV-V2-0002383,12,2025-12-01,2025-12-09,2025-12-21,12,Casual,240
P-000877,LV-V2-0002384,1,2025-01-01,2025-01-05,2025-01-15,10,Casual,76
P-000877,LV-V2-0002385,3,2025-03-01,2025-03-06,2025-03-13,7,Casual,60
P-000877,LV-V2-0002386,8,2025-08-01,2025-08-07,2025-08-18,11,Annual,150
P-000877,LV-V2-0002387,12,2025-12-01,2025-12-05,2025-12-14,9,Annual,120
P-000878,LV-V2-0002388,1,2025-01-01,2025-01-05,2025-01-13,8,Annual,76
P-000878,LV-V2-0002389,3,2025-03-01,2025-03-09,2025-03-17,8,Annual,60
P-000878,LV-V2-0002390,6,2025-06-01,2025-06-09,2025-06-15,6,Annual,90
P-000878,LV-V2-0002391,8,2025-08-01,2025-08-09,2025-08-20,11,Annual,60
P-000879,LV-V2-0002392,5,2025-05-01,2025-05-08,2025-05-13,5,Casual,174
P-000879,LV-V2-0002393,6,2025-06-01,2025-06-09,2025-06-25,16,Recovery,30
P-000879,LV-V2-0002394,9,2025-09-01,2025-09-05,2025-09-12,7,Annual,90
P-000879,LV-V2-0002395,11,2025-11-01,2025-11-06,2025-11-13,7,Medical/Authorized,60
P-000880,LV-V2-0002396,11,2025-11-01,2025-11-09,2025-11-13,4,Casual,355
P-000881,LV-V2-0002397,1,2025-01-01,2025-01-10,2025-01-18,8,Annual,97
P-000881,LV-V2-0002398,3,2025-03-01,2025-03-06,2025-03-17,11,Medical/Authorized,60
P-000881,LV-V2-0002399,10,2025-10-01,2025-10-10,2025-10-20,10,Annual,210
P-000881,LV-V2-0002400,12,2025-12-01,2025-12-06,2025-12-15,9,Medical/Authorized,60
P-000882,LV-V2-0002401,1,2025-01-01,2025-01-05,2025-01-13,8,Annual,90
P-000882,LV-V2-0002402,5,2025-05-01,2025-05-08,2025-05-15,7,Annual,120
P-000882,LV-V2-0002403,8,2025-08-01,2025-08-05,2025-08-12,7,Annual,90
P-000882,LV-V2-0002404,10,2025-10-01,2025-10-10,2025-10-16,6,Annual,60
P-000883,LV-V2-0002405,4,2025-04-01,2025-04-08,2025-04-13,5,Casual,148
P-000883,LV-V2-0002406,7,2025-07-01,2025-07-07,2025-07-14,7,Casual,90
P-000883,LV-V2-0002407,9,2025-09-01,2025-09-05,2025-09-17,12,Annual,60
P-000883,LV-V2-0002408,11,2025-11-01,2025-11-10,2025-11-18,8,Annual,60
P-000884,LV-V2-0002409,7,2025-07-01,2025-07-09,2025-07-14,5,Casual,243
P-000884,LV-V2-0002410,10,2025-10-01,2025-10-05,2025-10-13,8,Annual,90
P-000884,LV-V2-0002411,12,2025-12-01,2025-12-06,2025-12-18,12,Annual,60
P-000885,LV-V2-0002412,2,2025-02-01,2025-02-05,2025-02-14,9,Annual,99
P-000885,LV-V2-0002413,9,2025-09-01,2025-09-07,2025-09-13,6,Casual,210
P-000885,LV-V2-0002414,11,2025-11-01,2025-11-07,2025-11-14,7,Annual,60
P-000886,LV-V2-0002415,1,2025-01-01,2025-01-09,2025-01-18,9,Medical/Authorized,99
P-000886,LV-V2-0002416,3,2025-03-01,2025-03-08,2025-03-17,9,Annual,60
P-000886,LV-V2-0002417,6,2025-06-01,2025-06-06,2025-06-15,9,Casual,90
P-000886,LV-V2-0002418,9,2025-09-01,2025-09-05,2025-09-13,8,Annual,90
P-000886,LV-V2-0002419,11,2025-11-01,2025-11-08,2025-11-16,8,Annual,60
P-000887,LV-V2-0002420,6,2025-06-01,2025-06-05,2025-06-17,12,Recovery,244
P-000887,LV-V2-0002421,9,2025-09-01,2025-09-07,2025-09-13,6,Annual,90
P-000888,LV-V2-0002422,1,2025-01-01,2025-01-08,2025-01-18,10,Annual,99
P-000888,LV-V2-0002423,3,2025-03-01,2025-03-10,2025-03-21,11,Annual,60
P-000888,LV-V2-0002424,6,2025-06-01,2025-06-09,2025-06-18,9,Annual,90
P-000888,LV-V2-0002425,8,2025-08-01,2025-08-06,2025-08-15,9,Annual,60
P-000888,LV-V2-0002426,11,2025-11-01,2025-11-06,2025-11-17,11,Annual,90
P-000889,LV-V2-0002427,2,2025-02-01,2025-02-08,2025-02-17,9,Annual,107
P-000889,LV-V2-0002428,5,2025-05-01,2025-05-08,2025-05-21,13,Annual,90
P-000889,LV-V2-0002429,7,2025-07-01,2025-07-07,2025-07-18,11,Medical/Authorized,60
P-000889,LV-V2-0002430,9,2025-09-01,2025-09-06,2025-09-14,8,Casual,60
P-000890,LV-V2-0002431,1,2025-01-01,2025-01-10,2025-01-20,10,Annual,76
P-000890,LV-V2-0002432,10,2025-10-01,2025-10-10,2025-10-16,6,Annual,270
P-000891,LV-V2-0002433,9,2025-09-01,2025-09-10,2025-09-16,6,Casual,309
P-000892,LV-V2-0002434,2,2025-02-01,2025-02-07,2025-02-16,9,Annual,82
P-000892,LV-V2-0002435,5,2025-05-01,2025-05-08,2025-05-19,11,Annual,90
P-000892,LV-V2-0002436,7,2025-07-01,2025-07-05,2025-07-17,12,Annual,60
P-000892,LV-V2-0002437,9,2025-09-01,2025-09-05,2025-09-13,8,Casual,60
P-000893,LV-V2-0002438,6,2025-06-01,2025-06-10,2025-06-22,12,Recovery,229
P-000893,LV-V2-0002439,9,2025-09-01,2025-09-08,2025-09-19,11,Annual,90
P-000893,LV-V2-0002440,11,2025-11-01,2025-11-09,2025-11-17,8,Annual,60
P-000894,LV-V2-0002441,4,2025-04-01,2025-04-06,2025-04-16,10,Casual,142
P-000894,LV-V2-0002442,12,2025-12-01,2025-12-10,2025-12-20,10,Annual,240
P-000895,LV-V2-0002443,2,2025-02-01,2025-02-10,2025-02-20,10,Casual,88
P-000895,LV-V2-0002444,4,2025-04-01,2025-04-10,2025-04-18,8,Casual,60
P-000895,LV-V2-0002445,7,2025-07-01,2025-07-08,2025-07-20,12,Medical/Authorized,90
P-000895,LV-V2-0002446,9,2025-09-01,2025-09-10,2025-09-19,9,Annual,60
P-000896,LV-V2-0002447,1,2025-01-01,2025-01-05,2025-01-15,10,Annual,65
P-000896,LV-V2-0002448,9,2025-09-01,2025-09-10,2025-09-14,4,Casual,240
P-000896,LV-V2-0002449,12,2025-12-01,2025-12-08,2025-12-14,6,Annual,90
P-000897,LV-V2-0002450,10,2025-10-01,2025-10-07,2025-10-12,5,Casual,323
P-000898,LV-V2-0002451,1,2025-01-01,2025-01-09,2025-01-15,6,Annual,90
P-000898,LV-V2-0002452,3,2025-03-01,2025-03-07,2025-03-15,8,Annual,60
P-000898,LV-V2-0002453,5,2025-05-01,2025-05-08,2025-05-15,7,Casual,60
P-000898,LV-V2-0002454,8,2025-08-01,2025-08-10,2025-08-20,10,Annual,90
P-000898,LV-V2-0002455,11,2025-11-01,2025-11-08,2025-11-19,11,Annual,90
P-000899,LV-V2-0002456,9,2025-09-01,2025-09-10,2025-09-20,10,Annual,337
P-000899,LV-V2-0002457,11,2025-11-01,2025-11-08,2025-11-15,7,Annual,60
P-000900,LV-V2-0002458,1,2025-01-01,2025-01-08,2025-01-17,9,Casual,86
P-000900,LV-V2-0002459,8,2025-08-01,2025-08-09,2025-08-14,5,Casual,210
P-000900,LV-V2-0002460,11,2025-11-01,2025-11-09,2025-11-17,8,Casual,90
P-000901,LV-V2-0002461,3,2025-03-01,2025-03-08,2025-03-16,8,Annual,138
P-000901,LV-V2-0002462,5,2025-05-01,2025-05-08,2025-05-19,11,Casual,60
P-000901,LV-V2-0002463,11,2025-11-01,2025-11-08,2025-11-19,11,Casual,180
P-000902,LV-V2-0002464,5,2025-05-01,2025-05-10,2025-05-14,4,Casual,178
P-000902,LV-V2-0002465,6,2025-06-01,2025-06-06,2025-06-21,15,Recovery,30
P-000902,LV-V2-0002466,8,2025-08-01,2025-08-07,2025-08-19,12,Casual,60
P-000902,LV-V2-0002467,11,2025-11-01,2025-11-08,2025-11-18,10,Annual,90
P-000903,LV-V2-0002468,4,2025-04-01,2025-04-09,2025-04-19,10,Annual,154
P-000903,LV-V2-0002469,6,2025-06-01,2025-06-09,2025-06-18,9,Annual,60
P-000903,LV-V2-0002470,8,2025-08-01,2025-08-05,2025-08-15,10,Casual,60
P-000903,LV-V2-0002471,11,2025-11-01,2025-11-09,2025-11-16,7,Annual,90
P-000904,LV-V2-0002472,4,2025-04-01,2025-04-08,2025-04-14,6,Annual,169
P-000904,LV-V2-0002473,9,2025-09-01,2025-09-05,2025-09-14,9,Annual,150
P-000904,LV-V2-0002474,11,2025-11-01,2025-11-10,2025-11-22,12,Annual,60
P-000905,LV-V2-0002475,2,2025-02-01,2025-02-09,2025-02-17,8,Casual,89
P-000905,LV-V2-0002476,9,2025-09-01,2025-09-06,2025-09-14,8,Annual,210
P-000905,LV-V2-0002477,11,2025-11-01,2025-11-05,2025-11-16,11,Casual,60
P-000906,LV-V2-0002478,2,2025-02-01,2025-02-09,2025-02-22,13,Casual,82
P-000906,LV-V2-0002479,7,2025-07-01,2025-07-10,2025-07-20,10,Medical/Authorized,150
P-000908,LV-V2-0002480,1,2025-01-01,2025-01-07,2025-01-13,6,Annual,97
P-000908,LV-V2-0002481,3,2025-03-01,2025-03-09,2025-03-20,11,Annual,60
P-000908,LV-V2-0002482,6,2025-06-01,2025-06-10,2025-06-20,10,Casual,90
P-000908,LV-V2-0002483,9,2025-09-01,2025-09-09,2025-09-17,8,Annual,90
P-000908,LV-V2-0002484,11,2025-11-01,2025-11-05,2025-11-13,8,Casual,60
P-000909,LV-V2-0002485,2,2025-02-01,2025-02-05,2025-02-15,10,Casual,120
P-000909,LV-V2-0002486,6,2025-06-01,2025-06-07,2025-06-15,8,Casual,120
P-000909,LV-V2-0002487,10,2025-10-01,2025-10-08,2025-10-21,13,Casual,120
P-000909,LV-V2-0002488,12,2025-12-01,2025-12-05,2025-12-17,12,Annual,60
P-000910,LV-V2-0002489,6,2025-06-01,2025-06-05,2025-06-18,13,Recovery,220
P-000910,LV-V2-0002490,11,2025-11-01,2025-11-09,2025-11-16,7,Annual,150
P-000911,LV-V2-0002491,2,2025-02-01,2025-02-09,2025-02-20,11,Casual,101
P-000911,LV-V2-0002492,6,2025-06-01,2025-06-05,2025-06-16,11,Annual,120
P-000911,LV-V2-0002493,8,2025-08-01,2025-08-09,2025-08-17,8,Annual,60
P-000912,LV-V2-0002494,1,2025-01-01,2025-01-06,2025-01-19,13,Medical/Authorized,77
P-000912,LV-V2-0002495,6,2025-06-01,2025-06-05,2025-06-12,7,Annual,150
P-000912,LV-V2-0002496,10,2025-10-01,2025-10-09,2025-10-16,7,Casual,120
P-000913,LV-V2-0002497,2,2025-02-01,2025-02-05,2025-02-13,8,Annual,93
P-000913,LV-V2-0002498,4,2025-04-01,2025-04-05,2025-04-14,9,Annual,60
P-000914,LV-V2-0002499,2,2025-02-01,2025-02-09,2025-02-17,8,Annual,85
P-000914,LV-V2-0002500,8,2025-08-01,2025-08-07,2025-08-16,9,Annual,180
P-000915,LV-V2-0002501,4,2025-04-01,2025-04-06,2025-04-09,3,Casual,145
P-000916,LV-V2-0002502,2,2025-02-01,2025-02-09,2025-02-16,7,Annual,84
P-000916,LV-V2-0002503,8,2025-08-01,2025-08-06,2025-08-12,6,Casual,180
P-000916,LV-V2-0002504,11,2025-11-01,2025-11-06,2025-11-12,6,Medical/Authorized,90
P-000917,LV-V2-0002505,2,2025-02-01,2025-02-05,2025-02-18,13,Annual,84
P-000917,LV-V2-0002506,4,2025-04-01,2025-04-07,2025-04-13,6,Medical/Authorized,60
P-000917,LV-V2-0002507,7,2025-07-01,2025-07-10,2025-07-20,10,Annual,90
P-000917,LV-V2-0002508,10,2025-10-01,2025-10-08,2025-10-17,9,Medical/Authorized,90
P-000918,LV-V2-0002509,1,2025-01-01,2025-01-07,2025-01-15,8,Annual,61
P-000918,LV-V2-0002510,3,2025-03-01,2025-03-05,2025-03-12,7,Annual,60
P-000918,LV-V2-0002511,6,2025-06-01,2025-06-06,2025-06-14,8,Casual,90
P-000918,LV-V2-0002512,8,2025-08-01,2025-08-07,2025-08-18,11,Casual,60
P-000918,LV-V2-0002513,10,2025-10-01,2025-10-05,2025-10-18,13,Annual,60
P-000919,LV-V2-0002514,1,2025-01-01,2025-01-06,2025-01-17,11,Casual,66
P-000919,LV-V2-0002515,3,2025-03-01,2025-03-08,2025-03-19,11,Medical/Authorized,60
P-000920,LV-V2-0002516,1,2025-01-01,2025-01-10,2025-01-18,8,Annual,75
P-000920,LV-V2-0002517,4,2025-04-01,2025-04-06,2025-04-13,7,Annual,90
P-000920,LV-V2-0002518,10,2025-10-01,2025-10-05,2025-10-18,13,Annual,180
P-000921,LV-V2-0002519,2,2025-02-01,2025-02-07,2025-02-14,7,Annual,125
P-000921,LV-V2-0002520,7,2025-07-01,2025-07-08,2025-07-20,12,Annual,150
P-000921,LV-V2-0002521,9,2025-09-01,2025-09-09,2025-09-21,12,Medical/Authorized,60
P-000921,LV-V2-0002522,12,2025-12-01,2025-12-06,2025-12-17,11,Annual,90
P-000922,LV-V2-0002523,3,2025-03-01,2025-03-05,2025-03-08,3,Casual,132
P-000922,LV-V2-0002524,6,2025-06-01,2025-06-07,2025-06-21,14,Recovery,90
P-000922,LV-V2-0002525,10,2025-10-01,2025-10-09,2025-10-16,7,Annual,120
P-000922,LV-V2-0002526,12,2025-12-01,2025-12-06,2025-12-13,7,Annual,60
P-000923,LV-V2-0002527,8,2025-08-01,2025-08-07,2025-08-10,3,Casual,279
P-000923,LV-V2-0002528,10,2025-10-01,2025-10-06,2025-10-17,11,Casual,60
P-000924,LV-V2-0002529,2,2025-02-01,2025-02-05,2025-02-18,13,Casual,85
P-000924,LV-V2-0002530,12,2025-12-01,2025-12-10,2025-12-19,9,Annual,300
P-000925,LV-V2-0002531,6,2025-06-01,2025-06-10,2025-06-26,16,Recovery,201
P-000925,LV-V2-0002532,8,2025-08-01,2025-08-05,2025-08-14,9,Annual,60
P-000925,LV-V2-0002533,10,2025-10-01,2025-10-06,2025-10-13,7,Medical/Authorized,60
P-000926,LV-V2-0002534,1,2025-01-01,2025-01-09,2025-01-16,7,Casual,98
P-000926,LV-V2-0002535,10,2025-10-01,2025-10-09,2025-10-18,9,Annual,270
P-000927,LV-V2-0002536,1,2025-01-01,2025-01-06,2025-01-18,12,Casual,68
P-000927,LV-V2-0002537,4,2025-04-01,2025-04-07,2025-04-14,7,Medical/Authorized,90
P-000927,LV-V2-0002538,6,2025-06-01,2025-06-09,2025-06-17,8,Casual,60
P-000927,LV-V2-0002539,8,2025-08-01,2025-08-09,2025-08-15,6,Annual,60
P-000927,LV-V2-0002540,10,2025-10-01,2025-10-06,2025-10-14,8,Annual,60
P-000928,LV-V2-0002541,2,2025-02-01,2025-02-06,2025-02-19,13,Annual,87
P-000928,LV-V2-0002542,7,2025-07-01,2025-07-10,2025-07-16,6,Casual,150
P-000929,LV-V2-0002543,2,2025-02-01,2025-02-10,2025-02-18,8,Annual,87
P-000929,LV-V2-0002544,5,2025-05-01,2025-05-10,2025-05-20,10,Casual,90
P-000929,LV-V2-0002545,11,2025-11-01,2025-11-08,2025-11-14,6,Annual,180
P-000930,LV-V2-0002546,1,2025-01-01,2025-01-08,2025-01-19,11,Medical/Authorized,77
P-000930,LV-V2-0002547,6,2025-06-01,2025-06-06,2025-06-15,9,Annual,150
P-000930,LV-V2-0002548,8,2025-08-01,2025-08-09,2025-08-16,7,Annual,60
P-000931,LV-V2-0002549,4,2025-04-01,2025-04-08,2025-04-20,12,Casual,186
P-000931,LV-V2-0002550,6,2025-06-01,2025-06-07,2025-06-15,8,Annual,60
P-000931,LV-V2-0002551,10,2025-10-01,2025-10-10,2025-10-17,7,Casual,120
P-000931,LV-V2-0002552,12,2025-12-01,2025-12-06,2025-12-19,13,Medical/Authorized,60
P-000932,LV-V2-0002553,2,2025-02-01,2025-02-09,2025-02-16,7,Annual,85
P-000932,LV-V2-0002554,12,2025-12-01,2025-12-09,2025-12-22,13,Annual,300
P-000933,LV-V2-0002555,3,2025-03-01,2025-03-08,2025-03-19,11,Annual,110
P-000933,LV-V2-0002556,9,2025-09-01,2025-09-08,2025-09-14,6,Annual,180
P-000934,LV-V2-0002557,2,2025-02-01,2025-02-08,2025-02-21,13,Annual,118
P-000934,LV-V2-0002558,10,2025-10-01,2025-10-10,2025-10-20,10,Casual,240
P-000934,LV-V2-0002559,12,2025-12-01,2025-12-05,2025-12-18,13,Medical/Authorized,60
P-000935,LV-V2-0002560,1,2025-01-01,2025-01-10,2025-01-23,13,Casual,80
P-000935,LV-V2-0002561,8,2025-08-01,2025-08-07,2025-08-10,3,Casual,210
P-000935,LV-V2-0002562,10,2025-10-01,2025-10-07,2025-10-15,8,Annual,60
P-000936,LV-V2-0002563,12,2025-12-01,2025-12-09,2025-12-14,5,Casual,409
P-000937,LV-V2-0002564,2,2025-02-01,2025-02-05,2025-02-11,6,Annual,114
P-000937,LV-V2-0002565,5,2025-05-01,2025-05-10,2025-05-23,13,Annual,90
P-000937,LV-V2-0002566,7,2025-07-01,2025-07-05,2025-07-13,8,Annual,60
P-000938,LV-V2-0002567,2,2025-02-01,2025-02-09,2025-02-19,10,Annual,84
P-000938,LV-V2-0002568,6,2025-06-01,2025-06-10,2025-06-23,13,Annual,120
P-000938,LV-V2-0002569,10,2025-10-01,2025-10-06,2025-10-18,12,Medical/Authorized,120
P-000939,LV-V2-0002570,1,2025-01-01,2025-01-10,2025-01-22,12,Casual,85
P-000939,LV-V2-0002571,9,2025-09-01,2025-09-09,2025-09-14,5,Casual,240
P-000939,LV-V2-0002572,12,2025-12-01,2025-12-05,2025-12-17,12,Casual,90
P-000940,LV-V2-0002573,7,2025-07-01,2025-07-10,2025-07-14,4,Casual,238
P-000941,LV-V2-0002574,2,2025-02-01,2025-02-06,2025-02-16,10,Casual,85
P-000941,LV-V2-0002575,6,2025-06-01,2025-06-09,2025-06-21,12,Annual,120
P-000941,LV-V2-0002576,8,2025-08-01,2025-08-10,2025-08-20,10,Casual,60
P-000941,LV-V2-0002577,10,2025-10-01,2025-10-06,2025-10-12,6,Annual,60
P-000941,LV-V2-0002578,12,2025-12-01,2025-12-05,2025-12-11,6,Casual,60
P-000942,LV-V2-0002579,4,2025-04-01,2025-04-07,2025-04-10,3,Casual,152
P-000942,LV-V2-0002580,10,2025-10-01,2025-10-07,2025-10-16,9,Annual,180
P-000943,LV-V2-0002581,2,2025-02-01,2025-02-10,2025-02-21,11,Annual,127
P-000943,LV-V2-0002582,7,2025-07-01,2025-07-10,2025-07-17,7,Annual,150
P-000944,LV-V2-0002583,6,2025-06-01,2025-06-06,2025-06-12,6,Casual,231
P-000945,LV-V2-0002584,1,2025-01-01,2025-01-07,2025-01-13,6,Casual,61
P-000945,LV-V2-0002585,7,2025-07-01,2025-07-09,2025-07-14,5,Casual,180
P-000945,LV-V2-0002586,9,2025-09-01,2025-09-05,2025-09-14,9,Medical/Authorized,60
P-000945,LV-V2-0002587,11,2025-11-01,2025-11-09,2025-11-21,12,Annual,60
P-000946,LV-V2-0002588,1,2025-01-01,2025-01-07,2025-01-19,12,Annual,62
P-000946,LV-V2-0002589,3,2025-03-01,2025-03-10,2025-03-23,13,Annual,60
P-000946,LV-V2-0002590,7,2025-07-01,2025-07-09,2025-07-20,11,Casual,120
P-000946,LV-V2-0002591,9,2025-09-01,2025-09-07,2025-09-19,12,Casual,60
P-000946,LV-V2-0002592,11,2025-11-01,2025-11-09,2025-11-16,7,Annual,60
P-000947,LV-V2-0002593,6,2025-06-01,2025-06-10,2025-06-15,5,Casual,242
P-000947,LV-V2-0002594,9,2025-09-01,2025-09-06,2025-09-15,9,Casual,90
P-000947,LV-V2-0002595,11,2025-11-01,2025-11-07,2025-11-18,11,Annual,60
P-000948,LV-V2-0002596,7,2025-07-01,2025-07-05,2025-07-16,11,Annual,260
P-000948,LV-V2-0002597,9,2025-09-01,2025-09-08,2025-09-14,6,Annual,60
P-000948,LV-V2-0002598,11,2025-11-01,2025-11-08,2025-11-20,12,Annual,60
P-000949,LV-V2-0002599,9,2025-09-01,2025-09-09,2025-09-17,8,Annual,291
P-000949,LV-V2-0002600,11,2025-11-01,2025-11-05,2025-11-12,7,Casual,60
P-000950,LV-V2-0002601,1,2025-01-01,2025-01-06,2025-01-15,9,Medical/Authorized,75
P-000950,LV-V2-0002602,3,2025-03-01,2025-03-05,2025-03-15,10,Annual,60
P-000950,LV-V2-0002603,5,2025-05-01,2025-05-06,2025-05-12,6,Annual,60
P-000950,LV-V2-0002604,8,2025-08-01,2025-08-08,2025-08-17,9,Casual,90
P-000950,LV-V2-0002605,11,2025-11-01,2025-11-09,2025-11-22,13,Annual,90
P-000951,LV-V2-0002606,1,2025-01-01,2025-01-05,2025-01-14,9,Casual,83
P-000951,LV-V2-0002607,7,2025-07-01,2025-07-10,2025-07-16,6,Casual,180
P-000951,LV-V2-0002608,10,2025-10-01,2025-10-07,2025-10-20,13,Annual,90
P-000952,LV-V2-0002609,2,2025-02-01,2025-02-05,2025-02-11,6,Medical/Authorized,125
P-000952,LV-V2-0002610,7,2025-07-01,2025-07-05,2025-07-09,4,Casual,150
P-000952,LV-V2-0002611,11,2025-11-01,2025-11-05,2025-11-17,12,Annual,120
P-000953,LV-V2-0002612,1,2025-01-01,2025-01-07,2025-01-15,8,Annual,92
P-000953,LV-V2-0002613,4,2025-04-01,2025-04-06,2025-04-17,11,Annual,90
P-000954,LV-V2-0002614,6,2025-06-01,2025-06-07,2025-06-21,14,Recovery,223
P-000955,LV-V2-0002615,3,2025-03-01,2025-03-07,2025-03-20,13,Casual,146
P-000956,LV-V2-0002616,4,2025-04-01,2025-04-07,2025-04-18,11,Medical/Authorized,180
P-000956,LV-V2-0002617,8,2025-08-01,2025-08-06,2025-08-13,7,Annual,120
P-000956,LV-V2-0002618,12,2025-12-01,2025-12-09,2025-12-17,8,Annual,120
P-000957,LV-V2-0002619,2,2025-02-01,2025-02-10,2025-02-23,13,Annual,81
P-000957,LV-V2-0002620,8,2025-08-01,2025-08-05,2025-08-13,8,Casual,180
P-000957,LV-V2-0002621,10,2025-10-01,2025-10-08,2025-10-17,9,Casual,60
P-000958,LV-V2-0002622,2,2025-02-01,2025-02-08,2025-02-16,8,Casual,98
P-000958,LV-V2-0002623,5,2025-05-01,2025-05-07,2025-05-19,12,Annual,90
P-000958,LV-V2-0002624,10,2025-10-01,2025-10-05,2025-10-11,6,Casual,150
P-000959,LV-V2-0002625,1,2025-01-01,2025-01-05,2025-01-11,6,Annual,99
P-000959,LV-V2-0002626,4,2025-04-01,2025-04-07,2025-04-18,11,Casual,90
P-000959,LV-V2-0002627,6,2025-06-01,2025-06-05,2025-06-18,13,Annual,60
P-000959,LV-V2-0002628,9,2025-09-01,2025-09-05,2025-09-13,8,Annual,90
P-000959,LV-V2-0002629,11,2025-11-01,2025-11-09,2025-11-17,8,Casual,60
P-000960,LV-V2-0002630,1,2025-01-01,2025-01-06,2025-01-13,7,Casual,60
P-000960,LV-V2-0002631,9,2025-09-01,2025-09-05,2025-09-11,6,Casual,240
P-000961,LV-V2-0002632,1,2025-01-01,2025-01-10,2025-01-22,12,Casual,93
P-000961,LV-V2-0002633,3,2025-03-01,2025-03-08,2025-03-18,10,Casual,60
P-000961,LV-V2-0002634,7,2025-07-01,2025-07-06,2025-07-12,6,Casual,120
P-000961,LV-V2-0002635,9,2025-09-01,2025-09-05,2025-09-12,7,Casual,60
P-000961,LV-V2-0002636,11,2025-11-01,2025-11-09,2025-11-22,13,Annual,60
P-000962,LV-V2-0002637,1,2025-01-01,2025-01-05,2025-01-11,6,Casual,89
P-000962,LV-V2-0002638,9,2025-09-01,2025-09-09,2025-09-17,8,Annual,240
P-000963,LV-V2-0002639,1,2025-01-01,2025-01-07,2025-01-19,12,Annual,92
P-000963,LV-V2-0002640,3,2025-03-01,2025-03-05,2025-03-12,7,Annual,60
P-000963,LV-V2-0002641,7,2025-07-01,2025-07-09,2025-07-21,12,Annual,120
P-000963,LV-V2-0002642,11,2025-11-01,2025-11-07,2025-11-18,11,Casual,120
P-000964,LV-V2-0002643,4,2025-04-01,2025-04-08,2025-04-17,9,Casual,164
P-000964,LV-V2-0002644,11,2025-11-01,2025-11-09,2025-11-16,7,Annual,210
P-000965,LV-V2-0002645,6,2025-06-01,2025-06-07,2025-06-20,13,Recovery,215
P-000966,LV-V2-0002646,4,2025-04-01,2025-04-07,2025-04-18,11,Annual,153
P-000966,LV-V2-0002647,9,2025-09-01,2025-09-06,2025-09-13,7,Casual,150
P-000967,LV-V2-0002648,2,2025-02-01,2025-02-07,2025-02-19,12,Annual,125
P-000967,LV-V2-0002649,5,2025-05-01,2025-05-06,2025-05-14,8,Annual,90
P-000967,LV-V2-0002650,7,2025-07-01,2025-07-09,2025-07-21,12,Annual,60
P-000967,LV-V2-0002651,11,2025-11-01,2025-11-07,2025-11-18,11,Medical/Authorized,120
P-000968,LV-V2-0002652,2,2025-02-01,2025-02-10,2025-02-19,9,Annual,100
P-000968,LV-V2-0002653,7,2025-07-01,2025-07-09,2025-07-22,13,Annual,150
P-000968,LV-V2-0002654,9,2025-09-01,2025-09-09,2025-09-20,11,Casual,60
P-000969,LV-V2-0002655,6,2025-06-01,2025-06-08,2025-06-13,5,Casual,217
P-000969,LV-V2-0002656,9,2025-09-01,2025-09-09,2025-09-22,13,Annual,90
P-000970,LV-V2-0002657,7,2025-07-01,2025-07-05,2025-07-08,3,Casual,267
P-000970,LV-V2-0002658,10,2025-10-01,2025-10-06,2025-10-18,12,Medical/Authorized,90
P-000971,LV-V2-0002659,2,2025-02-01,2025-02-08,2025-02-15,7,Casual,115
P-000971,LV-V2-0002660,4,2025-04-01,2025-04-10,2025-04-17,7,Annual,60
P-000971,LV-V2-0002661,6,2025-06-01,2025-06-08,2025-06-17,9,Casual,60
P-000971,LV-V2-0002662,8,2025-08-01,2025-08-08,2025-08-16,8,Casual,60
P-000971,LV-V2-0002663,11,2025-11-01,2025-11-08,2025-11-15,7,Annual,90
P-000972,LV-V2-0002664,2,2025-02-01,2025-02-07,2025-02-13,6,Annual,88
P-000972,LV-V2-0002665,6,2025-06-01,2025-06-06,2025-06-13,7,Annual,120
P-000972,LV-V2-0002666,8,2025-08-01,2025-08-10,2025-08-20,10,Annual,60
P-000972,LV-V2-0002667,12,2025-12-01,2025-12-05,2025-12-14,9,Annual,120
P-000973,LV-V2-0002668,6,2025-06-01,2025-06-09,2025-06-21,12,Recovery,229
P-000973,LV-V2-0002669,8,2025-08-01,2025-08-05,2025-08-15,10,Annual,60
P-000974,LV-V2-0002670,1,2025-01-01,2025-01-09,2025-01-21,12,Casual,79
P-000974,LV-V2-0002671,3,2025-03-01,2025-03-06,2025-03-15,9,Annual,60
P-000974,LV-V2-0002672,6,2025-06-01,2025-06-10,2025-06-23,13,Annual,90
P-000974,LV-V2-0002673,10,2025-10-01,2025-10-10,2025-10-18,8,Annual,120
P-000975,LV-V2-0002674,1,2025-01-01,2025-01-07,2025-01-17,10,Annual,78
P-000976,LV-V2-0002675,3,2025-03-01,2025-03-10,2025-03-18,8,Casual,123
P-000976,LV-V2-0002676,6,2025-06-01,2025-06-05,2025-06-18,13,Annual,90
P-000976,LV-V2-0002677,8,2025-08-01,2025-08-07,2025-08-18,11,Medical/Authorized,60
P-000976,LV-V2-0002678,10,2025-10-01,2025-10-09,2025-10-19,10,Annual,60
P-000976,LV-V2-0002679,12,2025-12-01,2025-12-05,2025-12-13,8,Medical/Authorized,60
P-000977,LV-V2-0002680,5,2025-05-01,2025-05-09,2025-05-12,3,Casual,203
P-000978,LV-V2-0002681,2,2025-02-01,2025-02-09,2025-02-20,11,Casual,87
P-000978,LV-V2-0002682,4,2025-04-01,2025-04-08,2025-04-18,10,Medical/Authorized,60
P-000978,LV-V2-0002683,8,2025-08-01,2025-08-07,2025-08-15,8,Casual,120
P-000978,LV-V2-0002684,10,2025-10-01,2025-10-09,2025-10-15,6,Casual,60
P-000979,LV-V2-0002685,8,2025-08-01,2025-08-08,2025-08-14,6,Annual,282
P-000980,LV-V2-0002686,1,2025-01-01,2025-01-09,2025-01-16,7,Casual,79
P-000980,LV-V2-0002687,6,2025-06-01,2025-06-07,2025-06-13,6,Annual,150
P-000980,LV-V2-0002688,9,2025-09-01,2025-09-07,2025-09-14,7,Medical/Authorized,90
P-000980,LV-V2-0002689,12,2025-12-01,2025-12-07,2025-12-13,6,Annual,90
P-000981,LV-V2-0002690,2,2025-02-01,2025-02-08,2025-02-20,12,Casual,102
P-000981,LV-V2-0002691,6,2025-06-01,2025-06-09,2025-06-19,10,Annual,120
P-000981,LV-V2-0002692,8,2025-08-01,2025-08-10,2025-08-17,7,Casual,60
P-000982,LV-V2-0002693,4,2025-04-01,2025-04-09,2025-04-15,6,Casual,145
P-000982,LV-V2-0002694,8,2025-08-01,2025-08-08,2025-08-20,12,Annual,120
P-000982,LV-V2-0002695,10,2025-10-01,2025-10-07,2025-10-17,10,Annual,60
P-000983,LV-V2-0002696,5,2025-05-01,2025-05-09,2025-05-16,7,Annual,177
P-000983,LV-V2-0002697,10,2025-10-01,2025-10-06,2025-10-13,7,Medical/Authorized,150
P-000984,LV-V2-0002698,1,2025-01-01,2025-01-10,2025-01-20,10,Medical/Authorized,64
P-000984,LV-V2-0002699,3,2025-03-01,2025-03-08,2025-03-21,13,Casual,60
P-000984,LV-V2-0002700,8,2025-08-01,2025-08-09,2025-08-20,11,Annual,150
P-000984,LV-V2-0002701,11,2025-11-01,2025-11-06,2025-11-15,9,Casual,90
P-000985,LV-V2-0002702,8,2025-08-01,2025-08-09,2025-08-20,11,Annual,308
P-000986,LV-V2-0002703,2,2025-02-01,2025-02-07,2025-02-16,9,Annual,89
P-000986,LV-V2-0002704,7,2025-07-01,2025-07-05,2025-07-08,3,Casual,150
P-000986,LV-V2-0002705,10,2025-10-01,2025-10-06,2025-10-14,8,Casual,90
P-000987,LV-V2-0002706,3,2025-03-01,2025-03-09,2025-03-18,9,Annual,123
P-000987,LV-V2-0002707,5,2025-05-01,2025-05-10,2025-05-21,11,Annual,60
P-000987,LV-V2-0002708,10,2025-10-01,2025-10-06,2025-10-13,7,Casual,150
P-000987,LV-V2-0002709,12,2025-12-01,2025-12-05,2025-12-12,7,Annual,60
P-000988,LV-V2-0002710,1,2025-01-01,2025-01-06,2025-01-17,11,Annual,72
P-000988,LV-V2-0002711,6,2025-06-01,2025-06-10,2025-06-21,11,Annual,150
P-000988,LV-V2-0002712,10,2025-10-01,2025-10-09,2025-10-19,10,Medical/Authorized,120
P-000989,LV-V2-0002713,2,2025-02-01,2025-02-09,2025-02-20,11,Annual,89
P-000989,LV-V2-0002714,6,2025-06-01,2025-06-06,2025-06-13,7,Medical/Authorized,120
P-000989,LV-V2-0002715,10,2025-10-01,2025-10-05,2025-10-15,10,Annual,120
P-000990,LV-V2-0002716,2,2025-02-01,2025-02-10,2025-02-18,8,Annual,95
P-000990,LV-V2-0002717,7,2025-07-01,2025-07-05,2025-07-14,9,Annual,150
P-000990,LV-V2-0002718,11,2025-11-01,2025-11-09,2025-11-21,12,Casual,120
P-000991,LV-V2-0002719,5,2025-05-01,2025-05-08,2025-05-15,7,Annual,181
P-000991,LV-V2-0002720,8,2025-08-01,2025-08-08,2025-08-16,8,Annual,90
P-000992,LV-V2-0002721,1,2025-01-01,2025-01-05,2025-01-13,8,Annual,72
P-000992,LV-V2-0002722,6,2025-06-01,2025-06-08,2025-06-14,6,Medical/Authorized,150
P-000992,LV-V2-0002723,8,2025-08-01,2025-08-05,2025-08-15,10,Casual,60
P-000992,LV-V2-0002724,10,2025-10-01,2025-10-10,2025-10-17,7,Annual,60
P-000992,LV-V2-0002725,12,2025-12-01,2025-12-06,2025-12-15,9,Annual,60
P-000993,LV-V2-0002726,4,2025-04-01,2025-04-10,2025-04-15,5,Casual,184
P-000993,LV-V2-0002727,7,2025-07-01,2025-07-10,2025-07-16,6,Medical/Authorized,90
P-000994,LV-V2-0002728,3,2025-03-01,2025-03-10,2025-03-15,5,Casual,158
P-000994,LV-V2-0002729,12,2025-12-01,2025-12-09,2025-12-14,5,Casual,270
P-000995,LV-V2-0002730,2,2025-02-01,2025-02-06,2025-02-16,10,Annual,127
P-000995,LV-V2-0002731,7,2025-07-01,2025-07-09,2025-07-15,6,Annual,150
P-000995,LV-V2-0002732,12,2025-12-01,2025-12-07,2025-12-13,6,Annual,150
P-000996,LV-V2-0002733,4,2025-04-01,2025-04-09,2025-04-13,4,Casual,160
P-000996,LV-V2-0002734,12,2025-12-01,2025-12-06,2025-12-10,4,Casual,240
P-000997,LV-V2-0002735,4,2025-04-01,2025-04-07,2025-04-11,4,Casual,145
P-000997,LV-V2-0002736,10,2025-10-01,2025-10-10,2025-10-23,13,Casual,180
P-000997,LV-V2-0002737,12,2025-12-01,2025-12-09,2025-12-19,10,Annual,60
P-000998,LV-V2-0002738,7,2025-07-01,2025-07-06,2025-07-11,5,Casual,237
P-001000,LV-V2-0002739,6,2025-06-01,2025-06-10,2025-06-22,12,Recovery,225
P-001000,LV-V2-0002740,8,2025-08-01,2025-08-06,2025-08-12,6,Annual,60
P-001000,LV-V2-0002741,10,2025-10-01,2025-10-10,2025-10-19,9,Annual,60
P-001000,LV-V2-0002742,12,2025-12-01,2025-12-07,2025-12-14,7,Annual,60
P-001001,LV-V2-0002743,11,2025-11-01,2025-11-08,2025-11-17,9,Casual,367
P-001003,LV-V2-0002744,4,2025-04-01,2025-04-05,2025-04-18,13,Casual,146
P-001003,LV-V2-0002745,9,2025-09-01,2025-09-05,2025-09-11,6,Medical/Authorized,150
P-001003,LV-V2-0002746,12,2025-12-01,2025-12-08,2025-12-21,13,Annual,90
P-001004,LV-V2-0002747,8,2025-08-01,2025-08-06,2025-08-14,8,Casual,280
P-001005,LV-V2-0002748,1,2025-01-01,2025-01-08,2025-01-16,8,Casual,62
P-001005,LV-V2-0002749,6,2025-06-01,2025-06-10,2025-06-18,8,Casual,150
P-001005,LV-V2-0002750,8,2025-08-01,2025-08-08,2025-08-20,12,Casual,60
P-001005,LV-V2-0002751,10,2025-10-01,2025-10-06,2025-10-16,10,Casual,60
P-001005,LV-V2-0002752,12,2025-12-01,2025-12-09,2025-12-19,10,Annual,60
P-001007,LV-V2-0002753,6,2025-06-01,2025-06-10,2025-06-14,4,Casual,204
P-001008,LV-V2-0002754,6,2025-06-01,2025-06-07,2025-06-10,3,Casual,224
P-001008,LV-V2-0002755,11,2025-11-01,2025-11-09,2025-11-17,8,Annual,150
P-001009,LV-V2-0002756,5,2025-05-01,2025-05-07,2025-05-13,6,Annual,180
P-001009,LV-V2-0002757,8,2025-08-01,2025-08-08,2025-08-20,12,Annual,90
P-001009,LV-V2-0002758,11,2025-11-01,2025-11-07,2025-11-13,6,Annual,90
P-001010,LV-V2-0002759,4,2025-04-01,2025-04-08,2025-04-12,4,Casual,185
P-001010,LV-V2-0002760,11,2025-11-01,2025-11-09,2025-11-19,10,Medical/Authorized,210
P-001012,LV-V2-0002761,4,2025-04-01,2025-04-05,2025-04-10,5,Casual,175
P-001012,LV-V2-0002762,10,2025-10-01,2025-10-05,2025-10-09,4,Casual,180
P-001013,LV-V2-0002763,9,2025-09-01,2025-09-07,2025-09-15,8,Annual,307
P-001014,LV-V2-0002764,6,2025-06-01,2025-06-08,2025-06-23,15,Recovery,218
P-001014,LV-V2-0002765,11,2025-11-01,2025-11-09,2025-11-16,7,Annual,150
P-001015,LV-V2-0002766,2,2025-02-01,2025-02-06,2025-02-19,13,Annual,111
P-001015,LV-V2-0002767,5,2025-05-01,2025-05-07,2025-05-13,6,Annual,90
P-001015,LV-V2-0002768,8,2025-08-01,2025-08-05,2025-08-14,9,Casual,90
P-001015,LV-V2-0002769,10,2025-10-01,2025-10-06,2025-10-15,9,Annual,60
P-001015,LV-V2-0002770,12,2025-12-01,2025-12-10,2025-12-23,13,Annual,60
P-001016,LV-V2-0002771,4,2025-04-01,2025-04-05,2025-04-13,8,Casual,166
P-001016,LV-V2-0002772,6,2025-06-01,2025-06-06,2025-06-19,13,Medical/Authorized,60
P-001016,LV-V2-0002773,8,2025-08-01,2025-08-06,2025-08-16,10,Medical/Authorized,60
P-001016,LV-V2-0002774,11,2025-11-01,2025-11-08,2025-11-21,13,Annual,90
P-001017,LV-V2-0002775,1,2025-01-01,2025-01-09,2025-01-15,6,Casual,92
P-001017,LV-V2-0002776,3,2025-03-01,2025-03-06,2025-03-12,6,Casual,60
P-001017,LV-V2-0002777,5,2025-05-01,2025-05-08,2025-05-16,8,Annual,60
P-001017,LV-V2-0002778,8,2025-08-01,2025-08-05,2025-08-18,13,Annual,90
P-001017,LV-V2-0002779,11,2025-11-01,2025-11-08,2025-11-14,6,Medical/Authorized,90
P-001018,LV-V2-0002780,2,2025-02-01,2025-02-08,2025-02-16,8,Casual,117
P-001018,LV-V2-0002781,8,2025-08-01,2025-08-10,2025-08-15,5,Casual,180
P-001018,LV-V2-0002782,12,2025-12-01,2025-12-05,2025-12-11,6,Casual,120
P-001019,LV-V2-0002783,3,2025-03-01,2025-03-05,2025-03-10,5,Casual,133
P-001019,LV-V2-0002784,10,2025-10-01,2025-10-06,2025-10-15,9,Annual,210
P-001020,LV-V2-0002785,6,2025-06-01,2025-06-08,2025-06-20,12,Annual,249
P-001020,LV-V2-0002786,9,2025-09-01,2025-09-09,2025-09-16,7,Casual,90
P-001020,LV-V2-0002787,11,2025-11-01,2025-11-06,2025-11-13,7,Casual,60
P-001021,LV-V2-0002788,5,2025-05-01,2025-05-05,2025-05-08,3,Casual,190
P-001021,LV-V2-0002789,11,2025-11-01,2025-11-10,2025-11-15,5,Casual,180
P-001022,LV-V2-0002790,1,2025-01-01,2025-01-07,2025-01-13,6,Annual,60
P-001022,LV-V2-0002791,6,2025-06-01,2025-06-10,2025-06-25,15,Recovery,150
P-001022,LV-V2-0002792,8,2025-08-01,2025-08-05,2025-08-14,9,Annual,60
P-001022,LV-V2-0002793,10,2025-10-01,2025-10-05,2025-10-12,7,Annual,60
P-001022,LV-V2-0002794,12,2025-12-01,2025-12-07,2025-12-15,8,Annual,60
P-001023,LV-V2-0002795,1,2025-01-01,2025-01-09,2025-01-16,7,Annual,88
P-001023,LV-V2-0002796,3,2025-03-01,2025-03-08,2025-03-14,6,Annual,60
P-001023,LV-V2-0002797,8,2025-08-01,2025-08-09,2025-08-20,11,Annual,150
P-001024,LV-V2-0002798,4,2025-04-01,2025-04-10,2025-04-13,3,Casual,145
P-001025,LV-V2-0002799,6,2025-06-01,2025-06-10,2025-06-24,14,Recovery,218
P-001025,LV-V2-0002800,9,2025-09-01,2025-09-10,2025-09-21,11,Casual,90
P-001025,LV-V2-0002801,11,2025-11-01,2025-11-07,2025-11-20,13,Annual,60
P-001026,LV-V2-0002802,4,2025-04-01,2025-04-06,2025-04-09,3,Casual,146
P-001026,LV-V2-0002803,6,2025-06-01,2025-06-10,2025-06-23,13,Recovery,60
P-001026,LV-V2-0002804,8,2025-08-01,2025-08-06,2025-08-18,12,Casual,60
P-001026,LV-V2-0002805,10,2025-10-01,2025-10-09,2025-10-22,13,Annual,60
P-001026,LV-V2-0002806,12,2025-12-01,2025-12-10,2025-12-23,13,Annual,60
P-001027,LV-V2-0002807,9,2025-09-01,2025-09-05,2025-09-18,13,Annual,313
P-001028,LV-V2-0002808,1,2025-01-01,2025-01-08,2025-01-16,8,Annual,69
P-001029,LV-V2-0002809,3,2025-03-01,2025-03-05,2025-03-17,12,Medical/Authorized,113
P-001029,LV-V2-0002810,9,2025-09-01,2025-09-07,2025-09-17,10,Annual,180
P-001029,LV-V2-0002811,12,2025-12-01,2025-12-05,2025-12-14,9,Annual,90
P-001030,LV-V2-0002812,6,2025-06-01,2025-06-08,2025-06-23,15,Recovery,218
P-001030,LV-V2-0002813,10,2025-10-01,2025-10-05,2025-10-18,13,Annual,120
P-001030,LV-V2-0002814,12,2025-12-01,2025-12-09,2025-12-21,12,Casual,60
P-001031,LV-V2-0002815,1,2025-01-01,2025-01-07,2025-01-18,11,Annual,69
P-001031,LV-V2-0002816,5,2025-05-01,2025-05-09,2025-05-22,13,Annual,120
P-001031,LV-V2-0002817,8,2025-08-01,2025-08-07,2025-08-13,6,Annual,90
P-001031,LV-V2-0002818,11,2025-11-01,2025-11-09,2025-11-20,11,Annual,90
P-001032,LV-V2-0002819,4,2025-04-01,2025-04-10,2025-04-13,3,Casual,155
P-001032,LV-V2-0002820,10,2025-10-01,2025-10-08,2025-10-19,11,Annual,180
P-001033,LV-V2-0002821,11,2025-11-01,2025-11-08,2025-11-13,5,Casual,390
P-001034,LV-V2-0002822,1,2025-01-01,2025-01-05,2025-01-14,9,Casual,90
P-001034,LV-V2-0002823,9,2025-09-01,2025-09-06,2025-09-12,6,Casual,240
P-001034,LV-V2-0002824,11,2025-11-01,2025-11-06,2025-11-12,6,Medical/Authorized,60
P-001035,LV-V2-0002825,4,2025-04-01,2025-04-09,2025-04-18,9,Casual,157
P-001035,LV-V2-0002826,10,2025-10-01,2025-10-05,2025-10-12,7,Annual,180
P-001036,LV-V2-0002827,9,2025-09-01,2025-09-06,2025-09-14,8,Annual,323
P-001036,LV-V2-0002828,11,2025-11-01,2025-11-10,2025-11-21,11,Casual,60
P-001037,LV-V2-0002829,8,2025-08-01,2025-08-09,2025-08-12,3,Casual,282
P-001038,LV-V2-0002830,1,2025-01-01,2025-01-08,2025-01-18,10,Medical/Authorized,97
P-001038,LV-V2-0002831,7,2025-07-01,2025-07-07,2025-07-10,3,Casual,180
P-001038,LV-V2-0002832,12,2025-12-01,2025-12-06,2025-12-18,12,Medical/Authorized,150
P-001039,LV-V2-0002833,6,2025-06-01,2025-06-09,2025-06-25,16,Recovery,204
P-001040,LV-V2-0002834,1,2025-01-01,2025-01-06,2025-01-14,8,Annual,97
P-001040,LV-V2-0002835,10,2025-10-01,2025-10-07,2025-10-17,10,Annual,270
P-001041,LV-V2-0002836,2,2025-02-01,2025-02-07,2025-02-16,9,Annual,116
P-001041,LV-V2-0002837,10,2025-10-01,2025-10-08,2025-10-17,9,Annual,240
P-001041,LV-V2-0002838,12,2025-12-01,2025-12-10,2025-12-18,8,Annual,60
P-001042,LV-V2-0002839,2,2025-02-01,2025-02-09,2025-02-18,9,Medical/Authorized,110
P-001042,LV-V2-0002840,6,2025-06-01,2025-06-06,2025-06-18,12,Casual,120
P-001042,LV-V2-0002841,8,2025-08-01,2025-08-05,2025-08-16,11,Medical/Authorized,60
P-001042,LV-V2-0002842,12,2025-12-01,2025-12-09,2025-12-21,12,Annual,120
P-001043,LV-V2-0002843,3,2025-03-01,2025-03-07,2025-03-17,10,Annual,116
P-001043,LV-V2-0002844,7,2025-07-01,2025-07-08,2025-07-21,13,Annual,120
P-001043,LV-V2-0002845,12,2025-12-01,2025-12-05,2025-12-13,8,Annual,150
P-001044,LV-V2-0002846,5,2025-05-01,2025-05-09,2025-05-14,5,Casual,192
P-001045,LV-V2-0002847,2,2025-02-01,2025-02-08,2025-02-21,13,Casual,106
P-001045,LV-V2-0002848,4,2025-04-01,2025-04-06,2025-04-12,6,Annual,60
P-001045,LV-V2-0002849,9,2025-09-01,2025-09-07,2025-09-18,11,Annual,150
P-001046,LV-V2-0002850,3,2025-03-01,2025-03-05,2025-03-13,8,Annual,126
P-001046,LV-V2-0002851,8,2025-08-01,2025-08-09,2025-08-14,5,Casual,150
P-001046,LV-V2-0002852,10,2025-10-01,2025-10-09,2025-10-16,7,Casual,60
P-001047,LV-V2-0002853,2,2025-02-01,2025-02-08,2025-02-18,10,Annual,113
P-001047,LV-V2-0002854,7,2025-07-01,2025-07-08,2025-07-12,4,Casual,150
P-001047,LV-V2-0002855,10,2025-10-01,2025-10-07,2025-10-19,12,Annual,90
P-001048,LV-V2-0002856,3,2025-03-01,2025-03-10,2025-03-17,7,Medical/Authorized,142
P-001048,LV-V2-0002857,7,2025-07-01,2025-07-10,2025-07-21,11,Annual,120
P-001048,LV-V2-0002858,9,2025-09-01,2025-09-09,2025-09-16,7,Medical/Authorized,60
P-001048,LV-V2-0002859,11,2025-11-01,2025-11-08,2025-11-16,8,Annual,60
P-001049,LV-V2-0002860,1,2025-01-01,2025-01-09,2025-01-20,11,Casual,60
P-001049,LV-V2-0002861,5,2025-05-01,2025-05-10,2025-05-22,12,Annual,120
P-001049,LV-V2-0002862,7,2025-07-01,2025-07-07,2025-07-17,10,Casual,60
P-001049,LV-V2-0002863,9,2025-09-01,2025-09-08,2025-09-14,6,Casual,60
P-001049,LV-V2-0002864,11,2025-11-01,2025-11-06,2025-11-12,6,Casual,60
P-001050,LV-V2-0002865,2,2025-02-01,2025-02-05,2025-02-17,12,Annual,117
P-001051,LV-V2-0002866,1,2025-01-01,2025-01-10,2025-01-19,9,Annual,91
P-001051,LV-V2-0002867,7,2025-07-01,2025-07-10,2025-07-21,11,Annual,180
P-001051,LV-V2-0002868,11,2025-11-01,2025-11-10,2025-11-16,6,Annual,120
P-001052,LV-V2-0002869,2,2025-02-01,2025-02-07,2025-02-18,11,Annual,100
P-001052,LV-V2-0002870,9,2025-09-01,2025-09-08,2025-09-19,11,Annual,210
P-001052,LV-V2-0002871,11,2025-11-01,2025-11-05,2025-11-15,10,Annual,60
P-001053,LV-V2-0002872,1,2025-01-01,2025-01-09,2025-01-17,8,Annual,93
P-001053,LV-V2-0002873,3,2025-03-01,2025-03-09,2025-03-17,8,Casual,60
P-001053,LV-V2-0002874,9,2025-09-01,2025-09-07,2025-09-18,11,Annual,180
P-001053,LV-V2-0002875,11,2025-11-01,2025-11-05,2025-11-15,10,Medical/Authorized,60
P-001054,LV-V2-0002876,6,2025-06-01,2025-06-07,2025-06-23,16,Recovery,213
P-001054,LV-V2-0002877,8,2025-08-01,2025-08-10,2025-08-18,8,Annual,60
P-001055,LV-V2-0002878,3,2025-03-01,2025-03-09,2025-03-17,8,Annual,138
P-001055,LV-V2-0002879,6,2025-06-01,2025-06-09,2025-06-20,11,Annual,90
P-001055,LV-V2-0002880,9,2025-09-01,2025-09-10,2025-09-16,6,Casual,90
P-001056,LV-V2-0002881,6,2025-06-01,2025-06-10,2025-06-26,16,Recovery,235
P-001056,LV-V2-0002882,9,2025-09-01,2025-09-10,2025-09-17,7,Annual,90
P-001057,LV-V2-0002883,2,2025-02-01,2025-02-10,2025-02-16,6,Annual,126
P-001057,LV-V2-0002884,4,2025-04-01,2025-04-07,2025-04-15,8,Annual,60
P-001057,LV-V2-0002885,8,2025-08-01,2025-08-08,2025-08-21,13,Annual,120
P-001057,LV-V2-0002886,11,2025-11-01,2025-11-10,2025-11-18,8,Annual,90
P-001058,LV-V2-0002887,4,2025-04-01,2025-04-10,2025-04-16,6,Casual,143
P-001058,LV-V2-0002888,11,2025-11-01,2025-11-10,2025-11-16,6,Casual,210
P-001059,LV-V2-0002889,1,2025-01-01,2025-01-09,2025-01-20,11,Annual,66
P-001059,LV-V2-0002890,9,2025-09-01,2025-09-07,2025-09-14,7,Medical/Authorized,240
P-001059,LV-V2-0002891,12,2025-12-01,2025-12-10,2025-12-19,9,Annual,90
P-001060,LV-V2-0002892,1,2025-01-01,2025-01-08,2025-01-20,12,Annual,78
P-001060,LV-V2-0002893,5,2025-05-01,2025-05-06,2025-05-14,8,Casual,120
P-001060,LV-V2-0002894,8,2025-08-01,2025-08-08,2025-08-16,8,Casual,90
P-001061,LV-V2-0002895,1,2025-01-01,2025-01-08,2025-01-16,8,Annual,73
P-001061,LV-V2-0002896,3,2025-03-01,2025-03-08,2025-03-15,7,Annual,60
P-001061,LV-V2-0002897,5,2025-05-01,2025-05-10,2025-05-16,6,Medical/Authorized,60
P-001061,LV-V2-0002898,10,2025-10-01,2025-10-05,2025-10-16,11,Casual,150
P-001061,LV-V2-0002899,12,2025-12-01,2025-12-09,2025-12-21,12,Annual,60
P-001062,LV-V2-0002900,4,2025-04-01,2025-04-09,2025-04-14,5,Casual,171
P-001062,LV-V2-0002901,11,2025-11-01,2025-11-10,2025-11-15,5,Casual,210
P-001063,LV-V2-0002902,4,2025-04-01,2025-04-06,2025-04-11,5,Casual,181
P-001064,LV-V2-0002903,10,2025-10-01,2025-10-08,2025-10-11,3,Casual,337
P-001065,LV-V2-0002904,1,2025-01-01,2025-01-06,2025-01-12,6,Annual,87
P-001065,LV-V2-0002905,4,2025-04-01,2025-04-06,2025-04-13,7,Casual,90
P-001065,LV-V2-0002906,6,2025-06-01,2025-06-10,2025-06-22,12,Medical/Authorized,60
P-001065,LV-V2-0002907,9,2025-09-01,2025-09-08,2025-09-18,10,Annual,90
P-001066,LV-V2-0002908,4,2025-04-01,2025-04-07,2025-04-18,11,Annual,157
P-001066,LV-V2-0002909,10,2025-10-01,2025-10-08,2025-10-17,9,Annual,180
P-001067,LV-V2-0002910,6,2025-06-01,2025-06-10,2025-06-24,14,Recovery,237
P-001067,LV-V2-0002911,8,2025-08-01,2025-08-07,2025-08-18,11,Annual,60
P-001067,LV-V2-0002912,11,2025-11-01,2025-11-10,2025-11-17,7,Casual,90
P-001068,LV-V2-0002913,1,2025-01-01,2025-01-07,2025-01-20,13,Medical/Authorized,93
P-001068,LV-V2-0002914,4,2025-04-01,2025-04-09,2025-04-18,9,Annual,90
P-001068,LV-V2-0002915,9,2025-09-01,2025-09-09,2025-09-19,10,Annual,150
P-001069,LV-V2-0002916,6,2025-06-01,2025-06-07,2025-06-12,5,Casual,202
P-001070,LV-V2-0002917,1,2025-01-01,2025-01-07,2025-01-18,11,Casual,88
P-001070,LV-V2-0002918,7,2025-07-01,2025-07-05,2025-07-09,4,Casual,180
P-001070,LV-V2-0002919,11,2025-11-01,2025-11-05,2025-11-18,13,Annual,120
P-001071,LV-V2-0002920,3,2025-03-01,2025-03-10,2025-03-23,13,Casual,142
P-001071,LV-V2-0002921,7,2025-07-01,2025-07-08,2025-07-19,11,Medical/Authorized,120
P-001071,LV-V2-0002922,9,2025-09-01,2025-09-05,2025-09-12,7,Annual,60
P-001071,LV-V2-0002923,12,2025-12-01,2025-12-07,2025-12-14,7,Annual,90
P-001072,LV-V2-0002924,2,2025-02-01,2025-02-10,2025-02-17,7,Annual,95
P-001072,LV-V2-0002925,6,2025-06-01,2025-06-07,2025-06-13,6,Casual,120
P-001072,LV-V2-0002926,11,2025-11-01,2025-11-05,2025-11-17,12,Annual,150
P-001073,LV-V2-0002927,1,2025-01-01,2025-01-07,2025-01-17,10,Medical/Authorized,72
P-001073,LV-V2-0002928,3,2025-03-01,2025-03-05,2025-03-15,10,Annual,60
P-001073,LV-V2-0002929,9,2025-09-01,2025-09-08,2025-09-19,11,Annual,180
P-001073,LV-V2-0002930,12,2025-12-01,2025-12-10,2025-12-17,7,Annual,90
P-001074,LV-V2-0002931,1,2025-01-01,2025-01-05,2025-01-11,6,Annual,84
P-001074,LV-V2-0002932,3,2025-03-01,2025-03-10,2025-03-20,10,Casual,60
P-001074,LV-V2-0002933,5,2025-05-01,2025-05-07,2025-05-13,6,Annual,60
P-001074,LV-V2-0002934,7,2025-07-01,2025-07-07,2025-07-16,9,Medical/Authorized,60
P-001074,LV-V2-0002935,10,2025-10-01,2025-10-07,2025-10-15,8,Annual,90
P-001076,LV-V2-0002936,1,2025-01-01,2025-01-06,2025-01-16,10,Annual,67
P-001076,LV-V2-0002937,3,2025-03-01,2025-03-06,2025-03-16,10,Annual,60
P-001076,LV-V2-0002938,6,2025-06-01,2025-06-06,2025-06-18,12,Annual,90
P-001076,LV-V2-0002939,8,2025-08-01,2025-08-08,2025-08-20,12,Casual,60
P-001076,LV-V2-0002940,11,2025-11-01,2025-11-08,2025-11-16,8,Annual,90
P-001077,LV-V2-0002941,5,2025-05-01,2025-05-08,2025-05-13,5,Casual,208
P-001077,LV-V2-0002942,12,2025-12-01,2025-12-10,2025-12-15,5,Casual,210
P-001078,LV-V2-0002943,8,2025-08-01,2025-08-10,2025-08-13,3,Casual,283
P-001079,LV-V2-0002944,6,2025-06-01,2025-06-05,2025-06-08,3,Casual,211
P-001080,LV-V2-0002945,4,2025-04-01,2025-04-07,2025-04-10,3,Casual,163
P-001080,LV-V2-0002946,11,2025-11-01,2025-11-09,2025-11-13,4,Casual,210
P-001081,LV-V2-0002947,8,2025-08-01,2025-08-08,2025-08-11,3,Casual,297
P-001082,LV-V2-0002948,2,2025-02-01,2025-02-06,2025-02-13,7,Casual,98
P-001082,LV-V2-0002949,5,2025-05-01,2025-05-07,2025-05-13,6,Medical/Authorized,90
P-001082,LV-V2-0002950,8,2025-08-01,2025-08-07,2025-08-19,12,Casual,90
P-001082,LV-V2-0002951,12,2025-12-01,2025-12-06,2025-12-17,11,Annual,120
P-001083,LV-V2-0002952,1,2025-01-01,2025-01-09,2025-01-15,6,Annual,98
P-001083,LV-V2-0002953,4,2025-04-01,2025-04-05,2025-04-17,12,Annual,90
P-001083,LV-V2-0002954,9,2025-09-01,2025-09-08,2025-09-15,7,Annual,150
P-001083,LV-V2-0002955,11,2025-11-01,2025-11-08,2025-11-17,9,Casual,60
P-001084,LV-V2-0002956,1,2025-01-01,2025-01-10,2025-01-17,7,Medical/Authorized,69
P-001084,LV-V2-0002957,5,2025-05-01,2025-05-07,2025-05-13,6,Annual,120
P-001084,LV-V2-0002958,7,2025-07-01,2025-07-06,2025-07-13,7,Casual,60
P-001084,LV-V2-0002959,9,2025-09-01,2025-09-05,2025-09-18,13,Annual,60
P-001084,LV-V2-0002960,11,2025-11-01,2025-11-05,2025-11-15,10,Annual,60
P-001085,LV-V2-0002961,3,2025-03-01,2025-03-07,2025-03-13,6,Annual,110
P-001085,LV-V2-0002962,11,2025-11-01,2025-11-06,2025-11-16,10,Annual,240
P-001086,LV-V2-0002963,8,2025-08-01,2025-08-10,2025-08-22,12,Medical/Authorized,298
P-001086,LV-V2-0002964,12,2025-12-01,2025-12-07,2025-12-17,10,Annual,120
P-001087,LV-V2-0002965,3,2025-03-01,2025-03-07,2025-03-18,11,Casual,146
P-001087,LV-V2-0002966,7,2025-07-01,2025-07-09,2025-07-21,12,Annual,120
P-001087,LV-V2-0002967,10,2025-10-01,2025-10-10,2025-10-22,12,Annual,90
P-001088,LV-V2-0002968,5,2025-05-01,2025-05-09,2025-05-13,4,Casual,188
P-001088,LV-V2-0002969,12,2025-12-01,2025-12-10,2025-12-15,5,Casual,210
P-001089,LV-V2-0002970,2,2025-02-01,2025-02-06,2025-02-16,10,Annual,92
P-001089,LV-V2-0002971,8,2025-08-01,2025-08-09,2025-08-19,10,Annual,180
P-001089,LV-V2-0002972,10,2025-10-01,2025-10-08,2025-10-16,8,Casual,60
P-001090,LV-V2-0002973,3,2025-03-01,2025-03-10,2025-03-22,12,Casual,132
P-001090,LV-V2-0002974,10,2025-10-01,2025-10-10,2025-10-19,9,Annual,210
P-001091,LV-V2-0002975,4,2025-04-01,2025-04-07,2025-04-12,5,Casual,142
P-001091,LV-V2-0002976,12,2025-12-01,2025-12-10,2025-12-18,8,Casual,240
P-001092,LV-V2-0002977,2,2025-02-01,2025-02-08,2025-02-15,7,Annual,82
P-001093,LV-V2-0002978,1,2025-01-01,2025-01-10,2025-01-23,13,Casual,87
P-001093,LV-V2-0002979,3,2025-03-01,2025-03-07,2025-03-19,12,Annual,60
P-001093,LV-V2-0002980,5,2025-05-01,2025-05-08,2025-05-17,9,Annual,60
P-001093,LV-V2-0002981,7,2025-07-01,2025-07-06,2025-07-14,8,Casual,60
P-001093,LV-V2-0002982,9,2025-09-01,2025-09-06,2025-09-12,6,Annual,60
P-001094,LV-V2-0002983,3,2025-03-01,2025-03-07,2025-03-12,5,Casual,152
P-001094,LV-V2-0002984,9,2025-09-01,2025-09-06,2025-09-11,5,Casual,180
P-001095,LV-V2-0002985,2,2025-02-01,2025-02-05,2025-02-17,12,Casual,103
P-001095,LV-V2-0002986,4,2025-04-01,2025-04-10,2025-04-19,9,Annual,60
P-001095,LV-V2-0002987,6,2025-06-01,2025-06-09,2025-06-15,6,Annual,60
P-001095,LV-V2-0002988,11,2025-11-01,2025-11-08,2025-11-15,7,Casual,150
P-001096,LV-V2-0002989,8,2025-08-01,2025-08-09,2025-08-15,6,Annual,275
P-001096,LV-V2-0002990,10,2025-10-01,2025-10-07,2025-10-17,10,Annual,60
P-001097,LV-V2-0002991,2,2025-02-01,2025-02-06,2025-02-15,9,Annual,92
P-001097,LV-V2-0002992,11,2025-11-01,2025-11-10,2025-11-19,9,Casual,270
P-001098,LV-V2-0002993,5,2025-05-01,2025-05-09,2025-05-14,5,Casual,204
P-001099,LV-V2-0002994,3,2025-03-01,2025-03-07,2025-03-20,13,Medical/Authorized,143
P-001099,LV-V2-0002995,8,2025-08-01,2025-08-06,2025-08-13,7,Annual,150
P-001099,LV-V2-0002996,10,2025-10-01,2025-10-06,2025-10-18,12,Annual,60
P-001099,LV-V2-0002997,12,2025-12-01,2025-12-10,2025-12-17,7,Annual,60
P-001100,LV-V2-0002998,1,2025-01-01,2025-01-08,2025-01-17,9,Annual,78
P-001100,LV-V2-0002999,6,2025-06-01,2025-06-06,2025-06-10,4,Casual,150
P-001100,LV-V2-0003000,10,2025-10-01,2025-10-10,2025-10-16,6,Casual,120
P-001101,LV-V2-0003001,9,2025-09-01,2025-09-08,2025-09-14,6,Casual,317
P-001102,LV-V2-0003002,2,2025-02-01,2025-02-08,2025-02-14,6,Casual,107
P-001102,LV-V2-0003003,9,2025-09-01,2025-09-09,2025-09-17,8,Annual,210
P-001102,LV-V2-0003004,11,2025-11-01,2025-11-10,2025-11-21,11,Casual,60
P-001103,LV-V2-0003005,3,2025-03-01,2025-03-06,2025-03-14,8,Casual,113
P-001103,LV-V2-0003006,6,2025-06-01,2025-06-05,2025-06-11,6,Annual,90
P-001103,LV-V2-0003007,9,2025-09-01,2025-09-06,2025-09-16,10,Annual,90
P-001104,LV-V2-0003008,1,2025-01-01,2025-01-06,2025-01-19,13,Medical/Authorized,79
P-001104,LV-V2-0003009,10,2025-10-01,2025-10-05,2025-10-13,8,Annual,270
P-001104,LV-V2-0003010,12,2025-12-01,2025-12-08,2025-12-21,13,Annual,60
P-001105,LV-V2-0003011,2,2025-02-01,2025-02-05,2025-02-11,6,Annual,121
P-001105,LV-V2-0003012,11,2025-11-01,2025-11-08,2025-11-19,11,Casual,270
P-001106,LV-V2-0003013,2,2025-02-01,2025-02-05,2025-02-18,13,Annual,91
P-001106,LV-V2-0003014,6,2025-06-01,2025-06-08,2025-06-16,8,Casual,120
P-001106,LV-V2-0003015,8,2025-08-01,2025-08-08,2025-08-21,13,Annual,60
P-001107,LV-V2-0003016,1,2025-01-01,2025-01-06,2025-01-18,12,Casual,71
P-001107,LV-V2-0003017,3,2025-03-01,2025-03-09,2025-03-20,11,Annual,60
P-001107,LV-V2-0003018,6,2025-06-01,2025-06-08,2025-06-19,11,Annual,90
P-001107,LV-V2-0003019,8,2025-08-01,2025-08-08,2025-08-21,13,Annual,60
P-001107,LV-V2-0003020,11,2025-11-01,2025-11-08,2025-11-14,6,Annual,90
P-001108,LV-V2-0003021,6,2025-06-01,2025-06-07,2025-06-24,17,Recovery,248
P-001108,LV-V2-0003022,9,2025-09-01,2025-09-07,2025-09-15,8,Annual,90
P-001108,LV-V2-0003023,11,2025-11-01,2025-11-06,2025-11-13,7,Annual,60
P-001109,LV-V2-0003024,2,2025-02-01,2025-02-05,2025-02-17,12,Annual,104
P-001109,LV-V2-0003025,6,2025-06-01,2025-06-10,2025-06-19,9,Annual,120
P-001109,LV-V2-0003026,8,2025-08-01,2025-08-09,2025-08-22,13,Annual,60
P-001109,LV-V2-0003027,11,2025-11-01,2025-11-09,2025-11-17,8,Casual,90
P-001110,LV-V2-0003028,2,2025-02-01,2025-02-05,2025-02-17,12,Annual,121
P-001110,LV-V2-0003029,12,2025-12-01,2025-12-08,2025-12-18,10,Annual,300
P-001111,LV-V2-0003030,2,2025-02-01,2025-02-07,2025-02-20,13,Annual,112
P-001111,LV-V2-0003031,10,2025-10-01,2025-10-10,2025-10-17,7,Casual,240
P-001111,LV-V2-0003032,12,2025-12-01,2025-12-07,2025-12-13,6,Casual,60
P-001112,LV-V2-0003033,5,2025-05-01,2025-05-08,2025-05-11,3,Casual,206
P-001113,LV-V2-0003034,2,2025-02-01,2025-02-08,2025-02-16,8,Annual,95
P-001113,LV-V2-0003035,6,2025-06-01,2025-06-09,2025-06-20,11,Annual,120
P-001113,LV-V2-0003036,9,2025-09-01,2025-09-05,2025-09-11,6,Casual,90
P-001113,LV-V2-0003037,11,2025-11-01,2025-11-08,2025-11-19,11,Casual,60
P-001114,LV-V2-0003038,1,2025-01-01,2025-01-08,2025-01-14,6,Casual,61
P-001114,LV-V2-0003039,8,2025-08-01,2025-08-10,2025-08-15,5,Casual,210
P-001114,LV-V2-0003040,11,2025-11-01,2025-11-05,2025-11-16,11,Annual,90
P-001115,LV-V2-0003041,3,2025-03-01,2025-03-05,2025-03-14,9,Annual,114
P-001115,LV-V2-0003042,5,2025-05-01,2025-05-06,2025-05-14,8,Casual,60
P-001115,LV-V2-0003043,7,2025-07-01,2025-07-10,2025-07-19,9,Annual,60
P-001115,LV-V2-0003044,10,2025-10-01,2025-10-09,2025-10-17,8,Annual,90
P-001116,LV-V2-0003045,8,2025-08-01,2025-08-09,2025-08-12,3,Casual,260
P-001117,LV-V2-0003046,1,2025-01-01,2025-01-06,2025-01-19,13,Annual,96
P-001117,LV-V2-0003047,7,2025-07-01,2025-07-10,2025-07-21,11,Annual,180
P-001117,LV-V2-0003048,9,2025-09-01,2025-09-06,2025-09-19,13,Annual,60
P-001118,LV-V2-0003049,1,2025-01-01,2025-01-07,2025-01-15,8,Annual,89
P-001118,LV-V2-0003050,6,2025-06-01,2025-06-10,2025-06-27,17,Recovery,150
P-001118,LV-V2-0003051,10,2025-10-01,2025-10-10,2025-10-22,12,Annual,120
P-001119,LV-V2-0003052,1,2025-01-01,2025-01-09,2025-01-17,8,Annual,96
P-001119,LV-V2-0003053,7,2025-07-01,2025-07-05,2025-07-08,3,Casual,180
P-001119,LV-V2-0003054,9,2025-09-01,2025-09-05,2025-09-13,8,Annual,60
P-001120,LV-V2-0003055,1,2025-01-01,2025-01-10,2025-01-17,7,Annual,98
P-001120,LV-V2-0003056,3,2025-03-01,2025-03-10,2025-03-22,12,Casual,60
P-001120,LV-V2-0003057,6,2025-06-01,2025-06-09,2025-06-18,9,Annual,90
P-001120,LV-V2-0003058,9,2025-09-01,2025-09-10,2025-09-20,10,Casual,90
P-001121,LV-V2-0003059,1,2025-01-01,2025-01-10,2025-01-21,11,Annual,80
P-001121,LV-V2-0003060,5,2025-05-01,2025-05-05,2025-05-17,12,Casual,120
P-001121,LV-V2-0003061,8,2025-08-01,2025-08-07,2025-08-14,7,Annual,90
P-001121,LV-V2-0003062,10,2025-10-01,2025-10-09,2025-10-15,6,Annual,60
P-001122,LV-V2-0003063,2,2025-02-01,2025-02-06,2025-02-14,8,Annual,125
P-001122,LV-V2-0003064,9,2025-09-01,2025-09-09,2025-09-17,8,Annual,210
P-001122,LV-V2-0003065,11,2025-11-01,2025-11-09,2025-11-19,10,Annual,60
P-001123,LV-V2-0003066,5,2025-05-01,2025-05-08,2025-05-13,5,Casual,180
P-001123,LV-V2-0003067,12,2025-12-01,2025-12-10,2025-12-13,3,Casual,210
P-001124,LV-V2-0003068,6,2025-06-01,2025-06-08,2025-06-21,13,Annual,242
P-001124,LV-V2-0003069,9,2025-09-01,2025-09-10,2025-09-20,10,Annual,90
P-001125,LV-V2-0003070,2,2025-02-01,2025-02-10,2025-02-23,13,Annual,101
P-001125,LV-V2-0003071,5,2025-05-01,2025-05-08,2025-05-16,8,Annual,90
P-001125,LV-V2-0003072,7,2025-07-01,2025-07-07,2025-07-13,6,Casual,60
P-001125,LV-V2-0003073,9,2025-09-01,2025-09-06,2025-09-13,7,Annual,60
P-001126,LV-V2-0003074,1,2025-01-01,2025-01-08,2025-01-19,11,Casual,81
P-001126,LV-V2-0003075,12,2025-12-01,2025-12-06,2025-12-19,13,Annual,330
P-001127,LV-V2-0003076,5,2025-05-01,2025-05-05,2025-05-15,10,Casual,182
P-001127,LV-V2-0003077,10,2025-10-01,2025-10-06,2025-10-17,11,Annual,150
P-001128,LV-V2-0003078,1,2025-01-01,2025-01-09,2025-01-15,6,Annual,63
P-001128,LV-V2-0003079,3,2025-03-01,2025-03-09,2025-03-18,9,Annual,60
P-001128,LV-V2-0003080,9,2025-09-01,2025-09-07,2025-09-17,10,Casual,180
P-001128,LV-V2-0003081,12,2025-12-01,2025-12-06,2025-12-19,13,Annual,90
P-001129,LV-V2-0003082,2,2025-02-01,2025-02-08,2025-02-15,7,Annual,89
P-001129,LV-V2-0003083,10,2025-10-01,2025-10-06,2025-10-13,7,Annual,240
P-001130,LV-V2-0003084,5,2025-05-01,2025-05-09,2025-05-12,3,Casual,176
P-001130,LV-V2-0003085,6,2025-06-01,2025-06-09,2025-06-23,14,Recovery,30
P-001131,LV-V2-0003086,6,2025-06-01,2025-06-08,2025-06-17,9,Annual,219
P-001132,LV-V2-0003087,2,2025-02-01,2025-02-05,2025-02-11,6,Annual,113
P-001132,LV-V2-0003088,10,2025-10-01,2025-10-07,2025-10-18,11,Annual,240
P-001132,LV-V2-0003089,12,2025-12-01,2025-12-05,2025-12-18,13,Annual,60
P-001133,LV-V2-0003090,2,2025-02-01,2025-02-06,2025-02-18,12,Medical/Authorized,108
P-001133,LV-V2-0003091,7,2025-07-01,2025-07-06,2025-07-14,8,Medical/Authorized,150
P-001133,LV-V2-0003092,9,2025-09-01,2025-09-06,2025-09-14,8,Casual,60
P-001133,LV-V2-0003093,12,2025-12-01,2025-12-08,2025-12-19,11,Casual,90
P-001134,LV-V2-0003094,1,2025-01-01,2025-01-10,2025-01-22,12,Annual,69
P-001134,LV-V2-0003095,3,2025-03-01,2025-03-10,2025-03-23,13,Casual,60
P-001134,LV-V2-0003096,12,2025-12-01,2025-12-09,2025-12-18,9,Annual,270
P-001135,LV-V2-0003097,7,2025-07-01,2025-07-07,2025-07-20,13,Annual,244
P-001135,LV-V2-0003098,9,2025-09-01,2025-09-07,2025-09-18,11,Annual,60
P-001135,LV-V2-0003099,12,2025-12-01,2025-12-07,2025-12-13,6,Casual,90
P-001136,LV-V2-0003100,1,2025-01-01,2025-01-07,2025-01-19,12,Annual,89
P-001136,LV-V2-0003101,3,2025-03-01,2025-03-08,2025-03-20,12,Annual,60
P-001136,LV-V2-0003102,5,2025-05-01,2025-05-09,2025-05-20,11,Annual,60
P-001136,LV-V2-0003103,7,2025-07-01,2025-07-08,2025-07-18,10,Casual,60
P-001136,LV-V2-0003104,9,2025-09-01,2025-09-07,2025-09-20,13,Casual,60
P-001136,LV-V2-0003105,12,2025-12-01,2025-12-09,2025-12-16,7,Casual,90
P-001137,LV-V2-0003106,1,2025-01-01,2025-01-05,2025-01-13,8,Casual,76
P-001137,LV-V2-0003107,7,2025-07-01,2025-07-07,2025-07-18,11,Casual,180
P-001138,LV-V2-0003108,1,2025-01-01,2025-01-06,2025-01-13,7,Annual,92
P-001138,LV-V2-0003109,4,2025-04-01,2025-04-05,2025-04-18,13,Casual,90
P-001138,LV-V2-0003110,6,2025-06-01,2025-06-08,2025-06-20,12,Annual,60
P-001139,LV-V2-0003111,4,2025-04-01,2025-04-10,2025-04-23,13,Annual,147
P-001139,LV-V2-0003112,6,2025-06-01,2025-06-05,2025-06-12,7,Annual,60
P-001139,LV-V2-0003113,9,2025-09-01,2025-09-05,2025-09-13,8,Casual,90
P-001139,LV-V2-0003114,12,2025-12-01,2025-12-05,2025-12-12,7,Casual,90
P-001140,LV-V2-0003115,4,2025-04-01,2025-04-10,2025-04-16,6,Casual,180
P-001140,LV-V2-0003116,6,2025-06-01,2025-06-08,2025-06-21,13,Recovery,60
P-001140,LV-V2-0003117,9,2025-09-01,2025-09-06,2025-09-15,9,Annual,90
P-001140,LV-V2-0003118,12,2025-12-01,2025-12-10,2025-12-20,10,Casual,90
P-001141,LV-V2-0003119,1,2025-01-01,2025-01-07,2025-01-15,8,Annual,78
P-001141,LV-V2-0003120,7,2025-07-01,2025-07-07,2025-07-20,13,Annual,180
P-001141,LV-V2-0003121,9,2025-09-01,2025-09-05,2025-09-11,6,Annual,60
P-001141,LV-V2-0003122,11,2025-11-01,2025-11-06,2025-11-18,12,Casual,60
P-001142,LV-V2-0003123,3,2025-03-01,2025-03-09,2025-03-20,11,Medical/Authorized,153
P-001142,LV-V2-0003124,6,2025-06-01,2025-06-05,2025-06-11,6,Annual,90
P-001142,LV-V2-0003125,9,2025-09-01,2025-09-08,2025-09-21,13,Annual,90
P-001142,LV-V2-0003126,11,2025-11-01,2025-11-09,2025-11-17,8,Annual,60
P-001143,LV-V2-0003127,2,2025-02-01,2025-02-07,2025-02-13,6,Annual,95
P-001143,LV-V2-0003128,4,2025-04-01,2025-04-08,2025-04-21,13,Annual,60
P-001143,LV-V2-0003129,10,2025-10-01,2025-10-09,2025-10-19,10,Medical/Authorized,180
P-001144,LV-V2-0003130,1,2025-01-01,2025-01-05,2025-01-12,7,Casual,78
P-001144,LV-V2-0003131,6,2025-06-01,2025-06-05,2025-06-19,14,Recovery,150
P-001144,LV-V2-0003132,10,2025-10-01,2025-10-07,2025-10-19,12,Annual,120
P-001145,LV-V2-0003133,2,2025-02-01,2025-02-07,2025-02-20,13,Casual,84
P-001145,LV-V2-0003134,5,2025-05-01,2025-05-09,2025-05-21,12,Casual,90
P-001145,LV-V2-0003135,7,2025-07-01,2025-07-08,2025-07-21,13,Medical/Authorized,60
P-001145,LV-V2-0003136,9,2025-09-01,2025-09-06,2025-09-14,8,Casual,60
P-001145,LV-V2-0003137,11,2025-11-01,2025-11-05,2025-11-15,10,Annual,60
P-001146,LV-V2-0003138,4,2025-04-01,2025-04-09,2025-04-16,7,Annual,168
P-001146,LV-V2-0003139,12,2025-12-01,2025-12-08,2025-12-20,12,Casual,240
P-001147,LV-V2-0003140,5,2025-05-01,2025-05-08,2025-05-13,5,Casual,204
P-001147,LV-V2-0003141,11,2025-11-01,2025-11-08,2025-11-12,4,Casual,180
P-001148,LV-V2-0003142,1,2025-01-01,2025-01-09,2025-01-16,7,Annual,80
P-001148,LV-V2-0003143,4,2025-04-01,2025-04-07,2025-04-14,7,Casual,90
P-001148,LV-V2-0003144,6,2025-06-01,2025-06-07,2025-06-16,9,Annual,60
P-001148,LV-V2-0003145,8,2025-08-01,2025-08-09,2025-08-19,10,Casual,60
P-001148,LV-V2-0003146,10,2025-10-01,2025-10-07,2025-10-17,10,Annual,60
P-001149,LV-V2-0003147,4,2025-04-01,2025-04-06,2025-04-09,3,Casual,161
P-001149,LV-V2-0003148,10,2025-10-01,2025-10-09,2025-10-12,3,Casual,180
P-001150,LV-V2-0003149,1,2025-01-01,2025-01-07,2025-01-14,7,Annual,85
P-001150,LV-V2-0003150,5,2025-05-01,2025-05-09,2025-05-21,12,Annual,120
P-001150,LV-V2-0003151,7,2025-07-01,2025-07-09,2025-07-19,10,Annual,60
P-001151,LV-V2-0003152,5,2025-05-01,2025-05-07,2025-05-12,5,Casual,197
P-001152,LV-V2-0003153,1,2025-01-01,2025-01-09,2025-01-20,11,Casual,70
P-001152,LV-V2-0003154,9,2025-09-01,2025-09-07,2025-09-20,13,Medical/Authorized,240
P-001152,LV-V2-0003155,11,2025-11-01,2025-11-10,2025-11-16,6,Annual,60
P-001153,LV-V2-0003156,1,2025-01-01,2025-01-05,2025-01-11,6,Casual,77
P-001153,LV-V2-0003157,6,2025-06-01,2025-06-06,2025-06-14,8,Annual,150
P-001153,LV-V2-0003158,8,2025-08-01,2025-08-08,2025-08-17,9,Annual,60
P-001153,LV-V2-0003159,10,2025-10-01,2025-10-05,2025-10-13,8,Casual,60
P-001154,LV-V2-0003160,1,2025-01-01,2025-01-09,2025-01-19,10,Casual,71
P-001154,LV-V2-0003161,11,2025-11-01,2025-11-08,2025-11-18,10,Casual,300
P-001155,LV-V2-0003162,5,2025-05-01,2025-05-09,2025-05-12,3,Casual,199
P-001155,LV-V2-0003163,11,2025-11-01,2025-11-05,2025-11-08,3,Casual,180
P-001156,LV-V2-0003164,4,2025-04-01,2025-04-06,2025-04-11,5,Casual,144
P-001156,LV-V2-0003165,7,2025-07-01,2025-07-10,2025-07-19,9,Annual,90
P-001156,LV-V2-0003166,10,2025-10-01,2025-10-08,2025-10-21,13,Casual,90
P-001157,LV-V2-0003167,1,2025-01-01,2025-01-05,2025-01-11,6,Annual,84
P-001157,LV-V2-0003168,8,2025-08-01,2025-08-10,2025-08-13,3,Casual,210
P-001157,LV-V2-0003169,10,2025-10-01,2025-10-08,2025-10-18,10,Annual,60
P-001158,LV-V2-0003170,2,2025-02-01,2025-02-07,2025-02-16,9,Annual,88
P-001158,LV-V2-0003171,11,2025-11-01,2025-11-09,2025-11-22,13,Casual,270
P-001159,LV-V2-0003172,12,2025-12-01,2025-12-08,2025-12-15,7,Annual,404
P-001160,LV-V2-0003173,2,2025-02-01,2025-02-07,2025-02-17,10,Annual,105
P-001160,LV-V2-0003174,7,2025-07-01,2025-07-08,2025-07-18,10,Annual,150
P-001160,LV-V2-0003175,11,2025-11-01,2025-11-09,2025-11-17,8,Annual,120
P-001161,LV-V2-0003176,3,2025-03-01,2025-03-06,2025-03-18,12,Annual,121
P-001161,LV-V2-0003177,6,2025-06-01,2025-06-05,2025-06-18,13,Annual,90
P-001161,LV-V2-0003178,10,2025-10-01,2025-10-05,2025-10-15,10,Casual,120
P-001162,LV-V2-0003179,3,2025-03-01,2025-03-09,2025-03-14,5,Casual,155
P-001162,LV-V2-0003180,10,2025-10-01,2025-10-08,2025-10-14,6,Annual,210
P-001162,LV-V2-0003181,12,2025-12-01,2025-12-07,2025-12-16,9,Annual,60
P-001163,LV-V2-0003182,6,2025-06-01,2025-06-10,2025-06-16,6,Casual,217
P-001163,LV-V2-0003183,8,2025-08-01,2025-08-07,2025-08-17,10,Annual,60
P-001163,LV-V2-0003184,10,2025-10-01,2025-10-09,2025-10-15,6,Annual,60
P-001163,LV-V2-0003185,12,2025-12-01,2025-12-07,2025-12-18,11,Annual,60
P-001164,LV-V2-0003186,10,2025-10-01,2025-10-07,2025-10-11,4,Casual,332
P-001165,LV-V2-0003187,8,2025-08-01,2025-08-08,2025-08-11,3,Casual,277
P-001166,LV-V2-0003188,3,2025-03-01,2025-03-08,2025-03-20,12,Annual,116
P-001166,LV-V2-0003189,6,2025-06-01,2025-06-09,2025-06-20,11,Casual,90
P-001166,LV-V2-0003190,9,2025-09-01,2025-09-08,2025-09-14,6,Casual,90
P-001166,LV-V2-0003191,12,2025-12-01,2025-12-07,2025-12-15,8,Annual,90
P-001167,LV-V2-0003192,4,2025-04-01,2025-04-10,2025-04-14,4,Casual,171
P-001167,LV-V2-0003193,10,2025-10-01,2025-10-08,2025-10-20,12,Annual,180
P-001168,LV-V2-0003194,6,2025-06-01,2025-06-08,2025-06-12,4,Casual,227
P-001168,LV-V2-0003195,10,2025-10-01,2025-10-10,2025-10-19,9,Medical/Authorized,120
P-001168,LV-V2-0003196,12,2025-12-01,2025-12-10,2025-12-17,7,Annual,60
P-001169,LV-V2-0003197,3,2025-03-01,2025-03-05,2025-03-14,9,Annual,131
P-001169,LV-V2-0003198,5,2025-05-01,2025-05-06,2025-05-16,10,Medical/Authorized,60
P-001170,LV-V2-0003199,2,2025-02-01,2025-02-05,2025-02-17,12,Annual,123
P-001170,LV-V2-0003200,4,2025-04-01,2025-04-10,2025-04-23,13,Medical/Authorized,60
P-001171,LV-V2-0003201,1,2025-01-01,2025-01-08,2025-01-15,7,Medical/Authorized,77
P-001171,LV-V2-0003202,6,2025-06-01,2025-06-10,2025-06-24,14,Recovery,150
P-001171,LV-V2-0003203,8,2025-08-01,2025-08-05,2025-08-11,6,Annual,60
P-001172,LV-V2-0003204,7,2025-07-01,2025-07-05,2025-07-08,3,Casual,270
P-001173,LV-V2-0003205,2,2025-02-01,2025-02-06,2025-02-19,13,Annual,92
P-001173,LV-V2-0003206,7,2025-07-01,2025-07-07,2025-07-10,3,Casual,150
P-001173,LV-V2-0003207,10,2025-10-01,2025-10-08,2025-10-16,8,Annual,90
P-001173,LV-V2-0003208,12,2025-12-01,2025-12-08,2025-12-15,7,Annual,60
P-001174,LV-V2-0003209,1,2025-01-01,2025-01-08,2025-01-19,11,Annual,79
P-001174,LV-V2-0003210,9,2025-09-01,2025-09-10,2025-09-19,9,Annual,240
P-001174,LV-V2-0003211,11,2025-11-01,2025-11-09,2025-11-17,8,Annual,60
P-001175,LV-V2-0003212,1,2025-01-01,2025-01-05,2025-01-15,10,Annual,81
P-001176,LV-V2-0003213,3,2025-03-01,2025-03-10,2025-03-22,12,Annual,112
P-001177,LV-V2-0003214,3,2025-03-01,2025-03-05,2025-03-13,8,Medical/Authorized,143
P-001177,LV-V2-0003215,7,2025-07-01,2025-07-10,2025-07-16,6,Casual,120
P-001177,LV-V2-0003216,9,2025-09-01,2025-09-10,2025-09-17,7,Annual,60
P-001177,LV-V2-0003217,12,2025-12-01,2025-12-09,2025-12-17,8,Casual,90
P-001178,LV-V2-0003218,7,2025-07-01,2025-07-05,2025-07-17,12,Annual,239
P-001178,LV-V2-0003219,12,2025-12-01,2025-12-06,2025-12-17,11,Annual,150
P-001179,LV-V2-0003220,1,2025-01-01,2025-01-07,2025-01-14,7,Casual,85
P-001179,LV-V2-0003221,9,2025-09-01,2025-09-05,2025-09-12,7,Annual,240
P-001179,LV-V2-0003222,12,2025-12-01,2025-12-05,2025-12-17,12,Annual,90
P-001180,LV-V2-0003223,3,2025-03-01,2025-03-06,2025-03-19,13,Casual,130
P-001180,LV-V2-0003224,5,2025-05-01,2025-05-07,2025-05-18,11,Annual,60
P-001180,LV-V2-0003225,7,2025-07-01,2025-07-06,2025-07-18,12,Annual,60
P-001180,LV-V2-0003226,9,2025-09-01,2025-09-09,2025-09-19,10,Annual,60
P-001181,LV-V2-0003227,2,2025-02-01,2025-02-10,2025-02-18,8,Annual,109
P-001181,LV-V2-0003228,5,2025-05-01,2025-05-08,2025-05-18,10,Annual,90
P-001181,LV-V2-0003229,8,2025-08-01,2025-08-06,2025-08-16,10,Casual,90
P-001182,LV-V2-0003230,2,2025-02-01,2025-02-06,2025-02-18,12,Casual,82
P-001182,LV-V2-0003231,5,2025-05-01,2025-05-08,2025-05-21,13,Annual,90
P-001182,LV-V2-0003232,10,2025-10-01,2025-10-06,2025-10-14,8,Medical/Authorized,150
P-001182,LV-V2-0003233,12,2025-12-01,2025-12-05,2025-12-12,7,Casual,60
P-001183,LV-V2-0003234,2,2025-02-01,2025-02-10,2025-02-23,13,Annual,101
P-001183,LV-V2-0003235,8,2025-08-01,2025-08-06,2025-08-16,10,Casual,180
P-001183,LV-V2-0003236,10,2025-10-01,2025-10-05,2025-10-13,8,Casual,60
P-001184,LV-V2-0003237,6,2025-06-01,2025-06-05,2025-06-17,12,Recovery,228
P-001184,LV-V2-0003238,9,2025-09-01,2025-09-05,2025-09-12,7,Medical/Authorized,90
P-001185,LV-V2-0003239,5,2025-05-01,2025-05-06,2025-05-12,6,Casual,180
P-001185,LV-V2-0003240,10,2025-10-01,2025-10-07,2025-10-15,8,Casual,150
P-001185,LV-V2-0003241,12,2025-12-01,2025-12-10,2025-12-18,8,Casual,60
P-001186,LV-V2-0003242,2,2025-02-01,2025-02-08,2025-02-16,8,Casual,114
P-001186,LV-V2-0003243,5,2025-05-01,2025-05-05,2025-05-15,10,Annual,90
P-001186,LV-V2-0003244,9,2025-09-01,2025-09-05,2025-09-11,6,Annual,120
P-001186,LV-V2-0003245,12,2025-12-01,2025-12-10,2025-12-17,7,Annual,90
P-001187,LV-V2-0003246,2,2025-02-01,2025-02-10,2025-02-22,12,Casual,81
P-001187,LV-V2-0003247,4,2025-04-01,2025-04-09,2025-04-15,6,Casual,60
P-001187,LV-V2-0003248,11,2025-11-01,2025-11-10,2025-11-17,7,Annual,210
P-001188,LV-V2-0003249,12,2025-12-01,2025-12-08,2025-12-14,6,Casual,401
P-001189,LV-V2-0003250,2,2025-02-01,2025-02-09,2025-02-22,13,Annual,88
P-001189,LV-V2-0003251,7,2025-07-01,2025-07-08,2025-07-20,12,Annual,150
P-001190,LV-V2-0003252,4,2025-04-01,2025-04-09,2025-04-21,12,Medical/Authorized,150
P-001190,LV-V2-0003253,6,2025-06-01,2025-06-08,2025-06-17,9,Casual,60
P-001190,LV-V2-0003254,10,2025-10-01,2025-10-10,2025-10-20,10,Casual,120
P-001191,LV-V2-0003255,2,2025-02-01,2025-02-10,2025-02-16,6,Casual,123
P-001191,LV-V2-0003256,6,2025-06-01,2025-06-09,2025-06-16,7,Annual,120
P-001191,LV-V2-0003257,11,2025-11-01,2025-11-10,2025-11-19,9,Annual,150
P-001192,LV-V2-0003258,11,2025-11-01,2025-11-07,2025-11-13,6,Annual,376
P-001193,LV-V2-0003259,2,2025-02-01,2025-02-05,2025-02-12,7,Annual,80
P-001193,LV-V2-0003260,7,2025-07-01,2025-07-09,2025-07-13,4,Casual,150
P-001193,LV-V2-0003261,11,2025-11-01,2025-11-08,2025-11-20,12,Annual,120
P-001194,LV-V2-0003262,3,2025-03-01,2025-03-05,2025-03-16,11,Annual,145
P-001194,LV-V2-0003263,11,2025-11-01,2025-11-05,2025-11-16,11,Annual,240
P-001195,LV-V2-0003264,2,2025-02-01,2025-02-10,2025-02-18,8,Annual,129
P-001195,LV-V2-0003265,12,2025-12-01,2025-12-05,2025-12-12,7,Annual,300
P-001196,LV-V2-0003266,2,2025-02-01,2025-02-05,2025-02-11,6,Casual,99
P-001196,LV-V2-0003267,11,2025-11-01,2025-11-06,2025-11-17,11,Annual,270
P-001197,LV-V2-0003268,1,2025-01-01,2025-01-09,2025-01-22,13,Annual,82
P-001197,LV-V2-0003269,3,2025-03-01,2025-03-10,2025-03-20,10,Annual,60
P-001197,LV-V2-0003270,5,2025-05-01,2025-05-07,2025-05-13,6,Casual,60
P-001197,LV-V2-0003271,7,2025-07-01,2025-07-06,2025-07-17,11,Annual,60
P-001197,LV-V2-0003272,9,2025-09-01,2025-09-08,2025-09-16,8,Annual,60
P-001197,LV-V2-0003273,11,2025-11-01,2025-11-10,2025-11-23,13,Annual,60
P-001198,LV-V2-0003274,9,2025-09-01,2025-09-08,2025-09-13,5,Casual,333
P-001199,LV-V2-0003275,3,2025-03-01,2025-03-06,2025-03-15,9,Annual,132
P-001199,LV-V2-0003276,11,2025-11-01,2025-11-07,2025-11-17,10,Casual,240
P-001200,LV-V2-0003277,4,2025-04-01,2025-04-06,2025-04-09,3,Casual,173
P-001200,LV-V2-0003278,7,2025-07-01,2025-07-05,2025-07-14,9,Annual,90
P-001200,LV-V2-0003279,10,2025-10-01,2025-10-08,2025-10-16,8,Annual,90
P-001202,LV-V2-0003280,6,2025-06-01,2025-06-07,2025-06-19,12,Annual,206
P-001202,LV-V2-0003281,10,2025-10-01,2025-10-10,2025-10-21,11,Annual,120
P-001203,LV-V2-0003282,1,2025-01-01,2025-01-08,2025-01-19,11,Annual,66
P-001203,LV-V2-0003283,3,2025-03-01,2025-03-09,2025-03-16,7,Annual,60
P-001203,LV-V2-0003284,7,2025-07-01,2025-07-08,2025-07-17,9,Annual,120
P-001203,LV-V2-0003285,12,2025-12-01,2025-12-06,2025-12-17,11,Annual,150
P-001204,LV-V2-0003286,5,2025-05-01,2025-05-08,2025-05-11,3,Casual,189
P-001204,LV-V2-0003287,11,2025-11-01,2025-11-09,2025-11-15,6,Annual,180
P-001205,LV-V2-0003288,2,2025-02-01,2025-02-07,2025-02-16,9,Medical/Authorized,106
P-001205,LV-V2-0003289,8,2025-08-01,2025-08-10,2025-08-15,5,Casual,180
P-001205,LV-V2-0003290,10,2025-10-01,2025-10-09,2025-10-21,12,Annual,60
P-001206,LV-V2-0003291,6,2025-06-01,2025-06-06,2025-06-11,5,Casual,200
P-001207,LV-V2-0003292,1,2025-01-01,2025-01-05,2025-01-18,13,Medical/Authorized,65
P-001207,LV-V2-0003293,6,2025-06-01,2025-06-07,2025-06-21,14,Recovery,150
P-001208,LV-V2-0003294,1,2025-01-01,2025-01-07,2025-01-19,12,Annual,60
P-001208,LV-V2-0003295,10,2025-10-01,2025-10-10,2025-10-19,9,Casual,270
P-001208,LV-V2-0003296,12,2025-12-01,2025-12-06,2025-12-19,13,Casual,60
P-001209,LV-V2-0003297,6,2025-06-01,2025-06-07,2025-06-23,16,Recovery,208
P-001209,LV-V2-0003298,8,2025-08-01,2025-08-06,2025-08-13,7,Casual,60
P-001209,LV-V2-0003299,11,2025-11-01,2025-11-08,2025-11-17,9,Casual,90
P-001210,LV-V2-0003300,2,2025-02-01,2025-02-09,2025-02-19,10,Annual,88
P-001210,LV-V2-0003301,4,2025-04-01,2025-04-05,2025-04-14,9,Annual,60
P-001210,LV-V2-0003302,7,2025-07-01,2025-07-09,2025-07-21,12,Casual,90
P-001210,LV-V2-0003303,9,2025-09-01,2025-09-07,2025-09-19,12,Casual,60
P-001210,LV-V2-0003304,12,2025-12-01,2025-12-08,2025-12-17,9,Medical/Authorized,90
P-001211,LV-V2-0003305,2,2025-02-01,2025-02-05,2025-02-16,11,Annual,112
P-001211,LV-V2-0003306,5,2025-05-01,2025-05-08,2025-05-18,10,Annual,90
P-001211,LV-V2-0003307,11,2025-11-01,2025-11-10,2025-11-23,13,Casual,180
P-001212,LV-V2-0003308,3,2025-03-01,2025-03-06,2025-03-19,13,Annual,133
P-001212,LV-V2-0003309,9,2025-09-01,2025-09-08,2025-09-14,6,Annual,180
P-001212,LV-V2-0003310,11,2025-11-01,2025-11-07,2025-11-20,13,Casual,60
P-001213,LV-V2-0003311,4,2025-04-01,2025-04-09,2025-04-12,3,Casual,147
P-001213,LV-V2-0003312,10,2025-10-01,2025-10-07,2025-10-20,13,Annual,180
P-001213,LV-V2-0003313,12,2025-12-01,2025-12-07,2025-12-14,7,Casual,60
P-001214,LV-V2-0003314,7,2025-07-01,2025-07-05,2025-07-18,13,Annual,257
P-001214,LV-V2-0003315,9,2025-09-01,2025-09-07,2025-09-14,7,Casual,60
P-001214,LV-V2-0003316,12,2025-12-01,2025-12-10,2025-12-17,7,Casual,90
P-001215,LV-V2-0003317,1,2025-01-01,2025-01-09,2025-01-17,8,Casual,78
P-001215,LV-V2-0003318,3,2025-03-01,2025-03-09,2025-03-18,9,Medical/Authorized,60
P-001215,LV-V2-0003319,5,2025-05-01,2025-05-08,2025-05-18,10,Annual,60
P-001215,LV-V2-0003320,8,2025-08-01,2025-08-08,2025-08-15,7,Annual,90
P-001215,LV-V2-0003321,10,2025-10-01,2025-10-05,2025-10-14,9,Annual,60
P-001216,LV-V2-0003322,3,2025-03-01,2025-03-05,2025-03-13,8,Annual,133
P-001216,LV-V2-0003323,9,2025-09-01,2025-09-07,2025-09-17,10,Annual,180
P-001217,LV-V2-0003324,4,2025-04-01,2025-04-09,2025-04-13,4,Casual,152
P-001217,LV-V2-0003325,6,2025-06-01,2025-06-05,2025-06-17,12,Recovery,60
P-001217,LV-V2-0003326,8,2025-08-01,2025-08-10,2025-08-17,7,Annual,60
P-001217,LV-V2-0003327,10,2025-10-01,2025-10-10,2025-10-19,9,Annual,60
P-001218,LV-V2-0003328,2,2025-02-01,2025-02-09,2025-02-21,12,Casual,106
P-001218,LV-V2-0003329,6,2025-06-01,2025-06-09,2025-06-22,13,Annual,120
P-001218,LV-V2-0003330,9,2025-09-01,2025-09-08,2025-09-16,8,Annual,90
P-001218,LV-V2-0003331,11,2025-11-01,2025-11-07,2025-11-17,10,Annual,60
P-001219,LV-V2-0003332,7,2025-07-01,2025-07-10,2025-07-14,4,Casual,235
P-001220,LV-V2-0003333,1,2025-01-01,2025-01-06,2025-01-13,7,Annual,82
P-001220,LV-V2-0003334,9,2025-09-01,2025-09-10,2025-09-17,7,Annual,240
P-001220,LV-V2-0003335,12,2025-12-01,2025-12-08,2025-12-21,13,Annual,90
P-001221,LV-V2-0003336,1,2025-01-01,2025-01-07,2025-01-20,13,Annual,65
P-001221,LV-V2-0003337,7,2025-07-01,2025-07-08,2025-07-15,7,Annual,180
P-001221,LV-V2-0003338,12,2025-12-01,2025-12-05,2025-12-16,11,Annual,150
P-001222,LV-V2-0003339,2,2025-02-01,2025-02-08,2025-02-14,6,Annual,111
P-001222,LV-V2-0003340,4,2025-04-01,2025-04-06,2025-04-18,12,Annual,60
P-001222,LV-V2-0003341,11,2025-11-01,2025-11-05,2025-11-13,8,Annual,210
P-001223,LV-V2-0003342,2,2025-02-01,2025-02-05,2025-02-18,13,Casual,88
P-001223,LV-V2-0003343,9,2025-09-01,2025-09-05,2025-09-14,9,Annual,210
P-001224,LV-V2-0003344,5,2025-05-01,2025-05-06,2025-05-09,3,Casual,201
P-001224,LV-V2-0003345,6,2025-06-01,2025-06-10,2025-06-26,16,Recovery,30
P-001224,LV-V2-0003346,8,2025-08-01,2025-08-05,2025-08-16,11,Annual,60
P-001224,LV-V2-0003347,11,2025-11-01,2025-11-08,2025-11-20,12,Annual,90
P-001225,LV-V2-0003348,1,2025-01-01,2025-01-07,2025-01-14,7,Casual,77
P-001225,LV-V2-0003349,6,2025-06-01,2025-06-05,2025-06-13,8,Annual,150
P-001225,LV-V2-0003350,9,2025-09-01,2025-09-10,2025-09-19,9,Annual,90
P-001225,LV-V2-0003351,11,2025-11-01,2025-11-06,2025-11-17,11,Annual,60
P-001226,LV-V2-0003352,4,2025-04-01,2025-04-09,2025-04-14,5,Casual,141
P-001226,LV-V2-0003353,11,2025-11-01,2025-11-10,2025-11-21,11,Annual,210
P-001227,LV-V2-0003354,2,2025-02-01,2025-02-07,2025-02-20,13,Casual,119
P-001227,LV-V2-0003355,4,2025-04-01,2025-04-08,2025-04-20,12,Annual,60
P-001227,LV-V2-0003356,9,2025-09-01,2025-09-10,2025-09-17,7,Casual,150
P-001227,LV-V2-0003357,11,2025-11-01,2025-11-07,2025-11-19,12,Casual,60
P-001228,LV-V2-0003358,10,2025-10-01,2025-10-06,2025-10-11,5,Casual,348
P-001229,LV-V2-0003359,1,2025-01-01,2025-01-06,2025-01-14,8,Annual,74
P-001229,LV-V2-0003360,5,2025-05-01,2025-05-05,2025-05-16,11,Annual,120
P-001229,LV-V2-0003361,7,2025-07-01,2025-07-06,2025-07-13,7,Annual,60
P-001229,LV-V2-0003362,9,2025-09-01,2025-09-09,2025-09-19,10,Medical/Authorized,60
P-001230,LV-V2-0003363,5,2025-05-01,2025-05-09,2025-05-14,5,Casual,202
P-001230,LV-V2-0003364,8,2025-08-01,2025-08-05,2025-08-12,7,Annual,90
P-001230,LV-V2-0003365,10,2025-10-01,2025-10-09,2025-10-16,7,Annual,60
P-001232,LV-V2-0003366,5,2025-05-01,2025-05-10,2025-05-13,3,Casual,196
P-001233,LV-V2-0003367,1,2025-01-01,2025-01-09,2025-01-19,10,Casual,95
P-001233,LV-V2-0003368,3,2025-03-01,2025-03-08,2025-03-20,12,Casual,60
P-001233,LV-V2-0003369,6,2025-06-01,2025-06-07,2025-06-18,11,Annual,90
P-001233,LV-V2-0003370,11,2025-11-01,2025-11-06,2025-11-15,9,Casual,150
P-001234,LV-V2-0003371,1,2025-01-01,2025-01-05,2025-01-16,11,Annual,71
P-001234,LV-V2-0003372,3,2025-03-01,2025-03-06,2025-03-18,12,Casual,60
P-001234,LV-V2-0003373,5,2025-05-01,2025-05-08,2025-05-19,11,Casual,60
P-001234,LV-V2-0003374,7,2025-07-01,2025-07-08,2025-07-14,6,Medical/Authorized,60
P-001234,LV-V2-0003375,10,2025-10-01,2025-10-08,2025-10-19,11,Annual,90
P-001235,LV-V2-0003376,1,2025-01-01,2025-01-08,2025-01-18,10,Annual,73
P-001235,LV-V2-0003377,7,2025-07-01,2025-07-06,2025-07-12,6,Casual,180
P-001236,LV-V2-0003378,2,2025-02-01,2025-02-09,2025-02-22,13,Annual,85
P-001236,LV-V2-0003379,9,2025-09-01,2025-09-06,2025-09-17,11,Annual,210
P-001236,LV-V2-0003380,11,2025-11-01,2025-11-10,2025-11-19,9,Casual,60
P-001237,LV-V2-0003381,1,2025-01-01,2025-01-06,2025-01-12,6,Medical/Authorized,65
P-001237,LV-V2-0003382,6,2025-06-01,2025-06-06,2025-06-12,6,Casual,150
P-001237,LV-V2-0003383,10,2025-10-01,2025-10-10,2025-10-16,6,Annual,120
P-001238,LV-V2-0003384,2,2025-02-01,2025-02-06,2025-02-19,13,Annual,110
P-001238,LV-V2-0003385,8,2025-08-01,2025-08-09,2025-08-15,6,Casual,180
P-001238,LV-V2-0003386,10,2025-10-01,2025-10-08,2025-10-21,13,Annual,60
P-001240,LV-V2-0003387,1,2025-01-01,2025-01-08,2025-01-14,6,Annual,97
P-001240,LV-V2-0003388,4,2025-04-01,2025-04-08,2025-04-15,7,Annual,90
P-001240,LV-V2-0003389,10,2025-10-01,2025-10-05,2025-10-18,13,Annual,180
P-001240,LV-V2-0003390,12,2025-12-01,2025-12-05,2025-12-13,8,Medical/Authorized,60
P-001241,LV-V2-0003391,1,2025-01-01,2025-01-10,2025-01-16,6,Annual,68
P-001241,LV-V2-0003392,8,2025-08-01,2025-08-06,2025-08-12,6,Casual,210
P-001241,LV-V2-0003393,11,2025-11-01,2025-11-05,2025-11-13,8,Annual,90
P-001242,LV-V2-0003394,2,2025-02-01,2025-02-10,2025-02-17,7,Medical/Authorized,94
P-001242,LV-V2-0003395,7,2025-07-01,2025-07-08,2025-07-19,11,Annual,150
P-001242,LV-V2-0003396,10,2025-10-01,2025-10-10,2025-10-17,7,Annual,90
P-001242,LV-V2-0003397,12,2025-12-01,2025-12-05,2025-12-14,9,Annual,60
P-001243,LV-V2-0003398,3,2025-03-01,2025-03-08,2025-03-16,8,Casual,133
P-001243,LV-V2-0003399,6,2025-06-01,2025-06-06,2025-06-14,8,Annual,90
P-001243,LV-V2-0003400,8,2025-08-01,2025-08-07,2025-08-16,9,Annual,60
P-001244,LV-V2-0003401,3,2025-03-01,2025-03-05,2025-03-10,5,Casual,145
P-001244,LV-V2-0003402,10,2025-10-01,2025-10-10,2025-10-16,6,Medical/Authorized,210
P-001245,LV-V2-0003403,1,2025-01-01,2025-01-08,2025-01-21,13,Medical/Authorized,79
P-001245,LV-V2-0003404,4,2025-04-01,2025-04-10,2025-04-21,11,Annual,90
P-001245,LV-V2-0003405,8,2025-08-01,2025-08-05,2025-08-12,7,Annual,120
P-001245,LV-V2-0003406,12,2025-12-01,2025-12-05,2025-12-14,9,Annual,120
P-001246,LV-V2-0003407,5,2025-05-01,2025-05-08,2025-05-13,5,Casual,174
P-001247,LV-V2-0003408,2,2025-02-01,2025-02-08,2025-02-14,6,Medical/Authorized,80
P-001247,LV-V2-0003409,4,2025-04-01,2025-04-07,2025-04-14,7,Annual,60
P-001247,LV-V2-0003410,7,2025-07-01,2025-07-05,2025-07-13,8,Annual,90
P-001247,LV-V2-0003411,9,2025-09-01,2025-09-05,2025-09-15,10,Annual,60
P-001247,LV-V2-0003412,12,2025-12-01,2025-12-08,2025-12-20,12,Annual,90
P-001248,LV-V2-0003413,4,2025-04-01,2025-04-08,2025-04-20,12,Casual,171
P-001248,LV-V2-0003414,8,2025-08-01,2025-08-06,2025-08-14,8,Medical/Authorized,120
P-001249,LV-V2-0003415,8,2025-08-01,2025-08-05,2025-08-09,4,Casual,261
P-001250,LV-V2-0003416,4,2025-04-01,2025-04-05,2025-04-10,5,Casual,155
P-001250,LV-V2-0003417,10,2025-10-01,2025-10-05,2025-10-15,10,Casual,180
P-001251,LV-V2-0003418,1,2025-01-01,2025-01-09,2025-01-15,6,Annual,76
P-001251,LV-V2-0003419,6,2025-06-01,2025-06-06,2025-06-12,6,Medical/Authorized,150
P-001251,LV-V2-0003420,9,2025-09-01,2025-09-08,2025-09-15,7,Casual,90
P-001251,LV-V2-0003421,12,2025-12-01,2025-12-08,2025-12-15,7,Annual,90
P-001252,LV-V2-0003422,1,2025-01-01,2025-01-05,2025-01-18,13,Annual,68
P-001252,LV-V2-0003423,6,2025-06-01,2025-06-05,2025-06-18,13,Annual,150
P-001252,LV-V2-0003424,10,2025-10-01,2025-10-10,2025-10-18,8,Annual,120
P-001253,LV-V2-0003425,5,2025-05-01,2025-05-06,2025-05-13,7,Annual,183
P-001253,LV-V2-0003426,8,2025-08-01,2025-08-06,2025-08-19,13,Annual,90
P-001253,LV-V2-0003427,12,2025-12-01,2025-12-09,2025-12-19,10,Medical/Authorized,120
P-001254,LV-V2-0003428,1,2025-01-01,2025-01-07,2025-01-16,9,Annual,95
P-001254,LV-V2-0003429,7,2025-07-01,2025-07-05,2025-07-13,8,Annual,180
P-001255,LV-V2-0003430,1,2025-01-01,2025-01-08,2025-01-21,13,Casual,69
P-001255,LV-V2-0003431,6,2025-06-01,2025-06-07,2025-06-24,17,Recovery,150
P-001255,LV-V2-0003432,11,2025-11-01,2025-11-05,2025-11-15,10,Annual,150
P-001256,LV-V2-0003433,1,2025-01-01,2025-01-06,2025-01-12,6,Annual,87
P-001256,LV-V2-0003434,3,2025-03-01,2025-03-06,2025-03-14,8,Casual,60
P-001256,LV-V2-0003435,5,2025-05-01,2025-05-06,2025-05-16,10,Casual,60
P-001256,LV-V2-0003436,10,2025-10-01,2025-10-09,2025-10-22,13,Annual,150
P-001256,LV-V2-0003437,12,2025-12-01,2025-12-05,2025-12-14,9,Casual,60
P-001257,LV-V2-0003438,2,2025-02-01,2025-02-10,2025-02-21,11,Casual,81
P-001257,LV-V2-0003439,7,2025-07-01,2025-07-08,2025-07-18,10,Casual,150
P-001257,LV-V2-0003440,10,2025-10-01,2025-10-06,2025-10-14,8,Annual,90
P-001258,LV-V2-0003441,4,2025-04-01,2025-04-09,2025-04-19,10,Annual,145
P-001258,LV-V2-0003442,7,2025-07-01,2025-07-10,2025-07-19,9,Medical/Authorized,90
P-001258,LV-V2-0003443,10,2025-10-01,2025-10-08,2025-10-20,12,Casual,90
P-001258,LV-V2-0003444,12,2025-12-01,2025-12-08,2025-12-14,6,Annual,60
P-001259,LV-V2-0003445,11,2025-11-01,2025-11-09,2025-11-22,13,Casual,370
P-001260,LV-V2-0003446,2,2025-02-01,2025-02-10,2025-02-21,11,Annual,97
P-001260,LV-V2-0003447,5,2025-05-01,2025-05-06,2025-05-18,12,Casual,90
P-001260,LV-V2-0003448,7,2025-07-01,2025-07-09,2025-07-18,9,Casual,60
P-001260,LV-V2-0003449,12,2025-12-01,2025-12-09,2025-12-18,9,Casual,150
P-001261,LV-V2-0003450,5,2025-05-01,2025-05-06,2025-05-11,5,Casual,199
P-001261,LV-V2-0003451,9,2025-09-01,2025-09-10,2025-09-21,11,Casual,120
P-001261,LV-V2-0003452,11,2025-11-01,2025-11-10,2025-11-18,8,Annual,60
P-001262,LV-V2-0003453,1,2025-01-01,2025-01-06,2025-01-12,6,Annual,84
P-001262,LV-V2-0003454,3,2025-03-01,2025-03-07,2025-03-13,6,Annual,60
P-001262,LV-V2-0003455,6,2025-06-01,2025-06-06,2025-06-12,6,Casual,90
P-001263,LV-V2-0003456,8,2025-08-01,2025-08-10,2025-08-16,6,Casual,301
P-001264,LV-V2-0003457,2,2025-02-01,2025-02-09,2025-02-15,6,Casual,88
P-001264,LV-V2-0003458,6,2025-06-01,2025-06-10,2025-06-16,6,Casual,120
P-001264,LV-V2-0003459,9,2025-09-01,2025-09-05,2025-09-17,12,Annual,90
P-001265,LV-V2-0003460,1,2025-01-01,2025-01-07,2025-01-14,7,Annual,94
P-001265,LV-V2-0003461,6,2025-06-01,2025-06-06,2025-06-16,10,Annual,150
P-001265,LV-V2-0003462,10,2025-10-01,2025-10-07,2025-10-17,10,Annual,120
P-001265,LV-V2-0003463,12,2025-12-01,2025-12-08,2025-12-17,9,Casual,60
P-001266,LV-V2-0003464,1,2025-01-01,2025-01-10,2025-01-21,11,Annual,66
P-001266,LV-V2-0003465,10,2025-10-01,2025-10-10,2025-10-18,8,Annual,270
P-001266,LV-V2-0003466,12,2025-12-01,2025-12-07,2025-12-20,13,Annual,60
P-001267,LV-V2-0003467,3,2025-03-01,2025-03-08,2025-03-15,7,Annual,110
P-001267,LV-V2-0003468,5,2025-05-01,2025-05-08,2025-05-16,8,Medical/Authorized,60
P-001268,LV-V2-0003469,6,2025-06-01,2025-06-07,2025-06-13,6,Casual,208
P-001269,LV-V2-0003470,1,2025-01-01,2025-01-09,2025-01-18,9,Casual,97
P-001269,LV-V2-0003471,4,2025-04-01,2025-04-08,2025-04-17,9,Casual,90
P-001269,LV-V2-0003472,9,2025-09-01,2025-09-09,2025-09-17,8,Annual,150
P-001269,LV-V2-0003473,12,2025-12-01,2025-12-05,2025-12-13,8,Annual,90
P-001270,LV-V2-0003474,4,2025-04-01,2025-04-08,2025-04-19,11,Annual,145
P-001270,LV-V2-0003475,9,2025-09-01,2025-09-05,2025-09-16,11,Annual,150
P-001270,LV-V2-0003476,11,2025-11-01,2025-11-08,2025-11-17,9,Casual,60
P-001271,LV-V2-0003477,2,2025-02-01,2025-02-10,2025-02-16,6,Casual,91
P-001271,LV-V2-0003478,5,2025-05-01,2025-05-10,2025-05-18,8,Annual,90
P-001271,LV-V2-0003479,8,2025-08-01,2025-08-09,2025-08-17,8,Casual,90
P-001271,LV-V2-0003480,10,2025-10-01,2025-10-10,2025-10-16,6,Annual,60
P-001271,LV-V2-0003481,12,2025-12-01,2025-12-08,2025-12-19,11,Annual,60
P-001272,LV-V2-0003482,6,2025-06-01,2025-06-10,2025-06-16,6,Casual,201
P-001272,LV-V2-0003483,9,2025-09-01,2025-09-07,2025-09-20,13,Annual,90
P-001273,LV-V2-0003484,4,2025-04-01,2025-04-08,2025-04-14,6,Annual,185
P-001273,LV-V2-0003485,6,2025-06-01,2025-06-08,2025-06-20,12,Medical/Authorized,60
P-001273,LV-V2-0003486,8,2025-08-01,2025-08-05,2025-08-18,13,Annual,60
P-001273,LV-V2-0003487,10,2025-10-01,2025-10-06,2025-10-12,6,Annual,60
P-001274,LV-V2-0003488,12,2025-12-01,2025-12-10,2025-12-14,4,Casual,422
P-001275,LV-V2-0003489,2,2025-02-01,2025-02-05,2025-02-17,12,Annual,118
P-001275,LV-V2-0003490,5,2025-05-01,2025-05-05,2025-05-11,6,Annual,90
P-001275,LV-V2-0003491,7,2025-07-01,2025-07-09,2025-07-19,10,Casual,60
P-001275,LV-V2-0003492,9,2025-09-01,2025-09-08,2025-09-20,12,Annual,60
P-001275,LV-V2-0003493,11,2025-11-01,2025-11-09,2025-11-22,13,Medical/Authorized,60
P-001276,LV-V2-0003494,8,2025-08-01,2025-08-07,2025-08-15,8,Annual,260
P-001276,LV-V2-0003495,12,2025-12-01,2025-12-10,2025-12-21,11,Casual,120
P-001277,LV-V2-0003496,5,2025-05-01,2025-05-10,2025-05-18,8,Annual,172
P-001277,LV-V2-0003497,8,2025-08-01,2025-08-09,2025-08-17,8,Annual,90
P-001277,LV-V2-0003498,11,2025-11-01,2025-11-10,2025-11-19,9,Annual,90
P-001278,LV-V2-0003499,2,2025-02-01,2025-02-06,2025-02-12,6,Casual,116
P-001278,LV-V2-0003500,10,2025-10-01,2025-10-06,2025-10-15,9,Medical/Authorized,240
P-001279,LV-V2-0003501,2,2025-02-01,2025-02-05,2025-02-11,6,Annual,89
P-001279,LV-V2-0003502,4,2025-04-01,2025-04-08,2025-04-17,9,Annual,60
P-001279,LV-V2-0003503,6,2025-06-01,2025-06-05,2025-06-17,12,Casual,60
P-001279,LV-V2-0003504,8,2025-08-01,2025-08-09,2025-08-22,13,Annual,60
P-001279,LV-V2-0003505,12,2025-12-01,2025-12-10,2025-12-20,10,Annual,120
P-001280,LV-V2-0003506,2,2025-02-01,2025-02-05,2025-02-14,9,Annual,110
P-001280,LV-V2-0003507,5,2025-05-01,2025-05-08,2025-05-20,12,Annual,90
P-001280,LV-V2-0003508,9,2025-09-01,2025-09-07,2025-09-13,6,Annual,120
P-001280,LV-V2-0003509,11,2025-11-01,2025-11-05,2025-11-16,11,Annual,60
P-001282,LV-V2-0003510,5,2025-05-01,2025-05-06,2025-05-14,8,Annual,215
P-001282,LV-V2-0003511,7,2025-07-01,2025-07-05,2025-07-15,10,Annual,60
P-001282,LV-V2-0003512,9,2025-09-01,2025-09-08,2025-09-16,8,Annual,60
P-001282,LV-V2-0003513,11,2025-11-01,2025-11-10,2025-11-19,9,Annual,60
P-001283,LV-V2-0003514,3,2025-03-01,2025-03-07,2025-03-19,12,Casual,147
P-001283,LV-V2-0003515,6,2025-06-01,2025-06-10,2025-06-17,7,Medical/Authorized,90
P-001283,LV-V2-0003516,11,2025-11-01,2025-11-08,2025-11-14,6,Annual,150
P-001284,LV-V2-0003517,6,2025-06-01,2025-06-05,2025-06-15,10,Annual,249
P-001284,LV-V2-0003518,10,2025-10-01,2025-10-10,2025-10-20,10,Annual,120
P-001285,LV-V2-0003519,1,2025-01-01,2025-01-07,2025-01-18,11,Medical/Authorized,91
P-001285,LV-V2-0003520,3,2025-03-01,2025-03-05,2025-03-16,11,Annual,60
P-001285,LV-V2-0003521,11,2025-11-01,2025-11-07,2025-11-13,6,Medical/Authorized,240
P-001286,LV-V2-0003522,1,2025-01-01,2025-01-06,2025-01-19,13,Annual,95
P-001286,LV-V2-0003523,7,2025-07-01,2025-07-08,2025-07-14,6,Casual,180
P-001287,LV-V2-0003524,2,2025-02-01,2025-02-09,2025-02-16,7,Annual,98
P-001287,LV-V2-0003525,5,2025-05-01,2025-05-08,2025-05-20,12,Annual,90
P-001287,LV-V2-0003526,7,2025-07-01,2025-07-06,2025-07-12,6,Annual,60
P-001287,LV-V2-0003527,10,2025-10-01,2025-10-09,2025-10-15,6,Annual,90
P-001288,LV-V2-0003528,9,2025-09-01,2025-09-05,2025-09-08,3,Casual,290
P-001289,LV-V2-0003529,1,2025-01-01,2025-01-09,2025-01-15,6,Casual,86
P-001289,LV-V2-0003530,6,2025-06-01,2025-06-05,2025-06-21,16,Recovery,150
P-001289,LV-V2-0003531,8,2025-08-01,2025-08-08,2025-08-15,7,Casual,60
P-001290,LV-V2-0003532,10,2025-10-01,2025-10-08,2025-10-21,13,Casual,350
P-001290,LV-V2-0003533,12,2025-12-01,2025-12-05,2025-12-17,12,Casual,60
P-001291,LV-V2-0003534,5,2025-05-01,2025-05-06,2025-05-11,5,Casual,204
P-001291,LV-V2-0003535,6,2025-06-01,2025-06-07,2025-06-22,15,Recovery,30
P-001291,LV-V2-0003536,8,2025-08-01,2025-08-08,2025-08-17,9,Annual,60
P-001291,LV-V2-0003537,12,2025-12-01,2025-12-06,2025-12-12,6,Casual,120
P-001292,LV-V2-0003538,6,2025-06-01,2025-06-07,2025-06-11,4,Casual,240
P-001293,LV-V2-0003539,1,2025-01-01,2025-01-07,2025-01-14,7,Casual,93
P-001293,LV-V2-0003540,4,2025-04-01,2025-04-08,2025-04-21,13,Annual,90
P-001293,LV-V2-0003541,6,2025-06-01,2025-06-08,2025-06-18,10,Medical/Authorized,60
P-001293,LV-V2-0003542,8,2025-08-01,2025-08-05,2025-08-11,6,Casual,60
P-001294,LV-V2-0003543,4,2025-04-01,2025-04-06,2025-04-19,13,Annual,154
P-001294,LV-V2-0003544,6,2025-06-01,2025-06-08,2025-06-17,9,Annual,60
P-001294,LV-V2-0003545,10,2025-10-01,2025-10-09,2025-10-22,13,Annual,120
P-001294,LV-V2-0003546,12,2025-12-01,2025-12-05,2025-12-17,12,Annual,60
P-001295,LV-V2-0003547,4,2025-04-01,2025-04-08,2025-04-12,4,Casual,187
P-001295,LV-V2-0003548,6,2025-06-01,2025-06-09,2025-06-21,12,Recovery,60
P-001295,LV-V2-0003549,8,2025-08-01,2025-08-10,2025-08-20,10,Casual,60
P-001296,LV-V2-0003550,1,2025-01-01,2025-01-08,2025-01-21,13,Casual,79
P-001296,LV-V2-0003551,3,2025-03-01,2025-03-10,2025-03-21,11,Casual,60
P-001296,LV-V2-0003552,5,2025-05-01,2025-05-10,2025-05-17,7,Annual,60
P-001296,LV-V2-0003553,7,2025-07-01,2025-07-08,2025-07-15,7,Annual,60
P-001296,LV-V2-0003554,9,2025-09-01,2025-09-05,2025-09-16,11,Annual,60
P-001296,LV-V2-0003555,12,2025-12-01,2025-12-10,2025-12-17,7,Annual,90
P-001297,LV-V2-0003556,2,2025-02-01,2025-02-06,2025-02-13,7,Annual,92
P-001297,LV-V2-0003557,6,2025-06-01,2025-06-05,2025-06-14,9,Annual,120
P-001297,LV-V2-0003558,9,2025-09-01,2025-09-07,2025-09-14,7,Medical/Authorized,90
P-001297,LV-V2-0003559,12,2025-12-01,2025-12-06,2025-12-12,6,Casual,90
P-001298,LV-V2-0003560,4,2025-04-01,2025-04-05,2025-04-09,4,Casual,168
P-001298,LV-V2-0003561,12,2025-12-01,2025-12-05,2025-12-08,3,Casual,240
P-001299,LV-V2-0003562,3,2025-03-01,2025-03-05,2025-03-15,10,Annual,148
P-001299,LV-V2-0003563,9,2025-09-01,2025-09-08,2025-09-16,8,Annual,180
P-001299,LV-V2-0003564,12,2025-12-01,2025-12-08,2025-12-14,6,Casual,90
P-001300,LV-V2-0003565,9,2025-09-01,2025-09-09,2025-09-16,7,Casual,337
P-001300,LV-V2-0003566,12,2025-12-01,2025-12-07,2025-12-18,11,Annual,90
P-001301,LV-V2-0003567,4,2025-04-01,2025-04-08,2025-04-21,13,Annual,159
P-001301,LV-V2-0003568,6,2025-06-01,2025-06-06,2025-06-18,12,Casual,60
P-001301,LV-V2-0003569,8,2025-08-01,2025-08-07,2025-08-20,13,Annual,60
P-001301,LV-V2-0003570,10,2025-10-01,2025-10-08,2025-10-17,9,Annual,60
P-001301,LV-V2-0003571,12,2025-12-01,2025-12-09,2025-12-16,7,Casual,60
P-001302,LV-V2-0003572,1,2025-01-01,2025-01-07,2025-01-17,10,Casual,94
P-001302,LV-V2-0003573,10,2025-10-01,2025-10-05,2025-10-11,6,Annual,270
P-001303,LV-V2-0003574,2,2025-02-01,2025-02-07,2025-02-20,13,Casual,89
P-001303,LV-V2-0003575,9,2025-09-01,2025-09-05,2025-09-13,8,Annual,210
P-001303,LV-V2-0003576,11,2025-11-01,2025-11-05,2025-11-15,10,Casual,60
P-001304,LV-V2-0003577,11,2025-11-01,2025-11-07,2025-11-11,4,Casual,374
P-001305,LV-V2-0003578,1,2025-01-01,2025-01-06,2025-01-18,12,Annual,97
P-001305,LV-V2-0003579,6,2025-06-01,2025-06-10,2025-06-16,6,Casual,150
P-001305,LV-V2-0003580,8,2025-08-01,2025-08-10,2025-08-23,13,Annual,60
P-001305,LV-V2-0003581,11,2025-11-01,2025-11-08,2025-11-17,9,Casual,90
P-001306,LV-V2-0003582,1,2025-01-01,2025-01-05,2025-01-16,11,Annual,70
P-001306,LV-V2-0003583,3,2025-03-01,2025-03-08,2025-03-14,6,Medical/Authorized,60
P-001306,LV-V2-0003584,7,2025-07-01,2025-07-07,2025-07-19,12,Annual,120
P-001306,LV-V2-0003585,11,2025-11-01,2025-11-09,2025-11-21,12,Medical/Authorized,120
P-001307,LV-V2-0003586,1,2025-01-01,2025-01-06,2025-01-14,8,Annual,60
P-001307,LV-V2-0003587,3,2025-03-01,2025-03-08,2025-03-21,13,Annual,60
P-001307,LV-V2-0003588,8,2025-08-01,2025-08-10,2025-08-16,6,Casual,150
P-001308,LV-V2-0003589,3,2025-03-01,2025-03-07,2025-03-13,6,Casual,153
P-001308,LV-V2-0003590,12,2025-12-01,2025-12-06,2025-12-18,12,Medical/Authorized,270
P-001309,LV-V2-0003591,1,2025-01-01,2025-01-09,2025-01-17,8,Casual,87
P-001309,LV-V2-0003592,5,2025-05-01,2025-05-10,2025-05-16,6,Casual,120
P-001309,LV-V2-0003593,10,2025-10-01,2025-10-08,2025-10-19,11,Casual,150
P-001309,LV-V2-0003594,12,2025-12-01,2025-12-07,2025-12-15,8,Annual,60
P-001310,LV-V2-0003595,3,2025-03-01,2025-03-09,2025-03-19,10,Annual,158
P-001310,LV-V2-0003596,5,2025-05-01,2025-05-07,2025-05-15,8,Annual,60
P-001310,LV-V2-0003597,9,2025-09-01,2025-09-08,2025-09-15,7,Annual,120
P-001310,LV-V2-0003598,12,2025-12-01,2025-12-08,2025-12-17,9,Annual,90
P-001311,LV-V2-0003599,12,2025-12-01,2025-12-09,2025-12-19,10,Casual,408
P-001312,LV-V2-0003600,1,2025-01-01,2025-01-10,2025-01-18,8,Annual,87
P-001312,LV-V2-0003601,8,2025-08-01,2025-08-05,2025-08-17,12,Casual,210
P-001312,LV-V2-0003602,10,2025-10-01,2025-10-09,2025-10-20,11,Annual,60
P-001313,LV-V2-0003603,3,2025-03-01,2025-03-05,2025-03-11,6,Annual,119
P-001313,LV-V2-0003604,8,2025-08-01,2025-08-09,2025-08-22,13,Medical/Authorized,150
P-001313,LV-V2-0003605,11,2025-11-01,2025-11-08,2025-11-21,13,Casual,90
P-001314,LV-V2-0003606,3,2025-03-01,2025-03-08,2025-03-20,12,Medical/Authorized,124
P-001315,LV-V2-0003607,2,2025-02-01,2025-02-08,2025-02-21,13,Annual,108
P-001315,LV-V2-0003608,8,2025-08-01,2025-08-09,2025-08-21,12,Annual,180
P-001315,LV-V2-0003609,11,2025-11-01,2025-11-07,2025-11-20,13,Annual,90
P-001316,LV-V2-0003610,3,2025-03-01,2025-03-09,2025-03-16,7,Annual,139
P-001316,LV-V2-0003611,5,2025-05-01,2025-05-09,2025-05-19,10,Annual,60
P-001316,LV-V2-0003612,7,2025-07-01,2025-07-09,2025-07-21,12,Casual,60
P-001316,LV-V2-0003613,10,2025-10-01,2025-10-06,2025-10-12,6,Annual,90
P-001317,LV-V2-0003614,1,2025-01-01,2025-01-06,2025-01-18,12,Annual,62
P-001317,LV-V2-0003615,3,2025-03-01,2025-03-09,2025-03-15,6,Annual,60
P-001317,LV-V2-0003616,7,2025-07-01,2025-07-10,2025-07-20,10,Annual,120
P-001317,LV-V2-0003617,11,2025-11-01,2025-11-09,2025-11-17,8,Annual,120
P-001318,LV-V2-0003618,3,2025-03-01,2025-03-10,2025-03-22,12,Annual,124
P-001318,LV-V2-0003619,6,2025-06-01,2025-06-06,2025-06-12,6,Medical/Authorized,90
P-001318,LV-V2-0003620,8,2025-08-01,2025-08-09,2025-08-21,12,Casual,60
P-001318,LV-V2-0003621,12,2025-12-01,2025-12-08,2025-12-21,13,Annual,120
P-001319,LV-V2-0003622,1,2025-01-01,2025-01-06,2025-01-13,7,Annual,85
P-001319,LV-V2-0003623,4,2025-04-01,2025-04-09,2025-04-16,7,Casual,90
P-001319,LV-V2-0003624,11,2025-11-01,2025-11-06,2025-11-12,6,Annual,210
P-001320,LV-V2-0003625,2,2025-02-01,2025-02-05,2025-02-12,7,Casual,104
P-001320,LV-V2-0003626,7,2025-07-01,2025-07-08,2025-07-21,13,Annual,150
P-001320,LV-V2-0003627,11,2025-11-01,2025-11-09,2025-11-15,6,Annual,120
P-001321,LV-V2-0003628,1,2025-01-01,2025-01-09,2025-01-15,6,Annual,70
P-001321,LV-V2-0003629,4,2025-04-01,2025-04-05,2025-04-18,13,Casual,90
P-001321,LV-V2-0003630,6,2025-06-01,2025-06-06,2025-06-18,12,Annual,60
P-001321,LV-V2-0003631,8,2025-08-01,2025-08-09,2025-08-20,11,Annual,60
P-001322,LV-V2-0003632,1,2025-01-01,2025-01-09,2025-01-21,12,Annual,94
P-001322,LV-V2-0003633,9,2025-09-01,2025-09-09,2025-09-15,6,Annual,240
P-001322,LV-V2-0003634,12,2025-12-01,2025-12-10,2025-12-18,8,Annual,90
P-001323,LV-V2-0003635,3,2025-03-01,2025-03-06,2025-03-19,13,Annual,159
P-001323,LV-V2-0003636,9,2025-09-01,2025-09-05,2025-09-18,13,Annual,180
P-001323,LV-V2-0003637,12,2025-12-01,2025-12-10,2025-12-17,7,Annual,90
P-001324,LV-V2-0003638,4,2025-04-01,2025-04-10,2025-04-17,7,Casual,160
P-001324,LV-V2-0003639,9,2025-09-01,2025-09-08,2025-09-19,11,Casual,150
P-001325,LV-V2-0003640,4,2025-04-01,2025-04-10,2025-04-23,13,Casual,178
P-001325,LV-V2-0003641,6,2025-06-01,2025-06-10,2025-06-21,11,Annual,60
P-001325,LV-V2-0003642,10,2025-10-01,2025-10-07,2025-10-17,10,Casual,120
P-001325,LV-V2-0003643,12,2025-12-01,2025-12-09,2025-12-16,7,Casual,60
P-001326,LV-V2-0003644,9,2025-09-01,2025-09-08,2025-09-21,13,Casual,327
P-001327,LV-V2-0003645,8,2025-08-01,2025-08-08,2025-08-18,10,Annual,260
P-001327,LV-V2-0003646,12,2025-12-01,2025-12-06,2025-12-13,7,Annual,120
P-001328,LV-V2-0003647,2,2025-02-01,2025-02-09,2025-02-19,10,Annual,114
P-001328,LV-V2-0003648,9,2025-09-01,2025-09-05,2025-09-15,10,Medical/Authorized,210
P-001328,LV-V2-0003649,11,2025-11-01,2025-11-09,2025-11-21,12,Casual,60
P-001329,LV-V2-0003650,6,2025-06-01,2025-06-09,2025-06-17,8,Annual,231
P-001330,LV-V2-0003651,4,2025-04-01,2025-04-05,2025-04-10,5,Casual,162
P-001330,LV-V2-0003652,11,2025-11-01,2025-11-08,2025-11-12,4,Casual,210
P-001331,LV-V2-0003653,1,2025-01-01,2025-01-05,2025-01-13,8,Annual,95
P-001331,LV-V2-0003654,3,2025-03-01,2025-03-08,2025-03-21,13,Annual,60
P-001331,LV-V2-0003655,6,2025-06-01,2025-06-09,2025-06-21,12,Casual,90
P-001331,LV-V2-0003656,8,2025-08-01,2025-08-07,2025-08-14,7,Casual,60
P-001332,LV-V2-0003657,3,2025-03-01,2025-03-05,2025-03-11,6,Annual,117
P-001332,LV-V2-0003658,5,2025-05-01,2025-05-05,2025-05-18,13,Annual,60
P-001332,LV-V2-0003659,7,2025-07-01,2025-07-10,2025-07-21,11,Medical/Authorized,60
P-001332,LV-V2-0003660,9,2025-09-01,2025-09-10,2025-09-18,8,Annual,60
P-001333,LV-V2-0003661,5,2025-05-01,2025-05-10,2025-05-15,5,Casual,201
P-001334,LV-V2-0003662,4,2025-04-01,2025-04-08,2025-04-11,3,Casual,169
P-001334,LV-V2-0003663,10,2025-10-01,2025-10-06,2025-10-09,3,Casual,180
P-001335,LV-V2-0003664,5,2025-05-01,2025-05-05,2025-05-08,3,Casual,198
P-001336,LV-V2-0003665,1,2025-01-01,2025-01-08,2025-01-16,8,Annual,62
P-001336,LV-V2-0003666,6,2025-06-01,2025-06-08,2025-06-21,13,Recovery,150
P-001336,LV-V2-0003667,11,2025-11-01,2025-11-09,2025-11-19,10,Annual,150
P-001337,LV-V2-0003668,6,2025-06-01,2025-06-06,2025-06-12,6,Annual,206
P-001337,LV-V2-0003669,10,2025-10-01,2025-10-10,2025-10-21,11,Casual,120
P-001338,LV-V2-0003670,5,2025-05-01,2025-05-08,2025-05-11,3,Casual,175
P-001339,LV-V2-0003671,2,2025-02-01,2025-02-05,2025-02-12,7,Casual,96
P-001339,LV-V2-0003672,6,2025-06-01,2025-06-10,2025-06-20,10,Casual,120
P-001339,LV-V2-0003673,9,2025-09-01,2025-09-10,2025-09-19,9,Casual,90
P-001340,LV-V2-0003674,1,2025-01-01,2025-01-05,2025-01-17,12,Medical/Authorized,61
P-001340,LV-V2-0003675,7,2025-07-01,2025-07-07,2025-07-19,12,Casual,180
P-001340,LV-V2-0003676,9,2025-09-01,2025-09-05,2025-09-17,12,Casual,60
P-001340,LV-V2-0003677,11,2025-11-01,2025-11-08,2025-11-15,7,Annual,60
P-001341,LV-V2-0003678,1,2025-01-01,2025-01-07,2025-01-20,13,Annual,97
P-001341,LV-V2-0003679,7,2025-07-01,2025-07-09,2025-07-12,3,Casual,180
P-001341,LV-V2-0003680,10,2025-10-01,2025-10-05,2025-10-18,13,Annual,90
P-001342,LV-V2-0003681,1,2025-01-01,2025-01-08,2025-01-16,8,Annual,84
P-001342,LV-V2-0003682,7,2025-07-01,2025-07-08,2025-07-12,4,Casual,180
P-001342,LV-V2-0003683,12,2025-12-01,2025-12-07,2025-12-18,11,Casual,150
P-001343,LV-V2-0003684,5,2025-05-01,2025-05-05,2025-05-08,3,Casual,204
P-001343,LV-V2-0003685,11,2025-11-01,2025-11-05,2025-11-09,4,Casual,180
P-001344,LV-V2-0003686,1,2025-01-01,2025-01-05,2025-01-15,10,Medical/Authorized,79
P-001344,LV-V2-0003687,8,2025-08-01,2025-08-09,2025-08-12,3,Casual,210
P-001344,LV-V2-0003688,11,2025-11-01,2025-11-05,2025-11-11,6,Casual,90
P-001345,LV-V2-0003689,1,2025-01-01,2025-01-07,2025-01-17,10,Casual,98
P-001345,LV-V2-0003690,10,2025-10-01,2025-10-09,2025-10-16,7,Annual,270
P-001346,LV-V2-0003691,1,2025-01-01,2025-01-09,2025-01-21,12,Casual,90
P-001346,LV-V2-0003692,10,2025-10-01,2025-10-05,2025-10-16,11,Annual,270
P-001346,LV-V2-0003693,12,2025-12-01,2025-12-08,2025-12-16,8,Annual,60
P-001347,LV-V2-0003694,6,2025-06-01,2025-06-08,2025-06-22,14,Recovery,239
P-001347,LV-V2-0003695,10,2025-10-01,2025-10-07,2025-10-16,9,Casual,120
P-001347,LV-V2-0003696,12,2025-12-01,2025-12-10,2025-12-20,10,Annual,60
P-001349,LV-V2-0003697,7,2025-07-01,2025-07-08,2025-07-16,8,Casual,252
P-001349,LV-V2-0003698,9,2025-09-01,2025-09-09,2025-09-19,10,Annual,60
P-001349,LV-V2-0003699,12,2025-12-01,2025-12-10,2025-12-18,8,Annual,90
P-001350,LV-V2-0003700,2,2025-02-01,2025-02-05,2025-02-14,9,Casual,85
P-001350,LV-V2-0003701,4,2025-04-01,2025-04-10,2025-04-21,11,Casual,60
P-001350,LV-V2-0003702,6,2025-06-01,2025-06-09,2025-06-16,7,Annual,60
P-001350,LV-V2-0003703,9,2025-09-01,2025-09-07,2025-09-13,6,Casual,90
P-001351,LV-V2-0003704,10,2025-10-01,2025-10-06,2025-10-16,10,Casual,332
P-001352,LV-V2-0003705,3,2025-03-01,2025-03-07,2025-03-16,9,Medical/Authorized,155
P-001352,LV-V2-0003706,6,2025-06-01,2025-06-08,2025-06-20,12,Annual,90
P-001352,LV-V2-0003707,8,2025-08-01,2025-08-10,2025-08-16,6,Casual,60
P-001354,LV-V2-0003708,2,2025-02-01,2025-02-07,2025-02-15,8,Medical/Authorized,87
P-001354,LV-V2-0003709,6,2025-06-01,2025-06-06,2025-06-19,13,Annual,120
P-001354,LV-V2-0003710,9,2025-09-01,2025-09-08,2025-09-17,9,Medical/Authorized,90
P-001355,LV-V2-0003711,1,2025-01-01,2025-01-09,2025-01-21,12,Casual,98
P-001355,LV-V2-0003712,3,2025-03-01,2025-03-09,2025-03-15,6,Casual,60
P-001355,LV-V2-0003713,7,2025-07-01,2025-07-09,2025-07-19,10,Annual,120
P-001355,LV-V2-0003714,12,2025-12-01,2025-12-07,2025-12-14,7,Annual,150
P-001356,LV-V2-0003715,5,2025-05-01,2025-05-10,2025-05-23,13,Annual,171
P-001356,LV-V2-0003716,11,2025-11-01,2025-11-06,2025-11-14,8,Annual,180
P-001357,LV-V2-0003717,7,2025-07-01,2025-07-06,2025-07-19,13,Annual,248
P-001357,LV-V2-0003718,10,2025-10-01,2025-10-08,2025-10-21,13,Casual,90
P-001358,LV-V2-0003719,1,2025-01-01,2025-01-06,2025-01-14,8,Annual,93
P-001358,LV-V2-0003720,3,2025-03-01,2025-03-05,2025-03-15,10,Annual,60
P-001358,LV-V2-0003721,6,2025-06-01,2025-06-10,2025-06-22,12,Annual,90
P-001358,LV-V2-0003722,10,2025-10-01,2025-10-06,2025-10-14,8,Annual,120
P-001359,LV-V2-0003723,4,2025-04-01,2025-04-05,2025-04-14,9,Casual,142
P-001359,LV-V2-0003724,7,2025-07-01,2025-07-06,2025-07-13,7,Casual,90
P-001359,LV-V2-0003725,10,2025-10-01,2025-10-08,2025-10-15,7,Casual,90
P-001360,LV-V2-0003726,3,2025-03-01,2025-03-06,2025-03-17,11,Casual,116
P-001360,LV-V2-0003727,9,2025-09-01,2025-09-08,2025-09-16,8,Annual,180
P-001360,LV-V2-0003728,12,2025-12-01,2025-12-05,2025-12-18,13,Annual,90
P-001361,LV-V2-0003729,3,2025-03-01,2025-03-06,2025-03-11,5,Casual,148
P-001361,LV-V2-0003730,10,2025-10-01,2025-10-08,2025-10-17,9,Annual,210
P-001362,LV-V2-0003731,11,2025-11-01,2025-11-09,2025-11-15,6,Annual,353
P-001363,LV-V2-0003732,1,2025-01-01,2025-01-08,2025-01-19,11,Annual,88
P-001363,LV-V2-0003733,3,2025-03-01,2025-03-05,2025-03-15,10,Casual,60
P-001363,LV-V2-0003734,5,2025-05-01,2025-05-05,2025-05-14,9,Annual,60
P-001363,LV-V2-0003735,9,2025-09-01,2025-09-08,2025-09-21,13,Casual,120
P-001363,LV-V2-0003736,12,2025-12-01,2025-12-08,2025-12-16,8,Annual,90
P-001364,LV-V2-0003737,2,2025-02-01,2025-02-10,2025-02-18,8,Annual,85
P-001364,LV-V2-0003738,6,2025-06-01,2025-06-10,2025-06-22,12,Annual,120
P-001364,LV-V2-0003739,8,2025-08-01,2025-08-07,2025-08-16,9,Annual,60
P-001364,LV-V2-0003740,12,2025-12-01,2025-12-09,2025-12-22,13,Annual,120
P-001365,LV-V2-0003741,1,2025-01-01,2025-01-07,2025-01-14,7,Annual,62
P-001365,LV-V2-0003742,5,2025-05-01,2025-05-05,2025-05-12,7,Casual,120
P-001365,LV-V2-0003743,9,2025-09-01,2025-09-10,2025-09-20,10,Medical/Authorized,120
P-001366,LV-V2-0003744,4,2025-04-01,2025-04-08,2025-04-14,6,Casual,146
P-001366,LV-V2-0003745,6,2025-06-01,2025-06-06,2025-06-23,17,Recovery,60
P-001366,LV-V2-0003746,11,2025-11-01,2025-11-10,2025-11-23,13,Annual,150
P-001367,LV-V2-0003747,1,2025-01-01,2025-01-10,2025-01-16,6,Annual,91
P-001367,LV-V2-0003748,6,2025-06-01,2025-06-09,2025-06-21,12,Casual,150
P-001367,LV-V2-0003749,8,2025-08-01,2025-08-05,2025-08-16,11,Annual,60
P-001367,LV-V2-0003750,10,2025-10-01,2025-10-06,2025-10-17,11,Annual,60
P-001368,LV-V2-0003751,2,2025-02-01,2025-02-07,2025-02-13,6,Medical/Authorized,98
P-001368,LV-V2-0003752,6,2025-06-01,2025-06-06,2025-06-14,8,Annual,120
P-001368,LV-V2-0003753,8,2025-08-01,2025-08-06,2025-08-13,7,Annual,60
P-001368,LV-V2-0003754,12,2025-12-01,2025-12-10,2025-12-23,13,Casual,120
P-001369,LV-V2-0003755,4,2025-04-01,2025-04-09,2025-04-13,4,Casual,178
P-001370,LV-V2-0003756,2,2025-02-01,2025-02-10,2025-02-16,6,Casual,126
P-001370,LV-V2-0003757,7,2025-07-01,2025-07-09,2025-07-13,4,Casual,150
P-001370,LV-V2-0003758,10,2025-10-01,2025-10-08,2025-10-18,10,Annual,90
P-001371,LV-V2-0003759,2,2025-02-01,2025-02-10,2025-02-21,11,Annual,113
P-001371,LV-V2-0003760,4,2025-04-01,2025-04-09,2025-04-17,8,Casual,60
P-001371,LV-V2-0003761,6,2025-06-01,2025-06-06,2025-06-13,7,Annual,60
P-001371,LV-V2-0003762,10,2025-10-01,2025-10-09,2025-10-18,9,Annual,120
P-001371,LV-V2-0003763,12,2025-12-01,2025-12-10,2025-12-23,13,Casual,60
P-001372,LV-V2-0003764,1,2025-01-01,2025-01-09,2025-01-16,7,Annual,84
P-001372,LV-V2-0003765,10,2025-10-01,2025-10-05,2025-10-15,10,Annual,270
P-001373,LV-V2-0003766,7,2025-07-01,2025-07-09,2025-07-12,3,Casual,264
P-001374,LV-V2-0003767,2,2025-02-01,2025-02-07,2025-02-20,13,Medical/Authorized,122
P-001374,LV-V2-0003768,8,2025-08-01,2025-08-10,2025-08-15,5,Casual,180
P-001374,LV-V2-0003769,10,2025-10-01,2025-10-08,2025-10-14,6,Casual,60
P-001374,LV-V2-0003770,12,2025-12-01,2025-12-06,2025-12-18,12,Annual,60
P-001375,LV-V2-0003771,1,2025-01-01,2025-01-10,2025-01-23,13,Casual,85
P-001375,LV-V2-0003772,10,2025-10-01,2025-10-08,2025-10-14,6,Annual,270
P-001376,LV-V2-0003773,5,2025-05-01,2025-05-07,2025-05-10,3,Casual,208
P-001376,LV-V2-0003774,11,2025-11-01,2025-11-06,2025-11-11,5,Casual,180
P-001377,LV-V2-0003775,1,2025-01-01,2025-01-08,2025-01-19,11,Annual,64
P-001377,LV-V2-0003776,7,2025-07-01,2025-07-10,2025-07-16,6,Casual,180
P-001377,LV-V2-0003777,12,2025-12-01,2025-12-06,2025-12-12,6,Annual,150
P-001378,LV-V2-0003778,2,2025-02-01,2025-02-10,2025-02-21,11,Annual,125
P-001378,LV-V2-0003779,11,2025-11-01,2025-11-07,2025-11-16,9,Annual,270
P-001379,LV-V2-0003780,1,2025-01-01,2025-01-10,2025-01-22,12,Casual,76
P-001379,LV-V2-0003781,6,2025-06-01,2025-06-06,2025-06-11,5,Casual,150
P-001379,LV-V2-0003782,9,2025-09-01,2025-09-05,2025-09-18,13,Annual,90
P-001380,LV-V2-0003783,2,2025-02-01,2025-02-10,2025-02-18,8,Casual,89
P-001380,LV-V2-0003784,6,2025-06-01,2025-06-05,2025-06-12,7,Casual,120
P-001380,LV-V2-0003785,10,2025-10-01,2025-10-06,2025-10-12,6,Casual,120
P-001380,LV-V2-0003786,12,2025-12-01,2025-12-09,2025-12-16,7,Casual,60
P-001381,LV-V2-0003787,1,2025-01-01,2025-01-10,2025-01-22,12,Annual,87
P-001381,LV-V2-0003788,9,2025-09-01,2025-09-07,2025-09-17,10,Medical/Authorized,240
P-001381,LV-V2-0003789,12,2025-12-01,2025-12-08,2025-12-14,6,Annual,90
P-001382,LV-V2-0003790,4,2025-04-01,2025-04-07,2025-04-16,9,Annual,175
P-001382,LV-V2-0003791,11,2025-11-01,2025-11-09,2025-11-16,7,Medical/Authorized,210
P-001383,LV-V2-0003792,1,2025-01-01,2025-01-09,2025-01-15,6,Medical/Authorized,80
P-001383,LV-V2-0003793,4,2025-04-01,2025-04-07,2025-04-16,9,Annual,90
P-001383,LV-V2-0003794,10,2025-10-01,2025-10-08,2025-10-18,10,Annual,180
P-001384,LV-V2-0003795,1,2025-01-01,2025-01-05,2025-01-16,11,Casual,77
P-001384,LV-V2-0003796,6,2025-06-01,2025-06-07,2025-06-20,13,Recovery,150
P-001384,LV-V2-0003797,9,2025-09-01,2025-09-07,2025-09-14,7,Annual,90
P-001384,LV-V2-0003798,11,2025-11-01,2025-11-05,2025-11-11,6,Medical/Authorized,60
P-001385,LV-V2-0003799,10,2025-10-01,2025-10-10,2025-10-13,3,Casual,325
P-001386,LV-V2-0003800,4,2025-04-01,2025-04-05,2025-04-08,3,Casual,154
P-001386,LV-V2-0003801,8,2025-08-01,2025-08-07,2025-08-15,8,Medical/Authorized,120
P-001386,LV-V2-0003802,10,2025-10-01,2025-10-06,2025-10-18,12,Annual,60
P-001386,LV-V2-0003803,12,2025-12-01,2025-12-07,2025-12-16,9,Annual,60
P-001387,LV-V2-0003804,11,2025-11-01,2025-11-08,2025-11-11,3,Casual,384
P-001388,LV-V2-0003805,3,2025-03-01,2025-03-05,2025-03-15,10,Annual,156
P-001388,LV-V2-0003806,5,2025-05-01,2025-05-07,2025-05-15,8,Annual,60
P-001388,LV-V2-0003807,8,2025-08-01,2025-08-10,2025-08-21,11,Annual,90
P-001388,LV-V2-0003808,10,2025-10-01,2025-10-06,2025-10-14,8,Annual,60
P-001389,LV-V2-0003809,2,2025-02-01,2025-02-09,2025-02-20,11,Casual,85
P-001389,LV-V2-0003810,5,2025-05-01,2025-05-05,2025-05-16,11,Annual,90
P-001389,LV-V2-0003811,10,2025-10-01,2025-10-10,2025-10-19,9,Annual,150
P-001390,LV-V2-0003812,1,2025-01-01,2025-01-05,2025-01-16,11,Casual,79
P-001390,LV-V2-0003813,5,2025-05-01,2025-05-06,2025-05-12,6,Casual,120
P-001390,LV-V2-0003814,7,2025-07-01,2025-07-06,2025-07-12,6,Annual,60
P-001390,LV-V2-0003815,9,2025-09-01,2025-09-09,2025-09-22,13,Casual,60
P-001391,LV-V2-0003816,1,2025-01-01,2025-01-10,2025-01-16,6,Annual,60
P-001391,LV-V2-0003817,3,2025-03-01,2025-03-09,2025-03-15,6,Annual,60
P-001391,LV-V2-0003818,6,2025-06-01,2025-06-09,2025-06-15,6,Casual,90
P-001391,LV-V2-0003819,8,2025-08-01,2025-08-06,2025-08-16,10,Annual,60
P-001391,LV-V2-0003820,11,2025-11-01,2025-11-05,2025-11-12,7,Annual,90
P-001392,LV-V2-0003821,2,2025-02-01,2025-02-08,2025-02-18,10,Medical/Authorized,98
P-001392,LV-V2-0003822,8,2025-08-01,2025-08-10,2025-08-17,7,Medical/Authorized,180
P-001393,LV-V2-0003823,2,2025-02-01,2025-02-09,2025-02-16,7,Annual,83
P-001393,LV-V2-0003824,6,2025-06-01,2025-06-07,2025-06-20,13,Casual,120
P-001393,LV-V2-0003825,8,2025-08-01,2025-08-06,2025-08-12,6,Annual,60
P-001393,LV-V2-0003826,10,2025-10-01,2025-10-10,2025-10-16,6,Casual,60
P-001394,LV-V2-0003827,4,2025-04-01,2025-04-08,2025-04-13,5,Casual,145
P-001394,LV-V2-0003828,7,2025-07-01,2025-07-07,2025-07-17,10,Annual,90
P-001394,LV-V2-0003829,9,2025-09-01,2025-09-05,2025-09-15,10,Casual,60
P-001394,LV-V2-0003830,11,2025-11-01,2025-11-09,2025-11-18,9,Annual,60
P-001395,LV-V2-0003831,2,2025-02-01,2025-02-07,2025-02-19,12,Annual,118
P-001395,LV-V2-0003832,4,2025-04-01,2025-04-08,2025-04-21,13,Annual,60
P-001395,LV-V2-0003833,6,2025-06-01,2025-06-07,2025-06-19,12,Annual,60
P-001395,LV-V2-0003834,8,2025-08-01,2025-08-06,2025-08-19,13,Annual,60
P-001396,LV-V2-0003835,4,2025-04-01,2025-04-05,2025-04-08,3,Casual,184
P-001397,LV-V2-0003836,3,2025-03-01,2025-03-09,2025-03-21,12,Annual,146
P-001397,LV-V2-0003837,7,2025-07-01,2025-07-07,2025-07-13,6,Annual,120
P-001397,LV-V2-0003838,9,2025-09-01,2025-09-05,2025-09-16,11,Annual,60
P-001397,LV-V2-0003839,12,2025-12-01,2025-12-09,2025-12-17,8,Annual,90
P-001398,LV-V2-0003840,3,2025-03-01,2025-03-07,2025-03-16,9,Casual,111
P-001398,LV-V2-0003841,8,2025-08-01,2025-08-10,2025-08-23,13,Annual,150
P-001398,LV-V2-0003842,12,2025-12-01,2025-12-09,2025-12-19,10,Annual,120
P-001399,LV-V2-0003843,1,2025-01-01,2025-01-10,2025-01-21,11,Annual,63
P-001399,LV-V2-0003844,7,2025-07-01,2025-07-06,2025-07-11,5,Casual,180
P-001400,LV-V2-0003845,2,2025-02-01,2025-02-10,2025-02-16,6,Annual,101
P-001400,LV-V2-0003846,6,2025-06-01,2025-06-06,2025-06-13,7,Casual,120
P-001400,LV-V2-0003847,10,2025-10-01,2025-10-08,2025-10-15,7,Annual,120
P-001400,LV-V2-0003848,12,2025-12-01,2025-12-10,2025-12-22,12,Annual,60
P-001401,LV-V2-0003849,4,2025-04-01,2025-04-05,2025-04-08,3,Casual,169
P-001402,LV-V2-0003850,1,2025-01-01,2025-01-07,2025-01-20,13,Annual,76
P-001402,LV-V2-0003851,4,2025-04-01,2025-04-07,2025-04-19,12,Annual,90
P-001402,LV-V2-0003852,7,2025-07-01,2025-07-10,2025-07-17,7,Casual,90
P-001402,LV-V2-0003853,9,2025-09-01,2025-09-06,2025-09-14,8,Casual,60
P-001402,LV-V2-0003854,11,2025-11-01,2025-11-09,2025-11-18,9,Medical/Authorized,60
P-001403,LV-V2-0003855,2,2025-02-01,2025-02-09,2025-02-15,6,Casual,105
P-001403,LV-V2-0003856,7,2025-07-01,2025-07-07,2025-07-17,10,Annual,150
P-001403,LV-V2-0003857,9,2025-09-01,2025-09-07,2025-09-19,12,Casual,60
P-001404,LV-V2-0003858,1,2025-01-01,2025-01-06,2025-01-16,10,Annual,76
P-001404,LV-V2-0003859,3,2025-03-01,2025-03-05,2025-03-17,12,Annual,60
P-001404,LV-V2-0003860,6,2025-06-01,2025-06-06,2025-06-13,7,Annual,90
P-001404,LV-V2-0003861,12,2025-12-01,2025-12-05,2025-12-11,6,Annual,180
P-001405,LV-V2-0003862,1,2025-01-01,2025-01-08,2025-01-21,13,Annual,99
P-001405,LV-V2-0003863,4,2025-04-01,2025-04-10,2025-04-23,13,Annual,90
P-001405,LV-V2-0003864,8,2025-08-01,2025-08-09,2025-08-20,11,Medical/Authorized,120
P-001406,LV-V2-0003865,3,2025-03-01,2025-03-05,2025-03-15,10,Annual,144
P-001407,LV-V2-0003866,2,2025-02-01,2025-02-08,2025-02-21,13,Casual,121
P-001407,LV-V2-0003867,8,2025-08-01,2025-08-05,2025-08-17,12,Annual,180
P-001407,LV-V2-0003868,12,2025-12-01,2025-12-05,2025-12-16,11,Medical/Authorized,120
P-001408,LV-V2-0003869,7,2025-07-01,2025-07-05,2025-07-08,3,Casual,263
P-001409,LV-V2-0003870,5,2025-05-01,2025-05-10,2025-05-14,4,Casual,213
P-001409,LV-V2-0003871,10,2025-10-01,2025-10-07,2025-10-14,7,Casual,150
P-001410,LV-V2-0003872,1,2025-01-01,2025-01-06,2025-01-18,12,Annual,78
P-001410,LV-V2-0003873,5,2025-05-01,2025-05-09,2025-05-22,13,Annual,120
P-001410,LV-V2-0003874,9,2025-09-01,2025-09-06,2025-09-15,9,Casual,120
P-001411,LV-V2-0003875,4,2025-04-01,2025-04-07,2025-04-17,10,Annual,150
P-001411,LV-V2-0003876,6,2025-06-01,2025-06-08,2025-06-20,12,Annual,60
P-001411,LV-V2-0003877,10,2025-10-01,2025-10-07,2025-10-19,12,Annual,120
P-001412,LV-V2-0003878,6,2025-06-01,2025-06-08,2025-06-18,10,Medical/Authorized,205
P-001413,LV-V2-0003879,6,2025-06-01,2025-06-07,2025-06-24,17,Recovery,213
P-001413,LV-V2-0003880,11,2025-11-01,2025-11-06,2025-11-12,6,Annual,150
P-001414,LV-V2-0003881,3,2025-03-01,2025-03-06,2025-03-17,11,Casual,116
P-001414,LV-V2-0003882,5,2025-05-01,2025-05-05,2025-05-16,11,Annual,60
P-001414,LV-V2-0003883,9,2025-09-01,2025-09-05,2025-09-15,10,Annual,120
P-001414,LV-V2-0003884,11,2025-11-01,2025-11-08,2025-11-17,9,Casual,60
P-001415,LV-V2-0003885,3,2025-03-01,2025-03-10,2025-03-22,12,Annual,143
P-001415,LV-V2-0003886,5,2025-05-01,2025-05-07,2025-05-18,11,Medical/Authorized,60
P-001415,LV-V2-0003887,7,2025-07-01,2025-07-05,2025-07-17,12,Medical/Authorized,60
P-001415,LV-V2-0003888,11,2025-11-01,2025-11-09,2025-11-15,6,Annual,120
P-001416,LV-V2-0003889,2,2025-02-01,2025-02-09,2025-02-21,12,Casual,110
P-001416,LV-V2-0003890,12,2025-12-01,2025-12-07,2025-12-19,12,Casual,300
P-001417,LV-V2-0003891,3,2025-03-01,2025-03-05,2025-03-15,10,Annual,116
P-001417,LV-V2-0003892,9,2025-09-01,2025-09-05,2025-09-12,7,Medical/Authorized,180
P-001417,LV-V2-0003893,12,2025-12-01,2025-12-07,2025-12-16,9,Annual,90
P-001418,LV-V2-0003894,1,2025-01-01,2025-01-08,2025-01-17,9,Casual,86
P-001418,LV-V2-0003895,3,2025-03-01,2025-03-09,2025-03-19,10,Casual,60
P-001418,LV-V2-0003896,12,2025-12-01,2025-12-08,2025-12-19,11,Annual,270
P-001419,LV-V2-0003897,1,2025-01-01,2025-01-08,2025-01-17,9,Annual,72
P-001419,LV-V2-0003898,5,2025-05-01,2025-05-06,2025-05-12,6,Annual,120
P-001419,LV-V2-0003899,9,2025-09-01,2025-09-05,2025-09-13,8,Annual,120
P-001419,LV-V2-0003900,12,2025-12-01,2025-12-05,2025-12-15,10,Annual,90
P-001420,LV-V2-0003901,1,2025-01-01,2025-01-09,2025-01-15,6,Medical/Authorized,70
P-001420,LV-V2-0003902,3,2025-03-01,2025-03-08,2025-03-15,7,Casual,60
P-001420,LV-V2-0003903,6,2025-06-01,2025-06-08,2025-06-18,10,Annual,90
P-001420,LV-V2-0003904,10,2025-10-01,2025-10-08,2025-10-20,12,Annual,120
P-001421,LV-V2-0003905,5,2025-05-01,2025-05-07,2025-05-11,4,Casual,200
P-001422,LV-V2-0003906,3,2025-03-01,2025-03-08,2025-03-15,7,Annual,117
P-001422,LV-V2-0003907,7,2025-07-01,2025-07-09,2025-07-17,8,Casual,120
P-001422,LV-V2-0003908,9,2025-09-01,2025-09-08,2025-09-19,11,Casual,60
P-001422,LV-V2-0003909,12,2025-12-01,2025-12-05,2025-12-16,11,Annual,90
P-001423,LV-V2-0003910,6,2025-06-01,2025-06-06,2025-06-20,14,Recovery,233
P-001423,LV-V2-0003911,8,2025-08-01,2025-08-05,2025-08-11,6,Annual,60
P-001423,LV-V2-0003912,10,2025-10-01,2025-10-06,2025-10-17,11,Annual,60
P-001423,LV-V2-0003913,12,2025-12-01,2025-12-09,2025-12-17,8,Medical/Authorized,60
P-001424,LV-V2-0003914,1,2025-01-01,2025-01-08,2025-01-18,10,Annual,91
P-001424,LV-V2-0003915,12,2025-12-01,2025-12-07,2025-12-17,10,Medical/Authorized,330
P-001425,LV-V2-0003916,2,2025-02-01,2025-02-06,2025-02-16,10,Casual,120
P-001425,LV-V2-0003917,7,2025-07-01,2025-07-05,2025-07-16,11,Annual,150
P-001425,LV-V2-0003918,11,2025-11-01,2025-11-07,2025-11-13,6,Casual,120
P-001426,LV-V2-0003919,1,2025-01-01,2025-01-10,2025-01-17,7,Annual,92
P-001426,LV-V2-0003920,3,2025-03-01,2025-03-06,2025-03-13,7,Annual,60
P-001426,LV-V2-0003921,10,2025-10-01,2025-10-07,2025-10-19,12,Casual,210
P-001427,LV-V2-0003922,6,2025-06-01,2025-06-09,2025-06-12,3,Casual,205
P-001428,LV-V2-0003923,6,2025-06-01,2025-06-08,2025-06-21,13,Recovery,216
P-001428,LV-V2-0003924,8,2025-08-01,2025-08-06,2025-08-14,8,Annual,60
P-001428,LV-V2-0003925,10,2025-10-01,2025-10-09,2025-10-21,12,Annual,60
P-001429,LV-V2-0003926,3,2025-03-01,2025-03-05,2025-03-12,7,Annual,126
P-001429,LV-V2-0003927,7,2025-07-01,2025-07-06,2025-07-14,8,Medical/Authorized,120
P-001429,LV-V2-0003928,9,2025-09-01,2025-09-06,2025-09-13,7,Annual,60
P-001429,LV-V2-0003929,11,2025-11-01,2025-11-05,2025-11-18,13,Annual,60
P-001430,LV-V2-0003930,5,2025-05-01,2025-05-06,2025-05-11,5,Casual,184
P-001430,LV-V2-0003931,11,2025-11-01,2025-11-10,2025-11-14,4,Casual,180
P-001431,LV-V2-0003932,1,2025-01-01,2025-01-10,2025-01-19,9,Annual,83
P-001432,LV-V2-0003933,3,2025-03-01,2025-03-08,2025-03-11,3,Casual,158
P-001433,LV-V2-0003934,1,2025-01-01,2025-01-05,2025-01-13,8,Casual,62
P-001433,LV-V2-0003935,7,2025-07-01,2025-07-10,2025-07-13,3,Casual,180
P-001433,LV-V2-0003936,11,2025-11-01,2025-11-07,2025-11-17,10,Casual,120
P-001434,LV-V2-0003937,2,2025-02-01,2025-02-05,2025-02-18,13,Annual,128
P-001434,LV-V2-0003938,9,2025-09-01,2025-09-09,2025-09-21,12,Annual,210
P-001434,LV-V2-0003939,11,2025-11-01,2025-11-06,2025-11-12,6,Annual,60
P-001435,LV-V2-0003940,2,2025-02-01,2025-02-06,2025-02-12,6,Annual,120
P-001436,LV-V2-0003941,5,2025-05-01,2025-05-10,2025-05-14,4,Casual,207
P-001436,LV-V2-0003942,11,2025-11-01,2025-11-10,2025-11-20,10,Annual,180
P-001437,LV-V2-0003943,4,2025-04-01,2025-04-10,2025-04-21,11,Annual,144
P-001437,LV-V2-0003944,10,2025-10-01,2025-10-09,2025-10-18,9,Annual,180
P-001437,LV-V2-0003945,12,2025-12-01,2025-12-05,2025-12-18,13,Annual,60
P-001438,LV-V2-0003946,1,2025-01-01,2025-01-10,2025-01-20,10,Casual,90
P-001438,LV-V2-0003947,3,2025-03-01,2025-03-08,2025-03-16,8,Annual,60
P-001438,LV-V2-0003948,9,2025-09-01,2025-09-07,2025-09-15,8,Casual,180
P-001438,LV-V2-0003949,11,2025-11-01,2025-11-09,2025-11-16,7,Casual,60
P-001439,LV-V2-0003950,1,2025-01-01,2025-01-06,2025-01-19,13,Casual,73
P-001439,LV-V2-0003951,6,2025-06-01,2025-06-06,2025-06-22,16,Recovery,150
P-001439,LV-V2-0003952,11,2025-11-01,2025-11-07,2025-11-14,7,Annual,150
P-001440,LV-V2-0003953,1,2025-01-01,2025-01-06,2025-01-19,13,Annual,91
P-001440,LV-V2-0003954,10,2025-10-01,2025-10-07,2025-10-13,6,Annual,270
P-001441,LV-V2-0003955,8,2025-08-01,2025-08-08,2025-08-14,6,Annual,293
P-001441,LV-V2-0003956,10,2025-10-01,2025-10-09,2025-10-20,11,Casual,60
P-001441,LV-V2-0003957,12,2025-12-01,2025-12-09,2025-12-16,7,Casual,60
P-001442,LV-V2-0003958,1,2025-01-01,2025-01-06,2025-01-13,7,Annual,84
P-001442,LV-V2-0003959,10,2025-10-01,2025-10-08,2025-10-16,8,Casual,270
P-001442,LV-V2-0003960,12,2025-12-01,2025-12-09,2025-12-20,11,Casual,60
P-001443,LV-V2-0003961,8,2025-08-01,2025-08-08,2025-08-11,3,Casual,272
P-001444,LV-V2-0003962,6,2025-06-01,2025-06-09,2025-06-21,12,Recovery,238
P-001444,LV-V2-0003963,8,2025-08-01,2025-08-10,2025-08-17,7,Annual,60
P-001445,LV-V2-0003964,2,2025-02-01,2025-02-09,2025-02-15,6,Medical/Authorized,94
P-001445,LV-V2-0003965,10,2025-10-01,2025-10-06,2025-10-15,9,Annual,240
P-001446,LV-V2-0003966,1,2025-01-01,2025-01-06,2025-01-15,9,Casual,83
P-001446,LV-V2-0003967,6,2025-06-01,2025-06-10,2025-06-26,16,Recovery,150
P-001447,LV-V2-0003968,2,2025-02-01,2025-02-09,2025-02-20,11,Annual,123
P-001448,LV-V2-0003969,3,2025-03-01,2025-03-05,2025-03-13,8,Annual,124
P-001448,LV-V2-0003970,5,2025-05-01,2025-05-10,2025-05-16,6,Annual,60
P-001448,LV-V2-0003971,7,2025-07-01,2025-07-09,2025-07-22,13,Annual,60
P-001448,LV-V2-0003972,9,2025-09-01,2025-09-07,2025-09-17,10,Casual,60
P-001449,LV-V2-0003973,2,2025-02-01,2025-02-08,2025-02-19,11,Casual,95
P-001449,LV-V2-0003974,7,2025-07-01,2025-07-08,2025-07-14,6,Casual,150
P-001450,LV-V2-0003975,7,2025-07-01,2025-07-07,2025-07-19,12,Annual,236
P-001450,LV-V2-0003976,9,2025-09-01,2025-09-06,2025-09-12,6,Casual,60
P-001451,LV-V2-0003977,1,2025-01-01,2025-01-09,2025-01-15,6,Annual,99
P-001451,LV-V2-0003978,4,2025-04-01,2025-04-10,2025-04-19,9,Annual,90
P-001452,LV-V2-0003979,5,2025-05-01,2025-05-05,2025-05-09,4,Casual,183
P-001452,LV-V2-0003980,11,2025-11-01,2025-11-08,2025-11-13,5,Casual,180
P-001453,LV-V2-0003981,2,2025-02-01,2025-02-07,2025-02-20,13,Annual,125
P-001453,LV-V2-0003982,10,2025-10-01,2025-10-06,2025-10-16,10,Casual,240
P-001454,LV-V2-0003983,2,2025-02-01,2025-02-06,2025-02-13,7,Annual,118
P-001454,LV-V2-0003984,10,2025-10-01,2025-10-07,2025-10-18,11,Casual,240
P-001455,LV-V2-0003985,2,2025-02-01,2025-02-05,2025-02-17,12,Medical/Authorized,86
P-001455,LV-V2-0003986,7,2025-07-01,2025-07-05,2025-07-10,5,Casual,150
P-001455,LV-V2-0003987,10,2025-10-01,2025-10-09,2025-10-15,6,Annual,90
P-001456,LV-V2-0003988,1,2025-01-01,2025-01-06,2025-01-14,8,Medical/Authorized,72
P-001456,LV-V2-0003989,10,2025-10-01,2025-10-07,2025-10-19,12,Casual,270
P-001457,LV-V2-0003990,6,2025-06-01,2025-06-10,2025-06-14,4,Casual,207
P-001458,LV-V2-0003991,3,2025-03-01,2025-03-06,2025-03-12,6,Annual,157
P-001458,LV-V2-0003992,8,2025-08-01,2025-08-07,2025-08-19,12,Medical/Authorized,150
P-001458,LV-V2-0003993,10,2025-10-01,2025-10-07,2025-10-14,7,Annual,60
P-001459,LV-V2-0003994,10,2025-10-01,2025-10-06,2025-10-14,8,Casual,354
P-001460,LV-V2-0003995,1,2025-01-01,2025-01-05,2025-01-15,10,Annual,86
P-001460,LV-V2-0003996,3,2025-03-01,2025-03-05,2025-03-14,9,Annual,60
P-001460,LV-V2-0003997,11,2025-11-01,2025-11-06,2025-11-17,11,Casual,240
P-001461,LV-V2-0003998,2,2025-02-01,2025-02-10,2025-02-20,10,Annual,109
P-001461,LV-V2-0003999,12,2025-12-01,2025-12-05,2025-12-12,7,Casual,300
P-001462,LV-V2-0004000,5,2025-05-01,2025-05-10,2025-05-13,3,Casual,193
P-001462,LV-V2-0004001,11,2025-11-01,2025-11-10,2025-11-14,4,Casual,180
P-001463,LV-V2-0004002,2,2025-02-01,2025-02-10,2025-02-23,13,Annual,98
P-001463,LV-V2-0004003,4,2025-04-01,2025-04-07,2025-04-18,11,Casual,60
P-001463,LV-V2-0004004,10,2025-10-01,2025-10-08,2025-10-15,7,Annual,180
P-001464,LV-V2-0004005,1,2025-01-01,2025-01-07,2025-01-16,9,Annual,77
P-001464,LV-V2-0004006,3,2025-03-01,2025-03-06,2025-03-19,13,Annual,60
P-001464,LV-V2-0004007,7,2025-07-01,2025-07-07,2025-07-17,10,Annual,120
P-001464,LV-V2-0004008,10,2025-10-01,2025-10-09,2025-10-21,12,Medical/Authorized,90
P-001465,LV-V2-0004009,5,2025-05-01,2025-05-06,2025-05-10,4,Casual,198
P-001465,LV-V2-0004010,9,2025-09-01,2025-09-10,2025-09-17,7,Medical/Authorized,120
P-001465,LV-V2-0004011,11,2025-11-01,2025-11-07,2025-11-19,12,Casual,60
P-001466,LV-V2-0004012,3,2025-03-01,2025-03-05,2025-03-18,13,Annual,127
P-001466,LV-V2-0004013,6,2025-06-01,2025-06-06,2025-06-18,12,Annual,90
P-001466,LV-V2-0004014,10,2025-10-01,2025-10-09,2025-10-20,11,Annual,120
P-001466,LV-V2-0004015,12,2025-12-01,2025-12-05,2025-12-12,7,Medical/Authorized,60
P-001467,LV-V2-0004016,6,2025-06-01,2025-06-05,2025-06-18,13,Recovery,209
P-001467,LV-V2-0004017,11,2025-11-01,2025-11-05,2025-11-13,8,Annual,150
P-001468,LV-V2-0004018,1,2025-01-01,2025-01-06,2025-01-19,13,Annual,97
P-001468,LV-V2-0004019,3,2025-03-01,2025-03-08,2025-03-15,7,Annual,60
P-001468,LV-V2-0004020,9,2025-09-01,2025-09-05,2025-09-13,8,Annual,180
P-001468,LV-V2-0004021,12,2025-12-01,2025-12-10,2025-12-17,7,Annual,90
P-001469,LV-V2-0004022,6,2025-06-01,2025-06-06,2025-06-19,13,Recovery,246
P-001469,LV-V2-0004023,11,2025-11-01,2025-11-05,2025-11-13,8,Medical/Authorized,150
P-001470,LV-V2-0004024,1,2025-01-01,2025-01-07,2025-01-16,9,Annual,81
P-001470,LV-V2-0004025,6,2025-06-01,2025-06-06,2025-06-23,17,Recovery,150
P-001470,LV-V2-0004026,11,2025-11-01,2025-11-09,2025-11-17,8,Annual,150
