personnel_id,deployment_id,month_idx,date,start_date,end_date,deployment_duration_days,deployment_type,operational_intensity,hardship_level,recovery_required,location_category
P-000001,DEP-0000001,4,2025-04-01,2025-04-03,2025-04-26,23,Routine,2,2,False,Urban Base
P-000002,DEP-0000002,6,2025-06-01,2025-06-04,2025-06-26,22,High Tempo,4,3,True,Semi-Urban Outpost
P-000002,DEP-0000003,7,2025-07-01,2025-07-05,2025-07-26,21,High Tempo,4,3,True,Semi-Urban Outpost
P-000003,DEP-0000004,3,2025-03-01,2025-03-04,2025-03-25,21,Extended,4,4,True,Remote/Difficult Terrain
P-000003,DEP-0000005,4,2025-04-01,2025-04-04,2025-04-27,23,Extended,4,5,True,Remote/Difficult Terrain
P-000003,DEP-0000006,5,2025-05-01,2025-05-05,2025-05-28,23,Extended,3,5,True,High Altitude/Extreme
P-000003,DEP-0000007,6,2025-06-01,2025-06-02,2025-06-28,26,Extended,4,5,True,High Altitude/Extreme
P-000003,DEP-0000008,7,2025-07-01,2025-07-04,2025-07-26,22,Extended,4,4,True,High Altitude/Extreme
P-000003,DEP-0000009,8,2025-08-01,2025-08-05,2025-08-23,18,Extended,3,4,True,High Altitude/Extreme
P-000003,DEP-0000010,9,2025-09-01,2025-09-03,2025-09-25,22,Extended,3,5,True,High Altitude/Extreme
P-000004,DEP-0000011,4,2025-04-01,2025-04-05,2025-04-28,23,High Tempo,4,4,True,Remote/Difficult Terrain
P-000004,DEP-0000012,5,2025-05-01,2025-05-02,2025-05-26,24,High Tempo,4,4,True,Remote/Difficult Terrain
P-000004,DEP-0000013,6,2025-06-01,2025-06-03,2025-06-28,25,High Tempo,4,3,True,Semi-Urban Outpost
P-000004,DEP-0000014,7,2025-07-01,2025-07-02,2025-07-27,25,High Tempo,3,3,False,Remote/Difficult Terrain
P-000004,DEP-0000015,8,2025-08-01,2025-08-02,2025-08-26,24,High Tempo,4,3,True,Semi-Urban Outpost
P-000005,DEP-0000016,5,2025-05-01,2025-05-02,2025-05-24,22,Routine,2,2,False,Urban Base
P-000006,DEP-0000017,5,2025-05-01,2025-05-05,2025-05-26,21,Routine,3,2,False,Semi-Urban Outpost
P-000007,DEP-0000018,4,2025-04-01,2025-04-04,2025-04-27,23,Routine,2,1,False,Urban Base
P-000008,DEP-0000019,4,2025-04-01,2025-04-05,2025-04-26,21,High Tempo,5,4,True,Remote/Difficult Terrain
P-000008,DEP-0000020,5,2025-05-01,2025-05-05,2025-05-26,21,High Tempo,4,4,True,High Altitude/Extreme
P-000008,DEP-0000021,6,2025-06-01,2025-06-03,2025-06-24,21,Extended,5,4,True,High Altitude/Extreme
P-000008,DEP-0000022,7,2025-07-01,2025-07-03,2025-07-24,21,Extended,4,4,True,High Altitude/Extreme
P-000008,DEP-0000023,8,2025-08-01,2025-08-03,2025-08-28,25,High Tempo,5,4,True,Remote/Difficult Terrain
P-000008,DEP-0000024,9,2025-09-01,2025-09-04,2025-09-28,24,High Tempo,4,5,True,Remote/Difficult Terrain
P-000008,DEP-0000025,10,2025-10-01,2025-10-02,2025-10-27,25,High Tempo,5,4,True,High Altitude/Extreme
P-000008,DEP-0000026,11,2025-11-01,2025-11-05,2025-11-28,23,Extended,4,5,True,High Altitude/Extreme
P-000009,DEP-0000027,4,2025-04-01,2025-04-04,2025-04-24,20,High Tempo,3,3,False,Remote/Difficult Terrain
P-000009,DEP-0000028,5,2025-05-01,2025-05-04,2025-05-23,19,High Tempo,4,3,True,Remote/Difficult Terrain
P-000009,DEP-0000029,6,2025-06-01,2025-06-04,2025-06-24,20,High Tempo,4,4,True,Remote/Difficult Terrain
P-000009,DEP-0000030,7,2025-07-01,2025-07-03,2025-07-25,22,High Tempo,4,4,True,Remote/Difficult Terrain
P-000009,DEP-0000031,8,2025-08-01,2025-08-05,2025-08-27,22,High Tempo,4,3,True,Remote/Difficult Terrain
P-000010,DEP-0000032,3,2025-03-01,2025-03-03,2025-03-25,22,Extended,3,5,True,High Altitude/Extreme
P-000010,DEP-0000033,4,2025-04-01,2025-04-04,2025-04-27,23,Extended,3,4,True,High Altitude/Extreme
P-000010,DEP-0000034,5,2025-05-01,2025-05-02,2025-05-25,23,Extended,4,4,True,High Altitude/Extreme
P-000010,DEP-0000035,6,2025-06-01,2025-06-04,2025-06-27,23,Extended,3,4,True,High Altitude/Extreme
P-000010,DEP-0000036,7,2025-07-01,2025-07-05,2025-07-25,20,Extended,4,5,True,High Altitude/Extreme
P-000010,DEP-0000037,8,2025-08-01,2025-08-05,2025-08-27,22,Extended,3,4,True,High Altitude/Extreme
P-000010,DEP-0000038,9,2025-09-01,2025-09-03,2025-09-25,22,Extended,3,4,True,High Altitude/Extreme
P-000011,DEP-0000039,4,2025-04-01,2025-04-03,2025-04-28,25,Routine,3,1,False,Urban Base
P-000012,DEP-0000040,6,2025-06-01,2025-06-03,2025-06-27,24,High Tempo,4,3,True,Semi-Urban Outpost
P-000012,DEP-0000041,7,2025-07-01,2025-07-03,2025-07-26,23,High Tempo,4,3,True,Semi-Urban Outpost
P-000013,DEP-0000042,4,2025-04-01,2025-04-03,2025-04-28,25,Extended,4,5,True,Remote/Difficult Terrain
P-000013,DEP-0000043,5,2025-05-01,2025-05-03,2025-05-23,20,High Tempo,5,5,True,Remote/Difficult Terrain
P-000013,DEP-0000044,6,2025-06-01,2025-06-04,2025-06-28,24,Extended,4,4,True,High Altitude/Extreme
P-000013,DEP-0000045,7,2025-07-01,2025-07-05,2025-07-28,23,Extended,5,5,True,Remote/Difficult Terrain
P-000013,DEP-0000046,8,2025-08-01,2025-08-03,2025-08-24,21,High Tempo,5,4,True,High Altitude/Extreme
P-000013,DEP-0000047,9,2025-09-01,2025-09-05,2025-09-24,19,Extended,4,5,True,High Altitude/Extreme
P-000013,DEP-0000048,10,2025-10-01,2025-10-05,2025-10-24,19,Extended,5,4,True,Remote/Difficult Terrain
P-000013,DEP-0000049,11,2025-11-01,2025-11-05,2025-11-25,20,High Tempo,5,5,True,Remote/Difficult Terrain
P-000014,DEP-0000050,5,2025-05-01,2025-05-04,2025-05-27,23,Routine,2,1,False,Urban Base
P-000016,DEP-0000051,5,2025-05-01,2025-05-04,2025-05-26,22,Routine,2,2,False,Semi-Urban Outpost
P-000018,DEP-0000052,4,2025-04-01,2025-04-02,2025-04-24,22,High Tempo,4,4,True,Semi-Urban Outpost
P-000018,DEP-0000053,5,2025-05-01,2025-05-02,2025-05-26,24,High Tempo,4,4,True,Remote/Difficult Terrain
P-000018,DEP-0000054,6,2025-06-01,2025-06-05,2025-06-24,19,High Tempo,4,4,True,Remote/Difficult Terrain
P-000018,DEP-0000055,7,2025-07-01,2025-07-02,2025-07-23,21,High Tempo,4,3,True,Semi-Urban Outpost
P-000018,DEP-0000056,8,2025-08-01,2025-08-04,2025-08-27,23,High Tempo,3,4,True,Remote/Difficult Terrain
P-000020,DEP-0000057,5,2025-05-01,2025-05-02,2025-05-23,21,Routine,2,1,False,Urban Base
P-000021,DEP-0000058,4,2025-04-01,2025-04-03,2025-04-28,25,High Tempo,3,3,False,Semi-Urban Outpost
P-000021,DEP-0000059,5,2025-05-01,2025-05-04,2025-05-27,23,High Tempo,4,3,True,Remote/Difficult Terrain
P-000021,DEP-0000060,6,2025-06-01,2025-06-05,2025-06-26,21,High Tempo,3,4,True,Semi-Urban Outpost
P-000021,DEP-0000061,7,2025-07-01,2025-07-04,2025-07-24,20,High Tempo,3,3,False,Remote/Difficult Terrain
P-000021,DEP-0000062,8,2025-08-01,2025-08-04,2025-08-26,22,High Tempo,3,3,False,Semi-Urban Outpost
P-000023,DEP-0000063,4,2025-04-01,2025-04-05,2025-04-23,18,Routine,2,1,False,Urban Base
P-000026,DEP-0000064,4,2025-04-01,2025-04-05,2025-04-27,22,Extended,4,4,True,High Altitude/Extreme
P-000026,DEP-0000065,5,2025-05-01,2025-05-05,2025-05-24,19,Extended,5,5,True,High Altitude/Extreme
P-000026,DEP-0000066,6,2025-06-01,2025-06-03,2025-06-28,25,Extended,4,5,True,Remote/Difficult Terrain
P-000026,DEP-0000067,7,2025-07-01,2025-07-04,2025-07-28,24,Extended,4,4,True,Remote/Difficult Terrain
P-000026,DEP-0000068,8,2025-08-01,2025-08-04,2025-08-24,20,Extended,4,4,True,Remote/Difficult Terrain
P-000026,DEP-0000069,9,2025-09-01,2025-09-03,2025-09-25,22,Extended,4,4,True,High Altitude/Extreme
P-000026,DEP-0000070,10,2025-10-01,2025-10-05,2025-10-25,20,High Tempo,5,5,True,Remote/Difficult Terrain
P-000026,DEP-0000071,11,2025-11-01,2025-11-02,2025-11-27,25,High Tempo,5,5,True,High Altitude/Extreme
P-000028,DEP-0000072,4,2025-04-01,2025-04-03,2025-04-23,20,High Tempo,4,3,True,Remote/Difficult Terrain
P-000028,DEP-0000073,5,2025-05-01,2025-05-02,2025-05-25,23,High Tempo,4,4,True,Remote/Difficult Terrain
P-000028,DEP-0000074,6,2025-06-01,2025-06-04,2025-06-27,23,High Tempo,4,4,True,Semi-Urban Outpost
P-000028,DEP-0000075,7,2025-07-01,2025-07-03,2025-07-25,22,High Tempo,4,3,True,Semi-Urban Outpost
P-000028,DEP-0000076,8,2025-08-01,2025-08-03,2025-08-26,23,High Tempo,4,3,True,Semi-Urban Outpost
P-000029,DEP-0000077,4,2025-04-01,2025-04-02,2025-04-24,22,High Tempo,4,3,True,Semi-Urban Outpost
P-000029,DEP-0000078,5,2025-05-01,2025-05-05,2025-05-26,21,High Tempo,3,4,True,Remote/Difficult Terrain
P-000029,DEP-0000079,6,2025-06-01,2025-06-04,2025-06-26,22,High Tempo,4,4,True,Semi-Urban Outpost
P-000029,DEP-0000080,7,2025-07-01,2025-07-03,2025-07-23,20,High Tempo,4,3,True,Remote/Difficult Terrain
P-000029,DEP-0000081,8,2025-08-01,2025-08-03,2025-08-25,22,High Tempo,4,3,True,Remote/Difficult Terrain
P-000030,DEP-0000082,5,2025-05-01,2025-05-02,2025-05-25,23,Routine,3,2,False,Semi-Urban Outpost
P-000031,DEP-0000083,4,2025-04-01,2025-04-02,2025-04-23,21,High Tempo,4,4,True,Remote/Difficult Terrain
P-000031,DEP-0000084,5,2025-05-01,2025-05-02,2025-05-24,22,High Tempo,3,4,True,Remote/Difficult Terrain
P-000031,DEP-0000085,6,2025-06-01,2025-06-03,2025-06-23,20,High Tempo,3,4,True,Remote/Difficult Terrain
P-000031,DEP-0000086,7,2025-07-01,2025-07-03,2025-07-25,22,High Tempo,3,3,False,Semi-Urban Outpost
P-000031,DEP-0000087,8,2025-08-01,2025-08-04,2025-08-24,20,High Tempo,4,3,True,Remote/Difficult Terrain
P-000032,DEP-0000088,4,2025-04-01,2025-04-02,2025-04-27,25,Routine,2,2,False,Urban Base
P-000033,DEP-0000089,5,2025-05-01,2025-05-04,2025-05-23,19,Routine,2,2,False,Semi-Urban Outpost
P-000034,DEP-0000090,2,2025-02-01,2025-02-02,2025-02-26,24,High Tempo,4,4,True,Remote/Difficult Terrain
P-000034,DEP-0000091,3,2025-03-01,2025-03-05,2025-03-27,22,High Tempo,4,4,True,Remote/Difficult Terrain
P-000034,DEP-0000092,4,2025-04-01,2025-04-03,2025-04-23,20,High Tempo,4,4,True,Remote/Difficult Terrain
P-000034,DEP-0000093,5,2025-05-01,2025-05-03,2025-05-25,22,High Tempo,4,4,True,Remote/Difficult Terrain
P-000035,DEP-0000094,6,2025-06-01,2025-06-05,2025-06-25,20,High Tempo,4,3,True,Semi-Urban Outpost
P-000035,DEP-0000095,7,2025-07-01,2025-07-03,2025-07-28,25,High Tempo,4,3,True,Semi-Urban Outpost
P-000036,DEP-0000096,4,2025-04-01,2025-04-02,2025-04-26,24,High Tempo,5,4,True,High Altitude/Extreme
P-000036,DEP-0000097,5,2025-05-01,2025-05-02,2025-05-25,23,High Tempo,5,5,True,Remote/Difficult Terrain
P-000036,DEP-0000098,6,2025-06-01,2025-06-03,2025-06-24,21,Extended,5,5,True,High Altitude/Extreme
P-000036,DEP-0000099,7,2025-07-01,2025-07-03,2025-07-25,22,High Tempo,4,4,True,Remote/Difficult Terrain
P-000036,DEP-0000100,8,2025-08-01,2025-08-03,2025-08-25,22,Extended,4,4,True,Remote/Difficult Terrain
P-000036,DEP-0000101,9,2025-09-01,2025-09-05,2025-09-27,22,High Tempo,5,4,True,Remote/Difficult Terrain
P-000036,DEP-0000102,10,2025-10-01,2025-10-05,2025-10-25,20,Extended,5,5,True,High Altitude/Extreme
P-000036,DEP-0000103,11,2025-11-01,2025-11-02,2025-11-27,25,High Tempo,5,4,True,Remote/Difficult Terrain
P-000037,DEP-0000104,4,2025-04-01,2025-04-02,2025-04-27,25,Routine,3,1,False,Urban Base
P-000037,DEP-0000105,5,2025-05-01,2025-05-04,2025-05-27,23,Routine,3,1,False,Semi-Urban Outpost
P-000039,DEP-0000106,3,2025-03-01,2025-03-05,2025-03-27,22,Extended,3,4,True,High Altitude/Extreme
P-000039,DEP-0000107,4,2025-04-01,2025-04-02,2025-04-24,22,Extended,3,4,True,Remote/Difficult Terrain
P-000039,DEP-0000108,5,2025-05-01,2025-05-05,2025-05-27,22,Extended,4,5,True,High Altitude/Extreme
P-000039,DEP-0000109,6,2025-06-01,2025-06-05,2025-06-26,21,Extended,3,4,True,Remote/Difficult Terrain
P-000039,DEP-0000110,7,2025-07-01,2025-07-03,2025-07-23,20,Extended,3,4,True,Remote/Difficult Terrain
P-000039,DEP-0000111,8,2025-08-01,2025-08-04,2025-08-24,20,Extended,3,5,True,High Altitude/Extreme
P-000039,DEP-0000112,9,2025-09-01,2025-09-03,2025-09-25,22,Extended,4,5,True,High Altitude/Extreme
P-000040,DEP-0000113,5,2025-05-01,2025-05-03,2025-05-25,22,Routine,2,1,False,Semi-Urban Outpost
P-000041,DEP-0000114,4,2025-04-01,2025-04-03,2025-04-26,23,Routine,2,2,False,Urban Base
P-000043,DEP-0000115,5,2025-05-01,2025-05-02,2025-05-28,26,Routine,2,1,False,Semi-Urban Outpost
P-000044,DEP-0000116,2,2025-02-01,2025-02-02,2025-02-25,23,High Tempo,4,4,True,Remote/Difficult Terrain
P-000044,DEP-0000117,3,2025-03-01,2025-03-05,2025-03-26,21,High Tempo,4,4,True,Remote/Difficult Terrain
P-000044,DEP-0000118,4,2025-04-01,2025-04-03,2025-04-27,24,High Tempo,4,4,True,Remote/Difficult Terrain
P-000044,DEP-0000119,5,2025-05-01,2025-05-05,2025-05-26,21,High Tempo,4,4,True,Remote/Difficult Terrain
P-000045,DEP-0000120,4,2025-04-01,2025-04-04,2025-04-27,23,Routine,3,2,False,Urban Base
P-000046,DEP-0000121,3,2025-03-01,2025-03-05,2025-03-23,18,Extended,4,5,True,High Altitude/Extreme
P-000046,DEP-0000122,4,2025-04-01,2025-04-02,2025-04-23,21,Extended,4,4,True,High Altitude/Extreme
P-000046,DEP-0000123,5,2025-05-01,2025-05-04,2025-05-23,19,Extended,3,4,True,High Altitude/Extreme
P-000046,DEP-0000124,6,2025-06-01,2025-06-03,2025-06-28,25,Extended,4,5,True,Remote/Difficult Terrain
P-000046,DEP-0000125,7,2025-07-01,2025-07-05,2025-07-25,20,Extended,4,4,True,High Altitude/Extreme
P-000046,DEP-0000126,8,2025-08-01,2025-08-05,2025-08-24,19,Extended,4,5,True,Remote/Difficult Terrain
P-000046,DEP-0000127,9,2025-09-01,2025-09-05,2025-09-28,23,Extended,4,5,True,High Altitude/Extreme
P-000048,DEP-0000128,4,2025-04-01,2025-04-03,2025-04-25,22,High Tempo,4,4,True,Remote/Difficult Terrain
P-000048,DEP-0000129,5,2025-05-01,2025-05-04,2025-05-24,20,High Tempo,3,4,True,Semi-Urban Outpost
P-000048,DEP-0000130,6,2025-06-01,2025-06-05,2025-06-27,22,High Tempo,4,4,True,Remote/Difficult Terrain
P-000048,DEP-0000131,7,2025-07-01,2025-07-04,2025-07-28,24,High Tempo,4,3,True,Remote/Difficult Terrain
P-000048,DEP-0000132,8,2025-08-01,2025-08-05,2025-08-26,21,High Tempo,4,4,True,Semi-Urban Outpost
P-000049,DEP-0000133,4,2025-04-01,2025-04-02,2025-04-26,24,High Tempo,3,4,True,Semi-Urban Outpost
P-000049,DEP-0000134,5,2025-05-01,2025-05-05,2025-05-24,19,High Tempo,3,4,True,Remote/Difficult Terrain
P-000049,DEP-0000135,6,2025-06-01,2025-06-03,2025-06-25,22,High Tempo,4,4,True,Semi-Urban Outpost
P-000049,DEP-0000136,7,2025-07-01,2025-07-05,2025-07-26,21,High Tempo,3,3,False,Remote/Difficult Terrain
P-000049,DEP-0000137,8,2025-08-01,2025-08-04,2025-08-26,22,High Tempo,4,3,True,Remote/Difficult Terrain
P-000051,DEP-0000138,6,2025-06-01,2025-06-02,2025-06-28,26,High Tempo,4,3,True,Semi-Urban Outpost
P-000051,DEP-0000139,7,2025-07-01,2025-07-02,2025-07-27,25,High Tempo,4,3,True,Semi-Urban Outpost
P-000052,DEP-0000140,4,2025-04-01,2025-04-03,2025-04-24,21,High Tempo,5,5,True,High Altitude/Extreme
P-000052,DEP-0000141,5,2025-05-01,2025-05-02,2025-05-28,26,High Tempo,4,5,True,High Altitude/Extreme
P-000052,DEP-0000142,6,2025-06-01,2025-06-02,2025-06-25,23,Extended,4,5,True,Remote/Difficult Terrain
P-000052,DEP-0000143,7,2025-07-01,2025-07-03,2025-07-26,23,High Tempo,5,4,True,High Altitude/Extreme
P-000052,DEP-0000144,8,2025-08-01,2025-08-03,2025-08-26,23,High Tempo,5,5,True,High Altitude/Extreme
P-000052,DEP-0000145,9,2025-09-01,2025-09-05,2025-09-28,23,High Tempo,5,5,True,High Altitude/Extreme
P-000052,DEP-0000146,10,2025-10-01,2025-10-02,2025-10-27,25,High Tempo,4,5,True,High Altitude/Extreme
P-000052,DEP-0000147,11,2025-11-01,2025-11-03,2025-11-26,23,Extended,4,4,True,High Altitude/Extreme
P-000053,DEP-0000148,2,2025-02-01,2025-02-02,2025-02-28,26,High Tempo,4,4,True,Remote/Difficult Terrain
P-000053,DEP-0000149,3,2025-03-01,2025-03-02,2025-03-23,21,High Tempo,4,4,True,Remote/Difficult Terrain
P-000053,DEP-0000150,4,2025-04-01,2025-04-03,2025-04-24,21,High Tempo,4,4,True,Remote/Difficult Terrain
P-000053,DEP-0000151,5,2025-05-01,2025-05-05,2025-05-23,18,High Tempo,4,4,True,Remote/Difficult Terrain
P-000054,DEP-0000152,2,2025-02-01,2025-02-05,2025-02-24,19,High Tempo,4,4,True,Remote/Difficult Terrain
P-000054,DEP-0000153,3,2025-03-01,2025-03-03,2025-03-23,20,High Tempo,4,4,True,Remote/Difficult Terrain
P-000054,DEP-0000154,4,2025-04-01,2025-04-04,2025-04-27,23,High Tempo,4,4,True,Remote/Difficult Terrain
P-000054,DEP-0000155,5,2025-05-01,2025-05-02,2025-05-25,23,High Tempo,4,4,True,Remote/Difficult Terrain
P-000055,DEP-0000156,4,2025-04-01,2025-04-02,2025-04-23,21,High Tempo,4,3,True,Remote/Difficult Terrain
P-000055,DEP-0000157,5,2025-05-01,2025-05-02,2025-05-27,25,High Tempo,4,3,True,Remote/Difficult Terrain
P-000055,DEP-0000158,6,2025-06-01,2025-06-03,2025-06-27,24,High Tempo,3,3,False,Remote/Difficult Terrain
P-000055,DEP-0000159,7,2025-07-01,2025-07-05,2025-07-28,23,High Tempo,3,4,True,Semi-Urban Outpost
P-000055,DEP-0000160,8,2025-08-01,2025-08-02,2025-08-26,24,High Tempo,4,4,True,Remote/Difficult Terrain
P-000056,DEP-0000161,2,2025-02-01,2025-02-02,2025-02-26,24,High Tempo,4,4,True,Remote/Difficult Terrain
P-000056,DEP-0000162,3,2025-03-01,2025-03-04,2025-03-26,22,High Tempo,4,4,True,Remote/Difficult Terrain
P-000056,DEP-0000163,4,2025-04-01,2025-04-04,2025-04-27,23,High Tempo,4,4,True,Remote/Difficult Terrain
P-000056,DEP-0000164,5,2025-05-01,2025-05-04,2025-05-25,21,High Tempo,4,4,True,Remote/Difficult Terrain
P-000057,DEP-0000165,4,2025-04-01,2025-04-02,2025-04-23,21,Routine,2,1,False,Semi-Urban Outpost
P-000057,DEP-0000166,5,2025-05-01,2025-05-04,2025-05-26,22,Routine,2,2,False,Semi-Urban Outpost
P-000058,DEP-0000167,4,2025-04-01,2025-04-03,2025-04-24,21,Routine,3,1,False,Urban Base
P-000058,DEP-0000168,5,2025-05-01,2025-05-02,2025-05-25,23,Routine,3,1,False,Urban Base
P-000059,DEP-0000169,5,2025-05-01,2025-05-04,2025-05-23,19,Routine,3,2,False,Urban Base
P-000061,DEP-0000170,5,2025-05-01,2025-05-05,2025-05-28,23,Routine,2,2,False,Semi-Urban Outpost
P-000062,DEP-0000171,5,2025-05-01,2025-05-04,2025-05-26,22,Routine,2,1,False,Urban Base
P-000063,DEP-0000172,4,2025-04-01,2025-04-03,2025-04-25,22,Extended,5,5,True,Remote/Difficult Terrain
P-000063,DEP-0000173,5,2025-05-01,2025-05-02,2025-05-24,22,Extended,4,4,True,High Altitude/Extreme
P-000063,DEP-0000174,6,2025-06-01,2025-06-04,2025-06-24,20,Extended,5,4,True,Remote/Difficult Terrain
P-000063,DEP-0000175,7,2025-07-01,2025-07-04,2025-07-26,22,High Tempo,4,4,True,Remote/Difficult Terrain
P-000063,DEP-0000176,8,2025-08-01,2025-08-04,2025-08-27,23,Extended,4,5,True,Remote/Difficult Terrain
P-000063,DEP-0000177,9,2025-09-01,2025-09-04,2025-09-28,24,Extended,5,5,True,High Altitude/Extreme
P-000063,DEP-0000178,10,2025-10-01,2025-10-03,2025-10-25,22,Extended,5,4,True,High Altitude/Extreme
P-000063,DEP-0000179,11,2025-11-01,2025-11-05,2025-11-27,22,High Tempo,5,5,True,High Altitude/Extreme
P-000065,DEP-0000180,4,2025-04-01,2025-04-02,2025-04-28,26,Routine,3,1,False,Urban Base
P-000066,DEP-0000181,4,2025-04-01,2025-04-03,2025-04-25,22,High Tempo,3,4,True,Remote/Difficult Terrain
P-000066,DEP-0000182,5,2025-05-01,2025-05-03,2025-05-26,23,High Tempo,4,3,True,Semi-Urban Outpost
P-000066,DEP-0000183,6,2025-06-01,2025-06-05,2025-06-25,20,High Tempo,4,4,True,Remote/Difficult Terrain
P-000066,DEP-0000184,7,2025-07-01,2025-07-05,2025-07-26,21,High Tempo,3,3,False,Semi-Urban Outpost
P-000066,DEP-0000185,8,2025-08-01,2025-08-04,2025-08-27,23,High Tempo,3,4,True,Semi-Urban Outpost
P-000067,DEP-0000186,4,2025-04-01,2025-04-02,2025-04-23,21,Routine,2,1,False,Urban Base
P-000068,DEP-0000187,4,2025-04-01,2025-04-03,2025-04-23,20,High Tempo,4,4,True,Remote/Difficult Terrain
P-000068,DEP-0000188,5,2025-05-01,2025-05-03,2025-05-24,21,High Tempo,4,5,True,High Altitude/Extreme
P-000068,DEP-0000189,6,2025-06-01,2025-06-02,2025-06-23,21,Extended,4,5,True,High Altitude/Extreme
P-000068,DEP-0000190,7,2025-07-01,2025-07-03,2025-07-27,24,Extended,4,4,True,High Altitude/Extreme
P-000068,DEP-0000191,8,2025-08-01,2025-08-02,2025-08-27,25,High Tempo,4,4,True,Remote/Difficult Terrain
P-000068,DEP-0000192,9,2025-09-01,2025-09-05,2025-09-24,19,High Tempo,4,4,True,High Altitude/Extreme
P-000068,DEP-0000193,10,2025-10-01,2025-10-03,2025-10-25,22,Extended,5,4,True,Remote/Difficult Terrain
P-000068,DEP-0000194,11,2025-11-01,2025-11-02,2025-11-23,21,High Tempo,4,4,True,Remote/Difficult Terrain
P-000069,DEP-0000195,5,2025-05-01,2025-05-03,2025-05-26,23,Routine,3,1,False,Semi-Urban Outpost
P-000070,DEP-0000196,6,2025-06-01,2025-06-02,2025-06-24,22,High Tempo,4,3,True,Semi-Urban Outpost
P-000070,DEP-0000197,7,2025-07-01,2025-07-05,2025-07-26,21,High Tempo,4,3,True,Semi-Urban Outpost
P-000071,DEP-0000198,4,2025-04-01,2025-04-02,2025-04-28,26,High Tempo,4,5,True,Remote/Difficult Terrain
P-000071,DEP-0000199,5,2025-05-01,2025-05-03,2025-05-24,21,High Tempo,4,4,True,High Altitude/Extreme
P-000071,DEP-0000200,6,2025-06-01,2025-06-04,2025-06-25,21,Extended,4,4,True,Remote/Difficult Terrain
P-000071,DEP-0000201,7,2025-07-01,2025-07-02,2025-07-27,25,High Tempo,4,5,True,High Altitude/Extreme
P-000071,DEP-0000202,8,2025-08-01,2025-08-05,2025-08-27,22,Extended,5,5,True,Remote/Difficult Terrain
P-000071,DEP-0000203,9,2025-09-01,2025-09-05,2025-09-23,18,High Tempo,4,5,True,Remote/Difficult Terrain
P-000071,DEP-0000204,10,2025-10-01,2025-10-02,2025-10-26,24,High Tempo,5,5,True,High Altitude/Extreme
P-000071,DEP-0000205,11,2025-11-01,2025-11-02,2025-11-25,23,High Tempo,4,5,True,High Altitude/Extreme
P-000072,DEP-0000206,4,2025-04-01,2025-04-04,2025-04-28,24,Routine,3,1,False,Semi-Urban Outpost
P-000074,DEP-0000207,4,2025-04-01,2025-04-05,2025-04-24,19,Extended,5,4,True,High Altitude/Extreme
P-000074,DEP-0000208,5,2025-05-01,2025-05-04,2025-05-28,24,High Tempo,4,4,True,High Altitude/Extreme
P-000074,DEP-0000209,6,2025-06-01,2025-06-04,2025-06-26,22,High Tempo,4,4,True,Remote/Difficult Terrain
P-000074,DEP-0000210,7,2025-07-01,2025-07-05,2025-07-25,20,Extended,4,4,True,High Altitude/Extreme
P-000074,DEP-0000211,8,2025-08-01,2025-08-02,2025-08-25,23,Extended,5,5,True,Remote/Difficult Terrain
P-000074,DEP-0000212,9,2025-09-01,2025-09-04,2025-09-28,24,Extended,4,4,True,High Altitude/Extreme
P-000074,DEP-0000213,10,2025-10-01,2025-10-02,2025-10-25,23,High Tempo,5,5,True,Remote/Difficult Terrain
P-000074,DEP-0000214,11,2025-11-01,2025-11-04,2025-11-28,24,Extended,4,5,True,Remote/Difficult Terrain
P-000075,DEP-0000215,3,2025-03-01,2025-03-03,2025-03-25,22,Extended,3,5,True,Remote/Difficult Terrain
P-000075,DEP-0000216,4,2025-04-01,2025-04-05,2025-04-25,20,Extended,3,5,True,High Altitude/Extreme
P-000075,DEP-0000217,5,2025-05-01,2025-05-04,2025-05-23,19,Extended,3,5,True,High Altitude/Extreme
P-000075,DEP-0000218,6,2025-06-01,2025-06-04,2025-06-27,23,Extended,4,4,True,High Altitude/Extreme
P-000075,DEP-0000219,7,2025-07-01,2025-07-05,2025-07-24,19,Extended,4,5,True,High Altitude/Extreme
P-000075,DEP-0000220,8,2025-08-01,2025-08-05,2025-08-23,18,Extended,4,4,True,High Altitude/Extreme
P-000075,DEP-0000221,9,2025-09-01,2025-09-03,2025-09-28,25,Extended,4,4,True,Remote/Difficult Terrain
P-000076,DEP-0000222,3,2025-03-01,2025-03-02,2025-03-28,26,Extended,4,4,True,Remote/Difficult Terrain
P-000076,DEP-0000223,4,2025-04-01,2025-04-05,2025-04-26,21,Extended,3,4,True,Remote/Difficult Terrain
P-000076,DEP-0000224,5,2025-05-01,2025-05-05,2025-05-26,21,Extended,4,4,True,Remote/Difficult Terrain
P-000076,DEP-0000225,6,2025-06-01,2025-06-02,2025-06-26,24,Extended,3,4,True,Remote/Difficult Terrain
P-000076,DEP-0000226,7,2025-07-01,2025-07-04,2025-07-25,21,Extended,3,4,True,High Altitude/Extreme
P-000076,DEP-0000227,8,2025-08-01,2025-08-02,2025-08-23,21,Extended,4,5,True,Remote/Difficult Terrain
P-000076,DEP-0000228,9,2025-09-01,2025-09-05,2025-09-28,23,Extended,3,5,True,High Altitude/Extreme
P-000077,DEP-0000229,4,2025-04-01,2025-04-03,2025-04-26,23,Extended,4,4,True,Remote/Difficult Terrain
P-000077,DEP-0000230,5,2025-05-01,2025-05-03,2025-05-28,25,High Tempo,4,5,True,High Altitude/Extreme
P-000077,DEP-0000231,6,2025-06-01,2025-06-04,2025-06-23,19,Extended,5,4,True,Remote/Difficult Terrain
P-000077,DEP-0000232,7,2025-07-01,2025-07-03,2025-07-26,23,High Tempo,4,4,True,High Altitude/Extreme
P-000077,DEP-0000233,8,2025-08-01,2025-08-02,2025-08-25,23,Extended,4,5,True,Remote/Difficult Terrain
P-000077,DEP-0000234,9,2025-09-01,2025-09-03,2025-09-28,25,Extended,4,5,True,High Altitude/Extreme
P-000077,DEP-0000235,10,2025-10-01,2025-10-02,2025-10-28,26,High Tempo,4,5,True,High Altitude/Extreme
P-000077,DEP-0000236,11,2025-11-01,2025-11-03,2025-11-26,23,High Tempo,4,4,True,Remote/Difficult Terrain
P-000078,DEP-0000237,4,2025-04-01,2025-04-02,2025-04-25,23,Routine,3,2,False,Urban Base
P-000080,DEP-0000238,4,2025-04-01,2025-04-04,2025-04-26,22,Routine,3,2,False,Urban Base
P-000080,DEP-0000239,5,2025-05-01,2025-05-02,2025-05-27,25,Routine,3,2,False,Semi-Urban Outpost
P-000081,DEP-0000240,4,2025-04-01,2025-04-03,2025-04-23,20,High Tempo,4,4,True,Remote/Difficult Terrain
P-000081,DEP-0000241,5,2025-05-01,2025-05-03,2025-05-26,23,High Tempo,5,5,True,Remote/Difficult Terrain
P-000081,DEP-0000242,6,2025-06-01,2025-06-03,2025-06-25,22,Extended,4,5,True,Remote/Difficult Terrain
P-000081,DEP-0000243,7,2025-07-01,2025-07-04,2025-07-24,20,Extended,4,4,True,Remote/Difficult Terrain
P-000081,DEP-0000244,8,2025-08-01,2025-08-05,2025-08-27,22,Extended,4,5,True,High Altitude/Extreme
P-000081,DEP-0000245,9,2025-09-01,2025-09-02,2025-09-23,21,Extended,5,4,True,Remote/Difficult Terrain
P-000081,DEP-0000246,10,2025-10-01,2025-10-05,2025-10-26,21,High Tempo,5,4,True,High Altitude/Extreme
P-000081,DEP-0000247,11,2025-11-01,2025-11-04,2025-11-23,19,High Tempo,4,5,True,High Altitude/Extreme
P-000082,DEP-0000248,4,2025-04-01,2025-04-02,2025-04-26,24,High Tempo,4,4,True,Remote/Difficult Terrain
P-000082,DEP-0000249,5,2025-05-01,2025-05-03,2025-05-27,24,High Tempo,3,3,False,Remote/Difficult Terrain
P-000082,DEP-0000250,6,2025-06-01,2025-06-04,2025-06-23,19,High Tempo,3,3,False,Remote/Difficult Terrain
P-000082,DEP-0000251,7,2025-07-01,2025-07-05,2025-07-23,18,High Tempo,3,4,True,Remote/Difficult Terrain
P-000082,DEP-0000252,8,2025-08-01,2025-08-02,2025-08-28,26,High Tempo,3,4,True,Semi-Urban Outpost
P-000083,DEP-0000253,4,2025-04-01,2025-04-02,2025-04-24,22,Routine,2,1,False,Urban Base
P-000086,DEP-0000254,4,2025-04-01,2025-04-03,2025-04-26,23,Routine,2,1,False,Urban Base
P-000086,DEP-0000255,5,2025-05-01,2025-05-05,2025-05-27,22,Routine,3,1,False,Urban Base
P-000087,DEP-0000256,3,2025-03-01,2025-03-03,2025-03-23,20,Extended,4,5,True,Remote/Difficult Terrain
P-000087,DEP-0000257,4,2025-04-01,2025-04-05,2025-04-26,21,Extended,3,4,True,Remote/Difficult Terrain
P-000087,DEP-0000258,5,2025-05-01,2025-05-05,2025-05-26,21,Extended,3,4,True,High Altitude/Extreme
P-000087,DEP-0000259,6,2025-06-01,2025-06-03,2025-06-26,23,Extended,4,4,True,High Altitude/Extreme
P-000087,DEP-0000260,7,2025-07-01,2025-07-04,2025-07-25,21,Extended,4,4,True,Remote/Difficult Terrain
P-000087,DEP-0000261,8,2025-08-01,2025-08-05,2025-08-23,18,Extended,4,4,True,Remote/Difficult Terrain
P-000087,DEP-0000262,9,2025-09-01,2025-09-03,2025-09-23,20,Extended,4,4,True,High Altitude/Extreme
P-000088,DEP-0000263,4,2025-04-01,2025-04-03,2025-04-24,21,High Tempo,3,3,False,Semi-Urban Outpost
P-000088,DEP-0000264,5,2025-05-01,2025-05-03,2025-05-24,21,High Tempo,3,4,True,Semi-Urban Outpost
P-000088,DEP-0000265,6,2025-06-01,2025-06-02,2025-06-27,25,High Tempo,4,4,True,Remote/Difficult Terrain
P-000088,DEP-0000266,7,2025-07-01,2025-07-05,2025-07-26,21,High Tempo,4,3,True,Remote/Difficult Terrain
P-000088,DEP-0000267,8,2025-08-01,2025-08-02,2025-08-27,25,High Tempo,3,3,False,Remote/Difficult Terrain
P-000089,DEP-0000268,2,2025-02-01,2025-02-02,2025-02-23,21,High Tempo,4,4,True,Remote/Difficult Terrain
P-000089,DEP-0000269,3,2025-03-01,2025-03-04,2025-03-28,24,High Tempo,4,4,True,Remote/Difficult Terrain
P-000089,DEP-0000270,4,2025-04-01,2025-04-04,2025-04-27,23,High Tempo,4,4,True,Remote/Difficult Terrain
P-000089,DEP-0000271,5,2025-05-01,2025-05-04,2025-05-24,20,High Tempo,4,4,True,Remote/Difficult Terrain
P-000090,DEP-0000272,4,2025-04-01,2025-04-02,2025-04-25,23,Routine,2,2,False,Urban Base
P-000091,DEP-0000273,4,2025-04-01,2025-04-02,2025-04-23,21,Routine,2,2,False,Semi-Urban Outpost
P-000092,DEP-0000274,3,2025-03-01,2025-03-02,2025-03-26,24,Extended,4,4,True,High Altitude/Extreme
P-000092,DEP-0000275,4,2025-04-01,2025-04-04,2025-04-25,21,Extended,3,4,True,High Altitude/Extreme
P-000092,DEP-0000276,5,2025-05-01,2025-05-04,2025-05-28,24,Extended,3,4,True,High Altitude/Extreme
P-000092,DEP-0000277,6,2025-06-01,2025-06-04,2025-06-24,20,Extended,4,4,True,Remote/Difficult Terrain
P-000092,DEP-0000278,7,2025-07-01,2025-07-02,2025-07-25,23,Extended,4,5,True,Remote/Difficult Terrain
P-000092,DEP-0000279,8,2025-08-01,2025-08-03,2025-08-28,25,Extended,3,5,True,Remote/Difficult Terrain
P-000092,DEP-0000280,9,2025-09-01,2025-09-04,2025-09-25,21,Extended,3,5,True,High Altitude/Extreme
P-000093,DEP-0000281,3,2025-03-01,2025-03-05,2025-03-26,21,Extended,4,4,True,Remote/Difficult Terrain
P-000093,DEP-0000282,4,2025-04-01,2025-04-05,2025-04-23,18,Extended,3,4,True,High Altitude/Extreme
P-000093,DEP-0000283,5,2025-05-01,2025-05-04,2025-05-28,24,Extended,3,4,True,High Altitude/Extreme
P-000093,DEP-0000284,6,2025-06-01,2025-06-05,2025-06-27,22,Extended,3,5,True,High Altitude/Extreme
P-000093,DEP-0000285,7,2025-07-01,2025-07-02,2025-07-28,26,Extended,4,5,True,High Altitude/Extreme
P-000093,DEP-0000286,8,2025-08-01,2025-08-05,2025-08-27,22,Extended,4,4,True,Remote/Difficult Terrain
P-000093,DEP-0000287,9,2025-09-01,2025-09-04,2025-09-26,22,Extended,3,5,True,Remote/Difficult Terrain
P-000094,DEP-0000288,4,2025-04-01,2025-04-03,2025-04-24,21,High Tempo,3,3,False,Remote/Difficult Terrain
P-000094,DEP-0000289,5,2025-05-01,2025-05-04,2025-05-23,19,High Tempo,4,3,True,Semi-Urban Outpost
P-000094,DEP-0000290,6,2025-06-01,2025-06-02,2025-06-28,26,High Tempo,3,4,True,Semi-Urban Outpost
P-000094,DEP-0000291,7,2025-07-01,2025-07-03,2025-07-25,22,High Tempo,4,3,True,Remote/Difficult Terrain
P-000094,DEP-0000292,8,2025-08-01,2025-08-04,2025-08-28,24,High Tempo,3,4,True,Semi-Urban Outpost
P-000095,DEP-0000293,4,2025-04-01,2025-04-05,2025-04-24,19,Extended,4,5,True,Remote/Difficult Terrain
P-000095,DEP-0000294,5,2025-05-01,2025-05-03,2025-05-27,24,High Tempo,4,5,True,High Altitude/Extreme
P-000095,DEP-0000295,6,2025-06-01,2025-06-02,2025-06-26,24,High Tempo,4,4,True,Remote/Difficult Terrain
P-000095,DEP-0000296,7,2025-07-01,2025-07-02,2025-07-28,26,Extended,4,4,True,High Altitude/Extreme
P-000095,DEP-0000297,8,2025-08-01,2025-08-02,2025-08-26,24,High Tempo,5,4,True,High Altitude/Extreme
P-000095,DEP-0000298,9,2025-09-01,2025-09-03,2025-09-26,23,High Tempo,5,5,True,Remote/Difficult Terrain
P-000095,DEP-0000299,10,2025-10-01,2025-10-05,2025-10-25,20,High Tempo,4,5,True,Remote/Difficult Terrain
P-000095,DEP-0000300,11,2025-11-01,2025-11-02,2025-11-24,22,Extended,5,4,True,Remote/Difficult Terrain
P-000096,DEP-0000301,4,2025-04-01,2025-04-05,2025-04-26,21,Routine,2,1,False,Urban Base
P-000096,DEP-0000302,5,2025-05-01,2025-05-03,2025-05-28,25,Routine,2,1,False,Semi-Urban Outpost
P-000097,DEP-0000303,4,2025-04-01,2025-04-02,2025-04-24,22,High Tempo,4,3,True,Semi-Urban Outpost
P-000097,DEP-0000304,5,2025-05-01,2025-05-02,2025-05-26,24,High Tempo,4,4,True,Remote/Difficult Terrain
P-000097,DEP-0000305,6,2025-06-01,2025-06-03,2025-06-26,23,High Tempo,4,3,True,Semi-Urban Outpost
P-000097,DEP-0000306,7,2025-07-01,2025-07-05,2025-07-26,21,High Tempo,4,4,True,Semi-Urban Outpost
P-000097,DEP-0000307,8,2025-08-01,2025-08-03,2025-08-24,21,High Tempo,3,4,True,Semi-Urban Outpost
P-000099,DEP-0000308,5,2025-05-01,2025-05-02,2025-05-24,22,Routine,2,2,False,Urban Base
P-000100,DEP-0000309,4,2025-04-01,2025-04-05,2025-04-25,20,Routine,2,1,False,Urban Base
P-000100,DEP-0000310,5,2025-05-01,2025-05-04,2025-05-26,22,Routine,3,1,False,Semi-Urban Outpost
P-000101,DEP-0000311,4,2025-04-01,2025-04-04,2025-04-25,21,Routine,2,2,False,Semi-Urban Outpost
P-000102,DEP-0000312,4,2025-04-01,2025-04-02,2025-04-26,24,High Tempo,4,4,True,Remote/Difficult Terrain
P-000102,DEP-0000313,5,2025-05-01,2025-05-03,2025-05-24,21,High Tempo,4,4,True,Remote/Difficult Terrain
P-000102,DEP-0000314,6,2025-06-01,2025-06-02,2025-06-24,22,High Tempo,3,4,True,Semi-Urban Outpost
P-000102,DEP-0000315,7,2025-07-01,2025-07-03,2025-07-24,21,High Tempo,3,4,True,Remote/Difficult Terrain
P-000102,DEP-0000316,8,2025-08-01,2025-08-04,2025-08-25,21,High Tempo,4,3,True,Remote/Difficult Terrain
P-000104,DEP-0000317,4,2025-04-01,2025-04-02,2025-04-24,22,High Tempo,3,4,True,Remote/Difficult Terrain
P-000104,DEP-0000318,5,2025-05-01,2025-05-05,2025-05-28,23,High Tempo,4,4,True,Remote/Difficult Terrain
P-000104,DEP-0000319,6,2025-06-01,2025-06-05,2025-06-27,22,High Tempo,4,4,True,Remote/Difficult Terrain
P-000104,DEP-0000320,7,2025-07-01,2025-07-03,2025-07-23,20,High Tempo,3,3,False,Remote/Difficult Terrain
P-000104,DEP-0000321,8,2025-08-01,2025-08-04,2025-08-27,23,High Tempo,4,3,True,Semi-Urban Outpost
P-000105,DEP-0000322,2,2025-02-01,2025-02-03,2025-02-24,21,High Tempo,4,4,True,Remote/Difficult Terrain
P-000105,DEP-0000323,3,2025-03-01,2025-03-05,2025-03-25,20,High Tempo,4,4,True,Remote/Difficult Terrain
P-000105,DEP-0000324,4,2025-04-01,2025-04-02,2025-04-28,26,High Tempo,4,4,True,Remote/Difficult Terrain
P-000105,DEP-0000325,5,2025-05-01,2025-05-03,2025-05-24,21,High Tempo,4,4,True,Remote/Difficult Terrain
P-000106,DEP-0000326,4,2025-04-01,2025-04-02,2025-04-28,26,Routine,2,1,False,Semi-Urban Outpost
P-000108,DEP-0000327,3,2025-03-01,2025-03-02,2025-03-27,25,Extended,4,4,True,Remote/Difficult Terrain
P-000108,DEP-0000328,4,2025-04-01,2025-04-05,2025-04-25,20,Extended,4,5,True,Remote/Difficult Terrain
P-000108,DEP-0000329,5,2025-05-01,2025-05-03,2025-05-28,25,Extended,4,4,True,Remote/Difficult Terrain
P-000108,DEP-0000330,6,2025-06-01,2025-06-05,2025-06-23,18,Extended,3,4,True,Remote/Difficult Terrain
P-000108,DEP-0000331,7,2025-07-01,2025-07-03,2025-07-27,24,Extended,4,5,True,Remote/Difficult Terrain
P-000108,DEP-0000332,8,2025-08-01,2025-08-04,2025-08-27,23,Extended,4,5,True,Remote/Difficult Terrain
P-000108,DEP-0000333,9,2025-09-01,2025-09-05,2025-09-24,19,Extended,4,5,True,High Altitude/Extreme
P-000109,DEP-0000334,5,2025-05-01,2025-05-04,2025-05-26,22,Routine,3,1,False,Semi-Urban Outpost
P-000110,DEP-0000335,4,2025-04-01,2025-04-03,2025-04-24,21,Routine,2,1,False,Semi-Urban Outpost
P-000111,DEP-0000336,5,2025-05-01,2025-05-05,2025-05-28,23,Routine,3,2,False,Urban Base
P-000112,DEP-0000337,4,2025-04-01,2025-04-04,2025-04-23,19,Routine,2,2,False,Semi-Urban Outpost
P-000113,DEP-0000338,2,2025-02-01,2025-02-03,2025-02-24,21,High Tempo,4,4,True,Remote/Difficult Terrain
P-000113,DEP-0000339,3,2025-03-01,2025-03-02,2025-03-28,26,High Tempo,4,4,True,Remote/Difficult Terrain
P-000113,DEP-0000340,4,2025-04-01,2025-04-04,2025-04-27,23,High Tempo,4,4,True,Remote/Difficult Terrain
P-000113,DEP-0000341,5,2025-05-01,2025-05-03,2025-05-28,25,High Tempo,4,4,True,Remote/Difficult Terrain
P-000114,DEP-0000342,4,2025-04-01,2025-04-03,2025-04-24,21,Extended,4,4,True,High Altitude/Extreme
P-000114,DEP-0000343,5,2025-05-01,2025-05-04,2025-05-23,19,Extended,5,5,True,Remote/Difficult Terrain
P-000114,DEP-0000344,6,2025-06-01,2025-06-02,2025-06-26,24,Extended,4,4,True,Remote/Difficult Terrain
P-000114,DEP-0000345,7,2025-07-01,2025-07-04,2025-07-27,23,High Tempo,4,4,True,Remote/Difficult Terrain
P-000114,DEP-0000346,8,2025-08-01,2025-08-05,2025-08-27,22,Extended,5,4,True,High Altitude/Extreme
P-000114,DEP-0000347,9,2025-09-01,2025-09-05,2025-09-27,22,High Tempo,5,5,True,High Altitude/Extreme
P-000114,DEP-0000348,10,2025-10-01,2025-10-02,2025-10-28,26,Extended,5,4,True,Remote/Difficult Terrain
P-000114,DEP-0000349,11,2025-11-01,2025-11-03,2025-11-25,22,High Tempo,5,5,True,High Altitude/Extreme
P-000115,DEP-0000350,4,2025-04-01,2025-04-03,2025-04-23,20,High Tempo,4,4,True,Semi-Urban Outpost
P-000115,DEP-0000351,5,2025-05-01,2025-05-02,2025-05-26,24,High Tempo,4,3,True,Remote/Difficult Terrain
P-000115,DEP-0000352,6,2025-06-01,2025-06-03,2025-06-28,25,High Tempo,4,3,True,Semi-Urban Outpost
P-000115,DEP-0000353,7,2025-07-01,2025-07-02,2025-07-28,26,High Tempo,4,4,True,Remote/Difficult Terrain
P-000115,DEP-0000354,8,2025-08-01,2025-08-02,2025-08-25,23,High Tempo,4,3,True,Semi-Urban Outpost
P-000116,DEP-0000355,2,2025-02-01,2025-02-05,2025-02-26,21,High Tempo,4,4,True,Remote/Difficult Terrain
P-000116,DEP-0000356,3,2025-03-01,2025-03-04,2025-03-28,24,High Tempo,4,4,True,Remote/Difficult Terrain
P-000116,DEP-0000357,4,2025-04-01,2025-04-05,2025-04-23,18,High Tempo,4,4,True,Remote/Difficult Terrain
P-000116,DEP-0000358,5,2025-05-01,2025-05-05,2025-05-26,21,High Tempo,4,4,True,Remote/Difficult Terrain
P-000117,DEP-0000359,4,2025-04-01,2025-04-03,2025-04-24,21,Extended,5,5,True,Remote/Difficult Terrain
P-000117,DEP-0000360,5,2025-05-01,2025-05-03,2025-05-23,20,High Tempo,5,4,True,High Altitude/Extreme
P-000117,DEP-0000361,6,2025-06-01,2025-06-04,2025-06-26,22,Extended,4,4,True,High Altitude/Extreme
P-000117,DEP-0000362,7,2025-07-01,2025-07-03,2025-07-23,20,High Tempo,5,4,True,Remote/Difficult Terrain
P-000117,DEP-0000363,8,2025-08-01,2025-08-02,2025-08-28,26,Extended,4,4,True,Remote/Difficult Terrain
P-000117,DEP-0000364,9,2025-09-01,2025-09-03,2025-09-28,25,High Tempo,5,4,True,High Altitude/Extreme
P-000117,DEP-0000365,10,2025-10-01,2025-10-05,2025-10-28,23,Extended,4,4,True,Remote/Difficult Terrain
P-000117,DEP-0000366,11,2025-11-01,2025-11-04,2025-11-26,22,High Tempo,5,4,True,High Altitude/Extreme
P-000118,DEP-0000367,4,2025-04-01,2025-04-03,2025-04-28,25,Routine,3,2,False,Urban Base
P-000119,DEP-0000368,2,2025-02-01,2025-02-05,2025-02-26,21,High Tempo,4,4,True,Remote/Difficult Terrain
P-000119,DEP-0000369,3,2025-03-01,2025-03-04,2025-03-25,21,High Tempo,4,4,True,Remote/Difficult Terrain
P-000119,DEP-0000370,4,2025-04-01,2025-04-03,2025-04-26,23,High Tempo,4,4,True,Remote/Difficult Terrain
P-000119,DEP-0000371,5,2025-05-01,2025-05-02,2025-05-24,22,High Tempo,4,4,True,Remote/Difficult Terrain
P-000120,DEP-0000372,4,2025-04-01,2025-04-05,2025-04-23,18,High Tempo,3,4,True,Semi-Urban Outpost
P-000120,DEP-0000373,5,2025-05-01,2025-05-04,2025-05-27,23,High Tempo,3,3,False,Remote/Difficult Terrain
P-000120,DEP-0000374,6,2025-06-01,2025-06-03,2025-06-27,24,High Tempo,3,3,False,Remote/Difficult Terrain
P-000120,DEP-0000375,7,2025-07-01,2025-07-02,2025-07-26,24,High Tempo,3,4,True,Remote/Difficult Terrain
P-000120,DEP-0000376,8,2025-08-01,2025-08-04,2025-08-28,24,High Tempo,3,4,True,Semi-Urban Outpost
P-000121,DEP-0000377,4,2025-04-01,2025-04-03,2025-04-27,24,Extended,5,5,True,High Altitude/Extreme
P-000121,DEP-0000378,5,2025-05-01,2025-05-03,2025-05-23,20,Extended,4,5,True,Remote/Difficult Terrain
P-000121,DEP-0000379,6,2025-06-01,2025-06-02,2025-06-26,24,Extended,5,4,True,High Altitude/Extreme
P-000121,DEP-0000380,7,2025-07-01,2025-07-05,2025-07-27,22,High Tempo,4,4,True,Remote/Difficult Terrain
P-000121,DEP-0000381,8,2025-08-01,2025-08-02,2025-08-27,25,High Tempo,4,4,True,High Altitude/Extreme
P-000121,DEP-0000382,9,2025-09-01,2025-09-02,2025-09-25,23,Extended,4,4,True,Remote/Difficult Terrain
P-000121,DEP-0000383,10,2025-10-01,2025-10-05,2025-10-26,21,Extended,4,4,True,Remote/Difficult Terrain
P-000121,DEP-0000384,11,2025-11-01,2025-11-03,2025-11-26,23,High Tempo,4,4,True,High Altitude/Extreme
P-000122,DEP-0000385,2,2025-02-01,2025-02-04,2025-02-24,20,High Tempo,4,4,True,Remote/Difficult Terrain
P-000122,DEP-0000386,3,2025-03-01,2025-03-05,2025-03-26,21,High Tempo,4,4,True,Remote/Difficult Terrain
P-000122,DEP-0000387,4,2025-04-01,2025-04-02,2025-04-27,25,High Tempo,4,4,True,Remote/Difficult Terrain
P-000122,DEP-0000388,5,2025-05-01,2025-05-04,2025-05-28,24,High Tempo,4,4,True,Remote/Difficult Terrain
P-000123,DEP-0000389,4,2025-04-01,2025-04-04,2025-04-25,21,Routine,2,2,False,Urban Base
P-000124,DEP-0000390,5,2025-05-01,2025-05-04,2025-05-23,19,Routine,2,1,False,Urban Base
P-000125,DEP-0000391,5,2025-05-01,2025-05-05,2025-05-26,21,Routine,3,1,False,Urban Base
P-000126,DEP-0000392,4,2025-04-01,2025-04-04,2025-04-23,19,Routine,3,2,False,Semi-Urban Outpost
P-000126,DEP-0000393,5,2025-05-01,2025-05-03,2025-05-28,25,Routine,2,1,False,Urban Base
P-000127,DEP-0000394,4,2025-04-01,2025-04-04,2025-04-28,24,Extended,4,4,True,Remote/Difficult Terrain
P-000127,DEP-0000395,5,2025-05-01,2025-05-04,2025-05-23,19,Extended,5,4,True,Remote/Difficult Terrain
P-000127,DEP-0000396,6,2025-06-01,2025-06-02,2025-06-24,22,Extended,4,5,True,High Altitude/Extreme
P-000127,DEP-0000397,7,2025-07-01,2025-07-04,2025-07-27,23,Extended,5,4,True,High Altitude/Extreme
P-000127,DEP-0000398,8,2025-08-01,2025-08-02,2025-08-27,25,High Tempo,4,4,True,Remote/Difficult Terrain
P-000127,DEP-0000399,9,2025-09-01,2025-09-03,2025-09-25,22,Extended,4,4,True,Remote/Difficult Terrain
P-000127,DEP-0000400,10,2025-10-01,2025-10-04,2025-10-26,22,High Tempo,4,5,True,High Altitude/Extreme
P-000127,DEP-0000401,11,2025-11-01,2025-11-02,2025-11-24,22,High Tempo,5,4,True,High Altitude/Extreme
P-000128,DEP-0000402,4,2025-04-01,2025-04-03,2025-04-25,22,High Tempo,5,4,True,High Altitude/Extreme
P-000128,DEP-0000403,5,2025-05-01,2025-05-03,2025-05-25,22,Extended,5,5,True,High Altitude/Extreme
P-000128,DEP-0000404,6,2025-06-01,2025-06-03,2025-06-26,23,Extended,5,5,True,Remote/Difficult Terrain
P-000128,DEP-0000405,7,2025-07-01,2025-07-03,2025-07-27,24,High Tempo,4,5,True,High Altitude/Extreme
P-000128,DEP-0000406,8,2025-08-01,2025-08-05,2025-08-23,18,High Tempo,4,4,True,High Altitude/Extreme
P-000128,DEP-0000407,9,2025-09-01,2025-09-03,2025-09-25,22,High Tempo,5,5,True,High Altitude/Extreme
P-000128,DEP-0000408,10,2025-10-01,2025-10-05,2025-10-25,20,Extended,5,4,True,Remote/Difficult Terrain
P-000128,DEP-0000409,11,2025-11-01,2025-11-04,2025-11-24,20,Extended,4,5,True,High Altitude/Extreme
P-000129,DEP-0000410,5,2025-05-01,2025-05-04,2025-05-26,22,Routine,3,1,False,Urban Base
P-000130,DEP-0000411,4,2025-04-01,2025-04-02,2025-04-26,24,High Tempo,3,3,False,Remote/Difficult Terrain
P-000130,DEP-0000412,5,2025-05-01,2025-05-05,2025-05-25,20,High Tempo,3,4,True,Remote/Difficult Terrain
P-000130,DEP-0000413,6,2025-06-01,2025-06-03,2025-06-28,25,High Tempo,3,3,False,Semi-Urban Outpost
P-000130,DEP-0000414,7,2025-07-01,2025-07-05,2025-07-27,22,High Tempo,4,4,True,Semi-Urban Outpost
P-000130,DEP-0000415,8,2025-08-01,2025-08-04,2025-08-26,22,High Tempo,3,4,True,Remote/Difficult Terrain
P-000132,DEP-0000416,4,2025-04-01,2025-04-03,2025-04-27,24,Routine,2,2,False,Semi-Urban Outpost
P-000134,DEP-0000417,5,2025-05-01,2025-05-04,2025-05-28,24,Routine,3,1,False,Semi-Urban Outpost
P-000135,DEP-0000418,2,2025-02-01,2025-02-02,2025-02-23,21,High Tempo,4,4,True,Remote/Difficult Terrain
P-000135,DEP-0000419,3,2025-03-01,2025-03-05,2025-03-27,22,High Tempo,4,4,True,Remote/Difficult Terrain
P-000135,DEP-0000420,4,2025-04-01,2025-04-03,2025-04-24,21,High Tempo,4,4,True,Remote/Difficult Terrain
P-000135,DEP-0000421,5,2025-05-01,2025-05-05,2025-05-28,23,High Tempo,4,4,True,Remote/Difficult Terrain
P-000136,DEP-0000422,4,2025-04-01,2025-04-03,2025-04-25,22,Routine,2,1,False,Semi-Urban Outpost
P-000137,DEP-0000423,4,2025-04-01,2025-04-04,2025-04-27,23,High Tempo,4,3,True,Semi-Urban Outpost
P-000137,DEP-0000424,5,2025-05-01,2025-05-03,2025-05-28,25,High Tempo,4,4,True,Semi-Urban Outpost
P-000137,DEP-0000425,6,2025-06-01,2025-06-03,2025-06-24,21,High Tempo,4,4,True,Semi-Urban Outpost
P-000137,DEP-0000426,7,2025-07-01,2025-07-02,2025-07-27,25,High Tempo,4,4,True,Semi-Urban Outpost
P-000137,DEP-0000427,8,2025-08-01,2025-08-04,2025-08-24,20,High Tempo,4,4,True,Semi-Urban Outpost
P-000138,DEP-0000428,3,2025-03-01,2025-03-02,2025-03-26,24,Extended,4,4,True,High Altitude/Extreme
P-000138,DEP-0000429,4,2025-04-01,2025-04-03,2025-04-23,20,Extended,3,5,True,High Altitude/Extreme
P-000138,DEP-0000430,5,2025-05-01,2025-05-03,2025-05-26,23,Extended,3,4,True,Remote/Difficult Terrain
P-000138,DEP-0000431,6,2025-06-01,2025-06-05,2025-06-28,23,Extended,3,4,True,Remote/Difficult Terrain
P-000138,DEP-0000432,7,2025-07-01,2025-07-03,2025-07-28,25,Extended,3,5,True,High Altitude/Extreme
P-000138,DEP-0000433,8,2025-08-01,2025-08-02,2025-08-28,26,Extended,4,5,True,High Altitude/Extreme
P-000138,DEP-0000434,9,2025-09-01,2025-09-04,2025-09-24,20,Extended,4,5,True,High Altitude/Extreme
P-000139,DEP-0000435,5,2025-05-01,2025-05-04,2025-05-24,20,Routine,3,2,False,Semi-Urban Outpost
P-000140,DEP-0000436,6,2025-06-01,2025-06-05,2025-06-25,20,High Tempo,4,3,True,Semi-Urban Outpost
P-000140,DEP-0000437,7,2025-07-01,2025-07-03,2025-07-28,25,High Tempo,4,3,True,Semi-Urban Outpost
P-000141,DEP-0000438,6,2025-06-01,2025-06-05,2025-06-27,22,High Tempo,4,3,True,Semi-Urban Outpost
P-000141,DEP-0000439,7,2025-07-01,2025-07-04,2025-07-25,21,High Tempo,4,3,True,Semi-Urban Outpost
P-000143,DEP-0000440,4,2025-04-01,2025-04-04,2025-04-26,22,Routine,2,2,False,Semi-Urban Outpost
P-000143,DEP-0000441,5,2025-05-01,2025-05-02,2025-05-24,22,Routine,3,1,False,Semi-Urban Outpost
P-000145,DEP-0000442,4,2025-04-01,2025-04-04,2025-04-25,21,Routine,3,2,False,Urban Base
P-000146,DEP-0000443,5,2025-05-01,2025-05-03,2025-05-28,25,Routine,3,2,False,Urban Base
P-000147,DEP-0000444,4,2025-04-01,2025-04-04,2025-04-26,22,High Tempo,3,3,False,Remote/Difficult Terrain
P-000147,DEP-0000445,5,2025-05-01,2025-05-02,2025-05-27,25,High Tempo,3,3,False,Semi-Urban Outpost
P-000147,DEP-0000446,6,2025-06-01,2025-06-02,2025-06-24,22,High Tempo,4,3,True,Semi-Urban Outpost
P-000147,DEP-0000447,7,2025-07-01,2025-07-04,2025-07-25,21,High Tempo,4,4,True,Remote/Difficult Terrain
P-000147,DEP-0000448,8,2025-08-01,2025-08-02,2025-08-27,25,High Tempo,4,4,True,Remote/Difficult Terrain
P-000148,DEP-0000449,4,2025-04-01,2025-04-03,2025-04-24,21,High Tempo,4,4,True,Semi-Urban Outpost
P-000148,DEP-0000450,5,2025-05-01,2025-05-04,2025-05-28,24,High Tempo,3,3,False,Remote/Difficult Terrain
P-000148,DEP-0000451,6,2025-06-01,2025-06-03,2025-06-24,21,High Tempo,4,4,True,Remote/Difficult Terrain
P-000148,DEP-0000452,7,2025-07-01,2025-07-05,2025-07-24,19,High Tempo,3,3,False,Remote/Difficult Terrain
P-000148,DEP-0000453,8,2025-08-01,2025-08-03,2025-08-28,25,High Tempo,4,3,True,Semi-Urban Outpost
P-000149,DEP-0000454,4,2025-04-01,2025-04-02,2025-04-23,21,Routine,2,2,False,Urban Base
P-000151,DEP-0000455,2,2025-02-01,2025-02-04,2025-02-25,21,High Tempo,4,4,True,Remote/Difficult Terrain
P-000151,DEP-0000456,3,2025-03-01,2025-03-05,2025-03-24,19,High Tempo,4,4,True,Remote/Difficult Terrain
P-000151,DEP-0000457,4,2025-04-01,2025-04-03,2025-04-24,21,High Tempo,4,4,True,Remote/Difficult Terrain
P-000151,DEP-0000458,5,2025-05-01,2025-05-04,2025-05-25,21,High Tempo,4,4,True,Remote/Difficult Terrain
P-000152,DEP-0000459,5,2025-05-01,2025-05-05,2025-05-27,22,Routine,2,2,False,Semi-Urban Outpost
P-000153,DEP-0000460,5,2025-05-01,2025-05-03,2025-05-26,23,Routine,3,2,False,Urban Base
P-000154,DEP-0000461,5,2025-05-01,2025-05-04,2025-05-27,23,Routine,3,1,False,Semi-Urban Outpost
P-000155,DEP-0000462,6,2025-06-01,2025-06-03,2025-06-25,22,High Tempo,4,3,True,Semi-Urban Outpost
P-000155,DEP-0000463,7,2025-07-01,2025-07-05,2025-07-25,20,High Tempo,4,3,True,Semi-Urban Outpost
P-000157,DEP-0000464,3,2025-03-01,2025-03-05,2025-03-24,19,Extended,4,4,True,High Altitude/Extreme
P-000157,DEP-0000465,4,2025-04-01,2025-04-04,2025-04-24,20,Extended,3,4,True,Remote/Difficult Terrain
P-000157,DEP-0000466,5,2025-05-01,2025-05-05,2025-05-26,21,Extended,4,5,True,Remote/Difficult Terrain
P-000157,DEP-0000467,6,2025-06-01,2025-06-05,2025-06-24,19,Extended,4,5,True,Remote/Difficult Terrain
P-000157,DEP-0000468,7,2025-07-01,2025-07-02,2025-07-28,26,Extended,4,5,True,High Altitude/Extreme
P-000157,DEP-0000469,8,2025-08-01,2025-08-03,2025-08-27,24,Extended,4,4,True,High Altitude/Extreme
P-000157,DEP-0000470,9,2025-09-01,2025-09-05,2025-09-28,23,Extended,4,4,True,High Altitude/Extreme
P-000158,DEP-0000471,3,2025-03-01,2025-03-03,2025-03-23,20,Extended,4,4,True,High Altitude/Extreme
P-000158,DEP-0000472,4,2025-04-01,2025-04-03,2025-04-27,24,Extended,4,4,True,High Altitude/Extreme
P-000158,DEP-0000473,5,2025-05-01,2025-05-04,2025-05-23,19,Extended,4,4,True,Remote/Difficult Terrain
P-000158,DEP-0000474,6,2025-06-01,2025-06-03,2025-06-28,25,Extended,3,5,True,Remote/Difficult Terrain
P-000158,DEP-0000475,7,2025-07-01,2025-07-02,2025-07-24,22,Extended,3,4,True,Remote/Difficult Terrain
P-000158,DEP-0000476,8,2025-08-01,2025-08-02,2025-08-24,22,Extended,4,5,True,High Altitude/Extreme
P-000158,DEP-0000477,9,2025-09-01,2025-09-05,2025-09-25,20,Extended,4,4,True,High Altitude/Extreme
P-000160,DEP-0000478,3,2025-03-01,2025-03-05,2025-03-26,21,Extended,3,4,True,Remote/Difficult Terrain
P-000160,DEP-0000479,4,2025-04-01,2025-04-03,2025-04-26,23,Extended,3,5,True,Remote/Difficult Terrain
P-000160,DEP-0000480,5,2025-05-01,2025-05-04,2025-05-28,24,Extended,3,4,True,High Altitude/Extreme
P-000160,DEP-0000481,6,2025-06-01,2025-06-03,2025-06-23,20,Extended,3,5,True,Remote/Difficult Terrain
P-000160,DEP-0000482,7,2025-07-01,2025-07-02,2025-07-28,26,Extended,3,5,True,Remote/Difficult Terrain
P-000160,DEP-0000483,8,2025-08-01,2025-08-02,2025-08-26,24,Extended,3,4,True,Remote/Difficult Terrain
P-000160,DEP-0000484,9,2025-09-01,2025-09-04,2025-09-26,22,Extended,4,4,True,Remote/Difficult Terrain
P-000162,DEP-0000485,4,2025-04-01,2025-04-04,2025-04-25,21,High Tempo,4,3,True,Remote/Difficult Terrain
P-000162,DEP-0000486,5,2025-05-01,2025-05-02,2025-05-28,26,High Tempo,3,3,False,Remote/Difficult Terrain
P-000162,DEP-0000487,6,2025-06-01,2025-06-02,2025-06-24,22,High Tempo,4,3,True,Semi-Urban Outpost
P-000162,DEP-0000488,7,2025-07-01,2025-07-03,2025-07-25,22,High Tempo,4,3,True,Semi-Urban Outpost
P-000162,DEP-0000489,8,2025-08-01,2025-08-02,2025-08-27,25,High Tempo,3,3,False,Semi-Urban Outpost
P-000163,DEP-0000490,4,2025-04-01,2025-04-02,2025-04-26,24,High Tempo,3,3,False,Remote/Difficult Terrain
P-000163,DEP-0000491,5,2025-05-01,2025-05-04,2025-05-24,20,High Tempo,3,3,False,Semi-Urban Outpost
P-000163,DEP-0000492,6,2025-06-01,2025-06-03,2025-06-25,22,High Tempo,4,3,True,Remote/Difficult Terrain
P-000163,DEP-0000493,7,2025-07-01,2025-07-02,2025-07-27,25,High Tempo,3,3,False,Remote/Difficult Terrain
P-000163,DEP-0000494,8,2025-08-01,2025-08-05,2025-08-25,20,High Tempo,4,4,True,Semi-Urban Outpost
P-000164,DEP-0000495,4,2025-04-01,2025-04-03,2025-04-26,23,High Tempo,3,3,False,Remote/Difficult Terrain
P-000164,DEP-0000496,5,2025-05-01,2025-05-02,2025-05-24,22,High Tempo,4,4,True,Semi-Urban Outpost
P-000164,DEP-0000497,6,2025-06-01,2025-06-04,2025-06-25,21,High Tempo,3,4,True,Semi-Urban Outpost
P-000164,DEP-0000498,7,2025-07-01,2025-07-04,2025-07-26,22,High Tempo,3,4,True,Remote/Difficult Terrain
P-000164,DEP-0000499,8,2025-08-01,2025-08-05,2025-08-26,21,High Tempo,4,3,True,Remote/Difficult Terrain
P-000165,DEP-0000500,4,2025-04-01,2025-04-02,2025-04-23,21,Routine,3,2,False,Semi-Urban Outpost
P-000166,DEP-0000501,4,2025-04-01,2025-04-04,2025-04-26,22,Extended,5,5,True,Remote/Difficult Terrain
P-000166,DEP-0000502,5,2025-05-01,2025-05-02,2025-05-28,26,Extended,5,4,True,Remote/Difficult Terrain
P-000166,DEP-0000503,6,2025-06-01,2025-06-04,2025-06-26,22,High Tempo,4,4,True,High Altitude/Extreme
P-000166,DEP-0000504,7,2025-07-01,2025-07-05,2025-07-23,18,Extended,4,5,True,High Altitude/Extreme
P-000166,DEP-0000505,8,2025-08-01,2025-08-05,2025-08-28,23,Extended,4,5,True,High Altitude/Extreme
P-000166,DEP-0000506,9,2025-09-01,2025-09-05,2025-09-24,19,Extended,4,5,True,Remote/Difficult Terrain
P-000166,DEP-0000507,10,2025-10-01,2025-10-02,2025-10-27,25,High Tempo,5,4,True,Remote/Difficult Terrain
P-000166,DEP-0000508,11,2025-11-01,2025-11-05,2025-11-28,23,High Tempo,5,4,True,Remote/Difficult Terrain
P-000167,DEP-0000509,5,2025-05-01,2025-05-05,2025-05-27,22,Routine,3,2,False,Semi-Urban Outpost
P-000168,DEP-0000510,5,2025-05-01,2025-05-05,2025-05-28,23,Routine,3,2,False,Urban Base
P-000170,DEP-0000511,4,2025-04-01,2025-04-04,2025-04-25,21,High Tempo,3,3,False,Semi-Urban Outpost
P-000170,DEP-0000512,5,2025-05-01,2025-05-03,2025-05-23,20,High Tempo,3,4,True,Remote/Difficult Terrain
P-000170,DEP-0000513,6,2025-06-01,2025-06-04,2025-06-28,24,High Tempo,3,4,True,Semi-Urban Outpost
P-000170,DEP-0000514,7,2025-07-01,2025-07-04,2025-07-23,19,High Tempo,3,4,True,Semi-Urban Outpost
P-000170,DEP-0000515,8,2025-08-01,2025-08-02,2025-08-27,25,High Tempo,4,4,True,Remote/Difficult Terrain
P-000171,DEP-0000516,3,2025-03-01,2025-03-05,2025-03-28,23,Extended,3,5,True,Remote/Difficult Terrain
P-000171,DEP-0000517,4,2025-04-01,2025-04-02,2025-04-25,23,Extended,3,5,True,Remote/Difficult Terrain
P-000171,DEP-0000518,5,2025-05-01,2025-05-04,2025-05-24,20,Extended,3,5,True,Remote/Difficult Terrain
P-000171,DEP-0000519,6,2025-06-01,2025-06-03,2025-06-25,22,Extended,4,5,True,High Altitude/Extreme
P-000171,DEP-0000520,7,2025-07-01,2025-07-03,2025-07-24,21,Extended,4,5,True,Remote/Difficult Terrain
P-000171,DEP-0000521,8,2025-08-01,2025-08-04,2025-08-27,23,Extended,4,4,True,Remote/Difficult Terrain
P-000171,DEP-0000522,9,2025-09-01,2025-09-02,2025-09-27,25,Extended,3,5,True,Remote/Difficult Terrain
P-000172,DEP-0000523,4,2025-04-01,2025-04-03,2025-04-25,22,Routine,2,1,False,Urban Base
P-000173,DEP-0000524,4,2025-04-01,2025-04-05,2025-04-26,21,High Tempo,4,4,True,Semi-Urban Outpost
P-000173,DEP-0000525,5,2025-05-01,2025-05-02,2025-05-26,24,High Tempo,3,3,False,Remote/Difficult Terrain
P-000173,DEP-0000526,6,2025-06-01,2025-06-02,2025-06-26,24,High Tempo,4,3,True,Semi-Urban Outpost
P-000173,DEP-0000527,7,2025-07-01,2025-07-03,2025-07-28,25,High Tempo,4,4,True,Semi-Urban Outpost
P-000173,DEP-0000528,8,2025-08-01,2025-08-03,2025-08-26,23,High Tempo,4,3,True,Semi-Urban Outpost
P-000175,DEP-0000529,4,2025-04-01,2025-04-03,2025-04-25,22,High Tempo,4,4,True,Remote/Difficult Terrain
P-000175,DEP-0000530,5,2025-05-01,2025-05-05,2025-05-25,20,High Tempo,4,4,True,Semi-Urban Outpost
P-000175,DEP-0000531,6,2025-06-01,2025-06-03,2025-06-25,22,High Tempo,4,4,True,Remote/Difficult Terrain
P-000175,DEP-0000532,7,2025-07-01,2025-07-03,2025-07-26,23,High Tempo,3,4,True,Remote/Difficult Terrain
P-000175,DEP-0000533,8,2025-08-01,2025-08-03,2025-08-28,25,High Tempo,3,3,False,Remote/Difficult Terrain
P-000176,DEP-0000534,5,2025-05-01,2025-05-02,2025-05-25,23,Routine,3,2,False,Semi-Urban Outpost
P-000177,DEP-0000535,3,2025-03-01,2025-03-03,2025-03-23,20,Extended,4,4,True,High Altitude/Extreme
P-000177,DEP-0000536,4,2025-04-01,2025-04-03,2025-04-23,20,Extended,3,5,True,Remote/Difficult Terrain
P-000177,DEP-0000537,5,2025-05-01,2025-05-05,2025-05-27,22,Extended,4,4,True,High Altitude/Extreme
P-000177,DEP-0000538,6,2025-06-01,2025-06-04,2025-06-25,21,Extended,3,5,True,Remote/Difficult Terrain
P-000177,DEP-0000539,7,2025-07-01,2025-07-03,2025-07-23,20,Extended,3,4,True,Remote/Difficult Terrain
P-000177,DEP-0000540,8,2025-08-01,2025-08-02,2025-08-27,25,Extended,4,4,True,Remote/Difficult Terrain
P-000177,DEP-0000541,9,2025-09-01,2025-09-04,2025-09-28,24,Extended,4,4,True,Remote/Difficult Terrain
P-000179,DEP-0000542,2,2025-02-01,2025-02-03,2025-02-27,24,High Tempo,4,4,True,Remote/Difficult Terrain
P-000179,DEP-0000543,3,2025-03-01,2025-03-05,2025-03-25,20,High Tempo,4,4,True,Remote/Difficult Terrain
P-000179,DEP-0000544,4,2025-04-01,2025-04-03,2025-04-24,21,High Tempo,4,4,True,Remote/Difficult Terrain
P-000179,DEP-0000545,5,2025-05-01,2025-05-02,2025-05-27,25,High Tempo,4,4,True,Remote/Difficult Terrain
P-000180,DEP-0000546,5,2025-05-01,2025-05-05,2025-05-27,22,Routine,3,1,False,Urban Base
P-000183,DEP-0000547,2,2025-02-01,2025-02-02,2025-02-26,24,High Tempo,4,4,True,Remote/Difficult Terrain
P-000183,DEP-0000548,3,2025-03-01,2025-03-05,2025-03-23,18,High Tempo,4,4,True,Remote/Difficult Terrain
P-000183,DEP-0000549,4,2025-04-01,2025-04-02,2025-04-23,21,High Tempo,4,4,True,Remote/Difficult Terrain
P-000183,DEP-0000550,5,2025-05-01,2025-05-02,2025-05-24,22,High Tempo,4,4,True,Remote/Difficult Terrain
P-000184,DEP-0000551,2,2025-02-01,2025-02-02,2025-02-26,24,High Tempo,4,4,True,Remote/Difficult Terrain
P-000184,DEP-0000552,3,2025-03-01,2025-03-02,2025-03-25,23,High Tempo,4,4,True,Remote/Difficult Terrain
P-000184,DEP-0000553,4,2025-04-01,2025-04-04,2025-04-27,23,High Tempo,4,4,True,Remote/Difficult Terrain
P-000184,DEP-0000554,5,2025-05-01,2025-05-04,2025-05-24,20,High Tempo,4,4,True,Remote/Difficult Terrain
P-000185,DEP-0000555,4,2025-04-01,2025-04-03,2025-04-28,25,Routine,2,2,False,Semi-Urban Outpost
P-000185,DEP-0000556,5,2025-05-01,2025-05-04,2025-05-24,20,Routine,2,2,False,Semi-Urban Outpost
P-000186,DEP-0000557,3,2025-03-01,2025-03-03,2025-03-24,21,Extended,4,4,True,Remote/Difficult Terrain
P-000186,DEP-0000558,4,2025-04-01,2025-04-05,2025-04-24,19,Extended,3,5,True,High Altitude/Extreme
P-000186,DEP-0000559,5,2025-05-01,2025-05-02,2025-05-27,25,Extended,3,4,True,Remote/Difficult Terrain
P-000186,DEP-0000560,6,2025-06-01,2025-06-02,2025-06-24,22,Extended,4,5,True,High Altitude/Extreme
P-000186,DEP-0000561,7,2025-07-01,2025-07-04,2025-07-28,24,Extended,4,5,True,High Altitude/Extreme
P-000186,DEP-0000562,8,2025-08-01,2025-08-04,2025-08-25,21,Extended,3,5,True,Remote/Difficult Terrain
P-000186,DEP-0000563,9,2025-09-01,2025-09-04,2025-09-28,24,Extended,4,4,True,High Altitude/Extreme
P-000187,DEP-0000564,4,2025-04-01,2025-04-05,2025-04-25,20,Extended,5,4,True,High Altitude/Extreme
P-000187,DEP-0000565,5,2025-05-01,2025-05-04,2025-05-26,22,High Tempo,5,5,True,Remote/Difficult Terrain
P-000187,DEP-0000566,6,2025-06-01,2025-06-04,2025-06-27,23,Extended,5,5,True,High Altitude/Extreme
P-000187,DEP-0000567,7,2025-07-01,2025-07-04,2025-07-25,21,High Tempo,5,5,True,Remote/Difficult Terrain
P-000187,DEP-0000568,8,2025-08-01,2025-08-05,2025-08-24,19,High Tempo,4,5,True,High Altitude/Extreme
P-000187,DEP-0000569,9,2025-09-01,2025-09-05,2025-09-28,23,High Tempo,4,5,True,High Altitude/Extreme
P-000187,DEP-0000570,10,2025-10-01,2025-10-03,2025-10-24,21,Extended,5,5,True,Remote/Difficult Terrain
P-000187,DEP-0000571,11,2025-11-01,2025-11-03,2025-11-26,23,Extended,4,4,True,High Altitude/Extreme
P-000188,DEP-0000572,4,2025-04-01,2025-04-05,2025-04-25,20,High Tempo,4,4,True,Remote/Difficult Terrain
P-000188,DEP-0000573,5,2025-05-01,2025-05-03,2025-05-23,20,High Tempo,4,3,True,Remote/Difficult Terrain
P-000188,DEP-0000574,6,2025-06-01,2025-06-02,2025-06-23,21,High Tempo,3,4,True,Remote/Difficult Terrain
P-000188,DEP-0000575,7,2025-07-01,2025-07-03,2025-07-27,24,High Tempo,3,4,True,Remote/Difficult Terrain
P-000188,DEP-0000576,8,2025-08-01,2025-08-02,2025-08-24,22,High Tempo,3,3,False,Remote/Difficult Terrain
P-000189,DEP-0000577,4,2025-04-01,2025-04-04,2025-04-28,24,High Tempo,4,4,True,Semi-Urban Outpost
P-000189,DEP-0000578,5,2025-05-01,2025-05-02,2025-05-25,23,High Tempo,3,4,True,Semi-Urban Outpost
P-000189,DEP-0000579,6,2025-06-01,2025-06-05,2025-06-27,22,High Tempo,3,3,False,Remote/Difficult Terrain
P-000189,DEP-0000580,7,2025-07-01,2025-07-02,2025-07-24,22,High Tempo,4,4,True,Semi-Urban Outpost
P-000189,DEP-0000581,8,2025-08-01,2025-08-05,2025-08-26,21,High Tempo,4,4,True,Remote/Difficult Terrain
P-000190,DEP-0000582,4,2025-04-01,2025-04-03,2025-04-24,21,Routine,3,1,False,Urban Base
P-000192,DEP-0000583,2,2025-02-01,2025-02-03,2025-02-26,23,High Tempo,4,4,True,Remote/Difficult Terrain
P-000192,DEP-0000584,3,2025-03-01,2025-03-02,2025-03-27,25,High Tempo,4,4,True,Remote/Difficult Terrain
P-000192,DEP-0000585,4,2025-04-01,2025-04-05,2025-04-23,18,High Tempo,4,4,True,Remote/Difficult Terrain
P-000192,DEP-0000586,5,2025-05-01,2025-05-02,2025-05-26,24,High Tempo,4,4,True,Remote/Difficult Terrain
P-000193,DEP-0000587,2,2025-02-01,2025-02-05,2025-02-26,21,High Tempo,4,4,True,Remote/Difficult Terrain
P-000193,DEP-0000588,3,2025-03-01,2025-03-03,2025-03-26,23,High Tempo,4,4,True,Remote/Difficult Terrain
P-000193,DEP-0000589,4,2025-04-01,2025-04-04,2025-04-27,23,High Tempo,4,4,True,Remote/Difficult Terrain
P-000193,DEP-0000590,5,2025-05-01,2025-05-04,2025-05-28,24,High Tempo,4,4,True,Remote/Difficult Terrain
P-000194,DEP-0000591,4,2025-04-01,2025-04-05,2025-04-24,19,High Tempo,3,3,False,Semi-Urban Outpost
P-000194,DEP-0000592,5,2025-05-01,2025-05-05,2025-05-23,18,High Tempo,4,3,True,Remote/Difficult Terrain
P-000194,DEP-0000593,6,2025-06-01,2025-06-05,2025-06-24,19,High Tempo,3,4,True,Remote/Difficult Terrain
P-000194,DEP-0000594,7,2025-07-01,2025-07-03,2025-07-24,21,High Tempo,3,4,True,Semi-Urban Outpost
P-000194,DEP-0000595,8,2025-08-01,2025-08-03,2025-08-26,23,High Tempo,4,4,True,Semi-Urban Outpost
P-000195,DEP-0000596,5,2025-05-01,2025-05-04,2025-05-23,19,Routine,2,1,False,Semi-Urban Outpost
P-000197,DEP-0000597,3,2025-03-01,2025-03-03,2025-03-28,25,Extended,3,5,True,Remote/Difficult Terrain
P-000197,DEP-0000598,4,2025-04-01,2025-04-05,2025-04-28,23,Extended,4,5,True,Remote/Difficult Terrain
P-000197,DEP-0000599,5,2025-05-01,2025-05-05,2025-05-26,21,Extended,4,5,True,High Altitude/Extreme
P-000197,DEP-0000600,6,2025-06-01,2025-06-05,2025-06-27,22,Extended,3,5,True,High Altitude/Extreme
P-000197,DEP-0000601,7,2025-07-01,2025-07-04,2025-07-26,22,Extended,4,5,True,High Altitude/Extreme
P-000197,DEP-0000602,8,2025-08-01,2025-08-03,2025-08-23,20,Extended,4,4,True,Remote/Difficult Terrain
P-000197,DEP-0000603,9,2025-09-01,2025-09-05,2025-09-23,18,Extended,4,5,True,Remote/Difficult Terrain
P-000198,DEP-0000604,2,2025-02-01,2025-02-04,2025-02-27,23,High Tempo,4,4,True,Remote/Difficult Terrain
P-000198,DEP-0000605,3,2025-03-01,2025-03-02,2025-03-27,25,High Tempo,4,4,True,Remote/Difficult Terrain
P-000198,DEP-0000606,4,2025-04-01,2025-04-05,2025-04-23,18,High Tempo,4,4,True,Remote/Difficult Terrain
P-000198,DEP-0000607,5,2025-05-01,2025-05-02,2025-05-27,25,High Tempo,4,4,True,Remote/Difficult Terrain
P-000199,DEP-0000608,2,2025-02-01,2025-02-02,2025-02-27,25,High Tempo,4,4,True,Remote/Difficult Terrain
P-000199,DEP-0000609,3,2025-03-01,2025-03-04,2025-03-24,20,High Tempo,4,4,True,Remote/Difficult Terrain
P-000199,DEP-0000610,4,2025-04-01,2025-04-05,2025-04-23,18,High Tempo,4,4,True,Remote/Difficult Terrain
P-000199,DEP-0000611,5,2025-05-01,2025-05-05,2025-05-26,21,High Tempo,4,4,True,Remote/Difficult Terrain
P-000200,DEP-0000612,4,2025-04-01,2025-04-02,2025-04-26,24,High Tempo,5,4,True,High Altitude/Extreme
P-000200,DEP-0000613,5,2025-05-01,2025-05-02,2025-05-23,21,High Tempo,4,4,True,Remote/Difficult Terrain
P-000200,DEP-0000614,6,2025-06-01,2025-06-05,2025-06-25,20,High Tempo,4,4,True,Remote/Difficult Terrain
P-000200,DEP-0000615,7,2025-07-01,2025-07-05,2025-07-26,21,High Tempo,4,5,True,High Altitude/Extreme
P-000200,DEP-0000616,8,2025-08-01,2025-08-05,2025-08-24,19,Extended,4,4,True,High Altitude/Extreme
P-000200,DEP-0000617,9,2025-09-01,2025-09-04,2025-09-24,20,High Tempo,4,4,True,High Altitude/Extreme
P-000200,DEP-0000618,10,2025-10-01,2025-10-05,2025-10-25,20,High Tempo,5,4,True,High Altitude/Extreme
P-000200,DEP-0000619,11,2025-11-01,2025-11-05,2025-11-26,21,High Tempo,5,5,True,Remote/Difficult Terrain
P-000201,DEP-0000620,4,2025-04-01,2025-04-02,2025-04-24,22,High Tempo,4,3,True,Semi-Urban Outpost
P-000201,DEP-0000621,5,2025-05-01,2025-05-02,2025-05-24,22,High Tempo,3,4,True,Semi-Urban Outpost
P-000201,DEP-0000622,6,2025-06-01,2025-06-02,2025-06-27,25,High Tempo,3,3,False,Semi-Urban Outpost
P-000201,DEP-0000623,7,2025-07-01,2025-07-05,2025-07-27,22,High Tempo,4,4,True,Remote/Difficult Terrain
P-000201,DEP-0000624,8,2025-08-01,2025-08-05,2025-08-23,18,High Tempo,4,3,True,Semi-Urban Outpost
P-000203,DEP-0000625,5,2025-05-01,2025-05-02,2025-05-23,21,Routine,2,2,False,Semi-Urban Outpost
P-000204,DEP-0000626,2,2025-02-01,2025-02-02,2025-02-26,24,High Tempo,4,4,True,Remote/Difficult Terrain
P-000204,DEP-0000627,3,2025-03-01,2025-03-04,2025-03-28,24,High Tempo,4,4,True,Remote/Difficult Terrain
P-000204,DEP-0000628,4,2025-04-01,2025-04-04,2025-04-27,23,High Tempo,4,4,True,Remote/Difficult Terrain
P-000204,DEP-0000629,5,2025-05-01,2025-05-03,2025-05-27,24,High Tempo,4,4,True,Remote/Difficult Terrain
P-000205,DEP-0000630,4,2025-04-01,2025-04-04,2025-04-25,21,High Tempo,3,3,False,Remote/Difficult Terrain
P-000205,DEP-0000631,5,2025-05-01,2025-05-05,2025-05-26,21,High Tempo,4,4,True,Remote/Difficult Terrain
P-000205,DEP-0000632,6,2025-06-01,2025-06-02,2025-06-24,22,High Tempo,4,4,True,Semi-Urban Outpost
P-000205,DEP-0000633,7,2025-07-01,2025-07-03,2025-07-23,20,High Tempo,4,3,True,Remote/Difficult Terrain
P-000205,DEP-0000634,8,2025-08-01,2025-08-04,2025-08-25,21,High Tempo,3,3,False,Semi-Urban Outpost
P-000206,DEP-0000635,4,2025-04-01,2025-04-04,2025-04-26,22,Routine,3,2,False,Urban Base
P-000207,DEP-0000636,4,2025-04-01,2025-04-02,2025-04-23,21,Routine,2,1,False,Semi-Urban Outpost
P-000208,DEP-0000637,3,2025-03-01,2025-03-04,2025-03-25,21,Extended,4,4,True,Remote/Difficult Terrain
P-000208,DEP-0000638,4,2025-04-01,2025-04-02,2025-04-24,22,Extended,3,5,True,Remote/Difficult Terrain
P-000208,DEP-0000639,5,2025-05-01,2025-05-02,2025-05-24,22,Extended,3,4,True,Remote/Difficult Terrain
P-000208,DEP-0000640,6,2025-06-01,2025-06-05,2025-06-27,22,Extended,4,5,True,High Altitude/Extreme
P-000208,DEP-0000641,7,2025-07-01,2025-07-05,2025-07-28,23,Extended,3,5,True,Remote/Difficult Terrain
P-000208,DEP-0000642,8,2025-08-01,2025-08-03,2025-08-23,20,Extended,4,4,True,Remote/Difficult Terrain
P-000208,DEP-0000643,9,2025-09-01,2025-09-03,2025-09-27,24,Extended,3,4,True,High Altitude/Extreme
P-000209,DEP-0000644,4,2025-04-01,2025-04-02,2025-04-24,22,Routine,3,2,False,Urban Base
P-000209,DEP-0000645,5,2025-05-01,2025-05-04,2025-05-26,22,Routine,3,1,False,Semi-Urban Outpost
P-000210,DEP-0000646,4,2025-04-01,2025-04-02,2025-04-24,22,Routine,2,2,False,Semi-Urban Outpost
P-000210,DEP-0000647,5,2025-05-01,2025-05-05,2025-05-24,19,Routine,3,2,False,Semi-Urban Outpost
P-000211,DEP-0000648,4,2025-04-01,2025-04-04,2025-04-23,19,High Tempo,4,4,True,Semi-Urban Outpost
P-000211,DEP-0000649,5,2025-05-01,2025-05-03,2025-05-26,23,High Tempo,3,4,True,Semi-Urban Outpost
P-000211,DEP-0000650,6,2025-06-01,2025-06-05,2025-06-27,22,High Tempo,4,3,True,Remote/Difficult Terrain
P-000211,DEP-0000651,7,2025-07-01,2025-07-03,2025-07-27,24,High Tempo,4,4,True,Remote/Difficult Terrain
P-000211,DEP-0000652,8,2025-08-01,2025-08-02,2025-08-28,26,High Tempo,4,3,True,Semi-Urban Outpost
P-000212,DEP-0000653,3,2025-03-01,2025-03-04,2025-03-23,19,Extended,3,5,True,Remote/Difficult Terrain
P-000212,DEP-0000654,4,2025-04-01,2025-04-03,2025-04-26,23,Extended,4,4,True,High Altitude/Extreme
P-000212,DEP-0000655,5,2025-05-01,2025-05-02,2025-05-28,26,Extended,4,5,True,Remote/Difficult Terrain
P-000212,DEP-0000656,6,2025-06-01,2025-06-05,2025-06-25,20,Extended,4,4,True,High Altitude/Extreme
P-000212,DEP-0000657,7,2025-07-01,2025-07-04,2025-07-28,24,Extended,3,4,True,High Altitude/Extreme
P-000212,DEP-0000658,8,2025-08-01,2025-08-05,2025-08-24,19,Extended,3,5,True,High Altitude/Extreme
P-000212,DEP-0000659,9,2025-09-01,2025-09-04,2025-09-26,22,Extended,3,5,True,High Altitude/Extreme
P-000213,DEP-0000660,3,2025-03-01,2025-03-02,2025-03-28,26,Extended,4,5,True,Remote/Difficult Terrain
P-000213,DEP-0000661,4,2025-04-01,2025-04-02,2025-04-25,23,Extended,4,4,True,High Altitude/Extreme
P-000213,DEP-0000662,5,2025-05-01,2025-05-03,2025-05-24,21,Extended,4,5,True,High Altitude/Extreme
P-000213,DEP-0000663,6,2025-06-01,2025-06-02,2025-06-23,21,Extended,3,5,True,Remote/Difficult Terrain
P-000213,DEP-0000664,7,2025-07-01,2025-07-04,2025-07-23,19,Extended,4,5,True,High Altitude/Extreme
P-000213,DEP-0000665,8,2025-08-01,2025-08-02,2025-08-28,26,Extended,4,5,True,Remote/Difficult Terrain
P-000213,DEP-0000666,9,2025-09-01,2025-09-04,2025-09-26,22,Extended,3,4,True,High Altitude/Extreme
P-000214,DEP-0000667,4,2025-04-01,2025-04-02,2025-04-28,26,Routine,3,1,False,Semi-Urban Outpost
P-000214,DEP-0000668,5,2025-05-01,2025-05-02,2025-05-25,23,Routine,3,2,False,Semi-Urban Outpost
P-000215,DEP-0000669,3,2025-03-01,2025-03-03,2025-03-23,20,Extended,4,4,True,High Altitude/Extreme
P-000215,DEP-0000670,4,2025-04-01,2025-04-05,2025-04-27,22,Extended,3,5,True,High Altitude/Extreme
P-000215,DEP-0000671,5,2025-05-01,2025-05-02,2025-05-25,23,Extended,4,4,True,High Altitude/Extreme
P-000215,DEP-0000672,6,2025-06-01,2025-06-04,2025-06-28,24,Extended,4,4,True,High Altitude/Extreme
P-000215,DEP-0000673,7,2025-07-01,2025-07-03,2025-07-23,20,Extended,4,5,True,Remote/Difficult Terrain
P-000215,DEP-0000674,8,2025-08-01,2025-08-05,2025-08-25,20,Extended,3,5,True,Remote/Difficult Terrain
P-000215,DEP-0000675,9,2025-09-01,2025-09-04,2025-09-25,21,Extended,3,4,True,Remote/Difficult Terrain
P-000216,DEP-0000676,4,2025-04-01,2025-04-02,2025-04-27,25,Routine,2,1,False,Urban Base
P-000218,DEP-0000677,3,2025-03-01,2025-03-04,2025-03-25,21,Extended,3,5,True,Remote/Difficult Terrain
P-000218,DEP-0000678,4,2025-04-01,2025-04-02,2025-04-26,24,Extended,4,5,True,Remote/Difficult Terrain
P-000218,DEP-0000679,5,2025-05-01,2025-05-05,2025-05-24,19,Extended,4,5,True,High Altitude/Extreme
P-000218,DEP-0000680,6,2025-06-01,2025-06-02,2025-06-27,25,Extended,3,4,True,Remote/Difficult Terrain
P-000218,DEP-0000681,7,2025-07-01,2025-07-02,2025-07-24,22,Extended,3,5,True,Remote/Difficult Terrain
P-000218,DEP-0000682,8,2025-08-01,2025-08-05,2025-08-23,18,Extended,3,5,True,High Altitude/Extreme
P-000218,DEP-0000683,9,2025-09-01,2025-09-03,2025-09-24,21,Extended,4,5,True,High Altitude/Extreme
P-000219,DEP-0000684,4,2025-04-01,2025-04-02,2025-04-25,23,High Tempo,3,3,False,Remote/Difficult Terrain
P-000219,DEP-0000685,5,2025-05-01,2025-05-02,2025-05-25,23,High Tempo,4,3,True,Semi-Urban Outpost
P-000219,DEP-0000686,6,2025-06-01,2025-06-03,2025-06-23,20,High Tempo,4,3,True,Remote/Difficult Terrain
P-000219,DEP-0000687,7,2025-07-01,2025-07-03,2025-07-24,21,High Tempo,4,4,True,Semi-Urban Outpost
P-000219,DEP-0000688,8,2025-08-01,2025-08-02,2025-08-26,24,High Tempo,4,3,True,Semi-Urban Outpost
P-000220,DEP-0000689,4,2025-04-01,2025-04-05,2025-04-27,22,High Tempo,5,4,True,High Altitude/Extreme
P-000220,DEP-0000690,5,2025-05-01,2025-05-02,2025-05-25,23,High Tempo,4,4,True,High Altitude/Extreme
P-000220,DEP-0000691,6,2025-06-01,2025-06-04,2025-06-24,20,High Tempo,4,4,True,Remote/Difficult Terrain
P-000220,DEP-0000692,7,2025-07-01,2025-07-04,2025-07-25,21,Extended,4,5,True,High Altitude/Extreme
P-000220,DEP-0000693,8,2025-08-01,2025-08-02,2025-08-26,24,Extended,4,4,True,High Altitude/Extreme
P-000220,DEP-0000694,9,2025-09-01,2025-09-05,2025-09-27,22,Extended,4,4,True,High Altitude/Extreme
P-000220,DEP-0000695,10,2025-10-01,2025-10-04,2025-10-23,19,High Tempo,5,5,True,High Altitude/Extreme
P-000220,DEP-0000696,11,2025-11-01,2025-11-03,2025-11-23,20,Extended,4,4,True,Remote/Difficult Terrain
P-000221,DEP-0000697,3,2025-03-01,2025-03-03,2025-03-25,22,Extended,3,4,True,High Altitude/Extreme
P-000221,DEP-0000698,4,2025-04-01,2025-04-04,2025-04-25,21,Extended,3,5,True,High Altitude/Extreme
P-000221,DEP-0000699,5,2025-05-01,2025-05-02,2025-05-24,22,Extended,3,5,True,Remote/Difficult Terrain
P-000221,DEP-0000700,6,2025-06-01,2025-06-05,2025-06-25,20,Extended,4,5,True,Remote/Difficult Terrain
P-000221,DEP-0000701,7,2025-07-01,2025-07-04,2025-07-26,22,Extended,4,5,True,High Altitude/Extreme
P-000221,DEP-0000702,8,2025-08-01,2025-08-05,2025-08-24,19,Extended,3,5,True,High Altitude/Extreme
P-000221,DEP-0000703,9,2025-09-01,2025-09-04,2025-09-26,22,Extended,3,5,True,Remote/Difficult Terrain
P-000222,DEP-0000704,4,2025-04-01,2025-04-05,2025-04-25,20,High Tempo,4,3,True,Semi-Urban Outpost
P-000222,DEP-0000705,5,2025-05-01,2025-05-05,2025-05-27,22,High Tempo,4,4,True,Semi-Urban Outpost
P-000222,DEP-0000706,6,2025-06-01,2025-06-03,2025-06-28,25,High Tempo,4,3,True,Semi-Urban Outpost
P-000222,DEP-0000707,7,2025-07-01,2025-07-04,2025-07-28,24,High Tempo,4,4,True,Semi-Urban Outpost
P-000222,DEP-0000708,8,2025-08-01,2025-08-04,2025-08-27,23,High Tempo,4,3,True,Semi-Urban Outpost
P-000224,DEP-0000709,4,2025-04-01,2025-04-05,2025-04-28,23,Routine,2,2,False,Urban Base
P-000226,DEP-0000710,5,2025-05-01,2025-05-02,2025-05-25,23,Routine,3,2,False,Urban Base
P-000227,DEP-0000711,6,2025-06-01,2025-06-04,2025-06-28,24,High Tempo,4,3,True,Semi-Urban Outpost
P-000227,DEP-0000712,7,2025-07-01,2025-07-03,2025-07-27,24,High Tempo,4,3,True,Semi-Urban Outpost
P-000228,DEP-0000713,4,2025-04-01,2025-04-04,2025-04-23,19,Routine,2,2,False,Semi-Urban Outpost
P-000229,DEP-0000714,2,2025-02-01,2025-02-03,2025-02-26,23,High Tempo,4,4,True,Remote/Difficult Terrain
P-000229,DEP-0000715,3,2025-03-01,2025-03-02,2025-03-25,23,High Tempo,4,4,True,Remote/Difficult Terrain
P-000229,DEP-0000716,4,2025-04-01,2025-04-04,2025-04-25,21,High Tempo,4,4,True,Remote/Difficult Terrain
P-000229,DEP-0000717,5,2025-05-01,2025-05-05,2025-05-26,21,High Tempo,4,4,True,Remote/Difficult Terrain
P-000230,DEP-0000718,4,2025-04-01,2025-04-05,2025-04-24,19,High Tempo,3,4,True,Remote/Difficult Terrain
P-000230,DEP-0000719,5,2025-05-01,2025-05-05,2025-05-23,18,High Tempo,3,4,True,Semi-Urban Outpost
P-000230,DEP-0000720,6,2025-06-01,2025-06-04,2025-06-24,20,High Tempo,3,3,False,Remote/Difficult Terrain
P-000230,DEP-0000721,7,2025-07-01,2025-07-03,2025-07-23,20,High Tempo,4,4,True,Remote/Difficult Terrain
P-000230,DEP-0000722,8,2025-08-01,2025-08-05,2025-08-24,19,High Tempo,3,4,True,Semi-Urban Outpost
P-000231,DEP-0000723,4,2025-04-01,2025-04-05,2025-04-24,19,High Tempo,5,4,True,Remote/Difficult Terrain
P-000231,DEP-0000724,5,2025-05-01,2025-05-02,2025-05-28,26,Extended,5,4,True,High Altitude/Extreme
P-000231,DEP-0000725,6,2025-06-01,2025-06-04,2025-06-27,23,Extended,5,5,True,Remote/Difficult Terrain
P-000231,DEP-0000726,7,2025-07-01,2025-07-02,2025-07-23,21,High Tempo,5,5,True,Remote/Difficult Terrain
P-000231,DEP-0000727,8,2025-08-01,2025-08-02,2025-08-25,23,Extended,4,4,True,Remote/Difficult Terrain
P-000231,DEP-0000728,9,2025-09-01,2025-09-02,2025-09-26,24,Extended,4,4,True,Remote/Difficult Terrain
P-000231,DEP-0000729,10,2025-10-01,2025-10-03,2025-10-26,23,High Tempo,5,4,True,Remote/Difficult Terrain
P-000231,DEP-0000730,11,2025-11-01,2025-11-03,2025-11-26,23,High Tempo,5,4,True,High Altitude/Extreme
P-000232,DEP-0000731,4,2025-04-01,2025-04-04,2025-04-24,20,High Tempo,3,3,False,Remote/Difficult Terrain
P-000232,DEP-0000732,5,2025-05-01,2025-05-02,2025-05-23,21,High Tempo,4,4,True,Semi-Urban Outpost
P-000232,DEP-0000733,6,2025-06-01,2025-06-05,2025-06-28,23,High Tempo,3,4,True,Semi-Urban Outpost
P-000232,DEP-0000734,7,2025-07-01,2025-07-05,2025-07-28,23,High Tempo,4,4,True,Remote/Difficult Terrain
P-000232,DEP-0000735,8,2025-08-01,2025-08-05,2025-08-23,18,High Tempo,4,3,True,Remote/Difficult Terrain
P-000233,DEP-0000736,4,2025-04-01,2025-04-03,2025-04-26,23,High Tempo,3,4,True,Remote/Difficult Terrain
P-000233,DEP-0000737,5,2025-05-01,2025-05-02,2025-05-23,21,High Tempo,3,4,True,Semi-Urban Outpost
P-000233,DEP-0000738,6,2025-06-01,2025-06-02,2025-06-28,26,High Tempo,3,3,False,Remote/Difficult Terrain
P-000233,DEP-0000739,7,2025-07-01,2025-07-04,2025-07-26,22,High Tempo,3,3,False,Remote/Difficult Terrain
P-000233,DEP-0000740,8,2025-08-01,2025-08-03,2025-08-25,22,High Tempo,4,3,True,Semi-Urban Outpost
P-000234,DEP-0000741,5,2025-05-01,2025-05-02,2025-05-25,23,Routine,3,2,False,Urban Base
P-000236,DEP-0000742,3,2025-03-01,2025-03-02,2025-03-26,24,Extended,4,5,True,Remote/Difficult Terrain
P-000236,DEP-0000743,4,2025-04-01,2025-04-04,2025-04-23,19,Extended,3,4,True,Remote/Difficult Terrain
P-000236,DEP-0000744,5,2025-05-01,2025-05-03,2025-05-28,25,Extended,3,5,True,High Altitude/Extreme
P-000236,DEP-0000745,6,2025-06-01,2025-06-05,2025-06-25,20,Extended,4,4,True,High Altitude/Extreme
P-000236,DEP-0000746,7,2025-07-01,2025-07-02,2025-07-25,23,Extended,4,4,True,High Altitude/Extreme
P-000236,DEP-0000747,8,2025-08-01,2025-08-03,2025-08-24,21,Extended,3,5,True,High Altitude/Extreme
P-000236,DEP-0000748,9,2025-09-01,2025-09-04,2025-09-26,22,Extended,3,4,True,High Altitude/Extreme
P-000237,DEP-0000749,4,2025-04-01,2025-04-02,2025-04-24,22,Routine,3,1,False,Semi-Urban Outpost
P-000237,DEP-0000750,5,2025-05-01,2025-05-02,2025-05-27,25,Routine,3,1,False,Urban Base
P-000239,DEP-0000751,4,2025-04-01,2025-04-02,2025-04-24,22,High Tempo,3,3,False,Remote/Difficult Terrain
P-000239,DEP-0000752,5,2025-05-01,2025-05-03,2025-05-27,24,High Tempo,4,4,True,Semi-Urban Outpost
P-000239,DEP-0000753,6,2025-06-01,2025-06-02,2025-06-25,23,High Tempo,4,4,True,Remote/Difficult Terrain
P-000239,DEP-0000754,7,2025-07-01,2025-07-03,2025-07-23,20,High Tempo,3,3,False,Semi-Urban Outpost
P-000239,DEP-0000755,8,2025-08-01,2025-08-03,2025-08-23,20,High Tempo,3,4,True,Semi-Urban Outpost
P-000240,DEP-0000756,4,2025-04-01,2025-04-02,2025-04-25,23,Routine,2,1,False,Semi-Urban Outpost
P-000241,DEP-0000757,2,2025-02-01,2025-02-03,2025-02-28,25,High Tempo,4,4,True,Remote/Difficult Terrain
P-000241,DEP-0000758,3,2025-03-01,2025-03-05,2025-03-23,18,High Tempo,4,4,True,Remote/Difficult Terrain
P-000241,DEP-0000759,4,2025-04-01,2025-04-05,2025-04-24,19,High Tempo,4,4,True,Remote/Difficult Terrain
P-000241,DEP-0000760,5,2025-05-01,2025-05-04,2025-05-26,22,High Tempo,4,4,True,Remote/Difficult Terrain
P-000242,DEP-0000761,6,2025-06-01,2025-06-04,2025-06-24,20,High Tempo,4,3,True,Semi-Urban Outpost
P-000242,DEP-0000762,7,2025-07-01,2025-07-03,2025-07-27,24,High Tempo,4,3,True,Semi-Urban Outpost
P-000243,DEP-0000763,2,2025-02-01,2025-02-04,2025-02-23,19,High Tempo,4,4,True,Remote/Difficult Terrain
P-000243,DEP-0000764,3,2025-03-01,2025-03-05,2025-03-23,18,High Tempo,4,4,True,Remote/Difficult Terrain
P-000243,DEP-0000765,4,2025-04-01,2025-04-02,2025-04-24,22,High Tempo,4,4,True,Remote/Difficult Terrain
P-000243,DEP-0000766,5,2025-05-01,2025-05-02,2025-05-28,26,High Tempo,4,4,True,Remote/Difficult Terrain
P-000244,DEP-0000767,4,2025-04-01,2025-04-03,2025-04-23,20,Routine,3,1,False,Semi-Urban Outpost
P-000244,DEP-0000768,5,2025-05-01,2025-05-05,2025-05-28,23,Routine,2,2,False,Semi-Urban Outpost
P-000245,DEP-0000769,4,2025-04-01,2025-04-02,2025-04-25,23,Routine,3,2,False,Semi-Urban Outpost
P-000246,DEP-0000770,2,2025-02-01,2025-02-04,2025-02-25,21,High Tempo,4,4,True,Remote/Difficult Terrain
P-000246,DEP-0000771,3,2025-03-01,2025-03-03,2025-03-25,22,High Tempo,4,4,True,Remote/Difficult Terrain
P-000246,DEP-0000772,4,2025-04-01,2025-04-04,2025-04-26,22,High Tempo,4,4,True,Remote/Difficult Terrain
P-000246,DEP-0000773,5,2025-05-01,2025-05-05,2025-05-23,18,High Tempo,4,4,True,Remote/Difficult Terrain
P-000247,DEP-0000774,5,2025-05-01,2025-05-05,2025-05-26,21,Routine,2,2,False,Semi-Urban Outpost
P-000248,DEP-0000775,6,2025-06-01,2025-06-02,2025-06-26,24,High Tempo,4,3,True,Semi-Urban Outpost
P-000248,DEP-0000776,7,2025-07-01,2025-07-05,2025-07-28,23,High Tempo,4,3,True,Semi-Urban Outpost
P-000249,DEP-0000777,6,2025-06-01,2025-06-04,2025-06-24,20,High Tempo,4,3,True,Semi-Urban Outpost
P-000249,DEP-0000778,7,2025-07-01,2025-07-03,2025-07-23,20,High Tempo,4,3,True,Semi-Urban Outpost
P-000250,DEP-0000779,4,2025-04-01,2025-04-04,2025-04-26,22,High Tempo,5,4,True,High Altitude/Extreme
P-000250,DEP-0000780,5,2025-05-01,2025-05-04,2025-05-27,23,Extended,5,5,True,High Altitude/Extreme
P-000250,DEP-0000781,6,2025-06-01,2025-06-03,2025-06-25,22,High Tempo,5,5,True,Remote/Difficult Terrain
P-000250,DEP-0000782,7,2025-07-01,2025-07-04,2025-07-26,22,Extended,4,5,True,Remote/Difficult Terrain
P-000250,DEP-0000783,8,2025-08-01,2025-08-05,2025-08-23,18,High Tempo,5,4,True,High Altitude/Extreme
P-000250,DEP-0000784,9,2025-09-01,2025-09-02,2025-09-23,21,High Tempo,5,5,True,High Altitude/Extreme
P-000250,DEP-0000785,10,2025-10-01,2025-10-04,2025-10-24,20,Extended,4,4,True,High Altitude/Extreme
P-000250,DEP-0000786,11,2025-11-01,2025-11-03,2025-11-26,23,Extended,4,5,True,Remote/Difficult Terrain
P-000251,DEP-0000787,4,2025-04-01,2025-04-04,2025-04-25,21,Routine,2,1,False,Urban Base
P-000252,DEP-0000788,5,2025-05-01,2025-05-02,2025-05-23,21,Routine,2,2,False,Semi-Urban Outpost
P-000253,DEP-0000789,4,2025-04-01,2025-04-02,2025-04-28,26,High Tempo,4,5,True,Remote/Difficult Terrain
P-000253,DEP-0000790,5,2025-05-01,2025-05-04,2025-05-28,24,High Tempo,4,4,True,High Altitude/Extreme
P-000253,DEP-0000791,6,2025-06-01,2025-06-03,2025-06-25,22,High Tempo,4,5,True,High Altitude/Extreme
P-000253,DEP-0000792,7,2025-07-01,2025-07-05,2025-07-27,22,Extended,5,4,True,Remote/Difficult Terrain
P-000253,DEP-0000793,8,2025-08-01,2025-08-05,2025-08-23,18,Extended,4,4,True,Remote/Difficult Terrain
P-000253,DEP-0000794,9,2025-09-01,2025-09-03,2025-09-24,21,Extended,5,5,True,Remote/Difficult Terrain
P-000253,DEP-0000795,10,2025-10-01,2025-10-02,2025-10-23,21,High Tempo,4,4,True,High Altitude/Extreme
P-000253,DEP-0000796,11,2025-11-01,2025-11-05,2025-11-27,22,Extended,4,5,True,Remote/Difficult Terrain
P-000254,DEP-0000797,4,2025-04-01,2025-04-05,2025-04-25,20,Routine,3,2,False,Semi-Urban Outpost
P-000255,DEP-0000798,4,2025-04-01,2025-04-04,2025-04-27,23,Routine,3,1,False,Semi-Urban Outpost
P-000256,DEP-0000799,4,2025-04-01,2025-04-04,2025-04-24,20,High Tempo,3,3,False,Remote/Difficult Terrain
P-000256,DEP-0000800,5,2025-05-01,2025-05-02,2025-05-23,21,High Tempo,3,4,True,Remote/Difficult Terrain
P-000256,DEP-0000801,6,2025-06-01,2025-06-05,2025-06-24,19,High Tempo,4,4,True,Semi-Urban Outpost
P-000256,DEP-0000802,7,2025-07-01,2025-07-04,2025-07-23,19,High Tempo,3,4,True,Remote/Difficult Terrain
P-000256,DEP-0000803,8,2025-08-01,2025-08-03,2025-08-26,23,High Tempo,3,3,False,Semi-Urban Outpost
P-000257,DEP-0000804,2,2025-02-01,2025-02-02,2025-02-24,22,High Tempo,4,4,True,Remote/Difficult Terrain
P-000257,DEP-0000805,3,2025-03-01,2025-03-04,2025-03-26,22,High Tempo,4,4,True,Remote/Difficult Terrain
P-000257,DEP-0000806,4,2025-04-01,2025-04-05,2025-04-24,19,High Tempo,4,4,True,Remote/Difficult Terrain
P-000257,DEP-0000807,5,2025-05-01,2025-05-05,2025-05-28,23,High Tempo,4,4,True,Remote/Difficult Terrain
P-000258,DEP-0000808,3,2025-03-01,2025-03-03,2025-03-26,23,Extended,4,4,True,Remote/Difficult Terrain
P-000258,DEP-0000809,4,2025-04-01,2025-04-04,2025-04-24,20,Extended,4,5,True,Remote/Difficult Terrain
P-000258,DEP-0000810,5,2025-05-01,2025-05-03,2025-05-24,21,Extended,3,5,True,Remote/Difficult Terrain
P-000258,DEP-0000811,6,2025-06-01,2025-06-03,2025-06-25,22,Extended,3,4,True,Remote/Difficult Terrain
P-000258,DEP-0000812,7,2025-07-01,2025-07-02,2025-07-25,23,Extended,4,4,True,High Altitude/Extreme
P-000258,DEP-0000813,8,2025-08-01,2025-08-04,2025-08-25,21,Extended,3,5,True,Remote/Difficult Terrain
P-000258,DEP-0000814,9,2025-09-01,2025-09-04,2025-09-27,23,Extended,4,4,True,High Altitude/Extreme
P-000259,DEP-0000815,4,2025-04-01,2025-04-05,2025-04-24,19,High Tempo,3,4,True,Remote/Difficult Terrain
P-000259,DEP-0000816,5,2025-05-01,2025-05-05,2025-05-23,18,High Tempo,3,3,False,Remote/Difficult Terrain
P-000259,DEP-0000817,6,2025-06-01,2025-06-02,2025-06-28,26,High Tempo,3,3,False,Remote/Difficult Terrain
P-000259,DEP-0000818,7,2025-07-01,2025-07-03,2025-07-25,22,High Tempo,3,3,False,Semi-Urban Outpost
P-000259,DEP-0000819,8,2025-08-01,2025-08-03,2025-08-27,24,High Tempo,4,4,True,Remote/Difficult Terrain
P-000261,DEP-0000820,4,2025-04-01,2025-04-02,2025-04-28,26,High Tempo,3,3,False,Semi-Urban Outpost
P-000261,DEP-0000821,5,2025-05-01,2025-05-02,2025-05-23,21,High Tempo,4,3,True,Semi-Urban Outpost
P-000261,DEP-0000822,6,2025-06-01,2025-06-02,2025-06-23,21,High Tempo,4,4,True,Remote/Difficult Terrain
P-000261,DEP-0000823,7,2025-07-01,2025-07-05,2025-07-24,19,High Tempo,3,3,False,Semi-Urban Outpost
P-000261,DEP-0000824,8,2025-08-01,2025-08-04,2025-08-26,22,High Tempo,3,4,True,Remote/Difficult Terrain
P-000262,DEP-0000825,6,2025-06-01,2025-06-05,2025-06-25,20,High Tempo,4,3,True,Semi-Urban Outpost
P-000262,DEP-0000826,7,2025-07-01,2025-07-04,2025-07-28,24,High Tempo,4,3,True,Semi-Urban Outpost
P-000264,DEP-0000827,4,2025-04-01,2025-04-02,2025-04-26,24,High Tempo,3,4,True,Semi-Urban Outpost
P-000264,DEP-0000828,5,2025-05-01,2025-05-05,2025-05-24,19,High Tempo,3,4,True,Semi-Urban Outpost
P-000264,DEP-0000829,6,2025-06-01,2025-06-05,2025-06-27,22,High Tempo,3,4,True,Remote/Difficult Terrain
P-000264,DEP-0000830,7,2025-07-01,2025-07-02,2025-07-23,21,High Tempo,4,4,True,Remote/Difficult Terrain
P-000264,DEP-0000831,8,2025-08-01,2025-08-02,2025-08-28,26,High Tempo,3,4,True,Remote/Difficult Terrain
P-000265,DEP-0000832,2,2025-02-01,2025-02-02,2025-02-26,24,High Tempo,4,4,True,Remote/Difficult Terrain
P-000265,DEP-0000833,3,2025-03-01,2025-03-03,2025-03-27,24,High Tempo,4,4,True,Remote/Difficult Terrain
P-000265,DEP-0000834,4,2025-04-01,2025-04-03,2025-04-23,20,High Tempo,4,4,True,Remote/Difficult Terrain
P-000265,DEP-0000835,5,2025-05-01,2025-05-05,2025-05-26,21,High Tempo,4,4,True,Remote/Difficult Terrain
P-000266,DEP-0000836,3,2025-03-01,2025-03-04,2025-03-24,20,Extended,3,4,True,Remote/Difficult Terrain
P-000266,DEP-0000837,4,2025-04-01,2025-04-04,2025-04-23,19,Extended,4,4,True,High Altitude/Extreme
P-000266,DEP-0000838,5,2025-05-01,2025-05-02,2025-05-27,25,Extended,4,5,True,Remote/Difficult Terrain
P-000266,DEP-0000839,6,2025-06-01,2025-06-02,2025-06-25,23,Extended,4,4,True,Remote/Difficult Terrain
P-000266,DEP-0000840,7,2025-07-01,2025-07-05,2025-07-24,19,Extended,3,5,True,Remote/Difficult Terrain
P-000266,DEP-0000841,8,2025-08-01,2025-08-02,2025-08-24,22,Extended,3,5,True,Remote/Difficult Terrain
P-000266,DEP-0000842,9,2025-09-01,2025-09-03,2025-09-24,21,Extended,4,4,True,High Altitude/Extreme
P-000267,DEP-0000843,3,2025-03-01,2025-03-03,2025-03-28,25,Extended,3,4,True,Remote/Difficult Terrain
P-000267,DEP-0000844,4,2025-04-01,2025-04-04,2025-04-26,22,Extended,3,5,True,High Altitude/Extreme
P-000267,DEP-0000845,5,2025-05-01,2025-05-04,2025-05-28,24,Extended,3,4,True,Remote/Difficult Terrain
P-000267,DEP-0000846,6,2025-06-01,2025-06-03,2025-06-27,24,Extended,4,4,True,High Altitude/Extreme
P-000267,DEP-0000847,7,2025-07-01,2025-07-04,2025-07-26,22,Extended,4,4,True,High Altitude/Extreme
P-000267,DEP-0000848,8,2025-08-01,2025-08-04,2025-08-24,20,Extended,3,5,True,Remote/Difficult Terrain
P-000267,DEP-0000849,9,2025-09-01,2025-09-03,2025-09-25,22,Extended,3,5,True,Remote/Difficult Terrain
P-000268,DEP-0000850,3,2025-03-01,2025-03-04,2025-03-27,23,Extended,4,4,True,High Altitude/Extreme
P-000268,DEP-0000851,4,2025-04-01,2025-04-02,2025-04-23,21,Extended,4,5,True,Remote/Difficult Terrain
P-000268,DEP-0000852,5,2025-05-01,2025-05-02,2025-05-27,25,Extended,3,5,True,High Altitude/Extreme
P-000268,DEP-0000853,6,2025-06-01,2025-06-05,2025-06-28,23,Extended,3,4,True,High Altitude/Extreme
P-000268,DEP-0000854,7,2025-07-01,2025-07-04,2025-07-24,20,Extended,3,4,True,Remote/Difficult Terrain
P-000268,DEP-0000855,8,2025-08-01,2025-08-05,2025-08-25,20,Extended,4,4,True,High Altitude/Extreme
P-000268,DEP-0000856,9,2025-09-01,2025-09-05,2025-09-24,19,Extended,4,4,True,Remote/Difficult Terrain
P-000270,DEP-0000857,4,2025-04-01,2025-04-02,2025-04-25,23,Routine,3,1,False,Semi-Urban Outpost
P-000270,DEP-0000858,5,2025-05-01,2025-05-05,2025-05-24,19,Routine,2,2,False,Urban Base
P-000271,DEP-0000859,4,2025-04-01,2025-04-05,2025-04-27,22,High Tempo,4,5,True,High Altitude/Extreme
P-000271,DEP-0000860,5,2025-05-01,2025-05-02,2025-05-27,25,Extended,4,5,True,Remote/Difficult Terrain
P-000271,DEP-0000861,6,2025-06-01,2025-06-03,2025-06-25,22,Extended,4,4,True,Remote/Difficult Terrain
P-000271,DEP-0000862,7,2025-07-01,2025-07-03,2025-07-24,21,Extended,4,4,True,High Altitude/Extreme
P-000271,DEP-0000863,8,2025-08-01,2025-08-04,2025-08-27,23,Extended,5,5,True,Remote/Difficult Terrain
P-000271,DEP-0000864,9,2025-09-01,2025-09-03,2025-09-23,20,Extended,5,5,True,High Altitude/Extreme
P-000271,DEP-0000865,10,2025-10-01,2025-10-03,2025-10-24,21,High Tempo,4,4,True,Remote/Difficult Terrain
P-000271,DEP-0000866,11,2025-11-01,2025-11-02,2025-11-24,22,Extended,5,5,True,Remote/Difficult Terrain
P-000272,DEP-0000867,4,2025-04-01,2025-04-03,2025-04-28,25,Extended,5,5,True,High Altitude/Extreme
P-000272,DEP-0000868,5,2025-05-01,2025-05-03,2025-05-28,25,High Tempo,5,5,True,High Altitude/Extreme
P-000272,DEP-0000869,6,2025-06-01,2025-06-03,2025-06-27,24,Extended,4,5,True,Remote/Difficult Terrain
P-000272,DEP-0000870,7,2025-07-01,2025-07-03,2025-07-28,25,Extended,5,5,True,Remote/Difficult Terrain
P-000272,DEP-0000871,8,2025-08-01,2025-08-05,2025-08-28,23,High Tempo,5,5,True,High Altitude/Extreme
P-000272,DEP-0000872,9,2025-09-01,2025-09-03,2025-09-28,25,High Tempo,5,4,True,High Altitude/Extreme
P-000272,DEP-0000873,10,2025-10-01,2025-10-03,2025-10-26,23,High Tempo,5,5,True,High Altitude/Extreme
P-000272,DEP-0000874,11,2025-11-01,2025-11-03,2025-11-24,21,Extended,5,4,True,Remote/Difficult Terrain
P-000273,DEP-0000875,4,2025-04-01,2025-04-04,2025-04-25,21,High Tempo,5,4,True,High Altitude/Extreme
P-000273,DEP-0000876,5,2025-05-01,2025-05-04,2025-05-23,19,High Tempo,4,4,True,Remote/Difficult Terrain
P-000273,DEP-0000877,6,2025-06-01,2025-06-05,2025-06-24,19,High Tempo,4,5,True,Remote/Difficult Terrain
P-000273,DEP-0000878,7,2025-07-01,2025-07-04,2025-07-27,23,High Tempo,5,4,True,Remote/Difficult Terrain
P-000273,DEP-0000879,8,2025-08-01,2025-08-02,2025-08-28,26,High Tempo,4,4,True,High Altitude/Extreme
P-000273,DEP-0000880,9,2025-09-01,2025-09-04,2025-09-26,22,High Tempo,4,4,True,High Altitude/Extreme
P-000273,DEP-0000881,10,2025-10-01,2025-10-02,2025-10-28,26,Extended,5,5,True,High Altitude/Extreme
P-000273,DEP-0000882,11,2025-11-01,2025-11-02,2025-11-28,26,Extended,4,4,True,Remote/Difficult Terrain
P-000274,DEP-0000883,2,2025-02-01,2025-02-05,2025-02-24,19,High Tempo,4,4,True,Remote/Difficult Terrain
P-000274,DEP-0000884,3,2025-03-01,2025-03-03,2025-03-25,22,High Tempo,4,4,True,Remote/Difficult Terrain
P-000274,DEP-0000885,4,2025-04-01,2025-04-05,2025-04-27,22,High Tempo,4,4,True,Remote/Difficult Terrain
P-000274,DEP-0000886,5,2025-05-01,2025-05-05,2025-05-24,19,High Tempo,4,4,True,Remote/Difficult Terrain
P-000275,DEP-0000887,4,2025-04-01,2025-04-03,2025-04-23,20,High Tempo,3,4,True,Semi-Urban Outpost
P-000275,DEP-0000888,5,2025-05-01,2025-05-05,2025-05-27,22,High Tempo,3,4,True,Semi-Urban Outpost
P-000275,DEP-0000889,6,2025-06-01,2025-06-02,2025-06-27,25,High Tempo,4,3,True,Remote/Difficult Terrain
P-000275,DEP-0000890,7,2025-07-01,2025-07-02,2025-07-25,23,High Tempo,4,3,True,Semi-Urban Outpost
P-000275,DEP-0000891,8,2025-08-01,2025-08-02,2025-08-24,22,High Tempo,3,4,True,Remote/Difficult Terrain
P-000276,DEP-0000892,4,2025-04-01,2025-04-04,2025-04-28,24,High Tempo,3,4,True,Remote/Difficult Terrain
P-000276,DEP-0000893,5,2025-05-01,2025-05-03,2025-05-28,25,High Tempo,4,4,True,Semi-Urban Outpost
P-000276,DEP-0000894,6,2025-06-01,2025-06-04,2025-06-23,19,High Tempo,3,4,True,Remote/Difficult Terrain
P-000276,DEP-0000895,7,2025-07-01,2025-07-02,2025-07-28,26,High Tempo,3,3,False,Semi-Urban Outpost
P-000276,DEP-0000896,8,2025-08-01,2025-08-05,2025-08-23,18,High Tempo,3,3,False,Remote/Difficult Terrain
P-000277,DEP-0000897,4,2025-04-01,2025-04-04,2025-04-24,20,Extended,4,4,True,Remote/Difficult Terrain
P-000277,DEP-0000898,5,2025-05-01,2025-05-05,2025-05-27,22,Extended,5,5,True,High Altitude/Extreme
P-000277,DEP-0000899,6,2025-06-01,2025-06-03,2025-06-26,23,High Tempo,5,5,True,Remote/Difficult Terrain
P-000277,DEP-0000900,7,2025-07-01,2025-07-03,2025-07-26,23,High Tempo,5,4,True,Remote/Difficult Terrain
P-000277,DEP-0000901,8,2025-08-01,2025-08-04,2025-08-25,21,Extended,4,4,True,High Altitude/Extreme
P-000277,DEP-0000902,9,2025-09-01,2025-09-02,2025-09-25,23,High Tempo,5,5,True,Remote/Difficult Terrain
P-000277,DEP-0000903,10,2025-10-01,2025-10-05,2025-10-24,19,High Tempo,5,5,True,Remote/Difficult Terrain
P-000277,DEP-0000904,11,2025-11-01,2025-11-02,2025-11-23,21,High Tempo,4,4,True,Remote/Difficult Terrain
P-000278,DEP-0000905,4,2025-04-01,2025-04-03,2025-04-27,24,High Tempo,4,4,True,Semi-Urban Outpost
P-000278,DEP-0000906,5,2025-05-01,2025-05-05,2025-05-24,19,High Tempo,3,4,True,Semi-Urban Outpost
P-000278,DEP-0000907,6,2025-06-01,2025-06-02,2025-06-26,24,High Tempo,4,4,True,Remote/Difficult Terrain
P-000278,DEP-0000908,7,2025-07-01,2025-07-04,2025-07-28,24,High Tempo,4,4,True,Remote/Difficult Terrain
P-000278,DEP-0000909,8,2025-08-01,2025-08-04,2025-08-27,23,High Tempo,4,3,True,Remote/Difficult Terrain
P-000279,DEP-0000910,3,2025-03-01,2025-03-02,2025-03-28,26,Extended,4,4,True,Remote/Difficult Terrain
P-000279,DEP-0000911,4,2025-04-01,2025-04-04,2025-04-23,19,Extended,4,5,True,Remote/Difficult Terrain
P-000279,DEP-0000912,5,2025-05-01,2025-05-02,2025-05-24,22,Extended,4,5,True,Remote/Difficult Terrain
P-000279,DEP-0000913,6,2025-06-01,2025-06-04,2025-06-27,23,Extended,4,5,True,High Altitude/Extreme
P-000279,DEP-0000914,7,2025-07-01,2025-07-04,2025-07-28,24,Extended,3,5,True,High Altitude/Extreme
P-000279,DEP-0000915,8,2025-08-01,2025-08-02,2025-08-28,26,Extended,4,4,True,High Altitude/Extreme
P-000279,DEP-0000916,9,2025-09-01,2025-09-02,2025-09-27,25,Extended,3,4,True,Remote/Difficult Terrain
P-000280,DEP-0000917,4,2025-04-01,2025-04-04,2025-04-23,19,High Tempo,5,5,True,Remote/Difficult Terrain
P-000280,DEP-0000918,5,2025-05-01,2025-05-04,2025-05-26,22,Extended,4,5,True,Remote/Difficult Terrain
P-000280,DEP-0000919,6,2025-06-01,2025-06-05,2025-06-25,20,Extended,4,4,True,High Altitude/Extreme
P-000280,DEP-0000920,7,2025-07-01,2025-07-02,2025-07-27,25,High Tempo,4,5,True,Remote/Difficult Terrain
P-000280,DEP-0000921,8,2025-08-01,2025-08-04,2025-08-26,22,High Tempo,4,4,True,Remote/Difficult Terrain
P-000280,DEP-0000922,9,2025-09-01,2025-09-02,2025-09-27,25,Extended,5,4,True,High Altitude/Extreme
P-000280,DEP-0000923,10,2025-10-01,2025-10-03,2025-10-28,25,Extended,4,5,True,Remote/Difficult Terrain
P-000280,DEP-0000924,11,2025-11-01,2025-11-05,2025-11-25,20,High Tempo,4,4,True,Remote/Difficult Terrain
P-000281,DEP-0000925,2,2025-02-01,2025-02-03,2025-02-27,24,High Tempo,4,4,True,Remote/Difficult Terrain
P-000281,DEP-0000926,3,2025-03-01,2025-03-03,2025-03-24,21,High Tempo,4,4,True,Remote/Difficult Terrain
P-000281,DEP-0000927,4,2025-04-01,2025-04-02,2025-04-28,26,High Tempo,4,4,True,Remote/Difficult Terrain
P-000281,DEP-0000928,5,2025-05-01,2025-05-02,2025-05-23,21,High Tempo,4,4,True,Remote/Difficult Terrain
P-000282,DEP-0000929,5,2025-05-01,2025-05-05,2025-05-26,21,Routine,2,1,False,Semi-Urban Outpost
P-000283,DEP-0000930,4,2025-04-01,2025-04-03,2025-04-26,23,Routine,3,1,False,Urban Base
P-000284,DEP-0000931,5,2025-05-01,2025-05-04,2025-05-23,19,Routine,3,1,False,Urban Base
P-000285,DEP-0000932,4,2025-04-01,2025-04-05,2025-04-24,19,High Tempo,3,3,False,Semi-Urban Outpost
P-000285,DEP-0000933,5,2025-05-01,2025-05-04,2025-05-24,20,High Tempo,4,3,True,Semi-Urban Outpost
P-000285,DEP-0000934,6,2025-06-01,2025-06-05,2025-06-28,23,High Tempo,3,3,False,Semi-Urban Outpost
P-000285,DEP-0000935,7,2025-07-01,2025-07-05,2025-07-27,22,High Tempo,3,3,False,Semi-Urban Outpost
P-000285,DEP-0000936,8,2025-08-01,2025-08-02,2025-08-23,21,High Tempo,4,3,True,Remote/Difficult Terrain
P-000286,DEP-0000937,4,2025-04-01,2025-04-04,2025-04-25,21,Routine,3,1,False,Urban Base
P-000287,DEP-0000938,5,2025-05-01,2025-05-02,2025-05-23,21,Routine,3,2,False,Semi-Urban Outpost
P-000288,DEP-0000939,4,2025-04-01,2025-04-04,2025-04-23,19,High Tempo,3,3,False,Remote/Difficult Terrain
P-000288,DEP-0000940,5,2025-05-01,2025-05-03,2025-05-26,23,High Tempo,3,3,False,Semi-Urban Outpost
P-000288,DEP-0000941,6,2025-06-01,2025-06-04,2025-06-28,24,High Tempo,3,4,True,Remote/Difficult Terrain
P-000288,DEP-0000942,7,2025-07-01,2025-07-03,2025-07-24,21,High Tempo,3,3,False,Semi-Urban Outpost
P-000288,DEP-0000943,8,2025-08-01,2025-08-03,2025-08-24,21,High Tempo,3,4,True,Remote/Difficult Terrain
P-000289,DEP-0000944,4,2025-04-01,2025-04-04,2025-04-25,21,Routine,2,2,False,Urban Base
P-000290,DEP-0000945,4,2025-04-01,2025-04-03,2025-04-24,21,High Tempo,3,4,True,Semi-Urban Outpost
P-000290,DEP-0000946,5,2025-05-01,2025-05-04,2025-05-26,22,High Tempo,3,4,True,Remote/Difficult Terrain
P-000290,DEP-0000947,6,2025-06-01,2025-06-03,2025-06-24,21,High Tempo,3,4,True,Semi-Urban Outpost
P-000290,DEP-0000948,7,2025-07-01,2025-07-05,2025-07-28,23,High Tempo,4,4,True,Remote/Difficult Terrain
P-000290,DEP-0000949,8,2025-08-01,2025-08-03,2025-08-28,25,High Tempo,4,4,True,Remote/Difficult Terrain
P-000291,DEP-0000950,4,2025-04-01,2025-04-03,2025-04-24,21,Routine,2,1,False,Urban Base
P-000293,DEP-0000951,4,2025-04-01,2025-04-02,2025-04-28,26,High Tempo,5,5,True,High Altitude/Extreme
P-000293,DEP-0000952,5,2025-05-01,2025-05-03,2025-05-28,25,High Tempo,5,5,True,Remote/Difficult Terrain
P-000293,DEP-0000953,6,2025-06-01,2025-06-05,2025-06-28,23,Extended,4,5,True,Remote/Difficult Terrain
P-000293,DEP-0000954,7,2025-07-01,2025-07-05,2025-07-27,22,High Tempo,5,4,True,High Altitude/Extreme
P-000293,DEP-0000955,8,2025-08-01,2025-08-02,2025-08-26,24,Extended,5,5,True,Remote/Difficult Terrain
P-000293,DEP-0000956,9,2025-09-01,2025-09-05,2025-09-28,23,Extended,5,4,True,High Altitude/Extreme
P-000293,DEP-0000957,10,2025-10-01,2025-10-03,2025-10-23,20,Extended,4,5,True,High Altitude/Extreme
P-000293,DEP-0000958,11,2025-11-01,2025-11-05,2025-11-24,19,High Tempo,4,5,True,Remote/Difficult Terrain
P-000294,DEP-0000959,5,2025-05-01,2025-05-05,2025-05-25,20,Routine,3,2,False,Semi-Urban Outpost
P-000295,DEP-0000960,5,2025-05-01,2025-05-03,2025-05-25,22,Routine,3,2,False,Urban Base
P-000296,DEP-0000961,4,2025-04-01,2025-04-02,2025-04-27,25,High Tempo,3,3,False,Semi-Urban Outpost
P-000296,DEP-0000962,5,2025-05-01,2025-05-04,2025-05-27,23,High Tempo,3,3,False,Remote/Difficult Terrain
P-000296,DEP-0000963,6,2025-06-01,2025-06-03,2025-06-28,25,High Tempo,4,4,True,Semi-Urban Outpost
P-000296,DEP-0000964,7,2025-07-01,2025-07-02,2025-07-26,24,High Tempo,3,4,True,Remote/Difficult Terrain
P-000296,DEP-0000965,8,2025-08-01,2025-08-03,2025-08-24,21,High Tempo,4,4,True,Semi-Urban Outpost
P-000297,DEP-0000966,3,2025-03-01,2025-03-05,2025-03-25,20,Extended,3,5,True,High Altitude/Extreme
P-000297,DEP-0000967,4,2025-04-01,2025-04-03,2025-04-27,24,Extended,3,4,True,Remote/Difficult Terrain
P-000297,DEP-0000968,5,2025-05-01,2025-05-04,2025-05-23,19,Extended,4,5,True,Remote/Difficult Terrain
P-000297,DEP-0000969,6,2025-06-01,2025-06-04,2025-06-27,23,Extended,4,5,True,Remote/Difficult Terrain
P-000297,DEP-0000970,7,2025-07-01,2025-07-03,2025-07-27,24,Extended,4,4,True,Remote/Difficult Terrain
P-000297,DEP-0000971,8,2025-08-01,2025-08-04,2025-08-25,21,Extended,3,4,True,Remote/Difficult Terrain
P-000297,DEP-0000972,9,2025-09-01,2025-09-05,2025-09-27,22,Extended,4,5,True,Remote/Difficult Terrain
P-000298,DEP-0000973,4,2025-04-01,2025-04-02,2025-04-28,26,Routine,3,1,False,Urban Base
P-000299,DEP-0000974,4,2025-04-01,2025-04-05,2025-04-26,21,High Tempo,4,4,True,Remote/Difficult Terrain
P-000299,DEP-0000975,5,2025-05-01,2025-05-05,2025-05-26,21,High Tempo,3,3,False,Remote/Difficult Terrain
P-000299,DEP-0000976,6,2025-06-01,2025-06-04,2025-06-27,23,High Tempo,4,4,True,Remote/Difficult Terrain
P-000299,DEP-0000977,7,2025-07-01,2025-07-05,2025-07-23,18,High Tempo,4,3,True,Semi-Urban Outpost
P-000299,DEP-0000978,8,2025-08-01,2025-08-02,2025-08-26,24,High Tempo,3,3,False,Semi-Urban Outpost
P-000300,DEP-0000979,4,2025-04-01,2025-04-05,2025-04-24,19,Routine,2,2,False,Semi-Urban Outpost
P-000300,DEP-0000980,5,2025-05-01,2025-05-03,2025-05-25,22,Routine,3,2,False,Urban Base
P-000301,DEP-0000981,4,2025-04-01,2025-04-03,2025-04-23,20,Routine,3,2,False,Urban Base
P-000302,DEP-0000982,4,2025-04-01,2025-04-03,2025-04-27,24,High Tempo,4,4,True,Semi-Urban Outpost
P-000302,DEP-0000983,5,2025-05-01,2025-05-03,2025-05-25,22,High Tempo,3,3,False,Remote/Difficult Terrain
P-000302,DEP-0000984,6,2025-06-01,2025-06-05,2025-06-28,23,High Tempo,4,4,True,Semi-Urban Outpost
P-000302,DEP-0000985,7,2025-07-01,2025-07-05,2025-07-26,21,High Tempo,4,4,True,Semi-Urban Outpost
P-000302,DEP-0000986,8,2025-08-01,2025-08-03,2025-08-24,21,High Tempo,3,4,True,Remote/Difficult Terrain
P-000303,DEP-0000987,4,2025-04-01,2025-04-05,2025-04-27,22,High Tempo,3,3,False,Semi-Urban Outpost
P-000303,DEP-0000988,5,2025-05-01,2025-05-04,2025-05-24,20,High Tempo,4,3,True,Semi-Urban Outpost
P-000303,DEP-0000989,6,2025-06-01,2025-06-05,2025-06-27,22,High Tempo,4,4,True,Remote/Difficult Terrain
P-000303,DEP-0000990,7,2025-07-01,2025-07-02,2025-07-24,22,High Tempo,3,3,False,Remote/Difficult Terrain
P-000303,DEP-0000991,8,2025-08-01,2025-08-04,2025-08-24,20,High Tempo,3,3,False,Semi-Urban Outpost
P-000304,DEP-0000992,4,2025-04-01,2025-04-03,2025-04-23,20,High Tempo,4,3,True,Semi-Urban Outpost
P-000304,DEP-0000993,5,2025-05-01,2025-05-04,2025-05-23,19,High Tempo,4,4,True,Remote/Difficult Terrain
P-000304,DEP-0000994,6,2025-06-01,2025-06-03,2025-06-25,22,High Tempo,4,3,True,Remote/Difficult Terrain
P-000304,DEP-0000995,7,2025-07-01,2025-07-04,2025-07-26,22,High Tempo,4,4,True,Remote/Difficult Terrain
P-000304,DEP-0000996,8,2025-08-01,2025-08-02,2025-08-25,23,High Tempo,4,4,True,Semi-Urban Outpost
P-000305,DEP-0000997,3,2025-03-01,2025-03-02,2025-03-23,21,Extended,4,5,True,High Altitude/Extreme
P-000305,DEP-0000998,4,2025-04-01,2025-04-05,2025-04-28,23,Extended,3,4,True,Remote/Difficult Terrain
P-000305,DEP-0000999,5,2025-05-01,2025-05-04,2025-05-23,19,Extended,4,4,True,High Altitude/Extreme
P-000305,DEP-0001000,6,2025-06-01,2025-06-02,2025-06-28,26,Extended,4,5,True,Remote/Difficult Terrain
P-000305,DEP-0001001,7,2025-07-01,2025-07-04,2025-07-25,21,Extended,3,5,True,Remote/Difficult Terrain
P-000305,DEP-0001002,8,2025-08-01,2025-08-05,2025-08-24,19,Extended,4,5,True,High Altitude/Extreme
P-000305,DEP-0001003,9,2025-09-01,2025-09-05,2025-09-28,23,Extended,4,5,True,Remote/Difficult Terrain
P-000306,DEP-0001004,6,2025-06-01,2025-06-05,2025-06-27,22,High Tempo,4,3,True,Semi-Urban Outpost
P-000306,DEP-0001005,7,2025-07-01,2025-07-03,2025-07-23,20,High Tempo,4,3,True,Semi-Urban Outpost
P-000307,DEP-0001006,4,2025-04-01,2025-04-05,2025-04-24,19,High Tempo,4,3,True,Semi-Urban Outpost
P-000307,DEP-0001007,5,2025-05-01,2025-05-02,2025-05-28,26,High Tempo,4,4,True,Semi-Urban Outpost
P-000307,DEP-0001008,6,2025-06-01,2025-06-03,2025-06-24,21,High Tempo,3,3,False,Semi-Urban Outpost
P-000307,DEP-0001009,7,2025-07-01,2025-07-05,2025-07-28,23,High Tempo,4,4,True,Semi-Urban Outpost
P-000307,DEP-0001010,8,2025-08-01,2025-08-02,2025-08-28,26,High Tempo,4,4,True,Remote/Difficult Terrain
P-000308,DEP-0001011,4,2025-04-01,2025-04-04,2025-04-24,20,Routine,3,2,False,Urban Base
P-000309,DEP-0001012,4,2025-04-01,2025-04-02,2025-04-23,21,High Tempo,5,5,True,High Altitude/Extreme
P-000309,DEP-0001013,5,2025-05-01,2025-05-03,2025-05-26,23,Extended,4,4,True,High Altitude/Extreme
P-000309,DEP-0001014,6,2025-06-01,2025-06-03,2025-06-26,23,High Tempo,4,4,True,Remote/Difficult Terrain
P-000309,DEP-0001015,7,2025-07-01,2025-07-04,2025-07-27,23,High Tempo,4,4,True,High Altitude/Extreme
P-000309,DEP-0001016,8,2025-08-01,2025-08-04,2025-08-28,24,High Tempo,5,4,True,Remote/Difficult Terrain
P-000309,DEP-0001017,9,2025-09-01,2025-09-03,2025-09-28,25,Extended,5,5,True,Remote/Difficult Terrain
P-000309,DEP-0001018,10,2025-10-01,2025-10-04,2025-10-28,24,Extended,5,5,True,Remote/Difficult Terrain
P-000309,DEP-0001019,11,2025-11-01,2025-11-03,2025-11-24,21,Extended,4,4,True,High Altitude/Extreme
P-000310,DEP-0001020,4,2025-04-01,2025-04-04,2025-04-24,20,Routine,3,1,False,Semi-Urban Outpost
P-000313,DEP-0001021,5,2025-05-01,2025-05-02,2025-05-25,23,Routine,2,2,False,Urban Base
P-000314,DEP-0001022,6,2025-06-01,2025-06-03,2025-06-23,20,High Tempo,4,3,True,Semi-Urban Outpost
P-000314,DEP-0001023,7,2025-07-01,2025-07-03,2025-07-25,22,High Tempo,4,3,True,Semi-Urban Outpost
P-000315,DEP-0001024,4,2025-04-01,2025-04-02,2025-04-23,21,High Tempo,4,5,True,High Altitude/Extreme
P-000315,DEP-0001025,5,2025-05-01,2025-05-03,2025-05-26,23,High Tempo,4,5,True,High Altitude/Extreme
P-000315,DEP-0001026,6,2025-06-01,2025-06-02,2025-06-24,22,High Tempo,4,5,True,Remote/Difficult Terrain
P-000315,DEP-0001027,7,2025-07-01,2025-07-04,2025-07-23,19,High Tempo,5,4,True,Remote/Difficult Terrain
P-000315,DEP-0001028,8,2025-08-01,2025-08-05,2025-08-25,20,High Tempo,5,5,True,High Altitude/Extreme
P-000315,DEP-0001029,9,2025-09-01,2025-09-03,2025-09-23,20,Extended,4,4,True,High Altitude/Extreme
P-000315,DEP-0001030,10,2025-10-01,2025-10-02,2025-10-27,25,High Tempo,5,4,True,Remote/Difficult Terrain
P-000315,DEP-0001031,11,2025-11-01,2025-11-05,2025-11-23,18,Extended,5,5,True,High Altitude/Extreme
P-000316,DEP-0001032,3,2025-03-01,2025-03-04,2025-03-27,23,Extended,4,5,True,Remote/Difficult Terrain
P-000316,DEP-0001033,4,2025-04-01,2025-04-04,2025-04-28,24,Extended,4,4,True,High Altitude/Extreme
P-000316,DEP-0001034,5,2025-05-01,2025-05-02,2025-05-27,25,Extended,4,5,True,Remote/Difficult Terrain
P-000316,DEP-0001035,6,2025-06-01,2025-06-04,2025-06-23,19,Extended,4,5,True,Remote/Difficult Terrain
P-000316,DEP-0001036,7,2025-07-01,2025-07-03,2025-07-28,25,Extended,4,5,True,High Altitude/Extreme
P-000316,DEP-0001037,8,2025-08-01,2025-08-04,2025-08-23,19,Extended,4,5,True,High Altitude/Extreme
P-000316,DEP-0001038,9,2025-09-01,2025-09-05,2025-09-25,20,Extended,3,4,True,High Altitude/Extreme
P-000317,DEP-0001039,5,2025-05-01,2025-05-04,2025-05-23,19,Routine,2,1,False,Urban Base
P-000318,DEP-0001040,4,2025-04-01,2025-04-04,2025-04-24,20,Routine,3,2,False,Urban Base
P-000320,DEP-0001041,5,2025-05-01,2025-05-02,2025-05-27,25,Routine,3,2,False,Semi-Urban Outpost
P-000321,DEP-0001042,4,2025-04-01,2025-04-03,2025-04-25,22,High Tempo,4,3,True,Semi-Urban Outpost
P-000321,DEP-0001043,5,2025-05-01,2025-05-04,2025-05-24,20,High Tempo,3,3,False,Remote/Difficult Terrain
P-000321,DEP-0001044,6,2025-06-01,2025-06-04,2025-06-28,24,High Tempo,3,3,False,Remote/Difficult Terrain
P-000321,DEP-0001045,7,2025-07-01,2025-07-05,2025-07-24,19,High Tempo,4,3,True,Semi-Urban Outpost
P-000321,DEP-0001046,8,2025-08-01,2025-08-03,2025-08-28,25,High Tempo,4,3,True,Semi-Urban Outpost
P-000322,DEP-0001047,3,2025-03-01,2025-03-02,2025-03-23,21,Extended,3,4,True,Remote/Difficult Terrain
P-000322,DEP-0001048,4,2025-04-01,2025-04-04,2025-04-23,19,Extended,3,4,True,Remote/Difficult Terrain
P-000322,DEP-0001049,5,2025-05-01,2025-05-05,2025-05-25,20,Extended,4,5,True,High Altitude/Extreme
P-000322,DEP-0001050,6,2025-06-01,2025-06-05,2025-06-25,20,Extended,3,4,True,Remote/Difficult Terrain
P-000322,DEP-0001051,7,2025-07-01,2025-07-03,2025-07-26,23,Extended,3,5,True,High Altitude/Extreme
P-000322,DEP-0001052,8,2025-08-01,2025-08-05,2025-08-27,22,Extended,4,4,True,High Altitude/Extreme
P-000322,DEP-0001053,9,2025-09-01,2025-09-02,2025-09-28,26,Extended,3,4,True,Remote/Difficult Terrain
P-000323,DEP-0001054,3,2025-03-01,2025-03-03,2025-03-28,25,Extended,3,5,True,High Altitude/Extreme
P-000323,DEP-0001055,4,2025-04-01,2025-04-04,2025-04-27,23,Extended,3,4,True,Remote/Difficult Terrain
P-000323,DEP-0001056,5,2025-05-01,2025-05-02,2025-05-26,24,Extended,4,5,True,Remote/Difficult Terrain
P-000323,DEP-0001057,6,2025-06-01,2025-06-04,2025-06-23,19,Extended,4,4,True,High Altitude/Extreme
P-000323,DEP-0001058,7,2025-07-01,2025-07-02,2025-07-25,23,Extended,3,5,True,Remote/Difficult Terrain
P-000323,DEP-0001059,8,2025-08-01,2025-08-04,2025-08-28,24,Extended,3,4,True,High Altitude/Extreme
P-000323,DEP-0001060,9,2025-09-01,2025-09-05,2025-09-26,21,Extended,3,5,True,High Altitude/Extreme
P-000325,DEP-0001061,6,2025-06-01,2025-06-03,2025-06-24,21,High Tempo,4,3,True,Semi-Urban Outpost
P-000325,DEP-0001062,7,2025-07-01,2025-07-02,2025-07-23,21,High Tempo,4,3,True,Semi-Urban Outpost
P-000326,DEP-0001063,3,2025-03-01,2025-03-04,2025-03-27,23,Extended,4,4,True,Remote/Difficult Terrain
P-000326,DEP-0001064,4,2025-04-01,2025-04-05,2025-04-23,18,Extended,4,5,True,High Altitude/Extreme
P-000326,DEP-0001065,5,2025-05-01,2025-05-02,2025-05-23,21,Extended,4,4,True,High Altitude/Extreme
P-000326,DEP-0001066,6,2025-06-01,2025-06-05,2025-06-25,20,Extended,4,4,True,Remote/Difficult Terrain
P-000326,DEP-0001067,7,2025-07-01,2025-07-04,2025-07-28,24,Extended,4,5,True,Remote/Difficult Terrain
P-000326,DEP-0001068,8,2025-08-01,2025-08-03,2025-08-24,21,Extended,4,4,True,High Altitude/Extreme
P-000326,DEP-0001069,9,2025-09-01,2025-09-02,2025-09-26,24,Extended,3,4,True,Remote/Difficult Terrain
P-000327,DEP-0001070,4,2025-04-01,2025-04-03,2025-04-26,23,High Tempo,3,3,False,Remote/Difficult Terrain
P-000327,DEP-0001071,5,2025-05-01,2025-05-03,2025-05-26,23,High Tempo,3,3,False,Semi-Urban Outpost
P-000327,DEP-0001072,6,2025-06-01,2025-06-04,2025-06-26,22,High Tempo,4,4,True,Semi-Urban Outpost
P-000327,DEP-0001073,7,2025-07-01,2025-07-04,2025-07-26,22,High Tempo,3,3,False,Semi-Urban Outpost
P-000327,DEP-0001074,8,2025-08-01,2025-08-03,2025-08-28,25,High Tempo,3,4,True,Semi-Urban Outpost
P-000328,DEP-0001075,4,2025-04-01,2025-04-02,2025-04-28,26,High Tempo,4,3,True,Remote/Difficult Terrain
P-000328,DEP-0001076,5,2025-05-01,2025-05-04,2025-05-23,19,High Tempo,3,4,True,Semi-Urban Outpost
P-000328,DEP-0001077,6,2025-06-01,2025-06-03,2025-06-23,20,High Tempo,4,3,True,Semi-Urban Outpost
P-000328,DEP-0001078,7,2025-07-01,2025-07-02,2025-07-24,22,High Tempo,3,4,True,Remote/Difficult Terrain
P-000328,DEP-0001079,8,2025-08-01,2025-08-05,2025-08-25,20,High Tempo,4,3,True,Semi-Urban Outpost
P-000329,DEP-0001080,5,2025-05-01,2025-05-02,2025-05-25,23,Routine,2,2,False,Semi-Urban Outpost
P-000330,DEP-0001081,4,2025-04-01,2025-04-02,2025-04-24,22,Routine,2,2,False,Urban Base
P-000330,DEP-0001082,5,2025-05-01,2025-05-03,2025-05-25,22,Routine,2,1,False,Semi-Urban Outpost
P-000331,DEP-0001083,5,2025-05-01,2025-05-03,2025-05-27,24,Routine,3,2,False,Semi-Urban Outpost
P-000332,DEP-0001084,3,2025-03-01,2025-03-04,2025-03-28,24,Extended,3,5,True,High Altitude/Extreme
P-000332,DEP-0001085,4,2025-04-01,2025-04-03,2025-04-28,25,Extended,4,5,True,High Altitude/Extreme
P-000332,DEP-0001086,5,2025-05-01,2025-05-04,2025-05-26,22,Extended,3,5,True,Remote/Difficult Terrain
P-000332,DEP-0001087,6,2025-06-01,2025-06-04,2025-06-26,22,Extended,3,5,True,Remote/Difficult Terrain
P-000332,DEP-0001088,7,2025-07-01,2025-07-05,2025-07-25,20,Extended,3,5,True,Remote/Difficult Terrain
P-000332,DEP-0001089,8,2025-08-01,2025-08-04,2025-08-23,19,Extended,3,5,True,High Altitude/Extreme
P-000332,DEP-0001090,9,2025-09-01,2025-09-02,2025-09-28,26,Extended,4,4,True,High Altitude/Extreme
P-000334,DEP-0001091,4,2025-04-01,2025-04-02,2025-04-28,26,Routine,2,1,False,Semi-Urban Outpost
P-000335,DEP-0001092,5,2025-05-01,2025-05-03,2025-05-27,24,Routine,3,2,False,Semi-Urban Outpost
P-000336,DEP-0001093,4,2025-04-01,2025-04-02,2025-04-28,26,Routine,3,1,False,Urban Base
P-000337,DEP-0001094,4,2025-04-01,2025-04-04,2025-04-28,24,Extended,5,5,True,High Altitude/Extreme
P-000337,DEP-0001095,5,2025-05-01,2025-05-03,2025-05-26,23,Extended,4,5,True,High Altitude/Extreme
P-000337,DEP-0001096,6,2025-06-01,2025-06-02,2025-06-24,22,High Tempo,4,5,True,Remote/Difficult Terrain
P-000337,DEP-0001097,7,2025-07-01,2025-07-03,2025-07-24,21,High Tempo,4,5,True,High Altitude/Extreme
P-000337,DEP-0001098,8,2025-08-01,2025-08-04,2025-08-25,21,Extended,4,5,True,Remote/Difficult Terrain
P-000337,DEP-0001099,9,2025-09-01,2025-09-02,2025-09-24,22,High Tempo,4,4,True,High Altitude/Extreme
P-000337,DEP-0001100,10,2025-10-01,2025-10-05,2025-10-26,21,High Tempo,4,5,True,Remote/Difficult Terrain
P-000337,DEP-0001101,11,2025-11-01,2025-11-04,2025-11-27,23,High Tempo,5,5,True,High Altitude/Extreme
P-000338,DEP-0001102,3,2025-03-01,2025-03-04,2025-03-27,23,Extended,3,5,True,High Altitude/Extreme
P-000338,DEP-0001103,4,2025-04-01,2025-04-04,2025-04-23,19,Extended,3,4,True,Remote/Difficult Terrain
P-000338,DEP-0001104,5,2025-05-01,2025-05-05,2025-05-23,18,Extended,3,4,True,Remote/Difficult Terrain
P-000338,DEP-0001105,6,2025-06-01,2025-06-05,2025-06-27,22,Extended,4,4,True,Remote/Difficult Terrain
P-000338,DEP-0001106,7,2025-07-01,2025-07-04,2025-07-25,21,Extended,3,4,True,High Altitude/Extreme
P-000338,DEP-0001107,8,2025-08-01,2025-08-05,2025-08-24,19,Extended,4,4,True,High Altitude/Extreme
P-000338,DEP-0001108,9,2025-09-01,2025-09-05,2025-09-24,19,Extended,3,5,True,Remote/Difficult Terrain
P-000339,DEP-0001109,5,2025-05-01,2025-05-03,2025-05-28,25,Routine,2,1,False,Urban Base
P-000340,DEP-0001110,4,2025-04-01,2025-04-05,2025-04-27,22,Routine,3,2,False,Semi-Urban Outpost
P-000342,DEP-0001111,4,2025-04-01,2025-04-04,2025-04-25,21,Routine,3,2,False,Urban Base
P-000343,DEP-0001112,4,2025-04-01,2025-04-02,2025-04-23,21,Routine,2,1,False,Urban Base
P-000344,DEP-0001113,4,2025-04-01,2025-04-02,2025-04-28,26,Routine,2,2,False,Urban Base
P-000345,DEP-0001114,4,2025-04-01,2025-04-03,2025-04-23,20,Routine,3,2,False,Urban Base
P-000346,DEP-0001115,4,2025-04-01,2025-04-04,2025-04-25,21,High Tempo,3,4,True,Remote/Difficult Terrain
P-000346,DEP-0001116,5,2025-05-01,2025-05-04,2025-05-26,22,High Tempo,4,3,True,Remote/Difficult Terrain
P-000346,DEP-0001117,6,2025-06-01,2025-06-04,2025-06-28,24,High Tempo,4,3,True,Remote/Difficult Terrain
P-000346,DEP-0001118,7,2025-07-01,2025-07-04,2025-07-26,22,High Tempo,4,3,True,Remote/Difficult Terrain
P-000346,DEP-0001119,8,2025-08-01,2025-08-05,2025-08-27,22,High Tempo,4,4,True,Remote/Difficult Terrain
P-000347,DEP-0001120,4,2025-04-01,2025-04-02,2025-04-26,24,High Tempo,4,3,True,Semi-Urban Outpost
P-000347,DEP-0001121,5,2025-05-01,2025-05-03,2025-05-27,24,High Tempo,4,4,True,Remote/Difficult Terrain
P-000347,DEP-0001122,6,2025-06-01,2025-06-02,2025-06-26,24,High Tempo,3,3,False,Semi-Urban Outpost
P-000347,DEP-0001123,7,2025-07-01,2025-07-05,2025-07-28,23,High Tempo,3,4,True,Semi-Urban Outpost
P-000347,DEP-0001124,8,2025-08-01,2025-08-02,2025-08-23,21,High Tempo,4,3,True,Remote/Difficult Terrain
P-000349,DEP-0001125,4,2025-04-01,2025-04-04,2025-04-27,23,Routine,3,2,False,Semi-Urban Outpost
P-000350,DEP-0001126,4,2025-04-01,2025-04-03,2025-04-25,22,High Tempo,4,3,True,Remote/Difficult Terrain
P-000350,DEP-0001127,5,2025-05-01,2025-05-05,2025-05-24,19,High Tempo,4,3,True,Remote/Difficult Terrain
P-000350,DEP-0001128,6,2025-06-01,2025-06-03,2025-06-28,25,High Tempo,3,4,True,Remote/Difficult Terrain
P-000350,DEP-0001129,7,2025-07-01,2025-07-03,2025-07-26,23,High Tempo,4,3,True,Remote/Difficult Terrain
P-000350,DEP-0001130,8,2025-08-01,2025-08-02,2025-08-25,23,High Tempo,3,3,False,Remote/Difficult Terrain
P-000351,DEP-0001131,4,2025-04-01,2025-04-02,2025-04-27,25,High Tempo,4,4,True,Semi-Urban Outpost
P-000351,DEP-0001132,5,2025-05-01,2025-05-05,2025-05-27,22,High Tempo,4,3,True,Semi-Urban Outpost
P-000351,DEP-0001133,6,2025-06-01,2025-06-05,2025-06-27,22,High Tempo,4,4,True,Semi-Urban Outpost
P-000351,DEP-0001134,7,2025-07-01,2025-07-03,2025-07-25,22,High Tempo,3,4,True,Remote/Difficult Terrain
P-000351,DEP-0001135,8,2025-08-01,2025-08-05,2025-08-24,19,High Tempo,4,4,True,Semi-Urban Outpost
P-000352,DEP-0001136,4,2025-04-01,2025-04-04,2025-04-24,20,Extended,5,4,True,Remote/Difficult Terrain
P-000352,DEP-0001137,5,2025-05-01,2025-05-03,2025-05-28,25,High Tempo,4,5,True,High Altitude/Extreme
P-000352,DEP-0001138,6,2025-06-01,2025-06-03,2025-06-28,25,Extended,5,4,True,High Altitude/Extreme
P-000352,DEP-0001139,7,2025-07-01,2025-07-02,2025-07-24,22,Extended,5,4,True,Remote/Difficult Terrain
P-000352,DEP-0001140,8,2025-08-01,2025-08-03,2025-08-25,22,High Tempo,5,5,True,Remote/Difficult Terrain
P-000352,DEP-0001141,9,2025-09-01,2025-09-05,2025-09-28,23,Extended,5,4,True,Remote/Difficult Terrain
P-000352,DEP-0001142,10,2025-10-01,2025-10-04,2025-10-23,19,Extended,4,4,True,High Altitude/Extreme
P-000352,DEP-0001143,11,2025-11-01,2025-11-02,2025-11-25,23,High Tempo,5,4,True,High Altitude/Extreme
P-000353,DEP-0001144,3,2025-03-01,2025-03-04,2025-03-25,21,Extended,3,4,True,Remote/Difficult Terrain
P-000353,DEP-0001145,4,2025-04-01,2025-04-02,2025-04-24,22,Extended,3,4,True,High Altitude/Extreme
P-000353,DEP-0001146,5,2025-05-01,2025-05-05,2025-05-23,18,Extended,4,5,True,High Altitude/Extreme
P-000353,DEP-0001147,6,2025-06-01,2025-06-03,2025-06-28,25,Extended,4,4,True,High Altitude/Extreme
P-000353,DEP-0001148,7,2025-07-01,2025-07-02,2025-07-27,25,Extended,3,4,True,High Altitude/Extreme
P-000353,DEP-0001149,8,2025-08-01,2025-08-05,2025-08-24,19,Extended,3,5,True,High Altitude/Extreme
P-000353,DEP-0001150,9,2025-09-01,2025-09-02,2025-09-25,23,Extended,3,5,True,Remote/Difficult Terrain
P-000354,DEP-0001151,4,2025-04-01,2025-04-03,2025-04-28,25,Routine,3,2,False,Semi-Urban Outpost
P-000356,DEP-0001152,4,2025-04-01,2025-04-02,2025-04-28,26,High Tempo,4,4,True,Remote/Difficult Terrain
P-000356,DEP-0001153,5,2025-05-01,2025-05-04,2025-05-24,20,High Tempo,4,4,True,Semi-Urban Outpost
P-000356,DEP-0001154,6,2025-06-01,2025-06-02,2025-06-26,24,High Tempo,4,3,True,Semi-Urban Outpost
P-000356,DEP-0001155,7,2025-07-01,2025-07-03,2025-07-26,23,High Tempo,4,3,True,Remote/Difficult Terrain
P-000356,DEP-0001156,8,2025-08-01,2025-08-02,2025-08-26,24,High Tempo,4,4,True,Semi-Urban Outpost
P-000357,DEP-0001157,4,2025-04-01,2025-04-02,2025-04-27,25,Routine,3,2,False,Urban Base
P-000358,DEP-0001158,4,2025-04-01,2025-04-03,2025-04-28,25,High Tempo,3,4,True,Semi-Urban Outpost
P-000358,DEP-0001159,5,2025-05-01,2025-05-03,2025-05-26,23,High Tempo,3,3,False,Remote/Difficult Terrain
P-000358,DEP-0001160,6,2025-06-01,2025-06-05,2025-06-24,19,High Tempo,3,3,False,Semi-Urban Outpost
P-000358,DEP-0001161,7,2025-07-01,2025-07-05,2025-07-28,23,High Tempo,3,4,True,Remote/Difficult Terrain
P-000358,DEP-0001162,8,2025-08-01,2025-08-02,2025-08-25,23,High Tempo,3,4,True,Remote/Difficult Terrain
P-000359,DEP-0001163,2,2025-02-01,2025-02-05,2025-02-27,22,High Tempo,4,4,True,Remote/Difficult Terrain
P-000359,DEP-0001164,3,2025-03-01,2025-03-05,2025-03-24,19,High Tempo,4,4,True,Remote/Difficult Terrain
P-000359,DEP-0001165,4,2025-04-01,2025-04-04,2025-04-25,21,High Tempo,4,4,True,Remote/Difficult Terrain
P-000359,DEP-0001166,5,2025-05-01,2025-05-05,2025-05-25,20,High Tempo,4,4,True,Remote/Difficult Terrain
P-000360,DEP-0001167,4,2025-04-01,2025-04-02,2025-04-24,22,High Tempo,3,3,False,Remote/Difficult Terrain
P-000360,DEP-0001168,5,2025-05-01,2025-05-04,2025-05-27,23,High Tempo,3,4,True,Semi-Urban Outpost
P-000360,DEP-0001169,6,2025-06-01,2025-06-03,2025-06-28,25,High Tempo,4,4,True,Remote/Difficult Terrain
P-000360,DEP-0001170,7,2025-07-01,2025-07-05,2025-07-28,23,High Tempo,4,3,True,Remote/Difficult Terrain
P-000360,DEP-0001171,8,2025-08-01,2025-08-03,2025-08-23,20,High Tempo,3,4,True,Remote/Difficult Terrain
P-000361,DEP-0001172,5,2025-05-01,2025-05-02,2025-05-25,23,Routine,2,2,False,Semi-Urban Outpost
P-000362,DEP-0001173,4,2025-04-01,2025-04-03,2025-04-24,21,High Tempo,3,4,True,Remote/Difficult Terrain
P-000362,DEP-0001174,5,2025-05-01,2025-05-05,2025-05-23,18,High Tempo,3,3,False,Semi-Urban Outpost
P-000362,DEP-0001175,6,2025-06-01,2025-06-02,2025-06-25,23,High Tempo,4,4,True,Remote/Difficult Terrain
P-000362,DEP-0001176,7,2025-07-01,2025-07-05,2025-07-27,22,High Tempo,3,4,True,Remote/Difficult Terrain
P-000362,DEP-0001177,8,2025-08-01,2025-08-04,2025-08-25,21,High Tempo,4,4,True,Remote/Difficult Terrain
P-000364,DEP-0001178,4,2025-04-01,2025-04-04,2025-04-24,20,High Tempo,3,4,True,Remote/Difficult Terrain
P-000364,DEP-0001179,5,2025-05-01,2025-05-02,2025-05-24,22,High Tempo,3,4,True,Semi-Urban Outpost
P-000364,DEP-0001180,6,2025-06-01,2025-06-05,2025-06-27,22,High Tempo,4,3,True,Remote/Difficult Terrain
P-000364,DEP-0001181,7,2025-07-01,2025-07-02,2025-07-28,26,High Tempo,3,3,False,Semi-Urban Outpost
P-000364,DEP-0001182,8,2025-08-01,2025-08-04,2025-08-28,24,High Tempo,4,4,True,Remote/Difficult Terrain
P-000365,DEP-0001183,2,2025-02-01,2025-02-04,2025-02-27,23,High Tempo,4,4,True,Remote/Difficult Terrain
P-000365,DEP-0001184,3,2025-03-01,2025-03-03,2025-03-23,20,High Tempo,4,4,True,Remote/Difficult Terrain
P-000365,DEP-0001185,4,2025-04-01,2025-04-02,2025-04-24,22,High Tempo,4,4,True,Remote/Difficult Terrain
P-000365,DEP-0001186,5,2025-05-01,2025-05-02,2025-05-23,21,High Tempo,4,4,True,Remote/Difficult Terrain
P-000367,DEP-0001187,6,2025-06-01,2025-06-04,2025-06-26,22,High Tempo,4,3,True,Semi-Urban Outpost
P-000367,DEP-0001188,7,2025-07-01,2025-07-02,2025-07-27,25,High Tempo,4,3,True,Semi-Urban Outpost
P-000368,DEP-0001189,2,2025-02-01,2025-02-05,2025-02-27,22,High Tempo,4,4,True,Remote/Difficult Terrain
P-000368,DEP-0001190,3,2025-03-01,2025-03-05,2025-03-28,23,High Tempo,4,4,True,Remote/Difficult Terrain
P-000368,DEP-0001191,4,2025-04-01,2025-04-03,2025-04-27,24,High Tempo,4,4,True,Remote/Difficult Terrain
P-000368,DEP-0001192,5,2025-05-01,2025-05-05,2025-05-24,19,High Tempo,4,4,True,Remote/Difficult Terrain
P-000369,DEP-0001193,4,2025-04-01,2025-04-05,2025-04-27,22,Routine,2,1,False,Semi-Urban Outpost
P-000370,DEP-0001194,5,2025-05-01,2025-05-05,2025-05-23,18,Routine,3,2,False,Semi-Urban Outpost
P-000374,DEP-0001195,3,2025-03-01,2025-03-02,2025-03-23,21,Extended,3,4,True,High Altitude/Extreme
P-000374,DEP-0001196,4,2025-04-01,2025-04-03,2025-04-24,21,Extended,4,5,True,Remote/Difficult Terrain
P-000374,DEP-0001197,5,2025-05-01,2025-05-04,2025-05-28,24,Extended,4,5,True,Remote/Difficult Terrain
P-000374,DEP-0001198,6,2025-06-01,2025-06-05,2025-06-28,23,Extended,3,5,True,Remote/Difficult Terrain
P-000374,DEP-0001199,7,2025-07-01,2025-07-05,2025-07-24,19,Extended,4,5,True,Remote/Difficult Terrain
P-000374,DEP-0001200,8,2025-08-01,2025-08-03,2025-08-23,20,Extended,3,5,True,High Altitude/Extreme
P-000374,DEP-0001201,9,2025-09-01,2025-09-05,2025-09-25,20,Extended,3,4,True,Remote/Difficult Terrain
P-000376,DEP-0001202,4,2025-04-01,2025-04-04,2025-04-25,21,Routine,2,1,False,Semi-Urban Outpost
P-000377,DEP-0001203,4,2025-04-01,2025-04-03,2025-04-28,25,High Tempo,4,5,True,High Altitude/Extreme
P-000377,DEP-0001204,5,2025-05-01,2025-05-05,2025-05-27,22,High Tempo,5,5,True,Remote/Difficult Terrain
P-000377,DEP-0001205,6,2025-06-01,2025-06-02,2025-06-27,25,Extended,5,5,True,High Altitude/Extreme
P-000377,DEP-0001206,7,2025-07-01,2025-07-04,2025-07-25,21,High Tempo,5,5,True,High Altitude/Extreme
P-000377,DEP-0001207,8,2025-08-01,2025-08-03,2025-08-25,22,Extended,4,5,True,High Altitude/Extreme
P-000377,DEP-0001208,9,2025-09-01,2025-09-05,2025-09-23,18,High Tempo,5,4,True,High Altitude/Extreme
P-000377,DEP-0001209,10,2025-10-01,2025-10-05,2025-10-24,19,Extended,4,4,True,High Altitude/Extreme
P-000377,DEP-0001210,11,2025-11-01,2025-11-03,2025-11-26,23,Extended,5,5,True,High Altitude/Extreme
P-000378,DEP-0001211,4,2025-04-01,2025-04-04,2025-04-26,22,Routine,2,1,False,Semi-Urban Outpost
P-000379,DEP-0001212,4,2025-04-01,2025-04-05,2025-04-24,19,Extended,5,4,True,Remote/Difficult Terrain
P-000379,DEP-0001213,5,2025-05-01,2025-05-02,2025-05-26,24,Extended,4,5,True,Remote/Difficult Terrain
P-000379,DEP-0001214,6,2025-06-01,2025-06-04,2025-06-25,21,High Tempo,4,5,True,Remote/Difficult Terrain
P-000379,DEP-0001215,7,2025-07-01,2025-07-03,2025-07-28,25,Extended,4,5,True,Remote/Difficult Terrain
P-000379,DEP-0001216,8,2025-08-01,2025-08-03,2025-08-28,25,High Tempo,5,4,True,Remote/Difficult Terrain
P-000379,DEP-0001217,9,2025-09-01,2025-09-03,2025-09-24,21,High Tempo,5,4,True,Remote/Difficult Terrain
P-000379,DEP-0001218,10,2025-10-01,2025-10-05,2025-10-27,22,High Tempo,4,5,True,Remote/Difficult Terrain
P-000379,DEP-0001219,11,2025-11-01,2025-11-05,2025-11-27,22,Extended,5,4,True,Remote/Difficult Terrain
P-000380,DEP-0001220,5,2025-05-01,2025-05-02,2025-05-27,25,Routine,2,2,False,Urban Base
P-000381,DEP-0001221,4,2025-04-01,2025-04-02,2025-04-26,24,Routine,2,2,False,Urban Base
P-000381,DEP-0001222,5,2025-05-01,2025-05-02,2025-05-25,23,Routine,3,2,False,Urban Base
P-000382,DEP-0001223,3,2025-03-01,2025-03-03,2025-03-24,21,Extended,3,5,True,High Altitude/Extreme
P-000382,DEP-0001224,4,2025-04-01,2025-04-04,2025-04-23,19,Extended,3,5,True,Remote/Difficult Terrain
P-000382,DEP-0001225,5,2025-05-01,2025-05-02,2025-05-25,23,Extended,3,5,True,Remote/Difficult Terrain
P-000382,DEP-0001226,6,2025-06-01,2025-06-02,2025-06-28,26,Extended,4,5,True,High Altitude/Extreme
P-000382,DEP-0001227,7,2025-07-01,2025-07-03,2025-07-24,21,Extended,3,4,True,High Altitude/Extreme
P-000382,DEP-0001228,8,2025-08-01,2025-08-05,2025-08-24,19,Extended,4,5,True,High Altitude/Extreme
P-000382,DEP-0001229,9,2025-09-01,2025-09-02,2025-09-28,26,Extended,4,5,True,High Altitude/Extreme
P-000383,DEP-0001230,4,2025-04-01,2025-04-04,2025-04-28,24,High Tempo,4,4,True,Remote/Difficult Terrain
P-000383,DEP-0001231,5,2025-05-01,2025-05-05,2025-05-27,22,High Tempo,4,3,True,Semi-Urban Outpost
P-000383,DEP-0001232,6,2025-06-01,2025-06-05,2025-06-24,19,High Tempo,4,4,True,Remote/Difficult Terrain
P-000383,DEP-0001233,7,2025-07-01,2025-07-05,2025-07-27,22,High Tempo,3,4,True,Semi-Urban Outpost
P-000383,DEP-0001234,8,2025-08-01,2025-08-05,2025-08-26,21,High Tempo,3,3,False,Remote/Difficult Terrain
P-000384,DEP-0001235,2,2025-02-01,2025-02-02,2025-02-25,23,High Tempo,4,4,True,Remote/Difficult Terrain
P-000384,DEP-0001236,3,2025-03-01,2025-03-02,2025-03-26,24,High Tempo,4,4,True,Remote/Difficult Terrain
P-000384,DEP-0001237,4,2025-04-01,2025-04-05,2025-04-24,19,High Tempo,4,4,True,Remote/Difficult Terrain
P-000384,DEP-0001238,5,2025-05-01,2025-05-02,2025-05-24,22,High Tempo,4,4,True,Remote/Difficult Terrain
P-000385,DEP-0001239,3,2025-03-01,2025-03-03,2025-03-25,22,Extended,4,4,True,High Altitude/Extreme
P-000385,DEP-0001240,4,2025-04-01,2025-04-02,2025-04-26,24,Extended,4,4,True,Remote/Difficult Terrain
P-000385,DEP-0001241,5,2025-05-01,2025-05-03,2025-05-28,25,Extended,4,4,True,High Altitude/Extreme
P-000385,DEP-0001242,6,2025-06-01,2025-06-02,2025-06-23,21,Extended,4,4,True,Remote/Difficult Terrain
P-000385,DEP-0001243,7,2025-07-01,2025-07-05,2025-07-27,22,Extended,3,5,True,Remote/Difficult Terrain
P-000385,DEP-0001244,8,2025-08-01,2025-08-05,2025-08-27,22,Extended,3,5,True,Remote/Difficult Terrain
P-000385,DEP-0001245,9,2025-09-01,2025-09-05,2025-09-25,20,Extended,3,4,True,Remote/Difficult Terrain
P-000386,DEP-0001246,4,2025-04-01,2025-04-02,2025-04-27,25,High Tempo,5,4,True,High Altitude/Extreme
P-000386,DEP-0001247,5,2025-05-01,2025-05-04,2025-05-26,22,High Tempo,5,4,True,Remote/Difficult Terrain
P-000386,DEP-0001248,6,2025-06-01,2025-06-02,2025-06-28,26,Extended,5,4,True,Remote/Difficult Terrain
P-000386,DEP-0001249,7,2025-07-01,2025-07-02,2025-07-25,23,Extended,5,4,True,Remote/Difficult Terrain
P-000386,DEP-0001250,8,2025-08-01,2025-08-03,2025-08-25,22,Extended,4,4,True,High Altitude/Extreme
P-000386,DEP-0001251,9,2025-09-01,2025-09-02,2025-09-24,22,Extended,4,5,True,High Altitude/Extreme
P-000386,DEP-0001252,10,2025-10-01,2025-10-05,2025-10-25,20,High Tempo,5,4,True,High Altitude/Extreme
P-000386,DEP-0001253,11,2025-11-01,2025-11-05,2025-11-28,23,Extended,4,4,True,Remote/Difficult Terrain
P-000387,DEP-0001254,4,2025-04-01,2025-04-05,2025-04-28,23,Routine,2,1,False,Urban Base
P-000387,DEP-0001255,5,2025-05-01,2025-05-03,2025-05-28,25,Routine,2,2,False,Urban Base
P-000388,DEP-0001256,4,2025-04-01,2025-04-03,2025-04-27,24,Routine,3,1,False,Urban Base
P-000389,DEP-0001257,3,2025-03-01,2025-03-02,2025-03-27,25,Extended,4,4,True,High Altitude/Extreme
P-000389,DEP-0001258,4,2025-04-01,2025-04-03,2025-04-26,23,Extended,4,5,True,High Altitude/Extreme
P-000389,DEP-0001259,5,2025-05-01,2025-05-03,2025-05-26,23,Extended,4,4,True,Remote/Difficult Terrain
P-000389,DEP-0001260,6,2025-06-01,2025-06-04,2025-06-27,23,Extended,4,4,True,Remote/Difficult Terrain
P-000389,DEP-0001261,7,2025-07-01,2025-07-05,2025-07-28,23,Extended,4,4,True,High Altitude/Extreme
P-000389,DEP-0001262,8,2025-08-01,2025-08-02,2025-08-25,23,Extended,3,4,True,High Altitude/Extreme
P-000389,DEP-0001263,9,2025-09-01,2025-09-05,2025-09-23,18,Extended,4,5,True,High Altitude/Extreme
P-000390,DEP-0001264,4,2025-04-01,2025-04-05,2025-04-25,20,Extended,4,4,True,High Altitude/Extreme
P-000390,DEP-0001265,5,2025-05-01,2025-05-05,2025-05-28,23,Extended,4,5,True,High Altitude/Extreme
P-000390,DEP-0001266,6,2025-06-01,2025-06-04,2025-06-23,19,High Tempo,5,5,True,Remote/Difficult Terrain
P-000390,DEP-0001267,7,2025-07-01,2025-07-04,2025-07-24,20,High Tempo,5,4,True,Remote/Difficult Terrain
P-000390,DEP-0001268,8,2025-08-01,2025-08-03,2025-08-26,23,High Tempo,4,4,True,High Altitude/Extreme
P-000390,DEP-0001269,9,2025-09-01,2025-09-04,2025-09-27,23,Extended,5,4,True,Remote/Difficult Terrain
P-000390,DEP-0001270,10,2025-10-01,2025-10-05,2025-10-28,23,Extended,5,4,True,Remote/Difficult Terrain
P-000390,DEP-0001271,11,2025-11-01,2025-11-05,2025-11-27,22,High Tempo,4,5,True,Remote/Difficult Terrain
P-000391,DEP-0001272,6,2025-06-01,2025-06-04,2025-06-25,21,High Tempo,4,3,True,Semi-Urban Outpost
P-000391,DEP-0001273,7,2025-07-01,2025-07-03,2025-07-24,21,High Tempo,4,3,True,Semi-Urban Outpost
P-000392,DEP-0001274,4,2025-04-01,2025-04-05,2025-04-23,18,Routine,2,1,False,Semi-Urban Outpost
P-000393,DEP-0001275,4,2025-04-01,2025-04-05,2025-04-25,20,Routine,3,1,False,Urban Base
P-000394,DEP-0001276,4,2025-04-01,2025-04-04,2025-04-25,21,High Tempo,5,4,True,Remote/Difficult Terrain
P-000394,DEP-0001277,5,2025-05-01,2025-05-04,2025-05-24,20,Extended,4,4,True,High Altitude/Extreme
P-000394,DEP-0001278,6,2025-06-01,2025-06-04,2025-06-27,23,Extended,5,4,True,Remote/Difficult Terrain
P-000394,DEP-0001279,7,2025-07-01,2025-07-03,2025-07-25,22,Extended,4,5,True,High Altitude/Extreme
P-000394,DEP-0001280,8,2025-08-01,2025-08-03,2025-08-23,20,Extended,4,4,True,High Altitude/Extreme
P-000394,DEP-0001281,9,2025-09-01,2025-09-04,2025-09-27,23,Extended,4,4,True,High Altitude/Extreme
P-000394,DEP-0001282,10,2025-10-01,2025-10-05,2025-10-27,22,Extended,5,5,True,High Altitude/Extreme
P-000394,DEP-0001283,11,2025-11-01,2025-11-02,2025-11-25,23,Extended,4,4,True,High Altitude/Extreme
P-000395,DEP-0001284,4,2025-04-01,2025-04-04,2025-04-26,22,Routine,3,1,False,Semi-Urban Outpost
P-000396,DEP-0001285,2,2025-02-01,2025-02-05,2025-02-25,20,High Tempo,4,4,True,Remote/Difficult Terrain
P-000396,DEP-0001286,3,2025-03-01,2025-03-03,2025-03-24,21,High Tempo,4,4,True,Remote/Difficult Terrain
P-000396,DEP-0001287,4,2025-04-01,2025-04-05,2025-04-28,23,High Tempo,4,4,True,Remote/Difficult Terrain
P-000396,DEP-0001288,5,2025-05-01,2025-05-05,2025-05-24,19,High Tempo,4,4,True,Remote/Difficult Terrain
P-000397,DEP-0001289,4,2025-04-01,2025-04-05,2025-04-27,22,High Tempo,4,4,True,Remote/Difficult Terrain
P-000397,DEP-0001290,5,2025-05-01,2025-05-03,2025-05-28,25,High Tempo,4,5,True,Remote/Difficult Terrain
P-000397,DEP-0001291,6,2025-06-01,2025-06-03,2025-06-28,25,Extended,4,4,True,High Altitude/Extreme
P-000397,DEP-0001292,7,2025-07-01,2025-07-03,2025-07-27,24,High Tempo,4,5,True,Remote/Difficult Terrain
P-000397,DEP-0001293,8,2025-08-01,2025-08-03,2025-08-25,22,High Tempo,4,4,True,Remote/Difficult Terrain
P-000397,DEP-0001294,9,2025-09-01,2025-09-02,2025-09-23,21,High Tempo,4,5,True,High Altitude/Extreme
P-000397,DEP-0001295,10,2025-10-01,2025-10-02,2025-10-24,22,Extended,4,5,True,Remote/Difficult Terrain
P-000397,DEP-0001296,11,2025-11-01,2025-11-04,2025-11-26,22,High Tempo,5,4,True,High Altitude/Extreme
P-000398,DEP-0001297,4,2025-04-01,2025-04-02,2025-04-23,21,Routine,2,2,False,Urban Base
P-000398,DEP-0001298,5,2025-05-01,2025-05-02,2025-05-27,25,Routine,3,1,False,Semi-Urban Outpost
P-000399,DEP-0001299,3,2025-03-01,2025-03-03,2025-03-26,23,Extended,3,5,True,Remote/Difficult Terrain
P-000399,DEP-0001300,4,2025-04-01,2025-04-05,2025-04-28,23,Extended,4,4,True,High Altitude/Extreme
P-000399,DEP-0001301,5,2025-05-01,2025-05-02,2025-05-26,24,Extended,4,5,True,High Altitude/Extreme
P-000399,DEP-0001302,6,2025-06-01,2025-06-02,2025-06-27,25,Extended,4,4,True,Remote/Difficult Terrain
P-000399,DEP-0001303,7,2025-07-01,2025-07-05,2025-07-24,19,Extended,4,5,True,High Altitude/Extreme
P-000399,DEP-0001304,8,2025-08-01,2025-08-04,2025-08-24,20,Extended,3,5,True,Remote/Difficult Terrain
P-000399,DEP-0001305,9,2025-09-01,2025-09-05,2025-09-27,22,Extended,4,4,True,Remote/Difficult Terrain
P-000400,DEP-0001306,3,2025-03-01,2025-03-04,2025-03-27,23,Extended,4,4,True,Remote/Difficult Terrain
P-000400,DEP-0001307,4,2025-04-01,2025-04-05,2025-04-24,19,Extended,3,5,True,Remote/Difficult Terrain
P-000400,DEP-0001308,5,2025-05-01,2025-05-04,2025-05-25,21,Extended,4,4,True,High Altitude/Extreme
P-000400,DEP-0001309,6,2025-06-01,2025-06-02,2025-06-25,23,Extended,4,4,True,Remote/Difficult Terrain
P-000400,DEP-0001310,7,2025-07-01,2025-07-05,2025-07-25,20,Extended,3,4,True,Remote/Difficult Terrain
P-000400,DEP-0001311,8,2025-08-01,2025-08-04,2025-08-27,23,Extended,3,4,True,High Altitude/Extreme
P-000400,DEP-0001312,9,2025-09-01,2025-09-05,2025-09-27,22,Extended,3,5,True,High Altitude/Extreme
P-000402,DEP-0001313,2,2025-02-01,2025-02-05,2025-02-28,23,High Tempo,4,4,True,Remote/Difficult Terrain
P-000402,DEP-0001314,3,2025-03-01,2025-03-03,2025-03-26,23,High Tempo,4,4,True,Remote/Difficult Terrain
P-000402,DEP-0001315,4,2025-04-01,2025-04-03,2025-04-28,25,High Tempo,4,4,True,Remote/Difficult Terrain
P-000402,DEP-0001316,5,2025-05-01,2025-05-02,2025-05-28,26,High Tempo,4,4,True,Remote/Difficult Terrain
P-000403,DEP-0001317,4,2025-04-01,2025-04-05,2025-04-24,19,High Tempo,3,4,True,Remote/Difficult Terrain
P-000403,DEP-0001318,5,2025-05-01,2025-05-04,2025-05-28,24,High Tempo,4,4,True,Semi-Urban Outpost
P-000403,DEP-0001319,6,2025-06-01,2025-06-02,2025-06-24,22,High Tempo,3,4,True,Remote/Difficult Terrain
P-000403,DEP-0001320,7,2025-07-01,2025-07-04,2025-07-25,21,High Tempo,3,3,False,Semi-Urban Outpost
P-000403,DEP-0001321,8,2025-08-01,2025-08-02,2025-08-27,25,High Tempo,3,3,False,Remote/Difficult Terrain
P-000404,DEP-0001322,4,2025-04-01,2025-04-03,2025-04-24,21,Extended,4,4,True,High Altitude/Extreme
P-000404,DEP-0001323,5,2025-05-01,2025-05-02,2025-05-23,21,High Tempo,4,5,True,Remote/Difficult Terrain
P-000404,DEP-0001324,6,2025-06-01,2025-06-03,2025-06-26,23,Extended,5,5,True,High Altitude/Extreme
P-000404,DEP-0001325,7,2025-07-01,2025-07-05,2025-07-23,18,High Tempo,5,4,True,High Altitude/Extreme
P-000404,DEP-0001326,8,2025-08-01,2025-08-02,2025-08-26,24,High Tempo,5,5,True,Remote/Difficult Terrain
P-000404,DEP-0001327,9,2025-09-01,2025-09-02,2025-09-24,22,Extended,5,4,True,Remote/Difficult Terrain
P-000404,DEP-0001328,10,2025-10-01,2025-10-04,2025-10-26,22,Extended,4,4,True,Remote/Difficult Terrain
P-000404,DEP-0001329,11,2025-11-01,2025-11-02,2025-11-28,26,Extended,5,4,True,High Altitude/Extreme
P-000405,DEP-0001330,5,2025-05-01,2025-05-05,2025-05-23,18,Routine,2,1,False,Semi-Urban Outpost
P-000406,DEP-0001331,2,2025-02-01,2025-02-02,2025-02-24,22,High Tempo,4,4,True,Remote/Difficult Terrain
P-000406,DEP-0001332,3,2025-03-01,2025-03-05,2025-03-24,19,High Tempo,4,4,True,Remote/Difficult Terrain
P-000406,DEP-0001333,4,2025-04-01,2025-04-04,2025-04-27,23,High Tempo,4,4,True,Remote/Difficult Terrain
P-000406,DEP-0001334,5,2025-05-01,2025-05-02,2025-05-25,23,High Tempo,4,4,True,Remote/Difficult Terrain
P-000407,DEP-0001335,4,2025-04-01,2025-04-04,2025-04-25,21,Routine,2,2,False,Urban Base
P-000407,DEP-0001336,5,2025-05-01,2025-05-03,2025-05-28,25,Routine,2,1,False,Semi-Urban Outpost
P-000408,DEP-0001337,5,2025-05-01,2025-05-02,2025-05-26,24,Routine,3,1,False,Semi-Urban Outpost
P-000409,DEP-0001338,2,2025-02-01,2025-02-04,2025-02-26,22,High Tempo,4,4,True,Remote/Difficult Terrain
P-000409,DEP-0001339,3,2025-03-01,2025-03-05,2025-03-26,21,High Tempo,4,4,True,Remote/Difficult Terrain
P-000409,DEP-0001340,4,2025-04-01,2025-04-02,2025-04-28,26,High Tempo,4,4,True,Remote/Difficult Terrain
P-000409,DEP-0001341,5,2025-05-01,2025-05-04,2025-05-27,23,High Tempo,4,4,True,Remote/Difficult Terrain
P-000412,DEP-0001342,6,2025-06-01,2025-06-05,2025-06-25,20,High Tempo,4,3,True,Semi-Urban Outpost
P-000412,DEP-0001343,7,2025-07-01,2025-07-05,2025-07-28,23,High Tempo,4,3,True,Semi-Urban Outpost
P-000413,DEP-0001344,6,2025-06-01,2025-06-04,2025-06-25,21,High Tempo,4,3,True,Semi-Urban Outpost
P-000413,DEP-0001345,7,2025-07-01,2025-07-05,2025-07-26,21,High Tempo,4,3,True,Semi-Urban Outpost
P-000414,DEP-0001346,4,2025-04-01,2025-04-05,2025-04-27,22,High Tempo,4,3,True,Semi-Urban Outpost
P-000414,DEP-0001347,5,2025-05-01,2025-05-04,2025-05-27,23,High Tempo,4,4,True,Semi-Urban Outpost
P-000414,DEP-0001348,6,2025-06-01,2025-06-02,2025-06-26,24,High Tempo,4,3,True,Semi-Urban Outpost
P-000414,DEP-0001349,7,2025-07-01,2025-07-03,2025-07-24,21,High Tempo,3,4,True,Remote/Difficult Terrain
P-000414,DEP-0001350,8,2025-08-01,2025-08-02,2025-08-26,24,High Tempo,4,4,True,Remote/Difficult Terrain
P-000415,DEP-0001351,4,2025-04-01,2025-04-03,2025-04-24,21,High Tempo,4,3,True,Remote/Difficult Terrain
P-000415,DEP-0001352,5,2025-05-01,2025-05-03,2025-05-26,23,High Tempo,4,4,True,Semi-Urban Outpost
P-000415,DEP-0001353,6,2025-06-01,2025-06-05,2025-06-27,22,High Tempo,4,4,True,Semi-Urban Outpost
P-000415,DEP-0001354,7,2025-07-01,2025-07-04,2025-07-27,23,High Tempo,3,3,False,Remote/Difficult Terrain
P-000415,DEP-0001355,8,2025-08-01,2025-08-03,2025-08-27,24,High Tempo,4,3,True,Remote/Difficult Terrain
P-000416,DEP-0001356,4,2025-04-01,2025-04-05,2025-04-23,18,Routine,3,1,False,Urban Base
P-000417,DEP-0001357,4,2025-04-01,2025-04-02,2025-04-26,24,Routine,2,1,False,Urban Base
P-000417,DEP-0001358,5,2025-05-01,2025-05-03,2025-05-23,20,Routine,2,1,False,Semi-Urban Outpost
P-000419,DEP-0001359,3,2025-03-01,2025-03-02,2025-03-26,24,Extended,3,5,True,High Altitude/Extreme
P-000419,DEP-0001360,4,2025-04-01,2025-04-02,2025-04-23,21,Extended,3,4,True,High Altitude/Extreme
P-000419,DEP-0001361,5,2025-05-01,2025-05-02,2025-05-25,23,Extended,4,5,True,Remote/Difficult Terrain
P-000419,DEP-0001362,6,2025-06-01,2025-06-02,2025-06-28,26,Extended,3,5,True,Remote/Difficult Terrain
P-000419,DEP-0001363,7,2025-07-01,2025-07-05,2025-07-26,21,Extended,4,5,True,Remote/Difficult Terrain
P-000419,DEP-0001364,8,2025-08-01,2025-08-03,2025-08-28,25,Extended,4,5,True,Remote/Difficult Terrain
P-000419,DEP-0001365,9,2025-09-01,2025-09-03,2025-09-23,20,Extended,3,4,True,Remote/Difficult Terrain
P-000420,DEP-0001366,3,2025-03-01,2025-03-05,2025-03-27,22,Extended,3,5,True,Remote/Difficult Terrain
P-000420,DEP-0001367,4,2025-04-01,2025-04-02,2025-04-25,23,Extended,3,4,True,Remote/Difficult Terrain
P-000420,DEP-0001368,5,2025-05-01,2025-05-05,2025-05-25,20,Extended,3,5,True,High Altitude/Extreme
P-000420,DEP-0001369,6,2025-06-01,2025-06-05,2025-06-26,21,Extended,4,5,True,Remote/Difficult Terrain
P-000420,DEP-0001370,7,2025-07-01,2025-07-04,2025-07-26,22,Extended,4,5,True,Remote/Difficult Terrain
P-000420,DEP-0001371,8,2025-08-01,2025-08-03,2025-08-25,22,Extended,3,4,True,High Altitude/Extreme
P-000420,DEP-0001372,9,2025-09-01,2025-09-05,2025-09-26,21,Extended,3,4,True,High Altitude/Extreme
P-000421,DEP-0001373,4,2025-04-01,2025-04-04,2025-04-26,22,High Tempo,4,5,True,High Altitude/Extreme
P-000421,DEP-0001374,5,2025-05-01,2025-05-05,2025-05-28,23,Extended,5,4,True,High Altitude/Extreme
P-000421,DEP-0001375,6,2025-06-01,2025-06-04,2025-06-26,22,Extended,4,5,True,High Altitude/Extreme
P-000421,DEP-0001376,7,2025-07-01,2025-07-04,2025-07-27,23,High Tempo,5,5,True,High Altitude/Extreme
P-000421,DEP-0001377,8,2025-08-01,2025-08-03,2025-08-26,23,High Tempo,5,5,True,Remote/Difficult Terrain
P-000421,DEP-0001378,9,2025-09-01,2025-09-04,2025-09-27,23,Extended,5,5,True,Remote/Difficult Terrain
P-000421,DEP-0001379,10,2025-10-01,2025-10-02,2025-10-26,24,High Tempo,4,5,True,Remote/Difficult Terrain
P-000421,DEP-0001380,11,2025-11-01,2025-11-05,2025-11-24,19,Extended,5,5,True,Remote/Difficult Terrain
P-000422,DEP-0001381,4,2025-04-01,2025-04-02,2025-04-27,25,High Tempo,4,4,True,High Altitude/Extreme
P-000422,DEP-0001382,5,2025-05-01,2025-05-05,2025-05-28,23,Extended,4,4,True,High Altitude/Extreme
P-000422,DEP-0001383,6,2025-06-01,2025-06-02,2025-06-28,26,High Tempo,5,4,True,High Altitude/Extreme
P-000422,DEP-0001384,7,2025-07-01,2025-07-05,2025-07-25,20,Extended,4,4,True,High Altitude/Extreme
P-000422,DEP-0001385,8,2025-08-01,2025-08-03,2025-08-28,25,High Tempo,4,5,True,Remote/Difficult Terrain
P-000422,DEP-0001386,9,2025-09-01,2025-09-03,2025-09-25,22,Extended,4,4,True,High Altitude/Extreme
P-000422,DEP-0001387,10,2025-10-01,2025-10-03,2025-10-25,22,High Tempo,5,4,True,Remote/Difficult Terrain
P-000422,DEP-0001388,11,2025-11-01,2025-11-02,2025-11-26,24,Extended,4,5,True,Remote/Difficult Terrain
P-000423,DEP-0001389,4,2025-04-01,2025-04-04,2025-04-23,19,Routine,3,1,False,Urban Base
P-000424,DEP-0001390,4,2025-04-01,2025-04-05,2025-04-27,22,Routine,3,2,False,Semi-Urban Outpost
P-000426,DEP-0001391,4,2025-04-01,2025-04-02,2025-04-25,23,High Tempo,3,4,True,Remote/Difficult Terrain
P-000426,DEP-0001392,5,2025-05-01,2025-05-04,2025-05-24,20,High Tempo,3,4,True,Semi-Urban Outpost
P-000426,DEP-0001393,6,2025-06-01,2025-06-05,2025-06-24,19,High Tempo,4,3,True,Semi-Urban Outpost
P-000426,DEP-0001394,7,2025-07-01,2025-07-03,2025-07-28,25,High Tempo,4,3,True,Semi-Urban Outpost
P-000426,DEP-0001395,8,2025-08-01,2025-08-05,2025-08-25,20,High Tempo,3,3,False,Remote/Difficult Terrain
P-000427,DEP-0001396,4,2025-04-01,2025-04-02,2025-04-24,22,Routine,3,2,False,Urban Base
P-000427,DEP-0001397,5,2025-05-01,2025-05-04,2025-05-28,24,Routine,3,2,False,Semi-Urban Outpost
P-000428,DEP-0001398,2,2025-02-01,2025-02-04,2025-02-24,20,High Tempo,4,4,True,Remote/Difficult Terrain
P-000428,DEP-0001399,3,2025-03-01,2025-03-04,2025-03-28,24,High Tempo,4,4,True,Remote/Difficult Terrain
P-000428,DEP-0001400,4,2025-04-01,2025-04-03,2025-04-24,21,High Tempo,4,4,True,Remote/Difficult Terrain
P-000428,DEP-0001401,5,2025-05-01,2025-05-03,2025-05-24,21,High Tempo,4,4,True,Remote/Difficult Terrain
P-000429,DEP-0001402,4,2025-04-01,2025-04-05,2025-04-23,18,Routine,2,2,False,Semi-Urban Outpost
P-000431,DEP-0001403,5,2025-05-01,2025-05-03,2025-05-26,23,Routine,3,1,False,Urban Base
P-000432,DEP-0001404,3,2025-03-01,2025-03-03,2025-03-27,24,Extended,3,4,True,High Altitude/Extreme
P-000432,DEP-0001405,4,2025-04-01,2025-04-04,2025-04-23,19,Extended,3,4,True,High Altitude/Extreme
P-000432,DEP-0001406,5,2025-05-01,2025-05-02,2025-05-24,22,Extended,4,5,True,Remote/Difficult Terrain
P-000432,DEP-0001407,6,2025-06-01,2025-06-04,2025-06-25,21,Extended,3,5,True,Remote/Difficult Terrain
P-000432,DEP-0001408,7,2025-07-01,2025-07-05,2025-07-26,21,Extended,3,4,True,High Altitude/Extreme
P-000432,DEP-0001409,8,2025-08-01,2025-08-04,2025-08-23,19,Extended,4,4,True,Remote/Difficult Terrain
P-000432,DEP-0001410,9,2025-09-01,2025-09-03,2025-09-25,22,Extended,3,4,True,Remote/Difficult Terrain
P-000433,DEP-0001411,4,2025-04-01,2025-04-03,2025-04-25,22,High Tempo,3,3,False,Semi-Urban Outpost
P-000433,DEP-0001412,5,2025-05-01,2025-05-04,2025-05-25,21,High Tempo,3,4,True,Remote/Difficult Terrain
P-000433,DEP-0001413,6,2025-06-01,2025-06-05,2025-06-27,22,High Tempo,4,4,True,Remote/Difficult Terrain
P-000433,DEP-0001414,7,2025-07-01,2025-07-05,2025-07-24,19,High Tempo,4,4,True,Semi-Urban Outpost
P-000433,DEP-0001415,8,2025-08-01,2025-08-04,2025-08-25,21,High Tempo,3,3,False,Semi-Urban Outpost
P-000434,DEP-0001416,4,2025-04-01,2025-04-05,2025-04-23,18,Routine,3,2,False,Semi-Urban Outpost
P-000435,DEP-0001417,5,2025-05-01,2025-05-04,2025-05-27,23,Routine,2,2,False,Semi-Urban Outpost
P-000436,DEP-0001418,3,2025-03-01,2025-03-02,2025-03-23,21,Extended,3,5,True,High Altitude/Extreme
P-000436,DEP-0001419,4,2025-04-01,2025-04-03,2025-04-26,23,Extended,3,5,True,Remote/Difficult Terrain
P-000436,DEP-0001420,5,2025-05-01,2025-05-05,2025-05-26,21,Extended,4,4,True,High Altitude/Extreme
P-000436,DEP-0001421,6,2025-06-01,2025-06-03,2025-06-23,20,Extended,3,4,True,High Altitude/Extreme
P-000436,DEP-0001422,7,2025-07-01,2025-07-05,2025-07-23,18,Extended,4,5,True,High Altitude/Extreme
P-000436,DEP-0001423,8,2025-08-01,2025-08-05,2025-08-24,19,Extended,4,4,True,Remote/Difficult Terrain
P-000436,DEP-0001424,9,2025-09-01,2025-09-04,2025-09-24,20,Extended,4,5,True,Remote/Difficult Terrain
P-000438,DEP-0001425,4,2025-04-01,2025-04-02,2025-04-23,21,High Tempo,4,4,True,High Altitude/Extreme
P-000438,DEP-0001426,5,2025-05-01,2025-05-05,2025-05-28,23,Extended,4,5,True,High Altitude/Extreme
P-000438,DEP-0001427,6,2025-06-01,2025-06-04,2025-06-27,23,High Tempo,5,4,True,Remote/Difficult Terrain
P-000438,DEP-0001428,7,2025-07-01,2025-07-05,2025-07-24,19,Extended,5,5,True,Remote/Difficult Terrain
P-000438,DEP-0001429,8,2025-08-01,2025-08-04,2025-08-26,22,High Tempo,4,4,True,High Altitude/Extreme
P-000438,DEP-0001430,9,2025-09-01,2025-09-05,2025-09-28,23,Extended,4,4,True,Remote/Difficult Terrain
P-000438,DEP-0001431,10,2025-10-01,2025-10-02,2025-10-23,21,Extended,4,5,True,Remote/Difficult Terrain
P-000438,DEP-0001432,11,2025-11-01,2025-11-02,2025-11-23,21,High Tempo,5,4,True,High Altitude/Extreme
P-000439,DEP-0001433,3,2025-03-01,2025-03-02,2025-03-23,21,Extended,4,4,True,High Altitude/Extreme
P-000439,DEP-0001434,4,2025-04-01,2025-04-04,2025-04-23,19,Extended,3,5,True,High Altitude/Extreme
P-000439,DEP-0001435,5,2025-05-01,2025-05-05,2025-05-27,22,Extended,3,5,True,Remote/Difficult Terrain
P-000439,DEP-0001436,6,2025-06-01,2025-06-04,2025-06-28,24,Extended,4,5,True,Remote/Difficult Terrain
P-000439,DEP-0001437,7,2025-07-01,2025-07-05,2025-07-23,18,Extended,3,4,True,High Altitude/Extreme
P-000439,DEP-0001438,8,2025-08-01,2025-08-04,2025-08-28,24,Extended,3,4,True,High Altitude/Extreme
P-000439,DEP-0001439,9,2025-09-01,2025-09-02,2025-09-27,25,Extended,3,5,True,High Altitude/Extreme
P-000440,DEP-0001440,4,2025-04-01,2025-04-02,2025-04-23,21,Routine,3,2,False,Semi-Urban Outpost
P-000440,DEP-0001441,5,2025-05-01,2025-05-05,2025-05-24,19,Routine,3,1,False,Urban Base
P-000441,DEP-0001442,4,2025-04-01,2025-04-03,2025-04-27,24,Routine,3,1,False,Semi-Urban Outpost
P-000442,DEP-0001443,6,2025-06-01,2025-06-02,2025-06-28,26,High Tempo,4,3,True,Semi-Urban Outpost
P-000442,DEP-0001444,7,2025-07-01,2025-07-03,2025-07-25,22,High Tempo,4,3,True,Semi-Urban Outpost
P-000443,DEP-0001445,5,2025-05-01,2025-05-04,2025-05-28,24,Routine,3,1,False,Urban Base
P-000444,DEP-0001446,4,2025-04-01,2025-04-05,2025-04-24,19,Routine,2,2,False,Urban Base
P-000444,DEP-0001447,5,2025-05-01,2025-05-02,2025-05-23,21,Routine,3,1,False,Urban Base
P-000445,DEP-0001448,4,2025-04-01,2025-04-04,2025-04-27,23,High Tempo,4,5,True,Remote/Difficult Terrain
P-000445,DEP-0001449,5,2025-05-01,2025-05-02,2025-05-23,21,High Tempo,5,5,True,Remote/Difficult Terrain
P-000445,DEP-0001450,6,2025-06-01,2025-06-05,2025-06-26,21,High Tempo,4,4,True,High Altitude/Extreme
P-000445,DEP-0001451,7,2025-07-01,2025-07-05,2025-07-27,22,High Tempo,5,4,True,Remote/Difficult Terrain
P-000445,DEP-0001452,8,2025-08-01,2025-08-05,2025-08-26,21,Extended,5,5,True,High Altitude/Extreme
P-000445,DEP-0001453,9,2025-09-01,2025-09-05,2025-09-25,20,High Tempo,5,5,True,High Altitude/Extreme
P-000445,DEP-0001454,10,2025-10-01,2025-10-03,2025-10-23,20,High Tempo,5,4,True,High Altitude/Extreme
P-000445,DEP-0001455,11,2025-11-01,2025-11-03,2025-11-23,20,High Tempo,5,5,True,High Altitude/Extreme
P-000446,DEP-0001456,2,2025-02-01,2025-02-02,2025-02-24,22,High Tempo,4,4,True,Remote/Difficult Terrain
P-000446,DEP-0001457,3,2025-03-01,2025-03-05,2025-03-27,22,High Tempo,4,4,True,Remote/Difficult Terrain
P-000446,DEP-0001458,4,2025-04-01,2025-04-03,2025-04-25,22,High Tempo,4,4,True,Remote/Difficult Terrain
P-000446,DEP-0001459,5,2025-05-01,2025-05-05,2025-05-28,23,High Tempo,4,4,True,Remote/Difficult Terrain
P-000447,DEP-0001460,6,2025-06-01,2025-06-02,2025-06-28,26,High Tempo,4,3,True,Semi-Urban Outpost
P-000447,DEP-0001461,7,2025-07-01,2025-07-02,2025-07-26,24,High Tempo,4,3,True,Semi-Urban Outpost
P-000448,DEP-0001462,3,2025-03-01,2025-03-05,2025-03-26,21,Extended,3,4,True,Remote/Difficult Terrain
P-000448,DEP-0001463,4,2025-04-01,2025-04-04,2025-04-25,21,Extended,3,5,True,High Altitude/Extreme
P-000448,DEP-0001464,5,2025-05-01,2025-05-03,2025-05-27,24,Extended,4,5,True,High Altitude/Extreme
P-000448,DEP-0001465,6,2025-06-01,2025-06-05,2025-06-26,21,Extended,4,5,True,Remote/Difficult Terrain
P-000448,DEP-0001466,7,2025-07-01,2025-07-05,2025-07-26,21,Extended,3,4,True,High Altitude/Extreme
P-000448,DEP-0001467,8,2025-08-01,2025-08-05,2025-08-26,21,Extended,3,4,True,Remote/Difficult Terrain
P-000448,DEP-0001468,9,2025-09-01,2025-09-02,2025-09-24,22,Extended,4,4,True,High Altitude/Extreme
P-000449,DEP-0001469,4,2025-04-01,2025-04-05,2025-04-24,19,Routine,2,1,False,Semi-Urban Outpost
P-000450,DEP-0001470,4,2025-04-01,2025-04-03,2025-04-26,23,Routine,2,2,False,Urban Base
P-000451,DEP-0001471,4,2025-04-01,2025-04-05,2025-04-26,21,High Tempo,5,5,True,High Altitude/Extreme
P-000451,DEP-0001472,5,2025-05-01,2025-05-04,2025-05-23,19,Extended,5,4,True,High Altitude/Extreme
P-000451,DEP-0001473,6,2025-06-01,2025-06-03,2025-06-23,20,Extended,5,5,True,High Altitude/Extreme
P-000451,DEP-0001474,7,2025-07-01,2025-07-04,2025-07-26,22,Extended,5,5,True,Remote/Difficult Terrain
P-000451,DEP-0001475,8,2025-08-01,2025-08-03,2025-08-23,20,Extended,4,4,True,Remote/Difficult Terrain
P-000451,DEP-0001476,9,2025-09-01,2025-09-03,2025-09-24,21,High Tempo,4,5,True,High Altitude/Extreme
P-000451,DEP-0001477,10,2025-10-01,2025-10-02,2025-10-25,23,High Tempo,4,5,True,High Altitude/Extreme
P-000451,DEP-0001478,11,2025-11-01,2025-11-03,2025-11-23,20,High Tempo,5,5,True,High Altitude/Extreme
P-000452,DEP-0001479,4,2025-04-01,2025-04-02,2025-04-23,21,High Tempo,3,3,False,Remote/Difficult Terrain
P-000452,DEP-0001480,5,2025-05-01,2025-05-04,2025-05-23,19,High Tempo,3,3,False,Semi-Urban Outpost
P-000452,DEP-0001481,6,2025-06-01,2025-06-02,2025-06-27,25,High Tempo,4,4,True,Remote/Difficult Terrain
P-000452,DEP-0001482,7,2025-07-01,2025-07-03,2025-07-23,20,High Tempo,3,3,False,Semi-Urban Outpost
P-000452,DEP-0001483,8,2025-08-01,2025-08-02,2025-08-24,22,High Tempo,3,3,False,Semi-Urban Outpost
P-000453,DEP-0001484,4,2025-04-01,2025-04-03,2025-04-27,24,Routine,2,2,False,Urban Base
P-000453,DEP-0001485,5,2025-05-01,2025-05-02,2025-05-26,24,Routine,2,1,False,Semi-Urban Outpost
P-000454,DEP-0001486,2,2025-02-01,2025-02-03,2025-02-25,22,High Tempo,4,4,True,Remote/Difficult Terrain
P-000454,DEP-0001487,3,2025-03-01,2025-03-05,2025-03-24,19,High Tempo,4,4,True,Remote/Difficult Terrain
P-000454,DEP-0001488,4,2025-04-01,2025-04-04,2025-04-26,22,High Tempo,4,4,True,Remote/Difficult Terrain
P-000454,DEP-0001489,5,2025-05-01,2025-05-05,2025-05-27,22,High Tempo,4,4,True,Remote/Difficult Terrain
P-000456,DEP-0001490,4,2025-04-01,2025-04-04,2025-04-25,21,Routine,2,1,False,Semi-Urban Outpost
P-000457,DEP-0001491,4,2025-04-01,2025-04-02,2025-04-25,23,Routine,3,1,False,Urban Base
P-000460,DEP-0001492,5,2025-05-01,2025-05-05,2025-05-23,18,Routine,3,1,False,Semi-Urban Outpost
P-000462,DEP-0001493,4,2025-04-01,2025-04-04,2025-04-23,19,High Tempo,4,3,True,Semi-Urban Outpost
P-000462,DEP-0001494,5,2025-05-01,2025-05-05,2025-05-28,23,High Tempo,4,3,True,Remote/Difficult Terrain
P-000462,DEP-0001495,6,2025-06-01,2025-06-03,2025-06-26,23,High Tempo,3,4,True,Remote/Difficult Terrain
P-000462,DEP-0001496,7,2025-07-01,2025-07-03,2025-07-27,24,High Tempo,4,4,True,Semi-Urban Outpost
P-000462,DEP-0001497,8,2025-08-01,2025-08-03,2025-08-28,25,High Tempo,3,4,True,Remote/Difficult Terrain
P-000463,DEP-0001498,3,2025-03-01,2025-03-04,2025-03-28,24,Extended,3,4,True,High Altitude/Extreme
P-000463,DEP-0001499,4,2025-04-01,2025-04-02,2025-04-28,26,Extended,3,4,True,Remote/Difficult Terrain
P-000463,DEP-0001500,5,2025-05-01,2025-05-03,2025-05-24,21,Extended,4,4,True,High Altitude/Extreme
P-000463,DEP-0001501,6,2025-06-01,2025-06-05,2025-06-27,22,Extended,4,4,True,High Altitude/Extreme
P-000463,DEP-0001502,7,2025-07-01,2025-07-04,2025-07-25,21,Extended,4,5,True,Remote/Difficult Terrain
P-000463,DEP-0001503,8,2025-08-01,2025-08-05,2025-08-28,23,Extended,4,5,True,Remote/Difficult Terrain
P-000463,DEP-0001504,9,2025-09-01,2025-09-02,2025-09-27,25,Extended,4,5,True,High Altitude/Extreme
P-000464,DEP-0001505,4,2025-04-01,2025-04-04,2025-04-23,19,High Tempo,3,4,True,Semi-Urban Outpost
P-000464,DEP-0001506,5,2025-05-01,2025-05-05,2025-05-27,22,High Tempo,4,4,True,Semi-Urban Outpost
P-000464,DEP-0001507,6,2025-06-01,2025-06-03,2025-06-28,25,High Tempo,4,3,True,Semi-Urban Outpost
P-000464,DEP-0001508,7,2025-07-01,2025-07-05,2025-07-23,18,High Tempo,4,4,True,Remote/Difficult Terrain
P-000464,DEP-0001509,8,2025-08-01,2025-08-03,2025-08-24,21,High Tempo,3,3,False,Remote/Difficult Terrain
P-000465,DEP-0001510,6,2025-06-01,2025-06-03,2025-06-24,21,High Tempo,4,3,True,Semi-Urban Outpost
P-000465,DEP-0001511,7,2025-07-01,2025-07-03,2025-07-24,21,High Tempo,4,3,True,Semi-Urban Outpost
P-000466,DEP-0001512,5,2025-05-01,2025-05-05,2025-05-24,19,Routine,3,2,False,Urban Base
P-000468,DEP-0001513,4,2025-04-01,2025-04-04,2025-04-28,24,High Tempo,5,5,True,High Altitude/Extreme
P-000468,DEP-0001514,5,2025-05-01,2025-05-05,2025-05-23,18,High Tempo,5,4,True,High Altitude/Extreme
P-000468,DEP-0001515,6,2025-06-01,2025-06-05,2025-06-24,19,Extended,4,4,True,High Altitude/Extreme
P-000468,DEP-0001516,7,2025-07-01,2025-07-03,2025-07-26,23,High Tempo,4,5,True,High Altitude/Extreme
P-000468,DEP-0001517,8,2025-08-01,2025-08-02,2025-08-25,23,High Tempo,4,5,True,Remote/Difficult Terrain
P-000468,DEP-0001518,9,2025-09-01,2025-09-02,2025-09-28,26,High Tempo,5,4,True,Remote/Difficult Terrain
P-000468,DEP-0001519,10,2025-10-01,2025-10-05,2025-10-28,23,Extended,4,4,True,Remote/Difficult Terrain
P-000468,DEP-0001520,11,2025-11-01,2025-11-05,2025-11-25,20,Extended,4,4,True,High Altitude/Extreme
P-000469,DEP-0001521,5,2025-05-01,2025-05-04,2025-05-27,23,Routine,3,1,False,Urban Base
P-000470,DEP-0001522,6,2025-06-01,2025-06-03,2025-06-25,22,High Tempo,4,3,True,Semi-Urban Outpost
P-000470,DEP-0001523,7,2025-07-01,2025-07-02,2025-07-25,23,High Tempo,4,3,True,Semi-Urban Outpost
P-000472,DEP-0001524,6,2025-06-01,2025-06-05,2025-06-24,19,High Tempo,4,3,True,Semi-Urban Outpost
P-000472,DEP-0001525,7,2025-07-01,2025-07-02,2025-07-28,26,High Tempo,4,3,True,Semi-Urban Outpost
P-000473,DEP-0001526,4,2025-04-01,2025-04-02,2025-04-28,26,Routine,3,1,False,Urban Base
P-000474,DEP-0001527,2,2025-02-01,2025-02-03,2025-02-23,20,High Tempo,4,4,True,Remote/Difficult Terrain
P-000474,DEP-0001528,3,2025-03-01,2025-03-04,2025-03-27,23,High Tempo,4,4,True,Remote/Difficult Terrain
P-000474,DEP-0001529,4,2025-04-01,2025-04-03,2025-04-28,25,High Tempo,4,4,True,Remote/Difficult Terrain
P-000474,DEP-0001530,5,2025-05-01,2025-05-05,2025-05-23,18,High Tempo,4,4,True,Remote/Difficult Terrain
P-000475,DEP-0001531,4,2025-04-01,2025-04-04,2025-04-26,22,High Tempo,4,4,True,Semi-Urban Outpost
P-000475,DEP-0001532,5,2025-05-01,2025-05-05,2025-05-25,20,High Tempo,4,4,True,Remote/Difficult Terrain
P-000475,DEP-0001533,6,2025-06-01,2025-06-02,2025-06-26,24,High Tempo,4,3,True,Semi-Urban Outpost
P-000475,DEP-0001534,7,2025-07-01,2025-07-02,2025-07-24,22,High Tempo,4,3,True,Remote/Difficult Terrain
P-000475,DEP-0001535,8,2025-08-01,2025-08-05,2025-08-27,22,High Tempo,3,4,True,Semi-Urban Outpost
P-000476,DEP-0001536,6,2025-06-01,2025-06-03,2025-06-24,21,High Tempo,4,3,True,Semi-Urban Outpost
P-000476,DEP-0001537,7,2025-07-01,2025-07-04,2025-07-25,21,High Tempo,4,3,True,Semi-Urban Outpost
P-000477,DEP-0001538,4,2025-04-01,2025-04-04,2025-04-24,20,Routine,2,1,False,Urban Base
P-000478,DEP-0001539,4,2025-04-01,2025-04-02,2025-04-25,23,High Tempo,4,4,True,Remote/Difficult Terrain
P-000478,DEP-0001540,5,2025-05-01,2025-05-04,2025-05-24,20,High Tempo,4,3,True,Semi-Urban Outpost
P-000478,DEP-0001541,6,2025-06-01,2025-06-03,2025-06-28,25,High Tempo,4,4,True,Semi-Urban Outpost
P-000478,DEP-0001542,7,2025-07-01,2025-07-02,2025-07-25,23,High Tempo,4,4,True,Semi-Urban Outpost
P-000478,DEP-0001543,8,2025-08-01,2025-08-03,2025-08-26,23,High Tempo,3,3,False,Remote/Difficult Terrain
P-000479,DEP-0001544,6,2025-06-01,2025-06-04,2025-06-24,20,High Tempo,4,3,True,Semi-Urban Outpost
P-000479,DEP-0001545,7,2025-07-01,2025-07-03,2025-07-27,24,High Tempo,4,3,True,Semi-Urban Outpost
P-000480,DEP-0001546,4,2025-04-01,2025-04-02,2025-04-25,23,High Tempo,3,4,True,Semi-Urban Outpost
P-000480,DEP-0001547,5,2025-05-01,2025-05-04,2025-05-28,24,High Tempo,3,3,False,Semi-Urban Outpost
P-000480,DEP-0001548,6,2025-06-01,2025-06-03,2025-06-23,20,High Tempo,4,4,True,Remote/Difficult Terrain
P-000480,DEP-0001549,7,2025-07-01,2025-07-03,2025-07-26,23,High Tempo,4,4,True,Remote/Difficult Terrain
P-000480,DEP-0001550,8,2025-08-01,2025-08-03,2025-08-24,21,High Tempo,3,4,True,Remote/Difficult Terrain
P-000481,DEP-0001551,4,2025-04-01,2025-04-04,2025-04-24,20,High Tempo,4,3,True,Remote/Difficult Terrain
P-000481,DEP-0001552,5,2025-05-01,2025-05-04,2025-05-25,21,High Tempo,4,4,True,Remote/Difficult Terrain
P-000481,DEP-0001553,6,2025-06-01,2025-06-04,2025-06-24,20,High Tempo,4,4,True,Semi-Urban Outpost
P-000481,DEP-0001554,7,2025-07-01,2025-07-05,2025-07-25,20,High Tempo,4,4,True,Semi-Urban Outpost
P-000481,DEP-0001555,8,2025-08-01,2025-08-02,2025-08-28,26,High Tempo,3,4,True,Remote/Difficult Terrain
P-000482,DEP-0001556,3,2025-03-01,2025-03-05,2025-03-27,22,Extended,3,5,True,High Altitude/Extreme
P-000482,DEP-0001557,4,2025-04-01,2025-04-04,2025-04-26,22,Extended,3,4,True,High Altitude/Extreme
P-000482,DEP-0001558,5,2025-05-01,2025-05-02,2025-05-28,26,Extended,4,4,True,Remote/Difficult Terrain
P-000482,DEP-0001559,6,2025-06-01,2025-06-05,2025-06-25,20,Extended,4,4,True,Remote/Difficult Terrain
P-000482,DEP-0001560,7,2025-07-01,2025-07-04,2025-07-25,21,Extended,4,5,True,High Altitude/Extreme
P-000482,DEP-0001561,8,2025-08-01,2025-08-05,2025-08-23,18,Extended,3,4,True,Remote/Difficult Terrain
P-000482,DEP-0001562,9,2025-09-01,2025-09-02,2025-09-26,24,Extended,3,5,True,High Altitude/Extreme
P-000483,DEP-0001563,5,2025-05-01,2025-05-02,2025-05-27,25,Routine,2,2,False,Urban Base
P-000484,DEP-0001564,4,2025-04-01,2025-04-02,2025-04-23,21,High Tempo,4,3,True,Remote/Difficult Terrain
P-000484,DEP-0001565,5,2025-05-01,2025-05-03,2025-05-28,25,High Tempo,3,3,False,Remote/Difficult Terrain
P-000484,DEP-0001566,6,2025-06-01,2025-06-02,2025-06-26,24,High Tempo,4,3,True,Remote/Difficult Terrain
P-000484,DEP-0001567,7,2025-07-01,2025-07-05,2025-07-25,20,High Tempo,3,4,True,Remote/Difficult Terrain
P-000484,DEP-0001568,8,2025-08-01,2025-08-03,2025-08-23,20,High Tempo,4,3,True,Semi-Urban Outpost
P-000485,DEP-0001569,4,2025-04-01,2025-04-03,2025-04-25,22,High Tempo,3,4,True,Semi-Urban Outpost
P-000485,DEP-0001570,5,2025-05-01,2025-05-04,2025-05-24,20,High Tempo,4,3,True,Semi-Urban Outpost
P-000485,DEP-0001571,6,2025-06-01,2025-06-05,2025-06-26,21,High Tempo,4,4,True,Remote/Difficult Terrain
P-000485,DEP-0001572,7,2025-07-01,2025-07-04,2025-07-27,23,High Tempo,3,3,False,Remote/Difficult Terrain
P-000485,DEP-0001573,8,2025-08-01,2025-08-05,2025-08-24,19,High Tempo,3,3,False,Remote/Difficult Terrain
P-000486,DEP-0001574,2,2025-02-01,2025-02-04,2025-02-23,19,High Tempo,4,4,True,Remote/Difficult Terrain
P-000486,DEP-0001575,3,2025-03-01,2025-03-05,2025-03-25,20,High Tempo,4,4,True,Remote/Difficult Terrain
P-000486,DEP-0001576,4,2025-04-01,2025-04-05,2025-04-26,21,High Tempo,4,4,True,Remote/Difficult Terrain
P-000486,DEP-0001577,5,2025-05-01,2025-05-04,2025-05-23,19,High Tempo,4,4,True,Remote/Difficult Terrain
P-000487,DEP-0001578,5,2025-05-01,2025-05-05,2025-05-23,18,Routine,2,1,False,Urban Base
P-000489,DEP-0001579,6,2025-06-01,2025-06-02,2025-06-24,22,High Tempo,4,3,True,Semi-Urban Outpost
P-000489,DEP-0001580,7,2025-07-01,2025-07-02,2025-07-25,23,High Tempo,4,3,True,Semi-Urban Outpost
P-000490,DEP-0001581,2,2025-02-01,2025-02-04,2025-02-23,19,High Tempo,4,4,True,Remote/Difficult Terrain
P-000490,DEP-0001582,3,2025-03-01,2025-03-03,2025-03-25,22,High Tempo,4,4,True,Remote/Difficult Terrain
P-000490,DEP-0001583,4,2025-04-01,2025-04-04,2025-04-24,20,High Tempo,4,4,True,Remote/Difficult Terrain
P-000490,DEP-0001584,5,2025-05-01,2025-05-05,2025-05-25,20,High Tempo,4,4,True,Remote/Difficult Terrain
P-000491,DEP-0001585,4,2025-04-01,2025-04-03,2025-04-24,21,Routine,3,2,False,Semi-Urban Outpost
P-000491,DEP-0001586,5,2025-05-01,2025-05-03,2025-05-23,20,Routine,2,1,False,Semi-Urban Outpost
P-000492,DEP-0001587,4,2025-04-01,2025-04-02,2025-04-23,21,High Tempo,4,4,True,Semi-Urban Outpost
P-000492,DEP-0001588,5,2025-05-01,2025-05-02,2025-05-23,21,High Tempo,3,4,True,Remote/Difficult Terrain
P-000492,DEP-0001589,6,2025-06-01,2025-06-02,2025-06-23,21,High Tempo,4,4,True,Semi-Urban Outpost
P-000492,DEP-0001590,7,2025-07-01,2025-07-02,2025-07-23,21,High Tempo,4,4,True,Remote/Difficult Terrain
P-000492,DEP-0001591,8,2025-08-01,2025-08-02,2025-08-26,24,High Tempo,3,3,False,Remote/Difficult Terrain
P-000493,DEP-0001592,4,2025-04-01,2025-04-03,2025-04-26,23,Routine,2,1,False,Urban Base
P-000493,DEP-0001593,5,2025-05-01,2025-05-03,2025-05-23,20,Routine,2,1,False,Semi-Urban Outpost
P-000494,DEP-0001594,5,2025-05-01,2025-05-03,2025-05-27,24,Routine,2,2,False,Semi-Urban Outpost
P-000495,DEP-0001595,5,2025-05-01,2025-05-04,2025-05-25,21,Routine,2,2,False,Semi-Urban Outpost
P-000496,DEP-0001596,4,2025-04-01,2025-04-05,2025-04-27,22,Routine,2,2,False,Semi-Urban Outpost
P-000497,DEP-0001597,4,2025-04-01,2025-04-02,2025-04-28,26,High Tempo,3,3,False,Semi-Urban Outpost
P-000497,DEP-0001598,5,2025-05-01,2025-05-02,2025-05-26,24,High Tempo,3,3,False,Semi-Urban Outpost
P-000497,DEP-0001599,6,2025-06-01,2025-06-02,2025-06-24,22,High Tempo,4,4,True,Remote/Difficult Terrain
P-000497,DEP-0001600,7,2025-07-01,2025-07-03,2025-07-28,25,High Tempo,4,3,True,Semi-Urban Outpost
P-000497,DEP-0001601,8,2025-08-01,2025-08-05,2025-08-27,22,High Tempo,4,3,True,Remote/Difficult Terrain
P-000498,DEP-0001602,5,2025-05-01,2025-05-02,2025-05-26,24,Routine,2,2,False,Semi-Urban Outpost
P-000499,DEP-0001603,6,2025-06-01,2025-06-03,2025-06-26,23,High Tempo,4,3,True,Semi-Urban Outpost
P-000499,DEP-0001604,7,2025-07-01,2025-07-03,2025-07-28,25,High Tempo,4,3,True,Semi-Urban Outpost
P-000500,DEP-0001605,6,2025-06-01,2025-06-05,2025-06-23,18,High Tempo,4,3,True,Semi-Urban Outpost
P-000500,DEP-0001606,7,2025-07-01,2025-07-04,2025-07-24,20,High Tempo,4,3,True,Semi-Urban Outpost
P-000501,DEP-0001607,3,2025-03-01,2025-03-05,2025-03-24,19,Extended,4,5,True,High Altitude/Extreme
P-000501,DEP-0001608,4,2025-04-01,2025-04-04,2025-04-25,21,Extended,3,4,True,High Altitude/Extreme
P-000501,DEP-0001609,5,2025-05-01,2025-05-02,2025-05-26,24,Extended,3,4,True,High Altitude/Extreme
P-000501,DEP-0001610,6,2025-06-01,2025-06-03,2025-06-26,23,Extended,3,5,True,High Altitude/Extreme
P-000501,DEP-0001611,7,2025-07-01,2025-07-03,2025-07-23,20,Extended,4,5,True,High Altitude/Extreme
P-000501,DEP-0001612,8,2025-08-01,2025-08-03,2025-08-23,20,Extended,3,5,True,High Altitude/Extreme
P-000501,DEP-0001613,9,2025-09-01,2025-09-02,2025-09-24,22,Extended,3,5,True,Remote/Difficult Terrain
P-000502,DEP-0001614,4,2025-04-01,2025-04-02,2025-04-24,22,High Tempo,3,4,True,Remote/Difficult Terrain
P-000502,DEP-0001615,5,2025-05-01,2025-05-04,2025-05-28,24,High Tempo,4,4,True,Semi-Urban Outpost
P-000502,DEP-0001616,6,2025-06-01,2025-06-05,2025-06-24,19,High Tempo,4,4,True,Semi-Urban Outpost
P-000502,DEP-0001617,7,2025-07-01,2025-07-05,2025-07-27,22,High Tempo,3,4,True,Remote/Difficult Terrain
P-000502,DEP-0001618,8,2025-08-01,2025-08-02,2025-08-23,21,High Tempo,4,4,True,Remote/Difficult Terrain
P-000504,DEP-0001619,4,2025-04-01,2025-04-02,2025-04-26,24,High Tempo,4,5,True,Remote/Difficult Terrain
P-000504,DEP-0001620,5,2025-05-01,2025-05-04,2025-05-25,21,High Tempo,4,4,True,Remote/Difficult Terrain
P-000504,DEP-0001621,6,2025-06-01,2025-06-02,2025-06-28,26,High Tempo,5,4,True,Remote/Difficult Terrain
P-000504,DEP-0001622,7,2025-07-01,2025-07-02,2025-07-28,26,Extended,4,5,True,High Altitude/Extreme
P-000504,DEP-0001623,8,2025-08-01,2025-08-04,2025-08-26,22,Extended,4,5,True,Remote/Difficult Terrain
P-000504,DEP-0001624,9,2025-09-01,2025-09-04,2025-09-25,21,High Tempo,4,4,True,Remote/Difficult Terrain
P-000504,DEP-0001625,10,2025-10-01,2025-10-02,2025-10-24,22,High Tempo,5,5,True,High Altitude/Extreme
P-000504,DEP-0001626,11,2025-11-01,2025-11-03,2025-11-27,24,Extended,5,5,True,Remote/Difficult Terrain
P-000505,DEP-0001627,3,2025-03-01,2025-03-03,2025-03-28,25,Extended,4,4,True,High Altitude/Extreme
P-000505,DEP-0001628,4,2025-04-01,2025-04-04,2025-04-25,21,Extended,3,5,True,Remote/Difficult Terrain
P-000505,DEP-0001629,5,2025-05-01,2025-05-03,2025-05-24,21,Extended,3,4,True,High Altitude/Extreme
P-000505,DEP-0001630,6,2025-06-01,2025-06-05,2025-06-26,21,Extended,4,4,True,Remote/Difficult Terrain
P-000505,DEP-0001631,7,2025-07-01,2025-07-02,2025-07-27,25,Extended,3,4,True,High Altitude/Extreme
P-000505,DEP-0001632,8,2025-08-01,2025-08-04,2025-08-28,24,Extended,3,5,True,High Altitude/Extreme
P-000505,DEP-0001633,9,2025-09-01,2025-09-05,2025-09-25,20,Extended,4,4,True,Remote/Difficult Terrain
P-000506,DEP-0001634,4,2025-04-01,2025-04-04,2025-04-27,23,Routine,2,1,False,Semi-Urban Outpost
P-000507,DEP-0001635,2,2025-02-01,2025-02-02,2025-02-26,24,High Tempo,4,4,True,Remote/Difficult Terrain
P-000507,DEP-0001636,3,2025-03-01,2025-03-03,2025-03-23,20,High Tempo,4,4,True,Remote/Difficult Terrain
P-000507,DEP-0001637,4,2025-04-01,2025-04-05,2025-04-24,19,High Tempo,4,4,True,Remote/Difficult Terrain
P-000507,DEP-0001638,5,2025-05-01,2025-05-02,2025-05-28,26,High Tempo,4,4,True,Remote/Difficult Terrain
P-000508,DEP-0001639,4,2025-04-01,2025-04-02,2025-04-24,22,High Tempo,4,5,True,High Altitude/Extreme
P-000508,DEP-0001640,5,2025-05-01,2025-05-05,2025-05-23,18,High Tempo,4,5,True,Remote/Difficult Terrain
P-000508,DEP-0001641,6,2025-06-01,2025-06-05,2025-06-27,22,High Tempo,4,4,True,High Altitude/Extreme
P-000508,DEP-0001642,7,2025-07-01,2025-07-05,2025-07-25,20,Extended,5,5,True,High Altitude/Extreme
P-000508,DEP-0001643,8,2025-08-01,2025-08-04,2025-08-25,21,Extended,5,4,True,High Altitude/Extreme
P-000508,DEP-0001644,9,2025-09-01,2025-09-02,2025-09-26,24,Extended,4,4,True,Remote/Difficult Terrain
P-000508,DEP-0001645,10,2025-10-01,2025-10-03,2025-10-23,20,Extended,4,4,True,High Altitude/Extreme
P-000508,DEP-0001646,11,2025-11-01,2025-11-02,2025-11-26,24,High Tempo,4,4,True,Remote/Difficult Terrain
P-000509,DEP-0001647,2,2025-02-01,2025-02-04,2025-02-23,19,High Tempo,4,4,True,Remote/Difficult Terrain
P-000509,DEP-0001648,3,2025-03-01,2025-03-05,2025-03-28,23,High Tempo,4,4,True,Remote/Difficult Terrain
P-000509,DEP-0001649,4,2025-04-01,2025-04-03,2025-04-27,24,High Tempo,4,4,True,Remote/Difficult Terrain
P-000509,DEP-0001650,5,2025-05-01,2025-05-04,2025-05-24,20,High Tempo,4,4,True,Remote/Difficult Terrain
P-000510,DEP-0001651,3,2025-03-01,2025-03-03,2025-03-28,25,Extended,4,4,True,High Altitude/Extreme
P-000510,DEP-0001652,4,2025-04-01,2025-04-05,2025-04-26,21,Extended,3,4,True,High Altitude/Extreme
P-000510,DEP-0001653,5,2025-05-01,2025-05-04,2025-05-27,23,Extended,3,5,True,High Altitude/Extreme
P-000510,DEP-0001654,6,2025-06-01,2025-06-02,2025-06-28,26,Extended,3,4,True,Remote/Difficult Terrain
P-000510,DEP-0001655,7,2025-07-01,2025-07-04,2025-07-28,24,Extended,4,4,True,Remote/Difficult Terrain
P-000510,DEP-0001656,8,2025-08-01,2025-08-03,2025-08-24,21,Extended,3,5,True,High Altitude/Extreme
P-000510,DEP-0001657,9,2025-09-01,2025-09-05,2025-09-27,22,Extended,4,5,True,Remote/Difficult Terrain
P-000511,DEP-0001658,4,2025-04-01,2025-04-05,2025-04-25,20,High Tempo,4,3,True,Remote/Difficult Terrain
P-000511,DEP-0001659,5,2025-05-01,2025-05-02,2025-05-27,25,High Tempo,3,3,False,Remote/Difficult Terrain
P-000511,DEP-0001660,6,2025-06-01,2025-06-04,2025-06-25,21,High Tempo,4,3,True,Remote/Difficult Terrain
P-000511,DEP-0001661,7,2025-07-01,2025-07-04,2025-07-28,24,High Tempo,3,3,False,Semi-Urban Outpost
P-000511,DEP-0001662,8,2025-08-01,2025-08-05,2025-08-24,19,High Tempo,4,3,True,Semi-Urban Outpost
P-000512,DEP-0001663,4,2025-04-01,2025-04-03,2025-04-25,22,Routine,3,2,False,Semi-Urban Outpost
P-000513,DEP-0001664,2,2025-02-01,2025-02-02,2025-02-26,24,High Tempo,4,4,True,Remote/Difficult Terrain
P-000513,DEP-0001665,3,2025-03-01,2025-03-04,2025-03-28,24,High Tempo,4,4,True,Remote/Difficult Terrain
P-000513,DEP-0001666,4,2025-04-01,2025-04-02,2025-04-23,21,High Tempo,4,4,True,Remote/Difficult Terrain
P-000513,DEP-0001667,5,2025-05-01,2025-05-05,2025-05-23,18,High Tempo,4,4,True,Remote/Difficult Terrain
P-000514,DEP-0001668,4,2025-04-01,2025-04-02,2025-04-27,25,Extended,4,4,True,High Altitude/Extreme
P-000514,DEP-0001669,5,2025-05-01,2025-05-04,2025-05-23,19,High Tempo,5,5,True,High Altitude/Extreme
P-000514,DEP-0001670,6,2025-06-01,2025-06-05,2025-06-23,18,High Tempo,5,4,True,High Altitude/Extreme
P-000514,DEP-0001671,7,2025-07-01,2025-07-02,2025-07-25,23,High Tempo,4,5,True,Remote/Difficult Terrain
P-000514,DEP-0001672,8,2025-08-01,2025-08-03,2025-08-24,21,High Tempo,5,5,True,Remote/Difficult Terrain
P-000514,DEP-0001673,9,2025-09-01,2025-09-05,2025-09-25,20,Extended,5,4,True,High Altitude/Extreme
P-000514,DEP-0001674,10,2025-10-01,2025-10-03,2025-10-25,22,High Tempo,5,4,True,Remote/Difficult Terrain
P-000514,DEP-0001675,11,2025-11-01,2025-11-05,2025-11-28,23,Extended,4,4,True,High Altitude/Extreme
P-000515,DEP-0001676,4,2025-04-01,2025-04-04,2025-04-25,21,Routine,3,2,False,Semi-Urban Outpost
P-000518,DEP-0001677,4,2025-04-01,2025-04-04,2025-04-25,21,High Tempo,5,4,True,Remote/Difficult Terrain
P-000518,DEP-0001678,5,2025-05-01,2025-05-04,2025-05-24,20,High Tempo,5,4,True,High Altitude/Extreme
P-000518,DEP-0001679,6,2025-06-01,2025-06-03,2025-06-23,20,High Tempo,4,4,True,High Altitude/Extreme
P-000518,DEP-0001680,7,2025-07-01,2025-07-02,2025-07-28,26,Extended,4,5,True,Remote/Difficult Terrain
P-000518,DEP-0001681,8,2025-08-01,2025-08-05,2025-08-25,20,Extended,5,5,True,High Altitude/Extreme
P-000518,DEP-0001682,9,2025-09-01,2025-09-03,2025-09-26,23,High Tempo,5,5,True,High Altitude/Extreme
P-000518,DEP-0001683,10,2025-10-01,2025-10-05,2025-10-23,18,High Tempo,5,4,True,Remote/Difficult Terrain
P-000518,DEP-0001684,11,2025-11-01,2025-11-04,2025-11-26,22,Extended,5,4,True,Remote/Difficult Terrain
P-000519,DEP-0001685,6,2025-06-01,2025-06-04,2025-06-25,21,High Tempo,4,3,True,Semi-Urban Outpost
P-000519,DEP-0001686,7,2025-07-01,2025-07-02,2025-07-27,25,High Tempo,4,3,True,Semi-Urban Outpost
P-000520,DEP-0001687,4,2025-04-01,2025-04-03,2025-04-25,22,Routine,2,2,False,Semi-Urban Outpost
P-000520,DEP-0001688,5,2025-05-01,2025-05-02,2025-05-24,22,Routine,2,2,False,Urban Base
P-000521,DEP-0001689,4,2025-04-01,2025-04-05,2025-04-26,21,High Tempo,3,3,False,Semi-Urban Outpost
P-000521,DEP-0001690,5,2025-05-01,2025-05-05,2025-05-24,19,High Tempo,3,4,True,Semi-Urban Outpost
P-000521,DEP-0001691,6,2025-06-01,2025-06-05,2025-06-24,19,High Tempo,3,3,False,Remote/Difficult Terrain
P-000521,DEP-0001692,7,2025-07-01,2025-07-02,2025-07-25,23,High Tempo,4,4,True,Remote/Difficult Terrain
P-000521,DEP-0001693,8,2025-08-01,2025-08-04,2025-08-24,20,High Tempo,3,3,False,Remote/Difficult Terrain
P-000522,DEP-0001694,4,2025-04-01,2025-04-02,2025-04-28,26,Routine,2,1,False,Urban Base
P-000522,DEP-0001695,5,2025-05-01,2025-05-04,2025-05-27,23,Routine,3,2,False,Urban Base
P-000523,DEP-0001696,6,2025-06-01,2025-06-04,2025-06-27,23,High Tempo,4,3,True,Semi-Urban Outpost
P-000523,DEP-0001697,7,2025-07-01,2025-07-04,2025-07-23,19,High Tempo,4,3,True,Semi-Urban Outpost
P-000524,DEP-0001698,4,2025-04-01,2025-04-02,2025-04-27,25,Extended,5,5,True,High Altitude/Extreme
P-000524,DEP-0001699,5,2025-05-01,2025-05-04,2025-05-23,19,High Tempo,5,4,True,Remote/Difficult Terrain
P-000524,DEP-0001700,6,2025-06-01,2025-06-04,2025-06-24,20,High Tempo,4,4,True,Remote/Difficult Terrain
P-000524,DEP-0001701,7,2025-07-01,2025-07-05,2025-07-27,22,High Tempo,5,4,True,Remote/Difficult Terrain
P-000524,DEP-0001702,8,2025-08-01,2025-08-03,2025-08-25,22,Extended,4,4,True,Remote/Difficult Terrain
P-000524,DEP-0001703,9,2025-09-01,2025-09-05,2025-09-24,19,High Tempo,5,5,True,High Altitude/Extreme
P-000524,DEP-0001704,10,2025-10-01,2025-10-03,2025-10-28,25,High Tempo,4,4,True,Remote/Difficult Terrain
P-000524,DEP-0001705,11,2025-11-01,2025-11-02,2025-11-25,23,Extended,4,4,True,Remote/Difficult Terrain
P-000525,DEP-0001706,4,2025-04-01,2025-04-03,2025-04-27,24,High Tempo,4,5,True,Remote/Difficult Terrain
P-000525,DEP-0001707,5,2025-05-01,2025-05-05,2025-05-23,18,Extended,5,4,True,High Altitude/Extreme
P-000525,DEP-0001708,6,2025-06-01,2025-06-04,2025-06-23,19,Extended,4,4,True,High Altitude/Extreme
P-000525,DEP-0001709,7,2025-07-01,2025-07-04,2025-07-24,20,Extended,5,5,True,High Altitude/Extreme
P-000525,DEP-0001710,8,2025-08-01,2025-08-03,2025-08-23,20,Extended,5,5,True,High Altitude/Extreme
P-000525,DEP-0001711,9,2025-09-01,2025-09-03,2025-09-27,24,Extended,4,5,True,High Altitude/Extreme
P-000525,DEP-0001712,10,2025-10-01,2025-10-05,2025-10-27,22,Extended,5,5,True,High Altitude/Extreme
P-000525,DEP-0001713,11,2025-11-01,2025-11-02,2025-11-24,22,High Tempo,4,5,True,Remote/Difficult Terrain
P-000526,DEP-0001714,4,2025-04-01,2025-04-04,2025-04-28,24,Routine,3,2,False,Urban Base
P-000527,DEP-0001715,4,2025-04-01,2025-04-04,2025-04-27,23,Routine,3,2,False,Semi-Urban Outpost
P-000527,DEP-0001716,5,2025-05-01,2025-05-03,2025-05-25,22,Routine,3,1,False,Semi-Urban Outpost
P-000529,DEP-0001717,5,2025-05-01,2025-05-04,2025-05-28,24,Routine,3,2,False,Urban Base
P-000530,DEP-0001718,4,2025-04-01,2025-04-04,2025-04-27,23,High Tempo,4,5,True,High Altitude/Extreme
P-000530,DEP-0001719,5,2025-05-01,2025-05-05,2025-05-26,21,Extended,5,4,True,Remote/Difficult Terrain
P-000530,DEP-0001720,6,2025-06-01,2025-06-02,2025-06-25,23,High Tempo,5,5,True,High Altitude/Extreme
P-000530,DEP-0001721,7,2025-07-01,2025-07-04,2025-07-26,22,High Tempo,5,5,True,High Altitude/Extreme
P-000530,DEP-0001722,8,2025-08-01,2025-08-04,2025-08-25,21,High Tempo,4,4,True,High Altitude/Extreme
P-000530,DEP-0001723,9,2025-09-01,2025-09-05,2025-09-26,21,High Tempo,4,4,True,Remote/Difficult Terrain
P-000530,DEP-0001724,10,2025-10-01,2025-10-02,2025-10-23,21,High Tempo,4,5,True,High Altitude/Extreme
P-000530,DEP-0001725,11,2025-11-01,2025-11-02,2025-11-23,21,Extended,5,4,True,High Altitude/Extreme
P-000531,DEP-0001726,4,2025-04-01,2025-04-05,2025-04-23,18,Extended,5,4,True,High Altitude/Extreme
P-000531,DEP-0001727,5,2025-05-01,2025-05-03,2025-05-25,22,Extended,5,4,True,High Altitude/Extreme
P-000531,DEP-0001728,6,2025-06-01,2025-06-04,2025-06-23,19,Extended,4,4,True,Remote/Difficult Terrain
P-000531,DEP-0001729,7,2025-07-01,2025-07-03,2025-07-25,22,High Tempo,4,5,True,High Altitude/Extreme
P-000531,DEP-0001730,8,2025-08-01,2025-08-04,2025-08-25,21,High Tempo,4,5,True,High Altitude/Extreme
P-000531,DEP-0001731,9,2025-09-01,2025-09-02,2025-09-24,22,High Tempo,4,4,True,Remote/Difficult Terrain
P-000531,DEP-0001732,10,2025-10-01,2025-10-04,2025-10-27,23,High Tempo,4,4,True,High Altitude/Extreme
P-000531,DEP-0001733,11,2025-11-01,2025-11-03,2025-11-23,20,Extended,5,4,True,High Altitude/Extreme
P-000532,DEP-0001734,6,2025-06-01,2025-06-05,2025-06-27,22,High Tempo,4,3,True,Semi-Urban Outpost
P-000532,DEP-0001735,7,2025-07-01,2025-07-02,2025-07-24,22,High Tempo,4,3,True,Semi-Urban Outpost
P-000533,DEP-0001736,6,2025-06-01,2025-06-04,2025-06-27,23,High Tempo,4,3,True,Semi-Urban Outpost
P-000533,DEP-0001737,7,2025-07-01,2025-07-05,2025-07-28,23,High Tempo,4,3,True,Semi-Urban Outpost
P-000534,DEP-0001738,4,2025-04-01,2025-04-04,2025-04-28,24,High Tempo,3,3,False,Remote/Difficult Terrain
P-000534,DEP-0001739,5,2025-05-01,2025-05-03,2025-05-27,24,High Tempo,3,3,False,Semi-Urban Outpost
P-000534,DEP-0001740,6,2025-06-01,2025-06-02,2025-06-25,23,High Tempo,3,3,False,Semi-Urban Outpost
P-000534,DEP-0001741,7,2025-07-01,2025-07-05,2025-07-25,20,High Tempo,4,4,True,Remote/Difficult Terrain
P-000534,DEP-0001742,8,2025-08-01,2025-08-04,2025-08-27,23,High Tempo,4,3,True,Semi-Urban Outpost
P-000535,DEP-0001743,3,2025-03-01,2025-03-02,2025-03-25,23,Extended,3,5,True,High Altitude/Extreme
P-000535,DEP-0001744,4,2025-04-01,2025-04-04,2025-04-26,22,Extended,3,4,True,Remote/Difficult Terrain
P-000535,DEP-0001745,5,2025-05-01,2025-05-03,2025-05-28,25,Extended,4,5,True,High Altitude/Extreme
P-000535,DEP-0001746,6,2025-06-01,2025-06-03,2025-06-27,24,Extended,3,5,True,Remote/Difficult Terrain
P-000535,DEP-0001747,7,2025-07-01,2025-07-04,2025-07-25,21,Extended,4,4,True,High Altitude/Extreme
P-000535,DEP-0001748,8,2025-08-01,2025-08-03,2025-08-26,23,Extended,3,4,True,High Altitude/Extreme
P-000535,DEP-0001749,9,2025-09-01,2025-09-04,2025-09-24,20,Extended,3,5,True,High Altitude/Extreme
P-000536,DEP-0001750,2,2025-02-01,2025-02-03,2025-02-28,25,High Tempo,4,4,True,Remote/Difficult Terrain
P-000536,DEP-0001751,3,2025-03-01,2025-03-03,2025-03-23,20,High Tempo,4,4,True,Remote/Difficult Terrain
P-000536,DEP-0001752,4,2025-04-01,2025-04-05,2025-04-27,22,High Tempo,4,4,True,Remote/Difficult Terrain
P-000536,DEP-0001753,5,2025-05-01,2025-05-02,2025-05-23,21,High Tempo,4,4,True,Remote/Difficult Terrain
P-000537,DEP-0001754,4,2025-04-01,2025-04-02,2025-04-26,24,Extended,5,5,True,High Altitude/Extreme
P-000537,DEP-0001755,5,2025-05-01,2025-05-02,2025-05-25,23,High Tempo,4,5,True,Remote/Difficult Terrain
P-000537,DEP-0001756,6,2025-06-01,2025-06-05,2025-06-25,20,Extended,4,4,True,Remote/Difficult Terrain
P-000537,DEP-0001757,7,2025-07-01,2025-07-04,2025-07-28,24,High Tempo,5,4,True,High Altitude/Extreme
P-000537,DEP-0001758,8,2025-08-01,2025-08-03,2025-08-26,23,Extended,5,5,True,Remote/Difficult Terrain
P-000537,DEP-0001759,9,2025-09-01,2025-09-04,2025-09-27,23,High Tempo,5,4,True,High Altitude/Extreme
P-000537,DEP-0001760,10,2025-10-01,2025-10-02,2025-10-23,21,Extended,5,5,True,High Altitude/Extreme
P-000537,DEP-0001761,11,2025-11-01,2025-11-02,2025-11-24,22,High Tempo,5,4,True,Remote/Difficult Terrain
P-000538,DEP-0001762,4,2025-04-01,2025-04-04,2025-04-23,19,Routine,2,1,False,Semi-Urban Outpost
P-000541,DEP-0001763,6,2025-06-01,2025-06-03,2025-06-26,23,High Tempo,4,3,True,Semi-Urban Outpost
P-000541,DEP-0001764,7,2025-07-01,2025-07-02,2025-07-28,26,High Tempo,4,3,True,Semi-Urban Outpost
P-000542,DEP-0001765,4,2025-04-01,2025-04-04,2025-04-25,21,High Tempo,3,3,False,Remote/Difficult Terrain
P-000542,DEP-0001766,5,2025-05-01,2025-05-03,2025-05-23,20,High Tempo,4,4,True,Remote/Difficult Terrain
P-000542,DEP-0001767,6,2025-06-01,2025-06-03,2025-06-26,23,High Tempo,3,3,False,Remote/Difficult Terrain
P-000542,DEP-0001768,7,2025-07-01,2025-07-05,2025-07-27,22,High Tempo,4,3,True,Remote/Difficult Terrain
P-000542,DEP-0001769,8,2025-08-01,2025-08-05,2025-08-25,20,High Tempo,4,3,True,Semi-Urban Outpost
P-000543,DEP-0001770,4,2025-04-01,2025-04-02,2025-04-27,25,Routine,2,2,False,Urban Base
P-000544,DEP-0001771,3,2025-03-01,2025-03-04,2025-03-24,20,Extended,4,5,True,High Altitude/Extreme
P-000544,DEP-0001772,4,2025-04-01,2025-04-05,2025-04-24,19,Extended,4,4,True,High Altitude/Extreme
P-000544,DEP-0001773,5,2025-05-01,2025-05-05,2025-05-28,23,Extended,3,5,True,High Altitude/Extreme
P-000544,DEP-0001774,6,2025-06-01,2025-06-04,2025-06-23,19,Extended,3,5,True,Remote/Difficult Terrain
P-000544,DEP-0001775,7,2025-07-01,2025-07-02,2025-07-27,25,Extended,3,4,True,Remote/Difficult Terrain
P-000544,DEP-0001776,8,2025-08-01,2025-08-02,2025-08-23,21,Extended,4,4,True,High Altitude/Extreme
P-000544,DEP-0001777,9,2025-09-01,2025-09-02,2025-09-23,21,Extended,4,5,True,Remote/Difficult Terrain
P-000545,DEP-0001778,4,2025-04-01,2025-04-02,2025-04-24,22,High Tempo,3,4,True,Semi-Urban Outpost
P-000545,DEP-0001779,5,2025-05-01,2025-05-04,2025-05-26,22,High Tempo,3,4,True,Semi-Urban Outpost
P-000545,DEP-0001780,6,2025-06-01,2025-06-04,2025-06-26,22,High Tempo,4,4,True,Semi-Urban Outpost
P-000545,DEP-0001781,7,2025-07-01,2025-07-04,2025-07-28,24,High Tempo,3,3,False,Semi-Urban Outpost
P-000545,DEP-0001782,8,2025-08-01,2025-08-03,2025-08-28,25,High Tempo,3,3,False,Remote/Difficult Terrain
P-000547,DEP-0001783,4,2025-04-01,2025-04-04,2025-04-27,23,Routine,3,1,False,Urban Base
P-000548,DEP-0001784,3,2025-03-01,2025-03-04,2025-03-23,19,Extended,4,4,True,Remote/Difficult Terrain
P-000548,DEP-0001785,4,2025-04-01,2025-04-02,2025-04-28,26,Extended,3,4,True,High Altitude/Extreme
P-000548,DEP-0001786,5,2025-05-01,2025-05-03,2025-05-28,25,Extended,3,5,True,Remote/Difficult Terrain
P-000548,DEP-0001787,6,2025-06-01,2025-06-05,2025-06-23,18,Extended,3,5,True,High Altitude/Extreme
P-000548,DEP-0001788,7,2025-07-01,2025-07-05,2025-07-24,19,Extended,3,5,True,Remote/Difficult Terrain
P-000548,DEP-0001789,8,2025-08-01,2025-08-04,2025-08-23,19,Extended,3,5,True,Remote/Difficult Terrain
P-000548,DEP-0001790,9,2025-09-01,2025-09-02,2025-09-23,21,Extended,4,5,True,Remote/Difficult Terrain
P-000549,DEP-0001791,4,2025-04-01,2025-04-04,2025-04-23,19,High Tempo,4,3,True,Remote/Difficult Terrain
P-000549,DEP-0001792,5,2025-05-01,2025-05-05,2025-05-25,20,High Tempo,3,3,False,Remote/Difficult Terrain
P-000549,DEP-0001793,6,2025-06-01,2025-06-03,2025-06-24,21,High Tempo,3,3,False,Semi-Urban Outpost
P-000549,DEP-0001794,7,2025-07-01,2025-07-05,2025-07-24,19,High Tempo,4,3,True,Semi-Urban Outpost
P-000549,DEP-0001795,8,2025-08-01,2025-08-03,2025-08-23,20,High Tempo,3,4,True,Semi-Urban Outpost
P-000550,DEP-0001796,4,2025-04-01,2025-04-04,2025-04-24,20,High Tempo,4,5,True,High Altitude/Extreme
P-000550,DEP-0001797,5,2025-05-01,2025-05-04,2025-05-28,24,High Tempo,5,5,True,High Altitude/Extreme
P-000550,DEP-0001798,6,2025-06-01,2025-06-04,2025-06-23,19,High Tempo,4,4,True,Remote/Difficult Terrain
P-000550,DEP-0001799,7,2025-07-01,2025-07-02,2025-07-26,24,Extended,5,4,True,Remote/Difficult Terrain
P-000550,DEP-0001800,8,2025-08-01,2025-08-04,2025-08-27,23,Extended,4,4,True,High Altitude/Extreme
P-000550,DEP-0001801,9,2025-09-01,2025-09-03,2025-09-27,24,High Tempo,4,4,True,High Altitude/Extreme
P-000550,DEP-0001802,10,2025-10-01,2025-10-04,2025-10-26,22,High Tempo,5,4,True,Remote/Difficult Terrain
P-000550,DEP-0001803,11,2025-11-01,2025-11-03,2025-11-25,22,Extended,4,5,True,Remote/Difficult Terrain
P-000551,DEP-0001804,4,2025-04-01,2025-04-02,2025-04-27,25,High Tempo,3,4,True,Semi-Urban Outpost
P-000551,DEP-0001805,5,2025-05-01,2025-05-05,2025-05-24,19,High Tempo,4,3,True,Remote/Difficult Terrain
P-000551,DEP-0001806,6,2025-06-01,2025-06-04,2025-06-23,19,High Tempo,4,3,True,Remote/Difficult Terrain
P-000551,DEP-0001807,7,2025-07-01,2025-07-03,2025-07-25,22,High Tempo,3,4,True,Remote/Difficult Terrain
P-000551,DEP-0001808,8,2025-08-01,2025-08-05,2025-08-24,19,High Tempo,3,4,True,Remote/Difficult Terrain
P-000552,DEP-0001809,4,2025-04-01,2025-04-04,2025-04-25,21,Extended,5,5,True,High Altitude/Extreme
P-000552,DEP-0001810,5,2025-05-01,2025-05-02,2025-05-23,21,Extended,4,5,True,Remote/Difficult Terrain
P-000552,DEP-0001811,6,2025-06-01,2025-06-04,2025-06-26,22,High Tempo,5,5,True,High Altitude/Extreme
P-000552,DEP-0001812,7,2025-07-01,2025-07-02,2025-07-23,21,High Tempo,4,4,True,Remote/Difficult Terrain
P-000552,DEP-0001813,8,2025-08-01,2025-08-02,2025-08-26,24,Extended,4,4,True,High Altitude/Extreme
P-000552,DEP-0001814,9,2025-09-01,2025-09-05,2025-09-24,19,Extended,5,4,True,High Altitude/Extreme
P-000552,DEP-0001815,10,2025-10-01,2025-10-04,2025-10-28,24,Extended,5,4,True,High Altitude/Extreme
P-000552,DEP-0001816,11,2025-11-01,2025-11-05,2025-11-27,22,Extended,5,5,True,Remote/Difficult Terrain
P-000553,DEP-0001817,4,2025-04-01,2025-04-02,2025-04-26,24,High Tempo,4,3,True,Remote/Difficult Terrain
P-000553,DEP-0001818,5,2025-05-01,2025-05-04,2025-05-23,19,High Tempo,3,4,True,Semi-Urban Outpost
P-000553,DEP-0001819,6,2025-06-01,2025-06-02,2025-06-28,26,High Tempo,4,3,True,Remote/Difficult Terrain
P-000553,DEP-0001820,7,2025-07-01,2025-07-02,2025-07-25,23,High Tempo,3,3,False,Semi-Urban Outpost
P-000553,DEP-0001821,8,2025-08-01,2025-08-05,2025-08-28,23,High Tempo,3,3,False,Semi-Urban Outpost
P-000554,DEP-0001822,4,2025-04-01,2025-04-02,2025-04-27,25,High Tempo,4,4,True,Remote/Difficult Terrain
P-000554,DEP-0001823,5,2025-05-01,2025-05-04,2025-05-25,21,High Tempo,3,4,True,Semi-Urban Outpost
P-000554,DEP-0001824,6,2025-06-01,2025-06-05,2025-06-27,22,High Tempo,4,4,True,Semi-Urban Outpost
P-000554,DEP-0001825,7,2025-07-01,2025-07-03,2025-07-25,22,High Tempo,4,3,True,Remote/Difficult Terrain
P-000554,DEP-0001826,8,2025-08-01,2025-08-05,2025-08-24,19,High Tempo,4,3,True,Semi-Urban Outpost
P-000555,DEP-0001827,2,2025-02-01,2025-02-02,2025-02-25,23,High Tempo,4,4,True,Remote/Difficult Terrain
P-000555,DEP-0001828,3,2025-03-01,2025-03-02,2025-03-25,23,High Tempo,4,4,True,Remote/Difficult Terrain
P-000555,DEP-0001829,4,2025-04-01,2025-04-04,2025-04-28,24,High Tempo,4,4,True,Remote/Difficult Terrain
P-000555,DEP-0001830,5,2025-05-01,2025-05-02,2025-05-25,23,High Tempo,4,4,True,Remote/Difficult Terrain
P-000556,DEP-0001831,4,2025-04-01,2025-04-05,2025-04-25,20,Routine,2,1,False,Urban Base
P-000558,DEP-0001832,4,2025-04-01,2025-04-05,2025-04-25,20,Routine,2,2,False,Urban Base
P-000558,DEP-0001833,5,2025-05-01,2025-05-03,2025-05-27,24,Routine,3,1,False,Urban Base
P-000559,DEP-0001834,3,2025-03-01,2025-03-03,2025-03-26,23,Extended,4,5,True,High Altitude/Extreme
P-000559,DEP-0001835,4,2025-04-01,2025-04-02,2025-04-28,26,Extended,3,5,True,High Altitude/Extreme
P-000559,DEP-0001836,5,2025-05-01,2025-05-04,2025-05-27,23,Extended,4,4,True,High Altitude/Extreme
P-000559,DEP-0001837,6,2025-06-01,2025-06-03,2025-06-27,24,Extended,4,5,True,High Altitude/Extreme
P-000559,DEP-0001838,7,2025-07-01,2025-07-05,2025-07-27,22,Extended,4,4,True,High Altitude/Extreme
P-000559,DEP-0001839,8,2025-08-01,2025-08-04,2025-08-28,24,Extended,3,5,True,Remote/Difficult Terrain
P-000559,DEP-0001840,9,2025-09-01,2025-09-02,2025-09-23,21,Extended,4,4,True,High Altitude/Extreme
P-000560,DEP-0001841,4,2025-04-01,2025-04-03,2025-04-24,21,High Tempo,3,4,True,Remote/Difficult Terrain
P-000560,DEP-0001842,5,2025-05-01,2025-05-04,2025-05-23,19,High Tempo,3,4,True,Semi-Urban Outpost
P-000560,DEP-0001843,6,2025-06-01,2025-06-05,2025-06-25,20,High Tempo,4,4,True,Semi-Urban Outpost
P-000560,DEP-0001844,7,2025-07-01,2025-07-05,2025-07-27,22,High Tempo,4,4,True,Remote/Difficult Terrain
P-000560,DEP-0001845,8,2025-08-01,2025-08-03,2025-08-25,22,High Tempo,3,3,False,Semi-Urban Outpost
P-000561,DEP-0001846,3,2025-03-01,2025-03-03,2025-03-24,21,Extended,3,4,True,High Altitude/Extreme
P-000561,DEP-0001847,4,2025-04-01,2025-04-04,2025-04-24,20,Extended,3,5,True,High Altitude/Extreme
P-000561,DEP-0001848,5,2025-05-01,2025-05-04,2025-05-23,19,Extended,4,5,True,High Altitude/Extreme
P-000561,DEP-0001849,6,2025-06-01,2025-06-03,2025-06-25,22,Extended,4,5,True,High Altitude/Extreme
P-000561,DEP-0001850,7,2025-07-01,2025-07-05,2025-07-24,19,Extended,3,5,True,Remote/Difficult Terrain
P-000561,DEP-0001851,8,2025-08-01,2025-08-03,2025-08-24,21,Extended,3,5,True,Remote/Difficult Terrain
P-000561,DEP-0001852,9,2025-09-01,2025-09-04,2025-09-27,23,Extended,4,5,True,Remote/Difficult Terrain
P-000562,DEP-0001853,4,2025-04-01,2025-04-05,2025-04-24,19,Routine,2,1,False,Semi-Urban Outpost
P-000562,DEP-0001854,5,2025-05-01,2025-05-05,2025-05-28,23,Routine,2,1,False,Semi-Urban Outpost
P-000565,DEP-0001855,4,2025-04-01,2025-04-04,2025-04-26,22,Routine,2,1,False,Urban Base
P-000566,DEP-0001856,4,2025-04-01,2025-04-02,2025-04-25,23,High Tempo,3,3,False,Remote/Difficult Terrain
P-000566,DEP-0001857,5,2025-05-01,2025-05-03,2025-05-28,25,High Tempo,4,4,True,Remote/Difficult Terrain
P-000566,DEP-0001858,6,2025-06-01,2025-06-03,2025-06-24,21,High Tempo,4,3,True,Remote/Difficult Terrain
P-000566,DEP-0001859,7,2025-07-01,2025-07-02,2025-07-28,26,High Tempo,4,4,True,Semi-Urban Outpost
P-000566,DEP-0001860,8,2025-08-01,2025-08-02,2025-08-23,21,High Tempo,3,3,False,Semi-Urban Outpost
P-000567,DEP-0001861,5,2025-05-01,2025-05-04,2025-05-27,23,Routine,2,2,False,Urban Base
P-000568,DEP-0001862,5,2025-05-01,2025-05-03,2025-05-24,21,Routine,3,2,False,Urban Base
P-000569,DEP-0001863,2,2025-02-01,2025-02-02,2025-02-27,25,High Tempo,4,4,True,Remote/Difficult Terrain
P-000569,DEP-0001864,3,2025-03-01,2025-03-04,2025-03-28,24,High Tempo,4,4,True,Remote/Difficult Terrain
P-000569,DEP-0001865,4,2025-04-01,2025-04-04,2025-04-24,20,High Tempo,4,4,True,Remote/Difficult Terrain
P-000569,DEP-0001866,5,2025-05-01,2025-05-02,2025-05-24,22,High Tempo,4,4,True,Remote/Difficult Terrain
P-000570,DEP-0001867,4,2025-04-01,2025-04-05,2025-04-25,20,Routine,2,2,False,Urban Base
P-000571,DEP-0001868,4,2025-04-01,2025-04-02,2025-04-24,22,High Tempo,4,3,True,Semi-Urban Outpost
P-000571,DEP-0001869,5,2025-05-01,2025-05-03,2025-05-28,25,High Tempo,3,3,False,Semi-Urban Outpost
P-000571,DEP-0001870,6,2025-06-01,2025-06-03,2025-06-27,24,High Tempo,3,3,False,Remote/Difficult Terrain
P-000571,DEP-0001871,7,2025-07-01,2025-07-03,2025-07-24,21,High Tempo,3,4,True,Remote/Difficult Terrain
P-000571,DEP-0001872,8,2025-08-01,2025-08-05,2025-08-24,19,High Tempo,3,4,True,Remote/Difficult Terrain
P-000572,DEP-0001873,4,2025-04-01,2025-04-02,2025-04-24,22,High Tempo,4,4,True,High Altitude/Extreme
P-000572,DEP-0001874,5,2025-05-01,2025-05-02,2025-05-24,22,High Tempo,5,5,True,Remote/Difficult Terrain
P-000572,DEP-0001875,6,2025-06-01,2025-06-05,2025-06-28,23,High Tempo,5,4,True,High Altitude/Extreme
P-000572,DEP-0001876,7,2025-07-01,2025-07-02,2025-07-26,24,High Tempo,4,4,True,High Altitude/Extreme
P-000572,DEP-0001877,8,2025-08-01,2025-08-03,2025-08-27,24,High Tempo,4,4,True,High Altitude/Extreme
P-000572,DEP-0001878,9,2025-09-01,2025-09-03,2025-09-24,21,Extended,5,4,True,High Altitude/Extreme
P-000572,DEP-0001879,10,2025-10-01,2025-10-05,2025-10-23,18,Extended,5,5,True,High Altitude/Extreme
P-000572,DEP-0001880,11,2025-11-01,2025-11-03,2025-11-25,22,High Tempo,5,4,True,Remote/Difficult Terrain
P-000573,DEP-0001881,5,2025-05-01,2025-05-02,2025-05-25,23,Routine,3,2,False,Semi-Urban Outpost
P-000574,DEP-0001882,4,2025-04-01,2025-04-02,2025-04-23,21,High Tempo,3,4,True,Semi-Urban Outpost
P-000574,DEP-0001883,5,2025-05-01,2025-05-03,2025-05-28,25,High Tempo,3,3,False,Semi-Urban Outpost
P-000574,DEP-0001884,6,2025-06-01,2025-06-04,2025-06-28,24,High Tempo,4,3,True,Remote/Difficult Terrain
P-000574,DEP-0001885,7,2025-07-01,2025-07-05,2025-07-24,19,High Tempo,4,4,True,Remote/Difficult Terrain
P-000574,DEP-0001886,8,2025-08-01,2025-08-04,2025-08-26,22,High Tempo,3,3,False,Remote/Difficult Terrain
P-000575,DEP-0001887,4,2025-04-01,2025-04-04,2025-04-27,23,High Tempo,5,4,True,High Altitude/Extreme
P-000575,DEP-0001888,5,2025-05-01,2025-05-05,2025-05-26,21,Extended,5,4,True,High Altitude/Extreme
P-000575,DEP-0001889,6,2025-06-01,2025-06-03,2025-06-25,22,High Tempo,4,4,True,Remote/Difficult Terrain
P-000575,DEP-0001890,7,2025-07-01,2025-07-03,2025-07-27,24,Extended,4,5,True,High Altitude/Extreme
P-000575,DEP-0001891,8,2025-08-01,2025-08-04,2025-08-28,24,Extended,5,5,True,High Altitude/Extreme
P-000575,DEP-0001892,9,2025-09-01,2025-09-02,2025-09-26,24,Extended,5,4,True,High Altitude/Extreme
P-000575,DEP-0001893,10,2025-10-01,2025-10-02,2025-10-23,21,High Tempo,4,5,True,Remote/Difficult Terrain
P-000575,DEP-0001894,11,2025-11-01,2025-11-04,2025-11-24,20,Extended,4,4,True,High Altitude/Extreme
P-000576,DEP-0001895,2,2025-02-01,2025-02-03,2025-02-27,24,High Tempo,4,4,True,Remote/Difficult Terrain
P-000576,DEP-0001896,3,2025-03-01,2025-03-02,2025-03-25,23,High Tempo,4,4,True,Remote/Difficult Terrain
P-000576,DEP-0001897,4,2025-04-01,2025-04-04,2025-04-27,23,High Tempo,4,4,True,Remote/Difficult Terrain
P-000576,DEP-0001898,5,2025-05-01,2025-05-05,2025-05-27,22,High Tempo,4,4,True,Remote/Difficult Terrain
P-000577,DEP-0001899,4,2025-04-01,2025-04-04,2025-04-26,22,Routine,2,2,False,Semi-Urban Outpost
P-000578,DEP-0001900,2,2025-02-01,2025-02-02,2025-02-25,23,High Tempo,4,4,True,Remote/Difficult Terrain
P-000578,DEP-0001901,3,2025-03-01,2025-03-05,2025-03-27,22,High Tempo,4,4,True,Remote/Difficult Terrain
P-000578,DEP-0001902,4,2025-04-01,2025-04-03,2025-04-27,24,High Tempo,4,4,True,Remote/Difficult Terrain
P-000578,DEP-0001903,5,2025-05-01,2025-05-04,2025-05-27,23,High Tempo,4,4,True,Remote/Difficult Terrain
P-000579,DEP-0001904,4,2025-04-01,2025-04-05,2025-04-27,22,Routine,3,2,False,Semi-Urban Outpost
P-000580,DEP-0001905,4,2025-04-01,2025-04-05,2025-04-24,19,Routine,2,1,False,Urban Base
P-000580,DEP-0001906,5,2025-05-01,2025-05-04,2025-05-24,20,Routine,2,1,False,Semi-Urban Outpost
P-000581,DEP-0001907,4,2025-04-01,2025-04-03,2025-04-28,25,Routine,3,1,False,Urban Base
P-000581,DEP-0001908,5,2025-05-01,2025-05-03,2025-05-25,22,Routine,3,1,False,Semi-Urban Outpost
P-000582,DEP-0001909,6,2025-06-01,2025-06-05,2025-06-28,23,High Tempo,4,3,True,Semi-Urban Outpost
P-000582,DEP-0001910,7,2025-07-01,2025-07-03,2025-07-26,23,High Tempo,4,3,True,Semi-Urban Outpost
P-000584,DEP-0001911,4,2025-04-01,2025-04-05,2025-04-28,23,Routine,3,1,False,Urban Base
P-000584,DEP-0001912,5,2025-05-01,2025-05-03,2025-05-24,21,Routine,2,1,False,Semi-Urban Outpost
P-000585,DEP-0001913,4,2025-04-01,2025-04-05,2025-04-25,20,High Tempo,4,4,True,Semi-Urban Outpost
P-000585,DEP-0001914,5,2025-05-01,2025-05-02,2025-05-26,24,High Tempo,4,4,True,Semi-Urban Outpost
P-000585,DEP-0001915,6,2025-06-01,2025-06-02,2025-06-24,22,High Tempo,4,3,True,Semi-Urban Outpost
P-000585,DEP-0001916,7,2025-07-01,2025-07-05,2025-07-23,18,High Tempo,3,3,False,Semi-Urban Outpost
P-000585,DEP-0001917,8,2025-08-01,2025-08-04,2025-08-23,19,High Tempo,3,4,True,Semi-Urban Outpost
P-000588,DEP-0001918,4,2025-04-01,2025-04-03,2025-04-27,24,Routine,3,2,False,Urban Base
P-000588,DEP-0001919,5,2025-05-01,2025-05-05,2025-05-24,19,Routine,2,2,False,Urban Base
P-000590,DEP-0001920,4,2025-04-01,2025-04-04,2025-04-27,23,Routine,3,1,False,Urban Base
P-000590,DEP-0001921,5,2025-05-01,2025-05-02,2025-05-26,24,Routine,3,2,False,Urban Base
P-000592,DEP-0001922,4,2025-04-01,2025-04-02,2025-04-28,26,High Tempo,4,4,True,Remote/Difficult Terrain
P-000592,DEP-0001923,5,2025-05-01,2025-05-03,2025-05-28,25,High Tempo,3,4,True,Semi-Urban Outpost
P-000592,DEP-0001924,6,2025-06-01,2025-06-04,2025-06-27,23,High Tempo,4,4,True,Remote/Difficult Terrain
P-000592,DEP-0001925,7,2025-07-01,2025-07-03,2025-07-28,25,High Tempo,3,3,False,Semi-Urban Outpost
P-000592,DEP-0001926,8,2025-08-01,2025-08-03,2025-08-28,25,High Tempo,4,4,True,Remote/Difficult Terrain
P-000595,DEP-0001927,2,2025-02-01,2025-02-04,2025-02-24,20,High Tempo,4,4,True,Remote/Difficult Terrain
P-000595,DEP-0001928,3,2025-03-01,2025-03-04,2025-03-27,23,High Tempo,4,4,True,Remote/Difficult Terrain
P-000595,DEP-0001929,4,2025-04-01,2025-04-03,2025-04-26,23,High Tempo,4,4,True,Remote/Difficult Terrain
P-000595,DEP-0001930,5,2025-05-01,2025-05-02,2025-05-27,25,High Tempo,4,4,True,Remote/Difficult Terrain
P-000596,DEP-0001931,5,2025-05-01,2025-05-03,2025-05-26,23,Routine,2,1,False,Urban Base
P-000597,DEP-0001932,3,2025-03-01,2025-03-03,2025-03-25,22,Extended,3,4,True,High Altitude/Extreme
P-000597,DEP-0001933,4,2025-04-01,2025-04-05,2025-04-28,23,Extended,3,4,True,Remote/Difficult Terrain
P-000597,DEP-0001934,5,2025-05-01,2025-05-04,2025-05-26,22,Extended,4,5,True,Remote/Difficult Terrain
P-000597,DEP-0001935,6,2025-06-01,2025-06-04,2025-06-26,22,Extended,4,4,True,High Altitude/Extreme
P-000597,DEP-0001936,7,2025-07-01,2025-07-02,2025-07-24,22,Extended,3,4,True,Remote/Difficult Terrain
P-000597,DEP-0001937,8,2025-08-01,2025-08-05,2025-08-23,18,Extended,3,5,True,High Altitude/Extreme
P-000597,DEP-0001938,9,2025-09-01,2025-09-03,2025-09-23,20,Extended,3,5,True,Remote/Difficult Terrain
P-000598,DEP-0001939,4,2025-04-01,2025-04-05,2025-04-28,23,Routine,3,1,False,Semi-Urban Outpost
P-000602,DEP-0001940,4,2025-04-01,2025-04-03,2025-04-28,25,Routine,2,1,False,Semi-Urban Outpost
P-000603,DEP-0001941,5,2025-05-01,2025-05-03,2025-05-28,25,Routine,3,2,False,Urban Base
P-000604,DEP-0001942,4,2025-04-01,2025-04-04,2025-04-27,23,Routine,2,2,False,Semi-Urban Outpost
P-000607,DEP-0001943,5,2025-05-01,2025-05-05,2025-05-27,22,Routine,3,2,False,Semi-Urban Outpost
P-000608,DEP-0001944,5,2025-05-01,2025-05-03,2025-05-23,20,Routine,2,2,False,Urban Base
P-000609,DEP-0001945,4,2025-04-01,2025-04-05,2025-04-23,18,High Tempo,3,3,False,Remote/Difficult Terrain
P-000609,DEP-0001946,5,2025-05-01,2025-05-03,2025-05-24,21,High Tempo,3,3,False,Semi-Urban Outpost
P-000609,DEP-0001947,6,2025-06-01,2025-06-02,2025-06-28,26,High Tempo,4,4,True,Semi-Urban Outpost
P-000609,DEP-0001948,7,2025-07-01,2025-07-03,2025-07-24,21,High Tempo,4,3,True,Semi-Urban Outpost
P-000609,DEP-0001949,8,2025-08-01,2025-08-04,2025-08-25,21,High Tempo,4,3,True,Semi-Urban Outpost
P-000610,DEP-0001950,3,2025-03-01,2025-03-03,2025-03-28,25,Extended,4,4,True,Remote/Difficult Terrain
P-000610,DEP-0001951,4,2025-04-01,2025-04-05,2025-04-26,21,Extended,4,4,True,High Altitude/Extreme
P-000610,DEP-0001952,5,2025-05-01,2025-05-03,2025-05-27,24,Extended,3,4,True,Remote/Difficult Terrain
P-000610,DEP-0001953,6,2025-06-01,2025-06-04,2025-06-28,24,Extended,4,5,True,Remote/Difficult Terrain
P-000610,DEP-0001954,7,2025-07-01,2025-07-03,2025-07-27,24,Extended,4,4,True,Remote/Difficult Terrain
P-000610,DEP-0001955,8,2025-08-01,2025-08-03,2025-08-24,21,Extended,3,4,True,Remote/Difficult Terrain
P-000610,DEP-0001956,9,2025-09-01,2025-09-03,2025-09-27,24,Extended,3,5,True,Remote/Difficult Terrain
P-000611,DEP-0001957,5,2025-05-01,2025-05-03,2025-05-25,22,Routine,3,2,False,Semi-Urban Outpost
P-000612,DEP-0001958,4,2025-04-01,2025-04-03,2025-04-25,22,High Tempo,5,4,True,Remote/Difficult Terrain
P-000612,DEP-0001959,5,2025-05-01,2025-05-05,2025-05-28,23,High Tempo,4,5,True,High Altitude/Extreme
P-000612,DEP-0001960,6,2025-06-01,2025-06-02,2025-06-28,26,High Tempo,4,5,True,Remote/Difficult Terrain
P-000612,DEP-0001961,7,2025-07-01,2025-07-04,2025-07-23,19,Extended,5,4,True,High Altitude/Extreme
P-000612,DEP-0001962,8,2025-08-01,2025-08-02,2025-08-27,25,Extended,5,5,True,Remote/Difficult Terrain
P-000612,DEP-0001963,9,2025-09-01,2025-09-03,2025-09-26,23,Extended,4,5,True,Remote/Difficult Terrain
P-000612,DEP-0001964,10,2025-10-01,2025-10-05,2025-10-27,22,Extended,5,5,True,Remote/Difficult Terrain
P-000612,DEP-0001965,11,2025-11-01,2025-11-02,2025-11-23,21,Extended,4,5,True,High Altitude/Extreme
P-000613,DEP-0001966,4,2025-04-01,2025-04-04,2025-04-28,24,High Tempo,4,3,True,Remote/Difficult Terrain
P-000613,DEP-0001967,5,2025-05-01,2025-05-02,2025-05-23,21,High Tempo,3,4,True,Semi-Urban Outpost
P-000613,DEP-0001968,6,2025-06-01,2025-06-05,2025-06-23,18,High Tempo,3,4,True,Semi-Urban Outpost
P-000613,DEP-0001969,7,2025-07-01,2025-07-02,2025-07-26,24,High Tempo,4,4,True,Remote/Difficult Terrain
P-000613,DEP-0001970,8,2025-08-01,2025-08-03,2025-08-24,21,High Tempo,3,3,False,Semi-Urban Outpost
P-000614,DEP-0001971,4,2025-04-01,2025-04-02,2025-04-23,21,Routine,3,2,False,Urban Base
P-000614,DEP-0001972,5,2025-05-01,2025-05-02,2025-05-28,26,Routine,3,1,False,Urban Base
P-000615,DEP-0001973,2,2025-02-01,2025-02-04,2025-02-27,23,High Tempo,4,4,True,Remote/Difficult Terrain
P-000615,DEP-0001974,3,2025-03-01,2025-03-03,2025-03-26,23,High Tempo,4,4,True,Remote/Difficult Terrain
P-000615,DEP-0001975,4,2025-04-01,2025-04-05,2025-04-26,21,High Tempo,4,4,True,Remote/Difficult Terrain
P-000615,DEP-0001976,5,2025-05-01,2025-05-03,2025-05-27,24,High Tempo,4,4,True,Remote/Difficult Terrain
P-000616,DEP-0001977,2,2025-02-01,2025-02-05,2025-02-26,21,High Tempo,4,4,True,Remote/Difficult Terrain
P-000616,DEP-0001978,3,2025-03-01,2025-03-03,2025-03-23,20,High Tempo,4,4,True,Remote/Difficult Terrain
P-000616,DEP-0001979,4,2025-04-01,2025-04-02,2025-04-24,22,High Tempo,4,4,True,Remote/Difficult Terrain
P-000616,DEP-0001980,5,2025-05-01,2025-05-04,2025-05-25,21,High Tempo,4,4,True,Remote/Difficult Terrain
P-000617,DEP-0001981,5,2025-05-01,2025-05-02,2025-05-27,25,Routine,3,1,False,Urban Base
P-000618,DEP-0001982,4,2025-04-01,2025-04-04,2025-04-23,19,Routine,3,2,False,Urban Base
P-000618,DEP-0001983,5,2025-05-01,2025-05-03,2025-05-24,21,Routine,3,1,False,Urban Base
P-000619,DEP-0001984,4,2025-04-01,2025-04-04,2025-04-23,19,High Tempo,4,4,True,Remote/Difficult Terrain
P-000619,DEP-0001985,5,2025-05-01,2025-05-02,2025-05-28,26,Extended,4,4,True,High Altitude/Extreme
P-000619,DEP-0001986,6,2025-06-01,2025-06-02,2025-06-23,21,Extended,5,4,True,High Altitude/Extreme
P-000619,DEP-0001987,7,2025-07-01,2025-07-05,2025-07-28,23,High Tempo,4,5,True,High Altitude/Extreme
P-000619,DEP-0001988,8,2025-08-01,2025-08-02,2025-08-26,24,Extended,4,5,True,Remote/Difficult Terrain
P-000619,DEP-0001989,9,2025-09-01,2025-09-04,2025-09-25,21,Extended,4,5,True,Remote/Difficult Terrain
P-000619,DEP-0001990,10,2025-10-01,2025-10-04,2025-10-27,23,Extended,5,4,True,Remote/Difficult Terrain
P-000619,DEP-0001991,11,2025-11-01,2025-11-02,2025-11-24,22,High Tempo,5,4,True,Remote/Difficult Terrain
P-000620,DEP-0001992,3,2025-03-01,2025-03-02,2025-03-28,26,Extended,4,5,True,High Altitude/Extreme
P-000620,DEP-0001993,4,2025-04-01,2025-04-02,2025-04-25,23,Extended,4,5,True,High Altitude/Extreme
P-000620,DEP-0001994,5,2025-05-01,2025-05-02,2025-05-23,21,Extended,4,5,True,High Altitude/Extreme
P-000620,DEP-0001995,6,2025-06-01,2025-06-03,2025-06-27,24,Extended,4,5,True,High Altitude/Extreme
P-000620,DEP-0001996,7,2025-07-01,2025-07-05,2025-07-23,18,Extended,3,4,True,High Altitude/Extreme
P-000620,DEP-0001997,8,2025-08-01,2025-08-03,2025-08-28,25,Extended,3,5,True,High Altitude/Extreme
P-000620,DEP-0001998,9,2025-09-01,2025-09-04,2025-09-26,22,Extended,4,4,True,Remote/Difficult Terrain
P-000621,DEP-0001999,4,2025-04-01,2025-04-03,2025-04-27,24,Routine,3,2,False,Urban Base
P-000621,DEP-0002000,5,2025-05-01,2025-05-02,2025-05-24,22,Routine,3,2,False,Urban Base
P-000622,DEP-0002001,4,2025-04-01,2025-04-02,2025-04-25,23,Routine,2,1,False,Urban Base
P-000622,DEP-0002002,5,2025-05-01,2025-05-03,2025-05-26,23,Routine,3,1,False,Urban Base
P-000623,DEP-0002003,5,2025-05-01,2025-05-04,2025-05-23,19,Routine,2,1,False,Urban Base
P-000625,DEP-0002004,4,2025-04-01,2025-04-02,2025-04-24,22,High Tempo,3,3,False,Remote/Difficult Terrain
P-000625,DEP-0002005,5,2025-05-01,2025-05-02,2025-05-25,23,High Tempo,4,3,True,Semi-Urban Outpost
P-000625,DEP-0002006,6,2025-06-01,2025-06-03,2025-06-28,25,High Tempo,4,3,True,Semi-Urban Outpost
P-000625,DEP-0002007,7,2025-07-01,2025-07-04,2025-07-28,24,High Tempo,4,3,True,Semi-Urban Outpost
P-000625,DEP-0002008,8,2025-08-01,2025-08-05,2025-08-26,21,High Tempo,4,3,True,Remote/Difficult Terrain
P-000626,DEP-0002009,4,2025-04-01,2025-04-04,2025-04-24,20,Routine,2,1,False,Urban Base
P-000627,DEP-0002010,5,2025-05-01,2025-05-03,2025-05-27,24,Routine,3,2,False,Urban Base
P-000628,DEP-0002011,3,2025-03-01,2025-03-03,2025-03-28,25,Extended,4,4,True,High Altitude/Extreme
P-000628,DEP-0002012,4,2025-04-01,2025-04-03,2025-04-27,24,Extended,3,4,True,Remote/Difficult Terrain
P-000628,DEP-0002013,5,2025-05-01,2025-05-03,2025-05-27,24,Extended,4,5,True,High Altitude/Extreme
P-000628,DEP-0002014,6,2025-06-01,2025-06-03,2025-06-28,25,Extended,4,5,True,High Altitude/Extreme
P-000628,DEP-0002015,7,2025-07-01,2025-07-04,2025-07-27,23,Extended,4,5,True,High Altitude/Extreme
P-000628,DEP-0002016,8,2025-08-01,2025-08-03,2025-08-27,24,Extended,4,4,True,Remote/Difficult Terrain
P-000628,DEP-0002017,9,2025-09-01,2025-09-02,2025-09-23,21,Extended,3,4,True,High Altitude/Extreme
P-000629,DEP-0002018,5,2025-05-01,2025-05-03,2025-05-27,24,Routine,3,2,False,Urban Base
P-000630,DEP-0002019,4,2025-04-01,2025-04-02,2025-04-26,24,Routine,3,1,False,Urban Base
P-000631,DEP-0002020,3,2025-03-01,2025-03-02,2025-03-23,21,Extended,4,4,True,High Altitude/Extreme
P-000631,DEP-0002021,4,2025-04-01,2025-04-04,2025-04-26,22,Extended,4,5,True,High Altitude/Extreme
P-000631,DEP-0002022,5,2025-05-01,2025-05-03,2025-05-24,21,Extended,3,4,True,Remote/Difficult Terrain
P-000631,DEP-0002023,6,2025-06-01,2025-06-02,2025-06-28,26,Extended,4,5,True,High Altitude/Extreme
P-000631,DEP-0002024,7,2025-07-01,2025-07-05,2025-07-27,22,Extended,3,4,True,Remote/Difficult Terrain
P-000631,DEP-0002025,8,2025-08-01,2025-08-03,2025-08-24,21,Extended,4,4,True,High Altitude/Extreme
P-000631,DEP-0002026,9,2025-09-01,2025-09-04,2025-09-26,22,Extended,3,5,True,High Altitude/Extreme
P-000632,DEP-0002027,2,2025-02-01,2025-02-03,2025-02-23,20,High Tempo,4,4,True,Remote/Difficult Terrain
P-000632,DEP-0002028,3,2025-03-01,2025-03-03,2025-03-24,21,High Tempo,4,4,True,Remote/Difficult Terrain
P-000632,DEP-0002029,4,2025-04-01,2025-04-05,2025-04-28,23,High Tempo,4,4,True,Remote/Difficult Terrain
P-000632,DEP-0002030,5,2025-05-01,2025-05-02,2025-05-28,26,High Tempo,4,4,True,Remote/Difficult Terrain
P-000633,DEP-0002031,4,2025-04-01,2025-04-05,2025-04-24,19,High Tempo,3,4,True,Semi-Urban Outpost
P-000633,DEP-0002032,5,2025-05-01,2025-05-02,2025-05-27,25,High Tempo,3,4,True,Remote/Difficult Terrain
P-000633,DEP-0002033,6,2025-06-01,2025-06-02,2025-06-28,26,High Tempo,4,4,True,Remote/Difficult Terrain
P-000633,DEP-0002034,7,2025-07-01,2025-07-02,2025-07-23,21,High Tempo,3,3,False,Remote/Difficult Terrain
P-000633,DEP-0002035,8,2025-08-01,2025-08-04,2025-08-26,22,High Tempo,3,3,False,Remote/Difficult Terrain
P-000634,DEP-0002036,4,2025-04-01,2025-04-03,2025-04-25,22,High Tempo,4,4,True,Remote/Difficult Terrain
P-000634,DEP-0002037,5,2025-05-01,2025-05-05,2025-05-25,20,High Tempo,3,4,True,Semi-Urban Outpost
P-000634,DEP-0002038,6,2025-06-01,2025-06-04,2025-06-26,22,High Tempo,3,4,True,Semi-Urban Outpost
P-000634,DEP-0002039,7,2025-07-01,2025-07-03,2025-07-23,20,High Tempo,3,3,False,Remote/Difficult Terrain
P-000634,DEP-0002040,8,2025-08-01,2025-08-05,2025-08-25,20,High Tempo,3,3,False,Semi-Urban Outpost
P-000636,DEP-0002041,5,2025-05-01,2025-05-02,2025-05-26,24,Routine,3,1,False,Urban Base
P-000637,DEP-0002042,4,2025-04-01,2025-04-05,2025-04-25,20,High Tempo,4,3,True,Remote/Difficult Terrain
P-000637,DEP-0002043,5,2025-05-01,2025-05-03,2025-05-25,22,High Tempo,4,4,True,Semi-Urban Outpost
P-000637,DEP-0002044,6,2025-06-01,2025-06-05,2025-06-25,20,High Tempo,3,3,False,Semi-Urban Outpost
P-000637,DEP-0002045,7,2025-07-01,2025-07-05,2025-07-26,21,High Tempo,3,3,False,Semi-Urban Outpost
P-000637,DEP-0002046,8,2025-08-01,2025-08-02,2025-08-23,21,High Tempo,3,4,True,Remote/Difficult Terrain
P-000638,DEP-0002047,5,2025-05-01,2025-05-02,2025-05-28,26,Routine,3,1,False,Semi-Urban Outpost
P-000639,DEP-0002048,4,2025-04-01,2025-04-03,2025-04-26,23,Routine,2,2,False,Semi-Urban Outpost
P-000641,DEP-0002049,4,2025-04-01,2025-04-05,2025-04-25,20,Routine,2,1,False,Urban Base
P-000641,DEP-0002050,5,2025-05-01,2025-05-05,2025-05-26,21,Routine,2,1,False,Urban Base
P-000642,DEP-0002051,5,2025-05-01,2025-05-05,2025-05-27,22,Routine,3,1,False,Semi-Urban Outpost
P-000643,DEP-0002052,4,2025-04-01,2025-04-02,2025-04-24,22,Routine,2,2,False,Semi-Urban Outpost
P-000644,DEP-0002053,5,2025-05-01,2025-05-04,2025-05-23,19,Routine,2,1,False,Semi-Urban Outpost
P-000645,DEP-0002054,5,2025-05-01,2025-05-04,2025-05-23,19,Routine,3,2,False,Urban Base
P-000646,DEP-0002055,2,2025-02-01,2025-02-04,2025-02-24,20,High Tempo,4,4,True,Remote/Difficult Terrain
P-000646,DEP-0002056,3,2025-03-01,2025-03-05,2025-03-27,22,High Tempo,4,4,True,Remote/Difficult Terrain
P-000646,DEP-0002057,4,2025-04-01,2025-04-03,2025-04-23,20,High Tempo,4,4,True,Remote/Difficult Terrain
P-000646,DEP-0002058,5,2025-05-01,2025-05-04,2025-05-28,24,High Tempo,4,4,True,Remote/Difficult Terrain
P-000647,DEP-0002059,4,2025-04-01,2025-04-05,2025-04-26,21,High Tempo,4,3,True,Semi-Urban Outpost
P-000647,DEP-0002060,5,2025-05-01,2025-05-04,2025-05-26,22,High Tempo,4,3,True,Semi-Urban Outpost
P-000647,DEP-0002061,6,2025-06-01,2025-06-02,2025-06-28,26,High Tempo,4,4,True,Semi-Urban Outpost
P-000647,DEP-0002062,7,2025-07-01,2025-07-03,2025-07-25,22,High Tempo,4,4,True,Semi-Urban Outpost
P-000647,DEP-0002063,8,2025-08-01,2025-08-02,2025-08-25,23,High Tempo,3,3,False,Remote/Difficult Terrain
P-000648,DEP-0002064,3,2025-03-01,2025-03-05,2025-03-28,23,Extended,4,5,True,Remote/Difficult Terrain
P-000648,DEP-0002065,4,2025-04-01,2025-04-02,2025-04-24,22,Extended,3,5,True,High Altitude/Extreme
P-000648,DEP-0002066,5,2025-05-01,2025-05-05,2025-05-23,18,Extended,3,5,True,Remote/Difficult Terrain
P-000648,DEP-0002067,6,2025-06-01,2025-06-04,2025-06-27,23,Extended,4,5,True,Remote/Difficult Terrain
P-000648,DEP-0002068,7,2025-07-01,2025-07-04,2025-07-26,22,Extended,3,4,True,High Altitude/Extreme
P-000648,DEP-0002069,8,2025-08-01,2025-08-04,2025-08-28,24,Extended,4,4,True,High Altitude/Extreme
P-000648,DEP-0002070,9,2025-09-01,2025-09-05,2025-09-28,23,Extended,3,4,True,High Altitude/Extreme
P-000649,DEP-0002071,4,2025-04-01,2025-04-02,2025-04-23,21,High Tempo,4,5,True,High Altitude/Extreme
P-000649,DEP-0002072,5,2025-05-01,2025-05-02,2025-05-24,22,Extended,4,4,True,Remote/Difficult Terrain
P-000649,DEP-0002073,6,2025-06-01,2025-06-05,2025-06-26,21,High Tempo,5,4,True,High Altitude/Extreme
P-000649,DEP-0002074,7,2025-07-01,2025-07-05,2025-07-27,22,Extended,4,5,True,High Altitude/Extreme
P-000649,DEP-0002075,8,2025-08-01,2025-08-03,2025-08-24,21,Extended,4,4,True,High Altitude/Extreme
P-000649,DEP-0002076,9,2025-09-01,2025-09-05,2025-09-23,18,Extended,5,4,True,Remote/Difficult Terrain
P-000649,DEP-0002077,10,2025-10-01,2025-10-04,2025-10-26,22,High Tempo,5,4,True,Remote/Difficult Terrain
P-000649,DEP-0002078,11,2025-11-01,2025-11-03,2025-11-23,20,Extended,5,5,True,High Altitude/Extreme
P-000651,DEP-0002079,4,2025-04-01,2025-04-05,2025-04-26,21,Routine,2,2,False,Semi-Urban Outpost
P-000651,DEP-0002080,5,2025-05-01,2025-05-05,2025-05-27,22,Routine,3,1,False,Semi-Urban Outpost
P-000652,DEP-0002081,4,2025-04-01,2025-04-02,2025-04-23,21,High Tempo,4,4,True,Semi-Urban Outpost
P-000652,DEP-0002082,5,2025-05-01,2025-05-04,2025-05-25,21,High Tempo,3,4,True,Remote/Difficult Terrain
P-000652,DEP-0002083,6,2025-06-01,2025-06-04,2025-06-28,24,High Tempo,4,4,True,Semi-Urban Outpost
P-000652,DEP-0002084,7,2025-07-01,2025-07-03,2025-07-28,25,High Tempo,4,3,True,Remote/Difficult Terrain
P-000652,DEP-0002085,8,2025-08-01,2025-08-03,2025-08-26,23,High Tempo,4,4,True,Semi-Urban Outpost
P-000653,DEP-0002086,4,2025-04-01,2025-04-03,2025-04-24,21,High Tempo,3,4,True,Semi-Urban Outpost
P-000653,DEP-0002087,5,2025-05-01,2025-05-03,2025-05-27,24,High Tempo,3,3,False,Semi-Urban Outpost
P-000653,DEP-0002088,6,2025-06-01,2025-06-03,2025-06-23,20,High Tempo,3,3,False,Remote/Difficult Terrain
P-000653,DEP-0002089,7,2025-07-01,2025-07-05,2025-07-24,19,High Tempo,3,3,False,Remote/Difficult Terrain
P-000653,DEP-0002090,8,2025-08-01,2025-08-03,2025-08-24,21,High Tempo,3,3,False,Semi-Urban Outpost
P-000654,DEP-0002091,3,2025-03-01,2025-03-03,2025-03-28,25,Extended,3,4,True,High Altitude/Extreme
P-000654,DEP-0002092,4,2025-04-01,2025-04-05,2025-04-26,21,Extended,3,4,True,High Altitude/Extreme
P-000654,DEP-0002093,5,2025-05-01,2025-05-02,2025-05-26,24,Extended,3,4,True,Remote/Difficult Terrain
P-000654,DEP-0002094,6,2025-06-01,2025-06-03,2025-06-24,21,Extended,3,4,True,Remote/Difficult Terrain
P-000654,DEP-0002095,7,2025-07-01,2025-07-04,2025-07-26,22,Extended,4,4,True,High Altitude/Extreme
P-000654,DEP-0002096,8,2025-08-01,2025-08-04,2025-08-23,19,Extended,3,5,True,High Altitude/Extreme
P-000654,DEP-0002097,9,2025-09-01,2025-09-03,2025-09-26,23,Extended,4,4,True,High Altitude/Extreme
P-000655,DEP-0002098,4,2025-04-01,2025-04-03,2025-04-26,23,Routine,3,2,False,Urban Base
P-000655,DEP-0002099,5,2025-05-01,2025-05-05,2025-05-27,22,Routine,3,2,False,Semi-Urban Outpost
P-000656,DEP-0002100,5,2025-05-01,2025-05-03,2025-05-28,25,Routine,3,2,False,Urban Base
P-000657,DEP-0002101,4,2025-04-01,2025-04-02,2025-04-23,21,Routine,2,1,False,Urban Base
P-000657,DEP-0002102,5,2025-05-01,2025-05-03,2025-05-28,25,Routine,2,1,False,Urban Base
P-000659,DEP-0002103,4,2025-04-01,2025-04-02,2025-04-27,25,High Tempo,4,3,True,Semi-Urban Outpost
P-000659,DEP-0002104,5,2025-05-01,2025-05-05,2025-05-24,19,High Tempo,4,4,True,Semi-Urban Outpost
P-000659,DEP-0002105,6,2025-06-01,2025-06-03,2025-06-25,22,High Tempo,3,3,False,Remote/Difficult Terrain
P-000659,DEP-0002106,7,2025-07-01,2025-07-04,2025-07-27,23,High Tempo,3,4,True,Remote/Difficult Terrain
P-000659,DEP-0002107,8,2025-08-01,2025-08-03,2025-08-24,21,High Tempo,3,4,True,Semi-Urban Outpost
P-000660,DEP-0002108,4,2025-04-01,2025-04-05,2025-04-24,19,High Tempo,3,3,False,Remote/Difficult Terrain
P-000660,DEP-0002109,5,2025-05-01,2025-05-03,2025-05-24,21,High Tempo,4,4,True,Semi-Urban Outpost
P-000660,DEP-0002110,6,2025-06-01,2025-06-04,2025-06-24,20,High Tempo,4,4,True,Remote/Difficult Terrain
P-000660,DEP-0002111,7,2025-07-01,2025-07-04,2025-07-25,21,High Tempo,4,4,True,Semi-Urban Outpost
P-000660,DEP-0002112,8,2025-08-01,2025-08-04,2025-08-26,22,High Tempo,3,3,False,Semi-Urban Outpost
P-000661,DEP-0002113,4,2025-04-01,2025-04-05,2025-04-27,22,Routine,3,1,False,Semi-Urban Outpost
P-000661,DEP-0002114,5,2025-05-01,2025-05-05,2025-05-28,23,Routine,2,1,False,Urban Base
P-000662,DEP-0002115,6,2025-06-01,2025-06-05,2025-06-23,18,High Tempo,4,3,True,Semi-Urban Outpost
P-000662,DEP-0002116,7,2025-07-01,2025-07-02,2025-07-26,24,High Tempo,4,3,True,Semi-Urban Outpost
P-000663,DEP-0002117,4,2025-04-01,2025-04-03,2025-04-28,25,High Tempo,3,3,False,Remote/Difficult Terrain
P-000663,DEP-0002118,5,2025-05-01,2025-05-02,2025-05-25,23,High Tempo,4,4,True,Semi-Urban Outpost
P-000663,DEP-0002119,6,2025-06-01,2025-06-03,2025-06-28,25,High Tempo,4,4,True,Remote/Difficult Terrain
P-000663,DEP-0002120,7,2025-07-01,2025-07-03,2025-07-25,22,High Tempo,4,4,True,Remote/Difficult Terrain
P-000663,DEP-0002121,8,2025-08-01,2025-08-05,2025-08-24,19,High Tempo,4,4,True,Remote/Difficult Terrain
P-000664,DEP-0002122,4,2025-04-01,2025-04-04,2025-04-28,24,Routine,2,1,False,Urban Base
P-000665,DEP-0002123,4,2025-04-01,2025-04-04,2025-04-26,22,Routine,2,2,False,Semi-Urban Outpost
P-000665,DEP-0002124,5,2025-05-01,2025-05-04,2025-05-28,24,Routine,3,1,False,Semi-Urban Outpost
P-000666,DEP-0002125,4,2025-04-01,2025-04-02,2025-04-23,21,Routine,3,1,False,Semi-Urban Outpost
P-000667,DEP-0002126,4,2025-04-01,2025-04-02,2025-04-27,25,Routine,3,1,False,Urban Base
P-000668,DEP-0002127,5,2025-05-01,2025-05-02,2025-05-28,26,Routine,3,2,False,Urban Base
P-000669,DEP-0002128,4,2025-04-01,2025-04-02,2025-04-26,24,Routine,3,2,False,Urban Base
P-000671,DEP-0002129,5,2025-05-01,2025-05-04,2025-05-27,23,Routine,2,1,False,Urban Base
P-000672,DEP-0002130,2,2025-02-01,2025-02-02,2025-02-27,25,High Tempo,4,4,True,Remote/Difficult Terrain
P-000672,DEP-0002131,3,2025-03-01,2025-03-04,2025-03-27,23,High Tempo,4,4,True,Remote/Difficult Terrain
P-000672,DEP-0002132,4,2025-04-01,2025-04-02,2025-04-25,23,High Tempo,4,4,True,Remote/Difficult Terrain
P-000672,DEP-0002133,5,2025-05-01,2025-05-02,2025-05-24,22,High Tempo,4,4,True,Remote/Difficult Terrain
P-000673,DEP-0002134,5,2025-05-01,2025-05-05,2025-05-24,19,Routine,2,2,False,Urban Base
P-000674,DEP-0002135,4,2025-04-01,2025-04-02,2025-04-23,21,High Tempo,3,3,False,Remote/Difficult Terrain
P-000674,DEP-0002136,5,2025-05-01,2025-05-04,2025-05-28,24,High Tempo,4,4,True,Remote/Difficult Terrain
P-000674,DEP-0002137,6,2025-06-01,2025-06-02,2025-06-25,23,High Tempo,4,4,True,Remote/Difficult Terrain
P-000674,DEP-0002138,7,2025-07-01,2025-07-03,2025-07-27,24,High Tempo,3,3,False,Remote/Difficult Terrain
P-000674,DEP-0002139,8,2025-08-01,2025-08-04,2025-08-25,21,High Tempo,3,4,True,Semi-Urban Outpost
P-000675,DEP-0002140,4,2025-04-01,2025-04-05,2025-04-23,18,Routine,2,2,False,Urban Base
P-000676,DEP-0002141,6,2025-06-01,2025-06-03,2025-06-25,22,High Tempo,4,3,True,Semi-Urban Outpost
P-000676,DEP-0002142,7,2025-07-01,2025-07-05,2025-07-27,22,High Tempo,4,3,True,Semi-Urban Outpost
P-000677,DEP-0002143,4,2025-04-01,2025-04-02,2025-04-25,23,Routine,2,1,False,Semi-Urban Outpost
P-000678,DEP-0002144,4,2025-04-01,2025-04-03,2025-04-28,25,Routine,3,2,False,Semi-Urban Outpost
P-000679,DEP-0002145,6,2025-06-01,2025-06-04,2025-06-26,22,High Tempo,4,3,True,Semi-Urban Outpost
P-000679,DEP-0002146,7,2025-07-01,2025-07-02,2025-07-27,25,High Tempo,4,3,True,Semi-Urban Outpost
P-000680,DEP-0002147,4,2025-04-01,2025-04-03,2025-04-24,21,High Tempo,4,5,True,Remote/Difficult Terrain
P-000680,DEP-0002148,5,2025-05-01,2025-05-02,2025-05-25,23,Extended,5,4,True,High Altitude/Extreme
P-000680,DEP-0002149,6,2025-06-01,2025-06-04,2025-06-27,23,Extended,5,4,True,High Altitude/Extreme
P-000680,DEP-0002150,7,2025-07-01,2025-07-04,2025-07-28,24,Extended,5,5,True,High Altitude/Extreme
P-000680,DEP-0002151,8,2025-08-01,2025-08-02,2025-08-24,22,Extended,4,4,True,Remote/Difficult Terrain
P-000680,DEP-0002152,9,2025-09-01,2025-09-04,2025-09-25,21,Extended,5,4,True,High Altitude/Extreme
P-000680,DEP-0002153,10,2025-10-01,2025-10-05,2025-10-27,22,High Tempo,4,4,True,High Altitude/Extreme
P-000680,DEP-0002154,11,2025-11-01,2025-11-03,2025-11-24,21,High Tempo,5,5,True,High Altitude/Extreme
P-000681,DEP-0002155,4,2025-04-01,2025-04-02,2025-04-28,26,High Tempo,4,4,True,High Altitude/Extreme
P-000681,DEP-0002156,5,2025-05-01,2025-05-04,2025-05-23,19,Extended,4,5,True,High Altitude/Extreme
P-000681,DEP-0002157,6,2025-06-01,2025-06-03,2025-06-24,21,Extended,5,4,True,High Altitude/Extreme
P-000681,DEP-0002158,7,2025-07-01,2025-07-04,2025-07-24,20,Extended,5,5,True,High Altitude/Extreme
P-000681,DEP-0002159,8,2025-08-01,2025-08-03,2025-08-27,24,High Tempo,5,4,True,Remote/Difficult Terrain
P-000681,DEP-0002160,9,2025-09-01,2025-09-05,2025-09-23,18,High Tempo,5,5,True,Remote/Difficult Terrain
P-000681,DEP-0002161,10,2025-10-01,2025-10-03,2025-10-24,21,High Tempo,5,5,True,Remote/Difficult Terrain
P-000681,DEP-0002162,11,2025-11-01,2025-11-04,2025-11-25,21,High Tempo,4,4,True,High Altitude/Extreme
P-000683,DEP-0002163,4,2025-04-01,2025-04-05,2025-04-23,18,Routine,2,2,False,Urban Base
P-000683,DEP-0002164,5,2025-05-01,2025-05-02,2025-05-24,22,Routine,2,1,False,Urban Base
P-000684,DEP-0002165,3,2025-03-01,2025-03-05,2025-03-24,19,Extended,4,5,True,Remote/Difficult Terrain
P-000684,DEP-0002166,4,2025-04-01,2025-04-02,2025-04-23,21,Extended,3,4,True,High Altitude/Extreme
P-000684,DEP-0002167,5,2025-05-01,2025-05-03,2025-05-25,22,Extended,4,5,True,Remote/Difficult Terrain
P-000684,DEP-0002168,6,2025-06-01,2025-06-02,2025-06-26,24,Extended,3,4,True,High Altitude/Extreme
P-000684,DEP-0002169,7,2025-07-01,2025-07-02,2025-07-23,21,Extended,3,4,True,Remote/Difficult Terrain
P-000684,DEP-0002170,8,2025-08-01,2025-08-05,2025-08-23,18,Extended,4,5,True,High Altitude/Extreme
P-000684,DEP-0002171,9,2025-09-01,2025-09-05,2025-09-26,21,Extended,4,5,True,High Altitude/Extreme
P-000685,DEP-0002172,2,2025-02-01,2025-02-02,2025-02-23,21,High Tempo,4,4,True,Remote/Difficult Terrain
P-000685,DEP-0002173,3,2025-03-01,2025-03-04,2025-03-24,20,High Tempo,4,4,True,Remote/Difficult Terrain
P-000685,DEP-0002174,4,2025-04-01,2025-04-03,2025-04-24,21,High Tempo,4,4,True,Remote/Difficult Terrain
P-000685,DEP-0002175,5,2025-05-01,2025-05-04,2025-05-25,21,High Tempo,4,4,True,Remote/Difficult Terrain
P-000686,DEP-0002176,4,2025-04-01,2025-04-03,2025-04-26,23,High Tempo,4,4,True,Semi-Urban Outpost
P-000686,DEP-0002177,5,2025-05-01,2025-05-02,2025-05-28,26,High Tempo,3,3,False,Semi-Urban Outpost
P-000686,DEP-0002178,6,2025-06-01,2025-06-03,2025-06-28,25,High Tempo,4,3,True,Semi-Urban Outpost
P-000686,DEP-0002179,7,2025-07-01,2025-07-05,2025-07-25,20,High Tempo,3,4,True,Remote/Difficult Terrain
P-000686,DEP-0002180,8,2025-08-01,2025-08-05,2025-08-23,18,High Tempo,4,4,True,Semi-Urban Outpost
P-000687,DEP-0002181,4,2025-04-01,2025-04-02,2025-04-23,21,High Tempo,4,4,True,Remote/Difficult Terrain
P-000687,DEP-0002182,5,2025-05-01,2025-05-05,2025-05-25,20,High Tempo,3,3,False,Semi-Urban Outpost
P-000687,DEP-0002183,6,2025-06-01,2025-06-05,2025-06-28,23,High Tempo,3,3,False,Remote/Difficult Terrain
P-000687,DEP-0002184,7,2025-07-01,2025-07-04,2025-07-24,20,High Tempo,4,3,True,Semi-Urban Outpost
P-000687,DEP-0002185,8,2025-08-01,2025-08-05,2025-08-27,22,High Tempo,3,3,False,Remote/Difficult Terrain
P-000689,DEP-0002186,3,2025-03-01,2025-03-04,2025-03-24,20,Extended,4,4,True,Remote/Difficult Terrain
P-000689,DEP-0002187,4,2025-04-01,2025-04-02,2025-04-26,24,Extended,4,5,True,High Altitude/Extreme
P-000689,DEP-0002188,5,2025-05-01,2025-05-04,2025-05-26,22,Extended,3,5,True,Remote/Difficult Terrain
P-000689,DEP-0002189,6,2025-06-01,2025-06-03,2025-06-26,23,Extended,3,4,True,Remote/Difficult Terrain
P-000689,DEP-0002190,7,2025-07-01,2025-07-02,2025-07-25,23,Extended,3,4,True,High Altitude/Extreme
P-000689,DEP-0002191,8,2025-08-01,2025-08-02,2025-08-26,24,Extended,3,5,True,High Altitude/Extreme
P-000689,DEP-0002192,9,2025-09-01,2025-09-02,2025-09-26,24,Extended,3,5,True,High Altitude/Extreme
P-000691,DEP-0002193,5,2025-05-01,2025-05-02,2025-05-23,21,Routine,2,2,False,Urban Base
P-000692,DEP-0002194,5,2025-05-01,2025-05-05,2025-05-25,20,Routine,2,2,False,Semi-Urban Outpost
P-000693,DEP-0002195,4,2025-04-01,2025-04-03,2025-04-23,20,High Tempo,4,4,True,Remote/Difficult Terrain
P-000693,DEP-0002196,5,2025-05-01,2025-05-03,2025-05-28,25,High Tempo,3,4,True,Semi-Urban Outpost
P-000693,DEP-0002197,6,2025-06-01,2025-06-03,2025-06-28,25,High Tempo,3,4,True,Remote/Difficult Terrain
P-000693,DEP-0002198,7,2025-07-01,2025-07-02,2025-07-25,23,High Tempo,4,4,True,Remote/Difficult Terrain
P-000693,DEP-0002199,8,2025-08-01,2025-08-04,2025-08-24,20,High Tempo,3,3,False,Semi-Urban Outpost
P-000695,DEP-0002200,4,2025-04-01,2025-04-04,2025-04-23,19,Routine,2,1,False,Urban Base
P-000695,DEP-0002201,5,2025-05-01,2025-05-02,2025-05-27,25,Routine,2,2,False,Semi-Urban Outpost
P-000696,DEP-0002202,4,2025-04-01,2025-04-04,2025-04-28,24,High Tempo,3,4,True,Remote/Difficult Terrain
P-000696,DEP-0002203,5,2025-05-01,2025-05-05,2025-05-27,22,High Tempo,3,3,False,Remote/Difficult Terrain
P-000696,DEP-0002204,6,2025-06-01,2025-06-02,2025-06-25,23,High Tempo,3,3,False,Remote/Difficult Terrain
P-000696,DEP-0002205,7,2025-07-01,2025-07-02,2025-07-25,23,High Tempo,4,4,True,Remote/Difficult Terrain
P-000696,DEP-0002206,8,2025-08-01,2025-08-05,2025-08-24,19,High Tempo,3,3,False,Semi-Urban Outpost
P-000698,DEP-0002207,4,2025-04-01,2025-04-04,2025-04-27,23,High Tempo,4,3,True,Remote/Difficult Terrain
P-000698,DEP-0002208,5,2025-05-01,2025-05-02,2025-05-28,26,High Tempo,4,3,True,Semi-Urban Outpost
P-000698,DEP-0002209,6,2025-06-01,2025-06-03,2025-06-24,21,High Tempo,4,4,True,Semi-Urban Outpost
P-000698,DEP-0002210,7,2025-07-01,2025-07-02,2025-07-26,24,High Tempo,3,4,True,Remote/Difficult Terrain
P-000698,DEP-0002211,8,2025-08-01,2025-08-04,2025-08-26,22,High Tempo,4,3,True,Semi-Urban Outpost
P-000699,DEP-0002212,4,2025-04-01,2025-04-05,2025-04-26,21,Routine,3,2,False,Urban Base
P-000699,DEP-0002213,5,2025-05-01,2025-05-05,2025-05-28,23,Routine,2,2,False,Semi-Urban Outpost
P-000701,DEP-0002214,4,2025-04-01,2025-04-04,2025-04-28,24,High Tempo,3,3,False,Remote/Difficult Terrain
P-000701,DEP-0002215,5,2025-05-01,2025-05-05,2025-05-25,20,High Tempo,3,4,True,Remote/Difficult Terrain
P-000701,DEP-0002216,6,2025-06-01,2025-06-05,2025-06-27,22,High Tempo,3,4,True,Remote/Difficult Terrain
P-000701,DEP-0002217,7,2025-07-01,2025-07-05,2025-07-26,21,High Tempo,4,4,True,Remote/Difficult Terrain
P-000701,DEP-0002218,8,2025-08-01,2025-08-05,2025-08-27,22,High Tempo,3,3,False,Semi-Urban Outpost
P-000702,DEP-0002219,4,2025-04-01,2025-04-04,2025-04-27,23,Routine,2,2,False,Urban Base
P-000704,DEP-0002220,5,2025-05-01,2025-05-05,2025-05-25,20,Routine,3,1,False,Urban Base
P-000705,DEP-0002221,4,2025-04-01,2025-04-03,2025-04-25,22,Routine,3,2,False,Urban Base
P-000705,DEP-0002222,5,2025-05-01,2025-05-02,2025-05-24,22,Routine,3,2,False,Urban Base
P-000706,DEP-0002223,6,2025-06-01,2025-06-02,2025-06-28,26,High Tempo,4,3,True,Semi-Urban Outpost
P-000706,DEP-0002224,7,2025-07-01,2025-07-03,2025-07-27,24,High Tempo,4,3,True,Semi-Urban Outpost
P-000707,DEP-0002225,5,2025-05-01,2025-05-05,2025-05-24,19,Routine,3,1,False,Urban Base
P-000708,DEP-0002226,4,2025-04-01,2025-04-04,2025-04-25,21,Extended,5,4,True,High Altitude/Extreme
P-000708,DEP-0002227,5,2025-05-01,2025-05-04,2025-05-28,24,High Tempo,5,5,True,High Altitude/Extreme
P-000708,DEP-0002228,6,2025-06-01,2025-06-04,2025-06-28,24,High Tempo,4,4,True,High Altitude/Extreme
P-000708,DEP-0002229,7,2025-07-01,2025-07-02,2025-07-27,25,High Tempo,5,4,True,Remote/Difficult Terrain
P-000708,DEP-0002230,8,2025-08-01,2025-08-03,2025-08-27,24,Extended,4,5,True,Remote/Difficult Terrain
P-000708,DEP-0002231,9,2025-09-01,2025-09-05,2025-09-26,21,High Tempo,5,5,True,Remote/Difficult Terrain
P-000708,DEP-0002232,10,2025-10-01,2025-10-02,2025-10-28,26,High Tempo,5,4,True,Remote/Difficult Terrain
P-000708,DEP-0002233,11,2025-11-01,2025-11-03,2025-11-26,23,Extended,4,4,True,Remote/Difficult Terrain
P-000709,DEP-0002234,4,2025-04-01,2025-04-03,2025-04-28,25,Routine,2,2,False,Semi-Urban Outpost
P-000710,DEP-0002235,3,2025-03-01,2025-03-05,2025-03-24,19,Extended,3,4,True,High Altitude/Extreme
P-000710,DEP-0002236,4,2025-04-01,2025-04-05,2025-04-24,19,Extended,3,5,True,High Altitude/Extreme
P-000710,DEP-0002237,5,2025-05-01,2025-05-04,2025-05-26,22,Extended,4,5,True,High Altitude/Extreme
P-000710,DEP-0002238,6,2025-06-01,2025-06-02,2025-06-28,26,Extended,4,5,True,Remote/Difficult Terrain
P-000710,DEP-0002239,7,2025-07-01,2025-07-05,2025-07-27,22,Extended,4,5,True,Remote/Difficult Terrain
P-000710,DEP-0002240,8,2025-08-01,2025-08-04,2025-08-26,22,Extended,4,5,True,Remote/Difficult Terrain
P-000710,DEP-0002241,9,2025-09-01,2025-09-05,2025-09-25,20,Extended,3,4,True,Remote/Difficult Terrain
P-000711,DEP-0002242,3,2025-03-01,2025-03-04,2025-03-24,20,Extended,3,5,True,Remote/Difficult Terrain
P-000711,DEP-0002243,4,2025-04-01,2025-04-05,2025-04-24,19,Extended,4,4,True,Remote/Difficult Terrain
P-000711,DEP-0002244,5,2025-05-01,2025-05-04,2025-05-24,20,Extended,3,4,True,Remote/Difficult Terrain
P-000711,DEP-0002245,6,2025-06-01,2025-06-03,2025-06-27,24,Extended,3,5,True,High Altitude/Extreme
P-000711,DEP-0002246,7,2025-07-01,2025-07-03,2025-07-23,20,Extended,4,4,True,Remote/Difficult Terrain
P-000711,DEP-0002247,8,2025-08-01,2025-08-02,2025-08-27,25,Extended,4,4,True,Remote/Difficult Terrain
P-000711,DEP-0002248,9,2025-09-01,2025-09-03,2025-09-23,20,Extended,3,5,True,High Altitude/Extreme
P-000712,DEP-0002249,4,2025-04-01,2025-04-02,2025-04-25,23,High Tempo,3,3,False,Semi-Urban Outpost
P-000712,DEP-0002250,5,2025-05-01,2025-05-02,2025-05-28,26,High Tempo,4,4,True,Semi-Urban Outpost
P-000712,DEP-0002251,6,2025-06-01,2025-06-02,2025-06-26,24,High Tempo,3,3,False,Semi-Urban Outpost
P-000712,DEP-0002252,7,2025-07-01,2025-07-02,2025-07-26,24,High Tempo,4,4,True,Semi-Urban Outpost
P-000712,DEP-0002253,8,2025-08-01,2025-08-04,2025-08-23,19,High Tempo,3,3,False,Remote/Difficult Terrain
P-000713,DEP-0002254,5,2025-05-01,2025-05-02,2025-05-25,23,Routine,2,2,False,Urban Base
P-000714,DEP-0002255,4,2025-04-01,2025-04-04,2025-04-23,19,Routine,3,2,False,Semi-Urban Outpost
P-000715,DEP-0002256,4,2025-04-01,2025-04-02,2025-04-23,21,Routine,3,1,False,Urban Base
P-000716,DEP-0002257,2,2025-02-01,2025-02-04,2025-02-27,23,High Tempo,4,4,True,Remote/Difficult Terrain
P-000716,DEP-0002258,3,2025-03-01,2025-03-02,2025-03-28,26,High Tempo,4,4,True,Remote/Difficult Terrain
P-000716,DEP-0002259,4,2025-04-01,2025-04-02,2025-04-25,23,High Tempo,4,4,True,Remote/Difficult Terrain
P-000716,DEP-0002260,5,2025-05-01,2025-05-04,2025-05-25,21,High Tempo,4,4,True,Remote/Difficult Terrain
P-000717,DEP-0002261,4,2025-04-01,2025-04-03,2025-04-28,25,Extended,5,4,True,High Altitude/Extreme
P-000717,DEP-0002262,5,2025-05-01,2025-05-02,2025-05-27,25,High Tempo,5,5,True,Remote/Difficult Terrain
P-000717,DEP-0002263,6,2025-06-01,2025-06-02,2025-06-27,25,Extended,5,5,True,High Altitude/Extreme
P-000717,DEP-0002264,7,2025-07-01,2025-07-05,2025-07-24,19,High Tempo,5,4,True,Remote/Difficult Terrain
P-000717,DEP-0002265,8,2025-08-01,2025-08-02,2025-08-26,24,Extended,5,5,True,Remote/Difficult Terrain
P-000717,DEP-0002266,9,2025-09-01,2025-09-05,2025-09-28,23,Extended,5,4,True,Remote/Difficult Terrain
P-000717,DEP-0002267,10,2025-10-01,2025-10-04,2025-10-23,19,Extended,4,4,True,Remote/Difficult Terrain
P-000717,DEP-0002268,11,2025-11-01,2025-11-03,2025-11-27,24,Extended,4,5,True,Remote/Difficult Terrain
P-000718,DEP-0002269,6,2025-06-01,2025-06-02,2025-06-23,21,High Tempo,4,3,True,Semi-Urban Outpost
P-000718,DEP-0002270,7,2025-07-01,2025-07-05,2025-07-24,19,High Tempo,4,3,True,Semi-Urban Outpost
P-000719,DEP-0002271,4,2025-04-01,2025-04-04,2025-04-25,21,Routine,3,1,False,Urban Base
P-000720,DEP-0002272,3,2025-03-01,2025-03-05,2025-03-24,19,Extended,3,5,True,Remote/Difficult Terrain
P-000720,DEP-0002273,4,2025-04-01,2025-04-04,2025-04-23,19,Extended,3,5,True,High Altitude/Extreme
P-000720,DEP-0002274,5,2025-05-01,2025-05-02,2025-05-28,26,Extended,3,5,True,High Altitude/Extreme
P-000720,DEP-0002275,6,2025-06-01,2025-06-03,2025-06-27,24,Extended,4,5,True,High Altitude/Extreme
P-000720,DEP-0002276,7,2025-07-01,2025-07-04,2025-07-28,24,Extended,4,5,True,High Altitude/Extreme
P-000720,DEP-0002277,8,2025-08-01,2025-08-05,2025-08-24,19,Extended,4,4,True,Remote/Difficult Terrain
P-000720,DEP-0002278,9,2025-09-01,2025-09-02,2025-09-27,25,Extended,3,5,True,High Altitude/Extreme
P-000721,DEP-0002279,2,2025-02-01,2025-02-04,2025-02-26,22,High Tempo,4,4,True,Remote/Difficult Terrain
P-000721,DEP-0002280,3,2025-03-01,2025-03-03,2025-03-25,22,High Tempo,4,4,True,Remote/Difficult Terrain
P-000721,DEP-0002281,4,2025-04-01,2025-04-04,2025-04-28,24,High Tempo,4,4,True,Remote/Difficult Terrain
P-000721,DEP-0002282,5,2025-05-01,2025-05-04,2025-05-28,24,High Tempo,4,4,True,Remote/Difficult Terrain
P-000722,DEP-0002283,4,2025-04-01,2025-04-05,2025-04-28,23,Routine,3,1,False,Semi-Urban Outpost
P-000722,DEP-0002284,5,2025-05-01,2025-05-03,2025-05-26,23,Routine,2,1,False,Urban Base
P-000723,DEP-0002285,4,2025-04-01,2025-04-05,2025-04-26,21,Routine,2,2,False,Urban Base
P-000724,DEP-0002286,3,2025-03-01,2025-03-05,2025-03-23,18,Extended,3,4,True,Remote/Difficult Terrain
P-000724,DEP-0002287,4,2025-04-01,2025-04-04,2025-04-24,20,Extended,4,5,True,Remote/Difficult Terrain
P-000724,DEP-0002288,5,2025-05-01,2025-05-02,2025-05-23,21,Extended,3,5,True,High Altitude/Extreme
P-000724,DEP-0002289,6,2025-06-01,2025-06-05,2025-06-26,21,Extended,3,5,True,High Altitude/Extreme
P-000724,DEP-0002290,7,2025-07-01,2025-07-05,2025-07-25,20,Extended,4,5,True,Remote/Difficult Terrain
P-000724,DEP-0002291,8,2025-08-01,2025-08-05,2025-08-25,20,Extended,4,5,True,High Altitude/Extreme
P-000724,DEP-0002292,9,2025-09-01,2025-09-05,2025-09-26,21,Extended,4,5,True,High Altitude/Extreme
P-000725,DEP-0002293,4,2025-04-01,2025-04-03,2025-04-25,22,High Tempo,3,4,True,Semi-Urban Outpost
P-000725,DEP-0002294,5,2025-05-01,2025-05-03,2025-05-26,23,High Tempo,3,4,True,Semi-Urban Outpost
P-000725,DEP-0002295,6,2025-06-01,2025-06-05,2025-06-23,18,High Tempo,3,3,False,Remote/Difficult Terrain
P-000725,DEP-0002296,7,2025-07-01,2025-07-02,2025-07-24,22,High Tempo,4,3,True,Remote/Difficult Terrain
P-000725,DEP-0002297,8,2025-08-01,2025-08-02,2025-08-23,21,High Tempo,3,3,False,Remote/Difficult Terrain
P-000726,DEP-0002298,4,2025-04-01,2025-04-02,2025-04-24,22,High Tempo,5,4,True,Remote/Difficult Terrain
P-000726,DEP-0002299,5,2025-05-01,2025-05-02,2025-05-26,24,Extended,4,5,True,Remote/Difficult Terrain
P-000726,DEP-0002300,6,2025-06-01,2025-06-04,2025-06-26,22,Extended,4,4,True,Remote/Difficult Terrain
P-000726,DEP-0002301,7,2025-07-01,2025-07-03,2025-07-25,22,High Tempo,4,4,True,Remote/Difficult Terrain
P-000726,DEP-0002302,8,2025-08-01,2025-08-02,2025-08-25,23,High Tempo,4,5,True,Remote/Difficult Terrain
P-000726,DEP-0002303,9,2025-09-01,2025-09-05,2025-09-27,22,Extended,5,5,True,Remote/Difficult Terrain
P-000726,DEP-0002304,10,2025-10-01,2025-10-05,2025-10-24,19,High Tempo,4,5,True,High Altitude/Extreme
P-000726,DEP-0002305,11,2025-11-01,2025-11-04,2025-11-23,19,Extended,4,4,True,High Altitude/Extreme
P-000727,DEP-0002306,5,2025-05-01,2025-05-03,2025-05-25,22,Routine,2,1,False,Semi-Urban Outpost
P-000728,DEP-0002307,4,2025-04-01,2025-04-04,2025-04-24,20,High Tempo,4,5,True,Remote/Difficult Terrain
P-000728,DEP-0002308,5,2025-05-01,2025-05-03,2025-05-25,22,Extended,5,5,True,Remote/Difficult Terrain
P-000728,DEP-0002309,6,2025-06-01,2025-06-03,2025-06-26,23,Extended,4,4,True,Remote/Difficult Terrain
P-000728,DEP-0002310,7,2025-07-01,2025-07-05,2025-07-25,20,High Tempo,4,5,True,High Altitude/Extreme
P-000728,DEP-0002311,8,2025-08-01,2025-08-05,2025-08-25,20,High Tempo,4,4,True,High Altitude/Extreme
P-000728,DEP-0002312,9,2025-09-01,2025-09-04,2025-09-27,23,Extended,4,4,True,Remote/Difficult Terrain
P-000728,DEP-0002313,10,2025-10-01,2025-10-05,2025-10-25,20,High Tempo,4,4,True,High Altitude/Extreme
P-000728,DEP-0002314,11,2025-11-01,2025-11-05,2025-11-27,22,Extended,4,4,True,High Altitude/Extreme
P-000729,DEP-0002315,4,2025-04-01,2025-04-04,2025-04-24,20,Routine,2,2,False,Urban Base
P-000732,DEP-0002316,4,2025-04-01,2025-04-05,2025-04-24,19,High Tempo,5,5,True,High Altitude/Extreme
P-000732,DEP-0002317,5,2025-05-01,2025-05-03,2025-05-24,21,Extended,5,5,True,Remote/Difficult Terrain
P-000732,DEP-0002318,6,2025-06-01,2025-06-05,2025-06-26,21,High Tempo,4,4,True,Remote/Difficult Terrain
P-000732,DEP-0002319,7,2025-07-01,2025-07-02,2025-07-25,23,High Tempo,4,4,True,Remote/Difficult Terrain
P-000732,DEP-0002320,8,2025-08-01,2025-08-04,2025-08-24,20,High Tempo,4,5,True,Remote/Difficult Terrain
P-000732,DEP-0002321,9,2025-09-01,2025-09-05,2025-09-28,23,High Tempo,5,5,True,High Altitude/Extreme
P-000732,DEP-0002322,10,2025-10-01,2025-10-02,2025-10-25,23,Extended,4,5,True,High Altitude/Extreme
P-000732,DEP-0002323,11,2025-11-01,2025-11-04,2025-11-26,22,Extended,5,4,True,High Altitude/Extreme
P-000733,DEP-0002324,3,2025-03-01,2025-03-02,2025-03-24,22,Extended,4,5,True,High Altitude/Extreme
P-000733,DEP-0002325,4,2025-04-01,2025-04-04,2025-04-28,24,Extended,4,5,True,Remote/Difficult Terrain
P-000733,DEP-0002326,5,2025-05-01,2025-05-05,2025-05-28,23,Extended,4,5,True,Remote/Difficult Terrain
P-000733,DEP-0002327,6,2025-06-01,2025-06-04,2025-06-26,22,Extended,3,4,True,High Altitude/Extreme
P-000733,DEP-0002328,7,2025-07-01,2025-07-04,2025-07-25,21,Extended,4,4,True,Remote/Difficult Terrain
P-000733,DEP-0002329,8,2025-08-01,2025-08-03,2025-08-24,21,Extended,3,4,True,High Altitude/Extreme
P-000733,DEP-0002330,9,2025-09-01,2025-09-03,2025-09-26,23,Extended,4,4,True,Remote/Difficult Terrain
P-000734,DEP-0002331,4,2025-04-01,2025-04-04,2025-04-26,22,High Tempo,4,4,True,Remote/Difficult Terrain
P-000734,DEP-0002332,5,2025-05-01,2025-05-04,2025-05-26,22,High Tempo,4,4,True,Remote/Difficult Terrain
P-000734,DEP-0002333,6,2025-06-01,2025-06-04,2025-06-26,22,High Tempo,4,4,True,Remote/Difficult Terrain
P-000734,DEP-0002334,7,2025-07-01,2025-07-02,2025-07-23,21,High Tempo,4,3,True,Semi-Urban Outpost
P-000734,DEP-0002335,8,2025-08-01,2025-08-02,2025-08-26,24,High Tempo,3,3,False,Remote/Difficult Terrain
P-000735,DEP-0002336,4,2025-04-01,2025-04-05,2025-04-24,19,Routine,3,1,False,Urban Base
P-000736,DEP-0002337,2,2025-02-01,2025-02-02,2025-02-23,21,High Tempo,4,4,True,Remote/Difficult Terrain
P-000736,DEP-0002338,3,2025-03-01,2025-03-03,2025-03-25,22,High Tempo,4,4,True,Remote/Difficult Terrain
P-000736,DEP-0002339,4,2025-04-01,2025-04-05,2025-04-23,18,High Tempo,4,4,True,Remote/Difficult Terrain
P-000736,DEP-0002340,5,2025-05-01,2025-05-02,2025-05-26,24,High Tempo,4,4,True,Remote/Difficult Terrain
P-000737,DEP-0002341,4,2025-04-01,2025-04-03,2025-04-28,25,Routine,2,1,False,Urban Base
P-000738,DEP-0002342,4,2025-04-01,2025-04-04,2025-04-28,24,Extended,5,5,True,High Altitude/Extreme
P-000738,DEP-0002343,5,2025-05-01,2025-05-03,2025-05-24,21,Extended,5,4,True,Remote/Difficult Terrain
P-000738,DEP-0002344,6,2025-06-01,2025-06-03,2025-06-26,23,Extended,4,4,True,Remote/Difficult Terrain
P-000738,DEP-0002345,7,2025-07-01,2025-07-02,2025-07-23,21,High Tempo,4,5,True,Remote/Difficult Terrain
P-000738,DEP-0002346,8,2025-08-01,2025-08-02,2025-08-26,24,High Tempo,4,5,True,Remote/Difficult Terrain
P-000738,DEP-0002347,9,2025-09-01,2025-09-02,2025-09-28,26,High Tempo,4,5,True,High Altitude/Extreme
P-000738,DEP-0002348,10,2025-10-01,2025-10-03,2025-10-23,20,Extended,5,4,True,High Altitude/Extreme
P-000738,DEP-0002349,11,2025-11-01,2025-11-03,2025-11-26,23,Extended,4,4,True,High Altitude/Extreme
P-000740,DEP-0002350,5,2025-05-01,2025-05-02,2025-05-25,23,Routine,3,2,False,Urban Base
P-000743,DEP-0002351,3,2025-03-01,2025-03-02,2025-03-23,21,Extended,4,5,True,Remote/Difficult Terrain
P-000743,DEP-0002352,4,2025-04-01,2025-04-04,2025-04-28,24,Extended,4,4,True,High Altitude/Extreme
P-000743,DEP-0002353,5,2025-05-01,2025-05-03,2025-05-26,23,Extended,4,5,True,High Altitude/Extreme
P-000743,DEP-0002354,6,2025-06-01,2025-06-02,2025-06-25,23,Extended,4,5,True,Remote/Difficult Terrain
P-000743,DEP-0002355,7,2025-07-01,2025-07-05,2025-07-23,18,Extended,4,5,True,High Altitude/Extreme
P-000743,DEP-0002356,8,2025-08-01,2025-08-04,2025-08-24,20,Extended,3,4,True,High Altitude/Extreme
P-000743,DEP-0002357,9,2025-09-01,2025-09-05,2025-09-25,20,Extended,4,5,True,High Altitude/Extreme
P-000744,DEP-0002358,4,2025-04-01,2025-04-05,2025-04-24,19,High Tempo,3,3,False,Semi-Urban Outpost
P-000744,DEP-0002359,5,2025-05-01,2025-05-03,2025-05-25,22,High Tempo,3,4,True,Semi-Urban Outpost
P-000744,DEP-0002360,6,2025-06-01,2025-06-05,2025-06-26,21,High Tempo,4,4,True,Semi-Urban Outpost
P-000744,DEP-0002361,7,2025-07-01,2025-07-03,2025-07-28,25,High Tempo,3,3,False,Semi-Urban Outpost
P-000744,DEP-0002362,8,2025-08-01,2025-08-02,2025-08-26,24,High Tempo,3,3,False,Remote/Difficult Terrain
P-000746,DEP-0002363,2,2025-02-01,2025-02-03,2025-02-25,22,High Tempo,4,4,True,Remote/Difficult Terrain
P-000746,DEP-0002364,3,2025-03-01,2025-03-05,2025-03-28,23,High Tempo,4,4,True,Remote/Difficult Terrain
P-000746,DEP-0002365,4,2025-04-01,2025-04-02,2025-04-25,23,High Tempo,4,4,True,Remote/Difficult Terrain
P-000746,DEP-0002366,5,2025-05-01,2025-05-02,2025-05-27,25,High Tempo,4,4,True,Remote/Difficult Terrain
P-000747,DEP-0002367,5,2025-05-01,2025-05-04,2025-05-27,23,Routine,2,1,False,Semi-Urban Outpost
P-000748,DEP-0002368,4,2025-04-01,2025-04-04,2025-04-24,20,High Tempo,3,3,False,Remote/Difficult Terrain
P-000748,DEP-0002369,5,2025-05-01,2025-05-03,2025-05-26,23,High Tempo,4,3,True,Semi-Urban Outpost
P-000748,DEP-0002370,6,2025-06-01,2025-06-05,2025-06-28,23,High Tempo,3,4,True,Remote/Difficult Terrain
P-000748,DEP-0002371,7,2025-07-01,2025-07-04,2025-07-26,22,High Tempo,3,4,True,Semi-Urban Outpost
P-000748,DEP-0002372,8,2025-08-01,2025-08-05,2025-08-26,21,High Tempo,4,4,True,Remote/Difficult Terrain
P-000749,DEP-0002373,2,2025-02-01,2025-02-02,2025-02-27,25,High Tempo,4,4,True,Remote/Difficult Terrain
P-000749,DEP-0002374,3,2025-03-01,2025-03-04,2025-03-25,21,High Tempo,4,4,True,Remote/Difficult Terrain
P-000749,DEP-0002375,4,2025-04-01,2025-04-02,2025-04-23,21,High Tempo,4,4,True,Remote/Difficult Terrain
P-000749,DEP-0002376,5,2025-05-01,2025-05-03,2025-05-26,23,High Tempo,4,4,True,Remote/Difficult Terrain
P-000750,DEP-0002377,4,2025-04-01,2025-04-05,2025-04-26,21,High Tempo,3,4,True,Semi-Urban Outpost
P-000750,DEP-0002378,5,2025-05-01,2025-05-03,2025-05-26,23,High Tempo,3,4,True,Semi-Urban Outpost
P-000750,DEP-0002379,6,2025-06-01,2025-06-05,2025-06-25,20,High Tempo,3,3,False,Remote/Difficult Terrain
P-000750,DEP-0002380,7,2025-07-01,2025-07-02,2025-07-26,24,High Tempo,3,4,True,Remote/Difficult Terrain
P-000750,DEP-0002381,8,2025-08-01,2025-08-03,2025-08-28,25,High Tempo,3,4,True,Semi-Urban Outpost
P-000751,DEP-0002382,5,2025-05-01,2025-05-02,2025-05-26,24,Routine,2,2,False,Semi-Urban Outpost
P-000752,DEP-0002383,2,2025-02-01,2025-02-02,2025-02-27,25,High Tempo,4,4,True,Remote/Difficult Terrain
P-000752,DEP-0002384,3,2025-03-01,2025-03-03,2025-03-23,20,High Tempo,4,4,True,Remote/Difficult Terrain
P-000752,DEP-0002385,4,2025-04-01,2025-04-02,2025-04-26,24,High Tempo,4,4,True,Remote/Difficult Terrain
P-000752,DEP-0002386,5,2025-05-01,2025-05-02,2025-05-25,23,High Tempo,4,4,True,Remote/Difficult Terrain
P-000753,DEP-0002387,4,2025-04-01,2025-04-02,2025-04-23,21,High Tempo,4,3,True,Semi-Urban Outpost
P-000753,DEP-0002388,5,2025-05-01,2025-05-05,2025-05-24,19,High Tempo,3,4,True,Remote/Difficult Terrain
P-000753,DEP-0002389,6,2025-06-01,2025-06-05,2025-06-28,23,High Tempo,4,4,True,Semi-Urban Outpost
P-000753,DEP-0002390,7,2025-07-01,2025-07-02,2025-07-24,22,High Tempo,4,4,True,Remote/Difficult Terrain
P-000753,DEP-0002391,8,2025-08-01,2025-08-04,2025-08-25,21,High Tempo,3,3,False,Remote/Difficult Terrain
P-000755,DEP-0002392,5,2025-05-01,2025-05-02,2025-05-25,23,Routine,3,2,False,Semi-Urban Outpost
P-000756,DEP-0002393,4,2025-04-01,2025-04-05,2025-04-28,23,Extended,5,5,True,High Altitude/Extreme
P-000756,DEP-0002394,5,2025-05-01,2025-05-05,2025-05-24,19,High Tempo,5,5,True,Remote/Difficult Terrain
P-000756,DEP-0002395,6,2025-06-01,2025-06-04,2025-06-27,23,High Tempo,4,5,True,High Altitude/Extreme
P-000756,DEP-0002396,7,2025-07-01,2025-07-05,2025-07-23,18,High Tempo,5,4,True,High Altitude/Extreme
P-000756,DEP-0002397,8,2025-08-01,2025-08-05,2025-08-26,21,High Tempo,5,5,True,Remote/Difficult Terrain
P-000756,DEP-0002398,9,2025-09-01,2025-09-03,2025-09-28,25,High Tempo,5,4,True,Remote/Difficult Terrain
P-000756,DEP-0002399,10,2025-10-01,2025-10-04,2025-10-26,22,Extended,4,5,True,Remote/Difficult Terrain
P-000756,DEP-0002400,11,2025-11-01,2025-11-02,2025-11-28,26,Extended,4,4,True,Remote/Difficult Terrain
P-000757,DEP-0002401,4,2025-04-01,2025-04-05,2025-04-27,22,High Tempo,3,4,True,Remote/Difficult Terrain
P-000757,DEP-0002402,5,2025-05-01,2025-05-02,2025-05-23,21,High Tempo,4,3,True,Remote/Difficult Terrain
P-000757,DEP-0002403,6,2025-06-01,2025-06-03,2025-06-27,24,High Tempo,4,4,True,Remote/Difficult Terrain
P-000757,DEP-0002404,7,2025-07-01,2025-07-05,2025-07-28,23,High Tempo,4,3,True,Semi-Urban Outpost
P-000757,DEP-0002405,8,2025-08-01,2025-08-03,2025-08-28,25,High Tempo,3,4,True,Remote/Difficult Terrain
P-000758,DEP-0002406,4,2025-04-01,2025-04-02,2025-04-26,24,High Tempo,4,4,True,Semi-Urban Outpost
P-000758,DEP-0002407,5,2025-05-01,2025-05-05,2025-05-23,18,High Tempo,3,3,False,Semi-Urban Outpost
P-000758,DEP-0002408,6,2025-06-01,2025-06-03,2025-06-28,25,High Tempo,3,4,True,Semi-Urban Outpost
P-000758,DEP-0002409,7,2025-07-01,2025-07-02,2025-07-28,26,High Tempo,3,3,False,Semi-Urban Outpost
P-000758,DEP-0002410,8,2025-08-01,2025-08-05,2025-08-28,23,High Tempo,4,4,True,Remote/Difficult Terrain
P-000759,DEP-0002411,2,2025-02-01,2025-02-03,2025-02-27,24,High Tempo,4,4,True,Remote/Difficult Terrain
P-000759,DEP-0002412,3,2025-03-01,2025-03-04,2025-03-24,20,High Tempo,4,4,True,Remote/Difficult Terrain
P-000759,DEP-0002413,4,2025-04-01,2025-04-05,2025-04-23,18,High Tempo,4,4,True,Remote/Difficult Terrain
P-000759,DEP-0002414,5,2025-05-01,2025-05-04,2025-05-26,22,High Tempo,4,4,True,Remote/Difficult Terrain
P-000760,DEP-0002415,4,2025-04-01,2025-04-03,2025-04-23,20,Extended,4,5,True,High Altitude/Extreme
P-000760,DEP-0002416,5,2025-05-01,2025-05-03,2025-05-25,22,High Tempo,4,5,True,Remote/Difficult Terrain
P-000760,DEP-0002417,6,2025-06-01,2025-06-02,2025-06-25,23,Extended,4,5,True,High Altitude/Extreme
P-000760,DEP-0002418,7,2025-07-01,2025-07-05,2025-07-25,20,Extended,4,4,True,Remote/Difficult Terrain
P-000760,DEP-0002419,8,2025-08-01,2025-08-02,2025-08-23,21,Extended,5,5,True,Remote/Difficult Terrain
P-000760,DEP-0002420,9,2025-09-01,2025-09-04,2025-09-23,19,Extended,5,4,True,Remote/Difficult Terrain
P-000760,DEP-0002421,10,2025-10-01,2025-10-05,2025-10-25,20,Extended,4,5,True,High Altitude/Extreme
P-000760,DEP-0002422,11,2025-11-01,2025-11-04,2025-11-25,21,Extended,5,4,True,Remote/Difficult Terrain
P-000761,DEP-0002423,4,2025-04-01,2025-04-02,2025-04-25,23,Routine,3,1,False,Urban Base
P-000761,DEP-0002424,5,2025-05-01,2025-05-04,2025-05-26,22,Routine,2,1,False,Semi-Urban Outpost
P-000764,DEP-0002425,3,2025-03-01,2025-03-05,2025-03-23,18,Extended,4,5,True,High Altitude/Extreme
P-000764,DEP-0002426,4,2025-04-01,2025-04-04,2025-04-24,20,Extended,4,4,True,High Altitude/Extreme
P-000764,DEP-0002427,5,2025-05-01,2025-05-02,2025-05-26,24,Extended,3,5,True,High Altitude/Extreme
P-000764,DEP-0002428,6,2025-06-01,2025-06-02,2025-06-25,23,Extended,4,4,True,Remote/Difficult Terrain
P-000764,DEP-0002429,7,2025-07-01,2025-07-05,2025-07-25,20,Extended,4,5,True,Remote/Difficult Terrain
P-000764,DEP-0002430,8,2025-08-01,2025-08-03,2025-08-23,20,Extended,4,4,True,High Altitude/Extreme
P-000764,DEP-0002431,9,2025-09-01,2025-09-03,2025-09-27,24,Extended,3,5,True,High Altitude/Extreme
P-000765,DEP-0002432,5,2025-05-01,2025-05-02,2025-05-28,26,Routine,2,1,False,Semi-Urban Outpost
P-000766,DEP-0002433,4,2025-04-01,2025-04-04,2025-04-26,22,High Tempo,3,4,True,Remote/Difficult Terrain
P-000766,DEP-0002434,5,2025-05-01,2025-05-03,2025-05-26,23,High Tempo,3,4,True,Semi-Urban Outpost
P-000766,DEP-0002435,6,2025-06-01,2025-06-05,2025-06-26,21,High Tempo,3,3,False,Semi-Urban Outpost
P-000766,DEP-0002436,7,2025-07-01,2025-07-05,2025-07-24,19,High Tempo,3,3,False,Semi-Urban Outpost
P-000766,DEP-0002437,8,2025-08-01,2025-08-04,2025-08-27,23,High Tempo,3,4,True,Semi-Urban Outpost
P-000767,DEP-0002438,3,2025-03-01,2025-03-05,2025-03-24,19,Extended,3,4,True,Remote/Difficult Terrain
P-000767,DEP-0002439,4,2025-04-01,2025-04-05,2025-04-27,22,Extended,4,5,True,Remote/Difficult Terrain
P-000767,DEP-0002440,5,2025-05-01,2025-05-05,2025-05-24,19,Extended,3,5,True,High Altitude/Extreme
P-000767,DEP-0002441,6,2025-06-01,2025-06-03,2025-06-28,25,Extended,4,5,True,High Altitude/Extreme
P-000767,DEP-0002442,7,2025-07-01,2025-07-05,2025-07-26,21,Extended,4,5,True,Remote/Difficult Terrain
P-000767,DEP-0002443,8,2025-08-01,2025-08-02,2025-08-27,25,Extended,4,4,True,High Altitude/Extreme
P-000767,DEP-0002444,9,2025-09-01,2025-09-04,2025-09-27,23,Extended,4,5,True,High Altitude/Extreme
P-000768,DEP-0002445,2,2025-02-01,2025-02-05,2025-02-25,20,High Tempo,4,4,True,Remote/Difficult Terrain
P-000768,DEP-0002446,3,2025-03-01,2025-03-03,2025-03-27,24,High Tempo,4,4,True,Remote/Difficult Terrain
P-000768,DEP-0002447,4,2025-04-01,2025-04-04,2025-04-23,19,High Tempo,4,4,True,Remote/Difficult Terrain
P-000768,DEP-0002448,5,2025-05-01,2025-05-04,2025-05-23,19,High Tempo,4,4,True,Remote/Difficult Terrain
P-000769,DEP-0002449,4,2025-04-01,2025-04-02,2025-04-25,23,Routine,3,1,False,Semi-Urban Outpost
P-000770,DEP-0002450,4,2025-04-01,2025-04-03,2025-04-27,24,Extended,5,4,True,High Altitude/Extreme
P-000770,DEP-0002451,5,2025-05-01,2025-05-02,2025-05-27,25,Extended,4,4,True,Remote/Difficult Terrain
P-000770,DEP-0002452,6,2025-06-01,2025-06-03,2025-06-27,24,High Tempo,5,4,True,High Altitude/Extreme
P-000770,DEP-0002453,7,2025-07-01,2025-07-03,2025-07-27,24,High Tempo,4,4,True,Remote/Difficult Terrain
P-000770,DEP-0002454,8,2025-08-01,2025-08-04,2025-08-28,24,High Tempo,5,4,True,Remote/Difficult Terrain
P-000770,DEP-0002455,9,2025-09-01,2025-09-03,2025-09-26,23,High Tempo,4,4,True,Remote/Difficult Terrain
P-000770,DEP-0002456,10,2025-10-01,2025-10-03,2025-10-26,23,High Tempo,5,5,True,High Altitude/Extreme
P-000770,DEP-0002457,11,2025-11-01,2025-11-03,2025-11-25,22,Extended,5,4,True,Remote/Difficult Terrain
P-000772,DEP-0002458,4,2025-04-01,2025-04-02,2025-04-26,24,High Tempo,5,4,True,Remote/Difficult Terrain
P-000772,DEP-0002459,5,2025-05-01,2025-05-03,2025-05-23,20,Extended,5,4,True,Remote/Difficult Terrain
P-000772,DEP-0002460,6,2025-06-01,2025-06-05,2025-06-27,22,High Tempo,4,5,True,Remote/Difficult Terrain
P-000772,DEP-0002461,7,2025-07-01,2025-07-04,2025-07-27,23,High Tempo,5,5,True,Remote/Difficult Terrain
P-000772,DEP-0002462,8,2025-08-01,2025-08-05,2025-08-23,18,High Tempo,5,4,True,High Altitude/Extreme
P-000772,DEP-0002463,9,2025-09-01,2025-09-02,2025-09-26,24,Extended,4,5,True,Remote/Difficult Terrain
P-000772,DEP-0002464,10,2025-10-01,2025-10-04,2025-10-26,22,High Tempo,4,5,True,Remote/Difficult Terrain
P-000772,DEP-0002465,11,2025-11-01,2025-11-04,2025-11-25,21,Extended,4,4,True,High Altitude/Extreme
P-000773,DEP-0002466,5,2025-05-01,2025-05-03,2025-05-23,20,Routine,3,1,False,Semi-Urban Outpost
P-000774,DEP-0002467,4,2025-04-01,2025-04-05,2025-04-24,19,Routine,2,2,False,Urban Base
P-000775,DEP-0002468,4,2025-04-01,2025-04-02,2025-04-24,22,High Tempo,4,4,True,High Altitude/Extreme
P-000775,DEP-0002469,5,2025-05-01,2025-05-02,2025-05-24,22,High Tempo,5,5,True,High Altitude/Extreme
P-000775,DEP-0002470,6,2025-06-01,2025-06-02,2025-06-26,24,High Tempo,5,4,True,Remote/Difficult Terrain
P-000775,DEP-0002471,7,2025-07-01,2025-07-03,2025-07-24,21,High Tempo,5,5,True,High Altitude/Extreme
P-000775,DEP-0002472,8,2025-08-01,2025-08-03,2025-08-26,23,High Tempo,5,5,True,Remote/Difficult Terrain
P-000775,DEP-0002473,9,2025-09-01,2025-09-05,2025-09-24,19,High Tempo,4,5,True,Remote/Difficult Terrain
P-000775,DEP-0002474,10,2025-10-01,2025-10-03,2025-10-24,21,Extended,4,4,True,High Altitude/Extreme
P-000775,DEP-0002475,11,2025-11-01,2025-11-04,2025-11-26,22,High Tempo,5,4,True,High Altitude/Extreme
P-000777,DEP-0002476,4,2025-04-01,2025-04-03,2025-04-26,23,Routine,2,1,False,Urban Base
P-000777,DEP-0002477,5,2025-05-01,2025-05-03,2025-05-23,20,Routine,2,1,False,Urban Base
P-000778,DEP-0002478,3,2025-03-01,2025-03-04,2025-03-27,23,Extended,3,5,True,Remote/Difficult Terrain
P-000778,DEP-0002479,4,2025-04-01,2025-04-05,2025-04-28,23,Extended,3,4,True,Remote/Difficult Terrain
P-000778,DEP-0002480,5,2025-05-01,2025-05-04,2025-05-27,23,Extended,4,4,True,Remote/Difficult Terrain
P-000778,DEP-0002481,6,2025-06-01,2025-06-04,2025-06-26,22,Extended,3,4,True,Remote/Difficult Terrain
P-000778,DEP-0002482,7,2025-07-01,2025-07-02,2025-07-26,24,Extended,3,5,True,Remote/Difficult Terrain
P-000778,DEP-0002483,8,2025-08-01,2025-08-04,2025-08-24,20,Extended,3,5,True,Remote/Difficult Terrain
P-000778,DEP-0002484,9,2025-09-01,2025-09-04,2025-09-24,20,Extended,3,5,True,High Altitude/Extreme
P-000779,DEP-0002485,3,2025-03-01,2025-03-05,2025-03-26,21,Extended,4,5,True,High Altitude/Extreme
P-000779,DEP-0002486,4,2025-04-01,2025-04-05,2025-04-27,22,Extended,3,5,True,High Altitude/Extreme
P-000779,DEP-0002487,5,2025-05-01,2025-05-05,2025-05-26,21,Extended,3,5,True,Remote/Difficult Terrain
P-000779,DEP-0002488,6,2025-06-01,2025-06-02,2025-06-23,21,Extended,3,5,True,High Altitude/Extreme
P-000779,DEP-0002489,7,2025-07-01,2025-07-04,2025-07-23,19,Extended,4,4,True,Remote/Difficult Terrain
P-000779,DEP-0002490,8,2025-08-01,2025-08-04,2025-08-27,23,Extended,3,5,True,High Altitude/Extreme
P-000779,DEP-0002491,9,2025-09-01,2025-09-05,2025-09-25,20,Extended,3,5,True,Remote/Difficult Terrain
P-000780,DEP-0002492,4,2025-04-01,2025-04-04,2025-04-24,20,High Tempo,4,3,True,Semi-Urban Outpost
P-000780,DEP-0002493,5,2025-05-01,2025-05-05,2025-05-26,21,High Tempo,4,3,True,Remote/Difficult Terrain
P-000780,DEP-0002494,6,2025-06-01,2025-06-02,2025-06-27,25,High Tempo,3,4,True,Semi-Urban Outpost
P-000780,DEP-0002495,7,2025-07-01,2025-07-05,2025-07-27,22,High Tempo,4,3,True,Semi-Urban Outpost
P-000780,DEP-0002496,8,2025-08-01,2025-08-02,2025-08-23,21,High Tempo,4,4,True,Remote/Difficult Terrain
P-000781,DEP-0002497,3,2025-03-01,2025-03-05,2025-03-25,20,Extended,4,4,True,High Altitude/Extreme
P-000781,DEP-0002498,4,2025-04-01,2025-04-05,2025-04-24,19,Extended,4,5,True,Remote/Difficult Terrain
P-000781,DEP-0002499,5,2025-05-01,2025-05-04,2025-05-26,22,Extended,4,5,True,Remote/Difficult Terrain
P-000781,DEP-0002500,6,2025-06-01,2025-06-03,2025-06-27,24,Extended,3,4,True,High Altitude/Extreme
P-000781,DEP-0002501,7,2025-07-01,2025-07-02,2025-07-27,25,Extended,3,5,True,High Altitude/Extreme
P-000781,DEP-0002502,8,2025-08-01,2025-08-03,2025-08-27,24,Extended,3,5,True,High Altitude/Extreme
P-000781,DEP-0002503,9,2025-09-01,2025-09-05,2025-09-25,20,Extended,3,4,True,Remote/Difficult Terrain
P-000782,DEP-0002504,4,2025-04-01,2025-04-02,2025-04-27,25,High Tempo,4,3,True,Semi-Urban Outpost
P-000782,DEP-0002505,5,2025-05-01,2025-05-04,2025-05-28,24,High Tempo,3,4,True,Remote/Difficult Terrain
P-000782,DEP-0002506,6,2025-06-01,2025-06-05,2025-06-25,20,High Tempo,3,4,True,Remote/Difficult Terrain
P-000782,DEP-0002507,7,2025-07-01,2025-07-05,2025-07-27,22,High Tempo,4,3,True,Remote/Difficult Terrain
P-000782,DEP-0002508,8,2025-08-01,2025-08-04,2025-08-27,23,High Tempo,3,4,True,Semi-Urban Outpost
P-000783,DEP-0002509,4,2025-04-01,2025-04-03,2025-04-28,25,Routine,2,1,False,Semi-Urban Outpost
P-000784,DEP-0002510,4,2025-04-01,2025-04-02,2025-04-25,23,Routine,2,1,False,Semi-Urban Outpost
P-000784,DEP-0002511,5,2025-05-01,2025-05-04,2025-05-25,21,Routine,2,1,False,Semi-Urban Outpost
P-000786,DEP-0002512,2,2025-02-01,2025-02-05,2025-02-25,20,High Tempo,4,4,True,Remote/Difficult Terrain
P-000786,DEP-0002513,3,2025-03-01,2025-03-04,2025-03-23,19,High Tempo,4,4,True,Remote/Difficult Terrain
P-000786,DEP-0002514,4,2025-04-01,2025-04-04,2025-04-28,24,High Tempo,4,4,True,Remote/Difficult Terrain
P-000786,DEP-0002515,5,2025-05-01,2025-05-04,2025-05-24,20,High Tempo,4,4,True,Remote/Difficult Terrain
P-000787,DEP-0002516,4,2025-04-01,2025-04-04,2025-04-23,19,High Tempo,3,4,True,Semi-Urban Outpost
P-000787,DEP-0002517,5,2025-05-01,2025-05-03,2025-05-26,23,High Tempo,4,3,True,Remote/Difficult Terrain
P-000787,DEP-0002518,6,2025-06-01,2025-06-02,2025-06-25,23,High Tempo,4,4,True,Semi-Urban Outpost
P-000787,DEP-0002519,7,2025-07-01,2025-07-02,2025-07-24,22,High Tempo,4,4,True,Semi-Urban Outpost
P-000787,DEP-0002520,8,2025-08-01,2025-08-03,2025-08-23,20,High Tempo,4,3,True,Remote/Difficult Terrain
P-000790,DEP-0002521,2,2025-02-01,2025-02-04,2025-02-28,24,High Tempo,4,4,True,Remote/Difficult Terrain
P-000790,DEP-0002522,3,2025-03-01,2025-03-04,2025-03-27,23,High Tempo,4,4,True,Remote/Difficult Terrain
P-000790,DEP-0002523,4,2025-04-01,2025-04-04,2025-04-27,23,High Tempo,4,4,True,Remote/Difficult Terrain
P-000790,DEP-0002524,5,2025-05-01,2025-05-04,2025-05-26,22,High Tempo,4,4,True,Remote/Difficult Terrain
P-000791,DEP-0002525,4,2025-04-01,2025-04-03,2025-04-25,22,Routine,3,1,False,Urban Base
P-000791,DEP-0002526,5,2025-05-01,2025-05-03,2025-05-27,24,Routine,3,2,False,Semi-Urban Outpost
P-000792,DEP-0002527,4,2025-04-01,2025-04-02,2025-04-28,26,High Tempo,3,3,False,Remote/Difficult Terrain
P-000792,DEP-0002528,5,2025-05-01,2025-05-04,2025-05-24,20,High Tempo,4,4,True,Semi-Urban Outpost
P-000792,DEP-0002529,6,2025-06-01,2025-06-03,2025-06-23,20,High Tempo,4,4,True,Semi-Urban Outpost
P-000792,DEP-0002530,7,2025-07-01,2025-07-03,2025-07-25,22,High Tempo,4,3,True,Remote/Difficult Terrain
P-000792,DEP-0002531,8,2025-08-01,2025-08-03,2025-08-24,21,High Tempo,3,4,True,Semi-Urban Outpost
P-000793,DEP-0002532,4,2025-04-01,2025-04-04,2025-04-24,20,High Tempo,4,3,True,Semi-Urban Outpost
P-000793,DEP-0002533,5,2025-05-01,2025-05-02,2025-05-26,24,High Tempo,3,3,False,Remote/Difficult Terrain
P-000793,DEP-0002534,6,2025-06-01,2025-06-04,2025-06-24,20,High Tempo,4,3,True,Semi-Urban Outpost
P-000793,DEP-0002535,7,2025-07-01,2025-07-04,2025-07-23,19,High Tempo,4,3,True,Remote/Difficult Terrain
P-000793,DEP-0002536,8,2025-08-01,2025-08-03,2025-08-26,23,High Tempo,4,3,True,Semi-Urban Outpost
P-000794,DEP-0002537,4,2025-04-01,2025-04-05,2025-04-25,20,High Tempo,3,3,False,Remote/Difficult Terrain
P-000794,DEP-0002538,5,2025-05-01,2025-05-04,2025-05-28,24,High Tempo,4,4,True,Remote/Difficult Terrain
P-000794,DEP-0002539,6,2025-06-01,2025-06-05,2025-06-25,20,High Tempo,4,3,True,Remote/Difficult Terrain
P-000794,DEP-0002540,7,2025-07-01,2025-07-03,2025-07-26,23,High Tempo,4,4,True,Remote/Difficult Terrain
P-000794,DEP-0002541,8,2025-08-01,2025-08-02,2025-08-28,26,High Tempo,3,4,True,Semi-Urban Outpost
P-000796,DEP-0002542,2,2025-02-01,2025-02-02,2025-02-25,23,High Tempo,4,4,True,Remote/Difficult Terrain
P-000796,DEP-0002543,3,2025-03-01,2025-03-03,2025-03-23,20,High Tempo,4,4,True,Remote/Difficult Terrain
P-000796,DEP-0002544,4,2025-04-01,2025-04-04,2025-04-25,21,High Tempo,4,4,True,Remote/Difficult Terrain
P-000796,DEP-0002545,5,2025-05-01,2025-05-05,2025-05-26,21,High Tempo,4,4,True,Remote/Difficult Terrain
P-000797,DEP-0002546,2,2025-02-01,2025-02-04,2025-02-25,21,High Tempo,4,4,True,Remote/Difficult Terrain
P-000797,DEP-0002547,3,2025-03-01,2025-03-02,2025-03-24,22,High Tempo,4,4,True,Remote/Difficult Terrain
P-000797,DEP-0002548,4,2025-04-01,2025-04-02,2025-04-28,26,High Tempo,4,4,True,Remote/Difficult Terrain
P-000797,DEP-0002549,5,2025-05-01,2025-05-04,2025-05-28,24,High Tempo,4,4,True,Remote/Difficult Terrain
P-000798,DEP-0002550,4,2025-04-01,2025-04-02,2025-04-27,25,High Tempo,3,3,False,Semi-Urban Outpost
P-000798,DEP-0002551,5,2025-05-01,2025-05-05,2025-05-23,18,High Tempo,4,3,True,Semi-Urban Outpost
P-000798,DEP-0002552,6,2025-06-01,2025-06-03,2025-06-23,20,High Tempo,4,3,True,Remote/Difficult Terrain
P-000798,DEP-0002553,7,2025-07-01,2025-07-02,2025-07-23,21,High Tempo,4,4,True,Remote/Difficult Terrain
P-000798,DEP-0002554,8,2025-08-01,2025-08-04,2025-08-25,21,High Tempo,3,4,True,Semi-Urban Outpost
P-000799,DEP-0002555,3,2025-03-01,2025-03-04,2025-03-25,21,Extended,3,4,True,Remote/Difficult Terrain
P-000799,DEP-0002556,4,2025-04-01,2025-04-02,2025-04-26,24,Extended,3,5,True,Remote/Difficult Terrain
P-000799,DEP-0002557,5,2025-05-01,2025-05-04,2025-05-24,20,Extended,4,5,True,Remote/Difficult Terrain
P-000799,DEP-0002558,6,2025-06-01,2025-06-05,2025-06-25,20,Extended,4,4,True,High Altitude/Extreme
P-000799,DEP-0002559,7,2025-07-01,2025-07-05,2025-07-27,22,Extended,3,5,True,Remote/Difficult Terrain
P-000799,DEP-0002560,8,2025-08-01,2025-08-05,2025-08-24,19,Extended,4,5,True,Remote/Difficult Terrain
P-000799,DEP-0002561,9,2025-09-01,2025-09-03,2025-09-23,20,Extended,4,5,True,Remote/Difficult Terrain
P-000800,DEP-0002562,2,2025-02-01,2025-02-04,2025-02-24,20,High Tempo,4,4,True,Remote/Difficult Terrain
P-000800,DEP-0002563,3,2025-03-01,2025-03-02,2025-03-26,24,High Tempo,4,4,True,Remote/Difficult Terrain
P-000800,DEP-0002564,4,2025-04-01,2025-04-03,2025-04-28,25,High Tempo,4,4,True,Remote/Difficult Terrain
P-000800,DEP-0002565,5,2025-05-01,2025-05-04,2025-05-23,19,High Tempo,4,4,True,Remote/Difficult Terrain
P-000801,DEP-0002566,3,2025-03-01,2025-03-02,2025-03-26,24,Extended,3,4,True,High Altitude/Extreme
P-000801,DEP-0002567,4,2025-04-01,2025-04-03,2025-04-28,25,Extended,4,4,True,High Altitude/Extreme
P-000801,DEP-0002568,5,2025-05-01,2025-05-02,2025-05-28,26,Extended,4,5,True,High Altitude/Extreme
P-000801,DEP-0002569,6,2025-06-01,2025-06-05,2025-06-27,22,Extended,3,5,True,High Altitude/Extreme
P-000801,DEP-0002570,7,2025-07-01,2025-07-02,2025-07-23,21,Extended,3,4,True,High Altitude/Extreme
P-000801,DEP-0002571,8,2025-08-01,2025-08-04,2025-08-24,20,Extended,3,5,True,Remote/Difficult Terrain
P-000801,DEP-0002572,9,2025-09-01,2025-09-02,2025-09-27,25,Extended,3,5,True,High Altitude/Extreme
P-000803,DEP-0002573,4,2025-04-01,2025-04-02,2025-04-28,26,High Tempo,4,4,True,Semi-Urban Outpost
P-000803,DEP-0002574,5,2025-05-01,2025-05-03,2025-05-25,22,High Tempo,3,4,True,Remote/Difficult Terrain
P-000803,DEP-0002575,6,2025-06-01,2025-06-04,2025-06-24,20,High Tempo,4,3,True,Remote/Difficult Terrain
P-000803,DEP-0002576,7,2025-07-01,2025-07-03,2025-07-25,22,High Tempo,4,3,True,Semi-Urban Outpost
P-000803,DEP-0002577,8,2025-08-01,2025-08-02,2025-08-24,22,High Tempo,4,3,True,Remote/Difficult Terrain
P-000804,DEP-0002578,4,2025-04-01,2025-04-02,2025-04-23,21,High Tempo,3,4,True,Remote/Difficult Terrain
P-000804,DEP-0002579,5,2025-05-01,2025-05-02,2025-05-27,25,High Tempo,4,4,True,Remote/Difficult Terrain
P-000804,DEP-0002580,6,2025-06-01,2025-06-02,2025-06-24,22,High Tempo,4,4,True,Remote/Difficult Terrain
P-000804,DEP-0002581,7,2025-07-01,2025-07-03,2025-07-27,24,High Tempo,4,3,True,Remote/Difficult Terrain
P-000804,DEP-0002582,8,2025-08-01,2025-08-02,2025-08-23,21,High Tempo,4,4,True,Semi-Urban Outpost
P-000805,DEP-0002583,4,2025-04-01,2025-04-04,2025-04-28,24,Routine,2,2,False,Urban Base
P-000806,DEP-0002584,3,2025-03-01,2025-03-04,2025-03-23,19,Extended,3,5,True,Remote/Difficult Terrain
P-000806,DEP-0002585,4,2025-04-01,2025-04-04,2025-04-24,20,Extended,3,5,True,High Altitude/Extreme
P-000806,DEP-0002586,5,2025-05-01,2025-05-05,2025-05-23,18,Extended,3,5,True,Remote/Difficult Terrain
P-000806,DEP-0002587,6,2025-06-01,2025-06-04,2025-06-27,23,Extended,3,5,True,High Altitude/Extreme
P-000806,DEP-0002588,7,2025-07-01,2025-07-03,2025-07-25,22,Extended,3,5,True,Remote/Difficult Terrain
P-000806,DEP-0002589,8,2025-08-01,2025-08-05,2025-08-28,23,Extended,3,5,True,Remote/Difficult Terrain
P-000806,DEP-0002590,9,2025-09-01,2025-09-05,2025-09-28,23,Extended,3,4,True,Remote/Difficult Terrain
P-000807,DEP-0002591,2,2025-02-01,2025-02-04,2025-02-27,23,High Tempo,4,4,True,Remote/Difficult Terrain
P-000807,DEP-0002592,3,2025-03-01,2025-03-02,2025-03-28,26,High Tempo,4,4,True,Remote/Difficult Terrain
P-000807,DEP-0002593,4,2025-04-01,2025-04-02,2025-04-26,24,High Tempo,4,4,True,Remote/Difficult Terrain
P-000807,DEP-0002594,5,2025-05-01,2025-05-05,2025-05-27,22,High Tempo,4,4,True,Remote/Difficult Terrain
P-000808,DEP-0002595,2,2025-02-01,2025-02-05,2025-02-24,19,High Tempo,4,4,True,Remote/Difficult Terrain
P-000808,DEP-0002596,3,2025-03-01,2025-03-05,2025-03-27,22,High Tempo,4,4,True,Remote/Difficult Terrain
P-000808,DEP-0002597,4,2025-04-01,2025-04-02,2025-04-23,21,High Tempo,4,4,True,Remote/Difficult Terrain
P-000808,DEP-0002598,5,2025-05-01,2025-05-04,2025-05-24,20,High Tempo,4,4,True,Remote/Difficult Terrain
P-000809,DEP-0002599,5,2025-05-01,2025-05-04,2025-05-28,24,Routine,3,1,False,Semi-Urban Outpost
P-000810,DEP-0002600,4,2025-04-01,2025-04-04,2025-04-23,19,Routine,3,2,False,Urban Base
P-000811,DEP-0002601,6,2025-06-01,2025-06-05,2025-06-27,22,High Tempo,4,3,True,Semi-Urban Outpost
P-000811,DEP-0002602,7,2025-07-01,2025-07-02,2025-07-28,26,High Tempo,4,3,True,Semi-Urban Outpost
P-000812,DEP-0002603,4,2025-04-01,2025-04-05,2025-04-28,23,Extended,5,4,True,Remote/Difficult Terrain
P-000812,DEP-0002604,5,2025-05-01,2025-05-02,2025-05-26,24,Extended,4,4,True,High Altitude/Extreme
P-000812,DEP-0002605,6,2025-06-01,2025-06-02,2025-06-27,25,Extended,4,5,True,High Altitude/Extreme
P-000812,DEP-0002606,7,2025-07-01,2025-07-02,2025-07-27,25,High Tempo,4,5,True,Remote/Difficult Terrain
P-000812,DEP-0002607,8,2025-08-01,2025-08-02,2025-08-24,22,Extended,5,5,True,Remote/Difficult Terrain
P-000812,DEP-0002608,9,2025-09-01,2025-09-03,2025-09-27,24,Extended,4,4,True,High Altitude/Extreme
P-000812,DEP-0002609,10,2025-10-01,2025-10-05,2025-10-25,20,Extended,5,4,True,High Altitude/Extreme
P-000812,DEP-0002610,11,2025-11-01,2025-11-02,2025-11-28,26,Extended,5,4,True,High Altitude/Extreme
P-000814,DEP-0002611,2,2025-02-01,2025-02-03,2025-02-24,21,High Tempo,4,4,True,Remote/Difficult Terrain
P-000814,DEP-0002612,3,2025-03-01,2025-03-05,2025-03-24,19,High Tempo,4,4,True,Remote/Difficult Terrain
P-000814,DEP-0002613,4,2025-04-01,2025-04-02,2025-04-27,25,High Tempo,4,4,True,Remote/Difficult Terrain
P-000814,DEP-0002614,5,2025-05-01,2025-05-04,2025-05-23,19,High Tempo,4,4,True,Remote/Difficult Terrain
P-000815,DEP-0002615,4,2025-04-01,2025-04-05,2025-04-24,19,High Tempo,4,5,True,Remote/Difficult Terrain
P-000815,DEP-0002616,5,2025-05-01,2025-05-04,2025-05-27,23,Extended,4,4,True,Remote/Difficult Terrain
P-000815,DEP-0002617,6,2025-06-01,2025-06-03,2025-06-26,23,High Tempo,5,4,True,High Altitude/Extreme
P-000815,DEP-0002618,7,2025-07-01,2025-07-03,2025-07-25,22,Extended,4,4,True,Remote/Difficult Terrain
P-000815,DEP-0002619,8,2025-08-01,2025-08-03,2025-08-25,22,Extended,4,5,True,Remote/Difficult Terrain
P-000815,DEP-0002620,9,2025-09-01,2025-09-05,2025-09-23,18,High Tempo,5,5,True,Remote/Difficult Terrain
P-000815,DEP-0002621,10,2025-10-01,2025-10-05,2025-10-28,23,Extended,4,4,True,Remote/Difficult Terrain
P-000815,DEP-0002622,11,2025-11-01,2025-11-03,2025-11-25,22,Extended,4,4,True,Remote/Difficult Terrain
P-000816,DEP-0002623,4,2025-04-01,2025-04-03,2025-04-28,25,High Tempo,3,3,False,Semi-Urban Outpost
P-000816,DEP-0002624,5,2025-05-01,2025-05-02,2025-05-26,24,High Tempo,3,3,False,Semi-Urban Outpost
P-000816,DEP-0002625,6,2025-06-01,2025-06-03,2025-06-24,21,High Tempo,3,4,True,Semi-Urban Outpost
P-000816,DEP-0002626,7,2025-07-01,2025-07-04,2025-07-24,20,High Tempo,4,3,True,Semi-Urban Outpost
P-000816,DEP-0002627,8,2025-08-01,2025-08-02,2025-08-28,26,High Tempo,4,4,True,Remote/Difficult Terrain
P-000817,DEP-0002628,4,2025-04-01,2025-04-02,2025-04-27,25,High Tempo,4,4,True,Semi-Urban Outpost
P-000817,DEP-0002629,5,2025-05-01,2025-05-05,2025-05-23,18,High Tempo,4,4,True,Remote/Difficult Terrain
P-000817,DEP-0002630,6,2025-06-01,2025-06-05,2025-06-26,21,High Tempo,3,4,True,Remote/Difficult Terrain
P-000817,DEP-0002631,7,2025-07-01,2025-07-03,2025-07-24,21,High Tempo,4,4,True,Semi-Urban Outpost
P-000817,DEP-0002632,8,2025-08-01,2025-08-05,2025-08-28,23,High Tempo,3,3,False,Remote/Difficult Terrain
P-000818,DEP-0002633,5,2025-05-01,2025-05-03,2025-05-27,24,Routine,2,2,False,Semi-Urban Outpost
P-000819,DEP-0002634,4,2025-04-01,2025-04-04,2025-04-23,19,Routine,3,1,False,Semi-Urban Outpost
P-000819,DEP-0002635,5,2025-05-01,2025-05-03,2025-05-26,23,Routine,3,1,False,Urban Base
P-000820,DEP-0002636,4,2025-04-01,2025-04-03,2025-04-26,23,Routine,2,2,False,Semi-Urban Outpost
P-000821,DEP-0002637,4,2025-04-01,2025-04-05,2025-04-28,23,High Tempo,5,4,True,Remote/Difficult Terrain
P-000821,DEP-0002638,5,2025-05-01,2025-05-03,2025-05-28,25,High Tempo,5,5,True,Remote/Difficult Terrain
P-000821,DEP-0002639,6,2025-06-01,2025-06-03,2025-06-26,23,Extended,5,4,True,High Altitude/Extreme
P-000821,DEP-0002640,7,2025-07-01,2025-07-05,2025-07-28,23,High Tempo,4,5,True,Remote/Difficult Terrain
P-000821,DEP-0002641,8,2025-08-01,2025-08-04,2025-08-28,24,High Tempo,4,4,True,High Altitude/Extreme
P-000821,DEP-0002642,9,2025-09-01,2025-09-03,2025-09-23,20,High Tempo,5,5,True,High Altitude/Extreme
P-000821,DEP-0002643,10,2025-10-01,2025-10-03,2025-10-23,20,Extended,4,5,True,Remote/Difficult Terrain
P-000821,DEP-0002644,11,2025-11-01,2025-11-03,2025-11-24,21,Extended,5,5,True,High Altitude/Extreme
P-000823,DEP-0002645,4,2025-04-01,2025-04-02,2025-04-28,26,Routine,3,1,False,Semi-Urban Outpost
P-000824,DEP-0002646,4,2025-04-01,2025-04-04,2025-04-26,22,Routine,3,2,False,Urban Base
P-000824,DEP-0002647,5,2025-05-01,2025-05-05,2025-05-27,22,Routine,2,1,False,Semi-Urban Outpost
P-000825,DEP-0002648,4,2025-04-01,2025-04-04,2025-04-26,22,High Tempo,4,4,True,Remote/Difficult Terrain
P-000825,DEP-0002649,5,2025-05-01,2025-05-02,2025-05-23,21,High Tempo,3,4,True,Semi-Urban Outpost
P-000825,DEP-0002650,6,2025-06-01,2025-06-04,2025-06-24,20,High Tempo,4,3,True,Remote/Difficult Terrain
P-000825,DEP-0002651,7,2025-07-01,2025-07-03,2025-07-25,22,High Tempo,4,4,True,Semi-Urban Outpost
P-000825,DEP-0002652,8,2025-08-01,2025-08-02,2025-08-28,26,High Tempo,4,4,True,Remote/Difficult Terrain
P-000826,DEP-0002653,2,2025-02-01,2025-02-02,2025-02-23,21,High Tempo,4,4,True,Remote/Difficult Terrain
P-000826,DEP-0002654,3,2025-03-01,2025-03-04,2025-03-25,21,High Tempo,4,4,True,Remote/Difficult Terrain
P-000826,DEP-0002655,4,2025-04-01,2025-04-03,2025-04-26,23,High Tempo,4,4,True,Remote/Difficult Terrain
P-000826,DEP-0002656,5,2025-05-01,2025-05-02,2025-05-25,23,High Tempo,4,4,True,Remote/Difficult Terrain
P-000828,DEP-0002657,5,2025-05-01,2025-05-04,2025-05-23,19,Routine,2,2,False,Semi-Urban Outpost
P-000829,DEP-0002658,3,2025-03-01,2025-03-02,2025-03-24,22,Extended,4,5,True,Remote/Difficult Terrain
P-000829,DEP-0002659,4,2025-04-01,2025-04-05,2025-04-25,20,Extended,3,5,True,Remote/Difficult Terrain
P-000829,DEP-0002660,5,2025-05-01,2025-05-03,2025-05-26,23,Extended,3,5,True,Remote/Difficult Terrain
P-000829,DEP-0002661,6,2025-06-01,2025-06-03,2025-06-28,25,Extended,3,4,True,Remote/Difficult Terrain
P-000829,DEP-0002662,7,2025-07-01,2025-07-03,2025-07-23,20,Extended,3,5,True,High Altitude/Extreme
P-000829,DEP-0002663,8,2025-08-01,2025-08-02,2025-08-23,21,Extended,4,4,True,Remote/Difficult Terrain
P-000829,DEP-0002664,9,2025-09-01,2025-09-03,2025-09-25,22,Extended,4,5,True,Remote/Difficult Terrain
P-000830,DEP-0002665,4,2025-04-01,2025-04-04,2025-04-25,21,Routine,2,2,False,Semi-Urban Outpost
P-000830,DEP-0002666,5,2025-05-01,2025-05-04,2025-05-26,22,Routine,2,2,False,Semi-Urban Outpost
P-000831,DEP-0002667,4,2025-04-01,2025-04-02,2025-04-26,24,Routine,3,2,False,Semi-Urban Outpost
P-000832,DEP-0002668,4,2025-04-01,2025-04-04,2025-04-24,20,Routine,3,1,False,Urban Base
P-000833,DEP-0002669,5,2025-05-01,2025-05-05,2025-05-28,23,Routine,2,2,False,Semi-Urban Outpost
P-000834,DEP-0002670,4,2025-04-01,2025-04-02,2025-04-27,25,Routine,3,1,False,Urban Base
P-000835,DEP-0002671,5,2025-05-01,2025-05-05,2025-05-25,20,Routine,3,2,False,Urban Base
P-000836,DEP-0002672,5,2025-05-01,2025-05-03,2025-05-24,21,Routine,3,2,False,Urban Base
P-000837,DEP-0002673,2,2025-02-01,2025-02-05,2025-02-23,18,High Tempo,4,4,True,Remote/Difficult Terrain
P-000837,DEP-0002674,3,2025-03-01,2025-03-03,2025-03-24,21,High Tempo,4,4,True,Remote/Difficult Terrain
P-000837,DEP-0002675,4,2025-04-01,2025-04-04,2025-04-27,23,High Tempo,4,4,True,Remote/Difficult Terrain
P-000837,DEP-0002676,5,2025-05-01,2025-05-02,2025-05-25,23,High Tempo,4,4,True,Remote/Difficult Terrain
P-000838,DEP-0002677,4,2025-04-01,2025-04-02,2025-04-28,26,Routine,2,2,False,Urban Base
P-000838,DEP-0002678,5,2025-05-01,2025-05-03,2025-05-28,25,Routine,3,1,False,Urban Base
P-000839,DEP-0002679,4,2025-04-01,2025-04-03,2025-04-28,25,High Tempo,3,3,False,Remote/Difficult Terrain
P-000839,DEP-0002680,5,2025-05-01,2025-05-05,2025-05-27,22,High Tempo,4,3,True,Semi-Urban Outpost
P-000839,DEP-0002681,6,2025-06-01,2025-06-03,2025-06-24,21,High Tempo,3,3,False,Semi-Urban Outpost
P-000839,DEP-0002682,7,2025-07-01,2025-07-05,2025-07-23,18,High Tempo,4,4,True,Semi-Urban Outpost
P-000839,DEP-0002683,8,2025-08-01,2025-08-04,2025-08-25,21,High Tempo,3,4,True,Semi-Urban Outpost
P-000840,DEP-0002684,4,2025-04-01,2025-04-02,2025-04-27,25,High Tempo,3,4,True,Remote/Difficult Terrain
P-000840,DEP-0002685,5,2025-05-01,2025-05-05,2025-05-27,22,High Tempo,4,3,True,Semi-Urban Outpost
P-000840,DEP-0002686,6,2025-06-01,2025-06-02,2025-06-23,21,High Tempo,3,4,True,Semi-Urban Outpost
P-000840,DEP-0002687,7,2025-07-01,2025-07-04,2025-07-25,21,High Tempo,4,4,True,Remote/Difficult Terrain
P-000840,DEP-0002688,8,2025-08-01,2025-08-02,2025-08-24,22,High Tempo,3,3,False,Semi-Urban Outpost
P-000841,DEP-0002689,4,2025-04-01,2025-04-05,2025-04-24,19,Routine,3,2,False,Semi-Urban Outpost
P-000841,DEP-0002690,5,2025-05-01,2025-05-05,2025-05-26,21,Routine,3,1,False,Urban Base
P-000842,DEP-0002691,3,2025-03-01,2025-03-03,2025-03-24,21,Extended,3,5,True,Remote/Difficult Terrain
P-000842,DEP-0002692,4,2025-04-01,2025-04-05,2025-04-28,23,Extended,4,4,True,High Altitude/Extreme
P-000842,DEP-0002693,5,2025-05-01,2025-05-03,2025-05-27,24,Extended,3,5,True,Remote/Difficult Terrain
P-000842,DEP-0002694,6,2025-06-01,2025-06-04,2025-06-24,20,Extended,3,5,True,High Altitude/Extreme
P-000842,DEP-0002695,7,2025-07-01,2025-07-04,2025-07-25,21,Extended,4,4,True,High Altitude/Extreme
P-000842,DEP-0002696,8,2025-08-01,2025-08-03,2025-08-28,25,Extended,3,4,True,Remote/Difficult Terrain
P-000842,DEP-0002697,9,2025-09-01,2025-09-02,2025-09-23,21,Extended,3,5,True,High Altitude/Extreme
P-000844,DEP-0002698,6,2025-06-01,2025-06-03,2025-06-25,22,High Tempo,4,3,True,Semi-Urban Outpost
P-000844,DEP-0002699,7,2025-07-01,2025-07-02,2025-07-24,22,High Tempo,4,3,True,Semi-Urban Outpost
P-000846,DEP-0002700,5,2025-05-01,2025-05-05,2025-05-24,19,Routine,3,1,False,Urban Base
P-000847,DEP-0002701,4,2025-04-01,2025-04-04,2025-04-25,21,Routine,3,1,False,Urban Base
P-000847,DEP-0002702,5,2025-05-01,2025-05-05,2025-05-24,19,Routine,3,1,False,Urban Base
P-000848,DEP-0002703,6,2025-06-01,2025-06-04,2025-06-24,20,High Tempo,4,3,True,Semi-Urban Outpost
P-000848,DEP-0002704,7,2025-07-01,2025-07-03,2025-07-28,25,High Tempo,4,3,True,Semi-Urban Outpost
P-000849,DEP-0002705,4,2025-04-01,2025-04-05,2025-04-24,19,High Tempo,3,4,True,Semi-Urban Outpost
P-000849,DEP-0002706,5,2025-05-01,2025-05-03,2025-05-27,24,High Tempo,4,3,True,Remote/Difficult Terrain
P-000849,DEP-0002707,6,2025-06-01,2025-06-03,2025-06-27,24,High Tempo,4,3,True,Semi-Urban Outpost
P-000849,DEP-0002708,7,2025-07-01,2025-07-04,2025-07-27,23,High Tempo,3,3,False,Semi-Urban Outpost
P-000849,DEP-0002709,8,2025-08-01,2025-08-03,2025-08-23,20,High Tempo,4,3,True,Remote/Difficult Terrain
P-000850,DEP-0002710,4,2025-04-01,2025-04-04,2025-04-25,21,High Tempo,4,3,True,Semi-Urban Outpost
P-000850,DEP-0002711,5,2025-05-01,2025-05-03,2025-05-25,22,High Tempo,4,4,True,Semi-Urban Outpost
P-000850,DEP-0002712,6,2025-06-01,2025-06-03,2025-06-24,21,High Tempo,3,4,True,Semi-Urban Outpost
P-000850,DEP-0002713,7,2025-07-01,2025-07-02,2025-07-27,25,High Tempo,3,3,False,Remote/Difficult Terrain
P-000850,DEP-0002714,8,2025-08-01,2025-08-05,2025-08-24,19,High Tempo,4,3,True,Semi-Urban Outpost
P-000852,DEP-0002715,3,2025-03-01,2025-03-04,2025-03-24,20,Extended,3,5,True,High Altitude/Extreme
P-000852,DEP-0002716,4,2025-04-01,2025-04-02,2025-04-25,23,Extended,3,4,True,Remote/Difficult Terrain
P-000852,DEP-0002717,5,2025-05-01,2025-05-05,2025-05-26,21,Extended,3,4,True,Remote/Difficult Terrain
P-000852,DEP-0002718,6,2025-06-01,2025-06-04,2025-06-27,23,Extended,4,5,True,High Altitude/Extreme
P-000852,DEP-0002719,7,2025-07-01,2025-07-02,2025-07-23,21,Extended,4,4,True,High Altitude/Extreme
P-000852,DEP-0002720,8,2025-08-01,2025-08-02,2025-08-23,21,Extended,3,4,True,High Altitude/Extreme
P-000852,DEP-0002721,9,2025-09-01,2025-09-05,2025-09-24,19,Extended,4,5,True,High Altitude/Extreme
P-000853,DEP-0002722,4,2025-04-01,2025-04-03,2025-04-26,23,Routine,2,1,False,Semi-Urban Outpost
P-000854,DEP-0002723,2,2025-02-01,2025-02-04,2025-02-27,23,High Tempo,4,4,True,Remote/Difficult Terrain
P-000854,DEP-0002724,3,2025-03-01,2025-03-03,2025-03-25,22,High Tempo,4,4,True,Remote/Difficult Terrain
P-000854,DEP-0002725,4,2025-04-01,2025-04-04,2025-04-24,20,High Tempo,4,4,True,Remote/Difficult Terrain
P-000854,DEP-0002726,5,2025-05-01,2025-05-04,2025-05-27,23,High Tempo,4,4,True,Remote/Difficult Terrain
P-000857,DEP-0002727,5,2025-05-01,2025-05-04,2025-05-25,21,Routine,3,1,False,Urban Base
P-000859,DEP-0002728,4,2025-04-01,2025-04-03,2025-04-23,20,High Tempo,3,3,False,Remote/Difficult Terrain
P-000859,DEP-0002729,5,2025-05-01,2025-05-05,2025-05-28,23,High Tempo,4,3,True,Semi-Urban Outpost
P-000859,DEP-0002730,6,2025-06-01,2025-06-05,2025-06-27,22,High Tempo,3,3,False,Semi-Urban Outpost
P-000859,DEP-0002731,7,2025-07-01,2025-07-03,2025-07-26,23,High Tempo,4,3,True,Semi-Urban Outpost
P-000859,DEP-0002732,8,2025-08-01,2025-08-02,2025-08-23,21,High Tempo,3,3,False,Remote/Difficult Terrain
P-000861,DEP-0002733,4,2025-04-01,2025-04-02,2025-04-25,23,High Tempo,4,5,True,Remote/Difficult Terrain
P-000861,DEP-0002734,5,2025-05-01,2025-05-03,2025-05-28,25,High Tempo,4,5,True,Remote/Difficult Terrain
P-000861,DEP-0002735,6,2025-06-01,2025-06-04,2025-06-23,19,Extended,4,4,True,High Altitude/Extreme
P-000861,DEP-0002736,7,2025-07-01,2025-07-02,2025-07-24,22,Extended,4,5,True,Remote/Difficult Terrain
P-000861,DEP-0002737,8,2025-08-01,2025-08-03,2025-08-25,22,High Tempo,4,4,True,High Altitude/Extreme
P-000861,DEP-0002738,9,2025-09-01,2025-09-04,2025-09-23,19,Extended,4,4,True,High Altitude/Extreme
P-000861,DEP-0002739,10,2025-10-01,2025-10-03,2025-10-24,21,Extended,4,5,True,Remote/Difficult Terrain
P-000861,DEP-0002740,11,2025-11-01,2025-11-02,2025-11-25,23,Extended,4,5,True,Remote/Difficult Terrain
P-000862,DEP-0002741,5,2025-05-01,2025-05-02,2025-05-24,22,Routine,3,1,False,Urban Base
P-000863,DEP-0002742,4,2025-04-01,2025-04-04,2025-04-27,23,High Tempo,4,4,True,Semi-Urban Outpost
P-000863,DEP-0002743,5,2025-05-01,2025-05-04,2025-05-24,20,High Tempo,4,4,True,Remote/Difficult Terrain
P-000863,DEP-0002744,6,2025-06-01,2025-06-04,2025-06-28,24,High Tempo,4,4,True,Semi-Urban Outpost
P-000863,DEP-0002745,7,2025-07-01,2025-07-05,2025-07-27,22,High Tempo,3,3,False,Remote/Difficult Terrain
P-000863,DEP-0002746,8,2025-08-01,2025-08-02,2025-08-24,22,High Tempo,3,3,False,Remote/Difficult Terrain
P-000864,DEP-0002747,5,2025-05-01,2025-05-05,2025-05-25,20,Routine,2,2,False,Semi-Urban Outpost
P-000865,DEP-0002748,4,2025-04-01,2025-04-05,2025-04-24,19,Routine,3,2,False,Semi-Urban Outpost
P-000865,DEP-0002749,5,2025-05-01,2025-05-02,2025-05-28,26,Routine,3,2,False,Semi-Urban Outpost
P-000866,DEP-0002750,4,2025-04-01,2025-04-03,2025-04-27,24,High Tempo,3,4,True,Remote/Difficult Terrain
P-000866,DEP-0002751,5,2025-05-01,2025-05-05,2025-05-27,22,High Tempo,4,4,True,Remote/Difficult Terrain
P-000866,DEP-0002752,6,2025-06-01,2025-06-02,2025-06-25,23,High Tempo,3,3,False,Remote/Difficult Terrain
P-000866,DEP-0002753,7,2025-07-01,2025-07-04,2025-07-24,20,High Tempo,3,4,True,Semi-Urban Outpost
P-000866,DEP-0002754,8,2025-08-01,2025-08-04,2025-08-26,22,High Tempo,3,3,False,Semi-Urban Outpost
P-000869,DEP-0002755,4,2025-04-01,2025-04-02,2025-04-26,24,High Tempo,4,5,True,Remote/Difficult Terrain
P-000869,DEP-0002756,5,2025-05-01,2025-05-03,2025-05-26,23,High Tempo,5,4,True,High Altitude/Extreme
P-000869,DEP-0002757,6,2025-06-01,2025-06-04,2025-06-24,20,High Tempo,5,5,True,High Altitude/Extreme
P-000869,DEP-0002758,7,2025-07-01,2025-07-04,2025-07-28,24,High Tempo,4,4,True,Remote/Difficult Terrain
P-000869,DEP-0002759,8,2025-08-01,2025-08-05,2025-08-26,21,High Tempo,5,5,True,High Altitude/Extreme
P-000869,DEP-0002760,9,2025-09-01,2025-09-04,2025-09-28,24,High Tempo,5,5,True,Remote/Difficult Terrain
P-000869,DEP-0002761,10,2025-10-01,2025-10-03,2025-10-26,23,High Tempo,5,4,True,High Altitude/Extreme
P-000869,DEP-0002762,11,2025-11-01,2025-11-04,2025-11-24,20,Extended,5,4,True,High Altitude/Extreme
P-000870,DEP-0002763,2,2025-02-01,2025-02-02,2025-02-28,26,High Tempo,4,4,True,Remote/Difficult Terrain
P-000870,DEP-0002764,3,2025-03-01,2025-03-03,2025-03-27,24,High Tempo,4,4,True,Remote/Difficult Terrain
P-000870,DEP-0002765,4,2025-04-01,2025-04-05,2025-04-28,23,High Tempo,4,4,True,Remote/Difficult Terrain
P-000870,DEP-0002766,5,2025-05-01,2025-05-03,2025-05-26,23,High Tempo,4,4,True,Remote/Difficult Terrain
P-000872,DEP-0002767,4,2025-04-01,2025-04-04,2025-04-26,22,Routine,2,1,False,Semi-Urban Outpost
P-000873,DEP-0002768,4,2025-04-01,2025-04-02,2025-04-25,23,High Tempo,4,4,True,Semi-Urban Outpost
P-000873,DEP-0002769,5,2025-05-01,2025-05-04,2025-05-23,19,High Tempo,4,3,True,Semi-Urban Outpost
P-000873,DEP-0002770,6,2025-06-01,2025-06-05,2025-06-23,18,High Tempo,3,4,True,Semi-Urban Outpost
P-000873,DEP-0002771,7,2025-07-01,2025-07-04,2025-07-25,21,High Tempo,3,4,True,Semi-Urban Outpost
P-000873,DEP-0002772,8,2025-08-01,2025-08-04,2025-08-25,21,High Tempo,4,4,True,Remote/Difficult Terrain
P-000874,DEP-0002773,5,2025-05-01,2025-05-02,2025-05-28,26,Routine,3,2,False,Semi-Urban Outpost
P-000875,DEP-0002774,4,2025-04-01,2025-04-05,2025-04-26,21,Routine,3,1,False,Urban Base
P-000876,DEP-0002775,5,2025-05-01,2025-05-02,2025-05-28,26,Routine,2,1,False,Semi-Urban Outpost
P-000877,DEP-0002776,3,2025-03-01,2025-03-03,2025-03-28,25,Extended,4,5,True,Remote/Difficult Terrain
P-000877,DEP-0002777,4,2025-04-01,2025-04-02,2025-04-24,22,Extended,4,4,True,High Altitude/Extreme
P-000877,DEP-0002778,5,2025-05-01,2025-05-03,2025-05-24,21,Extended,3,4,True,Remote/Difficult Terrain
P-000877,DEP-0002779,6,2025-06-01,2025-06-03,2025-06-28,25,Extended,3,5,True,Remote/Difficult Terrain
P-000877,DEP-0002780,7,2025-07-01,2025-07-03,2025-07-23,20,Extended,4,4,True,Remote/Difficult Terrain
P-000877,DEP-0002781,8,2025-08-01,2025-08-04,2025-08-26,22,Extended,4,5,True,Remote/Difficult Terrain
P-000877,DEP-0002782,9,2025-09-01,2025-09-02,2025-09-25,23,Extended,4,4,True,Remote/Difficult Terrain
P-000878,DEP-0002783,3,2025-03-01,2025-03-05,2025-03-27,22,Extended,4,5,True,Remote/Difficult Terrain
P-000878,DEP-0002784,4,2025-04-01,2025-04-03,2025-04-27,24,Extended,4,4,True,High Altitude/Extreme
P-000878,DEP-0002785,5,2025-05-01,2025-05-05,2025-05-28,23,Extended,4,5,True,Remote/Difficult Terrain
P-000878,DEP-0002786,6,2025-06-01,2025-06-05,2025-06-27,22,Extended,3,5,True,High Altitude/Extreme
P-000878,DEP-0002787,7,2025-07-01,2025-07-04,2025-07-28,24,Extended,3,4,True,Remote/Difficult Terrain
P-000878,DEP-0002788,8,2025-08-01,2025-08-05,2025-08-24,19,Extended,3,4,True,Remote/Difficult Terrain
P-000878,DEP-0002789,9,2025-09-01,2025-09-05,2025-09-26,21,Extended,4,5,True,Remote/Difficult Terrain
P-000880,DEP-0002790,4,2025-04-01,2025-04-03,2025-04-25,22,Routine,2,2,False,Urban Base
P-000880,DEP-0002791,5,2025-05-01,2025-05-05,2025-05-24,19,Routine,2,1,False,Semi-Urban Outpost
P-000881,DEP-0002792,5,2025-05-01,2025-05-05,2025-05-23,18,Routine,2,2,False,Urban Base
P-000882,DEP-0002793,3,2025-03-01,2025-03-04,2025-03-26,22,Extended,3,5,True,High Altitude/Extreme
P-000882,DEP-0002794,4,2025-04-01,2025-04-03,2025-04-27,24,Extended,4,5,True,High Altitude/Extreme
P-000882,DEP-0002795,5,2025-05-01,2025-05-02,2025-05-23,21,Extended,3,5,True,Remote/Difficult Terrain
P-000882,DEP-0002796,6,2025-06-01,2025-06-02,2025-06-28,26,Extended,3,5,True,High Altitude/Extreme
P-000882,DEP-0002797,7,2025-07-01,2025-07-03,2025-07-26,23,Extended,3,4,True,High Altitude/Extreme
P-000882,DEP-0002798,8,2025-08-01,2025-08-05,2025-08-23,18,Extended,3,5,True,High Altitude/Extreme
P-000882,DEP-0002799,9,2025-09-01,2025-09-05,2025-09-28,23,Extended,3,4,True,Remote/Difficult Terrain
P-000883,DEP-0002800,4,2025-04-01,2025-04-03,2025-04-28,25,Routine,3,1,False,Urban Base
P-000883,DEP-0002801,5,2025-05-01,2025-05-02,2025-05-23,21,Routine,2,2,False,Semi-Urban Outpost
P-000884,DEP-0002802,4,2025-04-01,2025-04-04,2025-04-26,22,Routine,3,2,False,Semi-Urban Outpost
P-000885,DEP-0002803,4,2025-04-01,2025-04-02,2025-04-24,22,Extended,4,4,True,Remote/Difficult Terrain
P-000885,DEP-0002804,5,2025-05-01,2025-05-02,2025-05-25,23,High Tempo,5,4,True,Remote/Difficult Terrain
P-000885,DEP-0002805,6,2025-06-01,2025-06-03,2025-06-24,21,Extended,4,5,True,Remote/Difficult Terrain
P-000885,DEP-0002806,7,2025-07-01,2025-07-03,2025-07-23,20,Extended,5,5,True,Remote/Difficult Terrain
P-000885,DEP-0002807,8,2025-08-01,2025-08-04,2025-08-28,24,Extended,4,5,True,High Altitude/Extreme
P-000885,DEP-0002808,9,2025-09-01,2025-09-05,2025-09-25,20,High Tempo,4,5,True,Remote/Difficult Terrain
P-000885,DEP-0002809,10,2025-10-01,2025-10-05,2025-10-27,22,Extended,5,4,True,Remote/Difficult Terrain
P-000885,DEP-0002810,11,2025-11-01,2025-11-03,2025-11-27,24,Extended,5,5,True,Remote/Difficult Terrain
P-000887,DEP-0002811,3,2025-03-01,2025-03-03,2025-03-27,24,Extended,3,4,True,High Altitude/Extreme
P-000887,DEP-0002812,4,2025-04-01,2025-04-04,2025-04-25,21,Extended,3,5,True,High Altitude/Extreme
P-000887,DEP-0002813,5,2025-05-01,2025-05-04,2025-05-25,21,Extended,4,4,True,Remote/Difficult Terrain
P-000887,DEP-0002814,6,2025-06-01,2025-06-05,2025-06-24,19,Extended,4,4,True,High Altitude/Extreme
P-000887,DEP-0002815,7,2025-07-01,2025-07-05,2025-07-28,23,Extended,4,4,True,High Altitude/Extreme
P-000887,DEP-0002816,8,2025-08-01,2025-08-04,2025-08-23,19,Extended,3,5,True,High Altitude/Extreme
P-000887,DEP-0002817,9,2025-09-01,2025-09-03,2025-09-28,25,Extended,3,5,True,Remote/Difficult Terrain
P-000888,DEP-0002818,4,2025-04-01,2025-04-03,2025-04-24,21,Routine,2,2,False,Urban Base
P-000891,DEP-0002819,3,2025-03-01,2025-03-05,2025-03-23,18,Extended,4,4,True,Remote/Difficult Terrain
P-000891,DEP-0002820,4,2025-04-01,2025-04-05,2025-04-26,21,Extended,3,5,True,High Altitude/Extreme
P-000891,DEP-0002821,5,2025-05-01,2025-05-05,2025-05-23,18,Extended,3,4,True,High Altitude/Extreme
P-000891,DEP-0002822,6,2025-06-01,2025-06-04,2025-06-25,21,Extended,3,5,True,High Altitude/Extreme
P-000891,DEP-0002823,7,2025-07-01,2025-07-03,2025-07-24,21,Extended,3,5,True,Remote/Difficult Terrain
P-000891,DEP-0002824,8,2025-08-01,2025-08-05,2025-08-25,20,Extended,4,4,True,High Altitude/Extreme
P-000891,DEP-0002825,9,2025-09-01,2025-09-02,2025-09-24,22,Extended,3,5,True,Remote/Difficult Terrain
P-000892,DEP-0002826,4,2025-04-01,2025-04-04,2025-04-27,23,High Tempo,4,5,True,Remote/Difficult Terrain
P-000892,DEP-0002827,5,2025-05-01,2025-05-03,2025-05-28,25,Extended,5,5,True,Remote/Difficult Terrain
P-000892,DEP-0002828,6,2025-06-01,2025-06-04,2025-06-23,19,High Tempo,5,5,True,Remote/Difficult Terrain
P-000892,DEP-0002829,7,2025-07-01,2025-07-02,2025-07-27,25,Extended,4,5,True,Remote/Difficult Terrain
P-000892,DEP-0002830,8,2025-08-01,2025-08-04,2025-08-24,20,Extended,4,5,True,High Altitude/Extreme
P-000892,DEP-0002831,9,2025-09-01,2025-09-04,2025-09-24,20,High Tempo,4,5,True,High Altitude/Extreme
P-000892,DEP-0002832,10,2025-10-01,2025-10-03,2025-10-27,24,Extended,4,4,True,Remote/Difficult Terrain
P-000892,DEP-0002833,11,2025-11-01,2025-11-05,2025-11-28,23,High Tempo,4,4,True,Remote/Difficult Terrain
P-000893,DEP-0002834,4,2025-04-01,2025-04-03,2025-04-28,25,Extended,5,4,True,High Altitude/Extreme
P-000893,DEP-0002835,5,2025-05-01,2025-05-04,2025-05-23,19,High Tempo,5,4,True,High Altitude/Extreme
P-000893,DEP-0002836,6,2025-06-01,2025-06-05,2025-06-25,20,High Tempo,4,5,True,Remote/Difficult Terrain
P-000893,DEP-0002837,7,2025-07-01,2025-07-02,2025-07-28,26,High Tempo,4,5,True,High Altitude/Extreme
P-000893,DEP-0002838,8,2025-08-01,2025-08-03,2025-08-27,24,High Tempo,5,5,True,Remote/Difficult Terrain
P-000893,DEP-0002839,9,2025-09-01,2025-09-04,2025-09-25,21,Extended,5,5,True,Remote/Difficult Terrain
P-000893,DEP-0002840,10,2025-10-01,2025-10-02,2025-10-27,25,High Tempo,5,4,True,Remote/Difficult Terrain
P-000893,DEP-0002841,11,2025-11-01,2025-11-04,2025-11-27,23,Extended,5,5,True,High Altitude/Extreme
P-000894,DEP-0002842,5,2025-05-01,2025-05-04,2025-05-27,23,Routine,3,1,False,Semi-Urban Outpost
P-000895,DEP-0002843,3,2025-03-01,2025-03-04,2025-03-25,21,Extended,3,5,True,High Altitude/Extreme
P-000895,DEP-0002844,4,2025-04-01,2025-04-03,2025-04-27,24,Extended,3,4,True,High Altitude/Extreme
P-000895,DEP-0002845,5,2025-05-01,2025-05-05,2025-05-28,23,Extended,4,5,True,High Altitude/Extreme
P-000895,DEP-0002846,6,2025-06-01,2025-06-05,2025-06-24,19,Extended,4,4,True,High Altitude/Extreme
P-000895,DEP-0002847,7,2025-07-01,2025-07-05,2025-07-25,20,Extended,4,4,True,Remote/Difficult Terrain
P-000895,DEP-0002848,8,2025-08-01,2025-08-03,2025-08-27,24,Extended,3,5,True,Remote/Difficult Terrain
P-000895,DEP-0002849,9,2025-09-01,2025-09-05,2025-09-24,19,Extended,4,5,True,High Altitude/Extreme
P-000896,DEP-0002850,5,2025-05-01,2025-05-05,2025-05-26,21,Routine,2,2,False,Semi-Urban Outpost
P-000898,DEP-0002851,2,2025-02-01,2025-02-05,2025-02-26,21,High Tempo,4,4,True,Remote/Difficult Terrain
P-000898,DEP-0002852,3,2025-03-01,2025-03-03,2025-03-25,22,High Tempo,4,4,True,Remote/Difficult Terrain
P-000898,DEP-0002853,4,2025-04-01,2025-04-04,2025-04-25,21,High Tempo,4,4,True,Remote/Difficult Terrain
P-000898,DEP-0002854,5,2025-05-01,2025-05-02,2025-05-24,22,High Tempo,4,4,True,Remote/Difficult Terrain
P-000899,DEP-0002855,5,2025-05-01,2025-05-05,2025-05-26,21,Routine,3,2,False,Semi-Urban Outpost
P-000903,DEP-0002856,5,2025-05-01,2025-05-02,2025-05-27,25,Routine,2,2,False,Semi-Urban Outpost
P-000904,DEP-0002857,4,2025-04-01,2025-04-05,2025-04-25,20,High Tempo,3,4,True,Remote/Difficult Terrain
P-000904,DEP-0002858,5,2025-05-01,2025-05-02,2025-05-25,23,High Tempo,4,3,True,Remote/Difficult Terrain
P-000904,DEP-0002859,6,2025-06-01,2025-06-04,2025-06-27,23,High Tempo,4,3,True,Remote/Difficult Terrain
P-000904,DEP-0002860,7,2025-07-01,2025-07-05,2025-07-28,23,High Tempo,3,4,True,Remote/Difficult Terrain
P-000904,DEP-0002861,8,2025-08-01,2025-08-03,2025-08-24,21,High Tempo,3,3,False,Remote/Difficult Terrain
P-000906,DEP-0002862,2,2025-02-01,2025-02-03,2025-02-23,20,High Tempo,4,4,True,Remote/Difficult Terrain
P-000906,DEP-0002863,3,2025-03-01,2025-03-04,2025-03-23,19,High Tempo,4,4,True,Remote/Difficult Terrain
P-000906,DEP-0002864,4,2025-04-01,2025-04-05,2025-04-24,19,High Tempo,4,4,True,Remote/Difficult Terrain
P-000906,DEP-0002865,5,2025-05-01,2025-05-03,2025-05-24,21,High Tempo,4,4,True,Remote/Difficult Terrain
P-000907,DEP-0002866,4,2025-04-01,2025-04-04,2025-04-25,21,High Tempo,5,5,True,Remote/Difficult Terrain
P-000907,DEP-0002867,5,2025-05-01,2025-05-05,2025-05-23,18,Extended,4,4,True,Remote/Difficult Terrain
P-000907,DEP-0002868,6,2025-06-01,2025-06-04,2025-06-26,22,High Tempo,4,5,True,Remote/Difficult Terrain
P-000907,DEP-0002869,7,2025-07-01,2025-07-05,2025-07-28,23,Extended,4,4,True,High Altitude/Extreme
P-000907,DEP-0002870,8,2025-08-01,2025-08-04,2025-08-28,24,High Tempo,5,5,True,Remote/Difficult Terrain
P-000907,DEP-0002871,9,2025-09-01,2025-09-02,2025-09-28,26,Extended,4,4,True,High Altitude/Extreme
P-000907,DEP-0002872,10,2025-10-01,2025-10-04,2025-10-24,20,Extended,4,4,True,Remote/Difficult Terrain
P-000907,DEP-0002873,11,2025-11-01,2025-11-05,2025-11-25,20,Extended,5,5,True,Remote/Difficult Terrain
P-000908,DEP-0002874,5,2025-05-01,2025-05-05,2025-05-28,23,Routine,2,1,False,Urban Base
P-000911,DEP-0002875,4,2025-04-01,2025-04-03,2025-04-26,23,High Tempo,3,3,False,Semi-Urban Outpost
P-000911,DEP-0002876,5,2025-05-01,2025-05-02,2025-05-28,26,High Tempo,4,4,True,Semi-Urban Outpost
P-000911,DEP-0002877,6,2025-06-01,2025-06-02,2025-06-27,25,High Tempo,3,3,False,Remote/Difficult Terrain
P-000911,DEP-0002878,7,2025-07-01,2025-07-03,2025-07-28,25,High Tempo,3,3,False,Remote/Difficult Terrain
P-000911,DEP-0002879,8,2025-08-01,2025-08-02,2025-08-25,23,High Tempo,3,3,False,Remote/Difficult Terrain
P-000912,DEP-0002880,5,2025-05-01,2025-05-04,2025-05-28,24,Routine,2,1,False,Urban Base
P-000913,DEP-0002881,4,2025-04-01,2025-04-03,2025-04-25,22,High Tempo,4,3,True,Remote/Difficult Terrain
P-000913,DEP-0002882,5,2025-05-01,2025-05-04,2025-05-23,19,High Tempo,4,4,True,Remote/Difficult Terrain
P-000913,DEP-0002883,6,2025-06-01,2025-06-02,2025-06-28,26,High Tempo,4,3,True,Semi-Urban Outpost
P-000913,DEP-0002884,7,2025-07-01,2025-07-04,2025-07-27,23,High Tempo,3,4,True,Remote/Difficult Terrain
P-000913,DEP-0002885,8,2025-08-01,2025-08-05,2025-08-26,21,High Tempo,3,4,True,Remote/Difficult Terrain
P-000914,DEP-0002886,5,2025-05-01,2025-05-03,2025-05-25,22,Routine,2,2,False,Urban Base
P-000915,DEP-0002887,4,2025-04-01,2025-04-04,2025-04-25,21,High Tempo,4,4,True,Semi-Urban Outpost
P-000915,DEP-0002888,5,2025-05-01,2025-05-04,2025-05-27,23,High Tempo,3,3,False,Semi-Urban Outpost
P-000915,DEP-0002889,6,2025-06-01,2025-06-05,2025-06-27,22,High Tempo,4,4,True,Semi-Urban Outpost
P-000915,DEP-0002890,7,2025-07-01,2025-07-02,2025-07-28,26,High Tempo,3,3,False,Semi-Urban Outpost
P-000915,DEP-0002891,8,2025-08-01,2025-08-05,2025-08-25,20,High Tempo,4,4,True,Semi-Urban Outpost
P-000916,DEP-0002892,5,2025-05-01,2025-05-02,2025-05-23,21,Routine,2,1,False,Semi-Urban Outpost
P-000917,DEP-0002893,5,2025-05-01,2025-05-05,2025-05-27,22,Routine,2,1,False,Urban Base
P-000918,DEP-0002894,2,2025-02-01,2025-02-05,2025-02-28,23,High Tempo,4,4,True,Remote/Difficult Terrain
P-000918,DEP-0002895,3,2025-03-01,2025-03-02,2025-03-25,23,High Tempo,4,4,True,Remote/Difficult Terrain
P-000918,DEP-0002896,4,2025-04-01,2025-04-05,2025-04-27,22,High Tempo,4,4,True,Remote/Difficult Terrain
P-000918,DEP-0002897,5,2025-05-01,2025-05-04,2025-05-28,24,High Tempo,4,4,True,Remote/Difficult Terrain
P-000919,DEP-0002898,3,2025-03-01,2025-03-04,2025-03-26,22,Extended,3,5,True,Remote/Difficult Terrain
P-000919,DEP-0002899,4,2025-04-01,2025-04-05,2025-04-28,23,Extended,3,4,True,High Altitude/Extreme
P-000919,DEP-0002900,5,2025-05-01,2025-05-03,2025-05-23,20,Extended,3,5,True,High Altitude/Extreme
P-000919,DEP-0002901,6,2025-06-01,2025-06-03,2025-06-26,23,Extended,3,5,True,Remote/Difficult Terrain
P-000919,DEP-0002902,7,2025-07-01,2025-07-02,2025-07-25,23,Extended,3,4,True,Remote/Difficult Terrain
P-000919,DEP-0002903,8,2025-08-01,2025-08-05,2025-08-25,20,Extended,4,4,True,Remote/Difficult Terrain
P-000919,DEP-0002904,9,2025-09-01,2025-09-05,2025-09-27,22,Extended,3,5,True,Remote/Difficult Terrain
P-000921,DEP-0002905,4,2025-04-01,2025-04-05,2025-04-28,23,High Tempo,4,5,True,Remote/Difficult Terrain
P-000921,DEP-0002906,5,2025-05-01,2025-05-04,2025-05-25,21,Extended,4,4,True,High Altitude/Extreme
P-000921,DEP-0002907,6,2025-06-01,2025-06-05,2025-06-27,22,Extended,4,4,True,Remote/Difficult Terrain
P-000921,DEP-0002908,7,2025-07-01,2025-07-04,2025-07-27,23,High Tempo,4,5,True,Remote/Difficult Terrain
P-000921,DEP-0002909,8,2025-08-01,2025-08-03,2025-08-27,24,High Tempo,5,5,True,High Altitude/Extreme
P-000921,DEP-0002910,9,2025-09-01,2025-09-02,2025-09-27,25,Extended,5,4,True,High Altitude/Extreme
P-000921,DEP-0002911,10,2025-10-01,2025-10-05,2025-10-27,22,Extended,5,4,True,High Altitude/Extreme
P-000921,DEP-0002912,11,2025-11-01,2025-11-02,2025-11-28,26,Extended,4,5,True,Remote/Difficult Terrain
P-000923,DEP-0002913,2,2025-02-01,2025-02-05,2025-02-23,18,High Tempo,4,4,True,Remote/Difficult Terrain
P-000923,DEP-0002914,3,2025-03-01,2025-03-03,2025-03-28,25,High Tempo,4,4,True,Remote/Difficult Terrain
P-000923,DEP-0002915,4,2025-04-01,2025-04-03,2025-04-26,23,High Tempo,4,4,True,Remote/Difficult Terrain
P-000923,DEP-0002916,5,2025-05-01,2025-05-04,2025-05-26,22,High Tempo,4,4,True,Remote/Difficult Terrain
P-000924,DEP-0002917,4,2025-04-01,2025-04-02,2025-04-26,24,Extended,4,4,True,High Altitude/Extreme
P-000924,DEP-0002918,5,2025-05-01,2025-05-04,2025-05-25,21,High Tempo,5,4,True,High Altitude/Extreme
P-000924,DEP-0002919,6,2025-06-01,2025-06-05,2025-06-24,19,Extended,5,5,True,Remote/Difficult Terrain
P-000924,DEP-0002920,7,2025-07-01,2025-07-04,2025-07-23,19,Extended,5,4,True,Remote/Difficult Terrain
P-000924,DEP-0002921,8,2025-08-01,2025-08-05,2025-08-26,21,Extended,4,4,True,Remote/Difficult Terrain
P-000924,DEP-0002922,9,2025-09-01,2025-09-04,2025-09-25,21,Extended,4,5,True,Remote/Difficult Terrain
P-000924,DEP-0002923,10,2025-10-01,2025-10-03,2025-10-24,21,Extended,4,4,True,High Altitude/Extreme
P-000924,DEP-0002924,11,2025-11-01,2025-11-05,2025-11-25,20,Extended,5,5,True,High Altitude/Extreme
P-000926,DEP-0002925,5,2025-05-01,2025-05-03,2025-05-28,25,Routine,2,1,False,Semi-Urban Outpost
P-000928,DEP-0002926,4,2025-04-01,2025-04-04,2025-04-27,23,High Tempo,3,4,True,Semi-Urban Outpost
P-000928,DEP-0002927,5,2025-05-01,2025-05-04,2025-05-23,19,High Tempo,3,3,False,Remote/Difficult Terrain
P-000928,DEP-0002928,6,2025-06-01,2025-06-05,2025-06-25,20,High Tempo,4,4,True,Semi-Urban Outpost
P-000928,DEP-0002929,7,2025-07-01,2025-07-04,2025-07-27,23,High Tempo,3,3,False,Semi-Urban Outpost
P-000928,DEP-0002930,8,2025-08-01,2025-08-05,2025-08-23,18,High Tempo,3,4,True,Remote/Difficult Terrain
P-000929,DEP-0002931,4,2025-04-01,2025-04-04,2025-04-27,23,High Tempo,3,3,False,Remote/Difficult Terrain
P-000929,DEP-0002932,5,2025-05-01,2025-05-05,2025-05-25,20,High Tempo,4,4,True,Remote/Difficult Terrain
P-000929,DEP-0002933,6,2025-06-01,2025-06-03,2025-06-28,25,High Tempo,4,4,True,Semi-Urban Outpost
P-000929,DEP-0002934,7,2025-07-01,2025-07-03,2025-07-23,20,High Tempo,3,3,False,Remote/Difficult Terrain
P-000929,DEP-0002935,8,2025-08-01,2025-08-02,2025-08-25,23,High Tempo,4,4,True,Semi-Urban Outpost
P-000930,DEP-0002936,4,2025-04-01,2025-04-03,2025-04-23,20,Routine,3,2,False,Urban Base
P-000930,DEP-0002937,5,2025-05-01,2025-05-05,2025-05-27,22,Routine,3,2,False,Urban Base
P-000931,DEP-0002938,4,2025-04-01,2025-04-02,2025-04-28,26,Routine,3,1,False,Semi-Urban Outpost
P-000931,DEP-0002939,5,2025-05-01,2025-05-03,2025-05-24,21,Routine,3,2,False,Urban Base
P-000932,DEP-0002940,4,2025-04-01,2025-04-03,2025-04-26,23,Extended,5,4,True,High Altitude/Extreme
P-000932,DEP-0002941,5,2025-05-01,2025-05-02,2025-05-24,22,High Tempo,5,5,True,Remote/Difficult Terrain
P-000932,DEP-0002942,6,2025-06-01,2025-06-02,2025-06-25,23,High Tempo,5,5,True,High Altitude/Extreme
P-000932,DEP-0002943,7,2025-07-01,2025-07-02,2025-07-28,26,High Tempo,4,5,True,Remote/Difficult Terrain
P-000932,DEP-0002944,8,2025-08-01,2025-08-02,2025-08-23,21,Extended,5,5,True,High Altitude/Extreme
P-000932,DEP-0002945,9,2025-09-01,2025-09-03,2025-09-27,24,Extended,5,5,True,Remote/Difficult Terrain
P-000932,DEP-0002946,10,2025-10-01,2025-10-02,2025-10-28,26,High Tempo,5,4,True,High Altitude/Extreme
P-000932,DEP-0002947,11,2025-11-01,2025-11-03,2025-11-25,22,High Tempo,4,5,True,High Altitude/Extreme
P-000933,DEP-0002948,6,2025-06-01,2025-06-03,2025-06-23,20,High Tempo,4,3,True,Semi-Urban Outpost
P-000933,DEP-0002949,7,2025-07-01,2025-07-02,2025-07-23,21,High Tempo,4,3,True,Semi-Urban Outpost
P-000934,DEP-0002950,4,2025-04-01,2025-04-02,2025-04-28,26,High Tempo,3,4,True,Remote/Difficult Terrain
P-000934,DEP-0002951,5,2025-05-01,2025-05-02,2025-05-23,21,High Tempo,4,3,True,Remote/Difficult Terrain
P-000934,DEP-0002952,6,2025-06-01,2025-06-05,2025-06-23,18,High Tempo,4,4,True,Semi-Urban Outpost
P-000934,DEP-0002953,7,2025-07-01,2025-07-02,2025-07-27,25,High Tempo,4,3,True,Semi-Urban Outpost
P-000934,DEP-0002954,8,2025-08-01,2025-08-04,2025-08-24,20,High Tempo,3,4,True,Remote/Difficult Terrain
P-000935,DEP-0002955,5,2025-05-01,2025-05-05,2025-05-27,22,Routine,2,2,False,Semi-Urban Outpost
P-000936,DEP-0002956,5,2025-05-01,2025-05-02,2025-05-27,25,Routine,3,1,False,Semi-Urban Outpost
P-000937,DEP-0002957,5,2025-05-01,2025-05-04,2025-05-27,23,Routine,3,2,False,Urban Base
P-000938,DEP-0002958,2,2025-02-01,2025-02-04,2025-02-28,24,High Tempo,4,4,True,Remote/Difficult Terrain
P-000938,DEP-0002959,3,2025-03-01,2025-03-02,2025-03-28,26,High Tempo,4,4,True,Remote/Difficult Terrain
P-000938,DEP-0002960,4,2025-04-01,2025-04-02,2025-04-25,23,High Tempo,4,4,True,Remote/Difficult Terrain
P-000938,DEP-0002961,5,2025-05-01,2025-05-02,2025-05-26,24,High Tempo,4,4,True,Remote/Difficult Terrain
P-000940,DEP-0002962,4,2025-04-01,2025-04-04,2025-04-28,24,High Tempo,4,3,True,Remote/Difficult Terrain
P-000940,DEP-0002963,5,2025-05-01,2025-05-02,2025-05-23,21,High Tempo,3,3,False,Remote/Difficult Terrain
P-000940,DEP-0002964,6,2025-06-01,2025-06-05,2025-06-26,21,High Tempo,3,3,False,Remote/Difficult Terrain
P-000940,DEP-0002965,7,2025-07-01,2025-07-04,2025-07-26,22,High Tempo,4,3,True,Remote/Difficult Terrain
P-000940,DEP-0002966,8,2025-08-01,2025-08-03,2025-08-25,22,High Tempo,3,3,False,Semi-Urban Outpost
P-000941,DEP-0002967,4,2025-04-01,2025-04-02,2025-04-25,23,Routine,3,1,False,Urban Base
P-000942,DEP-0002968,4,2025-04-01,2025-04-02,2025-04-24,22,High Tempo,3,3,False,Remote/Difficult Terrain
P-000942,DEP-0002969,5,2025-05-01,2025-05-05,2025-05-24,19,High Tempo,4,4,True,Semi-Urban Outpost
P-000942,DEP-0002970,6,2025-06-01,2025-06-03,2025-06-26,23,High Tempo,4,3,True,Semi-Urban Outpost
P-000942,DEP-0002971,7,2025-07-01,2025-07-03,2025-07-27,24,High Tempo,3,3,False,Remote/Difficult Terrain
P-000942,DEP-0002972,8,2025-08-01,2025-08-03,2025-08-25,22,High Tempo,3,3,False,Remote/Difficult Terrain
P-000943,DEP-0002973,3,2025-03-01,2025-03-03,2025-03-23,20,Extended,3,5,True,High Altitude/Extreme
P-000943,DEP-0002974,4,2025-04-01,2025-04-02,2025-04-24,22,Extended,3,5,True,High Altitude/Extreme
P-000943,DEP-0002975,5,2025-05-01,2025-05-03,2025-05-26,23,Extended,3,5,True,High Altitude/Extreme
P-000943,DEP-0002976,6,2025-06-01,2025-06-02,2025-06-27,25,Extended,4,5,True,High Altitude/Extreme
P-000943,DEP-0002977,7,2025-07-01,2025-07-02,2025-07-25,23,Extended,3,5,True,Remote/Difficult Terrain
P-000943,DEP-0002978,8,2025-08-01,2025-08-02,2025-08-26,24,Extended,4,4,True,High Altitude/Extreme
P-000943,DEP-0002979,9,2025-09-01,2025-09-02,2025-09-27,25,Extended,4,5,True,High Altitude/Extreme
P-000944,DEP-0002980,4,2025-04-01,2025-04-05,2025-04-28,23,Extended,4,4,True,High Altitude/Extreme
P-000944,DEP-0002981,5,2025-05-01,2025-05-05,2025-05-24,19,High Tempo,4,4,True,High Altitude/Extreme
P-000944,DEP-0002982,6,2025-06-01,2025-06-03,2025-06-23,20,High Tempo,4,5,True,High Altitude/Extreme
P-000944,DEP-0002983,7,2025-07-01,2025-07-05,2025-07-23,18,Extended,5,5,True,Remote/Difficult Terrain
P-000944,DEP-0002984,8,2025-08-01,2025-08-02,2025-08-23,21,Extended,5,4,True,High Altitude/Extreme
P-000944,DEP-0002985,9,2025-09-01,2025-09-02,2025-09-23,21,Extended,5,5,True,Remote/Difficult Terrain
P-000944,DEP-0002986,10,2025-10-01,2025-10-03,2025-10-24,21,Extended,4,4,True,Remote/Difficult Terrain
P-000944,DEP-0002987,11,2025-11-01,2025-11-05,2025-11-26,21,High Tempo,5,4,True,Remote/Difficult Terrain
P-000945,DEP-0002988,4,2025-04-01,2025-04-03,2025-04-24,21,Routine,2,2,False,Semi-Urban Outpost
P-000946,DEP-0002989,4,2025-04-01,2025-04-04,2025-04-27,23,Routine,3,1,False,Semi-Urban Outpost
P-000947,DEP-0002990,5,2025-05-01,2025-05-03,2025-05-23,20,Routine,2,2,False,Urban Base
P-000948,DEP-0002991,2,2025-02-01,2025-02-05,2025-02-25,20,High Tempo,4,4,True,Remote/Difficult Terrain
P-000948,DEP-0002992,3,2025-03-01,2025-03-02,2025-03-24,22,High Tempo,4,4,True,Remote/Difficult Terrain
P-000948,DEP-0002993,4,2025-04-01,2025-04-05,2025-04-28,23,High Tempo,4,4,True,Remote/Difficult Terrain
P-000948,DEP-0002994,5,2025-05-01,2025-05-05,2025-05-27,22,High Tempo,4,4,True,Remote/Difficult Terrain
P-000949,DEP-0002995,2,2025-02-01,2025-02-05,2025-02-24,19,High Tempo,4,4,True,Remote/Difficult Terrain
P-000949,DEP-0002996,3,2025-03-01,2025-03-05,2025-03-27,22,High Tempo,4,4,True,Remote/Difficult Terrain
P-000949,DEP-0002997,4,2025-04-01,2025-04-05,2025-04-27,22,High Tempo,4,4,True,Remote/Difficult Terrain
P-000949,DEP-0002998,5,2025-05-01,2025-05-02,2025-05-26,24,High Tempo,4,4,True,Remote/Difficult Terrain
P-000950,DEP-0002999,4,2025-04-01,2025-04-02,2025-04-26,24,High Tempo,3,4,True,Remote/Difficult Terrain
P-000950,DEP-0003000,5,2025-05-01,2025-05-03,2025-05-24,21,High Tempo,3,4,True,Remote/Difficult Terrain
P-000950,DEP-0003001,6,2025-06-01,2025-06-05,2025-06-25,20,High Tempo,4,3,True,Semi-Urban Outpost
P-000950,DEP-0003002,7,2025-07-01,2025-07-05,2025-07-24,19,High Tempo,4,4,True,Remote/Difficult Terrain
P-000950,DEP-0003003,8,2025-08-01,2025-08-05,2025-08-25,20,High Tempo,3,3,False,Remote/Difficult Terrain
P-000951,DEP-0003004,4,2025-04-01,2025-04-04,2025-04-28,24,High Tempo,4,3,True,Remote/Difficult Terrain
P-000951,DEP-0003005,5,2025-05-01,2025-05-05,2025-05-27,22,High Tempo,3,4,True,Remote/Difficult Terrain
P-000951,DEP-0003006,6,2025-06-01,2025-06-04,2025-06-26,22,High Tempo,4,3,True,Semi-Urban Outpost
P-000951,DEP-0003007,7,2025-07-01,2025-07-05,2025-07-24,19,High Tempo,4,4,True,Remote/Difficult Terrain
P-000951,DEP-0003008,8,2025-08-01,2025-08-03,2025-08-25,22,High Tempo,3,3,False,Semi-Urban Outpost
P-000952,DEP-0003009,3,2025-03-01,2025-03-03,2025-03-25,22,Extended,4,4,True,Remote/Difficult Terrain
P-000952,DEP-0003010,4,2025-04-01,2025-04-05,2025-04-24,19,Extended,4,4,True,Remote/Difficult Terrain
P-000952,DEP-0003011,5,2025-05-01,2025-05-04,2025-05-28,24,Extended,3,5,True,Remote/Difficult Terrain
P-000952,DEP-0003012,6,2025-06-01,2025-06-04,2025-06-27,23,Extended,3,4,True,High Altitude/Extreme
P-000952,DEP-0003013,7,2025-07-01,2025-07-05,2025-07-27,22,Extended,3,4,True,High Altitude/Extreme
P-000952,DEP-0003014,8,2025-08-01,2025-08-04,2025-08-24,20,Extended,4,4,True,Remote/Difficult Terrain
P-000952,DEP-0003015,9,2025-09-01,2025-09-02,2025-09-27,25,Extended,3,5,True,Remote/Difficult Terrain
P-000954,DEP-0003016,2,2025-02-01,2025-02-05,2025-02-28,23,High Tempo,4,4,True,Remote/Difficult Terrain
P-000954,DEP-0003017,3,2025-03-01,2025-03-02,2025-03-25,23,High Tempo,4,4,True,Remote/Difficult Terrain
P-000954,DEP-0003018,4,2025-04-01,2025-04-05,2025-04-23,18,High Tempo,4,4,True,Remote/Difficult Terrain
P-000954,DEP-0003019,5,2025-05-01,2025-05-02,2025-05-23,21,High Tempo,4,4,True,Remote/Difficult Terrain
P-000955,DEP-0003020,5,2025-05-01,2025-05-05,2025-05-25,20,Routine,2,2,False,Urban Base
P-000956,DEP-0003021,5,2025-05-01,2025-05-03,2025-05-25,22,Routine,3,2,False,Urban Base
P-000957,DEP-0003022,4,2025-04-01,2025-04-03,2025-04-25,22,High Tempo,4,4,True,Remote/Difficult Terrain
P-000957,DEP-0003023,5,2025-05-01,2025-05-04,2025-05-27,23,High Tempo,4,3,True,Semi-Urban Outpost
P-000957,DEP-0003024,6,2025-06-01,2025-06-03,2025-06-23,20,High Tempo,3,4,True,Semi-Urban Outpost
P-000957,DEP-0003025,7,2025-07-01,2025-07-02,2025-07-28,26,High Tempo,4,4,True,Semi-Urban Outpost
P-000957,DEP-0003026,8,2025-08-01,2025-08-05,2025-08-25,20,High Tempo,3,3,False,Semi-Urban Outpost
P-000959,DEP-0003027,5,2025-05-01,2025-05-05,2025-05-24,19,Routine,2,2,False,Urban Base
P-000960,DEP-0003028,3,2025-03-01,2025-03-04,2025-03-24,20,Extended,3,5,True,High Altitude/Extreme
P-000960,DEP-0003029,4,2025-04-01,2025-04-02,2025-04-24,22,Extended,3,5,True,Remote/Difficult Terrain
P-000960,DEP-0003030,5,2025-05-01,2025-05-04,2025-05-23,19,Extended,3,5,True,Remote/Difficult Terrain
P-000960,DEP-0003031,6,2025-06-01,2025-06-02,2025-06-25,23,Extended,4,4,True,High Altitude/Extreme
P-000960,DEP-0003032,7,2025-07-01,2025-07-03,2025-07-25,22,Extended,3,4,True,High Altitude/Extreme
P-000960,DEP-0003033,8,2025-08-01,2025-08-02,2025-08-26,24,Extended,3,5,True,Remote/Difficult Terrain
P-000960,DEP-0003034,9,2025-09-01,2025-09-02,2025-09-28,26,Extended,3,5,True,Remote/Difficult Terrain
P-000962,DEP-0003035,4,2025-04-01,2025-04-05,2025-04-28,23,High Tempo,3,3,False,Semi-Urban Outpost
P-000962,DEP-0003036,5,2025-05-01,2025-05-03,2025-05-25,22,High Tempo,3,3,False,Semi-Urban Outpost
P-000962,DEP-0003037,6,2025-06-01,2025-06-03,2025-06-26,23,High Tempo,4,4,True,Remote/Difficult Terrain
P-000962,DEP-0003038,7,2025-07-01,2025-07-04,2025-07-26,22,High Tempo,3,3,False,Semi-Urban Outpost
P-000962,DEP-0003039,8,2025-08-01,2025-08-04,2025-08-27,23,High Tempo,4,3,True,Semi-Urban Outpost
P-000964,DEP-0003040,4,2025-04-01,2025-04-02,2025-04-23,21,Routine,2,1,False,Urban Base
P-000965,DEP-0003041,4,2025-04-01,2025-04-03,2025-04-26,23,Routine,3,1,False,Urban Base
P-000965,DEP-0003042,5,2025-05-01,2025-05-05,2025-05-27,22,Routine,2,1,False,Semi-Urban Outpost
P-000966,DEP-0003043,5,2025-05-01,2025-05-03,2025-05-24,21,Routine,2,1,False,Semi-Urban Outpost
P-000967,DEP-0003044,3,2025-03-01,2025-03-03,2025-03-23,20,Extended,3,5,True,High Altitude/Extreme
P-000967,DEP-0003045,4,2025-04-01,2025-04-05,2025-04-27,22,Extended,4,5,True,High Altitude/Extreme
P-000967,DEP-0003046,5,2025-05-01,2025-05-03,2025-05-26,23,Extended,3,5,True,High Altitude/Extreme
P-000967,DEP-0003047,6,2025-06-01,2025-06-03,2025-06-24,21,Extended,3,4,True,Remote/Difficult Terrain
P-000967,DEP-0003048,7,2025-07-01,2025-07-04,2025-07-27,23,Extended,4,5,True,Remote/Difficult Terrain
P-000967,DEP-0003049,8,2025-08-01,2025-08-05,2025-08-24,19,Extended,4,5,True,High Altitude/Extreme
P-000967,DEP-0003050,9,2025-09-01,2025-09-05,2025-09-23,18,Extended,3,4,True,Remote/Difficult Terrain
P-000969,DEP-0003051,4,2025-04-01,2025-04-04,2025-04-27,23,High Tempo,3,4,True,Semi-Urban Outpost
P-000969,DEP-0003052,5,2025-05-01,2025-05-02,2025-05-23,21,High Tempo,4,4,True,Semi-Urban Outpost
P-000969,DEP-0003053,6,2025-06-01,2025-06-05,2025-06-28,23,High Tempo,3,4,True,Semi-Urban Outpost
P-000969,DEP-0003054,7,2025-07-01,2025-07-05,2025-07-25,20,High Tempo,3,3,False,Semi-Urban Outpost
P-000969,DEP-0003055,8,2025-08-01,2025-08-04,2025-08-24,20,High Tempo,3,4,True,Semi-Urban Outpost
P-000970,DEP-0003056,5,2025-05-01,2025-05-02,2025-05-24,22,Routine,3,1,False,Urban Base
P-000971,DEP-0003057,3,2025-03-01,2025-03-03,2025-03-26,23,Extended,3,4,True,Remote/Difficult Terrain
P-000971,DEP-0003058,4,2025-04-01,2025-04-04,2025-04-27,23,Extended,3,5,True,Remote/Difficult Terrain
P-000971,DEP-0003059,5,2025-05-01,2025-05-04,2025-05-25,21,Extended,4,4,True,High Altitude/Extreme
P-000971,DEP-0003060,6,2025-06-01,2025-06-03,2025-06-26,23,Extended,4,4,True,Remote/Difficult Terrain
P-000971,DEP-0003061,7,2025-07-01,2025-07-02,2025-07-27,25,Extended,4,5,True,Remote/Difficult Terrain
P-000971,DEP-0003062,8,2025-08-01,2025-08-05,2025-08-25,20,Extended,3,5,True,High Altitude/Extreme
P-000971,DEP-0003063,9,2025-09-01,2025-09-05,2025-09-28,23,Extended,4,5,True,High Altitude/Extreme
P-000972,DEP-0003064,2,2025-02-01,2025-02-03,2025-02-27,24,High Tempo,4,4,True,Remote/Difficult Terrain
P-000972,DEP-0003065,3,2025-03-01,2025-03-03,2025-03-24,21,High Tempo,4,4,True,Remote/Difficult Terrain
P-000972,DEP-0003066,4,2025-04-01,2025-04-05,2025-04-25,20,High Tempo,4,4,True,Remote/Difficult Terrain
P-000972,DEP-0003067,5,2025-05-01,2025-05-04,2025-05-25,21,High Tempo,4,4,True,Remote/Difficult Terrain
P-000973,DEP-0003068,3,2025-03-01,2025-03-04,2025-03-27,23,Extended,3,4,True,Remote/Difficult Terrain
P-000973,DEP-0003069,4,2025-04-01,2025-04-02,2025-04-26,24,Extended,3,4,True,High Altitude/Extreme
P-000973,DEP-0003070,5,2025-05-01,2025-05-05,2025-05-28,23,Extended,4,4,True,High Altitude/Extreme
P-000973,DEP-0003071,6,2025-06-01,2025-06-05,2025-06-26,21,Extended,3,5,True,High Altitude/Extreme
P-000973,DEP-0003072,7,2025-07-01,2025-07-02,2025-07-24,22,Extended,4,4,True,Remote/Difficult Terrain
P-000973,DEP-0003073,8,2025-08-01,2025-08-04,2025-08-23,19,Extended,4,4,True,High Altitude/Extreme
P-000973,DEP-0003074,9,2025-09-01,2025-09-03,2025-09-23,20,Extended,3,4,True,Remote/Difficult Terrain
P-000974,DEP-0003075,5,2025-05-01,2025-05-02,2025-05-26,24,Routine,2,2,False,Semi-Urban Outpost
P-000976,DEP-0003076,4,2025-04-01,2025-04-03,2025-04-28,25,Routine,3,1,False,Urban Base
P-000976,DEP-0003077,5,2025-05-01,2025-05-05,2025-05-28,23,Routine,3,1,False,Semi-Urban Outpost
P-000977,DEP-0003078,4,2025-04-01,2025-04-02,2025-04-23,21,High Tempo,3,3,False,Remote/Difficult Terrain
P-000977,DEP-0003079,5,2025-05-01,2025-05-04,2025-05-26,22,High Tempo,3,4,True,Remote/Difficult Terrain
P-000977,DEP-0003080,6,2025-06-01,2025-06-02,2025-06-27,25,High Tempo,4,4,True,Remote/Difficult Terrain
P-000977,DEP-0003081,7,2025-07-01,2025-07-04,2025-07-26,22,High Tempo,4,4,True,Semi-Urban Outpost
P-000977,DEP-0003082,8,2025-08-01,2025-08-05,2025-08-25,20,High Tempo,3,3,False,Remote/Difficult Terrain
P-000979,DEP-0003083,4,2025-04-01,2025-04-02,2025-04-26,24,Routine,2,2,False,Semi-Urban Outpost
P-000980,DEP-0003084,4,2025-04-01,2025-04-02,2025-04-26,24,High Tempo,3,3,False,Semi-Urban Outpost
P-000980,DEP-0003085,5,2025-05-01,2025-05-04,2025-05-28,24,High Tempo,4,3,True,Semi-Urban Outpost
P-000980,DEP-0003086,6,2025-06-01,2025-06-05,2025-06-27,22,High Tempo,4,3,True,Remote/Difficult Terrain
P-000980,DEP-0003087,7,2025-07-01,2025-07-05,2025-07-25,20,High Tempo,3,3,False,Semi-Urban Outpost
P-000980,DEP-0003088,8,2025-08-01,2025-08-05,2025-08-25,20,High Tempo,4,4,True,Remote/Difficult Terrain
P-000981,DEP-0003089,4,2025-04-01,2025-04-03,2025-04-23,20,Routine,2,1,False,Semi-Urban Outpost
P-000981,DEP-0003090,5,2025-05-01,2025-05-05,2025-05-23,18,Routine,2,1,False,Urban Base
P-000982,DEP-0003091,4,2025-04-01,2025-04-03,2025-04-23,20,Extended,5,4,True,High Altitude/Extreme
P-000982,DEP-0003092,5,2025-05-01,2025-05-05,2025-05-28,23,Extended,4,4,True,High Altitude/Extreme
P-000982,DEP-0003093,6,2025-06-01,2025-06-02,2025-06-24,22,High Tempo,4,5,True,Remote/Difficult Terrain
P-000982,DEP-0003094,7,2025-07-01,2025-07-02,2025-07-24,22,Extended,4,4,True,High Altitude/Extreme
P-000982,DEP-0003095,8,2025-08-01,2025-08-05,2025-08-26,21,High Tempo,5,4,True,High Altitude/Extreme
P-000982,DEP-0003096,9,2025-09-01,2025-09-02,2025-09-26,24,Extended,4,5,True,High Altitude/Extreme
P-000982,DEP-0003097,10,2025-10-01,2025-10-02,2025-10-27,25,Extended,5,5,True,High Altitude/Extreme
P-000982,DEP-0003098,11,2025-11-01,2025-11-05,2025-11-25,20,Extended,5,4,True,High Altitude/Extreme
P-000983,DEP-0003099,5,2025-05-01,2025-05-02,2025-05-28,26,Routine,3,2,False,Urban Base
P-000984,DEP-0003100,4,2025-04-01,2025-04-04,2025-04-27,23,Routine,3,1,False,Semi-Urban Outpost
P-000985,DEP-0003101,3,2025-03-01,2025-03-05,2025-03-24,19,Extended,3,4,True,Remote/Difficult Terrain
P-000985,DEP-0003102,4,2025-04-01,2025-04-05,2025-04-28,23,Extended,4,4,True,High Altitude/Extreme
P-000985,DEP-0003103,5,2025-05-01,2025-05-04,2025-05-23,19,Extended,3,5,True,Remote/Difficult Terrain
P-000985,DEP-0003104,6,2025-06-01,2025-06-04,2025-06-23,19,Extended,3,4,True,Remote/Difficult Terrain
P-000985,DEP-0003105,7,2025-07-01,2025-07-02,2025-07-25,23,Extended,4,5,True,Remote/Difficult Terrain
P-000985,DEP-0003106,8,2025-08-01,2025-08-03,2025-08-28,25,Extended,3,5,True,High Altitude/Extreme
P-000985,DEP-0003107,9,2025-09-01,2025-09-02,2025-09-23,21,Extended,3,4,True,High Altitude/Extreme
P-000986,DEP-0003108,4,2025-04-01,2025-04-04,2025-04-27,23,Routine,3,1,False,Semi-Urban Outpost
P-000987,DEP-0003109,3,2025-03-01,2025-03-04,2025-03-28,24,Extended,4,5,True,Remote/Difficult Terrain
P-000987,DEP-0003110,4,2025-04-01,2025-04-04,2025-04-23,19,Extended,4,4,True,Remote/Difficult Terrain
P-000987,DEP-0003111,5,2025-05-01,2025-05-03,2025-05-27,24,Extended,3,4,True,High Altitude/Extreme
P-000987,DEP-0003112,6,2025-06-01,2025-06-02,2025-06-27,25,Extended,3,4,True,Remote/Difficult Terrain
P-000987,DEP-0003113,7,2025-07-01,2025-07-04,2025-07-24,20,Extended,4,4,True,Remote/Difficult Terrain
P-000987,DEP-0003114,8,2025-08-01,2025-08-04,2025-08-26,22,Extended,4,5,True,Remote/Difficult Terrain
P-000987,DEP-0003115,9,2025-09-01,2025-09-04,2025-09-27,23,Extended,3,4,True,High Altitude/Extreme
P-000989,DEP-0003116,4,2025-04-01,2025-04-03,2025-04-26,23,Routine,3,2,False,Semi-Urban Outpost
P-000989,DEP-0003117,5,2025-05-01,2025-05-02,2025-05-23,21,Routine,3,1,False,Semi-Urban Outpost
P-000990,DEP-0003118,4,2025-04-01,2025-04-04,2025-04-28,24,Extended,5,4,True,Remote/Difficult Terrain
P-000990,DEP-0003119,5,2025-05-01,2025-05-02,2025-05-25,23,Extended,5,4,True,Remote/Difficult Terrain
P-000990,DEP-0003120,6,2025-06-01,2025-06-05,2025-06-27,22,Extended,5,5,True,High Altitude/Extreme
P-000990,DEP-0003121,7,2025-07-01,2025-07-02,2025-07-25,23,High Tempo,5,5,True,High Altitude/Extreme
P-000990,DEP-0003122,8,2025-08-01,2025-08-02,2025-08-25,23,Extended,4,4,True,High Altitude/Extreme
P-000990,DEP-0003123,9,2025-09-01,2025-09-05,2025-09-27,22,High Tempo,4,5,True,Remote/Difficult Terrain
P-000990,DEP-0003124,10,2025-10-01,2025-10-02,2025-10-24,22,High Tempo,4,4,True,Remote/Difficult Terrain
P-000990,DEP-0003125,11,2025-11-01,2025-11-02,2025-11-28,26,High Tempo,4,5,True,Remote/Difficult Terrain
P-000991,DEP-0003126,4,2025-04-01,2025-04-04,2025-04-26,22,High Tempo,4,4,True,High Altitude/Extreme
P-000991,DEP-0003127,5,2025-05-01,2025-05-04,2025-05-24,20,High Tempo,5,5,True,Remote/Difficult Terrain
P-000991,DEP-0003128,6,2025-06-01,2025-06-03,2025-06-27,24,High Tempo,5,4,True,High Altitude/Extreme
P-000991,DEP-0003129,7,2025-07-01,2025-07-03,2025-07-23,20,Extended,5,4,True,Remote/Difficult Terrain
P-000991,DEP-0003130,8,2025-08-01,2025-08-02,2025-08-23,21,High Tempo,4,4,True,Remote/Difficult Terrain
P-000991,DEP-0003131,9,2025-09-01,2025-09-02,2025-09-28,26,High Tempo,5,4,True,High Altitude/Extreme
P-000991,DEP-0003132,10,2025-10-01,2025-10-05,2025-10-28,23,High Tempo,4,5,True,Remote/Difficult Terrain
P-000991,DEP-0003133,11,2025-11-01,2025-11-03,2025-11-25,22,Extended,4,4,True,High Altitude/Extreme
P-000992,DEP-0003134,3,2025-03-01,2025-03-03,2025-03-24,21,Extended,3,4,True,Remote/Difficult Terrain
P-000992,DEP-0003135,4,2025-04-01,2025-04-03,2025-04-28,25,Extended,3,5,True,Remote/Difficult Terrain
P-000992,DEP-0003136,5,2025-05-01,2025-05-04,2025-05-24,20,Extended,4,4,True,High Altitude/Extreme
P-000992,DEP-0003137,6,2025-06-01,2025-06-05,2025-06-23,18,Extended,3,5,True,Remote/Difficult Terrain
P-000992,DEP-0003138,7,2025-07-01,2025-07-05,2025-07-25,20,Extended,3,4,True,High Altitude/Extreme
P-000992,DEP-0003139,8,2025-08-01,2025-08-04,2025-08-24,20,Extended,3,5,True,Remote/Difficult Terrain
P-000992,DEP-0003140,9,2025-09-01,2025-09-04,2025-09-27,23,Extended,3,5,True,High Altitude/Extreme
P-000993,DEP-0003141,4,2025-04-01,2025-04-05,2025-04-23,18,Routine,3,1,False,Urban Base
P-000993,DEP-0003142,5,2025-05-01,2025-05-05,2025-05-26,21,Routine,2,1,False,Urban Base
P-000994,DEP-0003143,4,2025-04-01,2025-04-04,2025-04-23,19,High Tempo,3,4,True,Remote/Difficult Terrain
P-000994,DEP-0003144,5,2025-05-01,2025-05-05,2025-05-26,21,High Tempo,4,4,True,Semi-Urban Outpost
P-000994,DEP-0003145,6,2025-06-01,2025-06-05,2025-06-27,22,High Tempo,4,4,True,Remote/Difficult Terrain
P-000994,DEP-0003146,7,2025-07-01,2025-07-03,2025-07-27,24,High Tempo,3,3,False,Semi-Urban Outpost
P-000994,DEP-0003147,8,2025-08-01,2025-08-04,2025-08-27,23,High Tempo,3,3,False,Remote/Difficult Terrain
P-000995,DEP-0003148,5,2025-05-01,2025-05-04,2025-05-24,20,Routine,3,2,False,Semi-Urban Outpost
P-000996,DEP-0003149,4,2025-04-01,2025-04-02,2025-04-26,24,Routine,2,2,False,Semi-Urban Outpost
P-000996,DEP-0003150,5,2025-05-01,2025-05-03,2025-05-27,24,Routine,2,1,False,Urban Base
P-000997,DEP-0003151,2,2025-02-01,2025-02-04,2025-02-26,22,High Tempo,4,4,True,Remote/Difficult Terrain
P-000997,DEP-0003152,3,2025-03-01,2025-03-02,2025-03-23,21,High Tempo,4,4,True,Remote/Difficult Terrain
P-000997,DEP-0003153,4,2025-04-01,2025-04-02,2025-04-27,25,High Tempo,4,4,True,Remote/Difficult Terrain
P-000997,DEP-0003154,5,2025-05-01,2025-05-02,2025-05-25,23,High Tempo,4,4,True,Remote/Difficult Terrain
P-000999,DEP-0003155,6,2025-06-01,2025-06-02,2025-06-23,21,High Tempo,4,3,True,Semi-Urban Outpost
P-000999,DEP-0003156,7,2025-07-01,2025-07-05,2025-07-26,21,High Tempo,4,3,True,Semi-Urban Outpost
P-001000,DEP-0003157,5,2025-05-01,2025-05-04,2025-05-28,24,Routine,3,1,False,Semi-Urban Outpost
P-001001,DEP-0003158,4,2025-04-01,2025-04-04,2025-04-28,24,Routine,3,1,False,Semi-Urban Outpost
P-001002,DEP-0003159,4,2025-04-01,2025-04-03,2025-04-24,21,High Tempo,4,3,True,Semi-Urban Outpost
P-001002,DEP-0003160,5,2025-05-01,2025-05-03,2025-05-27,24,High Tempo,3,3,False,Semi-Urban Outpost
P-001002,DEP-0003161,6,2025-06-01,2025-06-02,2025-06-25,23,High Tempo,3,3,False,Remote/Difficult Terrain
P-001002,DEP-0003162,7,2025-07-01,2025-07-05,2025-07-24,19,High Tempo,4,4,True,Semi-Urban Outpost
P-001002,DEP-0003163,8,2025-08-01,2025-08-03,2025-08-24,21,High Tempo,3,4,True,Remote/Difficult Terrain
P-001003,DEP-0003164,2,2025-02-01,2025-02-02,2025-02-23,21,High Tempo,4,4,True,Remote/Difficult Terrain
P-001003,DEP-0003165,3,2025-03-01,2025-03-04,2025-03-28,24,High Tempo,4,4,True,Remote/Difficult Terrain
P-001003,DEP-0003166,4,2025-04-01,2025-04-05,2025-04-27,22,High Tempo,4,4,True,Remote/Difficult Terrain
P-001003,DEP-0003167,5,2025-05-01,2025-05-03,2025-05-25,22,High Tempo,4,4,True,Remote/Difficult Terrain
P-001004,DEP-0003168,3,2025-03-01,2025-03-02,2025-03-25,23,Extended,4,5,True,Remote/Difficult Terrain
P-001004,DEP-0003169,4,2025-04-01,2025-04-02,2025-04-24,22,Extended,4,4,True,Remote/Difficult Terrain
P-001004,DEP-0003170,5,2025-05-01,2025-05-04,2025-05-27,23,Extended,3,5,True,High Altitude/Extreme
P-001004,DEP-0003171,6,2025-06-01,2025-06-04,2025-06-25,21,Extended,4,4,True,High Altitude/Extreme
P-001004,DEP-0003172,7,2025-07-01,2025-07-02,2025-07-26,24,Extended,3,4,True,Remote/Difficult Terrain
P-001004,DEP-0003173,8,2025-08-01,2025-08-04,2025-08-23,19,Extended,3,5,True,Remote/Difficult Terrain
P-001004,DEP-0003174,9,2025-09-01,2025-09-03,2025-09-23,20,Extended,4,4,True,Remote/Difficult Terrain
P-001005,DEP-0003175,4,2025-04-01,2025-04-03,2025-04-27,24,Extended,5,5,True,High Altitude/Extreme
P-001005,DEP-0003176,5,2025-05-01,2025-05-03,2025-05-27,24,Extended,4,4,True,Remote/Difficult Terrain
P-001005,DEP-0003177,6,2025-06-01,2025-06-02,2025-06-27,25,High Tempo,5,5,True,High Altitude/Extreme
P-001005,DEP-0003178,7,2025-07-01,2025-07-03,2025-07-28,25,High Tempo,4,5,True,High Altitude/Extreme
P-001005,DEP-0003179,8,2025-08-01,2025-08-03,2025-08-26,23,High Tempo,4,5,True,High Altitude/Extreme
P-001005,DEP-0003180,9,2025-09-01,2025-09-05,2025-09-28,23,Extended,5,4,True,High Altitude/Extreme
P-001005,DEP-0003181,10,2025-10-01,2025-10-05,2025-10-28,23,Extended,4,4,True,High Altitude/Extreme
P-001005,DEP-0003182,11,2025-11-01,2025-11-05,2025-11-26,21,Extended,4,4,True,High Altitude/Extreme
P-001006,DEP-0003183,3,2025-03-01,2025-03-03,2025-03-25,22,Extended,4,4,True,High Altitude/Extreme
P-001006,DEP-0003184,4,2025-04-01,2025-04-03,2025-04-23,20,Extended,3,5,True,Remote/Difficult Terrain
P-001006,DEP-0003185,5,2025-05-01,2025-05-04,2025-05-26,22,Extended,3,4,True,Remote/Difficult Terrain
P-001006,DEP-0003186,6,2025-06-01,2025-06-04,2025-06-27,23,Extended,3,4,True,Remote/Difficult Terrain
P-001006,DEP-0003187,7,2025-07-01,2025-07-04,2025-07-23,19,Extended,3,5,True,Remote/Difficult Terrain
P-001006,DEP-0003188,8,2025-08-01,2025-08-04,2025-08-24,20,Extended,4,5,True,Remote/Difficult Terrain
P-001006,DEP-0003189,9,2025-09-01,2025-09-02,2025-09-28,26,Extended,4,5,True,High Altitude/Extreme
P-001007,DEP-0003190,3,2025-03-01,2025-03-04,2025-03-27,23,Extended,4,5,True,Remote/Difficult Terrain
P-001007,DEP-0003191,4,2025-04-01,2025-04-04,2025-04-28,24,Extended,4,5,True,High Altitude/Extreme
P-001007,DEP-0003192,5,2025-05-01,2025-05-03,2025-05-23,20,Extended,4,4,True,High Altitude/Extreme
P-001007,DEP-0003193,6,2025-06-01,2025-06-03,2025-06-27,24,Extended,4,4,True,High Altitude/Extreme
P-001007,DEP-0003194,7,2025-07-01,2025-07-05,2025-07-26,21,Extended,3,4,True,High Altitude/Extreme
P-001007,DEP-0003195,8,2025-08-01,2025-08-02,2025-08-24,22,Extended,4,4,True,High Altitude/Extreme
P-001007,DEP-0003196,9,2025-09-01,2025-09-03,2025-09-25,22,Extended,4,5,True,Remote/Difficult Terrain
P-001008,DEP-0003197,4,2025-04-01,2025-04-03,2025-04-26,23,High Tempo,5,5,True,Remote/Difficult Terrain
P-001008,DEP-0003198,5,2025-05-01,2025-05-05,2025-05-25,20,Extended,5,4,True,High Altitude/Extreme
P-001008,DEP-0003199,6,2025-06-01,2025-06-03,2025-06-24,21,Extended,5,5,True,Remote/Difficult Terrain
P-001008,DEP-0003200,7,2025-07-01,2025-07-04,2025-07-25,21,Extended,4,5,True,Remote/Difficult Terrain
P-001008,DEP-0003201,8,2025-08-01,2025-08-02,2025-08-27,25,High Tempo,5,4,True,High Altitude/Extreme
P-001008,DEP-0003202,9,2025-09-01,2025-09-02,2025-09-24,22,High Tempo,4,4,True,Remote/Difficult Terrain
P-001008,DEP-0003203,10,2025-10-01,2025-10-04,2025-10-23,19,Extended,5,4,True,Remote/Difficult Terrain
P-001008,DEP-0003204,11,2025-11-01,2025-11-03,2025-11-24,21,Extended,4,4,True,High Altitude/Extreme
P-001010,DEP-0003205,4,2025-04-01,2025-04-04,2025-04-28,24,Routine,2,1,False,Semi-Urban Outpost
P-001011,DEP-0003206,5,2025-05-01,2025-05-02,2025-05-24,22,Routine,2,1,False,Semi-Urban Outpost
P-001012,DEP-0003207,6,2025-06-01,2025-06-04,2025-06-24,20,High Tempo,4,3,True,Semi-Urban Outpost
P-001012,DEP-0003208,7,2025-07-01,2025-07-04,2025-07-25,21,High Tempo,4,3,True,Semi-Urban Outpost
P-001013,DEP-0003209,2,2025-02-01,2025-02-04,2025-02-26,22,High Tempo,4,4,True,Remote/Difficult Terrain
P-001013,DEP-0003210,3,2025-03-01,2025-03-02,2025-03-28,26,High Tempo,4,4,True,Remote/Difficult Terrain
P-001013,DEP-0003211,4,2025-04-01,2025-04-04,2025-04-25,21,High Tempo,4,4,True,Remote/Difficult Terrain
P-001013,DEP-0003212,5,2025-05-01,2025-05-05,2025-05-28,23,High Tempo,4,4,True,Remote/Difficult Terrain
P-001014,DEP-0003213,5,2025-05-01,2025-05-02,2025-05-27,25,Routine,3,1,False,Semi-Urban Outpost
P-001015,DEP-0003214,3,2025-03-01,2025-03-02,2025-03-23,21,Extended,4,5,True,Remote/Difficult Terrain
P-001015,DEP-0003215,4,2025-04-01,2025-04-02,2025-04-26,24,Extended,3,4,True,Remote/Difficult Terrain
P-001015,DEP-0003216,5,2025-05-01,2025-05-04,2025-05-24,20,Extended,3,4,True,Remote/Difficult Terrain
P-001015,DEP-0003217,6,2025-06-01,2025-06-05,2025-06-26,21,Extended,3,5,True,High Altitude/Extreme
P-001015,DEP-0003218,7,2025-07-01,2025-07-04,2025-07-27,23,Extended,3,5,True,Remote/Difficult Terrain
P-001015,DEP-0003219,8,2025-08-01,2025-08-05,2025-08-28,23,Extended,4,5,True,Remote/Difficult Terrain
P-001015,DEP-0003220,9,2025-09-01,2025-09-02,2025-09-24,22,Extended,4,4,True,Remote/Difficult Terrain
P-001016,DEP-0003221,2,2025-02-01,2025-02-03,2025-02-23,20,High Tempo,4,4,True,Remote/Difficult Terrain
P-001016,DEP-0003222,3,2025-03-01,2025-03-04,2025-03-28,24,High Tempo,4,4,True,Remote/Difficult Terrain
P-001016,DEP-0003223,4,2025-04-01,2025-04-05,2025-04-23,18,High Tempo,4,4,True,Remote/Difficult Terrain
P-001016,DEP-0003224,5,2025-05-01,2025-05-05,2025-05-28,23,High Tempo,4,4,True,Remote/Difficult Terrain
P-001017,DEP-0003225,4,2025-04-01,2025-04-02,2025-04-28,26,Routine,2,1,False,Semi-Urban Outpost
P-001018,DEP-0003226,4,2025-04-01,2025-04-05,2025-04-23,18,High Tempo,4,4,True,Semi-Urban Outpost
P-001018,DEP-0003227,5,2025-05-01,2025-05-04,2025-05-27,23,High Tempo,4,4,True,Semi-Urban Outpost
P-001018,DEP-0003228,6,2025-06-01,2025-06-04,2025-06-26,22,High Tempo,4,3,True,Semi-Urban Outpost
P-001018,DEP-0003229,7,2025-07-01,2025-07-03,2025-07-26,23,High Tempo,4,4,True,Remote/Difficult Terrain
P-001018,DEP-0003230,8,2025-08-01,2025-08-02,2025-08-23,21,High Tempo,3,4,True,Remote/Difficult Terrain
P-001019,DEP-0003231,2,2025-02-01,2025-02-05,2025-02-23,18,High Tempo,4,4,True,Remote/Difficult Terrain
P-001019,DEP-0003232,3,2025-03-01,2025-03-05,2025-03-26,21,High Tempo,4,4,True,Remote/Difficult Terrain
P-001019,DEP-0003233,4,2025-04-01,2025-04-05,2025-04-26,21,High Tempo,4,4,True,Remote/Difficult Terrain
P-001019,DEP-0003234,5,2025-05-01,2025-05-05,2025-05-25,20,High Tempo,4,4,True,Remote/Difficult Terrain
P-001021,DEP-0003235,3,2025-03-01,2025-03-05,2025-03-25,20,Extended,4,5,True,High Altitude/Extreme
P-001021,DEP-0003236,4,2025-04-01,2025-04-04,2025-04-24,20,Extended,3,4,True,High Altitude/Extreme
P-001021,DEP-0003237,5,2025-05-01,2025-05-04,2025-05-27,23,Extended,4,4,True,High Altitude/Extreme
P-001021,DEP-0003238,6,2025-06-01,2025-06-05,2025-06-27,22,Extended,4,5,True,Remote/Difficult Terrain
P-001021,DEP-0003239,7,2025-07-01,2025-07-05,2025-07-26,21,Extended,4,5,True,Remote/Difficult Terrain
P-001021,DEP-0003240,8,2025-08-01,2025-08-05,2025-08-27,22,Extended,3,5,True,Remote/Difficult Terrain
P-001021,DEP-0003241,9,2025-09-01,2025-09-02,2025-09-26,24,Extended,3,5,True,Remote/Difficult Terrain
P-001022,DEP-0003242,4,2025-04-01,2025-04-05,2025-04-28,23,Routine,3,2,False,Semi-Urban Outpost
P-001022,DEP-0003243,5,2025-05-01,2025-05-02,2025-05-23,21,Routine,3,1,False,Semi-Urban Outpost
P-001023,DEP-0003244,2,2025-02-01,2025-02-05,2025-02-25,20,High Tempo,4,4,True,Remote/Difficult Terrain
P-001023,DEP-0003245,3,2025-03-01,2025-03-05,2025-03-28,23,High Tempo,4,4,True,Remote/Difficult Terrain
P-001023,DEP-0003246,4,2025-04-01,2025-04-04,2025-04-26,22,High Tempo,4,4,True,Remote/Difficult Terrain
P-001023,DEP-0003247,5,2025-05-01,2025-05-03,2025-05-24,21,High Tempo,4,4,True,Remote/Difficult Terrain
P-001024,DEP-0003248,6,2025-06-01,2025-06-05,2025-06-27,22,High Tempo,4,3,True,Semi-Urban Outpost
P-001024,DEP-0003249,7,2025-07-01,2025-07-04,2025-07-28,24,High Tempo,4,3,True,Semi-Urban Outpost
P-001025,DEP-0003250,2,2025-02-01,2025-02-02,2025-02-25,23,High Tempo,4,4,True,Remote/Difficult Terrain
P-001025,DEP-0003251,3,2025-03-01,2025-03-04,2025-03-26,22,High Tempo,4,4,True,Remote/Difficult Terrain
P-001025,DEP-0003252,4,2025-04-01,2025-04-02,2025-04-24,22,High Tempo,4,4,True,Remote/Difficult Terrain
P-001025,DEP-0003253,5,2025-05-01,2025-05-03,2025-05-24,21,High Tempo,4,4,True,Remote/Difficult Terrain
P-001027,DEP-0003254,4,2025-04-01,2025-04-03,2025-04-25,22,High Tempo,4,4,True,High Altitude/Extreme
P-001027,DEP-0003255,5,2025-05-01,2025-05-03,2025-05-25,22,High Tempo,5,5,True,Remote/Difficult Terrain
P-001027,DEP-0003256,6,2025-06-01,2025-06-04,2025-06-24,20,High Tempo,4,4,True,Remote/Difficult Terrain
P-001027,DEP-0003257,7,2025-07-01,2025-07-04,2025-07-25,21,High Tempo,5,5,True,Remote/Difficult Terrain
P-001027,DEP-0003258,8,2025-08-01,2025-08-03,2025-08-24,21,Extended,5,4,True,Remote/Difficult Terrain
P-001027,DEP-0003259,9,2025-09-01,2025-09-04,2025-09-28,24,Extended,4,4,True,Remote/Difficult Terrain
P-001027,DEP-0003260,10,2025-10-01,2025-10-04,2025-10-27,23,Extended,4,4,True,High Altitude/Extreme
P-001027,DEP-0003261,11,2025-11-01,2025-11-02,2025-11-28,26,High Tempo,5,5,True,High Altitude/Extreme
P-001028,DEP-0003262,4,2025-04-01,2025-04-05,2025-04-24,19,Extended,5,5,True,High Altitude/Extreme
P-001028,DEP-0003263,5,2025-05-01,2025-05-02,2025-05-26,24,Extended,5,4,True,High Altitude/Extreme
P-001028,DEP-0003264,6,2025-06-01,2025-06-04,2025-06-25,21,High Tempo,4,5,True,High Altitude/Extreme
P-001028,DEP-0003265,7,2025-07-01,2025-07-03,2025-07-26,23,High Tempo,4,5,True,High Altitude/Extreme
P-001028,DEP-0003266,8,2025-08-01,2025-08-04,2025-08-28,24,Extended,4,5,True,Remote/Difficult Terrain
P-001028,DEP-0003267,9,2025-09-01,2025-09-04,2025-09-27,23,High Tempo,4,4,True,High Altitude/Extreme
P-001028,DEP-0003268,10,2025-10-01,2025-10-02,2025-10-27,25,High Tempo,4,5,True,High Altitude/Extreme
P-001028,DEP-0003269,11,2025-11-01,2025-11-02,2025-11-24,22,High Tempo,5,5,True,High Altitude/Extreme
P-001030,DEP-0003270,4,2025-04-01,2025-04-04,2025-04-24,20,High Tempo,5,4,True,Remote/Difficult Terrain
P-001030,DEP-0003271,5,2025-05-01,2025-05-04,2025-05-23,19,High Tempo,5,4,True,High Altitude/Extreme
P-001030,DEP-0003272,6,2025-06-01,2025-06-04,2025-06-25,21,Extended,5,4,True,Remote/Difficult Terrain
P-001030,DEP-0003273,7,2025-07-01,2025-07-04,2025-07-23,19,High Tempo,4,4,True,High Altitude/Extreme
P-001030,DEP-0003274,8,2025-08-01,2025-08-05,2025-08-26,21,Extended,5,5,True,Remote/Difficult Terrain
P-001030,DEP-0003275,9,2025-09-01,2025-09-03,2025-09-24,21,High Tempo,4,4,True,Remote/Difficult Terrain
P-001030,DEP-0003276,10,2025-10-01,2025-10-02,2025-10-23,21,Extended,4,4,True,Remote/Difficult Terrain
P-001030,DEP-0003277,11,2025-11-01,2025-11-05,2025-11-25,20,High Tempo,4,5,True,High Altitude/Extreme
P-001032,DEP-0003278,4,2025-04-01,2025-04-02,2025-04-28,26,High Tempo,3,4,True,Semi-Urban Outpost
P-001032,DEP-0003279,5,2025-05-01,2025-05-05,2025-05-23,18,High Tempo,3,4,True,Remote/Difficult Terrain
P-001032,DEP-0003280,6,2025-06-01,2025-06-04,2025-06-24,20,High Tempo,4,4,True,Semi-Urban Outpost
P-001032,DEP-0003281,7,2025-07-01,2025-07-05,2025-07-25,20,High Tempo,3,3,False,Remote/Difficult Terrain
P-001032,DEP-0003282,8,2025-08-01,2025-08-02,2025-08-27,25,High Tempo,3,3,False,Remote/Difficult Terrain
P-001033,DEP-0003283,4,2025-04-01,2025-04-04,2025-04-26,22,Routine,3,2,False,Semi-Urban Outpost
P-001034,DEP-0003284,4,2025-04-01,2025-04-03,2025-04-25,22,Routine,2,1,False,Semi-Urban Outpost
P-001035,DEP-0003285,4,2025-04-01,2025-04-04,2025-04-26,22,Routine,3,2,False,Urban Base
P-001036,DEP-0003286,3,2025-03-01,2025-03-05,2025-03-26,21,Extended,4,5,True,Remote/Difficult Terrain
P-001036,DEP-0003287,4,2025-04-01,2025-04-04,2025-04-25,21,Extended,4,5,True,Remote/Difficult Terrain
P-001036,DEP-0003288,5,2025-05-01,2025-05-04,2025-05-27,23,Extended,3,5,True,High Altitude/Extreme
P-001036,DEP-0003289,6,2025-06-01,2025-06-03,2025-06-27,24,Extended,3,5,True,High Altitude/Extreme
P-001036,DEP-0003290,7,2025-07-01,2025-07-04,2025-07-27,23,Extended,4,5,True,High Altitude/Extreme
P-001036,DEP-0003291,8,2025-08-01,2025-08-05,2025-08-25,20,Extended,4,4,True,High Altitude/Extreme
P-001036,DEP-0003292,9,2025-09-01,2025-09-03,2025-09-24,21,Extended,4,4,True,Remote/Difficult Terrain
P-001038,DEP-0003293,3,2025-03-01,2025-03-02,2025-03-25,23,Extended,4,4,True,High Altitude/Extreme
P-001038,DEP-0003294,4,2025-04-01,2025-04-02,2025-04-26,24,Extended,3,4,True,Remote/Difficult Terrain
P-001038,DEP-0003295,5,2025-05-01,2025-05-03,2025-05-26,23,Extended,3,5,True,Remote/Difficult Terrain
P-001038,DEP-0003296,6,2025-06-01,2025-06-04,2025-06-28,24,Extended,3,5,True,Remote/Difficult Terrain
P-001038,DEP-0003297,7,2025-07-01,2025-07-03,2025-07-27,24,Extended,4,4,True,High Altitude/Extreme
P-001038,DEP-0003298,8,2025-08-01,2025-08-03,2025-08-27,24,Extended,3,4,True,High Altitude/Extreme
P-001038,DEP-0003299,9,2025-09-01,2025-09-04,2025-09-24,20,Extended,3,4,True,High Altitude/Extreme
P-001039,DEP-0003300,4,2025-04-01,2025-04-04,2025-04-28,24,Routine,2,1,False,Urban Base
P-001039,DEP-0003301,5,2025-05-01,2025-05-04,2025-05-28,24,Routine,3,2,False,Semi-Urban Outpost
P-001040,DEP-0003302,4,2025-04-01,2025-04-03,2025-04-26,23,Routine,3,2,False,Urban Base
P-001040,DEP-0003303,5,2025-05-01,2025-05-02,2025-05-26,24,Routine,3,2,False,Semi-Urban Outpost
P-001041,DEP-0003304,4,2025-04-01,2025-04-04,2025-04-25,21,High Tempo,3,3,False,Semi-Urban Outpost
P-001041,DEP-0003305,5,2025-05-01,2025-05-03,2025-05-28,25,High Tempo,4,4,True,Semi-Urban Outpost
P-001041,DEP-0003306,6,2025-06-01,2025-06-04,2025-06-26,22,High Tempo,4,4,True,Remote/Difficult Terrain
P-001041,DEP-0003307,7,2025-07-01,2025-07-05,2025-07-25,20,High Tempo,3,3,False,Semi-Urban Outpost
P-001041,DEP-0003308,8,2025-08-01,2025-08-04,2025-08-24,20,High Tempo,4,3,True,Remote/Difficult Terrain
P-001042,DEP-0003309,4,2025-04-01,2025-04-02,2025-04-23,21,High Tempo,4,5,True,Remote/Difficult Terrain
P-001042,DEP-0003310,5,2025-05-01,2025-05-04,2025-05-23,19,High Tempo,5,5,True,High Altitude/Extreme
P-001042,DEP-0003311,6,2025-06-01,2025-06-04,2025-06-25,21,Extended,4,5,True,High Altitude/Extreme
P-001042,DEP-0003312,7,2025-07-01,2025-07-03,2025-07-24,21,High Tempo,4,4,True,High Altitude/Extreme
P-001042,DEP-0003313,8,2025-08-01,2025-08-04,2025-08-25,21,High Tempo,4,4,True,Remote/Difficult Terrain
P-001042,DEP-0003314,9,2025-09-01,2025-09-03,2025-09-28,25,High Tempo,5,4,True,Remote/Difficult Terrain
P-001042,DEP-0003315,10,2025-10-01,2025-10-05,2025-10-24,19,High Tempo,5,4,True,Remote/Difficult Terrain
P-001042,DEP-0003316,11,2025-11-01,2025-11-03,2025-11-23,20,Extended,4,5,True,High Altitude/Extreme
P-001044,DEP-0003317,4,2025-04-01,2025-04-02,2025-04-23,21,High Tempo,3,3,False,Remote/Difficult Terrain
P-001044,DEP-0003318,5,2025-05-01,2025-05-02,2025-05-26,24,High Tempo,3,4,True,Semi-Urban Outpost
P-001044,DEP-0003319,6,2025-06-01,2025-06-02,2025-06-24,22,High Tempo,3,3,False,Semi-Urban Outpost
P-001044,DEP-0003320,7,2025-07-01,2025-07-03,2025-07-26,23,High Tempo,3,3,False,Semi-Urban Outpost
P-001044,DEP-0003321,8,2025-08-01,2025-08-02,2025-08-28,26,High Tempo,3,4,True,Semi-Urban Outpost
P-001045,DEP-0003322,2,2025-02-01,2025-02-03,2025-02-23,20,High Tempo,4,4,True,Remote/Difficult Terrain
P-001045,DEP-0003323,3,2025-03-01,2025-03-03,2025-03-28,25,High Tempo,4,4,True,Remote/Difficult Terrain
P-001045,DEP-0003324,4,2025-04-01,2025-04-05,2025-04-24,19,High Tempo,4,4,True,Remote/Difficult Terrain
P-001045,DEP-0003325,5,2025-05-01,2025-05-03,2025-05-25,22,High Tempo,4,4,True,Remote/Difficult Terrain
P-001046,DEP-0003326,4,2025-04-01,2025-04-05,2025-04-27,22,High Tempo,3,3,False,Semi-Urban Outpost
P-001046,DEP-0003327,5,2025-05-01,2025-05-04,2025-05-27,23,High Tempo,3,4,True,Semi-Urban Outpost
P-001046,DEP-0003328,6,2025-06-01,2025-06-05,2025-06-27,22,High Tempo,4,4,True,Semi-Urban Outpost
P-001046,DEP-0003329,7,2025-07-01,2025-07-03,2025-07-25,22,High Tempo,3,3,False,Remote/Difficult Terrain
P-001046,DEP-0003330,8,2025-08-01,2025-08-02,2025-08-23,21,High Tempo,3,4,True,Semi-Urban Outpost
P-001047,DEP-0003331,4,2025-04-01,2025-04-02,2025-04-23,21,Routine,3,2,False,Semi-Urban Outpost
P-001048,DEP-0003332,5,2025-05-01,2025-05-04,2025-05-24,20,Routine,2,2,False,Semi-Urban Outpost
P-001049,DEP-0003333,2,2025-02-01,2025-02-04,2025-02-25,21,High Tempo,4,4,True,Remote/Difficult Terrain
P-001049,DEP-0003334,3,2025-03-01,2025-03-03,2025-03-24,21,High Tempo,4,4,True,Remote/Difficult Terrain
P-001049,DEP-0003335,4,2025-04-01,2025-04-04,2025-04-24,20,High Tempo,4,4,True,Remote/Difficult Terrain
P-001049,DEP-0003336,5,2025-05-01,2025-05-03,2025-05-27,24,High Tempo,4,4,True,Remote/Difficult Terrain
P-001051,DEP-0003337,2,2025-02-01,2025-02-05,2025-02-26,21,High Tempo,4,4,True,Remote/Difficult Terrain
P-001051,DEP-0003338,3,2025-03-01,2025-03-02,2025-03-26,24,High Tempo,4,4,True,Remote/Difficult Terrain
P-001051,DEP-0003339,4,2025-04-01,2025-04-02,2025-04-25,23,High Tempo,4,4,True,Remote/Difficult Terrain
P-001051,DEP-0003340,5,2025-05-01,2025-05-05,2025-05-23,18,High Tempo,4,4,True,Remote/Difficult Terrain
P-001052,DEP-0003341,4,2025-04-01,2025-04-02,2025-04-27,25,High Tempo,3,3,False,Remote/Difficult Terrain
P-001052,DEP-0003342,5,2025-05-01,2025-05-05,2025-05-23,18,High Tempo,3,3,False,Remote/Difficult Terrain
P-001052,DEP-0003343,6,2025-06-01,2025-06-02,2025-06-26,24,High Tempo,3,3,False,Semi-Urban Outpost
P-001052,DEP-0003344,7,2025-07-01,2025-07-02,2025-07-27,25,High Tempo,4,4,True,Semi-Urban Outpost
P-001052,DEP-0003345,8,2025-08-01,2025-08-03,2025-08-27,24,High Tempo,3,4,True,Remote/Difficult Terrain
P-001053,DEP-0003346,2,2025-02-01,2025-02-04,2025-02-23,19,High Tempo,4,4,True,Remote/Difficult Terrain
P-001053,DEP-0003347,3,2025-03-01,2025-03-04,2025-03-25,21,High Tempo,4,4,True,Remote/Difficult Terrain
P-001053,DEP-0003348,4,2025-04-01,2025-04-02,2025-04-24,22,High Tempo,4,4,True,Remote/Difficult Terrain
P-001053,DEP-0003349,5,2025-05-01,2025-05-02,2025-05-27,25,High Tempo,4,4,True,Remote/Difficult Terrain
P-001054,DEP-0003350,4,2025-04-01,2025-04-04,2025-04-25,21,High Tempo,4,4,True,High Altitude/Extreme
P-001054,DEP-0003351,5,2025-05-01,2025-05-03,2025-05-23,20,Extended,5,4,True,Remote/Difficult Terrain
P-001054,DEP-0003352,6,2025-06-01,2025-06-03,2025-06-27,24,High Tempo,5,4,True,Remote/Difficult Terrain
P-001054,DEP-0003353,7,2025-07-01,2025-07-05,2025-07-25,20,Extended,4,5,True,Remote/Difficult Terrain
P-001054,DEP-0003354,8,2025-08-01,2025-08-03,2025-08-25,22,High Tempo,4,5,True,Remote/Difficult Terrain
P-001054,DEP-0003355,9,2025-09-01,2025-09-02,2025-09-23,21,Extended,4,4,True,Remote/Difficult Terrain
P-001054,DEP-0003356,10,2025-10-01,2025-10-03,2025-10-27,24,High Tempo,5,4,True,High Altitude/Extreme
P-001054,DEP-0003357,11,2025-11-01,2025-11-03,2025-11-23,20,High Tempo,5,5,True,Remote/Difficult Terrain
P-001055,DEP-0003358,6,2025-06-01,2025-06-02,2025-06-23,21,High Tempo,4,3,True,Semi-Urban Outpost
P-001055,DEP-0003359,7,2025-07-01,2025-07-04,2025-07-27,23,High Tempo,4,3,True,Semi-Urban Outpost
P-001056,DEP-0003360,5,2025-05-01,2025-05-03,2025-05-23,20,Routine,3,2,False,Urban Base
P-001057,DEP-0003361,3,2025-03-01,2025-03-05,2025-03-28,23,Extended,4,4,True,High Altitude/Extreme
P-001057,DEP-0003362,4,2025-04-01,2025-04-02,2025-04-26,24,Extended,3,4,True,High Altitude/Extreme
P-001057,DEP-0003363,5,2025-05-01,2025-05-05,2025-05-27,22,Extended,4,4,True,High Altitude/Extreme
P-001057,DEP-0003364,6,2025-06-01,2025-06-02,2025-06-27,25,Extended,3,5,True,Remote/Difficult Terrain
P-001057,DEP-0003365,7,2025-07-01,2025-07-03,2025-07-25,22,Extended,4,4,True,High Altitude/Extreme
P-001057,DEP-0003366,8,2025-08-01,2025-08-05,2025-08-28,23,Extended,4,4,True,High Altitude/Extreme
P-001057,DEP-0003367,9,2025-09-01,2025-09-03,2025-09-26,23,Extended,3,4,True,Remote/Difficult Terrain
P-001058,DEP-0003368,4,2025-04-01,2025-04-04,2025-04-23,19,Routine,2,1,False,Urban Base
P-001058,DEP-0003369,5,2025-05-01,2025-05-05,2025-05-27,22,Routine,2,1,False,Semi-Urban Outpost
P-001060,DEP-0003370,4,2025-04-01,2025-04-03,2025-04-26,23,High Tempo,4,3,True,Remote/Difficult Terrain
P-001060,DEP-0003371,5,2025-05-01,2025-05-05,2025-05-24,19,High Tempo,4,3,True,Remote/Difficult Terrain
P-001060,DEP-0003372,6,2025-06-01,2025-06-05,2025-06-23,18,High Tempo,3,4,True,Remote/Difficult Terrain
P-001060,DEP-0003373,7,2025-07-01,2025-07-05,2025-07-24,19,High Tempo,3,4,True,Semi-Urban Outpost
P-001060,DEP-0003374,8,2025-08-01,2025-08-05,2025-08-24,19,High Tempo,4,3,True,Remote/Difficult Terrain
P-001061,DEP-0003375,2,2025-02-01,2025-02-05,2025-02-26,21,High Tempo,4,4,True,Remote/Difficult Terrain
P-001061,DEP-0003376,3,2025-03-01,2025-03-02,2025-03-25,23,High Tempo,4,4,True,Remote/Difficult Terrain
P-001061,DEP-0003377,4,2025-04-01,2025-04-05,2025-04-23,18,High Tempo,4,4,True,Remote/Difficult Terrain
P-001061,DEP-0003378,5,2025-05-01,2025-05-03,2025-05-24,21,High Tempo,4,4,True,Remote/Difficult Terrain
P-001062,DEP-0003379,6,2025-06-01,2025-06-03,2025-06-28,25,High Tempo,4,3,True,Semi-Urban Outpost
P-001062,DEP-0003380,7,2025-07-01,2025-07-02,2025-07-25,23,High Tempo,4,3,True,Semi-Urban Outpost
P-001063,DEP-0003381,3,2025-03-01,2025-03-02,2025-03-28,26,Extended,3,5,True,Remote/Difficult Terrain
P-001063,DEP-0003382,4,2025-04-01,2025-04-02,2025-04-28,26,Extended,3,4,True,Remote/Difficult Terrain
P-001063,DEP-0003383,5,2025-05-01,2025-05-05,2025-05-28,23,Extended,4,4,True,Remote/Difficult Terrain
P-001063,DEP-0003384,6,2025-06-01,2025-06-05,2025-06-26,21,Extended,3,5,True,Remote/Difficult Terrain
P-001063,DEP-0003385,7,2025-07-01,2025-07-03,2025-07-26,23,Extended,3,5,True,High Altitude/Extreme
P-001063,DEP-0003386,8,2025-08-01,2025-08-05,2025-08-24,19,Extended,4,5,True,Remote/Difficult Terrain
P-001063,DEP-0003387,9,2025-09-01,2025-09-04,2025-09-26,22,Extended,3,4,True,High Altitude/Extreme
P-001064,DEP-0003388,4,2025-04-01,2025-04-04,2025-04-23,19,Routine,2,2,False,Urban Base
P-001066,DEP-0003389,3,2025-03-01,2025-03-02,2025-03-23,21,Extended,3,4,True,High Altitude/Extreme
P-001066,DEP-0003390,4,2025-04-01,2025-04-04,2025-04-27,23,Extended,3,4,True,High Altitude/Extreme
P-001066,DEP-0003391,5,2025-05-01,2025-05-04,2025-05-27,23,Extended,3,5,True,Remote/Difficult Terrain
P-001066,DEP-0003392,6,2025-06-01,2025-06-04,2025-06-24,20,Extended,4,5,True,High Altitude/Extreme
P-001066,DEP-0003393,7,2025-07-01,2025-07-04,2025-07-23,19,Extended,3,4,True,High Altitude/Extreme
P-001066,DEP-0003394,8,2025-08-01,2025-08-02,2025-08-26,24,Extended,4,4,True,Remote/Difficult Terrain
P-001066,DEP-0003395,9,2025-09-01,2025-09-03,2025-09-23,20,Extended,3,5,True,Remote/Difficult Terrain
P-001067,DEP-0003396,5,2025-05-01,2025-05-02,2025-05-27,25,Routine,2,2,False,Semi-Urban Outpost
P-001069,DEP-0003397,4,2025-04-01,2025-04-05,2025-04-27,22,Routine,3,2,False,Semi-Urban Outpost
P-001070,DEP-0003398,4,2025-04-01,2025-04-02,2025-04-24,22,Routine,2,2,False,Urban Base
P-001071,DEP-0003399,4,2025-04-01,2025-04-05,2025-04-23,18,Routine,3,2,False,Urban Base
P-001072,DEP-0003400,4,2025-04-01,2025-04-02,2025-04-27,25,Routine,2,1,False,Urban Base
P-001074,DEP-0003401,4,2025-04-01,2025-04-03,2025-04-28,25,Routine,3,2,False,Urban Base
P-001074,DEP-0003402,5,2025-05-01,2025-05-04,2025-05-25,21,Routine,3,1,False,Semi-Urban Outpost
P-001075,DEP-0003403,6,2025-06-01,2025-06-02,2025-06-26,24,High Tempo,4,3,True,Semi-Urban Outpost
P-001075,DEP-0003404,7,2025-07-01,2025-07-02,2025-07-23,21,High Tempo,4,3,True,Semi-Urban Outpost
P-001076,DEP-0003405,5,2025-05-01,2025-05-05,2025-05-26,21,Routine,3,2,False,Urban Base
P-001077,DEP-0003406,5,2025-05-01,2025-05-05,2025-05-23,18,Routine,2,1,False,Urban Base
P-001078,DEP-0003407,3,2025-03-01,2025-03-05,2025-03-25,20,Extended,4,4,True,High Altitude/Extreme
P-001078,DEP-0003408,4,2025-04-01,2025-04-02,2025-04-23,21,Extended,4,4,True,High Altitude/Extreme
P-001078,DEP-0003409,5,2025-05-01,2025-05-05,2025-05-26,21,Extended,4,4,True,Remote/Difficult Terrain
P-001078,DEP-0003410,6,2025-06-01,2025-06-03,2025-06-26,23,Extended,3,4,True,Remote/Difficult Terrain
P-001078,DEP-0003411,7,2025-07-01,2025-07-02,2025-07-23,21,Extended,3,4,True,Remote/Difficult Terrain
P-001078,DEP-0003412,8,2025-08-01,2025-08-05,2025-08-23,18,Extended,3,5,True,High Altitude/Extreme
P-001078,DEP-0003413,9,2025-09-01,2025-09-02,2025-09-25,23,Extended,4,4,True,Remote/Difficult Terrain
P-001080,DEP-0003414,2,2025-02-01,2025-02-04,2025-02-23,19,High Tempo,4,4,True,Remote/Difficult Terrain
P-001080,DEP-0003415,3,2025-03-01,2025-03-02,2025-03-27,25,High Tempo,4,4,True,Remote/Difficult Terrain
P-001080,DEP-0003416,4,2025-04-01,2025-04-05,2025-04-25,20,High Tempo,4,4,True,Remote/Difficult Terrain
P-001080,DEP-0003417,5,2025-05-01,2025-05-02,2025-05-24,22,High Tempo,4,4,True,Remote/Difficult Terrain
P-001081,DEP-0003418,4,2025-04-01,2025-04-04,2025-04-28,24,High Tempo,4,4,True,High Altitude/Extreme
P-001081,DEP-0003419,5,2025-05-01,2025-05-05,2025-05-27,22,Extended,4,5,True,High Altitude/Extreme
P-001081,DEP-0003420,6,2025-06-01,2025-06-04,2025-06-26,22,High Tempo,4,5,True,High Altitude/Extreme
P-001081,DEP-0003421,7,2025-07-01,2025-07-05,2025-07-26,21,High Tempo,5,5,True,High Altitude/Extreme
P-001081,DEP-0003422,8,2025-08-01,2025-08-05,2025-08-28,23,Extended,4,4,True,Remote/Difficult Terrain
P-001081,DEP-0003423,9,2025-09-01,2025-09-05,2025-09-24,19,Extended,5,4,True,High Altitude/Extreme
P-001081,DEP-0003424,10,2025-10-01,2025-10-04,2025-10-27,23,Extended,5,5,True,High Altitude/Extreme
P-001081,DEP-0003425,11,2025-11-01,2025-11-05,2025-11-28,23,High Tempo,4,4,True,High Altitude/Extreme
P-001083,DEP-0003426,4,2025-04-01,2025-04-02,2025-04-27,25,Routine,3,2,False,Urban Base
P-001084,DEP-0003427,2,2025-02-01,2025-02-03,2025-02-25,22,High Tempo,4,4,True,Remote/Difficult Terrain
P-001084,DEP-0003428,3,2025-03-01,2025-03-02,2025-03-23,21,High Tempo,4,4,True,Remote/Difficult Terrain
P-001084,DEP-0003429,4,2025-04-01,2025-04-04,2025-04-28,24,High Tempo,4,4,True,Remote/Difficult Terrain
P-001084,DEP-0003430,5,2025-05-01,2025-05-05,2025-05-26,21,High Tempo,4,4,True,Remote/Difficult Terrain
P-001085,DEP-0003431,2,2025-02-01,2025-02-04,2025-02-28,24,High Tempo,4,4,True,Remote/Difficult Terrain
P-001085,DEP-0003432,3,2025-03-01,2025-03-03,2025-03-25,22,High Tempo,4,4,True,Remote/Difficult Terrain
P-001085,DEP-0003433,4,2025-04-01,2025-04-04,2025-04-23,19,High Tempo,4,4,True,Remote/Difficult Terrain
P-001085,DEP-0003434,5,2025-05-01,2025-05-05,2025-05-28,23,High Tempo,4,4,True,Remote/Difficult Terrain
P-001087,DEP-0003435,4,2025-04-01,2025-04-02,2025-04-28,26,High Tempo,4,4,True,Semi-Urban Outpost
P-001087,DEP-0003436,5,2025-05-01,2025-05-03,2025-05-25,22,High Tempo,3,3,False,Remote/Difficult Terrain
P-001087,DEP-0003437,6,2025-06-01,2025-06-02,2025-06-28,26,High Tempo,4,3,True,Semi-Urban Outpost
P-001087,DEP-0003438,7,2025-07-01,2025-07-02,2025-07-25,23,High Tempo,3,3,False,Remote/Difficult Terrain
P-001087,DEP-0003439,8,2025-08-01,2025-08-03,2025-08-28,25,High Tempo,3,4,True,Remote/Difficult Terrain
P-001088,DEP-0003440,4,2025-04-01,2025-04-02,2025-04-27,25,Routine,3,1,False,Semi-Urban Outpost
P-001089,DEP-0003441,6,2025-06-01,2025-06-04,2025-06-25,21,High Tempo,4,3,True,Semi-Urban Outpost
P-001089,DEP-0003442,7,2025-07-01,2025-07-03,2025-07-24,21,High Tempo,4,3,True,Semi-Urban Outpost
P-001090,DEP-0003443,5,2025-05-01,2025-05-05,2025-05-24,19,Routine,3,2,False,Semi-Urban Outpost
P-001091,DEP-0003444,2,2025-02-01,2025-02-02,2025-02-25,23,High Tempo,4,4,True,Remote/Difficult Terrain
P-001091,DEP-0003445,3,2025-03-01,2025-03-03,2025-03-24,21,High Tempo,4,4,True,Remote/Difficult Terrain
P-001091,DEP-0003446,4,2025-04-01,2025-04-05,2025-04-28,23,High Tempo,4,4,True,Remote/Difficult Terrain
P-001091,DEP-0003447,5,2025-05-01,2025-05-02,2025-05-25,23,High Tempo,4,4,True,Remote/Difficult Terrain
P-001092,DEP-0003448,4,2025-04-01,2025-04-04,2025-04-25,21,High Tempo,3,4,True,Remote/Difficult Terrain
P-001092,DEP-0003449,5,2025-05-01,2025-05-02,2025-05-27,25,High Tempo,3,4,True,Remote/Difficult Terrain
P-001092,DEP-0003450,6,2025-06-01,2025-06-05,2025-06-25,20,High Tempo,3,3,False,Remote/Difficult Terrain
P-001092,DEP-0003451,7,2025-07-01,2025-07-03,2025-07-23,20,High Tempo,4,3,True,Semi-Urban Outpost
P-001092,DEP-0003452,8,2025-08-01,2025-08-04,2025-08-26,22,High Tempo,3,4,True,Semi-Urban Outpost
P-001093,DEP-0003453,4,2025-04-01,2025-04-02,2025-04-23,21,High Tempo,4,4,True,Semi-Urban Outpost
P-001093,DEP-0003454,5,2025-05-01,2025-05-05,2025-05-28,23,High Tempo,3,3,False,Remote/Difficult Terrain
P-001093,DEP-0003455,6,2025-06-01,2025-06-03,2025-06-26,23,High Tempo,4,4,True,Semi-Urban Outpost
P-001093,DEP-0003456,7,2025-07-01,2025-07-04,2025-07-24,20,High Tempo,4,3,True,Semi-Urban Outpost
P-001093,DEP-0003457,8,2025-08-01,2025-08-02,2025-08-27,25,High Tempo,3,3,False,Semi-Urban Outpost
P-001094,DEP-0003458,4,2025-04-01,2025-04-05,2025-04-27,22,High Tempo,4,3,True,Semi-Urban Outpost
P-001094,DEP-0003459,5,2025-05-01,2025-05-04,2025-05-24,20,High Tempo,4,4,True,Semi-Urban Outpost
P-001094,DEP-0003460,6,2025-06-01,2025-06-05,2025-06-23,18,High Tempo,3,4,True,Semi-Urban Outpost
P-001094,DEP-0003461,7,2025-07-01,2025-07-02,2025-07-26,24,High Tempo,4,3,True,Semi-Urban Outpost
P-001094,DEP-0003462,8,2025-08-01,2025-08-04,2025-08-23,19,High Tempo,3,3,False,Semi-Urban Outpost
P-001096,DEP-0003463,4,2025-04-01,2025-04-04,2025-04-25,21,Routine,3,1,False,Semi-Urban Outpost
P-001096,DEP-0003464,5,2025-05-01,2025-05-02,2025-05-27,25,Routine,2,2,False,Semi-Urban Outpost
P-001097,DEP-0003465,5,2025-05-01,2025-05-05,2025-05-25,20,Routine,2,1,False,Urban Base
P-001099,DEP-0003466,4,2025-04-01,2025-04-05,2025-04-27,22,Extended,4,5,True,High Altitude/Extreme
P-001099,DEP-0003467,5,2025-05-01,2025-05-03,2025-05-25,22,High Tempo,4,5,True,High Altitude/Extreme
P-001099,DEP-0003468,6,2025-06-01,2025-06-04,2025-06-26,22,High Tempo,4,5,True,Remote/Difficult Terrain
P-001099,DEP-0003469,7,2025-07-01,2025-07-03,2025-07-26,23,High Tempo,5,4,True,High Altitude/Extreme
P-001099,DEP-0003470,8,2025-08-01,2025-08-04,2025-08-26,22,Extended,4,4,True,High Altitude/Extreme
P-001099,DEP-0003471,9,2025-09-01,2025-09-05,2025-09-24,19,High Tempo,4,4,True,High Altitude/Extreme
P-001099,DEP-0003472,10,2025-10-01,2025-10-05,2025-10-28,23,Extended,4,5,True,High Altitude/Extreme
P-001099,DEP-0003473,11,2025-11-01,2025-11-02,2025-11-28,26,High Tempo,5,5,True,High Altitude/Extreme
P-001100,DEP-0003474,5,2025-05-01,2025-05-02,2025-05-23,21,Routine,3,1,False,Urban Base
P-001102,DEP-0003475,6,2025-06-01,2025-06-03,2025-06-23,20,High Tempo,4,3,True,Semi-Urban Outpost
P-001102,DEP-0003476,7,2025-07-01,2025-07-02,2025-07-24,22,High Tempo,4,3,True,Semi-Urban Outpost
P-001103,DEP-0003477,2,2025-02-01,2025-02-04,2025-02-25,21,High Tempo,4,4,True,Remote/Difficult Terrain
P-001103,DEP-0003478,3,2025-03-01,2025-03-05,2025-03-28,23,High Tempo,4,4,True,Remote/Difficult Terrain
P-001103,DEP-0003479,4,2025-04-01,2025-04-02,2025-04-24,22,High Tempo,4,4,True,Remote/Difficult Terrain
P-001103,DEP-0003480,5,2025-05-01,2025-05-05,2025-05-25,20,High Tempo,4,4,True,Remote/Difficult Terrain
P-001104,DEP-0003481,2,2025-02-01,2025-02-02,2025-02-27,25,High Tempo,4,4,True,Remote/Difficult Terrain
P-001104,DEP-0003482,3,2025-03-01,2025-03-02,2025-03-25,23,High Tempo,4,4,True,Remote/Difficult Terrain
P-001104,DEP-0003483,4,2025-04-01,2025-04-04,2025-04-26,22,High Tempo,4,4,True,Remote/Difficult Terrain
P-001104,DEP-0003484,5,2025-05-01,2025-05-02,2025-05-28,26,High Tempo,4,4,True,Remote/Difficult Terrain
P-001105,DEP-0003485,6,2025-06-01,2025-06-02,2025-06-24,22,High Tempo,4,3,True,Semi-Urban Outpost
P-001105,DEP-0003486,7,2025-07-01,2025-07-04,2025-07-25,21,High Tempo,4,3,True,Semi-Urban Outpost
P-001106,DEP-0003487,4,2025-04-01,2025-04-05,2025-04-24,19,Routine,2,1,False,Urban Base
P-001106,DEP-0003488,5,2025-05-01,2025-05-04,2025-05-23,19,Routine,3,1,False,Semi-Urban Outpost
P-001107,DEP-0003489,4,2025-04-01,2025-04-05,2025-04-25,20,Routine,2,2,False,Semi-Urban Outpost
P-001107,DEP-0003490,5,2025-05-01,2025-05-05,2025-05-26,21,Routine,3,2,False,Semi-Urban Outpost
P-001108,DEP-0003491,3,2025-03-01,2025-03-05,2025-03-25,20,Extended,4,4,True,High Altitude/Extreme
P-001108,DEP-0003492,4,2025-04-01,2025-04-05,2025-04-25,20,Extended,4,5,True,Remote/Difficult Terrain
P-001108,DEP-0003493,5,2025-05-01,2025-05-03,2025-05-27,24,Extended,3,5,True,High Altitude/Extreme
P-001108,DEP-0003494,6,2025-06-01,2025-06-03,2025-06-27,24,Extended,4,4,True,High Altitude/Extreme
P-001108,DEP-0003495,7,2025-07-01,2025-07-02,2025-07-28,26,Extended,4,5,True,High Altitude/Extreme
P-001108,DEP-0003496,8,2025-08-01,2025-08-04,2025-08-23,19,Extended,3,5,True,Remote/Difficult Terrain
P-001108,DEP-0003497,9,2025-09-01,2025-09-05,2025-09-25,20,Extended,4,4,True,High Altitude/Extreme
P-001109,DEP-0003498,3,2025-03-01,2025-03-04,2025-03-24,20,Extended,3,5,True,High Altitude/Extreme
P-001109,DEP-0003499,4,2025-04-01,2025-04-02,2025-04-25,23,Extended,4,5,True,Remote/Difficult Terrain
P-001109,DEP-0003500,5,2025-05-01,2025-05-04,2025-05-26,22,Extended,4,4,True,High Altitude/Extreme
P-001109,DEP-0003501,6,2025-06-01,2025-06-05,2025-06-24,19,Extended,4,4,True,Remote/Difficult Terrain
P-001109,DEP-0003502,7,2025-07-01,2025-07-05,2025-07-23,18,Extended,3,5,True,High Altitude/Extreme
P-001109,DEP-0003503,8,2025-08-01,2025-08-03,2025-08-24,21,Extended,3,4,True,High Altitude/Extreme
P-001109,DEP-0003504,9,2025-09-01,2025-09-02,2025-09-28,26,Extended,3,4,True,Remote/Difficult Terrain
P-001110,DEP-0003505,5,2025-05-01,2025-05-04,2025-05-24,20,Routine,3,2,False,Semi-Urban Outpost
P-001111,DEP-0003506,4,2025-04-01,2025-04-03,2025-04-25,22,Extended,4,5,True,Remote/Difficult Terrain
P-001111,DEP-0003507,5,2025-05-01,2025-05-02,2025-05-27,25,Extended,5,4,True,Remote/Difficult Terrain
P-001111,DEP-0003508,6,2025-06-01,2025-06-02,2025-06-23,21,High Tempo,4,4,True,High Altitude/Extreme
P-001111,DEP-0003509,7,2025-07-01,2025-07-05,2025-07-23,18,Extended,5,5,True,Remote/Difficult Terrain
P-001111,DEP-0003510,8,2025-08-01,2025-08-04,2025-08-23,19,High Tempo,4,4,True,Remote/Difficult Terrain
P-001111,DEP-0003511,9,2025-09-01,2025-09-03,2025-09-26,23,Extended,5,4,True,High Altitude/Extreme
P-001111,DEP-0003512,10,2025-10-01,2025-10-02,2025-10-23,21,High Tempo,4,4,True,Remote/Difficult Terrain
P-001111,DEP-0003513,11,2025-11-01,2025-11-05,2025-11-24,19,Extended,5,5,True,Remote/Difficult Terrain
P-001112,DEP-0003514,4,2025-04-01,2025-04-05,2025-04-27,22,Routine,2,2,False,Semi-Urban Outpost
P-001113,DEP-0003515,4,2025-04-01,2025-04-05,2025-04-23,18,Routine,2,2,False,Semi-Urban Outpost
P-001114,DEP-0003516,4,2025-04-01,2025-04-03,2025-04-26,23,High Tempo,4,3,True,Remote/Difficult Terrain
P-001114,DEP-0003517,5,2025-05-01,2025-05-02,2025-05-25,23,High Tempo,4,3,True,Remote/Difficult Terrain
P-001114,DEP-0003518,6,2025-06-01,2025-06-05,2025-06-25,20,High Tempo,4,4,True,Semi-Urban Outpost
P-001114,DEP-0003519,7,2025-07-01,2025-07-04,2025-07-27,23,High Tempo,4,3,True,Remote/Difficult Terrain
P-001114,DEP-0003520,8,2025-08-01,2025-08-02,2025-08-24,22,High Tempo,3,4,True,Remote/Difficult Terrain
P-001115,DEP-0003521,4,2025-04-01,2025-04-03,2025-04-26,23,High Tempo,3,3,False,Semi-Urban Outpost
P-001115,DEP-0003522,5,2025-05-01,2025-05-02,2025-05-27,25,High Tempo,3,3,False,Semi-Urban Outpost
P-001115,DEP-0003523,6,2025-06-01,2025-06-04,2025-06-28,24,High Tempo,3,3,False,Remote/Difficult Terrain
P-001115,DEP-0003524,7,2025-07-01,2025-07-03,2025-07-25,22,High Tempo,4,4,True,Semi-Urban Outpost
P-001115,DEP-0003525,8,2025-08-01,2025-08-02,2025-08-28,26,High Tempo,3,4,True,Remote/Difficult Terrain
P-001116,DEP-0003526,4,2025-04-01,2025-04-04,2025-04-23,19,High Tempo,3,3,False,Remote/Difficult Terrain
P-001116,DEP-0003527,5,2025-05-01,2025-05-05,2025-05-23,18,High Tempo,4,3,True,Remote/Difficult Terrain
P-001116,DEP-0003528,6,2025-06-01,2025-06-03,2025-06-25,22,High Tempo,4,4,True,Semi-Urban Outpost
P-001116,DEP-0003529,7,2025-07-01,2025-07-03,2025-07-26,23,High Tempo,4,3,True,Semi-Urban Outpost
P-001116,DEP-0003530,8,2025-08-01,2025-08-03,2025-08-28,25,High Tempo,3,3,False,Remote/Difficult Terrain
P-001118,DEP-0003531,2,2025-02-01,2025-02-02,2025-02-28,26,High Tempo,4,4,True,Remote/Difficult Terrain
P-001118,DEP-0003532,3,2025-03-01,2025-03-04,2025-03-24,20,High Tempo,4,4,True,Remote/Difficult Terrain
P-001118,DEP-0003533,4,2025-04-01,2025-04-05,2025-04-23,18,High Tempo,4,4,True,Remote/Difficult Terrain
P-001118,DEP-0003534,5,2025-05-01,2025-05-05,2025-05-26,21,High Tempo,4,4,True,Remote/Difficult Terrain
P-001120,DEP-0003535,4,2025-04-01,2025-04-03,2025-04-28,25,Routine,2,1,False,Urban Base
P-001121,DEP-0003536,2,2025-02-01,2025-02-04,2025-02-24,20,High Tempo,4,4,True,Remote/Difficult Terrain
P-001121,DEP-0003537,3,2025-03-01,2025-03-05,2025-03-28,23,High Tempo,4,4,True,Remote/Difficult Terrain
P-001121,DEP-0003538,4,2025-04-01,2025-04-04,2025-04-25,21,High Tempo,4,4,True,Remote/Difficult Terrain
P-001121,DEP-0003539,5,2025-05-01,2025-05-04,2025-05-25,21,High Tempo,4,4,True,Remote/Difficult Terrain
P-001122,DEP-0003540,6,2025-06-01,2025-06-05,2025-06-23,18,High Tempo,4,3,True,Semi-Urban Outpost
P-001122,DEP-0003541,7,2025-07-01,2025-07-04,2025-07-24,20,High Tempo,4,3,True,Semi-Urban Outpost
P-001123,DEP-0003542,4,2025-04-01,2025-04-04,2025-04-25,21,High Tempo,4,5,True,Remote/Difficult Terrain
P-001123,DEP-0003543,5,2025-05-01,2025-05-05,2025-05-25,20,High Tempo,4,5,True,High Altitude/Extreme
P-001123,DEP-0003544,6,2025-06-01,2025-06-05,2025-06-24,19,Extended,5,5,True,High Altitude/Extreme
P-001123,DEP-0003545,7,2025-07-01,2025-07-03,2025-07-24,21,Extended,5,4,True,High Altitude/Extreme
P-001123,DEP-0003546,8,2025-08-01,2025-08-05,2025-08-26,21,High Tempo,4,5,True,Remote/Difficult Terrain
P-001123,DEP-0003547,9,2025-09-01,2025-09-02,2025-09-24,22,Extended,4,4,True,Remote/Difficult Terrain
P-001123,DEP-0003548,10,2025-10-01,2025-10-02,2025-10-26,24,Extended,5,4,True,Remote/Difficult Terrain
P-001123,DEP-0003549,11,2025-11-01,2025-11-04,2025-11-23,19,High Tempo,5,5,True,High Altitude/Extreme
P-001124,DEP-0003550,4,2025-04-01,2025-04-02,2025-04-27,25,Extended,5,5,True,Remote/Difficult Terrain
P-001124,DEP-0003551,5,2025-05-01,2025-05-03,2025-05-28,25,Extended,4,4,True,High Altitude/Extreme
P-001124,DEP-0003552,6,2025-06-01,2025-06-02,2025-06-28,26,High Tempo,4,4,True,High Altitude/Extreme
P-001124,DEP-0003553,7,2025-07-01,2025-07-04,2025-07-23,19,Extended,4,4,True,Remote/Difficult Terrain
P-001124,DEP-0003554,8,2025-08-01,2025-08-05,2025-08-28,23,High Tempo,5,4,True,Remote/Difficult Terrain
P-001124,DEP-0003555,9,2025-09-01,2025-09-03,2025-09-25,22,Extended,5,5,True,Remote/Difficult Terrain
P-001124,DEP-0003556,10,2025-10-01,2025-10-03,2025-10-25,22,High Tempo,4,5,True,Remote/Difficult Terrain
P-001124,DEP-0003557,11,2025-11-01,2025-11-04,2025-11-25,21,High Tempo,5,4,True,Remote/Difficult Terrain
P-001125,DEP-0003558,3,2025-03-01,2025-03-02,2025-03-27,25,Extended,4,5,True,High Altitude/Extreme
P-001125,DEP-0003559,4,2025-04-01,2025-04-02,2025-04-26,24,Extended,3,5,True,Remote/Difficult Terrain
P-001125,DEP-0003560,5,2025-05-01,2025-05-04,2025-05-27,23,Extended,4,4,True,High Altitude/Extreme
P-001125,DEP-0003561,6,2025-06-01,2025-06-02,2025-06-23,21,Extended,3,5,True,Remote/Difficult Terrain
P-001125,DEP-0003562,7,2025-07-01,2025-07-02,2025-07-25,23,Extended,4,5,True,High Altitude/Extreme
P-001125,DEP-0003563,8,2025-08-01,2025-08-02,2025-08-25,23,Extended,3,5,True,Remote/Difficult Terrain
P-001125,DEP-0003564,9,2025-09-01,2025-09-02,2025-09-23,21,Extended,3,5,True,Remote/Difficult Terrain
P-001126,DEP-0003565,4,2025-04-01,2025-04-02,2025-04-27,25,High Tempo,4,3,True,Semi-Urban Outpost
P-001126,DEP-0003566,5,2025-05-01,2025-05-04,2025-05-25,21,High Tempo,3,4,True,Semi-Urban Outpost
P-001126,DEP-0003567,6,2025-06-01,2025-06-03,2025-06-28,25,High Tempo,3,4,True,Semi-Urban Outpost
P-001126,DEP-0003568,7,2025-07-01,2025-07-05,2025-07-25,20,High Tempo,4,4,True,Semi-Urban Outpost
P-001126,DEP-0003569,8,2025-08-01,2025-08-05,2025-08-23,18,High Tempo,4,3,True,Semi-Urban Outpost
P-001131,DEP-0003570,3,2025-03-01,2025-03-02,2025-03-24,22,Extended,4,4,True,Remote/Difficult Terrain
P-001131,DEP-0003571,4,2025-04-01,2025-04-02,2025-04-28,26,Extended,3,4,True,High Altitude/Extreme
P-001131,DEP-0003572,5,2025-05-01,2025-05-05,2025-05-23,18,Extended,3,5,True,High Altitude/Extreme
P-001131,DEP-0003573,6,2025-06-01,2025-06-03,2025-06-24,21,Extended,4,4,True,High Altitude/Extreme
P-001131,DEP-0003574,7,2025-07-01,2025-07-05,2025-07-28,23,Extended,4,4,True,Remote/Difficult Terrain
P-001131,DEP-0003575,8,2025-08-01,2025-08-03,2025-08-28,25,Extended,4,4,True,Remote/Difficult Terrain
P-001131,DEP-0003576,9,2025-09-01,2025-09-05,2025-09-25,20,Extended,3,5,True,Remote/Difficult Terrain
P-001132,DEP-0003577,4,2025-04-01,2025-04-05,2025-04-27,22,Routine,2,2,False,Semi-Urban Outpost
P-001132,DEP-0003578,5,2025-05-01,2025-05-03,2025-05-23,20,Routine,3,2,False,Semi-Urban Outpost
P-001133,DEP-0003579,5,2025-05-01,2025-05-04,2025-05-24,20,Routine,3,2,False,Semi-Urban Outpost
P-001135,DEP-0003580,3,2025-03-01,2025-03-04,2025-03-25,21,Extended,3,5,True,High Altitude/Extreme
P-001135,DEP-0003581,4,2025-04-01,2025-04-05,2025-04-27,22,Extended,4,5,True,High Altitude/Extreme
P-001135,DEP-0003582,5,2025-05-01,2025-05-05,2025-05-23,18,Extended,4,5,True,High Altitude/Extreme
P-001135,DEP-0003583,6,2025-06-01,2025-06-03,2025-06-24,21,Extended,4,5,True,High Altitude/Extreme
P-001135,DEP-0003584,7,2025-07-01,2025-07-02,2025-07-26,24,Extended,4,5,True,Remote/Difficult Terrain
P-001135,DEP-0003585,8,2025-08-01,2025-08-05,2025-08-28,23,Extended,4,4,True,Remote/Difficult Terrain
P-001135,DEP-0003586,9,2025-09-01,2025-09-05,2025-09-25,20,Extended,3,4,True,Remote/Difficult Terrain
P-001137,DEP-0003587,4,2025-04-01,2025-04-03,2025-04-28,25,Extended,4,5,True,Remote/Difficult Terrain
P-001137,DEP-0003588,5,2025-05-01,2025-05-04,2025-05-25,21,High Tempo,5,4,True,High Altitude/Extreme
P-001137,DEP-0003589,6,2025-06-01,2025-06-03,2025-06-27,24,Extended,5,4,True,High Altitude/Extreme
P-001137,DEP-0003590,7,2025-07-01,2025-07-02,2025-07-23,21,High Tempo,5,4,True,Remote/Difficult Terrain
P-001137,DEP-0003591,8,2025-08-01,2025-08-03,2025-08-26,23,High Tempo,4,5,True,Remote/Difficult Terrain
P-001137,DEP-0003592,9,2025-09-01,2025-09-02,2025-09-23,21,Extended,5,4,True,Remote/Difficult Terrain
P-001137,DEP-0003593,10,2025-10-01,2025-10-04,2025-10-24,20,High Tempo,4,5,True,High Altitude/Extreme
P-001137,DEP-0003594,11,2025-11-01,2025-11-05,2025-11-27,22,High Tempo,5,5,True,Remote/Difficult Terrain
P-001138,DEP-0003595,4,2025-04-01,2025-04-02,2025-04-26,24,Routine,2,2,False,Semi-Urban Outpost
P-001140,DEP-0003596,4,2025-04-01,2025-04-02,2025-04-27,25,High Tempo,3,3,False,Remote/Difficult Terrain
P-001140,DEP-0003597,5,2025-05-01,2025-05-03,2025-05-23,20,High Tempo,4,3,True,Remote/Difficult Terrain
P-001140,DEP-0003598,6,2025-06-01,2025-06-04,2025-06-27,23,High Tempo,3,4,True,Semi-Urban Outpost
P-001140,DEP-0003599,7,2025-07-01,2025-07-02,2025-07-28,26,High Tempo,3,4,True,Remote/Difficult Terrain
P-001140,DEP-0003600,8,2025-08-01,2025-08-04,2025-08-25,21,High Tempo,3,3,False,Remote/Difficult Terrain
P-001141,DEP-0003601,4,2025-04-01,2025-04-05,2025-04-25,20,High Tempo,5,5,True,Remote/Difficult Terrain
P-001141,DEP-0003602,5,2025-05-01,2025-05-05,2025-05-23,18,Extended,4,5,True,High Altitude/Extreme
P-001141,DEP-0003603,6,2025-06-01,2025-06-03,2025-06-25,22,Extended,4,4,True,Remote/Difficult Terrain
P-001141,DEP-0003604,7,2025-07-01,2025-07-05,2025-07-24,19,Extended,4,5,True,High Altitude/Extreme
P-001141,DEP-0003605,8,2025-08-01,2025-08-05,2025-08-28,23,High Tempo,5,5,True,High Altitude/Extreme
P-001141,DEP-0003606,9,2025-09-01,2025-09-05,2025-09-27,22,Extended,4,5,True,Remote/Difficult Terrain
P-001141,DEP-0003607,10,2025-10-01,2025-10-04,2025-10-26,22,Extended,4,4,True,High Altitude/Extreme
P-001141,DEP-0003608,11,2025-11-01,2025-11-04,2025-11-25,21,Extended,5,4,True,Remote/Difficult Terrain
P-001142,DEP-0003609,4,2025-04-01,2025-04-04,2025-04-28,24,Routine,2,1,False,Urban Base
P-001142,DEP-0003610,5,2025-05-01,2025-05-02,2025-05-23,21,Routine,2,1,False,Semi-Urban Outpost
P-001143,DEP-0003611,3,2025-03-01,2025-03-05,2025-03-28,23,Extended,4,4,True,Remote/Difficult Terrain
P-001143,DEP-0003612,4,2025-04-01,2025-04-05,2025-04-26,21,Extended,4,5,True,Remote/Difficult Terrain
P-001143,DEP-0003613,5,2025-05-01,2025-05-04,2025-05-23,19,Extended,3,5,True,High Altitude/Extreme
P-001143,DEP-0003614,6,2025-06-01,2025-06-02,2025-06-23,21,Extended,3,5,True,Remote/Difficult Terrain
P-001143,DEP-0003615,7,2025-07-01,2025-07-04,2025-07-27,23,Extended,4,5,True,High Altitude/Extreme
P-001143,DEP-0003616,8,2025-08-01,2025-08-02,2025-08-27,25,Extended,4,4,True,Remote/Difficult Terrain
P-001143,DEP-0003617,9,2025-09-01,2025-09-05,2025-09-25,20,Extended,4,4,True,Remote/Difficult Terrain
P-001144,DEP-0003618,4,2025-04-01,2025-04-02,2025-04-23,21,High Tempo,3,4,True,Remote/Difficult Terrain
P-001144,DEP-0003619,5,2025-05-01,2025-05-04,2025-05-28,24,High Tempo,4,4,True,Semi-Urban Outpost
P-001144,DEP-0003620,6,2025-06-01,2025-06-02,2025-06-28,26,High Tempo,3,3,False,Semi-Urban Outpost
P-001144,DEP-0003621,7,2025-07-01,2025-07-05,2025-07-25,20,High Tempo,3,3,False,Semi-Urban Outpost
P-001144,DEP-0003622,8,2025-08-01,2025-08-02,2025-08-24,22,High Tempo,4,4,True,Semi-Urban Outpost
P-001146,DEP-0003623,2,2025-02-01,2025-02-04,2025-02-27,23,High Tempo,4,4,True,Remote/Difficult Terrain
P-001146,DEP-0003624,3,2025-03-01,2025-03-04,2025-03-27,23,High Tempo,4,4,True,Remote/Difficult Terrain
P-001146,DEP-0003625,4,2025-04-01,2025-04-05,2025-04-28,23,High Tempo,4,4,True,Remote/Difficult Terrain
P-001146,DEP-0003626,5,2025-05-01,2025-05-02,2025-05-24,22,High Tempo,4,4,True,Remote/Difficult Terrain
P-001147,DEP-0003627,4,2025-04-01,2025-04-04,2025-04-24,20,Extended,4,5,True,Remote/Difficult Terrain
P-001147,DEP-0003628,5,2025-05-01,2025-05-05,2025-05-23,18,Extended,4,4,True,Remote/Difficult Terrain
P-001147,DEP-0003629,6,2025-06-01,2025-06-04,2025-06-24,20,Extended,4,5,True,High Altitude/Extreme
P-001147,DEP-0003630,7,2025-07-01,2025-07-02,2025-07-23,21,Extended,5,4,True,High Altitude/Extreme
P-001147,DEP-0003631,8,2025-08-01,2025-08-02,2025-08-24,22,High Tempo,4,4,True,Remote/Difficult Terrain
P-001147,DEP-0003632,9,2025-09-01,2025-09-03,2025-09-23,20,High Tempo,4,4,True,Remote/Difficult Terrain
P-001147,DEP-0003633,10,2025-10-01,2025-10-03,2025-10-28,25,Extended,4,4,True,High Altitude/Extreme
P-001147,DEP-0003634,11,2025-11-01,2025-11-05,2025-11-26,21,High Tempo,4,5,True,Remote/Difficult Terrain
P-001148,DEP-0003635,3,2025-03-01,2025-03-05,2025-03-28,23,Extended,4,4,True,High Altitude/Extreme
P-001148,DEP-0003636,4,2025-04-01,2025-04-02,2025-04-24,22,Extended,4,4,True,Remote/Difficult Terrain
P-001148,DEP-0003637,5,2025-05-01,2025-05-05,2025-05-27,22,Extended,4,4,True,Remote/Difficult Terrain
P-001148,DEP-0003638,6,2025-06-01,2025-06-04,2025-06-24,20,Extended,3,4,True,High Altitude/Extreme
P-001148,DEP-0003639,7,2025-07-01,2025-07-05,2025-07-25,20,Extended,3,5,True,Remote/Difficult Terrain
P-001148,DEP-0003640,8,2025-08-01,2025-08-05,2025-08-24,19,Extended,3,4,True,High Altitude/Extreme
P-001148,DEP-0003641,9,2025-09-01,2025-09-05,2025-09-25,20,Extended,4,5,True,Remote/Difficult Terrain
P-001149,DEP-0003642,4,2025-04-01,2025-04-04,2025-04-28,24,Extended,4,5,True,High Altitude/Extreme
P-001149,DEP-0003643,5,2025-05-01,2025-05-05,2025-05-26,21,Extended,4,4,True,Remote/Difficult Terrain
P-001149,DEP-0003644,6,2025-06-01,2025-06-03,2025-06-23,20,Extended,4,5,True,Remote/Difficult Terrain
P-001149,DEP-0003645,7,2025-07-01,2025-07-05,2025-07-28,23,Extended,4,5,True,High Altitude/Extreme
P-001149,DEP-0003646,8,2025-08-01,2025-08-04,2025-08-26,22,Extended,5,5,True,High Altitude/Extreme
P-001149,DEP-0003647,9,2025-09-01,2025-09-03,2025-09-25,22,High Tempo,5,5,True,High Altitude/Extreme
P-001149,DEP-0003648,10,2025-10-01,2025-10-05,2025-10-23,18,Extended,4,5,True,High Altitude/Extreme
P-001149,DEP-0003649,11,2025-11-01,2025-11-03,2025-11-24,21,Extended,4,5,True,Remote/Difficult Terrain
P-001150,DEP-0003650,4,2025-04-01,2025-04-03,2025-04-25,22,Extended,5,4,True,Remote/Difficult Terrain
P-001150,DEP-0003651,5,2025-05-01,2025-05-03,2025-05-28,25,High Tempo,4,5,True,Remote/Difficult Terrain
P-001150,DEP-0003652,6,2025-06-01,2025-06-02,2025-06-24,22,High Tempo,5,5,True,Remote/Difficult Terrain
P-001150,DEP-0003653,7,2025-07-01,2025-07-04,2025-07-26,22,Extended,4,5,True,High Altitude/Extreme
P-001150,DEP-0003654,8,2025-08-01,2025-08-02,2025-08-28,26,Extended,4,4,True,High Altitude/Extreme
P-001150,DEP-0003655,9,2025-09-01,2025-09-05,2025-09-27,22,High Tempo,4,4,True,High Altitude/Extreme
P-001150,DEP-0003656,10,2025-10-01,2025-10-03,2025-10-24,21,High Tempo,4,4,True,Remote/Difficult Terrain
P-001150,DEP-0003657,11,2025-11-01,2025-11-04,2025-11-23,19,High Tempo,4,4,True,Remote/Difficult Terrain
P-001151,DEP-0003658,3,2025-03-01,2025-03-02,2025-03-23,21,Extended,4,5,True,High Altitude/Extreme
P-001151,DEP-0003659,4,2025-04-01,2025-04-02,2025-04-25,23,Extended,4,5,True,Remote/Difficult Terrain
P-001151,DEP-0003660,5,2025-05-01,2025-05-02,2025-05-28,26,Extended,3,5,True,High Altitude/Extreme
P-001151,DEP-0003661,6,2025-06-01,2025-06-03,2025-06-23,20,Extended,4,5,True,High Altitude/Extreme
P-001151,DEP-0003662,7,2025-07-01,2025-07-05,2025-07-28,23,Extended,4,4,True,High Altitude/Extreme
P-001151,DEP-0003663,8,2025-08-01,2025-08-02,2025-08-24,22,Extended,4,5,True,High Altitude/Extreme
P-001151,DEP-0003664,9,2025-09-01,2025-09-02,2025-09-28,26,Extended,4,4,True,High Altitude/Extreme
P-001152,DEP-0003665,4,2025-04-01,2025-04-02,2025-04-27,25,Extended,4,4,True,Remote/Difficult Terrain
P-001152,DEP-0003666,5,2025-05-01,2025-05-03,2025-05-27,24,High Tempo,5,5,True,High Altitude/Extreme
P-001152,DEP-0003667,6,2025-06-01,2025-06-04,2025-06-27,23,High Tempo,4,4,True,High Altitude/Extreme
P-001152,DEP-0003668,7,2025-07-01,2025-07-04,2025-07-23,19,Extended,5,5,True,High Altitude/Extreme
P-001152,DEP-0003669,8,2025-08-01,2025-08-02,2025-08-25,23,High Tempo,4,4,True,Remote/Difficult Terrain
P-001152,DEP-0003670,9,2025-09-01,2025-09-03,2025-09-23,20,Extended,5,4,True,Remote/Difficult Terrain
P-001152,DEP-0003671,10,2025-10-01,2025-10-03,2025-10-25,22,Extended,5,4,True,High Altitude/Extreme
P-001152,DEP-0003672,11,2025-11-01,2025-11-05,2025-11-28,23,High Tempo,5,5,True,High Altitude/Extreme
P-001153,DEP-0003673,3,2025-03-01,2025-03-04,2025-03-26,22,Extended,3,5,True,Remote/Difficult Terrain
P-001153,DEP-0003674,4,2025-04-01,2025-04-04,2025-04-23,19,Extended,4,5,True,Remote/Difficult Terrain
P-001153,DEP-0003675,5,2025-05-01,2025-05-03,2025-05-24,21,Extended,4,5,True,High Altitude/Extreme
P-001153,DEP-0003676,6,2025-06-01,2025-06-05,2025-06-24,19,Extended,3,4,True,High Altitude/Extreme
P-001153,DEP-0003677,7,2025-07-01,2025-07-04,2025-07-26,22,Extended,4,5,True,High Altitude/Extreme
P-001153,DEP-0003678,8,2025-08-01,2025-08-03,2025-08-24,21,Extended,3,5,True,High Altitude/Extreme
P-001153,DEP-0003679,9,2025-09-01,2025-09-03,2025-09-28,25,Extended,4,5,True,Remote/Difficult Terrain
P-001154,DEP-0003680,3,2025-03-01,2025-03-04,2025-03-26,22,Extended,4,5,True,Remote/Difficult Terrain
P-001154,DEP-0003681,4,2025-04-01,2025-04-03,2025-04-25,22,Extended,3,5,True,Remote/Difficult Terrain
P-001154,DEP-0003682,5,2025-05-01,2025-05-03,2025-05-24,21,Extended,3,5,True,Remote/Difficult Terrain
P-001154,DEP-0003683,6,2025-06-01,2025-06-05,2025-06-25,20,Extended,4,4,True,Remote/Difficult Terrain
P-001154,DEP-0003684,7,2025-07-01,2025-07-05,2025-07-28,23,Extended,4,4,True,High Altitude/Extreme
P-001154,DEP-0003685,8,2025-08-01,2025-08-05,2025-08-26,21,Extended,4,4,True,Remote/Difficult Terrain
P-001154,DEP-0003686,9,2025-09-01,2025-09-04,2025-09-27,23,Extended,3,4,True,High Altitude/Extreme
P-001155,DEP-0003687,4,2025-04-01,2025-04-03,2025-04-27,24,High Tempo,4,3,True,Semi-Urban Outpost
P-001155,DEP-0003688,5,2025-05-01,2025-05-05,2025-05-25,20,High Tempo,4,4,True,Semi-Urban Outpost
P-001155,DEP-0003689,6,2025-06-01,2025-06-03,2025-06-28,25,High Tempo,4,4,True,Remote/Difficult Terrain
P-001155,DEP-0003690,7,2025-07-01,2025-07-04,2025-07-25,21,High Tempo,3,4,True,Remote/Difficult Terrain
P-001155,DEP-0003691,8,2025-08-01,2025-08-05,2025-08-25,20,High Tempo,3,4,True,Semi-Urban Outpost
P-001156,DEP-0003692,3,2025-03-01,2025-03-03,2025-03-25,22,Extended,3,5,True,High Altitude/Extreme
P-001156,DEP-0003693,4,2025-04-01,2025-04-05,2025-04-27,22,Extended,4,5,True,High Altitude/Extreme
P-001156,DEP-0003694,5,2025-05-01,2025-05-03,2025-05-26,23,Extended,3,4,True,Remote/Difficult Terrain
P-001156,DEP-0003695,6,2025-06-01,2025-06-03,2025-06-24,21,Extended,4,5,True,High Altitude/Extreme
P-001156,DEP-0003696,7,2025-07-01,2025-07-03,2025-07-26,23,Extended,3,5,True,High Altitude/Extreme
P-001156,DEP-0003697,8,2025-08-01,2025-08-04,2025-08-23,19,Extended,3,5,True,Remote/Difficult Terrain
P-001156,DEP-0003698,9,2025-09-01,2025-09-02,2025-09-23,21,Extended,3,4,True,High Altitude/Extreme
P-001157,DEP-0003699,4,2025-04-01,2025-04-02,2025-04-27,25,Routine,2,1,False,Urban Base
P-001158,DEP-0003700,2,2025-02-01,2025-02-03,2025-02-24,21,High Tempo,4,4,True,Remote/Difficult Terrain
P-001158,DEP-0003701,3,2025-03-01,2025-03-02,2025-03-28,26,High Tempo,4,4,True,Remote/Difficult Terrain
P-001158,DEP-0003702,4,2025-04-01,2025-04-03,2025-04-28,25,High Tempo,4,4,True,Remote/Difficult Terrain
P-001158,DEP-0003703,5,2025-05-01,2025-05-02,2025-05-26,24,High Tempo,4,4,True,Remote/Difficult Terrain
P-001159,DEP-0003704,2,2025-02-01,2025-02-04,2025-02-27,23,High Tempo,4,4,True,Remote/Difficult Terrain
P-001159,DEP-0003705,3,2025-03-01,2025-03-02,2025-03-28,26,High Tempo,4,4,True,Remote/Difficult Terrain
P-001159,DEP-0003706,4,2025-04-01,2025-04-03,2025-04-26,23,High Tempo,4,4,True,Remote/Difficult Terrain
P-001159,DEP-0003707,5,2025-05-01,2025-05-03,2025-05-24,21,High Tempo,4,4,True,Remote/Difficult Terrain
P-001161,DEP-0003708,4,2025-04-01,2025-04-03,2025-04-23,20,Extended,5,5,True,High Altitude/Extreme
P-001161,DEP-0003709,5,2025-05-01,2025-05-04,2025-05-26,22,Extended,5,5,True,Remote/Difficult Terrain
P-001161,DEP-0003710,6,2025-06-01,2025-06-04,2025-06-26,22,Extended,5,5,True,High Altitude/Extreme
P-001161,DEP-0003711,7,2025-07-01,2025-07-03,2025-07-23,20,Extended,4,4,True,Remote/Difficult Terrain
P-001161,DEP-0003712,8,2025-08-01,2025-08-02,2025-08-25,23,High Tempo,5,5,True,High Altitude/Extreme
P-001161,DEP-0003713,9,2025-09-01,2025-09-03,2025-09-26,23,Extended,5,5,True,Remote/Difficult Terrain
P-001161,DEP-0003714,10,2025-10-01,2025-10-05,2025-10-28,23,Extended,4,5,True,Remote/Difficult Terrain
P-001161,DEP-0003715,11,2025-11-01,2025-11-03,2025-11-28,25,Extended,4,5,True,Remote/Difficult Terrain
P-001162,DEP-0003716,4,2025-04-01,2025-04-05,2025-04-24,19,Routine,3,2,False,Urban Base
P-001163,DEP-0003717,4,2025-04-01,2025-04-02,2025-04-23,21,Routine,3,1,False,Urban Base
P-001164,DEP-0003718,3,2025-03-01,2025-03-05,2025-03-25,20,Extended,3,5,True,Remote/Difficult Terrain
P-001164,DEP-0003719,4,2025-04-01,2025-04-03,2025-04-27,24,Extended,4,5,True,Remote/Difficult Terrain
P-001164,DEP-0003720,5,2025-05-01,2025-05-03,2025-05-27,24,Extended,4,5,True,High Altitude/Extreme
P-001164,DEP-0003721,6,2025-06-01,2025-06-03,2025-06-24,21,Extended,3,4,True,Remote/Difficult Terrain
P-001164,DEP-0003722,7,2025-07-01,2025-07-04,2025-07-28,24,Extended,4,4,True,High Altitude/Extreme
P-001164,DEP-0003723,8,2025-08-01,2025-08-04,2025-08-23,19,Extended,4,5,True,Remote/Difficult Terrain
P-001164,DEP-0003724,9,2025-09-01,2025-09-05,2025-09-28,23,Extended,3,5,True,High Altitude/Extreme
P-001165,DEP-0003725,4,2025-04-01,2025-04-05,2025-04-28,23,Routine,2,2,False,Urban Base
P-001166,DEP-0003726,4,2025-04-01,2025-04-04,2025-04-25,21,Extended,4,4,True,Remote/Difficult Terrain
P-001166,DEP-0003727,5,2025-05-01,2025-05-04,2025-05-26,22,Extended,5,4,True,Remote/Difficult Terrain
P-001166,DEP-0003728,6,2025-06-01,2025-06-03,2025-06-23,20,Extended,5,4,True,Remote/Difficult Terrain
P-001166,DEP-0003729,7,2025-07-01,2025-07-04,2025-07-28,24,High Tempo,5,5,True,Remote/Difficult Terrain
P-001166,DEP-0003730,8,2025-08-01,2025-08-02,2025-08-28,26,High Tempo,5,4,True,High Altitude/Extreme
P-001166,DEP-0003731,9,2025-09-01,2025-09-04,2025-09-27,23,High Tempo,5,4,True,High Altitude/Extreme
P-001166,DEP-0003732,10,2025-10-01,2025-10-02,2025-10-25,23,High Tempo,4,4,True,High Altitude/Extreme
P-001166,DEP-0003733,11,2025-11-01,2025-11-05,2025-11-25,20,Extended,4,4,True,High Altitude/Extreme
P-001167,DEP-0003734,4,2025-04-01,2025-04-04,2025-04-28,24,High Tempo,4,5,True,Remote/Difficult Terrain
P-001167,DEP-0003735,5,2025-05-01,2025-05-02,2025-05-24,22,High Tempo,4,5,True,Remote/Difficult Terrain
P-001167,DEP-0003736,6,2025-06-01,2025-06-03,2025-06-27,24,Extended,4,5,True,Remote/Difficult Terrain
P-001167,DEP-0003737,7,2025-07-01,2025-07-03,2025-07-26,23,Extended,4,5,True,Remote/Difficult Terrain
P-001167,DEP-0003738,8,2025-08-01,2025-08-03,2025-08-23,20,High Tempo,4,4,True,High Altitude/Extreme
P-001167,DEP-0003739,9,2025-09-01,2025-09-04,2025-09-25,21,High Tempo,4,4,True,Remote/Difficult Terrain
P-001167,DEP-0003740,10,2025-10-01,2025-10-05,2025-10-23,18,Extended,4,4,True,Remote/Difficult Terrain
P-001167,DEP-0003741,11,2025-11-01,2025-11-05,2025-11-23,18,Extended,5,5,True,High Altitude/Extreme
P-001168,DEP-0003742,4,2025-04-01,2025-04-04,2025-04-25,21,High Tempo,3,3,False,Remote/Difficult Terrain
P-001168,DEP-0003743,5,2025-05-01,2025-05-03,2025-05-26,23,High Tempo,3,4,True,Semi-Urban Outpost
P-001168,DEP-0003744,6,2025-06-01,2025-06-02,2025-06-26,24,High Tempo,4,3,True,Semi-Urban Outpost
P-001168,DEP-0003745,7,2025-07-01,2025-07-05,2025-07-26,21,High Tempo,3,4,True,Remote/Difficult Terrain
P-001168,DEP-0003746,8,2025-08-01,2025-08-03,2025-08-23,20,High Tempo,4,3,True,Remote/Difficult Terrain
P-001169,DEP-0003747,5,2025-05-01,2025-05-02,2025-05-24,22,Routine,2,1,False,Semi-Urban Outpost
P-001170,DEP-0003748,4,2025-04-01,2025-04-02,2025-04-26,24,Routine,3,2,False,Semi-Urban Outpost
P-001171,DEP-0003749,4,2025-04-01,2025-04-05,2025-04-23,18,High Tempo,4,3,True,Semi-Urban Outpost
P-001171,DEP-0003750,5,2025-05-01,2025-05-02,2025-05-25,23,High Tempo,3,4,True,Semi-Urban Outpost
P-001171,DEP-0003751,6,2025-06-01,2025-06-02,2025-06-24,22,High Tempo,4,3,True,Semi-Urban Outpost
P-001171,DEP-0003752,7,2025-07-01,2025-07-03,2025-07-28,25,High Tempo,4,4,True,Remote/Difficult Terrain
P-001171,DEP-0003753,8,2025-08-01,2025-08-05,2025-08-24,19,High Tempo,4,3,True,Semi-Urban Outpost
P-001172,DEP-0003754,6,2025-06-01,2025-06-05,2025-06-24,19,High Tempo,4,3,True,Semi-Urban Outpost
P-001172,DEP-0003755,7,2025-07-01,2025-07-04,2025-07-27,23,High Tempo,4,3,True,Semi-Urban Outpost
P-001173,DEP-0003756,4,2025-04-01,2025-04-02,2025-04-23,21,High Tempo,4,4,True,Remote/Difficult Terrain
P-001173,DEP-0003757,5,2025-05-01,2025-05-02,2025-05-25,23,High Tempo,4,3,True,Remote/Difficult Terrain
P-001173,DEP-0003758,6,2025-06-01,2025-06-04,2025-06-23,19,High Tempo,4,4,True,Semi-Urban Outpost
P-001173,DEP-0003759,7,2025-07-01,2025-07-02,2025-07-26,24,High Tempo,3,3,False,Remote/Difficult Terrain
P-001173,DEP-0003760,8,2025-08-01,2025-08-04,2025-08-27,23,High Tempo,4,3,True,Semi-Urban Outpost
P-001174,DEP-0003761,4,2025-04-01,2025-04-02,2025-04-27,25,Routine,3,2,False,Urban Base
P-001175,DEP-0003762,4,2025-04-01,2025-04-02,2025-04-24,22,High Tempo,4,3,True,Semi-Urban Outpost
P-001175,DEP-0003763,5,2025-05-01,2025-05-05,2025-05-25,20,High Tempo,3,3,False,Remote/Difficult Terrain
P-001175,DEP-0003764,6,2025-06-01,2025-06-02,2025-06-25,23,High Tempo,4,4,True,Semi-Urban Outpost
P-001175,DEP-0003765,7,2025-07-01,2025-07-05,2025-07-26,21,High Tempo,3,3,False,Semi-Urban Outpost
P-001175,DEP-0003766,8,2025-08-01,2025-08-02,2025-08-26,24,High Tempo,3,3,False,Semi-Urban Outpost
P-001176,DEP-0003767,4,2025-04-01,2025-04-03,2025-04-23,20,High Tempo,3,4,True,Semi-Urban Outpost
P-001176,DEP-0003768,5,2025-05-01,2025-05-04,2025-05-25,21,High Tempo,4,3,True,Remote/Difficult Terrain
P-001176,DEP-0003769,6,2025-06-01,2025-06-02,2025-06-24,22,High Tempo,3,4,True,Remote/Difficult Terrain
P-001176,DEP-0003770,7,2025-07-01,2025-07-04,2025-07-26,22,High Tempo,3,3,False,Remote/Difficult Terrain
P-001176,DEP-0003771,8,2025-08-01,2025-08-02,2025-08-25,23,High Tempo,3,3,False,Semi-Urban Outpost
P-001177,DEP-0003772,4,2025-04-01,2025-04-03,2025-04-26,23,High Tempo,5,4,True,High Altitude/Extreme
P-001177,DEP-0003773,5,2025-05-01,2025-05-02,2025-05-26,24,Extended,5,5,True,High Altitude/Extreme
P-001177,DEP-0003774,6,2025-06-01,2025-06-03,2025-06-28,25,High Tempo,5,5,True,Remote/Difficult Terrain
P-001177,DEP-0003775,7,2025-07-01,2025-07-03,2025-07-26,23,Extended,5,5,True,Remote/Difficult Terrain
P-001177,DEP-0003776,8,2025-08-01,2025-08-03,2025-08-26,23,Extended,4,5,True,Remote/Difficult Terrain
P-001177,DEP-0003777,9,2025-09-01,2025-09-04,2025-09-26,22,Extended,5,5,True,Remote/Difficult Terrain
P-001177,DEP-0003778,10,2025-10-01,2025-10-03,2025-10-23,20,High Tempo,5,5,True,Remote/Difficult Terrain
P-001177,DEP-0003779,11,2025-11-01,2025-11-03,2025-11-27,24,Extended,4,4,True,High Altitude/Extreme
P-001178,DEP-0003780,4,2025-04-01,2025-04-04,2025-04-25,21,Routine,2,2,False,Semi-Urban Outpost
P-001178,DEP-0003781,5,2025-05-01,2025-05-02,2025-05-26,24,Routine,3,2,False,Semi-Urban Outpost
P-001179,DEP-0003782,3,2025-03-01,2025-03-03,2025-03-27,24,Extended,4,5,True,Remote/Difficult Terrain
P-001179,DEP-0003783,4,2025-04-01,2025-04-05,2025-04-25,20,Extended,3,5,True,High Altitude/Extreme
P-001179,DEP-0003784,5,2025-05-01,2025-05-02,2025-05-27,25,Extended,4,5,True,High Altitude/Extreme
P-001179,DEP-0003785,6,2025-06-01,2025-06-04,2025-06-25,21,Extended,4,5,True,Remote/Difficult Terrain
P-001179,DEP-0003786,7,2025-07-01,2025-07-03,2025-07-25,22,Extended,3,4,True,High Altitude/Extreme
P-001179,DEP-0003787,8,2025-08-01,2025-08-04,2025-08-27,23,Extended,4,5,True,High Altitude/Extreme
P-001179,DEP-0003788,9,2025-09-01,2025-09-05,2025-09-27,22,Extended,3,4,True,Remote/Difficult Terrain
P-001180,DEP-0003789,4,2025-04-01,2025-04-04,2025-04-28,24,High Tempo,4,4,True,Semi-Urban Outpost
P-001180,DEP-0003790,5,2025-05-01,2025-05-04,2025-05-23,19,High Tempo,4,3,True,Remote/Difficult Terrain
P-001180,DEP-0003791,6,2025-06-01,2025-06-03,2025-06-24,21,High Tempo,4,4,True,Semi-Urban Outpost
P-001180,DEP-0003792,7,2025-07-01,2025-07-04,2025-07-24,20,High Tempo,3,3,False,Remote/Difficult Terrain
P-001180,DEP-0003793,8,2025-08-01,2025-08-05,2025-08-23,18,High Tempo,4,3,True,Remote/Difficult Terrain
P-001181,DEP-0003794,6,2025-06-01,2025-06-03,2025-06-27,24,High Tempo,4,3,True,Semi-Urban Outpost
P-001181,DEP-0003795,7,2025-07-01,2025-07-05,2025-07-24,19,High Tempo,4,3,True,Semi-Urban Outpost
P-001183,DEP-0003796,4,2025-04-01,2025-04-03,2025-04-27,24,High Tempo,3,4,True,Remote/Difficult Terrain
P-001183,DEP-0003797,5,2025-05-01,2025-05-02,2025-05-23,21,High Tempo,4,4,True,Semi-Urban Outpost
P-001183,DEP-0003798,6,2025-06-01,2025-06-03,2025-06-24,21,High Tempo,4,3,True,Semi-Urban Outpost
P-001183,DEP-0003799,7,2025-07-01,2025-07-03,2025-07-25,22,High Tempo,3,4,True,Remote/Difficult Terrain
P-001183,DEP-0003800,8,2025-08-01,2025-08-04,2025-08-27,23,High Tempo,4,4,True,Remote/Difficult Terrain
P-001184,DEP-0003801,2,2025-02-01,2025-02-05,2025-02-23,18,High Tempo,4,4,True,Remote/Difficult Terrain
P-001184,DEP-0003802,3,2025-03-01,2025-03-04,2025-03-24,20,High Tempo,4,4,True,Remote/Difficult Terrain
P-001184,DEP-0003803,4,2025-04-01,2025-04-05,2025-04-27,22,High Tempo,4,4,True,Remote/Difficult Terrain
P-001184,DEP-0003804,5,2025-05-01,2025-05-02,2025-05-24,22,High Tempo,4,4,True,Remote/Difficult Terrain
P-001185,DEP-0003805,5,2025-05-01,2025-05-05,2025-05-24,19,Routine,2,2,False,Urban Base
P-001186,DEP-0003806,2,2025-02-01,2025-02-05,2025-02-28,23,High Tempo,4,4,True,Remote/Difficult Terrain
P-001186,DEP-0003807,3,2025-03-01,2025-03-03,2025-03-24,21,High Tempo,4,4,True,Remote/Difficult Terrain
P-001186,DEP-0003808,4,2025-04-01,2025-04-05,2025-04-27,22,High Tempo,4,4,True,Remote/Difficult Terrain
P-001186,DEP-0003809,5,2025-05-01,2025-05-04,2025-05-23,19,High Tempo,4,4,True,Remote/Difficult Terrain
P-001187,DEP-0003810,3,2025-03-01,2025-03-04,2025-03-27,23,Extended,3,5,True,High Altitude/Extreme
P-001187,DEP-0003811,4,2025-04-01,2025-04-02,2025-04-25,23,Extended,4,5,True,High Altitude/Extreme
P-001187,DEP-0003812,5,2025-05-01,2025-05-05,2025-05-24,19,Extended,3,4,True,Remote/Difficult Terrain
P-001187,DEP-0003813,6,2025-06-01,2025-06-05,2025-06-25,20,Extended,4,5,True,High Altitude/Extreme
P-001187,DEP-0003814,7,2025-07-01,2025-07-05,2025-07-24,19,Extended,3,5,True,Remote/Difficult Terrain
P-001187,DEP-0003815,8,2025-08-01,2025-08-02,2025-08-24,22,Extended,3,5,True,Remote/Difficult Terrain
P-001187,DEP-0003816,9,2025-09-01,2025-09-02,2025-09-25,23,Extended,4,4,True,High Altitude/Extreme
P-001188,DEP-0003817,5,2025-05-01,2025-05-02,2025-05-27,25,Routine,2,1,False,Urban Base
P-001190,DEP-0003818,3,2025-03-01,2025-03-02,2025-03-24,22,Extended,3,4,True,Remote/Difficult Terrain
P-001190,DEP-0003819,4,2025-04-01,2025-04-03,2025-04-27,24,Extended,3,4,True,High Altitude/Extreme
P-001190,DEP-0003820,5,2025-05-01,2025-05-05,2025-05-26,21,Extended,3,4,True,High Altitude/Extreme
P-001190,DEP-0003821,6,2025-06-01,2025-06-03,2025-06-24,21,Extended,3,4,True,High Altitude/Extreme
P-001190,DEP-0003822,7,2025-07-01,2025-07-04,2025-07-26,22,Extended,4,4,True,High Altitude/Extreme
P-001190,DEP-0003823,8,2025-08-01,2025-08-04,2025-08-28,24,Extended,4,4,True,Remote/Difficult Terrain
P-001190,DEP-0003824,9,2025-09-01,2025-09-02,2025-09-24,22,Extended,4,4,True,High Altitude/Extreme
P-001192,DEP-0003825,4,2025-04-01,2025-04-05,2025-04-25,20,High Tempo,4,3,True,Remote/Difficult Terrain
P-001192,DEP-0003826,5,2025-05-01,2025-05-03,2025-05-27,24,High Tempo,4,3,True,Remote/Difficult Terrain
P-001192,DEP-0003827,6,2025-06-01,2025-06-02,2025-06-23,21,High Tempo,3,4,True,Remote/Difficult Terrain
P-001192,DEP-0003828,7,2025-07-01,2025-07-04,2025-07-28,24,High Tempo,3,3,False,Remote/Difficult Terrain
P-001192,DEP-0003829,8,2025-08-01,2025-08-02,2025-08-23,21,High Tempo,3,3,False,Semi-Urban Outpost
P-001193,DEP-0003830,4,2025-04-01,2025-04-02,2025-04-27,25,Routine,2,1,False,Urban Base
P-001194,DEP-0003831,4,2025-04-01,2025-04-05,2025-04-28,23,High Tempo,4,4,True,Remote/Difficult Terrain
P-001194,DEP-0003832,5,2025-05-01,2025-05-04,2025-05-24,20,High Tempo,3,4,True,Remote/Difficult Terrain
P-001194,DEP-0003833,6,2025-06-01,2025-06-02,2025-06-25,23,High Tempo,4,4,True,Remote/Difficult Terrain
P-001194,DEP-0003834,7,2025-07-01,2025-07-03,2025-07-24,21,High Tempo,4,3,True,Remote/Difficult Terrain
P-001194,DEP-0003835,8,2025-08-01,2025-08-02,2025-08-25,23,High Tempo,3,4,True,Semi-Urban Outpost
P-001195,DEP-0003836,4,2025-04-01,2025-04-02,2025-04-26,24,Routine,3,2,False,Semi-Urban Outpost
P-001196,DEP-0003837,2,2025-02-01,2025-02-02,2025-02-24,22,High Tempo,4,4,True,Remote/Difficult Terrain
P-001196,DEP-0003838,3,2025-03-01,2025-03-03,2025-03-25,22,High Tempo,4,4,True,Remote/Difficult Terrain
P-001196,DEP-0003839,4,2025-04-01,2025-04-02,2025-04-28,26,High Tempo,4,4,True,Remote/Difficult Terrain
P-001196,DEP-0003840,5,2025-05-01,2025-05-03,2025-05-26,23,High Tempo,4,4,True,Remote/Difficult Terrain
P-001197,DEP-0003841,6,2025-06-01,2025-06-02,2025-06-27,25,High Tempo,4,3,True,Semi-Urban Outpost
P-001197,DEP-0003842,7,2025-07-01,2025-07-03,2025-07-24,21,High Tempo,4,3,True,Semi-Urban Outpost
P-001198,DEP-0003843,6,2025-06-01,2025-06-05,2025-06-25,20,High Tempo,4,3,True,Semi-Urban Outpost
P-001198,DEP-0003844,7,2025-07-01,2025-07-02,2025-07-26,24,High Tempo,4,3,True,Semi-Urban Outpost
P-001199,DEP-0003845,3,2025-03-01,2025-03-02,2025-03-24,22,Extended,4,5,True,Remote/Difficult Terrain
P-001199,DEP-0003846,4,2025-04-01,2025-04-03,2025-04-26,23,Extended,3,5,True,High Altitude/Extreme
P-001199,DEP-0003847,5,2025-05-01,2025-05-02,2025-05-28,26,Extended,3,4,True,Remote/Difficult Terrain
P-001199,DEP-0003848,6,2025-06-01,2025-06-04,2025-06-24,20,Extended,4,4,True,Remote/Difficult Terrain
P-001199,DEP-0003849,7,2025-07-01,2025-07-04,2025-07-24,20,Extended,4,4,True,High Altitude/Extreme
P-001199,DEP-0003850,8,2025-08-01,2025-08-05,2025-08-26,21,Extended,4,4,True,High Altitude/Extreme
P-001199,DEP-0003851,9,2025-09-01,2025-09-05,2025-09-26,21,Extended,3,4,True,Remote/Difficult Terrain
P-001200,DEP-0003852,5,2025-05-01,2025-05-02,2025-05-26,24,Routine,3,2,False,Urban Base
P-001201,DEP-0003853,3,2025-03-01,2025-03-05,2025-03-23,18,Extended,4,4,True,High Altitude/Extreme
P-001201,DEP-0003854,4,2025-04-01,2025-04-02,2025-04-23,21,Extended,4,4,True,Remote/Difficult Terrain
P-001201,DEP-0003855,5,2025-05-01,2025-05-03,2025-05-26,23,Extended,4,4,True,High Altitude/Extreme
P-001201,DEP-0003856,6,2025-06-01,2025-06-05,2025-06-25,20,Extended,3,5,True,Remote/Difficult Terrain
P-001201,DEP-0003857,7,2025-07-01,2025-07-02,2025-07-23,21,Extended,4,4,True,Remote/Difficult Terrain
P-001201,DEP-0003858,8,2025-08-01,2025-08-03,2025-08-24,21,Extended,4,5,True,Remote/Difficult Terrain
P-001201,DEP-0003859,9,2025-09-01,2025-09-02,2025-09-24,22,Extended,3,5,True,Remote/Difficult Terrain
P-001202,DEP-0003860,4,2025-04-01,2025-04-02,2025-04-25,23,Routine,2,1,False,Semi-Urban Outpost
P-001204,DEP-0003861,4,2025-04-01,2025-04-02,2025-04-26,24,Routine,2,1,False,Semi-Urban Outpost
P-001204,DEP-0003862,5,2025-05-01,2025-05-04,2025-05-23,19,Routine,2,1,False,Urban Base
P-001205,DEP-0003863,5,2025-05-01,2025-05-04,2025-05-27,23,Routine,2,1,False,Semi-Urban Outpost
P-001206,DEP-0003864,4,2025-04-01,2025-04-03,2025-04-25,22,Extended,5,4,True,High Altitude/Extreme
P-001206,DEP-0003865,5,2025-05-01,2025-05-04,2025-05-25,21,High Tempo,5,4,True,Remote/Difficult Terrain
P-001206,DEP-0003866,6,2025-06-01,2025-06-04,2025-06-24,20,High Tempo,5,5,True,Remote/Difficult Terrain
P-001206,DEP-0003867,7,2025-07-01,2025-07-02,2025-07-27,25,Extended,4,5,True,Remote/Difficult Terrain
P-001206,DEP-0003868,8,2025-08-01,2025-08-03,2025-08-26,23,Extended,5,4,True,High Altitude/Extreme
P-001206,DEP-0003869,9,2025-09-01,2025-09-04,2025-09-27,23,High Tempo,5,5,True,High Altitude/Extreme
P-001206,DEP-0003870,10,2025-10-01,2025-10-03,2025-10-27,24,High Tempo,4,4,True,Remote/Difficult Terrain
P-001206,DEP-0003871,11,2025-11-01,2025-11-04,2025-11-24,20,High Tempo,5,5,True,Remote/Difficult Terrain
P-001207,DEP-0003872,3,2025-03-01,2025-03-04,2025-03-24,20,Extended,4,4,True,Remote/Difficult Terrain
P-001207,DEP-0003873,4,2025-04-01,2025-04-05,2025-04-23,18,Extended,3,5,True,High Altitude/Extreme
P-001207,DEP-0003874,5,2025-05-01,2025-05-05,2025-05-23,18,Extended,3,5,True,Remote/Difficult Terrain
P-001207,DEP-0003875,6,2025-06-01,2025-06-02,2025-06-26,24,Extended,3,5,True,Remote/Difficult Terrain
P-001207,DEP-0003876,7,2025-07-01,2025-07-02,2025-07-27,25,Extended,3,4,True,High Altitude/Extreme
P-001207,DEP-0003877,8,2025-08-01,2025-08-04,2025-08-28,24,Extended,4,4,True,Remote/Difficult Terrain
P-001207,DEP-0003878,9,2025-09-01,2025-09-02,2025-09-28,26,Extended,3,5,True,High Altitude/Extreme
P-001210,DEP-0003879,6,2025-06-01,2025-06-04,2025-06-25,21,High Tempo,4,3,True,Semi-Urban Outpost
P-001210,DEP-0003880,7,2025-07-01,2025-07-05,2025-07-23,18,High Tempo,4,3,True,Semi-Urban Outpost
P-001211,DEP-0003881,4,2025-04-01,2025-04-05,2025-04-27,22,Routine,3,1,False,Semi-Urban Outpost
P-001212,DEP-0003882,4,2025-04-01,2025-04-02,2025-04-28,26,Routine,3,2,False,Urban Base
P-001213,DEP-0003883,5,2025-05-01,2025-05-03,2025-05-25,22,Routine,2,1,False,Urban Base
P-001214,DEP-0003884,4,2025-04-01,2025-04-04,2025-04-24,20,Extended,4,5,True,Remote/Difficult Terrain
P-001214,DEP-0003885,5,2025-05-01,2025-05-05,2025-05-26,21,Extended,4,5,True,High Altitude/Extreme
P-001214,DEP-0003886,6,2025-06-01,2025-06-04,2025-06-25,21,Extended,5,4,True,Remote/Difficult Terrain
P-001214,DEP-0003887,7,2025-07-01,2025-07-02,2025-07-26,24,Extended,5,4,True,High Altitude/Extreme
P-001214,DEP-0003888,8,2025-08-01,2025-08-04,2025-08-26,22,Extended,4,5,True,High Altitude/Extreme
P-001214,DEP-0003889,9,2025-09-01,2025-09-02,2025-09-26,24,High Tempo,5,4,True,Remote/Difficult Terrain
P-001214,DEP-0003890,10,2025-10-01,2025-10-03,2025-10-27,24,Extended,4,4,True,High Altitude/Extreme
P-001214,DEP-0003891,11,2025-11-01,2025-11-05,2025-11-28,23,High Tempo,4,5,True,Remote/Difficult Terrain
P-001215,DEP-0003892,3,2025-03-01,2025-03-02,2025-03-24,22,Extended,3,5,True,High Altitude/Extreme
P-001215,DEP-0003893,4,2025-04-01,2025-04-02,2025-04-28,26,Extended,3,5,True,High Altitude/Extreme
P-001215,DEP-0003894,5,2025-05-01,2025-05-04,2025-05-24,20,Extended,3,5,True,High Altitude/Extreme
P-001215,DEP-0003895,6,2025-06-01,2025-06-04,2025-06-24,20,Extended,3,4,True,Remote/Difficult Terrain
P-001215,DEP-0003896,7,2025-07-01,2025-07-03,2025-07-26,23,Extended,3,5,True,High Altitude/Extreme
P-001215,DEP-0003897,8,2025-08-01,2025-08-03,2025-08-25,22,Extended,4,5,True,Remote/Difficult Terrain
P-001215,DEP-0003898,9,2025-09-01,2025-09-04,2025-09-27,23,Extended,4,5,True,Remote/Difficult Terrain
P-001216,DEP-0003899,5,2025-05-01,2025-05-05,2025-05-28,23,Routine,2,2,False,Semi-Urban Outpost
P-001218,DEP-0003900,3,2025-03-01,2025-03-03,2025-03-24,21,Extended,3,4,True,Remote/Difficult Terrain
P-001218,DEP-0003901,4,2025-04-01,2025-04-02,2025-04-28,26,Extended,3,5,True,High Altitude/Extreme
P-001218,DEP-0003902,5,2025-05-01,2025-05-03,2025-05-24,21,Extended,4,4,True,High Altitude/Extreme
P-001218,DEP-0003903,6,2025-06-01,2025-06-05,2025-06-24,19,Extended,3,4,True,Remote/Difficult Terrain
P-001218,DEP-0003904,7,2025-07-01,2025-07-02,2025-07-23,21,Extended,4,5,True,High Altitude/Extreme
P-001218,DEP-0003905,8,2025-08-01,2025-08-05,2025-08-24,19,Extended,3,5,True,High Altitude/Extreme
P-001218,DEP-0003906,9,2025-09-01,2025-09-05,2025-09-24,19,Extended,4,5,True,High Altitude/Extreme
P-001219,DEP-0003907,3,2025-03-01,2025-03-03,2025-03-27,24,Extended,3,5,True,High Altitude/Extreme
P-001219,DEP-0003908,4,2025-04-01,2025-04-04,2025-04-25,21,Extended,3,4,True,Remote/Difficult Terrain
P-001219,DEP-0003909,5,2025-05-01,2025-05-05,2025-05-28,23,Extended,3,5,True,High Altitude/Extreme
P-001219,DEP-0003910,6,2025-06-01,2025-06-04,2025-06-26,22,Extended,3,5,True,High Altitude/Extreme
P-001219,DEP-0003911,7,2025-07-01,2025-07-03,2025-07-24,21,Extended,4,5,True,Remote/Difficult Terrain
P-001219,DEP-0003912,8,2025-08-01,2025-08-02,2025-08-26,24,Extended,4,5,True,Remote/Difficult Terrain
P-001219,DEP-0003913,9,2025-09-01,2025-09-02,2025-09-25,23,Extended,4,4,True,High Altitude/Extreme
P-001220,DEP-0003914,4,2025-04-01,2025-04-03,2025-04-23,20,Routine,3,1,False,Semi-Urban Outpost
P-001221,DEP-0003915,6,2025-06-01,2025-06-04,2025-06-27,23,High Tempo,4,3,True,Semi-Urban Outpost
P-001221,DEP-0003916,7,2025-07-01,2025-07-03,2025-07-23,20,High Tempo,4,3,True,Semi-Urban Outpost
P-001222,DEP-0003917,4,2025-04-01,2025-04-04,2025-04-26,22,Routine,3,2,False,Semi-Urban Outpost
P-001223,DEP-0003918,5,2025-05-01,2025-05-05,2025-05-25,20,Routine,2,1,False,Urban Base
P-001224,DEP-0003919,2,2025-02-01,2025-02-05,2025-02-26,21,High Tempo,4,4,True,Remote/Difficult Terrain
P-001224,DEP-0003920,3,2025-03-01,2025-03-04,2025-03-28,24,High Tempo,4,4,True,Remote/Difficult Terrain
P-001224,DEP-0003921,4,2025-04-01,2025-04-02,2025-04-24,22,High Tempo,4,4,True,Remote/Difficult Terrain
P-001224,DEP-0003922,5,2025-05-01,2025-05-03,2025-05-25,22,High Tempo,4,4,True,Remote/Difficult Terrain
P-001226,DEP-0003923,4,2025-04-01,2025-04-02,2025-04-24,22,High Tempo,4,3,True,Remote/Difficult Terrain
P-001226,DEP-0003924,5,2025-05-01,2025-05-03,2025-05-25,22,High Tempo,3,3,False,Remote/Difficult Terrain
P-001226,DEP-0003925,6,2025-06-01,2025-06-03,2025-06-25,22,High Tempo,3,3,False,Remote/Difficult Terrain
P-001226,DEP-0003926,7,2025-07-01,2025-07-05,2025-07-28,23,High Tempo,4,4,True,Semi-Urban Outpost
P-001226,DEP-0003927,8,2025-08-01,2025-08-02,2025-08-28,26,High Tempo,3,3,False,Remote/Difficult Terrain
P-001228,DEP-0003928,4,2025-04-01,2025-04-02,2025-04-27,25,Routine,3,2,False,Semi-Urban Outpost
P-001229,DEP-0003929,6,2025-06-01,2025-06-02,2025-06-23,21,High Tempo,4,3,True,Semi-Urban Outpost
P-001229,DEP-0003930,7,2025-07-01,2025-07-04,2025-07-24,20,High Tempo,4,3,True,Semi-Urban Outpost
P-001230,DEP-0003931,4,2025-04-01,2025-04-04,2025-04-25,21,Routine,2,1,False,Semi-Urban Outpost
P-001230,DEP-0003932,5,2025-05-01,2025-05-04,2025-05-25,21,Routine,3,1,False,Semi-Urban Outpost
P-001231,DEP-0003933,2,2025-02-01,2025-02-03,2025-02-27,24,High Tempo,4,4,True,Remote/Difficult Terrain
P-001231,DEP-0003934,3,2025-03-01,2025-03-05,2025-03-26,21,High Tempo,4,4,True,Remote/Difficult Terrain
P-001231,DEP-0003935,4,2025-04-01,2025-04-04,2025-04-26,22,High Tempo,4,4,True,Remote/Difficult Terrain
P-001231,DEP-0003936,5,2025-05-01,2025-05-05,2025-05-28,23,High Tempo,4,4,True,Remote/Difficult Terrain
P-001233,DEP-0003937,5,2025-05-01,2025-05-02,2025-05-27,25,Routine,3,1,False,Semi-Urban Outpost
P-001234,DEP-0003938,4,2025-04-01,2025-04-04,2025-04-27,23,Routine,2,2,False,Semi-Urban Outpost
P-001235,DEP-0003939,3,2025-03-01,2025-03-05,2025-03-26,21,Extended,3,5,True,High Altitude/Extreme
P-001235,DEP-0003940,4,2025-04-01,2025-04-05,2025-04-27,22,Extended,4,5,True,High Altitude/Extreme
P-001235,DEP-0003941,5,2025-05-01,2025-05-03,2025-05-26,23,Extended,4,5,True,Remote/Difficult Terrain
P-001235,DEP-0003942,6,2025-06-01,2025-06-04,2025-06-25,21,Extended,3,5,True,Remote/Difficult Terrain
P-001235,DEP-0003943,7,2025-07-01,2025-07-05,2025-07-23,18,Extended,4,4,True,Remote/Difficult Terrain
P-001235,DEP-0003944,8,2025-08-01,2025-08-03,2025-08-26,23,Extended,4,4,True,High Altitude/Extreme
P-001235,DEP-0003945,9,2025-09-01,2025-09-02,2025-09-25,23,Extended,3,4,True,High Altitude/Extreme
P-001236,DEP-0003946,5,2025-05-01,2025-05-03,2025-05-28,25,Routine,2,1,False,Urban Base
P-001237,DEP-0003947,4,2025-04-01,2025-04-05,2025-04-28,23,High Tempo,4,5,True,High Altitude/Extreme
P-001237,DEP-0003948,5,2025-05-01,2025-05-04,2025-05-25,21,High Tempo,5,4,True,Remote/Difficult Terrain
P-001237,DEP-0003949,6,2025-06-01,2025-06-02,2025-06-26,24,High Tempo,4,5,True,Remote/Difficult Terrain
P-001237,DEP-0003950,7,2025-07-01,2025-07-02,2025-07-27,25,Extended,4,5,True,High Altitude/Extreme
P-001237,DEP-0003951,8,2025-08-01,2025-08-05,2025-08-25,20,High Tempo,5,4,True,Remote/Difficult Terrain
P-001237,DEP-0003952,9,2025-09-01,2025-09-04,2025-09-24,20,Extended,5,5,True,Remote/Difficult Terrain
P-001237,DEP-0003953,10,2025-10-01,2025-10-02,2025-10-24,22,Extended,5,4,True,Remote/Difficult Terrain
P-001237,DEP-0003954,11,2025-11-01,2025-11-03,2025-11-28,25,Extended,4,4,True,Remote/Difficult Terrain
P-001238,DEP-0003955,5,2025-05-01,2025-05-05,2025-05-26,21,Routine,3,2,False,Semi-Urban Outpost
P-001239,DEP-0003956,6,2025-06-01,2025-06-02,2025-06-25,23,High Tempo,4,3,True,Semi-Urban Outpost
P-001239,DEP-0003957,7,2025-07-01,2025-07-04,2025-07-25,21,High Tempo,4,3,True,Semi-Urban Outpost
P-001241,DEP-0003958,4,2025-04-01,2025-04-02,2025-04-24,22,Extended,5,4,True,Remote/Difficult Terrain
P-001241,DEP-0003959,5,2025-05-01,2025-05-03,2025-05-28,25,Extended,4,4,True,Remote/Difficult Terrain
P-001241,DEP-0003960,6,2025-06-01,2025-06-02,2025-06-23,21,High Tempo,4,5,True,Remote/Difficult Terrain
P-001241,DEP-0003961,7,2025-07-01,2025-07-02,2025-07-24,22,Extended,5,4,True,High Altitude/Extreme
P-001241,DEP-0003962,8,2025-08-01,2025-08-02,2025-08-24,22,High Tempo,5,4,True,High Altitude/Extreme
P-001241,DEP-0003963,9,2025-09-01,2025-09-02,2025-09-24,22,High Tempo,4,5,True,Remote/Difficult Terrain
P-001241,DEP-0003964,10,2025-10-01,2025-10-03,2025-10-27,24,Extended,4,5,True,Remote/Difficult Terrain
P-001241,DEP-0003965,11,2025-11-01,2025-11-04,2025-11-25,21,High Tempo,4,5,True,Remote/Difficult Terrain
P-001242,DEP-0003966,4,2025-04-01,2025-04-02,2025-04-25,23,High Tempo,5,4,True,High Altitude/Extreme
P-001242,DEP-0003967,5,2025-05-01,2025-05-03,2025-05-27,24,Extended,4,5,True,High Altitude/Extreme
P-001242,DEP-0003968,6,2025-06-01,2025-06-04,2025-06-28,24,Extended,4,5,True,High Altitude/Extreme
P-001242,DEP-0003969,7,2025-07-01,2025-07-03,2025-07-24,21,Extended,5,5,True,High Altitude/Extreme
P-001242,DEP-0003970,8,2025-08-01,2025-08-03,2025-08-23,20,High Tempo,5,5,True,High Altitude/Extreme
P-001242,DEP-0003971,9,2025-09-01,2025-09-02,2025-09-24,22,High Tempo,4,5,True,Remote/Difficult Terrain
P-001242,DEP-0003972,10,2025-10-01,2025-10-05,2025-10-27,22,Extended,5,5,True,High Altitude/Extreme
P-001242,DEP-0003973,11,2025-11-01,2025-11-05,2025-11-23,18,Extended,5,4,True,High Altitude/Extreme
P-001243,DEP-0003974,4,2025-04-01,2025-04-02,2025-04-25,23,High Tempo,5,5,True,Remote/Difficult Terrain
P-001243,DEP-0003975,5,2025-05-01,2025-05-05,2025-05-25,20,High Tempo,5,5,True,High Altitude/Extreme
P-001243,DEP-0003976,6,2025-06-01,2025-06-02,2025-06-27,25,High Tempo,5,4,True,High Altitude/Extreme
P-001243,DEP-0003977,7,2025-07-01,2025-07-03,2025-07-24,21,High Tempo,4,4,True,High Altitude/Extreme
P-001243,DEP-0003978,8,2025-08-01,2025-08-04,2025-08-24,20,Extended,4,5,True,Remote/Difficult Terrain
P-001243,DEP-0003979,9,2025-09-01,2025-09-02,2025-09-27,25,Extended,5,4,True,Remote/Difficult Terrain
P-001243,DEP-0003980,10,2025-10-01,2025-10-03,2025-10-24,21,High Tempo,4,4,True,High Altitude/Extreme
P-001243,DEP-0003981,11,2025-11-01,2025-11-05,2025-11-24,19,Extended,4,5,True,High Altitude/Extreme
P-001244,DEP-0003982,4,2025-04-01,2025-04-02,2025-04-26,24,Extended,5,4,True,Remote/Difficult Terrain
P-001244,DEP-0003983,5,2025-05-01,2025-05-03,2025-05-25,22,High Tempo,5,5,True,Remote/Difficult Terrain
P-001244,DEP-0003984,6,2025-06-01,2025-06-02,2025-06-27,25,High Tempo,4,5,True,High Altitude/Extreme
P-001244,DEP-0003985,7,2025-07-01,2025-07-05,2025-07-23,18,Extended,5,4,True,High Altitude/Extreme
P-001244,DEP-0003986,8,2025-08-01,2025-08-03,2025-08-25,22,Extended,5,4,True,Remote/Difficult Terrain
P-001244,DEP-0003987,9,2025-09-01,2025-09-05,2025-09-23,18,High Tempo,4,5,True,High Altitude/Extreme
P-001244,DEP-0003988,10,2025-10-01,2025-10-02,2025-10-23,21,High Tempo,5,4,True,Remote/Difficult Terrain
P-001244,DEP-0003989,11,2025-11-01,2025-11-05,2025-11-28,23,High Tempo,4,5,True,High Altitude/Extreme
P-001245,DEP-0003990,3,2025-03-01,2025-03-03,2025-03-28,25,Extended,4,4,True,Remote/Difficult Terrain
P-001245,DEP-0003991,4,2025-04-01,2025-04-03,2025-04-28,25,Extended,3,5,True,Remote/Difficult Terrain
P-001245,DEP-0003992,5,2025-05-01,2025-05-02,2025-05-23,21,Extended,4,4,True,Remote/Difficult Terrain
P-001245,DEP-0003993,6,2025-06-01,2025-06-02,2025-06-23,21,Extended,3,5,True,High Altitude/Extreme
P-001245,DEP-0003994,7,2025-07-01,2025-07-05,2025-07-26,21,Extended,3,5,True,Remote/Difficult Terrain
P-001245,DEP-0003995,8,2025-08-01,2025-08-05,2025-08-28,23,Extended,4,5,True,Remote/Difficult Terrain
P-001245,DEP-0003996,9,2025-09-01,2025-09-04,2025-09-24,20,Extended,3,5,True,High Altitude/Extreme
P-001246,DEP-0003997,4,2025-04-01,2025-04-05,2025-04-24,19,High Tempo,4,4,True,Semi-Urban Outpost
P-001246,DEP-0003998,5,2025-05-01,2025-05-03,2025-05-23,20,High Tempo,4,4,True,Remote/Difficult Terrain
P-001246,DEP-0003999,6,2025-06-01,2025-06-03,2025-06-27,24,High Tempo,3,3,False,Remote/Difficult Terrain
P-001246,DEP-0004000,7,2025-07-01,2025-07-05,2025-07-28,23,High Tempo,3,3,False,Semi-Urban Outpost
P-001246,DEP-0004001,8,2025-08-01,2025-08-02,2025-08-23,21,High Tempo,4,3,True,Semi-Urban Outpost
P-001248,DEP-0004002,4,2025-04-01,2025-04-04,2025-04-24,20,Routine,2,2,False,Semi-Urban Outpost
P-001249,DEP-0004003,2,2025-02-01,2025-02-05,2025-02-23,18,High Tempo,4,4,True,Remote/Difficult Terrain
P-001249,DEP-0004004,3,2025-03-01,2025-03-03,2025-03-23,20,High Tempo,4,4,True,Remote/Difficult Terrain
P-001249,DEP-0004005,4,2025-04-01,2025-04-04,2025-04-26,22,High Tempo,4,4,True,Remote/Difficult Terrain
P-001249,DEP-0004006,5,2025-05-01,2025-05-03,2025-05-25,22,High Tempo,4,4,True,Remote/Difficult Terrain
P-001250,DEP-0004007,4,2025-04-01,2025-04-04,2025-04-23,19,High Tempo,4,4,True,Remote/Difficult Terrain
P-001250,DEP-0004008,5,2025-05-01,2025-05-04,2025-05-28,24,High Tempo,4,3,True,Remote/Difficult Terrain
P-001250,DEP-0004009,6,2025-06-01,2025-06-02,2025-06-26,24,High Tempo,3,4,True,Remote/Difficult Terrain
P-001250,DEP-0004010,7,2025-07-01,2025-07-05,2025-07-28,23,High Tempo,3,4,True,Remote/Difficult Terrain
P-001250,DEP-0004011,8,2025-08-01,2025-08-05,2025-08-25,20,High Tempo,4,4,True,Remote/Difficult Terrain
P-001251,DEP-0004012,4,2025-04-01,2025-04-03,2025-04-26,23,High Tempo,5,4,True,Remote/Difficult Terrain
P-001251,DEP-0004013,5,2025-05-01,2025-05-02,2025-05-28,26,Extended,5,5,True,Remote/Difficult Terrain
P-001251,DEP-0004014,6,2025-06-01,2025-06-05,2025-06-28,23,High Tempo,5,5,True,Remote/Difficult Terrain
P-001251,DEP-0004015,7,2025-07-01,2025-07-05,2025-07-27,22,High Tempo,5,4,True,High Altitude/Extreme
P-001251,DEP-0004016,8,2025-08-01,2025-08-02,2025-08-24,22,Extended,5,5,True,Remote/Difficult Terrain
P-001251,DEP-0004017,9,2025-09-01,2025-09-02,2025-09-23,21,Extended,5,5,True,High Altitude/Extreme
P-001251,DEP-0004018,10,2025-10-01,2025-10-04,2025-10-26,22,Extended,4,4,True,Remote/Difficult Terrain
P-001251,DEP-0004019,11,2025-11-01,2025-11-04,2025-11-23,19,High Tempo,4,4,True,Remote/Difficult Terrain
P-001252,DEP-0004020,4,2025-04-01,2025-04-04,2025-04-26,22,Routine,2,1,False,Urban Base
P-001253,DEP-0004021,4,2025-04-01,2025-04-03,2025-04-27,24,Routine,2,2,False,Urban Base
P-001253,DEP-0004022,5,2025-05-01,2025-05-04,2025-05-28,24,Routine,2,1,False,Urban Base
P-001254,DEP-0004023,4,2025-04-01,2025-04-04,2025-04-28,24,Routine,3,1,False,Semi-Urban Outpost
P-001254,DEP-0004024,5,2025-05-01,2025-05-02,2025-05-23,21,Routine,3,2,False,Semi-Urban Outpost
P-001255,DEP-0004025,3,2025-03-01,2025-03-04,2025-03-26,22,Extended,4,4,True,Remote/Difficult Terrain
P-001255,DEP-0004026,4,2025-04-01,2025-04-02,2025-04-25,23,Extended,4,5,True,Remote/Difficult Terrain
P-001255,DEP-0004027,5,2025-05-01,2025-05-05,2025-05-28,23,Extended,3,5,True,Remote/Difficult Terrain
P-001255,DEP-0004028,6,2025-06-01,2025-06-03,2025-06-27,24,Extended,3,5,True,High Altitude/Extreme
P-001255,DEP-0004029,7,2025-07-01,2025-07-05,2025-07-27,22,Extended,3,5,True,High Altitude/Extreme
P-001255,DEP-0004030,8,2025-08-01,2025-08-05,2025-08-28,23,Extended,3,5,True,High Altitude/Extreme
P-001255,DEP-0004031,9,2025-09-01,2025-09-05,2025-09-23,18,Extended,3,4,True,Remote/Difficult Terrain
P-001256,DEP-0004032,4,2025-04-01,2025-04-04,2025-04-25,21,Routine,3,1,False,Semi-Urban Outpost
P-001257,DEP-0004033,4,2025-04-01,2025-04-04,2025-04-27,23,Routine,3,1,False,Urban Base
P-001258,DEP-0004034,5,2025-05-01,2025-05-05,2025-05-28,23,Routine,3,2,False,Semi-Urban Outpost
P-001260,DEP-0004035,4,2025-04-01,2025-04-03,2025-04-23,20,High Tempo,3,4,True,Remote/Difficult Terrain
P-001260,DEP-0004036,5,2025-05-01,2025-05-03,2025-05-24,21,High Tempo,4,3,True,Semi-Urban Outpost
P-001260,DEP-0004037,6,2025-06-01,2025-06-03,2025-06-24,21,High Tempo,3,3,False,Remote/Difficult Terrain
P-001260,DEP-0004038,7,2025-07-01,2025-07-03,2025-07-25,22,High Tempo,3,4,True,Semi-Urban Outpost
P-001260,DEP-0004039,8,2025-08-01,2025-08-02,2025-08-23,21,High Tempo,3,3,False,Semi-Urban Outpost
P-001261,DEP-0004040,4,2025-04-01,2025-04-04,2025-04-24,20,Routine,2,2,False,Urban Base
P-001262,DEP-0004041,4,2025-04-01,2025-04-05,2025-04-26,21,High Tempo,4,4,True,High Altitude/Extreme
P-001262,DEP-0004042,5,2025-05-01,2025-05-03,2025-05-24,21,Extended,5,5,True,High Altitude/Extreme
P-001262,DEP-0004043,6,2025-06-01,2025-06-04,2025-06-27,23,Extended,4,5,True,High Altitude/Extreme
P-001262,DEP-0004044,7,2025-07-01,2025-07-04,2025-07-23,19,High Tempo,5,4,True,Remote/Difficult Terrain
P-001262,DEP-0004045,8,2025-08-01,2025-08-04,2025-08-24,20,High Tempo,4,5,True,High Altitude/Extreme
P-001262,DEP-0004046,9,2025-09-01,2025-09-04,2025-09-27,23,High Tempo,5,4,True,High Altitude/Extreme
P-001262,DEP-0004047,10,2025-10-01,2025-10-05,2025-10-26,21,Extended,4,4,True,Remote/Difficult Terrain
P-001262,DEP-0004048,11,2025-11-01,2025-11-04,2025-11-28,24,High Tempo,5,5,True,High Altitude/Extreme
P-001266,DEP-0004049,4,2025-04-01,2025-04-03,2025-04-25,22,Routine,2,2,False,Urban Base
P-001266,DEP-0004050,5,2025-05-01,2025-05-05,2025-05-23,18,Routine,2,1,False,Semi-Urban Outpost
P-001267,DEP-0004051,4,2025-04-01,2025-04-05,2025-04-23,18,Routine,3,1,False,Urban Base
P-001269,DEP-0004052,4,2025-04-01,2025-04-03,2025-04-25,22,High Tempo,4,3,True,Remote/Difficult Terrain
P-001269,DEP-0004053,5,2025-05-01,2025-05-05,2025-05-24,19,High Tempo,4,3,True,Remote/Difficult Terrain
P-001269,DEP-0004054,6,2025-06-01,2025-06-04,2025-06-26,22,High Tempo,4,3,True,Remote/Difficult Terrain
P-001269,DEP-0004055,7,2025-07-01,2025-07-02,2025-07-23,21,High Tempo,4,4,True,Remote/Difficult Terrain
P-001269,DEP-0004056,8,2025-08-01,2025-08-05,2025-08-26,21,High Tempo,4,3,True,Remote/Difficult Terrain
P-001270,DEP-0004057,5,2025-05-01,2025-05-05,2025-05-28,23,Routine,2,2,False,Urban Base
P-001271,DEP-0004058,3,2025-03-01,2025-03-04,2025-03-27,23,Extended,3,5,True,Remote/Difficult Terrain
P-001271,DEP-0004059,4,2025-04-01,2025-04-03,2025-04-26,23,Extended,4,4,True,High Altitude/Extreme
P-001271,DEP-0004060,5,2025-05-01,2025-05-03,2025-05-25,22,Extended,4,4,True,High Altitude/Extreme
P-001271,DEP-0004061,6,2025-06-01,2025-06-05,2025-06-28,23,Extended,4,4,True,Remote/Difficult Terrain
P-001271,DEP-0004062,7,2025-07-01,2025-07-04,2025-07-26,22,Extended,3,4,True,High Altitude/Extreme
P-001271,DEP-0004063,8,2025-08-01,2025-08-02,2025-08-27,25,Extended,3,5,True,High Altitude/Extreme
P-001271,DEP-0004064,9,2025-09-01,2025-09-02,2025-09-24,22,Extended,4,4,True,Remote/Difficult Terrain
P-001272,DEP-0004065,4,2025-04-01,2025-04-05,2025-04-23,18,High Tempo,5,4,True,High Altitude/Extreme
P-001272,DEP-0004066,5,2025-05-01,2025-05-03,2025-05-27,24,High Tempo,4,4,True,Remote/Difficult Terrain
P-001272,DEP-0004067,6,2025-06-01,2025-06-03,2025-06-26,23,Extended,5,4,True,Remote/Difficult Terrain
P-001272,DEP-0004068,7,2025-07-01,2025-07-02,2025-07-28,26,High Tempo,4,4,True,Remote/Difficult Terrain
P-001272,DEP-0004069,8,2025-08-01,2025-08-02,2025-08-28,26,Extended,4,5,True,High Altitude/Extreme
P-001272,DEP-0004070,9,2025-09-01,2025-09-04,2025-09-27,23,High Tempo,5,5,True,High Altitude/Extreme
P-001272,DEP-0004071,10,2025-10-01,2025-10-02,2025-10-24,22,High Tempo,4,4,True,High Altitude/Extreme
P-001272,DEP-0004072,11,2025-11-01,2025-11-03,2025-11-26,23,High Tempo,4,5,True,Remote/Difficult Terrain
P-001273,DEP-0004073,4,2025-04-01,2025-04-03,2025-04-27,24,High Tempo,4,5,True,High Altitude/Extreme
P-001273,DEP-0004074,5,2025-05-01,2025-05-04,2025-05-25,21,Extended,5,4,True,Remote/Difficult Terrain
P-001273,DEP-0004075,6,2025-06-01,2025-06-02,2025-06-25,23,High Tempo,5,4,True,Remote/Difficult Terrain
P-001273,DEP-0004076,7,2025-07-01,2025-07-03,2025-07-25,22,High Tempo,5,4,True,High Altitude/Extreme
P-001273,DEP-0004077,8,2025-08-01,2025-08-03,2025-08-23,20,Extended,4,5,True,Remote/Difficult Terrain
P-001273,DEP-0004078,9,2025-09-01,2025-09-02,2025-09-26,24,Extended,5,5,True,Remote/Difficult Terrain
P-001273,DEP-0004079,10,2025-10-01,2025-10-03,2025-10-25,22,Extended,5,4,True,High Altitude/Extreme
P-001273,DEP-0004080,11,2025-11-01,2025-11-05,2025-11-27,22,Extended,4,5,True,Remote/Difficult Terrain
P-001275,DEP-0004081,4,2025-04-01,2025-04-02,2025-04-23,21,Routine,2,1,False,Urban Base
P-001275,DEP-0004082,5,2025-05-01,2025-05-02,2025-05-27,25,Routine,3,1,False,Urban Base
P-001276,DEP-0004083,4,2025-04-01,2025-04-04,2025-04-24,20,Routine,3,1,False,Urban Base
P-001278,DEP-0004084,6,2025-06-01,2025-06-05,2025-06-28,23,High Tempo,4,3,True,Semi-Urban Outpost
P-001278,DEP-0004085,7,2025-07-01,2025-07-02,2025-07-24,22,High Tempo,4,3,True,Semi-Urban Outpost
P-001279,DEP-0004086,5,2025-05-01,2025-05-02,2025-05-28,26,Routine,2,2,False,Urban Base
P-001281,DEP-0004087,4,2025-04-01,2025-04-04,2025-04-28,24,High Tempo,3,4,True,Remote/Difficult Terrain
P-001281,DEP-0004088,5,2025-05-01,2025-05-04,2025-05-24,20,High Tempo,4,4,True,Remote/Difficult Terrain
P-001281,DEP-0004089,6,2025-06-01,2025-06-04,2025-06-27,23,High Tempo,4,3,True,Semi-Urban Outpost
P-001281,DEP-0004090,7,2025-07-01,2025-07-03,2025-07-23,20,High Tempo,3,4,True,Semi-Urban Outpost
P-001281,DEP-0004091,8,2025-08-01,2025-08-05,2025-08-27,22,High Tempo,3,3,False,Remote/Difficult Terrain
P-001282,DEP-0004092,3,2025-03-01,2025-03-04,2025-03-24,20,Extended,3,5,True,High Altitude/Extreme
P-001282,DEP-0004093,4,2025-04-01,2025-04-03,2025-04-28,25,Extended,3,5,True,High Altitude/Extreme
P-001282,DEP-0004094,5,2025-05-01,2025-05-05,2025-05-24,19,Extended,4,4,True,Remote/Difficult Terrain
P-001282,DEP-0004095,6,2025-06-01,2025-06-05,2025-06-28,23,Extended,4,4,True,High Altitude/Extreme
P-001282,DEP-0004096,7,2025-07-01,2025-07-02,2025-07-27,25,Extended,4,5,True,Remote/Difficult Terrain
P-001282,DEP-0004097,8,2025-08-01,2025-08-04,2025-08-27,23,Extended,4,5,True,Remote/Difficult Terrain
P-001282,DEP-0004098,9,2025-09-01,2025-09-02,2025-09-27,25,Extended,3,5,True,Remote/Difficult Terrain
P-001283,DEP-0004099,4,2025-04-01,2025-04-05,2025-04-28,23,High Tempo,3,3,False,Remote/Difficult Terrain
P-001283,DEP-0004100,5,2025-05-01,2025-05-03,2025-05-27,24,High Tempo,4,4,True,Semi-Urban Outpost
P-001283,DEP-0004101,6,2025-06-01,2025-06-02,2025-06-25,23,High Tempo,4,4,True,Semi-Urban Outpost
P-001283,DEP-0004102,7,2025-07-01,2025-07-04,2025-07-24,20,High Tempo,3,3,False,Semi-Urban Outpost
P-001283,DEP-0004103,8,2025-08-01,2025-08-04,2025-08-28,24,High Tempo,3,4,True,Remote/Difficult Terrain
P-001286,DEP-0004104,4,2025-04-01,2025-04-03,2025-04-27,24,High Tempo,4,4,True,Semi-Urban Outpost
P-001286,DEP-0004105,5,2025-05-01,2025-05-04,2025-05-24,20,High Tempo,4,3,True,Remote/Difficult Terrain
P-001286,DEP-0004106,6,2025-06-01,2025-06-02,2025-06-24,22,High Tempo,4,3,True,Semi-Urban Outpost
P-001286,DEP-0004107,7,2025-07-01,2025-07-02,2025-07-28,26,High Tempo,3,3,False,Remote/Difficult Terrain
P-001286,DEP-0004108,8,2025-08-01,2025-08-05,2025-08-28,23,High Tempo,4,4,True,Remote/Difficult Terrain
P-001287,DEP-0004109,5,2025-05-01,2025-05-02,2025-05-26,24,Routine,2,1,False,Urban Base
P-001288,DEP-0004110,4,2025-04-01,2025-04-05,2025-04-25,20,Routine,2,1,False,Semi-Urban Outpost
P-001290,DEP-0004111,4,2025-04-01,2025-04-03,2025-04-27,24,Routine,3,1,False,Urban Base
P-001292,DEP-0004112,4,2025-04-01,2025-04-02,2025-04-25,23,Routine,3,1,False,Urban Base
P-001292,DEP-0004113,5,2025-05-01,2025-05-04,2025-05-26,22,Routine,2,2,False,Semi-Urban Outpost
P-001293,DEP-0004114,4,2025-04-01,2025-04-05,2025-04-24,19,High Tempo,3,4,True,Remote/Difficult Terrain
P-001293,DEP-0004115,5,2025-05-01,2025-05-03,2025-05-28,25,High Tempo,3,4,True,Remote/Difficult Terrain
P-001293,DEP-0004116,6,2025-06-01,2025-06-04,2025-06-26,22,High Tempo,4,3,True,Remote/Difficult Terrain
P-001293,DEP-0004117,7,2025-07-01,2025-07-02,2025-07-27,25,High Tempo,3,4,True,Semi-Urban Outpost
P-001293,DEP-0004118,8,2025-08-01,2025-08-02,2025-08-23,21,High Tempo,4,3,True,Remote/Difficult Terrain
P-001294,DEP-0004119,3,2025-03-01,2025-03-04,2025-03-26,22,Extended,4,4,True,High Altitude/Extreme
P-001294,DEP-0004120,4,2025-04-01,2025-04-02,2025-04-27,25,Extended,4,4,True,Remote/Difficult Terrain
P-001294,DEP-0004121,5,2025-05-01,2025-05-04,2025-05-23,19,Extended,4,4,True,Remote/Difficult Terrain
P-001294,DEP-0004122,6,2025-06-01,2025-06-05,2025-06-27,22,Extended,3,4,True,Remote/Difficult Terrain
P-001294,DEP-0004123,7,2025-07-01,2025-07-04,2025-07-28,24,Extended,3,4,True,High Altitude/Extreme
P-001294,DEP-0004124,8,2025-08-01,2025-08-04,2025-08-25,21,Extended,4,5,True,High Altitude/Extreme
P-001294,DEP-0004125,9,2025-09-01,2025-09-05,2025-09-24,19,Extended,3,4,True,Remote/Difficult Terrain
P-001295,DEP-0004126,4,2025-04-01,2025-04-05,2025-04-26,21,Extended,5,4,True,Remote/Difficult Terrain
P-001295,DEP-0004127,5,2025-05-01,2025-05-03,2025-05-28,25,High Tempo,5,5,True,Remote/Difficult Terrain
P-001295,DEP-0004128,6,2025-06-01,2025-06-05,2025-06-23,18,High Tempo,4,4,True,Remote/Difficult Terrain
P-001295,DEP-0004129,7,2025-07-01,2025-07-02,2025-07-28,26,Extended,5,5,True,High Altitude/Extreme
P-001295,DEP-0004130,8,2025-08-01,2025-08-05,2025-08-25,20,Extended,5,4,True,High Altitude/Extreme
P-001295,DEP-0004131,9,2025-09-01,2025-09-05,2025-09-26,21,High Tempo,4,4,True,High Altitude/Extreme
P-001295,DEP-0004132,10,2025-10-01,2025-10-05,2025-10-24,19,Extended,5,5,True,High Altitude/Extreme
P-001295,DEP-0004133,11,2025-11-01,2025-11-05,2025-11-27,22,Extended,4,4,True,High Altitude/Extreme
P-001297,DEP-0004134,4,2025-04-01,2025-04-03,2025-04-28,25,Routine,3,2,False,Semi-Urban Outpost
P-001297,DEP-0004135,5,2025-05-01,2025-05-03,2025-05-26,23,Routine,3,2,False,Semi-Urban Outpost
P-001299,DEP-0004136,4,2025-04-01,2025-04-03,2025-04-28,25,High Tempo,4,4,True,Remote/Difficult Terrain
P-001299,DEP-0004137,5,2025-05-01,2025-05-04,2025-05-28,24,High Tempo,3,3,False,Remote/Difficult Terrain
P-001299,DEP-0004138,6,2025-06-01,2025-06-03,2025-06-28,25,High Tempo,4,4,True,Semi-Urban Outpost
P-001299,DEP-0004139,7,2025-07-01,2025-07-02,2025-07-27,25,High Tempo,3,3,False,Semi-Urban Outpost
P-001299,DEP-0004140,8,2025-08-01,2025-08-04,2025-08-24,20,High Tempo,3,3,False,Semi-Urban Outpost
P-001300,DEP-0004141,3,2025-03-01,2025-03-03,2025-03-27,24,Extended,4,4,True,High Altitude/Extreme
P-001300,DEP-0004142,4,2025-04-01,2025-04-04,2025-04-26,22,Extended,3,4,True,High Altitude/Extreme
P-001300,DEP-0004143,5,2025-05-01,2025-05-02,2025-05-24,22,Extended,4,4,True,High Altitude/Extreme
P-001300,DEP-0004144,6,2025-06-01,2025-06-02,2025-06-27,25,Extended,3,4,True,High Altitude/Extreme
P-001300,DEP-0004145,7,2025-07-01,2025-07-03,2025-07-23,20,Extended,4,4,True,High Altitude/Extreme
P-001300,DEP-0004146,8,2025-08-01,2025-08-03,2025-08-26,23,Extended,3,4,True,High Altitude/Extreme
P-001300,DEP-0004147,9,2025-09-01,2025-09-03,2025-09-23,20,Extended,4,4,True,Remote/Difficult Terrain
P-001301,DEP-0004148,4,2025-04-01,2025-04-05,2025-04-23,18,Routine,2,1,False,Urban Base
P-001302,DEP-0004149,2,2025-02-01,2025-02-05,2025-02-23,18,High Tempo,4,4,True,Remote/Difficult Terrain
P-001302,DEP-0004150,3,2025-03-01,2025-03-03,2025-03-23,20,High Tempo,4,4,True,Remote/Difficult Terrain
P-001302,DEP-0004151,4,2025-04-01,2025-04-03,2025-04-23,20,High Tempo,4,4,True,Remote/Difficult Terrain
P-001302,DEP-0004152,5,2025-05-01,2025-05-04,2025-05-24,20,High Tempo,4,4,True,Remote/Difficult Terrain
P-001304,DEP-0004153,4,2025-04-01,2025-04-03,2025-04-25,22,High Tempo,3,4,True,Semi-Urban Outpost
P-001304,DEP-0004154,5,2025-05-01,2025-05-02,2025-05-27,25,High Tempo,3,3,False,Remote/Difficult Terrain
P-001304,DEP-0004155,6,2025-06-01,2025-06-04,2025-06-24,20,High Tempo,4,4,True,Remote/Difficult Terrain
P-001304,DEP-0004156,7,2025-07-01,2025-07-03,2025-07-26,23,High Tempo,4,4,True,Semi-Urban Outpost
P-001304,DEP-0004157,8,2025-08-01,2025-08-03,2025-08-24,21,High Tempo,4,4,True,Remote/Difficult Terrain
P-001305,DEP-0004158,3,2025-03-01,2025-03-03,2025-03-23,20,Extended,4,4,True,High Altitude/Extreme
P-001305,DEP-0004159,4,2025-04-01,2025-04-04,2025-04-24,20,Extended,4,5,True,High Altitude/Extreme
P-001305,DEP-0004160,5,2025-05-01,2025-05-04,2025-05-24,20,Extended,4,4,True,High Altitude/Extreme
P-001305,DEP-0004161,6,2025-06-01,2025-06-05,2025-06-26,21,Extended,4,4,True,High Altitude/Extreme
P-001305,DEP-0004162,7,2025-07-01,2025-07-03,2025-07-28,25,Extended,3,4,True,High Altitude/Extreme
P-001305,DEP-0004163,8,2025-08-01,2025-08-04,2025-08-25,21,Extended,3,4,True,High Altitude/Extreme
P-001305,DEP-0004164,9,2025-09-01,2025-09-05,2025-09-27,22,Extended,3,5,True,Remote/Difficult Terrain
P-001306,DEP-0004165,2,2025-02-01,2025-02-03,2025-02-26,23,High Tempo,4,4,True,Remote/Difficult Terrain
P-001306,DEP-0004166,3,2025-03-01,2025-03-05,2025-03-26,21,High Tempo,4,4,True,Remote/Difficult Terrain
P-001306,DEP-0004167,4,2025-04-01,2025-04-03,2025-04-25,22,High Tempo,4,4,True,Remote/Difficult Terrain
P-001306,DEP-0004168,5,2025-05-01,2025-05-04,2025-05-27,23,High Tempo,4,4,True,Remote/Difficult Terrain
P-001307,DEP-0004169,3,2025-03-01,2025-03-03,2025-03-28,25,Extended,3,4,True,High Altitude/Extreme
P-001307,DEP-0004170,4,2025-04-01,2025-04-05,2025-04-25,20,Extended,3,5,True,High Altitude/Extreme
P-001307,DEP-0004171,5,2025-05-01,2025-05-02,2025-05-24,22,Extended,4,4,True,High Altitude/Extreme
P-001307,DEP-0004172,6,2025-06-01,2025-06-05,2025-06-26,21,Extended,3,5,True,High Altitude/Extreme
P-001307,DEP-0004173,7,2025-07-01,2025-07-02,2025-07-25,23,Extended,3,5,True,Remote/Difficult Terrain
P-001307,DEP-0004174,8,2025-08-01,2025-08-04,2025-08-28,24,Extended,4,5,True,Remote/Difficult Terrain
P-001307,DEP-0004175,9,2025-09-01,2025-09-04,2025-09-24,20,Extended,3,4,True,High Altitude/Extreme
P-001308,DEP-0004176,4,2025-04-01,2025-04-03,2025-04-28,25,Extended,5,5,True,Remote/Difficult Terrain
P-001308,DEP-0004177,5,2025-05-01,2025-05-03,2025-05-26,23,High Tempo,5,5,True,Remote/Difficult Terrain
P-001308,DEP-0004178,6,2025-06-01,2025-06-03,2025-06-28,25,Extended,4,5,True,High Altitude/Extreme
P-001308,DEP-0004179,7,2025-07-01,2025-07-05,2025-07-25,20,High Tempo,5,4,True,High Altitude/Extreme
P-001308,DEP-0004180,8,2025-08-01,2025-08-03,2025-08-24,21,High Tempo,5,4,True,High Altitude/Extreme
P-001308,DEP-0004181,9,2025-09-01,2025-09-04,2025-09-23,19,Extended,4,4,True,Remote/Difficult Terrain
P-001308,DEP-0004182,10,2025-10-01,2025-10-05,2025-10-28,23,High Tempo,5,5,True,Remote/Difficult Terrain
P-001308,DEP-0004183,11,2025-11-01,2025-11-02,2025-11-25,23,Extended,5,4,True,High Altitude/Extreme
P-001310,DEP-0004184,4,2025-04-01,2025-04-05,2025-04-28,23,High Tempo,4,5,True,Remote/Difficult Terrain
P-001310,DEP-0004185,5,2025-05-01,2025-05-02,2025-05-24,22,High Tempo,5,4,True,High Altitude/Extreme
P-001310,DEP-0004186,6,2025-06-01,2025-06-04,2025-06-28,24,High Tempo,4,4,True,High Altitude/Extreme
P-001310,DEP-0004187,7,2025-07-01,2025-07-02,2025-07-28,26,High Tempo,4,5,True,High Altitude/Extreme
P-001310,DEP-0004188,8,2025-08-01,2025-08-02,2025-08-25,23,Extended,5,5,True,Remote/Difficult Terrain
P-001310,DEP-0004189,9,2025-09-01,2025-09-05,2025-09-27,22,Extended,5,5,True,Remote/Difficult Terrain
P-001310,DEP-0004190,10,2025-10-01,2025-10-02,2025-10-24,22,Extended,5,4,True,Remote/Difficult Terrain
P-001310,DEP-0004191,11,2025-11-01,2025-11-05,2025-11-27,22,Extended,5,4,True,Remote/Difficult Terrain
P-001311,DEP-0004192,5,2025-05-01,2025-05-05,2025-05-23,18,Routine,3,1,False,Semi-Urban Outpost
P-001312,DEP-0004193,2,2025-02-01,2025-02-04,2025-02-28,24,High Tempo,4,4,True,Remote/Difficult Terrain
P-001312,DEP-0004194,3,2025-03-01,2025-03-04,2025-03-27,23,High Tempo,4,4,True,Remote/Difficult Terrain
P-001312,DEP-0004195,4,2025-04-01,2025-04-02,2025-04-26,24,High Tempo,4,4,True,Remote/Difficult Terrain
P-001312,DEP-0004196,5,2025-05-01,2025-05-05,2025-05-25,20,High Tempo,4,4,True,Remote/Difficult Terrain
P-001313,DEP-0004197,4,2025-04-01,2025-04-03,2025-04-25,22,High Tempo,4,3,True,Remote/Difficult Terrain
P-001313,DEP-0004198,5,2025-05-01,2025-05-05,2025-05-26,21,High Tempo,4,4,True,Remote/Difficult Terrain
P-001313,DEP-0004199,6,2025-06-01,2025-06-05,2025-06-25,20,High Tempo,3,3,False,Remote/Difficult Terrain
P-001313,DEP-0004200,7,2025-07-01,2025-07-05,2025-07-24,19,High Tempo,3,3,False,Remote/Difficult Terrain
P-001313,DEP-0004201,8,2025-08-01,2025-08-02,2025-08-28,26,High Tempo,3,4,True,Remote/Difficult Terrain
P-001314,DEP-0004202,4,2025-04-01,2025-04-02,2025-04-26,24,Extended,4,4,True,High Altitude/Extreme
P-001314,DEP-0004203,5,2025-05-01,2025-05-02,2025-05-24,22,Extended,4,5,True,High Altitude/Extreme
P-001314,DEP-0004204,6,2025-06-01,2025-06-02,2025-06-26,24,Extended,4,5,True,High Altitude/Extreme
P-001314,DEP-0004205,7,2025-07-01,2025-07-04,2025-07-25,21,High Tempo,4,5,True,Remote/Difficult Terrain
P-001314,DEP-0004206,8,2025-08-01,2025-08-03,2025-08-24,21,High Tempo,4,4,True,Remote/Difficult Terrain
P-001314,DEP-0004207,9,2025-09-01,2025-09-03,2025-09-28,25,Extended,5,5,True,Remote/Difficult Terrain
P-001314,DEP-0004208,10,2025-10-01,2025-10-05,2025-10-26,21,High Tempo,4,4,True,High Altitude/Extreme
P-001314,DEP-0004209,11,2025-11-01,2025-11-05,2025-11-25,20,Extended,5,5,True,Remote/Difficult Terrain
P-001316,DEP-0004210,4,2025-04-01,2025-04-02,2025-04-26,24,High Tempo,3,4,True,Remote/Difficult Terrain
P-001316,DEP-0004211,5,2025-05-01,2025-05-03,2025-05-23,20,High Tempo,4,3,True,Remote/Difficult Terrain
P-001316,DEP-0004212,6,2025-06-01,2025-06-03,2025-06-27,24,High Tempo,3,4,True,Semi-Urban Outpost
P-001316,DEP-0004213,7,2025-07-01,2025-07-05,2025-07-28,23,High Tempo,4,3,True,Remote/Difficult Terrain
P-001316,DEP-0004214,8,2025-08-01,2025-08-03,2025-08-27,24,High Tempo,3,3,False,Remote/Difficult Terrain
P-001317,DEP-0004215,4,2025-04-01,2025-04-05,2025-04-23,18,High Tempo,3,4,True,Semi-Urban Outpost
P-001317,DEP-0004216,5,2025-05-01,2025-05-05,2025-05-25,20,High Tempo,4,3,True,Semi-Urban Outpost
P-001317,DEP-0004217,6,2025-06-01,2025-06-05,2025-06-23,18,High Tempo,4,4,True,Semi-Urban Outpost
P-001317,DEP-0004218,7,2025-07-01,2025-07-05,2025-07-27,22,High Tempo,4,4,True,Semi-Urban Outpost
P-001317,DEP-0004219,8,2025-08-01,2025-08-05,2025-08-23,18,High Tempo,3,3,False,Semi-Urban Outpost
P-001318,DEP-0004220,3,2025-03-01,2025-03-04,2025-03-28,24,Extended,4,4,True,High Altitude/Extreme
P-001318,DEP-0004221,4,2025-04-01,2025-04-04,2025-04-24,20,Extended,3,4,True,High Altitude/Extreme
P-001318,DEP-0004222,5,2025-05-01,2025-05-05,2025-05-24,19,Extended,3,4,True,Remote/Difficult Terrain
P-001318,DEP-0004223,6,2025-06-01,2025-06-05,2025-06-25,20,Extended,3,5,True,Remote/Difficult Terrain
P-001318,DEP-0004224,7,2025-07-01,2025-07-02,2025-07-28,26,Extended,4,5,True,Remote/Difficult Terrain
P-001318,DEP-0004225,8,2025-08-01,2025-08-05,2025-08-26,21,Extended,3,4,True,Remote/Difficult Terrain
P-001318,DEP-0004226,9,2025-09-01,2025-09-04,2025-09-27,23,Extended,3,4,True,High Altitude/Extreme
P-001320,DEP-0004227,5,2025-05-01,2025-05-03,2025-05-23,20,Routine,3,2,False,Semi-Urban Outpost
P-001323,DEP-0004228,2,2025-02-01,2025-02-02,2025-02-26,24,High Tempo,4,4,True,Remote/Difficult Terrain
P-001323,DEP-0004229,3,2025-03-01,2025-03-03,2025-03-26,23,High Tempo,4,4,True,Remote/Difficult Terrain
P-001323,DEP-0004230,4,2025-04-01,2025-04-03,2025-04-26,23,High Tempo,4,4,True,Remote/Difficult Terrain
P-001323,DEP-0004231,5,2025-05-01,2025-05-04,2025-05-28,24,High Tempo,4,4,True,Remote/Difficult Terrain
P-001325,DEP-0004232,6,2025-06-01,2025-06-02,2025-06-23,21,High Tempo,4,3,True,Semi-Urban Outpost
P-001325,DEP-0004233,7,2025-07-01,2025-07-03,2025-07-24,21,High Tempo,4,3,True,Semi-Urban Outpost
P-001327,DEP-0004234,4,2025-04-01,2025-04-03,2025-04-23,20,Routine,2,1,False,Semi-Urban Outpost
P-001327,DEP-0004235,5,2025-05-01,2025-05-05,2025-05-26,21,Routine,3,1,False,Semi-Urban Outpost
P-001328,DEP-0004236,4,2025-04-01,2025-04-05,2025-04-25,20,Extended,4,4,True,Remote/Difficult Terrain
P-001328,DEP-0004237,5,2025-05-01,2025-05-05,2025-05-28,23,Extended,5,5,True,Remote/Difficult Terrain
P-001328,DEP-0004238,6,2025-06-01,2025-06-02,2025-06-23,21,Extended,4,5,True,High Altitude/Extreme
P-001328,DEP-0004239,7,2025-07-01,2025-07-03,2025-07-24,21,Extended,4,5,True,High Altitude/Extreme
P-001328,DEP-0004240,8,2025-08-01,2025-08-05,2025-08-25,20,Extended,5,4,True,High Altitude/Extreme
P-001328,DEP-0004241,9,2025-09-01,2025-09-02,2025-09-27,25,High Tempo,5,5,True,Remote/Difficult Terrain
P-001328,DEP-0004242,10,2025-10-01,2025-10-05,2025-10-27,22,Extended,4,5,True,High Altitude/Extreme
P-001328,DEP-0004243,11,2025-11-01,2025-11-03,2025-11-26,23,High Tempo,4,4,True,High Altitude/Extreme
P-001329,DEP-0004244,3,2025-03-01,2025-03-02,2025-03-27,25,Extended,4,4,True,High Altitude/Extreme
P-001329,DEP-0004245,4,2025-04-01,2025-04-05,2025-04-26,21,Extended,4,4,True,Remote/Difficult Terrain
P-001329,DEP-0004246,5,2025-05-01,2025-05-04,2025-05-26,22,Extended,4,5,True,High Altitude/Extreme
P-001329,DEP-0004247,6,2025-06-01,2025-06-05,2025-06-25,20,Extended,4,4,True,Remote/Difficult Terrain
P-001329,DEP-0004248,7,2025-07-01,2025-07-04,2025-07-27,23,Extended,4,5,True,High Altitude/Extreme
P-001329,DEP-0004249,8,2025-08-01,2025-08-05,2025-08-28,23,Extended,3,5,True,High Altitude/Extreme
P-001329,DEP-0004250,9,2025-09-01,2025-09-05,2025-09-28,23,Extended,4,4,True,Remote/Difficult Terrain
P-001331,DEP-0004251,4,2025-04-01,2025-04-05,2025-04-24,19,High Tempo,3,3,False,Semi-Urban Outpost
P-001331,DEP-0004252,5,2025-05-01,2025-05-02,2025-05-23,21,High Tempo,4,3,True,Semi-Urban Outpost
P-001331,DEP-0004253,6,2025-06-01,2025-06-05,2025-06-25,20,High Tempo,3,3,False,Semi-Urban Outpost
P-001331,DEP-0004254,7,2025-07-01,2025-07-03,2025-07-27,24,High Tempo,3,3,False,Remote/Difficult Terrain
P-001331,DEP-0004255,8,2025-08-01,2025-08-02,2025-08-28,26,High Tempo,4,4,True,Remote/Difficult Terrain
P-001332,DEP-0004256,3,2025-03-01,2025-03-03,2025-03-28,25,Extended,4,5,True,High Altitude/Extreme
P-001332,DEP-0004257,4,2025-04-01,2025-04-03,2025-04-27,24,Extended,3,4,True,Remote/Difficult Terrain
P-001332,DEP-0004258,5,2025-05-01,2025-05-02,2025-05-25,23,Extended,3,4,True,High Altitude/Extreme
P-001332,DEP-0004259,6,2025-06-01,2025-06-03,2025-06-23,20,Extended,3,5,True,Remote/Difficult Terrain
P-001332,DEP-0004260,7,2025-07-01,2025-07-02,2025-07-23,21,Extended,4,4,True,High Altitude/Extreme
P-001332,DEP-0004261,8,2025-08-01,2025-08-03,2025-08-24,21,Extended,4,5,True,Remote/Difficult Terrain
P-001332,DEP-0004262,9,2025-09-01,2025-09-03,2025-09-27,24,Extended,3,5,True,Remote/Difficult Terrain
P-001334,DEP-0004263,6,2025-06-01,2025-06-03,2025-06-23,20,High Tempo,4,3,True,Semi-Urban Outpost
P-001334,DEP-0004264,7,2025-07-01,2025-07-02,2025-07-27,25,High Tempo,4,3,True,Semi-Urban Outpost
P-001335,DEP-0004265,6,2025-06-01,2025-06-04,2025-06-26,22,High Tempo,4,3,True,Semi-Urban Outpost
P-001335,DEP-0004266,7,2025-07-01,2025-07-04,2025-07-23,19,High Tempo,4,3,True,Semi-Urban Outpost
P-001336,DEP-0004267,3,2025-03-01,2025-03-02,2025-03-27,25,Extended,4,4,True,High Altitude/Extreme
P-001336,DEP-0004268,4,2025-04-01,2025-04-02,2025-04-23,21,Extended,4,4,True,Remote/Difficult Terrain
P-001336,DEP-0004269,5,2025-05-01,2025-05-04,2025-05-28,24,Extended,3,5,True,High Altitude/Extreme
P-001336,DEP-0004270,6,2025-06-01,2025-06-04,2025-06-27,23,Extended,4,5,True,Remote/Difficult Terrain
P-001336,DEP-0004271,7,2025-07-01,2025-07-03,2025-07-26,23,Extended,4,5,True,High Altitude/Extreme
P-001336,DEP-0004272,8,2025-08-01,2025-08-04,2025-08-26,22,Extended,3,4,True,Remote/Difficult Terrain
P-001336,DEP-0004273,9,2025-09-01,2025-09-02,2025-09-28,26,Extended,3,5,True,High Altitude/Extreme
P-001338,DEP-0004274,3,2025-03-01,2025-03-04,2025-03-25,21,Extended,3,4,True,High Altitude/Extreme
P-001338,DEP-0004275,4,2025-04-01,2025-04-04,2025-04-25,21,Extended,3,4,True,Remote/Difficult Terrain
P-001338,DEP-0004276,5,2025-05-01,2025-05-02,2025-05-24,22,Extended,4,5,True,Remote/Difficult Terrain
P-001338,DEP-0004277,6,2025-06-01,2025-06-04,2025-06-25,21,Extended,3,5,True,Remote/Difficult Terrain
P-001338,DEP-0004278,7,2025-07-01,2025-07-03,2025-07-28,25,Extended,3,5,True,Remote/Difficult Terrain
P-001338,DEP-0004279,8,2025-08-01,2025-08-04,2025-08-27,23,Extended,3,5,True,High Altitude/Extreme
P-001338,DEP-0004280,9,2025-09-01,2025-09-05,2025-09-23,18,Extended,3,4,True,High Altitude/Extreme
P-001339,DEP-0004281,5,2025-05-01,2025-05-04,2025-05-26,22,Routine,2,2,False,Semi-Urban Outpost
P-001340,DEP-0004282,5,2025-05-01,2025-05-04,2025-05-26,22,Routine,2,1,False,Urban Base
P-001341,DEP-0004283,4,2025-04-01,2025-04-02,2025-04-25,23,Routine,3,1,False,Semi-Urban Outpost
P-001341,DEP-0004284,5,2025-05-01,2025-05-04,2025-05-28,24,Routine,3,2,False,Semi-Urban Outpost
P-001342,DEP-0004285,4,2025-04-01,2025-04-04,2025-04-23,19,Routine,2,1,False,Urban Base
P-001343,DEP-0004286,4,2025-04-01,2025-04-02,2025-04-23,21,Extended,5,4,True,High Altitude/Extreme
P-001343,DEP-0004287,5,2025-05-01,2025-05-04,2025-05-25,21,High Tempo,5,4,True,High Altitude/Extreme
P-001343,DEP-0004288,6,2025-06-01,2025-06-03,2025-06-25,22,High Tempo,5,4,True,High Altitude/Extreme
P-001343,DEP-0004289,7,2025-07-01,2025-07-04,2025-07-27,23,High Tempo,5,5,True,High Altitude/Extreme
P-001343,DEP-0004290,8,2025-08-01,2025-08-04,2025-08-26,22,High Tempo,5,4,True,Remote/Difficult Terrain
P-001343,DEP-0004291,9,2025-09-01,2025-09-04,2025-09-27,23,Extended,5,5,True,Remote/Difficult Terrain
P-001343,DEP-0004292,10,2025-10-01,2025-10-05,2025-10-27,22,Extended,5,5,True,Remote/Difficult Terrain
P-001343,DEP-0004293,11,2025-11-01,2025-11-02,2025-11-24,22,Extended,5,5,True,High Altitude/Extreme
P-001344,DEP-0004294,3,2025-03-01,2025-03-04,2025-03-26,22,Extended,4,4,True,Remote/Difficult Terrain
P-001344,DEP-0004295,4,2025-04-01,2025-04-05,2025-04-28,23,Extended,3,4,True,High Altitude/Extreme
P-001344,DEP-0004296,5,2025-05-01,2025-05-05,2025-05-24,19,Extended,3,5,True,High Altitude/Extreme
P-001344,DEP-0004297,6,2025-06-01,2025-06-03,2025-06-27,24,Extended,3,5,True,High Altitude/Extreme
P-001344,DEP-0004298,7,2025-07-01,2025-07-02,2025-07-27,25,Extended,4,4,True,High Altitude/Extreme
P-001344,DEP-0004299,8,2025-08-01,2025-08-02,2025-08-28,26,Extended,3,4,True,Remote/Difficult Terrain
P-001344,DEP-0004300,9,2025-09-01,2025-09-04,2025-09-25,21,Extended,4,4,True,Remote/Difficult Terrain
P-001345,DEP-0004301,3,2025-03-01,2025-03-03,2025-03-26,23,Extended,4,4,True,High Altitude/Extreme
P-001345,DEP-0004302,4,2025-04-01,2025-04-03,2025-04-28,25,Extended,4,5,True,High Altitude/Extreme
P-001345,DEP-0004303,5,2025-05-01,2025-05-02,2025-05-27,25,Extended,4,4,True,Remote/Difficult Terrain
P-001345,DEP-0004304,6,2025-06-01,2025-06-05,2025-06-24,19,Extended,4,5,True,Remote/Difficult Terrain
P-001345,DEP-0004305,7,2025-07-01,2025-07-02,2025-07-26,24,Extended,4,5,True,High Altitude/Extreme
P-001345,DEP-0004306,8,2025-08-01,2025-08-03,2025-08-24,21,Extended,4,4,True,Remote/Difficult Terrain
P-001345,DEP-0004307,9,2025-09-01,2025-09-04,2025-09-28,24,Extended,3,4,True,Remote/Difficult Terrain
P-001347,DEP-0004308,5,2025-05-01,2025-05-03,2025-05-28,25,Routine,2,1,False,Urban Base
P-001348,DEP-0004309,5,2025-05-01,2025-05-04,2025-05-23,19,Routine,2,2,False,Urban Base
P-001349,DEP-0004310,6,2025-06-01,2025-06-05,2025-06-27,22,High Tempo,4,3,True,Semi-Urban Outpost
P-001349,DEP-0004311,7,2025-07-01,2025-07-04,2025-07-28,24,High Tempo,4,3,True,Semi-Urban Outpost
P-001350,DEP-0004312,4,2025-04-01,2025-04-05,2025-04-26,21,Routine,3,1,False,Semi-Urban Outpost
P-001351,DEP-0004313,4,2025-04-01,2025-04-05,2025-04-28,23,High Tempo,5,5,True,Remote/Difficult Terrain
P-001351,DEP-0004314,5,2025-05-01,2025-05-05,2025-05-24,19,Extended,5,5,True,High Altitude/Extreme
P-001351,DEP-0004315,6,2025-06-01,2025-06-02,2025-06-25,23,High Tempo,4,5,True,Remote/Difficult Terrain
P-001351,DEP-0004316,7,2025-07-01,2025-07-02,2025-07-24,22,Extended,5,4,True,High Altitude/Extreme
P-001351,DEP-0004317,8,2025-08-01,2025-08-03,2025-08-25,22,Extended,4,5,True,Remote/Difficult Terrain
P-001351,DEP-0004318,9,2025-09-01,2025-09-05,2025-09-23,18,Extended,4,4,True,Remote/Difficult Terrain
P-001351,DEP-0004319,10,2025-10-01,2025-10-02,2025-10-24,22,High Tempo,5,4,True,High Altitude/Extreme
P-001351,DEP-0004320,11,2025-11-01,2025-11-02,2025-11-27,25,Extended,4,5,True,Remote/Difficult Terrain
P-001352,DEP-0004321,4,2025-04-01,2025-04-04,2025-04-23,19,High Tempo,4,3,True,Semi-Urban Outpost
P-001352,DEP-0004322,5,2025-05-01,2025-05-05,2025-05-23,18,High Tempo,3,4,True,Semi-Urban Outpost
P-001352,DEP-0004323,6,2025-06-01,2025-06-02,2025-06-25,23,High Tempo,3,3,False,Remote/Difficult Terrain
P-001352,DEP-0004324,7,2025-07-01,2025-07-03,2025-07-24,21,High Tempo,3,4,True,Semi-Urban Outpost
P-001352,DEP-0004325,8,2025-08-01,2025-08-04,2025-08-24,20,High Tempo,3,3,False,Remote/Difficult Terrain
P-001353,DEP-0004326,5,2025-05-01,2025-05-03,2025-05-25,22,Routine,3,2,False,Semi-Urban Outpost
P-001354,DEP-0004327,3,2025-03-01,2025-03-03,2025-03-25,22,Extended,3,5,True,High Altitude/Extreme
P-001354,DEP-0004328,4,2025-04-01,2025-04-05,2025-04-25,20,Extended,3,4,True,Remote/Difficult Terrain
P-001354,DEP-0004329,5,2025-05-01,2025-05-03,2025-05-25,22,Extended,4,5,True,High Altitude/Extreme
P-001354,DEP-0004330,6,2025-06-01,2025-06-05,2025-06-24,19,Extended,3,4,True,High Altitude/Extreme
P-001354,DEP-0004331,7,2025-07-01,2025-07-05,2025-07-26,21,Extended,4,4,True,High Altitude/Extreme
P-001354,DEP-0004332,8,2025-08-01,2025-08-02,2025-08-26,24,Extended,4,4,True,High Altitude/Extreme
P-001354,DEP-0004333,9,2025-09-01,2025-09-02,2025-09-23,21,Extended,4,5,True,Remote/Difficult Terrain
P-001356,DEP-0004334,2,2025-02-01,2025-02-02,2025-02-28,26,High Tempo,4,4,True,Remote/Difficult Terrain
P-001356,DEP-0004335,3,2025-03-01,2025-03-03,2025-03-27,24,High Tempo,4,4,True,Remote/Difficult Terrain
P-001356,DEP-0004336,4,2025-04-01,2025-04-04,2025-04-23,19,High Tempo,4,4,True,Remote/Difficult Terrain
P-001356,DEP-0004337,5,2025-05-01,2025-05-04,2025-05-25,21,High Tempo,4,4,True,Remote/Difficult Terrain
P-001357,DEP-0004338,2,2025-02-01,2025-02-02,2025-02-24,22,High Tempo,4,4,True,Remote/Difficult Terrain
P-001357,DEP-0004339,3,2025-03-01,2025-03-02,2025-03-24,22,High Tempo,4,4,True,Remote/Difficult Terrain
P-001357,DEP-0004340,4,2025-04-01,2025-04-03,2025-04-26,23,High Tempo,4,4,True,Remote/Difficult Terrain
P-001357,DEP-0004341,5,2025-05-01,2025-05-02,2025-05-26,24,High Tempo,4,4,True,Remote/Difficult Terrain
P-001358,DEP-0004342,4,2025-04-01,2025-04-04,2025-04-26,22,Routine,3,1,False,Semi-Urban Outpost
P-001358,DEP-0004343,5,2025-05-01,2025-05-02,2025-05-26,24,Routine,2,1,False,Semi-Urban Outpost
P-001359,DEP-0004344,4,2025-04-01,2025-04-02,2025-04-25,23,Routine,3,1,False,Urban Base
P-001359,DEP-0004345,5,2025-05-01,2025-05-05,2025-05-25,20,Routine,2,1,False,Semi-Urban Outpost
P-001360,DEP-0004346,4,2025-04-01,2025-04-04,2025-04-26,22,High Tempo,3,4,True,Remote/Difficult Terrain
P-001360,DEP-0004347,5,2025-05-01,2025-05-03,2025-05-25,22,High Tempo,3,3,False,Remote/Difficult Terrain
P-001360,DEP-0004348,6,2025-06-01,2025-06-05,2025-06-27,22,High Tempo,3,3,False,Semi-Urban Outpost
P-001360,DEP-0004349,7,2025-07-01,2025-07-04,2025-07-28,24,High Tempo,3,4,True,Semi-Urban Outpost
P-001360,DEP-0004350,8,2025-08-01,2025-08-03,2025-08-26,23,High Tempo,3,4,True,Remote/Difficult Terrain
P-001361,DEP-0004351,2,2025-02-01,2025-02-04,2025-02-27,23,High Tempo,4,4,True,Remote/Difficult Terrain
P-001361,DEP-0004352,3,2025-03-01,2025-03-03,2025-03-27,24,High Tempo,4,4,True,Remote/Difficult Terrain
P-001361,DEP-0004353,4,2025-04-01,2025-04-02,2025-04-25,23,High Tempo,4,4,True,Remote/Difficult Terrain
P-001361,DEP-0004354,5,2025-05-01,2025-05-02,2025-05-27,25,High Tempo,4,4,True,Remote/Difficult Terrain
P-001362,DEP-0004355,5,2025-05-01,2025-05-03,2025-05-25,22,Routine,2,2,False,Semi-Urban Outpost
P-001363,DEP-0004356,4,2025-04-01,2025-04-02,2025-04-28,26,High Tempo,4,3,True,Semi-Urban Outpost
P-001363,DEP-0004357,5,2025-05-01,2025-05-04,2025-05-25,21,High Tempo,3,3,False,Semi-Urban Outpost
P-001363,DEP-0004358,6,2025-06-01,2025-06-02,2025-06-26,24,High Tempo,3,3,False,Remote/Difficult Terrain
P-001363,DEP-0004359,7,2025-07-01,2025-07-02,2025-07-27,25,High Tempo,3,4,True,Remote/Difficult Terrain
P-001363,DEP-0004360,8,2025-08-01,2025-08-03,2025-08-28,25,High Tempo,3,3,False,Remote/Difficult Terrain
P-001364,DEP-0004361,4,2025-04-01,2025-04-03,2025-04-23,20,High Tempo,4,4,True,Remote/Difficult Terrain
P-001364,DEP-0004362,5,2025-05-01,2025-05-03,2025-05-25,22,High Tempo,4,4,True,Semi-Urban Outpost
P-001364,DEP-0004363,6,2025-06-01,2025-06-02,2025-06-27,25,High Tempo,3,4,True,Remote/Difficult Terrain
P-001364,DEP-0004364,7,2025-07-01,2025-07-02,2025-07-23,21,High Tempo,3,3,False,Remote/Difficult Terrain
P-001364,DEP-0004365,8,2025-08-01,2025-08-02,2025-08-28,26,High Tempo,4,4,True,Remote/Difficult Terrain
P-001365,DEP-0004366,3,2025-03-01,2025-03-05,2025-03-25,20,Extended,4,5,True,High Altitude/Extreme
P-001365,DEP-0004367,4,2025-04-01,2025-04-04,2025-04-26,22,Extended,3,4,True,High Altitude/Extreme
P-001365,DEP-0004368,5,2025-05-01,2025-05-05,2025-05-24,19,Extended,4,5,True,Remote/Difficult Terrain
P-001365,DEP-0004369,6,2025-06-01,2025-06-05,2025-06-26,21,Extended,4,5,True,High Altitude/Extreme
P-001365,DEP-0004370,7,2025-07-01,2025-07-03,2025-07-25,22,Extended,3,4,True,High Altitude/Extreme
P-001365,DEP-0004371,8,2025-08-01,2025-08-04,2025-08-24,20,Extended,3,5,True,Remote/Difficult Terrain
P-001365,DEP-0004372,9,2025-09-01,2025-09-03,2025-09-23,20,Extended,4,5,True,High Altitude/Extreme
P-001366,DEP-0004373,5,2025-05-01,2025-05-04,2025-05-26,22,Routine,3,1,False,Semi-Urban Outpost
P-001367,DEP-0004374,3,2025-03-01,2025-03-05,2025-03-26,21,Extended,4,4,True,High Altitude/Extreme
P-001367,DEP-0004375,4,2025-04-01,2025-04-05,2025-04-27,22,Extended,4,5,True,High Altitude/Extreme
P-001367,DEP-0004376,5,2025-05-01,2025-05-05,2025-05-24,19,Extended,4,4,True,High Altitude/Extreme
P-001367,DEP-0004377,6,2025-06-01,2025-06-03,2025-06-24,21,Extended,4,5,True,High Altitude/Extreme
P-001367,DEP-0004378,7,2025-07-01,2025-07-03,2025-07-26,23,Extended,3,5,True,Remote/Difficult Terrain
P-001367,DEP-0004379,8,2025-08-01,2025-08-04,2025-08-26,22,Extended,4,4,True,High Altitude/Extreme
P-001367,DEP-0004380,9,2025-09-01,2025-09-03,2025-09-26,23,Extended,4,4,True,High Altitude/Extreme
P-001368,DEP-0004381,2,2025-02-01,2025-02-02,2025-02-26,24,High Tempo,4,4,True,Remote/Difficult Terrain
P-001368,DEP-0004382,3,2025-03-01,2025-03-02,2025-03-26,24,High Tempo,4,4,True,Remote/Difficult Terrain
P-001368,DEP-0004383,4,2025-04-01,2025-04-02,2025-04-26,24,High Tempo,4,4,True,Remote/Difficult Terrain
P-001368,DEP-0004384,5,2025-05-01,2025-05-04,2025-05-27,23,High Tempo,4,4,True,Remote/Difficult Terrain
P-001369,DEP-0004385,4,2025-04-01,2025-04-03,2025-04-23,20,Routine,2,1,False,Semi-Urban Outpost
P-001370,DEP-0004386,5,2025-05-01,2025-05-03,2025-05-25,22,Routine,2,2,False,Semi-Urban Outpost
P-001371,DEP-0004387,6,2025-06-01,2025-06-04,2025-06-23,19,High Tempo,4,3,True,Semi-Urban Outpost
P-001371,DEP-0004388,7,2025-07-01,2025-07-05,2025-07-25,20,High Tempo,4,3,True,Semi-Urban Outpost
P-001373,DEP-0004389,4,2025-04-01,2025-04-02,2025-04-26,24,Extended,4,4,True,High Altitude/Extreme
P-001373,DEP-0004390,5,2025-05-01,2025-05-02,2025-05-24,22,Extended,4,4,True,Remote/Difficult Terrain
P-001373,DEP-0004391,6,2025-06-01,2025-06-04,2025-06-28,24,High Tempo,4,4,True,High Altitude/Extreme
P-001373,DEP-0004392,7,2025-07-01,2025-07-05,2025-07-28,23,High Tempo,5,5,True,High Altitude/Extreme
P-001373,DEP-0004393,8,2025-08-01,2025-08-03,2025-08-26,23,Extended,4,5,True,High Altitude/Extreme
P-001373,DEP-0004394,9,2025-09-01,2025-09-04,2025-09-28,24,High Tempo,5,5,True,Remote/Difficult Terrain
P-001373,DEP-0004395,10,2025-10-01,2025-10-04,2025-10-26,22,High Tempo,5,5,True,High Altitude/Extreme
P-001373,DEP-0004396,11,2025-11-01,2025-11-02,2025-11-23,21,Extended,5,4,True,Remote/Difficult Terrain
P-001374,DEP-0004397,4,2025-04-01,2025-04-02,2025-04-27,25,Routine,3,2,False,Urban Base
P-001376,DEP-0004398,2,2025-02-01,2025-02-05,2025-02-24,19,High Tempo,4,4,True,Remote/Difficult Terrain
P-001376,DEP-0004399,3,2025-03-01,2025-03-02,2025-03-27,25,High Tempo,4,4,True,Remote/Difficult Terrain
P-001376,DEP-0004400,4,2025-04-01,2025-04-02,2025-04-27,25,High Tempo,4,4,True,Remote/Difficult Terrain
P-001376,DEP-0004401,5,2025-05-01,2025-05-02,2025-05-24,22,High Tempo,4,4,True,Remote/Difficult Terrain
P-001378,DEP-0004402,4,2025-04-01,2025-04-03,2025-04-27,24,High Tempo,4,4,True,Semi-Urban Outpost
P-001378,DEP-0004403,5,2025-05-01,2025-05-02,2025-05-28,26,High Tempo,3,3,False,Semi-Urban Outpost
P-001378,DEP-0004404,6,2025-06-01,2025-06-03,2025-06-27,24,High Tempo,3,4,True,Semi-Urban Outpost
P-001378,DEP-0004405,7,2025-07-01,2025-07-03,2025-07-27,24,High Tempo,3,3,False,Remote/Difficult Terrain
P-001378,DEP-0004406,8,2025-08-01,2025-08-03,2025-08-26,23,High Tempo,4,4,True,Remote/Difficult Terrain
P-001379,DEP-0004407,4,2025-04-01,2025-04-03,2025-04-28,25,Routine,3,2,False,Semi-Urban Outpost
P-001380,DEP-0004408,4,2025-04-01,2025-04-02,2025-04-23,21,High Tempo,3,4,True,Remote/Difficult Terrain
P-001380,DEP-0004409,5,2025-05-01,2025-05-05,2025-05-23,18,High Tempo,3,4,True,Remote/Difficult Terrain
P-001380,DEP-0004410,6,2025-06-01,2025-06-03,2025-06-24,21,High Tempo,4,3,True,Semi-Urban Outpost
P-001380,DEP-0004411,7,2025-07-01,2025-07-02,2025-07-27,25,High Tempo,4,3,True,Semi-Urban Outpost
P-001380,DEP-0004412,8,2025-08-01,2025-08-04,2025-08-23,19,High Tempo,4,4,True,Semi-Urban Outpost
P-001381,DEP-0004413,4,2025-04-01,2025-04-04,2025-04-28,24,Routine,2,1,False,Urban Base
P-001381,DEP-0004414,5,2025-05-01,2025-05-05,2025-05-25,20,Routine,3,1,False,Semi-Urban Outpost
P-001383,DEP-0004415,6,2025-06-01,2025-06-02,2025-06-27,25,High Tempo,4,3,True,Semi-Urban Outpost
P-001383,DEP-0004416,7,2025-07-01,2025-07-02,2025-07-23,21,High Tempo,4,3,True,Semi-Urban Outpost
P-001384,DEP-0004417,4,2025-04-01,2025-04-05,2025-04-25,20,Routine,3,2,False,Semi-Urban Outpost
P-001384,DEP-0004418,5,2025-05-01,2025-05-02,2025-05-27,25,Routine,2,1,False,Semi-Urban Outpost
P-001385,DEP-0004419,3,2025-03-01,2025-03-02,2025-03-23,21,Extended,4,5,True,Remote/Difficult Terrain
P-001385,DEP-0004420,4,2025-04-01,2025-04-04,2025-04-24,20,Extended,3,4,True,Remote/Difficult Terrain
P-001385,DEP-0004421,5,2025-05-01,2025-05-02,2025-05-24,22,Extended,4,4,True,High Altitude/Extreme
P-001385,DEP-0004422,6,2025-06-01,2025-06-03,2025-06-28,25,Extended,3,4,True,Remote/Difficult Terrain
P-001385,DEP-0004423,7,2025-07-01,2025-07-03,2025-07-27,24,Extended,4,4,True,Remote/Difficult Terrain
P-001385,DEP-0004424,8,2025-08-01,2025-08-03,2025-08-28,25,Extended,4,5,True,Remote/Difficult Terrain
P-001385,DEP-0004425,9,2025-09-01,2025-09-02,2025-09-23,21,Extended,4,4,True,Remote/Difficult Terrain
P-001386,DEP-0004426,5,2025-05-01,2025-05-02,2025-05-25,23,Routine,3,1,False,Urban Base
P-001387,DEP-0004427,4,2025-04-01,2025-04-02,2025-04-28,26,High Tempo,4,5,True,Remote/Difficult Terrain
P-001387,DEP-0004428,5,2025-05-01,2025-05-02,2025-05-24,22,Extended,5,5,True,High Altitude/Extreme
P-001387,DEP-0004429,6,2025-06-01,2025-06-05,2025-06-23,18,High Tempo,5,4,True,Remote/Difficult Terrain
P-001387,DEP-0004430,7,2025-07-01,2025-07-05,2025-07-26,21,High Tempo,5,4,True,High Altitude/Extreme
P-001387,DEP-0004431,8,2025-08-01,2025-08-03,2025-08-27,24,High Tempo,5,5,True,Remote/Difficult Terrain
P-001387,DEP-0004432,9,2025-09-01,2025-09-02,2025-09-28,26,Extended,5,5,True,High Altitude/Extreme
P-001387,DEP-0004433,10,2025-10-01,2025-10-03,2025-10-25,22,High Tempo,4,5,True,Remote/Difficult Terrain
P-001387,DEP-0004434,11,2025-11-01,2025-11-03,2025-11-24,21,High Tempo,4,5,True,High Altitude/Extreme
P-001388,DEP-0004435,5,2025-05-01,2025-05-03,2025-05-24,21,Routine,3,2,False,Semi-Urban Outpost
P-001389,DEP-0004436,6,2025-06-01,2025-06-03,2025-06-23,20,High Tempo,4,3,True,Semi-Urban Outpost
P-001389,DEP-0004437,7,2025-07-01,2025-07-04,2025-07-23,19,High Tempo,4,3,True,Semi-Urban Outpost
P-001390,DEP-0004438,5,2025-05-01,2025-05-04,2025-05-24,20,Routine,3,2,False,Urban Base
P-001391,DEP-0004439,5,2025-05-01,2025-05-04,2025-05-26,22,Routine,2,1,False,Semi-Urban Outpost
P-001392,DEP-0004440,5,2025-05-01,2025-05-04,2025-05-28,24,Routine,2,1,False,Urban Base
P-001394,DEP-0004441,4,2025-04-01,2025-04-05,2025-04-26,21,High Tempo,3,4,True,Remote/Difficult Terrain
P-001394,DEP-0004442,5,2025-05-01,2025-05-05,2025-05-24,19,High Tempo,4,4,True,Remote/Difficult Terrain
P-001394,DEP-0004443,6,2025-06-01,2025-06-05,2025-06-28,23,High Tempo,4,4,True,Remote/Difficult Terrain
P-001394,DEP-0004444,7,2025-07-01,2025-07-03,2025-07-28,25,High Tempo,3,4,True,Remote/Difficult Terrain
P-001394,DEP-0004445,8,2025-08-01,2025-08-03,2025-08-23,20,High Tempo,4,4,True,Semi-Urban Outpost
P-001395,DEP-0004446,5,2025-05-01,2025-05-04,2025-05-25,21,Routine,3,2,False,Semi-Urban Outpost
P-001396,DEP-0004447,4,2025-04-01,2025-04-05,2025-04-23,18,Extended,4,4,True,High Altitude/Extreme
P-001396,DEP-0004448,5,2025-05-01,2025-05-02,2025-05-25,23,High Tempo,4,4,True,High Altitude/Extreme
P-001396,DEP-0004449,6,2025-06-01,2025-06-05,2025-06-26,21,High Tempo,5,5,True,Remote/Difficult Terrain
P-001396,DEP-0004450,7,2025-07-01,2025-07-03,2025-07-25,22,High Tempo,4,4,True,Remote/Difficult Terrain
P-001396,DEP-0004451,8,2025-08-01,2025-08-02,2025-08-23,21,Extended,5,4,True,High Altitude/Extreme
P-001396,DEP-0004452,9,2025-09-01,2025-09-03,2025-09-25,22,Extended,4,4,True,Remote/Difficult Terrain
P-001396,DEP-0004453,10,2025-10-01,2025-10-05,2025-10-25,20,High Tempo,5,5,True,Remote/Difficult Terrain
P-001396,DEP-0004454,11,2025-11-01,2025-11-04,2025-11-28,24,Extended,4,5,True,High Altitude/Extreme
P-001397,DEP-0004455,4,2025-04-01,2025-04-04,2025-04-27,23,Routine,2,1,False,Semi-Urban Outpost
P-001398,DEP-0004456,4,2025-04-01,2025-04-03,2025-04-24,21,Routine,3,1,False,Urban Base
P-001398,DEP-0004457,5,2025-05-01,2025-05-05,2025-05-23,18,Routine,3,2,False,Urban Base
P-001399,DEP-0004458,4,2025-04-01,2025-04-05,2025-04-25,20,High Tempo,4,3,True,Remote/Difficult Terrain
P-001399,DEP-0004459,5,2025-05-01,2025-05-05,2025-05-26,21,High Tempo,3,4,True,Remote/Difficult Terrain
P-001399,DEP-0004460,6,2025-06-01,2025-06-03,2025-06-27,24,High Tempo,4,4,True,Semi-Urban Outpost
P-001399,DEP-0004461,7,2025-07-01,2025-07-05,2025-07-23,18,High Tempo,3,4,True,Remote/Difficult Terrain
P-001399,DEP-0004462,8,2025-08-01,2025-08-04,2025-08-23,19,High Tempo,3,3,False,Semi-Urban Outpost
P-001400,DEP-0004463,3,2025-03-01,2025-03-05,2025-03-24,19,Extended,4,5,True,High Altitude/Extreme
P-001400,DEP-0004464,4,2025-04-01,2025-04-03,2025-04-27,24,Extended,4,5,True,High Altitude/Extreme
P-001400,DEP-0004465,5,2025-05-01,2025-05-04,2025-05-25,21,Extended,4,4,True,Remote/Difficult Terrain
P-001400,DEP-0004466,6,2025-06-01,2025-06-04,2025-06-23,19,Extended,3,5,True,Remote/Difficult Terrain
P-001400,DEP-0004467,7,2025-07-01,2025-07-04,2025-07-28,24,Extended,3,5,True,Remote/Difficult Terrain
P-001400,DEP-0004468,8,2025-08-01,2025-08-04,2025-08-28,24,Extended,3,4,True,Remote/Difficult Terrain
P-001400,DEP-0004469,9,2025-09-01,2025-09-02,2025-09-26,24,Extended,4,4,True,Remote/Difficult Terrain
P-001402,DEP-0004470,5,2025-05-01,2025-05-05,2025-05-24,19,Routine,2,1,False,Semi-Urban Outpost
P-001404,DEP-0004471,3,2025-03-01,2025-03-02,2025-03-27,25,Extended,3,4,True,High Altitude/Extreme
P-001404,DEP-0004472,4,2025-04-01,2025-04-02,2025-04-24,22,Extended,4,4,True,High Altitude/Extreme
P-001404,DEP-0004473,5,2025-05-01,2025-05-05,2025-05-28,23,Extended,3,5,True,High Altitude/Extreme
P-001404,DEP-0004474,6,2025-06-01,2025-06-05,2025-06-27,22,Extended,4,5,True,High Altitude/Extreme
P-001404,DEP-0004475,7,2025-07-01,2025-07-03,2025-07-28,25,Extended,3,4,True,Remote/Difficult Terrain
P-001404,DEP-0004476,8,2025-08-01,2025-08-05,2025-08-25,20,Extended,3,5,True,High Altitude/Extreme
P-001404,DEP-0004477,9,2025-09-01,2025-09-02,2025-09-26,24,Extended,3,4,True,High Altitude/Extreme
P-001405,DEP-0004478,3,2025-03-01,2025-03-05,2025-03-25,20,Extended,4,5,True,Remote/Difficult Terrain
P-001405,DEP-0004479,4,2025-04-01,2025-04-05,2025-04-27,22,Extended,4,5,True,Remote/Difficult Terrain
P-001405,DEP-0004480,5,2025-05-01,2025-05-03,2025-05-23,20,Extended,4,4,True,Remote/Difficult Terrain
P-001405,DEP-0004481,6,2025-06-01,2025-06-03,2025-06-24,21,Extended,4,5,True,High Altitude/Extreme
P-001405,DEP-0004482,7,2025-07-01,2025-07-05,2025-07-25,20,Extended,4,4,True,Remote/Difficult Terrain
P-001405,DEP-0004483,8,2025-08-01,2025-08-02,2025-08-26,24,Extended,3,4,True,High Altitude/Extreme
P-001405,DEP-0004484,9,2025-09-01,2025-09-05,2025-09-23,18,Extended,3,4,True,High Altitude/Extreme
P-001406,DEP-0004485,4,2025-04-01,2025-04-05,2025-04-26,21,Routine,2,2,False,Semi-Urban Outpost
P-001407,DEP-0004486,4,2025-04-01,2025-04-04,2025-04-28,24,Extended,5,5,True,Remote/Difficult Terrain
P-001407,DEP-0004487,5,2025-05-01,2025-05-04,2025-05-26,22,Extended,4,4,True,Remote/Difficult Terrain
P-001407,DEP-0004488,6,2025-06-01,2025-06-02,2025-06-27,25,High Tempo,5,5,True,High Altitude/Extreme
P-001407,DEP-0004489,7,2025-07-01,2025-07-04,2025-07-25,21,High Tempo,4,4,True,Remote/Difficult Terrain
P-001407,DEP-0004490,8,2025-08-01,2025-08-03,2025-08-28,25,High Tempo,4,5,True,High Altitude/Extreme
P-001407,DEP-0004491,9,2025-09-01,2025-09-02,2025-09-28,26,Extended,4,4,True,Remote/Difficult Terrain
P-001407,DEP-0004492,10,2025-10-01,2025-10-04,2025-10-24,20,Extended,5,4,True,High Altitude/Extreme
P-001407,DEP-0004493,11,2025-11-01,2025-11-05,2025-11-28,23,High Tempo,5,5,True,Remote/Difficult Terrain
P-001408,DEP-0004494,4,2025-04-01,2025-04-04,2025-04-25,21,Extended,4,4,True,Remote/Difficult Terrain
P-001408,DEP-0004495,5,2025-05-01,2025-05-03,2025-05-27,24,Extended,5,5,True,Remote/Difficult Terrain
P-001408,DEP-0004496,6,2025-06-01,2025-06-02,2025-06-23,21,High Tempo,5,4,True,Remote/Difficult Terrain
P-001408,DEP-0004497,7,2025-07-01,2025-07-05,2025-07-23,18,High Tempo,4,5,True,Remote/Difficult Terrain
P-001408,DEP-0004498,8,2025-08-01,2025-08-05,2025-08-25,20,High Tempo,5,5,True,High Altitude/Extreme
P-001408,DEP-0004499,9,2025-09-01,2025-09-02,2025-09-23,21,Extended,5,4,True,Remote/Difficult Terrain
P-001408,DEP-0004500,10,2025-10-01,2025-10-03,2025-10-26,23,Extended,5,4,True,High Altitude/Extreme
P-001408,DEP-0004501,11,2025-11-01,2025-11-05,2025-11-28,23,High Tempo,4,4,True,High Altitude/Extreme
P-001409,DEP-0004502,4,2025-04-01,2025-04-03,2025-04-28,25,High Tempo,4,3,True,Remote/Difficult Terrain
P-001409,DEP-0004503,5,2025-05-01,2025-05-05,2025-05-23,18,High Tempo,3,3,False,Semi-Urban Outpost
P-001409,DEP-0004504,6,2025-06-01,2025-06-03,2025-06-23,20,High Tempo,4,3,True,Semi-Urban Outpost
P-001409,DEP-0004505,7,2025-07-01,2025-07-02,2025-07-26,24,High Tempo,4,4,True,Remote/Difficult Terrain
P-001409,DEP-0004506,8,2025-08-01,2025-08-02,2025-08-24,22,High Tempo,3,3,False,Remote/Difficult Terrain
P-001410,DEP-0004507,4,2025-04-01,2025-04-03,2025-04-25,22,High Tempo,4,4,True,Remote/Difficult Terrain
P-001410,DEP-0004508,5,2025-05-01,2025-05-02,2025-05-26,24,Extended,4,5,True,High Altitude/Extreme
P-001410,DEP-0004509,6,2025-06-01,2025-06-02,2025-06-28,26,Extended,4,5,True,High Altitude/Extreme
P-001410,DEP-0004510,7,2025-07-01,2025-07-02,2025-07-24,22,High Tempo,4,4,True,High Altitude/Extreme
P-001410,DEP-0004511,8,2025-08-01,2025-08-03,2025-08-23,20,Extended,4,4,True,Remote/Difficult Terrain
P-001410,DEP-0004512,9,2025-09-01,2025-09-03,2025-09-24,21,Extended,5,5,True,High Altitude/Extreme
P-001410,DEP-0004513,10,2025-10-01,2025-10-04,2025-10-25,21,Extended,5,5,True,High Altitude/Extreme
P-001410,DEP-0004514,11,2025-11-01,2025-11-04,2025-11-26,22,High Tempo,4,4,True,Remote/Difficult Terrain
P-001411,DEP-0004515,5,2025-05-01,2025-05-03,2025-05-26,23,Routine,2,2,False,Semi-Urban Outpost
P-001412,DEP-0004516,5,2025-05-01,2025-05-03,2025-05-28,25,Routine,2,1,False,Urban Base
P-001413,DEP-0004517,5,2025-05-01,2025-05-04,2025-05-25,21,Routine,2,1,False,Semi-Urban Outpost
P-001414,DEP-0004518,5,2025-05-01,2025-05-02,2025-05-24,22,Routine,2,1,False,Semi-Urban Outpost
P-001415,DEP-0004519,4,2025-04-01,2025-04-03,2025-04-25,22,High Tempo,4,4,True,Remote/Difficult Terrain
P-001415,DEP-0004520,5,2025-05-01,2025-05-04,2025-05-28,24,High Tempo,4,3,True,Remote/Difficult Terrain
P-001415,DEP-0004521,6,2025-06-01,2025-06-02,2025-06-27,25,High Tempo,3,4,True,Remote/Difficult Terrain
P-001415,DEP-0004522,7,2025-07-01,2025-07-05,2025-07-23,18,High Tempo,4,4,True,Remote/Difficult Terrain
P-001415,DEP-0004523,8,2025-08-01,2025-08-02,2025-08-27,25,High Tempo,4,3,True,Remote/Difficult Terrain
P-001416,DEP-0004524,2,2025-02-01,2025-02-02,2025-02-24,22,High Tempo,4,4,True,Remote/Difficult Terrain
P-001416,DEP-0004525,3,2025-03-01,2025-03-02,2025-03-25,23,High Tempo,4,4,True,Remote/Difficult Terrain
P-001416,DEP-0004526,4,2025-04-01,2025-04-03,2025-04-23,20,High Tempo,4,4,True,Remote/Difficult Terrain
P-001416,DEP-0004527,5,2025-05-01,2025-05-04,2025-05-25,21,High Tempo,4,4,True,Remote/Difficult Terrain
P-001418,DEP-0004528,4,2025-04-01,2025-04-04,2025-04-24,20,Routine,2,2,False,Urban Base
P-001420,DEP-0004529,2,2025-02-01,2025-02-04,2025-02-24,20,High Tempo,4,4,True,Remote/Difficult Terrain
P-001420,DEP-0004530,3,2025-03-01,2025-03-05,2025-03-27,22,High Tempo,4,4,True,Remote/Difficult Terrain
P-001420,DEP-0004531,4,2025-04-01,2025-04-03,2025-04-26,23,High Tempo,4,4,True,Remote/Difficult Terrain
P-001420,DEP-0004532,5,2025-05-01,2025-05-04,2025-05-27,23,High Tempo,4,4,True,Remote/Difficult Terrain
P-001421,DEP-0004533,4,2025-04-01,2025-04-04,2025-04-25,21,Routine,2,1,False,Semi-Urban Outpost
P-001422,DEP-0004534,4,2025-04-01,2025-04-05,2025-04-25,20,High Tempo,4,3,True,Remote/Difficult Terrain
P-001422,DEP-0004535,5,2025-05-01,2025-05-05,2025-05-28,23,High Tempo,3,3,False,Semi-Urban Outpost
P-001422,DEP-0004536,6,2025-06-01,2025-06-03,2025-06-25,22,High Tempo,4,3,True,Remote/Difficult Terrain
P-001422,DEP-0004537,7,2025-07-01,2025-07-04,2025-07-23,19,High Tempo,3,4,True,Remote/Difficult Terrain
P-001422,DEP-0004538,8,2025-08-01,2025-08-04,2025-08-23,19,High Tempo,4,4,True,Semi-Urban Outpost
P-001423,DEP-0004539,4,2025-04-01,2025-04-03,2025-04-23,20,Routine,3,2,False,Urban Base
P-001423,DEP-0004540,5,2025-05-01,2025-05-02,2025-05-25,23,Routine,3,1,False,Semi-Urban Outpost
P-001425,DEP-0004541,6,2025-06-01,2025-06-04,2025-06-28,24,High Tempo,4,3,True,Semi-Urban Outpost
P-001425,DEP-0004542,7,2025-07-01,2025-07-04,2025-07-26,22,High Tempo,4,3,True,Semi-Urban Outpost
P-001426,DEP-0004543,6,2025-06-01,2025-06-03,2025-06-23,20,High Tempo,4,3,True,Semi-Urban Outpost
P-001426,DEP-0004544,7,2025-07-01,2025-07-05,2025-07-26,21,High Tempo,4,3,True,Semi-Urban Outpost
P-001428,DEP-0004545,6,2025-06-01,2025-06-04,2025-06-27,23,High Tempo,4,3,True,Semi-Urban Outpost
P-001428,DEP-0004546,7,2025-07-01,2025-07-05,2025-07-23,18,High Tempo,4,3,True,Semi-Urban Outpost
P-001429,DEP-0004547,4,2025-04-01,2025-04-03,2025-04-27,24,High Tempo,4,3,True,Remote/Difficult Terrain
P-001429,DEP-0004548,5,2025-05-01,2025-05-04,2025-05-24,20,High Tempo,3,3,False,Remote/Difficult Terrain
P-001429,DEP-0004549,6,2025-06-01,2025-06-04,2025-06-27,23,High Tempo,4,3,True,Semi-Urban Outpost
P-001429,DEP-0004550,7,2025-07-01,2025-07-03,2025-07-27,24,High Tempo,3,4,True,Remote/Difficult Terrain
P-001429,DEP-0004551,8,2025-08-01,2025-08-05,2025-08-24,19,High Tempo,4,3,True,Semi-Urban Outpost
P-001430,DEP-0004552,4,2025-04-01,2025-04-03,2025-04-28,25,High Tempo,5,4,True,High Altitude/Extreme
P-001430,DEP-0004553,5,2025-05-01,2025-05-03,2025-05-25,22,High Tempo,5,4,True,Remote/Difficult Terrain
P-001430,DEP-0004554,6,2025-06-01,2025-06-03,2025-06-23,20,High Tempo,5,5,True,Remote/Difficult Terrain
P-001430,DEP-0004555,7,2025-07-01,2025-07-03,2025-07-27,24,Extended,4,5,True,Remote/Difficult Terrain
P-001430,DEP-0004556,8,2025-08-01,2025-08-05,2025-08-27,22,Extended,5,4,True,Remote/Difficult Terrain
P-001430,DEP-0004557,9,2025-09-01,2025-09-04,2025-09-28,24,Extended,5,5,True,Remote/Difficult Terrain
P-001430,DEP-0004558,10,2025-10-01,2025-10-03,2025-10-26,23,Extended,4,4,True,High Altitude/Extreme
P-001430,DEP-0004559,11,2025-11-01,2025-11-02,2025-11-23,21,High Tempo,5,5,True,Remote/Difficult Terrain
P-001431,DEP-0004560,4,2025-04-01,2025-04-04,2025-04-27,23,Routine,3,1,False,Semi-Urban Outpost
P-001432,DEP-0004561,4,2025-04-01,2025-04-03,2025-04-25,22,High Tempo,4,4,True,Semi-Urban Outpost
P-001432,DEP-0004562,5,2025-05-01,2025-05-02,2025-05-25,23,High Tempo,4,3,True,Remote/Difficult Terrain
P-001432,DEP-0004563,6,2025-06-01,2025-06-02,2025-06-26,24,High Tempo,4,4,True,Remote/Difficult Terrain
P-001432,DEP-0004564,7,2025-07-01,2025-07-04,2025-07-23,19,High Tempo,4,4,True,Remote/Difficult Terrain
P-001432,DEP-0004565,8,2025-08-01,2025-08-04,2025-08-24,20,High Tempo,4,4,True,Semi-Urban Outpost
P-001434,DEP-0004566,3,2025-03-01,2025-03-03,2025-03-25,22,Extended,4,4,True,High Altitude/Extreme
P-001434,DEP-0004567,4,2025-04-01,2025-04-04,2025-04-23,19,Extended,4,5,True,High Altitude/Extreme
P-001434,DEP-0004568,5,2025-05-01,2025-05-03,2025-05-27,24,Extended,3,4,True,High Altitude/Extreme
P-001434,DEP-0004569,6,2025-06-01,2025-06-03,2025-06-23,20,Extended,4,5,True,Remote/Difficult Terrain
P-001434,DEP-0004570,7,2025-07-01,2025-07-04,2025-07-27,23,Extended,3,5,True,High Altitude/Extreme
P-001434,DEP-0004571,8,2025-08-01,2025-08-04,2025-08-27,23,Extended,3,4,True,High Altitude/Extreme
P-001434,DEP-0004572,9,2025-09-01,2025-09-04,2025-09-24,20,Extended,3,5,True,High Altitude/Extreme
P-001436,DEP-0004573,5,2025-05-01,2025-05-02,2025-05-27,25,Routine,3,2,False,Semi-Urban Outpost
P-001438,DEP-0004574,3,2025-03-01,2025-03-03,2025-03-27,24,Extended,3,5,True,High Altitude/Extreme
P-001438,DEP-0004575,4,2025-04-01,2025-04-02,2025-04-27,25,Extended,3,5,True,Remote/Difficult Terrain
P-001438,DEP-0004576,5,2025-05-01,2025-05-03,2025-05-23,20,Extended,4,5,True,High Altitude/Extreme
P-001438,DEP-0004577,6,2025-06-01,2025-06-03,2025-06-25,22,Extended,3,4,True,High Altitude/Extreme
P-001438,DEP-0004578,7,2025-07-01,2025-07-04,2025-07-28,24,Extended,3,4,True,Remote/Difficult Terrain
P-001438,DEP-0004579,8,2025-08-01,2025-08-04,2025-08-26,22,Extended,4,4,True,High Altitude/Extreme
P-001438,DEP-0004580,9,2025-09-01,2025-09-05,2025-09-24,19,Extended,3,4,True,High Altitude/Extreme
P-001439,DEP-0004581,4,2025-04-01,2025-04-04,2025-04-26,22,Routine,2,1,False,Urban Base
P-001440,DEP-0004582,3,2025-03-01,2025-03-05,2025-03-28,23,Extended,4,4,True,High Altitude/Extreme
P-001440,DEP-0004583,4,2025-04-01,2025-04-03,2025-04-23,20,Extended,4,5,True,Remote/Difficult Terrain
P-001440,DEP-0004584,5,2025-05-01,2025-05-03,2025-05-24,21,Extended,4,4,True,Remote/Difficult Terrain
P-001440,DEP-0004585,6,2025-06-01,2025-06-04,2025-06-25,21,Extended,3,4,True,High Altitude/Extreme
P-001440,DEP-0004586,7,2025-07-01,2025-07-02,2025-07-26,24,Extended,4,4,True,High Altitude/Extreme
P-001440,DEP-0004587,8,2025-08-01,2025-08-04,2025-08-26,22,Extended,3,5,True,Remote/Difficult Terrain
P-001440,DEP-0004588,9,2025-09-01,2025-09-02,2025-09-28,26,Extended,4,4,True,Remote/Difficult Terrain
P-001441,DEP-0004589,6,2025-06-01,2025-06-05,2025-06-28,23,High Tempo,4,3,True,Semi-Urban Outpost
P-001441,DEP-0004590,7,2025-07-01,2025-07-05,2025-07-23,18,High Tempo,4,3,True,Semi-Urban Outpost
P-001442,DEP-0004591,4,2025-04-01,2025-04-04,2025-04-23,19,Routine,2,1,False,Semi-Urban Outpost
P-001442,DEP-0004592,5,2025-05-01,2025-05-05,2025-05-23,18,Routine,2,1,False,Urban Base
P-001443,DEP-0004593,3,2025-03-01,2025-03-03,2025-03-26,23,Extended,3,5,True,High Altitude/Extreme
P-001443,DEP-0004594,4,2025-04-01,2025-04-05,2025-04-24,19,Extended,3,5,True,Remote/Difficult Terrain
P-001443,DEP-0004595,5,2025-05-01,2025-05-05,2025-05-28,23,Extended,3,5,True,High Altitude/Extreme
P-001443,DEP-0004596,6,2025-06-01,2025-06-05,2025-06-23,18,Extended,4,4,True,Remote/Difficult Terrain
P-001443,DEP-0004597,7,2025-07-01,2025-07-05,2025-07-24,19,Extended,4,4,True,Remote/Difficult Terrain
P-001443,DEP-0004598,8,2025-08-01,2025-08-02,2025-08-23,21,Extended,4,5,True,Remote/Difficult Terrain
P-001443,DEP-0004599,9,2025-09-01,2025-09-02,2025-09-26,24,Extended,3,4,True,Remote/Difficult Terrain
P-001444,DEP-0004600,4,2025-04-01,2025-04-02,2025-04-23,21,Routine,3,2,False,Semi-Urban Outpost
P-001445,DEP-0004601,4,2025-04-01,2025-04-05,2025-04-25,20,Extended,4,4,True,Remote/Difficult Terrain
P-001445,DEP-0004602,5,2025-05-01,2025-05-05,2025-05-24,19,Extended,5,5,True,Remote/Difficult Terrain
P-001445,DEP-0004603,6,2025-06-01,2025-06-05,2025-06-28,23,High Tempo,5,4,True,High Altitude/Extreme
P-001445,DEP-0004604,7,2025-07-01,2025-07-02,2025-07-23,21,High Tempo,5,4,True,High Altitude/Extreme
P-001445,DEP-0004605,8,2025-08-01,2025-08-05,2025-08-28,23,Extended,4,5,True,High Altitude/Extreme
P-001445,DEP-0004606,9,2025-09-01,2025-09-03,2025-09-24,21,Extended,4,5,True,High Altitude/Extreme
P-001445,DEP-0004607,10,2025-10-01,2025-10-03,2025-10-23,20,High Tempo,4,4,True,Remote/Difficult Terrain
P-001445,DEP-0004608,11,2025-11-01,2025-11-04,2025-11-27,23,Extended,5,5,True,Remote/Difficult Terrain
P-001446,DEP-0004609,4,2025-04-01,2025-04-04,2025-04-28,24,Routine,2,1,False,Semi-Urban Outpost
P-001446,DEP-0004610,5,2025-05-01,2025-05-05,2025-05-25,20,Routine,3,1,False,Semi-Urban Outpost
P-001447,DEP-0004611,3,2025-03-01,2025-03-02,2025-03-24,22,Extended,4,5,True,High Altitude/Extreme
P-001447,DEP-0004612,4,2025-04-01,2025-04-04,2025-04-25,21,Extended,4,5,True,High Altitude/Extreme
P-001447,DEP-0004613,5,2025-05-01,2025-05-04,2025-05-26,22,Extended,3,4,True,Remote/Difficult Terrain
P-001447,DEP-0004614,6,2025-06-01,2025-06-05,2025-06-26,21,Extended,3,4,True,Remote/Difficult Terrain
P-001447,DEP-0004615,7,2025-07-01,2025-07-03,2025-07-24,21,Extended,3,4,True,High Altitude/Extreme
P-001447,DEP-0004616,8,2025-08-01,2025-08-05,2025-08-23,18,Extended,3,5,True,Remote/Difficult Terrain
P-001447,DEP-0004617,9,2025-09-01,2025-09-03,2025-09-23,20,Extended,3,5,True,Remote/Difficult Terrain
P-001448,DEP-0004618,4,2025-04-01,2025-04-03,2025-04-23,20,Extended,5,5,True,High Altitude/Extreme
P-001448,DEP-0004619,5,2025-05-01,2025-05-02,2025-05-25,23,Extended,4,4,True,High Altitude/Extreme
P-001448,DEP-0004620,6,2025-06-01,2025-06-03,2025-06-25,22,Extended,5,5,True,High Altitude/Extreme
P-001448,DEP-0004621,7,2025-07-01,2025-07-02,2025-07-24,22,High Tempo,5,5,True,Remote/Difficult Terrain
P-001448,DEP-0004622,8,2025-08-01,2025-08-04,2025-08-25,21,High Tempo,4,4,True,Remote/Difficult Terrain
P-001448,DEP-0004623,9,2025-09-01,2025-09-04,2025-09-27,23,Extended,4,5,True,High Altitude/Extreme
P-001448,DEP-0004624,10,2025-10-01,2025-10-05,2025-10-28,23,Extended,4,4,True,Remote/Difficult Terrain
P-001448,DEP-0004625,11,2025-11-01,2025-11-04,2025-11-25,21,Extended,4,5,True,High Altitude/Extreme
P-001449,DEP-0004626,2,2025-02-01,2025-02-03,2025-02-23,20,High Tempo,4,4,True,Remote/Difficult Terrain
P-001449,DEP-0004627,3,2025-03-01,2025-03-04,2025-03-24,20,High Tempo,4,4,True,Remote/Difficult Terrain
P-001449,DEP-0004628,4,2025-04-01,2025-04-04,2025-04-24,20,High Tempo,4,4,True,Remote/Difficult Terrain
P-001449,DEP-0004629,5,2025-05-01,2025-05-05,2025-05-26,21,High Tempo,4,4,True,Remote/Difficult Terrain
P-001450,DEP-0004630,3,2025-03-01,2025-03-05,2025-03-24,19,Extended,3,5,True,Remote/Difficult Terrain
P-001450,DEP-0004631,4,2025-04-01,2025-04-04,2025-04-24,20,Extended,4,4,True,High Altitude/Extreme
P-001450,DEP-0004632,5,2025-05-01,2025-05-05,2025-05-25,20,Extended,3,4,True,Remote/Difficult Terrain
P-001450,DEP-0004633,6,2025-06-01,2025-06-05,2025-06-24,19,Extended,4,4,True,High Altitude/Extreme
P-001450,DEP-0004634,7,2025-07-01,2025-07-04,2025-07-23,19,Extended,4,4,True,High Altitude/Extreme
P-001450,DEP-0004635,8,2025-08-01,2025-08-04,2025-08-23,19,Extended,3,4,True,Remote/Difficult Terrain
P-001450,DEP-0004636,9,2025-09-01,2025-09-02,2025-09-27,25,Extended,4,4,True,Remote/Difficult Terrain
P-001451,DEP-0004637,4,2025-04-01,2025-04-05,2025-04-28,23,Routine,2,2,False,Urban Base
P-001451,DEP-0004638,5,2025-05-01,2025-05-04,2025-05-23,19,Routine,2,2,False,Urban Base
P-001452,DEP-0004639,4,2025-04-01,2025-04-02,2025-04-28,26,High Tempo,3,4,True,Semi-Urban Outpost
P-001452,DEP-0004640,5,2025-05-01,2025-05-02,2025-05-26,24,High Tempo,3,3,False,Remote/Difficult Terrain
P-001452,DEP-0004641,6,2025-06-01,2025-06-04,2025-06-28,24,High Tempo,4,3,True,Remote/Difficult Terrain
P-001452,DEP-0004642,7,2025-07-01,2025-07-03,2025-07-26,23,High Tempo,4,3,True,Remote/Difficult Terrain
P-001452,DEP-0004643,8,2025-08-01,2025-08-04,2025-08-27,23,High Tempo,3,3,False,Semi-Urban Outpost
P-001453,DEP-0004644,4,2025-04-01,2025-04-03,2025-04-23,20,High Tempo,4,5,True,Remote/Difficult Terrain
P-001453,DEP-0004645,5,2025-05-01,2025-05-02,2025-05-25,23,Extended,4,5,True,Remote/Difficult Terrain
P-001453,DEP-0004646,6,2025-06-01,2025-06-03,2025-06-24,21,Extended,5,5,True,Remote/Difficult Terrain
P-001453,DEP-0004647,7,2025-07-01,2025-07-05,2025-07-24,19,High Tempo,4,4,True,Remote/Difficult Terrain
P-001453,DEP-0004648,8,2025-08-01,2025-08-03,2025-08-28,25,Extended,5,4,True,High Altitude/Extreme
P-001453,DEP-0004649,9,2025-09-01,2025-09-02,2025-09-25,23,High Tempo,5,5,True,Remote/Difficult Terrain
P-001453,DEP-0004650,10,2025-10-01,2025-10-04,2025-10-23,19,Extended,5,5,True,High Altitude/Extreme
P-001453,DEP-0004651,11,2025-11-01,2025-11-02,2025-11-25,23,Extended,4,5,True,Remote/Difficult Terrain
P-001454,DEP-0004652,4,2025-04-01,2025-04-04,2025-04-25,21,High Tempo,3,3,False,Semi-Urban Outpost
P-001454,DEP-0004653,5,2025-05-01,2025-05-04,2025-05-27,23,High Tempo,4,4,True,Semi-Urban Outpost
P-001454,DEP-0004654,6,2025-06-01,2025-06-04,2025-06-28,24,High Tempo,3,4,True,Semi-Urban Outpost
P-001454,DEP-0004655,7,2025-07-01,2025-07-05,2025-07-25,20,High Tempo,3,4,True,Semi-Urban Outpost
P-001454,DEP-0004656,8,2025-08-01,2025-08-05,2025-08-23,18,High Tempo,4,4,True,Semi-Urban Outpost
P-001456,DEP-0004657,2,2025-02-01,2025-02-05,2025-02-25,20,High Tempo,4,4,True,Remote/Difficult Terrain
P-001456,DEP-0004658,3,2025-03-01,2025-03-05,2025-03-24,19,High Tempo,4,4,True,Remote/Difficult Terrain
P-001456,DEP-0004659,4,2025-04-01,2025-04-03,2025-04-27,24,High Tempo,4,4,True,Remote/Difficult Terrain
P-001456,DEP-0004660,5,2025-05-01,2025-05-03,2025-05-26,23,High Tempo,4,4,True,Remote/Difficult Terrain
P-001457,DEP-0004661,3,2025-03-01,2025-03-03,2025-03-26,23,Extended,4,4,True,Remote/Difficult Terrain
P-001457,DEP-0004662,4,2025-04-01,2025-04-05,2025-04-26,21,Extended,4,4,True,Remote/Difficult Terrain
P-001457,DEP-0004663,5,2025-05-01,2025-05-05,2025-05-26,21,Extended,3,4,True,Remote/Difficult Terrain
P-001457,DEP-0004664,6,2025-06-01,2025-06-04,2025-06-26,22,Extended,3,5,True,High Altitude/Extreme
P-001457,DEP-0004665,7,2025-07-01,2025-07-05,2025-07-24,19,Extended,4,4,True,High Altitude/Extreme
P-001457,DEP-0004666,8,2025-08-01,2025-08-05,2025-08-26,21,Extended,4,4,True,High Altitude/Extreme
P-001457,DEP-0004667,9,2025-09-01,2025-09-05,2025-09-27,22,Extended,4,5,True,Remote/Difficult Terrain
P-001458,DEP-0004668,3,2025-03-01,2025-03-03,2025-03-24,21,Extended,3,4,True,Remote/Difficult Terrain
P-001458,DEP-0004669,4,2025-04-01,2025-04-05,2025-04-23,18,Extended,3,5,True,High Altitude/Extreme
P-001458,DEP-0004670,5,2025-05-01,2025-05-03,2025-05-27,24,Extended,4,5,True,High Altitude/Extreme
P-001458,DEP-0004671,6,2025-06-01,2025-06-04,2025-06-26,22,Extended,3,5,True,Remote/Difficult Terrain
P-001458,DEP-0004672,7,2025-07-01,2025-07-02,2025-07-26,24,Extended,4,4,True,High Altitude/Extreme
P-001458,DEP-0004673,8,2025-08-01,2025-08-03,2025-08-25,22,Extended,4,5,True,Remote/Difficult Terrain
P-001458,DEP-0004674,9,2025-09-01,2025-09-04,2025-09-23,19,Extended,4,4,True,High Altitude/Extreme
P-001459,DEP-0004675,4,2025-04-01,2025-04-03,2025-04-24,21,Routine,2,1,False,Urban Base
P-001459,DEP-0004676,5,2025-05-01,2025-05-03,2025-05-23,20,Routine,2,1,False,Semi-Urban Outpost
P-001460,DEP-0004677,3,2025-03-01,2025-03-04,2025-03-25,21,Extended,4,5,True,Remote/Difficult Terrain
P-001460,DEP-0004678,4,2025-04-01,2025-04-05,2025-04-25,20,Extended,3,4,True,Remote/Difficult Terrain
P-001460,DEP-0004679,5,2025-05-01,2025-05-05,2025-05-28,23,Extended,3,4,True,High Altitude/Extreme
P-001460,DEP-0004680,6,2025-06-01,2025-06-04,2025-06-28,24,Extended,4,4,True,High Altitude/Extreme
P-001460,DEP-0004681,7,2025-07-01,2025-07-02,2025-07-24,22,Extended,3,4,True,Remote/Difficult Terrain
P-001460,DEP-0004682,8,2025-08-01,2025-08-02,2025-08-24,22,Extended,3,4,True,Remote/Difficult Terrain
P-001460,DEP-0004683,9,2025-09-01,2025-09-03,2025-09-27,24,Extended,4,4,True,High Altitude/Extreme
P-001461,DEP-0004684,5,2025-05-01,2025-05-03,2025-05-25,22,Routine,2,1,False,Semi-Urban Outpost
P-001462,DEP-0004685,3,2025-03-01,2025-03-04,2025-03-27,23,Extended,3,4,True,High Altitude/Extreme
P-001462,DEP-0004686,4,2025-04-01,2025-04-05,2025-04-27,22,Extended,3,5,True,Remote/Difficult Terrain
P-001462,DEP-0004687,5,2025-05-01,2025-05-05,2025-05-25,20,Extended,3,4,True,High Altitude/Extreme
P-001462,DEP-0004688,6,2025-06-01,2025-06-05,2025-06-23,18,Extended,4,5,True,Remote/Difficult Terrain
P-001462,DEP-0004689,7,2025-07-01,2025-07-02,2025-07-26,24,Extended,4,4,True,High Altitude/Extreme
P-001462,DEP-0004690,8,2025-08-01,2025-08-02,2025-08-27,25,Extended,4,4,True,Remote/Difficult Terrain
P-001462,DEP-0004691,9,2025-09-01,2025-09-03,2025-09-27,24,Extended,3,4,True,Remote/Difficult Terrain
P-001464,DEP-0004692,3,2025-03-01,2025-03-03,2025-03-26,23,Extended,3,5,True,Remote/Difficult Terrain
P-001464,DEP-0004693,4,2025-04-01,2025-04-04,2025-04-27,23,Extended,3,4,True,Remote/Difficult Terrain
P-001464,DEP-0004694,5,2025-05-01,2025-05-05,2025-05-27,22,Extended,3,4,True,High Altitude/Extreme
P-001464,DEP-0004695,6,2025-06-01,2025-06-04,2025-06-23,19,Extended,3,4,True,Remote/Difficult Terrain
P-001464,DEP-0004696,7,2025-07-01,2025-07-03,2025-07-26,23,Extended,4,5,True,High Altitude/Extreme
P-001464,DEP-0004697,8,2025-08-01,2025-08-04,2025-08-24,20,Extended,4,5,True,High Altitude/Extreme
P-001464,DEP-0004698,9,2025-09-01,2025-09-05,2025-09-26,21,Extended,3,4,True,Remote/Difficult Terrain
P-001465,DEP-0004699,6,2025-06-01,2025-06-04,2025-06-24,20,High Tempo,4,3,True,Semi-Urban Outpost
P-001465,DEP-0004700,7,2025-07-01,2025-07-04,2025-07-28,24,High Tempo,4,3,True,Semi-Urban Outpost
P-001467,DEP-0004701,6,2025-06-01,2025-06-03,2025-06-24,21,High Tempo,4,3,True,Semi-Urban Outpost
P-001467,DEP-0004702,7,2025-07-01,2025-07-03,2025-07-24,21,High Tempo,4,3,True,Semi-Urban Outpost
P-001468,DEP-0004703,4,2025-04-01,2025-04-04,2025-04-26,22,Routine,3,2,False,Semi-Urban Outpost
P-001469,DEP-0004704,2,2025-02-01,2025-02-04,2025-02-25,21,High Tempo,4,4,True,Remote/Difficult Terrain
P-001469,DEP-0004705,3,2025-03-01,2025-03-02,2025-03-25,23,High Tempo,4,4,True,Remote/Difficult Terrain
P-001469,DEP-0004706,4,2025-04-01,2025-04-03,2025-04-26,23,High Tempo,4,4,True,Remote/Difficult Terrain
P-001469,DEP-0004707,5,2025-05-01,2025-05-04,2025-05-25,21,High Tempo,4,4,True,Remote/Difficult Terrain
P-001470,DEP-0004708,4,2025-04-01,2025-04-02,2025-04-27,25,High Tempo,5,5,True,High Altitude/Extreme
P-001470,DEP-0004709,5,2025-05-01,2025-05-05,2025-05-27,22,High Tempo,4,5,True,Remote/Difficult Terrain
P-001470,DEP-0004710,6,2025-06-01,2025-06-02,2025-06-27,25,High Tempo,4,4,True,High Altitude/Extreme
P-001470,DEP-0004711,7,2025-07-01,2025-07-05,2025-07-24,19,High Tempo,5,4,True,High Altitude/Extreme
P-001470,DEP-0004712,8,2025-08-01,2025-08-04,2025-08-25,21,Extended,4,5,True,Remote/Difficult Terrain
P-001470,DEP-0004713,9,2025-09-01,2025-09-05,2025-09-26,21,High Tempo,5,4,True,High Altitude/Extreme
P-001470,DEP-0004714,10,2025-10-01,2025-10-02,2025-10-26,24,Extended,5,5,True,Remote/Difficult Terrain
P-001470,DEP-0004715,11,2025-11-01,2025-11-04,2025-11-28,24,Extended,5,5,True,High Altitude/Extreme
